focal_id,pub_year,delay_year,home,foreign,unknown
https://openalex.org/W122671926,1999,0,0,0,1
https://openalex.org/W127958452,1999,11,10,10,0
https://openalex.org/W134252754,1999,9,1,12,7
https://openalex.org/W1481578427,1999,2,1,2,0
https://openalex.org/W1481894647,1999,0,4,3,1
https://openalex.org/W1484223719,1999,0,5,0,0
https://openalex.org/W1487783502,1999,0,17,2,5
https://openalex.org/W1488186435,1999,6,13,1,1
https://openalex.org/W1491327455,1999,1,0,1,1
https://openalex.org/W1493392221,1999,0,0,3,0
https://openalex.org/W1496893605,1999,6,9,14,5
https://openalex.org/W1499585603,1999,0,4,0,1
https://openalex.org/W1500063656,1999,0,1,0,0
https://openalex.org/W1500387408,1999,0,0,0,2
https://openalex.org/W1501323942,1999,0,2,3,0
https://openalex.org/W1503778604,1999,0,2,2,0
https://openalex.org/W1504067081,1999,0,1,1,1
https://openalex.org/W1504109566,1999,0,2,3,3
https://openalex.org/W1506126356,1999,5,6,2,0
https://openalex.org/W1507049374,1999,0,1,2,0
https://openalex.org/W1508235409,1999,1,0,0,1
https://openalex.org/W1513081937,1999,0,4,1,0
https://openalex.org/W1514545135,1999,0,5,1,1
https://openalex.org/W1517942956,1999,0,5,0,0
https://openalex.org/W1518237432,1999,0,17,17,4
https://openalex.org/W1519452692,1999,10,12,4,5
https://openalex.org/W1523109231,1999,0,2,1,0
https://openalex.org/W1524206411,1999,0,9,2,1
https://openalex.org/W1530343546,1999,1,3,0,0
https://openalex.org/W1531153384,1999,0,8,4,0
https://openalex.org/W1531347441,1999,0,12,8,0
https://openalex.org/W1533978004,1999,0,0,2,0
https://openalex.org/W1535502972,1999,0,0,1,0
https://openalex.org/W1543488641,1999,0,3,1,0
https://openalex.org/W1546973712,1999,0,1,1,0
https://openalex.org/W1551067740,1999,0,6,1,1
https://openalex.org/W1552715661,1999,0,6,3,0
https://openalex.org/W1554828773,1999,5,8,1,3
https://openalex.org/W1556287528,1999,4,23,3,1
https://openalex.org/W1556767293,1999,0,1,1,0
https://openalex.org/W1557306790,1999,0,0,1,0
https://openalex.org/W1561577657,1999,0,5,0,0
https://openalex.org/W1561635925,1999,0,5,0,3
https://openalex.org/W1561799423,1999,1,0,1,0
https://openalex.org/W1561864154,1999,4,1,3,0
https://openalex.org/W1563057046,1999,0,0,1,3
https://openalex.org/W1564105795,1999,0,4,3,0
https://openalex.org/W1573506759,1999,0,1,1,0
https://openalex.org/W1574013347,1999,0,8,7,2
https://openalex.org/W1575703057,1999,0,9,0,0
https://openalex.org/W1577197842,1999,1,0,1,0
https://openalex.org/W1581690424,1999,0,1,2,0
https://openalex.org/W1597146316,1999,0,0,0,2
https://openalex.org/W1597852827,1999,0,8,1,0
https://openalex.org/W1598081119,1999,0,16,0,0
https://openalex.org/W1601968785,1999,0,4,0,1
https://openalex.org/W1602115141,1999,0,12,1,3
https://openalex.org/W1605081654,1999,0,46,14,4
https://openalex.org/W1605607589,1999,4,8,6,0
https://openalex.org/W1605797441,1999,0,0,1,0
https://openalex.org/W1607870159,1999,0,1,2,0
https://openalex.org/W1612675994,1999,0,4,0,0
https://openalex.org/W1615571572,1999,0,1,0,0
https://openalex.org/W1616145861,1999,0,1,0,0
https://openalex.org/W1617446374,1999,1,2,7,0
https://openalex.org/W1620696900,1999,1,1,1,0
https://openalex.org/W1621380484,1999,0,1,1,1
https://openalex.org/W1622629506,1999,0,0,1,0
https://openalex.org/W1630607085,1999,3,8,3,2
https://openalex.org/W1632897666,1999,0,21,7,2
https://openalex.org/W1633496307,1999,2,5,3,0
https://openalex.org/W1636243575,1999,0,8,0,0
https://openalex.org/W1637753138,1999,0,5,0,1
https://openalex.org/W1638533794,1999,8,20,5,0
https://openalex.org/W1639698584,1999,4,0,0,13
https://openalex.org/W1640497277,1999,0,3,0,0
https://openalex.org/W1642044419,1999,0,5,7,0
https://openalex.org/W1643536362,1999,0,2,7,0
https://openalex.org/W1644723172,1999,0,1,3,0
https://openalex.org/W1644775552,1999,8,0,2,1
https://openalex.org/W1647397559,1999,2,0,1,0
https://openalex.org/W1651383165,1999,0,1,1,0
https://openalex.org/W1652728081,1999,0,7,0,0
https://openalex.org/W1655551324,1999,0,2,0,0
https://openalex.org/W1658056060,1999,0,4,1,0
https://openalex.org/W1662000580,1999,6,19,6,1
https://openalex.org/W1666727994,1999,1,8,3,1
https://openalex.org/W1668534313,1999,0,2,0,0
https://openalex.org/W1671512723,1999,0,0,1,0
https://openalex.org/W1671671082,1999,1,4,1,0
https://openalex.org/W1672001736,1999,0,3,0,0
https://openalex.org/W1672972456,1999,1,1,1,1
https://openalex.org/W1673508942,1999,0,2,1,0
https://openalex.org/W1682777897,1999,4,39,30,3
https://openalex.org/W1727253258,1999,0,6,0,0
https://openalex.org/W1758948713,1999,0,1,1,0
https://openalex.org/W1762118141,1999,3,12,1,2
https://openalex.org/W1765533502,1999,0,1,2,2
https://openalex.org/W1774200817,1999,3,5,2,1
https://openalex.org/W1792448484,1999,0,2,0,8
https://openalex.org/W1832206246,1999,0,3,0,2
https://openalex.org/W1850356021,1999,4,8,2,2
https://openalex.org/W1859454870,1999,2,7,4,2
https://openalex.org/W188839125,1999,0,3,1,0
https://openalex.org/W1941737991,1999,0,1,0,0
https://openalex.org/W1944419244,1999,0,9,2,2
https://openalex.org/W1945478703,1999,0,2,0,0
https://openalex.org/W1963322946,1999,0,2,1,0
https://openalex.org/W1963484142,1999,0,0,3,0
https://openalex.org/W1963492608,1999,0,5,0,0
https://openalex.org/W1963496985,1999,1,1,5,0
https://openalex.org/W1963551207,1999,0,21,1,1
https://openalex.org/W1963559984,1999,0,1,1,1
https://openalex.org/W1963565156,1999,3,5,6,1
https://openalex.org/W1963567500,1999,1,4,0,1
https://openalex.org/W1963588865,1999,12,7,2,21
https://openalex.org/W1963599983,1999,0,3,0,0
https://openalex.org/W1963620933,1999,0,6,1,0
https://openalex.org/W1963624488,1999,0,0,1,0
https://openalex.org/W1963632007,1999,0,1,1,0
https://openalex.org/W1963649172,1999,0,0,1,0
https://openalex.org/W1963665155,1999,1,7,0,1
https://openalex.org/W1963736023,1999,0,6,2,2
https://openalex.org/W1963745033,1999,2,2,4,1
https://openalex.org/W1963778709,1999,0,2,1,3
https://openalex.org/W1963781028,1999,9,8,0,1
https://openalex.org/W1963803682,1999,1,3,0,2
https://openalex.org/W1963907898,1999,5,1,2,1
https://openalex.org/W1963955043,1999,0,5,1,0
https://openalex.org/W1963967969,1999,0,1,1,0
https://openalex.org/W1963993457,1999,0,3,3,0
https://openalex.org/W1964073228,1999,9,4,1,0
https://openalex.org/W1964084524,1999,5,8,1,3
https://openalex.org/W1964084669,1999,0,1,2,0
https://openalex.org/W1964102459,1999,0,1,2,0
https://openalex.org/W1964187495,1999,0,2,1,1
https://openalex.org/W1964269273,1999,0,1,1,0
https://openalex.org/W1964293872,1999,0,0,1,0
https://openalex.org/W1964354943,1999,1,1,2,0
https://openalex.org/W1964366427,1999,0,4,1,0
https://openalex.org/W1964377146,1999,0,4,0,1
https://openalex.org/W1964419874,1999,8,4,14,1
https://openalex.org/W1964442184,1999,0,4,0,0
https://openalex.org/W1964444701,1999,0,0,1,0
https://openalex.org/W1964535110,1999,1,1,0,0
https://openalex.org/W1964545319,1999,0,7,0,0
https://openalex.org/W1964569497,1999,2,0,0,1
https://openalex.org/W1964571442,1999,5,3,2,0
https://openalex.org/W1964610880,1999,2,5,3,0
https://openalex.org/W1964641556,1999,7,5,11,0
https://openalex.org/W1964790783,1999,0,15,0,0
https://openalex.org/W1964804916,1999,1,3,1,11
https://openalex.org/W1964831499,1999,1,1,0,0
https://openalex.org/W1964840749,1999,0,8,0,0
https://openalex.org/W1964853668,1999,0,1,0,0
https://openalex.org/W1964857622,1999,3,3,4,1
https://openalex.org/W1964867641,1999,1,3,0,0
https://openalex.org/W1964892105,1999,0,0,0,1
https://openalex.org/W1964958132,1999,0,6,1,0
https://openalex.org/W1964964140,1999,0,3,0,1
https://openalex.org/W1965024946,1999,0,0,1,1
https://openalex.org/W1965144649,1999,1,9,3,2
https://openalex.org/W1965200594,1999,0,0,2,0
https://openalex.org/W1965209189,1999,5,0,0,1
https://openalex.org/W1965209243,1999,7,2,3,0
https://openalex.org/W1965213474,1999,2,2,2,2
https://openalex.org/W1965266149,1999,0,3,2,2
https://openalex.org/W1965304117,1999,2,42,21,2
https://openalex.org/W1965339507,1999,3,13,5,0
https://openalex.org/W1965353800,1999,5,5,4,7
https://openalex.org/W1965358511,1999,4,1,12,0
https://openalex.org/W1965362530,1999,0,0,0,1
https://openalex.org/W1965404111,1999,11,10,1,1
https://openalex.org/W1965405730,1999,0,3,0,1
https://openalex.org/W1965481158,1999,0,5,1,0
https://openalex.org/W1965500893,1999,1,3,2,0
https://openalex.org/W1965517396,1999,0,2,4,0
https://openalex.org/W1965609529,1999,2,2,0,0
https://openalex.org/W1965628052,1999,0,2,0,1
https://openalex.org/W1965635863,1999,0,1,2,0
https://openalex.org/W1965660654,1999,0,14,0,1
https://openalex.org/W1965671703,1999,0,0,2,0
https://openalex.org/W1965682018,1999,0,2,0,0
https://openalex.org/W1965682282,1999,0,0,1,5
https://openalex.org/W1965697963,1999,5,5,0,0
https://openalex.org/W1965735368,1999,1,4,1,0
https://openalex.org/W1965790121,1999,0,1,4,3
https://openalex.org/W1965850246,1999,0,17,3,1
https://openalex.org/W1965866647,1999,0,2,4,1
https://openalex.org/W1965875150,1999,0,4,0,0
https://openalex.org/W1965879234,1999,0,4,1,0
https://openalex.org/W1965924634,1999,0,2,1,0
https://openalex.org/W1965938372,1999,0,5,1,0
https://openalex.org/W1965949558,1999,0,0,1,0
https://openalex.org/W1965967433,1999,0,3,0,2
https://openalex.org/W1965979526,1999,0,0,1,0
https://openalex.org/W1966013738,1999,0,1,0,0
https://openalex.org/W1966030204,1999,0,2,1,0
https://openalex.org/W1966048100,1999,0,7,0,2
https://openalex.org/W1966088952,1999,0,0,0,2
https://openalex.org/W1966108974,1999,3,8,6,0
https://openalex.org/W1966109541,1999,0,0,4,0
https://openalex.org/W1966118057,1999,0,10,14,1
https://openalex.org/W1966160034,1999,0,0,1,1
https://openalex.org/W1966186287,1999,0,4,11,6
https://openalex.org/W1966310524,1999,2,7,3,0
https://openalex.org/W1966316751,1999,7,18,3,2
https://openalex.org/W1966326280,1999,0,2,3,2
https://openalex.org/W1966426973,1999,0,33,11,4
https://openalex.org/W1966481202,1999,0,0,1,0
https://openalex.org/W1966488329,1999,1,9,0,0
https://openalex.org/W1966514141,1999,0,0,1,1
https://openalex.org/W1966587655,1999,0,7,0,2
https://openalex.org/W1966610157,1999,6,1,1,0
https://openalex.org/W1966617993,1999,0,1,0,2
https://openalex.org/W1966660696,1999,2,2,0,0
https://openalex.org/W1966677355,1999,0,2,0,0
https://openalex.org/W1966697286,1999,4,5,3,0
https://openalex.org/W1966725186,1999,0,9,1,0
https://openalex.org/W1966734616,1999,0,5,4,0
https://openalex.org/W1966745207,1999,2,1,6,0
https://openalex.org/W1966762305,1999,0,2,2,1
https://openalex.org/W1966772391,1999,0,3,2,0
https://openalex.org/W1966827777,1999,7,1,1,2
https://openalex.org/W1966832878,1999,0,5,1,0
https://openalex.org/W1966877621,1999,0,5,0,4
https://openalex.org/W1966908324,1999,6,8,3,1
https://openalex.org/W1966934656,1999,0,2,1,4
https://openalex.org/W1966936688,1999,0,0,1,4
https://openalex.org/W1966967466,1999,0,2,0,0
https://openalex.org/W1966992046,1999,0,1,0,0
https://openalex.org/W1966999885,1999,0,2,0,0
https://openalex.org/W1967017588,1999,3,0,1,1
https://openalex.org/W1967082230,1999,0,3,0,0
https://openalex.org/W1967117100,1999,4,2,7,0
https://openalex.org/W1967172709,1999,0,3,0,0
https://openalex.org/W1967194847,1999,2,28,9,1
https://openalex.org/W1967206698,1999,0,10,1,1
https://openalex.org/W1967211479,1999,0,4,3,0
https://openalex.org/W1967214656,1999,8,20,16,1
https://openalex.org/W1967216849,1999,0,9,0,0
https://openalex.org/W1967318723,1999,5,1,6,0
https://openalex.org/W1967328334,1999,0,16,2,3
https://openalex.org/W1967357379,1999,0,2,3,0
https://openalex.org/W1967358596,1999,0,2,0,0
https://openalex.org/W1967389260,1999,3,3,2,4
https://openalex.org/W1967399501,1999,0,0,10,1
https://openalex.org/W1967434767,1999,6,0,6,4
https://openalex.org/W1967457727,1999,0,1,0,0
https://openalex.org/W1967559392,1999,3,41,30,8
https://openalex.org/W1967566874,1999,0,1,3,1
https://openalex.org/W1967567132,1999,0,4,0,0
https://openalex.org/W1967603475,1999,3,6,5,0
https://openalex.org/W1967711837,1999,1,2,0,0
https://openalex.org/W1967713707,1999,0,2,1,2
https://openalex.org/W1967753484,1999,0,1,0,0
https://openalex.org/W1967759704,1999,2,1,0,0
https://openalex.org/W1967791499,1999,0,1,4,1
https://openalex.org/W1967808271,1999,0,4,0,0
https://openalex.org/W1967838798,1999,0,2,2,0
https://openalex.org/W1967860021,1999,2,3,13,0
https://openalex.org/W1967868681,1999,11,69,10,11
https://openalex.org/W1967870839,1999,0,4,0,0
https://openalex.org/W1967871577,1999,0,1,3,0
https://openalex.org/W1967877328,1999,3,1,0,1
https://openalex.org/W1967887529,1999,1,3,0,0
https://openalex.org/W1967890011,1999,1,5,0,0
https://openalex.org/W1967911129,1999,1,1,2,0
https://openalex.org/W1967936211,1999,12,3,6,0
https://openalex.org/W1967938778,1999,4,3,1,0
https://openalex.org/W1968032851,1999,4,3,2,4
https://openalex.org/W1968045276,1999,0,2,2,0
https://openalex.org/W1968083145,1999,4,1,5,1
https://openalex.org/W1968101292,1999,0,4,1,0
https://openalex.org/W1968116231,1999,12,14,7,8
https://openalex.org/W1968146791,1999,1,1,3,0
https://openalex.org/W1968169287,1999,0,6,5,0
https://openalex.org/W1968193648,1999,0,3,3,0
https://openalex.org/W1968224167,1999,0,10,4,1
https://openalex.org/W1968259389,1999,5,9,11,0
https://openalex.org/W1968313117,1999,0,1,1,0
https://openalex.org/W1968377342,1999,0,1,2,0
https://openalex.org/W1968414648,1999,0,1,1,1
https://openalex.org/W1968425016,1999,0,2,0,0
https://openalex.org/W1968433406,1999,1,2,0,0
https://openalex.org/W1968456381,1999,10,0,5,0
https://openalex.org/W1968464829,1999,0,2,0,0
https://openalex.org/W1968481592,1999,0,3,2,0
https://openalex.org/W1968551717,1999,2,4,8,1
https://openalex.org/W1968595720,1999,0,8,2,0
https://openalex.org/W1968612328,1999,7,9,3,1
https://openalex.org/W1968653259,1999,0,0,4,1
https://openalex.org/W1968660621,1999,0,0,1,0
https://openalex.org/W1968660633,1999,0,0,2,0
https://openalex.org/W1968694530,1999,3,3,3,0
https://openalex.org/W1968699120,1999,0,1,0,2
https://openalex.org/W1968706087,1999,0,0,1,0
https://openalex.org/W1968767606,1999,0,1,0,0
https://openalex.org/W1968807778,1999,0,6,2,0
https://openalex.org/W1968823612,1999,0,0,1,0
https://openalex.org/W1968833398,1999,5,0,0,2
https://openalex.org/W1968907873,1999,0,2,5,0
https://openalex.org/W1969020713,1999,0,1,0,0
https://openalex.org/W1969089298,1999,2,4,0,0
https://openalex.org/W1969094125,1999,1,3,0,0
https://openalex.org/W1969118064,1999,0,7,0,1
https://openalex.org/W1969121031,1999,0,2,2,0
https://openalex.org/W1969124121,1999,0,0,1,0
https://openalex.org/W1969130686,1999,1,3,0,0
https://openalex.org/W1969149691,1999,0,3,0,0
https://openalex.org/W1969195006,1999,0,19,3,0
https://openalex.org/W1969212519,1999,1,10,0,0
https://openalex.org/W1969228631,1999,8,3,1,1
https://openalex.org/W1969258694,1999,1,4,2,1
https://openalex.org/W1969303060,1999,2,10,6,0
https://openalex.org/W1969343356,1999,12,172,132,33
https://openalex.org/W1969357112,1999,7,111,30,4
https://openalex.org/W1969383632,1999,0,8,2,0
https://openalex.org/W1969384804,1999,1,5,2,2
https://openalex.org/W1969394007,1999,0,0,1,0
https://openalex.org/W1969399772,1999,3,1,3,0
https://openalex.org/W1969449013,1999,5,0,1,0
https://openalex.org/W1969449648,1999,3,1,0,0
https://openalex.org/W1969539103,1999,0,6,1,4
https://openalex.org/W1969550228,1999,0,1,0,0
https://openalex.org/W1969551906,1999,1,1,4,0
https://openalex.org/W1969553134,1999,2,2,7,1
https://openalex.org/W1969606203,1999,0,5,0,0
https://openalex.org/W1969646575,1999,0,5,0,0
https://openalex.org/W1969658303,1999,1,3,6,0
https://openalex.org/W1969675492,1999,1,1,0,2
https://openalex.org/W1969678081,1999,0,3,0,0
https://openalex.org/W1969699444,1999,7,1,12,0
https://openalex.org/W1969715029,1999,0,2,6,0
https://openalex.org/W1969716801,1999,0,2,2,2
https://openalex.org/W1969718295,1999,0,5,1,0
https://openalex.org/W1969721153,1999,0,26,12,0
https://openalex.org/W1969788064,1999,4,5,2,0
https://openalex.org/W1969808180,1999,0,8,0,0
https://openalex.org/W1969845509,1999,1,1,3,0
https://openalex.org/W1969846081,1999,0,1,0,0
https://openalex.org/W1969925233,1999,1,0,0,1
https://openalex.org/W1969931352,1999,6,2,1,3
https://openalex.org/W1969942509,1999,0,4,1,0
https://openalex.org/W1970010642,1999,0,2,1,0
https://openalex.org/W1970029358,1999,1,4,0,0
https://openalex.org/W1970079699,1999,0,1,0,0
https://openalex.org/W1970086883,1999,0,0,1,0
https://openalex.org/W1970160885,1999,4,2,1,1
https://openalex.org/W1970182620,1999,8,53,13,14
https://openalex.org/W1970200102,1999,2,132,58,16
https://openalex.org/W1970253007,1999,0,1,0,0
https://openalex.org/W1970347807,1999,4,2,1,0
https://openalex.org/W1970367314,1999,12,18,5,5
https://openalex.org/W1970421903,1999,12,12,27,0
https://openalex.org/W1970433491,1999,0,1,0,0
https://openalex.org/W1970455348,1999,0,2,1,0
https://openalex.org/W1970464751,1999,0,1,0,0
https://openalex.org/W1970497891,1999,0,0,2,0
https://openalex.org/W1970535728,1999,9,53,19,3
https://openalex.org/W1970536274,1999,2,1,0,0
https://openalex.org/W1970539680,1999,3,9,5,1
https://openalex.org/W1970546531,1999,1,3,0,0
https://openalex.org/W1970549650,1999,0,2,0,0
https://openalex.org/W1970559022,1999,1,9,0,0
https://openalex.org/W1970562776,1999,8,7,0,3
https://openalex.org/W1970693374,1999,0,1,0,0
https://openalex.org/W1970696606,1999,0,1,0,0
https://openalex.org/W1970769106,1999,0,1,0,1
https://openalex.org/W1970779045,1999,4,3,1,0
https://openalex.org/W1970795384,1999,0,1,2,0
https://openalex.org/W1970797616,1999,0,1,1,2
https://openalex.org/W1970801118,1999,0,13,4,1
https://openalex.org/W1970809929,1999,0,5,3,0
https://openalex.org/W1970838523,1999,1,1,6,0
https://openalex.org/W1970852099,1999,5,6,5,0
https://openalex.org/W1970895931,1999,0,1,0,1
https://openalex.org/W1970952302,1999,0,8,1,0
https://openalex.org/W1970985350,1999,0,7,3,1
https://openalex.org/W1971007039,1999,0,3,0,1
https://openalex.org/W1971027293,1999,0,3,2,0
https://openalex.org/W1971028528,1999,0,6,1,11
https://openalex.org/W1971089320,1999,6,1,4,0
https://openalex.org/W1971091204,1999,12,1,9,2
https://openalex.org/W1971150657,1999,0,3,1,0
https://openalex.org/W1971186180,1999,0,1,2,2
https://openalex.org/W1971261802,1999,0,1,2,0
https://openalex.org/W1971275001,1999,0,1,2,1
https://openalex.org/W1971295278,1999,7,1,13,4
https://openalex.org/W1971326490,1999,0,4,1,0
https://openalex.org/W1971345200,1999,0,11,4,0
https://openalex.org/W1971362453,1999,12,20,12,0
https://openalex.org/W1971510627,1999,0,2,3,2
https://openalex.org/W1971518674,1999,0,3,1,0
https://openalex.org/W1971526907,1999,1,1,0,1
https://openalex.org/W1971549129,1999,0,4,1,0
https://openalex.org/W1971564995,1999,0,2,2,0
https://openalex.org/W1971599305,1999,0,0,2,0
https://openalex.org/W1971620206,1999,0,4,1,1
https://openalex.org/W1971620993,1999,0,3,1,0
https://openalex.org/W1971636413,1999,2,5,2,1
https://openalex.org/W1971644163,1999,1,0,3,1
https://openalex.org/W1971654146,1999,2,7,0,0
https://openalex.org/W1971657495,1999,0,10,6,5
https://openalex.org/W1971699390,1999,1,9,1,1
https://openalex.org/W1971753097,1999,5,4,1,0
https://openalex.org/W1971815144,1999,0,0,3,1
https://openalex.org/W1971904630,1999,3,4,3,1
https://openalex.org/W1971931968,1999,0,14,6,0
https://openalex.org/W1971937324,1999,0,2,4,2
https://openalex.org/W1971960850,1999,0,5,0,3
https://openalex.org/W1971974173,1999,0,1,2,0
https://openalex.org/W1971980809,1999,0,6,3,0
https://openalex.org/W1971988755,1999,0,0,2,0
https://openalex.org/W1972006000,1999,6,26,14,0
https://openalex.org/W1972016292,1999,0,2,4,6
https://openalex.org/W1972034421,1999,2,2,2,1
https://openalex.org/W1972036934,1999,2,13,8,1
https://openalex.org/W1972100685,1999,0,1,2,1
https://openalex.org/W1972127537,1999,1,3,0,0
https://openalex.org/W1972146301,1999,8,41,10,3
https://openalex.org/W1972149097,1999,0,1,0,0
https://openalex.org/W1972167534,1999,0,2,1,0
https://openalex.org/W1972229039,1999,1,2,1,0
https://openalex.org/W1972243589,1999,0,6,0,1
https://openalex.org/W1972285701,1999,0,3,0,0
https://openalex.org/W1972335349,1999,1,0,2,0
https://openalex.org/W1972335888,1999,0,10,11,3
https://openalex.org/W1972376509,1999,0,2,1,3
https://openalex.org/W1972396253,1999,2,3,3,3
https://openalex.org/W1972447629,1999,5,21,5,1
https://openalex.org/W1972466116,1999,3,0,0,1
https://openalex.org/W1972503019,1999,0,5,1,0
https://openalex.org/W1972507330,1999,0,1,2,0
https://openalex.org/W1972511947,1999,2,0,4,0
https://openalex.org/W1972565162,1999,1,6,5,4
https://openalex.org/W1972567364,1999,2,0,1,2
https://openalex.org/W1972574989,1999,2,4,4,1
https://openalex.org/W1972580339,1999,0,18,1,0
https://openalex.org/W1972590179,1999,5,4,18,2
https://openalex.org/W1972626596,1999,2,2,0,0
https://openalex.org/W1972771336,1999,0,3,0,0
https://openalex.org/W1972801619,1999,0,9,16,4
https://openalex.org/W1972827971,1999,2,2,10,0
https://openalex.org/W1972854321,1999,0,1,1,0
https://openalex.org/W1972855901,1999,1,4,0,0
https://openalex.org/W1972858892,1999,0,2,3,0
https://openalex.org/W1972902151,1999,3,4,4,2
https://openalex.org/W1972930776,1999,1,6,2,1
https://openalex.org/W1972941171,1999,3,11,0,2
https://openalex.org/W1972948468,1999,4,1,1,0
https://openalex.org/W1972993330,1999,0,4,1,0
https://openalex.org/W1972993579,1999,1,4,3,0
https://openalex.org/W1973021731,1999,0,8,4,0
https://openalex.org/W1973076385,1999,5,5,3,0
https://openalex.org/W1973087796,1999,1,1,1,1
https://openalex.org/W1973119625,1999,0,3,1,0
https://openalex.org/W1973175826,1999,0,4,2,1
https://openalex.org/W1973235002,1999,0,3,0,0
https://openalex.org/W1973282178,1999,0,6,1,0
https://openalex.org/W1973286276,1999,0,1,2,0
https://openalex.org/W1973301822,1999,1,18,7,5
https://openalex.org/W1973310742,1999,0,2,1,0
https://openalex.org/W1973329039,1999,4,7,4,0
https://openalex.org/W1973341684,1999,7,7,0,0
https://openalex.org/W1973397599,1999,0,3,0,0
https://openalex.org/W1973410400,1999,0,7,1,1
https://openalex.org/W1973412507,1999,0,1,1,0
https://openalex.org/W1973425026,1999,0,1,0,0
https://openalex.org/W1973448474,1999,4,12,0,0
https://openalex.org/W1973480726,1999,0,9,4,0
https://openalex.org/W1973564135,1999,2,7,12,3
https://openalex.org/W1973591992,1999,1,1,3,0
https://openalex.org/W1973607098,1999,0,2,0,0
https://openalex.org/W1973635352,1999,0,5,0,0
https://openalex.org/W1973703822,1999,0,1,4,0
https://openalex.org/W1973731399,1999,0,1,1,1
https://openalex.org/W1973740684,1999,0,3,3,5
https://openalex.org/W1973769376,1999,3,4,32,13
https://openalex.org/W1973807905,1999,8,9,1,1
https://openalex.org/W1973833590,1999,2,7,7,0
https://openalex.org/W1973846615,1999,0,8,28,2
https://openalex.org/W1973872836,1999,0,1,1,1
https://openalex.org/W1973872848,1999,0,0,0,2
https://openalex.org/W1973903382,1999,5,5,3,1
https://openalex.org/W1973920374,1999,3,26,25,3
https://openalex.org/W1973936396,1999,0,5,2,0
https://openalex.org/W1973947363,1999,1,2,1,0
https://openalex.org/W1973978512,1999,5,1,2,0
https://openalex.org/W1973998125,1999,2,23,9,0
https://openalex.org/W1974071987,1999,1,13,13,2
https://openalex.org/W1974087741,1999,10,2,4,2
https://openalex.org/W1974161519,1999,6,3,3,0
https://openalex.org/W1974174138,1999,6,8,4,2
https://openalex.org/W1974201542,1999,0,1,1,0
https://openalex.org/W1974228796,1999,0,2,1,0
https://openalex.org/W1974232509,1999,0,3,0,1
https://openalex.org/W1974316862,1999,5,2,0,0
https://openalex.org/W1974349831,1999,3,17,6,2
https://openalex.org/W1974366905,1999,1,5,2,0
https://openalex.org/W1974407994,1999,0,1,0,0
https://openalex.org/W1974446951,1999,8,2,3,1
https://openalex.org/W1974470199,1999,0,1,0,0
https://openalex.org/W1974488429,1999,0,1,0,0
https://openalex.org/W1974558179,1999,0,0,0,5
https://openalex.org/W1974622839,1999,3,10,10,0
https://openalex.org/W1974652992,1999,3,6,6,0
https://openalex.org/W1974683049,1999,10,7,5,5
https://openalex.org/W1974691988,1999,2,0,0,1
https://openalex.org/W1974744166,1999,0,1,2,0
https://openalex.org/W1974757196,1999,1,4,3,0
https://openalex.org/W1974762423,1999,0,1,0,0
https://openalex.org/W1974807000,1999,1,0,0,2
https://openalex.org/W1974807701,1999,10,4,1,0
https://openalex.org/W1974808794,1999,0,4,2,0
https://openalex.org/W1974834528,1999,3,3,0,0
https://openalex.org/W1974878325,1999,0,8,2,0
https://openalex.org/W1974892379,1999,0,6,0,0
https://openalex.org/W1974901116,1999,0,1,0,0
https://openalex.org/W1974911890,1999,1,4,2,0
https://openalex.org/W1974927195,1999,0,9,6,3
https://openalex.org/W1974964115,1999,0,2,1,2
https://openalex.org/W1974980826,1999,0,0,1,1
https://openalex.org/W1975037710,1999,4,17,2,0
https://openalex.org/W1975039236,1999,11,3,5,1
https://openalex.org/W1975042680,1999,9,19,15,5
https://openalex.org/W1975047528,1999,0,1,1,0
https://openalex.org/W1975061923,1999,0,1,1,0
https://openalex.org/W1975064129,1999,0,1,0,0
https://openalex.org/W1975135234,1999,1,1,0,0
https://openalex.org/W1975136479,1999,5,2,0,0
https://openalex.org/W1975160623,1999,0,6,1,0
https://openalex.org/W1975215276,1999,6,2,1,0
https://openalex.org/W1975232708,1999,0,4,2,0
https://openalex.org/W1975234734,1999,0,3,2,0
https://openalex.org/W1975253098,1999,0,3,1,0
https://openalex.org/W1975280375,1999,0,8,11,1
https://openalex.org/W1975290564,1999,1,19,0,1
https://openalex.org/W1975341744,1999,1,3,6,4
https://openalex.org/W1975391709,1999,0,1,3,1
https://openalex.org/W1975484185,1999,0,4,1,1
https://openalex.org/W1975601511,1999,10,18,25,3
https://openalex.org/W1975604947,1999,0,4,1,0
https://openalex.org/W1975639575,1999,0,0,3,0
https://openalex.org/W1975677778,1999,1,2,1,0
https://openalex.org/W1975688148,1999,0,3,2,0
https://openalex.org/W1975731259,1999,6,6,4,0
https://openalex.org/W1975827457,1999,11,40,4,3
https://openalex.org/W1975852714,1999,3,5,1,0
https://openalex.org/W1975867601,1999,6,2,2,1
https://openalex.org/W1975891763,1999,1,0,13,1
https://openalex.org/W1975928855,1999,2,3,0,0
https://openalex.org/W1975972749,1999,0,11,0,0
https://openalex.org/W1976046082,1999,0,4,4,1
https://openalex.org/W1976053952,1999,3,2,0,0
https://openalex.org/W1976121572,1999,0,11,4,0
https://openalex.org/W1976126870,1999,0,3,0,0
https://openalex.org/W1976163510,1999,0,0,4,1
https://openalex.org/W1976196914,1999,0,4,1,0
https://openalex.org/W1976202855,1999,0,2,1,0
https://openalex.org/W1976267619,1999,6,7,17,5
https://openalex.org/W1976276860,1999,0,0,2,0
https://openalex.org/W1976367170,1999,0,5,3,0
https://openalex.org/W1976378416,1999,4,11,51,16
https://openalex.org/W1976389600,1999,0,0,0,1
https://openalex.org/W1976428904,1999,0,5,4,0
https://openalex.org/W1976438921,1999,0,1,1,1
https://openalex.org/W1976442623,1999,12,3,2,0
https://openalex.org/W1976571449,1999,0,15,0,1
https://openalex.org/W1976658175,1999,9,16,0,5
https://openalex.org/W1976742548,1999,0,1,0,2
https://openalex.org/W1976798284,1999,0,2,1,0
https://openalex.org/W1976816126,1999,3,1,3,0
https://openalex.org/W1976851420,1999,3,0,2,0
https://openalex.org/W1976869401,1999,5,1,2,0
https://openalex.org/W1976882998,1999,1,6,5,7
https://openalex.org/W1976928936,1999,0,1,0,0
https://openalex.org/W1976965501,1999,11,8,12,1
https://openalex.org/W1977003188,1999,1,3,3,0
https://openalex.org/W1977013197,1999,0,4,1,0
https://openalex.org/W1977019668,1999,0,5,1,0
https://openalex.org/W1977026612,1999,0,1,2,0
https://openalex.org/W1977037317,1999,12,53,28,15
https://openalex.org/W1977058934,1999,0,4,0,0
https://openalex.org/W1977145963,1999,6,1,2,1
https://openalex.org/W1977164577,1999,1,6,1,0
https://openalex.org/W1977186306,1999,0,3,0,0
https://openalex.org/W1977233653,1999,0,5,2,1
https://openalex.org/W1977235041,1999,0,4,5,0
https://openalex.org/W1977241145,1999,0,27,11,3
https://openalex.org/W1977338420,1999,10,105,42,17
https://openalex.org/W1977353858,1999,1,2,3,2
https://openalex.org/W1977364729,1999,2,0,2,1
https://openalex.org/W1977433184,1999,0,3,3,0
https://openalex.org/W1977518206,1999,1,6,3,0
https://openalex.org/W1977592963,1999,0,1,0,1
https://openalex.org/W1977783826,1999,0,2,0,0
https://openalex.org/W1977789203,1999,0,1,0,1
https://openalex.org/W1977805101,1999,1,2,1,0
https://openalex.org/W1977833192,1999,1,3,0,0
https://openalex.org/W1977835955,1999,0,3,3,2
https://openalex.org/W1977861036,1999,0,3,0,0
https://openalex.org/W1977895033,1999,0,13,1,1
https://openalex.org/W1977915533,1999,1,0,3,1
https://openalex.org/W1977958386,1999,0,1,0,0
https://openalex.org/W1977961150,1999,1,7,2,2
https://openalex.org/W1977977049,1999,0,3,6,0
https://openalex.org/W1978073483,1999,0,7,0,0
https://openalex.org/W1978136944,1999,3,6,2,1
https://openalex.org/W1978146617,1999,0,4,0,0
https://openalex.org/W1978200358,1999,1,1,1,0
https://openalex.org/W1978308891,1999,0,2,3,0
https://openalex.org/W1978313684,1999,0,2,4,0
https://openalex.org/W1978326681,1999,1,0,1,0
https://openalex.org/W1978330137,1999,9,51,5,5
https://openalex.org/W1978364494,1999,3,2,2,1
https://openalex.org/W1978368271,1999,1,12,15,8
https://openalex.org/W1978408247,1999,0,2,2,1
https://openalex.org/W1978499032,1999,1,1,2,2
https://openalex.org/W1978504041,1999,0,1,0,0
https://openalex.org/W1978508475,1999,0,5,0,1
https://openalex.org/W1978534890,1999,0,5,1,0
https://openalex.org/W1978571812,1999,8,77,145,6
https://openalex.org/W1978676894,1999,0,1,0,0
https://openalex.org/W1978725038,1999,1,4,0,0
https://openalex.org/W1978741177,1999,0,6,0,0
https://openalex.org/W1978747019,1999,0,3,2,1
https://openalex.org/W1978842643,1999,11,2,2,2
https://openalex.org/W1978910450,1999,0,0,4,0
https://openalex.org/W1978919122,1999,0,2,1,0
https://openalex.org/W1978936245,1999,0,1,5,0
https://openalex.org/W1978940465,1999,0,2,0,0
https://openalex.org/W1979014647,1999,0,2,3,0
https://openalex.org/W1979015153,1999,2,0,1,0
https://openalex.org/W1979038086,1999,0,4,0,0
https://openalex.org/W1979043110,1999,1,6,6,0
https://openalex.org/W1979063929,1999,4,0,0,1
https://openalex.org/W1979079555,1999,2,12,10,0
https://openalex.org/W1979109018,1999,0,2,0,0
https://openalex.org/W1979114745,1999,0,7,1,0
https://openalex.org/W1979119637,1999,0,4,3,0
https://openalex.org/W1979120371,1999,3,3,2,1
https://openalex.org/W1979164599,1999,9,24,19,1
https://openalex.org/W1979168180,1999,3,2,3,2
https://openalex.org/W1979182002,1999,0,3,3,1
https://openalex.org/W1979208584,1999,0,3,0,0
https://openalex.org/W1979219545,1999,0,5,13,7
https://openalex.org/W1979222039,1999,1,1,1,1
https://openalex.org/W1979311705,1999,11,5,3,0
https://openalex.org/W1979321078,1999,0,2,0,0
https://openalex.org/W1979329678,1999,0,0,2,0
https://openalex.org/W1979341681,1999,0,4,0,0
https://openalex.org/W1979350800,1999,1,2,2,0
https://openalex.org/W1979391409,1999,0,8,1,1
https://openalex.org/W1979403762,1999,0,5,6,0
https://openalex.org/W1979452926,1999,0,4,1,1
https://openalex.org/W1979468005,1999,1,0,4,1
https://openalex.org/W1979476336,1999,6,20,15,1
https://openalex.org/W1979573982,1999,0,4,0,0
https://openalex.org/W1979626065,1999,4,6,0,0
https://openalex.org/W1979628161,1999,4,6,2,0
https://openalex.org/W1979639535,1999,0,0,6,0
https://openalex.org/W1979666285,1999,12,3,10,1
https://openalex.org/W1979709471,1999,5,15,6,2
https://openalex.org/W1979723262,1999,0,3,9,0
https://openalex.org/W1979732417,1999,1,2,1,0
https://openalex.org/W1979750460,1999,0,4,0,1
https://openalex.org/W1979761819,1999,1,4,3,0
https://openalex.org/W1979771325,1999,0,0,5,1
https://openalex.org/W1979778438,1999,0,8,1,1
https://openalex.org/W1979814739,1999,9,8,4,0
https://openalex.org/W1979835211,1999,0,0,4,0
https://openalex.org/W1979910371,1999,0,2,1,0
https://openalex.org/W1979910621,1999,0,6,1,0
https://openalex.org/W1979954529,1999,0,1,1,6
https://openalex.org/W1979965116,1999,0,12,1,0
https://openalex.org/W1979984851,1999,0,7,1,1
https://openalex.org/W1980007985,1999,0,5,0,0
https://openalex.org/W1980065054,1999,0,1,0,0
https://openalex.org/W1980068962,1999,4,3,0,2
https://openalex.org/W1980087484,1999,0,1,0,0
https://openalex.org/W1980188302,1999,0,0,1,0
https://openalex.org/W1980190258,1999,0,15,10,0
https://openalex.org/W1980199434,1999,3,2,0,0
https://openalex.org/W1980209744,1999,0,4,0,0
https://openalex.org/W1980210563,1999,0,6,1,0
https://openalex.org/W1980239266,1999,2,2,1,1
https://openalex.org/W1980282371,1999,0,1,0,0
https://openalex.org/W1980340503,1999,0,0,2,1
https://openalex.org/W1980350883,1999,2,5,0,2
https://openalex.org/W1980377502,1999,7,11,1,1
https://openalex.org/W1980378392,1999,11,6,3,1
https://openalex.org/W1980406294,1999,3,5,0,0
https://openalex.org/W1980424470,1999,0,3,1,0
https://openalex.org/W1980432234,1999,1,24,16,11
https://openalex.org/W1980432761,1999,1,2,5,0
https://openalex.org/W1980451862,1999,0,1,1,0
https://openalex.org/W1980454756,1999,0,0,10,0
https://openalex.org/W1980456120,1999,0,0,1,0
https://openalex.org/W1980504064,1999,3,0,3,0
https://openalex.org/W1980520704,1999,0,3,0,0
https://openalex.org/W1980528623,1999,2,0,1,0
https://openalex.org/W1980572391,1999,1,5,10,0
https://openalex.org/W1980580963,1999,0,9,2,0
https://openalex.org/W1980636963,1999,1,7,7,0
https://openalex.org/W1980677417,1999,4,11,3,0
https://openalex.org/W1980693040,1999,0,6,0,0
https://openalex.org/W1980696540,1999,0,2,0,0
https://openalex.org/W1980743576,1999,0,6,2,3
https://openalex.org/W1980752741,1999,2,3,0,0
https://openalex.org/W1980875110,1999,0,0,1,1
https://openalex.org/W1980926130,1999,0,3,0,0
https://openalex.org/W1980930272,1999,8,45,15,16
https://openalex.org/W1980985355,1999,0,0,2,0
https://openalex.org/W1981081624,1999,0,0,2,0
https://openalex.org/W1981132170,1999,0,1,1,0
https://openalex.org/W1981230752,1999,0,1,0,1
https://openalex.org/W1981312258,1999,0,1,0,0
https://openalex.org/W1981329921,1999,0,2,2,0
https://openalex.org/W1981332837,1999,0,1,0,0
https://openalex.org/W1981373731,1999,0,1,1,0
https://openalex.org/W1981374551,1999,0,2,0,1
https://openalex.org/W1981379616,1999,0,3,0,0
https://openalex.org/W1981420791,1999,0,0,1,1
https://openalex.org/W1981439940,1999,3,13,8,0
https://openalex.org/W1981549269,1999,0,3,5,2
https://openalex.org/W1981558169,1999,0,0,0,1
https://openalex.org/W1981655998,1999,1,0,1,0
https://openalex.org/W1981695572,1999,10,26,31,8
https://openalex.org/W1981708912,1999,1,21,30,1
https://openalex.org/W1981708976,1999,6,64,16,12
https://openalex.org/W1981739592,1999,0,2,0,0
https://openalex.org/W1981741243,1999,2,1,1,0
https://openalex.org/W1981768902,1999,5,4,1,0
https://openalex.org/W1981788069,1999,0,1,2,0
https://openalex.org/W1981788298,1999,0,4,0,1
https://openalex.org/W1981907154,1999,0,10,8,2
https://openalex.org/W1981914662,1999,0,1,0,1
https://openalex.org/W1981953269,1999,0,12,4,3
https://openalex.org/W1981969898,1999,0,21,0,0
https://openalex.org/W1981983964,1999,1,2,0,0
https://openalex.org/W1982052296,1999,0,14,4,0
https://openalex.org/W1982074854,1999,0,1,2,0
https://openalex.org/W1982097908,1999,0,4,0,0
https://openalex.org/W1982099983,1999,0,1,0,0
https://openalex.org/W1982220243,1999,5,2,2,3
https://openalex.org/W1982258332,1999,0,2,0,0
https://openalex.org/W1982345882,1999,2,2,0,0
https://openalex.org/W1982348433,1999,10,10,47,1
https://openalex.org/W1982359508,1999,0,3,0,1
https://openalex.org/W1982386766,1999,0,2,0,1
https://openalex.org/W1982394651,1999,2,2,2,2
https://openalex.org/W1982408128,1999,1,2,0,0
https://openalex.org/W1982408426,1999,9,11,4,0
https://openalex.org/W1982432322,1999,0,0,4,0
https://openalex.org/W1982462288,1999,0,1,3,0
https://openalex.org/W1982489811,1999,0,7,2,2
https://openalex.org/W1982509824,1999,0,4,1,0
https://openalex.org/W1982533381,1999,2,4,7,0
https://openalex.org/W1982564882,1999,0,2,0,0
https://openalex.org/W1982569954,1999,2,2,0,0
https://openalex.org/W1982716507,1999,0,1,4,0
https://openalex.org/W1982743546,1999,10,300,94,54
https://openalex.org/W1982779858,1999,9,12,44,1
https://openalex.org/W1982790911,1999,0,10,4,6
https://openalex.org/W1982859358,1999,0,8,3,3
https://openalex.org/W1982884158,1999,0,3,3,1
https://openalex.org/W1982942577,1999,0,5,2,0
https://openalex.org/W1982961964,1999,0,1,0,0
https://openalex.org/W1982983082,1999,0,2,0,0
https://openalex.org/W1982999004,1999,1,8,3,5
https://openalex.org/W1983026624,1999,0,5,0,1
https://openalex.org/W1983034174,1999,0,2,0,1
https://openalex.org/W1983049261,1999,1,2,2,1
https://openalex.org/W1983106086,1999,0,1,0,0
https://openalex.org/W1983116351,1999,0,3,3,0
https://openalex.org/W1983122731,1999,1,7,3,0
https://openalex.org/W1983132402,1999,1,0,2,0
https://openalex.org/W1983133607,1999,1,2,0,0
https://openalex.org/W1983215429,1999,5,5,10,4
https://openalex.org/W1983249166,1999,0,1,2,0
https://openalex.org/W1983267426,1999,0,4,2,1
https://openalex.org/W1983298228,1999,0,3,0,0
https://openalex.org/W1983328464,1999,12,50,7,1
https://openalex.org/W1983332506,1999,0,2,0,0
https://openalex.org/W1983342468,1999,2,8,4,3
https://openalex.org/W1983388094,1999,0,0,3,0
https://openalex.org/W1983390204,1999,0,0,1,1
https://openalex.org/W1983395031,1999,0,4,0,1
https://openalex.org/W1983446900,1999,5,4,0,2
https://openalex.org/W1983466507,1999,4,4,4,0
https://openalex.org/W1983519598,1999,2,4,0,0
https://openalex.org/W1983525570,1999,0,4,2,0
https://openalex.org/W1983548885,1999,1,7,1,2
https://openalex.org/W1983579072,1999,0,5,0,0
https://openalex.org/W1983595524,1999,3,5,6,0
https://openalex.org/W1983627425,1999,4,2,4,0
https://openalex.org/W1983645014,1999,0,1,0,0
https://openalex.org/W1983655770,1999,9,1,0,2
https://openalex.org/W1983665444,1999,0,21,4,2
https://openalex.org/W1983680191,1999,0,1,0,0
https://openalex.org/W1983688550,1999,1,4,2,1
https://openalex.org/W1983733031,1999,0,3,2,0
https://openalex.org/W1983738488,1999,1,1,0,0
https://openalex.org/W1983820788,1999,0,0,1,0
https://openalex.org/W1983833582,1999,0,0,0,1
https://openalex.org/W1983841737,1999,7,95,16,3
https://openalex.org/W1983842839,1999,0,5,2,0
https://openalex.org/W1983896182,1999,5,11,6,0
https://openalex.org/W1983930143,1999,0,4,0,0
https://openalex.org/W1983989798,1999,0,2,0,0
https://openalex.org/W1984049475,1999,0,5,1,0
https://openalex.org/W1984059194,1999,1,2,0,0
https://openalex.org/W1984069391,1999,1,1,0,0
https://openalex.org/W1984069488,1999,5,7,2,4
https://openalex.org/W1984155789,1999,0,5,3,0
https://openalex.org/W1984165529,1999,0,1,0,0
https://openalex.org/W1984177402,1999,0,4,5,5
https://openalex.org/W1984185841,1999,0,3,2,0
https://openalex.org/W1984219923,1999,1,7,6,0
https://openalex.org/W1984253190,1999,0,4,0,0
https://openalex.org/W1984273796,1999,0,1,1,0
https://openalex.org/W1984287684,1999,7,32,8,7
https://openalex.org/W1984298274,1999,0,0,2,0
https://openalex.org/W1984349883,1999,0,1,1,2
https://openalex.org/W1984355521,1999,0,1,0,0
https://openalex.org/W1984368820,1999,0,9,9,0
https://openalex.org/W1984411757,1999,0,2,0,0
https://openalex.org/W1984440768,1999,2,0,3,0
https://openalex.org/W1984469240,1999,9,4,0,0
https://openalex.org/W1984473978,1999,1,10,10,10
https://openalex.org/W1984486817,1999,7,9,13,0
https://openalex.org/W1984513973,1999,0,2,1,0
https://openalex.org/W1984565538,1999,5,4,3,0
https://openalex.org/W1984600372,1999,1,3,2,0
https://openalex.org/W1984627348,1999,2,2,3,0
https://openalex.org/W1984645601,1999,0,2,0,0
https://openalex.org/W1984657060,1999,0,1,0,2
https://openalex.org/W1984708850,1999,0,3,1,1
https://openalex.org/W1984740909,1999,0,2,0,1
https://openalex.org/W1984756275,1999,7,1,3,1
https://openalex.org/W1984760136,1999,0,4,0,0
https://openalex.org/W1984767063,1999,0,7,13,2
https://openalex.org/W1984782156,1999,0,5,1,0
https://openalex.org/W1984793812,1999,0,2,0,0
https://openalex.org/W1984813789,1999,0,6,2,1
https://openalex.org/W1984842977,1999,1,1,3,0
https://openalex.org/W1984846289,1999,2,5,4,3
https://openalex.org/W1984874928,1999,0,3,1,0
https://openalex.org/W1984878454,1999,0,2,0,0
https://openalex.org/W1984891834,1999,0,9,2,0
https://openalex.org/W1984906196,1999,0,12,15,3
https://openalex.org/W1984906404,1999,0,0,6,0
https://openalex.org/W1984913894,1999,0,5,2,0
https://openalex.org/W1984931127,1999,0,2,0,0
https://openalex.org/W1984935237,1999,2,10,0,0
https://openalex.org/W1984941285,1999,2,4,6,0
https://openalex.org/W1985003719,1999,0,4,1,0
https://openalex.org/W1985015328,1999,0,3,0,0
https://openalex.org/W1985031737,1999,0,1,1,2
https://openalex.org/W1985049537,1999,0,2,0,0
https://openalex.org/W1985066421,1999,10,12,11,0
https://openalex.org/W1985091761,1999,0,4,1,2
https://openalex.org/W1985116778,1999,0,0,1,0
https://openalex.org/W1985200518,1999,7,16,11,3
https://openalex.org/W1985225059,1999,0,4,0,1
https://openalex.org/W1985240844,1999,0,0,0,1
https://openalex.org/W1985248031,1999,1,1,0,0
https://openalex.org/W1985248092,1999,0,3,0,0
https://openalex.org/W1985295118,1999,0,3,0,0
https://openalex.org/W1985301131,1999,8,4,1,0
https://openalex.org/W1985362261,1999,0,11,5,0
https://openalex.org/W1985373656,1999,0,10,0,2
https://openalex.org/W1985398691,1999,3,2,1,0
https://openalex.org/W1985441356,1999,0,0,2,2
https://openalex.org/W1985556148,1999,0,3,0,0
https://openalex.org/W1985604348,1999,0,0,1,1
https://openalex.org/W1985606726,1999,0,4,4,0
https://openalex.org/W1985648385,1999,8,22,8,1
https://openalex.org/W1985652805,1999,3,4,6,0
https://openalex.org/W1985679038,1999,12,3,24,1
https://openalex.org/W1985695314,1999,0,16,2,0
https://openalex.org/W1985749923,1999,1,1,8,0
https://openalex.org/W1985757699,1999,0,0,1,0
https://openalex.org/W1985788774,1999,0,3,0,1
https://openalex.org/W1985815976,1999,0,1,3,0
https://openalex.org/W1985819821,1999,0,4,5,4
https://openalex.org/W1985866786,1999,0,3,0,0
https://openalex.org/W1985883803,1999,0,1,0,0
https://openalex.org/W1985889917,1999,5,8,2,1
https://openalex.org/W1985976392,1999,0,1,0,0
https://openalex.org/W1986005265,1999,0,0,1,0
https://openalex.org/W1986028700,1999,0,1,0,0
https://openalex.org/W1986030606,1999,1,20,5,0
https://openalex.org/W1986066234,1999,7,12,3,1
https://openalex.org/W1986068375,1999,3,11,1,0
https://openalex.org/W1986104027,1999,1,2,10,0
https://openalex.org/W1986104259,1999,4,0,3,0
https://openalex.org/W1986110937,1999,11,6,8,1
https://openalex.org/W1986125733,1999,2,5,1,0
https://openalex.org/W1986135239,1999,0,1,1,0
https://openalex.org/W1986203913,1999,0,1,2,0
https://openalex.org/W1986261297,1999,4,15,15,3
https://openalex.org/W1986303304,1999,5,1,2,3
https://openalex.org/W1986320893,1999,0,0,1,1
https://openalex.org/W1986331215,1999,5,2,8,0
https://openalex.org/W1986381989,1999,0,2,1,1
https://openalex.org/W1986478997,1999,1,4,1,0
https://openalex.org/W1986519295,1999,0,3,6,0
https://openalex.org/W1986559131,1999,0,3,2,1
https://openalex.org/W1986631213,1999,0,1,2,0
https://openalex.org/W1986645862,1999,0,2,3,0
https://openalex.org/W1986695451,1999,1,1,0,0
https://openalex.org/W1986698902,1999,0,22,1,0
https://openalex.org/W1986727343,1999,0,4,11,6
https://openalex.org/W1986772513,1999,0,1,1,0
https://openalex.org/W1986804005,1999,0,7,5,2
https://openalex.org/W1986943652,1999,2,23,31,1
https://openalex.org/W1986955685,1999,0,3,0,0
https://openalex.org/W1986968246,1999,0,2,0,0
https://openalex.org/W1986981284,1999,0,0,1,0
https://openalex.org/W1986984224,1999,1,6,2,0
https://openalex.org/W1986997913,1999,0,2,0,0
https://openalex.org/W1987088950,1999,0,3,0,0
https://openalex.org/W1987108197,1999,9,6,1,0
https://openalex.org/W1987125981,1999,2,15,20,0
https://openalex.org/W1987176998,1999,1,1,1,0
https://openalex.org/W1987233998,1999,11,12,8,0
https://openalex.org/W1987296381,1999,1,0,5,4
https://openalex.org/W1987316533,1999,0,0,4,0
https://openalex.org/W1987352536,1999,0,3,1,0
https://openalex.org/W1987362986,1999,6,3,8,2
https://openalex.org/W1987405772,1999,0,1,2,0
https://openalex.org/W1987445575,1999,2,2,7,2
https://openalex.org/W1987465022,1999,0,12,0,1
https://openalex.org/W1987486432,1999,0,2,0,0
https://openalex.org/W1987500593,1999,0,1,0,0
https://openalex.org/W1987511063,1999,2,5,2,1
https://openalex.org/W1987524547,1999,0,0,2,0
https://openalex.org/W1987556818,1999,0,0,2,0
https://openalex.org/W1987596530,1999,0,3,0,0
https://openalex.org/W1987631182,1999,0,0,0,1
https://openalex.org/W1987638821,1999,0,2,5,0
https://openalex.org/W1987754321,1999,0,2,2,1
https://openalex.org/W1987779773,1999,0,3,0,0
https://openalex.org/W1987828510,1999,2,0,1,0
https://openalex.org/W1987842387,1999,2,5,5,0
https://openalex.org/W1987876776,1999,0,0,3,0
https://openalex.org/W1987898304,1999,0,4,4,0
https://openalex.org/W1987910766,1999,0,1,2,0
https://openalex.org/W1987930148,1999,0,4,1,0
https://openalex.org/W1987946640,1999,0,2,1,3
https://openalex.org/W1987951023,1999,0,0,0,1
https://openalex.org/W1987953681,1999,5,14,6,2
https://openalex.org/W1987957063,1999,0,2,0,1
https://openalex.org/W1987966244,1999,1,0,1,0
https://openalex.org/W1988013598,1999,1,7,2,0
https://openalex.org/W1988025077,1999,0,8,0,1
https://openalex.org/W1988144175,1999,0,3,4,0
https://openalex.org/W1988153053,1999,0,1,1,0
https://openalex.org/W1988169508,1999,0,3,2,0
https://openalex.org/W1988218231,1999,1,2,1,0
https://openalex.org/W1988292406,1999,3,12,3,4
https://openalex.org/W1988327316,1999,1,4,14,3
https://openalex.org/W1988361731,1999,0,1,0,0
https://openalex.org/W1988366819,1999,0,3,3,1
https://openalex.org/W1988369702,1999,3,5,0,1
https://openalex.org/W1988450497,1999,8,92,38,1
https://openalex.org/W1988452635,1999,10,5,3,5
https://openalex.org/W1988454492,1999,0,4,1,0
https://openalex.org/W1988476830,1999,0,1,0,0
https://openalex.org/W1988484389,1999,1,4,3,0
https://openalex.org/W1988501427,1999,2,7,4,8
https://openalex.org/W1988528466,1999,0,1,1,0
https://openalex.org/W1988577681,1999,0,3,0,0
https://openalex.org/W1988596864,1999,0,10,1,6
https://openalex.org/W1988642332,1999,0,3,1,0
https://openalex.org/W1988649893,1999,0,3,1,0
https://openalex.org/W1988671521,1999,2,0,1,0
https://openalex.org/W1988712980,1999,0,2,4,2
https://openalex.org/W1988733397,1999,0,1,1,1
https://openalex.org/W1988790753,1999,0,1,1,0
https://openalex.org/W1988794816,1999,0,12,3,2
https://openalex.org/W1988799280,1999,1,2,0,1
https://openalex.org/W1988806379,1999,2,6,0,0
https://openalex.org/W1988833729,1999,10,12,4,2
https://openalex.org/W1988846026,1999,0,7,1,0
https://openalex.org/W1988863760,1999,0,1,1,0
https://openalex.org/W1988892735,1999,2,24,6,1
https://openalex.org/W1988927614,1999,2,4,11,0
https://openalex.org/W1988989957,1999,5,220,68,19
https://openalex.org/W1989020527,1999,0,1,1,1
https://openalex.org/W1989028728,1999,0,19,15,3
https://openalex.org/W1989037016,1999,1,1,1,0
https://openalex.org/W1989097619,1999,0,1,0,0
https://openalex.org/W1989099437,1999,0,11,2,0
https://openalex.org/W1989117651,1999,0,6,3,3
https://openalex.org/W1989181843,1999,0,0,1,0
https://openalex.org/W1989207560,1999,0,1,0,0
https://openalex.org/W1989218856,1999,0,3,1,1
https://openalex.org/W1989279515,1999,0,4,2,2
https://openalex.org/W1989300816,1999,0,2,0,3
https://openalex.org/W1989307859,1999,0,0,1,0
https://openalex.org/W1989335800,1999,0,0,2,1
https://openalex.org/W1989374311,1999,2,0,1,0
https://openalex.org/W1989396851,1999,0,2,1,3
https://openalex.org/W1989412812,1999,0,3,1,1
https://openalex.org/W1989433021,1999,0,13,9,4
https://openalex.org/W1989521647,1999,0,4,0,1
https://openalex.org/W1989534395,1999,0,0,2,0
https://openalex.org/W1989541745,1999,0,9,1,0
https://openalex.org/W1989589074,1999,1,3,0,2
https://openalex.org/W1989603643,1999,0,2,2,2
https://openalex.org/W1989667441,1999,0,1,0,0
https://openalex.org/W1989715492,1999,0,1,0,0
https://openalex.org/W1989724913,1999,2,1,0,0
https://openalex.org/W1989736438,1999,0,3,0,0
https://openalex.org/W1989742212,1999,0,5,3,2
https://openalex.org/W1989790471,1999,0,2,3,1
https://openalex.org/W1989796982,1999,7,2,1,5
https://openalex.org/W1989820970,1999,5,5,4,0
https://openalex.org/W1989832505,1999,0,4,0,1
https://openalex.org/W1989886100,1999,9,47,13,7
https://openalex.org/W1989935464,1999,0,0,3,0
https://openalex.org/W1989956482,1999,0,1,1,0
https://openalex.org/W1989965633,1999,0,1,0,0
https://openalex.org/W1990006515,1999,0,2,1,0
https://openalex.org/W1990007629,1999,2,0,3,0
https://openalex.org/W1990024303,1999,1,3,1,1
https://openalex.org/W1990090727,1999,0,0,1,0
https://openalex.org/W1990093836,1999,0,1,1,1
https://openalex.org/W1990105722,1999,0,5,1,0
https://openalex.org/W1990112160,1999,1,3,0,0
https://openalex.org/W1990126245,1999,0,2,0,5
https://openalex.org/W1990156398,1999,2,5,7,1
https://openalex.org/W1990199980,1999,2,0,1,0
https://openalex.org/W1990242415,1999,0,7,2,0
https://openalex.org/W1990319842,1999,1,9,1,2
https://openalex.org/W1990404765,1999,0,1,2,1
https://openalex.org/W1990417085,1999,3,1,2,0
https://openalex.org/W1990501468,1999,0,1,0,0
https://openalex.org/W1990503439,1999,1,3,2,0
https://openalex.org/W1990505272,1999,2,42,65,31
https://openalex.org/W1990512057,1999,1,1,2,0
https://openalex.org/W1990547204,1999,0,5,2,0
https://openalex.org/W1990568405,1999,2,13,6,9
https://openalex.org/W1990625345,1999,0,9,1,0
https://openalex.org/W1990663683,1999,3,9,1,0
https://openalex.org/W1990666071,1999,0,5,1,1
https://openalex.org/W1990713727,1999,4,2,2,0
https://openalex.org/W1990761124,1999,0,1,2,0
https://openalex.org/W1990779389,1999,1,1,0,0
https://openalex.org/W1990808268,1999,0,1,2,0
https://openalex.org/W1990832641,1999,2,2,0,0
https://openalex.org/W1990851647,1999,3,4,4,1
https://openalex.org/W1990867658,1999,1,2,1,0
https://openalex.org/W1990872402,1999,0,1,1,0
https://openalex.org/W1990897538,1999,0,0,2,0
https://openalex.org/W1990966561,1999,0,2,2,0
https://openalex.org/W1990975715,1999,1,6,2,0
https://openalex.org/W1990976737,1999,0,4,0,1
https://openalex.org/W1990980598,1999,0,1,1,0
https://openalex.org/W1991137890,1999,0,6,3,0
https://openalex.org/W1991171324,1999,3,2,0,2
https://openalex.org/W1991214332,1999,2,7,3,1
https://openalex.org/W1991228752,1999,0,0,1,0
https://openalex.org/W1991261820,1999,0,1,1,1
https://openalex.org/W1991264779,1999,7,9,2,0
https://openalex.org/W1991272828,1999,4,16,9,0
https://openalex.org/W1991294594,1999,4,14,4,2
https://openalex.org/W1991313604,1999,0,0,1,0
https://openalex.org/W1991330853,1999,0,2,6,0
https://openalex.org/W1991364434,1999,12,3,2,2
https://openalex.org/W1991396064,1999,0,0,2,0
https://openalex.org/W1991410572,1999,0,1,3,0
https://openalex.org/W1991439402,1999,0,3,0,3
https://openalex.org/W1991443010,1999,0,5,3,4
https://openalex.org/W1991528716,1999,0,3,5,0
https://openalex.org/W1991572912,1999,8,1,3,2
https://openalex.org/W1991593631,1999,2,8,10,2
https://openalex.org/W1991735605,1999,0,1,2,2
https://openalex.org/W1991758437,1999,0,1,6,0
https://openalex.org/W1991769549,1999,0,2,2,0
https://openalex.org/W1991771908,1999,3,6,13,0
https://openalex.org/W1991774714,1999,0,3,4,3
https://openalex.org/W1991784163,1999,0,9,0,1
https://openalex.org/W1991872921,1999,1,1,1,0
https://openalex.org/W1991896879,1999,0,5,0,0
https://openalex.org/W1991943222,1999,3,4,3,1
https://openalex.org/W1991968240,1999,0,0,1,0
https://openalex.org/W1991985778,1999,0,0,3,0
https://openalex.org/W1991987949,1999,0,6,1,0
https://openalex.org/W1992024658,1999,0,4,1,0
https://openalex.org/W1992049125,1999,1,2,3,0
https://openalex.org/W1992069373,1999,2,2,1,0
https://openalex.org/W1992101685,1999,5,1,4,0
https://openalex.org/W1992183032,1999,0,2,0,1
https://openalex.org/W1992189821,1999,0,2,0,0
https://openalex.org/W1992197072,1999,0,0,1,0
https://openalex.org/W1992205954,1999,0,0,1,0
https://openalex.org/W1992225396,1999,0,1,0,0
https://openalex.org/W1992242738,1999,2,1,2,0
https://openalex.org/W1992294236,1999,4,11,15,23
https://openalex.org/W1992316662,1999,0,6,1,5
https://openalex.org/W1992367039,1999,0,3,0,0
https://openalex.org/W1992392149,1999,1,3,0,0
https://openalex.org/W1992430764,1999,1,4,5,5
https://openalex.org/W1992441721,1999,0,0,3,0
https://openalex.org/W1992450035,1999,0,1,0,0
https://openalex.org/W1992453917,1999,0,4,0,4
https://openalex.org/W1992467413,1999,0,6,2,1
https://openalex.org/W1992514697,1999,3,1,0,0
https://openalex.org/W1992517504,1999,1,0,2,0
https://openalex.org/W1992520923,1999,0,0,1,0
https://openalex.org/W1992539879,1999,2,0,1,0
https://openalex.org/W1992584756,1999,11,5,0,0
https://openalex.org/W1992605794,1999,8,19,6,1
https://openalex.org/W1992740743,1999,0,1,1,1
https://openalex.org/W1992743617,1999,0,1,0,0
https://openalex.org/W1992754175,1999,0,4,0,0
https://openalex.org/W1992799455,1999,0,1,1,0
https://openalex.org/W1992848263,1999,0,3,1,2
https://openalex.org/W1992881859,1999,0,0,4,0
https://openalex.org/W1992887014,1999,1,4,1,1
https://openalex.org/W1992900927,1999,2,4,1,0
https://openalex.org/W1992908105,1999,0,0,1,1
https://openalex.org/W1992937650,1999,0,1,0,0
https://openalex.org/W1992948853,1999,0,26,8,2
https://openalex.org/W1992953006,1999,0,4,0,0
https://openalex.org/W1992953103,1999,12,3,10,3
https://openalex.org/W1992957648,1999,7,20,15,1
https://openalex.org/W1992968309,1999,0,0,0,2
https://openalex.org/W1993030696,1999,2,3,2,0
https://openalex.org/W1993042799,1999,0,6,7,1
https://openalex.org/W1993058503,1999,0,1,0,0
https://openalex.org/W1993096858,1999,4,3,4,0
https://openalex.org/W1993212363,1999,0,6,1,1
https://openalex.org/W1993240672,1999,0,2,1,0
https://openalex.org/W1993251154,1999,0,4,0,0
https://openalex.org/W1993339309,1999,5,1,5,4
https://openalex.org/W1993340980,1999,0,2,1,0
https://openalex.org/W1993587904,1999,0,5,0,0
https://openalex.org/W1993602203,1999,9,129,159,22
https://openalex.org/W1993626559,1999,7,2,0,2
https://openalex.org/W1993715927,1999,1,3,0,0
https://openalex.org/W1993788375,1999,7,5,3,2
https://openalex.org/W1993796156,1999,8,7,2,0
https://openalex.org/W1993800367,1999,0,3,0,2
https://openalex.org/W1993825368,1999,0,8,0,0
https://openalex.org/W1993845806,1999,0,5,0,0
https://openalex.org/W1993929895,1999,0,1,0,1
https://openalex.org/W1993952758,1999,1,3,1,3
https://openalex.org/W1993968363,1999,0,4,1,0
https://openalex.org/W1993982611,1999,4,20,16,3
https://openalex.org/W1994002519,1999,0,1,0,1
https://openalex.org/W1994003920,1999,0,1,1,2
https://openalex.org/W1994009388,1999,4,3,0,0
https://openalex.org/W1994012043,1999,0,4,3,0
https://openalex.org/W1994028115,1999,0,1,0,0
https://openalex.org/W1994098575,1999,1,1,0,0
https://openalex.org/W1994162468,1999,0,0,1,0
https://openalex.org/W1994239555,1999,3,18,4,2
https://openalex.org/W1994380540,1999,3,1,1,0
https://openalex.org/W1994384633,1999,8,6,2,6
https://openalex.org/W1994392377,1999,0,7,5,0
https://openalex.org/W1994416908,1999,0,9,9,0
https://openalex.org/W1994421986,1999,9,37,28,5
https://openalex.org/W1994429152,1999,0,1,0,0
https://openalex.org/W1994460125,1999,0,0,1,0
https://openalex.org/W1994461913,1999,0,2,4,0
https://openalex.org/W1994470722,1999,0,2,0,0
https://openalex.org/W1994532062,1999,2,0,0,1
https://openalex.org/W1994599419,1999,3,18,17,3
https://openalex.org/W1994623533,1999,1,2,1,0
https://openalex.org/W1994642808,1999,5,8,3,0
https://openalex.org/W1994653061,1999,2,3,0,0
https://openalex.org/W1994680417,1999,0,3,1,0
https://openalex.org/W1994749846,1999,1,1,0,0
https://openalex.org/W1994824339,1999,0,0,2,0
https://openalex.org/W1994864123,1999,0,1,2,0
https://openalex.org/W1994869862,1999,0,0,4,0
https://openalex.org/W1994884135,1999,0,1,0,0
https://openalex.org/W1994906772,1999,0,5,1,0
https://openalex.org/W1994929882,1999,3,10,1,0
https://openalex.org/W1994940843,1999,0,6,1,0
https://openalex.org/W1994956793,1999,0,8,2,1
https://openalex.org/W1994971788,1999,9,9,43,7
https://openalex.org/W1994986799,1999,0,3,0,1
https://openalex.org/W1995028318,1999,0,4,1,0
https://openalex.org/W1995055050,1999,1,6,1,3
https://openalex.org/W1995067917,1999,6,5,2,0
https://openalex.org/W1995110373,1999,0,0,0,2
https://openalex.org/W1995149540,1999,1,3,2,0
https://openalex.org/W1995168109,1999,0,2,1,0
https://openalex.org/W1995201016,1999,1,1,2,0
https://openalex.org/W1995213756,1999,1,5,2,1
https://openalex.org/W1995231627,1999,0,1,2,0
https://openalex.org/W1995249161,1999,1,1,0,0
https://openalex.org/W1995254830,1999,0,2,5,0
https://openalex.org/W1995268565,1999,0,10,5,1
https://openalex.org/W1995286645,1999,0,2,2,0
https://openalex.org/W1995293594,1999,0,3,14,2
https://openalex.org/W1995297941,1999,0,1,4,0
https://openalex.org/W1995415694,1999,0,9,9,0
https://openalex.org/W1995422829,1999,3,2,4,1
https://openalex.org/W1995433273,1999,2,0,1,1
https://openalex.org/W1995591796,1999,2,1,5,0
https://openalex.org/W1995621265,1999,0,0,0,1
https://openalex.org/W1995724636,1999,0,5,8,0
https://openalex.org/W1995729692,1999,4,5,2,0
https://openalex.org/W1995795048,1999,0,2,0,0
https://openalex.org/W1995795484,1999,0,3,2,0
https://openalex.org/W1995809841,1999,0,2,0,0
https://openalex.org/W1995858547,1999,0,2,0,0
https://openalex.org/W1995859531,1999,5,4,12,8
https://openalex.org/W1995865384,1999,0,3,2,9
https://openalex.org/W1995912353,1999,0,2,1,0
https://openalex.org/W1995941143,1999,0,2,2,2
https://openalex.org/W1995944514,1999,5,5,13,6
https://openalex.org/W1996007670,1999,1,6,2,0
https://openalex.org/W1996016297,1999,2,3,6,0
https://openalex.org/W1996039565,1999,0,0,1,0
https://openalex.org/W1996073027,1999,0,1,0,0
https://openalex.org/W1996076365,1999,0,1,4,0
https://openalex.org/W1996082058,1999,0,1,0,0
https://openalex.org/W1996110595,1999,0,4,1,0
https://openalex.org/W1996147271,1999,0,4,1,0
https://openalex.org/W1996150714,1999,0,3,2,2
https://openalex.org/W1996226580,1999,0,2,1,0
https://openalex.org/W1996258271,1999,1,2,1,0
https://openalex.org/W1996321678,1999,0,0,0,1
https://openalex.org/W1996380141,1999,4,4,7,0
https://openalex.org/W1996481884,1999,4,0,0,1
https://openalex.org/W1996522236,1999,0,1,2,0
https://openalex.org/W1996534092,1999,0,2,1,0
https://openalex.org/W1996588981,1999,0,2,0,1
https://openalex.org/W1996606596,1999,0,1,1,1
https://openalex.org/W1996621342,1999,1,1,2,0
https://openalex.org/W1996678703,1999,0,1,0,0
https://openalex.org/W1996726069,1999,0,2,0,0
https://openalex.org/W1996732046,1999,0,4,1,1
https://openalex.org/W1996792304,1999,9,15,2,3
https://openalex.org/W1996792523,1999,12,86,30,4
https://openalex.org/W1996861159,1999,2,5,1,1
https://openalex.org/W1996877116,1999,1,3,2,0
https://openalex.org/W1997037490,1999,0,0,3,0
https://openalex.org/W1997047476,1999,4,5,0,0
https://openalex.org/W1997096062,1999,2,3,3,1
https://openalex.org/W1997109276,1999,0,4,1,1
https://openalex.org/W1997136400,1999,10,11,1,0
https://openalex.org/W1997242583,1999,0,2,0,0
https://openalex.org/W1997262155,1999,0,0,1,0
https://openalex.org/W1997307810,1999,4,14,6,0
https://openalex.org/W1997333212,1999,0,6,3,3
https://openalex.org/W1997343663,1999,0,0,1,0
https://openalex.org/W1997361993,1999,3,0,1,0
https://openalex.org/W1997419397,1999,0,3,1,0
https://openalex.org/W1997444654,1999,0,6,0,1
https://openalex.org/W1997525999,1999,1,1,0,0
https://openalex.org/W1997536807,1999,5,5,0,2
https://openalex.org/W1997607396,1999,1,0,1,0
https://openalex.org/W1997630644,1999,6,4,1,0
https://openalex.org/W1997651410,1999,2,3,2,0
https://openalex.org/W1997750263,1999,0,5,4,0
https://openalex.org/W1997785214,1999,2,1,0,0
https://openalex.org/W1997788271,1999,7,359,102,181
https://openalex.org/W1997801217,1999,0,2,1,0
https://openalex.org/W1997801907,1999,0,5,0,0
https://openalex.org/W1997815726,1999,1,7,1,0
https://openalex.org/W1997820781,1999,0,10,3,0
https://openalex.org/W1997827102,1999,0,4,0,0
https://openalex.org/W1997898292,1999,7,3,1,0
https://openalex.org/W1997910710,1999,0,1,4,0
https://openalex.org/W1997929083,1999,6,15,36,12
https://openalex.org/W1997935387,1999,2,49,4,34
https://openalex.org/W1997990329,1999,0,7,0,0
https://openalex.org/W1997991270,1999,0,1,1,0
https://openalex.org/W1998040118,1999,0,4,4,0
https://openalex.org/W1998060186,1999,0,3,4,0
https://openalex.org/W1998064941,1999,2,4,0,0
https://openalex.org/W1998066833,1999,3,3,4,0
https://openalex.org/W1998194836,1999,0,1,0,0
https://openalex.org/W1998281053,1999,10,4,1,0
https://openalex.org/W1998295042,1999,2,11,5,1
https://openalex.org/W1998361943,1999,0,2,1,0
https://openalex.org/W1998402664,1999,0,1,2,0
https://openalex.org/W1998497118,1999,0,2,3,0
https://openalex.org/W1998532775,1999,7,17,3,2
https://openalex.org/W1998545975,1999,4,4,6,0
https://openalex.org/W1998548404,1999,0,11,0,1
https://openalex.org/W1998551053,1999,1,3,0,0
https://openalex.org/W1998581969,1999,5,28,54,15
https://openalex.org/W1998587941,1999,0,1,0,1
https://openalex.org/W1998618139,1999,0,21,6,0
https://openalex.org/W1998621953,1999,1,9,1,0
https://openalex.org/W1998641273,1999,0,1,1,0
https://openalex.org/W1998702770,1999,1,0,3,0
https://openalex.org/W1998739144,1999,1,5,1,4
https://openalex.org/W1998794711,1999,1,1,0,0
https://openalex.org/W1998816318,1999,0,0,1,0
https://openalex.org/W1998847831,1999,0,3,1,0
https://openalex.org/W1998875293,1999,0,12,1,12
https://openalex.org/W1998935420,1999,0,4,1,1
https://openalex.org/W1998944266,1999,0,0,2,3
https://openalex.org/W1998963815,1999,0,2,2,1
https://openalex.org/W1998991109,1999,0,4,1,0
https://openalex.org/W1999067830,1999,1,7,3,0
https://openalex.org/W1999097226,1999,6,4,3,1
https://openalex.org/W1999156526,1999,0,1,0,0
https://openalex.org/W1999187046,1999,4,1,1,1
https://openalex.org/W1999198217,1999,0,6,3,0
https://openalex.org/W1999205692,1999,5,4,1,1
https://openalex.org/W1999215065,1999,0,0,1,0
https://openalex.org/W1999240522,1999,4,3,1,1
https://openalex.org/W1999250384,1999,0,3,0,1
https://openalex.org/W1999255435,1999,0,2,0,0
https://openalex.org/W1999318290,1999,12,8,1,0
https://openalex.org/W1999416848,1999,0,0,0,1
https://openalex.org/W1999420672,1999,8,9,5,3
https://openalex.org/W1999425670,1999,0,2,1,0
https://openalex.org/W1999444735,1999,0,9,2,5
https://openalex.org/W1999465573,1999,0,1,1,0
https://openalex.org/W1999471010,1999,2,8,9,1
https://openalex.org/W1999480340,1999,7,3,4,2
https://openalex.org/W1999498831,1999,1,0,1,1
https://openalex.org/W1999555169,1999,6,11,0,0
https://openalex.org/W1999565459,1999,0,8,9,6
https://openalex.org/W1999590318,1999,1,1,0,0
https://openalex.org/W1999594880,1999,0,9,0,2
https://openalex.org/W1999597324,1999,2,8,1,1
https://openalex.org/W1999601875,1999,5,2,0,1
https://openalex.org/W1999691511,1999,2,5,1,0
https://openalex.org/W1999708778,1999,0,5,0,1
https://openalex.org/W1999744876,1999,0,5,1,0
https://openalex.org/W1999817283,1999,0,2,1,0
https://openalex.org/W1999821709,1999,0,0,3,0
https://openalex.org/W1999894999,1999,1,0,1,0
https://openalex.org/W1999900496,1999,2,1,2,0
https://openalex.org/W1999946749,1999,0,1,2,1
https://openalex.org/W1999983836,1999,0,5,8,2
https://openalex.org/W2000021424,1999,8,74,50,7
https://openalex.org/W2000175197,1999,0,2,1,0
https://openalex.org/W2000221386,1999,0,4,1,0
https://openalex.org/W2000275168,1999,11,5,4,5
https://openalex.org/W2000290670,1999,0,5,5,2
https://openalex.org/W2000330238,1999,1,1,0,0
https://openalex.org/W2000403606,1999,8,1,2,2
https://openalex.org/W2000411986,1999,0,0,2,1
https://openalex.org/W2000511570,1999,0,6,2,0
https://openalex.org/W2000511867,1999,0,2,1,0
https://openalex.org/W2000528399,1999,0,1,2,0
https://openalex.org/W2000528747,1999,0,2,0,1
https://openalex.org/W2000553951,1999,0,2,2,1
https://openalex.org/W2000561243,1999,8,2,1,1
https://openalex.org/W2000584924,1999,0,11,2,1
https://openalex.org/W2000622108,1999,0,1,0,0
https://openalex.org/W2000625652,1999,1,11,0,0
https://openalex.org/W2000678458,1999,0,0,1,0
https://openalex.org/W2000690007,1999,0,1,0,0
https://openalex.org/W2000705880,1999,0,3,0,0
https://openalex.org/W2000733459,1999,0,18,3,0
https://openalex.org/W2000734492,1999,0,4,0,1
https://openalex.org/W2000757598,1999,0,0,5,0
https://openalex.org/W2000802511,1999,0,41,18,0
https://openalex.org/W2000819618,1999,0,5,0,0
https://openalex.org/W2000847369,1999,0,2,0,0
https://openalex.org/W2000864354,1999,3,6,1,1
https://openalex.org/W2000921485,1999,6,8,9,3
https://openalex.org/W2000999566,1999,2,27,8,9
https://openalex.org/W2001141266,1999,0,1,0,0
https://openalex.org/W2001159881,1999,0,7,0,1
https://openalex.org/W2001183890,1999,3,0,1,0
https://openalex.org/W2001187612,1999,0,11,0,0
https://openalex.org/W2001226714,1999,0,1,0,2
https://openalex.org/W2001240361,1999,3,4,0,0
https://openalex.org/W2001315995,1999,4,4,0,0
https://openalex.org/W2001357168,1999,3,3,3,1
https://openalex.org/W2001362221,1999,0,0,1,1
https://openalex.org/W2001379474,1999,0,0,2,1
https://openalex.org/W2001397318,1999,10,2,3,0
https://openalex.org/W2001472077,1999,3,2,3,0
https://openalex.org/W2001484811,1999,0,4,0,0
https://openalex.org/W2001507993,1999,0,1,0,0
https://openalex.org/W2001528104,1999,4,4,2,0
https://openalex.org/W2001532290,1999,0,0,1,0
https://openalex.org/W2001533061,1999,0,0,3,1
https://openalex.org/W2001542825,1999,1,6,0,1
https://openalex.org/W2001554544,1999,2,3,0,0
https://openalex.org/W2001568053,1999,0,3,2,1
https://openalex.org/W2001583599,1999,2,1,3,1
https://openalex.org/W2001602201,1999,0,1,0,0
https://openalex.org/W2001652186,1999,4,13,10,1
https://openalex.org/W2001682735,1999,0,3,0,0
https://openalex.org/W2001757546,1999,0,3,0,0
https://openalex.org/W2001759529,1999,0,1,2,0
https://openalex.org/W2001771132,1999,0,1,3,0
https://openalex.org/W2001785545,1999,2,0,1,0
https://openalex.org/W2001806356,1999,0,2,0,1
https://openalex.org/W2001807306,1999,1,1,0,0
https://openalex.org/W2001815226,1999,0,6,2,0
https://openalex.org/W2001850596,1999,1,5,0,2
https://openalex.org/W2001897101,1999,0,0,5,0
https://openalex.org/W2001899201,1999,0,0,3,0
https://openalex.org/W2002022859,1999,2,6,1,1
https://openalex.org/W2002023383,1999,0,2,0,2
https://openalex.org/W2002046220,1999,0,3,3,1
https://openalex.org/W2002052580,1999,0,1,2,0
https://openalex.org/W2002068764,1999,0,3,1,0
https://openalex.org/W2002076310,1999,4,3,3,0
https://openalex.org/W2002094234,1999,0,12,2,0
https://openalex.org/W2002125358,1999,1,0,1,0
https://openalex.org/W2002134622,1999,1,5,0,24
https://openalex.org/W2002146740,1999,5,1,3,0
https://openalex.org/W2002170450,1999,0,1,0,0
https://openalex.org/W2002207085,1999,1,6,0,1
https://openalex.org/W2002264183,1999,0,3,1,0
https://openalex.org/W2002272597,1999,1,6,5,0
https://openalex.org/W2002307525,1999,0,5,1,1
https://openalex.org/W2002311706,1999,0,0,3,0
https://openalex.org/W2002357923,1999,7,12,13,3
https://openalex.org/W2002359644,1999,2,0,1,5
https://openalex.org/W2002389026,1999,0,2,1,0
https://openalex.org/W2002423202,1999,8,6,4,0
https://openalex.org/W2002450759,1999,3,3,0,0
https://openalex.org/W2002509536,1999,3,0,3,0
https://openalex.org/W2002512693,1999,0,0,1,2
https://openalex.org/W2002536446,1999,0,11,8,2
https://openalex.org/W2002571295,1999,6,8,5,0
https://openalex.org/W2002597883,1999,5,6,2,2
https://openalex.org/W2002609766,1999,3,14,11,14
https://openalex.org/W2002670653,1999,0,3,1,0
https://openalex.org/W2002685129,1999,1,1,4,1
https://openalex.org/W2002803955,1999,0,5,0,3
https://openalex.org/W2002814750,1999,8,31,7,10
https://openalex.org/W2002815767,1999,1,7,1,0
https://openalex.org/W2002854004,1999,1,13,12,5
https://openalex.org/W2002891626,1999,0,2,1,0
https://openalex.org/W2002901639,1999,3,9,4,0
https://openalex.org/W2002966916,1999,0,7,0,1
https://openalex.org/W2002977243,1999,0,1,0,0
https://openalex.org/W2002983196,1999,1,6,1,0
https://openalex.org/W2002994689,1999,0,1,1,0
https://openalex.org/W2003030646,1999,2,2,0,0
https://openalex.org/W2003041408,1999,4,4,1,0
https://openalex.org/W2003101931,1999,0,6,1,0
https://openalex.org/W2003173534,1999,1,1,8,0
https://openalex.org/W2003218333,1999,0,6,3,2
https://openalex.org/W2003238030,1999,3,8,4,2
https://openalex.org/W2003275537,1999,0,1,0,0
https://openalex.org/W2003295114,1999,9,96,73,41
https://openalex.org/W2003322444,1999,0,3,0,0
https://openalex.org/W2003382186,1999,3,1,1,0
https://openalex.org/W2003473726,1999,0,0,3,0
https://openalex.org/W2003485240,1999,0,1,0,0
https://openalex.org/W2003497319,1999,1,3,4,2
https://openalex.org/W2003529758,1999,1,8,6,1
https://openalex.org/W2003571882,1999,0,1,1,1
https://openalex.org/W2003573005,1999,2,0,2,3
https://openalex.org/W2003595423,1999,1,0,0,2
https://openalex.org/W2003600093,1999,0,5,0,0
https://openalex.org/W2003608108,1999,0,31,39,3
https://openalex.org/W2003608663,1999,2,3,0,0
https://openalex.org/W2003618979,1999,0,3,2,0
https://openalex.org/W2003653977,1999,4,23,15,4
https://openalex.org/W2003670979,1999,4,6,5,0
https://openalex.org/W2003680501,1999,0,5,2,0
https://openalex.org/W2003704838,1999,4,5,0,0
https://openalex.org/W2003737638,1999,0,4,1,0
https://openalex.org/W2003745100,1999,0,1,1,1
https://openalex.org/W2003778356,1999,1,3,3,0
https://openalex.org/W2003796937,1999,0,2,0,0
https://openalex.org/W2003817963,1999,0,0,2,0
https://openalex.org/W2003834394,1999,0,10,3,2
https://openalex.org/W2003851062,1999,0,4,2,0
https://openalex.org/W2003853303,1999,3,3,1,2
https://openalex.org/W2003899899,1999,3,7,5,1
https://openalex.org/W2003923952,1999,1,2,0,1
https://openalex.org/W2003942742,1999,6,5,3,6
https://openalex.org/W2003982909,1999,1,2,5,1
https://openalex.org/W2004017838,1999,7,4,12,5
https://openalex.org/W2004061382,1999,0,1,0,0
https://openalex.org/W2004126569,1999,1,3,1,0
https://openalex.org/W2004139075,1999,0,4,2,0
https://openalex.org/W2004287561,1999,0,0,2,0
https://openalex.org/W2004338866,1999,0,4,3,1
https://openalex.org/W2004341270,1999,3,2,1,0
https://openalex.org/W2004346700,1999,8,0,10,0
https://openalex.org/W2004415097,1999,0,0,0,1
https://openalex.org/W2004439396,1999,9,27,18,1
https://openalex.org/W2004456261,1999,0,1,1,0
https://openalex.org/W2004460757,1999,0,8,0,1
https://openalex.org/W2004492577,1999,3,19,9,2
https://openalex.org/W2004512647,1999,2,1,3,3
https://openalex.org/W2004590510,1999,2,1,1,0
https://openalex.org/W2004609688,1999,0,16,6,4
https://openalex.org/W2004713689,1999,0,3,3,0
https://openalex.org/W2004719029,1999,3,6,1,1
https://openalex.org/W2004751437,1999,9,243,181,36
https://openalex.org/W2004760900,1999,0,4,0,1
https://openalex.org/W2004839789,1999,8,6,5,0
https://openalex.org/W2004863667,1999,1,8,7,1
https://openalex.org/W2004880209,1999,0,1,0,0
https://openalex.org/W2004898947,1999,0,0,2,1
https://openalex.org/W2004967374,1999,0,4,4,3
https://openalex.org/W2005051173,1999,1,9,3,0
https://openalex.org/W2005069169,1999,0,3,0,0
https://openalex.org/W2005086145,1999,0,0,0,3
https://openalex.org/W2005126509,1999,10,273,175,69
https://openalex.org/W2005152762,1999,1,1,0,0
https://openalex.org/W2005188405,1999,5,10,4,2
https://openalex.org/W2005209242,1999,1,3,1,0
https://openalex.org/W2005215028,1999,1,0,6,1
https://openalex.org/W2005233259,1999,1,2,3,0
https://openalex.org/W2005245074,1999,12,1,4,3
https://openalex.org/W2005259251,1999,7,15,8,1
https://openalex.org/W2005268478,1999,7,0,2,2
https://openalex.org/W2005333398,1999,0,2,2,2
https://openalex.org/W2005334341,1999,0,4,2,0
https://openalex.org/W2005336495,1999,4,2,2,2
https://openalex.org/W2005346483,1999,3,1,1,0
https://openalex.org/W2005354380,1999,0,4,6,0
https://openalex.org/W2005414611,1999,0,3,1,0
https://openalex.org/W2005474600,1999,1,5,18,3
https://openalex.org/W2005514788,1999,1,3,9,0
https://openalex.org/W2005528683,1999,0,5,2,1
https://openalex.org/W2005577145,1999,5,0,3,1
https://openalex.org/W2005591895,1999,0,0,1,1
https://openalex.org/W2005609073,1999,0,0,1,0
https://openalex.org/W2005622158,1999,0,2,2,0
https://openalex.org/W2005665588,1999,0,10,0,1
https://openalex.org/W2005731965,1999,11,9,7,1
https://openalex.org/W2005762015,1999,0,8,9,1
https://openalex.org/W2005800634,1999,6,4,2,1
https://openalex.org/W2005804427,1999,1,0,0,1
https://openalex.org/W2005805068,1999,12,11,14,4
https://openalex.org/W2005808559,1999,7,1,4,2
https://openalex.org/W2005810256,1999,0,8,5,1
https://openalex.org/W2005818986,1999,0,1,3,1
https://openalex.org/W2005837858,1999,0,1,1,0
https://openalex.org/W2005842080,1999,4,12,5,1
https://openalex.org/W2005853043,1999,0,0,2,0
https://openalex.org/W2005867831,1999,0,1,0,0
https://openalex.org/W2005894190,1999,3,11,4,1
https://openalex.org/W2005918493,1999,6,3,0,1
https://openalex.org/W2005935740,1999,2,4,2,0
https://openalex.org/W2005938385,1999,2,2,9,0
https://openalex.org/W2005985007,1999,2,1,1,0
https://openalex.org/W2006010706,1999,2,1,3,4
https://openalex.org/W2006023425,1999,1,0,2,0
https://openalex.org/W2006073209,1999,1,1,2,0
https://openalex.org/W2006093713,1999,0,3,0,0
https://openalex.org/W2006093729,1999,0,0,1,3
https://openalex.org/W2006129034,1999,1,1,1,0
https://openalex.org/W2006151331,1999,0,9,1,1
https://openalex.org/W2006169497,1999,3,16,9,0
https://openalex.org/W2006237800,1999,0,3,2,0
https://openalex.org/W2006258084,1999,0,1,2,0
https://openalex.org/W2006282131,1999,0,2,0,0
https://openalex.org/W2006301672,1999,1,0,1,0
https://openalex.org/W2006329757,1999,10,44,15,3
https://openalex.org/W2006330957,1999,0,4,1,0
https://openalex.org/W2006368424,1999,0,1,2,0
https://openalex.org/W2006390033,1999,0,13,4,0
https://openalex.org/W2006434438,1999,0,6,1,0
https://openalex.org/W2006475959,1999,0,0,0,1
https://openalex.org/W2006478039,1999,3,10,2,0
https://openalex.org/W2006494240,1999,3,1,2,1
https://openalex.org/W2006516504,1999,0,2,3,0
https://openalex.org/W2006527729,1999,0,12,1,0
https://openalex.org/W2006558870,1999,2,4,0,0
https://openalex.org/W2006561863,1999,0,4,0,0
https://openalex.org/W2006644742,1999,1,2,0,0
https://openalex.org/W2006671206,1999,0,1,2,1
https://openalex.org/W2006681190,1999,0,30,4,3
https://openalex.org/W2006687077,1999,1,3,0,0
https://openalex.org/W2006691591,1999,0,6,2,0
https://openalex.org/W2006730998,1999,0,7,0,0
https://openalex.org/W2006758734,1999,1,4,0,0
https://openalex.org/W2006784618,1999,1,2,2,0
https://openalex.org/W2006787683,1999,0,1,4,0
https://openalex.org/W2006791456,1999,0,16,3,0
https://openalex.org/W2006839183,1999,0,1,1,4
https://openalex.org/W2006873978,1999,1,4,1,0
https://openalex.org/W2006879263,1999,2,1,2,1
https://openalex.org/W2006882886,1999,2,6,0,0
https://openalex.org/W2006894386,1999,0,4,2,1
https://openalex.org/W2006905822,1999,1,1,2,0
https://openalex.org/W2006908619,1999,0,11,23,5
https://openalex.org/W2006924784,1999,0,0,1,0
https://openalex.org/W2006943649,1999,3,16,7,1
https://openalex.org/W2006947390,1999,0,2,0,1
https://openalex.org/W2007125802,1999,3,9,1,1
https://openalex.org/W2007127607,1999,0,1,0,0
https://openalex.org/W2007255474,1999,1,10,3,5
https://openalex.org/W2007256325,1999,0,2,1,2
https://openalex.org/W2007320914,1999,6,2,10,1
https://openalex.org/W2007371509,1999,0,1,0,0
https://openalex.org/W2007375496,1999,0,0,0,1
https://openalex.org/W2007381261,1999,0,5,4,0
https://openalex.org/W2007391100,1999,0,2,2,0
https://openalex.org/W2007408271,1999,1,5,0,5
https://openalex.org/W2007428746,1999,9,29,19,9
https://openalex.org/W2007438775,1999,0,10,8,3
https://openalex.org/W2007442728,1999,0,4,3,1
https://openalex.org/W2007459115,1999,0,10,1,1
https://openalex.org/W2007468383,1999,1,1,2,2
https://openalex.org/W2007525013,1999,5,6,6,1
https://openalex.org/W2007579264,1999,9,0,1,0
https://openalex.org/W2007603529,1999,4,10,4,1
https://openalex.org/W2007666588,1999,4,17,4,1
https://openalex.org/W2007696398,1999,0,5,2,0
https://openalex.org/W2007716612,1999,0,0,8,1
https://openalex.org/W2007728433,1999,1,5,1,1
https://openalex.org/W2007785303,1999,3,2,1,0
https://openalex.org/W2007859087,1999,0,0,3,0
https://openalex.org/W2007921428,1999,5,12,8,2
https://openalex.org/W2007966173,1999,0,7,1,0
https://openalex.org/W2007979223,1999,0,3,0,0
https://openalex.org/W2007985648,1999,0,1,0,0
https://openalex.org/W2008016184,1999,0,2,1,0
https://openalex.org/W2008019197,1999,7,0,2,1
https://openalex.org/W2008063705,1999,0,0,0,2
https://openalex.org/W2008065625,1999,0,3,1,1
https://openalex.org/W2008199734,1999,0,3,1,0
https://openalex.org/W2008201003,1999,0,0,3,0
https://openalex.org/W2008227278,1999,0,1,0,0
https://openalex.org/W2008232513,1999,0,0,2,0
https://openalex.org/W2008270960,1999,1,1,1,1
https://openalex.org/W2008271265,1999,10,22,5,2
https://openalex.org/W2008289178,1999,0,1,0,0
https://openalex.org/W2008331346,1999,0,3,0,1
https://openalex.org/W2008335576,1999,4,13,2,0
https://openalex.org/W2008355295,1999,11,17,42,9
https://openalex.org/W2008357735,1999,0,1,1,1
https://openalex.org/W2008368662,1999,10,84,61,5
https://openalex.org/W2008380538,1999,5,4,1,2
https://openalex.org/W2008437928,1999,2,1,1,1
https://openalex.org/W2008477163,1999,0,0,11,19
https://openalex.org/W2008480230,1999,0,1,2,0
https://openalex.org/W2008513875,1999,0,26,2,4
https://openalex.org/W2008562129,1999,8,18,0,0
https://openalex.org/W2008577121,1999,7,37,16,3
https://openalex.org/W2008582829,1999,1,2,0,0
https://openalex.org/W2008603859,1999,1,3,0,0
https://openalex.org/W2008645690,1999,0,5,4,0
https://openalex.org/W2008788793,1999,4,6,2,0
https://openalex.org/W2008789470,1999,0,9,4,0
https://openalex.org/W2008850960,1999,0,2,0,0
https://openalex.org/W2008897702,1999,3,7,3,0
https://openalex.org/W2008905881,1999,0,2,0,4
https://openalex.org/W2008923533,1999,2,3,2,0
https://openalex.org/W2008934066,1999,5,4,1,2
https://openalex.org/W2008958223,1999,10,17,14,1
https://openalex.org/W2009009364,1999,3,4,4,0
https://openalex.org/W2009018988,1999,0,3,1,0
https://openalex.org/W2009021886,1999,10,6,3,2
https://openalex.org/W2009115647,1999,1,0,3,0
https://openalex.org/W2009240867,1999,0,0,4,0
https://openalex.org/W2009249166,1999,0,3,0,0
https://openalex.org/W2009279257,1999,2,6,6,0
https://openalex.org/W2009303251,1999,0,5,0,0
https://openalex.org/W2009365433,1999,0,7,4,0
https://openalex.org/W2009370684,1999,0,5,0,1
https://openalex.org/W2009380888,1999,0,3,7,0
https://openalex.org/W2009390800,1999,1,34,7,0
https://openalex.org/W2009418362,1999,7,4,3,1
https://openalex.org/W2009452659,1999,6,3,0,2
https://openalex.org/W2009481804,1999,0,3,3,1
https://openalex.org/W2009512802,1999,4,109,3,1
https://openalex.org/W2009524254,1999,0,1,7,0
https://openalex.org/W2009618549,1999,0,1,6,6
https://openalex.org/W2009630741,1999,0,5,0,0
https://openalex.org/W2009645353,1999,0,2,0,0
https://openalex.org/W2009710419,1999,1,0,0,1
https://openalex.org/W2009744061,1999,7,13,10,2
https://openalex.org/W2009759281,1999,1,2,5,1
https://openalex.org/W2009778089,1999,0,4,8,1
https://openalex.org/W2009790577,1999,1,1,2,0
https://openalex.org/W2009820456,1999,2,18,10,2
https://openalex.org/W2009855335,1999,0,3,3,2
https://openalex.org/W2009861430,1999,1,0,2,0
https://openalex.org/W2009874435,1999,2,8,6,0
https://openalex.org/W2009905219,1999,2,8,5,0
https://openalex.org/W2009943513,1999,0,1,0,0
https://openalex.org/W2009947935,1999,0,3,0,1
https://openalex.org/W2010013522,1999,1,6,5,0
https://openalex.org/W2010061348,1999,7,0,1,0
https://openalex.org/W2010069051,1999,1,4,3,0
https://openalex.org/W2010070205,1999,3,3,12,5
https://openalex.org/W2010073725,1999,1,4,1,0
https://openalex.org/W2010083089,1999,0,2,3,2
https://openalex.org/W2010089936,1999,9,5,1,0
https://openalex.org/W2010221273,1999,0,1,15,16
https://openalex.org/W2010238815,1999,0,1,0,0
https://openalex.org/W2010317480,1999,5,2,4,2
https://openalex.org/W2010324727,1999,0,3,0,0
https://openalex.org/W2010335716,1999,0,2,2,1
https://openalex.org/W2010339014,1999,4,4,6,2
https://openalex.org/W2010395113,1999,2,1,0,1
https://openalex.org/W2010406554,1999,0,1,12,0
https://openalex.org/W2010412019,1999,3,2,2,0
https://openalex.org/W2010434975,1999,1,1,2,2
https://openalex.org/W2010440098,1999,4,8,11,12
https://openalex.org/W2010461885,1999,4,6,2,1
https://openalex.org/W2010465560,1999,0,3,0,0
https://openalex.org/W2010499205,1999,4,3,1,0
https://openalex.org/W2010506452,1999,0,1,0,0
https://openalex.org/W2010587744,1999,2,5,0,1
https://openalex.org/W2010612499,1999,0,1,1,1
https://openalex.org/W2010624101,1999,5,16,12,3
https://openalex.org/W2010647521,1999,0,1,1,1
https://openalex.org/W2010651594,1999,0,2,1,0
https://openalex.org/W2010696442,1999,0,7,2,0
https://openalex.org/W2010790479,1999,2,2,0,0
https://openalex.org/W2010973407,1999,3,1,12,0
https://openalex.org/W2010986848,1999,8,37,14,0
https://openalex.org/W2011044625,1999,0,1,0,0
https://openalex.org/W2011051505,1999,0,7,0,4
https://openalex.org/W2011084360,1999,3,2,6,5
https://openalex.org/W2011088907,1999,0,21,6,1
https://openalex.org/W2011126210,1999,3,2,1,0
https://openalex.org/W2011206252,1999,9,20,9,5
https://openalex.org/W2011235145,1999,0,1,0,0
https://openalex.org/W2011237727,1999,1,0,1,0
https://openalex.org/W2011256334,1999,0,7,9,3
https://openalex.org/W2011258335,1999,1,2,1,0
https://openalex.org/W2011267763,1999,9,45,35,41
https://openalex.org/W2011294595,1999,1,4,5,0
https://openalex.org/W2011357317,1999,11,131,74,19
https://openalex.org/W2011426025,1999,0,2,5,0
https://openalex.org/W2011529340,1999,2,1,1,0
https://openalex.org/W2011538717,1999,1,1,2,1
https://openalex.org/W2011564495,1999,10,0,2,5
https://openalex.org/W2011600025,1999,0,0,1,1
https://openalex.org/W2011694928,1999,0,2,1,0
https://openalex.org/W2011708601,1999,0,1,0,0
https://openalex.org/W2011711359,1999,0,3,0,0
https://openalex.org/W2011728882,1999,2,3,0,3
https://openalex.org/W2011740898,1999,2,8,11,1
https://openalex.org/W2011745389,1999,0,0,1,0
https://openalex.org/W2011784330,1999,5,3,2,2
https://openalex.org/W2011808344,1999,4,3,2,0
https://openalex.org/W2011819362,1999,0,4,1,0
https://openalex.org/W2011825529,1999,0,2,1,0
https://openalex.org/W2011853081,1999,2,21,9,1
https://openalex.org/W2011867918,1999,2,5,2,0
https://openalex.org/W2011872951,1999,0,1,0,1
https://openalex.org/W2011875221,1999,8,16,8,0
https://openalex.org/W2011888866,1999,0,43,0,0
https://openalex.org/W2011938666,1999,0,2,1,0
https://openalex.org/W2011944911,1999,3,0,3,1
https://openalex.org/W2012053634,1999,7,19,6,2
https://openalex.org/W2012066591,1999,5,3,2,1
https://openalex.org/W2012086489,1999,12,18,3,2
https://openalex.org/W2012168407,1999,2,0,2,0
https://openalex.org/W2012188457,1999,0,6,1,0
https://openalex.org/W2012241171,1999,2,4,3,1
https://openalex.org/W2012256280,1999,3,4,0,1
https://openalex.org/W2012286903,1999,0,1,1,0
https://openalex.org/W2012312572,1999,1,2,3,0
https://openalex.org/W2012319536,1999,0,6,2,0
https://openalex.org/W2012325838,1999,1,0,4,0
https://openalex.org/W2012331455,1999,7,13,12,19
https://openalex.org/W2012340361,1999,0,2,1,1
https://openalex.org/W2012345874,1999,6,4,3,0
https://openalex.org/W2012349262,1999,0,9,4,0
https://openalex.org/W2012399614,1999,1,1,0,0
https://openalex.org/W2012439840,1999,0,3,0,0
https://openalex.org/W2012465778,1999,0,0,1,0
https://openalex.org/W2012505168,1999,0,2,4,0
https://openalex.org/W2012555883,1999,0,0,3,0
https://openalex.org/W2012558758,1999,3,2,8,7
https://openalex.org/W2012611489,1999,10,33,110,6
https://openalex.org/W2012659617,1999,0,1,1,0
https://openalex.org/W2012702177,1999,0,15,3,2
https://openalex.org/W2012738065,1999,7,7,1,0
https://openalex.org/W2012780687,1999,0,0,1,0
https://openalex.org/W2012824651,1999,3,5,2,3
https://openalex.org/W2012878459,1999,6,5,0,0
https://openalex.org/W2012893409,1999,3,0,1,0
https://openalex.org/W2012933977,1999,0,3,5,3
https://openalex.org/W2012951599,1999,4,2,2,1
https://openalex.org/W2013026385,1999,0,0,1,0
https://openalex.org/W2013073243,1999,0,1,0,0
https://openalex.org/W2013084609,1999,3,0,1,0
https://openalex.org/W2013085431,1999,0,4,3,3
https://openalex.org/W2013129556,1999,11,3,10,2
https://openalex.org/W2013166289,1999,1,0,0,1
https://openalex.org/W2013169018,1999,2,3,6,3
https://openalex.org/W2013181495,1999,0,6,11,0
https://openalex.org/W2013204762,1999,1,1,0,1
https://openalex.org/W2013213606,1999,1,0,2,1
https://openalex.org/W2013238370,1999,0,2,1,0
https://openalex.org/W2013245270,1999,0,1,1,0
https://openalex.org/W2013299268,1999,0,1,2,2
https://openalex.org/W2013330240,1999,2,6,5,0
https://openalex.org/W2013343678,1999,0,2,1,0
https://openalex.org/W2013346996,1999,7,12,3,1
https://openalex.org/W2013366740,1999,1,2,2,0
https://openalex.org/W2013375230,1999,0,3,0,0
https://openalex.org/W2013420365,1999,1,1,2,1
https://openalex.org/W2013437663,1999,3,1,0,0
https://openalex.org/W2013468014,1999,4,6,4,2
https://openalex.org/W2013477944,1999,0,3,1,0
https://openalex.org/W2013486011,1999,3,1,0,0
https://openalex.org/W2013500581,1999,11,2,24,1
https://openalex.org/W2013568648,1999,0,1,0,0
https://openalex.org/W2013587601,1999,0,1,1,1
https://openalex.org/W2013608469,1999,1,4,0,0
https://openalex.org/W2013632840,1999,2,2,0,0
https://openalex.org/W2013669669,1999,0,7,2,0
https://openalex.org/W2013685891,1999,0,8,2,1
https://openalex.org/W2013707034,1999,0,3,5,0
https://openalex.org/W2013750112,1999,0,5,3,0
https://openalex.org/W2013803578,1999,2,23,2,11
https://openalex.org/W2013840543,1999,0,1,1,1
https://openalex.org/W2013840600,1999,0,4,3,0
https://openalex.org/W2013908327,1999,0,3,0,0
https://openalex.org/W2013914584,1999,0,1,4,2
https://openalex.org/W2013932337,1999,0,1,1,0
https://openalex.org/W2013976497,1999,0,1,1,0
https://openalex.org/W2013987166,1999,11,10,16,5
https://openalex.org/W2013998553,1999,0,1,0,2
https://openalex.org/W2014000691,1999,5,2,7,0
https://openalex.org/W2014025436,1999,1,1,0,0
https://openalex.org/W2014069431,1999,0,2,1,0
https://openalex.org/W2014083067,1999,0,1,1,5
https://openalex.org/W2014096676,1999,3,2,3,0
https://openalex.org/W2014132725,1999,0,2,1,1
https://openalex.org/W2014140073,1999,3,3,1,1
https://openalex.org/W2014159697,1999,0,2,0,0
https://openalex.org/W2014249446,1999,1,3,0,0
https://openalex.org/W2014306243,1999,0,4,1,0
https://openalex.org/W2014312930,1999,0,0,0,1
https://openalex.org/W2014377066,1999,0,1,0,0
https://openalex.org/W2014394864,1999,0,32,9,0
https://openalex.org/W2014492224,1999,0,0,1,0
https://openalex.org/W2014518020,1999,3,9,2,0
https://openalex.org/W2014523734,1999,7,17,31,3
https://openalex.org/W2014572636,1999,5,8,1,1
https://openalex.org/W2014580818,1999,0,1,0,0
https://openalex.org/W2014598504,1999,3,3,2,0
https://openalex.org/W2014606493,1999,0,44,12,9
https://openalex.org/W2014641508,1999,0,1,0,2
https://openalex.org/W2014645788,1999,1,3,0,0
https://openalex.org/W2014656203,1999,0,1,0,0
https://openalex.org/W2014656606,1999,0,8,1,0
https://openalex.org/W2014671723,1999,0,1,0,1
https://openalex.org/W2014715272,1999,3,14,0,1
https://openalex.org/W2014811507,1999,4,1,4,2
https://openalex.org/W2014819395,1999,4,10,0,4
https://openalex.org/W2014846064,1999,1,5,2,1
https://openalex.org/W2014931131,1999,0,3,8,1
https://openalex.org/W2014979390,1999,0,1,0,0
https://openalex.org/W2015018932,1999,0,5,8,0
https://openalex.org/W2015034102,1999,7,7,7,4
https://openalex.org/W2015085300,1999,0,1,0,0
https://openalex.org/W2015143313,1999,5,3,1,2
https://openalex.org/W2015146545,1999,5,36,42,5
https://openalex.org/W2015169595,1999,0,0,3,0
https://openalex.org/W2015251536,1999,2,0,0,3
https://openalex.org/W2015269595,1999,2,2,2,0
https://openalex.org/W2015354002,1999,0,4,0,0
https://openalex.org/W2015360317,1999,7,20,17,1
https://openalex.org/W2015455329,1999,0,0,2,0
https://openalex.org/W2015458514,1999,0,1,1,1
https://openalex.org/W2015473832,1999,2,15,0,0
https://openalex.org/W2015531088,1999,0,5,0,0
https://openalex.org/W2015537135,1999,2,3,0,0
https://openalex.org/W2015546901,1999,2,5,0,1
https://openalex.org/W2015550921,1999,0,2,1,0
https://openalex.org/W2015557469,1999,0,0,2,0
https://openalex.org/W2015578166,1999,0,6,1,0
https://openalex.org/W2015588710,1999,0,8,5,0
https://openalex.org/W2015615544,1999,7,5,0,0
https://openalex.org/W2015630785,1999,2,10,2,3
https://openalex.org/W2015638146,1999,2,2,10,1
https://openalex.org/W2015691936,1999,0,5,3,3
https://openalex.org/W2015716095,1999,0,4,0,1
https://openalex.org/W2015727342,1999,4,89,18,3
https://openalex.org/W2015743978,1999,0,5,1,0
https://openalex.org/W2015758285,1999,0,1,1,2
https://openalex.org/W2015804157,1999,0,14,3,1
https://openalex.org/W2015830046,1999,0,1,0,0
https://openalex.org/W2015880941,1999,0,2,0,0
https://openalex.org/W2015889212,1999,1,1,2,0
https://openalex.org/W2015906074,1999,12,12,7,2
https://openalex.org/W2015908509,1999,3,7,0,0
https://openalex.org/W2016037706,1999,2,3,11,1
https://openalex.org/W2016038091,1999,4,27,16,4
https://openalex.org/W2016066782,1999,2,0,1,1
https://openalex.org/W2016086487,1999,0,3,2,0
https://openalex.org/W2016087945,1999,4,11,7,2
https://openalex.org/W2016106573,1999,0,2,0,0
https://openalex.org/W2016111666,1999,0,1,0,0
https://openalex.org/W2016132405,1999,0,5,4,0
https://openalex.org/W2016169561,1999,6,0,2,3
https://openalex.org/W2016206553,1999,9,2,22,25
https://openalex.org/W2016236405,1999,0,2,0,0
https://openalex.org/W2016243951,1999,0,1,2,1
https://openalex.org/W2016283560,1999,2,2,2,0
https://openalex.org/W2016301105,1999,0,2,0,0
https://openalex.org/W2016302833,1999,0,0,0,1
https://openalex.org/W2016426408,1999,1,12,20,1
https://openalex.org/W2016476998,1999,7,31,2,4
https://openalex.org/W2016556105,1999,0,0,4,0
https://openalex.org/W2016613477,1999,0,9,3,1
https://openalex.org/W2016620669,1999,5,5,2,2
https://openalex.org/W2016727222,1999,0,0,2,0
https://openalex.org/W2016823725,1999,0,0,1,1
https://openalex.org/W2016869206,1999,0,0,2,0
https://openalex.org/W2016871345,1999,0,0,1,0
https://openalex.org/W2016876439,1999,1,2,2,0
https://openalex.org/W2016890249,1999,3,12,3,3
https://openalex.org/W2016908925,1999,0,0,4,1
https://openalex.org/W2016941483,1999,6,11,22,1
https://openalex.org/W2016948316,1999,1,4,0,1
https://openalex.org/W2016954829,1999,0,11,4,1
https://openalex.org/W2016976696,1999,0,9,7,2
https://openalex.org/W2016989399,1999,1,3,1,2
https://openalex.org/W2017017141,1999,0,1,0,0
https://openalex.org/W2017069049,1999,0,0,1,0
https://openalex.org/W2017117394,1999,0,6,2,0
https://openalex.org/W2017128611,1999,0,0,0,1
https://openalex.org/W2017166749,1999,10,16,0,0
https://openalex.org/W2017169287,1999,2,11,4,6
https://openalex.org/W2017265398,1999,2,6,1,0
https://openalex.org/W2017289939,1999,0,2,1,0
https://openalex.org/W2017339867,1999,0,24,6,4
https://openalex.org/W2017350255,1999,1,3,4,0
https://openalex.org/W2017367659,1999,0,29,13,2
https://openalex.org/W2017405496,1999,0,2,0,1
https://openalex.org/W2017417462,1999,0,7,7,2
https://openalex.org/W2017496796,1999,0,1,5,0
https://openalex.org/W2017524877,1999,3,4,0,0
https://openalex.org/W2017527664,1999,0,3,2,0
https://openalex.org/W2017536004,1999,0,3,1,0
https://openalex.org/W2017587350,1999,0,3,0,0
https://openalex.org/W2017715398,1999,9,17,7,2
https://openalex.org/W2017715922,1999,6,3,0,3
https://openalex.org/W2017738687,1999,9,11,0,1
https://openalex.org/W2017752850,1999,3,18,2,0
https://openalex.org/W2017764385,1999,0,1,0,0
https://openalex.org/W2017775659,1999,0,1,0,0
https://openalex.org/W2017786702,1999,0,1,0,0
https://openalex.org/W2017825550,1999,0,0,1,0
https://openalex.org/W2017868847,1999,3,19,3,5
https://openalex.org/W2017872499,1999,0,11,1,1
https://openalex.org/W2017894113,1999,0,2,0,0
https://openalex.org/W2017918376,1999,4,4,0,0
https://openalex.org/W2017919318,1999,0,0,1,0
https://openalex.org/W2017924319,1999,0,1,0,0
https://openalex.org/W2017982296,1999,0,2,0,0
https://openalex.org/W2018015695,1999,0,15,4,0
https://openalex.org/W2018016662,1999,2,2,2,0
https://openalex.org/W2018060319,1999,0,7,3,0
https://openalex.org/W2018201207,1999,0,0,2,0
https://openalex.org/W2018215621,1999,0,5,0,0
https://openalex.org/W2018250268,1999,0,1,2,0
https://openalex.org/W2018250707,1999,11,39,20,4
https://openalex.org/W2018371577,1999,6,13,8,6
https://openalex.org/W2018391816,1999,3,17,10,2
https://openalex.org/W2018415696,1999,0,0,1,0
https://openalex.org/W2018443790,1999,3,2,3,0
https://openalex.org/W2018473231,1999,3,3,4,0
https://openalex.org/W2018480985,1999,2,4,4,5
https://openalex.org/W2018542443,1999,7,10,3,2
https://openalex.org/W2018554299,1999,0,1,1,1
https://openalex.org/W2018575473,1999,1,0,1,0
https://openalex.org/W2018656225,1999,5,1,2,1
https://openalex.org/W2018678136,1999,0,9,10,0
https://openalex.org/W2018698840,1999,0,4,4,0
https://openalex.org/W2018746161,1999,2,1,3,3
https://openalex.org/W2018754502,1999,0,2,0,0
https://openalex.org/W2018774230,1999,0,1,1,0
https://openalex.org/W2018805313,1999,0,0,1,0
https://openalex.org/W2018839421,1999,0,2,0,0
https://openalex.org/W2018863110,1999,0,10,3,1
https://openalex.org/W2018869760,1999,0,2,3,1
https://openalex.org/W2018888480,1999,1,3,4,0
https://openalex.org/W2019019617,1999,1,2,2,0
https://openalex.org/W2019021205,1999,5,301,77,19
https://openalex.org/W2019253369,1999,4,8,2,1
https://openalex.org/W2019299300,1999,0,8,4,0
https://openalex.org/W2019331832,1999,0,6,0,0
https://openalex.org/W2019354973,1999,0,1,4,0
https://openalex.org/W2019451802,1999,0,1,1,0
https://openalex.org/W2019473306,1999,2,2,3,0
https://openalex.org/W2019509208,1999,12,5,1,0
https://openalex.org/W2019551120,1999,1,4,1,0
https://openalex.org/W2019584881,1999,0,0,4,0
https://openalex.org/W2019610802,1999,0,3,1,1
https://openalex.org/W2019636982,1999,1,3,2,0
https://openalex.org/W2019641963,1999,1,1,3,0
https://openalex.org/W2019658753,1999,2,2,1,0
https://openalex.org/W2019670562,1999,0,5,1,0
https://openalex.org/W2019693401,1999,1,1,1,0
https://openalex.org/W2019707273,1999,1,2,1,0
https://openalex.org/W2019726594,1999,9,127,23,11
https://openalex.org/W2019755619,1999,0,2,1,1
https://openalex.org/W2019756156,1999,1,2,2,1
https://openalex.org/W2019841763,1999,0,1,1,0
https://openalex.org/W2019935220,1999,0,3,2,1
https://openalex.org/W2019952063,1999,0,1,1,0
https://openalex.org/W2020042553,1999,0,11,0,0
https://openalex.org/W2020115109,1999,4,3,1,1
https://openalex.org/W2020135224,1999,2,8,2,4
https://openalex.org/W2020188340,1999,0,1,4,0
https://openalex.org/W2020200876,1999,12,89,40,22
https://openalex.org/W2020200924,1999,0,1,0,0
https://openalex.org/W2020206890,1999,0,11,5,0
https://openalex.org/W2020243835,1999,0,13,5,3
https://openalex.org/W2020258394,1999,1,3,0,0
https://openalex.org/W2020303580,1999,0,1,1,0
https://openalex.org/W2020351770,1999,0,1,0,0
https://openalex.org/W2020358938,1999,5,12,3,2
https://openalex.org/W2020362255,1999,12,2,1,2
https://openalex.org/W2020365538,1999,6,3,4,2
https://openalex.org/W2020423306,1999,0,2,1,0
https://openalex.org/W2020424184,1999,0,15,2,4
https://openalex.org/W2020434943,1999,3,0,1,0
https://openalex.org/W2020444896,1999,1,3,1,0
https://openalex.org/W2020455260,1999,0,2,0,0
https://openalex.org/W2020461395,1999,0,7,2,0
https://openalex.org/W2020583876,1999,0,3,0,1
https://openalex.org/W2020600140,1999,4,3,0,0
https://openalex.org/W2020629500,1999,0,0,2,0
https://openalex.org/W2020644375,1999,0,3,4,0
https://openalex.org/W2020691976,1999,3,7,0,0
https://openalex.org/W2020796003,1999,1,0,1,1
https://openalex.org/W2020904260,1999,0,1,0,0
https://openalex.org/W2020937948,1999,1,0,1,0
https://openalex.org/W2020957558,1999,1,6,0,0
https://openalex.org/W2020987585,1999,0,1,0,0
https://openalex.org/W2021028727,1999,0,3,6,0
https://openalex.org/W2021035776,1999,2,2,0,7
https://openalex.org/W2021039881,1999,8,21,1,5
https://openalex.org/W2021088969,1999,0,8,0,0
https://openalex.org/W2021114426,1999,6,0,4,1
https://openalex.org/W2021157368,1999,9,127,100,31
https://openalex.org/W2021194562,1999,0,5,2,0
https://openalex.org/W2021204519,1999,0,0,1,0
https://openalex.org/W2021205451,1999,0,1,0,0
https://openalex.org/W2021216826,1999,2,7,0,0
https://openalex.org/W2021233299,1999,2,0,0,2
https://openalex.org/W2021240466,1999,0,5,4,0
https://openalex.org/W2021252672,1999,6,9,6,2
https://openalex.org/W2021265829,1999,3,5,0,0
https://openalex.org/W2021306760,1999,3,4,3,0
https://openalex.org/W2021361474,1999,2,4,0,1
https://openalex.org/W2021395219,1999,8,1,6,2
https://openalex.org/W2021401267,1999,4,4,3,1
https://openalex.org/W2021439688,1999,0,3,1,0
https://openalex.org/W2021500818,1999,0,6,0,0
https://openalex.org/W2021527348,1999,8,55,67,14
https://openalex.org/W2021622695,1999,0,0,1,1
https://openalex.org/W2021651064,1999,0,0,0,1
https://openalex.org/W2021664075,1999,0,0,1,0
https://openalex.org/W2021666366,1999,2,3,0,0
https://openalex.org/W2021721243,1999,1,7,0,1
https://openalex.org/W2021722436,1999,9,42,31,1
https://openalex.org/W2021764710,1999,4,2,4,0
https://openalex.org/W2021791551,1999,0,0,2,0
https://openalex.org/W2021813974,1999,0,1,1,0
https://openalex.org/W2021814371,1999,9,10,12,3
https://openalex.org/W2021828170,1999,0,4,2,1
https://openalex.org/W2021828802,1999,8,11,6,0
https://openalex.org/W2021830735,1999,2,3,3,0
https://openalex.org/W2021834950,1999,0,3,0,0
https://openalex.org/W2021840884,1999,0,3,0,0
https://openalex.org/W2021924952,1999,10,23,4,1
https://openalex.org/W2021958286,1999,2,2,6,0
https://openalex.org/W2021985565,1999,0,4,5,1
https://openalex.org/W2022044465,1999,2,0,4,1
https://openalex.org/W2022198193,1999,7,24,16,0
https://openalex.org/W2022200937,1999,0,0,1,0
https://openalex.org/W2022218443,1999,0,1,3,0
https://openalex.org/W2022257494,1999,1,5,2,0
https://openalex.org/W2022282252,1999,0,1,0,0
https://openalex.org/W2022309398,1999,6,6,21,1
https://openalex.org/W2022381350,1999,0,7,2,4
https://openalex.org/W2022419149,1999,4,3,2,0
https://openalex.org/W2022472987,1999,2,3,0,0
https://openalex.org/W2022483303,1999,3,11,2,3
https://openalex.org/W2022487102,1999,0,1,4,0
https://openalex.org/W2022487465,1999,10,54,41,15
https://openalex.org/W2022494032,1999,0,0,1,0
https://openalex.org/W2022500525,1999,1,1,2,1
https://openalex.org/W2022504365,1999,1,3,3,0
https://openalex.org/W2022553152,1999,0,2,1,1
https://openalex.org/W2022570095,1999,0,5,2,0
https://openalex.org/W2022596421,1999,2,3,10,2
https://openalex.org/W2022686663,1999,5,11,7,5
https://openalex.org/W2022712700,1999,2,1,3,0
https://openalex.org/W2022714837,1999,0,2,0,0
https://openalex.org/W2022770949,1999,1,6,12,0
https://openalex.org/W2022858938,1999,0,1,0,0
https://openalex.org/W2022866196,1999,0,4,0,1
https://openalex.org/W2022876023,1999,0,2,1,0
https://openalex.org/W2022876675,1999,6,2,1,1
https://openalex.org/W2022922022,1999,3,4,1,2
https://openalex.org/W2022930063,1999,0,0,2,0
https://openalex.org/W2022939127,1999,0,3,1,0
https://openalex.org/W2022948235,1999,8,39,12,16
https://openalex.org/W2022990535,1999,0,3,0,0
https://openalex.org/W2023025695,1999,0,38,6,14
https://openalex.org/W2023081662,1999,0,9,4,1
https://openalex.org/W2023081839,1999,0,3,1,0
https://openalex.org/W2023094792,1999,10,30,25,10
https://openalex.org/W2023113365,1999,6,2,2,1
https://openalex.org/W2023161529,1999,10,9,12,0
https://openalex.org/W2023182319,1999,3,2,1,0
https://openalex.org/W2023264563,1999,0,1,0,1
https://openalex.org/W2023299171,1999,5,3,0,0
https://openalex.org/W2023311977,1999,0,2,1,0
https://openalex.org/W2023316051,1999,2,3,1,0
https://openalex.org/W2023322592,1999,4,4,3,10
https://openalex.org/W2023333889,1999,0,2,4,0
https://openalex.org/W2023346440,1999,0,1,1,0
https://openalex.org/W2023374412,1999,1,4,1,0
https://openalex.org/W2023406872,1999,1,11,3,1
https://openalex.org/W2023482320,1999,0,11,1,0
https://openalex.org/W2023509097,1999,0,2,0,0
https://openalex.org/W2023514021,1999,3,10,6,1
https://openalex.org/W2023552129,1999,5,34,7,4
https://openalex.org/W2023556823,1999,0,0,1,0
https://openalex.org/W2023612750,1999,3,9,12,0
https://openalex.org/W2023676929,1999,0,3,3,1
https://openalex.org/W2023691595,1999,0,1,6,2
https://openalex.org/W2023728934,1999,0,4,0,0
https://openalex.org/W2023735145,1999,11,15,5,2
https://openalex.org/W2023753803,1999,2,5,3,0
https://openalex.org/W2023769944,1999,0,2,0,0
https://openalex.org/W2023784248,1999,0,1,0,1
https://openalex.org/W2023810182,1999,0,2,4,0
https://openalex.org/W2023848502,1999,3,0,1,0
https://openalex.org/W2023853032,1999,0,14,3,1
https://openalex.org/W2023854726,1999,3,7,2,7
https://openalex.org/W2023874385,1999,0,2,3,0
https://openalex.org/W2023889672,1999,0,3,6,1
https://openalex.org/W2023892290,1999,0,2,0,1
https://openalex.org/W2023917325,1999,0,7,0,1
https://openalex.org/W2023918749,1999,2,2,0,1
https://openalex.org/W2023946986,1999,0,2,1,0
https://openalex.org/W2023993017,1999,0,0,1,0
https://openalex.org/W2024116563,1999,6,6,1,0
https://openalex.org/W2024156963,1999,0,5,1,2
https://openalex.org/W2024197131,1999,3,0,2,1
https://openalex.org/W2024275783,1999,0,16,3,5
https://openalex.org/W2024279713,1999,1,0,1,0
https://openalex.org/W2024339761,1999,8,38,4,0
https://openalex.org/W2024376969,1999,5,2,6,1
https://openalex.org/W2024428236,1999,0,3,1,1
https://openalex.org/W2024461928,1999,2,7,5,2
https://openalex.org/W2024532518,1999,0,3,0,0
https://openalex.org/W2024537902,1999,2,10,7,0
https://openalex.org/W2024538181,1999,5,2,2,1
https://openalex.org/W2024559032,1999,0,3,5,0
https://openalex.org/W2024612664,1999,0,2,4,0
https://openalex.org/W2024613207,1999,1,5,4,0
https://openalex.org/W2024623944,1999,0,5,5,4
https://openalex.org/W2024648395,1999,0,3,0,0
https://openalex.org/W2024675822,1999,1,3,1,2
https://openalex.org/W2024720995,1999,0,1,0,0
https://openalex.org/W2024731537,1999,3,2,1,0
https://openalex.org/W2024747757,1999,0,2,1,0
https://openalex.org/W2024793491,1999,0,1,0,0
https://openalex.org/W2024817951,1999,4,47,64,17
https://openalex.org/W2024818470,1999,0,7,5,10
https://openalex.org/W2024840442,1999,0,6,1,0
https://openalex.org/W2024896900,1999,0,1,1,1
https://openalex.org/W2025015858,1999,2,2,1,0
https://openalex.org/W2025023225,1999,0,18,2,0
https://openalex.org/W2025025524,1999,1,3,2,0
https://openalex.org/W2025039034,1999,0,1,1,0
https://openalex.org/W2025091051,1999,3,2,0,1
https://openalex.org/W2025096488,1999,2,3,1,1
https://openalex.org/W2025156815,1999,0,3,0,0
https://openalex.org/W2025200203,1999,2,15,2,2
https://openalex.org/W2025225920,1999,12,12,32,5
https://openalex.org/W2025309982,1999,8,1,1,3
https://openalex.org/W2025333083,1999,4,5,1,5
https://openalex.org/W2025381087,1999,0,5,0,0
https://openalex.org/W2025391958,1999,0,3,0,0
https://openalex.org/W2025434642,1999,0,2,0,0
https://openalex.org/W2025486906,1999,10,21,9,3
https://openalex.org/W2025491047,1999,8,7,25,3
https://openalex.org/W2025548668,1999,0,1,0,0
https://openalex.org/W2025563725,1999,0,3,0,0
https://openalex.org/W2025589582,1999,3,0,0,1
https://openalex.org/W2025593439,1999,0,8,1,1
https://openalex.org/W2025599166,1999,0,0,1,0
https://openalex.org/W2025614386,1999,0,1,0,0
https://openalex.org/W2025698671,1999,1,2,6,0
https://openalex.org/W2025727748,1999,0,0,1,0
https://openalex.org/W2025735462,1999,2,2,1,0
https://openalex.org/W2025781803,1999,10,28,5,0
https://openalex.org/W2025794896,1999,0,5,0,0
https://openalex.org/W2025798968,1999,6,34,50,15
https://openalex.org/W2025824414,1999,1,6,0,1
https://openalex.org/W2025831499,1999,2,3,1,1
https://openalex.org/W2025831731,1999,0,2,1,0
https://openalex.org/W2025850034,1999,5,10,5,0
https://openalex.org/W2025898727,1999,11,59,104,5
https://openalex.org/W2025918669,1999,0,0,1,0
https://openalex.org/W2025952199,1999,0,5,0,0
https://openalex.org/W2025955517,1999,0,2,0,1
https://openalex.org/W2026000980,1999,7,14,17,9
https://openalex.org/W2026005392,1999,0,4,8,1
https://openalex.org/W2026069875,1999,0,0,1,0
https://openalex.org/W2026073206,1999,3,11,1,0
https://openalex.org/W2026159455,1999,0,4,1,0
https://openalex.org/W2026171183,1999,0,0,2,0
https://openalex.org/W2026211868,1999,0,1,0,0
https://openalex.org/W2026236579,1999,0,1,0,1
https://openalex.org/W2026322356,1999,3,2,3,0
https://openalex.org/W2026369795,1999,2,0,1,0
https://openalex.org/W2026370989,1999,0,2,0,0
https://openalex.org/W2026376313,1999,0,0,1,0
https://openalex.org/W2026461984,1999,2,5,0,0
https://openalex.org/W2026496751,1999,11,62,9,5
https://openalex.org/W2026591873,1999,3,17,9,0
https://openalex.org/W2026609095,1999,0,0,1,0
https://openalex.org/W2026636302,1999,0,2,0,1
https://openalex.org/W2026638893,1999,2,0,1,0
https://openalex.org/W2026675223,1999,0,3,1,0
https://openalex.org/W2026682749,1999,0,1,0,0
https://openalex.org/W2026810046,1999,0,1,0,1
https://openalex.org/W2026831705,1999,1,0,1,0
https://openalex.org/W2026851780,1999,2,3,3,0
https://openalex.org/W2026869630,1999,1,0,1,0
https://openalex.org/W2026885091,1999,0,0,3,1
https://openalex.org/W2026913838,1999,0,5,0,0
https://openalex.org/W2026915490,1999,3,6,0,1
https://openalex.org/W2026986721,1999,0,1,6,0
https://openalex.org/W2027019854,1999,0,5,0,0
https://openalex.org/W2027024464,1999,1,8,3,0
https://openalex.org/W2027026562,1999,0,0,1,0
https://openalex.org/W2027060439,1999,0,13,13,0
https://openalex.org/W2027093928,1999,0,8,0,0
https://openalex.org/W2027100327,1999,1,3,1,1
https://openalex.org/W2027143691,1999,5,5,1,3
https://openalex.org/W2027173188,1999,1,1,0,0
https://openalex.org/W2027208687,1999,0,5,0,0
https://openalex.org/W2027255277,1999,1,2,0,1
https://openalex.org/W2027261899,1999,3,4,1,1
https://openalex.org/W2027302633,1999,0,1,1,0
https://openalex.org/W2027318620,1999,0,7,11,0
https://openalex.org/W2027347449,1999,0,7,2,2
https://openalex.org/W2027391116,1999,1,6,3,5
https://openalex.org/W2027397627,1999,4,1,5,0
https://openalex.org/W2027400346,1999,0,1,1,3
https://openalex.org/W2027408757,1999,8,7,6,2
https://openalex.org/W2027429932,1999,0,1,0,0
https://openalex.org/W2027493445,1999,11,18,22,2
https://openalex.org/W2027536917,1999,3,12,3,0
https://openalex.org/W2027669363,1999,0,0,4,0
https://openalex.org/W2027696069,1999,0,9,0,0
https://openalex.org/W2027714349,1999,0,2,0,0
https://openalex.org/W2027719239,1999,0,1,0,1
https://openalex.org/W2027730161,1999,0,3,0,2
https://openalex.org/W2027798675,1999,5,7,3,1
https://openalex.org/W2027846468,1999,1,0,4,0
https://openalex.org/W2027851318,1999,0,5,1,0
https://openalex.org/W2027938980,1999,0,4,6,0
https://openalex.org/W2027960642,1999,5,16,11,9
https://openalex.org/W2027971535,1999,0,5,1,1
https://openalex.org/W2027981508,1999,0,2,1,0
https://openalex.org/W2027983500,1999,0,7,0,0
https://openalex.org/W2027985259,1999,4,0,1,1
https://openalex.org/W2028008940,1999,0,1,0,0
https://openalex.org/W2028061919,1999,0,7,0,1
https://openalex.org/W2028079416,1999,6,4,6,7
https://openalex.org/W2028094673,1999,0,7,0,0
https://openalex.org/W2028185374,1999,0,2,1,0
https://openalex.org/W2028196210,1999,0,1,0,0
https://openalex.org/W2028199375,1999,0,3,1,1
https://openalex.org/W2028214080,1999,1,2,6,0
https://openalex.org/W2028216346,1999,4,4,12,3
https://openalex.org/W2028231375,1999,0,0,1,0
https://openalex.org/W2028271368,1999,1,0,1,0
https://openalex.org/W2028277395,1999,0,0,1,0
https://openalex.org/W2028405190,1999,11,8,40,1
https://openalex.org/W2028435555,1999,0,8,1,0
https://openalex.org/W2028436358,1999,4,17,5,4
https://openalex.org/W2028478444,1999,0,0,4,1
https://openalex.org/W2028548388,1999,4,2,0,1
https://openalex.org/W2028558700,1999,1,4,3,0
https://openalex.org/W2028657630,1999,0,4,6,1
https://openalex.org/W2028673895,1999,0,3,2,0
https://openalex.org/W2028677658,1999,0,3,0,7
https://openalex.org/W2028678744,1999,0,4,1,0
https://openalex.org/W2028688664,1999,0,1,0,0
https://openalex.org/W2028732463,1999,7,1,6,0
https://openalex.org/W2028775560,1999,4,4,1,2
https://openalex.org/W2028787417,1999,2,5,5,0
https://openalex.org/W2028792398,1999,5,0,1,0
https://openalex.org/W2028795807,1999,0,2,0,0
https://openalex.org/W2028799572,1999,0,1,1,0
https://openalex.org/W2028817522,1999,0,4,0,0
https://openalex.org/W2028828081,1999,0,3,9,1
https://openalex.org/W2028886256,1999,0,5,4,1
https://openalex.org/W2028897088,1999,4,8,2,2
https://openalex.org/W2028907520,1999,0,45,20,31
https://openalex.org/W2028937830,1999,2,3,6,0
https://openalex.org/W2028946865,1999,0,8,2,1
https://openalex.org/W2028953266,1999,3,4,4,0
https://openalex.org/W2029052720,1999,0,11,0,0
https://openalex.org/W2029151889,1999,0,6,3,2
https://openalex.org/W2029167325,1999,0,0,3,0
https://openalex.org/W2029192466,1999,0,2,0,0
https://openalex.org/W2029246878,1999,0,1,1,0
https://openalex.org/W2029253562,1999,0,50,4,1
https://openalex.org/W2029275936,1999,4,10,3,4
https://openalex.org/W2029333418,1999,0,2,0,0
https://openalex.org/W2029446525,1999,0,1,0,0
https://openalex.org/W2029462854,1999,0,0,1,0
https://openalex.org/W2029514670,1999,0,4,2,0
https://openalex.org/W2029543958,1999,1,1,0,0
https://openalex.org/W2029568570,1999,1,4,0,1
https://openalex.org/W2029595073,1999,1,1,0,0
https://openalex.org/W2029608186,1999,2,4,4,0
https://openalex.org/W2029616010,1999,0,2,0,0
https://openalex.org/W2029669117,1999,1,1,0,0
https://openalex.org/W2029675603,1999,1,5,0,0
https://openalex.org/W2029686963,1999,0,1,1,1
https://openalex.org/W2029700962,1999,0,21,5,2
https://openalex.org/W2029737188,1999,0,16,2,0
https://openalex.org/W2029873339,1999,0,1,0,0
https://openalex.org/W2029914039,1999,9,7,3,5
https://openalex.org/W2029927644,1999,3,5,2,0
https://openalex.org/W2029939038,1999,4,11,2,0
https://openalex.org/W2029978971,1999,0,16,3,3
https://openalex.org/W2030020960,1999,0,1,0,0
https://openalex.org/W2030034864,1999,4,1,11,4
https://openalex.org/W2030044450,1999,4,4,4,3
https://openalex.org/W2030047408,1999,0,1,0,0
https://openalex.org/W2030084020,1999,0,2,1,0
https://openalex.org/W2030119899,1999,0,6,0,0
https://openalex.org/W2030167880,1999,7,26,5,2
https://openalex.org/W2030169926,1999,0,4,1,0
https://openalex.org/W2030239244,1999,12,24,14,4
https://openalex.org/W2030239675,1999,0,4,1,2
https://openalex.org/W2030266004,1999,0,5,3,1
https://openalex.org/W2030309126,1999,0,1,3,0
https://openalex.org/W2030341745,1999,0,15,0,1
https://openalex.org/W2030351956,1999,0,7,4,3
https://openalex.org/W2030383543,1999,0,1,0,0
https://openalex.org/W2030397883,1999,0,3,0,4
https://openalex.org/W2030405940,1999,2,6,10,6
https://openalex.org/W2030419449,1999,0,2,0,1
https://openalex.org/W2030450437,1999,2,10,3,2
https://openalex.org/W2030489994,1999,4,2,0,3
https://openalex.org/W2030531690,1999,0,1,1,0
https://openalex.org/W2030564103,1999,0,5,7,0
https://openalex.org/W2030621346,1999,0,9,0,0
https://openalex.org/W2030630609,1999,0,5,3,0
https://openalex.org/W2030645403,1999,0,5,2,1
https://openalex.org/W2030664109,1999,0,4,3,0
https://openalex.org/W2030706797,1999,1,8,2,0
https://openalex.org/W2030796355,1999,6,2,7,2
https://openalex.org/W2030938231,1999,1,2,1,0
https://openalex.org/W2030970596,1999,0,5,5,2
https://openalex.org/W2030997980,1999,0,0,3,0
https://openalex.org/W2031085442,1999,0,6,1,1
https://openalex.org/W2031126145,1999,5,3,15,2
https://openalex.org/W2031187096,1999,3,2,3,0
https://openalex.org/W2031208743,1999,4,8,13,5
https://openalex.org/W2031263736,1999,0,1,3,0
https://openalex.org/W2031270423,1999,0,5,1,0
https://openalex.org/W2031291173,1999,0,2,0,1
https://openalex.org/W2031300154,1999,1,1,11,14
https://openalex.org/W2031380350,1999,0,0,4,0
https://openalex.org/W2031385117,1999,0,5,0,0
https://openalex.org/W2031398374,1999,1,1,6,1
https://openalex.org/W2031398390,1999,1,2,1,0
https://openalex.org/W2031424660,1999,0,2,0,0
https://openalex.org/W2031437772,1999,0,2,1,0
https://openalex.org/W2031463078,1999,0,6,0,1
https://openalex.org/W2031480595,1999,2,2,3,0
https://openalex.org/W2031519695,1999,3,4,5,0
https://openalex.org/W2031544139,1999,2,18,15,2
https://openalex.org/W2031558091,1999,4,8,4,0
https://openalex.org/W2031565894,1999,3,4,3,2
https://openalex.org/W2031592261,1999,0,2,0,0
https://openalex.org/W2031629302,1999,0,3,5,0
https://openalex.org/W2031640429,1999,3,1,8,2
https://openalex.org/W2031649662,1999,0,9,2,0
https://openalex.org/W2031687848,1999,0,3,2,0
https://openalex.org/W2031701906,1999,2,9,2,0
https://openalex.org/W2031725677,1999,0,2,0,1
https://openalex.org/W2031726982,1999,0,5,0,0
https://openalex.org/W2031798878,1999,0,2,0,0
https://openalex.org/W2031836777,1999,5,4,1,1
https://openalex.org/W2031842145,1999,0,1,1,0
https://openalex.org/W2031937565,1999,5,2,3,1
https://openalex.org/W2031957041,1999,0,3,1,1
https://openalex.org/W2032002089,1999,11,4,35,7
https://openalex.org/W2032030946,1999,0,12,2,3
https://openalex.org/W2032045557,1999,0,5,0,0
https://openalex.org/W2032074790,1999,11,766,212,132
https://openalex.org/W2032084656,1999,0,2,3,0
https://openalex.org/W2032086923,1999,0,5,0,0
https://openalex.org/W2032098192,1999,2,2,3,0
https://openalex.org/W2032102570,1999,0,8,2,1
https://openalex.org/W2032105304,1999,0,4,2,1
https://openalex.org/W2032138275,1999,4,14,8,3
https://openalex.org/W2032170258,1999,0,4,0,2
https://openalex.org/W2032208828,1999,0,2,0,1
https://openalex.org/W2032248616,1999,0,4,2,0
https://openalex.org/W2032307209,1999,1,2,1,0
https://openalex.org/W2032308873,1999,1,1,0,0
https://openalex.org/W203237617,1999,3,5,1,1
https://openalex.org/W2032459566,1999,1,3,1,14
https://openalex.org/W2032464723,1999,0,1,1,0
https://openalex.org/W2032530276,1999,7,12,7,0
https://openalex.org/W2032557175,1999,2,29,9,2
https://openalex.org/W2032599863,1999,0,1,5,0
https://openalex.org/W2032602596,1999,0,3,0,0
https://openalex.org/W2032623140,1999,0,5,0,0
https://openalex.org/W2032681805,1999,0,2,0,3
https://openalex.org/W2032697201,1999,5,4,2,0
https://openalex.org/W2032743944,1999,0,1,0,0
https://openalex.org/W2032783770,1999,0,1,0,0
https://openalex.org/W2032811151,1999,6,2,31,1
https://openalex.org/W2032812851,1999,0,3,3,3
https://openalex.org/W2032821943,1999,0,10,4,1
https://openalex.org/W2032864766,1999,2,42,23,2
https://openalex.org/W2032875874,1999,0,1,2,0
https://openalex.org/W2032876185,1999,3,8,0,6
https://openalex.org/W2032896200,1999,0,6,0,1
https://openalex.org/W2032935166,1999,0,33,3,1
https://openalex.org/W2032953120,1999,0,1,0,0
https://openalex.org/W2032963059,1999,0,1,2,0
https://openalex.org/W2032970740,1999,7,16,3,2
https://openalex.org/W2032971505,1999,0,58,10,2
https://openalex.org/W2033045019,1999,4,7,1,0
https://openalex.org/W2033100495,1999,0,1,0,0
https://openalex.org/W2033101862,1999,5,1,3,0
https://openalex.org/W2033153568,1999,5,9,1,1
https://openalex.org/W2033177740,1999,0,4,2,0
https://openalex.org/W2033225236,1999,0,2,1,0
https://openalex.org/W2033316907,1999,0,2,4,1
https://openalex.org/W2033342773,1999,5,22,4,1
https://openalex.org/W2033389833,1999,0,6,1,1
https://openalex.org/W2033422469,1999,8,23,14,6
https://openalex.org/W2033456318,1999,6,1,1,1
https://openalex.org/W2033465638,1999,0,1,1,1
https://openalex.org/W2033512970,1999,4,4,6,0
https://openalex.org/W2033521672,1999,3,3,1,1
https://openalex.org/W2033614207,1999,0,7,0,0
https://openalex.org/W2033636850,1999,1,12,1,1
https://openalex.org/W2033639875,1999,0,10,3,2
https://openalex.org/W2033736562,1999,0,3,2,2
https://openalex.org/W2033748369,1999,0,1,0,0
https://openalex.org/W2033845639,1999,7,27,4,4
https://openalex.org/W2033873225,1999,0,2,1,1
https://openalex.org/W2033886219,1999,0,2,5,0
https://openalex.org/W2033935197,1999,0,2,2,2
https://openalex.org/W2033969114,1999,0,1,2,0
https://openalex.org/W2033978764,1999,8,1,1,0
https://openalex.org/W2033980597,1999,0,2,3,2
https://openalex.org/W2033995515,1999,0,1,2,0
https://openalex.org/W2034013012,1999,1,2,0,1
https://openalex.org/W2034093626,1999,11,159,63,39
https://openalex.org/W2034124201,1999,0,3,5,0
https://openalex.org/W2034160365,1999,0,1,1,0
https://openalex.org/W2034182904,1999,4,8,17,1
https://openalex.org/W2034189305,1999,1,2,1,0
https://openalex.org/W2034229109,1999,0,2,2,0
https://openalex.org/W2034267865,1999,1,3,5,0
https://openalex.org/W2034490772,1999,2,1,3,1
https://openalex.org/W2034491047,1999,0,2,2,0
https://openalex.org/W2034504653,1999,2,0,2,1
https://openalex.org/W2034540711,1999,0,2,3,0
https://openalex.org/W2034647760,1999,0,2,2,0
https://openalex.org/W2034736807,1999,1,1,1,0
https://openalex.org/W2034786092,1999,0,0,4,1
https://openalex.org/W2034797395,1999,0,1,3,0
https://openalex.org/W2034816289,1999,2,2,5,0
https://openalex.org/W2034896751,1999,3,2,1,0
https://openalex.org/W2034907858,1999,0,6,0,0
https://openalex.org/W2034915406,1999,0,0,1,1
https://openalex.org/W2034977697,1999,0,3,1,0
https://openalex.org/W2034999431,1999,7,31,13,5
https://openalex.org/W2035004339,1999,0,2,0,1
https://openalex.org/W2035038177,1999,2,2,0,0
https://openalex.org/W2035041401,1999,0,5,0,0
https://openalex.org/W2035052923,1999,0,1,5,0
https://openalex.org/W2035053137,1999,0,7,2,0
https://openalex.org/W2035120642,1999,1,1,1,0
https://openalex.org/W2035154896,1999,0,14,8,1
https://openalex.org/W2035158001,1999,0,1,4,0
https://openalex.org/W2035167570,1999,12,8,8,1
https://openalex.org/W2035185164,1999,0,1,1,0
https://openalex.org/W2035186380,1999,0,2,2,0
https://openalex.org/W2035215558,1999,0,4,2,0
https://openalex.org/W2035221677,1999,0,6,3,1
https://openalex.org/W2035234354,1999,1,3,3,1
https://openalex.org/W2035264042,1999,0,6,1,0
https://openalex.org/W2035282223,1999,10,100,20,4
https://openalex.org/W2035312693,1999,0,3,0,0
https://openalex.org/W2035322605,1999,4,3,2,0
https://openalex.org/W2035337939,1999,0,12,15,1
https://openalex.org/W2035346946,1999,5,14,16,3
https://openalex.org/W2035348123,1999,0,1,1,0
https://openalex.org/W2035420629,1999,0,6,4,0
https://openalex.org/W2035444407,1999,0,6,1,0
https://openalex.org/W2035454042,1999,0,24,9,6
https://openalex.org/W2035504967,1999,0,3,0,0
https://openalex.org/W2035531518,1999,0,1,2,0
https://openalex.org/W2035542077,1999,8,2,0,2
https://openalex.org/W2035550002,1999,1,4,2,1
https://openalex.org/W2035571958,1999,9,5,3,0
https://openalex.org/W2035580845,1999,0,16,0,3
https://openalex.org/W2035596186,1999,0,2,0,0
https://openalex.org/W2035606218,1999,0,4,1,0
https://openalex.org/W2035697912,1999,0,6,1,0
https://openalex.org/W2035716257,1999,0,1,2,0
https://openalex.org/W2035733601,1999,6,8,4,0
https://openalex.org/W2035742998,1999,0,7,3,0
https://openalex.org/W2035762104,1999,2,4,0,0
https://openalex.org/W2035883196,1999,0,1,1,0
https://openalex.org/W2035921208,1999,0,0,1,2
https://openalex.org/W2036039424,1999,0,2,1,0
https://openalex.org/W2036078927,1999,6,9,1,0
https://openalex.org/W2036087107,1999,1,0,1,0
https://openalex.org/W2036103518,1999,9,3,1,0
https://openalex.org/W2036111664,1999,0,3,2,0
https://openalex.org/W2036113370,1999,4,25,20,5
https://openalex.org/W2036123270,1999,3,4,8,1
https://openalex.org/W2036141944,1999,4,5,1,0
https://openalex.org/W2036160465,1999,0,3,0,1
https://openalex.org/W2036184192,1999,8,3,7,0
https://openalex.org/W2036197184,1999,0,3,0,3
https://openalex.org/W2036216693,1999,0,2,0,0
https://openalex.org/W2036224046,1999,7,8,11,1
https://openalex.org/W2036264794,1999,5,3,2,0
https://openalex.org/W2036280025,1999,0,5,2,0
https://openalex.org/W2036328939,1999,0,4,5,0
https://openalex.org/W2036337840,1999,1,0,1,0
https://openalex.org/W2036352856,1999,9,4,5,3
https://openalex.org/W2036360704,1999,7,3,3,1
https://openalex.org/W2036362339,1999,0,9,4,1
https://openalex.org/W2036405804,1999,0,3,0,1
https://openalex.org/W2036407014,1999,0,1,0,1
https://openalex.org/W2036438910,1999,6,8,5,0
https://openalex.org/W2036464238,1999,6,5,2,0
https://openalex.org/W2036484091,1999,0,3,0,2
https://openalex.org/W2036510447,1999,0,0,1,1
https://openalex.org/W2036544202,1999,0,3,1,0
https://openalex.org/W2036569456,1999,0,0,1,0
https://openalex.org/W2036683957,1999,4,5,3,0
https://openalex.org/W2036739098,1999,0,11,5,2
https://openalex.org/W2036767203,1999,0,1,0,0
https://openalex.org/W2036815383,1999,10,4,4,3
https://openalex.org/W2036824210,1999,0,1,1,1
https://openalex.org/W2036883977,1999,0,7,2,3
https://openalex.org/W2036888026,1999,7,7,1,0
https://openalex.org/W2036919201,1999,4,11,1,1
https://openalex.org/W2036961645,1999,0,1,0,0
https://openalex.org/W2036990850,1999,0,2,1,0
https://openalex.org/W2037006259,1999,0,2,0,1
https://openalex.org/W2037020804,1999,3,7,3,0
https://openalex.org/W2037026961,1999,5,3,0,1
https://openalex.org/W2037029770,1999,0,2,1,0
https://openalex.org/W2037037346,1999,0,1,0,0
https://openalex.org/W2037117710,1999,0,1,4,0
https://openalex.org/W2037142880,1999,0,2,1,1
https://openalex.org/W2037147597,1999,0,10,9,1
https://openalex.org/W2037283903,1999,1,0,0,1
https://openalex.org/W2037353390,1999,0,4,0,0
https://openalex.org/W2037370160,1999,0,1,0,0
https://openalex.org/W2037407898,1999,0,0,2,1
https://openalex.org/W2037411670,1999,0,0,3,0
https://openalex.org/W2037425542,1999,0,1,1,0
https://openalex.org/W2037444855,1999,0,0,2,1
https://openalex.org/W2037461517,1999,1,1,4,0
https://openalex.org/W2037484346,1999,0,2,1,0
https://openalex.org/W2037530707,1999,0,2,2,0
https://openalex.org/W2037579119,1999,2,0,8,0
https://openalex.org/W2037700021,1999,3,6,0,0
https://openalex.org/W2037723311,1999,4,3,0,3
https://openalex.org/W2037732533,1999,0,1,1,0
https://openalex.org/W2037741592,1999,1,0,2,0
https://openalex.org/W2037809856,1999,11,9,4,8
https://openalex.org/W2037829676,1999,0,1,0,0
https://openalex.org/W2037850945,1999,1,1,2,2
https://openalex.org/W2037881139,1999,0,1,4,3
https://openalex.org/W2037881930,1999,3,10,2,2
https://openalex.org/W2037907386,1999,7,13,5,6
https://openalex.org/W2037963028,1999,0,1,0,0
https://openalex.org/W2038030464,1999,3,0,1,0
https://openalex.org/W2038044667,1999,0,6,0,4
https://openalex.org/W2038059208,1999,0,1,4,0
https://openalex.org/W2038169343,1999,10,1,3,1
https://openalex.org/W2038172849,1999,6,0,4,1
https://openalex.org/W2038187145,1999,0,16,2,0
https://openalex.org/W2038193810,1999,0,4,2,2
https://openalex.org/W2038231137,1999,2,4,1,0
https://openalex.org/W2038240822,1999,0,0,1,0
https://openalex.org/W2038296091,1999,1,1,2,0
https://openalex.org/W2038296334,1999,0,0,1,0
https://openalex.org/W2038329877,1999,0,2,0,1
https://openalex.org/W2038339559,1999,0,1,1,0
https://openalex.org/W2038423052,1999,8,4,5,11
https://openalex.org/W2038453277,1999,0,6,2,0
https://openalex.org/W2038458785,1999,4,4,1,0
https://openalex.org/W2038461688,1999,1,3,0,0
https://openalex.org/W2038479731,1999,0,0,1,0
https://openalex.org/W2038493898,1999,0,1,1,1
https://openalex.org/W2038558774,1999,0,2,0,1
https://openalex.org/W2038611377,1999,0,1,4,0
https://openalex.org/W2038643615,1999,0,4,4,0
https://openalex.org/W2038653981,1999,2,3,3,1
https://openalex.org/W2038678448,1999,0,1,5,0
https://openalex.org/W2038758161,1999,0,6,0,0
https://openalex.org/W2038828077,1999,0,1,1,0
https://openalex.org/W2038829340,1999,3,2,1,0
https://openalex.org/W2038903530,1999,0,1,0,0
https://openalex.org/W2039007061,1999,8,27,25,4
https://openalex.org/W2039026928,1999,0,1,0,0
https://openalex.org/W2039189526,1999,3,6,0,0
https://openalex.org/W2039239661,1999,0,3,1,1
https://openalex.org/W2039283134,1999,1,1,0,0
https://openalex.org/W2039307262,1999,0,7,1,1
https://openalex.org/W2039307776,1999,0,1,2,0
https://openalex.org/W2039316188,1999,0,1,0,0
https://openalex.org/W2039323836,1999,0,1,0,0
https://openalex.org/W2039366487,1999,2,20,5,1
https://openalex.org/W2039367721,1999,0,18,3,10
https://openalex.org/W2039431662,1999,0,4,0,0
https://openalex.org/W2039463592,1999,2,7,3,2
https://openalex.org/W2039468937,1999,0,0,1,0
https://openalex.org/W2039488044,1999,0,4,2,0
https://openalex.org/W2039506741,1999,1,0,3,1
https://openalex.org/W2039534342,1999,5,8,0,2
https://openalex.org/W2039568506,1999,4,0,2,0
https://openalex.org/W2039594100,1999,0,11,7,2
https://openalex.org/W2039670015,1999,8,5,1,1
https://openalex.org/W2039698969,1999,0,2,1,0
https://openalex.org/W2039718191,1999,0,1,2,1
https://openalex.org/W2039729649,1999,0,3,0,0
https://openalex.org/W2039736586,1999,2,0,2,0
https://openalex.org/W2039762492,1999,1,3,0,24
https://openalex.org/W2039784341,1999,3,9,2,1
https://openalex.org/W2039807366,1999,0,4,0,0
https://openalex.org/W2039823273,1999,0,5,2,1
https://openalex.org/W2039877886,1999,11,7,4,12
https://openalex.org/W2039933121,1999,1,2,0,1
https://openalex.org/W2039962507,1999,0,5,5,0
https://openalex.org/W2039993747,1999,1,2,1,0
https://openalex.org/W2040010622,1999,0,8,0,0
https://openalex.org/W2040013944,1999,0,1,3,1
https://openalex.org/W2040098793,1999,3,3,2,3
https://openalex.org/W2040116598,1999,0,1,0,0
https://openalex.org/W2040124522,1999,2,4,11,1
https://openalex.org/W2040126912,1999,0,1,1,0
https://openalex.org/W2040173811,1999,1,2,1,0
https://openalex.org/W2040221067,1999,0,3,0,0
https://openalex.org/W2040269792,1999,0,28,13,3
https://openalex.org/W2040304131,1999,0,2,2,0
https://openalex.org/W2040342750,1999,0,1,0,1
https://openalex.org/W2040357220,1999,0,2,1,0
https://openalex.org/W2040369516,1999,0,2,0,0
https://openalex.org/W2040387292,1999,0,4,0,1
https://openalex.org/W2040434531,1999,1,8,1,0
https://openalex.org/W2040452856,1999,5,1,4,0
https://openalex.org/W2040480329,1999,0,1,2,0
https://openalex.org/W2040508276,1999,0,2,1,0
https://openalex.org/W2040539197,1999,0,6,5,0
https://openalex.org/W2040569319,1999,0,3,0,0
https://openalex.org/W2040576787,1999,0,1,1,0
https://openalex.org/W2040619981,1999,0,1,1,1
https://openalex.org/W2040634630,1999,0,1,2,0
https://openalex.org/W2040651539,1999,2,0,1,0
https://openalex.org/W2040785389,1999,4,1,0,4
https://openalex.org/W2040814049,1999,0,0,2,0
https://openalex.org/W2040929025,1999,0,3,0,0
https://openalex.org/W2041049330,1999,8,0,2,0
https://openalex.org/W2041051551,1999,0,0,1,2
https://openalex.org/W2041114304,1999,1,1,5,0
https://openalex.org/W2041121411,1999,1,8,1,0
https://openalex.org/W2041169415,1999,9,3,3,1
https://openalex.org/W2041186496,1999,0,2,2,0
https://openalex.org/W2041202831,1999,0,2,4,0
https://openalex.org/W2041225766,1999,2,8,5,0
https://openalex.org/W2041241010,1999,8,11,7,0
https://openalex.org/W2041243702,1999,0,4,1,0
https://openalex.org/W2041262930,1999,0,2,3,0
https://openalex.org/W2041264779,1999,10,19,9,0
https://openalex.org/W2041303403,1999,3,5,7,2
https://openalex.org/W2041321244,1999,0,1,0,0
https://openalex.org/W2041445215,1999,1,1,3,0
https://openalex.org/W2041463974,1999,0,1,3,0
https://openalex.org/W2041476263,1999,0,3,0,0
https://openalex.org/W2041540293,1999,11,3,2,1
https://openalex.org/W2041579382,1999,0,114,54,29
https://openalex.org/W2041685195,1999,3,2,4,0
https://openalex.org/W2041735709,1999,0,2,0,0
https://openalex.org/W2041757321,1999,0,2,0,1
https://openalex.org/W2041781657,1999,0,3,0,0
https://openalex.org/W2041783813,1999,0,2,2,0
https://openalex.org/W2041797954,1999,1,6,2,0
https://openalex.org/W2041815588,1999,0,3,0,0
https://openalex.org/W2041846236,1999,0,2,0,0
https://openalex.org/W2042014559,1999,0,1,1,0
https://openalex.org/W2042034699,1999,4,15,3,0
https://openalex.org/W2042047794,1999,0,2,0,2
https://openalex.org/W2042067274,1999,1,6,1,0
https://openalex.org/W2042070215,1999,1,3,0,0
https://openalex.org/W2042071512,1999,0,3,0,0
https://openalex.org/W2042075375,1999,0,0,3,1
https://openalex.org/W2042138728,1999,1,4,3,1
https://openalex.org/W2042148553,1999,0,1,0,0
https://openalex.org/W2042162496,1999,5,3,1,2
https://openalex.org/W2042165918,1999,8,6,1,3
https://openalex.org/W2042194811,1999,3,5,1,3
https://openalex.org/W2042236209,1999,8,2,1,3
https://openalex.org/W2042246909,1999,0,3,0,0
https://openalex.org/W2042327818,1999,0,5,0,0
https://openalex.org/W2042394648,1999,0,6,9,6
https://openalex.org/W2042420623,1999,0,0,0,3
https://openalex.org/W2042443845,1999,2,1,5,0
https://openalex.org/W2042462857,1999,0,3,0,0
https://openalex.org/W2042469423,1999,0,6,1,3
https://openalex.org/W2042486368,1999,0,1,1,0
https://openalex.org/W2042489428,1999,0,3,1,2
https://openalex.org/W2042491212,1999,0,15,9,1
https://openalex.org/W2042558018,1999,3,10,12,0
https://openalex.org/W2042579688,1999,0,2,2,0
https://openalex.org/W2042647547,1999,10,1,5,1
https://openalex.org/W2042660341,1999,4,0,3,1
https://openalex.org/W2042667810,1999,0,2,1,0
https://openalex.org/W2042668885,1999,0,1,1,1
https://openalex.org/W2042768587,1999,7,16,3,0
https://openalex.org/W2042774948,1999,0,5,5,0
https://openalex.org/W2042786194,1999,1,2,1,0
https://openalex.org/W2042794436,1999,0,0,2,1
https://openalex.org/W2042826317,1999,0,1,1,0
https://openalex.org/W2042835548,1999,1,3,7,3
https://openalex.org/W2042847638,1999,0,0,2,0
https://openalex.org/W2042854935,1999,1,8,3,2
https://openalex.org/W2042881918,1999,0,0,4,0
https://openalex.org/W2042899049,1999,6,4,6,0
https://openalex.org/W2042928107,1999,11,25,9,1
https://openalex.org/W2042964245,1999,3,1,1,1
https://openalex.org/W2042967816,1999,0,2,1,0
https://openalex.org/W2042990740,1999,0,1,0,0
https://openalex.org/W2043005618,1999,0,3,0,0
https://openalex.org/W2043015657,1999,0,9,1,10
https://openalex.org/W2043017649,1999,2,1,0,0
https://openalex.org/W2043050147,1999,3,30,15,3
https://openalex.org/W2043052168,1999,0,0,1,0
https://openalex.org/W2043083286,1999,0,8,4,0
https://openalex.org/W2043110002,1999,3,5,2,1
https://openalex.org/W2043128869,1999,2,0,0,2
https://openalex.org/W2043161285,1999,6,11,5,3
https://openalex.org/W2043165586,1999,1,7,4,1
https://openalex.org/W2043204126,1999,0,1,0,0
https://openalex.org/W2043238569,1999,0,2,0,1
https://openalex.org/W2043257739,1999,0,5,0,1
https://openalex.org/W2043268397,1999,1,2,0,0
https://openalex.org/W2043280942,1999,0,1,0,0
https://openalex.org/W2043285251,1999,0,1,0,0
https://openalex.org/W2043315589,1999,4,1,2,5
https://openalex.org/W2043336350,1999,0,9,16,2
https://openalex.org/W2043363828,1999,2,1,9,0
https://openalex.org/W2043366087,1999,0,0,2,0
https://openalex.org/W2043367952,1999,3,7,10,0
https://openalex.org/W2043425186,1999,0,0,1,0
https://openalex.org/W2043646243,1999,0,2,3,1
https://openalex.org/W2043672528,1999,7,112,106,61
https://openalex.org/W2043706259,1999,1,1,0,0
https://openalex.org/W2043707589,1999,3,5,1,0
https://openalex.org/W2043717801,1999,0,1,0,0
https://openalex.org/W2043765686,1999,2,3,0,1
https://openalex.org/W2043828400,1999,0,3,2,1
https://openalex.org/W2043855242,1999,0,2,1,0
https://openalex.org/W2043871384,1999,9,5,103,87
https://openalex.org/W2043975290,1999,0,3,0,0
https://openalex.org/W2044041250,1999,0,11,1,0
https://openalex.org/W2044045020,1999,1,3,2,5
https://openalex.org/W2044059457,1999,0,1,3,2
https://openalex.org/W2044101807,1999,0,1,1,0
https://openalex.org/W2044137876,1999,1,1,0,0
https://openalex.org/W2044140704,1999,0,3,0,0
https://openalex.org/W2044185297,1999,0,1,0,0
https://openalex.org/W2044295140,1999,0,11,3,1
https://openalex.org/W2044296359,1999,3,1,0,0
https://openalex.org/W2044300537,1999,0,6,2,0
https://openalex.org/W2044333498,1999,5,10,17,1
https://openalex.org/W2044357693,1999,0,1,0,0
https://openalex.org/W2044391649,1999,6,22,18,1
https://openalex.org/W2044432857,1999,3,2,0,3
https://openalex.org/W2044515340,1999,0,1,4,0
https://openalex.org/W2044556213,1999,0,3,0,0
https://openalex.org/W2044656994,1999,3,8,1,0
https://openalex.org/W2044670272,1999,12,3,0,3
https://openalex.org/W2044694555,1999,5,4,3,0
https://openalex.org/W2044762297,1999,10,4,9,2
https://openalex.org/W2044771285,1999,0,3,1,0
https://openalex.org/W2044773172,1999,7,3,2,2
https://openalex.org/W2044799096,1999,10,6,10,3
https://openalex.org/W2044808978,1999,11,20,13,8
https://openalex.org/W2044812678,1999,0,1,0,1
https://openalex.org/W2044830509,1999,0,4,1,0
https://openalex.org/W2044838371,1999,0,9,3,0
https://openalex.org/W2044852245,1999,0,1,1,0
https://openalex.org/W2044872668,1999,0,0,2,0
https://openalex.org/W2044900309,1999,0,1,2,0
https://openalex.org/W2044902501,1999,0,3,3,0
https://openalex.org/W2044906338,1999,1,3,7,0
https://openalex.org/W2044941293,1999,0,1,0,0
https://openalex.org/W2044970795,1999,1,0,1,0
https://openalex.org/W2045008125,1999,1,6,3,0
https://openalex.org/W2045079615,1999,1,3,3,0
https://openalex.org/W2045121183,1999,3,9,2,1
https://openalex.org/W2045130840,1999,0,0,1,0
https://openalex.org/W2045133008,1999,0,3,0,0
https://openalex.org/W2045191936,1999,10,1,4,0
https://openalex.org/W2045204266,1999,1,2,1,0
https://openalex.org/W2045218683,1999,11,4,14,3
https://openalex.org/W2045222063,1999,3,3,1,0
https://openalex.org/W2045268649,1999,0,2,0,0
https://openalex.org/W2045271013,1999,0,3,1,0
https://openalex.org/W2045291598,1999,0,0,2,0
https://openalex.org/W2045363985,1999,3,9,1,5
https://openalex.org/W2045383364,1999,5,85,43,37
https://openalex.org/W2045419816,1999,1,6,2,1
https://openalex.org/W2045437401,1999,2,1,3,0
https://openalex.org/W2045455790,1999,9,19,6,6
https://openalex.org/W2045483540,1999,4,40,14,8
https://openalex.org/W2045510130,1999,7,14,11,1
https://openalex.org/W2045525960,1999,0,0,0,1
https://openalex.org/W2045591372,1999,0,2,10,1
https://openalex.org/W2045625707,1999,10,102,29,14
https://openalex.org/W2045625720,1999,10,11,14,1
https://openalex.org/W2045628993,1999,0,0,1,0
https://openalex.org/W2045636936,1999,3,18,12,14
https://openalex.org/W2045686652,1999,0,6,0,0
https://openalex.org/W2045689728,1999,0,17,1,2
https://openalex.org/W2045712328,1999,2,7,3,0
https://openalex.org/W2045775014,1999,11,3,4,2
https://openalex.org/W2045785234,1999,0,0,4,0
https://openalex.org/W2045846976,1999,0,0,2,1
https://openalex.org/W2045880490,1999,0,1,0,0
https://openalex.org/W2045881253,1999,0,3,1,1
https://openalex.org/W2045881346,1999,1,1,1,1
https://openalex.org/W2045912917,1999,0,2,1,0
https://openalex.org/W2045919680,1999,1,5,28,3
https://openalex.org/W2045934041,1999,12,17,56,20
https://openalex.org/W2045938509,1999,0,4,2,0
https://openalex.org/W2045972499,1999,0,3,0,0
https://openalex.org/W2045994684,1999,8,9,37,2
https://openalex.org/W2046035555,1999,2,0,0,1
https://openalex.org/W2046067680,1999,4,1,7,3
https://openalex.org/W2046130430,1999,0,1,0,0
https://openalex.org/W2046141890,1999,0,1,2,1
https://openalex.org/W2046166405,1999,1,5,1,0
https://openalex.org/W2046179626,1999,0,3,3,0
https://openalex.org/W2046228082,1999,2,6,5,0
https://openalex.org/W2046259829,1999,1,7,5,0
https://openalex.org/W2046300326,1999,0,1,0,2
https://openalex.org/W2046413367,1999,0,1,0,4
https://openalex.org/W2046429334,1999,0,6,0,0
https://openalex.org/W2046446118,1999,0,1,0,0
https://openalex.org/W2046460465,1999,0,1,0,0
https://openalex.org/W2046477470,1999,0,0,2,0
https://openalex.org/W2046495785,1999,0,3,3,0
https://openalex.org/W2046516462,1999,1,2,0,0
https://openalex.org/W2046620163,1999,6,12,0,0
https://openalex.org/W2046627530,1999,4,28,29,10
https://openalex.org/W2046716946,1999,0,3,0,1
https://openalex.org/W2046726320,1999,0,2,2,1
https://openalex.org/W2046772367,1999,6,20,12,7
https://openalex.org/W2046818846,1999,3,3,0,4
https://openalex.org/W2046827634,1999,0,14,5,0
https://openalex.org/W2046912298,1999,2,6,0,0
https://openalex.org/W2046926647,1999,0,1,0,0
https://openalex.org/W2046928430,1999,4,5,3,0
https://openalex.org/W2046938964,1999,0,0,1,0
https://openalex.org/W2046967428,1999,0,0,1,0
https://openalex.org/W2047019585,1999,0,2,2,1
https://openalex.org/W2047084321,1999,1,0,1,2
https://openalex.org/W2047106140,1999,0,2,0,0
https://openalex.org/W2047120434,1999,0,2,2,0
https://openalex.org/W2047161418,1999,5,27,12,5
https://openalex.org/W2047171193,1999,0,5,2,2
https://openalex.org/W2047196716,1999,0,5,0,0
https://openalex.org/W2047238220,1999,0,1,0,0
https://openalex.org/W2047247391,1999,4,3,3,0
https://openalex.org/W2047254638,1999,2,4,1,0
https://openalex.org/W2047256382,1999,0,10,6,3
https://openalex.org/W2047260862,1999,0,1,0,2
https://openalex.org/W2047270266,1999,0,3,0,0
https://openalex.org/W2047280956,1999,2,20,14,3
https://openalex.org/W2047292326,1999,0,1,0,0
https://openalex.org/W2047323527,1999,0,0,2,0
https://openalex.org/W2047353903,1999,0,2,3,0
https://openalex.org/W2047362120,1999,1,1,0,0
https://openalex.org/W2047395716,1999,0,3,0,2
https://openalex.org/W2047410848,1999,5,0,4,0
https://openalex.org/W2047420467,1999,0,1,1,2
https://openalex.org/W2047422594,1999,1,1,2,1
https://openalex.org/W2047455633,1999,1,2,0,0
https://openalex.org/W2047505859,1999,0,2,2,3
https://openalex.org/W2047520176,1999,3,10,1,0
https://openalex.org/W2047548861,1999,0,0,1,0
https://openalex.org/W2047561145,1999,0,0,1,0
https://openalex.org/W2047584524,1999,0,2,3,0
https://openalex.org/W2047619137,1999,0,6,1,0
https://openalex.org/W2047769007,1999,1,4,0,0
https://openalex.org/W2047812592,1999,0,1,0,0
https://openalex.org/W2047827752,1999,0,0,0,1
https://openalex.org/W2047846909,1999,2,2,0,0
https://openalex.org/W2047856158,1999,0,2,0,0
https://openalex.org/W2047902638,1999,9,190,84,18
https://openalex.org/W2047906880,1999,2,21,5,3
https://openalex.org/W2047932711,1999,0,5,4,0
https://openalex.org/W2048030794,1999,5,8,22,1
https://openalex.org/W2048054065,1999,0,0,2,1
https://openalex.org/W2048064239,1999,0,0,1,0
https://openalex.org/W2048157006,1999,6,1,19,1
https://openalex.org/W2048175966,1999,0,2,0,0
https://openalex.org/W2048198844,1999,0,5,0,0
https://openalex.org/W2048293537,1999,1,7,0,1
https://openalex.org/W2048309819,1999,0,0,1,1
https://openalex.org/W2048353977,1999,9,103,52,23
https://openalex.org/W2048400654,1999,11,116,355,14
https://openalex.org/W2048460065,1999,0,10,1,2
https://openalex.org/W2048470746,1999,0,2,0,0
https://openalex.org/W2048480168,1999,4,0,0,3
https://openalex.org/W2048486275,1999,0,3,5,2
https://openalex.org/W2048490368,1999,0,1,0,0
https://openalex.org/W2048512965,1999,5,3,0,1
https://openalex.org/W2048528559,1999,1,4,0,2
https://openalex.org/W2048533133,1999,12,6,4,1
https://openalex.org/W2048544872,1999,0,2,0,1
https://openalex.org/W2048567356,1999,8,1,1,5
https://openalex.org/W2048642221,1999,6,6,0,0
https://openalex.org/W2048675289,1999,0,0,4,0
https://openalex.org/W2048694746,1999,3,2,2,1
https://openalex.org/W2048697501,1999,1,4,1,2
https://openalex.org/W2048746811,1999,0,2,1,4
https://openalex.org/W2048807651,1999,0,28,29,2
https://openalex.org/W2048825530,1999,0,1,1,0
https://openalex.org/W2048889405,1999,7,9,11,4
https://openalex.org/W2048924231,1999,0,0,1,1
https://openalex.org/W2048966324,1999,0,3,2,2
https://openalex.org/W2049011451,1999,0,0,1,0
https://openalex.org/W2049019377,1999,0,4,3,0
https://openalex.org/W2049044152,1999,0,60,34,10
https://openalex.org/W2049072192,1999,1,6,0,1
https://openalex.org/W2049076216,1999,2,7,0,0
https://openalex.org/W2049106317,1999,1,48,19,3
https://openalex.org/W2049116123,1999,6,13,8,2
https://openalex.org/W2049134986,1999,0,3,3,1
https://openalex.org/W2049171667,1999,1,3,2,0
https://openalex.org/W2049236734,1999,0,13,6,0
https://openalex.org/W2049263005,1999,0,1,4,0
https://openalex.org/W2049311615,1999,1,2,0,0
https://openalex.org/W2049336188,1999,1,14,0,0
https://openalex.org/W2049368133,1999,6,16,10,1
https://openalex.org/W2049375739,1999,0,5,1,1
https://openalex.org/W2049380397,1999,0,2,6,0
https://openalex.org/W2049446905,1999,3,8,2,1
https://openalex.org/W2049494134,1999,5,3,14,4
https://openalex.org/W2049512177,1999,0,16,5,1
https://openalex.org/W2049554372,1999,4,6,2,1
https://openalex.org/W2049576134,1999,8,2,1,0
https://openalex.org/W2049579316,1999,6,3,6,0
https://openalex.org/W2049612798,1999,1,2,0,4
https://openalex.org/W2049654274,1999,0,5,4,9
https://openalex.org/W2049671951,1999,0,0,1,0
https://openalex.org/W2049680674,1999,7,7,3,2
https://openalex.org/W2049681165,1999,0,4,0,0
https://openalex.org/W2049694288,1999,0,152,131,15
https://openalex.org/W2049697937,1999,11,5,17,9
https://openalex.org/W2049704275,1999,11,14,5,1
https://openalex.org/W2049711167,1999,2,0,2,0
https://openalex.org/W2049835209,1999,3,5,2,1
https://openalex.org/W2049852592,1999,0,2,3,0
https://openalex.org/W2049882705,1999,0,12,4,0
https://openalex.org/W2049935279,1999,3,9,2,0
https://openalex.org/W2050025014,1999,0,1,0,0
https://openalex.org/W2050083940,1999,0,4,0,0
https://openalex.org/W2050132318,1999,2,12,11,4
https://openalex.org/W2050166415,1999,0,1,0,0
https://openalex.org/W2050172995,1999,0,1,0,1
https://openalex.org/W2050183305,1999,0,2,0,0
https://openalex.org/W2050185303,1999,0,0,2,0
https://openalex.org/W2050192741,1999,0,1,0,0
https://openalex.org/W2050197375,1999,7,8,17,2
https://openalex.org/W2050206635,1999,0,8,4,1
https://openalex.org/W2050251708,1999,0,1,0,0
https://openalex.org/W2050303956,1999,2,10,5,5
https://openalex.org/W2050323699,1999,0,6,4,2
https://openalex.org/W2050337181,1999,0,1,4,0
https://openalex.org/W2050397725,1999,1,1,0,1
https://openalex.org/W2050400687,1999,1,1,1,0
https://openalex.org/W2050401936,1999,2,2,52,23
https://openalex.org/W2050432368,1999,0,5,0,1
https://openalex.org/W2050439049,1999,0,0,1,1
https://openalex.org/W2050506746,1999,0,5,1,1
https://openalex.org/W2050589011,1999,0,0,1,0
https://openalex.org/W2050592715,1999,0,2,1,0
https://openalex.org/W2050672048,1999,0,4,0,1
https://openalex.org/W2050766481,1999,1,4,0,0
https://openalex.org/W2050889776,1999,0,2,4,1
https://openalex.org/W2050933480,1999,0,1,1,0
https://openalex.org/W2050948822,1999,1,1,4,0
https://openalex.org/W2050950328,1999,0,4,3,2
https://openalex.org/W2050971113,1999,6,9,7,1
https://openalex.org/W2051006479,1999,0,7,3,0
https://openalex.org/W2051026130,1999,0,2,1,0
https://openalex.org/W2051056414,1999,1,0,1,0
https://openalex.org/W2051131947,1999,7,10,6,4
https://openalex.org/W2051210776,1999,0,1,1,0
https://openalex.org/W2051216906,1999,1,0,1,0
https://openalex.org/W2051238794,1999,1,5,0,0
https://openalex.org/W2051318685,1999,0,1,3,0
https://openalex.org/W2051323440,1999,1,0,1,0
https://openalex.org/W2051395506,1999,0,4,5,1
https://openalex.org/W2051443060,1999,2,0,2,0
https://openalex.org/W2051492913,1999,0,2,0,0
https://openalex.org/W2051520737,1999,2,17,8,0
https://openalex.org/W2051548767,1999,0,2,1,1
https://openalex.org/W2051571664,1999,12,29,6,9
https://openalex.org/W2051646897,1999,0,3,2,2
https://openalex.org/W2051683871,1999,1,1,2,0
https://openalex.org/W2051694664,1999,7,17,15,1
https://openalex.org/W2051721081,1999,0,0,1,0
https://openalex.org/W2051862003,1999,12,1,3,1
https://openalex.org/W2051916299,1999,0,2,0,0
https://openalex.org/W2051926780,1999,5,2,3,1
https://openalex.org/W2051944828,1999,2,18,0,3
https://openalex.org/W2051983708,1999,0,1,0,0
https://openalex.org/W2051997735,1999,12,31,13,2
https://openalex.org/W2052069170,1999,3,4,0,1
https://openalex.org/W2052072388,1999,0,15,11,0
https://openalex.org/W2052107553,1999,0,2,3,1
https://openalex.org/W2052110455,1999,0,1,0,0
https://openalex.org/W2052126932,1999,2,3,3,2
https://openalex.org/W2052175856,1999,1,1,0,0
https://openalex.org/W2052199567,1999,3,27,46,1
https://openalex.org/W2052223829,1999,0,0,1,0
https://openalex.org/W2052233182,1999,1,1,0,0
https://openalex.org/W2052277224,1999,0,20,4,2
https://openalex.org/W2052331025,1999,0,1,0,0
https://openalex.org/W2052360767,1999,0,3,5,0
https://openalex.org/W2052385537,1999,0,1,3,0
https://openalex.org/W2052448136,1999,0,5,1,0
https://openalex.org/W2052527294,1999,11,8,6,1
https://openalex.org/W2052633440,1999,0,10,5,0
https://openalex.org/W2052635909,1999,4,34,51,6
https://openalex.org/W2052646287,1999,1,1,2,0
https://openalex.org/W2052648645,1999,0,3,1,0
https://openalex.org/W2052683409,1999,0,1,0,1
https://openalex.org/W2052697855,1999,2,5,1,0
https://openalex.org/W2052752862,1999,2,3,1,0
https://openalex.org/W2052758694,1999,0,1,3,0
https://openalex.org/W2052813968,1999,0,1,1,1
https://openalex.org/W2052837095,1999,2,0,7,7
https://openalex.org/W2052843298,1999,0,3,1,2
https://openalex.org/W2052859062,1999,9,9,5,3
https://openalex.org/W2052912627,1999,0,3,0,0
https://openalex.org/W2052913158,1999,0,2,3,0
https://openalex.org/W2052943810,1999,8,18,0,0
https://openalex.org/W2052988995,1999,0,1,0,0
https://openalex.org/W2052997649,1999,0,7,15,1
https://openalex.org/W2053011821,1999,11,1,3,1
https://openalex.org/W2053037514,1999,1,10,9,0
https://openalex.org/W2053095772,1999,3,4,2,2
https://openalex.org/W2053188777,1999,1,4,0,0
https://openalex.org/W2053190073,1999,0,2,0,0
https://openalex.org/W2053261831,1999,0,5,0,0
https://openalex.org/W2053284534,1999,1,4,0,0
https://openalex.org/W2053284763,1999,3,0,1,0
https://openalex.org/W2053313734,1999,0,3,4,1
https://openalex.org/W2053342816,1999,2,3,1,0
https://openalex.org/W2053349720,1999,3,4,1,2
https://openalex.org/W2053367448,1999,6,5,7,3
https://openalex.org/W2053424467,1999,1,2,2,0
https://openalex.org/W2053430394,1999,0,12,3,2
https://openalex.org/W2053487715,1999,1,3,1,0
https://openalex.org/W2053499393,1999,3,2,1,0
https://openalex.org/W2053518224,1999,1,1,1,0
https://openalex.org/W2053555023,1999,6,24,13,4
https://openalex.org/W2053556664,1999,1,0,4,1
https://openalex.org/W2053567176,1999,0,1,0,1
https://openalex.org/W2053569763,1999,4,4,2,2
https://openalex.org/W2053593104,1999,1,12,0,1
https://openalex.org/W2053644013,1999,8,74,27,27
https://openalex.org/W2053760131,1999,0,2,2,0
https://openalex.org/W2053786948,1999,12,7,12,3
https://openalex.org/W2053819410,1999,0,0,1,0
https://openalex.org/W2053854148,1999,0,0,1,3
https://openalex.org/W2053891957,1999,1,3,10,7
https://openalex.org/W2053969130,1999,0,9,2,3
https://openalex.org/W2053991046,1999,0,0,2,0
https://openalex.org/W2054035048,1999,7,2,2,1
https://openalex.org/W2054044361,1999,9,3,1,1
https://openalex.org/W2054083183,1999,4,2,5,0
https://openalex.org/W2054090607,1999,0,1,1,0
https://openalex.org/W2054117464,1999,0,2,0,0
https://openalex.org/W2054173579,1999,0,11,9,2
https://openalex.org/W2054205972,1999,0,5,1,0
https://openalex.org/W2054312525,1999,1,1,1,0
https://openalex.org/W2054344368,1999,5,8,3,1
https://openalex.org/W2054386287,1999,6,2,9,1
https://openalex.org/W2054417293,1999,9,5,1,0
https://openalex.org/W2054473996,1999,3,5,3,2
https://openalex.org/W2054478524,1999,0,1,2,1
https://openalex.org/W2054494266,1999,1,0,5,0
https://openalex.org/W2054540602,1999,2,0,1,0
https://openalex.org/W2054556925,1999,0,0,2,1
https://openalex.org/W2054574299,1999,0,2,1,2
https://openalex.org/W2054575772,1999,0,2,0,0
https://openalex.org/W2054608136,1999,0,1,0,0
https://openalex.org/W2054632295,1999,0,0,1,0
https://openalex.org/W2054689224,1999,0,1,0,1
https://openalex.org/W2054753711,1999,2,13,17,1
https://openalex.org/W2054771190,1999,0,1,0,0
https://openalex.org/W2054833149,1999,1,4,3,2
https://openalex.org/W2054846516,1999,5,19,4,0
https://openalex.org/W2054870564,1999,1,0,3,0
https://openalex.org/W2054891204,1999,0,6,1,0
https://openalex.org/W2054899616,1999,0,1,0,0
https://openalex.org/W2054939694,1999,11,2,8,0
https://openalex.org/W2054946821,1999,0,1,5,0
https://openalex.org/W2054970950,1999,12,14,3,1
https://openalex.org/W2055054777,1999,11,139,47,17
https://openalex.org/W2055086758,1999,12,39,96,6
https://openalex.org/W2055127083,1999,1,5,2,0
https://openalex.org/W2055190368,1999,2,24,2,5
https://openalex.org/W2055237633,1999,1,1,4,4
https://openalex.org/W2055243969,1999,9,15,15,11
https://openalex.org/W2055255966,1999,1,15,2,1
https://openalex.org/W2055345746,1999,3,6,4,2
https://openalex.org/W2055356548,1999,1,0,2,0
https://openalex.org/W2055381217,1999,5,21,2,5
https://openalex.org/W2055442650,1999,0,0,1,0
https://openalex.org/W2055465512,1999,7,6,1,3
https://openalex.org/W2055468182,1999,0,5,5,0
https://openalex.org/W2055544948,1999,0,1,4,0
https://openalex.org/W2055548858,1999,0,4,1,0
https://openalex.org/W2055556808,1999,0,17,9,1
https://openalex.org/W2055576178,1999,0,4,1,1
https://openalex.org/W2055627887,1999,1,9,12,3
https://openalex.org/W2055715076,1999,12,13,43,2
https://openalex.org/W2055765107,1999,2,1,5,0
https://openalex.org/W2055768377,1999,3,1,2,1
https://openalex.org/W2055778869,1999,0,11,2,0
https://openalex.org/W2055795931,1999,0,13,8,3
https://openalex.org/W2055802462,1999,1,14,1,2
https://openalex.org/W2055807091,1999,0,2,1,1
https://openalex.org/W2055826937,1999,2,9,0,2
https://openalex.org/W2055835542,1999,3,7,1,1
https://openalex.org/W2055928984,1999,11,2,0,1
https://openalex.org/W2055951664,1999,0,4,0,0
https://openalex.org/W2055963033,1999,4,31,21,3
https://openalex.org/W2055986958,1999,3,0,2,1
https://openalex.org/W2056017913,1999,2,1,0,0
https://openalex.org/W2056038037,1999,0,4,0,1
https://openalex.org/W2056050756,1999,0,4,0,0
https://openalex.org/W2056056286,1999,10,58,47,22
https://openalex.org/W2056066086,1999,1,7,1,1
https://openalex.org/W2056118042,1999,12,31,114,107
https://openalex.org/W2056128375,1999,8,43,31,19
https://openalex.org/W2056172835,1999,2,12,3,0
https://openalex.org/W2056211469,1999,0,3,1,0
https://openalex.org/W2056215648,1999,1,12,4,0
https://openalex.org/W2056224851,1999,0,0,2,0
https://openalex.org/W2056288958,1999,1,1,1,2
https://openalex.org/W2056305275,1999,0,2,6,0
https://openalex.org/W2056321009,1999,0,3,3,0
https://openalex.org/W2056351618,1999,1,1,0,0
https://openalex.org/W2056375967,1999,4,5,1,1
https://openalex.org/W2056389621,1999,3,3,1,0
https://openalex.org/W2056443632,1999,0,12,4,0
https://openalex.org/W2056477797,1999,1,3,4,2
https://openalex.org/W2056480564,1999,0,2,0,1
https://openalex.org/W2056509799,1999,0,2,1,1
https://openalex.org/W2056544436,1999,1,2,2,0
https://openalex.org/W2056598069,1999,5,2,1,33
https://openalex.org/W2056715245,1999,1,2,1,1
https://openalex.org/W2056734781,1999,6,1,5,2
https://openalex.org/W2056800580,1999,0,3,1,0
https://openalex.org/W2056806370,1999,0,6,4,1
https://openalex.org/W2056855221,1999,0,1,1,1
https://openalex.org/W2056877447,1999,0,0,1,0
https://openalex.org/W2056883722,1999,0,0,0,2
https://openalex.org/W2056908779,1999,5,21,5,14
https://openalex.org/W2056926225,1999,0,3,0,0
https://openalex.org/W2056944220,1999,6,6,3,1
https://openalex.org/W2056952471,1999,2,7,3,2
https://openalex.org/W2056976394,1999,1,3,8,7
https://openalex.org/W2057020348,1999,0,14,4,0
https://openalex.org/W2057049749,1999,0,1,1,1
https://openalex.org/W2057090429,1999,3,2,5,0
https://openalex.org/W2057157525,1999,0,2,1,3
https://openalex.org/W2057176223,1999,5,7,1,0
https://openalex.org/W2057211185,1999,0,0,2,0
https://openalex.org/W2057242030,1999,0,13,4,2
https://openalex.org/W2057244965,1999,9,13,31,11
https://openalex.org/W2057298008,1999,0,1,0,0
https://openalex.org/W2057306077,1999,0,2,2,0
https://openalex.org/W2057387344,1999,2,1,0,0
https://openalex.org/W2057392198,1999,0,1,1,0
https://openalex.org/W2057424243,1999,0,3,2,0
https://openalex.org/W2057471505,1999,0,1,5,1
https://openalex.org/W2057512188,1999,1,2,1,0
https://openalex.org/W2057554954,1999,5,9,4,0
https://openalex.org/W2057558373,1999,8,4,0,0
https://openalex.org/W2057600269,1999,1,1,2,0
https://openalex.org/W2057608665,1999,0,3,0,2
https://openalex.org/W2057610819,1999,1,3,8,1
https://openalex.org/W2057625714,1999,0,2,1,0
https://openalex.org/W2057641533,1999,8,3,1,0
https://openalex.org/W2057642927,1999,0,9,12,3
https://openalex.org/W2057651677,1999,5,10,1,0
https://openalex.org/W2057653437,1999,0,1,4,0
https://openalex.org/W2057666479,1999,2,5,5,0
https://openalex.org/W2057721900,1999,0,4,2,2
https://openalex.org/W2057769223,1999,0,3,0,0
https://openalex.org/W2057772244,1999,0,1,1,0
https://openalex.org/W2057842188,1999,0,4,0,0
https://openalex.org/W2057853329,1999,2,7,1,0
https://openalex.org/W2057921555,1999,0,2,0,1
https://openalex.org/W2058038605,1999,0,1,0,0
https://openalex.org/W2058082842,1999,0,1,0,0
https://openalex.org/W2058148432,1999,0,6,2,1
https://openalex.org/W2058150873,1999,9,14,3,0
https://openalex.org/W2058170436,1999,3,3,2,0
https://openalex.org/W2058206653,1999,2,7,6,1
https://openalex.org/W2058223960,1999,0,1,0,1
https://openalex.org/W2058256658,1999,5,1,1,1
https://openalex.org/W2058349404,1999,0,2,0,0
https://openalex.org/W2058372967,1999,6,1,6,2
https://openalex.org/W2058459196,1999,0,4,2,1
https://openalex.org/W2058462398,1999,1,1,0,0
https://openalex.org/W2058473229,1999,3,1,6,1
https://openalex.org/W2058622881,1999,0,3,2,3
https://openalex.org/W2058628788,1999,0,2,1,0
https://openalex.org/W2058644801,1999,4,1,1,2
https://openalex.org/W2058688225,1999,0,0,2,0
https://openalex.org/W2058736572,1999,1,3,2,3
https://openalex.org/W2058738090,1999,0,0,0,2
https://openalex.org/W2058743274,1999,7,3,19,11
https://openalex.org/W2058777578,1999,0,3,0,0
https://openalex.org/W2058785081,1999,5,2,7,2
https://openalex.org/W2058819486,1999,1,5,0,0
https://openalex.org/W2058865863,1999,0,2,2,0
https://openalex.org/W2058902251,1999,1,3,0,0
https://openalex.org/W2058982543,1999,5,8,4,0
https://openalex.org/W2058990308,1999,2,6,1,0
https://openalex.org/W2059201301,1999,2,2,3,1
https://openalex.org/W2059249713,1999,0,1,0,0
https://openalex.org/W2059253494,1999,0,2,0,0
https://openalex.org/W2059278283,1999,4,0,6,0
https://openalex.org/W2059296774,1999,3,5,1,0
https://openalex.org/W2059334653,1999,2,27,1,1
https://openalex.org/W2059352247,1999,0,12,1,2
https://openalex.org/W2059367014,1999,1,0,1,0
https://openalex.org/W2059376969,1999,2,2,1,2
https://openalex.org/W2059381016,1999,0,7,3,1
https://openalex.org/W2059449757,1999,0,1,1,1
https://openalex.org/W2059459421,1999,0,1,0,0
https://openalex.org/W2059474439,1999,5,1,1,1
https://openalex.org/W2059496194,1999,0,1,4,0
https://openalex.org/W2059506570,1999,0,3,2,0
https://openalex.org/W2059521587,1999,1,0,1,0
https://openalex.org/W2059525752,1999,2,0,3,0
https://openalex.org/W2059530460,1999,4,1,6,1
https://openalex.org/W2059539896,1999,0,0,1,0
https://openalex.org/W2059623160,1999,2,1,6,0
https://openalex.org/W2059664147,1999,0,13,6,2
https://openalex.org/W2059703312,1999,0,1,1,1
https://openalex.org/W2059727105,1999,1,3,0,0
https://openalex.org/W2059747622,1999,0,1,3,1
https://openalex.org/W2059812424,1999,0,3,2,3
https://openalex.org/W2059888351,1999,3,3,4,0
https://openalex.org/W2059905605,1999,0,20,0,0
https://openalex.org/W2059912591,1999,0,154,94,71
https://openalex.org/W2059919384,1999,0,0,1,2
https://openalex.org/W2059991256,1999,0,3,0,1
https://openalex.org/W2059996693,1999,0,6,0,0
https://openalex.org/W2060075686,1999,0,10,13,10
https://openalex.org/W2060103464,1999,1,14,5,2
https://openalex.org/W2060110283,1999,2,8,2,0
https://openalex.org/W2060111637,1999,0,4,2,0
https://openalex.org/W2060158762,1999,8,7,6,2
https://openalex.org/W2060163647,1999,0,2,0,0
https://openalex.org/W2060168089,1999,1,0,4,0
https://openalex.org/W2060179116,1999,0,1,0,0
https://openalex.org/W2060181896,1999,0,0,0,1
https://openalex.org/W2060195076,1999,0,53,11,3
https://openalex.org/W2060271808,1999,0,1,2,0
https://openalex.org/W2060278154,1999,0,4,1,1
https://openalex.org/W2060331271,1999,0,1,3,0
https://openalex.org/W2060346326,1999,0,7,0,0
https://openalex.org/W2060381238,1999,9,9,20,3
https://openalex.org/W2060506563,1999,1,1,3,0
https://openalex.org/W2060555390,1999,0,0,1,2
https://openalex.org/W2060598310,1999,2,1,3,1
https://openalex.org/W2060617102,1999,0,3,0,1
https://openalex.org/W2060680934,1999,3,4,3,0
https://openalex.org/W2060742194,1999,0,2,3,0
https://openalex.org/W2060768519,1999,1,1,4,2
https://openalex.org/W2060813584,1999,0,1,2,0
https://openalex.org/W2060848568,1999,3,1,4,1
https://openalex.org/W2060884180,1999,0,1,5,1
https://openalex.org/W2060903980,1999,0,7,7,0
https://openalex.org/W2060929691,1999,0,3,2,2
https://openalex.org/W2060942047,1999,2,5,1,0
https://openalex.org/W2060954540,1999,1,7,2,1
https://openalex.org/W2060971319,1999,0,5,1,0
https://openalex.org/W2060992089,1999,4,7,4,6
https://openalex.org/W2061036456,1999,1,3,0,2
https://openalex.org/W2061059123,1999,0,3,0,2
https://openalex.org/W2061072041,1999,0,1,4,0
https://openalex.org/W2061099065,1999,2,4,6,1
https://openalex.org/W2061104828,1999,2,1,0,0
https://openalex.org/W2061195673,1999,2,74,16,7
https://openalex.org/W2061229213,1999,3,14,0,1
https://openalex.org/W2061240963,1999,0,0,4,0
https://openalex.org/W2061288609,1999,2,5,1,0
https://openalex.org/W2061314873,1999,1,1,0,1
https://openalex.org/W2061332323,1999,0,4,1,0
https://openalex.org/W2061341681,1999,1,5,4,0
https://openalex.org/W2061356493,1999,9,10,7,3
https://openalex.org/W2061399985,1999,0,1,0,0
https://openalex.org/W2061469276,1999,9,18,13,3
https://openalex.org/W2061561512,1999,0,3,0,0
https://openalex.org/W2061582656,1999,0,0,1,0
https://openalex.org/W2061587639,1999,2,17,6,1
https://openalex.org/W2061593930,1999,8,34,68,4
https://openalex.org/W2061611248,1999,2,3,9,0
https://openalex.org/W2061642170,1999,5,8,1,0
https://openalex.org/W2061691946,1999,0,1,1,5
https://openalex.org/W2061772658,1999,0,1,3,1
https://openalex.org/W2061779659,1999,0,7,1,1
https://openalex.org/W2061809675,1999,0,5,0,0
https://openalex.org/W2061831414,1999,6,2,1,3
https://openalex.org/W2061872816,1999,1,2,5,0
https://openalex.org/W2061879657,1999,0,3,0,0
https://openalex.org/W2061903258,1999,2,8,15,1
https://openalex.org/W2062051591,1999,0,5,2,1
https://openalex.org/W2062086834,1999,2,3,2,1
https://openalex.org/W2062108350,1999,0,3,3,2
https://openalex.org/W2062116566,1999,9,3,2,3
https://openalex.org/W2062129714,1999,1,5,0,2
https://openalex.org/W2062166538,1999,4,15,8,0
https://openalex.org/W2062191796,1999,0,1,1,0
https://openalex.org/W2062192410,1999,0,1,0,1
https://openalex.org/W2062242545,1999,0,2,2,0
https://openalex.org/W2062270398,1999,0,2,0,0
https://openalex.org/W2062364898,1999,2,11,0,2
https://openalex.org/W2062458994,1999,6,1,9,2
https://openalex.org/W2062464998,1999,0,0,1,0
https://openalex.org/W2062475667,1999,4,3,1,3
https://openalex.org/W2062500863,1999,1,3,2,0
https://openalex.org/W2062509827,1999,0,3,0,0
https://openalex.org/W2062538726,1999,0,2,1,2
https://openalex.org/W2062566160,1999,0,1,2,0
https://openalex.org/W2062570760,1999,0,2,0,0
https://openalex.org/W2062610192,1999,0,6,0,1
https://openalex.org/W2062618035,1999,5,18,2,1
https://openalex.org/W2062643684,1999,0,1,3,3
https://openalex.org/W2062651528,1999,0,1,2,0
https://openalex.org/W2062676644,1999,10,12,9,3
https://openalex.org/W2062734627,1999,0,9,1,1
https://openalex.org/W2062740009,1999,0,2,1,0
https://openalex.org/W2062815798,1999,0,0,0,2
https://openalex.org/W2062847363,1999,0,9,0,1
https://openalex.org/W2062934359,1999,0,6,0,2
https://openalex.org/W2062956916,1999,0,3,0,0
https://openalex.org/W2063021170,1999,0,3,0,0
https://openalex.org/W2063027556,1999,0,1,2,0
https://openalex.org/W2063091834,1999,0,0,0,1
https://openalex.org/W2063124155,1999,1,5,9,3
https://openalex.org/W2063135328,1999,0,9,12,1
https://openalex.org/W2063140591,1999,0,2,1,1
https://openalex.org/W2063153873,1999,0,2,0,0
https://openalex.org/W2063188767,1999,0,1,0,0
https://openalex.org/W2063210740,1999,0,5,0,0
https://openalex.org/W2063261945,1999,5,4,0,0
https://openalex.org/W2063275872,1999,8,12,5,19
https://openalex.org/W2063278845,1999,0,9,4,8
https://openalex.org/W2063291834,1999,5,4,0,0
https://openalex.org/W2063316983,1999,1,13,0,1
https://openalex.org/W2063350388,1999,0,0,1,0
https://openalex.org/W2063376971,1999,0,1,1,1
https://openalex.org/W2063378049,1999,0,8,2,0
https://openalex.org/W2063410933,1999,10,10,24,1
https://openalex.org/W2063475362,1999,1,7,1,1
https://openalex.org/W2063493180,1999,2,1,2,0
https://openalex.org/W2063496867,1999,3,1,2,2
https://openalex.org/W2063501844,1999,4,8,6,2
https://openalex.org/W2063523477,1999,2,27,15,4
https://openalex.org/W2063551783,1999,0,2,4,1
https://openalex.org/W2063601662,1999,3,16,3,2
https://openalex.org/W2063616578,1999,0,8,1,0
https://openalex.org/W2063676906,1999,1,0,1,0
https://openalex.org/W2063706556,1999,0,11,0,0
https://openalex.org/W2063760857,1999,0,2,2,0
https://openalex.org/W2063801549,1999,0,1,4,0
https://openalex.org/W2063822075,1999,0,3,0,0
https://openalex.org/W2063822639,1999,0,2,0,1
https://openalex.org/W2063837152,1999,0,1,0,0
https://openalex.org/W2063850469,1999,0,0,1,0
https://openalex.org/W2063887160,1999,0,1,0,0
https://openalex.org/W2063908804,1999,1,20,12,0
https://openalex.org/W2063972747,1999,0,3,0,0
https://openalex.org/W2064022423,1999,0,0,1,0
https://openalex.org/W2064038816,1999,5,6,0,0
https://openalex.org/W2064059093,1999,0,5,2,1
https://openalex.org/W2064146237,1999,0,2,0,2
https://openalex.org/W2064149856,1999,0,3,0,0
https://openalex.org/W2064184830,1999,0,1,0,1
https://openalex.org/W2064257880,1999,0,5,0,0
https://openalex.org/W2064291953,1999,2,3,2,0
https://openalex.org/W2064337682,1999,0,3,6,1
https://openalex.org/W2064360798,1999,2,11,1,2
https://openalex.org/W2064372125,1999,4,21,19,13
https://openalex.org/W2064386337,1999,2,4,0,0
https://openalex.org/W2064388793,1999,0,1,0,0
https://openalex.org/W2064400960,1999,0,4,2,1
https://openalex.org/W2064433528,1999,7,5,43,5
https://openalex.org/W2064457836,1999,2,3,5,1
https://openalex.org/W2064579362,1999,2,180,26,5
https://openalex.org/W2064601877,1999,3,37,70,5
https://openalex.org/W2064717654,1999,0,0,0,1
https://openalex.org/W2064759775,1999,1,3,0,0
https://openalex.org/W2064806089,1999,1,2,0,0
https://openalex.org/W2064813829,1999,2,5,2,1
https://openalex.org/W2064832275,1999,0,1,1,0
https://openalex.org/W2064849033,1999,0,13,2,5
https://openalex.org/W2064872100,1999,0,1,0,0
https://openalex.org/W2064907486,1999,1,0,1,1
https://openalex.org/W2064955860,1999,2,2,0,0
https://openalex.org/W2064980773,1999,0,4,6,0
https://openalex.org/W2065051207,1999,0,3,3,1
https://openalex.org/W2065081184,1999,0,13,2,0
https://openalex.org/W2065154428,1999,0,2,0,2
https://openalex.org/W2065162786,1999,0,5,0,0
https://openalex.org/W2065188040,1999,0,1,3,2
https://openalex.org/W2065236333,1999,0,3,1,0
https://openalex.org/W2065240762,1999,0,2,3,0
https://openalex.org/W2065295644,1999,0,3,0,0
https://openalex.org/W2065351338,1999,0,1,0,0
https://openalex.org/W2065405026,1999,1,3,2,2
https://openalex.org/W2065428041,1999,0,1,1,0
https://openalex.org/W2065451727,1999,4,6,2,1
https://openalex.org/W2065480346,1999,0,1,1,0
https://openalex.org/W2065620247,1999,1,0,1,0
https://openalex.org/W2065702268,1999,0,0,1,0
https://openalex.org/W2065723710,1999,0,2,0,0
https://openalex.org/W2065726858,1999,5,4,0,0
https://openalex.org/W2065732071,1999,0,2,1,1
https://openalex.org/W2065757327,1999,5,4,16,0
https://openalex.org/W2065791098,1999,0,2,0,0
https://openalex.org/W2065801781,1999,0,3,0,0
https://openalex.org/W2065814686,1999,0,1,1,0
https://openalex.org/W2065866545,1999,10,450,131,47
https://openalex.org/W2065916944,1999,0,2,1,1
https://openalex.org/W2065939931,1999,0,1,0,0
https://openalex.org/W2066067008,1999,0,0,1,0
https://openalex.org/W2066207179,1999,0,0,1,0
https://openalex.org/W2066249972,1999,3,2,4,0
https://openalex.org/W2066314100,1999,0,4,2,0
https://openalex.org/W2066391952,1999,0,14,3,4
https://openalex.org/W2066448456,1999,10,51,20,17
https://openalex.org/W2066462045,1999,0,16,1,9
https://openalex.org/W2066462711,1999,7,24,155,121
https://openalex.org/W2066519359,1999,2,22,36,0
https://openalex.org/W2066600385,1999,1,2,1,1
https://openalex.org/W2066662546,1999,8,11,10,3
https://openalex.org/W2066662566,1999,4,6,1,0
https://openalex.org/W2066700285,1999,9,2,3,0
https://openalex.org/W2066778209,1999,0,4,0,0
https://openalex.org/W2066786658,1999,0,6,2,2
https://openalex.org/W2066804833,1999,7,9,7,0
https://openalex.org/W2066904079,1999,12,4,1,0
https://openalex.org/W2066917568,1999,0,3,0,0
https://openalex.org/W2066980357,1999,0,2,1,2
https://openalex.org/W2066990791,1999,12,16,4,0
https://openalex.org/W2066999470,1999,0,0,13,0
https://openalex.org/W2067128035,1999,0,7,1,0
https://openalex.org/W2067142868,1999,0,1,2,1
https://openalex.org/W2067194918,1999,0,0,1,0
https://openalex.org/W2067296326,1999,1,0,2,1
https://openalex.org/W2067300305,1999,0,4,3,1
https://openalex.org/W2067358853,1999,4,4,4,0
https://openalex.org/W2067410190,1999,0,0,1,0
https://openalex.org/W2067410994,1999,7,1,2,1
https://openalex.org/W2067418081,1999,4,22,13,5
https://openalex.org/W2067538467,1999,1,7,0,0
https://openalex.org/W2067542178,1999,4,61,7,10
https://openalex.org/W2067548375,1999,9,4,9,3
https://openalex.org/W2067555610,1999,0,8,2,1
https://openalex.org/W2067561977,1999,0,1,0,1
https://openalex.org/W2067574754,1999,1,0,2,0
https://openalex.org/W2067580420,1999,0,1,2,2
https://openalex.org/W2067583372,1999,0,1,2,1
https://openalex.org/W2067588886,1999,0,4,0,0
https://openalex.org/W2067594772,1999,0,2,0,1
https://openalex.org/W2067615382,1999,10,9,1,2
https://openalex.org/W2067836647,1999,0,16,0,0
https://openalex.org/W2067912189,1999,0,1,4,0
https://openalex.org/W2067919510,1999,0,0,1,1
https://openalex.org/W2067959656,1999,0,2,5,0
https://openalex.org/W2067972113,1999,0,1,1,0
https://openalex.org/W2067973866,1999,0,2,0,0
https://openalex.org/W2068053867,1999,0,5,3,0
https://openalex.org/W2068155103,1999,0,2,0,0
https://openalex.org/W2068208375,1999,0,1,2,2
https://openalex.org/W2068218586,1999,4,15,3,2
https://openalex.org/W2068219553,1999,0,2,0,0
https://openalex.org/W2068229857,1999,2,12,7,3
https://openalex.org/W2068243383,1999,1,13,1,2
https://openalex.org/W2068302537,1999,0,3,4,1
https://openalex.org/W2068327605,1999,3,2,0,0
https://openalex.org/W2068342569,1999,7,41,25,23
https://openalex.org/W2068343627,1999,0,1,2,0
https://openalex.org/W2068414786,1999,0,0,2,1
https://openalex.org/W2068421235,1999,0,26,1,2
https://openalex.org/W2068433734,1999,11,3,2,2
https://openalex.org/W2068462331,1999,0,9,8,7
https://openalex.org/W2068479779,1999,1,10,3,2
https://openalex.org/W2068523386,1999,12,8,2,1
https://openalex.org/W2068557702,1999,0,0,3,0
https://openalex.org/W2068621560,1999,2,2,0,2
https://openalex.org/W2068668146,1999,0,3,0,0
https://openalex.org/W2068674915,1999,12,11,0,4
https://openalex.org/W2068690645,1999,10,5,2,0
https://openalex.org/W2068692726,1999,0,14,6,0
https://openalex.org/W2068825721,1999,1,5,0,0
https://openalex.org/W2068871772,1999,0,3,2,2
https://openalex.org/W2068986032,1999,0,0,3,0
https://openalex.org/W2068997268,1999,0,0,0,1
https://openalex.org/W2069007761,1999,0,1,0,0
https://openalex.org/W2069045087,1999,0,5,1,4
https://openalex.org/W2069052286,1999,10,6,20,4
https://openalex.org/W2069079959,1999,0,3,1,0
https://openalex.org/W2069101109,1999,4,2,4,2
https://openalex.org/W2069105369,1999,5,164,9,18
https://openalex.org/W2069138036,1999,0,8,4,1
https://openalex.org/W2069163647,1999,2,5,1,1
https://openalex.org/W2069276407,1999,0,2,2,2
https://openalex.org/W2069339047,1999,0,1,0,0
https://openalex.org/W2069391187,1999,0,3,0,0
https://openalex.org/W2069394183,1999,0,8,4,0
https://openalex.org/W2069439642,1999,2,21,7,6
https://openalex.org/W2069480929,1999,5,4,1,0
https://openalex.org/W2069554508,1999,8,1,2,0
https://openalex.org/W2069565047,1999,0,6,2,2
https://openalex.org/W2069762109,1999,6,12,11,6
https://openalex.org/W2069764308,1999,0,6,2,0
https://openalex.org/W2069773744,1999,0,1,0,0
https://openalex.org/W2069832136,1999,1,18,2,0
https://openalex.org/W2069919000,1999,1,1,3,1
https://openalex.org/W2070052629,1999,5,8,2,1
https://openalex.org/W2070057217,1999,6,11,5,0
https://openalex.org/W2070082743,1999,7,11,9,2
https://openalex.org/W2070143741,1999,0,0,1,0
https://openalex.org/W2070173691,1999,1,4,3,0
https://openalex.org/W2070185147,1999,1,1,2,0
https://openalex.org/W2070270193,1999,1,8,6,1
https://openalex.org/W2070333837,1999,0,3,0,1
https://openalex.org/W2070374538,1999,0,1,1,0
https://openalex.org/W2070400198,1999,0,2,5,0
https://openalex.org/W2070445034,1999,0,11,6,0
https://openalex.org/W2070479198,1999,4,3,7,3
https://openalex.org/W2070485028,1999,0,4,0,0
https://openalex.org/W2070498374,1999,0,0,1,0
https://openalex.org/W2070500450,1999,0,1,1,1
https://openalex.org/W2070500912,1999,4,6,3,2
https://openalex.org/W2070511918,1999,0,10,4,4
https://openalex.org/W2070512749,1999,5,6,1,1
https://openalex.org/W2070573867,1999,1,0,2,0
https://openalex.org/W2070582884,1999,9,8,14,3
https://openalex.org/W2070590338,1999,5,3,0,0
https://openalex.org/W2070618092,1999,5,2,3,3
https://openalex.org/W2070630812,1999,3,14,2,4
https://openalex.org/W2070637485,1999,0,1,0,0
https://openalex.org/W2070659614,1999,0,0,2,0
https://openalex.org/W2070672541,1999,0,6,1,0
https://openalex.org/W2070703298,1999,6,10,1,0
https://openalex.org/W2070704259,1999,4,5,23,0
https://openalex.org/W2070768550,1999,0,1,0,1
https://openalex.org/W2070892306,1999,4,13,8,5
https://openalex.org/W2070898475,1999,4,2,3,0
https://openalex.org/W2070918010,1999,0,1,0,0
https://openalex.org/W2070942344,1999,0,2,2,0
https://openalex.org/W2070959238,1999,0,3,8,2
https://openalex.org/W2071038686,1999,0,4,0,0
https://openalex.org/W2071083707,1999,0,2,0,0
https://openalex.org/W2071135918,1999,0,5,3,0
https://openalex.org/W2071177746,1999,0,2,1,0
https://openalex.org/W2071347439,1999,0,0,1,0
https://openalex.org/W2071351379,1999,0,6,1,2
https://openalex.org/W2071363312,1999,2,0,3,1
https://openalex.org/W2071500770,1999,0,9,0,3
https://openalex.org/W2071513438,1999,6,23,14,3
https://openalex.org/W2071540928,1999,0,1,0,0
https://openalex.org/W2071581297,1999,0,4,1,0
https://openalex.org/W2071606652,1999,0,15,8,3
https://openalex.org/W2071650454,1999,0,0,5,0
https://openalex.org/W2071665875,1999,0,2,3,1
https://openalex.org/W2071749072,1999,0,3,5,2
https://openalex.org/W2071799952,1999,0,1,0,0
https://openalex.org/W2071814197,1999,0,2,0,0
https://openalex.org/W2071828898,1999,0,1,1,0
https://openalex.org/W2071848028,1999,3,1,5,1
https://openalex.org/W2071941454,1999,0,4,0,0
https://openalex.org/W2071956463,1999,0,1,4,0
https://openalex.org/W2071969870,1999,0,1,1,0
https://openalex.org/W2072017538,1999,0,4,1,4
https://openalex.org/W2072039596,1999,0,0,1,0
https://openalex.org/W2072125203,1999,6,56,4,4
https://openalex.org/W2072127322,1999,0,5,0,2
https://openalex.org/W2072135293,1999,0,6,4,0
https://openalex.org/W2072152615,1999,1,11,4,4
https://openalex.org/W2072196764,1999,0,8,0,0
https://openalex.org/W2072206664,1999,0,3,1,0
https://openalex.org/W2072209278,1999,0,6,7,0
https://openalex.org/W2072260522,1999,9,10,2,1
https://openalex.org/W2072291962,1999,4,0,7,0
https://openalex.org/W2072298229,1999,0,3,0,0
https://openalex.org/W2072343142,1999,0,0,1,0
https://openalex.org/W2072352473,1999,0,1,0,0
https://openalex.org/W2072396175,1999,5,5,11,3
https://openalex.org/W2072419449,1999,2,5,4,0
https://openalex.org/W2072471557,1999,0,5,2,0
https://openalex.org/W2072486249,1999,1,4,1,2
https://openalex.org/W2072510853,1999,5,6,17,4
https://openalex.org/W2072539990,1999,0,0,1,1
https://openalex.org/W2072552760,1999,0,1,0,0
https://openalex.org/W2072559112,1999,1,11,10,0
https://openalex.org/W2072603253,1999,0,3,0,1
https://openalex.org/W2072616544,1999,0,1,0,0
https://openalex.org/W2072625023,1999,2,11,2,0
https://openalex.org/W2072653010,1999,0,5,0,0
https://openalex.org/W2072729349,1999,2,0,2,5
https://openalex.org/W2072804476,1999,8,3,3,0
https://openalex.org/W2072811327,1999,8,5,3,1
https://openalex.org/W2072894385,1999,0,2,1,2
https://openalex.org/W2072999091,1999,0,0,2,0
https://openalex.org/W2073048265,1999,1,4,0,0
https://openalex.org/W2073052193,1999,5,5,12,0
https://openalex.org/W2073117901,1999,1,6,1,0
https://openalex.org/W2073119217,1999,9,1,5,1
https://openalex.org/W2073139230,1999,0,2,2,0
https://openalex.org/W2073150627,1999,3,7,5,1
https://openalex.org/W2073198876,1999,0,5,0,0
https://openalex.org/W2073238400,1999,1,4,3,1
https://openalex.org/W2073241550,1999,1,12,0,0
https://openalex.org/W2073253014,1999,0,2,0,0
https://openalex.org/W2073262245,1999,1,6,4,1
https://openalex.org/W2073309980,1999,0,2,0,1
https://openalex.org/W2073327504,1999,4,0,1,0
https://openalex.org/W2073354817,1999,0,10,4,0
https://openalex.org/W2073384387,1999,4,7,0,1
https://openalex.org/W2073407585,1999,1,2,3,0
https://openalex.org/W2073420036,1999,0,1,3,0
https://openalex.org/W2073462367,1999,12,13,13,1
https://openalex.org/W2073501175,1999,0,1,0,0
https://openalex.org/W2073527206,1999,4,7,2,1
https://openalex.org/W2073540750,1999,1,8,0,1
https://openalex.org/W2073566405,1999,1,7,0,0
https://openalex.org/W2073576279,1999,0,2,0,0
https://openalex.org/W2073593771,1999,0,3,1,0
https://openalex.org/W2073606437,1999,0,6,2,0
https://openalex.org/W2073637129,1999,1,0,3,2
https://openalex.org/W2073682862,1999,0,1,3,1
https://openalex.org/W2073692297,1999,0,2,1,0
https://openalex.org/W2073737752,1999,0,3,0,0
https://openalex.org/W2073749280,1999,1,1,1,1
https://openalex.org/W2073777268,1999,0,0,2,0
https://openalex.org/W2073791990,1999,0,22,2,3
https://openalex.org/W2073792462,1999,0,4,1,0
https://openalex.org/W2073820325,1999,0,0,3,0
https://openalex.org/W2073842835,1999,0,1,0,0
https://openalex.org/W2073858182,1999,4,20,12,6
https://openalex.org/W2073879159,1999,0,2,1,1
https://openalex.org/W2073905151,1999,0,0,4,1
https://openalex.org/W2073916263,1999,2,0,1,0
https://openalex.org/W2073951374,1999,1,2,1,0
https://openalex.org/W2074015465,1999,0,1,0,0
https://openalex.org/W2074018390,1999,0,8,1,0
https://openalex.org/W2074036606,1999,0,0,3,0
https://openalex.org/W2074040507,1999,3,9,4,22
https://openalex.org/W2074040725,1999,0,6,4,0
https://openalex.org/W2074134898,1999,0,3,4,1
https://openalex.org/W2074143349,1999,0,6,0,0
https://openalex.org/W2074144225,1999,2,4,0,1
https://openalex.org/W2074149496,1999,4,5,1,0
https://openalex.org/W2074194986,1999,5,1,11,1
https://openalex.org/W2074198731,1999,0,20,0,0
https://openalex.org/W2074213974,1999,0,1,3,0
https://openalex.org/W2074282384,1999,0,2,1,0
https://openalex.org/W2074307605,1999,0,0,1,0
https://openalex.org/W2074311721,1999,9,49,7,15
https://openalex.org/W2074395196,1999,0,1,0,0
https://openalex.org/W2074409053,1999,3,11,18,2
https://openalex.org/W2074418554,1999,12,2,0,3
https://openalex.org/W2074438254,1999,0,0,0,1
https://openalex.org/W2074469477,1999,0,2,3,4
https://openalex.org/W2074501314,1999,0,0,0,1
https://openalex.org/W2074545758,1999,9,46,47,23
https://openalex.org/W2074563400,1999,0,2,1,0
https://openalex.org/W2074578095,1999,0,0,1,0
https://openalex.org/W2074582428,1999,0,2,2,2
https://openalex.org/W2074596952,1999,0,0,1,0
https://openalex.org/W2074677081,1999,0,1,0,0
https://openalex.org/W2074771669,1999,0,2,1,2
https://openalex.org/W2074801912,1999,0,2,1,0
https://openalex.org/W2074845227,1999,0,0,0,1
https://openalex.org/W2074849353,1999,10,9,9,6
https://openalex.org/W2074859606,1999,2,20,12,4
https://openalex.org/W2074873817,1999,0,2,1,0
https://openalex.org/W2074896194,1999,0,2,0,0
https://openalex.org/W2074956131,1999,0,4,1,1
https://openalex.org/W2075009445,1999,0,1,0,0
https://openalex.org/W2075035011,1999,0,1,0,1
https://openalex.org/W2075054950,1999,2,4,0,0
https://openalex.org/W2075058811,1999,2,11,2,0
https://openalex.org/W2075065274,1999,0,2,1,0
https://openalex.org/W2075147012,1999,0,1,0,2
https://openalex.org/W2075185683,1999,0,2,2,0
https://openalex.org/W2075210132,1999,2,0,1,0
https://openalex.org/W2075241078,1999,4,4,0,3
https://openalex.org/W2075246128,1999,0,4,0,2
https://openalex.org/W2075256386,1999,0,7,1,0
https://openalex.org/W2075287230,1999,5,5,6,0
https://openalex.org/W2075293641,1999,7,11,0,1
https://openalex.org/W2075297771,1999,1,0,2,1
https://openalex.org/W2075350009,1999,6,14,23,1
https://openalex.org/W2075444797,1999,7,9,2,0
https://openalex.org/W2075449289,1999,2,5,2,1
https://openalex.org/W2075517609,1999,0,3,0,0
https://openalex.org/W2075572344,1999,0,1,0,0
https://openalex.org/W2075629340,1999,1,6,4,1
https://openalex.org/W2075665301,1999,1,0,1,1
https://openalex.org/W2075762066,1999,12,14,4,0
https://openalex.org/W2075813194,1999,4,11,4,0
https://openalex.org/W2075813851,1999,0,1,0,0
https://openalex.org/W2075833386,1999,0,5,4,0
https://openalex.org/W2075918363,1999,0,3,5,3
https://openalex.org/W2075941029,1999,0,4,1,0
https://openalex.org/W2075953080,1999,3,0,2,1
https://openalex.org/W2075957687,1999,11,12,3,0
https://openalex.org/W2076035010,1999,0,5,0,0
https://openalex.org/W2076056876,1999,4,13,8,1
https://openalex.org/W2076061126,1999,0,0,3,1
https://openalex.org/W2076062190,1999,2,29,1,0
https://openalex.org/W2076100351,1999,0,1,0,0
https://openalex.org/W2076104810,1999,0,2,0,0
https://openalex.org/W2076115206,1999,7,7,4,1
https://openalex.org/W2076135852,1999,2,2,0,1
https://openalex.org/W2076158557,1999,0,1,1,0
https://openalex.org/W2076161540,1999,2,12,4,0
https://openalex.org/W2076164011,1999,6,3,7,0
https://openalex.org/W2076239141,1999,0,3,0,0
https://openalex.org/W2076247191,1999,11,4,9,3
https://openalex.org/W2076255128,1999,1,2,1,0
https://openalex.org/W2076262674,1999,1,1,3,0
https://openalex.org/W2076268715,1999,2,2,3,0
https://openalex.org/W2076287172,1999,3,0,2,1
https://openalex.org/W2076292312,1999,0,5,0,0
https://openalex.org/W2076313586,1999,0,0,3,0
https://openalex.org/W2076428120,1999,1,19,0,1
https://openalex.org/W2076464493,1999,0,3,1,4
https://openalex.org/W2076477630,1999,2,2,1,0
https://openalex.org/W2076487263,1999,5,8,4,5
https://openalex.org/W2076551532,1999,3,0,1,0
https://openalex.org/W2076576640,1999,2,5,4,1
https://openalex.org/W2076622289,1999,0,4,1,0
https://openalex.org/W2076641150,1999,0,8,0,1
https://openalex.org/W2076645103,1999,0,0,1,0
https://openalex.org/W2076655550,1999,11,213,111,49
https://openalex.org/W2076660671,1999,11,3,1,1
https://openalex.org/W2076669118,1999,0,1,1,2
https://openalex.org/W2076690233,1999,4,11,30,17
https://openalex.org/W2076708298,1999,3,2,0,0
https://openalex.org/W2076714844,1999,1,14,7,4
https://openalex.org/W2076750710,1999,1,1,0,2
https://openalex.org/W2076751268,1999,2,1,0,0
https://openalex.org/W2076753819,1999,0,7,1,1
https://openalex.org/W2076773866,1999,1,2,4,1
https://openalex.org/W2076867297,1999,0,1,1,0
https://openalex.org/W2076938607,1999,2,13,3,0
https://openalex.org/W2076958744,1999,1,5,1,0
https://openalex.org/W2076959597,1999,1,0,6,3
https://openalex.org/W2077061815,1999,0,2,2,0
https://openalex.org/W2077107164,1999,1,2,0,0
https://openalex.org/W2077163802,1999,0,0,3,0
https://openalex.org/W2077170569,1999,0,1,0,0
https://openalex.org/W2077174863,1999,0,12,10,6
https://openalex.org/W2077191378,1999,9,5,0,0
https://openalex.org/W2077212206,1999,0,2,3,0
https://openalex.org/W2077225456,1999,1,5,14,3
https://openalex.org/W2077262465,1999,2,1,0,0
https://openalex.org/W2077270955,1999,0,1,3,0
https://openalex.org/W2077274604,1999,0,0,1,3
https://openalex.org/W2077380420,1999,0,1,0,0
https://openalex.org/W2077440866,1999,0,2,1,0
https://openalex.org/W2077517922,1999,0,2,1,0
https://openalex.org/W2077535269,1999,0,9,5,0
https://openalex.org/W2077547718,1999,3,4,3,3
https://openalex.org/W2077559194,1999,0,1,0,0
https://openalex.org/W2077608844,1999,0,4,0,0
https://openalex.org/W2077627921,1999,0,0,1,0
https://openalex.org/W2077629563,1999,0,2,0,1
https://openalex.org/W2077632135,1999,9,10,15,4
https://openalex.org/W2077672439,1999,0,1,0,0
https://openalex.org/W2077782039,1999,0,1,0,0
https://openalex.org/W2077819852,1999,2,13,1,1
https://openalex.org/W2077876389,1999,0,3,4,0
https://openalex.org/W2077946598,1999,0,5,2,1
https://openalex.org/W2077949698,1999,0,1,2,0
https://openalex.org/W2077958618,1999,2,1,2,0
https://openalex.org/W2078006966,1999,0,0,1,0
https://openalex.org/W2078031730,1999,0,2,0,1
https://openalex.org/W2078097222,1999,0,3,0,0
https://openalex.org/W2078128839,1999,0,0,1,0
https://openalex.org/W2078173780,1999,10,11,15,1
https://openalex.org/W2078217485,1999,2,6,2,0
https://openalex.org/W2078328188,1999,0,3,6,0
https://openalex.org/W2078375422,1999,0,4,6,0
https://openalex.org/W2078429733,1999,0,0,3,0
https://openalex.org/W2078482154,1999,1,22,12,4
https://openalex.org/W2078507470,1999,0,6,3,2
https://openalex.org/W2078527795,1999,1,10,1,3
https://openalex.org/W2078599162,1999,0,0,9,2
https://openalex.org/W2078626296,1999,9,2,4,1
https://openalex.org/W2078663919,1999,0,1,2,3
https://openalex.org/W2078695249,1999,0,0,0,1
https://openalex.org/W2078771376,1999,0,2,0,2
https://openalex.org/W2078818072,1999,0,3,1,0
https://openalex.org/W2078876714,1999,0,3,4,2
https://openalex.org/W2078933749,1999,0,4,3,0
https://openalex.org/W2078979831,1999,0,0,1,0
https://openalex.org/W2078995471,1999,1,2,2,0
https://openalex.org/W2079002369,1999,6,13,8,4
https://openalex.org/W2079003062,1999,0,7,1,1
https://openalex.org/W2079044334,1999,0,0,2,0
https://openalex.org/W2079053439,1999,4,19,17,6
https://openalex.org/W2079070769,1999,0,1,0,0
https://openalex.org/W2079086948,1999,1,5,1,0
https://openalex.org/W2079116524,1999,11,109,53,6
https://openalex.org/W2079128253,1999,2,4,5,2
https://openalex.org/W2079142833,1999,9,7,4,1
https://openalex.org/W2079199131,1999,0,3,0,1
https://openalex.org/W2079219787,1999,2,6,2,0
https://openalex.org/W2079244849,1999,0,5,1,0
https://openalex.org/W2079268534,1999,0,0,2,1
https://openalex.org/W2079276902,1999,0,1,0,0
https://openalex.org/W2079313573,1999,1,1,0,3
https://openalex.org/W2079383655,1999,3,0,1,0
https://openalex.org/W2079391732,1999,0,3,0,0
https://openalex.org/W2079406899,1999,0,3,1,0
https://openalex.org/W2079418466,1999,0,4,3,0
https://openalex.org/W2079436714,1999,1,2,2,1
https://openalex.org/W2079452022,1999,2,14,7,0
https://openalex.org/W2079507855,1999,0,1,1,1
https://openalex.org/W2079551910,1999,0,7,1,0
https://openalex.org/W2079580348,1999,1,8,3,0
https://openalex.org/W2079641481,1999,2,4,1,1
https://openalex.org/W2079658133,1999,0,1,0,0
https://openalex.org/W2079663769,1999,1,13,2,3
https://openalex.org/W2079715601,1999,0,3,1,0
https://openalex.org/W2079750141,1999,1,2,4,1
https://openalex.org/W2079756929,1999,0,4,0,1
https://openalex.org/W2079778677,1999,4,32,9,9
https://openalex.org/W2079813659,1999,0,21,13,1
https://openalex.org/W2079837743,1999,1,0,0,1
https://openalex.org/W2079840651,1999,3,9,1,0
https://openalex.org/W2079907941,1999,3,1,2,1
https://openalex.org/W2079954234,1999,5,2,2,1
https://openalex.org/W2080068264,1999,11,34,4,20
https://openalex.org/W2080103622,1999,6,2,2,1
https://openalex.org/W2080127388,1999,4,7,4,1
https://openalex.org/W2080128535,1999,1,2,0,0
https://openalex.org/W2080139685,1999,0,0,1,1
https://openalex.org/W2080148505,1999,0,2,3,1
https://openalex.org/W2080157722,1999,2,1,0,0
https://openalex.org/W2080190126,1999,1,6,0,1
https://openalex.org/W2080245929,1999,2,6,3,0
https://openalex.org/W2080275500,1999,0,6,3,0
https://openalex.org/W2080278411,1999,11,2,4,0
https://openalex.org/W2080283172,1999,1,3,1,1
https://openalex.org/W2080335203,1999,3,4,0,0
https://openalex.org/W2080383482,1999,3,78,26,16
https://openalex.org/W2080443839,1999,0,0,1,0
https://openalex.org/W2080453594,1999,3,0,3,0
https://openalex.org/W2080454149,1999,0,12,4,2
https://openalex.org/W2080489498,1999,6,57,25,9
https://openalex.org/W2080497726,1999,8,15,6,0
https://openalex.org/W2080508871,1999,0,1,1,0
https://openalex.org/W2080512640,1999,0,0,5,0
https://openalex.org/W2080541127,1999,11,60,10,3
https://openalex.org/W2080542604,1999,1,1,0,0
https://openalex.org/W2080559997,1999,1,2,0,0
https://openalex.org/W2080562010,1999,8,9,2,1
https://openalex.org/W2080584413,1999,0,5,2,0
https://openalex.org/W2080608990,1999,0,5,0,1
https://openalex.org/W2080634623,1999,0,6,2,0
https://openalex.org/W2080650122,1999,0,4,0,0
https://openalex.org/W2080668190,1999,8,35,34,4
https://openalex.org/W2080724752,1999,4,14,12,7
https://openalex.org/W2080846304,1999,0,2,0,0
https://openalex.org/W2080897948,1999,2,3,3,0
https://openalex.org/W2080933118,1999,0,0,1,0
https://openalex.org/W2081010066,1999,3,7,1,0
https://openalex.org/W2081010946,1999,0,4,0,0
https://openalex.org/W2081023588,1999,0,2,2,1
https://openalex.org/W2081030985,1999,6,42,84,6
https://openalex.org/W2081036757,1999,12,54,18,11
https://openalex.org/W2081048460,1999,0,2,1,2
https://openalex.org/W2081062338,1999,4,34,6,7
https://openalex.org/W2081109728,1999,3,4,5,0
https://openalex.org/W2081122005,1999,0,1,2,0
https://openalex.org/W2081150198,1999,1,22,6,1
https://openalex.org/W2081172064,1999,2,7,0,0
https://openalex.org/W2081267639,1999,0,4,2,0
https://openalex.org/W2081279146,1999,9,4,5,0
https://openalex.org/W2081306478,1999,0,2,0,0
https://openalex.org/W2081322335,1999,2,0,1,0
https://openalex.org/W2081381232,1999,0,1,1,0
https://openalex.org/W2081398083,1999,6,3,0,0
https://openalex.org/W2081426259,1999,9,50,28,6
https://openalex.org/W2081489691,1999,0,6,1,1
https://openalex.org/W2081496274,1999,7,5,1,0
https://openalex.org/W2081526676,1999,0,6,3,0
https://openalex.org/W2081559050,1999,0,2,0,0
https://openalex.org/W2081571852,1999,1,1,0,0
https://openalex.org/W2081630249,1999,6,3,4,0
https://openalex.org/W2081655807,1999,1,6,1,0
https://openalex.org/W2081665123,1999,0,6,14,0
https://openalex.org/W2081697500,1999,0,3,1,0
https://openalex.org/W2081724386,1999,0,0,2,0
https://openalex.org/W2081758536,1999,0,14,1,0
https://openalex.org/W2081835564,1999,1,1,14,1
https://openalex.org/W2081891045,1999,1,1,2,0
https://openalex.org/W2081927855,1999,0,2,0,0
https://openalex.org/W2081957378,1999,0,2,1,0
https://openalex.org/W2081996275,1999,0,5,5,0
https://openalex.org/W2082058358,1999,0,2,1,0
https://openalex.org/W2082127487,1999,0,12,2,2
https://openalex.org/W2082128203,1999,0,0,3,0
https://openalex.org/W2082168851,1999,1,4,0,0
https://openalex.org/W2082174137,1999,0,1,4,0
https://openalex.org/W2082200373,1999,4,14,34,18
https://openalex.org/W2082217151,1999,12,1,4,1
https://openalex.org/W2082258068,1999,2,3,0,0
https://openalex.org/W2082270387,1999,4,0,1,0
https://openalex.org/W2082367686,1999,1,3,6,2
https://openalex.org/W2082386121,1999,0,16,7,1
https://openalex.org/W2082403394,1999,9,4,9,2
https://openalex.org/W2082430175,1999,2,5,22,1
https://openalex.org/W2082450190,1999,0,6,3,1
https://openalex.org/W2082463750,1999,0,8,1,0
https://openalex.org/W2082615765,1999,6,4,4,1
https://openalex.org/W2082616968,1999,0,5,2,0
https://openalex.org/W2082644149,1999,0,0,3,0
https://openalex.org/W2082659557,1999,12,37,48,13
https://openalex.org/W2082698867,1999,2,22,11,0
https://openalex.org/W2082710067,1999,0,0,1,1
https://openalex.org/W2082720572,1999,0,0,4,2
https://openalex.org/W2082740255,1999,0,2,4,0
https://openalex.org/W2082771589,1999,3,1,0,0
https://openalex.org/W2082787734,1999,0,4,0,1
https://openalex.org/W2082791561,1999,2,1,4,2
https://openalex.org/W2082854052,1999,2,11,1,0
https://openalex.org/W2082868354,1999,0,1,1,0
https://openalex.org/W2082956862,1999,9,5,17,8
https://openalex.org/W2082961418,1999,2,7,1,2
https://openalex.org/W2082971545,1999,0,7,2,3
https://openalex.org/W2082995382,1999,1,1,0,0
https://openalex.org/W2083008540,1999,0,2,1,0
https://openalex.org/W2083022751,1999,1,2,2,1
https://openalex.org/W2083064736,1999,0,1,0,0
https://openalex.org/W2083117730,1999,5,0,3,1
https://openalex.org/W2083143161,1999,11,4,1,1
https://openalex.org/W2083146549,1999,0,2,1,2
https://openalex.org/W2083154269,1999,0,1,1,0
https://openalex.org/W2083189700,1999,0,5,1,1
https://openalex.org/W2083204766,1999,0,0,1,0
https://openalex.org/W2083220220,1999,0,1,0,1
https://openalex.org/W2083227168,1999,2,0,1,3
https://openalex.org/W2083242048,1999,11,1,5,0
https://openalex.org/W2083411758,1999,0,4,2,0
https://openalex.org/W2083412644,1999,0,2,1,0
https://openalex.org/W2083511711,1999,0,3,3,0
https://openalex.org/W2083524698,1999,0,1,2,2
https://openalex.org/W2083631111,1999,5,3,2,0
https://openalex.org/W2083643044,1999,1,1,1,0
https://openalex.org/W2083739443,1999,2,2,0,0
https://openalex.org/W2083750114,1999,0,7,1,0
https://openalex.org/W2083791018,1999,7,5,7,1
https://openalex.org/W2083799250,1999,0,1,0,0
https://openalex.org/W2083801964,1999,3,5,2,2
https://openalex.org/W2083802665,1999,3,1,7,0
https://openalex.org/W2083812680,1999,1,3,0,0
https://openalex.org/W2083829792,1999,0,0,1,1
https://openalex.org/W2083847117,1999,9,31,13,16
https://openalex.org/W2083888942,1999,0,2,0,0
https://openalex.org/W2083890251,1999,0,0,2,0
https://openalex.org/W2083912935,1999,0,1,4,0
https://openalex.org/W2083914655,1999,5,2,4,3
https://openalex.org/W2083973152,1999,0,20,17,5
https://openalex.org/W2084037026,1999,1,16,2,2
https://openalex.org/W2084050479,1999,1,4,0,0
https://openalex.org/W2084124943,1999,0,7,1,0
https://openalex.org/W2084202177,1999,0,1,0,0
https://openalex.org/W2084218919,1999,0,4,0,0
https://openalex.org/W2084235929,1999,3,11,9,13
https://openalex.org/W2084240968,1999,0,2,0,0
https://openalex.org/W2084243841,1999,0,0,2,1
https://openalex.org/W2084293956,1999,0,2,0,0
https://openalex.org/W2084308410,1999,2,2,3,0
https://openalex.org/W2084355016,1999,0,8,1,1
https://openalex.org/W2084376175,1999,0,2,0,0
https://openalex.org/W2084405474,1999,1,2,2,1
https://openalex.org/W2084430802,1999,1,5,2,3
https://openalex.org/W2084480501,1999,0,2,4,2
https://openalex.org/W2084481621,1999,0,12,0,2
https://openalex.org/W2084501775,1999,6,1,4,0
https://openalex.org/W2084503960,1999,0,3,2,0
https://openalex.org/W2084508179,1999,0,3,1,0
https://openalex.org/W2084524119,1999,0,6,4,1
https://openalex.org/W2084588288,1999,0,2,1,0
https://openalex.org/W2084759170,1999,10,6,28,0
https://openalex.org/W2084767233,1999,0,3,1,0
https://openalex.org/W2084776781,1999,0,0,0,1
https://openalex.org/W2084777309,1999,1,7,3,4
https://openalex.org/W2084798453,1999,0,1,2,7
https://openalex.org/W2084822888,1999,7,24,8,7
https://openalex.org/W2084843034,1999,0,1,1,0
https://openalex.org/W2084859217,1999,6,47,23,3
https://openalex.org/W2084860585,1999,0,1,0,1
https://openalex.org/W2084886968,1999,0,4,0,0
https://openalex.org/W2085030475,1999,1,1,0,0
https://openalex.org/W2085045825,1999,4,6,2,2
https://openalex.org/W2085065190,1999,8,20,11,8
https://openalex.org/W2085068940,1999,0,5,1,0
https://openalex.org/W2085122363,1999,2,3,5,0
https://openalex.org/W2085174243,1999,2,1,0,0
https://openalex.org/W2085195146,1999,4,5,0,0
https://openalex.org/W2085204863,1999,0,1,0,0
https://openalex.org/W2085211251,1999,0,2,3,0
https://openalex.org/W2085227885,1999,3,7,6,5
https://openalex.org/W2085236492,1999,0,1,0,0
https://openalex.org/W2085293806,1999,5,10,4,1
https://openalex.org/W2085297912,1999,2,4,0,0
https://openalex.org/W2085318420,1999,0,3,1,1
https://openalex.org/W2085330990,1999,0,2,3,0
https://openalex.org/W2085336882,1999,11,1,2,1
https://openalex.org/W2085388626,1999,4,5,2,1
https://openalex.org/W2085426280,1999,0,2,1,1
https://openalex.org/W2085466586,1999,0,0,2,0
https://openalex.org/W2085502024,1999,0,1,0,0
https://openalex.org/W2085556835,1999,7,2,3,1
https://openalex.org/W2085628726,1999,3,37,11,1
https://openalex.org/W2085663861,1999,0,7,1,0
https://openalex.org/W2085687623,1999,0,3,2,1
https://openalex.org/W2085697549,1999,0,5,3,0
https://openalex.org/W2085781620,1999,0,2,2,0
https://openalex.org/W2085861359,1999,1,3,1,1
https://openalex.org/W2085941980,1999,0,2,1,0
https://openalex.org/W2085973626,1999,3,2,1,1
https://openalex.org/W2085975023,1999,1,3,1,1
https://openalex.org/W2085999079,1999,1,1,1,1
https://openalex.org/W2086048517,1999,0,88,27,6
https://openalex.org/W2086063855,1999,0,4,0,0
https://openalex.org/W2086089427,1999,1,0,4,0
https://openalex.org/W2086096943,1999,0,0,1,0
https://openalex.org/W2086106694,1999,8,8,8,1
https://openalex.org/W2086140629,1999,0,1,0,0
https://openalex.org/W2086179040,1999,2,9,0,0
https://openalex.org/W2086181526,1999,0,5,0,2
https://openalex.org/W2086207377,1999,0,2,0,0
https://openalex.org/W2086210658,1999,0,0,1,0
https://openalex.org/W2086218231,1999,4,9,6,5
https://openalex.org/W2086244272,1999,0,1,3,0
https://openalex.org/W2086298237,1999,0,1,2,1
https://openalex.org/W2086309923,1999,0,4,0,3
https://openalex.org/W2086320802,1999,3,1,0,0
https://openalex.org/W2086381991,1999,0,5,1,2
https://openalex.org/W2086445495,1999,10,1,6,1
https://openalex.org/W2086503742,1999,10,16,6,0
https://openalex.org/W2086505276,1999,1,3,0,0
https://openalex.org/W2086509263,1999,10,22,19,4
https://openalex.org/W2086676833,1999,0,2,0,1
https://openalex.org/W2086739135,1999,0,0,1,0
https://openalex.org/W2086806560,1999,6,15,0,2
https://openalex.org/W2086857794,1999,2,12,3,0
https://openalex.org/W2086907380,1999,1,2,2,1
https://openalex.org/W2086909424,1999,2,0,2,5
https://openalex.org/W2087110258,1999,0,7,2,0
https://openalex.org/W2087126955,1999,0,5,3,0
https://openalex.org/W2087256131,1999,0,4,0,0
https://openalex.org/W2087281670,1999,0,3,4,0
https://openalex.org/W2087377101,1999,1,1,9,2
https://openalex.org/W2087417315,1999,10,59,16,30
https://openalex.org/W2087419707,1999,3,11,3,1
https://openalex.org/W2087438033,1999,0,5,3,0
https://openalex.org/W2087454637,1999,0,7,3,2
https://openalex.org/W2087483645,1999,0,1,1,0
https://openalex.org/W2087612017,1999,2,5,0,0
https://openalex.org/W2087621993,1999,0,0,3,0
https://openalex.org/W2087642817,1999,1,7,1,0
https://openalex.org/W2087664177,1999,0,1,0,0
https://openalex.org/W2087700494,1999,0,2,0,0
https://openalex.org/W2087710805,1999,0,0,1,0
https://openalex.org/W2087726733,1999,8,5,0,2
https://openalex.org/W2087765359,1999,1,6,5,3
https://openalex.org/W2087800273,1999,2,13,9,4
https://openalex.org/W2087823327,1999,0,3,0,0
https://openalex.org/W2087839318,1999,0,5,1,0
https://openalex.org/W2087886233,1999,0,3,0,0
https://openalex.org/W2087935139,1999,4,9,11,7
https://openalex.org/W2087945626,1999,0,2,0,0
https://openalex.org/W2088001343,1999,2,4,1,0
https://openalex.org/W2088019591,1999,0,1,0,0
https://openalex.org/W2088046039,1999,2,8,0,0
https://openalex.org/W2088081050,1999,0,0,2,0
https://openalex.org/W2088097764,1999,0,1,0,0
https://openalex.org/W2088143124,1999,3,3,0,0
https://openalex.org/W2088143714,1999,0,1,2,0
https://openalex.org/W2088201659,1999,0,0,1,0
https://openalex.org/W2088201877,1999,0,9,8,1
https://openalex.org/W2088242576,1999,0,0,1,0
https://openalex.org/W2088265522,1999,2,5,1,1
https://openalex.org/W2088349900,1999,11,55,61,4
https://openalex.org/W2088375555,1999,9,8,2,1
https://openalex.org/W2088463153,1999,1,10,0,2
https://openalex.org/W2088498859,1999,0,3,1,1
https://openalex.org/W2088509895,1999,1,0,4,0
https://openalex.org/W2088606901,1999,2,8,2,0
https://openalex.org/W2088609926,1999,0,0,2,0
https://openalex.org/W2088664567,1999,2,7,8,0
https://openalex.org/W2088669061,1999,0,3,1,0
https://openalex.org/W2088776717,1999,0,4,0,0
https://openalex.org/W2088799120,1999,3,1,0,2
https://openalex.org/W2088802545,1999,7,32,0,2
https://openalex.org/W2088886837,1999,6,30,18,6
https://openalex.org/W2088924803,1999,1,5,1,1
https://openalex.org/W2088927078,1999,0,1,1,0
https://openalex.org/W2088942426,1999,8,0,6,0
https://openalex.org/W2088996112,1999,2,19,8,1
https://openalex.org/W2089038045,1999,1,2,2,0
https://openalex.org/W2089046590,1999,5,1,0,5
https://openalex.org/W2089073173,1999,0,1,2,2
https://openalex.org/W2089101296,1999,1,0,2,0
https://openalex.org/W2089130773,1999,1,6,2,1
https://openalex.org/W2089133705,1999,0,2,0,0
https://openalex.org/W2089138193,1999,4,6,2,0
https://openalex.org/W2089153841,1999,10,7,0,2
https://openalex.org/W2089181762,1999,0,8,1,0
https://openalex.org/W2089213211,1999,2,1,1,1
https://openalex.org/W2089227083,1999,0,3,2,2
https://openalex.org/W2089239351,1999,0,2,2,2
https://openalex.org/W2089294860,1999,0,1,1,0
https://openalex.org/W2089306530,1999,0,2,3,2
https://openalex.org/W2089310802,1999,8,5,0,0
https://openalex.org/W2089357141,1999,0,5,0,0
https://openalex.org/W2089403266,1999,5,11,12,4
https://openalex.org/W2089428902,1999,10,9,24,13
https://openalex.org/W2089445185,1999,1,0,9,0
https://openalex.org/W2089449920,1999,0,1,1,2
https://openalex.org/W2089462220,1999,0,1,2,0
https://openalex.org/W2089468666,1999,0,2,0,0
https://openalex.org/W2089480672,1999,0,4,3,0
https://openalex.org/W2089488015,1999,0,3,5,0
https://openalex.org/W2089532431,1999,3,3,14,0
https://openalex.org/W2089538202,1999,0,5,1,0
https://openalex.org/W2089547338,1999,1,0,1,0
https://openalex.org/W2089549665,1999,2,3,4,1
https://openalex.org/W2089559377,1999,0,1,1,0
https://openalex.org/W2089606424,1999,1,0,0,1
https://openalex.org/W2089715054,1999,8,17,0,0
https://openalex.org/W2089732291,1999,0,39,25,1
https://openalex.org/W2089770295,1999,4,0,6,0
https://openalex.org/W2089772677,1999,0,0,1,0
https://openalex.org/W2089782267,1999,0,1,0,1
https://openalex.org/W2089788701,1999,1,3,5,0
https://openalex.org/W2089858923,1999,12,15,9,3
https://openalex.org/W2089860368,1999,0,1,2,0
https://openalex.org/W2089864719,1999,3,3,6,2
https://openalex.org/W2089871448,1999,4,11,6,2
https://openalex.org/W2089877389,1999,3,5,0,0
https://openalex.org/W2089911486,1999,0,7,2,4
https://openalex.org/W2089918768,1999,2,21,36,9
https://openalex.org/W2089920964,1999,8,4,1,0
https://openalex.org/W2089942369,1999,9,9,4,3
https://openalex.org/W2089995323,1999,0,12,7,1
https://openalex.org/W2089997180,1999,0,2,1,0
https://openalex.org/W2090130223,1999,3,1,0,1
https://openalex.org/W2090179486,1999,0,2,2,0
https://openalex.org/W2090180524,1999,3,2,1,0
https://openalex.org/W2090185456,1999,5,8,13,1
https://openalex.org/W2090189373,1999,6,2,5,1
https://openalex.org/W2090194874,1999,6,1,15,0
https://openalex.org/W2090240409,1999,6,12,5,0
https://openalex.org/W2090292667,1999,1,12,12,1
https://openalex.org/W2090309631,1999,0,0,3,0
https://openalex.org/W2090377760,1999,0,2,1,0
https://openalex.org/W2090392470,1999,0,0,0,1
https://openalex.org/W2090407094,1999,0,2,1,1
https://openalex.org/W2090432816,1999,0,7,1,1
https://openalex.org/W2090459985,1999,0,1,2,0
https://openalex.org/W2090504268,1999,2,15,5,5
https://openalex.org/W2090532363,1999,3,9,2,1
https://openalex.org/W2090533577,1999,0,44,17,6
https://openalex.org/W2090557055,1999,0,2,2,0
https://openalex.org/W2090558974,1999,9,15,5,5
https://openalex.org/W2090584355,1999,10,3,2,0
https://openalex.org/W2090593252,1999,2,1,1,1
https://openalex.org/W2090612235,1999,3,0,3,1
https://openalex.org/W2090635931,1999,0,1,0,0
https://openalex.org/W2090663458,1999,4,1,1,4
https://openalex.org/W2090747212,1999,4,8,0,0
https://openalex.org/W2090784129,1999,0,3,0,5
https://openalex.org/W2090797193,1999,0,0,4,0
https://openalex.org/W2090823723,1999,0,0,1,0
https://openalex.org/W2090834989,1999,0,0,1,0
https://openalex.org/W2090836757,1999,0,6,18,0
https://openalex.org/W2090852288,1999,0,1,0,1
https://openalex.org/W2090888800,1999,0,1,0,0
https://openalex.org/W2090923797,1999,0,1,0,0
https://openalex.org/W2090977983,1999,0,4,3,0
https://openalex.org/W2090987873,1999,3,1,1,2
https://openalex.org/W2091009533,1999,0,4,0,2
https://openalex.org/W2091077934,1999,0,3,0,0
https://openalex.org/W2091112898,1999,2,5,0,1
https://openalex.org/W2091154554,1999,0,1,2,1
https://openalex.org/W2091188209,1999,0,3,0,0
https://openalex.org/W2091190816,1999,3,7,2,1
https://openalex.org/W2091209385,1999,0,5,2,4
https://openalex.org/W2091271900,1999,3,6,5,1
https://openalex.org/W2091296641,1999,1,2,0,0
https://openalex.org/W2091300084,1999,5,2,3,0
https://openalex.org/W2091302097,1999,4,0,1,0
https://openalex.org/W2091321904,1999,0,2,0,0
https://openalex.org/W2091330254,1999,0,4,0,0
https://openalex.org/W2091349477,1999,4,0,13,4
https://openalex.org/W2091358029,1999,0,8,5,2
https://openalex.org/W2091372646,1999,0,4,1,4
https://openalex.org/W2091394706,1999,4,2,0,0
https://openalex.org/W2091411019,1999,1,6,7,6
https://openalex.org/W2091413841,1999,0,2,0,1
https://openalex.org/W2091424645,1999,0,8,0,0
https://openalex.org/W2091426895,1999,0,1,0,0
https://openalex.org/W2091435111,1999,0,0,1,0
https://openalex.org/W2091447789,1999,11,5,11,1
https://openalex.org/W2091471740,1999,1,2,1,0
https://openalex.org/W2091475592,1999,2,16,6,1
https://openalex.org/W2091478000,1999,1,1,1,0
https://openalex.org/W2091498613,1999,0,3,0,0
https://openalex.org/W2091524368,1999,0,3,1,0
https://openalex.org/W2091573121,1999,0,2,0,0
https://openalex.org/W2091604189,1999,2,34,3,1
https://openalex.org/W2091605228,1999,0,15,3,3
https://openalex.org/W2091608575,1999,0,11,26,2
https://openalex.org/W2091631203,1999,0,0,4,0
https://openalex.org/W2091697233,1999,2,5,0,0
https://openalex.org/W2091699524,1999,0,1,0,0
https://openalex.org/W2091710376,1999,0,4,1,0
https://openalex.org/W2091756621,1999,0,5,4,0
https://openalex.org/W2091797636,1999,0,1,0,0
https://openalex.org/W2091798507,1999,3,3,9,0
https://openalex.org/W2091840792,1999,11,4,7,0
https://openalex.org/W2092032025,1999,12,57,103,13
https://openalex.org/W2092037237,1999,0,8,1,0
https://openalex.org/W2092043131,1999,1,2,0,0
https://openalex.org/W2092071283,1999,0,0,1,0
https://openalex.org/W2092075111,1999,9,12,17,9
https://openalex.org/W2092170732,1999,1,3,1,0
https://openalex.org/W2092202210,1999,9,4,3,0
https://openalex.org/W2092252425,1999,9,28,31,8
https://openalex.org/W2092296038,1999,0,0,6,0
https://openalex.org/W2092309900,1999,0,2,0,0
https://openalex.org/W2092327464,1999,0,5,5,1
https://openalex.org/W2092352815,1999,0,2,7,0
https://openalex.org/W2092390804,1999,9,6,1,1
https://openalex.org/W2092409080,1999,0,3,3,0
https://openalex.org/W2092444350,1999,0,3,2,1
https://openalex.org/W2092503799,1999,0,1,0,0
https://openalex.org/W2092516244,1999,0,1,1,3
https://openalex.org/W2092528062,1999,0,0,2,0
https://openalex.org/W2092533081,1999,0,4,2,1
https://openalex.org/W2092549389,1999,2,1,4,0
https://openalex.org/W2092570602,1999,0,5,0,0
https://openalex.org/W2092594410,1999,0,2,0,0
https://openalex.org/W2092609268,1999,1,10,0,0
https://openalex.org/W2092629995,1999,4,6,1,1
https://openalex.org/W2092656227,1999,0,3,2,0
https://openalex.org/W2092673649,1999,0,3,1,0
https://openalex.org/W2092745216,1999,1,4,1,0
https://openalex.org/W2092771038,1999,0,3,0,0
https://openalex.org/W2092786098,1999,0,0,2,0
https://openalex.org/W2092793496,1999,7,1,1,3
https://openalex.org/W2092806482,1999,0,1,0,0
https://openalex.org/W2092848390,1999,2,12,12,1
https://openalex.org/W2092848648,1999,5,1,4,0
https://openalex.org/W2092898590,1999,0,1,1,0
https://openalex.org/W2092916792,1999,0,5,2,4
https://openalex.org/W2092955822,1999,1,17,1,1
https://openalex.org/W2092970048,1999,0,10,1,0
https://openalex.org/W2092980900,1999,0,3,0,0
https://openalex.org/W2093008240,1999,0,17,3,6
https://openalex.org/W2093020632,1999,0,3,2,0
https://openalex.org/W2093024718,1999,9,7,76,13
https://openalex.org/W2093187806,1999,2,4,4,0
https://openalex.org/W2093202961,1999,0,2,0,1
https://openalex.org/W2093213309,1999,0,1,2,0
https://openalex.org/W2093257878,1999,1,1,1,0
https://openalex.org/W2093259295,1999,0,2,3,1
https://openalex.org/W2093282852,1999,0,10,2,1
https://openalex.org/W2093322011,1999,0,7,6,2
https://openalex.org/W2093413457,1999,0,6,1,0
https://openalex.org/W2093446470,1999,4,2,1,0
https://openalex.org/W2093453545,1999,0,4,0,0
https://openalex.org/W2093512601,1999,0,1,7,2
https://openalex.org/W2093521105,1999,0,2,1,0
https://openalex.org/W2093550515,1999,0,4,0,1
https://openalex.org/W2093553172,1999,0,3,7,2
https://openalex.org/W2093561601,1999,0,2,0,0
https://openalex.org/W2093574660,1999,0,1,3,0
https://openalex.org/W2093582941,1999,0,4,0,0
https://openalex.org/W2093633159,1999,2,1,0,0
https://openalex.org/W2093666925,1999,0,1,0,2
https://openalex.org/W2093737718,1999,2,10,3,2
https://openalex.org/W2093756982,1999,0,6,1,0
https://openalex.org/W2093769527,1999,0,1,0,0
https://openalex.org/W2093783278,1999,6,58,16,2
https://openalex.org/W2093787829,1999,3,17,5,1
https://openalex.org/W2093806468,1999,0,5,0,0
https://openalex.org/W2093824958,1999,0,0,2,0
https://openalex.org/W2093831476,1999,2,0,2,1
https://openalex.org/W2093840598,1999,0,1,3,0
https://openalex.org/W2093868290,1999,5,0,1,0
https://openalex.org/W2093874945,1999,0,22,9,2
https://openalex.org/W2093935863,1999,4,5,1,1
https://openalex.org/W2094024886,1999,4,6,0,0
https://openalex.org/W2094054891,1999,0,14,3,3
https://openalex.org/W2094096330,1999,0,6,0,1
https://openalex.org/W2094110190,1999,0,0,3,0
https://openalex.org/W2094156602,1999,0,3,0,0
https://openalex.org/W2094185410,1999,1,1,6,1
https://openalex.org/W2094194051,1999,0,0,1,0
https://openalex.org/W2094229296,1999,0,3,0,1
https://openalex.org/W2094264008,1999,7,16,1,1
https://openalex.org/W2094290443,1999,0,3,0,0
https://openalex.org/W2094311840,1999,0,1,0,0
https://openalex.org/W2094314048,1999,0,4,2,3
https://openalex.org/W2094358157,1999,12,9,6,0
https://openalex.org/W2094397905,1999,9,13,9,0
https://openalex.org/W2094409865,1999,1,6,3,0
https://openalex.org/W2094541108,1999,0,2,0,0
https://openalex.org/W2094562661,1999,3,1,0,0
https://openalex.org/W2094588860,1999,0,2,2,3
https://openalex.org/W2094622966,1999,0,2,1,1
https://openalex.org/W2094647005,1999,0,3,0,0
https://openalex.org/W2094666573,1999,0,3,0,0
https://openalex.org/W2094761613,1999,0,1,0,0
https://openalex.org/W2094775019,1999,3,5,1,0
https://openalex.org/W2094802049,1999,0,1,0,0
https://openalex.org/W2094826344,1999,0,2,1,0
https://openalex.org/W2094839887,1999,1,2,0,0
https://openalex.org/W2094881122,1999,7,30,34,5
https://openalex.org/W2094895035,1999,0,1,0,2
https://openalex.org/W2094915197,1999,0,20,5,1
https://openalex.org/W2095021917,1999,0,2,4,1
https://openalex.org/W2095029193,1999,0,2,2,0
https://openalex.org/W2095117885,1999,0,0,8,2
https://openalex.org/W2095137542,1999,1,5,2,0
https://openalex.org/W2095163620,1999,0,1,3,1
https://openalex.org/W2095167068,1999,0,1,2,0
https://openalex.org/W2095212482,1999,0,2,1,0
https://openalex.org/W2095230342,1999,0,9,3,0
https://openalex.org/W2095306464,1999,12,5,2,2
https://openalex.org/W2095324048,1999,0,5,1,0
https://openalex.org/W2095332935,1999,0,3,0,0
https://openalex.org/W2095348592,1999,0,3,0,0
https://openalex.org/W2095356690,1999,5,4,15,6
https://openalex.org/W2095372803,1999,1,2,0,5
https://openalex.org/W2095374680,1999,0,3,1,0
https://openalex.org/W2095417649,1999,0,2,0,1
https://openalex.org/W2095444224,1999,0,6,2,0
https://openalex.org/W2095468077,1999,0,0,1,0
https://openalex.org/W2095500729,1999,0,4,0,0
https://openalex.org/W2095518909,1999,0,2,5,2
https://openalex.org/W2095588857,1999,6,10,1,2
https://openalex.org/W2095669566,1999,0,4,0,1
https://openalex.org/W2095727300,1999,6,24,12,4
https://openalex.org/W2095894848,1999,0,6,3,2
https://openalex.org/W2095923211,1999,5,9,1,2
https://openalex.org/W2096059568,1999,0,11,3,16
https://openalex.org/W2096066316,1999,0,8,4,3
https://openalex.org/W2096442777,1999,1,3,1,0
https://openalex.org/W2096634165,1999,3,10,3,18
https://openalex.org/W2096770182,1999,4,6,3,10
https://openalex.org/W2096784475,1999,0,9,0,0
https://openalex.org/W2096870777,1999,0,3,2,7
https://openalex.org/W2097096410,1999,0,1,0,0
https://openalex.org/W2097199672,1999,0,2,0,1
https://openalex.org/W2097202536,1999,0,6,2,2
https://openalex.org/W2097219868,1999,6,1,1,0
https://openalex.org/W2097378369,1999,0,5,0,0
https://openalex.org/W2097488645,1999,0,3,1,1
https://openalex.org/W2097679300,1999,2,4,14,1
https://openalex.org/W2097898422,1999,2,7,0,1
https://openalex.org/W2098131267,1999,0,3,1,0
https://openalex.org/W2098220761,1999,1,3,1,0
https://openalex.org/W2098372951,1999,2,0,11,0
https://openalex.org/W2098490751,1999,10,98,119,21
https://openalex.org/W2098534842,1999,0,1,2,5
https://openalex.org/W2098675572,1999,0,1,1,0
https://openalex.org/W2098833925,1999,0,1,0,0
https://openalex.org/W2099012383,1999,0,3,3,0
https://openalex.org/W2099376270,1999,0,1,1,0
https://openalex.org/W2099461377,1999,0,15,5,4
https://openalex.org/W2099618541,1999,9,9,2,6
https://openalex.org/W2099835811,1999,2,10,4,1
https://openalex.org/W2100057617,1999,0,1,0,0
https://openalex.org/W2100095914,1999,0,1,2,2
https://openalex.org/W2100198431,1999,0,0,2,1
https://openalex.org/W2100275026,1999,0,12,2,1
https://openalex.org/W2100420701,1999,1,2,0,1
https://openalex.org/W2100466044,1999,0,5,1,0
https://openalex.org/W2100718075,1999,2,36,3,14
https://openalex.org/W2100955217,1999,0,1,2,1
https://openalex.org/W2101114155,1999,1,2,2,0
https://openalex.org/W2101124929,1999,9,1,10,0
https://openalex.org/W2101127634,1999,0,2,1,2
https://openalex.org/W2101363888,1999,1,1,2,0
https://openalex.org/W2101382990,1999,5,3,0,1
https://openalex.org/W2101393082,1999,0,6,0,2
https://openalex.org/W2101408279,1999,3,3,1,2
https://openalex.org/W2101547717,1999,0,3,1,0
https://openalex.org/W2101607415,1999,0,9,8,0
https://openalex.org/W2101637905,1999,1,1,0,3
https://openalex.org/W2101691086,1999,0,3,2,2
https://openalex.org/W2101959759,1999,1,16,8,4
https://openalex.org/W2101976587,1999,0,7,1,1
https://openalex.org/W2102017658,1999,10,16,13,3
https://openalex.org/W2102080012,1999,0,1,0,0
https://openalex.org/W2102106000,1999,0,6,0,0
https://openalex.org/W2102509591,1999,10,19,7,12
https://openalex.org/W2102856750,1999,1,2,1,1
https://openalex.org/W2102998001,1999,5,1,2,2
https://openalex.org/W2103116108,1999,0,0,0,1
https://openalex.org/W2103185030,1999,7,5,1,4
https://openalex.org/W2103320786,1999,0,2,0,2
https://openalex.org/W2103400799,1999,0,2,0,1
https://openalex.org/W2103468930,1999,1,14,2,2
https://openalex.org/W2103470741,1999,0,7,3,2
https://openalex.org/W2103588583,1999,0,1,0,0
https://openalex.org/W2103654610,1999,7,0,2,1
https://openalex.org/W2103806811,1999,0,0,2,3
https://openalex.org/W2103813501,1999,0,9,1,2
https://openalex.org/W2104045617,1999,9,3,3,27
https://openalex.org/W2104212315,1999,3,29,27,5
https://openalex.org/W2104338782,1999,0,3,0,0
https://openalex.org/W2104449606,1999,0,2,0,1
https://openalex.org/W2104469728,1999,0,3,0,1
https://openalex.org/W2104475052,1999,0,0,1,1
https://openalex.org/W2104476353,1999,0,2,0,0
https://openalex.org/W2104720572,1999,1,4,0,2
https://openalex.org/W2104735584,1999,3,1,1,13
https://openalex.org/W2104811136,1999,0,3,0,3
https://openalex.org/W2104921236,1999,1,12,19,9
https://openalex.org/W2104932194,1999,2,4,0,0
https://openalex.org/W2105286773,1999,1,5,2,2
https://openalex.org/W2105330793,1999,0,5,3,2
https://openalex.org/W2105508083,1999,3,2,4,0
https://openalex.org/W2105518713,1999,0,5,3,0
https://openalex.org/W2105522459,1999,4,4,7,0
https://openalex.org/W2105613491,1999,1,0,1,5
https://openalex.org/W2105623976,1999,0,0,1,0
https://openalex.org/W2105627539,1999,3,1,0,0
https://openalex.org/W2105804735,1999,0,0,1,1
https://openalex.org/W2105857583,1999,6,2,3,4
https://openalex.org/W2105996903,1999,6,35,8,1
https://openalex.org/W2106140184,1999,0,0,6,0
https://openalex.org/W2106165305,1999,0,3,0,1
https://openalex.org/W2106170044,1999,0,0,1,0
https://openalex.org/W2106248373,1999,0,1,10,6
https://openalex.org/W2106615532,1999,0,4,3,0
https://openalex.org/W2106821129,1999,0,4,2,1
https://openalex.org/W2107144346,1999,0,1,2,2
https://openalex.org/W2107327084,1999,0,18,4,2
https://openalex.org/W2107457697,1999,0,0,0,1
https://openalex.org/W2107658795,1999,11,37,9,7
https://openalex.org/W2107701059,1999,0,9,3,0
https://openalex.org/W2107766920,1999,0,3,1,0
https://openalex.org/W2107798337,1999,0,0,1,0
https://openalex.org/W2107821517,1999,0,5,3,2
https://openalex.org/W2107967695,1999,1,0,0,2
https://openalex.org/W2108238799,1999,0,2,2,0
https://openalex.org/W2108273614,1999,4,1,3,1
https://openalex.org/W2108461552,1999,0,28,9,1
https://openalex.org/W2108545958,1999,0,3,0,0
https://openalex.org/W2108625473,1999,0,1,0,3
https://openalex.org/W2108769980,1999,0,5,0,1
https://openalex.org/W2108807703,1999,0,5,1,6
https://openalex.org/W2108808563,1999,0,1,2,2
https://openalex.org/W2108892190,1999,0,10,0,0
https://openalex.org/W2108921227,1999,2,2,1,0
https://openalex.org/W2109017038,1999,0,4,1,0
https://openalex.org/W2109026126,1999,0,4,2,5
https://openalex.org/W2109290828,1999,0,2,8,6
https://openalex.org/W2109297690,1999,10,48,21,6
https://openalex.org/W2109414062,1999,0,2,0,3
https://openalex.org/W2109435165,1999,0,3,1,0
https://openalex.org/W2109659739,1999,0,2,0,5
https://openalex.org/W2109723119,1999,2,4,1,2
https://openalex.org/W2109790898,1999,1,1,1,1
https://openalex.org/W2110244805,1999,0,1,0,0
https://openalex.org/W2110447739,1999,0,2,0,2
https://openalex.org/W2110528330,1999,0,2,1,1
https://openalex.org/W2110653756,1999,7,2,7,7
https://openalex.org/W2110665011,1999,2,8,0,3
https://openalex.org/W2110672577,1999,1,12,6,1
https://openalex.org/W2110788544,1999,0,11,3,10
https://openalex.org/W2110798350,1999,0,6,2,3
https://openalex.org/W2110872753,1999,0,3,6,0
https://openalex.org/W2110933292,1999,6,5,1,1
https://openalex.org/W2111338281,1999,0,0,1,0
https://openalex.org/W2111375015,1999,0,0,0,2
https://openalex.org/W2111386602,1999,5,1,3,0
https://openalex.org/W2111528853,1999,0,0,1,1
https://openalex.org/W2111573513,1999,0,2,0,0
https://openalex.org/W2111659954,1999,0,1,3,0
https://openalex.org/W2111732257,1999,0,4,0,0
https://openalex.org/W2111799034,1999,0,4,0,2
https://openalex.org/W2111881672,1999,0,3,1,0
https://openalex.org/W2111948556,1999,2,1,0,0
https://openalex.org/W2111987760,1999,0,1,5,2
https://openalex.org/W2112032514,1999,12,16,10,8
https://openalex.org/W2112175690,1999,0,4,0,1
https://openalex.org/W2112239798,1999,4,6,2,6
https://openalex.org/W2112454502,1999,1,3,2,3
https://openalex.org/W2112511540,1999,0,6,2,0
https://openalex.org/W2112553943,1999,3,5,1,1
https://openalex.org/W2112643942,1999,1,1,0,0
https://openalex.org/W2112766321,1999,0,2,1,3
https://openalex.org/W2112773979,1999,0,1,1,1
https://openalex.org/W2112801307,1999,0,2,2,0
https://openalex.org/W2113029516,1999,0,1,0,1
https://openalex.org/W2113142048,1999,1,2,1,0
https://openalex.org/W2113226943,1999,0,11,1,1
https://openalex.org/W2113289870,1999,9,22,6,7
https://openalex.org/W2113465027,1999,5,12,6,1
https://openalex.org/W2113506348,1999,0,3,2,3
https://openalex.org/W2113576272,1999,0,1,0,0
https://openalex.org/W2113668301,1999,0,0,5,8
https://openalex.org/W2113728802,1999,0,6,1,1
https://openalex.org/W2113756042,1999,5,5,7,1
https://openalex.org/W2113849825,1999,0,1,3,0
https://openalex.org/W2113920327,1999,0,6,0,0
https://openalex.org/W2113964140,1999,6,1,2,2
https://openalex.org/W2114040770,1999,1,7,6,1
https://openalex.org/W2114082693,1999,0,2,0,1
https://openalex.org/W2114132810,1999,0,5,0,0
https://openalex.org/W2114325965,1999,0,3,5,0
https://openalex.org/W2114413913,1999,0,2,0,2
https://openalex.org/W2114435031,1999,1,0,1,1
https://openalex.org/W2114492508,1999,0,2,0,0
https://openalex.org/W2114555285,1999,0,1,1,2
https://openalex.org/W2114680132,1999,0,1,0,3
https://openalex.org/W2114785117,1999,1,3,2,0
https://openalex.org/W2114807063,1999,1,16,1,2
https://openalex.org/W2114898579,1999,0,0,1,0
https://openalex.org/W2114925593,1999,1,3,3,0
https://openalex.org/W2114926783,1999,2,2,0,1
https://openalex.org/W2114959713,1999,0,6,1,0
https://openalex.org/W2114968528,1999,0,69,0,1
https://openalex.org/W2115035369,1999,0,4,0,0
https://openalex.org/W2115244898,1999,4,3,2,0
https://openalex.org/W2115325867,1999,0,0,1,2
https://openalex.org/W2115339537,1999,0,6,0,0
https://openalex.org/W2115448682,1999,0,6,2,0
https://openalex.org/W2115477585,1999,0,3,1,3
https://openalex.org/W2115574765,1999,3,6,1,1
https://openalex.org/W2115590890,1999,9,3,1,3
https://openalex.org/W2115597032,1999,0,0,1,2
https://openalex.org/W2115608535,1999,12,13,9,8
https://openalex.org/W2115665478,1999,0,3,0,3
https://openalex.org/W2115666801,1999,2,1,0,0
https://openalex.org/W2115822796,1999,3,7,0,0
https://openalex.org/W2115829583,1999,0,3,2,0
https://openalex.org/W2115971677,1999,0,5,0,1
https://openalex.org/W2116109376,1999,9,12,6,11
https://openalex.org/W2116129445,1999,0,1,2,4
https://openalex.org/W2116155000,1999,0,1,0,0
https://openalex.org/W2116178396,1999,2,13,16,2
https://openalex.org/W2116224772,1999,0,1,3,0
https://openalex.org/W2116431988,1999,0,2,1,1
https://openalex.org/W2116457792,1999,0,1,3,6
https://openalex.org/W2116720872,1999,0,4,7,0
https://openalex.org/W2116764700,1999,0,3,2,7
https://openalex.org/W2116928535,1999,0,13,0,0
https://openalex.org/W2116950944,1999,3,1,0,4
https://openalex.org/W2117020768,1999,0,3,1,0
https://openalex.org/W2117054015,1999,0,4,1,2
https://openalex.org/W2117114567,1999,4,16,7,5
https://openalex.org/W2117251699,1999,11,8,5,4
https://openalex.org/W2117257620,1999,0,0,1,0
https://openalex.org/W2117331231,1999,0,5,7,1
https://openalex.org/W2117430948,1999,0,0,1,0
https://openalex.org/W2117570779,1999,0,8,2,4
https://openalex.org/W2117634821,1999,0,1,1,0
https://openalex.org/W2117727220,1999,0,3,1,0
https://openalex.org/W2117766117,1999,0,3,1,2
https://openalex.org/W2117774315,1999,0,5,3,1
https://openalex.org/W2117776131,1999,3,7,4,0
https://openalex.org/W2117781944,1999,1,2,1,0
https://openalex.org/W2117892117,1999,0,5,4,0
https://openalex.org/W2118364379,1999,7,32,8,19
https://openalex.org/W2118379744,1999,0,2,2,1
https://openalex.org/W2118585138,1999,4,2,2,3
https://openalex.org/W2118597087,1999,0,1,0,0
https://openalex.org/W2118605552,1999,1,3,0,0
https://openalex.org/W2118713108,1999,0,0,0,3
https://openalex.org/W2118732438,1999,0,1,0,1
https://openalex.org/W2118799561,1999,2,18,3,2
https://openalex.org/W2118808354,1999,0,5,2,1
https://openalex.org/W2118816727,1999,2,8,6,9
https://openalex.org/W2118820550,1999,4,6,2,11
https://openalex.org/W2118980567,1999,2,7,0,0
https://openalex.org/W2118991328,1999,0,2,0,0
https://openalex.org/W2118992320,1999,0,3,2,1
https://openalex.org/W2119101235,1999,0,2,0,0
https://openalex.org/W2119118348,1999,0,6,2,2
https://openalex.org/W2119121773,1999,0,4,5,9
https://openalex.org/W2119237204,1999,7,2,1,3
https://openalex.org/W2119334832,1999,0,3,1,1
https://openalex.org/W2119703486,1999,0,1,2,0
https://openalex.org/W2119880276,1999,0,13,5,6
https://openalex.org/W2119954790,1999,0,0,2,3
https://openalex.org/W2120028750,1999,4,10,6,0
https://openalex.org/W2120065821,1999,0,3,3,0
https://openalex.org/W2120170156,1999,2,0,0,1
https://openalex.org/W2120170394,1999,0,2,0,2
https://openalex.org/W2120176257,1999,0,3,3,6
https://openalex.org/W2120211965,1999,0,2,1,4
https://openalex.org/W2120614461,1999,0,2,0,0
https://openalex.org/W2120653429,1999,0,33,28,11
https://openalex.org/W2120692498,1999,0,10,1,1
https://openalex.org/W2120783043,1999,0,1,2,0
https://openalex.org/W2120915015,1999,0,2,3,7
https://openalex.org/W2120990508,1999,0,3,1,1
https://openalex.org/W2121136932,1999,0,1,0,1
https://openalex.org/W2121138958,1999,0,2,2,0
https://openalex.org/W2121171672,1999,0,0,3,0
https://openalex.org/W2121512133,1999,7,4,13,2
https://openalex.org/W2121665867,1999,2,0,0,2
https://openalex.org/W2121678066,1999,4,7,1,0
https://openalex.org/W2121786574,1999,3,14,0,9
https://openalex.org/W2121800582,1999,0,3,1,4
https://openalex.org/W2121830063,1999,0,3,4,0
https://openalex.org/W2121839232,1999,0,6,0,5
https://openalex.org/W2121916021,1999,5,4,2,0
https://openalex.org/W2122022480,1999,10,5,1,1
https://openalex.org/W2122179075,1999,3,2,2,7
https://openalex.org/W2122200610,1999,12,58,36,48
https://openalex.org/W2122269099,1999,0,5,0,0
https://openalex.org/W2122326179,1999,0,2,2,0
https://openalex.org/W2122358668,1999,4,1,1,3
https://openalex.org/W2122382900,1999,0,10,10,24
https://openalex.org/W2122446958,1999,3,44,49,17
https://openalex.org/W2122872337,1999,6,1,2,0
https://openalex.org/W2122939438,1999,1,5,0,1
https://openalex.org/W2123341957,1999,0,2,2,2
https://openalex.org/W2123374144,1999,0,0,1,0
https://openalex.org/W2123408501,1999,4,12,8,3
https://openalex.org/W2123645191,1999,8,8,10,8
https://openalex.org/W2123665158,1999,7,2,10,6
https://openalex.org/W2123842926,1999,0,0,1,0
https://openalex.org/W2123970034,1999,0,1,0,0
https://openalex.org/W2124011167,1999,1,4,1,1
https://openalex.org/W2124028386,1999,0,3,0,0
https://openalex.org/W2124110500,1999,0,0,1,0
https://openalex.org/W2124193582,1999,0,2,2,3
https://openalex.org/W2124396469,1999,0,1,2,1
https://openalex.org/W2124451744,1999,0,3,3,3
https://openalex.org/W2124459543,1999,1,3,0,0
https://openalex.org/W2124502197,1999,5,8,8,8
https://openalex.org/W2124515312,1999,0,3,2,5
https://openalex.org/W2124606694,1999,10,1,2,2
https://openalex.org/W2124666213,1999,0,3,2,2
https://openalex.org/W2124735029,1999,1,9,2,2
https://openalex.org/W2124786612,1999,0,4,0,0
https://openalex.org/W2124831005,1999,0,0,0,1
https://openalex.org/W2124848359,1999,0,2,0,0
https://openalex.org/W2124887155,1999,0,5,0,3
https://openalex.org/W2125007944,1999,3,2,6,0
https://openalex.org/W2125150125,1999,8,47,3,6
https://openalex.org/W2125400844,1999,0,0,2,0
https://openalex.org/W2125467687,1999,3,12,3,11
https://openalex.org/W2125475474,1999,2,2,2,0
https://openalex.org/W2125574317,1999,0,2,4,2
https://openalex.org/W2125597534,1999,0,7,0,3
https://openalex.org/W2125639054,1999,0,26,5,14
https://openalex.org/W2125766605,1999,0,1,0,0
https://openalex.org/W2125767269,1999,2,1,1,2
https://openalex.org/W2125815412,1999,0,6,1,1
https://openalex.org/W2125837386,1999,0,1,3,2
https://openalex.org/W2125973825,1999,1,2,8,0
https://openalex.org/W2126051725,1999,0,1,2,0
https://openalex.org/W2126062805,1999,0,9,7,3
https://openalex.org/W2126080162,1999,0,0,0,1
https://openalex.org/W2126377898,1999,0,5,0,0
https://openalex.org/W2126387675,1999,1,3,0,0
https://openalex.org/W2126565116,1999,0,1,1,1
https://openalex.org/W2126580511,1999,5,1,5,10
https://openalex.org/W2126590918,1999,8,5,1,1
https://openalex.org/W2126627674,1999,0,9,2,3
https://openalex.org/W2126642730,1999,2,4,0,1
https://openalex.org/W2126860933,1999,0,0,1,2
https://openalex.org/W2126879160,1999,0,1,1,0
https://openalex.org/W2126904789,1999,8,47,24,23
https://openalex.org/W2126910123,1999,0,0,0,1
https://openalex.org/W2126969709,1999,0,0,1,5
https://openalex.org/W2127054961,1999,0,1,0,0
https://openalex.org/W2127105068,1999,2,10,8,8
https://openalex.org/W2127514678,1999,0,3,0,0
https://openalex.org/W2127541809,1999,1,13,7,14
https://openalex.org/W2127736402,1999,2,5,1,3
https://openalex.org/W2127784130,1999,0,3,0,2
https://openalex.org/W2127834396,1999,1,3,0,0
https://openalex.org/W2127924276,1999,0,9,11,15
https://openalex.org/W2127961248,1999,0,7,8,1
https://openalex.org/W2128049007,1999,0,5,1,0
https://openalex.org/W2128290120,1999,0,8,10,11
https://openalex.org/W2128392614,1999,1,6,2,2
https://openalex.org/W2128550201,1999,3,19,1,0
https://openalex.org/W2128572036,1999,12,5,0,0
https://openalex.org/W2128586563,1999,3,2,4,0
https://openalex.org/W2128658999,1999,0,3,0,0
https://openalex.org/W2128994505,1999,0,0,0,1
https://openalex.org/W2129059960,1999,0,4,1,2
https://openalex.org/W2129082196,1999,0,5,0,0
https://openalex.org/W2129123869,1999,0,25,2,2
https://openalex.org/W2129238513,1999,0,2,3,0
https://openalex.org/W2129243864,1999,4,2,7,5
https://openalex.org/W2129259290,1999,0,4,2,4
https://openalex.org/W2129265888,1999,0,2,3,0
https://openalex.org/W2129299983,1999,0,1,1,0
https://openalex.org/W2129399408,1999,0,8,1,1
https://openalex.org/W2129441198,1999,2,2,2,1
https://openalex.org/W2129550020,1999,0,0,2,2
https://openalex.org/W2129704486,1999,7,9,4,2
https://openalex.org/W2129748119,1999,0,4,5,0
https://openalex.org/W2129877722,1999,1,0,2,0
https://openalex.org/W2129902413,1999,1,39,2,4
https://openalex.org/W2129909150,1999,0,1,3,0
https://openalex.org/W2129916928,1999,0,0,2,0
https://openalex.org/W2130242222,1999,0,4,0,0
https://openalex.org/W2130309967,1999,2,10,0,1
https://openalex.org/W2130315249,1999,5,3,1,1
https://openalex.org/W2130464557,1999,6,9,2,1
https://openalex.org/W2130722170,1999,0,1,7,17
https://openalex.org/W2130789076,1999,0,4,0,0
https://openalex.org/W2130838142,1999,1,4,0,7
https://openalex.org/W2130849691,1999,0,4,0,0
https://openalex.org/W2130852168,1999,1,3,0,0
https://openalex.org/W2130962821,1999,4,4,3,5
https://openalex.org/W2131260498,1999,0,5,2,0
https://openalex.org/W2131292835,1999,0,9,3,2
https://openalex.org/W2131297403,1999,0,3,1,1
https://openalex.org/W2131476577,1999,10,38,14,42
https://openalex.org/W2131495865,1999,4,3,5,2
https://openalex.org/W2131537432,1999,0,1,1,0
https://openalex.org/W2131614600,1999,0,6,3,0
https://openalex.org/W2131865841,1999,1,5,0,0
https://openalex.org/W2131988517,1999,0,5,0,6
https://openalex.org/W2132028104,1999,2,2,1,0
https://openalex.org/W2132033595,1999,0,0,3,0
https://openalex.org/W2132313801,1999,6,42,12,5
https://openalex.org/W2132417482,1999,0,0,1,0
https://openalex.org/W2132431782,1999,2,8,2,3
https://openalex.org/W2132595616,1999,0,2,0,2
https://openalex.org/W2132652047,1999,2,9,14,15
https://openalex.org/W2132672370,1999,0,4,0,3
https://openalex.org/W2132804882,1999,0,4,2,7
https://openalex.org/W2132880492,1999,2,1,3,1
https://openalex.org/W2132963711,1999,0,86,0,6
https://openalex.org/W2133156786,1999,0,5,2,0
https://openalex.org/W2133259018,1999,0,3,0,0
https://openalex.org/W2133318041,1999,1,17,29,12
https://openalex.org/W2133454136,1999,0,1,0,1
https://openalex.org/W2133689401,1999,0,2,0,1
https://openalex.org/W2134173098,1999,1,4,2,0
https://openalex.org/W2134217601,1999,12,546,94,81
https://openalex.org/W2134394714,1999,0,5,1,0
https://openalex.org/W2134570690,1999,0,3,0,0
https://openalex.org/W2134719387,1999,0,1,1,0
https://openalex.org/W2134756108,1999,3,26,17,14
https://openalex.org/W2134809913,1999,0,7,1,0
https://openalex.org/W2134818782,1999,1,3,8,0
https://openalex.org/W2134823407,1999,0,3,0,0
https://openalex.org/W2134857250,1999,2,6,4,0
https://openalex.org/W2134954132,1999,5,35,13,13
https://openalex.org/W2135028809,1999,0,3,1,3
https://openalex.org/W2135125863,1999,0,14,2,1
https://openalex.org/W2135190288,1999,0,22,4,2
https://openalex.org/W2135234156,1999,7,6,0,1
https://openalex.org/W2135376807,1999,0,4,3,0
https://openalex.org/W2135397638,1999,2,6,1,4
https://openalex.org/W2135444157,1999,0,0,2,6
https://openalex.org/W2135487686,1999,0,1,1,6
https://openalex.org/W2135554012,1999,0,2,3,9
https://openalex.org/W2135571102,1999,0,2,7,3
https://openalex.org/W2135804742,1999,2,1,2,0
https://openalex.org/W2135896437,1999,2,5,1,1
https://openalex.org/W2135903362,1999,1,8,5,0
https://openalex.org/W2135943272,1999,0,8,1,1
https://openalex.org/W2136032800,1999,12,9,13,12
https://openalex.org/W2136221830,1999,0,7,0,1
https://openalex.org/W2136224282,1999,0,10,5,19
https://openalex.org/W2136225184,1999,0,2,0,2
https://openalex.org/W2136445885,1999,3,10,3,9
https://openalex.org/W2136532089,1999,11,18,1,1
https://openalex.org/W2136544195,1999,5,13,4,10
https://openalex.org/W2136672545,1999,8,4,1,0
https://openalex.org/W2136680381,1999,0,2,1,2
https://openalex.org/W2136725955,1999,6,0,3,1
https://openalex.org/W2136767150,1999,0,9,4,0
https://openalex.org/W2136778247,1999,1,5,0,0
https://openalex.org/W2136794777,1999,0,5,2,1
https://openalex.org/W2136847144,1999,11,10,3,0
https://openalex.org/W2136886184,1999,3,8,4,0
https://openalex.org/W2137016943,1999,0,3,3,9
https://openalex.org/W2137032124,1999,0,36,5,4
https://openalex.org/W2137291112,1999,0,12,11,1
https://openalex.org/W2137297306,1999,0,1,0,2
https://openalex.org/W2137313338,1999,0,0,1,0
https://openalex.org/W2137344953,1999,1,3,0,1
https://openalex.org/W2137486668,1999,0,2,0,3
https://openalex.org/W2137492901,1999,0,4,0,4
https://openalex.org/W2137533035,1999,0,9,3,5
https://openalex.org/W2137773533,1999,0,1,2,1
https://openalex.org/W2137811483,1999,4,12,4,4
https://openalex.org/W2137881937,1999,6,31,40,84
https://openalex.org/W2137894843,1999,0,0,0,2
https://openalex.org/W2137931076,1999,1,0,0,1
https://openalex.org/W2138062839,1999,3,2,0,0
https://openalex.org/W2138105200,1999,10,30,3,0
https://openalex.org/W2138144286,1999,0,11,14,11
https://openalex.org/W2138222983,1999,0,1,0,0
https://openalex.org/W2138255724,1999,0,7,0,0
https://openalex.org/W2138271679,1999,3,7,2,0
https://openalex.org/W2138322896,1999,1,3,3,0
https://openalex.org/W2138586162,1999,0,5,4,1
https://openalex.org/W2138642490,1999,4,3,2,1
https://openalex.org/W2138738974,1999,4,11,8,9
https://openalex.org/W2139107184,1999,0,3,3,0
https://openalex.org/W2139152982,1999,0,2,1,2
https://openalex.org/W2139357618,1999,0,9,0,3
https://openalex.org/W2139367805,1999,1,1,0,3
https://openalex.org/W2139533764,1999,0,6,0,4
https://openalex.org/W2139780626,1999,2,3,0,0
https://openalex.org/W2139924932,1999,8,5,3,6
https://openalex.org/W2139935236,1999,9,29,3,7
https://openalex.org/W2140048822,1999,1,3,2,0
https://openalex.org/W2140081350,1999,6,1,0,0
https://openalex.org/W2140114474,1999,2,2,2,0
https://openalex.org/W2140277978,1999,0,2,0,1
https://openalex.org/W2140315106,1999,0,0,2,0
https://openalex.org/W2140515419,1999,0,0,2,1
https://openalex.org/W2140524172,1999,0,1,4,0
https://openalex.org/W2140688643,1999,0,1,2,1
https://openalex.org/W2140815660,1999,0,1,2,1
https://openalex.org/W2140911456,1999,0,1,0,0
https://openalex.org/W2140948178,1999,3,2,0,0
https://openalex.org/W2141060795,1999,1,0,1,0
https://openalex.org/W2141073449,1999,11,7,13,11
https://openalex.org/W2141104994,1999,0,1,2,0
https://openalex.org/W2141159623,1999,1,0,1,0
https://openalex.org/W2141248576,1999,0,5,2,2
https://openalex.org/W2141578414,1999,0,1,1,1
https://openalex.org/W2141646847,1999,2,6,0,1
https://openalex.org/W2141946503,1999,0,2,5,1
https://openalex.org/W2141997147,1999,0,15,1,0
https://openalex.org/W2142023173,1999,1,4,1,0
https://openalex.org/W2142276632,1999,0,1,0,0
https://openalex.org/W2142722586,1999,0,0,2,1
https://openalex.org/W2142788001,1999,0,1,0,0
https://openalex.org/W2143095454,1999,0,1,0,0
https://openalex.org/W2143287925,1999,0,7,0,0
https://openalex.org/W2143396999,1999,12,1,3,1
https://openalex.org/W2143472021,1999,2,5,1,0
https://openalex.org/W2143560637,1999,2,2,3,9
https://openalex.org/W2143618936,1999,4,21,5,2
https://openalex.org/W2143638885,1999,0,1,1,1
https://openalex.org/W2143685302,1999,0,0,0,1
https://openalex.org/W2143714028,1999,0,0,1,1
https://openalex.org/W2143721586,1999,5,11,3,8
https://openalex.org/W2143813049,1999,3,3,0,2
https://openalex.org/W2144072925,1999,0,1,7,2
https://openalex.org/W2144197234,1999,0,0,1,1
https://openalex.org/W2144220876,1999,0,3,0,2
https://openalex.org/W2144280794,1999,0,5,1,0
https://openalex.org/W2144298829,1999,0,6,3,5
https://openalex.org/W2144379864,1999,2,2,6,0
https://openalex.org/W2144455797,1999,0,2,1,3
https://openalex.org/W2144630716,1999,1,0,1,0
https://openalex.org/W2144650395,1999,0,9,1,3
https://openalex.org/W2144804744,1999,0,3,1,1
https://openalex.org/W2144816912,1999,0,2,0,0
https://openalex.org/W2144838077,1999,10,14,2,8
https://openalex.org/W2145046822,1999,0,3,0,11
https://openalex.org/W2145357336,1999,6,11,9,2
https://openalex.org/W2145377315,1999,3,5,3,0
https://openalex.org/W2145545991,1999,0,5,2,2
https://openalex.org/W2145595618,1999,0,2,1,3
https://openalex.org/W2145615230,1999,1,1,2,0
https://openalex.org/W2145654493,1999,0,5,1,1
https://openalex.org/W2145681183,1999,1,6,2,1
https://openalex.org/W2145836554,1999,0,3,2,3
https://openalex.org/W2145838413,1999,0,3,0,0
https://openalex.org/W2145850547,1999,0,3,5,4
https://openalex.org/W2146038021,1999,0,6,0,0
https://openalex.org/W2146432347,1999,0,8,0,1
https://openalex.org/W2146478402,1999,0,1,0,1
https://openalex.org/W2146488698,1999,0,1,3,2
https://openalex.org/W2146612275,1999,1,4,10,4
https://openalex.org/W2146625982,1999,0,3,1,1
https://openalex.org/W2146657410,1999,0,3,0,1
https://openalex.org/W2146665981,1999,8,28,28,35
https://openalex.org/W2146668893,1999,5,4,2,12
https://openalex.org/W2146671567,1999,4,71,31,81
https://openalex.org/W2147348141,1999,0,5,1,3
https://openalex.org/W2147417559,1999,0,4,1,0
https://openalex.org/W2147579116,1999,6,1,1,1
https://openalex.org/W2147636099,1999,0,10,2,3
https://openalex.org/W2147675445,1999,9,190,183,112
https://openalex.org/W2147815895,1999,0,9,3,4
https://openalex.org/W2147845422,1999,8,30,13,7
https://openalex.org/W2147879135,1999,0,1,5,1
https://openalex.org/W2147979702,1999,1,3,16,8
https://openalex.org/W2147986835,1999,0,2,0,0
https://openalex.org/W2148020016,1999,8,1543,566,673
https://openalex.org/W2148076512,1999,0,5,0,0
https://openalex.org/W2148379852,1999,0,3,1,0
https://openalex.org/W2148384766,1999,0,9,3,11
https://openalex.org/W2148429682,1999,6,5,1,1
https://openalex.org/W2148496808,1999,4,11,0,4
https://openalex.org/W2148563192,1999,3,2,2,3
https://openalex.org/W2148655405,1999,0,6,1,2
https://openalex.org/W2148755156,1999,3,5,3,3
https://openalex.org/W2148768838,1999,0,5,2,0
https://openalex.org/W2148955896,1999,0,2,2,1
https://openalex.org/W2149016443,1999,0,2,2,2
https://openalex.org/W2149096301,1999,5,10,0,2
https://openalex.org/W2149135436,1999,0,8,4,8
https://openalex.org/W2149178405,1999,0,6,3,2
https://openalex.org/W2149325278,1999,0,10,6,5
https://openalex.org/W2149431557,1999,2,0,2,1
https://openalex.org/W2149443161,1999,3,4,0,2
https://openalex.org/W2149456726,1999,5,18,1,0
https://openalex.org/W2149703720,1999,0,2,0,1
https://openalex.org/W2149727799,1999,0,0,2,1
https://openalex.org/W2149814797,1999,0,12,7,17
https://openalex.org/W2149816876,1999,1,1,11,0
https://openalex.org/W2149934870,1999,0,3,1,3
https://openalex.org/W2149978023,1999,0,21,21,1
https://openalex.org/W2150291405,1999,4,2,2,0
https://openalex.org/W2150346186,1999,0,4,5,4
https://openalex.org/W2150528647,1999,2,3,4,0
https://openalex.org/W2150741857,1999,0,0,2,0
https://openalex.org/W2150760177,1999,3,9,2,0
https://openalex.org/W2150781339,1999,1,46,13,2
https://openalex.org/W2150908399,1999,0,2,5,0
https://openalex.org/W2150930946,1999,1,10,0,4
https://openalex.org/W2151086632,1999,0,1,0,0
https://openalex.org/W2151138817,1999,7,0,5,6
https://openalex.org/W2151287538,1999,0,11,1,1
https://openalex.org/W2151325041,1999,0,4,0,1
https://openalex.org/W2151369510,1999,0,2,0,0
https://openalex.org/W2151423884,1999,3,2,0,0
https://openalex.org/W2151800182,1999,0,1,0,0
https://openalex.org/W2151890421,1999,0,6,0,1
https://openalex.org/W2151923846,1999,2,3,4,5
https://openalex.org/W2151943391,1999,2,0,1,0
https://openalex.org/W2152072806,1999,0,6,0,1
https://openalex.org/W2152138296,1999,0,18,0,1
https://openalex.org/W2152171239,1999,3,25,8,1
https://openalex.org/W2152184770,1999,0,4,3,2
https://openalex.org/W2152199473,1999,0,3,0,2
https://openalex.org/W2152255188,1999,2,35,14,24
https://openalex.org/W2152322702,1999,0,2,4,0
https://openalex.org/W2152405301,1999,0,2,0,0
https://openalex.org/W2152549847,1999,0,4,1,4
https://openalex.org/W2152642733,1999,1,3,4,1
https://openalex.org/W2152745495,1999,0,3,0,2
https://openalex.org/W2152914404,1999,12,41,4,8
https://openalex.org/W2153241973,1999,6,2,3,3
https://openalex.org/W2153505881,1999,2,8,0,3
https://openalex.org/W2153603684,1999,0,2,1,0
https://openalex.org/W2153673770,1999,1,2,1,0
https://openalex.org/W2153688185,1999,1,4,0,1
https://openalex.org/W2153704832,1999,2,0,2,1
https://openalex.org/W2153826380,1999,4,6,5,7
https://openalex.org/W2153839367,1999,0,2,2,1
https://openalex.org/W2154424738,1999,0,5,0,0
https://openalex.org/W2154697645,1999,0,6,0,6
https://openalex.org/W2154749064,1999,3,2,1,2
https://openalex.org/W2154857342,1999,2,11,27,10
https://openalex.org/W2154859029,1999,0,2,0,0
https://openalex.org/W2154904263,1999,4,1,0,4
https://openalex.org/W2154966671,1999,6,3,0,9
https://openalex.org/W2154972304,1999,0,3,0,0
https://openalex.org/W2155036816,1999,0,2,1,1
https://openalex.org/W2155208151,1999,0,9,0,1
https://openalex.org/W2155436805,1999,0,2,1,13
https://openalex.org/W2155438723,1999,4,6,0,0
https://openalex.org/W2155518597,1999,0,0,1,0
https://openalex.org/W2155679981,1999,0,4,0,2
https://openalex.org/W2155704314,1999,4,33,6,21
https://openalex.org/W2155840096,1999,1,4,3,6
https://openalex.org/W2155846581,1999,1,1,0,0
https://openalex.org/W2155853036,1999,0,2,0,2
https://openalex.org/W2155960849,1999,2,30,9,2
https://openalex.org/W2156048107,1999,0,2,0,0
https://openalex.org/W2156139518,1999,1,6,1,0
https://openalex.org/W2156196544,1999,0,6,0,0
https://openalex.org/W2156214388,1999,0,6,2,1
https://openalex.org/W2156234568,1999,0,3,0,0
https://openalex.org/W2156443370,1999,0,27,0,0
https://openalex.org/W2156578534,1999,0,5,1,0
https://openalex.org/W2156623188,1999,0,6,0,1
https://openalex.org/W2156765543,1999,0,2,2,0
https://openalex.org/W2156901841,1999,0,1,0,0
https://openalex.org/W2156983710,1999,10,201,47,62
https://openalex.org/W2157073012,1999,0,1,1,0
https://openalex.org/W2157073247,1999,0,2,0,1
https://openalex.org/W2157424608,1999,2,18,12,6
https://openalex.org/W2157529621,1999,5,13,7,9
https://openalex.org/W2157580188,1999,10,7,3,13
https://openalex.org/W2157600886,1999,0,0,1,1
https://openalex.org/W2157708059,1999,2,9,0,0
https://openalex.org/W2157722320,1999,1,4,1,2
https://openalex.org/W2157830999,1999,5,13,10,27
https://openalex.org/W2157978795,1999,6,4,2,1
https://openalex.org/W2158072633,1999,5,38,70,2
https://openalex.org/W2158248789,1999,0,0,1,4
https://openalex.org/W2158280136,1999,0,4,0,4
https://openalex.org/W2158281091,1999,0,14,3,5
https://openalex.org/W2158300765,1999,7,1,16,1
https://openalex.org/W2158342652,1999,0,11,5,0
https://openalex.org/W2158522341,1999,2,5,1,2
https://openalex.org/W2158541934,1999,0,0,1,3
https://openalex.org/W2158675934,1999,3,2,2,1
https://openalex.org/W2158861811,1999,0,4,2,5
https://openalex.org/W2158902734,1999,2,1,3,0
https://openalex.org/W2158994894,1999,0,6,4,0
https://openalex.org/W2159073174,1999,7,79,38,106
https://openalex.org/W2159075906,1999,0,5,2,1
https://openalex.org/W2159111228,1999,1,4,4,0
https://openalex.org/W2159157110,1999,0,9,3,0
https://openalex.org/W2159210546,1999,0,7,3,9
https://openalex.org/W2159222571,1999,0,1,1,1
https://openalex.org/W2159236076,1999,10,10,7,4
https://openalex.org/W2159278027,1999,1,5,0,7
https://openalex.org/W2159307887,1999,0,3,0,2
https://openalex.org/W2159382651,1999,4,22,4,1
https://openalex.org/W2159392737,1999,0,4,5,5
https://openalex.org/W2159446632,1999,0,7,8,4
https://openalex.org/W2159502496,1999,0,0,3,0
https://openalex.org/W2159517480,1999,0,3,4,1
https://openalex.org/W2159527092,1999,3,7,12,2
https://openalex.org/W2159532675,1999,6,42,4,2
https://openalex.org/W2159581875,1999,0,3,0,0
https://openalex.org/W2159659172,1999,6,3,2,0
https://openalex.org/W2159703551,1999,0,2,1,2
https://openalex.org/W2159708810,1999,8,6,21,30
https://openalex.org/W2159760318,1999,0,0,1,4
https://openalex.org/W2159895906,1999,0,6,0,1
https://openalex.org/W2159974941,1999,1,5,5,4
https://openalex.org/W2159984319,1999,0,5,0,4
https://openalex.org/W2160006420,1999,0,13,0,0
https://openalex.org/W2160025223,1999,4,2,8,8
https://openalex.org/W2160069024,1999,2,8,4,1
https://openalex.org/W2160206069,1999,0,2,0,1
https://openalex.org/W2160224566,1999,1,1,4,4
https://openalex.org/W2160282563,1999,0,2,0,0
https://openalex.org/W2160467040,1999,0,3,4,13
https://openalex.org/W2160469108,1999,0,4,0,0
https://openalex.org/W2160494056,1999,0,5,0,2
https://openalex.org/W2160545537,1999,0,5,2,5
https://openalex.org/W2160595416,1999,11,578,401,951
https://openalex.org/W2160663441,1999,0,3,2,0
https://openalex.org/W2160703139,1999,0,0,0,1
https://openalex.org/W2160798367,1999,1,4,1,0
https://openalex.org/W2160813846,1999,0,0,1,2
https://openalex.org/W2160909748,1999,5,7,3,3
https://openalex.org/W2160916269,1999,1,3,1,1
https://openalex.org/W2160921389,1999,0,3,0,4
https://openalex.org/W2160984469,1999,5,52,17,6
https://openalex.org/W2161013730,1999,3,20,3,8
https://openalex.org/W2161026047,1999,7,6,2,6
https://openalex.org/W2161378769,1999,0,2,1,0
https://openalex.org/W2161519867,1999,1,7,5,25
https://openalex.org/W2161535238,1999,0,3,1,1
https://openalex.org/W2161536014,1999,0,1,0,0
https://openalex.org/W2161632736,1999,0,25,2,16
https://openalex.org/W2161853153,1999,0,0,2,0
https://openalex.org/W2162017372,1999,0,4,1,0
https://openalex.org/W2162057500,1999,1,0,0,3
https://openalex.org/W2162315623,1999,0,0,1,0
https://openalex.org/W2162375417,1999,10,24,2,4
https://openalex.org/W2162420039,1999,0,1,0,1
https://openalex.org/W2162468741,1999,0,7,7,1
https://openalex.org/W2162624627,1999,0,3,0,0
https://openalex.org/W2162651523,1999,0,26,11,7
https://openalex.org/W2162695298,1999,0,3,0,3
https://openalex.org/W2162706646,1999,0,12,3,0
https://openalex.org/W2162739196,1999,0,18,2,0
https://openalex.org/W2162902324,1999,0,3,2,0
https://openalex.org/W2162911081,1999,0,8,0,0
https://openalex.org/W2162942010,1999,0,11,2,14
https://openalex.org/W2163108019,1999,0,2,4,1
https://openalex.org/W2163391708,1999,0,0,2,6
https://openalex.org/W2163470218,1999,0,4,1,5
https://openalex.org/W2163479746,1999,1,5,4,2
https://openalex.org/W2163523099,1999,1,9,6,0
https://openalex.org/W2163528211,1999,0,41,8,8
https://openalex.org/W2163547193,1999,8,16,1,13
https://openalex.org/W2163641016,1999,0,2,0,0
https://openalex.org/W2163788710,1999,0,2,0,1
https://openalex.org/W2163808532,1999,6,6,1,0
https://openalex.org/W2163945689,1999,2,0,1,2
https://openalex.org/W2163969379,1999,0,9,0,0
https://openalex.org/W2164029962,1999,0,1,1,2
https://openalex.org/W2164038458,1999,0,4,0,10
https://openalex.org/W2164056264,1999,2,7,9,5
https://openalex.org/W2164281628,1999,0,10,3,1
https://openalex.org/W2164355437,1999,8,3,4,9
https://openalex.org/W2164361243,1999,0,1,2,3
https://openalex.org/W2164406601,1999,0,5,5,2
https://openalex.org/W2164511008,1999,9,8,6,7
https://openalex.org/W2164815044,1999,0,1,1,2
https://openalex.org/W2164986619,1999,2,5,7,1
https://openalex.org/W2165101470,1999,2,13,2,2
https://openalex.org/W2165130376,1999,0,4,7,0
https://openalex.org/W2165243034,1999,0,4,1,3
https://openalex.org/W2165270294,1999,4,24,21,23
https://openalex.org/W2165326877,1999,4,3,3,6
https://openalex.org/W2165532908,1999,0,1,0,0
https://openalex.org/W2165698242,1999,0,7,0,8
https://openalex.org/W2165739197,1999,0,5,3,2
https://openalex.org/W2165742488,1999,8,8,1,13
https://openalex.org/W2165816847,1999,8,17,3,20
https://openalex.org/W2165829200,1999,0,3,0,1
https://openalex.org/W2165870370,1999,0,1,1,1
https://openalex.org/W2165935019,1999,6,55,84,13
https://openalex.org/W2165969773,1999,0,6,4,3
https://openalex.org/W2165979203,1999,1,0,2,0
https://openalex.org/W2166023823,1999,4,22,0,0
https://openalex.org/W2166023868,1999,0,1,2,0
https://openalex.org/W2166455396,1999,0,1,0,0
https://openalex.org/W2166474088,1999,0,11,4,11
https://openalex.org/W2166531031,1999,7,2,25,7
https://openalex.org/W2166535128,1999,0,5,3,4
https://openalex.org/W2166536394,1999,0,2,0,0
https://openalex.org/W2166577339,1999,0,0,3,0
https://openalex.org/W2166609414,1999,1,1,1,1
https://openalex.org/W2166763153,1999,0,3,2,1
https://openalex.org/W2166990073,1999,0,1,1,3
https://openalex.org/W2167103359,1999,7,19,4,9
https://openalex.org/W2167391737,1999,0,2,0,3
https://openalex.org/W2167484092,1999,6,15,4,12
https://openalex.org/W2167661774,1999,0,3,9,3
https://openalex.org/W2167684216,1999,0,1,3,0
https://openalex.org/W2167812220,1999,1,9,0,3
https://openalex.org/W2167837680,1999,0,1,3,0
https://openalex.org/W2167885847,1999,1,3,3,0
https://openalex.org/W2168135987,1999,4,0,0,2
https://openalex.org/W2168239055,1999,0,1,1,1
https://openalex.org/W2168415980,1999,0,1,2,0
https://openalex.org/W2168423583,1999,0,6,3,4
https://openalex.org/W2168711735,1999,0,0,2,0
https://openalex.org/W2168741372,1999,0,4,3,3
https://openalex.org/W2168787323,1999,1,3,2,8
https://openalex.org/W2168908133,1999,0,2,1,0
https://openalex.org/W2169020270,1999,5,7,6,8
https://openalex.org/W2169046261,1999,1,1,0,5
https://openalex.org/W2169048791,1999,0,1,0,1
https://openalex.org/W2169252414,1999,0,2,4,5
https://openalex.org/W2169371741,1999,0,0,0,7
https://openalex.org/W2169452627,1999,0,2,1,4
https://openalex.org/W2169456012,1999,1,7,4,0
https://openalex.org/W2169902625,1999,9,5,1,1
https://openalex.org/W2170036764,1999,0,6,0,0
https://openalex.org/W2170043777,1999,0,16,4,2
https://openalex.org/W2170052359,1999,0,4,2,1
https://openalex.org/W2170078425,1999,0,2,1,1
https://openalex.org/W2170196017,1999,0,3,2,1
https://openalex.org/W2170255277,1999,0,1,0,0
https://openalex.org/W2170402871,1999,2,0,3,0
https://openalex.org/W2170586499,1999,0,4,3,1
https://openalex.org/W2170596964,1999,6,9,6,20
https://openalex.org/W2170675284,1999,0,0,0,1
https://openalex.org/W2170843019,1999,5,4,3,5
https://openalex.org/W2170926061,1999,3,8,3,6
https://openalex.org/W2171115784,1999,8,60,20,18
https://openalex.org/W2171408626,1999,0,5,1,3
https://openalex.org/W2171464027,1999,0,1,0,4
https://openalex.org/W2171501374,1999,0,0,0,1
https://openalex.org/W2171559097,1999,9,6,15,3
https://openalex.org/W2171631554,1999,1,2,0,0
https://openalex.org/W2171917072,1999,2,11,1,8
https://openalex.org/W2172045914,1999,0,5,0,4
https://openalex.org/W2172107648,1999,0,2,0,0
https://openalex.org/W2172175396,1999,2,0,0,4
https://openalex.org/W2172261822,1999,4,13,3,2
https://openalex.org/W2172812373,1999,3,2,0,1
https://openalex.org/W2173443282,1999,4,3,1,0
https://openalex.org/W2175787677,1999,11,121,47,22
https://openalex.org/W2176009445,1999,0,5,1,4
https://openalex.org/W2176377009,1999,6,4,5,1
https://openalex.org/W2177102384,1999,5,2,4,0
https://openalex.org/W2177890902,1999,10,5,0,2
https://openalex.org/W2178336115,1999,10,576,13,29
https://openalex.org/W2179470523,1999,0,8,5,4
https://openalex.org/W2183895592,1999,0,5,3,6
https://openalex.org/W2187556533,1999,0,3,0,0
https://openalex.org/W2190735091,1999,0,1,1,0
https://openalex.org/W2196003857,1999,3,13,4,5
https://openalex.org/W2202479088,1999,1,1,0,2
https://openalex.org/W220445469,1999,0,3,3,0
https://openalex.org/W2205047597,1999,0,7,2,0
https://openalex.org/W2205121382,1999,0,1,0,3
https://openalex.org/W2206990630,1999,2,0,1,0
https://openalex.org/W2227964930,1999,4,14,1,0
https://openalex.org/W2239739944,1999,0,6,5,1
https://openalex.org/W2247369324,1999,0,6,0,0
https://openalex.org/W2267159776,1999,0,1,0,0
https://openalex.org/W2280084591,1999,0,2,2,0
https://openalex.org/W2312726139,1999,4,4,6,0
https://openalex.org/W2314854594,1999,1,1,1,0
https://openalex.org/W2316597678,1999,0,3,5,0
https://openalex.org/W2317342250,1999,0,2,0,0
https://openalex.org/W2317353886,1999,0,0,2,1
https://openalex.org/W2317624023,1999,7,13,3,0
https://openalex.org/W2318301524,1999,3,1,4,0
https://openalex.org/W2320142339,1999,2,1,0,0
https://openalex.org/W2320661812,1999,6,1,3,1
https://openalex.org/W2327945768,1999,5,0,4,0
https://openalex.org/W2328503243,1999,0,1,1,0
https://openalex.org/W2330203312,1999,0,3,1,0
https://openalex.org/W2335128670,1999,5,0,5,0
https://openalex.org/W2344722162,1999,1,7,3,1
https://openalex.org/W2369776459,1999,0,3,1,0
https://openalex.org/W2389454689,1999,0,4,3,0
https://openalex.org/W2397627563,1999,6,44,12,1
https://openalex.org/W23976509,1999,0,1,0,0
https://openalex.org/W2398596586,1999,1,2,0,1
https://openalex.org/W2412141009,1999,0,1,1,0
https://openalex.org/W2415484571,1999,0,0,1,0
https://openalex.org/W2461183413,1999,0,0,2,0
https://openalex.org/W2461295907,1999,2,1,10,0
https://openalex.org/W2462217107,1999,0,3,5,0
https://openalex.org/W2463494431,1999,1,3,1,0
https://openalex.org/W2464823232,1999,0,2,0,0
https://openalex.org/W2467799673,1999,0,2,0,0
https://openalex.org/W2472994767,1999,0,2,0,0
https://openalex.org/W2474057255,1999,0,0,1,0
https://openalex.org/W2478611173,1999,0,6,6,1
https://openalex.org/W2480312263,1999,2,2,0,0
https://openalex.org/W2499397143,1999,0,0,1,0
https://openalex.org/W2501751220,1999,0,0,1,0
https://openalex.org/W2510818635,1999,0,3,1,0
https://openalex.org/W2512484394,1999,0,2,4,0
https://openalex.org/W2517972680,1999,0,1,2,0
https://openalex.org/W2518324312,1999,4,11,11,1
https://openalex.org/W2519734418,1999,4,3,0,0
https://openalex.org/W2522066721,1999,0,1,1,0
https://openalex.org/W2522929773,1999,0,0,1,0
https://openalex.org/W2524199452,1999,0,0,1,1
https://openalex.org/W2526028880,1999,5,2,1,1
https://openalex.org/W2526587108,1999,0,15,8,2
https://openalex.org/W2543031133,1999,5,5,1,9
https://openalex.org/W2564800775,1999,4,172,106,93
https://openalex.org/W2565361917,1999,3,5,1,2
https://openalex.org/W2567738337,1999,0,0,1,1
https://openalex.org/W2570300961,1999,0,2,1,0
https://openalex.org/W2570906640,1999,0,1,3,1
https://openalex.org/W2577527424,1999,0,2,0,0
https://openalex.org/W2591833565,1999,0,2,1,0
https://openalex.org/W2593290713,1999,0,0,4,1
https://openalex.org/W2606144774,1999,0,8,9,0
https://openalex.org/W2606651004,1999,0,3,4,0
https://openalex.org/W2606897221,1999,0,8,4,0
https://openalex.org/W2607333168,1999,0,6,14,0
https://openalex.org/W2616484754,1999,0,22,19,0
https://openalex.org/W2619778765,1999,0,13,5,1
https://openalex.org/W2756168804,1999,2,17,5,2
https://openalex.org/W2918086824,1999,0,8,7,5
https://openalex.org/W2943230945,1999,0,1,0,1
https://openalex.org/W2949075122,1999,0,27,15,1
https://openalex.org/W2949362267,1999,0,0,2,0
https://openalex.org/W2950605396,1999,0,6,2,2
https://openalex.org/W2950972800,1999,0,5,4,1
https://openalex.org/W2951588493,1999,2,5,22,0
https://openalex.org/W3021291126,1999,7,17,12,1
https://openalex.org/W3037193016,1999,0,19,5,5
https://openalex.org/W3037947635,1999,0,1,5,6
https://openalex.org/W3038127721,1999,9,324,177,47
https://openalex.org/W3038647294,1999,0,2,2,0
https://openalex.org/W3088536789,1999,0,4,0,0
https://openalex.org/W3098137506,1999,0,1,1,0
https://openalex.org/W3098145533,1999,0,2,0,0
https://openalex.org/W3098232218,1999,0,1,0,0
https://openalex.org/W3098327187,1999,0,1,0,3
https://openalex.org/W3098368493,1999,0,3,3,2
https://openalex.org/W3098713783,1999,0,6,3,0
https://openalex.org/W3098821060,1999,0,2,4,1
https://openalex.org/W3098858305,1999,7,293,36,16
https://openalex.org/W3099165316,1999,0,5,1,0
https://openalex.org/W3099260004,1999,1,3,0,1
https://openalex.org/W3099358626,1999,0,5,3,0
https://openalex.org/W3099836646,1999,0,5,0,1
https://openalex.org/W3100066887,1999,4,60,22,8
https://openalex.org/W3100249572,1999,0,2,0,0
https://openalex.org/W3100291614,1999,0,1,0,0
https://openalex.org/W3100509857,1999,0,2,0,1
https://openalex.org/W3100720936,1999,0,10,2,1
https://openalex.org/W3101009595,1999,0,53,15,5
https://openalex.org/W3101662918,1999,0,2,3,2
https://openalex.org/W3101728681,1999,4,10,1,0
https://openalex.org/W3101847620,1999,0,1,0,0
https://openalex.org/W3102037853,1999,1,4,0,0
https://openalex.org/W3102249929,1999,9,65,23,9
https://openalex.org/W3102877523,1999,0,3,1,0
https://openalex.org/W3103088100,1999,1,45,12,12
https://openalex.org/W3103595015,1999,0,5,0,1
https://openalex.org/W3103925794,1999,0,4,4,2
https://openalex.org/W3104351580,1999,2,2,0,1
https://openalex.org/W3104416848,1999,5,620,57,40
https://openalex.org/W3105121582,1999,0,9,4,3
https://openalex.org/W3105563559,1999,3,76,12,3
https://openalex.org/W3105609499,1999,2,3,4,1
https://openalex.org/W3105684660,1999,0,8,6,3
https://openalex.org/W3105818552,1999,0,2,0,0
https://openalex.org/W3105818712,1999,1,4,1,0
https://openalex.org/W3106199217,1999,0,5,1,0
https://openalex.org/W3106347013,1999,0,39,2,2
https://openalex.org/W3106376924,1999,1,12,1,1
https://openalex.org/W3106505466,1999,0,3,1,1
https://openalex.org/W3121647488,1999,0,1,0,0
https://openalex.org/W3123750486,1999,0,1,0,1
https://openalex.org/W3189036321,1999,0,62,52,3
https://openalex.org/W3197624280,1999,0,5,8,1
https://openalex.org/W4213457872,1999,12,976,160,82
https://openalex.org/W4229552379,1999,1,1,2,0
https://openalex.org/W4229823544,1999,0,1,1,0
https://openalex.org/W4230471890,1999,0,0,0,1
https://openalex.org/W4232048063,1999,0,7,2,4
https://openalex.org/W4233327273,1999,0,4,0,1
https://openalex.org/W4234177541,1999,1,5,32,5
https://openalex.org/W4234568025,1999,0,9,0,0
https://openalex.org/W4235641403,1999,0,5,2,7
https://openalex.org/W4235643989,1999,10,15,64,9
https://openalex.org/W4236865991,1999,6,1,2,2
https://openalex.org/W4238503981,1999,9,56,26,5
https://openalex.org/W4239488573,1999,0,3,0,0
https://openalex.org/W4240067961,1999,1,1,0,3
https://openalex.org/W4241165083,1999,0,0,0,1
https://openalex.org/W4241391028,1999,0,1,1,0
https://openalex.org/W4241584623,1999,0,2,2,0
https://openalex.org/W4243047771,1999,0,0,1,0
https://openalex.org/W4243788777,1999,0,17,3,1
https://openalex.org/W4243947200,1999,2,8,0,4
https://openalex.org/W4244408408,1999,2,6,0,0
https://openalex.org/W4244856152,1999,0,1,1,0
https://openalex.org/W4248121635,1999,1,1,1,0
https://openalex.org/W4250339433,1999,5,12,25,4
https://openalex.org/W4250363054,1999,0,3,1,0
https://openalex.org/W4250414831,1999,7,16,8,6
https://openalex.org/W4251326972,1999,0,22,14,1
https://openalex.org/W4252701960,1999,6,22,16,4
https://openalex.org/W4254658601,1999,0,4,1,0
https://openalex.org/W4256444873,1999,0,2,1,0
https://openalex.org/W4292406868,1999,1,99,20,3
https://openalex.org/W4296432361,1999,0,0,2,2
https://openalex.org/W4300854608,1999,0,9,0,1
