focal_id,issn_clean,SJR Best Quartile,journal_norm,quartile_mode_15y,quartile_avg_round_15y,quartile_mode_15y_label,quartile_avg_round_15y_label,SJR Best Quartile__norm,SJR Best Quartile_bin_Q1,SJR Best Quartile_ord_1to5,SJR Best Quartile_bin_Q12,SJR Best Quartile_bin_Q123,quartile_mode_15y__norm,quartile_mode_15y_bin_Q1,quartile_mode_15y_ord_1to5,quartile_mode_15y_bin_Q12,quartile_mode_15y_bin_Q123,quartile_avg_round_15y__norm,quartile_avg_round_15y_bin_Q1,quartile_avg_round_15y_ord_1to5,quartile_avg_round_15y_bin_Q12,quartile_avg_round_15y_bin_Q123,quartile_numeric
https://openalex.org/W108024977,01429418,Q2,,2,2,Q2,Q2,Q2,0,2,1,1,Q2,0,2,1,1,Q2,0,2,1,1,0
https://openalex.org/W115650655,02578972,Q1,,1,1,Q1,Q1,Q1,1,1,1,1,Q1,1,1,1,1,Q1,1,1,1,1,1
https://openalex.org/W117169736,02536269,Q3,,3,3,Q3,Q3,Q3,0,3,0,1,Q3,0,3,0,1,Q3,0,3,0,1,0
https://openalex.org/W1230367920,03043843,Q3,,4,4,Q4,Q4,Q3,0,3,0,1,Q4,0,4,0,0,Q4,0,4,0,0,0
https://openalex.org/W126685599,00406031,Q3,,2,2,Q2,Q2,Q3,0,3,0,1,Q2,0,2,1,1,Q2,0,2,1,1,0
https://openalex.org/W1273617668,14764865,Q3,,3,3,Q3,Q3,Q3,0,3,0,1,Q3,0,3,0,1,Q3,0,3,0,1,0
https://openalex.org/W1444008823,14382377,Q1,,1,1,Q1,Q1,Q1,1,1,1,1,Q1,1,1,1,1,Q1,1,1,1,1,1
https://openalex.org/W1480046766,0003150X,Q1,,2,2,Q2,Q2,Q1,1,1,1,1,Q2,0,2,1,1,Q2,0,2,1,1,1
https://openalex.org/W1480650256,09254005,-,,5,5,Unranked,Unranked,Unranked,0,5,0,0,Unranked,0,5,0,0,Unranked,0,5,0,0,0
https://openalex.org/W1481167800,16182642,Q2,,1,1,Q1,Q1,Q2,0,2,1,1,Q1,1,1,1,1,Q1,1,1,1,1,0
https://openalex.org/W1483987581,00134651,Q1,,1,1,Q1,Q1,Q1,1,1,1,1,Q1,1,1,1,1,Q1,1,1,1,1,1
https://openalex.org/W1484824299,00399140,Q1,,1,1,Q1,Q1,Q1,1,1,1,1,Q1,1,1,1,1,Q1,1,1,1,1,1
https://openalex.org/W1486496099,00095893,Q2,,2,2,Q2,Q2,Q2,0,2,1,1,Q2,0,2,1,1,Q2,0,2,1,1,0
https://openalex.org/W1493994261,16113683,Q3,,3,3,Q3,Q3,Q3,0,3,0,1,Q3,0,3,0,1,Q3,0,3,0,1,0
https://openalex.org/W1494381180,00095893,Q2,,2,2,Q2,Q2,Q2,0,2,1,1,Q2,0,2,1,1,Q2,0,2,1,1,0
https://openalex.org/W1494393818,13408054,Q4,,3,3,Q3,Q3,Q4,0,4,0,0,Q3,0,3,0,1,Q3,0,3,0,1,0
https://openalex.org/W1494459977,14387697,Q2,,2,2,Q2,Q2,Q2,0,2,1,1,Q2,0,2,1,1,Q2,0,2,1,1,0
https://openalex.org/W1495123273,00224596,Q2,,2,2,Q2,Q2,Q2,0,2,1,1,Q2,0,2,1,1,Q2,0,2,1,1,0
https://openalex.org/W1495333076,00201685,Q3,,3,3,Q3,Q3,Q3,0,3,0,1,Q3,0,3,0,1,Q3,0,3,0,1,0
https://openalex.org/W1498444562,00399140,Q1,,1,1,Q1,Q1,Q1,1,1,1,1,Q1,1,1,1,1,Q1,1,1,1,1,1
https://openalex.org/W1503244141,10623701,Q2,,2,2,Q2,Q2,Q2,0,2,1,1,Q2,0,2,1,1,Q2,0,2,1,1,0
https://openalex.org/W1507675710,00218995,Q1,,2,2,Q2,Q2,Q1,1,1,1,1,Q2,0,2,1,1,Q2,0,2,1,1,1
https://openalex.org/W1507800992,00269247,Q2,,2,2,Q2,Q2,Q2,0,2,1,1,Q2,0,2,1,1,Q2,0,2,1,1,0
https://openalex.org/W1512359776,16182642,Q2,,1,1,Q1,Q1,Q2,0,2,1,1,Q1,1,1,1,1,Q1,1,1,1,1,0
https://openalex.org/W1514019162,00095893,Q2,,2,2,Q2,Q2,Q2,0,2,1,1,Q2,0,2,1,1,Q2,0,2,1,1,0
https://openalex.org/W1520776793,00201685,Q3,,3,3,Q3,Q3,Q3,0,3,0,1,Q3,0,3,0,1,Q3,0,3,0,1,0
https://openalex.org/W1522333856,02775387,Q2,,2,2,Q2,Q2,Q2,0,2,1,1,Q2,0,2,1,1,Q2,0,2,1,1,0
https://openalex.org/W1529467583,10400397,Q2,,2,2,Q2,Q2,Q2,0,2,1,1,Q2,0,2,1,1,Q2,0,2,1,1,0
https://openalex.org/W1529747175,09226168,Q2,,2,2,Q2,Q2,Q2,0,2,1,1,Q2,0,2,1,1,Q2,0,2,1,1,0
https://openalex.org/W1533302841,0003150X,Q1,,2,2,Q2,Q2,Q1,1,1,1,1,Q2,0,2,1,1,Q2,0,2,1,1,1
https://openalex.org/W1546698136,13886150,Q3,,3,3,Q3,Q3,Q3,0,3,0,1,Q3,0,3,0,1,Q3,0,3,0,1,0
https://openalex.org/W1550538508,13886150,Q3,,3,3,Q3,Q3,Q3,0,3,0,1,Q3,0,3,0,1,Q3,0,3,0,1,0
https://openalex.org/W1551948290,09254005,-,,5,5,Unranked,Unranked,Unranked,0,5,0,0,Unranked,0,5,0,0,Unranked,0,5,0,0,0
https://openalex.org/W1552531764,02693879,Q3,,2,2,Q2,Q2,Q3,0,3,0,1,Q2,0,2,1,1,Q2,0,2,1,1,0
https://openalex.org/W1554123368,00220248,Q1,,2,2,Q2,Q2,Q1,1,1,1,1,Q2,0,2,1,1,Q2,0,2,1,1,1
https://openalex.org/W1560716168,01672738,Q1,,1,1,Q1,Q1,Q1,1,1,1,1,Q1,1,1,1,1,Q1,1,1,1,1,1
https://openalex.org/W1565350176,13861425,Q2,,2,2,Q2,Q2,Q2,0,2,1,1,Q2,0,2,1,1,Q2,0,2,1,1,0
https://openalex.org/W1565924116,02775387,Q2,,2,2,Q2,Q2,Q2,0,2,1,1,Q2,0,2,1,1,Q2,0,2,1,1,0
https://openalex.org/W1566547551,15700232,Q2,,1,1,Q1,Q1,Q2,0,2,1,1,Q1,1,1,1,1,Q1,1,1,1,1,0
https://openalex.org/W1569052678,08825734,Q2,,2,2,Q2,Q2,Q2,0,2,1,1,Q2,0,2,1,1,Q2,0,2,1,1,0
https://openalex.org/W1569821734,09669795,Q1,,1,1,Q1,Q1,Q1,1,1,1,1,Q1,1,1,1,1,Q1,1,1,1,1,1
https://openalex.org/W1572684301,00220248,Q1,,2,2,Q2,Q2,Q1,1,1,1,1,Q2,0,2,1,1,Q2,0,2,1,1,1
https://openalex.org/W157342397,16113683,Q3,,3,3,Q3,Q3,Q3,0,3,0,1,Q3,0,3,0,1,Q3,0,3,0,1,0
https://openalex.org/W1575469340,00218995,Q1,,2,2,Q2,Q2,Q1,1,1,1,1,Q2,0,2,1,1,Q2,0,2,1,1,1
https://openalex.org/W1575765717,00134651,Q1,,1,1,Q1,Q1,Q1,1,1,1,1,Q1,1,1,1,1,Q1,1,1,1,1,1
https://openalex.org/W1575998317,00399140,Q1,,1,1,Q1,Q1,Q1,1,1,1,1,Q1,1,1,1,1,Q1,1,1,1,1,1
https://openalex.org/W1578633171,00399140,Q1,,1,1,Q1,Q1,Q1,1,1,1,1,Q1,1,1,1,1,Q1,1,1,1,1,1
https://openalex.org/W1578929904,09574484,Q1,,1,1,Q1,Q1,Q1,1,1,1,1,Q1,1,1,1,1,Q1,1,1,1,1,1
https://openalex.org/W1579737275,16182642,Q2,,1,1,Q1,Q1,Q2,0,2,1,1,Q1,1,1,1,1,Q1,1,1,1,1,0
https://openalex.org/W1580865117,16005368,Q3,,3,3,Q3,Q3,Q3,0,3,0,1,Q3,0,3,0,1,Q3,0,3,0,1,0
https://openalex.org/W1581497715,0003150X,Q1,,2,2,Q2,Q2,Q1,1,1,1,1,Q2,0,2,1,1,Q2,0,2,1,1,1
https://openalex.org/W1581636513,08825734,Q2,,2,2,Q2,Q2,Q2,0,2,1,1,Q2,0,2,1,1,Q2,0,2,1,1,0
https://openalex.org/W1585656846,0003150X,Q1,,2,2,Q2,Q2,Q1,1,1,1,1,Q2,0,2,1,1,Q2,0,2,1,1,1
https://openalex.org/W1586944606,00134651,Q1,,1,1,Q1,Q1,Q1,1,1,1,1,Q1,1,1,1,1,Q1,1,1,1,1,1
https://openalex.org/W1587102070,0003150X,Q1,,2,2,Q2,Q2,Q1,1,1,1,1,Q2,0,2,1,1,Q2,0,2,1,1,1
https://openalex.org/W1590692192,01672738,Q1,,1,1,Q1,Q1,Q1,1,1,1,1,Q1,1,1,1,1,Q1,1,1,1,1,1
https://openalex.org/W1591192234,16182642,Q2,,1,1,Q1,Q1,Q2,0,2,1,1,Q1,1,1,1,1,Q1,1,1,1,1,0
https://openalex.org/W1592717704,16113683,Q3,,3,3,Q3,Q3,Q3,0,3,0,1,Q3,0,3,0,1,Q3,0,3,0,1,0
https://openalex.org/W1593490313,0003150X,Q1,,2,2,Q2,Q2,Q1,1,1,1,1,Q2,0,2,1,1,Q2,0,2,1,1,1
https://openalex.org/W1594428987,00134651,Q1,,1,1,Q1,Q1,Q1,1,1,1,1,Q1,1,1,1,1,Q1,1,1,1,1,1
https://openalex.org/W1597445150,00032670,Q1,,1,1,Q1,Q1,Q1,1,1,1,1,Q1,1,1,1,1,Q1,1,1,1,1,1
https://openalex.org/W1599812992,07213115,Q3,,2,2,Q2,Q2,Q3,0,3,0,1,Q2,0,2,1,1,Q2,0,2,1,1,0
https://openalex.org/W1605387936,10603271,Q2,,2,2,Q2,Q2,Q2,0,2,1,1,Q2,0,2,1,1,Q2,0,2,1,1,0
https://openalex.org/W1606875057,0003150X,Q1,,2,2,Q2,Q2,Q1,1,1,1,1,Q2,0,2,1,1,Q2,0,2,1,1,1
https://openalex.org/W1624915,08885885,Q1,,1,1,Q1,Q1,Q1,1,1,1,1,Q1,1,1,1,1,Q1,1,1,1,1,1
https://openalex.org/W1650473584,07921241,Q3,,3,3,Q3,Q3,Q3,0,3,0,1,Q3,0,3,0,1,Q3,0,3,0,1,0
https://openalex.org/W165753591,10703632,Q4,,3,3,Q3,Q3,Q4,0,4,0,0,Q3,0,3,0,1,Q3,0,3,0,1,0
https://openalex.org/W167495332,09205861,Q1,,1,1,Q1,Q1,Q1,1,1,1,1,Q1,1,1,1,1,Q1,1,1,1,1,1
https://openalex.org/W1678543818,03270793,Q3,,3,4,Q3,Q4,Q3,0,3,0,1,Q3,0,3,0,1,Q4,0,4,0,0,0
https://openalex.org/W1682711,08968446,Q1,,1,1,Q1,Q1,Q1,1,1,1,1,Q1,1,1,1,1,Q1,1,1,1,1,1
https://openalex.org/W1710455806,13886150,Q3,,3,3,Q3,Q3,Q3,0,3,0,1,Q3,0,3,0,1,Q3,0,3,0,1,0
https://openalex.org/W1756232489,02536269,Q3,,3,3,Q3,Q3,Q3,0,3,0,1,Q3,0,3,0,1,Q3,0,3,0,1,0
https://openalex.org/W1756473269,13597345,Q1,,1,1,Q1,Q1,Q1,1,1,1,1,Q1,1,1,1,1,Q1,1,1,1,1,1
https://openalex.org/W1784320157,13597345,Q1,,1,1,Q1,Q1,Q1,1,1,1,1,Q1,1,1,1,1,Q1,1,1,1,1,1
https://openalex.org/W1789667858,00134651,Q1,,1,1,Q1,Q1,Q1,1,1,1,1,Q1,1,1,1,1,Q1,1,1,1,1,1
https://openalex.org/W1794479781,14770520,Q1,,1,1,Q1,Q1,Q1,1,1,1,1,Q1,1,1,1,1,Q1,1,1,1,1,1
https://openalex.org/W1823600343,13886150,Q3,,3,3,Q3,Q3,Q3,0,3,0,1,Q3,0,3,0,1,Q3,0,3,0,1,0
https://openalex.org/W1824574472,13886150,Q3,,3,3,Q3,Q3,Q3,0,3,0,1,Q3,0,3,0,1,Q3,0,3,0,1,0
https://openalex.org/W1826462893,09599428,Q1,,1,1,Q1,Q1,Q1,1,1,1,1,Q1,1,1,1,1,Q1,1,1,1,1,1
https://openalex.org/W1828190494,00399140,Q1,,1,1,Q1,Q1,Q1,1,1,1,1,Q1,1,1,1,1,Q1,1,1,1,1,1
https://openalex.org/W1832350940,14779226,Q1,,1,1,Q1,Q1,Q1,1,1,1,1,Q1,1,1,1,1,Q1,1,1,1,1,1
https://openalex.org/W1833189653,09599428,Q1,,1,1,Q1,Q1,Q1,1,1,1,1,Q1,1,1,1,1,Q1,1,1,1,1,1
https://openalex.org/W1834215676,14779226,Q1,,1,1,Q1,Q1,Q1,1,1,1,1,Q1,1,1,1,1,Q1,1,1,1,1,1
https://openalex.org/W1847909360,14770520,Q1,,1,1,Q1,Q1,Q1,1,1,1,1,Q1,1,1,1,1,Q1,1,1,1,1,1
https://openalex.org/W1849217925,1536383X,Q3,,3,3,Q3,Q3,Q3,0,3,0,1,Q3,0,3,0,1,Q3,0,3,0,1,0
https://openalex.org/W1860377313,09599428,Q1,,1,1,Q1,Q1,Q1,1,1,1,1,Q1,1,1,1,1,Q1,1,1,1,1,1
https://openalex.org/W1867870641,13597345,Q1,,1,1,Q1,Q1,Q1,1,1,1,1,Q1,1,1,1,1,Q1,1,1,1,1,1
https://openalex.org/W1868640023,09491775,Q2,,2,2,Q2,Q2,Q2,0,2,1,1,Q2,0,2,1,1,Q2,0,2,1,1,0
https://openalex.org/W1869731294,13597345,Q1,,1,1,Q1,Q1,Q1,1,1,1,1,Q1,1,1,1,1,Q1,1,1,1,1,1
https://openalex.org/W1888972438,14639076,Q1,,1,1,Q1,Q1,Q1,1,1,1,1,Q1,1,1,1,1,Q1,1,1,1,1,1
https://openalex.org/W1898129882,13597345,Q1,,1,1,Q1,Q1,Q1,1,1,1,1,Q1,1,1,1,1,Q1,1,1,1,1,1
https://openalex.org/W1901060739,13597345,Q1,,1,1,Q1,Q1,Q1,1,1,1,1,Q1,1,1,1,1,Q1,1,1,1,1,1
https://openalex.org/W1901358747,14639076,Q1,,1,1,Q1,Q1,Q1,1,1,1,1,Q1,1,1,1,1,Q1,1,1,1,1,1
https://openalex.org/W1904324197,01672738,Q1,,1,1,Q1,Q1,Q1,1,1,1,1,Q1,1,1,1,1,Q1,1,1,1,1,1
https://openalex.org/W190633264,03787753,Q1,,1,1,Q1,Q1,Q1,1,1,1,1,Q1,1,1,1,1,Q1,1,1,1,1,1
https://openalex.org/W1917522134,09599428,Q1,,1,1,Q1,Q1,Q1,1,1,1,1,Q1,1,1,1,1,Q1,1,1,1,1,1
https://openalex.org/W1919496112,14779226,Q1,,1,1,Q1,Q1,Q1,1,1,1,1,Q1,1,1,1,1,Q1,1,1,1,1,1
https://openalex.org/W1920165987,00404020,Q1,,1,1,Q1,Q1,Q1,1,1,1,1,Q1,1,1,1,1,Q1,1,1,1,1,1
https://openalex.org/W1929904629,02679477,Q1,,1,1,Q1,Q1,Q1,1,1,1,1,Q1,1,1,1,1,Q1,1,1,1,1,1
https://openalex.org/W1933064695,13597345,Q1,,1,1,Q1,Q1,Q1,1,1,1,1,Q1,1,1,1,1,Q1,1,1,1,1,1
https://openalex.org/W1934536375,0018019X,Q1,,2,2,Q2,Q2,Q1,1,1,1,1,Q2,0,2,1,1,Q2,0,2,1,1,1
https://openalex.org/W1935358798,13597345,Q1,,1,1,Q1,Q1,Q1,1,1,1,1,Q1,1,1,1,1,Q1,1,1,1,1,1
https://openalex.org/W1936749937,0018019X,Q1,,2,2,Q2,Q2,Q1,1,1,1,1,Q2,0,2,1,1,Q2,0,2,1,1,1
https://openalex.org/W1938033814,10765174,Q1,,1,1,Q1,Q1,Q1,1,1,1,1,Q1,1,1,1,1,Q1,1,1,1,1,1
https://openalex.org/W1942260081,09599428,Q1,,1,1,Q1,Q1,Q1,1,1,1,1,Q1,1,1,1,1,Q1,1,1,1,1,1
https://openalex.org/W1945772971,11440546,Q1,,1,1,Q1,Q1,Q1,1,1,1,1,Q1,1,1,1,1,Q1,1,1,1,1,1
https://openalex.org/W1951769915,14779226,Q1,,1,1,Q1,Q1,Q1,1,1,1,1,Q1,1,1,1,1,Q1,1,1,1,1,1
https://openalex.org/W1953348353,09599428,Q1,,1,1,Q1,Q1,Q1,1,1,1,1,Q1,1,1,1,1,Q1,1,1,1,1,1
https://openalex.org/W1955170739,14639076,Q1,,1,1,Q1,Q1,Q1,1,1,1,1,Q1,1,1,1,1,Q1,1,1,1,1,1
https://openalex.org/W1956187071,00134651,Q1,,1,1,Q1,Q1,Q1,1,1,1,1,Q1,1,1,1,1,Q1,1,1,1,1,1
https://openalex.org/W1957469404,14779226,Q1,,1,1,Q1,Q1,Q1,1,1,1,1,Q1,1,1,1,1,Q1,1,1,1,1,1
https://openalex.org/W1958166438,13597345,Q1,,1,1,Q1,Q1,Q1,1,1,1,1,Q1,1,1,1,1,Q1,1,1,1,1,1
https://openalex.org/W1959018246,13597345,Q1,,1,1,Q1,Q1,Q1,1,1,1,1,Q1,1,1,1,1,Q1,1,1,1,1,1
https://openalex.org/W1963451376,13597345,Q1,,1,1,Q1,Q1,Q1,1,1,1,1,Q1,1,1,1,1,Q1,1,1,1,1,1
https://openalex.org/W1963505769,03783812,Q2,,2,2,Q2,Q2,Q2,0,2,1,1,Q2,0,2,1,1,Q2,0,2,1,1,0
https://openalex.org/W1963613586,09280707,Q1,,2,2,Q2,Q2,Q1,1,1,1,1,Q2,0,2,1,1,Q2,0,2,1,1,1
https://openalex.org/W1963617954,00119164,Q1,,1,1,Q1,Q1,Q1,1,1,1,1,Q1,1,1,1,1,Q1,1,1,1,1,1
https://openalex.org/W1963634671,14639076,Q1,,1,1,Q1,Q1,Q1,1,1,1,1,Q1,1,1,1,1,Q1,1,1,1,1,1
https://openalex.org/W1963653227,00092363,Q2,,2,2,Q2,Q2,Q2,0,2,1,1,Q2,0,2,1,1,Q2,0,2,1,1,0
https://openalex.org/W1963658640,15287483,Q1,,1,1,Q1,Q1,Q1,1,1,1,1,Q1,1,1,1,1,Q1,1,1,1,1,1
https://openalex.org/W1963687618,00218995,Q1,,2,2,Q2,Q2,Q1,1,1,1,1,Q2,0,2,1,1,Q2,0,2,1,1,1
https://openalex.org/W1963692091,00304018,Q1,,2,2,Q2,Q2,Q1,1,1,1,1,Q2,0,2,1,1,Q2,0,2,1,1,1
https://openalex.org/W1963709575,07491581,Q2,,2,2,Q2,Q2,Q2,0,2,1,1,Q2,0,2,1,1,Q2,0,2,1,1,0
https://openalex.org/W1963790044,10826076,Q3,,3,3,Q3,Q3,Q3,0,3,0,1,Q3,0,3,0,1,Q3,0,3,0,1,0
https://openalex.org/W1963829045,03787753,Q1,,1,1,Q1,Q1,Q1,1,1,1,1,Q1,1,1,1,1,Q1,1,1,1,1,1
https://openalex.org/W1963891395,00218561,Q1,,1,1,Q1,Q1,Q1,1,1,1,1,Q1,1,1,1,1,Q1,1,1,1,1,1
https://openalex.org/W1963911638,09323414,Q3,,3,3,Q3,Q3,Q3,0,3,0,1,Q3,0,3,0,1,Q3,0,3,0,1,0
https://openalex.org/W1963924734,00404039,Q1,,2,2,Q2,Q2,Q1,1,1,1,1,Q2,0,2,1,1,Q2,0,2,1,1,1
https://openalex.org/W1963930255,00032700,Q1,,1,1,Q1,Q1,Q1,1,1,1,1,Q1,1,1,1,1,Q1,1,1,1,1,1
https://openalex.org/W1963939310,09168451,Q3,,2,2,Q2,Q2,Q3,0,3,0,1,Q2,0,2,1,1,Q2,0,2,1,1,0
https://openalex.org/W1963993938,00220248,Q1,,2,2,Q2,Q2,Q1,1,1,1,1,Q2,0,2,1,1,Q2,0,2,1,1,1
https://openalex.org/W1963996328,00219673,Q1,,1,1,Q1,Q1,Q1,1,1,1,1,Q1,1,1,1,1,Q1,1,1,1,1,1
https://openalex.org/W1964000645,0013936X,Q1,,1,1,Q1,Q1,Q1,1,1,1,1,Q1,1,1,1,1,Q1,1,1,1,1,1
https://openalex.org/W1964015482,00223263,Q1,,1,1,Q1,Q1,Q1,1,1,1,1,Q1,1,1,1,1,Q1,1,1,1,1,1
https://openalex.org/W1964052049,01633864,Q1,,1,1,Q1,Q1,Q1,1,1,1,1,Q1,1,1,1,1,Q1,1,1,1,1,1
https://openalex.org/W1964066909,03787753,Q1,,1,1,Q1,Q1,Q1,1,1,1,1,Q1,1,1,1,1,Q1,1,1,1,1,1
https://openalex.org/W1964068298,09259635,Q1,,1,1,Q1,Q1,Q1,1,1,1,1,Q1,1,1,1,1,Q1,1,1,1,1,1
https://openalex.org/W1964141979,00399140,Q1,,1,1,Q1,Q1,Q1,1,1,1,1,Q1,1,1,1,1,Q1,1,1,1,1,1
https://openalex.org/W1964151481,00032700,Q1,,1,1,Q1,Q1,Q1,1,1,1,1,Q1,1,1,1,1,Q1,1,1,1,1,1
https://openalex.org/W1964169759,00027863,Q1,,1,1,Q1,Q1,Q1,1,1,1,1,Q1,1,1,1,1,Q1,1,1,1,1,1
https://openalex.org/W1964186201,09598103,-,,5,5,Unranked,Unranked,Unranked,0,5,0,0,Unranked,0,5,0,0,Unranked,0,5,0,0,0
https://openalex.org/W1964201760,13861425,Q2,,2,2,Q2,Q2,Q2,0,2,1,1,Q2,0,2,1,1,Q2,0,2,1,1,0
https://openalex.org/W1964254594,10826076,Q3,,3,3,Q3,Q3,Q3,0,3,0,1,Q3,0,3,0,1,Q3,0,3,0,1,0
https://openalex.org/W1964259950,00404039,Q1,,2,2,Q2,Q2,Q1,1,1,1,1,Q2,0,2,1,1,Q2,0,2,1,1,1
https://openalex.org/W1964273530,03787753,Q1,,1,1,Q1,Q1,Q1,1,1,1,1,Q1,1,1,1,1,Q1,1,1,1,1,1
https://openalex.org/W1964281871,00162361,Q1,,1,1,Q1,Q1,Q1,1,1,1,1,Q1,1,1,1,1,Q1,1,1,1,1,1
https://openalex.org/W1964305468,02578972,Q1,,1,1,Q1,Q1,Q1,1,1,1,1,Q1,1,1,1,1,Q1,1,1,1,1,1
https://openalex.org/W1964331476,02578972,Q1,,1,1,Q1,Q1,Q1,1,1,1,1,Q1,1,1,1,1,Q1,1,1,1,1,1
https://openalex.org/W1964342177,00456535,Q1,,1,1,Q1,Q1,Q1,1,1,1,1,Q1,1,1,1,1,Q1,1,1,1,1,1
https://openalex.org/W1964348478,09478396,Q1,,1,1,Q1,Q1,Q1,1,1,1,1,Q1,1,1,1,1,Q1,1,1,1,1,1
https://openalex.org/W1964367169,07317085,Q2,,1,1,Q1,Q1,Q2,0,2,1,1,Q1,1,1,1,1,Q1,1,1,1,1,0
https://openalex.org/W1964386623,00032719,Q3,,3,3,Q3,Q3,Q3,0,3,0,1,Q3,0,3,0,1,Q3,0,3,0,1,0
https://openalex.org/W1964388922,00456535,Q1,,1,1,Q1,Q1,Q1,1,1,1,1,Q1,1,1,1,1,Q1,1,1,1,1,1
https://openalex.org/W1964396524,15237052,Q1,,1,1,Q1,Q1,Q1,1,1,1,1,Q1,1,1,1,1,Q1,1,1,1,1,1
https://openalex.org/W1964403831,09680896,Q2,,1,1,Q1,Q1,Q2,0,2,1,1,Q1,1,1,1,1,Q1,1,1,1,1,0
https://openalex.org/W1964413735,01694332,-,,5,5,Unranked,Unranked,Unranked,0,5,0,0,Unranked,0,5,0,0,Unranked,0,5,0,0,0
https://openalex.org/W1964432598,00134686,Q1,,1,1,Q1,Q1,Q1,1,1,1,1,Q1,1,1,1,1,Q1,1,1,1,1,1
https://openalex.org/W1964470898,02578972,Q1,,1,1,Q1,Q1,Q1,1,1,1,1,Q1,1,1,1,1,Q1,1,1,1,1,1
https://openalex.org/W1964476583,00201693,Q2,,2,2,Q2,Q2,Q2,0,2,1,1,Q2,0,2,1,1,Q2,0,2,1,1,0
https://openalex.org/W1964479849,15726657,Q1,,2,2,Q2,Q2,Q1,1,1,1,1,Q2,0,2,1,1,Q2,0,2,1,1,1
https://openalex.org/W1964480609,01694332,-,,5,5,Unranked,Unranked,Unranked,0,5,0,0,Unranked,0,5,0,0,Unranked,0,5,0,0,0
https://openalex.org/W1964489900,01694243,Q2,,2,2,Q2,Q2,Q2,0,2,1,1,Q2,0,2,1,1,Q2,0,2,1,1,0
https://openalex.org/W1964513397,15205207,Q1,,1,1,Q1,Q1,Q1,1,1,1,1,Q1,1,1,1,1,Q1,1,1,1,1,1
https://openalex.org/W1964518731,07437463,Q1,,1,1,Q1,Q1,Q1,1,1,1,1,Q1,1,1,1,1,Q1,1,1,1,1,1
https://openalex.org/W1964554807,09259635,Q1,,1,1,Q1,Q1,Q1,1,1,1,1,Q1,1,1,1,1,Q1,1,1,1,1,1
https://openalex.org/W1964572873,02578972,Q1,,1,1,Q1,Q1,Q1,1,1,1,1,Q1,1,1,1,1,Q1,1,1,1,1,1
https://openalex.org/W1964579658,03639045,Q3,,2,2,Q2,Q2,Q3,0,3,0,1,Q2,0,2,1,1,Q2,0,2,1,1,0
https://openalex.org/W1964580509,01694332,-,,5,5,Unranked,Unranked,Unranked,0,5,0,0,Unranked,0,5,0,0,Unranked,0,5,0,0,0
https://openalex.org/W1964588773,02578972,Q1,,1,1,Q1,Q1,Q1,1,1,1,1,Q1,1,1,1,1,Q1,1,1,1,1,1
https://openalex.org/W1964627739,15700232,Q2,,1,1,Q1,Q1,Q2,0,2,1,1,Q1,1,1,1,1,Q1,1,1,1,1,0
https://openalex.org/W1964639408,00018686,Q1,,1,1,Q1,Q1,Q1,1,1,1,1,Q1,1,1,1,1,Q1,1,1,1,1,1
https://openalex.org/W1964686351,00092509,Q1,,1,1,Q1,Q1,Q1,1,1,1,1,Q1,1,1,1,1,Q1,1,1,1,1,1
https://openalex.org/W1964688441,0030770X,Q1,,1,1,Q1,Q1,Q1,1,1,1,1,Q1,1,1,1,1,Q1,1,1,1,1,1
https://openalex.org/W1964695617,02536269,Q3,,3,3,Q3,Q3,Q3,0,3,0,1,Q3,0,3,0,1,Q3,0,3,0,1,0
https://openalex.org/W1964709946,10440305,Q1,,1,1,Q1,Q1,Q1,1,1,1,1,Q1,1,1,1,1,Q1,1,1,1,1,1
https://openalex.org/W1964725873,00223263,Q1,,1,1,Q1,Q1,Q1,1,1,1,1,Q1,1,1,1,1,Q1,1,1,1,1,1
https://openalex.org/W1964733405,00442313,Q3,,3,3,Q3,Q3,Q3,0,3,0,1,Q3,0,3,0,1,Q3,0,3,0,1,0
https://openalex.org/W1964741678,00223263,Q1,,1,1,Q1,Q1,Q1,1,1,1,1,Q1,1,1,1,1,Q1,1,1,1,1,1
https://openalex.org/W1964782843,00323861,Q1,,1,1,Q1,Q1,Q1,1,1,1,1,Q1,1,1,1,1,Q1,1,1,1,1,1
https://openalex.org/W1964796755,09259635,Q1,,1,1,Q1,Q1,Q1,1,1,1,1,Q1,1,1,1,1,Q1,1,1,1,1,1
https://openalex.org/W1964803219,02679477,Q1,,1,1,Q1,Q1,Q1,1,1,1,1,Q1,1,1,1,1,Q1,1,1,1,1,1
https://openalex.org/W1964821113,10703632,Q4,,3,3,Q3,Q3,Q4,0,4,0,0,Q3,0,3,0,1,Q3,0,3,0,1,0
https://openalex.org/W1964830127,1011372X,Q1,,1,1,Q1,Q1,Q1,1,1,1,1,Q1,1,1,1,1,Q1,1,1,1,1,1
https://openalex.org/W1964861223,10657258,Q3,,2,2,Q2,Q2,Q3,0,3,0,1,Q2,0,2,1,1,Q2,0,2,1,1,0
https://openalex.org/W1964880954,03855414,Q2,,3,3,Q3,Q3,Q2,0,2,1,1,Q3,0,3,0,1,Q3,0,3,0,1,0
https://openalex.org/W1964885760,00222313,Q1,,1,1,Q1,Q1,Q1,1,1,1,1,Q1,1,1,1,1,Q1,1,1,1,1,1
https://openalex.org/W1964888264,07317085,Q2,,1,1,Q1,Q1,Q2,0,2,1,1,Q1,1,1,1,1,Q1,1,1,1,1,0
https://openalex.org/W1964946463,02578972,Q1,,1,1,Q1,Q1,Q1,1,1,1,1,Q1,1,1,1,1,Q1,1,1,1,1,1
https://openalex.org/W1964983666,09277757,-,,5,5,Unranked,Unranked,Unranked,0,5,0,0,Unranked,0,5,0,0,Unranked,0,5,0,0,0
https://openalex.org/W1965035550,00032700,Q1,,1,1,Q1,Q1,Q1,1,1,1,1,Q1,1,1,1,1,Q1,1,1,1,1,1
https://openalex.org/W1965042932,00207608,Q2,,2,2,Q2,Q2,Q2,0,2,1,1,Q2,0,2,1,1,Q2,0,2,1,1,0
https://openalex.org/W1965045198,03783812,Q2,,2,2,Q2,Q2,Q2,0,2,1,1,Q2,0,2,1,1,Q2,0,2,1,1,0
https://openalex.org/W1965056810,05848547,Q1,,1,1,Q1,Q1,Q1,1,1,1,1,Q1,1,1,1,1,Q1,1,1,1,1,1
https://openalex.org/W1965064100,00119164,Q1,,1,1,Q1,Q1,Q1,1,1,1,1,Q1,1,1,1,1,Q1,1,1,1,1,1
https://openalex.org/W1965074632,00027863,Q1,,1,1,Q1,Q1,Q1,1,1,1,1,Q1,1,1,1,1,Q1,1,1,1,1,1
https://openalex.org/W1965108716,00032670,Q1,,1,1,Q1,Q1,Q1,1,1,1,1,Q1,1,1,1,1,Q1,1,1,1,1,1
https://openalex.org/W1965183335,02578972,Q1,,1,1,Q1,Q1,Q1,1,1,1,1,Q1,1,1,1,1,Q1,1,1,1,1,1
https://openalex.org/W1965219699,10836160,Q2,,1,1,Q1,Q1,Q2,0,2,1,1,Q1,1,1,1,1,Q1,1,1,1,1,0
https://openalex.org/W1965245377,08974756,Q1,,1,1,Q1,Q1,Q1,1,1,1,1,Q1,1,1,1,1,Q1,1,1,1,1,1
https://openalex.org/W1965256060,02365731,Q3,,3,3,Q3,Q3,Q3,0,3,0,1,Q3,0,3,0,1,Q3,0,3,0,1,0
https://openalex.org/W1965299039,02536269,Q3,,3,3,Q3,Q3,Q3,0,3,0,1,Q3,0,3,0,1,Q3,0,3,0,1,0
https://openalex.org/W1965425459,00223697,Q1,,2,2,Q2,Q2,Q1,1,1,1,1,Q2,0,2,1,1,Q2,0,2,1,1,1
https://openalex.org/W1965451989,00219592,Q2,,3,3,Q3,Q3,Q2,0,2,1,1,Q3,0,3,0,1,Q3,0,3,0,1,0
https://openalex.org/W1965455471,00119164,Q1,,1,1,Q1,Q1,Q1,1,1,1,1,Q1,1,1,1,1,Q1,1,1,1,1,1
https://openalex.org/W1965473337,03787753,Q1,,1,1,Q1,Q1,Q1,1,1,1,1,Q1,1,1,1,1,Q1,1,1,1,1,1
https://openalex.org/W1965508844,00404039,Q1,,2,2,Q2,Q2,Q1,1,1,1,1,Q2,0,2,1,1,Q2,0,2,1,1,1
https://openalex.org/W1965530784,00220248,Q1,,2,2,Q2,Q2,Q1,1,1,1,1,Q2,0,2,1,1,Q2,0,2,1,1,1
https://openalex.org/W1965534072,00399140,Q1,,1,1,Q1,Q1,Q1,1,1,1,1,Q1,1,1,1,1,Q1,1,1,1,1,1
https://openalex.org/W1965557625,02767333,Q1,,1,1,Q1,Q1,Q1,1,1,1,1,Q1,1,1,1,1,Q1,1,1,1,1,1
https://openalex.org/W1965610383,00397911,Q3,,3,3,Q3,Q3,Q3,0,3,0,1,Q3,0,3,0,1,Q3,0,3,0,1,0
https://openalex.org/W1965615269,09598103,-,,5,5,Unranked,Unranked,Unranked,0,5,0,0,Unranked,0,5,0,0,Unranked,0,5,0,0,0
https://openalex.org/W1965644654,00456535,Q1,,1,1,Q1,Q1,Q1,1,1,1,1,Q1,1,1,1,1,Q1,1,1,1,1,1
https://openalex.org/W1965647860,09598103,-,,5,5,Unranked,Unranked,Unranked,0,5,0,0,Unranked,0,5,0,0,Unranked,0,5,0,0,0
https://openalex.org/W1965648538,09478396,Q1,,1,1,Q1,Q1,Q1,1,1,1,1,Q1,1,1,1,1,Q1,1,1,1,1,1
https://openalex.org/W1965670209,01429418,Q2,,2,2,Q2,Q2,Q2,0,2,1,1,Q2,0,2,1,1,Q2,0,2,1,1,0
https://openalex.org/W1965724902,09478396,Q1,,1,1,Q1,Q1,Q1,1,1,1,1,Q1,1,1,1,1,Q1,1,1,1,1,1
https://openalex.org/W1965741891,1011372X,Q1,,1,1,Q1,Q1,Q1,1,1,1,1,Q1,1,1,1,1,Q1,1,1,1,1,1
https://openalex.org/W1965758652,15237052,Q1,,1,1,Q1,Q1,Q1,1,1,1,1,Q1,1,1,1,1,Q1,1,1,1,1,1
https://openalex.org/W1965769279,00442313,Q3,,3,3,Q3,Q3,Q3,0,3,0,1,Q3,0,3,0,1,Q3,0,3,0,1,0
https://openalex.org/W1965781270,00338230,Q3,,3,3,Q3,Q3,Q3,0,3,0,1,Q3,0,3,0,1,Q3,0,3,0,1,0
https://openalex.org/W1965866284,07437463,Q1,,1,1,Q1,Q1,Q1,1,1,1,1,Q1,1,1,1,1,Q1,1,1,1,1,1
https://openalex.org/W1965874592,00092363,Q2,,2,2,Q2,Q2,Q2,0,2,1,1,Q2,0,2,1,1,Q2,0,2,1,1,0
https://openalex.org/W1965901169,09514198,Q1,,1,1,Q1,Q1,Q1,1,1,1,1,Q1,1,1,1,1,Q1,1,1,1,1,1
https://openalex.org/W1965923584,00399140,Q1,,1,1,Q1,Q1,Q1,1,1,1,1,Q1,1,1,1,1,Q1,1,1,1,1,1
https://openalex.org/W1965936836,00456535,Q1,,1,1,Q1,Q1,Q1,1,1,1,1,Q1,1,1,1,1,Q1,1,1,1,1,1
https://openalex.org/W1965953894,00220248,Q1,,2,2,Q2,Q2,Q1,1,1,1,1,Q2,0,2,1,1,Q2,0,2,1,1,1
https://openalex.org/W1966015129,09106340,Q3,,2,2,Q2,Q2,Q3,0,3,0,1,Q2,0,2,1,1,Q2,0,2,1,1,0
https://openalex.org/W1966016813,03088146,Q1,,1,1,Q1,Q1,Q1,1,1,1,1,Q1,1,1,1,1,Q1,1,1,1,1,1
https://openalex.org/W1966043962,15306984,Q1,,1,1,Q1,Q1,Q1,1,1,1,1,Q1,1,1,1,1,Q1,1,1,1,1,1
https://openalex.org/W1966044508,10400397,Q2,,2,2,Q2,Q2,Q2,0,2,1,1,Q2,0,2,1,1,Q2,0,2,1,1,0
https://openalex.org/W1966062221,00027863,Q1,,1,1,Q1,Q1,Q1,1,1,1,1,Q1,1,1,1,1,Q1,1,1,1,1,1
https://openalex.org/W1966094397,00456535,Q1,,1,1,Q1,Q1,Q1,1,1,1,1,Q1,1,1,1,1,Q1,1,1,1,1,1
https://openalex.org/W1966108608,01422421,Q2,,2,2,Q2,Q2,Q2,0,2,1,1,Q2,0,2,1,1,Q2,0,2,1,1,0
https://openalex.org/W1966138258,15306984,Q1,,1,1,Q1,Q1,Q1,1,1,1,1,Q1,1,1,1,1,Q1,1,1,1,1,1
https://openalex.org/W1966146321,00032670,Q1,,1,1,Q1,Q1,Q1,1,1,1,1,Q1,1,1,1,1,Q1,1,1,1,1,1
https://openalex.org/W1966154089,00223263,Q1,,1,1,Q1,Q1,Q1,1,1,1,1,Q1,1,1,1,1,Q1,1,1,1,1,1
https://openalex.org/W1966180203,03088146,Q1,,1,1,Q1,Q1,Q1,1,1,1,1,Q1,1,1,1,1,Q1,1,1,1,1,1
https://openalex.org/W1966210406,03855414,Q2,,3,3,Q3,Q3,Q2,0,2,1,1,Q3,0,3,0,1,Q3,0,3,0,1,0
https://openalex.org/W1966239666,07317085,Q2,,1,1,Q1,Q1,Q2,0,2,1,1,Q1,1,1,1,1,Q1,1,1,1,1,0
https://openalex.org/W1966248246,00219673,Q1,,1,1,Q1,Q1,Q1,1,1,1,1,Q1,1,1,1,1,Q1,1,1,1,1,1
https://openalex.org/W1966260016,15421406,Q2,,3,3,Q3,Q3,Q2,0,2,1,1,Q3,0,3,0,1,Q3,0,3,0,1,0
https://openalex.org/W1966326041,00387010,Q4,,3,3,Q3,Q3,Q4,0,4,0,0,Q3,0,3,0,1,Q3,0,3,0,1,0
https://openalex.org/W1966345602,00027863,Q1,,1,1,Q1,Q1,Q1,1,1,1,1,Q1,1,1,1,1,Q1,1,1,1,1,1
https://openalex.org/W1966348926,15287483,Q1,,1,1,Q1,Q1,Q1,1,1,1,1,Q1,1,1,1,1,Q1,1,1,1,1,1
https://openalex.org/W1966362194,14770520,Q1,,1,1,Q1,Q1,Q1,1,1,1,1,Q1,1,1,1,1,Q1,1,1,1,1,1
https://openalex.org/W1966442012,00219673,Q1,,1,1,Q1,Q1,Q1,1,1,1,1,Q1,1,1,1,1,Q1,1,1,1,1,1
https://openalex.org/W1966457514,00220248,Q1,,2,2,Q2,Q2,Q1,1,1,1,1,Q2,0,2,1,1,Q2,0,2,1,1,1
https://openalex.org/W1966459703,15237052,Q1,,1,1,Q1,Q1,Q1,1,1,1,1,Q1,1,1,1,1,Q1,1,1,1,1,1
https://openalex.org/W1966550331,1011372X,Q1,,1,1,Q1,Q1,Q1,1,1,1,1,Q1,1,1,1,1,Q1,1,1,1,1,1
https://openalex.org/W1966561093,08974756,Q1,,1,1,Q1,Q1,Q1,1,1,1,1,Q1,1,1,1,1,Q1,1,1,1,1,1
https://openalex.org/W1966570148,09680896,Q2,,1,1,Q1,Q1,Q2,0,2,1,1,Q1,1,1,1,1,Q1,1,1,1,1,0
https://openalex.org/W1966594160,00092673,Q1,,1,1,Q1,Q1,Q1,1,1,1,1,Q1,1,1,1,1,Q1,1,1,1,1,1
https://openalex.org/W1966595335,13877003,Q2,,2,2,Q2,Q2,Q2,0,2,1,1,Q2,0,2,1,1,Q2,0,2,1,1,0
https://openalex.org/W1966607572,10703632,Q4,,3,3,Q3,Q3,Q4,0,4,0,0,Q3,0,3,0,1,Q3,0,3,0,1,0
https://openalex.org/W1966615762,00219568,Q1,,1,1,Q1,Q1,Q1,1,1,1,1,Q1,1,1,1,1,Q1,1,1,1,1,1
https://openalex.org/W1966633013,00093130,-,,5,5,Unranked,Unranked,Unranked,0,5,0,0,Unranked,0,5,0,0,Unranked,0,5,0,0,0
https://openalex.org/W1966636568,00162361,Q1,,1,1,Q1,Q1,Q1,1,1,1,1,Q1,1,1,1,1,Q1,1,1,1,1,1
https://openalex.org/W1966649591,00027863,Q1,,1,1,Q1,Q1,Q1,1,1,1,1,Q1,1,1,1,1,Q1,1,1,1,1,1
https://openalex.org/W1966658523,0946672X,Q3,,2,2,Q2,Q2,Q3,0,3,0,1,Q2,0,2,1,1,Q2,0,2,1,1,0
https://openalex.org/W1966675365,00456535,Q1,,1,1,Q1,Q1,Q1,1,1,1,1,Q1,1,1,1,1,Q1,1,1,1,1,1
https://openalex.org/W1966798609,00086223,Q1,,1,1,Q1,Q1,Q1,1,1,1,1,Q1,1,1,1,1,Q1,1,1,1,1,1
https://openalex.org/W1966814616,07317085,Q2,,1,1,Q1,Q1,Q2,0,2,1,1,Q1,1,1,1,1,Q1,1,1,1,1,0
https://openalex.org/W1966862087,02682575,Q2,,2,2,Q2,Q2,Q2,0,2,1,1,Q2,0,2,1,1,Q2,0,2,1,1,0
https://openalex.org/W1966891922,14730189,Q1,,1,1,Q1,Q1,Q1,1,1,1,1,Q1,1,1,1,1,Q1,1,1,1,1,1
https://openalex.org/W1966913064,15700232,Q2,,1,1,Q1,Q1,Q2,0,2,1,1,Q1,1,1,1,1,Q1,1,1,1,1,0
https://openalex.org/W1966913945,00220248,Q1,,2,2,Q2,Q2,Q1,1,1,1,1,Q2,0,2,1,1,Q2,0,2,1,1,1
https://openalex.org/W1966962545,00223263,Q1,,1,1,Q1,Q1,Q1,1,1,1,1,Q1,1,1,1,1,Q1,1,1,1,1,1
https://openalex.org/W1966974269,00404020,Q1,,1,1,Q1,Q1,Q1,1,1,1,1,Q1,1,1,1,1,Q1,1,1,1,1,1
https://openalex.org/W1966995865,00399140,Q1,,1,1,Q1,Q1,Q1,1,1,1,1,Q1,1,1,1,1,Q1,1,1,1,1,1
https://openalex.org/W1967016199,00220248,Q1,,2,2,Q2,Q2,Q1,1,1,1,1,Q2,0,2,1,1,Q2,0,2,1,1,1
https://openalex.org/W1967027992,09277757,-,,5,5,Unranked,Unranked,Unranked,0,5,0,0,Unranked,0,5,0,0,Unranked,0,5,0,0,0
https://openalex.org/W1967033533,00222860,Q2,,3,3,Q3,Q3,Q2,0,2,1,1,Q3,0,3,0,1,Q3,0,3,0,1,0
https://openalex.org/W1967048565,15237052,Q1,,1,1,Q1,Q1,Q1,1,1,1,1,Q1,1,1,1,1,Q1,1,1,1,1,1
https://openalex.org/W1967052888,13675931,Q1,,1,1,Q1,Q1,Q1,1,1,1,1,Q1,1,1,1,1,Q1,1,1,1,1,1
https://openalex.org/W1967052996,00218561,Q1,,1,1,Q1,Q1,Q1,1,1,1,1,Q1,1,1,1,1,Q1,1,1,1,1,1
https://openalex.org/W1967066794,13886150,Q3,,3,3,Q3,Q3,Q3,0,3,0,1,Q3,0,3,0,1,Q3,0,3,0,1,0
https://openalex.org/W1967088735,00027863,Q1,,1,1,Q1,Q1,Q1,1,1,1,1,Q1,1,1,1,1,Q1,1,1,1,1,1
https://openalex.org/W1967092455,00222313,Q1,,1,1,Q1,Q1,Q1,1,1,1,1,Q1,1,1,1,1,Q1,1,1,1,1,1
https://openalex.org/W1967102469,09242031,Q3,,3,3,Q3,Q3,Q3,0,3,0,1,Q3,0,3,0,1,Q3,0,3,0,1,0
https://openalex.org/W1967113366,00404039,Q1,,2,2,Q2,Q2,Q1,1,1,1,1,Q2,0,2,1,1,Q2,0,2,1,1,1
https://openalex.org/W1967165782,01672738,Q1,,1,1,Q1,Q1,Q1,1,1,1,1,Q1,1,1,1,1,Q1,1,1,1,1,1
https://openalex.org/W1967183649,00092509,Q1,,1,1,Q1,Q1,Q1,1,1,1,1,Q1,1,1,1,1,Q1,1,1,1,1,1
https://openalex.org/W1967197452,02536269,Q3,,3,3,Q3,Q3,Q3,0,3,0,1,Q3,0,3,0,1,Q3,0,3,0,1,0
https://openalex.org/W1967225311,00323861,Q1,,1,1,Q1,Q1,Q1,1,1,1,1,Q1,1,1,1,1,Q1,1,1,1,1,1
https://openalex.org/W1967246015,03787753,Q1,,1,1,Q1,Q1,Q1,1,1,1,1,Q1,1,1,1,1,Q1,1,1,1,1,1
https://openalex.org/W1967276368,00399140,Q1,,1,1,Q1,Q1,Q1,1,1,1,1,Q1,1,1,1,1,Q1,1,1,1,1,1
https://openalex.org/W1967277204,00218995,Q1,,2,2,Q2,Q2,Q1,1,1,1,1,Q2,0,2,1,1,Q2,0,2,1,1,1
https://openalex.org/W1967310887,15700232,Q2,,1,1,Q1,Q1,Q2,0,2,1,1,Q1,1,1,1,1,Q1,1,1,1,1,0
https://openalex.org/W1967314980,08968446,Q1,,1,1,Q1,Q1,Q1,1,1,1,1,Q1,1,1,1,1,Q1,1,1,1,1,1
https://openalex.org/W1967347444,00220248,Q1,,2,2,Q2,Q2,Q1,1,1,1,1,Q2,0,2,1,1,Q2,0,2,1,1,1
https://openalex.org/W1967368555,00201685,Q3,,3,3,Q3,Q3,Q3,0,3,0,1,Q3,0,3,0,1,Q3,0,3,0,1,0
https://openalex.org/W1967376469,00404039,Q1,,2,2,Q2,Q2,Q1,1,1,1,1,Q2,0,2,1,1,Q2,0,2,1,1,1
https://openalex.org/W1967383412,00105082,Q3,,3,3,Q3,Q3,Q3,0,3,0,1,Q3,0,3,0,1,Q3,0,3,0,1,0
https://openalex.org/W1967393182,00219517,Q1,,1,1,Q1,Q1,Q1,1,1,1,1,Q1,1,1,1,1,Q1,1,1,1,1,1
https://openalex.org/W1967424458,00249297,Q1,,1,1,Q1,Q1,Q1,1,1,1,1,Q1,1,1,1,1,Q1,1,1,1,1,1
https://openalex.org/W1967434219,09598103,-,,5,5,Unranked,Unranked,Unranked,0,5,0,0,Unranked,0,5,0,0,Unranked,0,5,0,0,0
https://openalex.org/W1967461997,09599428,Q1,,1,1,Q1,Q1,Q1,1,1,1,1,Q1,1,1,1,1,Q1,1,1,1,1,1
https://openalex.org/W1967466603,0303402X,Q2,,2,2,Q2,Q2,Q2,0,2,1,1,Q2,0,2,1,1,Q2,0,2,1,1,0
https://openalex.org/W1967473885,00086215,Q2,,2,2,Q2,Q2,Q2,0,2,1,1,Q2,0,2,1,1,Q2,0,2,1,1,0
https://openalex.org/W1967510635,08926875,Q2,,1,1,Q1,Q1,Q2,0,2,1,1,Q1,1,1,1,1,Q1,1,1,1,1,0
https://openalex.org/W1967516318,07317085,Q2,,1,1,Q1,Q1,Q2,0,2,1,1,Q1,1,1,1,1,Q1,1,1,1,1,0
https://openalex.org/W1967553915,00249297,Q1,,1,1,Q1,Q1,Q1,1,1,1,1,Q1,1,1,1,1,Q1,1,1,1,1,1
https://openalex.org/W1967556129,08885885,Q1,,1,1,Q1,Q1,Q1,1,1,1,1,Q1,1,1,1,1,Q1,1,1,1,1,1
https://openalex.org/W1967567840,00134686,Q1,,1,1,Q1,Q1,Q1,1,1,1,1,Q1,1,1,1,1,Q1,1,1,1,1,1
https://openalex.org/W1967582287,00162361,Q1,,1,1,Q1,Q1,Q1,1,1,1,1,Q1,1,1,1,1,Q1,1,1,1,1,1
https://openalex.org/W1967594600,01633864,Q1,,1,1,Q1,Q1,Q1,1,1,1,1,Q1,1,1,1,1,Q1,1,1,1,1,1
https://openalex.org/W1967595728,00027863,Q1,,1,1,Q1,Q1,Q1,1,1,1,1,Q1,1,1,1,1,Q1,1,1,1,1,1
https://openalex.org/W1967596679,15726657,Q1,,2,2,Q2,Q2,Q1,1,1,1,1,Q2,0,2,1,1,Q2,0,2,1,1,1
https://openalex.org/W1967650174,03682048,Q2,,2,2,Q2,Q2,Q2,0,2,1,1,Q2,0,2,1,1,Q2,0,2,1,1,0
https://openalex.org/W1967667288,00397911,Q3,,3,3,Q3,Q3,Q3,0,3,0,1,Q3,0,3,0,1,Q3,0,3,0,1,0
https://openalex.org/W1967681347,00134651,Q1,,1,1,Q1,Q1,Q1,1,1,1,1,Q1,1,1,1,1,Q1,1,1,1,1,1
https://openalex.org/W1967704265,01694332,-,,5,5,Unranked,Unranked,Unranked,0,5,0,0,Unranked,0,5,0,0,Unranked,0,5,0,0,0
https://openalex.org/W1967718609,02578972,Q1,,1,1,Q1,Q1,Q1,1,1,1,1,Q1,1,1,1,1,Q1,1,1,1,1,1
https://openalex.org/W1967751376,00218995,Q1,,2,2,Q2,Q2,Q1,1,1,1,1,Q2,0,2,1,1,Q2,0,2,1,1,1
https://openalex.org/W1967787487,03787753,Q1,,1,1,Q1,Q1,Q1,1,1,1,1,Q1,1,1,1,1,Q1,1,1,1,1,1
https://openalex.org/W1967818925,09280707,Q1,,2,2,Q2,Q2,Q1,1,1,1,1,Q2,0,2,1,1,Q2,0,2,1,1,1
https://openalex.org/W1967844135,00218561,Q1,,1,1,Q1,Q1,Q1,1,1,1,1,Q1,1,1,1,1,Q1,1,1,1,1,1
https://openalex.org/W1967928314,01633864,Q1,,1,1,Q1,Q1,Q1,1,1,1,1,Q1,1,1,1,1,Q1,1,1,1,1,1
https://openalex.org/W1967934089,00222313,Q1,,1,1,Q1,Q1,Q1,1,1,1,1,Q1,1,1,1,1,Q1,1,1,1,1,1
https://openalex.org/W1967946475,00092509,Q1,,1,1,Q1,Q1,Q1,1,1,1,1,Q1,1,1,1,1,Q1,1,1,1,1,1
https://openalex.org/W1967951010,0195928X,-,,5,5,Unranked,Unranked,Unranked,0,5,0,0,Unranked,0,5,0,0,Unranked,0,5,0,0,0
https://openalex.org/W1967983229,09476539,Q1,,1,1,Q1,Q1,Q1,1,1,1,1,Q1,1,1,1,1,Q1,1,1,1,1,1
https://openalex.org/W1968027542,00162361,Q1,,1,1,Q1,Q1,Q1,1,1,1,1,Q1,1,1,1,1,Q1,1,1,1,1,1
https://openalex.org/W1968033109,15700232,Q2,,1,1,Q1,Q1,Q2,0,2,1,1,Q1,1,1,1,1,Q1,1,1,1,1,0
https://openalex.org/W1968047242,03014622,Q1,,2,2,Q2,Q2,Q1,1,1,1,1,Q2,0,2,1,1,Q2,0,2,1,1,1
https://openalex.org/W1968052901,02561115,Q2,,2,2,Q2,Q2,Q2,0,2,1,1,Q2,0,2,1,1,Q2,0,2,1,1,0
https://openalex.org/W1968055873,09254005,-,,5,5,Unranked,Unranked,Unranked,0,5,0,0,Unranked,0,5,0,0,Unranked,0,5,0,0,0
https://openalex.org/W1968060914,10990062,Q1,,1,1,Q1,Q1,Q1,1,1,1,1,Q1,1,1,1,1,Q1,1,1,1,1,1
https://openalex.org/W1968089423,00323861,Q1,,1,1,Q1,Q1,Q1,1,1,1,1,Q1,1,1,1,1,Q1,1,1,1,1,1
https://openalex.org/W1968093079,00086223,Q1,,1,1,Q1,Q1,Q1,1,1,1,1,Q1,1,1,1,1,Q1,1,1,1,1,1
https://openalex.org/W1968108850,02578972,Q1,,1,1,Q1,Q1,Q1,1,1,1,1,Q1,1,1,1,1,Q1,1,1,1,1,1
https://openalex.org/W1968133482,00218561,Q1,,1,1,Q1,Q1,Q1,1,1,1,1,Q1,1,1,1,1,Q1,1,1,1,1,1
https://openalex.org/W1968138528,10990690,Q1,,1,1,Q1,Q1,Q1,1,1,1,1,Q1,1,1,1,1,Q1,1,1,1,1,1
https://openalex.org/W1968162562,00404039,Q1,,2,2,Q2,Q2,Q1,1,1,1,1,Q2,0,2,1,1,Q2,0,2,1,1,1
https://openalex.org/W1968209450,03088146,Q1,,1,1,Q1,Q1,Q1,1,1,1,1,Q1,1,1,1,1,Q1,1,1,1,1,1
https://openalex.org/W1968215980,13835866,Q1,,1,1,Q1,Q1,Q1,1,1,1,1,Q1,1,1,1,1,Q1,1,1,1,1,1
https://openalex.org/W1968222033,00027863,Q1,,1,1,Q1,Q1,Q1,1,1,1,1,Q1,1,1,1,1,Q1,1,1,1,1,1
https://openalex.org/W1968242648,03767388,Q1,,1,1,Q1,Q1,Q1,1,1,1,1,Q1,1,1,1,1,Q1,1,1,1,1,1
https://openalex.org/W1968244368,03787753,Q1,,1,1,Q1,Q1,Q1,1,1,1,1,Q1,1,1,1,1,Q1,1,1,1,1,1
https://openalex.org/W1968252535,00086215,Q2,,2,2,Q2,Q2,Q2,0,2,1,1,Q2,0,2,1,1,Q2,0,2,1,1,0
https://openalex.org/W1968263147,03009440,Q2,,2,2,Q2,Q2,Q2,0,2,1,1,Q2,0,2,1,1,Q2,0,2,1,1,0
https://openalex.org/W1968350809,00222313,Q1,,1,1,Q1,Q1,Q1,1,1,1,1,Q1,1,1,1,1,Q1,1,1,1,1,1
https://openalex.org/W1968363955,07317085,Q2,,1,1,Q1,Q1,Q2,0,2,1,1,Q1,1,1,1,1,Q1,1,1,1,1,0
https://openalex.org/W1968393257,00218995,Q1,,2,2,Q2,Q2,Q1,1,1,1,1,Q2,0,2,1,1,Q2,0,2,1,1,1
https://openalex.org/W1968397407,09478396,Q1,,1,1,Q1,Q1,Q1,1,1,1,1,Q1,1,1,1,1,Q1,1,1,1,1,1
https://openalex.org/W1968456274,09253467,-,,5,5,Unranked,Unranked,Unranked,0,5,0,0,Unranked,0,5,0,0,Unranked,0,5,0,0,0
https://openalex.org/W1968473124,13504177,-,,5,5,Unranked,Unranked,Unranked,0,5,0,0,Unranked,0,5,0,0,Unranked,0,5,0,0,0
https://openalex.org/W1968475117,00027863,Q1,,1,1,Q1,Q1,Q1,1,1,1,1,Q1,1,1,1,1,Q1,1,1,1,1,1
https://openalex.org/W1968501422,00134651,Q1,,1,1,Q1,Q1,Q1,1,1,1,1,Q1,1,1,1,1,Q1,1,1,1,1,1
https://openalex.org/W1968526232,00220248,Q1,,2,2,Q2,Q2,Q1,1,1,1,1,Q2,0,2,1,1,Q2,0,2,1,1,1
https://openalex.org/W1968540490,01694332,-,,5,5,Unranked,Unranked,Unranked,0,5,0,0,Unranked,0,5,0,0,Unranked,0,5,0,0,0
https://openalex.org/W1968545035,14382377,Q1,,1,1,Q1,Q1,Q1,1,1,1,1,Q1,1,1,1,1,Q1,1,1,1,1,1
https://openalex.org/W1968553680,03088146,Q1,,1,1,Q1,Q1,Q1,1,1,1,1,Q1,1,1,1,1,Q1,1,1,1,1,1
https://openalex.org/W1968557236,00027863,Q1,,1,1,Q1,Q1,Q1,1,1,1,1,Q1,1,1,1,1,Q1,1,1,1,1,1
https://openalex.org/W1968581197,03767388,Q1,,1,1,Q1,Q1,Q1,1,1,1,1,Q1,1,1,1,1,Q1,1,1,1,1,1
https://openalex.org/W1968588331,10836160,Q2,,1,1,Q1,Q1,Q2,0,2,1,1,Q1,1,1,1,1,Q1,1,1,1,1,0
https://openalex.org/W1968592844,09254005,-,,5,5,Unranked,Unranked,Unranked,0,5,0,0,Unranked,0,5,0,0,Unranked,0,5,0,0,0
https://openalex.org/W1968621567,0026265X,Q2,,2,2,Q2,Q2,Q2,0,2,1,1,Q2,0,2,1,1,Q2,0,2,1,1,0
https://openalex.org/W1968679564,03787753,Q1,,1,1,Q1,Q1,Q1,1,1,1,1,Q1,1,1,1,1,Q1,1,1,1,1,1
https://openalex.org/W1968691819,00456535,Q1,,1,1,Q1,Q1,Q1,1,1,1,1,Q1,1,1,1,1,Q1,1,1,1,1,1
https://openalex.org/W1968695831,02652048,Q2,,2,2,Q2,Q2,Q2,0,2,1,1,Q2,0,2,1,1,Q2,0,2,1,1,0
https://openalex.org/W1968697621,10836160,Q2,,1,1,Q1,Q1,Q2,0,2,1,1,Q1,1,1,1,1,Q1,1,1,1,1,0
https://openalex.org/W1968703229,00134686,Q1,,1,1,Q1,Q1,Q1,1,1,1,1,Q1,1,1,1,1,Q1,1,1,1,1,1
https://openalex.org/W1968721021,08885885,Q1,,1,1,Q1,Q1,Q1,1,1,1,1,Q1,1,1,1,1,Q1,1,1,1,1,1
https://openalex.org/W1968739118,00093130,-,,5,5,Unranked,Unranked,Unranked,0,5,0,0,Unranked,0,5,0,0,Unranked,0,5,0,0,0
https://openalex.org/W1968740363,03043843,Q3,,4,4,Q4,Q4,Q3,0,3,0,1,Q4,0,4,0,0,Q4,0,4,0,0,0
https://openalex.org/W1968756532,00086223,Q1,,1,1,Q1,Q1,Q1,1,1,1,1,Q1,1,1,1,1,Q1,1,1,1,1,1
https://openalex.org/W1968768459,02578972,Q1,,1,1,Q1,Q1,Q1,1,1,1,1,Q1,1,1,1,1,Q1,1,1,1,1,1
https://openalex.org/W1968781883,03719553,Q3,,3,3,Q3,Q3,Q3,0,3,0,1,Q3,0,3,0,1,Q3,0,3,0,1,0
https://openalex.org/W1968785736,1478422X,Q2,,2,2,Q2,Q2,Q2,0,2,1,1,Q2,0,2,1,1,Q2,0,2,1,1,0
https://openalex.org/W1968799915,00119164,Q1,,1,1,Q1,Q1,Q1,1,1,1,1,Q1,1,1,1,1,Q1,1,1,1,1,1
https://openalex.org/W1968840212,00218561,Q1,,1,1,Q1,Q1,Q1,1,1,1,1,Q1,1,1,1,1,Q1,1,1,1,1,1
https://openalex.org/W1968856835,00086223,Q1,,1,1,Q1,Q1,Q1,1,1,1,1,Q1,1,1,1,1,Q1,1,1,1,1,1
https://openalex.org/W1968901017,09574166,Q1,,1,1,Q1,Q1,Q1,1,1,1,1,Q1,1,1,1,1,Q1,1,1,1,1,1
https://openalex.org/W1968931458,15700232,Q2,,1,1,Q1,Q1,Q2,0,2,1,1,Q1,1,1,1,1,Q1,1,1,1,1,0
https://openalex.org/W1968935062,00162361,Q1,,1,1,Q1,Q1,Q1,1,1,1,1,Q1,1,1,1,1,Q1,1,1,1,1,1
https://openalex.org/W1968986554,03667022,Q2,,2,2,Q2,Q2,Q2,0,2,1,1,Q2,0,2,1,1,Q2,0,2,1,1,0
https://openalex.org/W1969000908,1001604X,Q3,,3,2,Q3,Q2,Q3,0,3,0,1,Q3,0,3,0,1,Q2,0,2,1,1,0
https://openalex.org/W1969001144,00027863,Q1,,1,1,Q1,Q1,Q1,1,1,1,1,Q1,1,1,1,1,Q1,1,1,1,1,1
https://openalex.org/W1969001497,00086223,Q1,,1,1,Q1,Q1,Q1,1,1,1,1,Q1,1,1,1,1,Q1,1,1,1,1,1
https://openalex.org/W1969038082,0013936X,Q1,,1,1,Q1,Q1,Q1,1,1,1,1,Q1,1,1,1,1,Q1,1,1,1,1,1
https://openalex.org/W1969068138,09598103,-,,5,5,Unranked,Unranked,Unranked,0,5,0,0,Unranked,0,5,0,0,Unranked,0,5,0,0,0
https://openalex.org/W1969098994,1011372X,Q1,,1,1,Q1,Q1,Q1,1,1,1,1,Q1,1,1,1,1,Q1,1,1,1,1,1
https://openalex.org/W1969139047,01694332,-,,5,5,Unranked,Unranked,Unranked,0,5,0,0,Unranked,0,5,0,0,Unranked,0,5,0,0,0
https://openalex.org/W1969161118,03088146,Q1,,1,1,Q1,Q1,Q1,1,1,1,1,Q1,1,1,1,1,Q1,1,1,1,1,1
https://openalex.org/W1969168921,10286020,Q4,,3,3,Q3,Q3,Q4,0,4,0,0,Q3,0,3,0,1,Q3,0,3,0,1,0
https://openalex.org/W1969184294,02578972,Q1,,1,1,Q1,Q1,Q1,1,1,1,1,Q1,1,1,1,1,Q1,1,1,1,1,1
https://openalex.org/W1969216946,13811991,Q2,,2,2,Q2,Q2,Q2,0,2,1,1,Q2,0,2,1,1,Q2,0,2,1,1,0
https://openalex.org/W1969241082,00162361,Q1,,1,1,Q1,Q1,Q1,1,1,1,1,Q1,1,1,1,1,Q1,1,1,1,1,1
https://openalex.org/W1969258734,09242031,Q3,,3,3,Q3,Q3,Q3,0,3,0,1,Q3,0,3,0,1,Q3,0,3,0,1,0
https://openalex.org/W1969346377,0960894X,Q2,,2,2,Q2,Q2,Q2,0,2,1,1,Q2,0,2,1,1,Q2,0,2,1,1,0
https://openalex.org/W1969357480,00032700,Q1,,1,1,Q1,Q1,Q1,1,1,1,1,Q1,1,1,1,1,Q1,1,1,1,1,1
https://openalex.org/W1969369236,15667367,Q1,,1,1,Q1,Q1,Q1,1,1,1,1,Q1,1,1,1,1,Q1,1,1,1,1,1
https://openalex.org/W1969445056,00032700,Q1,,1,1,Q1,Q1,Q1,1,1,1,1,Q1,1,1,1,1,Q1,1,1,1,1,1
https://openalex.org/W1969485212,15287483,Q1,,1,1,Q1,Q1,Q1,1,1,1,1,Q1,1,1,1,1,Q1,1,1,1,1,1
https://openalex.org/W1969499330,00218995,Q1,,2,2,Q2,Q2,Q1,1,1,1,1,Q2,0,2,1,1,Q2,0,2,1,1,1
https://openalex.org/W1969518924,02365731,Q3,,3,3,Q3,Q3,Q3,0,3,0,1,Q3,0,3,0,1,Q3,0,3,0,1,0
https://openalex.org/W1969537910,10990062,Q1,,1,1,Q1,Q1,Q1,1,1,1,1,Q1,1,1,1,1,Q1,1,1,1,1,1
https://openalex.org/W1969559096,00027863,Q1,,1,1,Q1,Q1,Q1,1,1,1,1,Q1,1,1,1,1,Q1,1,1,1,1,1
https://openalex.org/W1969562712,0013936X,Q1,,1,1,Q1,Q1,Q1,1,1,1,1,Q1,1,1,1,1,Q1,1,1,1,1,1
https://openalex.org/W1969578982,00219568,Q1,,1,1,Q1,Q1,Q1,1,1,1,1,Q1,1,1,1,1,Q1,1,1,1,1,1
https://openalex.org/W1969617232,13835866,Q1,,1,1,Q1,Q1,Q1,1,1,1,1,Q1,1,1,1,1,Q1,1,1,1,1,1
https://openalex.org/W1969622012,00249297,Q1,,1,1,Q1,Q1,Q1,1,1,1,1,Q1,1,1,1,1,Q1,1,1,1,1,1
https://openalex.org/W1969625597,00094536,Q3,,3,3,Q3,Q3,Q3,0,3,0,1,Q3,0,3,0,1,Q3,0,3,0,1,0
https://openalex.org/W1969718553,00027863,Q1,,1,1,Q1,Q1,Q1,1,1,1,1,Q1,1,1,1,1,Q1,1,1,1,1,1
https://openalex.org/W1969746031,01694243,Q2,,2,2,Q2,Q2,Q2,0,2,1,1,Q2,0,2,1,1,Q2,0,2,1,1,0
https://openalex.org/W1969776755,01633864,Q1,,1,1,Q1,Q1,Q1,1,1,1,1,Q1,1,1,1,1,Q1,1,1,1,1,1
https://openalex.org/W1969777152,02682605,Q2,,2,2,Q2,Q2,Q2,0,2,1,1,Q2,0,2,1,1,Q2,0,2,1,1,0
https://openalex.org/W1969795361,00032700,Q1,,1,1,Q1,Q1,Q1,1,1,1,1,Q1,1,1,1,1,Q1,1,1,1,1,1
https://openalex.org/W1969798766,00220248,Q1,,2,2,Q2,Q2,Q1,1,1,1,1,Q2,0,2,1,1,Q2,0,2,1,1,1
https://openalex.org/W1969811909,01694332,-,,5,5,Unranked,Unranked,Unranked,0,5,0,0,Unranked,0,5,0,0,Unranked,0,5,0,0,0
https://openalex.org/W1969814828,07437463,Q1,,1,1,Q1,Q1,Q1,1,1,1,1,Q1,1,1,1,1,Q1,1,1,1,1,1
https://openalex.org/W1969899370,02578972,Q1,,1,1,Q1,Q1,Q1,1,1,1,1,Q1,1,1,1,1,Q1,1,1,1,1,1
https://openalex.org/W1969926445,00219592,Q2,,3,3,Q3,Q3,Q2,0,2,1,1,Q3,0,3,0,1,Q3,0,3,0,1,0
https://openalex.org/W1969989741,13858947,Q1,,1,1,Q1,Q1,Q1,1,1,1,1,Q1,1,1,1,1,Q1,1,1,1,1,1
https://openalex.org/W1969993550,09478396,Q1,,1,1,Q1,Q1,Q1,1,1,1,1,Q1,1,1,1,1,Q1,1,1,1,1,1
https://openalex.org/W1970025224,00032670,Q1,,1,1,Q1,Q1,Q1,1,1,1,1,Q1,1,1,1,1,Q1,1,1,1,1,1
https://openalex.org/W1970097416,15700232,Q2,,1,1,Q1,Q1,Q2,0,2,1,1,Q1,1,1,1,1,Q1,1,1,1,1,0
https://openalex.org/W1970100615,09259635,Q1,,1,1,Q1,Q1,Q1,1,1,1,1,Q1,1,1,1,1,Q1,1,1,1,1,1
https://openalex.org/W1970108367,13835866,Q1,,1,1,Q1,Q1,Q1,1,1,1,1,Q1,1,1,1,1,Q1,1,1,1,1,1
https://openalex.org/W1970154167,00218561,Q1,,1,1,Q1,Q1,Q1,1,1,1,1,Q1,1,1,1,1,Q1,1,1,1,1,1
https://openalex.org/W1970176992,13886150,Q3,,3,3,Q3,Q3,Q3,0,3,0,1,Q3,0,3,0,1,Q3,0,3,0,1,0
https://openalex.org/W1970178936,02578972,Q1,,1,1,Q1,Q1,Q1,1,1,1,1,Q1,1,1,1,1,Q1,1,1,1,1,1
https://openalex.org/W1970234808,14639076,Q1,,1,1,Q1,Q1,Q1,1,1,1,1,Q1,1,1,1,1,Q1,1,1,1,1,1
https://openalex.org/W1970254173,09599428,Q1,,1,1,Q1,Q1,Q1,1,1,1,1,Q1,1,1,1,1,Q1,1,1,1,1,1
https://openalex.org/W1970274859,09478396,Q1,,1,1,Q1,Q1,Q1,1,1,1,1,Q1,1,1,1,1,Q1,1,1,1,1,1
https://openalex.org/W1970307038,13815148,Q1,,1,1,Q1,Q1,Q1,1,1,1,1,Q1,1,1,1,1,Q1,1,1,1,1,1
https://openalex.org/W1970318059,09565663,Q1,,1,1,Q1,Q1,Q1,1,1,1,1,Q1,1,1,1,1,Q1,1,1,1,1,1
https://openalex.org/W1970330487,03767388,Q1,,1,1,Q1,Q1,Q1,1,1,1,1,Q1,1,1,1,1,Q1,1,1,1,1,1
https://openalex.org/W1970338255,07317085,Q2,,1,1,Q1,Q1,Q2,0,2,1,1,Q1,1,1,1,1,Q1,1,1,1,1,0
https://openalex.org/W1970358512,15237052,Q1,,1,1,Q1,Q1,Q1,1,1,1,1,Q1,1,1,1,1,Q1,1,1,1,1,1
https://openalex.org/W1970375973,00223263,Q1,,1,1,Q1,Q1,Q1,1,1,1,1,Q1,1,1,1,1,Q1,1,1,1,1,1
https://openalex.org/W1970412597,14341948,Q1,,1,1,Q1,Q1,Q1,1,1,1,1,Q1,1,1,1,1,Q1,1,1,1,1,1
https://openalex.org/W1970431758,00442313,Q3,,3,3,Q3,Q3,Q3,0,3,0,1,Q3,0,3,0,1,Q3,0,3,0,1,0
https://openalex.org/W1970449411,0010938X,Q1,,1,1,Q1,Q1,Q1,1,1,1,1,Q1,1,1,1,1,Q1,1,1,1,1,1
https://openalex.org/W1970455559,00219673,Q1,,1,1,Q1,Q1,Q1,1,1,1,1,Q1,1,1,1,1,Q1,1,1,1,1,1
https://openalex.org/W1970476858,00404020,Q1,,1,1,Q1,Q1,Q1,1,1,1,1,Q1,1,1,1,1,Q1,1,1,1,1,1
https://openalex.org/W1970483766,01694332,-,,5,5,Unranked,Unranked,Unranked,0,5,0,0,Unranked,0,5,0,0,Unranked,0,5,0,0,0
https://openalex.org/W1970485075,08876266,Q1,,2,2,Q2,Q2,Q1,1,1,1,1,Q2,0,2,1,1,Q2,0,2,1,1,1
https://openalex.org/W1970495094,13597345,Q1,,1,1,Q1,Q1,Q1,1,1,1,1,Q1,1,1,1,1,Q1,1,1,1,1,1
https://openalex.org/W1970515213,15334880,Q1,,3,2,Q3,Q2,Q1,1,1,1,1,Q3,0,3,0,1,Q2,0,2,1,1,1
https://openalex.org/W1970532503,01672738,Q1,,1,1,Q1,Q1,Q1,1,1,1,1,Q1,1,1,1,1,Q1,1,1,1,1,1
https://openalex.org/W1970583478,09149244,Q3,,3,3,Q3,Q3,Q3,0,3,0,1,Q3,0,3,0,1,Q3,0,3,0,1,0
https://openalex.org/W1970609340,02578972,Q1,,1,1,Q1,Q1,Q1,1,1,1,1,Q1,1,1,1,1,Q1,1,1,1,1,1
https://openalex.org/W1970609863,01496395,Q2,,2,2,Q2,Q2,Q2,0,2,1,1,Q2,0,2,1,1,Q2,0,2,1,1,0
https://openalex.org/W1970640841,09254005,-,,5,5,Unranked,Unranked,Unranked,0,5,0,0,Unranked,0,5,0,0,Unranked,0,5,0,0,0
https://openalex.org/W1970660360,13861425,Q2,,2,2,Q2,Q2,Q2,0,2,1,1,Q2,0,2,1,1,Q2,0,2,1,1,0
https://openalex.org/W1970668219,10106030,Q1,,1,1,Q1,Q1,Q1,1,1,1,1,Q1,1,1,1,1,Q1,1,1,1,1,1
https://openalex.org/W1970713705,02365731,Q3,,3,3,Q3,Q3,Q3,0,3,0,1,Q3,0,3,0,1,Q3,0,3,0,1,0
https://openalex.org/W1970737246,00219606,Q1,,1,1,Q1,Q1,Q1,1,1,1,1,Q1,1,1,1,1,Q1,1,1,1,1,1
https://openalex.org/W1970777793,12932558,Q2,,1,1,Q1,Q1,Q2,0,2,1,1,Q1,1,1,1,1,Q1,1,1,1,1,0
https://openalex.org/W1970778883,02578972,Q1,,1,1,Q1,Q1,Q1,1,1,1,1,Q1,1,1,1,1,Q1,1,1,1,1,1
https://openalex.org/W1970779521,10106030,Q1,,1,1,Q1,Q1,Q1,1,1,1,1,Q1,1,1,1,1,Q1,1,1,1,1,1
https://openalex.org/W1970784552,00037028,Q2,,3,3,Q3,Q3,Q2,0,2,1,1,Q3,0,3,0,1,Q3,0,3,0,1,0
https://openalex.org/W1970800856,01694332,-,,5,5,Unranked,Unranked,Unranked,0,5,0,0,Unranked,0,5,0,0,Unranked,0,5,0,0,0
https://openalex.org/W1970807584,15237052,Q1,,1,1,Q1,Q1,Q1,1,1,1,1,Q1,1,1,1,1,Q1,1,1,1,1,1
https://openalex.org/W1970849134,00218561,Q1,,1,1,Q1,Q1,Q1,1,1,1,1,Q1,1,1,1,1,Q1,1,1,1,1,1
https://openalex.org/W1970929967,00219568,Q1,,1,1,Q1,Q1,Q1,1,1,1,1,Q1,1,1,1,1,Q1,1,1,1,1,1
https://openalex.org/W1970938561,02682575,Q2,,2,2,Q2,Q2,Q2,0,2,1,1,Q2,0,2,1,1,Q2,0,2,1,1,0
https://openalex.org/W1971000486,09259635,Q1,,1,1,Q1,Q1,Q1,1,1,1,1,Q1,1,1,1,1,Q1,1,1,1,1,1
https://openalex.org/W1971015494,00162361,Q1,,1,1,Q1,Q1,Q1,1,1,1,1,Q1,1,1,1,1,Q1,1,1,1,1,1
https://openalex.org/W1971035670,00404020,Q1,,1,1,Q1,Q1,Q1,1,1,1,1,Q1,1,1,1,1,Q1,1,1,1,1,1
https://openalex.org/W1971045529,00032719,Q3,,3,3,Q3,Q3,Q3,0,3,0,1,Q3,0,3,0,1,Q3,0,3,0,1,0
https://openalex.org/W1971060988,13886150,Q3,,3,3,Q3,Q3,Q3,0,3,0,1,Q3,0,3,0,1,Q3,0,3,0,1,0
https://openalex.org/W1971062023,00404020,Q1,,1,1,Q1,Q1,Q1,1,1,1,1,Q1,1,1,1,1,Q1,1,1,1,1,1
https://openalex.org/W1971152214,07317085,Q2,,1,1,Q1,Q1,Q2,0,2,1,1,Q1,1,1,1,1,Q1,1,1,1,1,0
https://openalex.org/W1971166639,00027863,Q1,,1,1,Q1,Q1,Q1,1,1,1,1,Q1,1,1,1,1,Q1,1,1,1,1,1
https://openalex.org/W1971248171,10440305,Q1,,1,1,Q1,Q1,Q1,1,1,1,1,Q1,1,1,1,1,Q1,1,1,1,1,1
https://openalex.org/W1971257375,00032670,Q1,,1,1,Q1,Q1,Q1,1,1,1,1,Q1,1,1,1,1,Q1,1,1,1,1,1
https://openalex.org/W1971282932,03009440,Q2,,2,2,Q2,Q2,Q2,0,2,1,1,Q2,0,2,1,1,Q2,0,2,1,1,0
https://openalex.org/W1971291127,10916466,Q2,,3,3,Q3,Q3,Q2,0,2,1,1,Q3,0,3,0,1,Q3,0,3,0,1,0
https://openalex.org/W1971307452,1478422X,Q2,,2,2,Q2,Q2,Q2,0,2,1,1,Q2,0,2,1,1,Q2,0,2,1,1,0
https://openalex.org/W1971310750,00027863,Q1,,1,1,Q1,Q1,Q1,1,1,1,1,Q1,1,1,1,1,Q1,1,1,1,1,1
https://openalex.org/W1971361979,00032700,Q1,,1,1,Q1,Q1,Q1,1,1,1,1,Q1,1,1,1,1,Q1,1,1,1,1,1
https://openalex.org/W1971387475,00027863,Q1,,1,1,Q1,Q1,Q1,1,1,1,1,Q1,1,1,1,1,Q1,1,1,1,1,1
https://openalex.org/W1971414301,02693879,Q3,,2,2,Q2,Q2,Q3,0,3,0,1,Q2,0,2,1,1,Q2,0,2,1,1,0
https://openalex.org/W1971493096,00027863,Q1,,1,1,Q1,Q1,Q1,1,1,1,1,Q1,1,1,1,1,Q1,1,1,1,1,1
https://openalex.org/W1971495172,08974756,Q1,,1,1,Q1,Q1,Q1,1,1,1,1,Q1,1,1,1,1,Q1,1,1,1,1,1
https://openalex.org/W1971523266,09253467,-,,5,5,Unranked,Unranked,Unranked,0,5,0,0,Unranked,0,5,0,0,Unranked,0,5,0,0,0
https://openalex.org/W1971540757,01633864,Q1,,1,1,Q1,Q1,Q1,1,1,1,1,Q1,1,1,1,1,Q1,1,1,1,1,1
https://openalex.org/W1971583326,15237052,Q1,,1,1,Q1,Q1,Q1,1,1,1,1,Q1,1,1,1,1,Q1,1,1,1,1,1
https://openalex.org/W1971584133,00032670,Q1,,1,1,Q1,Q1,Q1,1,1,1,1,Q1,1,1,1,1,Q1,1,1,1,1,1
https://openalex.org/W1971586724,00162361,Q1,,1,1,Q1,Q1,Q1,1,1,1,1,Q1,1,1,1,1,Q1,1,1,1,1,1
https://openalex.org/W1971739515,03855414,Q2,,3,3,Q3,Q3,Q2,0,2,1,1,Q3,0,3,0,1,Q3,0,3,0,1,0
https://openalex.org/W1971765290,00219673,Q1,,1,1,Q1,Q1,Q1,1,1,1,1,Q1,1,1,1,1,Q1,1,1,1,1,1
https://openalex.org/W1971793819,00452068,Q2,,2,2,Q2,Q2,Q2,0,2,1,1,Q2,0,2,1,1,Q2,0,2,1,1,0
https://openalex.org/W1971824395,00027863,Q1,,1,1,Q1,Q1,Q1,1,1,1,1,Q1,1,1,1,1,Q1,1,1,1,1,1
https://openalex.org/W1971827176,00201693,Q2,,2,2,Q2,Q2,Q2,0,2,1,1,Q2,0,2,1,1,Q2,0,2,1,1,0
https://openalex.org/W1971840514,00249297,Q1,,1,1,Q1,Q1,Q1,1,1,1,1,Q1,1,1,1,1,Q1,1,1,1,1,1
https://openalex.org/W1971842635,15306984,Q1,,1,1,Q1,Q1,Q1,1,1,1,1,Q1,1,1,1,1,Q1,1,1,1,1,1
https://openalex.org/W1971862384,00134651,Q1,,1,1,Q1,Q1,Q1,1,1,1,1,Q1,1,1,1,1,Q1,1,1,1,1,1
https://openalex.org/W1971865027,09680896,Q2,,1,1,Q1,Q1,Q2,0,2,1,1,Q1,1,1,1,1,Q1,1,1,1,1,0
https://openalex.org/W1971866096,00219673,Q1,,1,1,Q1,Q1,Q1,1,1,1,1,Q1,1,1,1,1,Q1,1,1,1,1,1
https://openalex.org/W1971870809,15237052,Q1,,1,1,Q1,Q1,Q1,1,1,1,1,Q1,1,1,1,1,Q1,1,1,1,1,1
https://openalex.org/W1971939720,0036021X,Q2,,2,2,Q2,Q2,Q2,0,2,1,1,Q2,0,2,1,1,Q2,0,2,1,1,0
https://openalex.org/W1971946583,09669795,Q1,,1,1,Q1,Q1,Q1,1,1,1,1,Q1,1,1,1,1,Q1,1,1,1,1,1
https://openalex.org/W1971952711,02578972,Q1,,1,1,Q1,Q1,Q1,1,1,1,1,Q1,1,1,1,1,Q1,1,1,1,1,1
https://openalex.org/W1971969755,03787753,Q1,,1,1,Q1,Q1,Q1,1,1,1,1,Q1,1,1,1,1,Q1,1,1,1,1,1
https://openalex.org/W1971982915,09254005,-,,5,5,Unranked,Unranked,Unranked,0,5,0,0,Unranked,0,5,0,0,Unranked,0,5,0,0,0
https://openalex.org/W1971988719,00218995,Q1,,2,2,Q2,Q2,Q1,1,1,1,1,Q2,0,2,1,1,Q2,0,2,1,1,1
https://openalex.org/W1971994082,0010938X,Q1,,1,1,Q1,Q1,Q1,1,1,1,1,Q1,1,1,1,1,Q1,1,1,1,1,1
https://openalex.org/W1972000918,00219592,Q2,,3,3,Q3,Q3,Q2,0,2,1,1,Q3,0,3,0,1,Q3,0,3,0,1,0
https://openalex.org/W1972011884,14639076,Q1,,1,1,Q1,Q1,Q1,1,1,1,1,Q1,1,1,1,1,Q1,1,1,1,1,1
https://openalex.org/W1972048648,00134686,Q1,,1,1,Q1,Q1,Q1,1,1,1,1,Q1,1,1,1,1,Q1,1,1,1,1,1
https://openalex.org/W1972085730,15237052,Q1,,1,1,Q1,Q1,Q1,1,1,1,1,Q1,1,1,1,1,Q1,1,1,1,1,1
https://openalex.org/W1972086451,00397911,Q3,,3,3,Q3,Q3,Q3,0,3,0,1,Q3,0,3,0,1,Q3,0,3,0,1,0
https://openalex.org/W1972098787,00086215,Q2,,2,2,Q2,Q2,Q2,0,2,1,1,Q2,0,2,1,1,Q2,0,2,1,1,0
https://openalex.org/W1972140003,00032700,Q1,,1,1,Q1,Q1,Q1,1,1,1,1,Q1,1,1,1,1,Q1,1,1,1,1,1
https://openalex.org/W1972147426,13871811,Q1,,1,1,Q1,Q1,Q1,1,1,1,1,Q1,1,1,1,1,Q1,1,1,1,1,1
https://openalex.org/W1972150519,00032700,Q1,,1,1,Q1,Q1,Q1,1,1,1,1,Q1,1,1,1,1,Q1,1,1,1,1,1
https://openalex.org/W1972171940,14341948,Q1,,1,1,Q1,Q1,Q1,1,1,1,1,Q1,1,1,1,1,Q1,1,1,1,1,1
https://openalex.org/W1972195033,10431802,Q1,,1,1,Q1,Q1,Q1,1,1,1,1,Q1,1,1,1,1,Q1,1,1,1,1,1
https://openalex.org/W1972199169,00223263,Q1,,1,1,Q1,Q1,Q1,1,1,1,1,Q1,1,1,1,1,Q1,1,1,1,1,1
https://openalex.org/W1972219166,00162361,Q1,,1,1,Q1,Q1,Q1,1,1,1,1,Q1,1,1,1,1,Q1,1,1,1,1,1
https://openalex.org/W1972236664,00119164,Q1,,1,1,Q1,Q1,Q1,1,1,1,1,Q1,1,1,1,1,Q1,1,1,1,1,1
https://openalex.org/W1972257716,00406031,Q3,,2,2,Q2,Q2,Q3,0,3,0,1,Q2,0,2,1,1,Q2,0,2,1,1,0
https://openalex.org/W1972291951,02578972,Q1,,1,1,Q1,Q1,Q1,1,1,1,1,Q1,1,1,1,1,Q1,1,1,1,1,1
https://openalex.org/W1972341053,15287483,Q1,,1,1,Q1,Q1,Q1,1,1,1,1,Q1,1,1,1,1,Q1,1,1,1,1,1
https://openalex.org/W1972350795,00218995,Q1,,2,2,Q2,Q2,Q1,1,1,1,1,Q2,0,2,1,1,Q2,0,2,1,1,1
https://openalex.org/W1972362419,01694332,-,,5,5,Unranked,Unranked,Unranked,0,5,0,0,Unranked,0,5,0,0,Unranked,0,5,0,0,0
https://openalex.org/W1972419240,07317085,Q2,,1,1,Q1,Q1,Q2,0,2,1,1,Q1,1,1,1,1,Q1,1,1,1,1,0
https://openalex.org/W1972426402,00220248,Q1,,2,2,Q2,Q2,Q1,1,1,1,1,Q2,0,2,1,1,Q2,0,2,1,1,1
https://openalex.org/W1972453735,00032670,Q1,,1,1,Q1,Q1,Q1,1,1,1,1,Q1,1,1,1,1,Q1,1,1,1,1,1
https://openalex.org/W1972461008,07317085,Q2,,1,1,Q1,Q1,Q2,0,2,1,1,Q1,1,1,1,1,Q1,1,1,1,1,0
https://openalex.org/W1972477262,02578972,Q1,,1,1,Q1,Q1,Q1,1,1,1,1,Q1,1,1,1,1,Q1,1,1,1,1,1
https://openalex.org/W1972517566,02728397,Q2,,2,2,Q2,Q2,Q2,0,2,1,1,Q2,0,2,1,1,Q2,0,2,1,1,0
https://openalex.org/W1972529064,08885885,Q1,,1,1,Q1,Q1,Q1,1,1,1,1,Q1,1,1,1,1,Q1,1,1,1,1,1
https://openalex.org/W1972531308,13835866,Q1,,1,1,Q1,Q1,Q1,1,1,1,1,Q1,1,1,1,1,Q1,1,1,1,1,1
https://openalex.org/W1972628541,01694332,-,,5,5,Unranked,Unranked,Unranked,0,5,0,0,Unranked,0,5,0,0,Unranked,0,5,0,0,0
https://openalex.org/W1972658004,00218995,Q1,,2,2,Q2,Q2,Q1,1,1,1,1,Q2,0,2,1,1,Q2,0,2,1,1,1
https://openalex.org/W1972670980,10427163,Q2,,2,2,Q2,Q2,Q2,0,2,1,1,Q2,0,2,1,1,Q2,0,2,1,1,0
https://openalex.org/W1972690758,00304018,Q1,,2,2,Q2,Q2,Q1,1,1,1,1,Q2,0,2,1,1,Q2,0,2,1,1,1
https://openalex.org/W1972716312,00143057,Q2,,1,1,Q1,Q1,Q2,0,2,1,1,Q1,1,1,1,1,Q1,1,1,1,1,0
https://openalex.org/W1972732574,15700232,Q2,,1,1,Q1,Q1,Q2,0,2,1,1,Q1,1,1,1,1,Q1,1,1,1,1,0
https://openalex.org/W1972743842,07317085,Q2,,1,1,Q1,Q1,Q2,0,2,1,1,Q1,1,1,1,1,Q1,1,1,1,1,0
https://openalex.org/W1972748362,01633864,Q1,,1,1,Q1,Q1,Q1,1,1,1,1,Q1,1,1,1,1,Q1,1,1,1,1,1
https://openalex.org/W1972761277,00406031,Q3,,2,2,Q2,Q2,Q3,0,3,0,1,Q2,0,2,1,1,Q2,0,2,1,1,0
https://openalex.org/W1972786848,00027863,Q1,,1,1,Q1,Q1,Q1,1,1,1,1,Q1,1,1,1,1,Q1,1,1,1,1,1
https://openalex.org/W1972792024,13408054,Q4,,3,3,Q3,Q3,Q4,0,4,0,0,Q3,0,3,0,1,Q3,0,3,0,1,0
https://openalex.org/W1972866578,00219673,Q1,,1,1,Q1,Q1,Q1,1,1,1,1,Q1,1,1,1,1,Q1,1,1,1,1,1
https://openalex.org/W1972894971,00456535,Q1,,1,1,Q1,Q1,Q1,1,1,1,1,Q1,1,1,1,1,Q1,1,1,1,1,1
https://openalex.org/W1972899804,03787753,Q1,,1,1,Q1,Q1,Q1,1,1,1,1,Q1,1,1,1,1,Q1,1,1,1,1,1
https://openalex.org/W1972908100,01659936,Q1,,1,1,Q1,Q1,Q1,1,1,1,1,Q1,1,1,1,1,Q1,1,1,1,1,1
https://openalex.org/W1972909190,00086223,Q1,,1,1,Q1,Q1,Q1,1,1,1,1,Q1,1,1,1,1,Q1,1,1,1,1,1
https://openalex.org/W1972931684,00218561,Q1,,1,1,Q1,Q1,Q1,1,1,1,1,Q1,1,1,1,1,Q1,1,1,1,1,1
https://openalex.org/W1973076882,15700232,Q2,,1,1,Q1,Q1,Q2,0,2,1,1,Q1,1,1,1,1,Q1,1,1,1,1,0
https://openalex.org/W1973126435,08926875,Q2,,1,1,Q1,Q1,Q2,0,2,1,1,Q1,1,1,1,1,Q1,1,1,1,1,0
https://openalex.org/W1973224201,02536269,Q3,,3,3,Q3,Q3,Q3,0,3,0,1,Q3,0,3,0,1,Q3,0,3,0,1,0
https://openalex.org/W1973235532,08885885,Q1,,1,1,Q1,Q1,Q1,1,1,1,1,Q1,1,1,1,1,Q1,1,1,1,1,1
https://openalex.org/W1973272602,02578972,Q1,,1,1,Q1,Q1,Q1,1,1,1,1,Q1,1,1,1,1,Q1,1,1,1,1,1
https://openalex.org/W1973314838,00218561,Q1,,1,1,Q1,Q1,Q1,1,1,1,1,Q1,1,1,1,1,Q1,1,1,1,1,1
https://openalex.org/W1973334713,01694332,-,,5,5,Unranked,Unranked,Unranked,0,5,0,0,Unranked,0,5,0,0,Unranked,0,5,0,0,0
https://openalex.org/W1973354163,00218561,Q1,,1,1,Q1,Q1,Q1,1,1,1,1,Q1,1,1,1,1,Q1,1,1,1,1,1
https://openalex.org/W1973364117,03043843,Q3,,4,4,Q4,Q4,Q3,0,3,0,1,Q4,0,4,0,0,Q4,0,4,0,0,0
https://openalex.org/W1973365355,09478396,Q1,,1,1,Q1,Q1,Q1,1,1,1,1,Q1,1,1,1,1,Q1,1,1,1,1,1
https://openalex.org/W1973370081,0013936X,Q1,,1,1,Q1,Q1,Q1,1,1,1,1,Q1,1,1,1,1,Q1,1,1,1,1,1
https://openalex.org/W1973377028,00027863,Q1,,1,1,Q1,Q1,Q1,1,1,1,1,Q1,1,1,1,1,Q1,1,1,1,1,1
https://openalex.org/W1973480022,00218995,Q1,,2,2,Q2,Q2,Q1,1,1,1,1,Q2,0,2,1,1,Q2,0,2,1,1,1
https://openalex.org/W1973489147,13597345,Q1,,1,1,Q1,Q1,Q1,1,1,1,1,Q1,1,1,1,1,Q1,1,1,1,1,1
https://openalex.org/W1973526314,09277757,-,,5,5,Unranked,Unranked,Unranked,0,5,0,0,Unranked,0,5,0,0,Unranked,0,5,0,0,0
https://openalex.org/W1973530791,07437463,Q1,,1,1,Q1,Q1,Q1,1,1,1,1,Q1,1,1,1,1,Q1,1,1,1,1,1
https://openalex.org/W1973540788,0195928X,-,,5,5,Unranked,Unranked,Unranked,0,5,0,0,Unranked,0,5,0,0,Unranked,0,5,0,0,0
https://openalex.org/W1973589227,03787753,Q1,,1,1,Q1,Q1,Q1,1,1,1,1,Q1,1,1,1,1,Q1,1,1,1,1,1
https://openalex.org/W1973621120,00102180,Q1,,1,1,Q1,Q1,Q1,1,1,1,1,Q1,1,1,1,1,Q1,1,1,1,1,1
https://openalex.org/W1973691207,15204766,-,,5,5,Unranked,Unranked,Unranked,0,5,0,0,Unranked,0,5,0,0,Unranked,0,5,0,0,0
https://openalex.org/W1973757970,03787753,Q1,,1,1,Q1,Q1,Q1,1,1,1,1,Q1,1,1,1,1,Q1,1,1,1,1,1
https://openalex.org/W1973769928,15667367,Q1,,1,1,Q1,Q1,Q1,1,1,1,1,Q1,1,1,1,1,Q1,1,1,1,1,1
https://openalex.org/W1973796593,09253467,-,,5,5,Unranked,Unranked,Unranked,0,5,0,0,Unranked,0,5,0,0,Unranked,0,5,0,0,0
https://openalex.org/W1973804377,00223263,Q1,,1,1,Q1,Q1,Q1,1,1,1,1,Q1,1,1,1,1,Q1,1,1,1,1,1
https://openalex.org/W1973824067,00220248,Q1,,2,2,Q2,Q2,Q1,1,1,1,1,Q2,0,2,1,1,Q2,0,2,1,1,1
https://openalex.org/W1973828380,00219673,Q1,,1,1,Q1,Q1,Q1,1,1,1,1,Q1,1,1,1,1,Q1,1,1,1,1,1
https://openalex.org/W1973863460,00032654,Q1,,1,1,Q1,Q1,Q1,1,1,1,1,Q1,1,1,1,1,Q1,1,1,1,1,1
https://openalex.org/W1973897236,00084042,Q2,,2,2,Q2,Q2,Q2,0,2,1,1,Q2,0,2,1,1,Q2,0,2,1,1,0
https://openalex.org/W1973901957,00027863,Q1,,1,1,Q1,Q1,Q1,1,1,1,1,Q1,1,1,1,1,Q1,1,1,1,1,1
https://openalex.org/W1973968829,08876266,Q1,,2,2,Q2,Q2,Q1,1,1,1,1,Q2,0,2,1,1,Q2,0,2,1,1,1
https://openalex.org/W1973984610,00304018,Q1,,2,2,Q2,Q2,Q1,1,1,1,1,Q2,0,2,1,1,Q2,0,2,1,1,1
https://openalex.org/W1974026375,09205861,Q1,,1,1,Q1,Q1,Q1,1,1,1,1,Q1,1,1,1,1,Q1,1,1,1,1,1
https://openalex.org/W1974026759,09580344,Q2,,2,2,Q2,Q2,Q2,0,2,1,1,Q2,0,2,1,1,Q2,0,2,1,1,0
https://openalex.org/W1974044509,00323861,Q1,,1,1,Q1,Q1,Q1,1,1,1,1,Q1,1,1,1,1,Q1,1,1,1,1,1
https://openalex.org/W1974052378,00404020,Q1,,1,1,Q1,Q1,Q1,1,1,1,1,Q1,1,1,1,1,Q1,1,1,1,1,1
https://openalex.org/W1974054232,00218561,Q1,,1,1,Q1,Q1,Q1,1,1,1,1,Q1,1,1,1,1,Q1,1,1,1,1,1
https://openalex.org/W1974057737,01694332,-,,5,5,Unranked,Unranked,Unranked,0,5,0,0,Unranked,0,5,0,0,Unranked,0,5,0,0,0
https://openalex.org/W1974113534,00244201,Q2,,2,2,Q2,Q2,Q2,0,2,1,1,Q2,0,2,1,1,Q2,0,2,1,1,0
https://openalex.org/W1974113890,00218995,Q1,,2,2,Q2,Q2,Q1,1,1,1,1,Q2,0,2,1,1,Q2,0,2,1,1,1
https://openalex.org/W1974182188,09574484,Q1,,1,1,Q1,Q1,Q1,1,1,1,1,Q1,1,1,1,1,Q1,1,1,1,1,1
https://openalex.org/W1974184255,02679477,Q1,,1,1,Q1,Q1,Q1,1,1,1,1,Q1,1,1,1,1,Q1,1,1,1,1,1
https://openalex.org/W1974201656,0018019X,Q1,,2,2,Q2,Q2,Q1,1,1,1,1,Q2,0,2,1,1,Q2,0,2,1,1,1
https://openalex.org/W1974207306,00399140,Q1,,1,1,Q1,Q1,Q1,1,1,1,1,Q1,1,1,1,1,Q1,1,1,1,1,1
https://openalex.org/W1974215441,03088146,Q1,,1,1,Q1,Q1,Q1,1,1,1,1,Q1,1,1,1,1,Q1,1,1,1,1,1
https://openalex.org/W1974218352,09680896,Q2,,1,1,Q1,Q1,Q2,0,2,1,1,Q1,1,1,1,1,Q1,1,1,1,1,0
https://openalex.org/W1974227495,15205207,Q1,,1,1,Q1,Q1,Q1,1,1,1,1,Q1,1,1,1,1,Q1,1,1,1,1,1
https://openalex.org/W1974235888,00027863,Q1,,1,1,Q1,Q1,Q1,1,1,1,1,Q1,1,1,1,1,Q1,1,1,1,1,1
https://openalex.org/W1974260310,14387492,Q2,,2,2,Q2,Q2,Q2,0,2,1,1,Q2,0,2,1,1,Q2,0,2,1,1,0
https://openalex.org/W1974270548,15237052,Q1,,1,1,Q1,Q1,Q1,1,1,1,1,Q1,1,1,1,1,Q1,1,1,1,1,1
https://openalex.org/W1974289353,09168451,Q3,,2,2,Q2,Q2,Q3,0,3,0,1,Q2,0,2,1,1,Q2,0,2,1,1,0
https://openalex.org/W1974297651,00231584,Q3,,3,3,Q3,Q3,Q3,0,3,0,1,Q3,0,3,0,1,Q3,0,3,0,1,0
https://openalex.org/W1974309123,12299197,Q3,,2,2,Q2,Q2,Q3,0,3,0,1,Q2,0,2,1,1,Q2,0,2,1,1,0
https://openalex.org/W1974313395,0889311X,Q2,,2,2,Q2,Q2,Q2,0,2,1,1,Q2,0,2,1,1,Q2,0,2,1,1,0
https://openalex.org/W1974319338,09254005,-,,5,5,Unranked,Unranked,Unranked,0,5,0,0,Unranked,0,5,0,0,Unranked,0,5,0,0,0
https://openalex.org/W1974345608,13882481,Q1,,1,1,Q1,Q1,Q1,1,1,1,1,Q1,1,1,1,1,Q1,1,1,1,1,1
https://openalex.org/W1974371148,01694332,-,,5,5,Unranked,Unranked,Unranked,0,5,0,0,Unranked,0,5,0,0,Unranked,0,5,0,0,0
https://openalex.org/W1974379352,08926875,Q2,,1,1,Q1,Q1,Q2,0,2,1,1,Q1,1,1,1,1,Q1,1,1,1,1,0
https://openalex.org/W1974384634,03767388,Q1,,1,1,Q1,Q1,Q1,1,1,1,1,Q1,1,1,1,1,Q1,1,1,1,1,1
https://openalex.org/W1974411567,15237052,Q1,,1,1,Q1,Q1,Q1,1,1,1,1,Q1,1,1,1,1,Q1,1,1,1,1,1
https://openalex.org/W1974421760,00218995,Q1,,2,2,Q2,Q2,Q1,1,1,1,1,Q2,0,2,1,1,Q2,0,2,1,1,1
https://openalex.org/W1974486496,15204766,-,,5,5,Unranked,Unranked,Unranked,0,5,0,0,Unranked,0,5,0,0,Unranked,0,5,0,0,0
https://openalex.org/W1974522274,09277757,-,,5,5,Unranked,Unranked,Unranked,0,5,0,0,Unranked,0,5,0,0,Unranked,0,5,0,0,0
https://openalex.org/W1974526844,1474905X,Q2,,2,2,Q2,Q2,Q2,0,2,1,1,Q2,0,2,1,1,Q2,0,2,1,1,0
https://openalex.org/W1974617770,01448617,Q2,,1,1,Q1,Q1,Q2,0,2,1,1,Q1,1,1,1,1,Q1,1,1,1,1,0
https://openalex.org/W1974631278,10836160,Q2,,1,1,Q1,Q1,Q2,0,2,1,1,Q1,1,1,1,1,Q1,1,1,1,1,0
https://openalex.org/W1974650061,00095893,Q2,,2,2,Q2,Q2,Q2,0,2,1,1,Q2,0,2,1,1,Q2,0,2,1,1,0
https://openalex.org/W1974650794,09168451,Q3,,2,2,Q2,Q2,Q3,0,3,0,1,Q2,0,2,1,1,Q2,0,2,1,1,0
https://openalex.org/W1974663222,09574484,Q1,,1,1,Q1,Q1,Q1,1,1,1,1,Q1,1,1,1,1,Q1,1,1,1,1,1
https://openalex.org/W1974701479,09270256,Q1,,1,1,Q1,Q1,Q1,1,1,1,1,Q1,1,1,1,1,Q1,1,1,1,1,1
https://openalex.org/W1974727112,00218561,Q1,,1,1,Q1,Q1,Q1,1,1,1,1,Q1,1,1,1,1,Q1,1,1,1,1,1
https://openalex.org/W1974735496,01672738,Q1,,1,1,Q1,Q1,Q1,1,1,1,1,Q1,1,1,1,1,Q1,1,1,1,1,1
https://openalex.org/W1974749693,09254005,-,,5,5,Unranked,Unranked,Unranked,0,5,0,0,Unranked,0,5,0,0,Unranked,0,5,0,0,0
https://openalex.org/W1974788729,15306984,Q1,,1,1,Q1,Q1,Q1,1,1,1,1,Q1,1,1,1,1,Q1,1,1,1,1,1
https://openalex.org/W1974801977,15700232,Q2,,1,1,Q1,Q1,Q2,0,2,1,1,Q1,1,1,1,1,Q1,1,1,1,1,0
https://openalex.org/W1974803935,00218561,Q1,,1,1,Q1,Q1,Q1,1,1,1,1,Q1,1,1,1,1,Q1,1,1,1,1,1
https://openalex.org/W1974851761,00108545,Q1,,1,1,Q1,Q1,Q1,1,1,1,1,Q1,1,1,1,1,Q1,1,1,1,1,1
https://openalex.org/W1974871459,03667022,Q2,,2,2,Q2,Q2,Q2,0,2,1,1,Q2,0,2,1,1,Q2,0,2,1,1,0
https://openalex.org/W1974912240,09680896,Q2,,1,1,Q1,Q1,Q2,0,2,1,1,Q1,1,1,1,1,Q1,1,1,1,1,0
https://openalex.org/W1974919480,09280707,Q1,,2,2,Q2,Q2,Q1,1,1,1,1,Q2,0,2,1,1,Q2,0,2,1,1,1
https://openalex.org/W1974925207,15237052,Q1,,1,1,Q1,Q1,Q1,1,1,1,1,Q1,1,1,1,1,Q1,1,1,1,1,1
https://openalex.org/W1974965530,15237052,Q1,,1,1,Q1,Q1,Q1,1,1,1,1,Q1,1,1,1,1,Q1,1,1,1,1,1
https://openalex.org/W1974999387,01496395,Q2,,2,2,Q2,Q2,Q2,0,2,1,1,Q2,0,2,1,1,Q2,0,2,1,1,0
https://openalex.org/W1975000974,02552701,Q2,,1,1,Q1,Q1,Q2,0,2,1,1,Q1,1,1,1,1,Q1,1,1,1,1,0
https://openalex.org/W1975002713,00032670,Q1,,1,1,Q1,Q1,Q1,1,1,1,1,Q1,1,1,1,1,Q1,1,1,1,1,1
https://openalex.org/W1975018366,00032700,Q1,,1,1,Q1,Q1,Q1,1,1,1,1,Q1,1,1,1,1,Q1,1,1,1,1,1
https://openalex.org/W1975054319,00219673,Q1,,1,1,Q1,Q1,Q1,1,1,1,1,Q1,1,1,1,1,Q1,1,1,1,1,1
https://openalex.org/W1975067309,09565663,Q1,,1,1,Q1,Q1,Q1,1,1,1,1,Q1,1,1,1,1,Q1,1,1,1,1,1
https://openalex.org/W1975072677,00084042,Q2,,2,2,Q2,Q2,Q2,0,2,1,1,Q2,0,2,1,1,Q2,0,2,1,1,0
https://openalex.org/W1975108820,00027863,Q1,,1,1,Q1,Q1,Q1,1,1,1,1,Q1,1,1,1,1,Q1,1,1,1,1,1
https://openalex.org/W1975128728,00323861,Q1,,1,1,Q1,Q1,Q1,1,1,1,1,Q1,1,1,1,1,Q1,1,1,1,1,1
https://openalex.org/W1975140429,00220248,Q1,,2,2,Q2,Q2,Q1,1,1,1,1,Q2,0,2,1,1,Q2,0,2,1,1,1
https://openalex.org/W1975181857,13882481,Q1,,1,1,Q1,Q1,Q1,1,1,1,1,Q1,1,1,1,1,Q1,1,1,1,1,1
https://openalex.org/W1975192646,01694243,Q2,,2,2,Q2,Q2,Q2,0,2,1,1,Q2,0,2,1,1,Q2,0,2,1,1,0
https://openalex.org/W1975206758,00027863,Q1,,1,1,Q1,Q1,Q1,1,1,1,1,Q1,1,1,1,1,Q1,1,1,1,1,1
https://openalex.org/W1975207172,14690667,Q3,,3,3,Q3,Q3,Q3,0,3,0,1,Q3,0,3,0,1,Q3,0,3,0,1,0
https://openalex.org/W1975266888,00095893,Q2,,2,2,Q2,Q2,Q2,0,2,1,1,Q2,0,2,1,1,Q2,0,2,1,1,0
https://openalex.org/W1975284500,01694332,-,,5,5,Unranked,Unranked,Unranked,0,5,0,0,Unranked,0,5,0,0,Unranked,0,5,0,0,0
https://openalex.org/W1975318609,00094536,Q3,,3,3,Q3,Q3,Q3,0,3,0,1,Q3,0,3,0,1,Q3,0,3,0,1,0
https://openalex.org/W1975321361,10973958,Q3,,3,3,Q3,Q3,Q3,0,3,0,1,Q3,0,3,0,1,Q3,0,3,0,1,0
https://openalex.org/W1975326927,00220248,Q1,,2,2,Q2,Q2,Q1,1,1,1,1,Q2,0,2,1,1,Q2,0,2,1,1,1
https://openalex.org/W1975350357,00397911,Q3,,3,3,Q3,Q3,Q3,0,3,0,1,Q3,0,3,0,1,Q3,0,3,0,1,0
https://openalex.org/W1975372341,00032670,Q1,,1,1,Q1,Q1,Q1,1,1,1,1,Q1,1,1,1,1,Q1,1,1,1,1,1
https://openalex.org/W1975411833,01730835,Q1,,1,1,Q1,Q1,Q1,1,1,1,1,Q1,1,1,1,1,Q1,1,1,1,1,1
https://openalex.org/W1975437053,10895639,Q1,,1,1,Q1,Q1,Q1,1,1,1,1,Q1,1,1,1,1,Q1,1,1,1,1,1
https://openalex.org/W1975437340,00224596,Q2,,2,2,Q2,Q2,Q2,0,2,1,1,Q2,0,2,1,1,Q2,0,2,1,1,0
https://openalex.org/W1975439129,00219037,Q4,,4,4,Q4,Q4,Q4,0,4,0,0,Q4,0,4,0,0,Q4,0,4,0,0,0
https://openalex.org/W1975441729,00220248,Q1,,2,2,Q2,Q2,Q1,1,1,1,1,Q2,0,2,1,1,Q2,0,2,1,1,1
https://openalex.org/W1975458642,00134651,Q1,,1,1,Q1,Q1,Q1,1,1,1,1,Q1,1,1,1,1,Q1,1,1,1,1,1
https://openalex.org/W1975535386,16182642,Q2,,1,1,Q1,Q1,Q2,0,2,1,1,Q1,1,1,1,1,Q1,1,1,1,1,0
https://openalex.org/W1975538387,00219673,Q1,,1,1,Q1,Q1,Q1,1,1,1,1,Q1,1,1,1,1,Q1,1,1,1,1,1
https://openalex.org/W1975565181,09205861,Q1,,1,1,Q1,Q1,Q1,1,1,1,1,Q1,1,1,1,1,Q1,1,1,1,1,1
https://openalex.org/W1975605971,00338230,Q3,,3,3,Q3,Q3,Q3,0,3,0,1,Q3,0,3,0,1,Q3,0,3,0,1,0
https://openalex.org/W1975615266,00219673,Q1,,1,1,Q1,Q1,Q1,1,1,1,1,Q1,1,1,1,1,Q1,1,1,1,1,1
https://openalex.org/W1975627007,00119164,Q1,,1,1,Q1,Q1,Q1,1,1,1,1,Q1,1,1,1,1,Q1,1,1,1,1,1
https://openalex.org/W1975627851,00086223,Q1,,1,1,Q1,Q1,Q1,1,1,1,1,Q1,1,1,1,1,Q1,1,1,1,1,1
https://openalex.org/W1975645534,13835866,Q1,,1,1,Q1,Q1,Q1,1,1,1,1,Q1,1,1,1,1,Q1,1,1,1,1,1
https://openalex.org/W1975658660,00095893,Q2,,2,2,Q2,Q2,Q2,0,2,1,1,Q2,0,2,1,1,Q2,0,2,1,1,0
https://openalex.org/W1975659377,00218561,Q1,,1,1,Q1,Q1,Q1,1,1,1,1,Q1,1,1,1,1,Q1,1,1,1,1,1
https://openalex.org/W1975691672,00219568,Q1,,1,1,Q1,Q1,Q1,1,1,1,1,Q1,1,1,1,1,Q1,1,1,1,1,1
https://openalex.org/W1975697922,10681620,Q4,,4,4,Q4,Q4,Q4,0,4,0,0,Q4,0,4,0,0,Q4,0,4,0,0,0
https://openalex.org/W1975699633,01634984,Q3,,3,3,Q3,Q3,Q3,0,3,0,1,Q3,0,3,0,1,Q3,0,3,0,1,0
https://openalex.org/W1975702463,14786419,Q3,,3,3,Q3,Q3,Q3,0,3,0,1,Q3,0,3,0,1,Q3,0,3,0,1,0
https://openalex.org/W1975704564,00220248,Q1,,2,2,Q2,Q2,Q1,1,1,1,1,Q2,0,2,1,1,Q2,0,2,1,1,1
https://openalex.org/W1975723649,10703284,Q4,,3,3,Q3,Q3,Q4,0,4,0,0,Q3,0,3,0,1,Q3,0,3,0,1,0
https://openalex.org/W1975736355,09491775,Q2,,2,2,Q2,Q2,Q2,0,2,1,1,Q2,0,2,1,1,Q2,0,2,1,1,0
https://openalex.org/W1975766739,02365731,Q3,,3,3,Q3,Q3,Q3,0,3,0,1,Q3,0,3,0,1,Q3,0,3,0,1,0
https://openalex.org/W1975768209,00218561,Q1,,1,1,Q1,Q1,Q1,1,1,1,1,Q1,1,1,1,1,Q1,1,1,1,1,1
https://openalex.org/W1975777233,02235234,Q2,,1,1,Q1,Q1,Q2,0,2,1,1,Q1,1,1,1,1,Q1,1,1,1,1,0
https://openalex.org/W1975791526,00026980,Q3,,4,4,Q4,Q4,Q3,0,3,0,1,Q4,0,4,0,0,Q4,0,4,0,0,0
https://openalex.org/W1975793472,09254005,-,,5,5,Unranked,Unranked,Unranked,0,5,0,0,Unranked,0,5,0,0,Unranked,0,5,0,0,0
https://openalex.org/W1975820071,00218995,Q1,,2,2,Q2,Q2,Q1,1,1,1,1,Q2,0,2,1,1,Q2,0,2,1,1,1
https://openalex.org/W1975853245,07306679,Q3,,3,3,Q3,Q3,Q3,0,3,0,1,Q3,0,3,0,1,Q3,0,3,0,1,0
https://openalex.org/W1975973425,09478396,Q1,,1,1,Q1,Q1,Q1,1,1,1,1,Q1,1,1,1,1,Q1,1,1,1,1,1
https://openalex.org/W1975980236,09253467,-,,5,5,Unranked,Unranked,Unranked,0,5,0,0,Unranked,0,5,0,0,Unranked,0,5,0,0,0
https://openalex.org/W1976005704,03667022,Q2,,2,2,Q2,Q2,Q2,0,2,1,1,Q2,0,2,1,1,Q2,0,2,1,1,0
https://openalex.org/W1976015186,00086223,Q1,,1,1,Q1,Q1,Q1,1,1,1,1,Q1,1,1,1,1,Q1,1,1,1,1,1
https://openalex.org/W1976087694,00219517,Q1,,1,1,Q1,Q1,Q1,1,1,1,1,Q1,1,1,1,1,Q1,1,1,1,1,1
https://openalex.org/W1976100561,00404039,Q1,,2,2,Q2,Q2,Q1,1,1,1,1,Q2,0,2,1,1,Q2,0,2,1,1,1
https://openalex.org/W1976101875,09254005,-,,5,5,Unranked,Unranked,Unranked,0,5,0,0,Unranked,0,5,0,0,Unranked,0,5,0,0,0
https://openalex.org/W1976152090,13861425,Q2,,2,2,Q2,Q2,Q2,0,2,1,1,Q2,0,2,1,1,Q2,0,2,1,1,0
https://openalex.org/W1976163349,00220248,Q1,,2,2,Q2,Q2,Q1,1,1,1,1,Q2,0,2,1,1,Q2,0,2,1,1,1
https://openalex.org/W1976167125,08885885,Q1,,1,1,Q1,Q1,Q1,1,1,1,1,Q1,1,1,1,1,Q1,1,1,1,1,1
https://openalex.org/W1976177854,00399140,Q1,,1,1,Q1,Q1,Q1,1,1,1,1,Q1,1,1,1,1,Q1,1,1,1,1,1
https://openalex.org/W1976198562,08968446,Q1,,1,1,Q1,Q1,Q1,1,1,1,1,Q1,1,1,1,1,Q1,1,1,1,1,1
https://openalex.org/W1976203595,00092363,Q2,,2,2,Q2,Q2,Q2,0,2,1,1,Q2,0,2,1,1,Q2,0,2,1,1,0
https://openalex.org/W1976221932,00027863,Q1,,1,1,Q1,Q1,Q1,1,1,1,1,Q1,1,1,1,1,Q1,1,1,1,1,1
https://openalex.org/W1976242130,15675394,Q2,,2,2,Q2,Q2,Q2,0,2,1,1,Q2,0,2,1,1,Q2,0,2,1,1,0
https://openalex.org/W1976249588,00134686,Q1,,1,1,Q1,Q1,Q1,1,1,1,1,Q1,1,1,1,1,Q1,1,1,1,1,1
https://openalex.org/W1976276170,00134651,Q1,,1,1,Q1,Q1,Q1,1,1,1,1,Q1,1,1,1,1,Q1,1,1,1,1,1
https://openalex.org/W1976292008,0026265X,Q2,,2,2,Q2,Q2,Q2,0,2,1,1,Q2,0,2,1,1,Q2,0,2,1,1,0
https://openalex.org/W1976320529,13408054,Q4,,3,3,Q3,Q3,Q4,0,4,0,0,Q3,0,3,0,1,Q3,0,3,0,1,0
https://openalex.org/W1976381962,15667367,Q1,,1,1,Q1,Q1,Q1,1,1,1,1,Q1,1,1,1,1,Q1,1,1,1,1,1
https://openalex.org/W1976415096,09277757,-,,5,5,Unranked,Unranked,Unranked,0,5,0,0,Unranked,0,5,0,0,Unranked,0,5,0,0,0
https://openalex.org/W1976415182,00032654,Q1,,1,1,Q1,Q1,Q1,1,1,1,1,Q1,1,1,1,1,Q1,1,1,1,1,1
https://openalex.org/W1976455232,09168451,Q3,,2,2,Q2,Q2,Q3,0,3,0,1,Q2,0,2,1,1,Q2,0,2,1,1,0
https://openalex.org/W1976481305,00219673,Q1,,1,1,Q1,Q1,Q1,1,1,1,1,Q1,1,1,1,1,Q1,1,1,1,1,1
https://openalex.org/W1976481531,05848547,Q1,,1,1,Q1,Q1,Q1,1,1,1,1,Q1,1,1,1,1,Q1,1,1,1,1,1
https://openalex.org/W1976482244,14786419,Q3,,3,3,Q3,Q3,Q3,0,3,0,1,Q3,0,3,0,1,Q3,0,3,0,1,0
https://openalex.org/W1976500808,14394227,Q1,,1,1,Q1,Q1,Q1,1,1,1,1,Q1,1,1,1,1,Q1,1,1,1,1,1
https://openalex.org/W1976510240,00399140,Q1,,1,1,Q1,Q1,Q1,1,1,1,1,Q1,1,1,1,1,Q1,1,1,1,1,1
https://openalex.org/W1976542819,02365731,Q3,,3,3,Q3,Q3,Q3,0,3,0,1,Q3,0,3,0,1,Q3,0,3,0,1,0
https://openalex.org/W1976554885,00218995,Q1,,2,2,Q2,Q2,Q1,1,1,1,1,Q2,0,2,1,1,Q2,0,2,1,1,1
https://openalex.org/W1976557420,14723581,Q1,,2,2,Q2,Q2,Q1,1,1,1,1,Q2,0,2,1,1,Q2,0,2,1,1,1
https://openalex.org/W1976587815,09205861,Q1,,1,1,Q1,Q1,Q1,1,1,1,1,Q1,1,1,1,1,Q1,1,1,1,1,1
https://openalex.org/W1976597315,00027863,Q1,,1,1,Q1,Q1,Q1,1,1,1,1,Q1,1,1,1,1,Q1,1,1,1,1,1
https://openalex.org/W1976612196,00219673,Q1,,1,1,Q1,Q1,Q1,1,1,1,1,Q1,1,1,1,1,Q1,1,1,1,1,1
https://openalex.org/W1976635566,07437463,Q1,,1,1,Q1,Q1,Q1,1,1,1,1,Q1,1,1,1,1,Q1,1,1,1,1,1
https://openalex.org/W1976645829,15353893,Q1,,1,1,Q1,Q1,Q1,1,1,1,1,Q1,1,1,1,1,Q1,1,1,1,1,1
https://openalex.org/W1976656452,03624803,Q3,,3,3,Q3,Q3,Q3,0,3,0,1,Q3,0,3,0,1,Q3,0,3,0,1,0
https://openalex.org/W1976658468,00218995,Q1,,2,2,Q2,Q2,Q1,1,1,1,1,Q2,0,2,1,1,Q2,0,2,1,1,1
https://openalex.org/W1976700994,15700232,Q2,,1,1,Q1,Q1,Q2,0,2,1,1,Q1,1,1,1,1,Q1,1,1,1,1,0
https://openalex.org/W1976725218,00032700,Q1,,1,1,Q1,Q1,Q1,1,1,1,1,Q1,1,1,1,1,Q1,1,1,1,1,1
https://openalex.org/W1976747515,09149244,Q3,,3,3,Q3,Q3,Q3,0,3,0,1,Q3,0,3,0,1,Q3,0,3,0,1,0
https://openalex.org/W1976774076,00018686,Q1,,1,1,Q1,Q1,Q1,1,1,1,1,Q1,1,1,1,1,Q1,1,1,1,1,1
https://openalex.org/W1976792951,15306984,Q1,,1,1,Q1,Q1,Q1,1,1,1,1,Q1,1,1,1,1,Q1,1,1,1,1,1
https://openalex.org/W1976806946,09599428,Q1,,1,1,Q1,Q1,Q1,1,1,1,1,Q1,1,1,1,1,Q1,1,1,1,1,1
https://openalex.org/W1976821513,00320943,Q2,,2,2,Q2,Q2,Q2,0,2,1,1,Q2,0,2,1,1,Q2,0,2,1,1,0
https://openalex.org/W1976862321,00218995,Q1,,2,2,Q2,Q2,Q1,1,1,1,1,Q2,0,2,1,1,Q2,0,2,1,1,1
https://openalex.org/W1976864347,00201669,Q1,,1,1,Q1,Q1,Q1,1,1,1,1,Q1,1,1,1,1,Q1,1,1,1,1,1
https://openalex.org/W1976872066,09242031,Q3,,3,3,Q3,Q3,Q3,0,3,0,1,Q3,0,3,0,1,Q3,0,3,0,1,0
https://openalex.org/W1976892233,00405795,Q4,,3,3,Q3,Q3,Q4,0,4,0,0,Q3,0,3,0,1,Q3,0,3,0,1,0
https://openalex.org/W1976894603,00032670,Q1,,1,1,Q1,Q1,Q1,1,1,1,1,Q1,1,1,1,1,Q1,1,1,1,1,1
https://openalex.org/W1976912318,01448617,Q2,,1,1,Q1,Q1,Q2,0,2,1,1,Q1,1,1,1,1,Q1,1,1,1,1,0
https://openalex.org/W1976947911,00218995,Q1,,2,2,Q2,Q2,Q1,1,1,1,1,Q2,0,2,1,1,Q2,0,2,1,1,1
https://openalex.org/W1976959722,03787753,Q1,,1,1,Q1,Q1,Q1,1,1,1,1,Q1,1,1,1,1,Q1,1,1,1,1,1
https://openalex.org/W1976963025,03787753,Q1,,1,1,Q1,Q1,Q1,1,1,1,1,Q1,1,1,1,1,Q1,1,1,1,1,1
https://openalex.org/W1976979559,01633864,Q1,,1,1,Q1,Q1,Q1,1,1,1,1,Q1,1,1,1,1,Q1,1,1,1,1,1
https://openalex.org/W1976988389,00027863,Q1,,1,1,Q1,Q1,Q1,1,1,1,1,Q1,1,1,1,1,Q1,1,1,1,1,1
https://openalex.org/W1976988696,09565663,Q1,,1,1,Q1,Q1,Q1,1,1,1,1,Q1,1,1,1,1,Q1,1,1,1,1,1
https://openalex.org/W1976992961,00027863,Q1,,1,1,Q1,Q1,Q1,1,1,1,1,Q1,1,1,1,1,Q1,1,1,1,1,1
https://openalex.org/W1977033337,1011372X,Q1,,1,1,Q1,Q1,Q1,1,1,1,1,Q1,1,1,1,1,Q1,1,1,1,1,1
https://openalex.org/W1977038700,14337851,Q1,,1,1,Q1,Q1,Q1,1,1,1,1,Q1,1,1,1,1,Q1,1,1,1,1,1
https://openalex.org/W1977054598,10836160,Q2,,1,1,Q1,Q1,Q2,0,2,1,1,Q1,1,1,1,1,Q1,1,1,1,1,0
https://openalex.org/W1977076977,14382377,Q1,,1,1,Q1,Q1,Q1,1,1,1,1,Q1,1,1,1,1,Q1,1,1,1,1,1
https://openalex.org/W1977093032,13877003,Q2,,2,2,Q2,Q2,Q2,0,2,1,1,Q2,0,2,1,1,Q2,0,2,1,1,0
https://openalex.org/W1977118002,13861425,Q2,,2,2,Q2,Q2,Q2,0,2,1,1,Q2,0,2,1,1,Q2,0,2,1,1,0
https://openalex.org/W1977126050,09277757,-,,5,5,Unranked,Unranked,Unranked,0,5,0,0,Unranked,0,5,0,0,Unranked,0,5,0,0,0
https://openalex.org/W1977135883,00218561,Q1,,1,1,Q1,Q1,Q1,1,1,1,1,Q1,1,1,1,1,Q1,1,1,1,1,1
https://openalex.org/W1977147886,01634984,Q3,,3,3,Q3,Q3,Q3,0,3,0,1,Q3,0,3,0,1,Q3,0,3,0,1,0
https://openalex.org/W1977161075,00218561,Q1,,1,1,Q1,Q1,Q1,1,1,1,1,Q1,1,1,1,1,Q1,1,1,1,1,1
https://openalex.org/W1977177620,00218561,Q1,,1,1,Q1,Q1,Q1,1,1,1,1,Q1,1,1,1,1,Q1,1,1,1,1,1
https://openalex.org/W1977178597,00201693,Q2,,2,2,Q2,Q2,Q2,0,2,1,1,Q2,0,2,1,1,Q2,0,2,1,1,0
https://openalex.org/W1977180107,02321300,Q2,,2,2,Q2,Q2,Q2,0,2,1,1,Q2,0,2,1,1,Q2,0,2,1,1,0
https://openalex.org/W1977194382,0265203X,Q1,,1,3,Q1,Q3,Q1,1,1,1,1,Q1,1,1,1,1,Q3,0,3,0,1,1
https://openalex.org/W1977199082,00218995,Q1,,2,2,Q2,Q2,Q1,1,1,1,1,Q2,0,2,1,1,Q2,0,2,1,1,1
https://openalex.org/W1977261130,0303402X,Q2,,2,2,Q2,Q2,Q2,0,2,1,1,Q2,0,2,1,1,Q2,0,2,1,1,0
https://openalex.org/W1977388662,14382377,Q1,,1,1,Q1,Q1,Q1,1,1,1,1,Q1,1,1,1,1,Q1,1,1,1,1,1
https://openalex.org/W1977409929,09253467,-,,5,5,Unranked,Unranked,Unranked,0,5,0,0,Unranked,0,5,0,0,Unranked,0,5,0,0,0
https://openalex.org/W1977422850,00027863,Q1,,1,1,Q1,Q1,Q1,1,1,1,1,Q1,1,1,1,1,Q1,1,1,1,1,1
https://openalex.org/W1977439028,02679477,Q1,,1,1,Q1,Q1,Q1,1,1,1,1,Q1,1,1,1,1,Q1,1,1,1,1,1
https://openalex.org/W1977444832,00220248,Q1,,2,2,Q2,Q2,Q1,1,1,1,1,Q2,0,2,1,1,Q2,0,2,1,1,1
https://openalex.org/W1977448002,00219568,Q1,,1,1,Q1,Q1,Q1,1,1,1,1,Q1,1,1,1,1,Q1,1,1,1,1,1
https://openalex.org/W1977452219,15204766,-,,5,5,Unranked,Unranked,Unranked,0,5,0,0,Unranked,0,5,0,0,Unranked,0,5,0,0,0
https://openalex.org/W1977473652,00086223,Q1,,1,1,Q1,Q1,Q1,1,1,1,1,Q1,1,1,1,1,Q1,1,1,1,1,1
https://openalex.org/W1977481495,07491581,Q2,,2,2,Q2,Q2,Q2,0,2,1,1,Q2,0,2,1,1,Q2,0,2,1,1,0
https://openalex.org/W1977492106,00102180,Q1,,1,1,Q1,Q1,Q1,1,1,1,1,Q1,1,1,1,1,Q1,1,1,1,1,1
https://openalex.org/W1977499611,09574166,Q1,,1,1,Q1,Q1,Q1,1,1,1,1,Q1,1,1,1,1,Q1,1,1,1,1,1
https://openalex.org/W1977512399,03787753,Q1,,1,1,Q1,Q1,Q1,1,1,1,1,Q1,1,1,1,1,Q1,1,1,1,1,1
https://openalex.org/W1977545004,0960894X,Q2,,2,2,Q2,Q2,Q2,0,2,1,1,Q2,0,2,1,1,Q2,0,2,1,1,0
https://openalex.org/W1977574969,00223263,Q1,,1,1,Q1,Q1,Q1,1,1,1,1,Q1,1,1,1,1,Q1,1,1,1,1,1
https://openalex.org/W1977578692,10619348,Q4,,4,4,Q4,Q4,Q4,0,4,0,0,Q4,0,4,0,0,Q4,0,4,0,0,0
https://openalex.org/W1977586982,00323888,Q1,,2,2,Q2,Q2,Q1,1,1,1,1,Q2,0,2,1,1,Q2,0,2,1,1,1
https://openalex.org/W1977587827,00456535,Q1,,1,1,Q1,Q1,Q1,1,1,1,1,Q1,1,1,1,1,Q1,1,1,1,1,1
https://openalex.org/W1977607492,00086215,Q2,,2,2,Q2,Q2,Q2,0,2,1,1,Q2,0,2,1,1,Q2,0,2,1,1,0
https://openalex.org/W1977608084,00220248,Q1,,2,2,Q2,Q2,Q1,1,1,1,1,Q2,0,2,1,1,Q2,0,2,1,1,1
https://openalex.org/W1977669006,02767333,Q1,,1,1,Q1,Q1,Q1,1,1,1,1,Q1,1,1,1,1,Q1,1,1,1,1,1
https://openalex.org/W1977669894,00092509,Q1,,1,1,Q1,Q1,Q1,1,1,1,1,Q1,1,1,1,1,Q1,1,1,1,1,1
https://openalex.org/W1977696571,01633864,Q1,,1,1,Q1,Q1,Q1,1,1,1,1,Q1,1,1,1,1,Q1,1,1,1,1,1
https://openalex.org/W1977719763,00218995,Q1,,2,2,Q2,Q2,Q1,1,1,1,1,Q2,0,2,1,1,Q2,0,2,1,1,1
https://openalex.org/W1977776896,00134651,Q1,,1,1,Q1,Q1,Q1,1,1,1,1,Q1,1,1,1,1,Q1,1,1,1,1,1
https://openalex.org/W1977776925,15700232,Q2,,1,1,Q1,Q1,Q2,0,2,1,1,Q1,1,1,1,1,Q1,1,1,1,1,0
https://openalex.org/W1977797071,02578972,Q1,,1,1,Q1,Q1,Q1,1,1,1,1,Q1,1,1,1,1,Q1,1,1,1,1,1
https://openalex.org/W1977819054,00397911,Q3,,3,3,Q3,Q3,Q3,0,3,0,1,Q3,0,3,0,1,Q3,0,3,0,1,0
https://openalex.org/W1977829343,09205861,Q1,,1,1,Q1,Q1,Q1,1,1,1,1,Q1,1,1,1,1,Q1,1,1,1,1,1
https://openalex.org/W1977829526,09660844,-,,5,5,Unranked,Unranked,Unranked,0,5,0,0,Unranked,0,5,0,0,Unranked,0,5,0,0,0
https://openalex.org/W1977950035,02775387,Q2,,2,2,Q2,Q2,Q2,0,2,1,1,Q2,0,2,1,1,Q2,0,2,1,1,0
https://openalex.org/W1977971252,15287483,Q1,,1,1,Q1,Q1,Q1,1,1,1,1,Q1,1,1,1,1,Q1,1,1,1,1,1
https://openalex.org/W1978025846,00220248,Q1,,2,2,Q2,Q2,Q1,1,1,1,1,Q2,0,2,1,1,Q2,0,2,1,1,1
https://openalex.org/W1978058685,09106340,Q3,,2,2,Q2,Q2,Q3,0,3,0,1,Q2,0,2,1,1,Q2,0,2,1,1,0
https://openalex.org/W1978073831,00220248,Q1,,2,2,Q2,Q2,Q1,1,1,1,1,Q2,0,2,1,1,Q2,0,2,1,1,1
https://openalex.org/W1978099268,00027863,Q1,,1,1,Q1,Q1,Q1,1,1,1,1,Q1,1,1,1,1,Q1,1,1,1,1,1
https://openalex.org/W1978115234,15237052,Q1,,1,1,Q1,Q1,Q1,1,1,1,1,Q1,1,1,1,1,Q1,1,1,1,1,1
https://openalex.org/W1978160175,02578972,Q1,,1,1,Q1,Q1,Q1,1,1,1,1,Q1,1,1,1,1,Q1,1,1,1,1,1
https://openalex.org/W1978172363,00219568,Q1,,1,1,Q1,Q1,Q1,1,1,1,1,Q1,1,1,1,1,Q1,1,1,1,1,1
https://openalex.org/W1978254363,01672738,Q1,,1,1,Q1,Q1,Q1,1,1,1,1,Q1,1,1,1,1,Q1,1,1,1,1,1
https://openalex.org/W1978256835,02578972,Q1,,1,1,Q1,Q1,Q1,1,1,1,1,Q1,1,1,1,1,Q1,1,1,1,1,1
https://openalex.org/W1978261243,07317085,Q2,,1,1,Q1,Q1,Q2,0,2,1,1,Q1,1,1,1,1,Q1,1,1,1,1,0
https://openalex.org/W1978268630,01730835,Q1,,1,1,Q1,Q1,Q1,1,1,1,1,Q1,1,1,1,1,Q1,1,1,1,1,1
https://openalex.org/W1978385339,02693879,Q3,,2,2,Q2,Q2,Q3,0,3,0,1,Q2,0,2,1,1,Q2,0,2,1,1,0
https://openalex.org/W1978396159,13835866,Q1,,1,1,Q1,Q1,Q1,1,1,1,1,Q1,1,1,1,1,Q1,1,1,1,1,1
https://openalex.org/W1978434632,01672738,Q1,,1,1,Q1,Q1,Q1,1,1,1,1,Q1,1,1,1,1,Q1,1,1,1,1,1
https://openalex.org/W1978463496,00027863,Q1,,1,1,Q1,Q1,Q1,1,1,1,1,Q1,1,1,1,1,Q1,1,1,1,1,1
https://openalex.org/W1978463739,15237052,Q1,,1,1,Q1,Q1,Q1,1,1,1,1,Q1,1,1,1,1,Q1,1,1,1,1,1
https://openalex.org/W1978468336,03787753,Q1,,1,1,Q1,Q1,Q1,1,1,1,1,Q1,1,1,1,1,Q1,1,1,1,1,1
https://openalex.org/W1978490973,01672738,Q1,,1,1,Q1,Q1,Q1,1,1,1,1,Q1,1,1,1,1,Q1,1,1,1,1,1
https://openalex.org/W1978513254,13835866,Q1,,1,1,Q1,Q1,Q1,1,1,1,1,Q1,1,1,1,1,Q1,1,1,1,1,1
https://openalex.org/W1978521303,0265203X,Q1,,1,3,Q1,Q3,Q1,1,1,1,1,Q1,1,1,1,1,Q3,0,3,0,1,1
https://openalex.org/W1978532967,03088146,Q1,,1,1,Q1,Q1,Q1,1,1,1,1,Q1,1,1,1,1,Q1,1,1,1,1,1
https://openalex.org/W1978584990,02679477,Q1,,1,1,Q1,Q1,Q1,1,1,1,1,Q1,1,1,1,1,Q1,1,1,1,1,1
https://openalex.org/W1978601686,00399140,Q1,,1,1,Q1,Q1,Q1,1,1,1,1,Q1,1,1,1,1,Q1,1,1,1,1,1
https://openalex.org/W1978602175,02578972,Q1,,1,1,Q1,Q1,Q1,1,1,1,1,Q1,1,1,1,1,Q1,1,1,1,1,1
https://openalex.org/W1978628915,00027863,Q1,,1,1,Q1,Q1,Q1,1,1,1,1,Q1,1,1,1,1,Q1,1,1,1,1,1
https://openalex.org/W1978672391,00143057,Q2,,1,1,Q1,Q1,Q2,0,2,1,1,Q1,1,1,1,1,Q1,1,1,1,1,0
https://openalex.org/W1978767556,09254005,-,,5,5,Unranked,Unranked,Unranked,0,5,0,0,Unranked,0,5,0,0,Unranked,0,5,0,0,0
https://openalex.org/W1978842082,00037028,Q2,,3,3,Q3,Q3,Q2,0,2,1,1,Q3,0,3,0,1,Q3,0,3,0,1,0
https://openalex.org/W1978848130,01633864,Q1,,1,1,Q1,Q1,Q1,1,1,1,1,Q1,1,1,1,1,Q1,1,1,1,1,1
https://openalex.org/W1978850870,02679477,Q1,,1,1,Q1,Q1,Q1,1,1,1,1,Q1,1,1,1,1,Q1,1,1,1,1,1
https://openalex.org/W1978872994,0003021X,Q2,,2,2,Q2,Q2,Q2,0,2,1,1,Q2,0,2,1,1,Q2,0,2,1,1,0
https://openalex.org/W1978990849,00134651,Q1,,1,1,Q1,Q1,Q1,1,1,1,1,Q1,1,1,1,1,Q1,1,1,1,1,1
https://openalex.org/W1979009188,00143057,Q2,,1,1,Q1,Q1,Q2,0,2,1,1,Q1,1,1,1,1,Q1,1,1,1,1,0
https://openalex.org/W1979085721,01677322,Q3,,2,2,Q2,Q2,Q3,0,3,0,1,Q2,0,2,1,1,Q2,0,2,1,1,0
https://openalex.org/W1979092461,00406031,Q3,,2,2,Q2,Q2,Q3,0,3,0,1,Q2,0,2,1,1,Q2,0,2,1,1,0
https://openalex.org/W1979117316,09254005,-,,5,5,Unranked,Unranked,Unranked,0,5,0,0,Unranked,0,5,0,0,Unranked,0,5,0,0,0
https://openalex.org/W1979126078,10990062,Q1,,1,1,Q1,Q1,Q1,1,1,1,1,Q1,1,1,1,1,Q1,1,1,1,1,1
https://openalex.org/W1979131198,00219673,Q1,,1,1,Q1,Q1,Q1,1,1,1,1,Q1,1,1,1,1,Q1,1,1,1,1,1
https://openalex.org/W1979193166,00218995,Q1,,2,2,Q2,Q2,Q1,1,1,1,1,Q2,0,2,1,1,Q2,0,2,1,1,1
https://openalex.org/W1979197633,14786419,Q3,,3,3,Q3,Q3,Q3,0,3,0,1,Q3,0,3,0,1,Q3,0,3,0,1,0
https://openalex.org/W1979223852,09106340,Q3,,2,2,Q2,Q2,Q3,0,3,0,1,Q2,0,2,1,1,Q2,0,2,1,1,0
https://openalex.org/W1979268418,0013936X,Q1,,1,1,Q1,Q1,Q1,1,1,1,1,Q1,1,1,1,1,Q1,1,1,1,1,1
https://openalex.org/W1979283237,00220248,Q1,,2,2,Q2,Q2,Q1,1,1,1,1,Q2,0,2,1,1,Q2,0,2,1,1,1
https://openalex.org/W1979298473,09253467,-,,5,5,Unranked,Unranked,Unranked,0,5,0,0,Unranked,0,5,0,0,Unranked,0,5,0,0,0
https://openalex.org/W1979301721,00094536,Q3,,3,3,Q3,Q3,Q3,0,3,0,1,Q3,0,3,0,1,Q3,0,3,0,1,0
https://openalex.org/W1979304206,09669795,Q1,,1,1,Q1,Q1,Q1,1,1,1,1,Q1,1,1,1,1,Q1,1,1,1,1,1
https://openalex.org/W1979310250,00119164,Q1,,1,1,Q1,Q1,Q1,1,1,1,1,Q1,1,1,1,1,Q1,1,1,1,1,1
https://openalex.org/W1979326512,15287483,Q1,,1,1,Q1,Q1,Q1,1,1,1,1,Q1,1,1,1,1,Q1,1,1,1,1,1
https://openalex.org/W1979328122,0021891X,Q2,,2,2,Q2,Q2,Q2,0,2,1,1,Q2,0,2,1,1,Q2,0,2,1,1,0
https://openalex.org/W1979341620,01448617,Q2,,1,1,Q1,Q1,Q2,0,2,1,1,Q1,1,1,1,1,Q1,1,1,1,1,0
https://openalex.org/W1979346111,02767333,Q1,,1,1,Q1,Q1,Q1,1,1,1,1,Q1,1,1,1,1,Q1,1,1,1,1,1
https://openalex.org/W1979369055,00220248,Q1,,2,2,Q2,Q2,Q1,1,1,1,1,Q2,0,2,1,1,Q2,0,2,1,1,1
https://openalex.org/W1979377017,07366299,Q2,,2,2,Q2,Q2,Q2,0,2,1,1,Q2,0,2,1,1,Q2,0,2,1,1,0
https://openalex.org/W1979378404,08943230,Q2,,2,2,Q2,Q2,Q2,0,2,1,1,Q2,0,2,1,1,Q2,0,2,1,1,0
https://openalex.org/W1979380139,00032670,Q1,,1,1,Q1,Q1,Q1,1,1,1,1,Q1,1,1,1,1,Q1,1,1,1,1,1
https://openalex.org/W1979404279,15237052,Q1,,1,1,Q1,Q1,Q1,1,1,1,1,Q1,1,1,1,1,Q1,1,1,1,1,1
https://openalex.org/W1979409120,00218995,Q1,,2,2,Q2,Q2,Q1,1,1,1,1,Q2,0,2,1,1,Q2,0,2,1,1,1
https://openalex.org/W1979409271,10765174,Q1,,1,1,Q1,Q1,Q1,1,1,1,1,Q1,1,1,1,1,Q1,1,1,1,1,1
https://openalex.org/W1979438845,00224596,Q2,,2,2,Q2,Q2,Q2,0,2,1,1,Q2,0,2,1,1,Q2,0,2,1,1,0
https://openalex.org/W1979456452,15985032,Q3,,3,3,Q3,Q3,Q3,0,3,0,1,Q3,0,3,0,1,Q3,0,3,0,1,0
https://openalex.org/W1979470450,10895639,Q1,,1,1,Q1,Q1,Q1,1,1,1,1,Q1,1,1,1,1,Q1,1,1,1,1,1
https://openalex.org/W1979473941,02578972,Q1,,1,1,Q1,Q1,Q1,1,1,1,1,Q1,1,1,1,1,Q1,1,1,1,1,1
https://openalex.org/W1979486043,05848547,Q1,,1,1,Q1,Q1,Q1,1,1,1,1,Q1,1,1,1,1,Q1,1,1,1,1,1
https://openalex.org/W1979530264,01694332,-,,5,5,Unranked,Unranked,Unranked,0,5,0,0,Unranked,0,5,0,0,Unranked,0,5,0,0,0
https://openalex.org/W1979538756,02552701,Q2,,1,1,Q1,Q1,Q2,0,2,1,1,Q1,1,1,1,1,Q1,1,1,1,1,0
https://openalex.org/W1979568104,09259635,Q1,,1,1,Q1,Q1,Q1,1,1,1,1,Q1,1,1,1,1,Q1,1,1,1,1,1
https://openalex.org/W1979577846,13873806,Q1,,2,2,Q2,Q2,Q1,1,1,1,1,Q2,0,2,1,1,Q2,0,2,1,1,1
https://openalex.org/W1979585187,09680896,Q2,,1,1,Q1,Q1,Q2,0,2,1,1,Q1,1,1,1,1,Q1,1,1,1,1,0
https://openalex.org/W1979672510,00092509,Q1,,1,1,Q1,Q1,Q1,1,1,1,1,Q1,1,1,1,1,Q1,1,1,1,1,1
https://openalex.org/W1979672734,00304018,Q1,,2,2,Q2,Q2,Q1,1,1,1,1,Q2,0,2,1,1,Q2,0,2,1,1,1
https://openalex.org/W1979697146,10440305,Q1,,1,1,Q1,Q1,Q1,1,1,1,1,Q1,1,1,1,1,Q1,1,1,1,1,1
https://openalex.org/W1979705567,13861425,Q2,,2,2,Q2,Q2,Q2,0,2,1,1,Q2,0,2,1,1,Q2,0,2,1,1,0
https://openalex.org/W1979718601,00219673,Q1,,1,1,Q1,Q1,Q1,1,1,1,1,Q1,1,1,1,1,Q1,1,1,1,1,1
https://openalex.org/W1979735318,00032670,Q1,,1,1,Q1,Q1,Q1,1,1,1,1,Q1,1,1,1,1,Q1,1,1,1,1,1
https://openalex.org/W1979739380,15237052,Q1,,1,1,Q1,Q1,Q1,1,1,1,1,Q1,1,1,1,1,Q1,1,1,1,1,1
https://openalex.org/W1979788701,08885885,Q1,,1,1,Q1,Q1,Q1,1,1,1,1,Q1,1,1,1,1,Q1,1,1,1,1,1
https://openalex.org/W1979796238,01694332,-,,5,5,Unranked,Unranked,Unranked,0,5,0,0,Unranked,0,5,0,0,Unranked,0,5,0,0,0
https://openalex.org/W1979811557,09205861,Q1,,1,1,Q1,Q1,Q1,1,1,1,1,Q1,1,1,1,1,Q1,1,1,1,1,1
https://openalex.org/W1979829288,00119164,Q1,,1,1,Q1,Q1,Q1,1,1,1,1,Q1,1,1,1,1,Q1,1,1,1,1,1
https://openalex.org/W1979844226,07317085,Q2,,1,1,Q1,Q1,Q2,0,2,1,1,Q1,1,1,1,1,Q1,1,1,1,1,0
https://openalex.org/W1979865112,01614940,Q1,,1,1,Q1,Q1,Q1,1,1,1,1,Q1,1,1,1,1,Q1,1,1,1,1,1
https://openalex.org/W1979918609,15985032,Q3,,3,3,Q3,Q3,Q3,0,3,0,1,Q3,0,3,0,1,Q3,0,3,0,1,0
https://openalex.org/W1979939136,01672738,Q1,,1,1,Q1,Q1,Q1,1,1,1,1,Q1,1,1,1,1,Q1,1,1,1,1,1
https://openalex.org/W1979946024,00094536,Q3,,3,3,Q3,Q3,Q3,0,3,0,1,Q3,0,3,0,1,Q3,0,3,0,1,0
https://openalex.org/W1979957541,0195928X,-,,5,5,Unranked,Unranked,Unranked,0,5,0,0,Unranked,0,5,0,0,Unranked,0,5,0,0,0
https://openalex.org/W1980031256,03787753,Q1,,1,1,Q1,Q1,Q1,1,1,1,1,Q1,1,1,1,1,Q1,1,1,1,1,1
https://openalex.org/W1980055016,10990062,Q1,,1,1,Q1,Q1,Q1,1,1,1,1,Q1,1,1,1,1,Q1,1,1,1,1,1
https://openalex.org/W1980107322,00219614,Q2,,1,1,Q1,Q1,Q2,0,2,1,1,Q1,1,1,1,1,Q1,1,1,1,1,0
https://openalex.org/W1980194637,00219673,Q1,,1,1,Q1,Q1,Q1,1,1,1,1,Q1,1,1,1,1,Q1,1,1,1,1,1
https://openalex.org/W1980236444,03767388,Q1,,1,1,Q1,Q1,Q1,1,1,1,1,Q1,1,1,1,1,Q1,1,1,1,1,1
https://openalex.org/W1980261097,00220248,Q1,,2,2,Q2,Q2,Q1,1,1,1,1,Q2,0,2,1,1,Q2,0,2,1,1,1
https://openalex.org/W1980270268,08885885,Q1,,1,1,Q1,Q1,Q1,1,1,1,1,Q1,1,1,1,1,Q1,1,1,1,1,1
https://openalex.org/W1980283053,00032670,Q1,,1,1,Q1,Q1,Q1,1,1,1,1,Q1,1,1,1,1,Q1,1,1,1,1,1
https://openalex.org/W1980285942,00201669,Q1,,1,1,Q1,Q1,Q1,1,1,1,1,Q1,1,1,1,1,Q1,1,1,1,1,1
https://openalex.org/W1980286655,09598103,-,,5,5,Unranked,Unranked,Unranked,0,5,0,0,Unranked,0,5,0,0,Unranked,0,5,0,0,0
https://openalex.org/W1980291333,08885885,Q1,,1,1,Q1,Q1,Q1,1,1,1,1,Q1,1,1,1,1,Q1,1,1,1,1,1
https://openalex.org/W1980316736,03767388,Q1,,1,1,Q1,Q1,Q1,1,1,1,1,Q1,1,1,1,1,Q1,1,1,1,1,1
https://openalex.org/W1980337989,03682048,Q2,,2,2,Q2,Q2,Q2,0,2,1,1,Q2,0,2,1,1,Q2,0,2,1,1,0
https://openalex.org/W1980380564,00399140,Q1,,1,1,Q1,Q1,Q1,1,1,1,1,Q1,1,1,1,1,Q1,1,1,1,1,1
https://openalex.org/W1980415388,02578972,Q1,,1,1,Q1,Q1,Q1,1,1,1,1,Q1,1,1,1,1,Q1,1,1,1,1,1
https://openalex.org/W1980461020,08974756,Q1,,1,1,Q1,Q1,Q1,1,1,1,1,Q1,1,1,1,1,Q1,1,1,1,1,1
https://openalex.org/W1980471176,00162361,Q1,,1,1,Q1,Q1,Q1,1,1,1,1,Q1,1,1,1,1,Q1,1,1,1,1,1
https://openalex.org/W1980511716,00338230,Q3,,3,3,Q3,Q3,Q3,0,3,0,1,Q3,0,3,0,1,Q3,0,3,0,1,0
https://openalex.org/W1980563481,08885885,Q1,,1,1,Q1,Q1,Q1,1,1,1,1,Q1,1,1,1,1,Q1,1,1,1,1,1
https://openalex.org/W1980592219,00027863,Q1,,1,1,Q1,Q1,Q1,1,1,1,1,Q1,1,1,1,1,Q1,1,1,1,1,1
https://openalex.org/W1980603125,03787753,Q1,,1,1,Q1,Q1,Q1,1,1,1,1,Q1,1,1,1,1,Q1,1,1,1,1,1
https://openalex.org/W1980613216,00086223,Q1,,1,1,Q1,Q1,Q1,1,1,1,1,Q1,1,1,1,1,Q1,1,1,1,1,1
https://openalex.org/W1980614812,13886150,Q3,,3,3,Q3,Q3,Q3,0,3,0,1,Q3,0,3,0,1,Q3,0,3,0,1,0
https://openalex.org/W1980632655,00220248,Q1,,2,2,Q2,Q2,Q1,1,1,1,1,Q2,0,2,1,1,Q2,0,2,1,1,1
https://openalex.org/W1980654157,00222860,Q2,,3,3,Q3,Q3,Q2,0,2,1,1,Q3,0,3,0,1,Q3,0,3,0,1,0
https://openalex.org/W1980657489,09660844,-,,5,5,Unranked,Unranked,Unranked,0,5,0,0,Unranked,0,5,0,0,Unranked,0,5,0,0,0
https://openalex.org/W1980659106,1011372X,Q1,,1,1,Q1,Q1,Q1,1,1,1,1,Q1,1,1,1,1,Q1,1,1,1,1,1
https://openalex.org/W1980685560,13861425,Q2,,2,2,Q2,Q2,Q2,0,2,1,1,Q2,0,2,1,1,Q2,0,2,1,1,0
https://openalex.org/W1980697115,10990690,Q1,,1,1,Q1,Q1,Q1,1,1,1,1,Q1,1,1,1,1,Q1,1,1,1,1,1
https://openalex.org/W1980726718,00134651,Q1,,1,1,Q1,Q1,Q1,1,1,1,1,Q1,1,1,1,1,Q1,1,1,1,1,1
https://openalex.org/W1980757635,13408054,Q4,,3,3,Q3,Q3,Q4,0,4,0,0,Q3,0,3,0,1,Q3,0,3,0,1,0
https://openalex.org/W1980782191,09149244,Q3,,3,3,Q3,Q3,Q3,0,3,0,1,Q3,0,3,0,1,Q3,0,3,0,1,0
https://openalex.org/W1980828750,00399140,Q1,,1,1,Q1,Q1,Q1,1,1,1,1,Q1,1,1,1,1,Q1,1,1,1,1,1
https://openalex.org/W1980867817,13597345,Q1,,1,1,Q1,Q1,Q1,1,1,1,1,Q1,1,1,1,1,Q1,1,1,1,1,1
https://openalex.org/W1980893691,14382377,Q1,,1,1,Q1,Q1,Q1,1,1,1,1,Q1,1,1,1,1,Q1,1,1,1,1,1
https://openalex.org/W1980895792,00218995,Q1,,2,2,Q2,Q2,Q1,1,1,1,1,Q2,0,2,1,1,Q2,0,2,1,1,1
https://openalex.org/W1980912709,00221139,Q2,,2,2,Q2,Q2,Q2,0,2,1,1,Q2,0,2,1,1,Q2,0,2,1,1,0
https://openalex.org/W1980969807,00219673,Q1,,1,1,Q1,Q1,Q1,1,1,1,1,Q1,1,1,1,1,Q1,1,1,1,1,1
https://openalex.org/W1980973501,00323861,Q1,,1,1,Q1,Q1,Q1,1,1,1,1,Q1,1,1,1,1,Q1,1,1,1,1,1
https://openalex.org/W1980981946,10106030,Q1,,1,1,Q1,Q1,Q1,1,1,1,1,Q1,1,1,1,1,Q1,1,1,1,1,1
https://openalex.org/W1980991703,00032700,Q1,,1,1,Q1,Q1,Q1,1,1,1,1,Q1,1,1,1,1,Q1,1,1,1,1,1
https://openalex.org/W1981010271,00223263,Q1,,1,1,Q1,Q1,Q1,1,1,1,1,Q1,1,1,1,1,Q1,1,1,1,1,1
https://openalex.org/W1981030754,00027863,Q1,,1,1,Q1,Q1,Q1,1,1,1,1,Q1,1,1,1,1,Q1,1,1,1,1,1
https://openalex.org/W1981035782,00498246,Q2,,3,3,Q3,Q3,Q2,0,2,1,1,Q3,0,3,0,1,Q3,0,3,0,1,0
https://openalex.org/W1981048014,00399140,Q1,,1,1,Q1,Q1,Q1,1,1,1,1,Q1,1,1,1,1,Q1,1,1,1,1,1
https://openalex.org/W1981057371,0003021X,Q2,,2,2,Q2,Q2,Q2,0,2,1,1,Q2,0,2,1,1,Q2,0,2,1,1,0
https://openalex.org/W1981071202,08926875,Q2,,1,1,Q1,Q1,Q2,0,2,1,1,Q1,1,1,1,1,Q1,1,1,1,1,0
https://openalex.org/W1981077083,09254005,-,,5,5,Unranked,Unranked,Unranked,0,5,0,0,Unranked,0,5,0,0,Unranked,0,5,0,0,0
https://openalex.org/W1981082432,0026265X,Q2,,2,2,Q2,Q2,Q2,0,2,1,1,Q2,0,2,1,1,Q2,0,2,1,1,0
https://openalex.org/W1981097521,00134651,Q1,,1,1,Q1,Q1,Q1,1,1,1,1,Q1,1,1,1,1,Q1,1,1,1,1,1
https://openalex.org/W1981167791,00399140,Q1,,1,1,Q1,Q1,Q1,1,1,1,1,Q1,1,1,1,1,Q1,1,1,1,1,1
https://openalex.org/W1981173571,15726657,Q1,,2,2,Q2,Q2,Q1,1,1,1,1,Q2,0,2,1,1,Q2,0,2,1,1,1
https://openalex.org/W1981180856,02365731,Q3,,3,3,Q3,Q3,Q3,0,3,0,1,Q3,0,3,0,1,Q3,0,3,0,1,0
https://openalex.org/W1981198143,02536269,Q3,,3,3,Q3,Q3,Q3,0,3,0,1,Q3,0,3,0,1,Q3,0,3,0,1,0
https://openalex.org/W1981223478,13597345,Q1,,1,1,Q1,Q1,Q1,1,1,1,1,Q1,1,1,1,1,Q1,1,1,1,1,1
https://openalex.org/W1981275373,00219673,Q1,,1,1,Q1,Q1,Q1,1,1,1,1,Q1,1,1,1,1,Q1,1,1,1,1,1
https://openalex.org/W1981281858,01672738,Q1,,1,1,Q1,Q1,Q1,1,1,1,1,Q1,1,1,1,1,Q1,1,1,1,1,1
https://openalex.org/W1981318531,10703632,Q4,,3,3,Q3,Q3,Q4,0,4,0,0,Q3,0,3,0,1,Q3,0,3,0,1,0
https://openalex.org/W1981321760,00218995,Q1,,2,2,Q2,Q2,Q1,1,1,1,1,Q2,0,2,1,1,Q2,0,2,1,1,1
https://openalex.org/W1981369213,02578972,Q1,,1,1,Q1,Q1,Q1,1,1,1,1,Q1,1,1,1,1,Q1,1,1,1,1,1
https://openalex.org/W1981378237,07437463,Q1,,1,1,Q1,Q1,Q1,1,1,1,1,Q1,1,1,1,1,Q1,1,1,1,1,1
https://openalex.org/W1981394136,09599436,Q2,,2,2,Q2,Q2,Q2,0,2,1,1,Q2,0,2,1,1,Q2,0,2,1,1,0
https://openalex.org/W1981422195,00397911,Q3,,3,3,Q3,Q3,Q3,0,3,0,1,Q3,0,3,0,1,Q3,0,3,0,1,0
https://openalex.org/W1981489468,1011372X,Q1,,1,1,Q1,Q1,Q1,1,1,1,1,Q1,1,1,1,1,Q1,1,1,1,1,1
https://openalex.org/W1981500059,08974756,Q1,,1,1,Q1,Q1,Q1,1,1,1,1,Q1,1,1,1,1,Q1,1,1,1,1,1
https://openalex.org/W1981533412,00027863,Q1,,1,1,Q1,Q1,Q1,1,1,1,1,Q1,1,1,1,1,Q1,1,1,1,1,1
https://openalex.org/W1981538145,00218561,Q1,,1,1,Q1,Q1,Q1,1,1,1,1,Q1,1,1,1,1,Q1,1,1,1,1,1
https://openalex.org/W1981600187,14779226,Q1,,1,1,Q1,Q1,Q1,1,1,1,1,Q1,1,1,1,1,Q1,1,1,1,1,1
https://openalex.org/W1981600996,00323861,Q1,,1,1,Q1,Q1,Q1,1,1,1,1,Q1,1,1,1,1,Q1,1,1,1,1,1
https://openalex.org/W1981616495,00027863,Q1,,1,1,Q1,Q1,Q1,1,1,1,1,Q1,1,1,1,1,Q1,1,1,1,1,1
https://openalex.org/W1981628228,00224073,Q2,,2,2,Q2,Q2,Q2,0,2,1,1,Q2,0,2,1,1,Q2,0,2,1,1,0
https://openalex.org/W1981638653,00032670,Q1,,1,1,Q1,Q1,Q1,1,1,1,1,Q1,1,1,1,1,Q1,1,1,1,1,1
https://openalex.org/W1981667122,00027863,Q1,,1,1,Q1,Q1,Q1,1,1,1,1,Q1,1,1,1,1,Q1,1,1,1,1,1
https://openalex.org/W1981674607,14639076,Q1,,1,1,Q1,Q1,Q1,1,1,1,1,Q1,1,1,1,1,Q1,1,1,1,1,1
https://openalex.org/W1981692409,00134651,Q1,,1,1,Q1,Q1,Q1,1,1,1,1,Q1,1,1,1,1,Q1,1,1,1,1,1
https://openalex.org/W1981698054,02728397,Q2,,2,2,Q2,Q2,Q2,0,2,1,1,Q2,0,2,1,1,Q2,0,2,1,1,0
https://openalex.org/W1981729015,01694332,-,,5,5,Unranked,Unranked,Unranked,0,5,0,0,Unranked,0,5,0,0,Unranked,0,5,0,0,0
https://openalex.org/W1981802314,00323861,Q1,,1,1,Q1,Q1,Q1,1,1,1,1,Q1,1,1,1,1,Q1,1,1,1,1,1
https://openalex.org/W1981804480,16182642,Q2,,1,1,Q1,Q1,Q2,0,2,1,1,Q1,1,1,1,1,Q1,1,1,1,1,0
https://openalex.org/W1981826496,00218561,Q1,,1,1,Q1,Q1,Q1,1,1,1,1,Q1,1,1,1,1,Q1,1,1,1,1,1
https://openalex.org/W1981864788,02578972,Q1,,1,1,Q1,Q1,Q1,1,1,1,1,Q1,1,1,1,1,Q1,1,1,1,1,1
https://openalex.org/W1981866415,01659936,Q1,,1,1,Q1,Q1,Q1,1,1,1,1,Q1,1,1,1,1,Q1,1,1,1,1,1
https://openalex.org/W1981886498,03667022,Q2,,2,2,Q2,Q2,Q2,0,2,1,1,Q2,0,2,1,1,Q2,0,2,1,1,0
https://openalex.org/W1981914761,00218995,Q1,,2,2,Q2,Q2,Q1,1,1,1,1,Q2,0,2,1,1,Q2,0,2,1,1,1
https://openalex.org/W1981926730,08885885,Q1,,1,1,Q1,Q1,Q1,1,1,1,1,Q1,1,1,1,1,Q1,1,1,1,1,1
https://openalex.org/W1981942843,1001604X,Q3,,3,2,Q3,Q2,Q3,0,3,0,1,Q3,0,3,0,1,Q2,0,2,1,1,0
https://openalex.org/W1981949726,01672738,Q1,,1,1,Q1,Q1,Q1,1,1,1,1,Q1,1,1,1,1,Q1,1,1,1,1,1
https://openalex.org/W1981953422,0010938X,Q1,,1,1,Q1,Q1,Q1,1,1,1,1,Q1,1,1,1,1,Q1,1,1,1,1,1
https://openalex.org/W1981980466,07317085,Q2,,1,1,Q1,Q1,Q2,0,2,1,1,Q1,1,1,1,1,Q1,1,1,1,1,0
https://openalex.org/W1981994534,00218995,Q1,,2,2,Q2,Q2,Q1,1,1,1,1,Q2,0,2,1,1,Q2,0,2,1,1,1
https://openalex.org/W1982057082,0036021X,Q2,,2,2,Q2,Q2,Q2,0,2,1,1,Q2,0,2,1,1,Q2,0,2,1,1,0
https://openalex.org/W1982060067,00218995,Q1,,2,2,Q2,Q2,Q1,1,1,1,1,Q2,0,2,1,1,Q2,0,2,1,1,1
https://openalex.org/W1982081765,00219517,Q1,,1,1,Q1,Q1,Q1,1,1,1,1,Q1,1,1,1,1,Q1,1,1,1,1,1
https://openalex.org/W1982085855,07373937,Q3,,2,2,Q2,Q2,Q3,0,3,0,1,Q2,0,2,1,1,Q2,0,2,1,1,0
https://openalex.org/W1982089801,00027863,Q1,,1,1,Q1,Q1,Q1,1,1,1,1,Q1,1,1,1,1,Q1,1,1,1,1,1
https://openalex.org/W1982148861,01496395,Q2,,2,2,Q2,Q2,Q2,0,2,1,1,Q2,0,2,1,1,Q2,0,2,1,1,0
https://openalex.org/W1982154116,13873806,Q1,,2,2,Q2,Q2,Q1,1,1,1,1,Q2,0,2,1,1,Q2,0,2,1,1,1
https://openalex.org/W1982154642,02679477,Q1,,1,1,Q1,Q1,Q1,1,1,1,1,Q1,1,1,1,1,Q1,1,1,1,1,1
https://openalex.org/W1982180245,00218561,Q1,,1,1,Q1,Q1,Q1,1,1,1,1,Q1,1,1,1,1,Q1,1,1,1,1,1
https://openalex.org/W1982190795,07491581,Q2,,2,2,Q2,Q2,Q2,0,2,1,1,Q2,0,2,1,1,Q2,0,2,1,1,0
https://openalex.org/W1982194312,01694332,-,,5,5,Unranked,Unranked,Unranked,0,5,0,0,Unranked,0,5,0,0,Unranked,0,5,0,0,0
https://openalex.org/W1982234554,03787753,Q1,,1,1,Q1,Q1,Q1,1,1,1,1,Q1,1,1,1,1,Q1,1,1,1,1,1
https://openalex.org/W1982250026,00162361,Q1,,1,1,Q1,Q1,Q1,1,1,1,1,Q1,1,1,1,1,Q1,1,1,1,1,1
https://openalex.org/W1982250537,00404039,Q1,,2,2,Q2,Q2,Q1,1,1,1,1,Q2,0,2,1,1,Q2,0,2,1,1,1
https://openalex.org/W1982254074,00086215,Q2,,2,2,Q2,Q2,Q2,0,2,1,1,Q2,0,2,1,1,Q2,0,2,1,1,0
https://openalex.org/W1982299903,00405760,Q4,,3,3,Q3,Q3,Q4,0,4,0,0,Q3,0,3,0,1,Q3,0,3,0,1,0
https://openalex.org/W1982308000,00399140,Q1,,1,1,Q1,Q1,Q1,1,1,1,1,Q1,1,1,1,1,Q1,1,1,1,1,1
https://openalex.org/W1982325492,00218995,Q1,,2,2,Q2,Q2,Q1,1,1,1,1,Q2,0,2,1,1,Q2,0,2,1,1,1
https://openalex.org/W1982328305,00032670,Q1,,1,1,Q1,Q1,Q1,1,1,1,1,Q1,1,1,1,1,Q1,1,1,1,1,1
https://openalex.org/W1982340661,10221336,Q1,,1,1,Q1,Q1,Q1,1,1,1,1,Q1,1,1,1,1,Q1,1,1,1,1,1
https://openalex.org/W1982361996,02578972,Q1,,1,1,Q1,Q1,Q1,1,1,1,1,Q1,1,1,1,1,Q1,1,1,1,1,1
https://openalex.org/W1982382706,00037028,Q2,,3,3,Q3,Q3,Q2,0,2,1,1,Q3,0,3,0,1,Q3,0,3,0,1,0
https://openalex.org/W1982478482,00218561,Q1,,1,1,Q1,Q1,Q1,1,1,1,1,Q1,1,1,1,1,Q1,1,1,1,1,1
https://openalex.org/W1982483545,01496395,Q2,,2,2,Q2,Q2,Q2,0,2,1,1,Q2,0,2,1,1,Q2,0,2,1,1,0
https://openalex.org/W1982495166,00399140,Q1,,1,1,Q1,Q1,Q1,1,1,1,1,Q1,1,1,1,1,Q1,1,1,1,1,1
https://openalex.org/W1982559998,13858947,Q1,,1,1,Q1,Q1,Q1,1,1,1,1,Q1,1,1,1,1,Q1,1,1,1,1,1
https://openalex.org/W1982578985,13861425,Q2,,2,2,Q2,Q2,Q2,0,2,1,1,Q2,0,2,1,1,Q2,0,2,1,1,0
https://openalex.org/W1982592539,00218995,Q1,,2,2,Q2,Q2,Q1,1,1,1,1,Q2,0,2,1,1,Q2,0,2,1,1,1
https://openalex.org/W1982613201,14387492,Q2,,2,2,Q2,Q2,Q2,0,2,1,1,Q2,0,2,1,1,Q2,0,2,1,1,0
https://openalex.org/W1982640634,09254005,-,,5,5,Unranked,Unranked,Unranked,0,5,0,0,Unranked,0,5,0,0,Unranked,0,5,0,0,0
https://openalex.org/W1982650988,00219568,Q1,,1,1,Q1,Q1,Q1,1,1,1,1,Q1,1,1,1,1,Q1,1,1,1,1,1
https://openalex.org/W1982696115,00219568,Q1,,1,1,Q1,Q1,Q1,1,1,1,1,Q1,1,1,1,1,Q1,1,1,1,1,1
https://openalex.org/W1982700509,01633864,Q1,,1,1,Q1,Q1,Q1,1,1,1,1,Q1,1,1,1,1,Q1,1,1,1,1,1
https://openalex.org/W1982706105,00218561,Q1,,1,1,Q1,Q1,Q1,1,1,1,1,Q1,1,1,1,1,Q1,1,1,1,1,1
https://openalex.org/W1982714895,00338230,Q3,,3,3,Q3,Q3,Q3,0,3,0,1,Q3,0,3,0,1,Q3,0,3,0,1,0
https://openalex.org/W1982736420,00224766,Q4,,4,4,Q4,Q4,Q4,0,4,0,0,Q4,0,4,0,0,Q4,0,4,0,0,0
https://openalex.org/W1982738218,09253467,-,,5,5,Unranked,Unranked,Unranked,0,5,0,0,Unranked,0,5,0,0,Unranked,0,5,0,0,0
https://openalex.org/W1982750362,15237052,Q1,,1,1,Q1,Q1,Q1,1,1,1,1,Q1,1,1,1,1,Q1,1,1,1,1,1
https://openalex.org/W1982769644,0013936X,Q1,,1,1,Q1,Q1,Q1,1,1,1,1,Q1,1,1,1,1,Q1,1,1,1,1,1
https://openalex.org/W1982784675,09295607,Q2,,2,2,Q2,Q2,Q2,0,2,1,1,Q2,0,2,1,1,Q2,0,2,1,1,0
https://openalex.org/W1982791301,14382377,Q1,,1,1,Q1,Q1,Q1,1,1,1,1,Q1,1,1,1,1,Q1,1,1,1,1,1
https://openalex.org/W1982793098,03767388,Q1,,1,1,Q1,Q1,Q1,1,1,1,1,Q1,1,1,1,1,Q1,1,1,1,1,1
https://openalex.org/W1982804924,09106340,Q3,,2,2,Q2,Q2,Q3,0,3,0,1,Q2,0,2,1,1,Q2,0,2,1,1,0
https://openalex.org/W1982805719,00406031,Q3,,2,2,Q2,Q2,Q3,0,3,0,1,Q2,0,2,1,1,Q2,0,2,1,1,0
https://openalex.org/W1982833489,00218995,Q1,,2,2,Q2,Q2,Q1,1,1,1,1,Q2,0,2,1,1,Q2,0,2,1,1,1
https://openalex.org/W1982865677,10836160,Q2,,1,1,Q1,Q1,Q2,0,2,1,1,Q1,1,1,1,1,Q1,1,1,1,1,0
https://openalex.org/W1982935027,08885885,Q1,,1,1,Q1,Q1,Q1,1,1,1,1,Q1,1,1,1,1,Q1,1,1,1,1,1
https://openalex.org/W1983005263,01730835,Q1,,1,1,Q1,Q1,Q1,1,1,1,1,Q1,1,1,1,1,Q1,1,1,1,1,1
https://openalex.org/W1983016242,02578972,Q1,,1,1,Q1,Q1,Q1,1,1,1,1,Q1,1,1,1,1,Q1,1,1,1,1,1
https://openalex.org/W1983034456,01448617,Q2,,1,1,Q1,Q1,Q2,0,2,1,1,Q1,1,1,1,1,Q1,1,1,1,1,0
https://openalex.org/W1983074026,00218995,Q1,,2,2,Q2,Q2,Q1,1,1,1,1,Q2,0,2,1,1,Q2,0,2,1,1,1
https://openalex.org/W1983082150,00399140,Q1,,1,1,Q1,Q1,Q1,1,1,1,1,Q1,1,1,1,1,Q1,1,1,1,1,1
https://openalex.org/W1983111037,07317085,Q2,,1,1,Q1,Q1,Q2,0,2,1,1,Q1,1,1,1,1,Q1,1,1,1,1,0
https://openalex.org/W1983123480,09106340,Q3,,2,2,Q2,Q2,Q3,0,3,0,1,Q2,0,2,1,1,Q2,0,2,1,1,0
https://openalex.org/W1983144688,01496395,Q2,,2,2,Q2,Q2,Q2,0,2,1,1,Q2,0,2,1,1,Q2,0,2,1,1,0
https://openalex.org/W1983155804,01694332,-,,5,5,Unranked,Unranked,Unranked,0,5,0,0,Unranked,0,5,0,0,Unranked,0,5,0,0,0
https://openalex.org/W1983157266,09149244,Q3,,3,3,Q3,Q3,Q3,0,3,0,1,Q3,0,3,0,1,Q3,0,3,0,1,0
https://openalex.org/W1983199593,09254005,-,,5,5,Unranked,Unranked,Unranked,0,5,0,0,Unranked,0,5,0,0,Unranked,0,5,0,0,0
https://openalex.org/W1983213640,00218561,Q1,,1,1,Q1,Q1,Q1,1,1,1,1,Q1,1,1,1,1,Q1,1,1,1,1,1
https://openalex.org/W1983265032,01672738,Q1,,1,1,Q1,Q1,Q1,1,1,1,1,Q1,1,1,1,1,Q1,1,1,1,1,1
https://openalex.org/W1983276406,13877003,Q2,,2,2,Q2,Q2,Q2,0,2,1,1,Q2,0,2,1,1,Q2,0,2,1,1,0
https://openalex.org/W1983299141,02365731,Q3,,3,3,Q3,Q3,Q3,0,3,0,1,Q3,0,3,0,1,Q3,0,3,0,1,0
https://openalex.org/W1983301711,02365731,Q3,,3,3,Q3,Q3,Q3,0,3,0,1,Q3,0,3,0,1,Q3,0,3,0,1,0
https://openalex.org/W1983344364,01677322,Q3,,2,2,Q2,Q2,Q3,0,3,0,1,Q2,0,2,1,1,Q2,0,2,1,1,0
https://openalex.org/W1983353033,00027863,Q1,,1,1,Q1,Q1,Q1,1,1,1,1,Q1,1,1,1,1,Q1,1,1,1,1,1
https://openalex.org/W1983398529,08885885,Q1,,1,1,Q1,Q1,Q1,1,1,1,1,Q1,1,1,1,1,Q1,1,1,1,1,1
https://openalex.org/W1983400983,00397911,Q3,,3,3,Q3,Q3,Q3,0,3,0,1,Q3,0,3,0,1,Q3,0,3,0,1,0
https://openalex.org/W1983406813,02561115,Q2,,2,2,Q2,Q2,Q2,0,2,1,1,Q2,0,2,1,1,Q2,0,2,1,1,0
https://openalex.org/W1983458564,15667367,Q1,,1,1,Q1,Q1,Q1,1,1,1,1,Q1,1,1,1,1,Q1,1,1,1,1,1
https://openalex.org/W1983489375,09277765,Q2,,2,2,Q2,Q2,Q2,0,2,1,1,Q2,0,2,1,1,Q2,0,2,1,1,0
https://openalex.org/W1983492526,10990690,Q1,,1,1,Q1,Q1,Q1,1,1,1,1,Q1,1,1,1,1,Q1,1,1,1,1,1
https://openalex.org/W1983522644,15700232,Q2,,1,1,Q1,Q1,Q2,0,2,1,1,Q1,1,1,1,1,Q1,1,1,1,1,0
https://openalex.org/W1983527150,03682048,Q2,,2,2,Q2,Q2,Q2,0,2,1,1,Q2,0,2,1,1,Q2,0,2,1,1,0
https://openalex.org/W1983535132,00323861,Q1,,1,1,Q1,Q1,Q1,1,1,1,1,Q1,1,1,1,1,Q1,1,1,1,1,1
https://openalex.org/W1983544805,02693879,Q3,,2,2,Q2,Q2,Q3,0,3,0,1,Q2,0,2,1,1,Q2,0,2,1,1,0
https://openalex.org/W1983581676,10221336,Q1,,1,1,Q1,Q1,Q1,1,1,1,1,Q1,1,1,1,1,Q1,1,1,1,1,1
https://openalex.org/W1983585872,00027863,Q1,,1,1,Q1,Q1,Q1,1,1,1,1,Q1,1,1,1,1,Q1,1,1,1,1,1
https://openalex.org/W1983590312,08926875,Q2,,1,1,Q1,Q1,Q2,0,2,1,1,Q1,1,1,1,1,Q1,1,1,1,1,0
https://openalex.org/W1983600814,09226168,Q2,,2,2,Q2,Q2,Q2,0,2,1,1,Q2,0,2,1,1,Q2,0,2,1,1,0
https://openalex.org/W1983637804,0013936X,Q1,,1,1,Q1,Q1,Q1,1,1,1,1,Q1,1,1,1,1,Q1,1,1,1,1,1
https://openalex.org/W1983645327,02578972,Q1,,1,1,Q1,Q1,Q1,1,1,1,1,Q1,1,1,1,1,Q1,1,1,1,1,1
https://openalex.org/W1983646880,15237052,Q1,,1,1,Q1,Q1,Q1,1,1,1,1,Q1,1,1,1,1,Q1,1,1,1,1,1
https://openalex.org/W1983664826,09168451,Q3,,2,2,Q2,Q2,Q3,0,3,0,1,Q2,0,2,1,1,Q2,0,2,1,1,0
https://openalex.org/W1983674280,14779226,Q1,,1,1,Q1,Q1,Q1,1,1,1,1,Q1,1,1,1,1,Q1,1,1,1,1,1
https://openalex.org/W1983675529,15205207,Q1,,1,1,Q1,Q1,Q1,1,1,1,1,Q1,1,1,1,1,Q1,1,1,1,1,1
https://openalex.org/W1983679306,00218561,Q1,,1,1,Q1,Q1,Q1,1,1,1,1,Q1,1,1,1,1,Q1,1,1,1,1,1
https://openalex.org/W1983735934,00095893,Q2,,2,2,Q2,Q2,Q2,0,2,1,1,Q2,0,2,1,1,Q2,0,2,1,1,0
https://openalex.org/W1983749203,00094293,Q2,,2,2,Q2,Q2,Q2,0,2,1,1,Q2,0,2,1,1,Q2,0,2,1,1,0
https://openalex.org/W1983752386,01694332,-,,5,5,Unranked,Unranked,Unranked,0,5,0,0,Unranked,0,5,0,0,Unranked,0,5,0,0,0
https://openalex.org/W1983761642,00220248,Q1,,2,2,Q2,Q2,Q1,1,1,1,1,Q2,0,2,1,1,Q2,0,2,1,1,1
https://openalex.org/W1983786972,00027863,Q1,,1,1,Q1,Q1,Q1,1,1,1,1,Q1,1,1,1,1,Q1,1,1,1,1,1
https://openalex.org/W1983797497,0026265X,Q2,,2,2,Q2,Q2,Q2,0,2,1,1,Q2,0,2,1,1,Q2,0,2,1,1,0
https://openalex.org/W1983815225,00027863,Q1,,1,1,Q1,Q1,Q1,1,1,1,1,Q1,1,1,1,1,Q1,1,1,1,1,1
https://openalex.org/W1983834334,10225528,Q1,,1,1,Q1,Q1,Q1,1,1,1,1,Q1,1,1,1,1,Q1,1,1,1,1,1
https://openalex.org/W1983838691,00032700,Q1,,1,1,Q1,Q1,Q1,1,1,1,1,Q1,1,1,1,1,Q1,1,1,1,1,1
https://openalex.org/W1983839542,15334880,Q1,,3,2,Q3,Q2,Q1,1,1,1,1,Q3,0,3,0,1,Q2,0,2,1,1,1
https://openalex.org/W1983883409,00027863,Q1,,1,1,Q1,Q1,Q1,1,1,1,1,Q1,1,1,1,1,Q1,1,1,1,1,1
https://openalex.org/W1983886263,00404039,Q1,,2,2,Q2,Q2,Q1,1,1,1,1,Q2,0,2,1,1,Q2,0,2,1,1,1
https://openalex.org/W1983898934,07317085,Q2,,1,1,Q1,Q1,Q2,0,2,1,1,Q1,1,1,1,1,Q1,1,1,1,1,0
https://openalex.org/W1983941417,02682575,Q2,,2,2,Q2,Q2,Q2,0,2,1,1,Q2,0,2,1,1,Q2,0,2,1,1,0
https://openalex.org/W1983975954,00222313,Q1,,1,1,Q1,Q1,Q1,1,1,1,1,Q1,1,1,1,1,Q1,1,1,1,1,1
https://openalex.org/W1983993116,15237052,Q1,,1,1,Q1,Q1,Q1,1,1,1,1,Q1,1,1,1,1,Q1,1,1,1,1,1
https://openalex.org/W1983997865,13886150,Q3,,3,3,Q3,Q3,Q3,0,3,0,1,Q3,0,3,0,1,Q3,0,3,0,1,0
https://openalex.org/W1983999025,09253467,-,,5,5,Unranked,Unranked,Unranked,0,5,0,0,Unranked,0,5,0,0,Unranked,0,5,0,0,0
https://openalex.org/W1984014230,08926875,Q2,,1,1,Q1,Q1,Q2,0,2,1,1,Q1,1,1,1,1,Q1,1,1,1,1,0
https://openalex.org/W1984014884,10431802,Q1,,1,1,Q1,Q1,Q1,1,1,1,1,Q1,1,1,1,1,Q1,1,1,1,1,1
https://openalex.org/W1984024691,03787753,Q1,,1,1,Q1,Q1,Q1,1,1,1,1,Q1,1,1,1,1,Q1,1,1,1,1,1
https://openalex.org/W1984030839,00086215,Q2,,2,2,Q2,Q2,Q2,0,2,1,1,Q2,0,2,1,1,Q2,0,2,1,1,0
https://openalex.org/W1984075407,13886150,Q3,,3,3,Q3,Q3,Q3,0,3,0,1,Q3,0,3,0,1,Q3,0,3,0,1,0
https://openalex.org/W1984081334,14382377,Q1,,1,1,Q1,Q1,Q1,1,1,1,1,Q1,1,1,1,1,Q1,1,1,1,1,1
https://openalex.org/W1984090180,00134651,Q1,,1,1,Q1,Q1,Q1,1,1,1,1,Q1,1,1,1,1,Q1,1,1,1,1,1
https://openalex.org/W1984120629,00162361,Q1,,1,1,Q1,Q1,Q1,1,1,1,1,Q1,1,1,1,1,Q1,1,1,1,1,1
https://openalex.org/W1984135489,08885885,Q1,,1,1,Q1,Q1,Q1,1,1,1,1,Q1,1,1,1,1,Q1,1,1,1,1,1
https://openalex.org/W1984139403,00119164,Q1,,1,1,Q1,Q1,Q1,1,1,1,1,Q1,1,1,1,1,Q1,1,1,1,1,1
https://openalex.org/W1984161140,00027863,Q1,,1,1,Q1,Q1,Q1,1,1,1,1,Q1,1,1,1,1,Q1,1,1,1,1,1
https://openalex.org/W1984166448,00219673,Q1,,1,1,Q1,Q1,Q1,1,1,1,1,Q1,1,1,1,1,Q1,1,1,1,1,1
https://openalex.org/W1984180670,00119164,Q1,,1,1,Q1,Q1,Q1,1,1,1,1,Q1,1,1,1,1,Q1,1,1,1,1,1
https://openalex.org/W1984206365,00220248,Q1,,2,2,Q2,Q2,Q1,1,1,1,1,Q2,0,2,1,1,Q2,0,2,1,1,1
https://openalex.org/W1984221515,0013936X,Q1,,1,1,Q1,Q1,Q1,1,1,1,1,Q1,1,1,1,1,Q1,1,1,1,1,1
https://openalex.org/W1984265394,10990690,Q1,,1,1,Q1,Q1,Q1,1,1,1,1,Q1,1,1,1,1,Q1,1,1,1,1,1
https://openalex.org/W1984284642,07317085,Q2,,1,1,Q1,Q1,Q2,0,2,1,1,Q1,1,1,1,1,Q1,1,1,1,1,0
https://openalex.org/W1984297788,00219673,Q1,,1,1,Q1,Q1,Q1,1,1,1,1,Q1,1,1,1,1,Q1,1,1,1,1,1
https://openalex.org/W1984309184,00218561,Q1,,1,1,Q1,Q1,Q1,1,1,1,1,Q1,1,1,1,1,Q1,1,1,1,1,1
https://openalex.org/W1984309384,09277757,-,,5,5,Unranked,Unranked,Unranked,0,5,0,0,Unranked,0,5,0,0,Unranked,0,5,0,0,0
https://openalex.org/W1984327101,00456535,Q1,,1,1,Q1,Q1,Q1,1,1,1,1,Q1,1,1,1,1,Q1,1,1,1,1,1
https://openalex.org/W1984380315,09106340,Q3,,2,2,Q2,Q2,Q3,0,3,0,1,Q2,0,2,1,1,Q2,0,2,1,1,0
https://openalex.org/W1984381027,0013936X,Q1,,1,1,Q1,Q1,Q1,1,1,1,1,Q1,1,1,1,1,Q1,1,1,1,1,1
https://openalex.org/W1984406544,03404285,Q3,,3,3,Q3,Q3,Q3,0,3,0,1,Q3,0,3,0,1,Q3,0,3,0,1,0
https://openalex.org/W1984428745,00032670,Q1,,1,1,Q1,Q1,Q1,1,1,1,1,Q1,1,1,1,1,Q1,1,1,1,1,1
https://openalex.org/W1984458704,15726657,Q1,,2,2,Q2,Q2,Q1,1,1,1,1,Q2,0,2,1,1,Q2,0,2,1,1,1
https://openalex.org/W1984478808,09254005,-,,5,5,Unranked,Unranked,Unranked,0,5,0,0,Unranked,0,5,0,0,Unranked,0,5,0,0,0
https://openalex.org/W1984506799,15700232,Q2,,1,1,Q1,Q1,Q2,0,2,1,1,Q1,1,1,1,1,Q1,1,1,1,1,0
https://openalex.org/W1984509998,00323861,Q1,,1,1,Q1,Q1,Q1,1,1,1,1,Q1,1,1,1,1,Q1,1,1,1,1,1
https://openalex.org/W1984515078,02578972,Q1,,1,1,Q1,Q1,Q1,1,1,1,1,Q1,1,1,1,1,Q1,1,1,1,1,1
https://openalex.org/W1984517307,01694332,-,,5,5,Unranked,Unranked,Unranked,0,5,0,0,Unranked,0,5,0,0,Unranked,0,5,0,0,0
https://openalex.org/W1984542762,09205861,Q1,,1,1,Q1,Q1,Q1,1,1,1,1,Q1,1,1,1,1,Q1,1,1,1,1,1
https://openalex.org/W1984561137,00032670,Q1,,1,1,Q1,Q1,Q1,1,1,1,1,Q1,1,1,1,1,Q1,1,1,1,1,1
https://openalex.org/W1984603194,00032700,Q1,,1,1,Q1,Q1,Q1,1,1,1,1,Q1,1,1,1,1,Q1,1,1,1,1,1
https://openalex.org/W1984666836,14337851,Q1,,1,1,Q1,Q1,Q1,1,1,1,1,Q1,1,1,1,1,Q1,1,1,1,1,1
https://openalex.org/W1984679514,02578972,Q1,,1,1,Q1,Q1,Q1,1,1,1,1,Q1,1,1,1,1,Q1,1,1,1,1,1
https://openalex.org/W1984689115,00219673,Q1,,1,1,Q1,Q1,Q1,1,1,1,1,Q1,1,1,1,1,Q1,1,1,1,1,1
https://openalex.org/W1984742014,01496395,Q2,,2,2,Q2,Q2,Q2,0,2,1,1,Q2,0,2,1,1,Q2,0,2,1,1,0
https://openalex.org/W1984745685,00032654,Q1,,1,1,Q1,Q1,Q1,1,1,1,1,Q1,1,1,1,1,Q1,1,1,1,1,1
https://openalex.org/W1984758857,01694332,-,,5,5,Unranked,Unranked,Unranked,0,5,0,0,Unranked,0,5,0,0,Unranked,0,5,0,0,0
https://openalex.org/W1984770383,03787753,Q1,,1,1,Q1,Q1,Q1,1,1,1,1,Q1,1,1,1,1,Q1,1,1,1,1,1
https://openalex.org/W1984790982,09478396,Q1,,1,1,Q1,Q1,Q1,1,1,1,1,Q1,1,1,1,1,Q1,1,1,1,1,1
https://openalex.org/W1984819025,01694332,-,,5,5,Unranked,Unranked,Unranked,0,5,0,0,Unranked,0,5,0,0,Unranked,0,5,0,0,0
https://openalex.org/W1984820579,10895639,Q1,,1,1,Q1,Q1,Q1,1,1,1,1,Q1,1,1,1,1,Q1,1,1,1,1,1
https://openalex.org/W1984890697,10400400,Q3,,3,3,Q3,Q3,Q3,0,3,0,1,Q3,0,3,0,1,Q3,0,3,0,1,0
https://openalex.org/W1984940980,01694332,-,,5,5,Unranked,Unranked,Unranked,0,5,0,0,Unranked,0,5,0,0,Unranked,0,5,0,0,0
https://openalex.org/W1984967406,03624803,Q3,,3,3,Q3,Q3,Q3,0,3,0,1,Q3,0,3,0,1,Q3,0,3,0,1,0
https://openalex.org/W1984974388,13811991,Q2,,2,2,Q2,Q2,Q2,0,2,1,1,Q2,0,2,1,1,Q2,0,2,1,1,0
https://openalex.org/W1985041764,00323861,Q1,,1,1,Q1,Q1,Q1,1,1,1,1,Q1,1,1,1,1,Q1,1,1,1,1,1
https://openalex.org/W1985070001,00134686,Q1,,1,1,Q1,Q1,Q1,1,1,1,1,Q1,1,1,1,1,Q1,1,1,1,1,1
https://openalex.org/W1985088433,14328488,Q2,,2,2,Q2,Q2,Q2,0,2,1,1,Q2,0,2,1,1,Q2,0,2,1,1,0
https://openalex.org/W1985094629,15726657,Q1,,2,2,Q2,Q2,Q1,1,1,1,1,Q2,0,2,1,1,Q2,0,2,1,1,1
https://openalex.org/W1985097298,00221139,Q2,,2,2,Q2,Q2,Q2,0,2,1,1,Q2,0,2,1,1,Q2,0,2,1,1,0
https://openalex.org/W1985115004,00032670,Q1,,1,1,Q1,Q1,Q1,1,1,1,1,Q1,1,1,1,1,Q1,1,1,1,1,1
https://openalex.org/W1985121040,09680896,Q2,,1,1,Q1,Q1,Q2,0,2,1,1,Q1,1,1,1,1,Q1,1,1,1,1,0
https://openalex.org/W1985157549,14382377,Q1,,1,1,Q1,Q1,Q1,1,1,1,1,Q1,1,1,1,1,Q1,1,1,1,1,1
https://openalex.org/W1985158091,00399140,Q1,,1,1,Q1,Q1,Q1,1,1,1,1,Q1,1,1,1,1,Q1,1,1,1,1,1
https://openalex.org/W1985165040,00219673,Q1,,1,1,Q1,Q1,Q1,1,1,1,1,Q1,1,1,1,1,Q1,1,1,1,1,1
https://openalex.org/W1985171453,15237052,Q1,,1,1,Q1,Q1,Q1,1,1,1,1,Q1,1,1,1,1,Q1,1,1,1,1,1
https://openalex.org/W1985172956,1001604X,Q3,,3,2,Q3,Q2,Q3,0,3,0,1,Q3,0,3,0,1,Q2,0,2,1,1,0
https://openalex.org/W1985286924,15287483,Q1,,1,1,Q1,Q1,Q1,1,1,1,1,Q1,1,1,1,1,Q1,1,1,1,1,1
https://openalex.org/W1985287379,0013936X,Q1,,1,1,Q1,Q1,Q1,1,1,1,1,Q1,1,1,1,1,Q1,1,1,1,1,1
https://openalex.org/W1985306315,0960894X,Q2,,2,2,Q2,Q2,Q2,0,2,1,1,Q2,0,2,1,1,Q2,0,2,1,1,0
https://openalex.org/W1985320353,00032670,Q1,,1,1,Q1,Q1,Q1,1,1,1,1,Q1,1,1,1,1,Q1,1,1,1,1,1
https://openalex.org/W1985325394,02578972,Q1,,1,1,Q1,Q1,Q1,1,1,1,1,Q1,1,1,1,1,Q1,1,1,1,1,1
https://openalex.org/W1985388865,0030770X,Q1,,1,1,Q1,Q1,Q1,1,1,1,1,Q1,1,1,1,1,Q1,1,1,1,1,1
https://openalex.org/W1985426667,00027863,Q1,,1,1,Q1,Q1,Q1,1,1,1,1,Q1,1,1,1,1,Q1,1,1,1,1,1
https://openalex.org/W1985430744,13835866,Q1,,1,1,Q1,Q1,Q1,1,1,1,1,Q1,1,1,1,1,Q1,1,1,1,1,1
https://openalex.org/W1985464622,16159306,Q1,,1,1,Q1,Q1,Q1,1,1,1,1,Q1,1,1,1,1,Q1,1,1,1,1,1
https://openalex.org/W1985483192,0303402X,Q2,,2,2,Q2,Q2,Q2,0,2,1,1,Q2,0,2,1,1,Q2,0,2,1,1,0
https://openalex.org/W1985497487,00218995,Q1,,2,2,Q2,Q2,Q1,1,1,1,1,Q2,0,2,1,1,Q2,0,2,1,1,1
https://openalex.org/W1985512634,01694332,-,,5,5,Unranked,Unranked,Unranked,0,5,0,0,Unranked,0,5,0,0,Unranked,0,5,0,0,0
https://openalex.org/W1985517539,02578972,Q1,,1,1,Q1,Q1,Q1,1,1,1,1,Q1,1,1,1,1,Q1,1,1,1,1,1
https://openalex.org/W1985570210,10741542,Q3,,3,3,Q3,Q3,Q3,0,3,0,1,Q3,0,3,0,1,Q3,0,3,0,1,0
https://openalex.org/W1985586923,00119164,Q1,,1,1,Q1,Q1,Q1,1,1,1,1,Q1,1,1,1,1,Q1,1,1,1,1,1
https://openalex.org/W1985600760,10704272,Q4,,4,4,Q4,Q4,Q4,0,4,0,0,Q4,0,4,0,0,Q4,0,4,0,0,0
https://openalex.org/W1985607328,00222313,Q1,,1,1,Q1,Q1,Q1,1,1,1,1,Q1,1,1,1,1,Q1,1,1,1,1,1
https://openalex.org/W1985640224,03787753,Q1,,1,1,Q1,Q1,Q1,1,1,1,1,Q1,1,1,1,1,Q1,1,1,1,1,1
https://openalex.org/W1985652688,00219673,Q1,,1,1,Q1,Q1,Q1,1,1,1,1,Q1,1,1,1,1,Q1,1,1,1,1,1
https://openalex.org/W1985656731,07437463,Q1,,1,1,Q1,Q1,Q1,1,1,1,1,Q1,1,1,1,1,Q1,1,1,1,1,1
https://openalex.org/W1985701606,00219614,Q2,,1,1,Q1,Q1,Q2,0,2,1,1,Q1,1,1,1,1,Q1,1,1,1,1,0
https://openalex.org/W1985738768,10221336,Q1,,1,1,Q1,Q1,Q1,1,1,1,1,Q1,1,1,1,1,Q1,1,1,1,1,1
https://openalex.org/W1985743214,00399140,Q1,,1,1,Q1,Q1,Q1,1,1,1,1,Q1,1,1,1,1,Q1,1,1,1,1,1
https://openalex.org/W1985749191,00032670,Q1,,1,1,Q1,Q1,Q1,1,1,1,1,Q1,1,1,1,1,Q1,1,1,1,1,1
https://openalex.org/W1985754935,00399140,Q1,,1,1,Q1,Q1,Q1,1,1,1,1,Q1,1,1,1,1,Q1,1,1,1,1,1
https://openalex.org/W1985776159,01035053,Q2,,2,2,Q2,Q2,Q2,0,2,1,1,Q2,0,2,1,1,Q2,0,2,1,1,0
https://openalex.org/W1985808351,09680896,Q2,,1,1,Q1,Q1,Q2,0,2,1,1,Q1,1,1,1,1,Q1,1,1,1,1,0
https://openalex.org/W1985833471,00219673,Q1,,1,1,Q1,Q1,Q1,1,1,1,1,Q1,1,1,1,1,Q1,1,1,1,1,1
https://openalex.org/W1985843659,02682575,Q2,,2,2,Q2,Q2,Q2,0,2,1,1,Q2,0,2,1,1,Q2,0,2,1,1,0
https://openalex.org/W1985855083,00219606,Q1,,1,1,Q1,Q1,Q1,1,1,1,1,Q1,1,1,1,1,Q1,1,1,1,1,1
https://openalex.org/W1985865558,00095893,Q2,,2,2,Q2,Q2,Q2,0,2,1,1,Q2,0,2,1,1,Q2,0,2,1,1,0
https://openalex.org/W1985871355,01633864,Q1,,1,1,Q1,Q1,Q1,1,1,1,1,Q1,1,1,1,1,Q1,1,1,1,1,1
https://openalex.org/W1985915657,13835866,Q1,,1,1,Q1,Q1,Q1,1,1,1,1,Q1,1,1,1,1,Q1,1,1,1,1,1
https://openalex.org/W1985972058,00223263,Q1,,1,1,Q1,Q1,Q1,1,1,1,1,Q1,1,1,1,1,Q1,1,1,1,1,1
https://openalex.org/W1986005039,00102180,Q1,,1,1,Q1,Q1,Q1,1,1,1,1,Q1,1,1,1,1,Q1,1,1,1,1,1
https://openalex.org/W1986008803,00032700,Q1,,1,1,Q1,Q1,Q1,1,1,1,1,Q1,1,1,1,1,Q1,1,1,1,1,1
https://openalex.org/W1986040128,07317085,Q2,,1,1,Q1,Q1,Q2,0,2,1,1,Q1,1,1,1,1,Q1,1,1,1,1,0
https://openalex.org/W1986060307,0960894X,Q2,,2,2,Q2,Q2,Q2,0,2,1,1,Q2,0,2,1,1,Q2,0,2,1,1,0
https://openalex.org/W1986070179,00218995,Q1,,2,2,Q2,Q2,Q1,1,1,1,1,Q2,0,2,1,1,Q2,0,2,1,1,1
https://openalex.org/W1986082040,10106030,Q1,,1,1,Q1,Q1,Q1,1,1,1,1,Q1,1,1,1,1,Q1,1,1,1,1,1
https://openalex.org/W1986089708,10741542,Q3,,3,3,Q3,Q3,Q3,0,3,0,1,Q3,0,3,0,1,Q3,0,3,0,1,0
https://openalex.org/W1986103047,00027863,Q1,,1,1,Q1,Q1,Q1,1,1,1,1,Q1,1,1,1,1,Q1,1,1,1,1,1
https://openalex.org/W1986129774,00027863,Q1,,1,1,Q1,Q1,Q1,1,1,1,1,Q1,1,1,1,1,Q1,1,1,1,1,1
https://openalex.org/W1986140732,09219668,Q3,,1,1,Q1,Q1,Q3,0,3,0,1,Q1,1,1,1,1,Q1,1,1,1,1,0
https://openalex.org/W1986162713,13835866,Q1,,1,1,Q1,Q1,Q1,1,1,1,1,Q1,1,1,1,1,Q1,1,1,1,1,1
https://openalex.org/W1986178319,09574484,Q1,,1,1,Q1,Q1,Q1,1,1,1,1,Q1,1,1,1,1,Q1,1,1,1,1,1
https://openalex.org/W1986228157,13877003,Q2,,2,2,Q2,Q2,Q2,0,2,1,1,Q2,0,2,1,1,Q2,0,2,1,1,0
https://openalex.org/W1986247455,10400400,Q3,,3,3,Q3,Q3,Q3,0,3,0,1,Q3,0,3,0,1,Q3,0,3,0,1,0
https://openalex.org/W1986263439,01448617,Q2,,1,1,Q1,Q1,Q2,0,2,1,1,Q1,1,1,1,1,Q1,1,1,1,1,0
https://openalex.org/W1986290117,10895639,Q1,,1,1,Q1,Q1,Q1,1,1,1,1,Q1,1,1,1,1,Q1,1,1,1,1,1
https://openalex.org/W1986308974,02578972,Q1,,1,1,Q1,Q1,Q1,1,1,1,1,Q1,1,1,1,1,Q1,1,1,1,1,1
https://openalex.org/W1986336802,10431802,Q1,,1,1,Q1,Q1,Q1,1,1,1,1,Q1,1,1,1,1,Q1,1,1,1,1,1
https://openalex.org/W1986338528,03767388,Q1,,1,1,Q1,Q1,Q1,1,1,1,1,Q1,1,1,1,1,Q1,1,1,1,1,1
https://openalex.org/W1986340089,13886150,Q3,,3,3,Q3,Q3,Q3,0,3,0,1,Q3,0,3,0,1,Q3,0,3,0,1,0
https://openalex.org/W1986351685,00223263,Q1,,1,1,Q1,Q1,Q1,1,1,1,1,Q1,1,1,1,1,Q1,1,1,1,1,1
https://openalex.org/W1986352627,00027863,Q1,,1,1,Q1,Q1,Q1,1,1,1,1,Q1,1,1,1,1,Q1,1,1,1,1,1
https://openalex.org/W1986353006,03787753,Q1,,1,1,Q1,Q1,Q1,1,1,1,1,Q1,1,1,1,1,Q1,1,1,1,1,1
https://openalex.org/W1986382279,09485023,Q1,,3,3,Q3,Q3,Q1,1,1,1,1,Q3,0,3,0,1,Q3,0,3,0,1,1
https://openalex.org/W1986441197,15675394,Q2,,2,2,Q2,Q2,Q2,0,2,1,1,Q2,0,2,1,1,Q2,0,2,1,1,0
https://openalex.org/W1986476874,00404020,Q1,,1,1,Q1,Q1,Q1,1,1,1,1,Q1,1,1,1,1,Q1,1,1,1,1,1
https://openalex.org/W1986484545,00220248,Q1,,2,2,Q2,Q2,Q1,1,1,1,1,Q2,0,2,1,1,Q2,0,2,1,1,1
https://openalex.org/W1986490389,00220248,Q1,,2,2,Q2,Q2,Q1,1,1,1,1,Q2,0,2,1,1,Q2,0,2,1,1,1
https://openalex.org/W1986512434,03404285,Q3,,3,3,Q3,Q3,Q3,0,3,0,1,Q3,0,3,0,1,Q3,0,3,0,1,0
https://openalex.org/W1986565787,16182642,Q2,,1,1,Q1,Q1,Q2,0,2,1,1,Q1,1,1,1,1,Q1,1,1,1,1,0
https://openalex.org/W1986570545,00032670,Q1,,1,1,Q1,Q1,Q1,1,1,1,1,Q1,1,1,1,1,Q1,1,1,1,1,1
https://openalex.org/W1986608200,02578972,Q1,,1,1,Q1,Q1,Q1,1,1,1,1,Q1,1,1,1,1,Q1,1,1,1,1,1
https://openalex.org/W1986628970,15700232,Q2,,1,1,Q1,Q1,Q2,0,2,1,1,Q1,1,1,1,1,Q1,1,1,1,1,0
https://openalex.org/W1986635424,09205861,Q1,,1,1,Q1,Q1,Q1,1,1,1,1,Q1,1,1,1,1,Q1,1,1,1,1,1
https://openalex.org/W1986650458,0022328X,Q1,,2,2,Q2,Q2,Q1,1,1,1,1,Q2,0,2,1,1,Q2,0,2,1,1,1
https://openalex.org/W1986668162,03797112,Q2,,1,1,Q1,Q1,Q2,0,2,1,1,Q1,1,1,1,1,Q1,1,1,1,1,0
https://openalex.org/W1986717280,00201693,Q2,,2,2,Q2,Q2,Q2,0,2,1,1,Q2,0,2,1,1,Q2,0,2,1,1,0
https://openalex.org/W1986724293,15205207,Q1,,1,1,Q1,Q1,Q1,1,1,1,1,Q1,1,1,1,1,Q1,1,1,1,1,1
https://openalex.org/W1986731766,00032670,Q1,,1,1,Q1,Q1,Q1,1,1,1,1,Q1,1,1,1,1,Q1,1,1,1,1,1
https://openalex.org/W1986752852,00032670,Q1,,1,1,Q1,Q1,Q1,1,1,1,1,Q1,1,1,1,1,Q1,1,1,1,1,1
https://openalex.org/W1986753186,00032670,Q1,,1,1,Q1,Q1,Q1,1,1,1,1,Q1,1,1,1,1,Q1,1,1,1,1,1
https://openalex.org/W1986814904,09254005,-,,5,5,Unranked,Unranked,Unranked,0,5,0,0,Unranked,0,5,0,0,Unranked,0,5,0,0,0
https://openalex.org/W1986818583,00406031,Q3,,2,2,Q2,Q2,Q3,0,3,0,1,Q2,0,2,1,1,Q2,0,2,1,1,0
https://openalex.org/W1986859546,0003021X,Q2,,2,2,Q2,Q2,Q2,0,2,1,1,Q2,0,2,1,1,Q2,0,2,1,1,0
https://openalex.org/W1986875434,15205207,Q1,,1,1,Q1,Q1,Q1,1,1,1,1,Q1,1,1,1,1,Q1,1,1,1,1,1
https://openalex.org/W1986879008,10619348,Q4,,4,4,Q4,Q4,Q4,0,4,0,0,Q4,0,4,0,0,Q4,0,4,0,0,0
https://openalex.org/W1986897441,10286020,Q4,,3,3,Q3,Q3,Q4,0,4,0,0,Q3,0,3,0,1,Q3,0,3,0,1,0
https://openalex.org/W1986901948,00027863,Q1,,1,1,Q1,Q1,Q1,1,1,1,1,Q1,1,1,1,1,Q1,1,1,1,1,1
https://openalex.org/W1986916863,1011372X,Q1,,1,1,Q1,Q1,Q1,1,1,1,1,Q1,1,1,1,1,Q1,1,1,1,1,1
https://openalex.org/W1986943586,08885885,Q1,,1,1,Q1,Q1,Q1,1,1,1,1,Q1,1,1,1,1,Q1,1,1,1,1,1
https://openalex.org/W1986950825,13873806,Q1,,2,2,Q2,Q2,Q1,1,1,1,1,Q2,0,2,1,1,Q2,0,2,1,1,1
https://openalex.org/W1986955936,15237052,Q1,,1,1,Q1,Q1,Q1,1,1,1,1,Q1,1,1,1,1,Q1,1,1,1,1,1
https://openalex.org/W1986959673,00304018,Q1,,2,2,Q2,Q2,Q1,1,1,1,1,Q2,0,2,1,1,Q2,0,2,1,1,1
https://openalex.org/W1986966921,00134686,Q1,,1,1,Q1,Q1,Q1,1,1,1,1,Q1,1,1,1,1,Q1,1,1,1,1,1
https://openalex.org/W1986988048,14382377,Q1,,1,1,Q1,Q1,Q1,1,1,1,1,Q1,1,1,1,1,Q1,1,1,1,1,1
https://openalex.org/W1987054491,00032700,Q1,,1,1,Q1,Q1,Q1,1,1,1,1,Q1,1,1,1,1,Q1,1,1,1,1,1
https://openalex.org/W1987090787,01694332,-,,5,5,Unranked,Unranked,Unranked,0,5,0,0,Unranked,0,5,0,0,Unranked,0,5,0,0,0
https://openalex.org/W1987139776,00027863,Q1,,1,1,Q1,Q1,Q1,1,1,1,1,Q1,1,1,1,1,Q1,1,1,1,1,1
https://openalex.org/W1987145610,0003021X,Q2,,2,2,Q2,Q2,Q2,0,2,1,1,Q2,0,2,1,1,Q2,0,2,1,1,0
https://openalex.org/W1987155880,00404020,Q1,,1,1,Q1,Q1,Q1,1,1,1,1,Q1,1,1,1,1,Q1,1,1,1,1,1
https://openalex.org/W1987183175,00027863,Q1,,1,1,Q1,Q1,Q1,1,1,1,1,Q1,1,1,1,1,Q1,1,1,1,1,1
https://openalex.org/W1987202102,00219673,Q1,,1,1,Q1,Q1,Q1,1,1,1,1,Q1,1,1,1,1,Q1,1,1,1,1,1
https://openalex.org/W1987226383,09599428,Q1,,1,1,Q1,Q1,Q1,1,1,1,1,Q1,1,1,1,1,Q1,1,1,1,1,1
https://openalex.org/W1987247235,10530509,Q3,,3,3,Q3,Q3,Q3,0,3,0,1,Q3,0,3,0,1,Q3,0,3,0,1,0
https://openalex.org/W1987254868,09254005,-,,5,5,Unranked,Unranked,Unranked,0,5,0,0,Unranked,0,5,0,0,Unranked,0,5,0,0,0
https://openalex.org/W1987346030,0013936X,Q1,,1,1,Q1,Q1,Q1,1,1,1,1,Q1,1,1,1,1,Q1,1,1,1,1,1
https://openalex.org/W1987355831,01672738,Q1,,1,1,Q1,Q1,Q1,1,1,1,1,Q1,1,1,1,1,Q1,1,1,1,1,1
https://openalex.org/W1987356675,09277757,-,,5,5,Unranked,Unranked,Unranked,0,5,0,0,Unranked,0,5,0,0,Unranked,0,5,0,0,0
https://openalex.org/W1987364696,13835866,Q1,,1,1,Q1,Q1,Q1,1,1,1,1,Q1,1,1,1,1,Q1,1,1,1,1,1
https://openalex.org/W1987398058,00304018,Q1,,2,2,Q2,Q2,Q1,1,1,1,1,Q2,0,2,1,1,Q2,0,2,1,1,1
https://openalex.org/W1987454880,00381098,Q1,,1,1,Q1,Q1,Q1,1,1,1,1,Q1,1,1,1,1,Q1,1,1,1,1,1
https://openalex.org/W1987461087,10741542,Q3,,3,3,Q3,Q3,Q3,0,3,0,1,Q3,0,3,0,1,Q3,0,3,0,1,0
https://openalex.org/W1987461495,16182642,Q2,,1,1,Q1,Q1,Q2,0,2,1,1,Q1,1,1,1,1,Q1,1,1,1,1,0
https://openalex.org/W1987484082,14382377,Q1,,1,1,Q1,Q1,Q1,1,1,1,1,Q1,1,1,1,1,Q1,1,1,1,1,1
https://openalex.org/W1987487412,00381098,Q1,,1,1,Q1,Q1,Q1,1,1,1,1,Q1,1,1,1,1,Q1,1,1,1,1,1
https://openalex.org/W1987487493,07317085,Q2,,1,1,Q1,Q1,Q2,0,2,1,1,Q1,1,1,1,1,Q1,1,1,1,1,0
https://openalex.org/W1987489001,02767333,Q1,,1,1,Q1,Q1,Q1,1,1,1,1,Q1,1,1,1,1,Q1,1,1,1,1,1
https://openalex.org/W1987498914,02693879,Q3,,2,2,Q2,Q2,Q3,0,3,0,1,Q2,0,2,1,1,Q2,0,2,1,1,0
https://openalex.org/W1987511918,00220248,Q1,,2,2,Q2,Q2,Q1,1,1,1,1,Q2,0,2,1,1,Q2,0,2,1,1,1
https://openalex.org/W1987545601,07373937,Q3,,2,2,Q2,Q2,Q3,0,3,0,1,Q2,0,2,1,1,Q2,0,2,1,1,0
https://openalex.org/W1987562643,13815148,Q1,,1,1,Q1,Q1,Q1,1,1,1,1,Q1,1,1,1,1,Q1,1,1,1,1,1
https://openalex.org/W1987619206,03088146,Q1,,1,1,Q1,Q1,Q1,1,1,1,1,Q1,1,1,1,1,Q1,1,1,1,1,1
https://openalex.org/W1987641226,09680896,Q2,,1,1,Q1,Q1,Q2,0,2,1,1,Q1,1,1,1,1,Q1,1,1,1,1,0
https://openalex.org/W1987653906,09514198,Q1,,1,1,Q1,Q1,Q1,1,1,1,1,Q1,1,1,1,1,Q1,1,1,1,1,1
https://openalex.org/W1987672880,03797112,Q2,,1,1,Q1,Q1,Q2,0,2,1,1,Q1,1,1,1,1,Q1,1,1,1,1,0
https://openalex.org/W1987727121,00218561,Q1,,1,1,Q1,Q1,Q1,1,1,1,1,Q1,1,1,1,1,Q1,1,1,1,1,1
https://openalex.org/W1987737270,00218995,Q1,,2,2,Q2,Q2,Q1,1,1,1,1,Q2,0,2,1,1,Q2,0,2,1,1,1
https://openalex.org/W1987744499,10895639,Q1,,1,1,Q1,Q1,Q1,1,1,1,1,Q1,1,1,1,1,Q1,1,1,1,1,1
https://openalex.org/W1987882677,00032700,Q1,,1,1,Q1,Q1,Q1,1,1,1,1,Q1,1,1,1,1,Q1,1,1,1,1,1
https://openalex.org/W1987883819,13886150,Q3,,3,3,Q3,Q3,Q3,0,3,0,1,Q3,0,3,0,1,Q3,0,3,0,1,0
https://openalex.org/W1987904174,07317085,Q2,,1,1,Q1,Q1,Q2,0,2,1,1,Q1,1,1,1,1,Q1,1,1,1,1,0
https://openalex.org/W1987954476,13880764,Q1,,1,1,Q1,Q1,Q1,1,1,1,1,Q1,1,1,1,1,Q1,1,1,1,1,1
https://openalex.org/W1987970323,10431802,Q1,,1,1,Q1,Q1,Q1,1,1,1,1,Q1,1,1,1,1,Q1,1,1,1,1,1
https://openalex.org/W1987998045,00399140,Q1,,1,1,Q1,Q1,Q1,1,1,1,1,Q1,1,1,1,1,Q1,1,1,1,1,1
https://openalex.org/W1988015799,00223697,Q1,,2,2,Q2,Q2,Q1,1,1,1,1,Q2,0,2,1,1,Q2,0,2,1,1,1
https://openalex.org/W1988017622,00219673,Q1,,1,1,Q1,Q1,Q1,1,1,1,1,Q1,1,1,1,1,Q1,1,1,1,1,1
https://openalex.org/W1988021619,00220248,Q1,,2,2,Q2,Q2,Q1,1,1,1,1,Q2,0,2,1,1,Q2,0,2,1,1,1
https://openalex.org/W1988022410,00218561,Q1,,1,1,Q1,Q1,Q1,1,1,1,1,Q1,1,1,1,1,Q1,1,1,1,1,1
https://openalex.org/W1988061669,13504177,-,,5,5,Unranked,Unranked,Unranked,0,5,0,0,Unranked,0,5,0,0,Unranked,0,5,0,0,0
https://openalex.org/W1988062459,09669795,Q1,,1,1,Q1,Q1,Q1,1,1,1,1,Q1,1,1,1,1,Q1,1,1,1,1,1
https://openalex.org/W1988111564,13835866,Q1,,1,1,Q1,Q1,Q1,1,1,1,1,Q1,1,1,1,1,Q1,1,1,1,1,1
https://openalex.org/W1988129206,03783812,Q2,,2,2,Q2,Q2,Q2,0,2,1,1,Q2,0,2,1,1,Q2,0,2,1,1,0
https://openalex.org/W1988142983,14382377,Q1,,1,1,Q1,Q1,Q1,1,1,1,1,Q1,1,1,1,1,Q1,1,1,1,1,1
https://openalex.org/W1988158225,00224596,Q2,,2,2,Q2,Q2,Q2,0,2,1,1,Q2,0,2,1,1,Q2,0,2,1,1,0
https://openalex.org/W1988179012,00218561,Q1,,1,1,Q1,Q1,Q1,1,1,1,1,Q1,1,1,1,1,Q1,1,1,1,1,1
https://openalex.org/W1988183036,09205861,Q1,,1,1,Q1,Q1,Q1,1,1,1,1,Q1,1,1,1,1,Q1,1,1,1,1,1
https://openalex.org/W1988217516,00399140,Q1,,1,1,Q1,Q1,Q1,1,1,1,1,Q1,1,1,1,1,Q1,1,1,1,1,1
https://openalex.org/W1988228993,00323861,Q1,,1,1,Q1,Q1,Q1,1,1,1,1,Q1,1,1,1,1,Q1,1,1,1,1,1
https://openalex.org/W1988232281,00218561,Q1,,1,1,Q1,Q1,Q1,1,1,1,1,Q1,1,1,1,1,Q1,1,1,1,1,1
https://openalex.org/W1988232740,07317085,Q2,,1,1,Q1,Q1,Q2,0,2,1,1,Q1,1,1,1,1,Q1,1,1,1,1,0
https://openalex.org/W1988247086,00249297,Q1,,1,1,Q1,Q1,Q1,1,1,1,1,Q1,1,1,1,1,Q1,1,1,1,1,1
https://openalex.org/W1988266455,02578972,Q1,,1,1,Q1,Q1,Q1,1,1,1,1,Q1,1,1,1,1,Q1,1,1,1,1,1
https://openalex.org/W1988284276,15204766,-,,5,5,Unranked,Unranked,Unranked,0,5,0,0,Unranked,0,5,0,0,Unranked,0,5,0,0,0
https://openalex.org/W1988292296,10703632,Q4,,3,3,Q3,Q3,Q4,0,4,0,0,Q3,0,3,0,1,Q3,0,3,0,1,0
https://openalex.org/W1988306724,0022328X,Q1,,2,2,Q2,Q2,Q1,1,1,1,1,Q2,0,2,1,1,Q2,0,2,1,1,1
https://openalex.org/W1988325055,0039128X,Q2,,2,2,Q2,Q2,Q2,0,2,1,1,Q2,0,2,1,1,Q2,0,2,1,1,0
https://openalex.org/W1988361770,01694332,-,,5,5,Unranked,Unranked,Unranked,0,5,0,0,Unranked,0,5,0,0,Unranked,0,5,0,0,0
https://openalex.org/W1988392305,00223263,Q1,,1,1,Q1,Q1,Q1,1,1,1,1,Q1,1,1,1,1,Q1,1,1,1,1,1
https://openalex.org/W1988404283,09205861,Q1,,1,1,Q1,Q1,Q1,1,1,1,1,Q1,1,1,1,1,Q1,1,1,1,1,1
https://openalex.org/W1988410155,10990690,Q1,,1,1,Q1,Q1,Q1,1,1,1,1,Q1,1,1,1,1,Q1,1,1,1,1,1
https://openalex.org/W1988419996,13597345,Q1,,1,1,Q1,Q1,Q1,1,1,1,1,Q1,1,1,1,1,Q1,1,1,1,1,1
https://openalex.org/W1988441345,01633864,Q1,,1,1,Q1,Q1,Q1,1,1,1,1,Q1,1,1,1,1,Q1,1,1,1,1,1
https://openalex.org/W1988470449,00218995,Q1,,2,2,Q2,Q2,Q1,1,1,1,1,Q2,0,2,1,1,Q2,0,2,1,1,1
https://openalex.org/W1988477060,09168451,Q3,,2,2,Q2,Q2,Q3,0,3,0,1,Q2,0,2,1,1,Q2,0,2,1,1,0
https://openalex.org/W1988483820,01448617,Q2,,1,1,Q1,Q1,Q2,0,2,1,1,Q1,1,1,1,1,Q1,1,1,1,1,0
https://openalex.org/W1988529458,0960894X,Q2,,2,2,Q2,Q2,Q2,0,2,1,1,Q2,0,2,1,1,Q2,0,2,1,1,0
https://openalex.org/W1988534810,00219673,Q1,,1,1,Q1,Q1,Q1,1,1,1,1,Q1,1,1,1,1,Q1,1,1,1,1,1
https://openalex.org/W1988553960,00218561,Q1,,1,1,Q1,Q1,Q1,1,1,1,1,Q1,1,1,1,1,Q1,1,1,1,1,1
https://openalex.org/W1988562269,00092614,Q1,,1,1,Q1,Q1,Q1,1,1,1,1,Q1,1,1,1,1,Q1,1,1,1,1,1
https://openalex.org/W1988659710,07437463,Q1,,1,1,Q1,Q1,Q1,1,1,1,1,Q1,1,1,1,1,Q1,1,1,1,1,1
https://openalex.org/W1988659851,03787753,Q1,,1,1,Q1,Q1,Q1,1,1,1,1,Q1,1,1,1,1,Q1,1,1,1,1,1
https://openalex.org/W1988666519,09478396,Q1,,1,1,Q1,Q1,Q1,1,1,1,1,Q1,1,1,1,1,Q1,1,1,1,1,1
https://openalex.org/W1988673410,0960894X,Q2,,2,2,Q2,Q2,Q2,0,2,1,1,Q2,0,2,1,1,Q2,0,2,1,1,0
https://openalex.org/W1988675918,01694332,-,,5,5,Unranked,Unranked,Unranked,0,5,0,0,Unranked,0,5,0,0,Unranked,0,5,0,0,0
https://openalex.org/W1988681679,07317085,Q2,,1,1,Q1,Q1,Q2,0,2,1,1,Q1,1,1,1,1,Q1,1,1,1,1,0
https://openalex.org/W1988691927,00219568,Q1,,1,1,Q1,Q1,Q1,1,1,1,1,Q1,1,1,1,1,Q1,1,1,1,1,1
https://openalex.org/W1988732606,10106030,Q1,,1,1,Q1,Q1,Q1,1,1,1,1,Q1,1,1,1,1,Q1,1,1,1,1,1
https://openalex.org/W1988749062,00397911,Q3,,3,3,Q3,Q3,Q3,0,3,0,1,Q3,0,3,0,1,Q3,0,3,0,1,0
https://openalex.org/W1988763877,03088146,Q1,,1,1,Q1,Q1,Q1,1,1,1,1,Q1,1,1,1,1,Q1,1,1,1,1,1
https://openalex.org/W1988764024,09669795,Q1,,1,1,Q1,Q1,Q1,1,1,1,1,Q1,1,1,1,1,Q1,1,1,1,1,1
https://openalex.org/W1988772833,00086223,Q1,,1,1,Q1,Q1,Q1,1,1,1,1,Q1,1,1,1,1,Q1,1,1,1,1,1
https://openalex.org/W1988808344,03088146,Q1,,1,1,Q1,Q1,Q1,1,1,1,1,Q1,1,1,1,1,Q1,1,1,1,1,1
https://openalex.org/W1988816975,10836160,Q2,,1,1,Q1,Q1,Q2,0,2,1,1,Q1,1,1,1,1,Q1,1,1,1,1,0
https://openalex.org/W1988838640,00119164,Q1,,1,1,Q1,Q1,Q1,1,1,1,1,Q1,1,1,1,1,Q1,1,1,1,1,1
https://openalex.org/W1988878381,10681620,Q4,,4,4,Q4,Q4,Q4,0,4,0,0,Q4,0,4,0,0,Q4,0,4,0,0,0
https://openalex.org/W1988896387,00219673,Q1,,1,1,Q1,Q1,Q1,1,1,1,1,Q1,1,1,1,1,Q1,1,1,1,1,1
https://openalex.org/W1988896972,02552701,Q2,,1,1,Q1,Q1,Q2,0,2,1,1,Q1,1,1,1,1,Q1,1,1,1,1,0
https://openalex.org/W1988897041,00218561,Q1,,1,1,Q1,Q1,Q1,1,1,1,1,Q1,1,1,1,1,Q1,1,1,1,1,1
https://openalex.org/W1988947497,00404039,Q1,,2,2,Q2,Q2,Q1,1,1,1,1,Q2,0,2,1,1,Q2,0,2,1,1,1
https://openalex.org/W1988948014,00037028,Q2,,3,3,Q3,Q3,Q2,0,2,1,1,Q3,0,3,0,1,Q3,0,3,0,1,0
https://openalex.org/W1988963525,09259635,Q1,,1,1,Q1,Q1,Q1,1,1,1,1,Q1,1,1,1,1,Q1,1,1,1,1,1
https://openalex.org/W1988964015,10765174,Q1,,1,1,Q1,Q1,Q1,1,1,1,1,Q1,1,1,1,1,Q1,1,1,1,1,1
https://openalex.org/W1989011166,15700232,Q2,,1,1,Q1,Q1,Q2,0,2,1,1,Q1,1,1,1,1,Q1,1,1,1,1,0
https://openalex.org/W1989016433,00134651,Q1,,1,1,Q1,Q1,Q1,1,1,1,1,Q1,1,1,1,1,Q1,1,1,1,1,1
https://openalex.org/W1989107537,00086215,Q2,,2,2,Q2,Q2,Q2,0,2,1,1,Q2,0,2,1,1,Q2,0,2,1,1,0
https://openalex.org/W1989119478,10619348,Q4,,4,4,Q4,Q4,Q4,0,4,0,0,Q4,0,4,0,0,Q4,0,4,0,0,0
https://openalex.org/W1989152523,00027863,Q1,,1,1,Q1,Q1,Q1,1,1,1,1,Q1,1,1,1,1,Q1,1,1,1,1,1
https://openalex.org/W1989171263,15726657,Q1,,2,2,Q2,Q2,Q1,1,1,1,1,Q2,0,2,1,1,Q2,0,2,1,1,1
https://openalex.org/W1989171965,00032700,Q1,,1,1,Q1,Q1,Q1,1,1,1,1,Q1,1,1,1,1,Q1,1,1,1,1,1
https://openalex.org/W1989200988,00134686,Q1,,1,1,Q1,Q1,Q1,1,1,1,1,Q1,1,1,1,1,Q1,1,1,1,1,1
https://openalex.org/W1989209944,10400397,Q2,,2,2,Q2,Q2,Q2,0,2,1,1,Q2,0,2,1,1,Q2,0,2,1,1,0
https://openalex.org/W1989266808,09253467,-,,5,5,Unranked,Unranked,Unranked,0,5,0,0,Unranked,0,5,0,0,Unranked,0,5,0,0,0
https://openalex.org/W1989267639,15306984,Q1,,1,1,Q1,Q1,Q1,1,1,1,1,Q1,1,1,1,1,Q1,1,1,1,1,1
https://openalex.org/W1989275323,00456535,Q1,,1,1,Q1,Q1,Q1,1,1,1,1,Q1,1,1,1,1,Q1,1,1,1,1,1
https://openalex.org/W1989280601,00027863,Q1,,1,1,Q1,Q1,Q1,1,1,1,1,Q1,1,1,1,1,Q1,1,1,1,1,1
https://openalex.org/W1989332218,00249297,Q1,,1,1,Q1,Q1,Q1,1,1,1,1,Q1,1,1,1,1,Q1,1,1,1,1,1
https://openalex.org/W1989380830,15306984,Q1,,1,1,Q1,Q1,Q1,1,1,1,1,Q1,1,1,1,1,Q1,1,1,1,1,1
https://openalex.org/W1989471455,00218561,Q1,,1,1,Q1,Q1,Q1,1,1,1,1,Q1,1,1,1,1,Q1,1,1,1,1,1
https://openalex.org/W1989493799,15353893,Q1,,1,1,Q1,Q1,Q1,1,1,1,1,Q1,1,1,1,1,Q1,1,1,1,1,1
https://openalex.org/W1989607283,0013936X,Q1,,1,1,Q1,Q1,Q1,1,1,1,1,Q1,1,1,1,1,Q1,1,1,1,1,1
https://openalex.org/W1989656381,15700232,Q2,,1,1,Q1,Q1,Q2,0,2,1,1,Q1,1,1,1,1,Q1,1,1,1,1,0
https://openalex.org/W1989664059,0010938X,Q1,,1,1,Q1,Q1,Q1,1,1,1,1,Q1,1,1,1,1,Q1,1,1,1,1,1
https://openalex.org/W1989701682,02365731,Q3,,3,3,Q3,Q3,Q3,0,3,0,1,Q3,0,3,0,1,Q3,0,3,0,1,0
https://openalex.org/W1989725497,09478396,Q1,,1,1,Q1,Q1,Q1,1,1,1,1,Q1,1,1,1,1,Q1,1,1,1,1,1
https://openalex.org/W1989729413,01672738,Q1,,1,1,Q1,Q1,Q1,1,1,1,1,Q1,1,1,1,1,Q1,1,1,1,1,1
https://openalex.org/W1989740857,03667022,Q2,,2,2,Q2,Q2,Q2,0,2,1,1,Q2,0,2,1,1,Q2,0,2,1,1,0
https://openalex.org/W1989764230,14382377,Q1,,1,1,Q1,Q1,Q1,1,1,1,1,Q1,1,1,1,1,Q1,1,1,1,1,1
https://openalex.org/W1989801997,01633864,Q1,,1,1,Q1,Q1,Q1,1,1,1,1,Q1,1,1,1,1,Q1,1,1,1,1,1
https://openalex.org/W1989815682,15700232,Q2,,1,1,Q1,Q1,Q2,0,2,1,1,Q1,1,1,1,1,Q1,1,1,1,1,0
https://openalex.org/W1989820922,00105082,Q3,,3,3,Q3,Q3,Q3,0,3,0,1,Q3,0,3,0,1,Q3,0,3,0,1,0
https://openalex.org/W1989849086,00219517,Q1,,1,1,Q1,Q1,Q1,1,1,1,1,Q1,1,1,1,1,Q1,1,1,1,1,1
https://openalex.org/W1989874199,00027863,Q1,,1,1,Q1,Q1,Q1,1,1,1,1,Q1,1,1,1,1,Q1,1,1,1,1,1
https://openalex.org/W1989904382,00027863,Q1,,1,1,Q1,Q1,Q1,1,1,1,1,Q1,1,1,1,1,Q1,1,1,1,1,1
https://openalex.org/W1989921345,00399140,Q1,,1,1,Q1,Q1,Q1,1,1,1,1,Q1,1,1,1,1,Q1,1,1,1,1,1
https://openalex.org/W1989936464,00220248,Q1,,2,2,Q2,Q2,Q1,1,1,1,1,Q2,0,2,1,1,Q2,0,2,1,1,1
https://openalex.org/W1989937521,10836160,Q2,,1,1,Q1,Q1,Q2,0,2,1,1,Q1,1,1,1,1,Q1,1,1,1,1,0
https://openalex.org/W1989957864,00319104,Q3,,3,3,Q3,Q3,Q3,0,3,0,1,Q3,0,3,0,1,Q3,0,3,0,1,0
https://openalex.org/W1989959121,15353893,Q1,,1,1,Q1,Q1,Q1,1,1,1,1,Q1,1,1,1,1,Q1,1,1,1,1,1
https://openalex.org/W1990000728,00032700,Q1,,1,1,Q1,Q1,Q1,1,1,1,1,Q1,1,1,1,1,Q1,1,1,1,1,1
https://openalex.org/W1990007027,14382377,Q1,,1,1,Q1,Q1,Q1,1,1,1,1,Q1,1,1,1,1,Q1,1,1,1,1,1
https://openalex.org/W1990010325,13504177,-,,5,5,Unranked,Unranked,Unranked,0,5,0,0,Unranked,0,5,0,0,Unranked,0,5,0,0,0
https://openalex.org/W1990025620,08926875,Q2,,1,1,Q1,Q1,Q2,0,2,1,1,Q1,1,1,1,1,Q1,1,1,1,1,0
https://openalex.org/W1990027896,00134686,Q1,,1,1,Q1,Q1,Q1,1,1,1,1,Q1,1,1,1,1,Q1,1,1,1,1,1
https://openalex.org/W1990064209,09205861,Q1,,1,1,Q1,Q1,Q1,1,1,1,1,Q1,1,1,1,1,Q1,1,1,1,1,1
https://openalex.org/W1990094101,00219673,Q1,,1,1,Q1,Q1,Q1,1,1,1,1,Q1,1,1,1,1,Q1,1,1,1,1,1
https://openalex.org/W1990107269,07437463,Q1,,1,1,Q1,Q1,Q1,1,1,1,1,Q1,1,1,1,1,Q1,1,1,1,1,1
https://openalex.org/W1990118740,08885885,Q1,,1,1,Q1,Q1,Q1,1,1,1,1,Q1,1,1,1,1,Q1,1,1,1,1,1
https://openalex.org/W1990150437,10431802,Q1,,1,1,Q1,Q1,Q1,1,1,1,1,Q1,1,1,1,1,Q1,1,1,1,1,1
https://openalex.org/W1990162791,02578972,Q1,,1,1,Q1,Q1,Q1,1,1,1,1,Q1,1,1,1,1,Q1,1,1,1,1,1
https://openalex.org/W1990162907,00220248,Q1,,2,2,Q2,Q2,Q1,1,1,1,1,Q2,0,2,1,1,Q2,0,2,1,1,1
https://openalex.org/W1990182651,01694332,-,,5,5,Unranked,Unranked,Unranked,0,5,0,0,Unranked,0,5,0,0,Unranked,0,5,0,0,0
https://openalex.org/W1990212205,02767333,Q1,,1,1,Q1,Q1,Q1,1,1,1,1,Q1,1,1,1,1,Q1,1,1,1,1,1
https://openalex.org/W1990224003,14341948,Q1,,1,1,Q1,Q1,Q1,1,1,1,1,Q1,1,1,1,1,Q1,1,1,1,1,1
https://openalex.org/W1990232816,02636174,Q2,,3,3,Q3,Q3,Q2,0,2,1,1,Q3,0,3,0,1,Q3,0,3,0,1,0
https://openalex.org/W1990234168,0010938X,Q1,,1,1,Q1,Q1,Q1,1,1,1,1,Q1,1,1,1,1,Q1,1,1,1,1,1
https://openalex.org/W1990234393,02578972,Q1,,1,1,Q1,Q1,Q1,1,1,1,1,Q1,1,1,1,1,Q1,1,1,1,1,1
https://openalex.org/W1990262847,02679477,Q1,,1,1,Q1,Q1,Q1,1,1,1,1,Q1,1,1,1,1,Q1,1,1,1,1,1
https://openalex.org/W1990264894,08825734,Q2,,2,2,Q2,Q2,Q2,0,2,1,1,Q2,0,2,1,1,Q2,0,2,1,1,0
https://openalex.org/W1990301046,03667022,Q2,,2,2,Q2,Q2,Q2,0,2,1,1,Q2,0,2,1,1,Q2,0,2,1,1,0
https://openalex.org/W1990338627,10836160,Q2,,1,1,Q1,Q1,Q2,0,2,1,1,Q1,1,1,1,1,Q1,1,1,1,1,0
https://openalex.org/W1990350623,0972060X,Q4,,4,4,Q4,Q4,Q4,0,4,0,0,Q4,0,4,0,0,Q4,0,4,0,0,0
https://openalex.org/W1990351265,09254005,-,,5,5,Unranked,Unranked,Unranked,0,5,0,0,Unranked,0,5,0,0,Unranked,0,5,0,0,0
https://openalex.org/W1990361875,03067319,Q3,,3,3,Q3,Q3,Q3,0,3,0,1,Q3,0,3,0,1,Q3,0,3,0,1,0
https://openalex.org/W1990411056,0013936X,Q1,,1,1,Q1,Q1,Q1,1,1,1,1,Q1,1,1,1,1,Q1,1,1,1,1,1
https://openalex.org/W1990431060,10619348,Q4,,4,4,Q4,Q4,Q4,0,4,0,0,Q4,0,4,0,0,Q4,0,4,0,0,0
https://openalex.org/W1990453788,00086223,Q1,,1,1,Q1,Q1,Q1,1,1,1,1,Q1,1,1,1,1,Q1,1,1,1,1,1
https://openalex.org/W1990483647,00218561,Q1,,1,1,Q1,Q1,Q1,1,1,1,1,Q1,1,1,1,1,Q1,1,1,1,1,1
https://openalex.org/W1990484421,01694332,-,,5,5,Unranked,Unranked,Unranked,0,5,0,0,Unranked,0,5,0,0,Unranked,0,5,0,0,0
https://openalex.org/W1990490451,09259635,Q1,,1,1,Q1,Q1,Q1,1,1,1,1,Q1,1,1,1,1,Q1,1,1,1,1,1
https://openalex.org/W1990576940,02578972,Q1,,1,1,Q1,Q1,Q1,1,1,1,1,Q1,1,1,1,1,Q1,1,1,1,1,1
https://openalex.org/W1990583402,10440305,Q1,,1,1,Q1,Q1,Q1,1,1,1,1,Q1,1,1,1,1,Q1,1,1,1,1,1
https://openalex.org/W1990594397,00456535,Q1,,1,1,Q1,Q1,Q1,1,1,1,1,Q1,1,1,1,1,Q1,1,1,1,1,1
https://openalex.org/W1990595613,03787753,Q1,,1,1,Q1,Q1,Q1,1,1,1,1,Q1,1,1,1,1,Q1,1,1,1,1,1
https://openalex.org/W1990608731,09580344,Q2,,2,2,Q2,Q2,Q2,0,2,1,1,Q2,0,2,1,1,Q2,0,2,1,1,0
https://openalex.org/W1990613255,00119164,Q1,,1,1,Q1,Q1,Q1,1,1,1,1,Q1,1,1,1,1,Q1,1,1,1,1,1
https://openalex.org/W1990629834,02552701,Q2,,1,1,Q1,Q1,Q2,0,2,1,1,Q1,1,1,1,1,Q1,1,1,1,1,0
https://openalex.org/W1990661426,00397911,Q3,,3,3,Q3,Q3,Q3,0,3,0,1,Q3,0,3,0,1,Q3,0,3,0,1,0
https://openalex.org/W1990673132,10826076,Q3,,3,3,Q3,Q3,Q3,0,3,0,1,Q3,0,3,0,1,Q3,0,3,0,1,0
https://openalex.org/W1990687521,03404285,Q3,,3,3,Q3,Q3,Q3,0,3,0,1,Q3,0,3,0,1,Q3,0,3,0,1,0
https://openalex.org/W1990697251,01448617,Q2,,1,1,Q1,Q1,Q2,0,2,1,1,Q1,1,1,1,1,Q1,1,1,1,1,0
https://openalex.org/W1990703510,00389056,Q2,,2,2,Q2,Q2,Q2,0,2,1,1,Q2,0,2,1,1,Q2,0,2,1,1,0
https://openalex.org/W1990733679,1011372X,Q1,,1,1,Q1,Q1,Q1,1,1,1,1,Q1,1,1,1,1,Q1,1,1,1,1,1
https://openalex.org/W1990753073,10431802,Q1,,1,1,Q1,Q1,Q1,1,1,1,1,Q1,1,1,1,1,Q1,1,1,1,1,1
https://openalex.org/W1990826350,01422421,Q2,,2,2,Q2,Q2,Q2,0,2,1,1,Q2,0,2,1,1,Q2,0,2,1,1,0
https://openalex.org/W1990838086,09598103,-,,5,5,Unranked,Unranked,Unranked,0,5,0,0,Unranked,0,5,0,0,Unranked,0,5,0,0,0
https://openalex.org/W1990838238,05251931,Q4,,4,4,Q4,Q4,Q4,0,4,0,0,Q4,0,4,0,0,Q4,0,4,0,0,0
https://openalex.org/W1990865040,13861425,Q2,,2,2,Q2,Q2,Q2,0,2,1,1,Q2,0,2,1,1,Q2,0,2,1,1,0
https://openalex.org/W1990871332,15205207,Q1,,1,1,Q1,Q1,Q1,1,1,1,1,Q1,1,1,1,1,Q1,1,1,1,1,1
https://openalex.org/W1990874413,00222313,Q1,,1,1,Q1,Q1,Q1,1,1,1,1,Q1,1,1,1,1,Q1,1,1,1,1,1
https://openalex.org/W1990879618,10106030,Q1,,1,1,Q1,Q1,Q1,1,1,1,1,Q1,1,1,1,1,Q1,1,1,1,1,1
https://openalex.org/W1990917197,00498246,Q2,,3,3,Q3,Q3,Q2,0,2,1,1,Q3,0,3,0,1,Q3,0,3,0,1,0
https://openalex.org/W1990928827,00218995,Q1,,2,2,Q2,Q2,Q1,1,1,1,1,Q2,0,2,1,1,Q2,0,2,1,1,1
https://openalex.org/W1990993352,00218561,Q1,,1,1,Q1,Q1,Q1,1,1,1,1,Q1,1,1,1,1,Q1,1,1,1,1,1
https://openalex.org/W1990993887,09254005,-,,5,5,Unranked,Unranked,Unranked,0,5,0,0,Unranked,0,5,0,0,Unranked,0,5,0,0,0
https://openalex.org/W1991033451,00090352,Q2,,2,2,Q2,Q2,Q2,0,2,1,1,Q2,0,2,1,1,Q2,0,2,1,1,0
https://openalex.org/W1991033766,10703632,Q4,,3,3,Q3,Q3,Q4,0,4,0,0,Q3,0,3,0,1,Q3,0,3,0,1,0
https://openalex.org/W1991033992,02578972,Q1,,1,1,Q1,Q1,Q1,1,1,1,1,Q1,1,1,1,1,Q1,1,1,1,1,1
https://openalex.org/W1991046163,02693879,Q3,,2,2,Q2,Q2,Q3,0,3,0,1,Q2,0,2,1,1,Q2,0,2,1,1,0
https://openalex.org/W1991061461,10990062,Q1,,1,1,Q1,Q1,Q1,1,1,1,1,Q1,1,1,1,1,Q1,1,1,1,1,1
https://openalex.org/W1991061480,02578972,Q1,,1,1,Q1,Q1,Q1,1,1,1,1,Q1,1,1,1,1,Q1,1,1,1,1,1
https://openalex.org/W1991087434,14761122,Q1,,1,1,Q1,Q1,Q1,1,1,1,1,Q1,1,1,1,1,Q1,1,1,1,1,1
https://openalex.org/W1991161271,10412905,Q2,,2,2,Q2,Q2,Q2,0,2,1,1,Q2,0,2,1,1,Q2,0,2,1,1,0
https://openalex.org/W1991178096,03767388,Q1,,1,1,Q1,Q1,Q1,1,1,1,1,Q1,1,1,1,1,Q1,1,1,1,1,1
https://openalex.org/W1991190654,13886150,Q3,,3,3,Q3,Q3,Q3,0,3,0,1,Q3,0,3,0,1,Q3,0,3,0,1,0
https://openalex.org/W1991226948,10106030,Q1,,1,1,Q1,Q1,Q1,1,1,1,1,Q1,1,1,1,1,Q1,1,1,1,1,1
https://openalex.org/W1991229328,00219037,Q4,,4,4,Q4,Q4,Q4,0,4,0,0,Q4,0,4,0,0,Q4,0,4,0,0,0
https://openalex.org/W1991240905,09298673,-,,5,4,Unranked,Q4,Unranked,0,5,0,0,Unranked,0,5,0,0,Q4,0,4,0,0,0
https://openalex.org/W1991246141,00323861,Q1,,1,1,Q1,Q1,Q1,1,1,1,1,Q1,1,1,1,1,Q1,1,1,1,1,1
https://openalex.org/W1991289725,0303402X,Q2,,2,2,Q2,Q2,Q2,0,2,1,1,Q2,0,2,1,1,Q2,0,2,1,1,0
https://openalex.org/W1991350799,09254005,-,,5,5,Unranked,Unranked,Unranked,0,5,0,0,Unranked,0,5,0,0,Unranked,0,5,0,0,0
https://openalex.org/W1991368625,00219037,Q4,,4,4,Q4,Q4,Q4,0,4,0,0,Q4,0,4,0,0,Q4,0,4,0,0,0
https://openalex.org/W1991377644,03767388,Q1,,1,1,Q1,Q1,Q1,1,1,1,1,Q1,1,1,1,1,Q1,1,1,1,1,1
https://openalex.org/W1991396333,00249297,Q1,,1,1,Q1,Q1,Q1,1,1,1,1,Q1,1,1,1,1,Q1,1,1,1,1,1
https://openalex.org/W1991467001,00092509,Q1,,1,1,Q1,Q1,Q1,1,1,1,1,Q1,1,1,1,1,Q1,1,1,1,1,1
https://openalex.org/W1991467870,01633864,Q1,,1,1,Q1,Q1,Q1,1,1,1,1,Q1,1,1,1,1,Q1,1,1,1,1,1
https://openalex.org/W1991480562,00219568,Q1,,1,1,Q1,Q1,Q1,1,1,1,1,Q1,1,1,1,1,Q1,1,1,1,1,1
https://openalex.org/W1991486303,02679477,Q1,,1,1,Q1,Q1,Q1,1,1,1,1,Q1,1,1,1,1,Q1,1,1,1,1,1
https://openalex.org/W1991496373,09254005,-,,5,5,Unranked,Unranked,Unranked,0,5,0,0,Unranked,0,5,0,0,Unranked,0,5,0,0,0
https://openalex.org/W1991497689,02578972,Q1,,1,1,Q1,Q1,Q1,1,1,1,1,Q1,1,1,1,1,Q1,1,1,1,1,1
https://openalex.org/W1991515061,0026265X,Q2,,2,2,Q2,Q2,Q2,0,2,1,1,Q2,0,2,1,1,Q2,0,2,1,1,0
https://openalex.org/W1991524078,05848547,Q1,,1,1,Q1,Q1,Q1,1,1,1,1,Q1,1,1,1,1,Q1,1,1,1,1,1
https://openalex.org/W1991578544,11440546,Q1,,1,1,Q1,Q1,Q1,1,1,1,1,Q1,1,1,1,1,Q1,1,1,1,1,1
https://openalex.org/W1991599002,00119164,Q1,,1,1,Q1,Q1,Q1,1,1,1,1,Q1,1,1,1,1,Q1,1,1,1,1,1
https://openalex.org/W1991663872,00381098,Q1,,1,1,Q1,Q1,Q1,1,1,1,1,Q1,1,1,1,1,Q1,1,1,1,1,1
https://openalex.org/W1991667703,01694332,-,,5,5,Unranked,Unranked,Unranked,0,5,0,0,Unranked,0,5,0,0,Unranked,0,5,0,0,0
https://openalex.org/W1991679947,00404039,Q1,,2,2,Q2,Q2,Q1,1,1,1,1,Q2,0,2,1,1,Q2,0,2,1,1,1
https://openalex.org/W1991690015,13815148,Q1,,1,1,Q1,Q1,Q1,1,1,1,1,Q1,1,1,1,1,Q1,1,1,1,1,1
https://openalex.org/W1991767477,09680896,Q2,,1,1,Q1,Q1,Q2,0,2,1,1,Q1,1,1,1,1,Q1,1,1,1,1,0
https://openalex.org/W1991791472,13815148,Q1,,1,1,Q1,Q1,Q1,1,1,1,1,Q1,1,1,1,1,Q1,1,1,1,1,1
https://openalex.org/W1991857099,02678292,Q2,,2,2,Q2,Q2,Q2,0,2,1,1,Q2,0,2,1,1,Q2,0,2,1,1,0
https://openalex.org/W1991905717,00032700,Q1,,1,1,Q1,Q1,Q1,1,1,1,1,Q1,1,1,1,1,Q1,1,1,1,1,1
https://openalex.org/W1991936294,01694332,-,,5,5,Unranked,Unranked,Unranked,0,5,0,0,Unranked,0,5,0,0,Unranked,0,5,0,0,0
https://openalex.org/W1991949413,00218561,Q1,,1,1,Q1,Q1,Q1,1,1,1,1,Q1,1,1,1,1,Q1,1,1,1,1,1
https://openalex.org/W1991953422,02679477,Q1,,1,1,Q1,Q1,Q1,1,1,1,1,Q1,1,1,1,1,Q1,1,1,1,1,1
https://openalex.org/W1991976588,00218995,Q1,,2,2,Q2,Q2,Q1,1,1,1,1,Q2,0,2,1,1,Q2,0,2,1,1,1
https://openalex.org/W1991981331,03639045,Q3,,2,2,Q2,Q2,Q3,0,3,0,1,Q2,0,2,1,1,Q2,0,2,1,1,0
https://openalex.org/W1991984168,15700232,Q2,,1,1,Q1,Q1,Q2,0,2,1,1,Q1,1,1,1,1,Q1,1,1,1,1,0
https://openalex.org/W1991987776,03787753,Q1,,1,1,Q1,Q1,Q1,1,1,1,1,Q1,1,1,1,1,Q1,1,1,1,1,1
https://openalex.org/W1992017336,15700232,Q2,,1,1,Q1,Q1,Q2,0,2,1,1,Q1,1,1,1,1,Q1,1,1,1,1,0
https://openalex.org/W1992051871,13835866,Q1,,1,1,Q1,Q1,Q1,1,1,1,1,Q1,1,1,1,1,Q1,1,1,1,1,1
https://openalex.org/W1992053988,00223263,Q1,,1,1,Q1,Q1,Q1,1,1,1,1,Q1,1,1,1,1,Q1,1,1,1,1,1
https://openalex.org/W1992072719,00223263,Q1,,1,1,Q1,Q1,Q1,1,1,1,1,Q1,1,1,1,1,Q1,1,1,1,1,1
https://openalex.org/W1992083967,10916466,Q2,,3,3,Q3,Q3,Q2,0,2,1,1,Q3,0,3,0,1,Q3,0,3,0,1,0
https://openalex.org/W1992089196,16182642,Q2,,1,1,Q1,Q1,Q2,0,2,1,1,Q1,1,1,1,1,Q1,1,1,1,1,0
https://openalex.org/W1992092679,00092614,Q1,,1,1,Q1,Q1,Q1,1,1,1,1,Q1,1,1,1,1,Q1,1,1,1,1,1
https://openalex.org/W1992110209,00456535,Q1,,1,1,Q1,Q1,Q1,1,1,1,1,Q1,1,1,1,1,Q1,1,1,1,1,1
https://openalex.org/W1992126747,00134686,Q1,,1,1,Q1,Q1,Q1,1,1,1,1,Q1,1,1,1,1,Q1,1,1,1,1,1
https://openalex.org/W1992133840,09280707,Q1,,2,2,Q2,Q2,Q1,1,1,1,1,Q2,0,2,1,1,Q2,0,2,1,1,1
https://openalex.org/W1992179461,02578972,Q1,,1,1,Q1,Q1,Q1,1,1,1,1,Q1,1,1,1,1,Q1,1,1,1,1,1
https://openalex.org/W1992221832,09168451,Q3,,2,2,Q2,Q2,Q3,0,3,0,1,Q2,0,2,1,1,Q2,0,2,1,1,0
https://openalex.org/W1992223238,03770486,Q2,,1,1,Q1,Q1,Q2,0,2,1,1,Q1,1,1,1,1,Q1,1,1,1,1,0
https://openalex.org/W1992236831,00219673,Q1,,1,1,Q1,Q1,Q1,1,1,1,1,Q1,1,1,1,1,Q1,1,1,1,1,1
https://openalex.org/W1992242904,08885885,Q1,,1,1,Q1,Q1,Q1,1,1,1,1,Q1,1,1,1,1,Q1,1,1,1,1,1
https://openalex.org/W1992263040,09394451,Q2,,2,2,Q2,Q2,Q2,0,2,1,1,Q2,0,2,1,1,Q2,0,2,1,1,0
https://openalex.org/W1992299651,09680896,Q2,,1,1,Q1,Q1,Q2,0,2,1,1,Q1,1,1,1,1,Q1,1,1,1,1,0
https://openalex.org/W1992354885,14639076,Q1,,1,1,Q1,Q1,Q1,1,1,1,1,Q1,1,1,1,1,Q1,1,1,1,1,1
https://openalex.org/W1992379499,03783812,Q2,,2,2,Q2,Q2,Q2,0,2,1,1,Q2,0,2,1,1,Q2,0,2,1,1,0
https://openalex.org/W1992379666,09295607,Q2,,2,2,Q2,Q2,Q2,0,2,1,1,Q2,0,2,1,1,Q2,0,2,1,1,0
https://openalex.org/W1992391703,02578972,Q1,,1,1,Q1,Q1,Q1,1,1,1,1,Q1,1,1,1,1,Q1,1,1,1,1,1
https://openalex.org/W1992397998,00027863,Q1,,1,1,Q1,Q1,Q1,1,1,1,1,Q1,1,1,1,1,Q1,1,1,1,1,1
https://openalex.org/W1992446742,01633864,Q1,,1,1,Q1,Q1,Q1,1,1,1,1,Q1,1,1,1,1,Q1,1,1,1,1,1
https://openalex.org/W1992457443,00399140,Q1,,1,1,Q1,Q1,Q1,1,1,1,1,Q1,1,1,1,1,Q1,1,1,1,1,1
https://openalex.org/W1992462665,00223697,Q1,,2,2,Q2,Q2,Q1,1,1,1,1,Q2,0,2,1,1,Q2,0,2,1,1,1
https://openalex.org/W1992471251,03682048,Q2,,2,2,Q2,Q2,Q2,0,2,1,1,Q2,0,2,1,1,Q2,0,2,1,1,0
https://openalex.org/W1992490053,15204766,-,,5,5,Unranked,Unranked,Unranked,0,5,0,0,Unranked,0,5,0,0,Unranked,0,5,0,0,0
https://openalex.org/W1992524817,09259635,Q1,,1,1,Q1,Q1,Q1,1,1,1,1,Q1,1,1,1,1,Q1,1,1,1,1,1
https://openalex.org/W1992541329,13858947,Q1,,1,1,Q1,Q1,Q1,1,1,1,1,Q1,1,1,1,1,Q1,1,1,1,1,1
https://openalex.org/W1992542528,13877003,Q2,,2,2,Q2,Q2,Q2,0,2,1,1,Q2,0,2,1,1,Q2,0,2,1,1,0
https://openalex.org/W1992544322,00218561,Q1,,1,1,Q1,Q1,Q1,1,1,1,1,Q1,1,1,1,1,Q1,1,1,1,1,1
https://openalex.org/W1992553582,00323861,Q1,,1,1,Q1,Q1,Q1,1,1,1,1,Q1,1,1,1,1,Q1,1,1,1,1,1
https://openalex.org/W1992569509,09254005,-,,5,5,Unranked,Unranked,Unranked,0,5,0,0,Unranked,0,5,0,0,Unranked,0,5,0,0,0
https://openalex.org/W1992597630,00220248,Q1,,2,2,Q2,Q2,Q1,1,1,1,1,Q2,0,2,1,1,Q2,0,2,1,1,1
https://openalex.org/W1992637274,00162361,Q1,,1,1,Q1,Q1,Q1,1,1,1,1,Q1,1,1,1,1,Q1,1,1,1,1,1
https://openalex.org/W1992655475,23915420,Q4,,2,3,Q2,Q3,Q4,0,4,0,0,Q2,0,2,1,1,Q3,0,3,0,1,0
https://openalex.org/W1992656593,00119164,Q1,,1,1,Q1,Q1,Q1,1,1,1,1,Q1,1,1,1,1,Q1,1,1,1,1,1
https://openalex.org/W1992662258,10765174,Q1,,1,1,Q1,Q1,Q1,1,1,1,1,Q1,1,1,1,1,Q1,1,1,1,1,1
https://openalex.org/W1992701763,00224766,Q4,,4,4,Q4,Q4,Q4,0,4,0,0,Q4,0,4,0,0,Q4,0,4,0,0,0
https://openalex.org/W1992709642,00223263,Q1,,1,1,Q1,Q1,Q1,1,1,1,1,Q1,1,1,1,1,Q1,1,1,1,1,1
https://openalex.org/W1992725304,00218561,Q1,,1,1,Q1,Q1,Q1,1,1,1,1,Q1,1,1,1,1,Q1,1,1,1,1,1
https://openalex.org/W1992736123,00220248,Q1,,2,2,Q2,Q2,Q1,1,1,1,1,Q2,0,2,1,1,Q2,0,2,1,1,1
https://openalex.org/W1992758031,00304018,Q1,,2,2,Q2,Q2,Q1,1,1,1,1,Q2,0,2,1,1,Q2,0,2,1,1,1
https://openalex.org/W1992768959,01694332,-,,5,5,Unranked,Unranked,Unranked,0,5,0,0,Unranked,0,5,0,0,Unranked,0,5,0,0,0
https://openalex.org/W1992789266,00249297,Q1,,1,1,Q1,Q1,Q1,1,1,1,1,Q1,1,1,1,1,Q1,1,1,1,1,1
https://openalex.org/W1992801370,02578972,Q1,,1,1,Q1,Q1,Q1,1,1,1,1,Q1,1,1,1,1,Q1,1,1,1,1,1
https://openalex.org/W1992817704,00222852,Q2,,2,2,Q2,Q2,Q2,0,2,1,1,Q2,0,2,1,1,Q2,0,2,1,1,0
https://openalex.org/W1992832443,00220248,Q1,,2,2,Q2,Q2,Q1,1,1,1,1,Q2,0,2,1,1,Q2,0,2,1,1,1
https://openalex.org/W1992837748,01730835,Q1,,1,1,Q1,Q1,Q1,1,1,1,1,Q1,1,1,1,1,Q1,1,1,1,1,1
https://openalex.org/W1992852919,01730835,Q1,,1,1,Q1,Q1,Q1,1,1,1,1,Q1,1,1,1,1,Q1,1,1,1,1,1
https://openalex.org/W1992864469,02578972,Q1,,1,1,Q1,Q1,Q1,1,1,1,1,Q1,1,1,1,1,Q1,1,1,1,1,1
https://openalex.org/W1992925164,13458957,Q2,,2,2,Q2,Q2,Q2,0,2,1,1,Q2,0,2,1,1,Q2,0,2,1,1,0
https://openalex.org/W1992958337,00399140,Q1,,1,1,Q1,Q1,Q1,1,1,1,1,Q1,1,1,1,1,Q1,1,1,1,1,1
https://openalex.org/W1992959419,03009440,Q2,,2,2,Q2,Q2,Q2,0,2,1,1,Q2,0,2,1,1,Q2,0,2,1,1,0
https://openalex.org/W1992970285,00218561,Q1,,1,1,Q1,Q1,Q1,1,1,1,1,Q1,1,1,1,1,Q1,1,1,1,1,1
https://openalex.org/W1993011610,00304018,Q1,,2,2,Q2,Q2,Q1,1,1,1,1,Q2,0,2,1,1,Q2,0,2,1,1,1
https://openalex.org/W1993017421,00220248,Q1,,2,2,Q2,Q2,Q1,1,1,1,1,Q2,0,2,1,1,Q2,0,2,1,1,1
https://openalex.org/W1993038675,00220248,Q1,,2,2,Q2,Q2,Q1,1,1,1,1,Q2,0,2,1,1,Q2,0,2,1,1,1
https://openalex.org/W1993048317,09280707,Q1,,2,2,Q2,Q2,Q1,1,1,1,1,Q2,0,2,1,1,Q2,0,2,1,1,1
https://openalex.org/W1993057053,00406031,Q3,,2,2,Q2,Q2,Q3,0,3,0,1,Q2,0,2,1,1,Q2,0,2,1,1,0
https://openalex.org/W1993065894,15204766,-,,5,5,Unranked,Unranked,Unranked,0,5,0,0,Unranked,0,5,0,0,Unranked,0,5,0,0,0
https://openalex.org/W1993068149,00219673,Q1,,1,1,Q1,Q1,Q1,1,1,1,1,Q1,1,1,1,1,Q1,1,1,1,1,1
https://openalex.org/W1993077828,00219568,Q1,,1,1,Q1,Q1,Q1,1,1,1,1,Q1,1,1,1,1,Q1,1,1,1,1,1
https://openalex.org/W1993136077,09106340,Q3,,2,2,Q2,Q2,Q3,0,3,0,1,Q2,0,2,1,1,Q2,0,2,1,1,0
https://openalex.org/W1993221339,13873806,Q1,,2,2,Q2,Q2,Q1,1,1,1,1,Q2,0,2,1,1,Q2,0,2,1,1,1
https://openalex.org/W1993233277,00220248,Q1,,2,2,Q2,Q2,Q1,1,1,1,1,Q2,0,2,1,1,Q2,0,2,1,1,1
https://openalex.org/W1993234032,03770486,Q2,,1,1,Q1,Q1,Q2,0,2,1,1,Q1,1,1,1,1,Q1,1,1,1,1,0
https://openalex.org/W1993266934,15205207,Q1,,1,1,Q1,Q1,Q1,1,1,1,1,Q1,1,1,1,1,Q1,1,1,1,1,1
https://openalex.org/W1993275801,00027863,Q1,,1,1,Q1,Q1,Q1,1,1,1,1,Q1,1,1,1,1,Q1,1,1,1,1,1
https://openalex.org/W1993306071,13835866,Q1,,1,1,Q1,Q1,Q1,1,1,1,1,Q1,1,1,1,1,Q1,1,1,1,1,1
https://openalex.org/W1993314023,02578972,Q1,,1,1,Q1,Q1,Q1,1,1,1,1,Q1,1,1,1,1,Q1,1,1,1,1,1
https://openalex.org/W1993314541,10990062,Q1,,1,1,Q1,Q1,Q1,1,1,1,1,Q1,1,1,1,1,Q1,1,1,1,1,1
https://openalex.org/W1993326587,08885885,Q1,,1,1,Q1,Q1,Q1,1,1,1,1,Q1,1,1,1,1,Q1,1,1,1,1,1
https://openalex.org/W1993335340,00092673,Q1,,1,1,Q1,Q1,Q1,1,1,1,1,Q1,1,1,1,1,Q1,1,1,1,1,1
https://openalex.org/W1993351359,00027863,Q1,,1,1,Q1,Q1,Q1,1,1,1,1,Q1,1,1,1,1,Q1,1,1,1,1,1
https://openalex.org/W1993363007,00032670,Q1,,1,1,Q1,Q1,Q1,1,1,1,1,Q1,1,1,1,1,Q1,1,1,1,1,1
https://openalex.org/W1993364475,00220248,Q1,,2,2,Q2,Q2,Q1,1,1,1,1,Q2,0,2,1,1,Q2,0,2,1,1,1
https://openalex.org/W1993367766,14337851,Q1,,1,1,Q1,Q1,Q1,1,1,1,1,Q1,1,1,1,1,Q1,1,1,1,1,1
https://openalex.org/W1993368171,10431802,Q1,,1,1,Q1,Q1,Q1,1,1,1,1,Q1,1,1,1,1,Q1,1,1,1,1,1
https://openalex.org/W1993379430,09277757,-,,5,5,Unranked,Unranked,Unranked,0,5,0,0,Unranked,0,5,0,0,Unranked,0,5,0,0,0
https://openalex.org/W1993392952,00218995,Q1,,2,2,Q2,Q2,Q1,1,1,1,1,Q2,0,2,1,1,Q2,0,2,1,1,1
https://openalex.org/W1993399833,0018019X,Q1,,2,2,Q2,Q2,Q1,1,1,1,1,Q2,0,2,1,1,Q2,0,2,1,1,1
https://openalex.org/W1993444396,00219673,Q1,,1,1,Q1,Q1,Q1,1,1,1,1,Q1,1,1,1,1,Q1,1,1,1,1,1
https://openalex.org/W1993459293,00456535,Q1,,1,1,Q1,Q1,Q1,1,1,1,1,Q1,1,1,1,1,Q1,1,1,1,1,1
https://openalex.org/W1993468371,01633864,Q1,,1,1,Q1,Q1,Q1,1,1,1,1,Q1,1,1,1,1,Q1,1,1,1,1,1
https://openalex.org/W1993480968,00134651,Q1,,1,1,Q1,Q1,Q1,1,1,1,1,Q1,1,1,1,1,Q1,1,1,1,1,1
https://openalex.org/W1993499806,07437463,Q1,,1,1,Q1,Q1,Q1,1,1,1,1,Q1,1,1,1,1,Q1,1,1,1,1,1
https://openalex.org/W1993501826,00223697,Q1,,2,2,Q2,Q2,Q1,1,1,1,1,Q2,0,2,1,1,Q2,0,2,1,1,1
https://openalex.org/W1993510035,00032700,Q1,,1,1,Q1,Q1,Q1,1,1,1,1,Q1,1,1,1,1,Q1,1,1,1,1,1
https://openalex.org/W1993519757,00223697,Q1,,2,2,Q2,Q2,Q1,1,1,1,1,Q2,0,2,1,1,Q2,0,2,1,1,1
https://openalex.org/W1993549204,15237052,Q1,,1,1,Q1,Q1,Q1,1,1,1,1,Q1,1,1,1,1,Q1,1,1,1,1,1
https://openalex.org/W1993569306,00218561,Q1,,1,1,Q1,Q1,Q1,1,1,1,1,Q1,1,1,1,1,Q1,1,1,1,1,1
https://openalex.org/W1993584819,0036021X,Q2,,2,2,Q2,Q2,Q2,0,2,1,1,Q2,0,2,1,1,Q2,0,2,1,1,0
https://openalex.org/W1993593032,09252738,Q1,,1,1,Q1,Q1,Q1,1,1,1,1,Q1,1,1,1,1,Q1,1,1,1,1,1
https://openalex.org/W1993595448,00162361,Q1,,1,1,Q1,Q1,Q1,1,1,1,1,Q1,1,1,1,1,Q1,1,1,1,1,1
https://openalex.org/W1993595468,00472689,Q1,,1,1,Q1,Q1,Q1,1,1,1,1,Q1,1,1,1,1,Q1,1,1,1,1,1
https://openalex.org/W1993597678,00456535,Q1,,1,1,Q1,Q1,Q1,1,1,1,1,Q1,1,1,1,1,Q1,1,1,1,1,1
https://openalex.org/W1993612994,00095893,Q2,,2,2,Q2,Q2,Q2,0,2,1,1,Q2,0,2,1,1,Q2,0,2,1,1,0
https://openalex.org/W1993667283,00134686,Q1,,1,1,Q1,Q1,Q1,1,1,1,1,Q1,1,1,1,1,Q1,1,1,1,1,1
https://openalex.org/W1993669149,00032719,Q3,,3,3,Q3,Q3,Q3,0,3,0,1,Q3,0,3,0,1,Q3,0,3,0,1,0
https://openalex.org/W1993696816,00456535,Q1,,1,1,Q1,Q1,Q1,1,1,1,1,Q1,1,1,1,1,Q1,1,1,1,1,1
https://openalex.org/W1993712573,07317085,Q2,,1,1,Q1,Q1,Q2,0,2,1,1,Q1,1,1,1,1,Q1,1,1,1,1,0
https://openalex.org/W1993731494,03787753,Q1,,1,1,Q1,Q1,Q1,1,1,1,1,Q1,1,1,1,1,Q1,1,1,1,1,1
https://openalex.org/W1993780224,13835866,Q1,,1,1,Q1,Q1,Q1,1,1,1,1,Q1,1,1,1,1,Q1,1,1,1,1,1
https://openalex.org/W1993826076,07373937,Q3,,2,2,Q2,Q2,Q3,0,3,0,1,Q2,0,2,1,1,Q2,0,2,1,1,0
https://openalex.org/W1993855492,08885885,Q1,,1,1,Q1,Q1,Q1,1,1,1,1,Q1,1,1,1,1,Q1,1,1,1,1,1
https://openalex.org/W1993909094,09580344,Q2,,2,2,Q2,Q2,Q2,0,2,1,1,Q2,0,2,1,1,Q2,0,2,1,1,0
https://openalex.org/W1993970871,09280707,Q1,,2,2,Q2,Q2,Q1,1,1,1,1,Q2,0,2,1,1,Q2,0,2,1,1,1
https://openalex.org/W1993986115,07317085,Q2,,1,1,Q1,Q1,Q2,0,2,1,1,Q1,1,1,1,1,Q1,1,1,1,1,0
https://openalex.org/W1994021556,00406031,Q3,,2,2,Q2,Q2,Q3,0,3,0,1,Q2,0,2,1,1,Q2,0,2,1,1,0
https://openalex.org/W1994025001,00249297,Q1,,1,1,Q1,Q1,Q1,1,1,1,1,Q1,1,1,1,1,Q1,1,1,1,1,1
https://openalex.org/W1994032357,00201669,Q1,,1,1,Q1,Q1,Q1,1,1,1,1,Q1,1,1,1,1,Q1,1,1,1,1,1
https://openalex.org/W1994067066,14690667,Q3,,3,3,Q3,Q3,Q3,0,3,0,1,Q3,0,3,0,1,Q3,0,3,0,1,0
https://openalex.org/W1994076653,02365731,Q3,,3,3,Q3,Q3,Q3,0,3,0,1,Q3,0,3,0,1,Q3,0,3,0,1,0
https://openalex.org/W1994082036,00249297,Q1,,1,1,Q1,Q1,Q1,1,1,1,1,Q1,1,1,1,1,Q1,1,1,1,1,1
https://openalex.org/W1994139775,00027863,Q1,,1,1,Q1,Q1,Q1,1,1,1,1,Q1,1,1,1,1,Q1,1,1,1,1,1
https://openalex.org/W1994155389,00092509,Q1,,1,1,Q1,Q1,Q1,1,1,1,1,Q1,1,1,1,1,Q1,1,1,1,1,1
https://openalex.org/W1994168431,14723581,Q1,,2,2,Q2,Q2,Q1,1,1,1,1,Q2,0,2,1,1,Q2,0,2,1,1,1
https://openalex.org/W1994177628,00304018,Q1,,2,2,Q2,Q2,Q1,1,1,1,1,Q2,0,2,1,1,Q2,0,2,1,1,1
https://openalex.org/W1994218202,00027863,Q1,,1,1,Q1,Q1,Q1,1,1,1,1,Q1,1,1,1,1,Q1,1,1,1,1,1
https://openalex.org/W1994223287,00032670,Q1,,1,1,Q1,Q1,Q1,1,1,1,1,Q1,1,1,1,1,Q1,1,1,1,1,1
https://openalex.org/W1994239025,00134686,Q1,,1,1,Q1,Q1,Q1,1,1,1,1,Q1,1,1,1,1,Q1,1,1,1,1,1
https://openalex.org/W1994247453,03088146,Q1,,1,1,Q1,Q1,Q1,1,1,1,1,Q1,1,1,1,1,Q1,1,1,1,1,1
https://openalex.org/W1994250292,09599428,Q1,,1,1,Q1,Q1,Q1,1,1,1,1,Q1,1,1,1,1,Q1,1,1,1,1,1
https://openalex.org/W1994257520,00218995,Q1,,2,2,Q2,Q2,Q1,1,1,1,1,Q2,0,2,1,1,Q2,0,2,1,1,1
https://openalex.org/W1994268173,13861425,Q2,,2,2,Q2,Q2,Q2,0,2,1,1,Q2,0,2,1,1,Q2,0,2,1,1,0
https://openalex.org/W1994277358,00220248,Q1,,2,2,Q2,Q2,Q1,1,1,1,1,Q2,0,2,1,1,Q2,0,2,1,1,1
https://openalex.org/W1994277738,05848547,Q1,,1,1,Q1,Q1,Q1,1,1,1,1,Q1,1,1,1,1,Q1,1,1,1,1,1
https://openalex.org/W1994305951,09254005,-,,5,5,Unranked,Unranked,Unranked,0,5,0,0,Unranked,0,5,0,0,Unranked,0,5,0,0,0
https://openalex.org/W1994312920,01672738,Q1,,1,1,Q1,Q1,Q1,1,1,1,1,Q1,1,1,1,1,Q1,1,1,1,1,1
https://openalex.org/W1994314323,00134686,Q1,,1,1,Q1,Q1,Q1,1,1,1,1,Q1,1,1,1,1,Q1,1,1,1,1,1
https://openalex.org/W1994338003,15205207,Q1,,1,1,Q1,Q1,Q1,1,1,1,1,Q1,1,1,1,1,Q1,1,1,1,1,1
https://openalex.org/W1994367360,00218561,Q1,,1,1,Q1,Q1,Q1,1,1,1,1,Q1,1,1,1,1,Q1,1,1,1,1,1
https://openalex.org/W1994374478,00027863,Q1,,1,1,Q1,Q1,Q1,1,1,1,1,Q1,1,1,1,1,Q1,1,1,1,1,1
https://openalex.org/W1994375732,01672738,Q1,,1,1,Q1,Q1,Q1,1,1,1,1,Q1,1,1,1,1,Q1,1,1,1,1,1
https://openalex.org/W1994445359,09580344,Q2,,2,2,Q2,Q2,Q2,0,2,1,1,Q2,0,2,1,1,Q2,0,2,1,1,0
https://openalex.org/W1994484298,0018019X,Q1,,2,2,Q2,Q2,Q1,1,1,1,1,Q2,0,2,1,1,Q2,0,2,1,1,1
https://openalex.org/W1994495641,00219592,Q2,,3,3,Q3,Q3,Q2,0,2,1,1,Q3,0,3,0,1,Q3,0,3,0,1,0
https://openalex.org/W1994503925,00032700,Q1,,1,1,Q1,Q1,Q1,1,1,1,1,Q1,1,1,1,1,Q1,1,1,1,1,1
https://openalex.org/W1994510830,00338230,Q3,,3,3,Q3,Q3,Q3,0,3,0,1,Q3,0,3,0,1,Q3,0,3,0,1,0
https://openalex.org/W1994521925,02578972,Q1,,1,1,Q1,Q1,Q1,1,1,1,1,Q1,1,1,1,1,Q1,1,1,1,1,1
https://openalex.org/W1994524161,00218561,Q1,,1,1,Q1,Q1,Q1,1,1,1,1,Q1,1,1,1,1,Q1,1,1,1,1,1
https://openalex.org/W1994551305,00218995,Q1,,2,2,Q2,Q2,Q1,1,1,1,1,Q2,0,2,1,1,Q2,0,2,1,1,1
https://openalex.org/W1994655207,00027863,Q1,,1,1,Q1,Q1,Q1,1,1,1,1,Q1,1,1,1,1,Q1,1,1,1,1,1
https://openalex.org/W1994666483,00399140,Q1,,1,1,Q1,Q1,Q1,1,1,1,1,Q1,1,1,1,1,Q1,1,1,1,1,1
https://openalex.org/W1994694170,10286020,Q4,,3,3,Q3,Q3,Q4,0,4,0,0,Q3,0,3,0,1,Q3,0,3,0,1,0
https://openalex.org/W1994695309,00220248,Q1,,2,2,Q2,Q2,Q1,1,1,1,1,Q2,0,2,1,1,Q2,0,2,1,1,1
https://openalex.org/W1994713035,02682575,Q2,,2,2,Q2,Q2,Q2,0,2,1,1,Q2,0,2,1,1,Q2,0,2,1,1,0
https://openalex.org/W1994720943,09574484,Q1,,1,1,Q1,Q1,Q1,1,1,1,1,Q1,1,1,1,1,Q1,1,1,1,1,1
https://openalex.org/W1994801453,09599428,Q1,,1,1,Q1,Q1,Q1,1,1,1,1,Q1,1,1,1,1,Q1,1,1,1,1,1
https://openalex.org/W1994804643,09259635,Q1,,1,1,Q1,Q1,Q1,1,1,1,1,Q1,1,1,1,1,Q1,1,1,1,1,1
https://openalex.org/W1994811603,00220248,Q1,,2,2,Q2,Q2,Q1,1,1,1,1,Q2,0,2,1,1,Q2,0,2,1,1,1
https://openalex.org/W1994863412,00224596,Q2,,2,2,Q2,Q2,Q2,0,2,1,1,Q2,0,2,1,1,Q2,0,2,1,1,0
https://openalex.org/W1994881150,00032654,Q1,,1,1,Q1,Q1,Q1,1,1,1,1,Q1,1,1,1,1,Q1,1,1,1,1,1
https://openalex.org/W1994882411,00218561,Q1,,1,1,Q1,Q1,Q1,1,1,1,1,Q1,1,1,1,1,Q1,1,1,1,1,1
https://openalex.org/W1994981984,10286020,Q4,,3,3,Q3,Q3,Q4,0,4,0,0,Q3,0,3,0,1,Q3,0,3,0,1,0
https://openalex.org/W1994996299,00399140,Q1,,1,1,Q1,Q1,Q1,1,1,1,1,Q1,1,1,1,1,Q1,1,1,1,1,1
https://openalex.org/W1995023528,08885885,Q1,,1,1,Q1,Q1,Q1,1,1,1,1,Q1,1,1,1,1,Q1,1,1,1,1,1
https://openalex.org/W1995030296,00456535,Q1,,1,1,Q1,Q1,Q1,1,1,1,1,Q1,1,1,1,1,Q1,1,1,1,1,1
https://openalex.org/W1995038751,00218561,Q1,,1,1,Q1,Q1,Q1,1,1,1,1,Q1,1,1,1,1,Q1,1,1,1,1,1
https://openalex.org/W1995040131,00338230,Q3,,3,3,Q3,Q3,Q3,0,3,0,1,Q3,0,3,0,1,Q3,0,3,0,1,0
https://openalex.org/W1995043566,00119164,Q1,,1,1,Q1,Q1,Q1,1,1,1,1,Q1,1,1,1,1,Q1,1,1,1,1,1
https://openalex.org/W1995067277,01730835,Q1,,1,1,Q1,Q1,Q1,1,1,1,1,Q1,1,1,1,1,Q1,1,1,1,1,1
https://openalex.org/W1995082200,00201693,Q2,,2,2,Q2,Q2,Q2,0,2,1,1,Q2,0,2,1,1,Q2,0,2,1,1,0
https://openalex.org/W1995086383,00220248,Q1,,2,2,Q2,Q2,Q1,1,1,1,1,Q2,0,2,1,1,Q2,0,2,1,1,1
https://openalex.org/W1995137685,00032700,Q1,,1,1,Q1,Q1,Q1,1,1,1,1,Q1,1,1,1,1,Q1,1,1,1,1,1
https://openalex.org/W1995227684,00027863,Q1,,1,1,Q1,Q1,Q1,1,1,1,1,Q1,1,1,1,1,Q1,1,1,1,1,1
https://openalex.org/W1995253118,00218995,Q1,,2,2,Q2,Q2,Q1,1,1,1,1,Q2,0,2,1,1,Q2,0,2,1,1,1
https://openalex.org/W1995268692,00220248,Q1,,2,2,Q2,Q2,Q1,1,1,1,1,Q2,0,2,1,1,Q2,0,2,1,1,1
https://openalex.org/W1995275273,00201693,Q2,,2,2,Q2,Q2,Q2,0,2,1,1,Q2,0,2,1,1,Q2,0,2,1,1,0
https://openalex.org/W1995275332,03667022,Q2,,2,2,Q2,Q2,Q2,0,2,1,1,Q2,0,2,1,1,Q2,0,2,1,1,0
https://openalex.org/W1995276475,00218561,Q1,,1,1,Q1,Q1,Q1,1,1,1,1,Q1,1,1,1,1,Q1,1,1,1,1,1
https://openalex.org/W1995315680,03667022,Q2,,2,2,Q2,Q2,Q2,0,2,1,1,Q2,0,2,1,1,Q2,0,2,1,1,0
https://openalex.org/W1995320676,11440546,Q1,,1,1,Q1,Q1,Q1,1,1,1,1,Q1,1,1,1,1,Q1,1,1,1,1,1
https://openalex.org/W1995322095,0018019X,Q1,,2,2,Q2,Q2,Q1,1,1,1,1,Q2,0,2,1,1,Q2,0,2,1,1,1
https://openalex.org/W1995330018,00032670,Q1,,1,1,Q1,Q1,Q1,1,1,1,1,Q1,1,1,1,1,Q1,1,1,1,1,1
https://openalex.org/W1995333692,00222860,Q2,,3,3,Q3,Q3,Q2,0,2,1,1,Q3,0,3,0,1,Q3,0,3,0,1,0
https://openalex.org/W1995337019,03855414,Q2,,3,3,Q3,Q3,Q2,0,2,1,1,Q3,0,3,0,1,Q3,0,3,0,1,0
https://openalex.org/W1995347993,00222313,Q1,,1,1,Q1,Q1,Q1,1,1,1,1,Q1,1,1,1,1,Q1,1,1,1,1,1
https://openalex.org/W1995356005,00218995,Q1,,2,2,Q2,Q2,Q1,1,1,1,1,Q2,0,2,1,1,Q2,0,2,1,1,1
https://openalex.org/W1995359293,10431802,Q1,,1,1,Q1,Q1,Q1,1,1,1,1,Q1,1,1,1,1,Q1,1,1,1,1,1
https://openalex.org/W1995368717,00218995,Q1,,2,2,Q2,Q2,Q1,1,1,1,1,Q2,0,2,1,1,Q2,0,2,1,1,1
https://openalex.org/W1995393884,13886150,Q3,,3,3,Q3,Q3,Q3,0,3,0,1,Q3,0,3,0,1,Q3,0,3,0,1,0
https://openalex.org/W1995395174,15675394,Q2,,2,2,Q2,Q2,Q2,0,2,1,1,Q2,0,2,1,1,Q2,0,2,1,1,0
https://openalex.org/W1995396463,00119164,Q1,,1,1,Q1,Q1,Q1,1,1,1,1,Q1,1,1,1,1,Q1,1,1,1,1,1
https://openalex.org/W1995412337,0010938X,Q1,,1,1,Q1,Q1,Q1,1,1,1,1,Q1,1,1,1,1,Q1,1,1,1,1,1
https://openalex.org/W1995458492,13597345,Q1,,1,1,Q1,Q1,Q1,1,1,1,1,Q1,1,1,1,1,Q1,1,1,1,1,1
https://openalex.org/W1995499811,09254005,-,,5,5,Unranked,Unranked,Unranked,0,5,0,0,Unranked,0,5,0,0,Unranked,0,5,0,0,0
https://openalex.org/W1995505622,00218995,Q1,,2,2,Q2,Q2,Q1,1,1,1,1,Q2,0,2,1,1,Q2,0,2,1,1,1
https://openalex.org/W1995521302,00119164,Q1,,1,1,Q1,Q1,Q1,1,1,1,1,Q1,1,1,1,1,Q1,1,1,1,1,1
https://openalex.org/W1995529682,00404020,Q1,,1,1,Q1,Q1,Q1,1,1,1,1,Q1,1,1,1,1,Q1,1,1,1,1,1
https://openalex.org/W1995552419,07248741,Q1,,1,1,Q1,Q1,Q1,1,1,1,1,Q1,1,1,1,1,Q1,1,1,1,1,1
https://openalex.org/W1995555506,00223263,Q1,,1,1,Q1,Q1,Q1,1,1,1,1,Q1,1,1,1,1,Q1,1,1,1,1,1
https://openalex.org/W1995571548,00162361,Q1,,1,1,Q1,Q1,Q1,1,1,1,1,Q1,1,1,1,1,Q1,1,1,1,1,1
https://openalex.org/W1995585628,03787753,Q1,,1,1,Q1,Q1,Q1,1,1,1,1,Q1,1,1,1,1,Q1,1,1,1,1,1
https://openalex.org/W1995627776,15700232,Q2,,1,1,Q1,Q1,Q2,0,2,1,1,Q1,1,1,1,1,Q1,1,1,1,1,0
https://openalex.org/W1995629145,01633864,Q1,,1,1,Q1,Q1,Q1,1,1,1,1,Q1,1,1,1,1,Q1,1,1,1,1,1
https://openalex.org/W1995689541,09478396,Q1,,1,1,Q1,Q1,Q1,1,1,1,1,Q1,1,1,1,1,Q1,1,1,1,1,1
https://openalex.org/W1995697175,00218561,Q1,,1,1,Q1,Q1,Q1,1,1,1,1,Q1,1,1,1,1,Q1,1,1,1,1,1
https://openalex.org/W1995704359,09253467,-,,5,5,Unranked,Unranked,Unranked,0,5,0,0,Unranked,0,5,0,0,Unranked,0,5,0,0,0
https://openalex.org/W1995716179,05704928,Q2,,2,2,Q2,Q2,Q2,0,2,1,1,Q2,0,2,1,1,Q2,0,2,1,1,0
https://openalex.org/W1995725505,09277757,-,,5,5,Unranked,Unranked,Unranked,0,5,0,0,Unranked,0,5,0,0,Unranked,0,5,0,0,0
https://openalex.org/W1995730659,07437463,Q1,,1,1,Q1,Q1,Q1,1,1,1,1,Q1,1,1,1,1,Q1,1,1,1,1,1
https://openalex.org/W1995745290,09680896,Q2,,1,1,Q1,Q1,Q2,0,2,1,1,Q1,1,1,1,1,Q1,1,1,1,1,0
https://openalex.org/W1995760312,00456535,Q1,,1,1,Q1,Q1,Q1,1,1,1,1,Q1,1,1,1,1,Q1,1,1,1,1,1
https://openalex.org/W1995772204,00032654,Q1,,1,1,Q1,Q1,Q1,1,1,1,1,Q1,1,1,1,1,Q1,1,1,1,1,1
https://openalex.org/W1995778190,14668033,Q1,,1,1,Q1,Q1,Q1,1,1,1,1,Q1,1,1,1,1,Q1,1,1,1,1,1
https://openalex.org/W1995784709,02767333,Q1,,1,1,Q1,Q1,Q1,1,1,1,1,Q1,1,1,1,1,Q1,1,1,1,1,1
https://openalex.org/W1995805103,16159306,Q1,,1,1,Q1,Q1,Q1,1,1,1,1,Q1,1,1,1,1,Q1,1,1,1,1,1
https://openalex.org/W1995808715,02578972,Q1,,1,1,Q1,Q1,Q1,1,1,1,1,Q1,1,1,1,1,Q1,1,1,1,1,1
https://openalex.org/W1995812309,0960894X,Q2,,2,2,Q2,Q2,Q2,0,2,1,1,Q2,0,2,1,1,Q2,0,2,1,1,0
https://openalex.org/W1995850870,15675394,Q2,,2,2,Q2,Q2,Q2,0,2,1,1,Q2,0,2,1,1,Q2,0,2,1,1,0
https://openalex.org/W1995860742,14770520,Q1,,1,1,Q1,Q1,Q1,1,1,1,1,Q1,1,1,1,1,Q1,1,1,1,1,1
https://openalex.org/W1995875005,0013936X,Q1,,1,1,Q1,Q1,Q1,1,1,1,1,Q1,1,1,1,1,Q1,1,1,1,1,1
https://openalex.org/W1995922049,02578972,Q1,,1,1,Q1,Q1,Q1,1,1,1,1,Q1,1,1,1,1,Q1,1,1,1,1,1
https://openalex.org/W1995967290,00218561,Q1,,1,1,Q1,Q1,Q1,1,1,1,1,Q1,1,1,1,1,Q1,1,1,1,1,1
https://openalex.org/W1995972462,13597345,Q1,,1,1,Q1,Q1,Q1,1,1,1,1,Q1,1,1,1,1,Q1,1,1,1,1,1
https://openalex.org/W1995997090,09660844,-,,5,5,Unranked,Unranked,Unranked,0,5,0,0,Unranked,0,5,0,0,Unranked,0,5,0,0,0
https://openalex.org/W1996012555,09280707,Q1,,2,2,Q2,Q2,Q1,1,1,1,1,Q2,0,2,1,1,Q2,0,2,1,1,1
https://openalex.org/W1996027002,02578972,Q1,,1,1,Q1,Q1,Q1,1,1,1,1,Q1,1,1,1,1,Q1,1,1,1,1,1
https://openalex.org/W1996045081,00323861,Q1,,1,1,Q1,Q1,Q1,1,1,1,1,Q1,1,1,1,1,Q1,1,1,1,1,1
https://openalex.org/W1996106058,10400397,Q2,,2,2,Q2,Q2,Q2,0,2,1,1,Q2,0,2,1,1,Q2,0,2,1,1,0
https://openalex.org/W1996139935,00027863,Q1,,1,1,Q1,Q1,Q1,1,1,1,1,Q1,1,1,1,1,Q1,1,1,1,1,1
https://openalex.org/W1996141707,02536269,Q3,,3,3,Q3,Q3,Q3,0,3,0,1,Q3,0,3,0,1,Q3,0,3,0,1,0
https://openalex.org/W1996148167,00249297,Q1,,1,1,Q1,Q1,Q1,1,1,1,1,Q1,1,1,1,1,Q1,1,1,1,1,1
https://openalex.org/W1996175714,00219673,Q1,,1,1,Q1,Q1,Q1,1,1,1,1,Q1,1,1,1,1,Q1,1,1,1,1,1
https://openalex.org/W1996192360,00399140,Q1,,1,1,Q1,Q1,Q1,1,1,1,1,Q1,1,1,1,1,Q1,1,1,1,1,1
https://openalex.org/W1996205801,07373937,Q3,,2,2,Q2,Q2,Q3,0,3,0,1,Q2,0,2,1,1,Q2,0,2,1,1,0
https://openalex.org/W1996216916,13886150,Q3,,3,3,Q3,Q3,Q3,0,3,0,1,Q3,0,3,0,1,Q3,0,3,0,1,0
https://openalex.org/W1996228804,09254005,-,,5,5,Unranked,Unranked,Unranked,0,5,0,0,Unranked,0,5,0,0,Unranked,0,5,0,0,0
https://openalex.org/W1996229239,00249297,Q1,,1,1,Q1,Q1,Q1,1,1,1,1,Q1,1,1,1,1,Q1,1,1,1,1,1
https://openalex.org/W1996241137,02679477,Q1,,1,1,Q1,Q1,Q1,1,1,1,1,Q1,1,1,1,1,Q1,1,1,1,1,1
https://openalex.org/W1996251975,01422421,Q2,,2,2,Q2,Q2,Q2,0,2,1,1,Q2,0,2,1,1,Q2,0,2,1,1,0
https://openalex.org/W1996267515,00027863,Q1,,1,1,Q1,Q1,Q1,1,1,1,1,Q1,1,1,1,1,Q1,1,1,1,1,1
https://openalex.org/W1996274231,09478396,Q1,,1,1,Q1,Q1,Q1,1,1,1,1,Q1,1,1,1,1,Q1,1,1,1,1,1
https://openalex.org/W1996275032,02578972,Q1,,1,1,Q1,Q1,Q1,1,1,1,1,Q1,1,1,1,1,Q1,1,1,1,1,1
https://openalex.org/W1996287193,09680896,Q2,,1,1,Q1,Q1,Q2,0,2,1,1,Q1,1,1,1,1,Q1,1,1,1,1,0
https://openalex.org/W1996292197,00027863,Q1,,1,1,Q1,Q1,Q1,1,1,1,1,Q1,1,1,1,1,Q1,1,1,1,1,1
https://openalex.org/W1996306218,00323861,Q1,,1,1,Q1,Q1,Q1,1,1,1,1,Q1,1,1,1,1,Q1,1,1,1,1,1
https://openalex.org/W1996307094,00201669,Q1,,1,1,Q1,Q1,Q1,1,1,1,1,Q1,1,1,1,1,Q1,1,1,1,1,1
https://openalex.org/W1996307848,00218995,Q1,,2,2,Q2,Q2,Q1,1,1,1,1,Q2,0,2,1,1,Q2,0,2,1,1,1
https://openalex.org/W1996311680,09574166,Q1,,1,1,Q1,Q1,Q1,1,1,1,1,Q1,1,1,1,1,Q1,1,1,1,1,1
https://openalex.org/W1996321280,01694332,-,,5,5,Unranked,Unranked,Unranked,0,5,0,0,Unranked,0,5,0,0,Unranked,0,5,0,0,0
https://openalex.org/W1996342679,00397911,Q3,,3,3,Q3,Q3,Q3,0,3,0,1,Q3,0,3,0,1,Q3,0,3,0,1,0
https://openalex.org/W1996373361,00218995,Q1,,2,2,Q2,Q2,Q1,1,1,1,1,Q2,0,2,1,1,Q2,0,2,1,1,1
https://openalex.org/W1996419736,15700232,Q2,,1,1,Q1,Q1,Q2,0,2,1,1,Q1,1,1,1,1,Q1,1,1,1,1,0
https://openalex.org/W1996430209,13597345,Q1,,1,1,Q1,Q1,Q1,1,1,1,1,Q1,1,1,1,1,Q1,1,1,1,1,1
https://openalex.org/W1996441509,00032670,Q1,,1,1,Q1,Q1,Q1,1,1,1,1,Q1,1,1,1,1,Q1,1,1,1,1,1
https://openalex.org/W1996487727,15306984,Q1,,1,1,Q1,Q1,Q1,1,1,1,1,Q1,1,1,1,1,Q1,1,1,1,1,1
https://openalex.org/W1996491008,00218995,Q1,,2,2,Q2,Q2,Q1,1,1,1,1,Q2,0,2,1,1,Q2,0,2,1,1,1
https://openalex.org/W1996647501,00032700,Q1,,1,1,Q1,Q1,Q1,1,1,1,1,Q1,1,1,1,1,Q1,1,1,1,1,1
https://openalex.org/W1996719875,00223263,Q1,,1,1,Q1,Q1,Q1,1,1,1,1,Q1,1,1,1,1,Q1,1,1,1,1,1
https://openalex.org/W1996730930,00032670,Q1,,1,1,Q1,Q1,Q1,1,1,1,1,Q1,1,1,1,1,Q1,1,1,1,1,1
https://openalex.org/W1996745356,00162361,Q1,,1,1,Q1,Q1,Q1,1,1,1,1,Q1,1,1,1,1,Q1,1,1,1,1,1
https://openalex.org/W1996758501,00219568,Q1,,1,1,Q1,Q1,Q1,1,1,1,1,Q1,1,1,1,1,Q1,1,1,1,1,1
https://openalex.org/W1996832426,13886150,Q3,,3,3,Q3,Q3,Q3,0,3,0,1,Q3,0,3,0,1,Q3,0,3,0,1,0
https://openalex.org/W1996837568,07491581,Q2,,2,2,Q2,Q2,Q2,0,2,1,1,Q2,0,2,1,1,Q2,0,2,1,1,0
https://openalex.org/W1996840096,00498246,Q2,,3,3,Q3,Q3,Q2,0,2,1,1,Q3,0,3,0,1,Q3,0,3,0,1,0
https://openalex.org/W1996845160,00027863,Q1,,1,1,Q1,Q1,Q1,1,1,1,1,Q1,1,1,1,1,Q1,1,1,1,1,1
https://openalex.org/W1996916821,02578972,Q1,,1,1,Q1,Q1,Q1,1,1,1,1,Q1,1,1,1,1,Q1,1,1,1,1,1
https://openalex.org/W1996925394,01496395,Q2,,2,2,Q2,Q2,Q2,0,2,1,1,Q2,0,2,1,1,Q2,0,2,1,1,0
https://openalex.org/W1996968552,13861425,Q2,,2,2,Q2,Q2,Q2,0,2,1,1,Q2,0,2,1,1,Q2,0,2,1,1,0
https://openalex.org/W1996976958,15700232,Q2,,1,1,Q1,Q1,Q2,0,2,1,1,Q1,1,1,1,1,Q1,1,1,1,1,0
https://openalex.org/W1996977716,00032700,Q1,,1,1,Q1,Q1,Q1,1,1,1,1,Q1,1,1,1,1,Q1,1,1,1,1,1
https://openalex.org/W1996987290,03088146,Q1,,1,1,Q1,Q1,Q1,1,1,1,1,Q1,1,1,1,1,Q1,1,1,1,1,1
https://openalex.org/W1996990381,03043843,Q3,,4,4,Q4,Q4,Q3,0,3,0,1,Q4,0,4,0,0,Q4,0,4,0,0,0
https://openalex.org/W1997062321,00220248,Q1,,2,2,Q2,Q2,Q1,1,1,1,1,Q2,0,2,1,1,Q2,0,2,1,1,1
https://openalex.org/W1997075117,00143057,Q2,,1,1,Q1,Q1,Q2,0,2,1,1,Q1,1,1,1,1,Q1,1,1,1,1,0
https://openalex.org/W1997108860,00334545,Q2,,1,1,Q1,Q1,Q2,0,2,1,1,Q1,1,1,1,1,Q1,1,1,1,1,0
https://openalex.org/W1997111661,00218561,Q1,,1,1,Q1,Q1,Q1,1,1,1,1,Q1,1,1,1,1,Q1,1,1,1,1,1
https://openalex.org/W1997114258,03014622,Q1,,2,2,Q2,Q2,Q1,1,1,1,1,Q2,0,2,1,1,Q2,0,2,1,1,1
https://openalex.org/W1997123876,00323888,Q1,,2,2,Q2,Q2,Q1,1,1,1,1,Q2,0,2,1,1,Q2,0,2,1,1,1
https://openalex.org/W1997136708,16182642,Q2,,1,1,Q1,Q1,Q2,0,2,1,1,Q1,1,1,1,1,Q1,1,1,1,1,0
https://openalex.org/W1997168016,12932558,Q2,,1,1,Q1,Q1,Q2,0,2,1,1,Q1,1,1,1,1,Q1,1,1,1,1,0
https://openalex.org/W1997188484,00406031,Q3,,2,2,Q2,Q2,Q3,0,3,0,1,Q2,0,2,1,1,Q2,0,2,1,1,0
https://openalex.org/W1997243928,0960894X,Q2,,2,2,Q2,Q2,Q2,0,2,1,1,Q2,0,2,1,1,Q2,0,2,1,1,0
https://openalex.org/W1997284034,00032700,Q1,,1,1,Q1,Q1,Q1,1,1,1,1,Q1,1,1,1,1,Q1,1,1,1,1,1
https://openalex.org/W1997286214,15237052,Q1,,1,1,Q1,Q1,Q1,1,1,1,1,Q1,1,1,1,1,Q1,1,1,1,1,1
https://openalex.org/W1997305194,00404020,Q1,,1,1,Q1,Q1,Q1,1,1,1,1,Q1,1,1,1,1,Q1,1,1,1,1,1
https://openalex.org/W1997352809,00406031,Q3,,2,2,Q2,Q2,Q3,0,3,0,1,Q2,0,2,1,1,Q2,0,2,1,1,0
https://openalex.org/W1997370072,16005368,Q3,,3,3,Q3,Q3,Q3,0,3,0,1,Q3,0,3,0,1,Q3,0,3,0,1,0
https://openalex.org/W1997380547,03612317,Q2,,2,2,Q2,Q2,Q2,0,2,1,1,Q2,0,2,1,1,Q2,0,2,1,1,0
https://openalex.org/W1997388490,09254005,-,,5,5,Unranked,Unranked,Unranked,0,5,0,0,Unranked,0,5,0,0,Unranked,0,5,0,0,0
https://openalex.org/W1997464429,15237052,Q1,,1,1,Q1,Q1,Q1,1,1,1,1,Q1,1,1,1,1,Q1,1,1,1,1,1
https://openalex.org/W1997466467,03682048,Q2,,2,2,Q2,Q2,Q2,0,2,1,1,Q2,0,2,1,1,Q2,0,2,1,1,0
https://openalex.org/W1997472384,01672738,Q1,,1,1,Q1,Q1,Q1,1,1,1,1,Q1,1,1,1,1,Q1,1,1,1,1,1
https://openalex.org/W1997485243,00304018,Q1,,2,2,Q2,Q2,Q1,1,1,1,1,Q2,0,2,1,1,Q2,0,2,1,1,1
https://openalex.org/W1997504014,00032700,Q1,,1,1,Q1,Q1,Q1,1,1,1,1,Q1,1,1,1,1,Q1,1,1,1,1,1
https://openalex.org/W1997512083,00086223,Q1,,1,1,Q1,Q1,Q1,1,1,1,1,Q1,1,1,1,1,Q1,1,1,1,1,1
https://openalex.org/W1997525797,00218995,Q1,,2,2,Q2,Q2,Q1,1,1,1,1,Q2,0,2,1,1,Q2,0,2,1,1,1
https://openalex.org/W1997549448,00219673,Q1,,1,1,Q1,Q1,Q1,1,1,1,1,Q1,1,1,1,1,Q1,1,1,1,1,1
https://openalex.org/W1997595201,09599428,Q1,,1,1,Q1,Q1,Q1,1,1,1,1,Q1,1,1,1,1,Q1,1,1,1,1,1
https://openalex.org/W1997692963,03767388,Q1,,1,1,Q1,Q1,Q1,1,1,1,1,Q1,1,1,1,1,Q1,1,1,1,1,1
https://openalex.org/W1997706368,00092614,Q1,,1,1,Q1,Q1,Q1,1,1,1,1,Q1,1,1,1,1,Q1,1,1,1,1,1
https://openalex.org/W1997719501,03787753,Q1,,1,1,Q1,Q1,Q1,1,1,1,1,Q1,1,1,1,1,Q1,1,1,1,1,1
https://openalex.org/W1997752949,15237052,Q1,,1,1,Q1,Q1,Q1,1,1,1,1,Q1,1,1,1,1,Q1,1,1,1,1,1
https://openalex.org/W1997754466,09253467,-,,5,5,Unranked,Unranked,Unranked,0,5,0,0,Unranked,0,5,0,0,Unranked,0,5,0,0,0
https://openalex.org/W1997775795,00105082,Q3,,3,3,Q3,Q3,Q3,0,3,0,1,Q3,0,3,0,1,Q3,0,3,0,1,0
https://openalex.org/W1997786272,12299197,Q3,,2,2,Q2,Q2,Q3,0,3,0,1,Q2,0,2,1,1,Q2,0,2,1,1,0
https://openalex.org/W1997799711,09254005,-,,5,5,Unranked,Unranked,Unranked,0,5,0,0,Unranked,0,5,0,0,Unranked,0,5,0,0,0
https://openalex.org/W1997803338,0021891X,Q2,,2,2,Q2,Q2,Q2,0,2,1,1,Q2,0,2,1,1,Q2,0,2,1,1,0
https://openalex.org/W1997814996,02679477,Q1,,1,1,Q1,Q1,Q1,1,1,1,1,Q1,1,1,1,1,Q1,1,1,1,1,1
https://openalex.org/W1997823149,00399140,Q1,,1,1,Q1,Q1,Q1,1,1,1,1,Q1,1,1,1,1,Q1,1,1,1,1,1
https://openalex.org/W1997895645,01672738,Q1,,1,1,Q1,Q1,Q1,1,1,1,1,Q1,1,1,1,1,Q1,1,1,1,1,1
https://openalex.org/W1997903772,00456535,Q1,,1,1,Q1,Q1,Q1,1,1,1,1,Q1,1,1,1,1,Q1,1,1,1,1,1
https://openalex.org/W1997926210,08926875,Q2,,1,1,Q1,Q1,Q2,0,2,1,1,Q1,1,1,1,1,Q1,1,1,1,1,0
https://openalex.org/W1997934683,01694332,-,,5,5,Unranked,Unranked,Unranked,0,5,0,0,Unranked,0,5,0,0,Unranked,0,5,0,0,0
https://openalex.org/W1997999646,01672738,Q1,,1,1,Q1,Q1,Q1,1,1,1,1,Q1,1,1,1,1,Q1,1,1,1,1,1
https://openalex.org/W1998015583,09478396,Q1,,1,1,Q1,Q1,Q1,1,1,1,1,Q1,1,1,1,1,Q1,1,1,1,1,1
https://openalex.org/W1998030512,02578972,Q1,,1,1,Q1,Q1,Q1,1,1,1,1,Q1,1,1,1,1,Q1,1,1,1,1,1
https://openalex.org/W1998036649,10703284,Q4,,3,3,Q3,Q3,Q4,0,4,0,0,Q3,0,3,0,1,Q3,0,3,0,1,0
https://openalex.org/W1998073692,09253467,-,,5,5,Unranked,Unranked,Unranked,0,5,0,0,Unranked,0,5,0,0,Unranked,0,5,0,0,0
https://openalex.org/W1998075653,0039128X,Q2,,2,2,Q2,Q2,Q2,0,2,1,1,Q2,0,2,1,1,Q2,0,2,1,1,0
https://openalex.org/W1998164463,00162361,Q1,,1,1,Q1,Q1,Q1,1,1,1,1,Q1,1,1,1,1,Q1,1,1,1,1,1
https://openalex.org/W1998175859,00304018,Q1,,2,2,Q2,Q2,Q1,1,1,1,1,Q2,0,2,1,1,Q2,0,2,1,1,1
https://openalex.org/W1998182130,01730835,Q1,,1,1,Q1,Q1,Q1,1,1,1,1,Q1,1,1,1,1,Q1,1,1,1,1,1
https://openalex.org/W1998189134,00222313,Q1,,1,1,Q1,Q1,Q1,1,1,1,1,Q1,1,1,1,1,Q1,1,1,1,1,1
https://openalex.org/W1998199235,10826076,Q3,,3,3,Q3,Q3,Q3,0,3,0,1,Q3,0,3,0,1,Q3,0,3,0,1,0
https://openalex.org/W1998207521,00218995,Q1,,2,2,Q2,Q2,Q1,1,1,1,1,Q2,0,2,1,1,Q2,0,2,1,1,1
https://openalex.org/W1998280182,00027863,Q1,,1,1,Q1,Q1,Q1,1,1,1,1,Q1,1,1,1,1,Q1,1,1,1,1,1
https://openalex.org/W1998300739,01422421,Q2,,2,2,Q2,Q2,Q2,0,2,1,1,Q2,0,2,1,1,Q2,0,2,1,1,0
https://openalex.org/W1998308285,00406031,Q3,,2,2,Q2,Q2,Q3,0,3,0,1,Q2,0,2,1,1,Q2,0,2,1,1,0
https://openalex.org/W1998322724,00027863,Q1,,1,1,Q1,Q1,Q1,1,1,1,1,Q1,1,1,1,1,Q1,1,1,1,1,1
https://openalex.org/W1998325100,00218561,Q1,,1,1,Q1,Q1,Q1,1,1,1,1,Q1,1,1,1,1,Q1,1,1,1,1,1
https://openalex.org/W1998329134,16182642,Q2,,1,1,Q1,Q1,Q2,0,2,1,1,Q1,1,1,1,1,Q1,1,1,1,1,0
https://openalex.org/W1998366131,00404020,Q1,,1,1,Q1,Q1,Q1,1,1,1,1,Q1,1,1,1,1,Q1,1,1,1,1,1
https://openalex.org/W1998376906,11440546,Q1,,1,1,Q1,Q1,Q1,1,1,1,1,Q1,1,1,1,1,Q1,1,1,1,1,1
https://openalex.org/W1998392749,00218995,Q1,,2,2,Q2,Q2,Q1,1,1,1,1,Q2,0,2,1,1,Q2,0,2,1,1,1
https://openalex.org/W1998460311,00220248,Q1,,2,2,Q2,Q2,Q1,1,1,1,1,Q2,0,2,1,1,Q2,0,2,1,1,1
https://openalex.org/W1998492857,00406031,Q3,,2,2,Q2,Q2,Q3,0,3,0,1,Q2,0,2,1,1,Q2,0,2,1,1,0
https://openalex.org/W1998514159,00086215,Q2,,2,2,Q2,Q2,Q2,0,2,1,1,Q2,0,2,1,1,Q2,0,2,1,1,0
https://openalex.org/W1998560893,00220248,Q1,,2,2,Q2,Q2,Q1,1,1,1,1,Q2,0,2,1,1,Q2,0,2,1,1,1
https://openalex.org/W1998593336,00201685,Q3,,3,3,Q3,Q3,Q3,0,3,0,1,Q3,0,3,0,1,Q3,0,3,0,1,0
https://openalex.org/W1998613204,0010938X,Q1,,1,1,Q1,Q1,Q1,1,1,1,1,Q1,1,1,1,1,Q1,1,1,1,1,1
https://openalex.org/W1998619809,07437463,Q1,,1,1,Q1,Q1,Q1,1,1,1,1,Q1,1,1,1,1,Q1,1,1,1,1,1
https://openalex.org/W1998735791,15306984,Q1,,1,1,Q1,Q1,Q1,1,1,1,1,Q1,1,1,1,1,Q1,1,1,1,1,1
https://openalex.org/W1998753494,03667022,Q2,,2,2,Q2,Q2,Q2,0,2,1,1,Q2,0,2,1,1,Q2,0,2,1,1,0
https://openalex.org/W1998773595,00399140,Q1,,1,1,Q1,Q1,Q1,1,1,1,1,Q1,1,1,1,1,Q1,1,1,1,1,1
https://openalex.org/W1998791206,00399140,Q1,,1,1,Q1,Q1,Q1,1,1,1,1,Q1,1,1,1,1,Q1,1,1,1,1,1
https://openalex.org/W1998989247,0265203X,Q1,,1,3,Q1,Q3,Q1,1,1,1,1,Q1,1,1,1,1,Q3,0,3,0,1,1
https://openalex.org/W1999028041,00027863,Q1,,1,1,Q1,Q1,Q1,1,1,1,1,Q1,1,1,1,1,Q1,1,1,1,1,1
https://openalex.org/W1999033825,00119164,Q1,,1,1,Q1,Q1,Q1,1,1,1,1,Q1,1,1,1,1,Q1,1,1,1,1,1
https://openalex.org/W1999043273,15287483,Q1,,1,1,Q1,Q1,Q1,1,1,1,1,Q1,1,1,1,1,Q1,1,1,1,1,1
https://openalex.org/W1999064112,00399140,Q1,,1,1,Q1,Q1,Q1,1,1,1,1,Q1,1,1,1,1,Q1,1,1,1,1,1
https://openalex.org/W1999071249,01694332,-,,5,5,Unranked,Unranked,Unranked,0,5,0,0,Unranked,0,5,0,0,Unranked,0,5,0,0,0
https://openalex.org/W1999105751,00263672,Q3,,1,2,Q1,Q2,Q3,0,3,0,1,Q1,1,1,1,1,Q2,0,2,1,1,0
https://openalex.org/W1999115951,00218995,Q1,,2,2,Q2,Q2,Q1,1,1,1,1,Q2,0,2,1,1,Q2,0,2,1,1,1
https://openalex.org/W1999116469,00102180,Q1,,1,1,Q1,Q1,Q1,1,1,1,1,Q1,1,1,1,1,Q1,1,1,1,1,1
https://openalex.org/W1999128282,00249297,Q1,,1,1,Q1,Q1,Q1,1,1,1,1,Q1,1,1,1,1,Q1,1,1,1,1,1
https://openalex.org/W1999157546,02536269,Q3,,3,3,Q3,Q3,Q3,0,3,0,1,Q3,0,3,0,1,Q3,0,3,0,1,0
https://openalex.org/W1999184772,09253467,-,,5,5,Unranked,Unranked,Unranked,0,5,0,0,Unranked,0,5,0,0,Unranked,0,5,0,0,0
https://openalex.org/W1999184820,09254005,-,,5,5,Unranked,Unranked,Unranked,0,5,0,0,Unranked,0,5,0,0,Unranked,0,5,0,0,0
https://openalex.org/W1999190454,00134686,Q1,,1,1,Q1,Q1,Q1,1,1,1,1,Q1,1,1,1,1,Q1,1,1,1,1,1
https://openalex.org/W1999199808,00037028,Q2,,3,3,Q3,Q3,Q2,0,2,1,1,Q3,0,3,0,1,Q3,0,3,0,1,0
https://openalex.org/W1999216012,00201669,Q1,,1,1,Q1,Q1,Q1,1,1,1,1,Q1,1,1,1,1,Q1,1,1,1,1,1
https://openalex.org/W1999218695,16182642,Q2,,1,1,Q1,Q1,Q2,0,2,1,1,Q1,1,1,1,1,Q1,1,1,1,1,0
https://openalex.org/W1999251568,08825734,Q2,,2,2,Q2,Q2,Q2,0,2,1,1,Q2,0,2,1,1,Q2,0,2,1,1,0
https://openalex.org/W1999270308,01672738,Q1,,1,1,Q1,Q1,Q1,1,1,1,1,Q1,1,1,1,1,Q1,1,1,1,1,1
https://openalex.org/W1999278135,07317085,Q2,,1,1,Q1,Q1,Q2,0,2,1,1,Q1,1,1,1,1,Q1,1,1,1,1,0
https://openalex.org/W1999281263,17475198,-,,3,3,Q3,Q3,Unranked,0,5,0,0,Q3,0,3,0,1,Q3,0,3,0,1,0
https://openalex.org/W1999319598,0265203X,Q1,,1,3,Q1,Q3,Q1,1,1,1,1,Q1,1,1,1,1,Q3,0,3,0,1,1
https://openalex.org/W1999335485,01672738,Q1,,1,1,Q1,Q1,Q1,1,1,1,1,Q1,1,1,1,1,Q1,1,1,1,1,1
https://openalex.org/W1999432067,01694332,-,,5,5,Unranked,Unranked,Unranked,0,5,0,0,Unranked,0,5,0,0,Unranked,0,5,0,0,0
https://openalex.org/W1999470447,00162361,Q1,,1,1,Q1,Q1,Q1,1,1,1,1,Q1,1,1,1,1,Q1,1,1,1,1,1
https://openalex.org/W1999497809,09660844,-,,5,5,Unranked,Unranked,Unranked,0,5,0,0,Unranked,0,5,0,0,Unranked,0,5,0,0,0
https://openalex.org/W1999508478,02578972,Q1,,1,1,Q1,Q1,Q1,1,1,1,1,Q1,1,1,1,1,Q1,1,1,1,1,1
https://openalex.org/W1999523030,00027863,Q1,,1,1,Q1,Q1,Q1,1,1,1,1,Q1,1,1,1,1,Q1,1,1,1,1,1
https://openalex.org/W1999570774,00219606,Q1,,1,1,Q1,Q1,Q1,1,1,1,1,Q1,1,1,1,1,Q1,1,1,1,1,1
https://openalex.org/W1999593056,00032700,Q1,,1,1,Q1,Q1,Q1,1,1,1,1,Q1,1,1,1,1,Q1,1,1,1,1,1
https://openalex.org/W1999605267,00220248,Q1,,2,2,Q2,Q2,Q1,1,1,1,1,Q2,0,2,1,1,Q2,0,2,1,1,1
https://openalex.org/W1999616650,01496395,Q2,,2,2,Q2,Q2,Q2,0,2,1,1,Q2,0,2,1,1,Q2,0,2,1,1,0
https://openalex.org/W1999621003,00456535,Q1,,1,1,Q1,Q1,Q1,1,1,1,1,Q1,1,1,1,1,Q1,1,1,1,1,1
https://openalex.org/W1999630511,10990690,Q1,,1,1,Q1,Q1,Q1,1,1,1,1,Q1,1,1,1,1,Q1,1,1,1,1,1
https://openalex.org/W1999633146,13886150,Q3,,3,3,Q3,Q3,Q3,0,3,0,1,Q3,0,3,0,1,Q3,0,3,0,1,0
https://openalex.org/W1999645211,09254005,-,,5,5,Unranked,Unranked,Unranked,0,5,0,0,Unranked,0,5,0,0,Unranked,0,5,0,0,0
https://openalex.org/W1999663471,15237052,Q1,,1,1,Q1,Q1,Q1,1,1,1,1,Q1,1,1,1,1,Q1,1,1,1,1,1
https://openalex.org/W1999667531,03767388,Q1,,1,1,Q1,Q1,Q1,1,1,1,1,Q1,1,1,1,1,Q1,1,1,1,1,1
https://openalex.org/W1999674520,00219673,Q1,,1,1,Q1,Q1,Q1,1,1,1,1,Q1,1,1,1,1,Q1,1,1,1,1,1
https://openalex.org/W1999695700,00399140,Q1,,1,1,Q1,Q1,Q1,1,1,1,1,Q1,1,1,1,1,Q1,1,1,1,1,1
https://openalex.org/W1999705470,13882481,Q1,,1,1,Q1,Q1,Q1,1,1,1,1,Q1,1,1,1,1,Q1,1,1,1,1,1
https://openalex.org/W1999792410,00220248,Q1,,2,2,Q2,Q2,Q1,1,1,1,1,Q2,0,2,1,1,Q2,0,2,1,1,1
https://openalex.org/W1999835413,00032670,Q1,,1,1,Q1,Q1,Q1,1,1,1,1,Q1,1,1,1,1,Q1,1,1,1,1,1
https://openalex.org/W1999839561,10826076,Q3,,3,3,Q3,Q3,Q3,0,3,0,1,Q3,0,3,0,1,Q3,0,3,0,1,0
https://openalex.org/W1999840380,15280691,Q1,,1,1,Q1,Q1,Q1,1,1,1,1,Q1,1,1,1,1,Q1,1,1,1,1,1
https://openalex.org/W1999853481,01035053,Q2,,2,2,Q2,Q2,Q2,0,2,1,1,Q2,0,2,1,1,Q2,0,2,1,1,0
https://openalex.org/W1999886572,10663622,Q4,,4,4,Q4,Q4,Q4,0,4,0,0,Q4,0,4,0,0,Q4,0,4,0,0,0
https://openalex.org/W1999901039,01425463,Q3,,2,2,Q2,Q2,Q3,0,3,0,1,Q2,0,2,1,1,Q2,0,2,1,1,0
https://openalex.org/W1999913479,00218561,Q1,,1,1,Q1,Q1,Q1,1,1,1,1,Q1,1,1,1,1,Q1,1,1,1,1,1
https://openalex.org/W1999918175,09168451,Q3,,2,2,Q2,Q2,Q3,0,3,0,1,Q2,0,2,1,1,Q2,0,2,1,1,0
https://openalex.org/W1999922275,00220248,Q1,,2,2,Q2,Q2,Q1,1,1,1,1,Q2,0,2,1,1,Q2,0,2,1,1,1
https://openalex.org/W1999937901,0265203X,Q1,,1,3,Q1,Q3,Q1,1,1,1,1,Q1,1,1,1,1,Q3,0,3,0,1,1
https://openalex.org/W1999942337,13882481,Q1,,1,1,Q1,Q1,Q1,1,1,1,1,Q1,1,1,1,1,Q1,1,1,1,1,1
https://openalex.org/W1999979096,03667022,Q2,,2,2,Q2,Q2,Q2,0,2,1,1,Q2,0,2,1,1,Q2,0,2,1,1,0
https://openalex.org/W1999981349,00094536,Q3,,3,3,Q3,Q3,Q3,0,3,0,1,Q3,0,3,0,1,Q3,0,3,0,1,0
https://openalex.org/W1999994555,00201693,Q2,,2,2,Q2,Q2,Q2,0,2,1,1,Q2,0,2,1,1,Q2,0,2,1,1,0
https://openalex.org/W2000021730,00119164,Q1,,1,1,Q1,Q1,Q1,1,1,1,1,Q1,1,1,1,1,Q1,1,1,1,1,1
https://openalex.org/W2000104259,00223263,Q1,,1,1,Q1,Q1,Q1,1,1,1,1,Q1,1,1,1,1,Q1,1,1,1,1,1
https://openalex.org/W2000122399,09253467,-,,5,5,Unranked,Unranked,Unranked,0,5,0,0,Unranked,0,5,0,0,Unranked,0,5,0,0,0
https://openalex.org/W2000129866,0013936X,Q1,,1,1,Q1,Q1,Q1,1,1,1,1,Q1,1,1,1,1,Q1,1,1,1,1,1
https://openalex.org/W2000141051,00249297,Q1,,1,1,Q1,Q1,Q1,1,1,1,1,Q1,1,1,1,1,Q1,1,1,1,1,1
https://openalex.org/W2000156741,00399140,Q1,,1,1,Q1,Q1,Q1,1,1,1,1,Q1,1,1,1,1,Q1,1,1,1,1,1
https://openalex.org/W2000164285,09254005,-,,5,5,Unranked,Unranked,Unranked,0,5,0,0,Unranked,0,5,0,0,Unranked,0,5,0,0,0
https://openalex.org/W2000167035,09280707,Q1,,2,2,Q2,Q2,Q1,1,1,1,1,Q2,0,2,1,1,Q2,0,2,1,1,1
https://openalex.org/W2000193842,00134686,Q1,,1,1,Q1,Q1,Q1,1,1,1,1,Q1,1,1,1,1,Q1,1,1,1,1,1
https://openalex.org/W2000200803,0018019X,Q1,,2,2,Q2,Q2,Q1,1,1,1,1,Q2,0,2,1,1,Q2,0,2,1,1,1
https://openalex.org/W2000229693,00027863,Q1,,1,1,Q1,Q1,Q1,1,1,1,1,Q1,1,1,1,1,Q1,1,1,1,1,1
https://openalex.org/W2000232765,00399140,Q1,,1,1,Q1,Q1,Q1,1,1,1,1,Q1,1,1,1,1,Q1,1,1,1,1,1
https://openalex.org/W2000264157,14761122,Q1,,1,1,Q1,Q1,Q1,1,1,1,1,Q1,1,1,1,1,Q1,1,1,1,1,1
https://openalex.org/W2000312806,00218561,Q1,,1,1,Q1,Q1,Q1,1,1,1,1,Q1,1,1,1,1,Q1,1,1,1,1,1
https://openalex.org/W2000315839,15237052,Q1,,1,1,Q1,Q1,Q1,1,1,1,1,Q1,1,1,1,1,Q1,1,1,1,1,1
https://openalex.org/W2000323000,09565663,Q1,,1,1,Q1,Q1,Q1,1,1,1,1,Q1,1,1,1,1,Q1,1,1,1,1,1
https://openalex.org/W2000333166,09254005,-,,5,5,Unranked,Unranked,Unranked,0,5,0,0,Unranked,0,5,0,0,Unranked,0,5,0,0,0
https://openalex.org/W2000340371,07317085,Q2,,1,1,Q1,Q1,Q2,0,2,1,1,Q1,1,1,1,1,Q1,1,1,1,1,0
https://openalex.org/W2000420765,10106030,Q1,,1,1,Q1,Q1,Q1,1,1,1,1,Q1,1,1,1,1,Q1,1,1,1,1,1
https://openalex.org/W2000453438,03088146,Q1,,1,1,Q1,Q1,Q1,1,1,1,1,Q1,1,1,1,1,Q1,1,1,1,1,1
https://openalex.org/W2000461532,15726657,Q1,,2,2,Q2,Q2,Q1,1,1,1,1,Q2,0,2,1,1,Q2,0,2,1,1,1
https://openalex.org/W2000465353,13871811,Q1,,1,1,Q1,Q1,Q1,1,1,1,1,Q1,1,1,1,1,Q1,1,1,1,1,1
https://openalex.org/W2000491712,09106340,Q3,,2,2,Q2,Q2,Q3,0,3,0,1,Q2,0,2,1,1,Q2,0,2,1,1,0
https://openalex.org/W2000498672,00134651,Q1,,1,1,Q1,Q1,Q1,1,1,1,1,Q1,1,1,1,1,Q1,1,1,1,1,1
https://openalex.org/W2000512760,03612317,Q2,,2,2,Q2,Q2,Q2,0,2,1,1,Q2,0,2,1,1,Q2,0,2,1,1,0
https://openalex.org/W2000518700,07437463,Q1,,1,1,Q1,Q1,Q1,1,1,1,1,Q1,1,1,1,1,Q1,1,1,1,1,1
https://openalex.org/W2000537891,03067319,Q3,,3,3,Q3,Q3,Q3,0,3,0,1,Q3,0,3,0,1,Q3,0,3,0,1,0
https://openalex.org/W2000594452,01694332,-,,5,5,Unranked,Unranked,Unranked,0,5,0,0,Unranked,0,5,0,0,Unranked,0,5,0,0,0
https://openalex.org/W2000601797,09280707,Q1,,2,2,Q2,Q2,Q1,1,1,1,1,Q2,0,2,1,1,Q2,0,2,1,1,1
https://openalex.org/W2000614174,00027863,Q1,,1,1,Q1,Q1,Q1,1,1,1,1,Q1,1,1,1,1,Q1,1,1,1,1,1
https://openalex.org/W2000622303,03855414,Q2,,3,3,Q3,Q3,Q2,0,2,1,1,Q3,0,3,0,1,Q3,0,3,0,1,0
https://openalex.org/W2000638520,00092614,Q1,,1,1,Q1,Q1,Q1,1,1,1,1,Q1,1,1,1,1,Q1,1,1,1,1,1
https://openalex.org/W2000687060,00404039,Q1,,2,2,Q2,Q2,Q1,1,1,1,1,Q2,0,2,1,1,Q2,0,2,1,1,1
https://openalex.org/W2000716883,00027863,Q1,,1,1,Q1,Q1,Q1,1,1,1,1,Q1,1,1,1,1,Q1,1,1,1,1,1
https://openalex.org/W2000733537,00162361,Q1,,1,1,Q1,Q1,Q1,1,1,1,1,Q1,1,1,1,1,Q1,1,1,1,1,1
https://openalex.org/W2000735831,00404039,Q1,,2,2,Q2,Q2,Q1,1,1,1,1,Q2,0,2,1,1,Q2,0,2,1,1,1
https://openalex.org/W2000748516,01672738,Q1,,1,1,Q1,Q1,Q1,1,1,1,1,Q1,1,1,1,1,Q1,1,1,1,1,1
https://openalex.org/W2000766692,00223263,Q1,,1,1,Q1,Q1,Q1,1,1,1,1,Q1,1,1,1,1,Q1,1,1,1,1,1
https://openalex.org/W2000771599,01694332,-,,5,5,Unranked,Unranked,Unranked,0,5,0,0,Unranked,0,5,0,0,Unranked,0,5,0,0,0
https://openalex.org/W2000778035,10106030,Q1,,1,1,Q1,Q1,Q1,1,1,1,1,Q1,1,1,1,1,Q1,1,1,1,1,1
https://openalex.org/W2000815156,0021891X,Q2,,2,2,Q2,Q2,Q2,0,2,1,1,Q2,0,2,1,1,Q2,0,2,1,1,0
https://openalex.org/W2000906662,0960894X,Q2,,2,2,Q2,Q2,Q2,0,2,1,1,Q2,0,2,1,1,Q2,0,2,1,1,0
https://openalex.org/W2000953562,02578972,Q1,,1,1,Q1,Q1,Q1,1,1,1,1,Q1,1,1,1,1,Q1,1,1,1,1,1
https://openalex.org/W2000972433,00406031,Q3,,2,2,Q2,Q2,Q3,0,3,0,1,Q2,0,2,1,1,Q2,0,2,1,1,0
https://openalex.org/W2000994263,00086223,Q1,,1,1,Q1,Q1,Q1,1,1,1,1,Q1,1,1,1,1,Q1,1,1,1,1,1
https://openalex.org/W2001002350,13886150,Q3,,3,3,Q3,Q3,Q3,0,3,0,1,Q3,0,3,0,1,Q3,0,3,0,1,0
https://openalex.org/W2001004098,00381098,Q1,,1,1,Q1,Q1,Q1,1,1,1,1,Q1,1,1,1,1,Q1,1,1,1,1,1
https://openalex.org/W2001005810,00218561,Q1,,1,1,Q1,Q1,Q1,1,1,1,1,Q1,1,1,1,1,Q1,1,1,1,1,1
https://openalex.org/W2001027389,15306984,Q1,,1,1,Q1,Q1,Q1,1,1,1,1,Q1,1,1,1,1,Q1,1,1,1,1,1
https://openalex.org/W2001028259,00220248,Q1,,2,2,Q2,Q2,Q1,1,1,1,1,Q2,0,2,1,1,Q2,0,2,1,1,1
https://openalex.org/W2001060100,15700232,Q2,,1,1,Q1,Q1,Q2,0,2,1,1,Q1,1,1,1,1,Q1,1,1,1,1,0
https://openalex.org/W2001068350,09106340,Q3,,2,2,Q2,Q2,Q3,0,3,0,1,Q2,0,2,1,1,Q2,0,2,1,1,0
https://openalex.org/W2001068635,00218561,Q1,,1,1,Q1,Q1,Q1,1,1,1,1,Q1,1,1,1,1,Q1,1,1,1,1,1
https://openalex.org/W2001079569,01672738,Q1,,1,1,Q1,Q1,Q1,1,1,1,1,Q1,1,1,1,1,Q1,1,1,1,1,1
https://openalex.org/W2001145784,13877003,Q2,,2,2,Q2,Q2,Q2,0,2,1,1,Q2,0,2,1,1,Q2,0,2,1,1,0
https://openalex.org/W2001154000,00218995,Q1,,2,2,Q2,Q2,Q1,1,1,1,1,Q2,0,2,1,1,Q2,0,2,1,1,1
https://openalex.org/W2001160178,00219568,Q1,,1,1,Q1,Q1,Q1,1,1,1,1,Q1,1,1,1,1,Q1,1,1,1,1,1
https://openalex.org/W2001203710,01694332,-,,5,5,Unranked,Unranked,Unranked,0,5,0,0,Unranked,0,5,0,0,Unranked,0,5,0,0,0
https://openalex.org/W2001212769,00249297,Q1,,1,1,Q1,Q1,Q1,1,1,1,1,Q1,1,1,1,1,Q1,1,1,1,1,1
https://openalex.org/W2001236319,00223697,Q1,,2,2,Q2,Q2,Q1,1,1,1,1,Q2,0,2,1,1,Q2,0,2,1,1,1
https://openalex.org/W2001266801,03787753,Q1,,1,1,Q1,Q1,Q1,1,1,1,1,Q1,1,1,1,1,Q1,1,1,1,1,1
https://openalex.org/W2001305586,0022152X,Q3,,3,3,Q3,Q3,Q3,0,3,0,1,Q3,0,3,0,1,Q3,0,3,0,1,0
https://openalex.org/W2001314463,00222313,Q1,,1,1,Q1,Q1,Q1,1,1,1,1,Q1,1,1,1,1,Q1,1,1,1,1,1
https://openalex.org/W2001319350,14786419,Q3,,3,3,Q3,Q3,Q3,0,3,0,1,Q3,0,3,0,1,Q3,0,3,0,1,0
https://openalex.org/W2001355968,0960894X,Q2,,2,2,Q2,Q2,Q2,0,2,1,1,Q2,0,2,1,1,Q2,0,2,1,1,0
https://openalex.org/W2001372852,08974756,Q1,,1,1,Q1,Q1,Q1,1,1,1,1,Q1,1,1,1,1,Q1,1,1,1,1,1
https://openalex.org/W2001379168,09478396,Q1,,1,1,Q1,Q1,Q1,1,1,1,1,Q1,1,1,1,1,Q1,1,1,1,1,1
https://openalex.org/W2001416577,15237052,Q1,,1,1,Q1,Q1,Q1,1,1,1,1,Q1,1,1,1,1,Q1,1,1,1,1,1
https://openalex.org/W2001430795,10400397,Q2,,2,2,Q2,Q2,Q2,0,2,1,1,Q2,0,2,1,1,Q2,0,2,1,1,0
https://openalex.org/W2001434583,09205861,Q1,,1,1,Q1,Q1,Q1,1,1,1,1,Q1,1,1,1,1,Q1,1,1,1,1,1
https://openalex.org/W2001458124,00399140,Q1,,1,1,Q1,Q1,Q1,1,1,1,1,Q1,1,1,1,1,Q1,1,1,1,1,1
https://openalex.org/W2001513232,08885885,Q1,,1,1,Q1,Q1,Q1,1,1,1,1,Q1,1,1,1,1,Q1,1,1,1,1,1
https://openalex.org/W2001517413,09574166,Q1,,1,1,Q1,Q1,Q1,1,1,1,1,Q1,1,1,1,1,Q1,1,1,1,1,1
https://openalex.org/W2001517606,01633864,Q1,,1,1,Q1,Q1,Q1,1,1,1,1,Q1,1,1,1,1,Q1,1,1,1,1,1
https://openalex.org/W2001523994,0265203X,Q1,,1,3,Q1,Q3,Q1,1,1,1,1,Q1,1,1,1,1,Q3,0,3,0,1,1
https://openalex.org/W2001582360,15237052,Q1,,1,1,Q1,Q1,Q1,1,1,1,1,Q1,1,1,1,1,Q1,1,1,1,1,1
https://openalex.org/W2001592545,03855414,Q2,,3,3,Q3,Q3,Q2,0,2,1,1,Q3,0,3,0,1,Q3,0,3,0,1,0
https://openalex.org/W2001640499,00027863,Q1,,1,1,Q1,Q1,Q1,1,1,1,1,Q1,1,1,1,1,Q1,1,1,1,1,1
https://openalex.org/W2001663866,00027863,Q1,,1,1,Q1,Q1,Q1,1,1,1,1,Q1,1,1,1,1,Q1,1,1,1,1,1
https://openalex.org/W2001668865,00498246,Q2,,3,3,Q3,Q3,Q2,0,2,1,1,Q3,0,3,0,1,Q3,0,3,0,1,0
https://openalex.org/W2001700175,03612317,Q2,,2,2,Q2,Q2,Q2,0,2,1,1,Q2,0,2,1,1,Q2,0,2,1,1,0
https://openalex.org/W2001714823,00219673,Q1,,1,1,Q1,Q1,Q1,1,1,1,1,Q1,1,1,1,1,Q1,1,1,1,1,1
https://openalex.org/W2001725793,0036021X,Q2,,2,2,Q2,Q2,Q2,0,2,1,1,Q2,0,2,1,1,Q2,0,2,1,1,0
https://openalex.org/W2001758685,09106340,Q3,,2,2,Q2,Q2,Q3,0,3,0,1,Q2,0,2,1,1,Q2,0,2,1,1,0
https://openalex.org/W2001787827,15237052,Q1,,1,1,Q1,Q1,Q1,1,1,1,1,Q1,1,1,1,1,Q1,1,1,1,1,1
https://openalex.org/W2001796215,00220248,Q1,,2,2,Q2,Q2,Q1,1,1,1,1,Q2,0,2,1,1,Q2,0,2,1,1,1
https://openalex.org/W2001797236,14328488,Q2,,2,2,Q2,Q2,Q2,0,2,1,1,Q2,0,2,1,1,Q2,0,2,1,1,0
https://openalex.org/W2001808085,00032670,Q1,,1,1,Q1,Q1,Q1,1,1,1,1,Q1,1,1,1,1,Q1,1,1,1,1,1
https://openalex.org/W2001840883,00404039,Q1,,2,2,Q2,Q2,Q1,1,1,1,1,Q2,0,2,1,1,Q2,0,2,1,1,1
https://openalex.org/W2001842452,09599428,Q1,,1,1,Q1,Q1,Q1,1,1,1,1,Q1,1,1,1,1,Q1,1,1,1,1,1
https://openalex.org/W2001842539,01694332,-,,5,5,Unranked,Unranked,Unranked,0,5,0,0,Unranked,0,5,0,0,Unranked,0,5,0,0,0
https://openalex.org/W2001852502,00397881,Q1,,1,1,Q1,Q1,Q1,1,1,1,1,Q1,1,1,1,1,Q1,1,1,1,1,1
https://openalex.org/W2001875740,09242031,Q3,,3,3,Q3,Q3,Q3,0,3,0,1,Q3,0,3,0,1,Q3,0,3,0,1,0
https://openalex.org/W2001940622,15237052,Q1,,1,1,Q1,Q1,Q1,1,1,1,1,Q1,1,1,1,1,Q1,1,1,1,1,1
https://openalex.org/W2001942885,00323861,Q1,,1,1,Q1,Q1,Q1,1,1,1,1,Q1,1,1,1,1,Q1,1,1,1,1,1
https://openalex.org/W2001943243,00223263,Q1,,1,1,Q1,Q1,Q1,1,1,1,1,Q1,1,1,1,1,Q1,1,1,1,1,1
https://openalex.org/W2001978519,0013936X,Q1,,1,1,Q1,Q1,Q1,1,1,1,1,Q1,1,1,1,1,Q1,1,1,1,1,1
https://openalex.org/W2001993030,00027863,Q1,,1,1,Q1,Q1,Q1,1,1,1,1,Q1,1,1,1,1,Q1,1,1,1,1,1
https://openalex.org/W2002015066,10229760,Q3,,3,3,Q3,Q3,Q3,0,3,0,1,Q3,0,3,0,1,Q3,0,3,0,1,0
https://openalex.org/W2002021393,09106340,Q3,,2,2,Q2,Q2,Q3,0,3,0,1,Q2,0,2,1,1,Q2,0,2,1,1,0
https://openalex.org/W2002041694,00456535,Q1,,1,1,Q1,Q1,Q1,1,1,1,1,Q1,1,1,1,1,Q1,1,1,1,1,1
https://openalex.org/W2002048896,0010938X,Q1,,1,1,Q1,Q1,Q1,1,1,1,1,Q1,1,1,1,1,Q1,1,1,1,1,1
https://openalex.org/W2002056219,00221139,Q2,,2,2,Q2,Q2,Q2,0,2,1,1,Q2,0,2,1,1,Q2,0,2,1,1,0
https://openalex.org/W2002082907,00027863,Q1,,1,1,Q1,Q1,Q1,1,1,1,1,Q1,1,1,1,1,Q1,1,1,1,1,1
https://openalex.org/W2002112596,02578972,Q1,,1,1,Q1,Q1,Q1,1,1,1,1,Q1,1,1,1,1,Q1,1,1,1,1,1
https://openalex.org/W2002133820,00223263,Q1,,1,1,Q1,Q1,Q1,1,1,1,1,Q1,1,1,1,1,Q1,1,1,1,1,1
https://openalex.org/W2002207835,08885885,Q1,,1,1,Q1,Q1,Q1,1,1,1,1,Q1,1,1,1,1,Q1,1,1,1,1,1
https://openalex.org/W2002242187,00086215,Q2,,2,2,Q2,Q2,Q2,0,2,1,1,Q2,0,2,1,1,Q2,0,2,1,1,0
https://openalex.org/W2002246696,00092673,Q1,,1,1,Q1,Q1,Q1,1,1,1,1,Q1,1,1,1,1,Q1,1,1,1,1,1
https://openalex.org/W2002288482,00406031,Q3,,2,2,Q2,Q2,Q3,0,3,0,1,Q2,0,2,1,1,Q2,0,2,1,1,0
https://openalex.org/W2002304522,00219568,Q1,,1,1,Q1,Q1,Q1,1,1,1,1,Q1,1,1,1,1,Q1,1,1,1,1,1
https://openalex.org/W2002309872,00119164,Q1,,1,1,Q1,Q1,Q1,1,1,1,1,Q1,1,1,1,1,Q1,1,1,1,1,1
https://openalex.org/W2002318289,10530509,Q3,,3,3,Q3,Q3,Q3,0,3,0,1,Q3,0,3,0,1,Q3,0,3,0,1,0
https://openalex.org/W2002331471,15287483,Q1,,1,1,Q1,Q1,Q1,1,1,1,1,Q1,1,1,1,1,Q1,1,1,1,1,1
https://openalex.org/W2002337438,00223263,Q1,,1,1,Q1,Q1,Q1,1,1,1,1,Q1,1,1,1,1,Q1,1,1,1,1,1
https://openalex.org/W200234184,00095893,Q2,,2,2,Q2,Q2,Q2,0,2,1,1,Q2,0,2,1,1,Q2,0,2,1,1,0
https://openalex.org/W2002361225,14786419,Q3,,3,3,Q3,Q3,Q3,0,3,0,1,Q3,0,3,0,1,Q3,0,3,0,1,0
https://openalex.org/W2002378618,0013936X,Q1,,1,1,Q1,Q1,Q1,1,1,1,1,Q1,1,1,1,1,Q1,1,1,1,1,1
https://openalex.org/W2002420834,00399140,Q1,,1,1,Q1,Q1,Q1,1,1,1,1,Q1,1,1,1,1,Q1,1,1,1,1,1
https://openalex.org/W2002424443,00032670,Q1,,1,1,Q1,Q1,Q1,1,1,1,1,Q1,1,1,1,1,Q1,1,1,1,1,1
https://openalex.org/W2002453776,00397911,Q3,,3,3,Q3,Q3,Q3,0,3,0,1,Q3,0,3,0,1,Q3,0,3,0,1,0
https://openalex.org/W2002503495,01694332,-,,5,5,Unranked,Unranked,Unranked,0,5,0,0,Unranked,0,5,0,0,Unranked,0,5,0,0,0
https://openalex.org/W2002554652,00134651,Q1,,1,1,Q1,Q1,Q1,1,1,1,1,Q1,1,1,1,1,Q1,1,1,1,1,1
https://openalex.org/W2002591112,00219568,Q1,,1,1,Q1,Q1,Q1,1,1,1,1,Q1,1,1,1,1,Q1,1,1,1,1,1
https://openalex.org/W2002605890,00223697,Q1,,2,2,Q2,Q2,Q1,1,1,1,1,Q2,0,2,1,1,Q2,0,2,1,1,1
https://openalex.org/W2002692661,00143057,Q2,,1,1,Q1,Q1,Q2,0,2,1,1,Q1,1,1,1,1,Q1,1,1,1,1,0
https://openalex.org/W2002697579,14382377,Q1,,1,1,Q1,Q1,Q1,1,1,1,1,Q1,1,1,1,1,Q1,1,1,1,1,1
https://openalex.org/W2002713405,00218561,Q1,,1,1,Q1,Q1,Q1,1,1,1,1,Q1,1,1,1,1,Q1,1,1,1,1,1
https://openalex.org/W2002718441,02679477,Q1,,1,1,Q1,Q1,Q1,1,1,1,1,Q1,1,1,1,1,Q1,1,1,1,1,1
https://openalex.org/W2002788663,13858947,Q1,,1,1,Q1,Q1,Q1,1,1,1,1,Q1,1,1,1,1,Q1,1,1,1,1,1
https://openalex.org/W2002795550,00218995,Q1,,2,2,Q2,Q2,Q1,1,1,1,1,Q2,0,2,1,1,Q2,0,2,1,1,1
https://openalex.org/W2002806032,09598103,-,,5,5,Unranked,Unranked,Unranked,0,5,0,0,Unranked,0,5,0,0,Unranked,0,5,0,0,0
https://openalex.org/W2002810639,00404020,Q1,,1,1,Q1,Q1,Q1,1,1,1,1,Q1,1,1,1,1,Q1,1,1,1,1,1
https://openalex.org/W2002838141,09254005,-,,5,5,Unranked,Unranked,Unranked,0,5,0,0,Unranked,0,5,0,0,Unranked,0,5,0,0,0
https://openalex.org/W2002868516,02365731,Q3,,3,3,Q3,Q3,Q3,0,3,0,1,Q3,0,3,0,1,Q3,0,3,0,1,0
https://openalex.org/W2002940080,09168451,Q3,,2,2,Q2,Q2,Q3,0,3,0,1,Q2,0,2,1,1,Q2,0,2,1,1,0
https://openalex.org/W2002978127,01694332,-,,5,5,Unranked,Unranked,Unranked,0,5,0,0,Unranked,0,5,0,0,Unranked,0,5,0,0,0
https://openalex.org/W2003037700,16182642,Q2,,1,1,Q1,Q1,Q2,0,2,1,1,Q1,1,1,1,1,Q1,1,1,1,1,0
https://openalex.org/W2003077204,00222860,Q2,,3,3,Q3,Q3,Q2,0,2,1,1,Q3,0,3,0,1,Q3,0,3,0,1,0
https://openalex.org/W2003088075,01672738,Q1,,1,1,Q1,Q1,Q1,1,1,1,1,Q1,1,1,1,1,Q1,1,1,1,1,1
https://openalex.org/W2003089009,01448617,Q2,,1,1,Q1,Q1,Q2,0,2,1,1,Q1,1,1,1,1,Q1,1,1,1,1,0
https://openalex.org/W2003095642,02578972,Q1,,1,1,Q1,Q1,Q1,1,1,1,1,Q1,1,1,1,1,Q1,1,1,1,1,1
https://openalex.org/W2003114534,0013936X,Q1,,1,1,Q1,Q1,Q1,1,1,1,1,Q1,1,1,1,1,Q1,1,1,1,1,1
https://openalex.org/W2003151156,00027863,Q1,,1,1,Q1,Q1,Q1,1,1,1,1,Q1,1,1,1,1,Q1,1,1,1,1,1
https://openalex.org/W2003180130,00092614,Q1,,1,1,Q1,Q1,Q1,1,1,1,1,Q1,1,1,1,1,Q1,1,1,1,1,1
https://openalex.org/W2003196121,15204766,-,,5,5,Unranked,Unranked,Unranked,0,5,0,0,Unranked,0,5,0,0,Unranked,0,5,0,0,0
https://openalex.org/W2003208039,00406031,Q3,,2,2,Q2,Q2,Q3,0,3,0,1,Q2,0,2,1,1,Q2,0,2,1,1,0
https://openalex.org/W2003226260,00134686,Q1,,1,1,Q1,Q1,Q1,1,1,1,1,Q1,1,1,1,1,Q1,1,1,1,1,1
https://openalex.org/W2003242775,00219517,Q1,,1,1,Q1,Q1,Q1,1,1,1,1,Q1,1,1,1,1,Q1,1,1,1,1,1
https://openalex.org/W2003246710,00219673,Q1,,1,1,Q1,Q1,Q1,1,1,1,1,Q1,1,1,1,1,Q1,1,1,1,1,1
https://openalex.org/W2003256189,00304018,Q1,,2,2,Q2,Q2,Q1,1,1,1,1,Q2,0,2,1,1,Q2,0,2,1,1,1
https://openalex.org/W2003284171,09259635,Q1,,1,1,Q1,Q1,Q1,1,1,1,1,Q1,1,1,1,1,Q1,1,1,1,1,1
https://openalex.org/W2003288971,00027863,Q1,,1,1,Q1,Q1,Q1,1,1,1,1,Q1,1,1,1,1,Q1,1,1,1,1,1
https://openalex.org/W2003319723,09599428,Q1,,1,1,Q1,Q1,Q1,1,1,1,1,Q1,1,1,1,1,Q1,1,1,1,1,1
https://openalex.org/W2003393105,16121872,-,,2,2,Q2,Q2,Unranked,0,5,0,0,Q2,0,2,1,1,Q2,0,2,1,1,0
https://openalex.org/W2003393269,07437463,Q1,,1,1,Q1,Q1,Q1,1,1,1,1,Q1,1,1,1,1,Q1,1,1,1,1,1
https://openalex.org/W2003399694,00134686,Q1,,1,1,Q1,Q1,Q1,1,1,1,1,Q1,1,1,1,1,Q1,1,1,1,1,1
https://openalex.org/W2003455281,00224596,Q2,,2,2,Q2,Q2,Q2,0,2,1,1,Q2,0,2,1,1,Q2,0,2,1,1,0
https://openalex.org/W2003467492,01694332,-,,5,5,Unranked,Unranked,Unranked,0,5,0,0,Unranked,0,5,0,0,Unranked,0,5,0,0,0
https://openalex.org/W2003477302,0010938X,Q1,,1,1,Q1,Q1,Q1,1,1,1,1,Q1,1,1,1,1,Q1,1,1,1,1,1
https://openalex.org/W2003530952,00032700,Q1,,1,1,Q1,Q1,Q1,1,1,1,1,Q1,1,1,1,1,Q1,1,1,1,1,1
https://openalex.org/W2003610520,00223263,Q1,,1,1,Q1,Q1,Q1,1,1,1,1,Q1,1,1,1,1,Q1,1,1,1,1,1
https://openalex.org/W2003627638,02536269,Q3,,3,3,Q3,Q3,Q3,0,3,0,1,Q3,0,3,0,1,Q3,0,3,0,1,0
https://openalex.org/W2003650648,0010938X,Q1,,1,1,Q1,Q1,Q1,1,1,1,1,Q1,1,1,1,1,Q1,1,1,1,1,1
https://openalex.org/W2003655203,00027863,Q1,,1,1,Q1,Q1,Q1,1,1,1,1,Q1,1,1,1,1,Q1,1,1,1,1,1
https://openalex.org/W2003659057,00219568,Q1,,1,1,Q1,Q1,Q1,1,1,1,1,Q1,1,1,1,1,Q1,1,1,1,1,1
https://openalex.org/W2003688823,03088146,Q1,,1,1,Q1,Q1,Q1,1,1,1,1,Q1,1,1,1,1,Q1,1,1,1,1,1
https://openalex.org/W2003727660,00218995,Q1,,2,2,Q2,Q2,Q1,1,1,1,1,Q2,0,2,1,1,Q2,0,2,1,1,1
https://openalex.org/W2003745473,03009440,Q2,,2,2,Q2,Q2,Q2,0,2,1,1,Q2,0,2,1,1,Q2,0,2,1,1,0
https://openalex.org/W2003759559,00397911,Q3,,3,3,Q3,Q3,Q3,0,3,0,1,Q3,0,3,0,1,Q3,0,3,0,1,0
https://openalex.org/W2003790335,00404020,Q1,,1,1,Q1,Q1,Q1,1,1,1,1,Q1,1,1,1,1,Q1,1,1,1,1,1
https://openalex.org/W2003814161,00219673,Q1,,1,1,Q1,Q1,Q1,1,1,1,1,Q1,1,1,1,1,Q1,1,1,1,1,1
https://openalex.org/W2003872820,15287483,Q1,,1,1,Q1,Q1,Q1,1,1,1,1,Q1,1,1,1,1,Q1,1,1,1,1,1
https://openalex.org/W2003896135,05848547,Q1,,1,1,Q1,Q1,Q1,1,1,1,1,Q1,1,1,1,1,Q1,1,1,1,1,1
https://openalex.org/W2003898064,09277765,Q2,,2,2,Q2,Q2,Q2,0,2,1,1,Q2,0,2,1,1,Q2,0,2,1,1,0
https://openalex.org/W2003898720,02321300,Q2,,2,2,Q2,Q2,Q2,0,2,1,1,Q2,0,2,1,1,Q2,0,2,1,1,0
https://openalex.org/W2003926353,00218995,Q1,,2,2,Q2,Q2,Q1,1,1,1,1,Q2,0,2,1,1,Q2,0,2,1,1,1
https://openalex.org/W2003944946,09307516,Q2,,2,2,Q2,Q2,Q2,0,2,1,1,Q2,0,2,1,1,Q2,0,2,1,1,0
https://openalex.org/W2003955644,00201693,Q2,,2,2,Q2,Q2,Q2,0,2,1,1,Q2,0,2,1,1,Q2,0,2,1,1,0
https://openalex.org/W2003970247,01429418,Q2,,2,2,Q2,Q2,Q2,0,2,1,1,Q2,0,2,1,1,Q2,0,2,1,1,0
https://openalex.org/W2003994491,00404020,Q1,,1,1,Q1,Q1,Q1,1,1,1,1,Q1,1,1,1,1,Q1,1,1,1,1,1
https://openalex.org/W2004018870,0265203X,Q1,,1,3,Q1,Q3,Q1,1,1,1,1,Q1,1,1,1,1,Q3,0,3,0,1,1
https://openalex.org/W2004114821,00323861,Q1,,1,1,Q1,Q1,Q1,1,1,1,1,Q1,1,1,1,1,Q1,1,1,1,1,1
https://openalex.org/W2004148620,00032700,Q1,,1,1,Q1,Q1,Q1,1,1,1,1,Q1,1,1,1,1,Q1,1,1,1,1,1
https://openalex.org/W2004153044,16182642,Q2,,1,1,Q1,Q1,Q2,0,2,1,1,Q1,1,1,1,1,Q1,1,1,1,1,0
https://openalex.org/W2004154478,09226168,Q2,,2,2,Q2,Q2,Q2,0,2,1,1,Q2,0,2,1,1,Q2,0,2,1,1,0
https://openalex.org/W2004177478,00027863,Q1,,1,1,Q1,Q1,Q1,1,1,1,1,Q1,1,1,1,1,Q1,1,1,1,1,1
https://openalex.org/W2004196905,07437463,Q1,,1,1,Q1,Q1,Q1,1,1,1,1,Q1,1,1,1,1,Q1,1,1,1,1,1
https://openalex.org/W2004239314,00223263,Q1,,1,1,Q1,Q1,Q1,1,1,1,1,Q1,1,1,1,1,Q1,1,1,1,1,1
https://openalex.org/W2004254219,00222860,Q2,,3,3,Q3,Q3,Q2,0,2,1,1,Q3,0,3,0,1,Q3,0,3,0,1,0
https://openalex.org/W2004308215,00404020,Q1,,1,1,Q1,Q1,Q1,1,1,1,1,Q1,1,1,1,1,Q1,1,1,1,1,1
https://openalex.org/W2004343480,00456535,Q1,,1,1,Q1,Q1,Q1,1,1,1,1,Q1,1,1,1,1,Q1,1,1,1,1,1
https://openalex.org/W2004380697,00399140,Q1,,1,1,Q1,Q1,Q1,1,1,1,1,Q1,1,1,1,1,Q1,1,1,1,1,1
https://openalex.org/W2004394994,02578972,Q1,,1,1,Q1,Q1,Q1,1,1,1,1,Q1,1,1,1,1,Q1,1,1,1,1,1
https://openalex.org/W2004452652,09277765,Q2,,2,2,Q2,Q2,Q2,0,2,1,1,Q2,0,2,1,1,Q2,0,2,1,1,0
https://openalex.org/W2004474152,00134686,Q1,,1,1,Q1,Q1,Q1,1,1,1,1,Q1,1,1,1,1,Q1,1,1,1,1,1
https://openalex.org/W2004474735,00218561,Q1,,1,1,Q1,Q1,Q1,1,1,1,1,Q1,1,1,1,1,Q1,1,1,1,1,1
https://openalex.org/W2004474872,00222860,Q2,,3,3,Q3,Q3,Q2,0,2,1,1,Q3,0,3,0,1,Q3,0,3,0,1,0
https://openalex.org/W2004518109,15700232,Q2,,1,1,Q1,Q1,Q2,0,2,1,1,Q1,1,1,1,1,Q1,1,1,1,1,0
https://openalex.org/W2004565728,00222860,Q2,,3,3,Q3,Q3,Q2,0,2,1,1,Q3,0,3,0,1,Q3,0,3,0,1,0
https://openalex.org/W2004575953,0889311X,Q2,,2,2,Q2,Q2,Q2,0,2,1,1,Q2,0,2,1,1,Q2,0,2,1,1,0
https://openalex.org/W2004585720,00218995,Q1,,2,2,Q2,Q2,Q1,1,1,1,1,Q2,0,2,1,1,Q2,0,2,1,1,1
https://openalex.org/W2004588628,15205207,Q1,,1,1,Q1,Q1,Q1,1,1,1,1,Q1,1,1,1,1,Q1,1,1,1,1,1
https://openalex.org/W2004597094,03787753,Q1,,1,1,Q1,Q1,Q1,1,1,1,1,Q1,1,1,1,1,Q1,1,1,1,1,1
https://openalex.org/W2004604610,02578972,Q1,,1,1,Q1,Q1,Q1,1,1,1,1,Q1,1,1,1,1,Q1,1,1,1,1,1
https://openalex.org/W2004617275,01694332,-,,5,5,Unranked,Unranked,Unranked,0,5,0,0,Unranked,0,5,0,0,Unranked,0,5,0,0,0
https://openalex.org/W2004621667,0960894X,Q2,,2,2,Q2,Q2,Q2,0,2,1,1,Q2,0,2,1,1,Q2,0,2,1,1,0
https://openalex.org/W2004627707,00220248,Q1,,2,2,Q2,Q2,Q1,1,1,1,1,Q2,0,2,1,1,Q2,0,2,1,1,1
https://openalex.org/W2004631255,00092509,Q1,,1,1,Q1,Q1,Q1,1,1,1,1,Q1,1,1,1,1,Q1,1,1,1,1,1
https://openalex.org/W2004644715,13835866,Q1,,1,1,Q1,Q1,Q1,1,1,1,1,Q1,1,1,1,1,Q1,1,1,1,1,1
https://openalex.org/W2004702311,00086223,Q1,,1,1,Q1,Q1,Q1,1,1,1,1,Q1,1,1,1,1,Q1,1,1,1,1,1
https://openalex.org/W2004710454,08974756,Q1,,1,1,Q1,Q1,Q1,1,1,1,1,Q1,1,1,1,1,Q1,1,1,1,1,1
https://openalex.org/W2004710925,10407278,Q2,,2,2,Q2,Q2,Q2,0,2,1,1,Q2,0,2,1,1,Q2,0,2,1,1,0
https://openalex.org/W2004711825,09478396,Q1,,1,1,Q1,Q1,Q1,1,1,1,1,Q1,1,1,1,1,Q1,1,1,1,1,1
https://openalex.org/W2004749344,01633864,Q1,,1,1,Q1,Q1,Q1,1,1,1,1,Q1,1,1,1,1,Q1,1,1,1,1,1
https://openalex.org/W2004776657,00027863,Q1,,1,1,Q1,Q1,Q1,1,1,1,1,Q1,1,1,1,1,Q1,1,1,1,1,1
https://openalex.org/W2004784878,16182642,Q2,,1,1,Q1,Q1,Q2,0,2,1,1,Q1,1,1,1,1,Q1,1,1,1,1,0
https://openalex.org/W2004795473,01672738,Q1,,1,1,Q1,Q1,Q1,1,1,1,1,Q1,1,1,1,1,Q1,1,1,1,1,1
https://openalex.org/W2004802341,01448617,Q2,,1,1,Q1,Q1,Q2,0,2,1,1,Q1,1,1,1,1,Q1,1,1,1,1,0
https://openalex.org/W2004891794,03667022,Q2,,2,2,Q2,Q2,Q2,0,2,1,1,Q2,0,2,1,1,Q2,0,2,1,1,0
https://openalex.org/W2004907711,00399140,Q1,,1,1,Q1,Q1,Q1,1,1,1,1,Q1,1,1,1,1,Q1,1,1,1,1,1
https://openalex.org/W2004931051,00162361,Q1,,1,1,Q1,Q1,Q1,1,1,1,1,Q1,1,1,1,1,Q1,1,1,1,1,1
https://openalex.org/W2004958506,09565663,Q1,,1,1,Q1,Q1,Q1,1,1,1,1,Q1,1,1,1,1,Q1,1,1,1,1,1
https://openalex.org/W2004974484,15667367,Q1,,1,1,Q1,Q1,Q1,1,1,1,1,Q1,1,1,1,1,Q1,1,1,1,1,1
https://openalex.org/W2004995635,00405795,Q4,,3,3,Q3,Q3,Q4,0,4,0,0,Q3,0,3,0,1,Q3,0,3,0,1,0
https://openalex.org/W2005005410,00219568,Q1,,1,1,Q1,Q1,Q1,1,1,1,1,Q1,1,1,1,1,Q1,1,1,1,1,1
https://openalex.org/W2005039039,00201669,Q1,,1,1,Q1,Q1,Q1,1,1,1,1,Q1,1,1,1,1,Q1,1,1,1,1,1
https://openalex.org/W2005045621,00219568,Q1,,1,1,Q1,Q1,Q1,1,1,1,1,Q1,1,1,1,1,Q1,1,1,1,1,1
https://openalex.org/W2005075900,09580344,Q2,,2,2,Q2,Q2,Q2,0,2,1,1,Q2,0,2,1,1,Q2,0,2,1,1,0
https://openalex.org/W2005117669,00323861,Q1,,1,1,Q1,Q1,Q1,1,1,1,1,Q1,1,1,1,1,Q1,1,1,1,1,1
https://openalex.org/W2005123040,00134686,Q1,,1,1,Q1,Q1,Q1,1,1,1,1,Q1,1,1,1,1,Q1,1,1,1,1,1
https://openalex.org/W2005133128,1478422X,Q2,,2,2,Q2,Q2,Q2,0,2,1,1,Q2,0,2,1,1,Q2,0,2,1,1,0
https://openalex.org/W2005148766,00032670,Q1,,1,1,Q1,Q1,Q1,1,1,1,1,Q1,1,1,1,1,Q1,1,1,1,1,1
https://openalex.org/W2005149144,01620134,Q2,,1,1,Q1,Q1,Q2,0,2,1,1,Q1,1,1,1,1,Q1,1,1,1,1,0
https://openalex.org/W2005155237,13835866,Q1,,1,1,Q1,Q1,Q1,1,1,1,1,Q1,1,1,1,1,Q1,1,1,1,1,1
https://openalex.org/W2005166662,00404020,Q1,,1,1,Q1,Q1,Q1,1,1,1,1,Q1,1,1,1,1,Q1,1,1,1,1,1
https://openalex.org/W2005176453,03797112,Q2,,1,1,Q1,Q1,Q2,0,2,1,1,Q1,1,1,1,1,Q1,1,1,1,1,0
https://openalex.org/W2005181512,00323861,Q1,,1,1,Q1,Q1,Q1,1,1,1,1,Q1,1,1,1,1,Q1,1,1,1,1,1
https://openalex.org/W2005204489,0010938X,Q1,,1,1,Q1,Q1,Q1,1,1,1,1,Q1,1,1,1,1,Q1,1,1,1,1,1
https://openalex.org/W2005225876,00134686,Q1,,1,1,Q1,Q1,Q1,1,1,1,1,Q1,1,1,1,1,Q1,1,1,1,1,1
https://openalex.org/W2005237969,00218995,Q1,,2,2,Q2,Q2,Q1,1,1,1,1,Q2,0,2,1,1,Q2,0,2,1,1,1
https://openalex.org/W2005244243,07317085,Q2,,1,1,Q1,Q1,Q2,0,2,1,1,Q1,1,1,1,1,Q1,1,1,1,1,0
https://openalex.org/W2005244889,01652370,Q1,,1,1,Q1,Q1,Q1,1,1,1,1,Q1,1,1,1,1,Q1,1,1,1,1,1
https://openalex.org/W2005264923,13877003,Q2,,2,2,Q2,Q2,Q2,0,2,1,1,Q2,0,2,1,1,Q2,0,2,1,1,0
https://openalex.org/W2005265025,07317085,Q2,,1,1,Q1,Q1,Q2,0,2,1,1,Q1,1,1,1,1,Q1,1,1,1,1,0
https://openalex.org/W2005269566,01694332,-,,5,5,Unranked,Unranked,Unranked,0,5,0,0,Unranked,0,5,0,0,Unranked,0,5,0,0,0
https://openalex.org/W2005298438,0960894X,Q2,,2,2,Q2,Q2,Q2,0,2,1,1,Q2,0,2,1,1,Q2,0,2,1,1,0
https://openalex.org/W2005338501,00027863,Q1,,1,1,Q1,Q1,Q1,1,1,1,1,Q1,1,1,1,1,Q1,1,1,1,1,1
https://openalex.org/W2005344367,09254005,-,,5,5,Unranked,Unranked,Unranked,0,5,0,0,Unranked,0,5,0,0,Unranked,0,5,0,0,0
https://openalex.org/W2005346970,0021891X,Q2,,2,2,Q2,Q2,Q2,0,2,1,1,Q2,0,2,1,1,Q2,0,2,1,1,0
https://openalex.org/W2005389400,02321300,Q2,,2,2,Q2,Q2,Q2,0,2,1,1,Q2,0,2,1,1,Q2,0,2,1,1,0
https://openalex.org/W2005399072,00027863,Q1,,1,1,Q1,Q1,Q1,1,1,1,1,Q1,1,1,1,1,Q1,1,1,1,1,1
https://openalex.org/W2005466653,00223263,Q1,,1,1,Q1,Q1,Q1,1,1,1,1,Q1,1,1,1,1,Q1,1,1,1,1,1
https://openalex.org/W2005478386,02578972,Q1,,1,1,Q1,Q1,Q1,1,1,1,1,Q1,1,1,1,1,Q1,1,1,1,1,1
https://openalex.org/W2005510529,09598103,-,,5,5,Unranked,Unranked,Unranked,0,5,0,0,Unranked,0,5,0,0,Unranked,0,5,0,0,0
https://openalex.org/W2005572437,03787753,Q1,,1,1,Q1,Q1,Q1,1,1,1,1,Q1,1,1,1,1,Q1,1,1,1,1,1
https://openalex.org/W2005575708,01633864,Q1,,1,1,Q1,Q1,Q1,1,1,1,1,Q1,1,1,1,1,Q1,1,1,1,1,1
https://openalex.org/W2005586984,10431802,Q1,,1,1,Q1,Q1,Q1,1,1,1,1,Q1,1,1,1,1,Q1,1,1,1,1,1
https://openalex.org/W2005595961,09660844,-,,5,5,Unranked,Unranked,Unranked,0,5,0,0,Unranked,0,5,0,0,Unranked,0,5,0,0,0
https://openalex.org/W2005638048,00222852,Q2,,2,2,Q2,Q2,Q2,0,2,1,1,Q2,0,2,1,1,Q2,0,2,1,1,0
https://openalex.org/W2005642165,00304018,Q1,,2,2,Q2,Q2,Q1,1,1,1,1,Q2,0,2,1,1,Q2,0,2,1,1,1
https://openalex.org/W2005665529,03088146,Q1,,1,1,Q1,Q1,Q1,1,1,1,1,Q1,1,1,1,1,Q1,1,1,1,1,1
https://openalex.org/W2005667641,15237052,Q1,,1,1,Q1,Q1,Q1,1,1,1,1,Q1,1,1,1,1,Q1,1,1,1,1,1
https://openalex.org/W2005672872,00219673,Q1,,1,1,Q1,Q1,Q1,1,1,1,1,Q1,1,1,1,1,Q1,1,1,1,1,1
https://openalex.org/W2005780072,00032700,Q1,,1,1,Q1,Q1,Q1,1,1,1,1,Q1,1,1,1,1,Q1,1,1,1,1,1
https://openalex.org/W2005790189,03043843,Q3,,4,4,Q4,Q4,Q3,0,3,0,1,Q4,0,4,0,0,Q4,0,4,0,0,0
https://openalex.org/W2005795166,00218561,Q1,,1,1,Q1,Q1,Q1,1,1,1,1,Q1,1,1,1,1,Q1,1,1,1,1,1
https://openalex.org/W2005818032,00249297,Q1,,1,1,Q1,Q1,Q1,1,1,1,1,Q1,1,1,1,1,Q1,1,1,1,1,1
https://openalex.org/W2005833289,13861425,Q2,,2,2,Q2,Q2,Q2,0,2,1,1,Q2,0,2,1,1,Q2,0,2,1,1,0
https://openalex.org/W2005852583,00027863,Q1,,1,1,Q1,Q1,Q1,1,1,1,1,Q1,1,1,1,1,Q1,1,1,1,1,1
https://openalex.org/W2005857107,00162361,Q1,,1,1,Q1,Q1,Q1,1,1,1,1,Q1,1,1,1,1,Q1,1,1,1,1,1
https://openalex.org/W2005893408,00219614,Q2,,1,1,Q1,Q1,Q2,0,2,1,1,Q1,1,1,1,1,Q1,1,1,1,1,0
https://openalex.org/W2005898838,09669795,Q1,,1,1,Q1,Q1,Q1,1,1,1,1,Q1,1,1,1,1,Q1,1,1,1,1,1
https://openalex.org/W2005916505,0960894X,Q2,,2,2,Q2,Q2,Q2,0,2,1,1,Q2,0,2,1,1,Q2,0,2,1,1,0
https://openalex.org/W2005924583,10431802,Q1,,1,1,Q1,Q1,Q1,1,1,1,1,Q1,1,1,1,1,Q1,1,1,1,1,1
https://openalex.org/W2005938737,00201685,Q3,,3,3,Q3,Q3,Q3,0,3,0,1,Q3,0,3,0,1,Q3,0,3,0,1,0
https://openalex.org/W2005944655,09277757,-,,5,5,Unranked,Unranked,Unranked,0,5,0,0,Unranked,0,5,0,0,Unranked,0,5,0,0,0
https://openalex.org/W2005971633,10412905,Q2,,2,2,Q2,Q2,Q2,0,2,1,1,Q2,0,2,1,1,Q2,0,2,1,1,0
https://openalex.org/W2005985022,0013936X,Q1,,1,1,Q1,Q1,Q1,1,1,1,1,Q1,1,1,1,1,Q1,1,1,1,1,1
https://openalex.org/W2005997606,13886150,Q3,,3,3,Q3,Q3,Q3,0,3,0,1,Q3,0,3,0,1,Q3,0,3,0,1,0
https://openalex.org/W2006012632,09478396,Q1,,1,1,Q1,Q1,Q1,1,1,1,1,Q1,1,1,1,1,Q1,1,1,1,1,1
https://openalex.org/W2006018613,01672738,Q1,,1,1,Q1,Q1,Q1,1,1,1,1,Q1,1,1,1,1,Q1,1,1,1,1,1
https://openalex.org/W2006025875,03682048,Q2,,2,2,Q2,Q2,Q2,0,2,1,1,Q2,0,2,1,1,Q2,0,2,1,1,0
https://openalex.org/W2006033031,0887624X,Q1,,1,1,Q1,Q1,Q1,1,1,1,1,Q1,1,1,1,1,Q1,1,1,1,1,1
https://openalex.org/W2006070311,00032700,Q1,,1,1,Q1,Q1,Q1,1,1,1,1,Q1,1,1,1,1,Q1,1,1,1,1,1
https://openalex.org/W2006076813,10836160,Q2,,1,1,Q1,Q1,Q2,0,2,1,1,Q1,1,1,1,1,Q1,1,1,1,1,0
https://openalex.org/W2006080364,00219568,Q1,,1,1,Q1,Q1,Q1,1,1,1,1,Q1,1,1,1,1,Q1,1,1,1,1,1
https://openalex.org/W2006103535,09168451,Q3,,2,2,Q2,Q2,Q3,0,3,0,1,Q2,0,2,1,1,Q2,0,2,1,1,0
https://openalex.org/W2006106710,00323861,Q1,,1,1,Q1,Q1,Q1,1,1,1,1,Q1,1,1,1,1,Q1,1,1,1,1,1
https://openalex.org/W2006126666,15205207,Q1,,1,1,Q1,Q1,Q1,1,1,1,1,Q1,1,1,1,1,Q1,1,1,1,1,1
https://openalex.org/W2006149540,01672738,Q1,,1,1,Q1,Q1,Q1,1,1,1,1,Q1,1,1,1,1,Q1,1,1,1,1,1
https://openalex.org/W2006152996,00162361,Q1,,1,1,Q1,Q1,Q1,1,1,1,1,Q1,1,1,1,1,Q1,1,1,1,1,1
https://openalex.org/W2006173108,00032700,Q1,,1,1,Q1,Q1,Q1,1,1,1,1,Q1,1,1,1,1,Q1,1,1,1,1,1
https://openalex.org/W2006183579,00027863,Q1,,1,1,Q1,Q1,Q1,1,1,1,1,Q1,1,1,1,1,Q1,1,1,1,1,1
https://openalex.org/W2006189252,00456535,Q1,,1,1,Q1,Q1,Q1,1,1,1,1,Q1,1,1,1,1,Q1,1,1,1,1,1
https://openalex.org/W2006217673,15205207,Q1,,1,1,Q1,Q1,Q1,1,1,1,1,Q1,1,1,1,1,Q1,1,1,1,1,1
https://openalex.org/W2006247735,02578972,Q1,,1,1,Q1,Q1,Q1,1,1,1,1,Q1,1,1,1,1,Q1,1,1,1,1,1
https://openalex.org/W2006266042,00220248,Q1,,2,2,Q2,Q2,Q1,1,1,1,1,Q2,0,2,1,1,Q2,0,2,1,1,1
https://openalex.org/W2006282150,03767388,Q1,,1,1,Q1,Q1,Q1,1,1,1,1,Q1,1,1,1,1,Q1,1,1,1,1,1
https://openalex.org/W2006300145,00092509,Q1,,1,1,Q1,Q1,Q1,1,1,1,1,Q1,1,1,1,1,Q1,1,1,1,1,1
https://openalex.org/W2006347825,00218561,Q1,,1,1,Q1,Q1,Q1,1,1,1,1,Q1,1,1,1,1,Q1,1,1,1,1,1
https://openalex.org/W2006349625,15237052,Q1,,1,1,Q1,Q1,Q1,1,1,1,1,Q1,1,1,1,1,Q1,1,1,1,1,1
https://openalex.org/W2006353332,03787753,Q1,,1,1,Q1,Q1,Q1,1,1,1,1,Q1,1,1,1,1,Q1,1,1,1,1,1
https://openalex.org/W2006376447,13861425,Q2,,2,2,Q2,Q2,Q2,0,2,1,1,Q2,0,2,1,1,Q2,0,2,1,1,0
https://openalex.org/W2006456377,14770520,Q1,,1,1,Q1,Q1,Q1,1,1,1,1,Q1,1,1,1,1,Q1,1,1,1,1,1
https://openalex.org/W2006459740,09280707,Q1,,2,2,Q2,Q2,Q1,1,1,1,1,Q2,0,2,1,1,Q2,0,2,1,1,1
https://openalex.org/W2006469220,01694332,-,,5,5,Unranked,Unranked,Unranked,0,5,0,0,Unranked,0,5,0,0,Unranked,0,5,0,0,0
https://openalex.org/W2006473460,13861425,Q2,,2,2,Q2,Q2,Q2,0,2,1,1,Q2,0,2,1,1,Q2,0,2,1,1,0
https://openalex.org/W2006487471,00032700,Q1,,1,1,Q1,Q1,Q1,1,1,1,1,Q1,1,1,1,1,Q1,1,1,1,1,1
https://openalex.org/W2006493642,00032670,Q1,,1,1,Q1,Q1,Q1,1,1,1,1,Q1,1,1,1,1,Q1,1,1,1,1,1
https://openalex.org/W2006510939,0010938X,Q1,,1,1,Q1,Q1,Q1,1,1,1,1,Q1,1,1,1,1,Q1,1,1,1,1,1
https://openalex.org/W2006514023,13877003,Q2,,2,2,Q2,Q2,Q2,0,2,1,1,Q2,0,2,1,1,Q2,0,2,1,1,0
https://openalex.org/W2006634538,00092363,Q2,,2,2,Q2,Q2,Q2,0,2,1,1,Q2,0,2,1,1,Q2,0,2,1,1,0
https://openalex.org/W2006650779,15700232,Q2,,1,1,Q1,Q1,Q2,0,2,1,1,Q1,1,1,1,1,Q1,1,1,1,1,0
https://openalex.org/W2006661246,10836160,Q2,,1,1,Q1,Q1,Q2,0,2,1,1,Q1,1,1,1,1,Q1,1,1,1,1,0
https://openalex.org/W2006685391,09394451,Q2,,2,2,Q2,Q2,Q2,0,2,1,1,Q2,0,2,1,1,Q2,0,2,1,1,0
https://openalex.org/W2006697856,00032700,Q1,,1,1,Q1,Q1,Q1,1,1,1,1,Q1,1,1,1,1,Q1,1,1,1,1,1
https://openalex.org/W2006708965,15287483,Q1,,1,1,Q1,Q1,Q1,1,1,1,1,Q1,1,1,1,1,Q1,1,1,1,1,1
https://openalex.org/W2006725230,00397911,Q3,,3,3,Q3,Q3,Q3,0,3,0,1,Q3,0,3,0,1,Q3,0,3,0,1,0
https://openalex.org/W2006728661,01694332,-,,5,5,Unranked,Unranked,Unranked,0,5,0,0,Unranked,0,5,0,0,Unranked,0,5,0,0,0
https://openalex.org/W2006730244,00220248,Q1,,2,2,Q2,Q2,Q1,1,1,1,1,Q2,0,2,1,1,Q2,0,2,1,1,1
https://openalex.org/W2006798471,00218995,Q1,,2,2,Q2,Q2,Q1,1,1,1,1,Q2,0,2,1,1,Q2,0,2,1,1,1
https://openalex.org/W2006811585,00223263,Q1,,1,1,Q1,Q1,Q1,1,1,1,1,Q1,1,1,1,1,Q1,1,1,1,1,1
https://openalex.org/W2006816373,00218561,Q1,,1,1,Q1,Q1,Q1,1,1,1,1,Q1,1,1,1,1,Q1,1,1,1,1,1
https://openalex.org/W2006825923,13408054,Q4,,3,3,Q3,Q3,Q4,0,4,0,0,Q3,0,3,0,1,Q3,0,3,0,1,0
https://openalex.org/W2006831958,00318655,Q2,,2,2,Q2,Q2,Q2,0,2,1,1,Q2,0,2,1,1,Q2,0,2,1,1,0
https://openalex.org/W2006876712,01694332,-,,5,5,Unranked,Unranked,Unranked,0,5,0,0,Unranked,0,5,0,0,Unranked,0,5,0,0,0
https://openalex.org/W2006900447,00223263,Q1,,1,1,Q1,Q1,Q1,1,1,1,1,Q1,1,1,1,1,Q1,1,1,1,1,1
https://openalex.org/W2006908627,16159306,Q1,,1,1,Q1,Q1,Q1,1,1,1,1,Q1,1,1,1,1,Q1,1,1,1,1,1
https://openalex.org/W2006921507,02578972,Q1,,1,1,Q1,Q1,Q1,1,1,1,1,Q1,1,1,1,1,Q1,1,1,1,1,1
https://openalex.org/W2007002926,00219592,Q2,,3,3,Q3,Q3,Q2,0,2,1,1,Q3,0,3,0,1,Q3,0,3,0,1,0
https://openalex.org/W2007039697,00218561,Q1,,1,1,Q1,Q1,Q1,1,1,1,1,Q1,1,1,1,1,Q1,1,1,1,1,1
https://openalex.org/W2007075165,00201669,Q1,,1,1,Q1,Q1,Q1,1,1,1,1,Q1,1,1,1,1,Q1,1,1,1,1,1
https://openalex.org/W2007077540,01697439,Q1,,2,2,Q2,Q2,Q1,1,1,1,1,Q2,0,2,1,1,Q2,0,2,1,1,1
https://openalex.org/W2007086836,00323861,Q1,,1,1,Q1,Q1,Q1,1,1,1,1,Q1,1,1,1,1,Q1,1,1,1,1,1
https://openalex.org/W2007136170,09669795,Q1,,1,1,Q1,Q1,Q1,1,1,1,1,Q1,1,1,1,1,Q1,1,1,1,1,1
https://openalex.org/W2007146272,02365731,Q3,,3,3,Q3,Q3,Q3,0,3,0,1,Q3,0,3,0,1,Q3,0,3,0,1,0
https://openalex.org/W2007204475,00220248,Q1,,2,2,Q2,Q2,Q1,1,1,1,1,Q2,0,2,1,1,Q2,0,2,1,1,1
https://openalex.org/W2007204782,14779226,Q1,,1,1,Q1,Q1,Q1,1,1,1,1,Q1,1,1,1,1,Q1,1,1,1,1,1
https://openalex.org/W2007221050,00399140,Q1,,1,1,Q1,Q1,Q1,1,1,1,1,Q1,1,1,1,1,Q1,1,1,1,1,1
https://openalex.org/W2007255012,00223697,Q1,,2,2,Q2,Q2,Q1,1,1,1,1,Q2,0,2,1,1,Q2,0,2,1,1,1
https://openalex.org/W2007276071,09680896,Q2,,1,1,Q1,Q1,Q2,0,2,1,1,Q1,1,1,1,1,Q1,1,1,1,1,0
https://openalex.org/W2007311384,00027863,Q1,,1,1,Q1,Q1,Q1,1,1,1,1,Q1,1,1,1,1,Q1,1,1,1,1,1
https://openalex.org/W2007322689,10431802,Q1,,1,1,Q1,Q1,Q1,1,1,1,1,Q1,1,1,1,1,Q1,1,1,1,1,1
https://openalex.org/W2007345243,00223263,Q1,,1,1,Q1,Q1,Q1,1,1,1,1,Q1,1,1,1,1,Q1,1,1,1,1,1
https://openalex.org/W2007347365,07437463,Q1,,1,1,Q1,Q1,Q1,1,1,1,1,Q1,1,1,1,1,Q1,1,1,1,1,1
https://openalex.org/W2007347713,01422421,Q2,,2,2,Q2,Q2,Q2,0,2,1,1,Q2,0,2,1,1,Q2,0,2,1,1,0
https://openalex.org/W2007364035,00404020,Q1,,1,1,Q1,Q1,Q1,1,1,1,1,Q1,1,1,1,1,Q1,1,1,1,1,1
https://openalex.org/W2007366893,13458957,Q2,,2,2,Q2,Q2,Q2,0,2,1,1,Q2,0,2,1,1,Q2,0,2,1,1,0
https://openalex.org/W2007474339,02652048,Q2,,2,2,Q2,Q2,Q2,0,2,1,1,Q2,0,2,1,1,Q2,0,2,1,1,0
https://openalex.org/W2007476918,00090352,Q2,,2,2,Q2,Q2,Q2,0,2,1,1,Q2,0,2,1,1,Q2,0,2,1,1,0
https://openalex.org/W2007498636,10221344,Q2,,2,2,Q2,Q2,Q2,0,2,1,1,Q2,0,2,1,1,Q2,0,2,1,1,0
https://openalex.org/W2007509278,09514198,Q1,,1,1,Q1,Q1,Q1,1,1,1,1,Q1,1,1,1,1,Q1,1,1,1,1,1
https://openalex.org/W2007524006,09254005,-,,5,5,Unranked,Unranked,Unranked,0,5,0,0,Unranked,0,5,0,0,Unranked,0,5,0,0,0
https://openalex.org/W2007562606,00223263,Q1,,1,1,Q1,Q1,Q1,1,1,1,1,Q1,1,1,1,1,Q1,1,1,1,1,1
https://openalex.org/W2007578397,07437463,Q1,,1,1,Q1,Q1,Q1,1,1,1,1,Q1,1,1,1,1,Q1,1,1,1,1,1
https://openalex.org/W2007579693,00218995,Q1,,2,2,Q2,Q2,Q1,1,1,1,1,Q2,0,2,1,1,Q2,0,2,1,1,1
https://openalex.org/W2007583613,15237052,Q1,,1,1,Q1,Q1,Q1,1,1,1,1,Q1,1,1,1,1,Q1,1,1,1,1,1
https://openalex.org/W2007603674,00032700,Q1,,1,1,Q1,Q1,Q1,1,1,1,1,Q1,1,1,1,1,Q1,1,1,1,1,1
https://openalex.org/W2007611677,14337851,Q1,,1,1,Q1,Q1,Q1,1,1,1,1,Q1,1,1,1,1,Q1,1,1,1,1,1
https://openalex.org/W2007627755,00387010,Q4,,3,3,Q3,Q3,Q4,0,4,0,0,Q3,0,3,0,1,Q3,0,3,0,1,0
https://openalex.org/W2007699205,15700232,Q2,,1,1,Q1,Q1,Q2,0,2,1,1,Q1,1,1,1,1,Q1,1,1,1,1,0
https://openalex.org/W2007700181,10703284,Q4,,3,3,Q3,Q3,Q4,0,4,0,0,Q3,0,3,0,1,Q3,0,3,0,1,0
https://openalex.org/W2007730642,00456535,Q1,,1,1,Q1,Q1,Q1,1,1,1,1,Q1,1,1,1,1,Q1,1,1,1,1,1
https://openalex.org/W2007754125,09574484,Q1,,1,1,Q1,Q1,Q1,1,1,1,1,Q1,1,1,1,1,Q1,1,1,1,1,1
https://openalex.org/W2007762999,0195928X,-,,5,5,Unranked,Unranked,Unranked,0,5,0,0,Unranked,0,5,0,0,Unranked,0,5,0,0,0
https://openalex.org/W2007778464,00456535,Q1,,1,1,Q1,Q1,Q1,1,1,1,1,Q1,1,1,1,1,Q1,1,1,1,1,1
https://openalex.org/W2007788414,00218995,Q1,,2,2,Q2,Q2,Q1,1,1,1,1,Q2,0,2,1,1,Q2,0,2,1,1,1
https://openalex.org/W2007789395,00220248,Q1,,2,2,Q2,Q2,Q1,1,1,1,1,Q2,0,2,1,1,Q2,0,2,1,1,1
https://openalex.org/W2007791548,08974756,Q1,,1,1,Q1,Q1,Q1,1,1,1,1,Q1,1,1,1,1,Q1,1,1,1,1,1
https://openalex.org/W2007796174,09106340,Q3,,2,2,Q2,Q2,Q3,0,3,0,1,Q2,0,2,1,1,Q2,0,2,1,1,0
https://openalex.org/W2007814083,00456535,Q1,,1,1,Q1,Q1,Q1,1,1,1,1,Q1,1,1,1,1,Q1,1,1,1,1,1
https://openalex.org/W2007814395,00134651,Q1,,1,1,Q1,Q1,Q1,1,1,1,1,Q1,1,1,1,1,Q1,1,1,1,1,1
https://openalex.org/W2007824763,0013936X,Q1,,1,1,Q1,Q1,Q1,1,1,1,1,Q1,1,1,1,1,Q1,1,1,1,1,1
https://openalex.org/W2007836875,07317085,Q2,,1,1,Q1,Q1,Q2,0,2,1,1,Q1,1,1,1,1,Q1,1,1,1,1,0
https://openalex.org/W2007844794,09669795,Q1,,1,1,Q1,Q1,Q1,1,1,1,1,Q1,1,1,1,1,Q1,1,1,1,1,1
https://openalex.org/W2007855262,01694332,-,,5,5,Unranked,Unranked,Unranked,0,5,0,0,Unranked,0,5,0,0,Unranked,0,5,0,0,0
https://openalex.org/W2007982745,03767388,Q1,,1,1,Q1,Q1,Q1,1,1,1,1,Q1,1,1,1,1,Q1,1,1,1,1,1
https://openalex.org/W2008004588,00399140,Q1,,1,1,Q1,Q1,Q1,1,1,1,1,Q1,1,1,1,1,Q1,1,1,1,1,1
https://openalex.org/W2008036398,0022328X,Q1,,2,2,Q2,Q2,Q1,1,1,1,1,Q2,0,2,1,1,Q2,0,2,1,1,1
https://openalex.org/W2008056027,0010938X,Q1,,1,1,Q1,Q1,Q1,1,1,1,1,Q1,1,1,1,1,Q1,1,1,1,1,1
https://openalex.org/W2008064771,00143057,Q2,,1,1,Q1,Q1,Q2,0,2,1,1,Q1,1,1,1,1,Q1,1,1,1,1,0
https://openalex.org/W2008075146,00406031,Q3,,2,2,Q2,Q2,Q3,0,3,0,1,Q2,0,2,1,1,Q2,0,2,1,1,0
https://openalex.org/W2008125867,13597345,Q1,,1,1,Q1,Q1,Q1,1,1,1,1,Q1,1,1,1,1,Q1,1,1,1,1,1
https://openalex.org/W2008140698,00027863,Q1,,1,1,Q1,Q1,Q1,1,1,1,1,Q1,1,1,1,1,Q1,1,1,1,1,1
https://openalex.org/W2008153574,00404020,Q1,,1,1,Q1,Q1,Q1,1,1,1,1,Q1,1,1,1,1,Q1,1,1,1,1,1
https://openalex.org/W2008162456,13861425,Q2,,2,2,Q2,Q2,Q2,0,2,1,1,Q2,0,2,1,1,Q2,0,2,1,1,0
https://openalex.org/W2008175199,09280707,Q1,,2,2,Q2,Q2,Q1,1,1,1,1,Q2,0,2,1,1,Q2,0,2,1,1,1
https://openalex.org/W2008185349,0026265X,Q2,,2,2,Q2,Q2,Q2,0,2,1,1,Q2,0,2,1,1,Q2,0,2,1,1,0
https://openalex.org/W2008278337,10400397,Q2,,2,2,Q2,Q2,Q2,0,2,1,1,Q2,0,2,1,1,Q2,0,2,1,1,0
https://openalex.org/W2008316175,10619348,Q4,,4,4,Q4,Q4,Q4,0,4,0,0,Q4,0,4,0,0,Q4,0,4,0,0,0
https://openalex.org/W2008333556,00027863,Q1,,1,1,Q1,Q1,Q1,1,1,1,1,Q1,1,1,1,1,Q1,1,1,1,1,1
https://openalex.org/W2008394875,00201669,Q1,,1,1,Q1,Q1,Q1,1,1,1,1,Q1,1,1,1,1,Q1,1,1,1,1,1
https://openalex.org/W2008409761,10973958,Q3,,3,3,Q3,Q3,Q3,0,3,0,1,Q3,0,3,0,1,Q3,0,3,0,1,0
https://openalex.org/W2008418655,10407278,Q2,,2,2,Q2,Q2,Q2,0,2,1,1,Q2,0,2,1,1,Q2,0,2,1,1,0
https://openalex.org/W2008492097,00218995,Q1,,2,2,Q2,Q2,Q1,1,1,1,1,Q2,0,2,1,1,Q2,0,2,1,1,1
https://openalex.org/W2008492245,03682048,Q2,,2,2,Q2,Q2,Q2,0,2,1,1,Q2,0,2,1,1,Q2,0,2,1,1,0
https://openalex.org/W2008494656,14387492,Q2,,2,2,Q2,Q2,Q2,0,2,1,1,Q2,0,2,1,1,Q2,0,2,1,1,0
https://openalex.org/W2008504089,07317085,Q2,,1,1,Q1,Q1,Q2,0,2,1,1,Q1,1,1,1,1,Q1,1,1,1,1,0
https://openalex.org/W2008545774,00220248,Q1,,2,2,Q2,Q2,Q1,1,1,1,1,Q2,0,2,1,1,Q2,0,2,1,1,1
https://openalex.org/W2008582640,13858947,Q1,,1,1,Q1,Q1,Q1,1,1,1,1,Q1,1,1,1,1,Q1,1,1,1,1,1
https://openalex.org/W2008586295,09254005,-,,5,5,Unranked,Unranked,Unranked,0,5,0,0,Unranked,0,5,0,0,Unranked,0,5,0,0,0
https://openalex.org/W2008616263,00027863,Q1,,1,1,Q1,Q1,Q1,1,1,1,1,Q1,1,1,1,1,Q1,1,1,1,1,1
https://openalex.org/W2008635371,03787753,Q1,,1,1,Q1,Q1,Q1,1,1,1,1,Q1,1,1,1,1,Q1,1,1,1,1,1
https://openalex.org/W2008639553,13858947,Q1,,1,1,Q1,Q1,Q1,1,1,1,1,Q1,1,1,1,1,Q1,1,1,1,1,1
https://openalex.org/W2008647311,15287483,Q1,,1,1,Q1,Q1,Q1,1,1,1,1,Q1,1,1,1,1,Q1,1,1,1,1,1
https://openalex.org/W2008680866,02536269,Q3,,3,3,Q3,Q3,Q3,0,3,0,1,Q3,0,3,0,1,Q3,0,3,0,1,0
https://openalex.org/W2008693147,03787753,Q1,,1,1,Q1,Q1,Q1,1,1,1,1,Q1,1,1,1,1,Q1,1,1,1,1,1
https://openalex.org/W2008745769,00338230,Q3,,3,3,Q3,Q3,Q3,0,3,0,1,Q3,0,3,0,1,Q3,0,3,0,1,0
https://openalex.org/W2008789019,00032700,Q1,,1,1,Q1,Q1,Q1,1,1,1,1,Q1,1,1,1,1,Q1,1,1,1,1,1
https://openalex.org/W2008825824,00456535,Q1,,1,1,Q1,Q1,Q1,1,1,1,1,Q1,1,1,1,1,Q1,1,1,1,1,1
https://openalex.org/W2008837176,02578972,Q1,,1,1,Q1,Q1,Q1,1,1,1,1,Q1,1,1,1,1,Q1,1,1,1,1,1
https://openalex.org/W2008844312,00032719,Q3,,3,3,Q3,Q3,Q3,0,3,0,1,Q3,0,3,0,1,Q3,0,3,0,1,0
https://openalex.org/W2008877531,0022328X,Q1,,2,2,Q2,Q2,Q1,1,1,1,1,Q2,0,2,1,1,Q2,0,2,1,1,1
https://openalex.org/W2008885108,00219673,Q1,,1,1,Q1,Q1,Q1,1,1,1,1,Q1,1,1,1,1,Q1,1,1,1,1,1
https://openalex.org/W2008957439,09168451,Q3,,2,2,Q2,Q2,Q3,0,3,0,1,Q2,0,2,1,1,Q2,0,2,1,1,0
https://openalex.org/W2008995330,00220248,Q1,,2,2,Q2,Q2,Q1,1,1,1,1,Q2,0,2,1,1,Q2,0,2,1,1,1
https://openalex.org/W2009013143,10400397,Q2,,2,2,Q2,Q2,Q2,0,2,1,1,Q2,0,2,1,1,Q2,0,2,1,1,0
https://openalex.org/W2009020810,10431802,Q1,,1,1,Q1,Q1,Q1,1,1,1,1,Q1,1,1,1,1,Q1,1,1,1,1,1
https://openalex.org/W2009051987,00223263,Q1,,1,1,Q1,Q1,Q1,1,1,1,1,Q1,1,1,1,1,Q1,1,1,1,1,1
https://openalex.org/W2009101171,01694332,-,,5,5,Unranked,Unranked,Unranked,0,5,0,0,Unranked,0,5,0,0,Unranked,0,5,0,0,0
https://openalex.org/W2009107350,00222313,Q1,,1,1,Q1,Q1,Q1,1,1,1,1,Q1,1,1,1,1,Q1,1,1,1,1,1
https://openalex.org/W2009135853,13861425,Q2,,2,2,Q2,Q2,Q2,0,2,1,1,Q2,0,2,1,1,Q2,0,2,1,1,0
https://openalex.org/W2009144376,00224596,Q2,,2,2,Q2,Q2,Q2,0,2,1,1,Q2,0,2,1,1,Q2,0,2,1,1,0
https://openalex.org/W2009170392,14761122,Q1,,1,1,Q1,Q1,Q1,1,1,1,1,Q1,1,1,1,1,Q1,1,1,1,1,1
https://openalex.org/W2009231455,0013936X,Q1,,1,1,Q1,Q1,Q1,1,1,1,1,Q1,1,1,1,1,Q1,1,1,1,1,1
https://openalex.org/W2009253416,07437463,Q1,,1,1,Q1,Q1,Q1,1,1,1,1,Q1,1,1,1,1,Q1,1,1,1,1,1
https://openalex.org/W2009260362,10530509,Q3,,3,3,Q3,Q3,Q3,0,3,0,1,Q3,0,3,0,1,Q3,0,3,0,1,0
https://openalex.org/W2009265251,01672738,Q1,,1,1,Q1,Q1,Q1,1,1,1,1,Q1,1,1,1,1,Q1,1,1,1,1,1
https://openalex.org/W2009291432,00218561,Q1,,1,1,Q1,Q1,Q1,1,1,1,1,Q1,1,1,1,1,Q1,1,1,1,1,1
https://openalex.org/W2009295822,13835866,Q1,,1,1,Q1,Q1,Q1,1,1,1,1,Q1,1,1,1,1,Q1,1,1,1,1,1
https://openalex.org/W2009313081,15237052,Q1,,1,1,Q1,Q1,Q1,1,1,1,1,Q1,1,1,1,1,Q1,1,1,1,1,1
https://openalex.org/W2009329228,00220248,Q1,,2,2,Q2,Q2,Q1,1,1,1,1,Q2,0,2,1,1,Q2,0,2,1,1,1
https://openalex.org/W2009335441,10400397,Q2,,2,2,Q2,Q2,Q2,0,2,1,1,Q2,0,2,1,1,Q2,0,2,1,1,0
https://openalex.org/W2009424942,00201669,Q1,,1,1,Q1,Q1,Q1,1,1,1,1,Q1,1,1,1,1,Q1,1,1,1,1,1
https://openalex.org/W2009425818,00452068,Q2,,2,2,Q2,Q2,Q2,0,2,1,1,Q2,0,2,1,1,Q2,0,2,1,1,0
https://openalex.org/W2009434510,02578972,Q1,,1,1,Q1,Q1,Q1,1,1,1,1,Q1,1,1,1,1,Q1,1,1,1,1,1
https://openalex.org/W2009451548,03667022,Q2,,2,2,Q2,Q2,Q2,0,2,1,1,Q2,0,2,1,1,Q2,0,2,1,1,0
https://openalex.org/W2009457955,01429418,Q2,,2,2,Q2,Q2,Q2,0,2,1,1,Q2,0,2,1,1,Q2,0,2,1,1,0
https://openalex.org/W2009464925,00218561,Q1,,1,1,Q1,Q1,Q1,1,1,1,1,Q1,1,1,1,1,Q1,1,1,1,1,1
https://openalex.org/W2009575368,00032670,Q1,,1,1,Q1,Q1,Q1,1,1,1,1,Q1,1,1,1,1,Q1,1,1,1,1,1
https://openalex.org/W2009576369,02682605,Q2,,2,2,Q2,Q2,Q2,0,2,1,1,Q2,0,2,1,1,Q2,0,2,1,1,0
https://openalex.org/W2009619460,13886150,Q3,,3,3,Q3,Q3,Q3,0,3,0,1,Q3,0,3,0,1,Q3,0,3,0,1,0
https://openalex.org/W2009625272,02578972,Q1,,1,1,Q1,Q1,Q1,1,1,1,1,Q1,1,1,1,1,Q1,1,1,1,1,1
https://openalex.org/W2009657956,00223263,Q1,,1,1,Q1,Q1,Q1,1,1,1,1,Q1,1,1,1,1,Q1,1,1,1,1,1
https://openalex.org/W2009659771,09680896,Q2,,1,1,Q1,Q1,Q2,0,2,1,1,Q1,1,1,1,1,Q1,1,1,1,1,0
https://openalex.org/W2009689975,09253467,-,,5,5,Unranked,Unranked,Unranked,0,5,0,0,Unranked,0,5,0,0,Unranked,0,5,0,0,0
https://openalex.org/W2009699362,03767388,Q1,,1,1,Q1,Q1,Q1,1,1,1,1,Q1,1,1,1,1,Q1,1,1,1,1,1
https://openalex.org/W2009723131,02536269,Q3,,3,3,Q3,Q3,Q3,0,3,0,1,Q3,0,3,0,1,Q3,0,3,0,1,0
https://openalex.org/W2009829202,00134651,Q1,,1,1,Q1,Q1,Q1,1,1,1,1,Q1,1,1,1,1,Q1,1,1,1,1,1
https://openalex.org/W2009830431,00404020,Q1,,1,1,Q1,Q1,Q1,1,1,1,1,Q1,1,1,1,1,Q1,1,1,1,1,1
https://openalex.org/W2009851001,03787753,Q1,,1,1,Q1,Q1,Q1,1,1,1,1,Q1,1,1,1,1,Q1,1,1,1,1,1
https://openalex.org/W2009858479,00027863,Q1,,1,1,Q1,Q1,Q1,1,1,1,1,Q1,1,1,1,1,Q1,1,1,1,1,1
https://openalex.org/W2009865798,00201669,Q1,,1,1,Q1,Q1,Q1,1,1,1,1,Q1,1,1,1,1,Q1,1,1,1,1,1
https://openalex.org/W2009890229,00218561,Q1,,1,1,Q1,Q1,Q1,1,1,1,1,Q1,1,1,1,1,Q1,1,1,1,1,1
https://openalex.org/W2009891564,01429418,Q2,,2,2,Q2,Q2,Q2,0,2,1,1,Q2,0,2,1,1,Q2,0,2,1,1,0
https://openalex.org/W2009910266,02235234,Q2,,1,1,Q1,Q1,Q2,0,2,1,1,Q1,1,1,1,1,Q1,1,1,1,1,0
https://openalex.org/W2009933564,03767388,Q1,,1,1,Q1,Q1,Q1,1,1,1,1,Q1,1,1,1,1,Q1,1,1,1,1,1
https://openalex.org/W2009938630,01694332,-,,5,5,Unranked,Unranked,Unranked,0,5,0,0,Unranked,0,5,0,0,Unranked,0,5,0,0,0
https://openalex.org/W2009948598,10990690,Q1,,1,1,Q1,Q1,Q1,1,1,1,1,Q1,1,1,1,1,Q1,1,1,1,1,1
https://openalex.org/W2009958617,09254005,-,,5,5,Unranked,Unranked,Unranked,0,5,0,0,Unranked,0,5,0,0,Unranked,0,5,0,0,0
https://openalex.org/W2009981887,13886150,Q3,,3,3,Q3,Q3,Q3,0,3,0,1,Q3,0,3,0,1,Q3,0,3,0,1,0
https://openalex.org/W2009998705,09478396,Q1,,1,1,Q1,Q1,Q1,1,1,1,1,Q1,1,1,1,1,Q1,1,1,1,1,1
https://openalex.org/W2010025617,00399140,Q1,,1,1,Q1,Q1,Q1,1,1,1,1,Q1,1,1,1,1,Q1,1,1,1,1,1
https://openalex.org/W2010033475,09106340,Q3,,2,2,Q2,Q2,Q3,0,3,0,1,Q2,0,2,1,1,Q2,0,2,1,1,0
https://openalex.org/W2010037906,0013936X,Q1,,1,1,Q1,Q1,Q1,1,1,1,1,Q1,1,1,1,1,Q1,1,1,1,1,1
https://openalex.org/W2010062884,14730189,Q1,,1,1,Q1,Q1,Q1,1,1,1,1,Q1,1,1,1,1,Q1,1,1,1,1,1
https://openalex.org/W2010118718,00201669,Q1,,1,1,Q1,Q1,Q1,1,1,1,1,Q1,1,1,1,1,Q1,1,1,1,1,1
https://openalex.org/W2010126161,00456535,Q1,,1,1,Q1,Q1,Q1,1,1,1,1,Q1,1,1,1,1,Q1,1,1,1,1,1
https://openalex.org/W2010127808,02578972,Q1,,1,1,Q1,Q1,Q1,1,1,1,1,Q1,1,1,1,1,Q1,1,1,1,1,1
https://openalex.org/W2010150801,15204766,-,,5,5,Unranked,Unranked,Unranked,0,5,0,0,Unranked,0,5,0,0,Unranked,0,5,0,0,0
https://openalex.org/W2010211171,00406031,Q3,,2,2,Q2,Q2,Q3,0,3,0,1,Q2,0,2,1,1,Q2,0,2,1,1,0
https://openalex.org/W2010211315,00323861,Q1,,1,1,Q1,Q1,Q1,1,1,1,1,Q1,1,1,1,1,Q1,1,1,1,1,1
https://openalex.org/W2010236959,00218561,Q1,,1,1,Q1,Q1,Q1,1,1,1,1,Q1,1,1,1,1,Q1,1,1,1,1,1
https://openalex.org/W2010242333,00218995,Q1,,2,2,Q2,Q2,Q1,1,1,1,1,Q2,0,2,1,1,Q2,0,2,1,1,1
https://openalex.org/W2010260828,00218995,Q1,,2,2,Q2,Q2,Q1,1,1,1,1,Q2,0,2,1,1,Q2,0,2,1,1,1
https://openalex.org/W2010279768,00049425,Q2,,1,2,Q1,Q2,Q2,0,2,1,1,Q1,1,1,1,1,Q2,0,2,1,1,0
https://openalex.org/W2010280805,00032700,Q1,,1,1,Q1,Q1,Q1,1,1,1,1,Q1,1,1,1,1,Q1,1,1,1,1,1
https://openalex.org/W2010281448,01496395,Q2,,2,2,Q2,Q2,Q2,0,2,1,1,Q2,0,2,1,1,Q2,0,2,1,1,0
https://openalex.org/W2010339309,09270256,Q1,,1,1,Q1,Q1,Q1,1,1,1,1,Q1,1,1,1,1,Q1,1,1,1,1,1
https://openalex.org/W2010373374,00218561,Q1,,1,1,Q1,Q1,Q1,1,1,1,1,Q1,1,1,1,1,Q1,1,1,1,1,1
https://openalex.org/W2010413816,02679477,Q1,,1,1,Q1,Q1,Q1,1,1,1,1,Q1,1,1,1,1,Q1,1,1,1,1,1
https://openalex.org/W2010475195,00219606,Q1,,1,1,Q1,Q1,Q1,1,1,1,1,Q1,1,1,1,1,Q1,1,1,1,1,1
https://openalex.org/W2010521943,00162361,Q1,,1,1,Q1,Q1,Q1,1,1,1,1,Q1,1,1,1,1,Q1,1,1,1,1,1
https://openalex.org/W2010528162,15237052,Q1,,1,1,Q1,Q1,Q1,1,1,1,1,Q1,1,1,1,1,Q1,1,1,1,1,1
https://openalex.org/W2010576217,0018019X,Q1,,2,2,Q2,Q2,Q1,1,1,1,1,Q2,0,2,1,1,Q2,0,2,1,1,1
https://openalex.org/W2010580563,14337851,Q1,,1,1,Q1,Q1,Q1,1,1,1,1,Q1,1,1,1,1,Q1,1,1,1,1,1
https://openalex.org/W2010592319,09307516,Q2,,2,2,Q2,Q2,Q2,0,2,1,1,Q2,0,2,1,1,Q2,0,2,1,1,0
https://openalex.org/W2010601650,0265203X,Q1,,1,3,Q1,Q3,Q1,1,1,1,1,Q1,1,1,1,1,Q3,0,3,0,1,1
https://openalex.org/W2010613522,00219673,Q1,,1,1,Q1,Q1,Q1,1,1,1,1,Q1,1,1,1,1,Q1,1,1,1,1,1
https://openalex.org/W2010625987,07317085,Q2,,1,1,Q1,Q1,Q2,0,2,1,1,Q1,1,1,1,1,Q1,1,1,1,1,0
https://openalex.org/W2010644895,00249297,Q1,,1,1,Q1,Q1,Q1,1,1,1,1,Q1,1,1,1,1,Q1,1,1,1,1,1
https://openalex.org/W2010668831,0022328X,Q1,,2,2,Q2,Q2,Q1,1,1,1,1,Q2,0,2,1,1,Q2,0,2,1,1,1
https://openalex.org/W2010687769,13858947,Q1,,1,1,Q1,Q1,Q1,1,1,1,1,Q1,1,1,1,1,Q1,1,1,1,1,1
https://openalex.org/W2010689416,14730189,Q1,,1,1,Q1,Q1,Q1,1,1,1,1,Q1,1,1,1,1,Q1,1,1,1,1,1
https://openalex.org/W2010710029,0013936X,Q1,,1,1,Q1,Q1,Q1,1,1,1,1,Q1,1,1,1,1,Q1,1,1,1,1,1
https://openalex.org/W2010730004,09259635,Q1,,1,1,Q1,Q1,Q1,1,1,1,1,Q1,1,1,1,1,Q1,1,1,1,1,1
https://openalex.org/W2010760548,00219673,Q1,,1,1,Q1,Q1,Q1,1,1,1,1,Q1,1,1,1,1,Q1,1,1,1,1,1
https://openalex.org/W2010770996,00162361,Q1,,1,1,Q1,Q1,Q1,1,1,1,1,Q1,1,1,1,1,Q1,1,1,1,1,1
https://openalex.org/W2010792887,03855414,Q2,,3,3,Q3,Q3,Q2,0,2,1,1,Q3,0,3,0,1,Q3,0,3,0,1,0
https://openalex.org/W2010822261,00218561,Q1,,1,1,Q1,Q1,Q1,1,1,1,1,Q1,1,1,1,1,Q1,1,1,1,1,1
https://openalex.org/W2010823300,00219568,Q1,,1,1,Q1,Q1,Q1,1,1,1,1,Q1,1,1,1,1,Q1,1,1,1,1,1
https://openalex.org/W2010824626,00219673,Q1,,1,1,Q1,Q1,Q1,1,1,1,1,Q1,1,1,1,1,Q1,1,1,1,1,1
https://openalex.org/W2010840004,02578972,Q1,,1,1,Q1,Q1,Q1,1,1,1,1,Q1,1,1,1,1,Q1,1,1,1,1,1
https://openalex.org/W2010857669,00143057,Q2,,1,1,Q1,Q1,Q2,0,2,1,1,Q1,1,1,1,1,Q1,1,1,1,1,0
https://openalex.org/W2010861659,00134686,Q1,,1,1,Q1,Q1,Q1,1,1,1,1,Q1,1,1,1,1,Q1,1,1,1,1,1
https://openalex.org/W2010867873,1011372X,Q1,,1,1,Q1,Q1,Q1,1,1,1,1,Q1,1,1,1,1,Q1,1,1,1,1,1
https://openalex.org/W2010901474,0018019X,Q1,,2,2,Q2,Q2,Q1,1,1,1,1,Q2,0,2,1,1,Q2,0,2,1,1,1
https://openalex.org/W2011008960,02767333,Q1,,1,1,Q1,Q1,Q1,1,1,1,1,Q1,1,1,1,1,Q1,1,1,1,1,1
https://openalex.org/W2011047068,02679477,Q1,,1,1,Q1,Q1,Q1,1,1,1,1,Q1,1,1,1,1,Q1,1,1,1,1,1
https://openalex.org/W2011091862,13504177,-,,5,5,Unranked,Unranked,Unranked,0,5,0,0,Unranked,0,5,0,0,Unranked,0,5,0,0,0
https://openalex.org/W2011111272,00027863,Q1,,1,1,Q1,Q1,Q1,1,1,1,1,Q1,1,1,1,1,Q1,1,1,1,1,1
https://openalex.org/W2011145997,0021891X,Q2,,2,2,Q2,Q2,Q2,0,2,1,1,Q2,0,2,1,1,Q2,0,2,1,1,0
https://openalex.org/W2011229599,15726657,Q1,,2,2,Q2,Q2,Q1,1,1,1,1,Q2,0,2,1,1,Q2,0,2,1,1,1
https://openalex.org/W2011231785,13835866,Q1,,1,1,Q1,Q1,Q1,1,1,1,1,Q1,1,1,1,1,Q1,1,1,1,1,1
https://openalex.org/W2011263507,0010938X,Q1,,1,1,Q1,Q1,Q1,1,1,1,1,Q1,1,1,1,1,Q1,1,1,1,1,1
https://openalex.org/W2011287248,10400397,Q2,,2,2,Q2,Q2,Q2,0,2,1,1,Q2,0,2,1,1,Q2,0,2,1,1,0
https://openalex.org/W2011315317,03787753,Q1,,1,1,Q1,Q1,Q1,1,1,1,1,Q1,1,1,1,1,Q1,1,1,1,1,1
https://openalex.org/W2011320652,09598103,-,,5,5,Unranked,Unranked,Unranked,0,5,0,0,Unranked,0,5,0,0,Unranked,0,5,0,0,0
https://openalex.org/W2011335312,02767333,Q1,,1,1,Q1,Q1,Q1,1,1,1,1,Q1,1,1,1,1,Q1,1,1,1,1,1
https://openalex.org/W2011349146,00032670,Q1,,1,1,Q1,Q1,Q1,1,1,1,1,Q1,1,1,1,1,Q1,1,1,1,1,1
https://openalex.org/W2011393729,08926875,Q2,,1,1,Q1,Q1,Q2,0,2,1,1,Q1,1,1,1,1,Q1,1,1,1,1,0
https://openalex.org/W2011398972,09514198,Q1,,1,1,Q1,Q1,Q1,1,1,1,1,Q1,1,1,1,1,Q1,1,1,1,1,1
https://openalex.org/W2011402153,03667022,Q2,,2,2,Q2,Q2,Q2,0,2,1,1,Q2,0,2,1,1,Q2,0,2,1,1,0
https://openalex.org/W2011406636,05251931,Q4,,4,4,Q4,Q4,Q4,0,4,0,0,Q4,0,4,0,0,Q4,0,4,0,0,0
https://openalex.org/W2011406728,14337851,Q1,,1,1,Q1,Q1,Q1,1,1,1,1,Q1,1,1,1,1,Q1,1,1,1,1,1
https://openalex.org/W2011416616,00134686,Q1,,1,1,Q1,Q1,Q1,1,1,1,1,Q1,1,1,1,1,Q1,1,1,1,1,1
https://openalex.org/W2011446341,00304018,Q1,,2,2,Q2,Q2,Q1,1,1,1,1,Q2,0,2,1,1,Q2,0,2,1,1,1
https://openalex.org/W2011489328,00323861,Q1,,1,1,Q1,Q1,Q1,1,1,1,1,Q1,1,1,1,1,Q1,1,1,1,1,1
https://openalex.org/W2011502189,00222313,Q1,,1,1,Q1,Q1,Q1,1,1,1,1,Q1,1,1,1,1,Q1,1,1,1,1,1
https://openalex.org/W2011508913,0013936X,Q1,,1,1,Q1,Q1,Q1,1,1,1,1,Q1,1,1,1,1,Q1,1,1,1,1,1
https://openalex.org/W2011518417,00399140,Q1,,1,1,Q1,Q1,Q1,1,1,1,1,Q1,1,1,1,1,Q1,1,1,1,1,1
https://openalex.org/W2011520457,08885885,Q1,,1,1,Q1,Q1,Q1,1,1,1,1,Q1,1,1,1,1,Q1,1,1,1,1,1
https://openalex.org/W2011522689,15667367,Q1,,1,1,Q1,Q1,Q1,1,1,1,1,Q1,1,1,1,1,Q1,1,1,1,1,1
https://openalex.org/W2011525766,15985032,Q3,,3,3,Q3,Q3,Q3,0,3,0,1,Q3,0,3,0,1,Q3,0,3,0,1,0
https://openalex.org/W2011556102,00389056,Q2,,2,2,Q2,Q2,Q2,0,2,1,1,Q2,0,2,1,1,Q2,0,2,1,1,0
https://openalex.org/W2011561582,00399140,Q1,,1,1,Q1,Q1,Q1,1,1,1,1,Q1,1,1,1,1,Q1,1,1,1,1,1
https://openalex.org/W2011569213,00220248,Q1,,2,2,Q2,Q2,Q1,1,1,1,1,Q2,0,2,1,1,Q2,0,2,1,1,1
https://openalex.org/W2011575375,09254005,-,,5,5,Unranked,Unranked,Unranked,0,5,0,0,Unranked,0,5,0,0,Unranked,0,5,0,0,0
https://openalex.org/W2011581020,09277757,-,,5,5,Unranked,Unranked,Unranked,0,5,0,0,Unranked,0,5,0,0,Unranked,0,5,0,0,0
https://openalex.org/W2011620000,00323861,Q1,,1,1,Q1,Q1,Q1,1,1,1,1,Q1,1,1,1,1,Q1,1,1,1,1,1
https://openalex.org/W2011626171,0013936X,Q1,,1,1,Q1,Q1,Q1,1,1,1,1,Q1,1,1,1,1,Q1,1,1,1,1,1
https://openalex.org/W2011636360,15237052,Q1,,1,1,Q1,Q1,Q1,1,1,1,1,Q1,1,1,1,1,Q1,1,1,1,1,1
https://openalex.org/W2011636687,00224596,Q2,,2,2,Q2,Q2,Q2,0,2,1,1,Q2,0,2,1,1,Q2,0,2,1,1,0
https://openalex.org/W2011640969,00399140,Q1,,1,1,Q1,Q1,Q1,1,1,1,1,Q1,1,1,1,1,Q1,1,1,1,1,1
https://openalex.org/W2011651720,02578972,Q1,,1,1,Q1,Q1,Q1,1,1,1,1,Q1,1,1,1,1,Q1,1,1,1,1,1
https://openalex.org/W2011659453,07213115,Q3,,2,2,Q2,Q2,Q3,0,3,0,1,Q2,0,2,1,1,Q2,0,2,1,1,0
https://openalex.org/W2011706131,00222860,Q2,,3,3,Q3,Q3,Q2,0,2,1,1,Q3,0,3,0,1,Q3,0,3,0,1,0
https://openalex.org/W2011706725,00086215,Q2,,2,2,Q2,Q2,Q2,0,2,1,1,Q2,0,2,1,1,Q2,0,2,1,1,0
https://openalex.org/W2011707743,00397911,Q3,,3,3,Q3,Q3,Q3,0,3,0,1,Q3,0,3,0,1,Q3,0,3,0,1,0
https://openalex.org/W2011765434,03639045,Q3,,2,2,Q2,Q2,Q3,0,3,0,1,Q2,0,2,1,1,Q2,0,2,1,1,0
https://openalex.org/W2011777786,15700232,Q2,,1,1,Q1,Q1,Q2,0,2,1,1,Q1,1,1,1,1,Q1,1,1,1,1,0
https://openalex.org/W2011782338,15237052,Q1,,1,1,Q1,Q1,Q1,1,1,1,1,Q1,1,1,1,1,Q1,1,1,1,1,1
https://openalex.org/W2011798043,09478396,Q1,,1,1,Q1,Q1,Q1,1,1,1,1,Q1,1,1,1,1,Q1,1,1,1,1,1
https://openalex.org/W2011811922,13861425,Q2,,2,2,Q2,Q2,Q2,0,2,1,1,Q2,0,2,1,1,Q2,0,2,1,1,0
https://openalex.org/W2011812481,00134686,Q1,,1,1,Q1,Q1,Q1,1,1,1,1,Q1,1,1,1,1,Q1,1,1,1,1,1
https://openalex.org/W2011829769,02578972,Q1,,1,1,Q1,Q1,Q1,1,1,1,1,Q1,1,1,1,1,Q1,1,1,1,1,1
https://openalex.org/W2011843444,00032670,Q1,,1,1,Q1,Q1,Q1,1,1,1,1,Q1,1,1,1,1,Q1,1,1,1,1,1
https://openalex.org/W2011847221,09168451,Q3,,2,2,Q2,Q2,Q3,0,3,0,1,Q2,0,2,1,1,Q2,0,2,1,1,0
https://openalex.org/W2011949077,00397911,Q3,,3,3,Q3,Q3,Q3,0,3,0,1,Q3,0,3,0,1,Q3,0,3,0,1,0
https://openalex.org/W2011970021,09669795,Q1,,1,1,Q1,Q1,Q1,1,1,1,1,Q1,1,1,1,1,Q1,1,1,1,1,1
https://openalex.org/W2011977162,09254005,-,,5,5,Unranked,Unranked,Unranked,0,5,0,0,Unranked,0,5,0,0,Unranked,0,5,0,0,0
https://openalex.org/W2011980185,13861425,Q2,,2,2,Q2,Q2,Q2,0,2,1,1,Q2,0,2,1,1,Q2,0,2,1,1,0
https://openalex.org/W2012002356,01694332,-,,5,5,Unranked,Unranked,Unranked,0,5,0,0,Unranked,0,5,0,0,Unranked,0,5,0,0,0
https://openalex.org/W2012012092,03855414,Q2,,3,3,Q3,Q3,Q2,0,2,1,1,Q3,0,3,0,1,Q3,0,3,0,1,0
https://openalex.org/W2012029085,0013936X,Q1,,1,1,Q1,Q1,Q1,1,1,1,1,Q1,1,1,1,1,Q1,1,1,1,1,1
https://openalex.org/W2012060632,09680896,Q2,,1,1,Q1,Q1,Q2,0,2,1,1,Q1,1,1,1,1,Q1,1,1,1,1,0
https://openalex.org/W2012075130,00027863,Q1,,1,1,Q1,Q1,Q1,1,1,1,1,Q1,1,1,1,1,Q1,1,1,1,1,1
https://openalex.org/W2012084678,03767388,Q1,,1,1,Q1,Q1,Q1,1,1,1,1,Q1,1,1,1,1,Q1,1,1,1,1,1
https://openalex.org/W2012113238,00406031,Q3,,2,2,Q2,Q2,Q3,0,3,0,1,Q2,0,2,1,1,Q2,0,2,1,1,0
https://openalex.org/W2012120731,10106030,Q1,,1,1,Q1,Q1,Q1,1,1,1,1,Q1,1,1,1,1,Q1,1,1,1,1,1
https://openalex.org/W2012167321,00032670,Q1,,1,1,Q1,Q1,Q1,1,1,1,1,Q1,1,1,1,1,Q1,1,1,1,1,1
https://openalex.org/W2012187698,03787753,Q1,,1,1,Q1,Q1,Q1,1,1,1,1,Q1,1,1,1,1,Q1,1,1,1,1,1
https://openalex.org/W2012190610,00399140,Q1,,1,1,Q1,Q1,Q1,1,1,1,1,Q1,1,1,1,1,Q1,1,1,1,1,1
https://openalex.org/W2012200312,0195928X,-,,5,5,Unranked,Unranked,Unranked,0,5,0,0,Unranked,0,5,0,0,Unranked,0,5,0,0,0
https://openalex.org/W2012248519,00086215,Q2,,2,2,Q2,Q2,Q2,0,2,1,1,Q2,0,2,1,1,Q2,0,2,1,1,0
https://openalex.org/W2012249574,08926875,Q2,,1,1,Q1,Q1,Q2,0,2,1,1,Q1,1,1,1,1,Q1,1,1,1,1,0
https://openalex.org/W2012258149,00397911,Q3,,3,3,Q3,Q3,Q3,0,3,0,1,Q3,0,3,0,1,Q3,0,3,0,1,0
https://openalex.org/W2012261625,01730835,Q1,,1,1,Q1,Q1,Q1,1,1,1,1,Q1,1,1,1,1,Q1,1,1,1,1,1
https://openalex.org/W2012338169,09106340,Q3,,2,2,Q2,Q2,Q3,0,3,0,1,Q2,0,2,1,1,Q2,0,2,1,1,0
https://openalex.org/W2012344028,00162361,Q1,,1,1,Q1,Q1,Q1,1,1,1,1,Q1,1,1,1,1,Q1,1,1,1,1,1
https://openalex.org/W2012346612,14730189,Q1,,1,1,Q1,Q1,Q1,1,1,1,1,Q1,1,1,1,1,Q1,1,1,1,1,1
https://openalex.org/W2012349835,09168451,Q3,,2,2,Q2,Q2,Q3,0,3,0,1,Q2,0,2,1,1,Q2,0,2,1,1,0
https://openalex.org/W2012364998,00027863,Q1,,1,1,Q1,Q1,Q1,1,1,1,1,Q1,1,1,1,1,Q1,1,1,1,1,1
https://openalex.org/W2012437706,15237052,Q1,,1,1,Q1,Q1,Q1,1,1,1,1,Q1,1,1,1,1,Q1,1,1,1,1,1
https://openalex.org/W2012461892,00027863,Q1,,1,1,Q1,Q1,Q1,1,1,1,1,Q1,1,1,1,1,Q1,1,1,1,1,1
https://openalex.org/W2012480197,15204766,-,,5,5,Unranked,Unranked,Unranked,0,5,0,0,Unranked,0,5,0,0,Unranked,0,5,0,0,0
https://openalex.org/W2012490588,15700232,Q2,,1,1,Q1,Q1,Q2,0,2,1,1,Q1,1,1,1,1,Q1,1,1,1,1,0
https://openalex.org/W2012548501,00223263,Q1,,1,1,Q1,Q1,Q1,1,1,1,1,Q1,1,1,1,1,Q1,1,1,1,1,1
https://openalex.org/W2012549534,03787753,Q1,,1,1,Q1,Q1,Q1,1,1,1,1,Q1,1,1,1,1,Q1,1,1,1,1,1
https://openalex.org/W2012600388,00218995,Q1,,2,2,Q2,Q2,Q1,1,1,1,1,Q2,0,2,1,1,Q2,0,2,1,1,1
https://openalex.org/W2012620412,00219673,Q1,,1,1,Q1,Q1,Q1,1,1,1,1,Q1,1,1,1,1,Q1,1,1,1,1,1
https://openalex.org/W2012639241,00027863,Q1,,1,1,Q1,Q1,Q1,1,1,1,1,Q1,1,1,1,1,Q1,1,1,1,1,1
https://openalex.org/W2012644238,13408054,Q4,,3,3,Q3,Q3,Q4,0,4,0,0,Q3,0,3,0,1,Q3,0,3,0,1,0
https://openalex.org/W2012691990,00219517,Q1,,1,1,Q1,Q1,Q1,1,1,1,1,Q1,1,1,1,1,Q1,1,1,1,1,1
https://openalex.org/W2012714851,00399140,Q1,,1,1,Q1,Q1,Q1,1,1,1,1,Q1,1,1,1,1,Q1,1,1,1,1,1
https://openalex.org/W2012717913,00027863,Q1,,1,1,Q1,Q1,Q1,1,1,1,1,Q1,1,1,1,1,Q1,1,1,1,1,1
https://openalex.org/W2012738253,00105082,Q3,,3,3,Q3,Q3,Q3,0,3,0,1,Q3,0,3,0,1,Q3,0,3,0,1,0
https://openalex.org/W2012763169,02552701,Q2,,1,1,Q1,Q1,Q2,0,2,1,1,Q1,1,1,1,1,Q1,1,1,1,1,0
https://openalex.org/W2012776313,13835866,Q1,,1,1,Q1,Q1,Q1,1,1,1,1,Q1,1,1,1,1,Q1,1,1,1,1,1
https://openalex.org/W2012855752,09277757,-,,5,5,Unranked,Unranked,Unranked,0,5,0,0,Unranked,0,5,0,0,Unranked,0,5,0,0,0
https://openalex.org/W2012858026,10431802,Q1,,1,1,Q1,Q1,Q1,1,1,1,1,Q1,1,1,1,1,Q1,1,1,1,1,1
https://openalex.org/W2012880557,08974756,Q1,,1,1,Q1,Q1,Q1,1,1,1,1,Q1,1,1,1,1,Q1,1,1,1,1,1
https://openalex.org/W2012887975,09574166,Q1,,1,1,Q1,Q1,Q1,1,1,1,1,Q1,1,1,1,1,Q1,1,1,1,1,1
https://openalex.org/W2012908661,01429418,Q2,,2,2,Q2,Q2,Q2,0,2,1,1,Q2,0,2,1,1,Q2,0,2,1,1,0
https://openalex.org/W2012923286,10835601,Q2,,2,2,Q2,Q2,Q2,0,2,1,1,Q2,0,2,1,1,Q2,0,2,1,1,0
https://openalex.org/W2012925219,03088146,Q1,,1,1,Q1,Q1,Q1,1,1,1,1,Q1,1,1,1,1,Q1,1,1,1,1,1
https://openalex.org/W2012929616,0018019X,Q1,,2,2,Q2,Q2,Q1,1,1,1,1,Q2,0,2,1,1,Q2,0,2,1,1,1
https://openalex.org/W2012934900,00094536,Q3,,3,3,Q3,Q3,Q3,0,3,0,1,Q3,0,3,0,1,Q3,0,3,0,1,0
https://openalex.org/W2012935592,00220248,Q1,,2,2,Q2,Q2,Q1,1,1,1,1,Q2,0,2,1,1,Q2,0,2,1,1,1
https://openalex.org/W2012937568,00249297,Q1,,1,1,Q1,Q1,Q1,1,1,1,1,Q1,1,1,1,1,Q1,1,1,1,1,1
https://openalex.org/W2012943477,00220248,Q1,,2,2,Q2,Q2,Q1,1,1,1,1,Q2,0,2,1,1,Q2,0,2,1,1,1
https://openalex.org/W2012990713,00162361,Q1,,1,1,Q1,Q1,Q1,1,1,1,1,Q1,1,1,1,1,Q1,1,1,1,1,1
https://openalex.org/W2012991357,00143057,Q2,,1,1,Q1,Q1,Q2,0,2,1,1,Q1,1,1,1,1,Q1,1,1,1,1,0
https://openalex.org/W2012999991,10765174,Q1,,1,1,Q1,Q1,Q1,1,1,1,1,Q1,1,1,1,1,Q1,1,1,1,1,1
https://openalex.org/W2013028290,00958972,Q3,,3,3,Q3,Q3,Q3,0,3,0,1,Q3,0,3,0,1,Q3,0,3,0,1,0
https://openalex.org/W2013030122,00032719,Q3,,3,3,Q3,Q3,Q3,0,3,0,1,Q3,0,3,0,1,Q3,0,3,0,1,0
https://openalex.org/W2013044332,01672738,Q1,,1,1,Q1,Q1,Q1,1,1,1,1,Q1,1,1,1,1,Q1,1,1,1,1,1
https://openalex.org/W2013065061,13877003,Q2,,2,2,Q2,Q2,Q2,0,2,1,1,Q2,0,2,1,1,Q2,0,2,1,1,0
https://openalex.org/W2013075579,02775387,Q2,,2,2,Q2,Q2,Q2,0,2,1,1,Q2,0,2,1,1,Q2,0,2,1,1,0
https://openalex.org/W2013084046,01633864,Q1,,1,1,Q1,Q1,Q1,1,1,1,1,Q1,1,1,1,1,Q1,1,1,1,1,1
https://openalex.org/W2013192989,09205861,Q1,,1,1,Q1,Q1,Q1,1,1,1,1,Q1,1,1,1,1,Q1,1,1,1,1,1
https://openalex.org/W2013225066,10106030,Q1,,1,1,Q1,Q1,Q1,1,1,1,1,Q1,1,1,1,1,Q1,1,1,1,1,1
https://openalex.org/W2013269955,09253467,-,,5,5,Unranked,Unranked,Unranked,0,5,0,0,Unranked,0,5,0,0,Unranked,0,5,0,0,0
https://openalex.org/W2013287207,00201693,Q2,,2,2,Q2,Q2,Q2,0,2,1,1,Q2,0,2,1,1,Q2,0,2,1,1,0
https://openalex.org/W2013307956,00162361,Q1,,1,1,Q1,Q1,Q1,1,1,1,1,Q1,1,1,1,1,Q1,1,1,1,1,1
https://openalex.org/W2013337559,00334545,Q2,,1,1,Q1,Q1,Q2,0,2,1,1,Q1,1,1,1,1,Q1,1,1,1,1,0
https://openalex.org/W2013342774,03767388,Q1,,1,1,Q1,Q1,Q1,1,1,1,1,Q1,1,1,1,1,Q1,1,1,1,1,1
https://openalex.org/W2013356107,13877003,Q2,,2,2,Q2,Q2,Q2,0,2,1,1,Q2,0,2,1,1,Q2,0,2,1,1,0
https://openalex.org/W2013404103,10836160,Q2,,1,1,Q1,Q1,Q2,0,2,1,1,Q1,1,1,1,1,Q1,1,1,1,1,0
https://openalex.org/W2013461333,00027863,Q1,,1,1,Q1,Q1,Q1,1,1,1,1,Q1,1,1,1,1,Q1,1,1,1,1,1
https://openalex.org/W2013477188,00032670,Q1,,1,1,Q1,Q1,Q1,1,1,1,1,Q1,1,1,1,1,Q1,1,1,1,1,1
https://openalex.org/W2013484018,00201669,Q1,,1,1,Q1,Q1,Q1,1,1,1,1,Q1,1,1,1,1,Q1,1,1,1,1,1
https://openalex.org/W2013493322,03088146,Q1,,1,1,Q1,Q1,Q1,1,1,1,1,Q1,1,1,1,1,Q1,1,1,1,1,1
https://openalex.org/W2013545352,00143057,Q2,,1,1,Q1,Q1,Q2,0,2,1,1,Q1,1,1,1,1,Q1,1,1,1,1,0
https://openalex.org/W2013572618,03346455,Q4,,4,4,Q4,Q4,Q4,0,4,0,0,Q4,0,4,0,0,Q4,0,4,0,0,0
https://openalex.org/W2013572715,00134651,Q1,,1,1,Q1,Q1,Q1,1,1,1,1,Q1,1,1,1,1,Q1,1,1,1,1,1
https://openalex.org/W2013610520,00119164,Q1,,1,1,Q1,Q1,Q1,1,1,1,1,Q1,1,1,1,1,Q1,1,1,1,1,1
https://openalex.org/W2013614482,00218995,Q1,,2,2,Q2,Q2,Q1,1,1,1,1,Q2,0,2,1,1,Q2,0,2,1,1,1
https://openalex.org/W2013650918,02679477,Q1,,1,1,Q1,Q1,Q1,1,1,1,1,Q1,1,1,1,1,Q1,1,1,1,1,1
https://openalex.org/W2013683448,00027863,Q1,,1,1,Q1,Q1,Q1,1,1,1,1,Q1,1,1,1,1,Q1,1,1,1,1,1
https://openalex.org/W2013700741,08926875,Q2,,1,1,Q1,Q1,Q2,0,2,1,1,Q1,1,1,1,1,Q1,1,1,1,1,0
https://openalex.org/W2013724468,03767388,Q1,,1,1,Q1,Q1,Q1,1,1,1,1,Q1,1,1,1,1,Q1,1,1,1,1,1
https://openalex.org/W2013726160,00086223,Q1,,1,1,Q1,Q1,Q1,1,1,1,1,Q1,1,1,1,1,Q1,1,1,1,1,1
https://openalex.org/W2013727665,00223263,Q1,,1,1,Q1,Q1,Q1,1,1,1,1,Q1,1,1,1,1,Q1,1,1,1,1,1
https://openalex.org/W2013736865,03787753,Q1,,1,1,Q1,Q1,Q1,1,1,1,1,Q1,1,1,1,1,Q1,1,1,1,1,1
https://openalex.org/W2013770931,00094536,Q3,,3,3,Q3,Q3,Q3,0,3,0,1,Q3,0,3,0,1,Q3,0,3,0,1,0
https://openalex.org/W2013772239,15237052,Q1,,1,1,Q1,Q1,Q1,1,1,1,1,Q1,1,1,1,1,Q1,1,1,1,1,1
https://openalex.org/W2013806912,10895639,Q1,,1,1,Q1,Q1,Q1,1,1,1,1,Q1,1,1,1,1,Q1,1,1,1,1,1
https://openalex.org/W2013827506,07437463,Q1,,1,1,Q1,Q1,Q1,1,1,1,1,Q1,1,1,1,1,Q1,1,1,1,1,1
https://openalex.org/W2013893541,02365731,Q3,,3,3,Q3,Q3,Q3,0,3,0,1,Q3,0,3,0,1,Q3,0,3,0,1,0
https://openalex.org/W2013925835,00399140,Q1,,1,1,Q1,Q1,Q1,1,1,1,1,Q1,1,1,1,1,Q1,1,1,1,1,1
https://openalex.org/W2013963010,00027863,Q1,,1,1,Q1,Q1,Q1,1,1,1,1,Q1,1,1,1,1,Q1,1,1,1,1,1
https://openalex.org/W2013967960,09205861,Q1,,1,1,Q1,Q1,Q1,1,1,1,1,Q1,1,1,1,1,Q1,1,1,1,1,1
https://openalex.org/W2013991660,00032700,Q1,,1,1,Q1,Q1,Q1,1,1,1,1,Q1,1,1,1,1,Q1,1,1,1,1,1
https://openalex.org/W2014032103,00223263,Q1,,1,1,Q1,Q1,Q1,1,1,1,1,Q1,1,1,1,1,Q1,1,1,1,1,1
https://openalex.org/W2014069394,00218995,Q1,,2,2,Q2,Q2,Q1,1,1,1,1,Q2,0,2,1,1,Q2,0,2,1,1,1
https://openalex.org/W2014083094,07317085,Q2,,1,1,Q1,Q1,Q2,0,2,1,1,Q1,1,1,1,1,Q1,1,1,1,1,0
https://openalex.org/W2014093889,10973958,Q3,,3,3,Q3,Q3,Q3,0,3,0,1,Q3,0,3,0,1,Q3,0,3,0,1,0
https://openalex.org/W2014103770,02578972,Q1,,1,1,Q1,Q1,Q1,1,1,1,1,Q1,1,1,1,1,Q1,1,1,1,1,1
https://openalex.org/W2014110082,08926875,Q2,,1,1,Q1,Q1,Q2,0,2,1,1,Q1,1,1,1,1,Q1,1,1,1,1,0
https://openalex.org/W2014127219,01652370,Q1,,1,1,Q1,Q1,Q1,1,1,1,1,Q1,1,1,1,1,Q1,1,1,1,1,1
https://openalex.org/W2014127788,0960894X,Q2,,2,2,Q2,Q2,Q2,0,2,1,1,Q2,0,2,1,1,Q2,0,2,1,1,0
https://openalex.org/W2014133619,14337851,Q1,,1,1,Q1,Q1,Q1,1,1,1,1,Q1,1,1,1,1,Q1,1,1,1,1,1
https://openalex.org/W2014145746,10619348,Q4,,4,4,Q4,Q4,Q4,0,4,0,0,Q4,0,4,0,0,Q4,0,4,0,0,0
https://openalex.org/W2014149177,00219592,Q2,,3,3,Q3,Q3,Q2,0,2,1,1,Q3,0,3,0,1,Q3,0,3,0,1,0
https://openalex.org/W2014165731,01694243,Q2,,2,2,Q2,Q2,Q2,0,2,1,1,Q2,0,2,1,1,Q2,0,2,1,1,0
https://openalex.org/W2014167483,00220248,Q1,,2,2,Q2,Q2,Q1,1,1,1,1,Q2,0,2,1,1,Q2,0,2,1,1,1
https://openalex.org/W2014181640,00092665,Q1,,1,1,Q1,Q1,Q1,1,1,1,1,Q1,1,1,1,1,Q1,1,1,1,1,1
https://openalex.org/W2014206463,09277757,-,,5,5,Unranked,Unranked,Unranked,0,5,0,0,Unranked,0,5,0,0,Unranked,0,5,0,0,0
https://openalex.org/W2014223910,14639076,Q1,,1,1,Q1,Q1,Q1,1,1,1,1,Q1,1,1,1,1,Q1,1,1,1,1,1
https://openalex.org/W2014225055,02578972,Q1,,1,1,Q1,Q1,Q1,1,1,1,1,Q1,1,1,1,1,Q1,1,1,1,1,1
https://openalex.org/W2014243906,02578972,Q1,,1,1,Q1,Q1,Q1,1,1,1,1,Q1,1,1,1,1,Q1,1,1,1,1,1
https://openalex.org/W2014248799,02767333,Q1,,1,1,Q1,Q1,Q1,1,1,1,1,Q1,1,1,1,1,Q1,1,1,1,1,1
https://openalex.org/W2014316218,15237052,Q1,,1,1,Q1,Q1,Q1,1,1,1,1,Q1,1,1,1,1,Q1,1,1,1,1,1
https://openalex.org/W2014321982,00218561,Q1,,1,1,Q1,Q1,Q1,1,1,1,1,Q1,1,1,1,1,Q1,1,1,1,1,1
https://openalex.org/W2014348570,00218995,Q1,,2,2,Q2,Q2,Q1,1,1,1,1,Q2,0,2,1,1,Q2,0,2,1,1,1
https://openalex.org/W2014364888,00027863,Q1,,1,1,Q1,Q1,Q1,1,1,1,1,Q1,1,1,1,1,Q1,1,1,1,1,1
https://openalex.org/W2014371488,00219673,Q1,,1,1,Q1,Q1,Q1,1,1,1,1,Q1,1,1,1,1,Q1,1,1,1,1,1
https://openalex.org/W2014386371,00218561,Q1,,1,1,Q1,Q1,Q1,1,1,1,1,Q1,1,1,1,1,Q1,1,1,1,1,1
https://openalex.org/W2014393246,00218995,Q1,,2,2,Q2,Q2,Q1,1,1,1,1,Q2,0,2,1,1,Q2,0,2,1,1,1
https://openalex.org/W2014403482,15700232,Q2,,1,1,Q1,Q1,Q2,0,2,1,1,Q1,1,1,1,1,Q1,1,1,1,1,0
https://openalex.org/W2014446124,00218561,Q1,,1,1,Q1,Q1,Q1,1,1,1,1,Q1,1,1,1,1,Q1,1,1,1,1,1
https://openalex.org/W2014449612,00027863,Q1,,1,1,Q1,Q1,Q1,1,1,1,1,Q1,1,1,1,1,Q1,1,1,1,1,1
https://openalex.org/W2014496335,02321300,Q2,,2,2,Q2,Q2,Q2,0,2,1,1,Q2,0,2,1,1,Q2,0,2,1,1,0
https://openalex.org/W2014497447,02365731,Q3,,3,3,Q3,Q3,Q3,0,3,0,1,Q3,0,3,0,1,Q3,0,3,0,1,0
https://openalex.org/W2014508375,00219673,Q1,,1,1,Q1,Q1,Q1,1,1,1,1,Q1,1,1,1,1,Q1,1,1,1,1,1
https://openalex.org/W2014509058,00134651,Q1,,1,1,Q1,Q1,Q1,1,1,1,1,Q1,1,1,1,1,Q1,1,1,1,1,1
https://openalex.org/W2014515159,00086223,Q1,,1,1,Q1,Q1,Q1,1,1,1,1,Q1,1,1,1,1,Q1,1,1,1,1,1
https://openalex.org/W2014517777,03667022,Q2,,2,2,Q2,Q2,Q2,0,2,1,1,Q2,0,2,1,1,Q2,0,2,1,1,0
https://openalex.org/W2014542656,02561115,Q2,,2,2,Q2,Q2,Q2,0,2,1,1,Q2,0,2,1,1,Q2,0,2,1,1,0
https://openalex.org/W2014543836,14337851,Q1,,1,1,Q1,Q1,Q1,1,1,1,1,Q1,1,1,1,1,Q1,1,1,1,1,1
https://openalex.org/W2014552644,03088146,Q1,,1,1,Q1,Q1,Q1,1,1,1,1,Q1,1,1,1,1,Q1,1,1,1,1,1
https://openalex.org/W2014581477,00201669,Q1,,1,1,Q1,Q1,Q1,1,1,1,1,Q1,1,1,1,1,Q1,1,1,1,1,1
https://openalex.org/W2014609500,15237052,Q1,,1,1,Q1,Q1,Q1,1,1,1,1,Q1,1,1,1,1,Q1,1,1,1,1,1
https://openalex.org/W2014621858,02578972,Q1,,1,1,Q1,Q1,Q1,1,1,1,1,Q1,1,1,1,1,Q1,1,1,1,1,1
https://openalex.org/W2014676200,00221139,Q2,,2,2,Q2,Q2,Q2,0,2,1,1,Q2,0,2,1,1,Q2,0,2,1,1,0
https://openalex.org/W2014756993,09205861,Q1,,1,1,Q1,Q1,Q1,1,1,1,1,Q1,1,1,1,1,Q1,1,1,1,1,1
https://openalex.org/W2014766586,09669795,Q1,,1,1,Q1,Q1,Q1,1,1,1,1,Q1,1,1,1,1,Q1,1,1,1,1,1
https://openalex.org/W2014787265,00222860,Q2,,3,3,Q3,Q3,Q2,0,2,1,1,Q3,0,3,0,1,Q3,0,3,0,1,0
https://openalex.org/W2014803687,08926875,Q2,,1,1,Q1,Q1,Q2,0,2,1,1,Q1,1,1,1,1,Q1,1,1,1,1,0
https://openalex.org/W2014836335,10703284,Q4,,3,3,Q3,Q3,Q4,0,4,0,0,Q3,0,3,0,1,Q3,0,3,0,1,0
https://openalex.org/W2014861260,00027863,Q1,,1,1,Q1,Q1,Q1,1,1,1,1,Q1,1,1,1,1,Q1,1,1,1,1,1
https://openalex.org/W2014903806,00134651,Q1,,1,1,Q1,Q1,Q1,1,1,1,1,Q1,1,1,1,1,Q1,1,1,1,1,1
https://openalex.org/W2014923099,15237052,Q1,,1,1,Q1,Q1,Q1,1,1,1,1,Q1,1,1,1,1,Q1,1,1,1,1,1
https://openalex.org/W2014925260,00032670,Q1,,1,1,Q1,Q1,Q1,1,1,1,1,Q1,1,1,1,1,Q1,1,1,1,1,1
https://openalex.org/W2014934901,00218561,Q1,,1,1,Q1,Q1,Q1,1,1,1,1,Q1,1,1,1,1,Q1,1,1,1,1,1
https://openalex.org/W2014958207,15237052,Q1,,1,1,Q1,Q1,Q1,1,1,1,1,Q1,1,1,1,1,Q1,1,1,1,1,1
https://openalex.org/W2014977380,02578972,Q1,,1,1,Q1,Q1,Q1,1,1,1,1,Q1,1,1,1,1,Q1,1,1,1,1,1
https://openalex.org/W2015011487,00389056,Q2,,2,2,Q2,Q2,Q2,0,2,1,1,Q2,0,2,1,1,Q2,0,2,1,1,0
https://openalex.org/W2015085748,10990062,Q1,,1,1,Q1,Q1,Q1,1,1,1,1,Q1,1,1,1,1,Q1,1,1,1,1,1
https://openalex.org/W2015095389,01633864,Q1,,1,1,Q1,Q1,Q1,1,1,1,1,Q1,1,1,1,1,Q1,1,1,1,1,1
https://openalex.org/W2015104986,00032670,Q1,,1,1,Q1,Q1,Q1,1,1,1,1,Q1,1,1,1,1,Q1,1,1,1,1,1
https://openalex.org/W2015105708,09205861,Q1,,1,1,Q1,Q1,Q1,1,1,1,1,Q1,1,1,1,1,Q1,1,1,1,1,1
https://openalex.org/W2015169454,01694332,-,,5,5,Unranked,Unranked,Unranked,0,5,0,0,Unranked,0,5,0,0,Unranked,0,5,0,0,0
https://openalex.org/W2015180548,01730835,Q1,,1,1,Q1,Q1,Q1,1,1,1,1,Q1,1,1,1,1,Q1,1,1,1,1,1
https://openalex.org/W2015183263,08927022,Q2,,2,2,Q2,Q2,Q2,0,2,1,1,Q2,0,2,1,1,Q2,0,2,1,1,0
https://openalex.org/W2015184455,0887624X,Q1,,1,1,Q1,Q1,Q1,1,1,1,1,Q1,1,1,1,1,Q1,1,1,1,1,1
https://openalex.org/W2015212044,03767388,Q1,,1,1,Q1,Q1,Q1,1,1,1,1,Q1,1,1,1,1,Q1,1,1,1,1,1
https://openalex.org/W2015214461,15204766,-,,5,5,Unranked,Unranked,Unranked,0,5,0,0,Unranked,0,5,0,0,Unranked,0,5,0,0,0
https://openalex.org/W2015229924,00404020,Q1,,1,1,Q1,Q1,Q1,1,1,1,1,Q1,1,1,1,1,Q1,1,1,1,1,1
https://openalex.org/W2015236140,00218561,Q1,,1,1,Q1,Q1,Q1,1,1,1,1,Q1,1,1,1,1,Q1,1,1,1,1,1
https://openalex.org/W2015282866,03088146,Q1,,1,1,Q1,Q1,Q1,1,1,1,1,Q1,1,1,1,1,Q1,1,1,1,1,1
https://openalex.org/W2015351570,08885885,Q1,,1,1,Q1,Q1,Q1,1,1,1,1,Q1,1,1,1,1,Q1,1,1,1,1,1
https://openalex.org/W2015358297,13886150,Q3,,3,3,Q3,Q3,Q3,0,3,0,1,Q3,0,3,0,1,Q3,0,3,0,1,0
https://openalex.org/W2015385342,00399140,Q1,,1,1,Q1,Q1,Q1,1,1,1,1,Q1,1,1,1,1,Q1,1,1,1,1,1
https://openalex.org/W2015430514,15306984,Q1,,1,1,Q1,Q1,Q1,1,1,1,1,Q1,1,1,1,1,Q1,1,1,1,1,1
https://openalex.org/W2015472715,00218995,Q1,,2,2,Q2,Q2,Q1,1,1,1,1,Q2,0,2,1,1,Q2,0,2,1,1,1
https://openalex.org/W2015490519,0265203X,Q1,,1,3,Q1,Q3,Q1,1,1,1,1,Q1,1,1,1,1,Q3,0,3,0,1,1
https://openalex.org/W2015502961,00086223,Q1,,1,1,Q1,Q1,Q1,1,1,1,1,Q1,1,1,1,1,Q1,1,1,1,1,1
https://openalex.org/W2015523107,00219673,Q1,,1,1,Q1,Q1,Q1,1,1,1,1,Q1,1,1,1,1,Q1,1,1,1,1,1
https://openalex.org/W2015545016,0022328X,Q1,,2,2,Q2,Q2,Q1,1,1,1,1,Q2,0,2,1,1,Q2,0,2,1,1,1
https://openalex.org/W2015585119,00304018,Q1,,2,2,Q2,Q2,Q1,1,1,1,1,Q2,0,2,1,1,Q2,0,2,1,1,1
https://openalex.org/W2015590136,01633864,Q1,,1,1,Q1,Q1,Q1,1,1,1,1,Q1,1,1,1,1,Q1,1,1,1,1,1
https://openalex.org/W2015601654,08885885,Q1,,1,1,Q1,Q1,Q1,1,1,1,1,Q1,1,1,1,1,Q1,1,1,1,1,1
https://openalex.org/W2015607796,09254005,-,,5,5,Unranked,Unranked,Unranked,0,5,0,0,Unranked,0,5,0,0,Unranked,0,5,0,0,0
https://openalex.org/W2015621017,00092673,Q1,,1,1,Q1,Q1,Q1,1,1,1,1,Q1,1,1,1,1,Q1,1,1,1,1,1
https://openalex.org/W2015627673,07373937,Q3,,2,2,Q2,Q2,Q3,0,3,0,1,Q2,0,2,1,1,Q2,0,2,1,1,0
https://openalex.org/W2015638581,01633864,Q1,,1,1,Q1,Q1,Q1,1,1,1,1,Q1,1,1,1,1,Q1,1,1,1,1,1
https://openalex.org/W2015665153,0013936X,Q1,,1,1,Q1,Q1,Q1,1,1,1,1,Q1,1,1,1,1,Q1,1,1,1,1,1
https://openalex.org/W2015679926,09669795,Q1,,1,1,Q1,Q1,Q1,1,1,1,1,Q1,1,1,1,1,Q1,1,1,1,1,1
https://openalex.org/W2015700392,00119164,Q1,,1,1,Q1,Q1,Q1,1,1,1,1,Q1,1,1,1,1,Q1,1,1,1,1,1
https://openalex.org/W2015711160,09106340,Q3,,2,2,Q2,Q2,Q3,0,3,0,1,Q2,0,2,1,1,Q2,0,2,1,1,0
https://openalex.org/W2015734357,00119164,Q1,,1,1,Q1,Q1,Q1,1,1,1,1,Q1,1,1,1,1,Q1,1,1,1,1,1
https://openalex.org/W2015741311,02767333,Q1,,1,1,Q1,Q1,Q1,1,1,1,1,Q1,1,1,1,1,Q1,1,1,1,1,1
https://openalex.org/W2015741427,00220248,Q1,,2,2,Q2,Q2,Q1,1,1,1,1,Q2,0,2,1,1,Q2,0,2,1,1,1
https://openalex.org/W2015750270,07317085,Q2,,1,1,Q1,Q1,Q2,0,2,1,1,Q1,1,1,1,1,Q1,1,1,1,1,0
https://openalex.org/W2015755847,00224073,Q2,,2,2,Q2,Q2,Q2,0,2,1,1,Q2,0,2,1,1,Q2,0,2,1,1,0
https://openalex.org/W2015772462,00399140,Q1,,1,1,Q1,Q1,Q1,1,1,1,1,Q1,1,1,1,1,Q1,1,1,1,1,1
https://openalex.org/W2015787350,00218561,Q1,,1,1,Q1,Q1,Q1,1,1,1,1,Q1,1,1,1,1,Q1,1,1,1,1,1
https://openalex.org/W2015812815,03667022,Q2,,2,2,Q2,Q2,Q2,0,2,1,1,Q2,0,2,1,1,Q2,0,2,1,1,0
https://openalex.org/W2015818247,10895639,Q1,,1,1,Q1,Q1,Q1,1,1,1,1,Q1,1,1,1,1,Q1,1,1,1,1,1
https://openalex.org/W2015838868,07491581,Q2,,2,2,Q2,Q2,Q2,0,2,1,1,Q2,0,2,1,1,Q2,0,2,1,1,0
https://openalex.org/W2015841785,03787753,Q1,,1,1,Q1,Q1,Q1,1,1,1,1,Q1,1,1,1,1,Q1,1,1,1,1,1
https://openalex.org/W2015872659,09280707,Q1,,2,2,Q2,Q2,Q1,1,1,1,1,Q2,0,2,1,1,Q2,0,2,1,1,1
https://openalex.org/W2015890386,10916466,Q2,,3,3,Q3,Q3,Q2,0,2,1,1,Q3,0,3,0,1,Q3,0,3,0,1,0
https://openalex.org/W2015899720,14387697,Q2,,2,2,Q2,Q2,Q2,0,2,1,1,Q2,0,2,1,1,Q2,0,2,1,1,0
https://openalex.org/W2015944316,10916466,Q2,,3,3,Q3,Q3,Q2,0,2,1,1,Q3,0,3,0,1,Q3,0,3,0,1,0
https://openalex.org/W2015963747,09168451,Q3,,2,2,Q2,Q2,Q3,0,3,0,1,Q2,0,2,1,1,Q2,0,2,1,1,0
https://openalex.org/W2016015513,00220248,Q1,,2,2,Q2,Q2,Q1,1,1,1,1,Q2,0,2,1,1,Q2,0,2,1,1,1
https://openalex.org/W2016075951,14337851,Q1,,1,1,Q1,Q1,Q1,1,1,1,1,Q1,1,1,1,1,Q1,1,1,1,1,1
https://openalex.org/W2016079332,01633864,Q1,,1,1,Q1,Q1,Q1,1,1,1,1,Q1,1,1,1,1,Q1,1,1,1,1,1
https://openalex.org/W2016104520,15667367,Q1,,1,1,Q1,Q1,Q1,1,1,1,1,Q1,1,1,1,1,Q1,1,1,1,1,1
https://openalex.org/W2016106530,10836160,Q2,,1,1,Q1,Q1,Q2,0,2,1,1,Q1,1,1,1,1,Q1,1,1,1,1,0
https://openalex.org/W2016106683,00094536,Q3,,3,3,Q3,Q3,Q3,0,3,0,1,Q3,0,3,0,1,Q3,0,3,0,1,0
https://openalex.org/W2016107312,13835866,Q1,,1,1,Q1,Q1,Q1,1,1,1,1,Q1,1,1,1,1,Q1,1,1,1,1,1
https://openalex.org/W2016128561,00399140,Q1,,1,1,Q1,Q1,Q1,1,1,1,1,Q1,1,1,1,1,Q1,1,1,1,1,1
https://openalex.org/W2016132541,09574166,Q1,,1,1,Q1,Q1,Q1,1,1,1,1,Q1,1,1,1,1,Q1,1,1,1,1,1
https://openalex.org/W2016138645,09660844,-,,5,5,Unranked,Unranked,Unranked,0,5,0,0,Unranked,0,5,0,0,Unranked,0,5,0,0,0
https://openalex.org/W2016156814,00219568,Q1,,1,1,Q1,Q1,Q1,1,1,1,1,Q1,1,1,1,1,Q1,1,1,1,1,1
https://openalex.org/W2016210064,01633864,Q1,,1,1,Q1,Q1,Q1,1,1,1,1,Q1,1,1,1,1,Q1,1,1,1,1,1
https://openalex.org/W2016271890,09106340,Q3,,2,2,Q2,Q2,Q3,0,3,0,1,Q2,0,2,1,1,Q2,0,2,1,1,0
https://openalex.org/W2016278206,09259635,Q1,,1,1,Q1,Q1,Q1,1,1,1,1,Q1,1,1,1,1,Q1,1,1,1,1,1
https://openalex.org/W2016298168,03088146,Q1,,1,1,Q1,Q1,Q1,1,1,1,1,Q1,1,1,1,1,Q1,1,1,1,1,1
https://openalex.org/W2016324008,00032654,Q1,,1,1,Q1,Q1,Q1,1,1,1,1,Q1,1,1,1,1,Q1,1,1,1,1,1
https://openalex.org/W2016351864,09478396,Q1,,1,1,Q1,Q1,Q1,1,1,1,1,Q1,1,1,1,1,Q1,1,1,1,1,1
https://openalex.org/W2016379859,00218561,Q1,,1,1,Q1,Q1,Q1,1,1,1,1,Q1,1,1,1,1,Q1,1,1,1,1,1
https://openalex.org/W2016408834,00223263,Q1,,1,1,Q1,Q1,Q1,1,1,1,1,Q1,1,1,1,1,Q1,1,1,1,1,1
https://openalex.org/W2016413989,00032700,Q1,,1,1,Q1,Q1,Q1,1,1,1,1,Q1,1,1,1,1,Q1,1,1,1,1,1
https://openalex.org/W2016427006,00249297,Q1,,1,1,Q1,Q1,Q1,1,1,1,1,Q1,1,1,1,1,Q1,1,1,1,1,1
https://openalex.org/W2016452188,00162361,Q1,,1,1,Q1,Q1,Q1,1,1,1,1,Q1,1,1,1,1,Q1,1,1,1,1,1
https://openalex.org/W2016457523,08974756,Q1,,1,1,Q1,Q1,Q1,1,1,1,1,Q1,1,1,1,1,Q1,1,1,1,1,1
https://openalex.org/W2016463288,08974756,Q1,,1,1,Q1,Q1,Q1,1,1,1,1,Q1,1,1,1,1,Q1,1,1,1,1,1
https://openalex.org/W2016506481,07248741,Q1,,1,1,Q1,Q1,Q1,1,1,1,1,Q1,1,1,1,1,Q1,1,1,1,1,1
https://openalex.org/W2016510437,14382377,Q1,,1,1,Q1,Q1,Q1,1,1,1,1,Q1,1,1,1,1,Q1,1,1,1,1,1
https://openalex.org/W2016515037,00218561,Q1,,1,1,Q1,Q1,Q1,1,1,1,1,Q1,1,1,1,1,Q1,1,1,1,1,1
https://openalex.org/W2016516069,00220248,Q1,,2,2,Q2,Q2,Q1,1,1,1,1,Q2,0,2,1,1,Q2,0,2,1,1,1
https://openalex.org/W2016542167,00027863,Q1,,1,1,Q1,Q1,Q1,1,1,1,1,Q1,1,1,1,1,Q1,1,1,1,1,1
https://openalex.org/W2016632602,14382377,Q1,,1,1,Q1,Q1,Q1,1,1,1,1,Q1,1,1,1,1,Q1,1,1,1,1,1
https://openalex.org/W2016640328,00399140,Q1,,1,1,Q1,Q1,Q1,1,1,1,1,Q1,1,1,1,1,Q1,1,1,1,1,1
https://openalex.org/W2016663571,08885885,Q1,,1,1,Q1,Q1,Q1,1,1,1,1,Q1,1,1,1,1,Q1,1,1,1,1,1
https://openalex.org/W2016671269,00399140,Q1,,1,1,Q1,Q1,Q1,1,1,1,1,Q1,1,1,1,1,Q1,1,1,1,1,1
https://openalex.org/W2016672611,00220248,Q1,,2,2,Q2,Q2,Q1,1,1,1,1,Q2,0,2,1,1,Q2,0,2,1,1,1
https://openalex.org/W2016672751,0026265X,Q2,,2,2,Q2,Q2,Q2,0,2,1,1,Q2,0,2,1,1,Q2,0,2,1,1,0
https://openalex.org/W2016675611,00218995,Q1,,2,2,Q2,Q2,Q1,1,1,1,1,Q2,0,2,1,1,Q2,0,2,1,1,1
https://openalex.org/W2016760520,15237052,Q1,,1,1,Q1,Q1,Q1,1,1,1,1,Q1,1,1,1,1,Q1,1,1,1,1,1
https://openalex.org/W2016785432,07437463,Q1,,1,1,Q1,Q1,Q1,1,1,1,1,Q1,1,1,1,1,Q1,1,1,1,1,1
https://openalex.org/W2016822999,00223263,Q1,,1,1,Q1,Q1,Q1,1,1,1,1,Q1,1,1,1,1,Q1,1,1,1,1,1
https://openalex.org/W2016826118,00406031,Q3,,2,2,Q2,Q2,Q3,0,3,0,1,Q2,0,2,1,1,Q2,0,2,1,1,0
https://openalex.org/W2016831259,00218995,Q1,,2,2,Q2,Q2,Q1,1,1,1,1,Q2,0,2,1,1,Q2,0,2,1,1,1
https://openalex.org/W2016904143,07317085,Q2,,1,1,Q1,Q1,Q2,0,2,1,1,Q1,1,1,1,1,Q1,1,1,1,1,0
https://openalex.org/W2016927051,00219568,Q1,,1,1,Q1,Q1,Q1,1,1,1,1,Q1,1,1,1,1,Q1,1,1,1,1,1
https://openalex.org/W2016931985,07491581,Q2,,2,2,Q2,Q2,Q2,0,2,1,1,Q2,0,2,1,1,Q2,0,2,1,1,0
https://openalex.org/W2016936832,07317085,Q2,,1,1,Q1,Q1,Q2,0,2,1,1,Q1,1,1,1,1,Q1,1,1,1,1,0
https://openalex.org/W2016962159,00219673,Q1,,1,1,Q1,Q1,Q1,1,1,1,1,Q1,1,1,1,1,Q1,1,1,1,1,1
https://openalex.org/W2016975467,00092509,Q1,,1,1,Q1,Q1,Q1,1,1,1,1,Q1,1,1,1,1,Q1,1,1,1,1,1
https://openalex.org/W2016995783,13858947,Q1,,1,1,Q1,Q1,Q1,1,1,1,1,Q1,1,1,1,1,Q1,1,1,1,1,1
https://openalex.org/W2016997624,15237052,Q1,,1,1,Q1,Q1,Q1,1,1,1,1,Q1,1,1,1,1,Q1,1,1,1,1,1
https://openalex.org/W2017014046,09574166,Q1,,1,1,Q1,Q1,Q1,1,1,1,1,Q1,1,1,1,1,Q1,1,1,1,1,1
https://openalex.org/W2017099665,0013936X,Q1,,1,1,Q1,Q1,Q1,1,1,1,1,Q1,1,1,1,1,Q1,1,1,1,1,1
https://openalex.org/W2017104125,09394451,Q2,,2,2,Q2,Q2,Q2,0,2,1,1,Q2,0,2,1,1,Q2,0,2,1,1,0
https://openalex.org/W2017123770,03770486,Q2,,1,1,Q1,Q1,Q2,0,2,1,1,Q1,1,1,1,1,Q1,1,1,1,1,0
https://openalex.org/W2017128193,03088146,Q1,,1,1,Q1,Q1,Q1,1,1,1,1,Q1,1,1,1,1,Q1,1,1,1,1,1
https://openalex.org/W2017148570,10752617,Q3,,2,2,Q2,Q2,Q3,0,3,0,1,Q2,0,2,1,1,Q2,0,2,1,1,0
https://openalex.org/W2017152928,0013936X,Q1,,1,1,Q1,Q1,Q1,1,1,1,1,Q1,1,1,1,1,Q1,1,1,1,1,1
https://openalex.org/W2017173737,02365731,Q3,,3,3,Q3,Q3,Q3,0,3,0,1,Q3,0,3,0,1,Q3,0,3,0,1,0
https://openalex.org/W2017220973,14382377,Q1,,1,1,Q1,Q1,Q1,1,1,1,1,Q1,1,1,1,1,Q1,1,1,1,1,1
https://openalex.org/W2017253678,14328488,Q2,,2,2,Q2,Q2,Q2,0,2,1,1,Q2,0,2,1,1,Q2,0,2,1,1,0
https://openalex.org/W2017267919,00219673,Q1,,1,1,Q1,Q1,Q1,1,1,1,1,Q1,1,1,1,1,Q1,1,1,1,1,1
https://openalex.org/W2017409477,14723581,Q1,,2,2,Q2,Q2,Q1,1,1,1,1,Q2,0,2,1,1,Q2,0,2,1,1,1
https://openalex.org/W2017410721,09574484,Q1,,1,1,Q1,Q1,Q1,1,1,1,1,Q1,1,1,1,1,Q1,1,1,1,1,1
https://openalex.org/W2017499919,00219568,Q1,,1,1,Q1,Q1,Q1,1,1,1,1,Q1,1,1,1,1,Q1,1,1,1,1,1
https://openalex.org/W2017516774,00221139,Q2,,2,2,Q2,Q2,Q2,0,2,1,1,Q2,0,2,1,1,Q2,0,2,1,1,0
https://openalex.org/W2017518807,00218561,Q1,,1,1,Q1,Q1,Q1,1,1,1,1,Q1,1,1,1,1,Q1,1,1,1,1,1
https://openalex.org/W2017524657,09106340,Q3,,2,2,Q2,Q2,Q3,0,3,0,1,Q2,0,2,1,1,Q2,0,2,1,1,0
https://openalex.org/W2017552275,02552701,Q2,,1,1,Q1,Q1,Q2,0,2,1,1,Q1,1,1,1,1,Q1,1,1,1,1,0
https://openalex.org/W2017569796,09106340,Q3,,2,2,Q2,Q2,Q3,0,3,0,1,Q2,0,2,1,1,Q2,0,2,1,1,0
https://openalex.org/W2017574125,00219673,Q1,,1,1,Q1,Q1,Q1,1,1,1,1,Q1,1,1,1,1,Q1,1,1,1,1,1
https://openalex.org/W2017583868,00224596,Q2,,2,2,Q2,Q2,Q2,0,2,1,1,Q2,0,2,1,1,Q2,0,2,1,1,0
https://openalex.org/W2017585730,03088146,Q1,,1,1,Q1,Q1,Q1,1,1,1,1,Q1,1,1,1,1,Q1,1,1,1,1,1
https://openalex.org/W2017626666,00218995,Q1,,2,2,Q2,Q2,Q1,1,1,1,1,Q2,0,2,1,1,Q2,0,2,1,1,1
https://openalex.org/W2017659987,07317085,Q2,,1,1,Q1,Q1,Q2,0,2,1,1,Q1,1,1,1,1,Q1,1,1,1,1,0
https://openalex.org/W2017671445,00086223,Q1,,1,1,Q1,Q1,Q1,1,1,1,1,Q1,1,1,1,1,Q1,1,1,1,1,1
https://openalex.org/W2017705349,00224596,Q2,,2,2,Q2,Q2,Q2,0,2,1,1,Q2,0,2,1,1,Q2,0,2,1,1,0
https://openalex.org/W2017766517,00218561,Q1,,1,1,Q1,Q1,Q1,1,1,1,1,Q1,1,1,1,1,Q1,1,1,1,1,1
https://openalex.org/W2017772521,14382377,Q1,,1,1,Q1,Q1,Q1,1,1,1,1,Q1,1,1,1,1,Q1,1,1,1,1,1
https://openalex.org/W2017773564,00222852,Q2,,2,2,Q2,Q2,Q2,0,2,1,1,Q2,0,2,1,1,Q2,0,2,1,1,0
https://openalex.org/W2017777122,16182642,Q2,,1,1,Q1,Q1,Q2,0,2,1,1,Q1,1,1,1,1,Q1,1,1,1,1,0
https://openalex.org/W2017777820,03667022,Q2,,2,2,Q2,Q2,Q2,0,2,1,1,Q2,0,2,1,1,Q2,0,2,1,1,0
https://openalex.org/W2017806709,00219517,Q1,,1,1,Q1,Q1,Q1,1,1,1,1,Q1,1,1,1,1,Q1,1,1,1,1,1
https://openalex.org/W2017840224,09254005,-,,5,5,Unranked,Unranked,Unranked,0,5,0,0,Unranked,0,5,0,0,Unranked,0,5,0,0,0
https://openalex.org/W2017852426,09254005,-,,5,5,Unranked,Unranked,Unranked,0,5,0,0,Unranked,0,5,0,0,Unranked,0,5,0,0,0
https://openalex.org/W2017864613,1011372X,Q1,,1,1,Q1,Q1,Q1,1,1,1,1,Q1,1,1,1,1,Q1,1,1,1,1,1
https://openalex.org/W2017866598,00389056,Q2,,2,2,Q2,Q2,Q2,0,2,1,1,Q2,0,2,1,1,Q2,0,2,1,1,0
https://openalex.org/W2017872760,08926875,Q2,,1,1,Q1,Q1,Q2,0,2,1,1,Q1,1,1,1,1,Q1,1,1,1,1,0
https://openalex.org/W2017920591,08990042,Q2,,2,2,Q2,Q2,Q2,0,2,1,1,Q2,0,2,1,1,Q2,0,2,1,1,0
https://openalex.org/W2017927626,00249297,Q1,,1,1,Q1,Q1,Q1,1,1,1,1,Q1,1,1,1,1,Q1,1,1,1,1,1
https://openalex.org/W2017940216,02578972,Q1,,1,1,Q1,Q1,Q1,1,1,1,1,Q1,1,1,1,1,Q1,1,1,1,1,1
https://openalex.org/W2017967937,14337851,Q1,,1,1,Q1,Q1,Q1,1,1,1,1,Q1,1,1,1,1,Q1,1,1,1,1,1
https://openalex.org/W2017977070,13858947,Q1,,1,1,Q1,Q1,Q1,1,1,1,1,Q1,1,1,1,1,Q1,1,1,1,1,1
https://openalex.org/W2018036993,10619348,Q4,,4,4,Q4,Q4,Q4,0,4,0,0,Q4,0,4,0,0,Q4,0,4,0,0,0
https://openalex.org/W2018057438,13815148,Q1,,1,1,Q1,Q1,Q1,1,1,1,1,Q1,1,1,1,1,Q1,1,1,1,1,1
https://openalex.org/W2018064283,00218995,Q1,,2,2,Q2,Q2,Q1,1,1,1,1,Q2,0,2,1,1,Q2,0,2,1,1,1
https://openalex.org/W2018104303,00224596,Q2,,2,2,Q2,Q2,Q2,0,2,1,1,Q2,0,2,1,1,Q2,0,2,1,1,0
https://openalex.org/W2018118724,02578972,Q1,,1,1,Q1,Q1,Q1,1,1,1,1,Q1,1,1,1,1,Q1,1,1,1,1,1
https://openalex.org/W2018134444,09582118,Q4,,4,4,Q4,Q4,Q4,0,4,0,0,Q4,0,4,0,0,Q4,0,4,0,0,0
https://openalex.org/W2018152340,02578972,Q1,,1,1,Q1,Q1,Q1,1,1,1,1,Q1,1,1,1,1,Q1,1,1,1,1,1
https://openalex.org/W2018153443,00084042,Q2,,2,2,Q2,Q2,Q2,0,2,1,1,Q2,0,2,1,1,Q2,0,2,1,1,0
https://openalex.org/W2018158184,00456535,Q1,,1,1,Q1,Q1,Q1,1,1,1,1,Q1,1,1,1,1,Q1,1,1,1,1,1
https://openalex.org/W2018176546,00032670,Q1,,1,1,Q1,Q1,Q1,1,1,1,1,Q1,1,1,1,1,Q1,1,1,1,1,1
https://openalex.org/W2018180565,01694332,-,,5,5,Unranked,Unranked,Unranked,0,5,0,0,Unranked,0,5,0,0,Unranked,0,5,0,0,0
https://openalex.org/W2018182802,00381098,Q1,,1,1,Q1,Q1,Q1,1,1,1,1,Q1,1,1,1,1,Q1,1,1,1,1,1
https://openalex.org/W2018199451,15700232,Q2,,1,1,Q1,Q1,Q2,0,2,1,1,Q1,1,1,1,1,Q1,1,1,1,1,0
https://openalex.org/W2018199533,00456535,Q1,,1,1,Q1,Q1,Q1,1,1,1,1,Q1,1,1,1,1,Q1,1,1,1,1,1
https://openalex.org/W2018219757,00032700,Q1,,1,1,Q1,Q1,Q1,1,1,1,1,Q1,1,1,1,1,Q1,1,1,1,1,1
https://openalex.org/W2018258729,03014622,Q1,,2,2,Q2,Q2,Q1,1,1,1,1,Q2,0,2,1,1,Q2,0,2,1,1,1
https://openalex.org/W2018265635,00162361,Q1,,1,1,Q1,Q1,Q1,1,1,1,1,Q1,1,1,1,1,Q1,1,1,1,1,1
https://openalex.org/W2018275106,09565663,Q1,,1,1,Q1,Q1,Q1,1,1,1,1,Q1,1,1,1,1,Q1,1,1,1,1,1
https://openalex.org/W2018278001,09254005,-,,5,5,Unranked,Unranked,Unranked,0,5,0,0,Unranked,0,5,0,0,Unranked,0,5,0,0,0
https://openalex.org/W2018304996,01652370,Q1,,1,1,Q1,Q1,Q1,1,1,1,1,Q1,1,1,1,1,Q1,1,1,1,1,1
https://openalex.org/W2018311700,13873806,Q1,,2,2,Q2,Q2,Q1,1,1,1,1,Q2,0,2,1,1,Q2,0,2,1,1,1
https://openalex.org/W2018320987,14786419,Q3,,3,3,Q3,Q3,Q3,0,3,0,1,Q3,0,3,0,1,Q3,0,3,0,1,0
https://openalex.org/W2018354110,15205207,Q1,,1,1,Q1,Q1,Q1,1,1,1,1,Q1,1,1,1,1,Q1,1,1,1,1,1
https://openalex.org/W2018399114,09277757,-,,5,5,Unranked,Unranked,Unranked,0,5,0,0,Unranked,0,5,0,0,Unranked,0,5,0,0,0
https://openalex.org/W2018408061,00456535,Q1,,1,1,Q1,Q1,Q1,1,1,1,1,Q1,1,1,1,1,Q1,1,1,1,1,1
https://openalex.org/W2018434288,00119164,Q1,,1,1,Q1,Q1,Q1,1,1,1,1,Q1,1,1,1,1,Q1,1,1,1,1,1
https://openalex.org/W2018482540,15237052,Q1,,1,1,Q1,Q1,Q1,1,1,1,1,Q1,1,1,1,1,Q1,1,1,1,1,1
https://openalex.org/W2018520386,00397911,Q3,,3,3,Q3,Q3,Q3,0,3,0,1,Q3,0,3,0,1,Q3,0,3,0,1,0
https://openalex.org/W2018532299,15723887,Q3,,3,3,Q3,Q3,Q3,0,3,0,1,Q3,0,3,0,1,Q3,0,3,0,1,0
https://openalex.org/W2018566526,09574484,Q1,,1,1,Q1,Q1,Q1,1,1,1,1,Q1,1,1,1,1,Q1,1,1,1,1,1
https://openalex.org/W2018575911,08885885,Q1,,1,1,Q1,Q1,Q1,1,1,1,1,Q1,1,1,1,1,Q1,1,1,1,1,1
https://openalex.org/W2018582824,10225528,Q1,,1,1,Q1,Q1,Q1,1,1,1,1,Q1,1,1,1,1,Q1,1,1,1,1,1
https://openalex.org/W2018588731,00218995,Q1,,2,2,Q2,Q2,Q1,1,1,1,1,Q2,0,2,1,1,Q2,0,2,1,1,1
https://openalex.org/W2018590647,00027863,Q1,,1,1,Q1,Q1,Q1,1,1,1,1,Q1,1,1,1,1,Q1,1,1,1,1,1
https://openalex.org/W2018600328,00027863,Q1,,1,1,Q1,Q1,Q1,1,1,1,1,Q1,1,1,1,1,Q1,1,1,1,1,1
https://openalex.org/W2018602396,00405760,Q4,,3,3,Q3,Q3,Q4,0,4,0,0,Q3,0,3,0,1,Q3,0,3,0,1,0
https://openalex.org/W2018631607,09277765,Q2,,2,2,Q2,Q2,Q2,0,2,1,1,Q2,0,2,1,1,Q2,0,2,1,1,0
https://openalex.org/W2018635851,00406031,Q3,,2,2,Q2,Q2,Q3,0,3,0,1,Q2,0,2,1,1,Q2,0,2,1,1,0
https://openalex.org/W2018678583,00032670,Q1,,1,1,Q1,Q1,Q1,1,1,1,1,Q1,1,1,1,1,Q1,1,1,1,1,1
https://openalex.org/W2018680102,15700232,Q2,,1,1,Q1,Q1,Q2,0,2,1,1,Q1,1,1,1,1,Q1,1,1,1,1,0
https://openalex.org/W2018688672,0026265X,Q2,,2,2,Q2,Q2,Q2,0,2,1,1,Q2,0,2,1,1,Q2,0,2,1,1,0
https://openalex.org/W2018693337,08885885,Q1,,1,1,Q1,Q1,Q1,1,1,1,1,Q1,1,1,1,1,Q1,1,1,1,1,1
https://openalex.org/W2018711354,00032719,Q3,,3,3,Q3,Q3,Q3,0,3,0,1,Q3,0,3,0,1,Q3,0,3,0,1,0
https://openalex.org/W2018739888,15700232,Q2,,1,1,Q1,Q1,Q2,0,2,1,1,Q1,1,1,1,1,Q1,1,1,1,1,0
https://openalex.org/W2018747096,02578972,Q1,,1,1,Q1,Q1,Q1,1,1,1,1,Q1,1,1,1,1,Q1,1,1,1,1,1
https://openalex.org/W2018803765,09254005,-,,5,5,Unranked,Unranked,Unranked,0,5,0,0,Unranked,0,5,0,0,Unranked,0,5,0,0,0
https://openalex.org/W2018827160,00032700,Q1,,1,1,Q1,Q1,Q1,1,1,1,1,Q1,1,1,1,1,Q1,1,1,1,1,1
https://openalex.org/W2018831518,00399140,Q1,,1,1,Q1,Q1,Q1,1,1,1,1,Q1,1,1,1,1,Q1,1,1,1,1,1
https://openalex.org/W2018835412,10286020,Q4,,3,3,Q3,Q3,Q4,0,4,0,0,Q3,0,3,0,1,Q3,0,3,0,1,0
https://openalex.org/W2018863704,00086223,Q1,,1,1,Q1,Q1,Q1,1,1,1,1,Q1,1,1,1,1,Q1,1,1,1,1,1
https://openalex.org/W2018905100,13597345,Q1,,1,1,Q1,Q1,Q1,1,1,1,1,Q1,1,1,1,1,Q1,1,1,1,1,1
https://openalex.org/W2018924265,03787753,Q1,,1,1,Q1,Q1,Q1,1,1,1,1,Q1,1,1,1,1,Q1,1,1,1,1,1
https://openalex.org/W2018927577,00399140,Q1,,1,1,Q1,Q1,Q1,1,1,1,1,Q1,1,1,1,1,Q1,1,1,1,1,1
https://openalex.org/W2018974451,00404039,Q1,,2,2,Q2,Q2,Q1,1,1,1,1,Q2,0,2,1,1,Q2,0,2,1,1,1
https://openalex.org/W2018985418,10703284,Q4,,3,3,Q3,Q3,Q4,0,4,0,0,Q3,0,3,0,1,Q3,0,3,0,1,0
https://openalex.org/W2018992263,00221139,Q2,,2,2,Q2,Q2,Q2,0,2,1,1,Q2,0,2,1,1,Q2,0,2,1,1,0
https://openalex.org/W2018992849,02578972,Q1,,1,1,Q1,Q1,Q1,1,1,1,1,Q1,1,1,1,1,Q1,1,1,1,1,1
https://openalex.org/W2019001694,00338230,Q3,,3,3,Q3,Q3,Q3,0,3,0,1,Q3,0,3,0,1,Q3,0,3,0,1,0
https://openalex.org/W2019009433,09277757,-,,5,5,Unranked,Unranked,Unranked,0,5,0,0,Unranked,0,5,0,0,Unranked,0,5,0,0,0
https://openalex.org/W2019066182,14730189,Q1,,1,1,Q1,Q1,Q1,1,1,1,1,Q1,1,1,1,1,Q1,1,1,1,1,1
https://openalex.org/W2019068836,02679477,Q1,,1,1,Q1,Q1,Q1,1,1,1,1,Q1,1,1,1,1,Q1,1,1,1,1,1
https://openalex.org/W2019073409,0887624X,Q1,,1,1,Q1,Q1,Q1,1,1,1,1,Q1,1,1,1,1,Q1,1,1,1,1,1
https://openalex.org/W2019087579,02578972,Q1,,1,1,Q1,Q1,Q1,1,1,1,1,Q1,1,1,1,1,Q1,1,1,1,1,1
https://openalex.org/W2019111880,00219673,Q1,,1,1,Q1,Q1,Q1,1,1,1,1,Q1,1,1,1,1,Q1,1,1,1,1,1
https://openalex.org/W2019115214,15205207,Q1,,1,1,Q1,Q1,Q1,1,1,1,1,Q1,1,1,1,1,Q1,1,1,1,1,1
https://openalex.org/W2019122388,0960894X,Q2,,2,2,Q2,Q2,Q2,0,2,1,1,Q2,0,2,1,1,Q2,0,2,1,1,0
https://openalex.org/W2019168145,02767333,Q1,,1,1,Q1,Q1,Q1,1,1,1,1,Q1,1,1,1,1,Q1,1,1,1,1,1
https://openalex.org/W2019181000,00381098,Q1,,1,1,Q1,Q1,Q1,1,1,1,1,Q1,1,1,1,1,Q1,1,1,1,1,1
https://openalex.org/W2019193855,13886150,Q3,,3,3,Q3,Q3,Q3,0,3,0,1,Q3,0,3,0,1,Q3,0,3,0,1,0
https://openalex.org/W2019199626,15306984,Q1,,1,1,Q1,Q1,Q1,1,1,1,1,Q1,1,1,1,1,Q1,1,1,1,1,1
https://openalex.org/W2019209843,0018019X,Q1,,2,2,Q2,Q2,Q1,1,1,1,1,Q2,0,2,1,1,Q2,0,2,1,1,1
https://openalex.org/W2019265745,02578972,Q1,,1,1,Q1,Q1,Q1,1,1,1,1,Q1,1,1,1,1,Q1,1,1,1,1,1
https://openalex.org/W2019280722,09334173,Q2,,3,3,Q3,Q3,Q2,0,2,1,1,Q3,0,3,0,1,Q3,0,3,0,1,0
https://openalex.org/W2019302051,10619348,Q4,,4,4,Q4,Q4,Q4,0,4,0,0,Q4,0,4,0,0,Q4,0,4,0,0,0
https://openalex.org/W2019327541,00093130,-,,5,5,Unranked,Unranked,Unranked,0,5,0,0,Unranked,0,5,0,0,Unranked,0,5,0,0,0
https://openalex.org/W2019344235,01694332,-,,5,5,Unranked,Unranked,Unranked,0,5,0,0,Unranked,0,5,0,0,Unranked,0,5,0,0,0
https://openalex.org/W2019355577,02552701,Q2,,1,1,Q1,Q1,Q2,0,2,1,1,Q1,1,1,1,1,Q1,1,1,1,1,0
https://openalex.org/W2019375258,10225528,Q1,,1,1,Q1,Q1,Q1,1,1,1,1,Q1,1,1,1,1,Q1,1,1,1,1,1
https://openalex.org/W2019390373,00323888,Q1,,2,2,Q2,Q2,Q1,1,1,1,1,Q2,0,2,1,1,Q2,0,2,1,1,1
https://openalex.org/W2019404398,00032670,Q1,,1,1,Q1,Q1,Q1,1,1,1,1,Q1,1,1,1,1,Q1,1,1,1,1,1
https://openalex.org/W2019422677,03088146,Q1,,1,1,Q1,Q1,Q1,1,1,1,1,Q1,1,1,1,1,Q1,1,1,1,1,1
https://openalex.org/W2019433789,08974756,Q1,,1,1,Q1,Q1,Q1,1,1,1,1,Q1,1,1,1,1,Q1,1,1,1,1,1
https://openalex.org/W2019460922,00218561,Q1,,1,1,Q1,Q1,Q1,1,1,1,1,Q1,1,1,1,1,Q1,1,1,1,1,1
https://openalex.org/W2019480363,00220248,Q1,,2,2,Q2,Q2,Q1,1,1,1,1,Q2,0,2,1,1,Q2,0,2,1,1,1
https://openalex.org/W2019557817,14328488,Q2,,2,2,Q2,Q2,Q2,0,2,1,1,Q2,0,2,1,1,Q2,0,2,1,1,0
https://openalex.org/W2019571328,01672738,Q1,,1,1,Q1,Q1,Q1,1,1,1,1,Q1,1,1,1,1,Q1,1,1,1,1,1
https://openalex.org/W2019578891,09277757,-,,5,5,Unranked,Unranked,Unranked,0,5,0,0,Unranked,0,5,0,0,Unranked,0,5,0,0,0
https://openalex.org/W2019601396,0010938X,Q1,,1,1,Q1,Q1,Q1,1,1,1,1,Q1,1,1,1,1,Q1,1,1,1,1,1
https://openalex.org/W2019652440,13886150,Q3,,3,3,Q3,Q3,Q3,0,3,0,1,Q3,0,3,0,1,Q3,0,3,0,1,0
https://openalex.org/W2019702967,14387492,Q2,,2,2,Q2,Q2,Q2,0,2,1,1,Q2,0,2,1,1,Q2,0,2,1,1,0
https://openalex.org/W2019715377,07437463,Q1,,1,1,Q1,Q1,Q1,1,1,1,1,Q1,1,1,1,1,Q1,1,1,1,1,1
https://openalex.org/W2019778159,00218995,Q1,,2,2,Q2,Q2,Q1,1,1,1,1,Q2,0,2,1,1,Q2,0,2,1,1,1
https://openalex.org/W2019830269,00404039,Q1,,2,2,Q2,Q2,Q1,1,1,1,1,Q2,0,2,1,1,Q2,0,2,1,1,1
https://openalex.org/W2019834461,00032670,Q1,,1,1,Q1,Q1,Q1,1,1,1,1,Q1,1,1,1,1,Q1,1,1,1,1,1
https://openalex.org/W2019835553,13835866,Q1,,1,1,Q1,Q1,Q1,1,1,1,1,Q1,1,1,1,1,Q1,1,1,1,1,1
https://openalex.org/W2019938030,10619348,Q4,,4,4,Q4,Q4,Q4,0,4,0,0,Q4,0,4,0,0,Q4,0,4,0,0,0
https://openalex.org/W2019939889,08990042,Q2,,2,2,Q2,Q2,Q2,0,2,1,1,Q2,0,2,1,1,Q2,0,2,1,1,0
https://openalex.org/W2019953450,02365731,Q3,,3,3,Q3,Q3,Q3,0,3,0,1,Q3,0,3,0,1,Q3,0,3,0,1,0
https://openalex.org/W2019971469,03088146,Q1,,1,1,Q1,Q1,Q1,1,1,1,1,Q1,1,1,1,1,Q1,1,1,1,1,1
https://openalex.org/W2019988435,00027863,Q1,,1,1,Q1,Q1,Q1,1,1,1,1,Q1,1,1,1,1,Q1,1,1,1,1,1
https://openalex.org/W2020067143,10826076,Q3,,3,3,Q3,Q3,Q3,0,3,0,1,Q3,0,3,0,1,Q3,0,3,0,1,0
https://openalex.org/W2020074605,0030770X,Q1,,1,1,Q1,Q1,Q1,1,1,1,1,Q1,1,1,1,1,Q1,1,1,1,1,1
https://openalex.org/W2020108637,10221336,Q1,,1,1,Q1,Q1,Q1,1,1,1,1,Q1,1,1,1,1,Q1,1,1,1,1,1
https://openalex.org/W2020110724,00218561,Q1,,1,1,Q1,Q1,Q1,1,1,1,1,Q1,1,1,1,1,Q1,1,1,1,1,1
https://openalex.org/W2020123326,00218561,Q1,,1,1,Q1,Q1,Q1,1,1,1,1,Q1,1,1,1,1,Q1,1,1,1,1,1
https://openalex.org/W2020137100,00404020,Q1,,1,1,Q1,Q1,Q1,1,1,1,1,Q1,1,1,1,1,Q1,1,1,1,1,1
https://openalex.org/W2020160911,00032700,Q1,,1,1,Q1,Q1,Q1,1,1,1,1,Q1,1,1,1,1,Q1,1,1,1,1,1
https://openalex.org/W2020174086,00218995,Q1,,2,2,Q2,Q2,Q1,1,1,1,1,Q2,0,2,1,1,Q2,0,2,1,1,1
https://openalex.org/W2020186243,00218995,Q1,,2,2,Q2,Q2,Q1,1,1,1,1,Q2,0,2,1,1,Q2,0,2,1,1,1
https://openalex.org/W2020189750,01694332,-,,5,5,Unranked,Unranked,Unranked,0,5,0,0,Unranked,0,5,0,0,Unranked,0,5,0,0,0
https://openalex.org/W2020243544,13835866,Q1,,1,1,Q1,Q1,Q1,1,1,1,1,Q1,1,1,1,1,Q1,1,1,1,1,1
https://openalex.org/W2020256670,15306984,Q1,,1,1,Q1,Q1,Q1,1,1,1,1,Q1,1,1,1,1,Q1,1,1,1,1,1
https://openalex.org/W2020262802,00219673,Q1,,1,1,Q1,Q1,Q1,1,1,1,1,Q1,1,1,1,1,Q1,1,1,1,1,1
https://openalex.org/W2020281575,00218995,Q1,,2,2,Q2,Q2,Q1,1,1,1,1,Q2,0,2,1,1,Q2,0,2,1,1,1
https://openalex.org/W2020300294,14394227,Q1,,1,1,Q1,Q1,Q1,1,1,1,1,Q1,1,1,1,1,Q1,1,1,1,1,1
https://openalex.org/W2020304486,10836160,Q2,,1,1,Q1,Q1,Q2,0,2,1,1,Q1,1,1,1,1,Q1,1,1,1,1,0
https://openalex.org/W2020377806,14668564,Q2,,1,1,Q1,Q1,Q2,0,2,1,1,Q1,1,1,1,1,Q1,1,1,1,1,0
https://openalex.org/W2020392248,00223263,Q1,,1,1,Q1,Q1,Q1,1,1,1,1,Q1,1,1,1,1,Q1,1,1,1,1,1
https://openalex.org/W2020441400,09394451,Q2,,2,2,Q2,Q2,Q2,0,2,1,1,Q2,0,2,1,1,Q2,0,2,1,1,0
https://openalex.org/W2020468060,07317085,Q2,,1,1,Q1,Q1,Q2,0,2,1,1,Q1,1,1,1,1,Q1,1,1,1,1,0
https://openalex.org/W2020484998,00219673,Q1,,1,1,Q1,Q1,Q1,1,1,1,1,Q1,1,1,1,1,Q1,1,1,1,1,1
https://openalex.org/W2020490680,00220248,Q1,,2,2,Q2,Q2,Q1,1,1,1,1,Q2,0,2,1,1,Q2,0,2,1,1,1
https://openalex.org/W2020511453,00399140,Q1,,1,1,Q1,Q1,Q1,1,1,1,1,Q1,1,1,1,1,Q1,1,1,1,1,1
https://openalex.org/W2020534032,15675394,Q2,,2,2,Q2,Q2,Q2,0,2,1,1,Q2,0,2,1,1,Q2,0,2,1,1,0
https://openalex.org/W2020544564,00032670,Q1,,1,1,Q1,Q1,Q1,1,1,1,1,Q1,1,1,1,1,Q1,1,1,1,1,1
https://openalex.org/W2020567085,02652048,Q2,,2,2,Q2,Q2,Q2,0,2,1,1,Q2,0,2,1,1,Q2,0,2,1,1,0
https://openalex.org/W2020575702,08885885,Q1,,1,1,Q1,Q1,Q1,1,1,1,1,Q1,1,1,1,1,Q1,1,1,1,1,1
https://openalex.org/W2020619324,00201669,Q1,,1,1,Q1,Q1,Q1,1,1,1,1,Q1,1,1,1,1,Q1,1,1,1,1,1
https://openalex.org/W2020651572,00323861,Q1,,1,1,Q1,Q1,Q1,1,1,1,1,Q1,1,1,1,1,Q1,1,1,1,1,1
https://openalex.org/W2020662396,00404020,Q1,,1,1,Q1,Q1,Q1,1,1,1,1,Q1,1,1,1,1,Q1,1,1,1,1,1
https://openalex.org/W2020675805,16159306,Q1,,1,1,Q1,Q1,Q1,1,1,1,1,Q1,1,1,1,1,Q1,1,1,1,1,1
https://openalex.org/W2020687669,07317085,Q2,,1,1,Q1,Q1,Q2,0,2,1,1,Q1,1,1,1,1,Q1,1,1,1,1,0
https://openalex.org/W2020689400,01697439,Q1,,2,2,Q2,Q2,Q1,1,1,1,1,Q2,0,2,1,1,Q2,0,2,1,1,1
https://openalex.org/W2020691495,13815148,Q1,,1,1,Q1,Q1,Q1,1,1,1,1,Q1,1,1,1,1,Q1,1,1,1,1,1
https://openalex.org/W2020698403,00162361,Q1,,1,1,Q1,Q1,Q1,1,1,1,1,Q1,1,1,1,1,Q1,1,1,1,1,1
https://openalex.org/W2020731185,03667022,Q2,,2,2,Q2,Q2,Q2,0,2,1,1,Q2,0,2,1,1,Q2,0,2,1,1,0
https://openalex.org/W2020805274,01694332,-,,5,5,Unranked,Unranked,Unranked,0,5,0,0,Unranked,0,5,0,0,Unranked,0,5,0,0,0
https://openalex.org/W2020812102,08926875,Q2,,1,1,Q1,Q1,Q2,0,2,1,1,Q1,1,1,1,1,Q1,1,1,1,1,0
https://openalex.org/W2020822758,00219673,Q1,,1,1,Q1,Q1,Q1,1,1,1,1,Q1,1,1,1,1,Q1,1,1,1,1,1
https://openalex.org/W2020884549,00389056,Q2,,2,2,Q2,Q2,Q2,0,2,1,1,Q2,0,2,1,1,Q2,0,2,1,1,0
https://openalex.org/W2020889461,00219673,Q1,,1,1,Q1,Q1,Q1,1,1,1,1,Q1,1,1,1,1,Q1,1,1,1,1,1
https://openalex.org/W2020923950,14387492,Q2,,2,2,Q2,Q2,Q2,0,2,1,1,Q2,0,2,1,1,Q2,0,2,1,1,0
https://openalex.org/W2020948387,02578972,Q1,,1,1,Q1,Q1,Q1,1,1,1,1,Q1,1,1,1,1,Q1,1,1,1,1,1
https://openalex.org/W2020950587,15237052,Q1,,1,1,Q1,Q1,Q1,1,1,1,1,Q1,1,1,1,1,Q1,1,1,1,1,1
https://openalex.org/W2020990063,09670335,Q2,,3,3,Q3,Q3,Q2,0,2,1,1,Q3,0,3,0,1,Q3,0,3,0,1,0
https://openalex.org/W2021077525,00404020,Q1,,1,1,Q1,Q1,Q1,1,1,1,1,Q1,1,1,1,1,Q1,1,1,1,1,1
https://openalex.org/W2021081415,09491775,Q2,,2,2,Q2,Q2,Q2,0,2,1,1,Q2,0,2,1,1,Q2,0,2,1,1,0
https://openalex.org/W2021123676,00220248,Q1,,2,2,Q2,Q2,Q1,1,1,1,1,Q2,0,2,1,1,Q2,0,2,1,1,1
https://openalex.org/W2021138405,10400397,Q2,,2,2,Q2,Q2,Q2,0,2,1,1,Q2,0,2,1,1,Q2,0,2,1,1,0
https://openalex.org/W2021160745,09253467,-,,5,5,Unranked,Unranked,Unranked,0,5,0,0,Unranked,0,5,0,0,Unranked,0,5,0,0,0
https://openalex.org/W2021185585,09205861,Q1,,1,1,Q1,Q1,Q1,1,1,1,1,Q1,1,1,1,1,Q1,1,1,1,1,1
https://openalex.org/W2021239404,10412905,Q2,,2,2,Q2,Q2,Q2,0,2,1,1,Q2,0,2,1,1,Q2,0,2,1,1,0
https://openalex.org/W2021242432,02578972,Q1,,1,1,Q1,Q1,Q1,1,1,1,1,Q1,1,1,1,1,Q1,1,1,1,1,1
https://openalex.org/W2021254088,00219673,Q1,,1,1,Q1,Q1,Q1,1,1,1,1,Q1,1,1,1,1,Q1,1,1,1,1,1
https://openalex.org/W2021265460,02728397,Q2,,2,2,Q2,Q2,Q2,0,2,1,1,Q2,0,2,1,1,Q2,0,2,1,1,0
https://openalex.org/W2021299957,01425463,Q3,,2,2,Q2,Q2,Q3,0,3,0,1,Q2,0,2,1,1,Q2,0,2,1,1,0
https://openalex.org/W2021303805,13886150,Q3,,3,3,Q3,Q3,Q3,0,3,0,1,Q3,0,3,0,1,Q3,0,3,0,1,0
https://openalex.org/W2021348431,13880764,Q1,,1,1,Q1,Q1,Q1,1,1,1,1,Q1,1,1,1,1,Q1,1,1,1,1,1
https://openalex.org/W2021381229,00399140,Q1,,1,1,Q1,Q1,Q1,1,1,1,1,Q1,1,1,1,1,Q1,1,1,1,1,1
https://openalex.org/W2021385460,09574166,Q1,,1,1,Q1,Q1,Q1,1,1,1,1,Q1,1,1,1,1,Q1,1,1,1,1,1
https://openalex.org/W2021392135,02578972,Q1,,1,1,Q1,Q1,Q1,1,1,1,1,Q1,1,1,1,1,Q1,1,1,1,1,1
https://openalex.org/W2021467562,00084042,Q2,,2,2,Q2,Q2,Q2,0,2,1,1,Q2,0,2,1,1,Q2,0,2,1,1,0
https://openalex.org/W2021468639,13877003,Q2,,2,2,Q2,Q2,Q2,0,2,1,1,Q2,0,2,1,1,Q2,0,2,1,1,0
https://openalex.org/W2021493393,09254005,-,,5,5,Unranked,Unranked,Unranked,0,5,0,0,Unranked,0,5,0,0,Unranked,0,5,0,0,0
https://openalex.org/W2021497586,15237052,Q1,,1,1,Q1,Q1,Q1,1,1,1,1,Q1,1,1,1,1,Q1,1,1,1,1,1
https://openalex.org/W2021541049,09540083,Q3,,3,3,Q3,Q3,Q3,0,3,0,1,Q3,0,3,0,1,Q3,0,3,0,1,0
https://openalex.org/W2021587024,00219673,Q1,,1,1,Q1,Q1,Q1,1,1,1,1,Q1,1,1,1,1,Q1,1,1,1,1,1
https://openalex.org/W2021618685,09680896,Q2,,1,1,Q1,Q1,Q2,0,2,1,1,Q1,1,1,1,1,Q1,1,1,1,1,0
https://openalex.org/W2021624136,02321300,Q2,,2,2,Q2,Q2,Q2,0,2,1,1,Q2,0,2,1,1,Q2,0,2,1,1,0
https://openalex.org/W2021637522,00032670,Q1,,1,1,Q1,Q1,Q1,1,1,1,1,Q1,1,1,1,1,Q1,1,1,1,1,1
https://openalex.org/W2021640832,13815148,Q1,,1,1,Q1,Q1,Q1,1,1,1,1,Q1,1,1,1,1,Q1,1,1,1,1,1
https://openalex.org/W2021679165,01694332,-,,5,5,Unranked,Unranked,Unranked,0,5,0,0,Unranked,0,5,0,0,Unranked,0,5,0,0,0
https://openalex.org/W2021681832,16182642,Q2,,1,1,Q1,Q1,Q2,0,2,1,1,Q1,1,1,1,1,Q1,1,1,1,1,0
https://openalex.org/W2021693026,09277757,-,,5,5,Unranked,Unranked,Unranked,0,5,0,0,Unranked,0,5,0,0,Unranked,0,5,0,0,0
https://openalex.org/W2021695637,00218561,Q1,,1,1,Q1,Q1,Q1,1,1,1,1,Q1,1,1,1,1,Q1,1,1,1,1,1
https://openalex.org/W2021695980,0013936X,Q1,,1,1,Q1,Q1,Q1,1,1,1,1,Q1,1,1,1,1,Q1,1,1,1,1,1
https://openalex.org/W2021699577,08974756,Q1,,1,1,Q1,Q1,Q1,1,1,1,1,Q1,1,1,1,1,Q1,1,1,1,1,1
https://openalex.org/W2021721463,10431802,Q1,,1,1,Q1,Q1,Q1,1,1,1,1,Q1,1,1,1,1,Q1,1,1,1,1,1
https://openalex.org/W2021736645,00032654,Q1,,1,1,Q1,Q1,Q1,1,1,1,1,Q1,1,1,1,1,Q1,1,1,1,1,1
https://openalex.org/W2021757909,00218995,Q1,,2,2,Q2,Q2,Q1,1,1,1,1,Q2,0,2,1,1,Q2,0,2,1,1,1
https://openalex.org/W2021769257,01429418,Q2,,2,2,Q2,Q2,Q2,0,2,1,1,Q2,0,2,1,1,Q2,0,2,1,1,0
https://openalex.org/W2021780508,09307516,Q2,,2,2,Q2,Q2,Q2,0,2,1,1,Q2,0,2,1,1,Q2,0,2,1,1,0
https://openalex.org/W2021800757,00119164,Q1,,1,1,Q1,Q1,Q1,1,1,1,1,Q1,1,1,1,1,Q1,1,1,1,1,1
https://openalex.org/W2021854949,0026265X,Q2,,2,2,Q2,Q2,Q2,0,2,1,1,Q2,0,2,1,1,Q2,0,2,1,1,0
https://openalex.org/W2021873512,02682575,Q2,,2,2,Q2,Q2,Q2,0,2,1,1,Q2,0,2,1,1,Q2,0,2,1,1,0
https://openalex.org/W2021890673,00223263,Q1,,1,1,Q1,Q1,Q1,1,1,1,1,Q1,1,1,1,1,Q1,1,1,1,1,1
https://openalex.org/W2021915085,00323888,Q1,,2,2,Q2,Q2,Q1,1,1,1,1,Q2,0,2,1,1,Q2,0,2,1,1,1
https://openalex.org/W2021922595,00218561,Q1,,1,1,Q1,Q1,Q1,1,1,1,1,Q1,1,1,1,1,Q1,1,1,1,1,1
https://openalex.org/W2021956034,00119164,Q1,,1,1,Q1,Q1,Q1,1,1,1,1,Q1,1,1,1,1,Q1,1,1,1,1,1
https://openalex.org/W2022036258,00201693,Q2,,2,2,Q2,Q2,Q2,0,2,1,1,Q2,0,2,1,1,Q2,0,2,1,1,0
https://openalex.org/W2022076863,10895639,Q1,,1,1,Q1,Q1,Q1,1,1,1,1,Q1,1,1,1,1,Q1,1,1,1,1,1
https://openalex.org/W2022084347,0018019X,Q1,,2,2,Q2,Q2,Q1,1,1,1,1,Q2,0,2,1,1,Q2,0,2,1,1,1
https://openalex.org/W2022098173,17475198,-,,3,3,Q3,Q3,Unranked,0,5,0,0,Q3,0,3,0,1,Q3,0,3,0,1,0
https://openalex.org/W2022127715,10990690,Q1,,1,1,Q1,Q1,Q1,1,1,1,1,Q1,1,1,1,1,Q1,1,1,1,1,1
https://openalex.org/W2022130198,00224596,Q2,,2,2,Q2,Q2,Q2,0,2,1,1,Q2,0,2,1,1,Q2,0,2,1,1,0
https://openalex.org/W2022149349,0021891X,Q2,,2,2,Q2,Q2,Q2,0,2,1,1,Q2,0,2,1,1,Q2,0,2,1,1,0
https://openalex.org/W2022182586,0026265X,Q2,,2,2,Q2,Q2,Q2,0,2,1,1,Q2,0,2,1,1,Q2,0,2,1,1,0
https://openalex.org/W2022186838,16159306,Q1,,1,1,Q1,Q1,Q1,1,1,1,1,Q1,1,1,1,1,Q1,1,1,1,1,1
https://openalex.org/W2022223545,01448617,Q2,,1,1,Q1,Q1,Q2,0,2,1,1,Q1,1,1,1,1,Q1,1,1,1,1,0
https://openalex.org/W2022259177,00323861,Q1,,1,1,Q1,Q1,Q1,1,1,1,1,Q1,1,1,1,1,Q1,1,1,1,1,1
https://openalex.org/W2022277085,00220248,Q1,,2,2,Q2,Q2,Q1,1,1,1,1,Q2,0,2,1,1,Q2,0,2,1,1,1
https://openalex.org/W2022285066,10765174,Q1,,1,1,Q1,Q1,Q1,1,1,1,1,Q1,1,1,1,1,Q1,1,1,1,1,1
https://openalex.org/W2022292061,16182642,Q2,,1,1,Q1,Q1,Q2,0,2,1,1,Q1,1,1,1,1,Q1,1,1,1,1,0
https://openalex.org/W2022293533,07437463,Q1,,1,1,Q1,Q1,Q1,1,1,1,1,Q1,1,1,1,1,Q1,1,1,1,1,1
https://openalex.org/W2022295493,14341948,Q1,,1,1,Q1,Q1,Q1,1,1,1,1,Q1,1,1,1,1,Q1,1,1,1,1,1
https://openalex.org/W2022331392,09565663,Q1,,1,1,Q1,Q1,Q1,1,1,1,1,Q1,1,1,1,1,Q1,1,1,1,1,1
https://openalex.org/W2022346855,03855414,Q2,,3,3,Q3,Q3,Q2,0,2,1,1,Q3,0,3,0,1,Q3,0,3,0,1,0
https://openalex.org/W2022348800,15237052,Q1,,1,1,Q1,Q1,Q1,1,1,1,1,Q1,1,1,1,1,Q1,1,1,1,1,1
https://openalex.org/W2022362888,01694332,-,,5,5,Unranked,Unranked,Unranked,0,5,0,0,Unranked,0,5,0,0,Unranked,0,5,0,0,0
https://openalex.org/W2022398752,00218561,Q1,,1,1,Q1,Q1,Q1,1,1,1,1,Q1,1,1,1,1,Q1,1,1,1,1,1
https://openalex.org/W2022448899,09205861,Q1,,1,1,Q1,Q1,Q1,1,1,1,1,Q1,1,1,1,1,Q1,1,1,1,1,1
https://openalex.org/W2022457718,01694332,-,,5,5,Unranked,Unranked,Unranked,0,5,0,0,Unranked,0,5,0,0,Unranked,0,5,0,0,0
https://openalex.org/W2022488433,00404020,Q1,,1,1,Q1,Q1,Q1,1,1,1,1,Q1,1,1,1,1,Q1,1,1,1,1,1
https://openalex.org/W2022497215,00218561,Q1,,1,1,Q1,Q1,Q1,1,1,1,1,Q1,1,1,1,1,Q1,1,1,1,1,1
https://openalex.org/W2022499657,13886150,Q3,,3,3,Q3,Q3,Q3,0,3,0,1,Q3,0,3,0,1,Q3,0,3,0,1,0
https://openalex.org/W2022518341,00086215,Q2,,2,2,Q2,Q2,Q2,0,2,1,1,Q2,0,2,1,1,Q2,0,2,1,1,0
https://openalex.org/W2022550561,13815148,Q1,,1,1,Q1,Q1,Q1,1,1,1,1,Q1,1,1,1,1,Q1,1,1,1,1,1
https://openalex.org/W2022588460,09254005,-,,5,5,Unranked,Unranked,Unranked,0,5,0,0,Unranked,0,5,0,0,Unranked,0,5,0,0,0
https://openalex.org/W2022704083,09205861,Q1,,1,1,Q1,Q1,Q1,1,1,1,1,Q1,1,1,1,1,Q1,1,1,1,1,1
https://openalex.org/W2022721284,00399140,Q1,,1,1,Q1,Q1,Q1,1,1,1,1,Q1,1,1,1,1,Q1,1,1,1,1,1
https://openalex.org/W2022727131,00027863,Q1,,1,1,Q1,Q1,Q1,1,1,1,1,Q1,1,1,1,1,Q1,1,1,1,1,1
https://openalex.org/W2022756527,01694332,-,,5,5,Unranked,Unranked,Unranked,0,5,0,0,Unranked,0,5,0,0,Unranked,0,5,0,0,0
https://openalex.org/W2022765284,0013936X,Q1,,1,1,Q1,Q1,Q1,1,1,1,1,Q1,1,1,1,1,Q1,1,1,1,1,1
https://openalex.org/W2022768183,00092673,Q1,,1,1,Q1,Q1,Q1,1,1,1,1,Q1,1,1,1,1,Q1,1,1,1,1,1
https://openalex.org/W2022784326,00323861,Q1,,1,1,Q1,Q1,Q1,1,1,1,1,Q1,1,1,1,1,Q1,1,1,1,1,1
https://openalex.org/W2022829124,00219592,Q2,,3,3,Q3,Q3,Q2,0,2,1,1,Q3,0,3,0,1,Q3,0,3,0,1,0
https://openalex.org/W2022849471,00406031,Q3,,2,2,Q2,Q2,Q3,0,3,0,1,Q2,0,2,1,1,Q2,0,2,1,1,0
https://openalex.org/W2022882960,00086215,Q2,,2,2,Q2,Q2,Q2,0,2,1,1,Q2,0,2,1,1,Q2,0,2,1,1,0
https://openalex.org/W2022907316,15237052,Q1,,1,1,Q1,Q1,Q1,1,1,1,1,Q1,1,1,1,1,Q1,1,1,1,1,1
https://openalex.org/W2022909175,00399140,Q1,,1,1,Q1,Q1,Q1,1,1,1,1,Q1,1,1,1,1,Q1,1,1,1,1,1
https://openalex.org/W2022909602,00219673,Q1,,1,1,Q1,Q1,Q1,1,1,1,1,Q1,1,1,1,1,Q1,1,1,1,1,1
https://openalex.org/W2022911421,00218561,Q1,,1,1,Q1,Q1,Q1,1,1,1,1,Q1,1,1,1,1,Q1,1,1,1,1,1
https://openalex.org/W2022913343,00456535,Q1,,1,1,Q1,Q1,Q1,1,1,1,1,Q1,1,1,1,1,Q1,1,1,1,1,1
https://openalex.org/W2022920910,00032670,Q1,,1,1,Q1,Q1,Q1,1,1,1,1,Q1,1,1,1,1,Q1,1,1,1,1,1
https://openalex.org/W2022923502,15237052,Q1,,1,1,Q1,Q1,Q1,1,1,1,1,Q1,1,1,1,1,Q1,1,1,1,1,1
https://openalex.org/W2022939055,00119164,Q1,,1,1,Q1,Q1,Q1,1,1,1,1,Q1,1,1,1,1,Q1,1,1,1,1,1
https://openalex.org/W2022964918,10427163,Q2,,2,2,Q2,Q2,Q2,0,2,1,1,Q2,0,2,1,1,Q2,0,2,1,1,0
https://openalex.org/W2022968340,00220248,Q1,,2,2,Q2,Q2,Q1,1,1,1,1,Q2,0,2,1,1,Q2,0,2,1,1,1
https://openalex.org/W2022980205,01694332,-,,5,5,Unranked,Unranked,Unranked,0,5,0,0,Unranked,0,5,0,0,Unranked,0,5,0,0,0
https://openalex.org/W2022983901,1023666X,Q3,,3,3,Q3,Q3,Q3,0,3,0,1,Q3,0,3,0,1,Q3,0,3,0,1,0
https://openalex.org/W2023001426,15700232,Q2,,1,1,Q1,Q1,Q2,0,2,1,1,Q1,1,1,1,1,Q1,1,1,1,1,0
https://openalex.org/W2023012388,00218561,Q1,,1,1,Q1,Q1,Q1,1,1,1,1,Q1,1,1,1,1,Q1,1,1,1,1,1
https://openalex.org/W2023014590,00220248,Q1,,2,2,Q2,Q2,Q1,1,1,1,1,Q2,0,2,1,1,Q2,0,2,1,1,1
https://openalex.org/W2023015186,01672738,Q1,,1,1,Q1,Q1,Q1,1,1,1,1,Q1,1,1,1,1,Q1,1,1,1,1,1
https://openalex.org/W2023029671,07437463,Q1,,1,1,Q1,Q1,Q1,1,1,1,1,Q1,1,1,1,1,Q1,1,1,1,1,1
https://openalex.org/W2023089110,00032670,Q1,,1,1,Q1,Q1,Q1,1,1,1,1,Q1,1,1,1,1,Q1,1,1,1,1,1
https://openalex.org/W2023105576,00219673,Q1,,1,1,Q1,Q1,Q1,1,1,1,1,Q1,1,1,1,1,Q1,1,1,1,1,1
https://openalex.org/W2023131696,00092363,Q2,,2,2,Q2,Q2,Q2,0,2,1,1,Q2,0,2,1,1,Q2,0,2,1,1,0
https://openalex.org/W2023151195,15205207,Q1,,1,1,Q1,Q1,Q1,1,1,1,1,Q1,1,1,1,1,Q1,1,1,1,1,1
https://openalex.org/W2023175813,02578972,Q1,,1,1,Q1,Q1,Q1,1,1,1,1,Q1,1,1,1,1,Q1,1,1,1,1,1
https://openalex.org/W2023224037,14341948,Q1,,1,1,Q1,Q1,Q1,1,1,1,1,Q1,1,1,1,1,Q1,1,1,1,1,1
https://openalex.org/W2023232001,15205207,Q1,,1,1,Q1,Q1,Q1,1,1,1,1,Q1,1,1,1,1,Q1,1,1,1,1,1
https://openalex.org/W2023232900,09205861,Q1,,1,1,Q1,Q1,Q1,1,1,1,1,Q1,1,1,1,1,Q1,1,1,1,1,1
https://openalex.org/W2023235771,00092673,Q1,,1,1,Q1,Q1,Q1,1,1,1,1,Q1,1,1,1,1,Q1,1,1,1,1,1
https://openalex.org/W2023239897,07373937,Q3,,2,2,Q2,Q2,Q3,0,3,0,1,Q2,0,2,1,1,Q2,0,2,1,1,0
https://openalex.org/W2023266625,09478396,Q1,,1,1,Q1,Q1,Q1,1,1,1,1,Q1,1,1,1,1,Q1,1,1,1,1,1
https://openalex.org/W2023274964,00249297,Q1,,1,1,Q1,Q1,Q1,1,1,1,1,Q1,1,1,1,1,Q1,1,1,1,1,1
https://openalex.org/W2023286728,09106340,Q3,,2,2,Q2,Q2,Q3,0,3,0,1,Q2,0,2,1,1,Q2,0,2,1,1,0
https://openalex.org/W2023324992,05251931,Q4,,4,4,Q4,Q4,Q4,0,4,0,0,Q4,0,4,0,0,Q4,0,4,0,0,0
https://openalex.org/W2023329765,14779226,Q1,,1,1,Q1,Q1,Q1,1,1,1,1,Q1,1,1,1,1,Q1,1,1,1,1,1
https://openalex.org/W2023376720,01620134,Q2,,1,1,Q1,Q1,Q2,0,2,1,1,Q1,1,1,1,1,Q1,1,1,1,1,0
https://openalex.org/W2023456138,00218561,Q1,,1,1,Q1,Q1,Q1,1,1,1,1,Q1,1,1,1,1,Q1,1,1,1,1,1
https://openalex.org/W2023474526,00498246,Q2,,3,3,Q3,Q3,Q2,0,2,1,1,Q3,0,3,0,1,Q3,0,3,0,1,0
https://openalex.org/W2023476682,09259635,Q1,,1,1,Q1,Q1,Q1,1,1,1,1,Q1,1,1,1,1,Q1,1,1,1,1,1
https://openalex.org/W2023481680,00093130,-,,5,5,Unranked,Unranked,Unranked,0,5,0,0,Unranked,0,5,0,0,Unranked,0,5,0,0,0
https://openalex.org/W2023493399,00032700,Q1,,1,1,Q1,Q1,Q1,1,1,1,1,Q1,1,1,1,1,Q1,1,1,1,1,1
https://openalex.org/W2023530121,09254005,-,,5,5,Unranked,Unranked,Unranked,0,5,0,0,Unranked,0,5,0,0,Unranked,0,5,0,0,0
https://openalex.org/W2023532739,01694332,-,,5,5,Unranked,Unranked,Unranked,0,5,0,0,Unranked,0,5,0,0,Unranked,0,5,0,0,0
https://openalex.org/W2023567638,00399140,Q1,,1,1,Q1,Q1,Q1,1,1,1,1,Q1,1,1,1,1,Q1,1,1,1,1,1
https://openalex.org/W2023570163,02767333,Q1,,1,1,Q1,Q1,Q1,1,1,1,1,Q1,1,1,1,1,Q1,1,1,1,1,1
https://openalex.org/W2023572119,07317085,Q2,,1,1,Q1,Q1,Q2,0,2,1,1,Q1,1,1,1,1,Q1,1,1,1,1,0
https://openalex.org/W2023597346,00323861,Q1,,1,1,Q1,Q1,Q1,1,1,1,1,Q1,1,1,1,1,Q1,1,1,1,1,1
https://openalex.org/W2023608091,00223263,Q1,,1,1,Q1,Q1,Q1,1,1,1,1,Q1,1,1,1,1,Q1,1,1,1,1,1
https://openalex.org/W2023617762,00032654,Q1,,1,1,Q1,Q1,Q1,1,1,1,1,Q1,1,1,1,1,Q1,1,1,1,1,1
https://openalex.org/W2023629863,00134686,Q1,,1,1,Q1,Q1,Q1,1,1,1,1,Q1,1,1,1,1,Q1,1,1,1,1,1
https://openalex.org/W2023649762,07317085,Q2,,1,1,Q1,Q1,Q2,0,2,1,1,Q1,1,1,1,1,Q1,1,1,1,1,0
https://openalex.org/W2023664422,08885885,Q1,,1,1,Q1,Q1,Q1,1,1,1,1,Q1,1,1,1,1,Q1,1,1,1,1,1
https://openalex.org/W2023667814,02365731,Q3,,3,3,Q3,Q3,Q3,0,3,0,1,Q3,0,3,0,1,Q3,0,3,0,1,0
https://openalex.org/W2023673428,00219568,Q1,,1,1,Q1,Q1,Q1,1,1,1,1,Q1,1,1,1,1,Q1,1,1,1,1,1
https://openalex.org/W2023717284,09598103,-,,5,5,Unranked,Unranked,Unranked,0,5,0,0,Unranked,0,5,0,0,Unranked,0,5,0,0,0
https://openalex.org/W2023748309,07437463,Q1,,1,1,Q1,Q1,Q1,1,1,1,1,Q1,1,1,1,1,Q1,1,1,1,1,1
https://openalex.org/W2023760588,10221336,Q1,,1,1,Q1,Q1,Q1,1,1,1,1,Q1,1,1,1,1,Q1,1,1,1,1,1
https://openalex.org/W2023780828,00218995,Q1,,2,2,Q2,Q2,Q1,1,1,1,1,Q2,0,2,1,1,Q2,0,2,1,1,1
https://openalex.org/W2023817601,00086223,Q1,,1,1,Q1,Q1,Q1,1,1,1,1,Q1,1,1,1,1,Q1,1,1,1,1,1
https://openalex.org/W2023817726,14322234,Q1,,1,2,Q1,Q2,Q1,1,1,1,1,Q1,1,1,1,1,Q2,0,2,1,1,1
https://openalex.org/W2023832498,00027863,Q1,,1,1,Q1,Q1,Q1,1,1,1,1,Q1,1,1,1,1,Q1,1,1,1,1,1
https://openalex.org/W2023864431,10619348,Q4,,4,4,Q4,Q4,Q4,0,4,0,0,Q4,0,4,0,0,Q4,0,4,0,0,0
https://openalex.org/W2023948582,00218995,Q1,,2,2,Q2,Q2,Q1,1,1,1,1,Q2,0,2,1,1,Q2,0,2,1,1,1
https://openalex.org/W2023975642,0013936X,Q1,,1,1,Q1,Q1,Q1,1,1,1,1,Q1,1,1,1,1,Q1,1,1,1,1,1
https://openalex.org/W2024001559,13835866,Q1,,1,1,Q1,Q1,Q1,1,1,1,1,Q1,1,1,1,1,Q1,1,1,1,1,1
https://openalex.org/W2024013625,00399140,Q1,,1,1,Q1,Q1,Q1,1,1,1,1,Q1,1,1,1,1,Q1,1,1,1,1,1
https://openalex.org/W2024027893,00218561,Q1,,1,1,Q1,Q1,Q1,1,1,1,1,Q1,1,1,1,1,Q1,1,1,1,1,1
https://openalex.org/W2024045285,00086223,Q1,,1,1,Q1,Q1,Q1,1,1,1,1,Q1,1,1,1,1,Q1,1,1,1,1,1
https://openalex.org/W2024050813,09254005,-,,5,5,Unranked,Unranked,Unranked,0,5,0,0,Unranked,0,5,0,0,Unranked,0,5,0,0,0
https://openalex.org/W2024076530,00119164,Q1,,1,1,Q1,Q1,Q1,1,1,1,1,Q1,1,1,1,1,Q1,1,1,1,1,1
https://openalex.org/W2024078513,08885885,Q1,,1,1,Q1,Q1,Q1,1,1,1,1,Q1,1,1,1,1,Q1,1,1,1,1,1
https://openalex.org/W2024089697,00220248,Q1,,2,2,Q2,Q2,Q1,1,1,1,1,Q2,0,2,1,1,Q2,0,2,1,1,1
https://openalex.org/W2024128498,09254005,-,,5,5,Unranked,Unranked,Unranked,0,5,0,0,Unranked,0,5,0,0,Unranked,0,5,0,0,0
https://openalex.org/W2024132786,14382377,Q1,,1,1,Q1,Q1,Q1,1,1,1,1,Q1,1,1,1,1,Q1,1,1,1,1,1
https://openalex.org/W2024145840,09514198,Q1,,1,1,Q1,Q1,Q1,1,1,1,1,Q1,1,1,1,1,Q1,1,1,1,1,1
https://openalex.org/W2024156903,00027863,Q1,,1,1,Q1,Q1,Q1,1,1,1,1,Q1,1,1,1,1,Q1,1,1,1,1,1
https://openalex.org/W2024157212,00134651,Q1,,1,1,Q1,Q1,Q1,1,1,1,1,Q1,1,1,1,1,Q1,1,1,1,1,1
https://openalex.org/W2024168828,00304018,Q1,,2,2,Q2,Q2,Q1,1,1,1,1,Q2,0,2,1,1,Q2,0,2,1,1,1
https://openalex.org/W2024170526,01694332,-,,5,5,Unranked,Unranked,Unranked,0,5,0,0,Unranked,0,5,0,0,Unranked,0,5,0,0,0
https://openalex.org/W2024191468,10431802,Q1,,1,1,Q1,Q1,Q1,1,1,1,1,Q1,1,1,1,1,Q1,1,1,1,1,1
https://openalex.org/W2024226550,00090352,Q2,,2,2,Q2,Q2,Q2,0,2,1,1,Q2,0,2,1,1,Q2,0,2,1,1,0
https://openalex.org/W2024284379,00220248,Q1,,2,2,Q2,Q2,Q1,1,1,1,1,Q2,0,2,1,1,Q2,0,2,1,1,1
https://openalex.org/W2024330139,09205861,Q1,,1,1,Q1,Q1,Q1,1,1,1,1,Q1,1,1,1,1,Q1,1,1,1,1,1
https://openalex.org/W2024347129,00399140,Q1,,1,1,Q1,Q1,Q1,1,1,1,1,Q1,1,1,1,1,Q1,1,1,1,1,1
https://openalex.org/W2024366631,00397911,Q3,,3,3,Q3,Q3,Q3,0,3,0,1,Q3,0,3,0,1,Q3,0,3,0,1,0
https://openalex.org/W2024376743,0013936X,Q1,,1,1,Q1,Q1,Q1,1,1,1,1,Q1,1,1,1,1,Q1,1,1,1,1,1
https://openalex.org/W2024388453,00162361,Q1,,1,1,Q1,Q1,Q1,1,1,1,1,Q1,1,1,1,1,Q1,1,1,1,1,1
https://openalex.org/W2024389007,1011372X,Q1,,1,1,Q1,Q1,Q1,1,1,1,1,Q1,1,1,1,1,Q1,1,1,1,1,1
https://openalex.org/W2024441414,02235234,Q2,,1,1,Q1,Q1,Q2,0,2,1,1,Q1,1,1,1,1,Q1,1,1,1,1,0
https://openalex.org/W2024481447,00086215,Q2,,2,2,Q2,Q2,Q2,0,2,1,1,Q2,0,2,1,1,Q2,0,2,1,1,0
https://openalex.org/W2024486629,00218995,Q1,,2,2,Q2,Q2,Q1,1,1,1,1,Q2,0,2,1,1,Q2,0,2,1,1,1
https://openalex.org/W2024492271,15306984,Q1,,1,1,Q1,Q1,Q1,1,1,1,1,Q1,1,1,1,1,Q1,1,1,1,1,1
https://openalex.org/W2024553702,00162361,Q1,,1,1,Q1,Q1,Q1,1,1,1,1,Q1,1,1,1,1,Q1,1,1,1,1,1
https://openalex.org/W2024577144,00304018,Q1,,2,2,Q2,Q2,Q1,1,1,1,1,Q2,0,2,1,1,Q2,0,2,1,1,1
https://openalex.org/W2024579191,02578972,Q1,,1,1,Q1,Q1,Q1,1,1,1,1,Q1,1,1,1,1,Q1,1,1,1,1,1
https://openalex.org/W2024632268,0303402X,Q2,,2,2,Q2,Q2,Q2,0,2,1,1,Q2,0,2,1,1,Q2,0,2,1,1,0
https://openalex.org/W2024641842,00220248,Q1,,2,2,Q2,Q2,Q1,1,1,1,1,Q2,0,2,1,1,Q2,0,2,1,1,1
https://openalex.org/W2024647888,10225528,Q1,,1,1,Q1,Q1,Q1,1,1,1,1,Q1,1,1,1,1,Q1,1,1,1,1,1
https://openalex.org/W2024650096,07437463,Q1,,1,1,Q1,Q1,Q1,1,1,1,1,Q1,1,1,1,1,Q1,1,1,1,1,1
https://openalex.org/W2024653528,00027863,Q1,,1,1,Q1,Q1,Q1,1,1,1,1,Q1,1,1,1,1,Q1,1,1,1,1,1
https://openalex.org/W2024671702,07437463,Q1,,1,1,Q1,Q1,Q1,1,1,1,1,Q1,1,1,1,1,Q1,1,1,1,1,1
https://openalex.org/W2024674058,01677322,Q3,,2,2,Q2,Q2,Q3,0,3,0,1,Q2,0,2,1,1,Q2,0,2,1,1,0
https://openalex.org/W2024696427,02578972,Q1,,1,1,Q1,Q1,Q1,1,1,1,1,Q1,1,1,1,1,Q1,1,1,1,1,1
https://openalex.org/W2024697030,10431802,Q1,,1,1,Q1,Q1,Q1,1,1,1,1,Q1,1,1,1,1,Q1,1,1,1,1,1
https://openalex.org/W2024698750,09598103,-,,5,5,Unranked,Unranked,Unranked,0,5,0,0,Unranked,0,5,0,0,Unranked,0,5,0,0,0
https://openalex.org/W2024709083,02775387,Q2,,2,2,Q2,Q2,Q2,0,2,1,1,Q2,0,2,1,1,Q2,0,2,1,1,0
https://openalex.org/W2024709101,0026265X,Q2,,2,2,Q2,Q2,Q2,0,2,1,1,Q2,0,2,1,1,Q2,0,2,1,1,0
https://openalex.org/W2024722060,01694332,-,,5,5,Unranked,Unranked,Unranked,0,5,0,0,Unranked,0,5,0,0,Unranked,0,5,0,0,0
https://openalex.org/W2024737958,01429418,Q2,,2,2,Q2,Q2,Q2,0,2,1,1,Q2,0,2,1,1,Q2,0,2,1,1,0
https://openalex.org/W2024749749,03767388,Q1,,1,1,Q1,Q1,Q1,1,1,1,1,Q1,1,1,1,1,Q1,1,1,1,1,1
https://openalex.org/W2024758735,13871811,Q1,,1,1,Q1,Q1,Q1,1,1,1,1,Q1,1,1,1,1,Q1,1,1,1,1,1
https://openalex.org/W2024827449,00027863,Q1,,1,1,Q1,Q1,Q1,1,1,1,1,Q1,1,1,1,1,Q1,1,1,1,1,1
https://openalex.org/W2024847994,15237052,Q1,,1,1,Q1,Q1,Q1,1,1,1,1,Q1,1,1,1,1,Q1,1,1,1,1,1
https://openalex.org/W2024855716,15204766,-,,5,5,Unranked,Unranked,Unranked,0,5,0,0,Unranked,0,5,0,0,Unranked,0,5,0,0,0
https://openalex.org/W2024877306,15237052,Q1,,1,1,Q1,Q1,Q1,1,1,1,1,Q1,1,1,1,1,Q1,1,1,1,1,1
https://openalex.org/W2024941456,00223263,Q1,,1,1,Q1,Q1,Q1,1,1,1,1,Q1,1,1,1,1,Q1,1,1,1,1,1
https://openalex.org/W2024961498,03088146,Q1,,1,1,Q1,Q1,Q1,1,1,1,1,Q1,1,1,1,1,Q1,1,1,1,1,1
https://openalex.org/W2024980571,01694332,-,,5,5,Unranked,Unranked,Unranked,0,5,0,0,Unranked,0,5,0,0,Unranked,0,5,0,0,0
https://openalex.org/W2025011668,10657258,Q3,,2,2,Q2,Q2,Q3,0,3,0,1,Q2,0,2,1,1,Q2,0,2,1,1,0
https://openalex.org/W2025023802,00027863,Q1,,1,1,Q1,Q1,Q1,1,1,1,1,Q1,1,1,1,1,Q1,1,1,1,1,1
https://openalex.org/W2025069551,09280707,Q1,,2,2,Q2,Q2,Q1,1,1,1,1,Q2,0,2,1,1,Q2,0,2,1,1,1
https://openalex.org/W2025071095,00218995,Q1,,2,2,Q2,Q2,Q1,1,1,1,1,Q2,0,2,1,1,Q2,0,2,1,1,1
https://openalex.org/W2025076688,00119164,Q1,,1,1,Q1,Q1,Q1,1,1,1,1,Q1,1,1,1,1,Q1,1,1,1,1,1
https://openalex.org/W2025106729,00249297,Q1,,1,1,Q1,Q1,Q1,1,1,1,1,Q1,1,1,1,1,Q1,1,1,1,1,1
https://openalex.org/W2025116586,00027863,Q1,,1,1,Q1,Q1,Q1,1,1,1,1,Q1,1,1,1,1,Q1,1,1,1,1,1
https://openalex.org/W2025117365,01633864,Q1,,1,1,Q1,Q1,Q1,1,1,1,1,Q1,1,1,1,1,Q1,1,1,1,1,1
https://openalex.org/W2025200798,03767388,Q1,,1,1,Q1,Q1,Q1,1,1,1,1,Q1,1,1,1,1,Q1,1,1,1,1,1
https://openalex.org/W2025219501,08974756,Q1,,1,1,Q1,Q1,Q1,1,1,1,1,Q1,1,1,1,1,Q1,1,1,1,1,1
https://openalex.org/W2025230061,00027863,Q1,,1,1,Q1,Q1,Q1,1,1,1,1,Q1,1,1,1,1,Q1,1,1,1,1,1
https://openalex.org/W2025244013,02578972,Q1,,1,1,Q1,Q1,Q1,1,1,1,1,Q1,1,1,1,1,Q1,1,1,1,1,1
https://openalex.org/W2025250752,00220248,Q1,,2,2,Q2,Q2,Q1,1,1,1,1,Q2,0,2,1,1,Q2,0,2,1,1,1
https://openalex.org/W2025266866,13835866,Q1,,1,1,Q1,Q1,Q1,1,1,1,1,Q1,1,1,1,1,Q1,1,1,1,1,1
https://openalex.org/W2025281873,00162361,Q1,,1,1,Q1,Q1,Q1,1,1,1,1,Q1,1,1,1,1,Q1,1,1,1,1,1
https://openalex.org/W2025318178,0039128X,Q2,,2,2,Q2,Q2,Q2,0,2,1,1,Q2,0,2,1,1,Q2,0,2,1,1,0
https://openalex.org/W2025319776,02578972,Q1,,1,1,Q1,Q1,Q1,1,1,1,1,Q1,1,1,1,1,Q1,1,1,1,1,1
https://openalex.org/W2025320385,01694332,-,,5,5,Unranked,Unranked,Unranked,0,5,0,0,Unranked,0,5,0,0,Unranked,0,5,0,0,0
https://openalex.org/W2025327911,03787753,Q1,,1,1,Q1,Q1,Q1,1,1,1,1,Q1,1,1,1,1,Q1,1,1,1,1,1
https://openalex.org/W2025328379,00218995,Q1,,2,2,Q2,Q2,Q1,1,1,1,1,Q2,0,2,1,1,Q2,0,2,1,1,1
https://openalex.org/W2025392014,00389056,Q2,,2,2,Q2,Q2,Q2,0,2,1,1,Q2,0,2,1,1,Q2,0,2,1,1,0
https://openalex.org/W2025404010,01429418,Q2,,2,2,Q2,Q2,Q2,0,2,1,1,Q2,0,2,1,1,Q2,0,2,1,1,0
https://openalex.org/W2025429761,1001604X,Q3,,3,2,Q3,Q2,Q3,0,3,0,1,Q3,0,3,0,1,Q2,0,2,1,1,0
https://openalex.org/W2025431346,00406031,Q3,,2,2,Q2,Q2,Q3,0,3,0,1,Q2,0,2,1,1,Q2,0,2,1,1,0
https://openalex.org/W2025434260,08974756,Q1,,1,1,Q1,Q1,Q1,1,1,1,1,Q1,1,1,1,1,Q1,1,1,1,1,1
https://openalex.org/W2025438305,00119164,Q1,,1,1,Q1,Q1,Q1,1,1,1,1,Q1,1,1,1,1,Q1,1,1,1,1,1
https://openalex.org/W2025503022,13871811,Q1,,1,1,Q1,Q1,Q1,1,1,1,1,Q1,1,1,1,1,Q1,1,1,1,1,1
https://openalex.org/W2025521338,00218561,Q1,,1,1,Q1,Q1,Q1,1,1,1,1,Q1,1,1,1,1,Q1,1,1,1,1,1
https://openalex.org/W2025524094,00220248,Q1,,2,2,Q2,Q2,Q1,1,1,1,1,Q2,0,2,1,1,Q2,0,2,1,1,1
https://openalex.org/W2025534397,00223263,Q1,,1,1,Q1,Q1,Q1,1,1,1,1,Q1,1,1,1,1,Q1,1,1,1,1,1
https://openalex.org/W2025551643,08825734,Q2,,2,2,Q2,Q2,Q2,0,2,1,1,Q2,0,2,1,1,Q2,0,2,1,1,0
https://openalex.org/W2025564787,14387492,Q2,,2,2,Q2,Q2,Q2,0,2,1,1,Q2,0,2,1,1,Q2,0,2,1,1,0
https://openalex.org/W2025570563,13861425,Q2,,2,2,Q2,Q2,Q2,0,2,1,1,Q2,0,2,1,1,Q2,0,2,1,1,0
https://openalex.org/W2025590733,00143057,Q2,,1,1,Q1,Q1,Q2,0,2,1,1,Q1,1,1,1,1,Q1,1,1,1,1,0
https://openalex.org/W2025603904,03525139,Q3,,3,3,Q3,Q3,Q3,0,3,0,1,Q3,0,3,0,1,Q3,0,3,0,1,0
https://openalex.org/W2025608843,10681620,Q4,,4,4,Q4,Q4,Q4,0,4,0,0,Q4,0,4,0,0,Q4,0,4,0,0,0
https://openalex.org/W2025619352,15667367,Q1,,1,1,Q1,Q1,Q1,1,1,1,1,Q1,1,1,1,1,Q1,1,1,1,1,1
https://openalex.org/W2025621659,09478396,Q1,,1,1,Q1,Q1,Q1,1,1,1,1,Q1,1,1,1,1,Q1,1,1,1,1,1
https://openalex.org/W2025625522,02767333,Q1,,1,1,Q1,Q1,Q1,1,1,1,1,Q1,1,1,1,1,Q1,1,1,1,1,1
https://openalex.org/W2025630314,02578972,Q1,,1,1,Q1,Q1,Q1,1,1,1,1,Q1,1,1,1,1,Q1,1,1,1,1,1
https://openalex.org/W2025652092,02365731,Q3,,3,3,Q3,Q3,Q3,0,3,0,1,Q3,0,3,0,1,Q3,0,3,0,1,0
https://openalex.org/W2025653763,00456535,Q1,,1,1,Q1,Q1,Q1,1,1,1,1,Q1,1,1,1,1,Q1,1,1,1,1,1
https://openalex.org/W2025682023,09394451,Q2,,2,2,Q2,Q2,Q2,0,2,1,1,Q2,0,2,1,1,Q2,0,2,1,1,0
https://openalex.org/W2025728077,15237052,Q1,,1,1,Q1,Q1,Q1,1,1,1,1,Q1,1,1,1,1,Q1,1,1,1,1,1
https://openalex.org/W2025728551,03009440,Q2,,2,2,Q2,Q2,Q2,0,2,1,1,Q2,0,2,1,1,Q2,0,2,1,1,0
https://openalex.org/W2025731998,00219673,Q1,,1,1,Q1,Q1,Q1,1,1,1,1,Q1,1,1,1,1,Q1,1,1,1,1,1
https://openalex.org/W2025732871,0303402X,Q2,,2,2,Q2,Q2,Q2,0,2,1,1,Q2,0,2,1,1,Q2,0,2,1,1,0
https://openalex.org/W2025783205,00027863,Q1,,1,1,Q1,Q1,Q1,1,1,1,1,Q1,1,1,1,1,Q1,1,1,1,1,1
https://openalex.org/W2025788079,01422421,Q2,,2,2,Q2,Q2,Q2,0,2,1,1,Q2,0,2,1,1,Q2,0,2,1,1,0
https://openalex.org/W2025821708,05848547,Q1,,1,1,Q1,Q1,Q1,1,1,1,1,Q1,1,1,1,1,Q1,1,1,1,1,1
https://openalex.org/W2025827143,15204766,-,,5,5,Unranked,Unranked,Unranked,0,5,0,0,Unranked,0,5,0,0,Unranked,0,5,0,0,0
https://openalex.org/W2025837512,00456535,Q1,,1,1,Q1,Q1,Q1,1,1,1,1,Q1,1,1,1,1,Q1,1,1,1,1,1
https://openalex.org/W2025839077,14786419,Q3,,3,3,Q3,Q3,Q3,0,3,0,1,Q3,0,3,0,1,Q3,0,3,0,1,0
https://openalex.org/W2025842341,01633864,Q1,,1,1,Q1,Q1,Q1,1,1,1,1,Q1,1,1,1,1,Q1,1,1,1,1,1
https://openalex.org/W2025870591,00224073,Q2,,2,2,Q2,Q2,Q2,0,2,1,1,Q2,0,2,1,1,Q2,0,2,1,1,0
https://openalex.org/W2025877895,13504177,-,,5,5,Unranked,Unranked,Unranked,0,5,0,0,Unranked,0,5,0,0,Unranked,0,5,0,0,0
https://openalex.org/W2025889633,09307516,Q2,,2,2,Q2,Q2,Q2,0,2,1,1,Q2,0,2,1,1,Q2,0,2,1,1,0
https://openalex.org/W2025912329,00218561,Q1,,1,1,Q1,Q1,Q1,1,1,1,1,Q1,1,1,1,1,Q1,1,1,1,1,1
https://openalex.org/W2025925244,13597345,Q1,,1,1,Q1,Q1,Q1,1,1,1,1,Q1,1,1,1,1,Q1,1,1,1,1,1
https://openalex.org/W2025934566,10916466,Q2,,3,3,Q3,Q3,Q2,0,2,1,1,Q3,0,3,0,1,Q3,0,3,0,1,0
https://openalex.org/W2025939683,09205861,Q1,,1,1,Q1,Q1,Q1,1,1,1,1,Q1,1,1,1,1,Q1,1,1,1,1,1
https://openalex.org/W2025940683,15306984,Q1,,1,1,Q1,Q1,Q1,1,1,1,1,Q1,1,1,1,1,Q1,1,1,1,1,1
https://openalex.org/W2025951057,1001604X,Q3,,3,2,Q3,Q2,Q3,0,3,0,1,Q3,0,3,0,1,Q2,0,2,1,1,0
https://openalex.org/W2025955686,00219568,Q1,,1,1,Q1,Q1,Q1,1,1,1,1,Q1,1,1,1,1,Q1,1,1,1,1,1
https://openalex.org/W2026072061,10229760,Q3,,3,3,Q3,Q3,Q3,0,3,0,1,Q3,0,3,0,1,Q3,0,3,0,1,0
https://openalex.org/W2026091636,14786419,Q3,,3,3,Q3,Q3,Q3,0,3,0,1,Q3,0,3,0,1,Q3,0,3,0,1,0
https://openalex.org/W2026099155,09106340,Q3,,2,2,Q2,Q2,Q3,0,3,0,1,Q2,0,2,1,1,Q2,0,2,1,1,0
https://openalex.org/W2026126935,10412905,Q2,,2,2,Q2,Q2,Q2,0,2,1,1,Q2,0,2,1,1,Q2,0,2,1,1,0
https://openalex.org/W2026128616,07373937,Q3,,2,2,Q2,Q2,Q3,0,3,0,1,Q2,0,2,1,1,Q2,0,2,1,1,0
https://openalex.org/W2026160993,00399140,Q1,,1,1,Q1,Q1,Q1,1,1,1,1,Q1,1,1,1,1,Q1,1,1,1,1,1
https://openalex.org/W2026161488,00218995,Q1,,2,2,Q2,Q2,Q1,1,1,1,1,Q2,0,2,1,1,Q2,0,2,1,1,1
https://openalex.org/W2026164193,00095893,Q2,,2,2,Q2,Q2,Q2,0,2,1,1,Q2,0,2,1,1,Q2,0,2,1,1,0
https://openalex.org/W2026184907,10765174,Q1,,1,1,Q1,Q1,Q1,1,1,1,1,Q1,1,1,1,1,Q1,1,1,1,1,1
https://openalex.org/W2026193736,0021891X,Q2,,2,2,Q2,Q2,Q2,0,2,1,1,Q2,0,2,1,1,Q2,0,2,1,1,0
https://openalex.org/W2026242786,00032670,Q1,,1,1,Q1,Q1,Q1,1,1,1,1,Q1,1,1,1,1,Q1,1,1,1,1,1
https://openalex.org/W2026244148,0039128X,Q2,,2,2,Q2,Q2,Q2,0,2,1,1,Q2,0,2,1,1,Q2,0,2,1,1,0
https://openalex.org/W2026252147,00219673,Q1,,1,1,Q1,Q1,Q1,1,1,1,1,Q1,1,1,1,1,Q1,1,1,1,1,1
https://openalex.org/W2026260407,00218561,Q1,,1,1,Q1,Q1,Q1,1,1,1,1,Q1,1,1,1,1,Q1,1,1,1,1,1
https://openalex.org/W2026285787,0013936X,Q1,,1,1,Q1,Q1,Q1,1,1,1,1,Q1,1,1,1,1,Q1,1,1,1,1,1
https://openalex.org/W2026303019,02578972,Q1,,1,1,Q1,Q1,Q1,1,1,1,1,Q1,1,1,1,1,Q1,1,1,1,1,1
https://openalex.org/W2026304334,00218561,Q1,,1,1,Q1,Q1,Q1,1,1,1,1,Q1,1,1,1,1,Q1,1,1,1,1,1
https://openalex.org/W2026339700,00119164,Q1,,1,1,Q1,Q1,Q1,1,1,1,1,Q1,1,1,1,1,Q1,1,1,1,1,1
https://openalex.org/W2026383582,00134651,Q1,,1,1,Q1,Q1,Q1,1,1,1,1,Q1,1,1,1,1,Q1,1,1,1,1,1
https://openalex.org/W2026388124,09277757,-,,5,5,Unranked,Unranked,Unranked,0,5,0,0,Unranked,0,5,0,0,Unranked,0,5,0,0,0
https://openalex.org/W2026403697,01659936,Q1,,1,1,Q1,Q1,Q1,1,1,1,1,Q1,1,1,1,1,Q1,1,1,1,1,1
https://openalex.org/W2026460968,13886150,Q3,,3,3,Q3,Q3,Q3,0,3,0,1,Q3,0,3,0,1,Q3,0,3,0,1,0
https://openalex.org/W2026493293,00095893,Q2,,2,2,Q2,Q2,Q2,0,2,1,1,Q2,0,2,1,1,Q2,0,2,1,1,0
https://openalex.org/W2026493627,00323888,Q1,,2,2,Q2,Q2,Q1,1,1,1,1,Q2,0,2,1,1,Q2,0,2,1,1,1
https://openalex.org/W2026506840,10765174,Q1,,1,1,Q1,Q1,Q1,1,1,1,1,Q1,1,1,1,1,Q1,1,1,1,1,1
https://openalex.org/W2026543532,00456535,Q1,,1,1,Q1,Q1,Q1,1,1,1,1,Q1,1,1,1,1,Q1,1,1,1,1,1
https://openalex.org/W2026562142,08837694,Q1,,1,1,Q1,Q1,Q1,1,1,1,1,Q1,1,1,1,1,Q1,1,1,1,1,1
https://openalex.org/W2026571929,16182642,Q2,,1,1,Q1,Q1,Q2,0,2,1,1,Q1,1,1,1,1,Q1,1,1,1,1,0
https://openalex.org/W2026647087,01694332,-,,5,5,Unranked,Unranked,Unranked,0,5,0,0,Unranked,0,5,0,0,Unranked,0,5,0,0,0
https://openalex.org/W2026667442,00027863,Q1,,1,1,Q1,Q1,Q1,1,1,1,1,Q1,1,1,1,1,Q1,1,1,1,1,1
https://openalex.org/W2026689426,00399140,Q1,,1,1,Q1,Q1,Q1,1,1,1,1,Q1,1,1,1,1,Q1,1,1,1,1,1
https://openalex.org/W2026701807,00032670,Q1,,1,1,Q1,Q1,Q1,1,1,1,1,Q1,1,1,1,1,Q1,1,1,1,1,1
https://openalex.org/W2026713507,09669795,Q1,,1,1,Q1,Q1,Q1,1,1,1,1,Q1,1,1,1,1,Q1,1,1,1,1,1
https://openalex.org/W2026720837,01633864,Q1,,1,1,Q1,Q1,Q1,1,1,1,1,Q1,1,1,1,1,Q1,1,1,1,1,1
https://openalex.org/W2026737673,16182642,Q2,,1,1,Q1,Q1,Q2,0,2,1,1,Q1,1,1,1,1,Q1,1,1,1,1,0
https://openalex.org/W2026746149,01652370,Q1,,1,1,Q1,Q1,Q1,1,1,1,1,Q1,1,1,1,1,Q1,1,1,1,1,1
https://openalex.org/W2026786751,00222852,Q2,,2,2,Q2,Q2,Q2,0,2,1,1,Q2,0,2,1,1,Q2,0,2,1,1,0
https://openalex.org/W2026801200,07373937,Q3,,2,2,Q2,Q2,Q3,0,3,0,1,Q2,0,2,1,1,Q2,0,2,1,1,0
https://openalex.org/W2026818039,00032670,Q1,,1,1,Q1,Q1,Q1,1,1,1,1,Q1,1,1,1,1,Q1,1,1,1,1,1
https://openalex.org/W2026821104,14337851,Q1,,1,1,Q1,Q1,Q1,1,1,1,1,Q1,1,1,1,1,Q1,1,1,1,1,1
https://openalex.org/W2026838227,09565663,Q1,,1,1,Q1,Q1,Q1,1,1,1,1,Q1,1,1,1,1,Q1,1,1,1,1,1
https://openalex.org/W2026850589,00218995,Q1,,2,2,Q2,Q2,Q1,1,1,1,1,Q2,0,2,1,1,Q2,0,2,1,1,1
https://openalex.org/W2026881562,02578972,Q1,,1,1,Q1,Q1,Q1,1,1,1,1,Q1,1,1,1,1,Q1,1,1,1,1,1
https://openalex.org/W2026944416,02767333,Q1,,1,1,Q1,Q1,Q1,1,1,1,1,Q1,1,1,1,1,Q1,1,1,1,1,1
https://openalex.org/W2027019256,02578972,Q1,,1,1,Q1,Q1,Q1,1,1,1,1,Q1,1,1,1,1,Q1,1,1,1,1,1
https://openalex.org/W2027021316,00218561,Q1,,1,1,Q1,Q1,Q1,1,1,1,1,Q1,1,1,1,1,Q1,1,1,1,1,1
https://openalex.org/W2027072466,00027863,Q1,,1,1,Q1,Q1,Q1,1,1,1,1,Q1,1,1,1,1,Q1,1,1,1,1,1
https://openalex.org/W2027075043,01496395,Q2,,2,2,Q2,Q2,Q2,0,2,1,1,Q2,0,2,1,1,Q2,0,2,1,1,0
https://openalex.org/W2027089282,09599428,Q1,,1,1,Q1,Q1,Q1,1,1,1,1,Q1,1,1,1,1,Q1,1,1,1,1,1
https://openalex.org/W2027104123,0960894X,Q2,,2,2,Q2,Q2,Q2,0,2,1,1,Q2,0,2,1,1,Q2,0,2,1,1,0
https://openalex.org/W2027149029,14387492,Q2,,2,2,Q2,Q2,Q2,0,2,1,1,Q2,0,2,1,1,Q2,0,2,1,1,0
https://openalex.org/W2027150819,0303402X,Q2,,2,2,Q2,Q2,Q2,0,2,1,1,Q2,0,2,1,1,Q2,0,2,1,1,0
https://openalex.org/W2027160126,09599428,Q1,,1,1,Q1,Q1,Q1,1,1,1,1,Q1,1,1,1,1,Q1,1,1,1,1,1
https://openalex.org/W2027192976,08926875,Q2,,1,1,Q1,Q1,Q2,0,2,1,1,Q1,1,1,1,1,Q1,1,1,1,1,0
https://openalex.org/W2027206254,02365731,Q3,,3,3,Q3,Q3,Q3,0,3,0,1,Q3,0,3,0,1,Q3,0,3,0,1,0
https://openalex.org/W2027325811,0303402X,Q2,,2,2,Q2,Q2,Q2,0,2,1,1,Q2,0,2,1,1,Q2,0,2,1,1,0
https://openalex.org/W2027341219,00220248,Q1,,2,2,Q2,Q2,Q1,1,1,1,1,Q2,0,2,1,1,Q2,0,2,1,1,1
https://openalex.org/W2027343274,09205861,Q1,,1,1,Q1,Q1,Q1,1,1,1,1,Q1,1,1,1,1,Q1,1,1,1,1,1
https://openalex.org/W2027454926,03767388,Q1,,1,1,Q1,Q1,Q1,1,1,1,1,Q1,1,1,1,1,Q1,1,1,1,1,1
https://openalex.org/W2027461647,00219673,Q1,,1,1,Q1,Q1,Q1,1,1,1,1,Q1,1,1,1,1,Q1,1,1,1,1,1
https://openalex.org/W2027530743,00304018,Q1,,2,2,Q2,Q2,Q1,1,1,1,1,Q2,0,2,1,1,Q2,0,2,1,1,1
https://openalex.org/W2027541227,14337851,Q1,,1,1,Q1,Q1,Q1,1,1,1,1,Q1,1,1,1,1,Q1,1,1,1,1,1
https://openalex.org/W2027631735,03009440,Q2,,2,2,Q2,Q2,Q2,0,2,1,1,Q2,0,2,1,1,Q2,0,2,1,1,0
https://openalex.org/W2027634577,03667022,Q2,,2,2,Q2,Q2,Q2,0,2,1,1,Q2,0,2,1,1,Q2,0,2,1,1,0
https://openalex.org/W2027663796,02578972,Q1,,1,1,Q1,Q1,Q1,1,1,1,1,Q1,1,1,1,1,Q1,1,1,1,1,1
https://openalex.org/W2027667772,00404039,Q1,,2,2,Q2,Q2,Q1,1,1,1,1,Q2,0,2,1,1,Q2,0,2,1,1,1
https://openalex.org/W2027690145,09565663,Q1,,1,1,Q1,Q1,Q1,1,1,1,1,Q1,1,1,1,1,Q1,1,1,1,1,1
https://openalex.org/W2027747724,00223263,Q1,,1,1,Q1,Q1,Q1,1,1,1,1,Q1,1,1,1,1,Q1,1,1,1,1,1
https://openalex.org/W2027775688,15700232,Q2,,1,1,Q1,Q1,Q2,0,2,1,1,Q1,1,1,1,1,Q1,1,1,1,1,0
https://openalex.org/W2027805537,00032700,Q1,,1,1,Q1,Q1,Q1,1,1,1,1,Q1,1,1,1,1,Q1,1,1,1,1,1
https://openalex.org/W2027872550,00249297,Q1,,1,1,Q1,Q1,Q1,1,1,1,1,Q1,1,1,1,1,Q1,1,1,1,1,1
https://openalex.org/W2027891701,14770520,Q1,,1,1,Q1,Q1,Q1,1,1,1,1,Q1,1,1,1,1,Q1,1,1,1,1,1
https://openalex.org/W2027897023,13815148,Q1,,1,1,Q1,Q1,Q1,1,1,1,1,Q1,1,1,1,1,Q1,1,1,1,1,1
https://openalex.org/W2027987211,07317085,Q2,,1,1,Q1,Q1,Q2,0,2,1,1,Q1,1,1,1,1,Q1,1,1,1,1,0
https://openalex.org/W2028016495,00399140,Q1,,1,1,Q1,Q1,Q1,1,1,1,1,Q1,1,1,1,1,Q1,1,1,1,1,1
https://openalex.org/W2028017051,10221336,Q1,,1,1,Q1,Q1,Q1,1,1,1,1,Q1,1,1,1,1,Q1,1,1,1,1,1
https://openalex.org/W2028028101,00162361,Q1,,1,1,Q1,Q1,Q1,1,1,1,1,Q1,1,1,1,1,Q1,1,1,1,1,1
https://openalex.org/W2028048238,13886150,Q3,,3,3,Q3,Q3,Q3,0,3,0,1,Q3,0,3,0,1,Q3,0,3,0,1,0
https://openalex.org/W2028126696,00406031,Q3,,2,2,Q2,Q2,Q3,0,3,0,1,Q2,0,2,1,1,Q2,0,2,1,1,0
https://openalex.org/W2028131301,13835866,Q1,,1,1,Q1,Q1,Q1,1,1,1,1,Q1,1,1,1,1,Q1,1,1,1,1,1
https://openalex.org/W2028140396,09254005,-,,5,5,Unranked,Unranked,Unranked,0,5,0,0,Unranked,0,5,0,0,Unranked,0,5,0,0,0
https://openalex.org/W2028141620,00032700,Q1,,1,1,Q1,Q1,Q1,1,1,1,1,Q1,1,1,1,1,Q1,1,1,1,1,1
https://openalex.org/W2028143076,00119164,Q1,,1,1,Q1,Q1,Q1,1,1,1,1,Q1,1,1,1,1,Q1,1,1,1,1,1
https://openalex.org/W2028212868,15237052,Q1,,1,1,Q1,Q1,Q1,1,1,1,1,Q1,1,1,1,1,Q1,1,1,1,1,1
https://openalex.org/W2028223141,00399140,Q1,,1,1,Q1,Q1,Q1,1,1,1,1,Q1,1,1,1,1,Q1,1,1,1,1,1
https://openalex.org/W2028230508,01672738,Q1,,1,1,Q1,Q1,Q1,1,1,1,1,Q1,1,1,1,1,Q1,1,1,1,1,1
https://openalex.org/W2028251802,00219673,Q1,,1,1,Q1,Q1,Q1,1,1,1,1,Q1,1,1,1,1,Q1,1,1,1,1,1
https://openalex.org/W2028274524,15237052,Q1,,1,1,Q1,Q1,Q1,1,1,1,1,Q1,1,1,1,1,Q1,1,1,1,1,1
https://openalex.org/W2028307281,02578972,Q1,,1,1,Q1,Q1,Q1,1,1,1,1,Q1,1,1,1,1,Q1,1,1,1,1,1
https://openalex.org/W2028326960,13886150,Q3,,3,3,Q3,Q3,Q3,0,3,0,1,Q3,0,3,0,1,Q3,0,3,0,1,0
https://openalex.org/W2028346185,00456535,Q1,,1,1,Q1,Q1,Q1,1,1,1,1,Q1,1,1,1,1,Q1,1,1,1,1,1
https://openalex.org/W2028364073,13835866,Q1,,1,1,Q1,Q1,Q1,1,1,1,1,Q1,1,1,1,1,Q1,1,1,1,1,1
https://openalex.org/W2028367723,09598103,-,,5,5,Unranked,Unranked,Unranked,0,5,0,0,Unranked,0,5,0,0,Unranked,0,5,0,0,0
https://openalex.org/W2028372072,01633864,Q1,,1,1,Q1,Q1,Q1,1,1,1,1,Q1,1,1,1,1,Q1,1,1,1,1,1
https://openalex.org/W2028395900,13877003,Q2,,2,2,Q2,Q2,Q2,0,2,1,1,Q2,0,2,1,1,Q2,0,2,1,1,0
https://openalex.org/W2028403772,00119164,Q1,,1,1,Q1,Q1,Q1,1,1,1,1,Q1,1,1,1,1,Q1,1,1,1,1,1
https://openalex.org/W2028411779,00049425,Q2,,1,2,Q1,Q2,Q2,0,2,1,1,Q1,1,1,1,1,Q2,0,2,1,1,0
https://openalex.org/W2028420337,00027863,Q1,,1,1,Q1,Q1,Q1,1,1,1,1,Q1,1,1,1,1,Q1,1,1,1,1,1
https://openalex.org/W2028537723,02365731,Q3,,3,3,Q3,Q3,Q3,0,3,0,1,Q3,0,3,0,1,Q3,0,3,0,1,0
https://openalex.org/W2028541226,0018019X,Q1,,2,2,Q2,Q2,Q1,1,1,1,1,Q2,0,2,1,1,Q2,0,2,1,1,1
https://openalex.org/W2028547660,13504177,-,,5,5,Unranked,Unranked,Unranked,0,5,0,0,Unranked,0,5,0,0,Unranked,0,5,0,0,0
https://openalex.org/W2028547791,00223263,Q1,,1,1,Q1,Q1,Q1,1,1,1,1,Q1,1,1,1,1,Q1,1,1,1,1,1
https://openalex.org/W2028590093,08885885,Q1,,1,1,Q1,Q1,Q1,1,1,1,1,Q1,1,1,1,1,Q1,1,1,1,1,1
https://openalex.org/W2028606865,07373937,Q3,,2,2,Q2,Q2,Q3,0,3,0,1,Q2,0,2,1,1,Q2,0,2,1,1,0
https://openalex.org/W2028636680,01429418,Q2,,2,2,Q2,Q2,Q2,0,2,1,1,Q2,0,2,1,1,Q2,0,2,1,1,0
https://openalex.org/W2028652443,08885885,Q1,,1,1,Q1,Q1,Q1,1,1,1,1,Q1,1,1,1,1,Q1,1,1,1,1,1
https://openalex.org/W2028656905,15237052,Q1,,1,1,Q1,Q1,Q1,1,1,1,1,Q1,1,1,1,1,Q1,1,1,1,1,1
https://openalex.org/W2028657551,00218995,Q1,,2,2,Q2,Q2,Q1,1,1,1,1,Q2,0,2,1,1,Q2,0,2,1,1,1
https://openalex.org/W2028664116,13886150,Q3,,3,3,Q3,Q3,Q3,0,3,0,1,Q3,0,3,0,1,Q3,0,3,0,1,0
https://openalex.org/W2028672012,00222313,Q1,,1,1,Q1,Q1,Q1,1,1,1,1,Q1,1,1,1,1,Q1,1,1,1,1,1
https://openalex.org/W2028708243,15205207,Q1,,1,1,Q1,Q1,Q1,1,1,1,1,Q1,1,1,1,1,Q1,1,1,1,1,1
https://openalex.org/W2028754091,15353893,Q1,,1,1,Q1,Q1,Q1,1,1,1,1,Q1,1,1,1,1,Q1,1,1,1,1,1
https://openalex.org/W2028832239,07317085,Q2,,1,1,Q1,Q1,Q2,0,2,1,1,Q1,1,1,1,1,Q1,1,1,1,1,0
https://openalex.org/W2028875416,16182642,Q2,,1,1,Q1,Q1,Q2,0,2,1,1,Q1,1,1,1,1,Q1,1,1,1,1,0
https://openalex.org/W2028890609,00032670,Q1,,1,1,Q1,Q1,Q1,1,1,1,1,Q1,1,1,1,1,Q1,1,1,1,1,1
https://openalex.org/W2028899746,03088146,Q1,,1,1,Q1,Q1,Q1,1,1,1,1,Q1,1,1,1,1,Q1,1,1,1,1,1
https://openalex.org/W2028909196,00304018,Q1,,2,2,Q2,Q2,Q1,1,1,1,1,Q2,0,2,1,1,Q2,0,2,1,1,1
https://openalex.org/W2028983874,09259635,Q1,,1,1,Q1,Q1,Q1,1,1,1,1,Q1,1,1,1,1,Q1,1,1,1,1,1
https://openalex.org/W2029033121,00086223,Q1,,1,1,Q1,Q1,Q1,1,1,1,1,Q1,1,1,1,1,Q1,1,1,1,1,1
https://openalex.org/W2029035748,00222313,Q1,,1,1,Q1,Q1,Q1,1,1,1,1,Q1,1,1,1,1,Q1,1,1,1,1,1
https://openalex.org/W2029047699,03009440,Q2,,2,2,Q2,Q2,Q2,0,2,1,1,Q2,0,2,1,1,Q2,0,2,1,1,0
https://openalex.org/W2029048409,03767388,Q1,,1,1,Q1,Q1,Q1,1,1,1,1,Q1,1,1,1,1,Q1,1,1,1,1,1
https://openalex.org/W2029081750,10895639,Q1,,1,1,Q1,Q1,Q1,1,1,1,1,Q1,1,1,1,1,Q1,1,1,1,1,1
https://openalex.org/W2029087418,09478396,Q1,,1,1,Q1,Q1,Q1,1,1,1,1,Q1,1,1,1,1,Q1,1,1,1,1,1
https://openalex.org/W2029092429,00032670,Q1,,1,1,Q1,Q1,Q1,1,1,1,1,Q1,1,1,1,1,Q1,1,1,1,1,1
https://openalex.org/W2029097083,00218561,Q1,,1,1,Q1,Q1,Q1,1,1,1,1,Q1,1,1,1,1,Q1,1,1,1,1,1
https://openalex.org/W2029112520,14387697,Q2,,2,2,Q2,Q2,Q2,0,2,1,1,Q2,0,2,1,1,Q2,0,2,1,1,0
https://openalex.org/W2029125388,00219673,Q1,,1,1,Q1,Q1,Q1,1,1,1,1,Q1,1,1,1,1,Q1,1,1,1,1,1
https://openalex.org/W2029137820,02679477,Q1,,1,1,Q1,Q1,Q1,1,1,1,1,Q1,1,1,1,1,Q1,1,1,1,1,1
https://openalex.org/W2029149459,00323861,Q1,,1,1,Q1,Q1,Q1,1,1,1,1,Q1,1,1,1,1,Q1,1,1,1,1,1
https://openalex.org/W2029178191,03404285,Q3,,3,3,Q3,Q3,Q3,0,3,0,1,Q3,0,3,0,1,Q3,0,3,0,1,0
https://openalex.org/W2029206318,02578972,Q1,,1,1,Q1,Q1,Q1,1,1,1,1,Q1,1,1,1,1,Q1,1,1,1,1,1
https://openalex.org/W2029213806,01672738,Q1,,1,1,Q1,Q1,Q1,1,1,1,1,Q1,1,1,1,1,Q1,1,1,1,1,1
https://openalex.org/W2029218253,00389056,Q2,,2,2,Q2,Q2,Q2,0,2,1,1,Q2,0,2,1,1,Q2,0,2,1,1,0
https://openalex.org/W2029248471,13597345,Q1,,1,1,Q1,Q1,Q1,1,1,1,1,Q1,1,1,1,1,Q1,1,1,1,1,1
https://openalex.org/W20292578,03009440,Q2,,2,2,Q2,Q2,Q2,0,2,1,1,Q2,0,2,1,1,Q2,0,2,1,1,0
https://openalex.org/W2029288219,16182642,Q2,,1,1,Q1,Q1,Q2,0,2,1,1,Q1,1,1,1,1,Q1,1,1,1,1,0
https://openalex.org/W2029289940,13880764,Q1,,1,1,Q1,Q1,Q1,1,1,1,1,Q1,1,1,1,1,Q1,1,1,1,1,1
https://openalex.org/W2029314519,09574166,Q1,,1,1,Q1,Q1,Q1,1,1,1,1,Q1,1,1,1,1,Q1,1,1,1,1,1
https://openalex.org/W2029318391,0018019X,Q1,,2,2,Q2,Q2,Q1,1,1,1,1,Q2,0,2,1,1,Q2,0,2,1,1,1
https://openalex.org/W2029362244,14786419,Q3,,3,3,Q3,Q3,Q3,0,3,0,1,Q3,0,3,0,1,Q3,0,3,0,1,0
https://openalex.org/W2029377637,13861425,Q2,,2,2,Q2,Q2,Q2,0,2,1,1,Q2,0,2,1,1,Q2,0,2,1,1,0
https://openalex.org/W2029490892,15237052,Q1,,1,1,Q1,Q1,Q1,1,1,1,1,Q1,1,1,1,1,Q1,1,1,1,1,1
https://openalex.org/W2029506988,00218561,Q1,,1,1,Q1,Q1,Q1,1,1,1,1,Q1,1,1,1,1,Q1,1,1,1,1,1
https://openalex.org/W2029638632,15667367,Q1,,1,1,Q1,Q1,Q1,1,1,1,1,Q1,1,1,1,1,Q1,1,1,1,1,1
https://openalex.org/W2029642122,00162361,Q1,,1,1,Q1,Q1,Q1,1,1,1,1,Q1,1,1,1,1,Q1,1,1,1,1,1
https://openalex.org/W2029645444,10836160,Q2,,1,1,Q1,Q1,Q2,0,2,1,1,Q1,1,1,1,1,Q1,1,1,1,1,0
https://openalex.org/W2029662794,15306984,Q1,,1,1,Q1,Q1,Q1,1,1,1,1,Q1,1,1,1,1,Q1,1,1,1,1,1
https://openalex.org/W2029694294,03767388,Q1,,1,1,Q1,Q1,Q1,1,1,1,1,Q1,1,1,1,1,Q1,1,1,1,1,1
https://openalex.org/W2029740329,15205207,Q1,,1,1,Q1,Q1,Q1,1,1,1,1,Q1,1,1,1,1,Q1,1,1,1,1,1
https://openalex.org/W2029750006,00027863,Q1,,1,1,Q1,Q1,Q1,1,1,1,1,Q1,1,1,1,1,Q1,1,1,1,1,1
https://openalex.org/W2029755248,01633864,Q1,,1,1,Q1,Q1,Q1,1,1,1,1,Q1,1,1,1,1,Q1,1,1,1,1,1
https://openalex.org/W2029758101,0887624X,Q1,,1,1,Q1,Q1,Q1,1,1,1,1,Q1,1,1,1,1,Q1,1,1,1,1,1
https://openalex.org/W2029767616,00404039,Q1,,2,2,Q2,Q2,Q1,1,1,1,1,Q2,0,2,1,1,Q2,0,2,1,1,1
https://openalex.org/W2029815974,00456535,Q1,,1,1,Q1,Q1,Q1,1,1,1,1,Q1,1,1,1,1,Q1,1,1,1,1,1
https://openalex.org/W2029816451,00323861,Q1,,1,1,Q1,Q1,Q1,1,1,1,1,Q1,1,1,1,1,Q1,1,1,1,1,1
https://openalex.org/W2029843300,08885885,Q1,,1,1,Q1,Q1,Q1,1,1,1,1,Q1,1,1,1,1,Q1,1,1,1,1,1
https://openalex.org/W2029860864,09277765,Q2,,2,2,Q2,Q2,Q2,0,2,1,1,Q2,0,2,1,1,Q2,0,2,1,1,0
https://openalex.org/W2029895425,14203049,Q3,,2,2,Q2,Q2,Q3,0,3,0,1,Q2,0,2,1,1,Q2,0,2,1,1,0
https://openalex.org/W2029901511,13597345,Q1,,1,1,Q1,Q1,Q1,1,1,1,1,Q1,1,1,1,1,Q1,1,1,1,1,1
https://openalex.org/W2029919520,15700232,Q2,,1,1,Q1,Q1,Q2,0,2,1,1,Q1,1,1,1,1,Q1,1,1,1,1,0
https://openalex.org/W2029944389,00404039,Q1,,2,2,Q2,Q2,Q1,1,1,1,1,Q2,0,2,1,1,Q2,0,2,1,1,1
https://openalex.org/W2029945242,00220248,Q1,,2,2,Q2,Q2,Q1,1,1,1,1,Q2,0,2,1,1,Q2,0,2,1,1,1
https://openalex.org/W2029963675,00223263,Q1,,1,1,Q1,Q1,Q1,1,1,1,1,Q1,1,1,1,1,Q1,1,1,1,1,1
https://openalex.org/W2029984012,09259635,Q1,,1,1,Q1,Q1,Q1,1,1,1,1,Q1,1,1,1,1,Q1,1,1,1,1,1
https://openalex.org/W2029990143,00406031,Q3,,2,2,Q2,Q2,Q3,0,3,0,1,Q2,0,2,1,1,Q2,0,2,1,1,0
https://openalex.org/W2030014575,00037028,Q2,,3,3,Q3,Q3,Q2,0,2,1,1,Q3,0,3,0,1,Q3,0,3,0,1,0
https://openalex.org/W2030024203,00219568,Q1,,1,1,Q1,Q1,Q1,1,1,1,1,Q1,1,1,1,1,Q1,1,1,1,1,1
https://openalex.org/W2030045479,0946672X,Q3,,2,2,Q2,Q2,Q3,0,3,0,1,Q2,0,2,1,1,Q2,0,2,1,1,0
https://openalex.org/W2030061131,00220248,Q1,,2,2,Q2,Q2,Q1,1,1,1,1,Q2,0,2,1,1,Q2,0,2,1,1,1
https://openalex.org/W2030125537,13873806,Q1,,2,2,Q2,Q2,Q1,1,1,1,1,Q2,0,2,1,1,Q2,0,2,1,1,1
https://openalex.org/W2030157007,03009440,Q2,,2,2,Q2,Q2,Q2,0,2,1,1,Q2,0,2,1,1,Q2,0,2,1,1,0
https://openalex.org/W2030179157,02578972,Q1,,1,1,Q1,Q1,Q1,1,1,1,1,Q1,1,1,1,1,Q1,1,1,1,1,1
https://openalex.org/W2030189497,02767333,Q1,,1,1,Q1,Q1,Q1,1,1,1,1,Q1,1,1,1,1,Q1,1,1,1,1,1
https://openalex.org/W2030195725,09149244,Q3,,3,3,Q3,Q3,Q3,0,3,0,1,Q3,0,3,0,1,Q3,0,3,0,1,0
https://openalex.org/W2030197493,00027863,Q1,,1,1,Q1,Q1,Q1,1,1,1,1,Q1,1,1,1,1,Q1,1,1,1,1,1
https://openalex.org/W2030207943,00219673,Q1,,1,1,Q1,Q1,Q1,1,1,1,1,Q1,1,1,1,1,Q1,1,1,1,1,1
https://openalex.org/W2030213769,02578972,Q1,,1,1,Q1,Q1,Q1,1,1,1,1,Q1,1,1,1,1,Q1,1,1,1,1,1
https://openalex.org/W2030227426,00397911,Q3,,3,3,Q3,Q3,Q3,0,3,0,1,Q3,0,3,0,1,Q3,0,3,0,1,0
https://openalex.org/W2030268253,10826076,Q3,,3,3,Q3,Q3,Q3,0,3,0,1,Q3,0,3,0,1,Q3,0,3,0,1,0
https://openalex.org/W2030323870,03770486,Q2,,1,1,Q1,Q1,Q2,0,2,1,1,Q1,1,1,1,1,Q1,1,1,1,1,0
https://openalex.org/W2030332671,10400397,Q2,,2,2,Q2,Q2,Q2,0,2,1,1,Q2,0,2,1,1,Q2,0,2,1,1,0
https://openalex.org/W2030345900,01633864,Q1,,1,1,Q1,Q1,Q1,1,1,1,1,Q1,1,1,1,1,Q1,1,1,1,1,1
https://openalex.org/W2030380408,00201669,Q1,,1,1,Q1,Q1,Q1,1,1,1,1,Q1,1,1,1,1,Q1,1,1,1,1,1
https://openalex.org/W2030398771,00092363,Q2,,2,2,Q2,Q2,Q2,0,2,1,1,Q2,0,2,1,1,Q2,0,2,1,1,0
https://openalex.org/W2030421177,00498246,Q2,,3,3,Q3,Q3,Q2,0,2,1,1,Q3,0,3,0,1,Q3,0,3,0,1,0
https://openalex.org/W2030443384,13886150,Q3,,3,3,Q3,Q3,Q3,0,3,0,1,Q3,0,3,0,1,Q3,0,3,0,1,0
https://openalex.org/W2030450105,00218995,Q1,,2,2,Q2,Q2,Q1,1,1,1,1,Q2,0,2,1,1,Q2,0,2,1,1,1
https://openalex.org/W2030476682,00162361,Q1,,1,1,Q1,Q1,Q1,1,1,1,1,Q1,1,1,1,1,Q1,1,1,1,1,1
https://openalex.org/W2030491076,0026265X,Q2,,2,2,Q2,Q2,Q2,0,2,1,1,Q2,0,2,1,1,Q2,0,2,1,1,0
https://openalex.org/W2030500557,09168451,Q3,,2,2,Q2,Q2,Q3,0,3,0,1,Q2,0,2,1,1,Q2,0,2,1,1,0
https://openalex.org/W2030513719,0946672X,Q3,,2,2,Q2,Q2,Q3,0,3,0,1,Q2,0,2,1,1,Q2,0,2,1,1,0
https://openalex.org/W2030520301,00218995,Q1,,2,2,Q2,Q2,Q1,1,1,1,1,Q2,0,2,1,1,Q2,0,2,1,1,1
https://openalex.org/W2030527002,03067319,Q3,,3,3,Q3,Q3,Q3,0,3,0,1,Q3,0,3,0,1,Q3,0,3,0,1,0
https://openalex.org/W2030538735,03009440,Q2,,2,2,Q2,Q2,Q2,0,2,1,1,Q2,0,2,1,1,Q2,0,2,1,1,0
https://openalex.org/W2030541176,00092509,Q1,,1,1,Q1,Q1,Q1,1,1,1,1,Q1,1,1,1,1,Q1,1,1,1,1,1
https://openalex.org/W2030552074,07317085,Q2,,1,1,Q1,Q1,Q2,0,2,1,1,Q1,1,1,1,1,Q1,1,1,1,1,0
https://openalex.org/W2030557707,02578972,Q1,,1,1,Q1,Q1,Q1,1,1,1,1,Q1,1,1,1,1,Q1,1,1,1,1,1
https://openalex.org/W2030562278,10703284,Q4,,3,3,Q3,Q3,Q4,0,4,0,0,Q3,0,3,0,1,Q3,0,3,0,1,0
https://openalex.org/W2030577184,08885885,Q1,,1,1,Q1,Q1,Q1,1,1,1,1,Q1,1,1,1,1,Q1,1,1,1,1,1
https://openalex.org/W2030632502,01633864,Q1,,1,1,Q1,Q1,Q1,1,1,1,1,Q1,1,1,1,1,Q1,1,1,1,1,1
https://openalex.org/W2030643225,02552701,Q2,,1,1,Q1,Q1,Q2,0,2,1,1,Q1,1,1,1,1,Q1,1,1,1,1,0
https://openalex.org/W2030648522,01633864,Q1,,1,1,Q1,Q1,Q1,1,1,1,1,Q1,1,1,1,1,Q1,1,1,1,1,1
https://openalex.org/W2030657433,14341948,Q1,,1,1,Q1,Q1,Q1,1,1,1,1,Q1,1,1,1,1,Q1,1,1,1,1,1
https://openalex.org/W2030670188,01496395,Q2,,2,2,Q2,Q2,Q2,0,2,1,1,Q2,0,2,1,1,Q2,0,2,1,1,0
https://openalex.org/W2030706404,15306984,Q1,,1,1,Q1,Q1,Q1,1,1,1,1,Q1,1,1,1,1,Q1,1,1,1,1,1
https://openalex.org/W2030709731,09478396,Q1,,1,1,Q1,Q1,Q1,1,1,1,1,Q1,1,1,1,1,Q1,1,1,1,1,1
https://openalex.org/W2030715662,1536383X,Q3,,3,3,Q3,Q3,Q3,0,3,0,1,Q3,0,3,0,1,Q3,0,3,0,1,0
https://openalex.org/W2030726248,01694332,-,,5,5,Unranked,Unranked,Unranked,0,5,0,0,Unranked,0,5,0,0,Unranked,0,5,0,0,0
https://openalex.org/W2030745227,00219568,Q1,,1,1,Q1,Q1,Q1,1,1,1,1,Q1,1,1,1,1,Q1,1,1,1,1,1
https://openalex.org/W2030748990,00220248,Q1,,2,2,Q2,Q2,Q1,1,1,1,1,Q2,0,2,1,1,Q2,0,2,1,1,1
https://openalex.org/W2030749010,0026265X,Q2,,2,2,Q2,Q2,Q2,0,2,1,1,Q2,0,2,1,1,Q2,0,2,1,1,0
https://openalex.org/W2030766823,00218995,Q1,,2,2,Q2,Q2,Q1,1,1,1,1,Q2,0,2,1,1,Q2,0,2,1,1,1
https://openalex.org/W2030767573,01672738,Q1,,1,1,Q1,Q1,Q1,1,1,1,1,Q1,1,1,1,1,Q1,1,1,1,1,1
https://openalex.org/W2030800936,09680896,Q2,,1,1,Q1,Q1,Q2,0,2,1,1,Q1,1,1,1,1,Q1,1,1,1,1,0
https://openalex.org/W2030840459,00032700,Q1,,1,1,Q1,Q1,Q1,1,1,1,1,Q1,1,1,1,1,Q1,1,1,1,1,1
https://openalex.org/W2030841763,09669795,Q1,,1,1,Q1,Q1,Q1,1,1,1,1,Q1,1,1,1,1,Q1,1,1,1,1,1
https://openalex.org/W2030859861,02578972,Q1,,1,1,Q1,Q1,Q1,1,1,1,1,Q1,1,1,1,1,Q1,1,1,1,1,1
https://openalex.org/W2030867517,14786419,Q3,,3,3,Q3,Q3,Q3,0,3,0,1,Q3,0,3,0,1,Q3,0,3,0,1,0
https://openalex.org/W2030900975,16159306,Q1,,1,1,Q1,Q1,Q1,1,1,1,1,Q1,1,1,1,1,Q1,1,1,1,1,1
https://openalex.org/W2030910294,10221336,Q1,,1,1,Q1,Q1,Q1,1,1,1,1,Q1,1,1,1,1,Q1,1,1,1,1,1
https://openalex.org/W2030941245,07317085,Q2,,1,1,Q1,Q1,Q2,0,2,1,1,Q1,1,1,1,1,Q1,1,1,1,1,0
https://openalex.org/W2030959425,01633864,Q1,,1,1,Q1,Q1,Q1,1,1,1,1,Q1,1,1,1,1,Q1,1,1,1,1,1
https://openalex.org/W2030993455,09259635,Q1,,1,1,Q1,Q1,Q1,1,1,1,1,Q1,1,1,1,1,Q1,1,1,1,1,1
https://openalex.org/W2031044388,15353893,Q1,,1,1,Q1,Q1,Q1,1,1,1,1,Q1,1,1,1,1,Q1,1,1,1,1,1
https://openalex.org/W2031074199,00095893,Q2,,2,2,Q2,Q2,Q2,0,2,1,1,Q2,0,2,1,1,Q2,0,2,1,1,0
https://openalex.org/W2031086258,00092509,Q1,,1,1,Q1,Q1,Q1,1,1,1,1,Q1,1,1,1,1,Q1,1,1,1,1,1
https://openalex.org/W2031095666,15353893,Q1,,1,1,Q1,Q1,Q1,1,1,1,1,Q1,1,1,1,1,Q1,1,1,1,1,1
https://openalex.org/W2031233266,15700232,Q2,,1,1,Q1,Q1,Q2,0,2,1,1,Q1,1,1,1,1,Q1,1,1,1,1,0
https://openalex.org/W2031251194,16182642,Q2,,1,1,Q1,Q1,Q2,0,2,1,1,Q1,1,1,1,1,Q1,1,1,1,1,0
https://openalex.org/W2031276387,02578972,Q1,,1,1,Q1,Q1,Q1,1,1,1,1,Q1,1,1,1,1,Q1,1,1,1,1,1
https://openalex.org/W2031294372,00442313,Q3,,3,3,Q3,Q3,Q3,0,3,0,1,Q3,0,3,0,1,Q3,0,3,0,1,0
https://openalex.org/W2031297292,09565663,Q1,,1,1,Q1,Q1,Q1,1,1,1,1,Q1,1,1,1,1,Q1,1,1,1,1,1
https://openalex.org/W2031298577,00249297,Q1,,1,1,Q1,Q1,Q1,1,1,1,1,Q1,1,1,1,1,Q1,1,1,1,1,1
https://openalex.org/W2031309866,08926875,Q2,,1,1,Q1,Q1,Q2,0,2,1,1,Q1,1,1,1,1,Q1,1,1,1,1,0
https://openalex.org/W2031319741,14328488,Q2,,2,2,Q2,Q2,Q2,0,2,1,1,Q2,0,2,1,1,Q2,0,2,1,1,0
https://openalex.org/W2031328872,00201685,Q3,,3,3,Q3,Q3,Q3,0,3,0,1,Q3,0,3,0,1,Q3,0,3,0,1,0
https://openalex.org/W2031374773,00162361,Q1,,1,1,Q1,Q1,Q1,1,1,1,1,Q1,1,1,1,1,Q1,1,1,1,1,1
https://openalex.org/W2031467920,15700232,Q2,,1,1,Q1,Q1,Q2,0,2,1,1,Q1,1,1,1,1,Q1,1,1,1,1,0
https://openalex.org/W2031471218,09106340,Q3,,2,2,Q2,Q2,Q3,0,3,0,1,Q2,0,2,1,1,Q2,0,2,1,1,0
https://openalex.org/W2031495056,00162361,Q1,,1,1,Q1,Q1,Q1,1,1,1,1,Q1,1,1,1,1,Q1,1,1,1,1,1
https://openalex.org/W2031507102,08968446,Q1,,1,1,Q1,Q1,Q1,1,1,1,1,Q1,1,1,1,1,Q1,1,1,1,1,1
https://openalex.org/W2031559877,08926875,Q2,,1,1,Q1,Q1,Q2,0,2,1,1,Q1,1,1,1,1,Q1,1,1,1,1,0
https://openalex.org/W2031586675,13861425,Q2,,2,2,Q2,Q2,Q2,0,2,1,1,Q2,0,2,1,1,Q2,0,2,1,1,0
https://openalex.org/W2031596627,09254005,-,,5,5,Unranked,Unranked,Unranked,0,5,0,0,Unranked,0,5,0,0,Unranked,0,5,0,0,0
https://openalex.org/W2031600800,00032670,Q1,,1,1,Q1,Q1,Q1,1,1,1,1,Q1,1,1,1,1,Q1,1,1,1,1,1
https://openalex.org/W2031602892,00218561,Q1,,1,1,Q1,Q1,Q1,1,1,1,1,Q1,1,1,1,1,Q1,1,1,1,1,1
https://openalex.org/W2031610693,15353893,Q1,,1,1,Q1,Q1,Q1,1,1,1,1,Q1,1,1,1,1,Q1,1,1,1,1,1
https://openalex.org/W2031636872,15700232,Q2,,1,1,Q1,Q1,Q2,0,2,1,1,Q1,1,1,1,1,Q1,1,1,1,1,0
https://openalex.org/W2031640431,02365731,Q3,,3,3,Q3,Q3,Q3,0,3,0,1,Q3,0,3,0,1,Q3,0,3,0,1,0
https://openalex.org/W2031653628,00162361,Q1,,1,1,Q1,Q1,Q1,1,1,1,1,Q1,1,1,1,1,Q1,1,1,1,1,1
https://openalex.org/W2031670369,00218561,Q1,,1,1,Q1,Q1,Q1,1,1,1,1,Q1,1,1,1,1,Q1,1,1,1,1,1
https://openalex.org/W2031676593,07317085,Q2,,1,1,Q1,Q1,Q2,0,2,1,1,Q1,1,1,1,1,Q1,1,1,1,1,0
https://openalex.org/W2031692229,14382377,Q1,,1,1,Q1,Q1,Q1,1,1,1,1,Q1,1,1,1,1,Q1,1,1,1,1,1
https://openalex.org/W2031694507,12962074,Q2,,2,2,Q2,Q2,Q2,0,2,1,1,Q2,0,2,1,1,Q2,0,2,1,1,0
https://openalex.org/W2031698009,00219517,Q1,,1,1,Q1,Q1,Q1,1,1,1,1,Q1,1,1,1,1,Q1,1,1,1,1,1
https://openalex.org/W2031748602,02365731,Q3,,3,3,Q3,Q3,Q3,0,3,0,1,Q3,0,3,0,1,Q3,0,3,0,1,0
https://openalex.org/W2031765874,10990690,Q1,,1,1,Q1,Q1,Q1,1,1,1,1,Q1,1,1,1,1,Q1,1,1,1,1,1
https://openalex.org/W2031787159,07317085,Q2,,1,1,Q1,Q1,Q2,0,2,1,1,Q1,1,1,1,1,Q1,1,1,1,1,0
https://openalex.org/W2031802057,11440546,Q1,,1,1,Q1,Q1,Q1,1,1,1,1,Q1,1,1,1,1,Q1,1,1,1,1,1
https://openalex.org/W2031808533,00086223,Q1,,1,1,Q1,Q1,Q1,1,1,1,1,Q1,1,1,1,1,Q1,1,1,1,1,1
https://openalex.org/W2031809504,00032700,Q1,,1,1,Q1,Q1,Q1,1,1,1,1,Q1,1,1,1,1,Q1,1,1,1,1,1
https://openalex.org/W2031835511,00223263,Q1,,1,1,Q1,Q1,Q1,1,1,1,1,Q1,1,1,1,1,Q1,1,1,1,1,1
https://openalex.org/W2031898890,14341948,Q1,,1,1,Q1,Q1,Q1,1,1,1,1,Q1,1,1,1,1,Q1,1,1,1,1,1
https://openalex.org/W2031952131,00086223,Q1,,1,1,Q1,Q1,Q1,1,1,1,1,Q1,1,1,1,1,Q1,1,1,1,1,1
https://openalex.org/W2031972771,00162361,Q1,,1,1,Q1,Q1,Q1,1,1,1,1,Q1,1,1,1,1,Q1,1,1,1,1,1
https://openalex.org/W2031985682,02578972,Q1,,1,1,Q1,Q1,Q1,1,1,1,1,Q1,1,1,1,1,Q1,1,1,1,1,1
https://openalex.org/W2031991071,00219673,Q1,,1,1,Q1,Q1,Q1,1,1,1,1,Q1,1,1,1,1,Q1,1,1,1,1,1
https://openalex.org/W2032030934,00381098,Q1,,1,1,Q1,Q1,Q1,1,1,1,1,Q1,1,1,1,1,Q1,1,1,1,1,1
https://openalex.org/W2032062423,00442313,Q3,,3,3,Q3,Q3,Q3,0,3,0,1,Q3,0,3,0,1,Q3,0,3,0,1,0
https://openalex.org/W2032064671,07437463,Q1,,1,1,Q1,Q1,Q1,1,1,1,1,Q1,1,1,1,1,Q1,1,1,1,1,1
https://openalex.org/W2032078065,10681620,Q4,,4,4,Q4,Q4,Q4,0,4,0,0,Q4,0,4,0,0,Q4,0,4,0,0,0
https://openalex.org/W2032096096,02578972,Q1,,1,1,Q1,Q1,Q1,1,1,1,1,Q1,1,1,1,1,Q1,1,1,1,1,1
https://openalex.org/W2032126198,09106340,Q3,,2,2,Q2,Q2,Q3,0,3,0,1,Q2,0,2,1,1,Q2,0,2,1,1,0
https://openalex.org/W2032140493,09254005,-,,5,5,Unranked,Unranked,Unranked,0,5,0,0,Unranked,0,5,0,0,Unranked,0,5,0,0,0
https://openalex.org/W2032148661,01634984,Q3,,3,3,Q3,Q3,Q3,0,3,0,1,Q3,0,3,0,1,Q3,0,3,0,1,0
https://openalex.org/W2032176602,00218995,Q1,,2,2,Q2,Q2,Q1,1,1,1,1,Q2,0,2,1,1,Q2,0,2,1,1,1
https://openalex.org/W2032188051,00218561,Q1,,1,1,Q1,Q1,Q1,1,1,1,1,Q1,1,1,1,1,Q1,1,1,1,1,1
https://openalex.org/W2032230305,07317085,Q2,,1,1,Q1,Q1,Q2,0,2,1,1,Q1,1,1,1,1,Q1,1,1,1,1,0
https://openalex.org/W2032260911,10637745,Q3,,3,3,Q3,Q3,Q3,0,3,0,1,Q3,0,3,0,1,Q3,0,3,0,1,0
https://openalex.org/W2032264696,01496395,Q2,,2,2,Q2,Q2,Q2,0,2,1,1,Q2,0,2,1,1,Q2,0,2,1,1,0
https://openalex.org/W2032281723,10431802,Q1,,1,1,Q1,Q1,Q1,1,1,1,1,Q1,1,1,1,1,Q1,1,1,1,1,1
https://openalex.org/W2032297821,00223263,Q1,,1,1,Q1,Q1,Q1,1,1,1,1,Q1,1,1,1,1,Q1,1,1,1,1,1
https://openalex.org/W2032309170,0960894X,Q2,,2,2,Q2,Q2,Q2,0,2,1,1,Q2,0,2,1,1,Q2,0,2,1,1,0
https://openalex.org/W2032425916,00027863,Q1,,1,1,Q1,Q1,Q1,1,1,1,1,Q1,1,1,1,1,Q1,1,1,1,1,1
https://openalex.org/W2032426587,09106340,Q3,,2,2,Q2,Q2,Q3,0,3,0,1,Q2,0,2,1,1,Q2,0,2,1,1,0
https://openalex.org/W2032462894,08876266,Q1,,2,2,Q2,Q2,Q1,1,1,1,1,Q2,0,2,1,1,Q2,0,2,1,1,1
https://openalex.org/W2032480515,01694332,-,,5,5,Unranked,Unranked,Unranked,0,5,0,0,Unranked,0,5,0,0,Unranked,0,5,0,0,0
https://openalex.org/W2032482752,0021955X,Q3,,2,2,Q2,Q2,Q3,0,3,0,1,Q2,0,2,1,1,Q2,0,2,1,1,0
https://openalex.org/W2032495008,10431802,Q1,,1,1,Q1,Q1,Q1,1,1,1,1,Q1,1,1,1,1,Q1,1,1,1,1,1
https://openalex.org/W2032496093,00399140,Q1,,1,1,Q1,Q1,Q1,1,1,1,1,Q1,1,1,1,1,Q1,1,1,1,1,1
https://openalex.org/W2032541774,02365731,Q3,,3,3,Q3,Q3,Q3,0,3,0,1,Q3,0,3,0,1,Q3,0,3,0,1,0
https://openalex.org/W2032654398,12299197,Q3,,2,2,Q2,Q2,Q3,0,3,0,1,Q2,0,2,1,1,Q2,0,2,1,1,0
https://openalex.org/W2032679766,00027863,Q1,,1,1,Q1,Q1,Q1,1,1,1,1,Q1,1,1,1,1,Q1,1,1,1,1,1
https://openalex.org/W2032732908,09514198,Q1,,1,1,Q1,Q1,Q1,1,1,1,1,Q1,1,1,1,1,Q1,1,1,1,1,1
https://openalex.org/W2032793885,10619348,Q4,,4,4,Q4,Q4,Q4,0,4,0,0,Q4,0,4,0,0,Q4,0,4,0,0,0
https://openalex.org/W2032817642,00027863,Q1,,1,1,Q1,Q1,Q1,1,1,1,1,Q1,1,1,1,1,Q1,1,1,1,1,1
https://openalex.org/W2032833559,00092363,Q2,,2,2,Q2,Q2,Q2,0,2,1,1,Q2,0,2,1,1,Q2,0,2,1,1,0
https://openalex.org/W2032860747,10229760,Q3,,3,3,Q3,Q3,Q3,0,3,0,1,Q3,0,3,0,1,Q3,0,3,0,1,0
https://openalex.org/W2032903384,00381098,Q1,,1,1,Q1,Q1,Q1,1,1,1,1,Q1,1,1,1,1,Q1,1,1,1,1,1
https://openalex.org/W2032944287,01730835,Q1,,1,1,Q1,Q1,Q1,1,1,1,1,Q1,1,1,1,1,Q1,1,1,1,1,1
https://openalex.org/W2032959350,0018019X,Q1,,2,2,Q2,Q2,Q1,1,1,1,1,Q2,0,2,1,1,Q2,0,2,1,1,1
https://openalex.org/W2032967063,00095893,Q2,,2,2,Q2,Q2,Q2,0,2,1,1,Q2,0,2,1,1,Q2,0,2,1,1,0
https://openalex.org/W2032973582,03639045,Q3,,2,2,Q2,Q2,Q3,0,3,0,1,Q2,0,2,1,1,Q2,0,2,1,1,0
https://openalex.org/W2032980455,02365731,Q3,,3,3,Q3,Q3,Q3,0,3,0,1,Q3,0,3,0,1,Q3,0,3,0,1,0
https://openalex.org/W2033015784,09205861,Q1,,1,1,Q1,Q1,Q1,1,1,1,1,Q1,1,1,1,1,Q1,1,1,1,1,1
https://openalex.org/W2033029317,16182642,Q2,,1,1,Q1,Q1,Q2,0,2,1,1,Q1,1,1,1,1,Q1,1,1,1,1,0
https://openalex.org/W2033069194,00219673,Q1,,1,1,Q1,Q1,Q1,1,1,1,1,Q1,1,1,1,1,Q1,1,1,1,1,1
https://openalex.org/W2033082592,01672738,Q1,,1,1,Q1,Q1,Q1,1,1,1,1,Q1,1,1,1,1,Q1,1,1,1,1,1
https://openalex.org/W2033083989,00162361,Q1,,1,1,Q1,Q1,Q1,1,1,1,1,Q1,1,1,1,1,Q1,1,1,1,1,1
https://openalex.org/W2033091676,03767388,Q1,,1,1,Q1,Q1,Q1,1,1,1,1,Q1,1,1,1,1,Q1,1,1,1,1,1
https://openalex.org/W2033103520,00220248,Q1,,2,2,Q2,Q2,Q1,1,1,1,1,Q2,0,2,1,1,Q2,0,2,1,1,1
https://openalex.org/W2033131544,00219592,Q2,,3,3,Q3,Q3,Q2,0,2,1,1,Q3,0,3,0,1,Q3,0,3,0,1,0
https://openalex.org/W2033134819,01633864,Q1,,1,1,Q1,Q1,Q1,1,1,1,1,Q1,1,1,1,1,Q1,1,1,1,1,1
https://openalex.org/W2033177746,00406031,Q3,,2,2,Q2,Q2,Q3,0,3,0,1,Q2,0,2,1,1,Q2,0,2,1,1,0
https://openalex.org/W2033177750,13873806,Q1,,2,2,Q2,Q2,Q1,1,1,1,1,Q2,0,2,1,1,Q2,0,2,1,1,1
https://openalex.org/W2033190941,09253467,-,,5,5,Unranked,Unranked,Unranked,0,5,0,0,Unranked,0,5,0,0,Unranked,0,5,0,0,0
https://openalex.org/W2033212947,10826076,Q3,,3,3,Q3,Q3,Q3,0,3,0,1,Q3,0,3,0,1,Q3,0,3,0,1,0
https://openalex.org/W2033246787,0026265X,Q2,,2,2,Q2,Q2,Q2,0,2,1,1,Q2,0,2,1,1,Q2,0,2,1,1,0
https://openalex.org/W2033257965,02578972,Q1,,1,1,Q1,Q1,Q1,1,1,1,1,Q1,1,1,1,1,Q1,1,1,1,1,1
https://openalex.org/W2033279914,00338230,Q3,,3,3,Q3,Q3,Q3,0,3,0,1,Q3,0,3,0,1,Q3,0,3,0,1,0
https://openalex.org/W2033327375,10704280,Q4,,4,4,Q4,Q4,Q4,0,4,0,0,Q4,0,4,0,0,Q4,0,4,0,0,0
https://openalex.org/W2033356566,07491581,Q2,,2,2,Q2,Q2,Q2,0,2,1,1,Q2,0,2,1,1,Q2,0,2,1,1,0
https://openalex.org/W2033406605,00219568,Q1,,1,1,Q1,Q1,Q1,1,1,1,1,Q1,1,1,1,1,Q1,1,1,1,1,1
https://openalex.org/W2033410617,09574484,Q1,,1,1,Q1,Q1,Q1,1,1,1,1,Q1,1,1,1,1,Q1,1,1,1,1,1
https://openalex.org/W2033426046,00119164,Q1,,1,1,Q1,Q1,Q1,1,1,1,1,Q1,1,1,1,1,Q1,1,1,1,1,1
https://openalex.org/W2033434616,03767388,Q1,,1,1,Q1,Q1,Q1,1,1,1,1,Q1,1,1,1,1,Q1,1,1,1,1,1
https://openalex.org/W2033435618,15237052,Q1,,1,1,Q1,Q1,Q1,1,1,1,1,Q1,1,1,1,1,Q1,1,1,1,1,1
https://openalex.org/W2033471462,07317085,Q2,,1,1,Q1,Q1,Q2,0,2,1,1,Q1,1,1,1,1,Q1,1,1,1,1,0
https://openalex.org/W2033482926,00219673,Q1,,1,1,Q1,Q1,Q1,1,1,1,1,Q1,1,1,1,1,Q1,1,1,1,1,1
https://openalex.org/W2033501947,01730835,Q1,,1,1,Q1,Q1,Q1,1,1,1,1,Q1,1,1,1,1,Q1,1,1,1,1,1
https://openalex.org/W2033600973,00092673,Q1,,1,1,Q1,Q1,Q1,1,1,1,1,Q1,1,1,1,1,Q1,1,1,1,1,1
https://openalex.org/W2033628933,05848547,Q1,,1,1,Q1,Q1,Q1,1,1,1,1,Q1,1,1,1,1,Q1,1,1,1,1,1
https://openalex.org/W2033642028,15421406,Q2,,3,3,Q3,Q3,Q2,0,2,1,1,Q3,0,3,0,1,Q3,0,3,0,1,0
https://openalex.org/W2033699739,00143057,Q2,,1,1,Q1,Q1,Q2,0,2,1,1,Q1,1,1,1,1,Q1,1,1,1,1,0
https://openalex.org/W2033699910,09254005,-,,5,5,Unranked,Unranked,Unranked,0,5,0,0,Unranked,0,5,0,0,Unranked,0,5,0,0,0
https://openalex.org/W2033705750,02578972,Q1,,1,1,Q1,Q1,Q1,1,1,1,1,Q1,1,1,1,1,Q1,1,1,1,1,1
https://openalex.org/W2033782500,15237052,Q1,,1,1,Q1,Q1,Q1,1,1,1,1,Q1,1,1,1,1,Q1,1,1,1,1,1
https://openalex.org/W2033795165,00063525,Q1,,1,1,Q1,Q1,Q1,1,1,1,1,Q1,1,1,1,1,Q1,1,1,1,1,1
https://openalex.org/W2033855638,00219673,Q1,,1,1,Q1,Q1,Q1,1,1,1,1,Q1,1,1,1,1,Q1,1,1,1,1,1
https://openalex.org/W2033871680,00219568,Q1,,1,1,Q1,Q1,Q1,1,1,1,1,Q1,1,1,1,1,Q1,1,1,1,1,1
https://openalex.org/W2033888286,00032700,Q1,,1,1,Q1,Q1,Q1,1,1,1,1,Q1,1,1,1,1,Q1,1,1,1,1,1
https://openalex.org/W2033943154,08926875,Q2,,1,1,Q1,Q1,Q2,0,2,1,1,Q1,1,1,1,1,Q1,1,1,1,1,0
https://openalex.org/W2033988066,09168451,Q3,,2,2,Q2,Q2,Q3,0,3,0,1,Q2,0,2,1,1,Q2,0,2,1,1,0
https://openalex.org/W2034017386,16182642,Q2,,1,1,Q1,Q1,Q2,0,2,1,1,Q1,1,1,1,1,Q1,1,1,1,1,0
https://openalex.org/W2034033099,03088146,Q1,,1,1,Q1,Q1,Q1,1,1,1,1,Q1,1,1,1,1,Q1,1,1,1,1,1
https://openalex.org/W2034041298,03770486,Q2,,1,1,Q1,Q1,Q2,0,2,1,1,Q1,1,1,1,1,Q1,1,1,1,1,0
https://openalex.org/W2034083635,00218561,Q1,,1,1,Q1,Q1,Q1,1,1,1,1,Q1,1,1,1,1,Q1,1,1,1,1,1
https://openalex.org/W2034099560,10619348,Q4,,4,4,Q4,Q4,Q4,0,4,0,0,Q4,0,4,0,0,Q4,0,4,0,0,0
https://openalex.org/W2034133418,1001604X,Q3,,3,2,Q3,Q2,Q3,0,3,0,1,Q3,0,3,0,1,Q2,0,2,1,1,0
https://openalex.org/W2034145039,00224766,Q4,,4,4,Q4,Q4,Q4,0,4,0,0,Q4,0,4,0,0,Q4,0,4,0,0,0
https://openalex.org/W2034183728,13835866,Q1,,1,1,Q1,Q1,Q1,1,1,1,1,Q1,1,1,1,1,Q1,1,1,1,1,1
https://openalex.org/W2034248988,00027863,Q1,,1,1,Q1,Q1,Q1,1,1,1,1,Q1,1,1,1,1,Q1,1,1,1,1,1
https://openalex.org/W2034264458,09106340,Q3,,2,2,Q2,Q2,Q3,0,3,0,1,Q2,0,2,1,1,Q2,0,2,1,1,0
https://openalex.org/W2034276867,02552701,Q2,,1,1,Q1,Q1,Q2,0,2,1,1,Q1,1,1,1,1,Q1,1,1,1,1,0
https://openalex.org/W2034283001,09599428,Q1,,1,1,Q1,Q1,Q1,1,1,1,1,Q1,1,1,1,1,Q1,1,1,1,1,1
https://openalex.org/W2034301525,03787753,Q1,,1,1,Q1,Q1,Q1,1,1,1,1,Q1,1,1,1,1,Q1,1,1,1,1,1
https://openalex.org/W2034317001,00323861,Q1,,1,1,Q1,Q1,Q1,1,1,1,1,Q1,1,1,1,1,Q1,1,1,1,1,1
https://openalex.org/W2034325768,00032700,Q1,,1,1,Q1,Q1,Q1,1,1,1,1,Q1,1,1,1,1,Q1,1,1,1,1,1
https://openalex.org/W2034366654,00218995,Q1,,2,2,Q2,Q2,Q1,1,1,1,1,Q2,0,2,1,1,Q2,0,2,1,1,1
https://openalex.org/W2034387587,15700232,Q2,,1,1,Q1,Q1,Q2,0,2,1,1,Q1,1,1,1,1,Q1,1,1,1,1,0
https://openalex.org/W2034405620,00338230,Q3,,3,3,Q3,Q3,Q3,0,3,0,1,Q3,0,3,0,1,Q3,0,3,0,1,0
https://openalex.org/W2034458590,02365731,Q3,,3,3,Q3,Q3,Q3,0,3,0,1,Q3,0,3,0,1,Q3,0,3,0,1,0
https://openalex.org/W2034468889,00404039,Q1,,2,2,Q2,Q2,Q1,1,1,1,1,Q2,0,2,1,1,Q2,0,2,1,1,1
https://openalex.org/W2034474721,00218995,Q1,,2,2,Q2,Q2,Q1,1,1,1,1,Q2,0,2,1,1,Q2,0,2,1,1,1
https://openalex.org/W2034494167,10106030,Q1,,1,1,Q1,Q1,Q1,1,1,1,1,Q1,1,1,1,1,Q1,1,1,1,1,1
https://openalex.org/W2034495340,03088146,Q1,,1,1,Q1,Q1,Q1,1,1,1,1,Q1,1,1,1,1,Q1,1,1,1,1,1
https://openalex.org/W2034504335,03404285,Q3,,3,3,Q3,Q3,Q3,0,3,0,1,Q3,0,3,0,1,Q3,0,3,0,1,0
https://openalex.org/W2034525981,14387697,Q2,,2,2,Q2,Q2,Q2,0,2,1,1,Q2,0,2,1,1,Q2,0,2,1,1,0
https://openalex.org/W2034542238,03088146,Q1,,1,1,Q1,Q1,Q1,1,1,1,1,Q1,1,1,1,1,Q1,1,1,1,1,1
https://openalex.org/W2034563591,13597345,Q1,,1,1,Q1,Q1,Q1,1,1,1,1,Q1,1,1,1,1,Q1,1,1,1,1,1
https://openalex.org/W2034563934,00027863,Q1,,1,1,Q1,Q1,Q1,1,1,1,1,Q1,1,1,1,1,Q1,1,1,1,1,1
https://openalex.org/W2034565124,13597345,Q1,,1,1,Q1,Q1,Q1,1,1,1,1,Q1,1,1,1,1,Q1,1,1,1,1,1
https://openalex.org/W2034577372,00218561,Q1,,1,1,Q1,Q1,Q1,1,1,1,1,Q1,1,1,1,1,Q1,1,1,1,1,1
https://openalex.org/W2034593619,00220248,Q1,,2,2,Q2,Q2,Q1,1,1,1,1,Q2,0,2,1,1,Q2,0,2,1,1,1
https://openalex.org/W2034611033,16182642,Q2,,1,1,Q1,Q1,Q2,0,2,1,1,Q1,1,1,1,1,Q1,1,1,1,1,0
https://openalex.org/W2034629593,09669795,Q1,,1,1,Q1,Q1,Q1,1,1,1,1,Q1,1,1,1,1,Q1,1,1,1,1,1
https://openalex.org/W2034643880,03404285,Q3,,3,3,Q3,Q3,Q3,0,3,0,1,Q3,0,3,0,1,Q3,0,3,0,1,0
https://openalex.org/W2034669519,01633864,Q1,,1,1,Q1,Q1,Q1,1,1,1,1,Q1,1,1,1,1,Q1,1,1,1,1,1
https://openalex.org/W2034715729,00092673,Q1,,1,1,Q1,Q1,Q1,1,1,1,1,Q1,1,1,1,1,Q1,1,1,1,1,1
https://openalex.org/W2034730876,05388066,Q2,,2,2,Q2,Q2,Q2,0,2,1,1,Q2,0,2,1,1,Q2,0,2,1,1,0
https://openalex.org/W2034736893,09254005,-,,5,5,Unranked,Unranked,Unranked,0,5,0,0,Unranked,0,5,0,0,Unranked,0,5,0,0,0
https://openalex.org/W2034743158,01429418,Q2,,2,2,Q2,Q2,Q2,0,2,1,1,Q2,0,2,1,1,Q2,0,2,1,1,0
https://openalex.org/W2034745212,10400400,Q3,,3,3,Q3,Q3,Q3,0,3,0,1,Q3,0,3,0,1,Q3,0,3,0,1,0
https://openalex.org/W2034745446,0960894X,Q2,,2,2,Q2,Q2,Q2,0,2,1,1,Q2,0,2,1,1,Q2,0,2,1,1,0
https://openalex.org/W2034749686,09254005,-,,5,5,Unranked,Unranked,Unranked,0,5,0,0,Unranked,0,5,0,0,Unranked,0,5,0,0,0
https://openalex.org/W2034775697,03787753,Q1,,1,1,Q1,Q1,Q1,1,1,1,1,Q1,1,1,1,1,Q1,1,1,1,1,1
https://openalex.org/W2034786619,00218561,Q1,,1,1,Q1,Q1,Q1,1,1,1,1,Q1,1,1,1,1,Q1,1,1,1,1,1
https://openalex.org/W2034821177,00027863,Q1,,1,1,Q1,Q1,Q1,1,1,1,1,Q1,1,1,1,1,Q1,1,1,1,1,1
https://openalex.org/W2034855474,03787753,Q1,,1,1,Q1,Q1,Q1,1,1,1,1,Q1,1,1,1,1,Q1,1,1,1,1,1
https://openalex.org/W2034859055,00456535,Q1,,1,1,Q1,Q1,Q1,1,1,1,1,Q1,1,1,1,1,Q1,1,1,1,1,1
https://openalex.org/W2034868823,00027863,Q1,,1,1,Q1,Q1,Q1,1,1,1,1,Q1,1,1,1,1,Q1,1,1,1,1,1
https://openalex.org/W2034871410,0265203X,Q1,,1,3,Q1,Q3,Q1,1,1,1,1,Q1,1,1,1,1,Q3,0,3,0,1,1
https://openalex.org/W2034885156,09565663,Q1,,1,1,Q1,Q1,Q1,1,1,1,1,Q1,1,1,1,1,Q1,1,1,1,1,1
https://openalex.org/W2034886541,00304018,Q1,,2,2,Q2,Q2,Q1,1,1,1,1,Q2,0,2,1,1,Q2,0,2,1,1,1
https://openalex.org/W2034909651,13815148,Q1,,1,1,Q1,Q1,Q1,1,1,1,1,Q1,1,1,1,1,Q1,1,1,1,1,1
https://openalex.org/W2034909725,00219568,Q1,,1,1,Q1,Q1,Q1,1,1,1,1,Q1,1,1,1,1,Q1,1,1,1,1,1
https://openalex.org/W2034910330,00456535,Q1,,1,1,Q1,Q1,Q1,1,1,1,1,Q1,1,1,1,1,Q1,1,1,1,1,1
https://openalex.org/W2034965864,00218995,Q1,,2,2,Q2,Q2,Q1,1,1,1,1,Q2,0,2,1,1,Q2,0,2,1,1,1
https://openalex.org/W2034975651,08926875,Q2,,1,1,Q1,Q1,Q2,0,2,1,1,Q1,1,1,1,1,Q1,1,1,1,1,0
https://openalex.org/W2034984729,02578972,Q1,,1,1,Q1,Q1,Q1,1,1,1,1,Q1,1,1,1,1,Q1,1,1,1,1,1
https://openalex.org/W2034993660,00223263,Q1,,1,1,Q1,Q1,Q1,1,1,1,1,Q1,1,1,1,1,Q1,1,1,1,1,1
https://openalex.org/W2035005187,00086223,Q1,,1,1,Q1,Q1,Q1,1,1,1,1,Q1,1,1,1,1,Q1,1,1,1,1,1
https://openalex.org/W2035018505,03787753,Q1,,1,1,Q1,Q1,Q1,1,1,1,1,Q1,1,1,1,1,Q1,1,1,1,1,1
https://openalex.org/W2035037428,15353893,Q1,,1,1,Q1,Q1,Q1,1,1,1,1,Q1,1,1,1,1,Q1,1,1,1,1,1
https://openalex.org/W2035065351,09259635,Q1,,1,1,Q1,Q1,Q1,1,1,1,1,Q1,1,1,1,1,Q1,1,1,1,1,1
https://openalex.org/W2035070431,00086223,Q1,,1,1,Q1,Q1,Q1,1,1,1,1,Q1,1,1,1,1,Q1,1,1,1,1,1
https://openalex.org/W2035122819,16154150,Q1,,1,1,Q1,Q1,Q1,1,1,1,1,Q1,1,1,1,1,Q1,1,1,1,1,1
https://openalex.org/W2035147263,00218561,Q1,,1,1,Q1,Q1,Q1,1,1,1,1,Q1,1,1,1,1,Q1,1,1,1,1,1
https://openalex.org/W2035147432,00092665,Q1,,1,1,Q1,Q1,Q1,1,1,1,1,Q1,1,1,1,1,Q1,1,1,1,1,1
https://openalex.org/W2035158759,0021891X,Q2,,2,2,Q2,Q2,Q2,0,2,1,1,Q2,0,2,1,1,Q2,0,2,1,1,0
https://openalex.org/W2035204741,00134686,Q1,,1,1,Q1,Q1,Q1,1,1,1,1,Q1,1,1,1,1,Q1,1,1,1,1,1
https://openalex.org/W2035207536,00032700,Q1,,1,1,Q1,Q1,Q1,1,1,1,1,Q1,1,1,1,1,Q1,1,1,1,1,1
https://openalex.org/W2035251091,10836160,Q2,,1,1,Q1,Q1,Q2,0,2,1,1,Q1,1,1,1,1,Q1,1,1,1,1,0
https://openalex.org/W2035255735,09580344,Q2,,2,2,Q2,Q2,Q2,0,2,1,1,Q2,0,2,1,1,Q2,0,2,1,1,0
https://openalex.org/W2035266541,08974756,Q1,,1,1,Q1,Q1,Q1,1,1,1,1,Q1,1,1,1,1,Q1,1,1,1,1,1
https://openalex.org/W2035287429,00032700,Q1,,1,1,Q1,Q1,Q1,1,1,1,1,Q1,1,1,1,1,Q1,1,1,1,1,1
https://openalex.org/W2035294969,00027863,Q1,,1,1,Q1,Q1,Q1,1,1,1,1,Q1,1,1,1,1,Q1,1,1,1,1,1
https://openalex.org/W2035296100,00134651,Q1,,1,1,Q1,Q1,Q1,1,1,1,1,Q1,1,1,1,1,Q1,1,1,1,1,1
https://openalex.org/W2035301024,10836160,Q2,,1,1,Q1,Q1,Q2,0,2,1,1,Q1,1,1,1,1,Q1,1,1,1,1,0
https://openalex.org/W2035353292,10765174,Q1,,1,1,Q1,Q1,Q1,1,1,1,1,Q1,1,1,1,1,Q1,1,1,1,1,1
https://openalex.org/W2035373350,00399140,Q1,,1,1,Q1,Q1,Q1,1,1,1,1,Q1,1,1,1,1,Q1,1,1,1,1,1
https://openalex.org/W2035408777,00220248,Q1,,2,2,Q2,Q2,Q1,1,1,1,1,Q2,0,2,1,1,Q2,0,2,1,1,1
https://openalex.org/W2035440776,00404039,Q1,,2,2,Q2,Q2,Q1,1,1,1,1,Q2,0,2,1,1,Q2,0,2,1,1,1
https://openalex.org/W2035460142,09254005,-,,5,5,Unranked,Unranked,Unranked,0,5,0,0,Unranked,0,5,0,0,Unranked,0,5,0,0,0
https://openalex.org/W2035467922,00399140,Q1,,1,1,Q1,Q1,Q1,1,1,1,1,Q1,1,1,1,1,Q1,1,1,1,1,1
https://openalex.org/W2035499845,00134651,Q1,,1,1,Q1,Q1,Q1,1,1,1,1,Q1,1,1,1,1,Q1,1,1,1,1,1
https://openalex.org/W2035530266,15306984,Q1,,1,1,Q1,Q1,Q1,1,1,1,1,Q1,1,1,1,1,Q1,1,1,1,1,1
https://openalex.org/W2035550644,02578972,Q1,,1,1,Q1,Q1,Q1,1,1,1,1,Q1,1,1,1,1,Q1,1,1,1,1,1
https://openalex.org/W2035551885,0013936X,Q1,,1,1,Q1,Q1,Q1,1,1,1,1,Q1,1,1,1,1,Q1,1,1,1,1,1
https://openalex.org/W2035615045,15700232,Q2,,1,1,Q1,Q1,Q2,0,2,1,1,Q1,1,1,1,1,Q1,1,1,1,1,0
https://openalex.org/W2035615292,00218561,Q1,,1,1,Q1,Q1,Q1,1,1,1,1,Q1,1,1,1,1,Q1,1,1,1,1,1
https://openalex.org/W2035616270,15237052,Q1,,1,1,Q1,Q1,Q1,1,1,1,1,Q1,1,1,1,1,Q1,1,1,1,1,1
https://openalex.org/W2035649980,08974756,Q1,,1,1,Q1,Q1,Q1,1,1,1,1,Q1,1,1,1,1,Q1,1,1,1,1,1
https://openalex.org/W2035669105,00334545,Q2,,1,1,Q1,Q1,Q2,0,2,1,1,Q1,1,1,1,1,Q1,1,1,1,1,0
https://openalex.org/W2035750798,09574166,Q1,,1,1,Q1,Q1,Q1,1,1,1,1,Q1,1,1,1,1,Q1,1,1,1,1,1
https://openalex.org/W2035756840,00143057,Q2,,1,1,Q1,Q1,Q2,0,2,1,1,Q1,1,1,1,1,Q1,1,1,1,1,0
https://openalex.org/W2035764528,10440305,Q1,,1,1,Q1,Q1,Q1,1,1,1,1,Q1,1,1,1,1,Q1,1,1,1,1,1
https://openalex.org/W2035774751,14382377,Q1,,1,1,Q1,Q1,Q1,1,1,1,1,Q1,1,1,1,1,Q1,1,1,1,1,1
https://openalex.org/W2035775544,00032670,Q1,,1,1,Q1,Q1,Q1,1,1,1,1,Q1,1,1,1,1,Q1,1,1,1,1,1
https://openalex.org/W2035815958,00958972,Q3,,3,3,Q3,Q3,Q3,0,3,0,1,Q3,0,3,0,1,Q3,0,3,0,1,0
https://openalex.org/W2035824230,00218995,Q1,,2,2,Q2,Q2,Q1,1,1,1,1,Q2,0,2,1,1,Q2,0,2,1,1,1
https://openalex.org/W2035832760,00498246,Q2,,3,3,Q3,Q3,Q2,0,2,1,1,Q3,0,3,0,1,Q3,0,3,0,1,0
https://openalex.org/W2035854906,00219673,Q1,,1,1,Q1,Q1,Q1,1,1,1,1,Q1,1,1,1,1,Q1,1,1,1,1,1
https://openalex.org/W2035870500,00134686,Q1,,1,1,Q1,Q1,Q1,1,1,1,1,Q1,1,1,1,1,Q1,1,1,1,1,1
https://openalex.org/W2035873912,03088146,Q1,,1,1,Q1,Q1,Q1,1,1,1,1,Q1,1,1,1,1,Q1,1,1,1,1,1
https://openalex.org/W2035905959,00134686,Q1,,1,1,Q1,Q1,Q1,1,1,1,1,Q1,1,1,1,1,Q1,1,1,1,1,1
https://openalex.org/W2035908943,15700232,Q2,,1,1,Q1,Q1,Q2,0,2,1,1,Q1,1,1,1,1,Q1,1,1,1,1,0
https://openalex.org/W2035909180,02578972,Q1,,1,1,Q1,Q1,Q1,1,1,1,1,Q1,1,1,1,1,Q1,1,1,1,1,1
https://openalex.org/W2035939868,00399140,Q1,,1,1,Q1,Q1,Q1,1,1,1,1,Q1,1,1,1,1,Q1,1,1,1,1,1
https://openalex.org/W2035941365,09334173,Q2,,3,3,Q3,Q3,Q2,0,2,1,1,Q3,0,3,0,1,Q3,0,3,0,1,0
https://openalex.org/W2035951791,00218561,Q1,,1,1,Q1,Q1,Q1,1,1,1,1,Q1,1,1,1,1,Q1,1,1,1,1,1
https://openalex.org/W2035954642,09565663,Q1,,1,1,Q1,Q1,Q1,1,1,1,1,Q1,1,1,1,1,Q1,1,1,1,1,1
https://openalex.org/W2035971591,10765174,Q1,,1,1,Q1,Q1,Q1,1,1,1,1,Q1,1,1,1,1,Q1,1,1,1,1,1
https://openalex.org/W2036041737,08885885,Q1,,1,1,Q1,Q1,Q1,1,1,1,1,Q1,1,1,1,1,Q1,1,1,1,1,1
https://openalex.org/W2036063212,00218561,Q1,,1,1,Q1,Q1,Q1,1,1,1,1,Q1,1,1,1,1,Q1,1,1,1,1,1
https://openalex.org/W2036073621,02767333,Q1,,1,1,Q1,Q1,Q1,1,1,1,1,Q1,1,1,1,1,Q1,1,1,1,1,1
https://openalex.org/W2036081836,00219568,Q1,,1,1,Q1,Q1,Q1,1,1,1,1,Q1,1,1,1,1,Q1,1,1,1,1,1
https://openalex.org/W2036155971,10400397,Q2,,2,2,Q2,Q2,Q2,0,2,1,1,Q2,0,2,1,1,Q2,0,2,1,1,0
https://openalex.org/W2036162601,00218561,Q1,,1,1,Q1,Q1,Q1,1,1,1,1,Q1,1,1,1,1,Q1,1,1,1,1,1
https://openalex.org/W2036226227,00220248,Q1,,2,2,Q2,Q2,Q1,1,1,1,1,Q2,0,2,1,1,Q2,0,2,1,1,1
https://openalex.org/W2036230900,00218995,Q1,,2,2,Q2,Q2,Q1,1,1,1,1,Q2,0,2,1,1,Q2,0,2,1,1,1
https://openalex.org/W2036252884,09669795,Q1,,1,1,Q1,Q1,Q1,1,1,1,1,Q1,1,1,1,1,Q1,1,1,1,1,1
https://openalex.org/W2036276135,15237052,Q1,,1,1,Q1,Q1,Q1,1,1,1,1,Q1,1,1,1,1,Q1,1,1,1,1,1
https://openalex.org/W2036295447,00406031,Q3,,2,2,Q2,Q2,Q3,0,3,0,1,Q2,0,2,1,1,Q2,0,2,1,1,0
https://openalex.org/W2036299533,08974756,Q1,,1,1,Q1,Q1,Q1,1,1,1,1,Q1,1,1,1,1,Q1,1,1,1,1,1
https://openalex.org/W2036360213,02679477,Q1,,1,1,Q1,Q1,Q1,1,1,1,1,Q1,1,1,1,1,Q1,1,1,1,1,1
https://openalex.org/W2036405177,0010938X,Q1,,1,1,Q1,Q1,Q1,1,1,1,1,Q1,1,1,1,1,Q1,1,1,1,1,1
https://openalex.org/W2036497439,00027863,Q1,,1,1,Q1,Q1,Q1,1,1,1,1,Q1,1,1,1,1,Q1,1,1,1,1,1
https://openalex.org/W2036523238,00162361,Q1,,1,1,Q1,Q1,Q1,1,1,1,1,Q1,1,1,1,1,Q1,1,1,1,1,1
https://openalex.org/W2036530096,07437463,Q1,,1,1,Q1,Q1,Q1,1,1,1,1,Q1,1,1,1,1,Q1,1,1,1,1,1
https://openalex.org/W2036543520,10221336,Q1,,1,1,Q1,Q1,Q1,1,1,1,1,Q1,1,1,1,1,Q1,1,1,1,1,1
https://openalex.org/W2036630902,15306984,Q1,,1,1,Q1,Q1,Q1,1,1,1,1,Q1,1,1,1,1,Q1,1,1,1,1,1
https://openalex.org/W2036670812,09599428,Q1,,1,1,Q1,Q1,Q1,1,1,1,1,Q1,1,1,1,1,Q1,1,1,1,1,1
https://openalex.org/W2036686686,07306679,Q3,,3,3,Q3,Q3,Q3,0,3,0,1,Q3,0,3,0,1,Q3,0,3,0,1,0
https://openalex.org/W2036752705,00338230,Q3,,3,3,Q3,Q3,Q3,0,3,0,1,Q3,0,3,0,1,Q3,0,3,0,1,0
https://openalex.org/W2036771019,00304018,Q1,,2,2,Q2,Q2,Q1,1,1,1,1,Q2,0,2,1,1,Q2,0,2,1,1,1
https://openalex.org/W2036781658,00219673,Q1,,1,1,Q1,Q1,Q1,1,1,1,1,Q1,1,1,1,1,Q1,1,1,1,1,1
https://openalex.org/W2036783172,00404039,Q1,,2,2,Q2,Q2,Q1,1,1,1,1,Q2,0,2,1,1,Q2,0,2,1,1,1
https://openalex.org/W2036783225,00218995,Q1,,2,2,Q2,Q2,Q1,1,1,1,1,Q2,0,2,1,1,Q2,0,2,1,1,1
https://openalex.org/W2036803146,00218561,Q1,,1,1,Q1,Q1,Q1,1,1,1,1,Q1,1,1,1,1,Q1,1,1,1,1,1
https://openalex.org/W2036847282,09478396,Q1,,1,1,Q1,Q1,Q1,1,1,1,1,Q1,1,1,1,1,Q1,1,1,1,1,1
https://openalex.org/W2036849643,09259635,Q1,,1,1,Q1,Q1,Q1,1,1,1,1,Q1,1,1,1,1,Q1,1,1,1,1,1
https://openalex.org/W2036857793,00223263,Q1,,1,1,Q1,Q1,Q1,1,1,1,1,Q1,1,1,1,1,Q1,1,1,1,1,1
https://openalex.org/W2036882890,13858947,Q1,,1,1,Q1,Q1,Q1,1,1,1,1,Q1,1,1,1,1,Q1,1,1,1,1,1
https://openalex.org/W2036920249,00249297,Q1,,1,1,Q1,Q1,Q1,1,1,1,1,Q1,1,1,1,1,Q1,1,1,1,1,1
https://openalex.org/W2036978594,13675931,Q1,,1,1,Q1,Q1,Q1,1,1,1,1,Q1,1,1,1,1,Q1,1,1,1,1,1
https://openalex.org/W2037002914,15726657,Q1,,2,2,Q2,Q2,Q1,1,1,1,1,Q2,0,2,1,1,Q2,0,2,1,1,1
https://openalex.org/W2037006413,00249297,Q1,,1,1,Q1,Q1,Q1,1,1,1,1,Q1,1,1,1,1,Q1,1,1,1,1,1
https://openalex.org/W2037026952,00032670,Q1,,1,1,Q1,Q1,Q1,1,1,1,1,Q1,1,1,1,1,Q1,1,1,1,1,1
https://openalex.org/W2037059353,00032670,Q1,,1,1,Q1,Q1,Q1,1,1,1,1,Q1,1,1,1,1,Q1,1,1,1,1,1
https://openalex.org/W2037134757,0013936X,Q1,,1,1,Q1,Q1,Q1,1,1,1,1,Q1,1,1,1,1,Q1,1,1,1,1,1
https://openalex.org/W2037148882,13861425,Q2,,2,2,Q2,Q2,Q2,0,2,1,1,Q2,0,2,1,1,Q2,0,2,1,1,0
https://openalex.org/W2037151750,00219673,Q1,,1,1,Q1,Q1,Q1,1,1,1,1,Q1,1,1,1,1,Q1,1,1,1,1,1
https://openalex.org/W2037179198,02682605,Q2,,2,2,Q2,Q2,Q2,0,2,1,1,Q2,0,2,1,1,Q2,0,2,1,1,0
https://openalex.org/W2037208507,09277757,-,,5,5,Unranked,Unranked,Unranked,0,5,0,0,Unranked,0,5,0,0,Unranked,0,5,0,0,0
https://openalex.org/W2037213558,01672738,Q1,,1,1,Q1,Q1,Q1,1,1,1,1,Q1,1,1,1,1,Q1,1,1,1,1,1
https://openalex.org/W2037267397,00093130,-,,5,5,Unranked,Unranked,Unranked,0,5,0,0,Unranked,0,5,0,0,Unranked,0,5,0,0,0
https://openalex.org/W2037281543,0303402X,Q2,,2,2,Q2,Q2,Q2,0,2,1,1,Q2,0,2,1,1,Q2,0,2,1,1,0
https://openalex.org/W2037306155,00032654,Q1,,1,1,Q1,Q1,Q1,1,1,1,1,Q1,1,1,1,1,Q1,1,1,1,1,1
https://openalex.org/W2037389823,02578972,Q1,,1,1,Q1,Q1,Q1,1,1,1,1,Q1,1,1,1,1,Q1,1,1,1,1,1
https://openalex.org/W2037454167,00249297,Q1,,1,1,Q1,Q1,Q1,1,1,1,1,Q1,1,1,1,1,Q1,1,1,1,1,1
https://openalex.org/W2037467488,02321300,Q2,,2,2,Q2,Q2,Q2,0,2,1,1,Q2,0,2,1,1,Q2,0,2,1,1,0
https://openalex.org/W2037500730,0960894X,Q2,,2,2,Q2,Q2,Q2,0,2,1,1,Q2,0,2,1,1,Q2,0,2,1,1,0
https://openalex.org/W2037534595,00223263,Q1,,1,1,Q1,Q1,Q1,1,1,1,1,Q1,1,1,1,1,Q1,1,1,1,1,1
https://openalex.org/W2037544348,00249297,Q1,,1,1,Q1,Q1,Q1,1,1,1,1,Q1,1,1,1,1,Q1,1,1,1,1,1
https://openalex.org/W2037553869,10225528,Q1,,1,1,Q1,Q1,Q1,1,1,1,1,Q1,1,1,1,1,Q1,1,1,1,1,1
https://openalex.org/W2037559668,15675394,Q2,,2,2,Q2,Q2,Q2,0,2,1,1,Q2,0,2,1,1,Q2,0,2,1,1,0
https://openalex.org/W2037600788,10765174,Q1,,1,1,Q1,Q1,Q1,1,1,1,1,Q1,1,1,1,1,Q1,1,1,1,1,1
https://openalex.org/W2037618562,00219673,Q1,,1,1,Q1,Q1,Q1,1,1,1,1,Q1,1,1,1,1,Q1,1,1,1,1,1
https://openalex.org/W2037619737,00032700,Q1,,1,1,Q1,Q1,Q1,1,1,1,1,Q1,1,1,1,1,Q1,1,1,1,1,1
https://openalex.org/W2037643905,08825734,Q2,,2,2,Q2,Q2,Q2,0,2,1,1,Q2,0,2,1,1,Q2,0,2,1,1,0
https://openalex.org/W2037646442,03525139,Q3,,3,3,Q3,Q3,Q3,0,3,0,1,Q3,0,3,0,1,Q3,0,3,0,1,0
https://openalex.org/W2037654974,00201669,Q1,,1,1,Q1,Q1,Q1,1,1,1,1,Q1,1,1,1,1,Q1,1,1,1,1,1
https://openalex.org/W2037668097,09205861,Q1,,1,1,Q1,Q1,Q1,1,1,1,1,Q1,1,1,1,1,Q1,1,1,1,1,1
https://openalex.org/W2037720293,09565663,Q1,,1,1,Q1,Q1,Q1,1,1,1,1,Q1,1,1,1,1,Q1,1,1,1,1,1
https://openalex.org/W2037724115,00404020,Q1,,1,1,Q1,Q1,Q1,1,1,1,1,Q1,1,1,1,1,Q1,1,1,1,1,1
https://openalex.org/W2037759092,02578972,Q1,,1,1,Q1,Q1,Q1,1,1,1,1,Q1,1,1,1,1,Q1,1,1,1,1,1
https://openalex.org/W2037803429,07317085,Q2,,1,1,Q1,Q1,Q2,0,2,1,1,Q1,1,1,1,1,Q1,1,1,1,1,0
https://openalex.org/W2037810797,00027863,Q1,,1,1,Q1,Q1,Q1,1,1,1,1,Q1,1,1,1,1,Q1,1,1,1,1,1
https://openalex.org/W2037838865,00323861,Q1,,1,1,Q1,Q1,Q1,1,1,1,1,Q1,1,1,1,1,Q1,1,1,1,1,1
https://openalex.org/W2037922277,03770486,Q2,,1,1,Q1,Q1,Q2,0,2,1,1,Q1,1,1,1,1,Q1,1,1,1,1,0
https://openalex.org/W2037923986,00218561,Q1,,1,1,Q1,Q1,Q1,1,1,1,1,Q1,1,1,1,1,Q1,1,1,1,1,1
https://openalex.org/W2037971959,00456535,Q1,,1,1,Q1,Q1,Q1,1,1,1,1,Q1,1,1,1,1,Q1,1,1,1,1,1
https://openalex.org/W2037985415,03787753,Q1,,1,1,Q1,Q1,Q1,1,1,1,1,Q1,1,1,1,1,Q1,1,1,1,1,1
https://openalex.org/W2037993760,12962074,Q2,,2,2,Q2,Q2,Q2,0,2,1,1,Q2,0,2,1,1,Q2,0,2,1,1,0
https://openalex.org/W2037999593,00223263,Q1,,1,1,Q1,Q1,Q1,1,1,1,1,Q1,1,1,1,1,Q1,1,1,1,1,1
https://openalex.org/W2038017065,09168451,Q3,,2,2,Q2,Q2,Q3,0,3,0,1,Q2,0,2,1,1,Q2,0,2,1,1,0
https://openalex.org/W2038062836,00404020,Q1,,1,1,Q1,Q1,Q1,1,1,1,1,Q1,1,1,1,1,Q1,1,1,1,1,1
https://openalex.org/W2038075025,09259635,Q1,,1,1,Q1,Q1,Q1,1,1,1,1,Q1,1,1,1,1,Q1,1,1,1,1,1
https://openalex.org/W2038090991,03770486,Q2,,1,1,Q1,Q1,Q2,0,2,1,1,Q1,1,1,1,1,Q1,1,1,1,1,0
https://openalex.org/W2038132090,00105082,Q3,,3,3,Q3,Q3,Q3,0,3,0,1,Q3,0,3,0,1,Q3,0,3,0,1,0
https://openalex.org/W2038141393,09106340,Q3,,2,2,Q2,Q2,Q3,0,3,0,1,Q2,0,2,1,1,Q2,0,2,1,1,0
https://openalex.org/W2038142386,00249297,Q1,,1,1,Q1,Q1,Q1,1,1,1,1,Q1,1,1,1,1,Q1,1,1,1,1,1
https://openalex.org/W2038178820,03767388,Q1,,1,1,Q1,Q1,Q1,1,1,1,1,Q1,1,1,1,1,Q1,1,1,1,1,1
https://openalex.org/W2038208785,00406031,Q3,,2,2,Q2,Q2,Q3,0,3,0,1,Q2,0,2,1,1,Q2,0,2,1,1,0
https://openalex.org/W2038215525,15237052,Q1,,1,1,Q1,Q1,Q1,1,1,1,1,Q1,1,1,1,1,Q1,1,1,1,1,1
https://openalex.org/W2038225777,00032670,Q1,,1,1,Q1,Q1,Q1,1,1,1,1,Q1,1,1,1,1,Q1,1,1,1,1,1
https://openalex.org/W2038258316,09205861,Q1,,1,1,Q1,Q1,Q1,1,1,1,1,Q1,1,1,1,1,Q1,1,1,1,1,1
https://openalex.org/W2038265415,00219568,Q1,,1,1,Q1,Q1,Q1,1,1,1,1,Q1,1,1,1,1,Q1,1,1,1,1,1
https://openalex.org/W2038271017,00027863,Q1,,1,1,Q1,Q1,Q1,1,1,1,1,Q1,1,1,1,1,Q1,1,1,1,1,1
https://openalex.org/W2038303625,09259635,Q1,,1,1,Q1,Q1,Q1,1,1,1,1,Q1,1,1,1,1,Q1,1,1,1,1,1
https://openalex.org/W2038334739,09565663,Q1,,1,1,Q1,Q1,Q1,1,1,1,1,Q1,1,1,1,1,Q1,1,1,1,1,1
https://openalex.org/W2038349210,02578972,Q1,,1,1,Q1,Q1,Q1,1,1,1,1,Q1,1,1,1,1,Q1,1,1,1,1,1
https://openalex.org/W2038369267,00027863,Q1,,1,1,Q1,Q1,Q1,1,1,1,1,Q1,1,1,1,1,Q1,1,1,1,1,1
https://openalex.org/W2038375698,00218995,Q1,,2,2,Q2,Q2,Q1,1,1,1,1,Q2,0,2,1,1,Q2,0,2,1,1,1
https://openalex.org/W2038399411,00456535,Q1,,1,1,Q1,Q1,Q1,1,1,1,1,Q1,1,1,1,1,Q1,1,1,1,1,1
https://openalex.org/W2038402047,00218995,Q1,,2,2,Q2,Q2,Q1,1,1,1,1,Q2,0,2,1,1,Q2,0,2,1,1,1
https://openalex.org/W2038433701,10286020,Q4,,3,3,Q3,Q3,Q4,0,4,0,0,Q3,0,3,0,1,Q3,0,3,0,1,0
https://openalex.org/W2038444472,10431802,Q1,,1,1,Q1,Q1,Q1,1,1,1,1,Q1,1,1,1,1,Q1,1,1,1,1,1
https://openalex.org/W2038464298,15700232,Q2,,1,1,Q1,Q1,Q2,0,2,1,1,Q1,1,1,1,1,Q1,1,1,1,1,0
https://openalex.org/W2038467378,09565663,Q1,,1,1,Q1,Q1,Q1,1,1,1,1,Q1,1,1,1,1,Q1,1,1,1,1,1
https://openalex.org/W2038471251,00027863,Q1,,1,1,Q1,Q1,Q1,1,1,1,1,Q1,1,1,1,1,Q1,1,1,1,1,1
https://openalex.org/W2038510063,01425463,Q3,,2,2,Q2,Q2,Q3,0,3,0,1,Q2,0,2,1,1,Q2,0,2,1,1,0
https://openalex.org/W2038529422,15421406,Q2,,3,3,Q3,Q3,Q2,0,2,1,1,Q3,0,3,0,1,Q3,0,3,0,1,0
https://openalex.org/W2038542723,09253467,-,,5,5,Unranked,Unranked,Unranked,0,5,0,0,Unranked,0,5,0,0,Unranked,0,5,0,0,0
https://openalex.org/W2038553890,00323861,Q1,,1,1,Q1,Q1,Q1,1,1,1,1,Q1,1,1,1,1,Q1,1,1,1,1,1
https://openalex.org/W2038560583,00027863,Q1,,1,1,Q1,Q1,Q1,1,1,1,1,Q1,1,1,1,1,Q1,1,1,1,1,1
https://openalex.org/W2038573448,09254005,-,,5,5,Unranked,Unranked,Unranked,0,5,0,0,Unranked,0,5,0,0,Unranked,0,5,0,0,0
https://openalex.org/W2038653211,15205207,Q1,,1,1,Q1,Q1,Q1,1,1,1,1,Q1,1,1,1,1,Q1,1,1,1,1,1
https://openalex.org/W2038677996,1001604X,Q3,,3,2,Q3,Q2,Q3,0,3,0,1,Q3,0,3,0,1,Q2,0,2,1,1,0
https://openalex.org/W2038735554,09277757,-,,5,5,Unranked,Unranked,Unranked,0,5,0,0,Unranked,0,5,0,0,Unranked,0,5,0,0,0
https://openalex.org/W2038814261,09253467,-,,5,5,Unranked,Unranked,Unranked,0,5,0,0,Unranked,0,5,0,0,Unranked,0,5,0,0,0
https://openalex.org/W2038822968,00222313,Q1,,1,1,Q1,Q1,Q1,1,1,1,1,Q1,1,1,1,1,Q1,1,1,1,1,1
https://openalex.org/W2038828088,03009440,Q2,,2,2,Q2,Q2,Q2,0,2,1,1,Q2,0,2,1,1,Q2,0,2,1,1,0
https://openalex.org/W2038828346,0265203X,Q1,,1,3,Q1,Q3,Q1,1,1,1,1,Q1,1,1,1,1,Q3,0,3,0,1,1
https://openalex.org/W2038833197,0013936X,Q1,,1,1,Q1,Q1,Q1,1,1,1,1,Q1,1,1,1,1,Q1,1,1,1,1,1
https://openalex.org/W2038840350,09599428,Q1,,1,1,Q1,Q1,Q1,1,1,1,1,Q1,1,1,1,1,Q1,1,1,1,1,1
https://openalex.org/W2038852699,00219614,Q2,,1,1,Q1,Q1,Q2,0,2,1,1,Q1,1,1,1,1,Q1,1,1,1,1,0
https://openalex.org/W2038888881,09669795,Q1,,1,1,Q1,Q1,Q1,1,1,1,1,Q1,1,1,1,1,Q1,1,1,1,1,1
https://openalex.org/W2038925221,00032670,Q1,,1,1,Q1,Q1,Q1,1,1,1,1,Q1,1,1,1,1,Q1,1,1,1,1,1
https://openalex.org/W2038928994,00219673,Q1,,1,1,Q1,Q1,Q1,1,1,1,1,Q1,1,1,1,1,Q1,1,1,1,1,1
https://openalex.org/W2038943530,15700232,Q2,,1,1,Q1,Q1,Q2,0,2,1,1,Q1,1,1,1,1,Q1,1,1,1,1,0
https://openalex.org/W2038961047,15726657,Q1,,2,2,Q2,Q2,Q1,1,1,1,1,Q2,0,2,1,1,Q2,0,2,1,1,1
https://openalex.org/W2038979287,08885885,Q1,,1,1,Q1,Q1,Q1,1,1,1,1,Q1,1,1,1,1,Q1,1,1,1,1,1
https://openalex.org/W2038986825,00027863,Q1,,1,1,Q1,Q1,Q1,1,1,1,1,Q1,1,1,1,1,Q1,1,1,1,1,1
https://openalex.org/W2038996389,01672738,Q1,,1,1,Q1,Q1,Q1,1,1,1,1,Q1,1,1,1,1,Q1,1,1,1,1,1
https://openalex.org/W2039025571,01496395,Q2,,2,2,Q2,Q2,Q2,0,2,1,1,Q2,0,2,1,1,Q2,0,2,1,1,0
https://openalex.org/W2039053994,10221336,Q1,,1,1,Q1,Q1,Q1,1,1,1,1,Q1,1,1,1,1,Q1,1,1,1,1,1
https://openalex.org/W2039057264,0021891X,Q2,,2,2,Q2,Q2,Q2,0,2,1,1,Q2,0,2,1,1,Q2,0,2,1,1,0
https://openalex.org/W2039077091,10752617,Q3,,2,2,Q2,Q2,Q3,0,3,0,1,Q2,0,2,1,1,Q2,0,2,1,1,0
https://openalex.org/W2039081858,07437463,Q1,,1,1,Q1,Q1,Q1,1,1,1,1,Q1,1,1,1,1,Q1,1,1,1,1,1
https://openalex.org/W2039108442,00219568,Q1,,1,1,Q1,Q1,Q1,1,1,1,1,Q1,1,1,1,1,Q1,1,1,1,1,1
https://openalex.org/W2039130767,00323861,Q1,,1,1,Q1,Q1,Q1,1,1,1,1,Q1,1,1,1,1,Q1,1,1,1,1,1
https://openalex.org/W2039169121,00143057,Q2,,1,1,Q1,Q1,Q2,0,2,1,1,Q1,1,1,1,1,Q1,1,1,1,1,0
https://openalex.org/W2039187095,00143057,Q2,,1,1,Q1,Q1,Q2,0,2,1,1,Q1,1,1,1,1,Q1,1,1,1,1,0
https://openalex.org/W2039200800,00323861,Q1,,1,1,Q1,Q1,Q1,1,1,1,1,Q1,1,1,1,1,Q1,1,1,1,1,1
https://openalex.org/W2039250926,00218995,Q1,,2,2,Q2,Q2,Q1,1,1,1,1,Q2,0,2,1,1,Q2,0,2,1,1,1
https://openalex.org/W2039281362,00220248,Q1,,2,2,Q2,Q2,Q1,1,1,1,1,Q2,0,2,1,1,Q2,0,2,1,1,1
https://openalex.org/W2039312525,09599428,Q1,,1,1,Q1,Q1,Q1,1,1,1,1,Q1,1,1,1,1,Q1,1,1,1,1,1
https://openalex.org/W2039321708,0013936X,Q1,,1,1,Q1,Q1,Q1,1,1,1,1,Q1,1,1,1,1,Q1,1,1,1,1,1
https://openalex.org/W2039358623,09478396,Q1,,1,1,Q1,Q1,Q1,1,1,1,1,Q1,1,1,1,1,Q1,1,1,1,1,1
https://openalex.org/W2039370981,15205207,Q1,,1,1,Q1,Q1,Q1,1,1,1,1,Q1,1,1,1,1,Q1,1,1,1,1,1
https://openalex.org/W2039437148,00224073,Q2,,2,2,Q2,Q2,Q2,0,2,1,1,Q2,0,2,1,1,Q2,0,2,1,1,0
https://openalex.org/W2039547385,00218561,Q1,,1,1,Q1,Q1,Q1,1,1,1,1,Q1,1,1,1,1,Q1,1,1,1,1,1
https://openalex.org/W2039575168,00032670,Q1,,1,1,Q1,Q1,Q1,1,1,1,1,Q1,1,1,1,1,Q1,1,1,1,1,1
https://openalex.org/W2039597236,07317085,Q2,,1,1,Q1,Q1,Q2,0,2,1,1,Q1,1,1,1,1,Q1,1,1,1,1,0
https://openalex.org/W2039650872,0013936X,Q1,,1,1,Q1,Q1,Q1,1,1,1,1,Q1,1,1,1,1,Q1,1,1,1,1,1
https://openalex.org/W2039671312,00219673,Q1,,1,1,Q1,Q1,Q1,1,1,1,1,Q1,1,1,1,1,Q1,1,1,1,1,1
https://openalex.org/W2039686657,00032654,Q1,,1,1,Q1,Q1,Q1,1,1,1,1,Q1,1,1,1,1,Q1,1,1,1,1,1
https://openalex.org/W2039692453,03667022,Q2,,2,2,Q2,Q2,Q2,0,2,1,1,Q2,0,2,1,1,Q2,0,2,1,1,0
https://openalex.org/W2039711845,00404039,Q1,,2,2,Q2,Q2,Q1,1,1,1,1,Q2,0,2,1,1,Q2,0,2,1,1,1
https://openalex.org/W2039737278,15237052,Q1,,1,1,Q1,Q1,Q1,1,1,1,1,Q1,1,1,1,1,Q1,1,1,1,1,1
https://openalex.org/W2039785389,02536269,Q3,,3,3,Q3,Q3,Q3,0,3,0,1,Q3,0,3,0,1,Q3,0,3,0,1,0
https://openalex.org/W2039828697,15306984,Q1,,1,1,Q1,Q1,Q1,1,1,1,1,Q1,1,1,1,1,Q1,1,1,1,1,1
https://openalex.org/W2039834117,10836160,Q2,,1,1,Q1,Q1,Q2,0,2,1,1,Q1,1,1,1,1,Q1,1,1,1,1,0
https://openalex.org/W2039850251,15287483,Q1,,1,1,Q1,Q1,Q1,1,1,1,1,Q1,1,1,1,1,Q1,1,1,1,1,1
https://openalex.org/W2039856216,14203049,Q3,,2,2,Q2,Q2,Q3,0,3,0,1,Q2,0,2,1,1,Q2,0,2,1,1,0
https://openalex.org/W2039878996,10286020,Q4,,3,3,Q3,Q3,Q4,0,4,0,0,Q3,0,3,0,1,Q3,0,3,0,1,0
https://openalex.org/W2039881426,09565663,Q1,,1,1,Q1,Q1,Q1,1,1,1,1,Q1,1,1,1,1,Q1,1,1,1,1,1
https://openalex.org/W2039896430,00218995,Q1,,2,2,Q2,Q2,Q1,1,1,1,1,Q2,0,2,1,1,Q2,0,2,1,1,1
https://openalex.org/W2039956499,00086223,Q1,,1,1,Q1,Q1,Q1,1,1,1,1,Q1,1,1,1,1,Q1,1,1,1,1,1
https://openalex.org/W2039978460,02578972,Q1,,1,1,Q1,Q1,Q1,1,1,1,1,Q1,1,1,1,1,Q1,1,1,1,1,1
https://openalex.org/W2040060124,00304018,Q1,,2,2,Q2,Q2,Q1,1,1,1,1,Q2,0,2,1,1,Q2,0,2,1,1,1
https://openalex.org/W2040079612,15204766,-,,5,5,Unranked,Unranked,Unranked,0,5,0,0,Unranked,0,5,0,0,Unranked,0,5,0,0,0
https://openalex.org/W2040086640,00095893,Q2,,2,2,Q2,Q2,Q2,0,2,1,1,Q2,0,2,1,1,Q2,0,2,1,1,0
https://openalex.org/W2040095113,00027863,Q1,,1,1,Q1,Q1,Q1,1,1,1,1,Q1,1,1,1,1,Q1,1,1,1,1,1
https://openalex.org/W2040098802,13886150,Q3,,3,3,Q3,Q3,Q3,0,3,0,1,Q3,0,3,0,1,Q3,0,3,0,1,0
https://openalex.org/W2040118506,00220248,Q1,,2,2,Q2,Q2,Q1,1,1,1,1,Q2,0,2,1,1,Q2,0,2,1,1,1
https://openalex.org/W2040130679,10990690,Q1,,1,1,Q1,Q1,Q1,1,1,1,1,Q1,1,1,1,1,Q1,1,1,1,1,1
https://openalex.org/W2040167391,08926875,Q2,,1,1,Q1,Q1,Q2,0,2,1,1,Q1,1,1,1,1,Q1,1,1,1,1,0
https://openalex.org/W2040168282,14639076,Q1,,1,1,Q1,Q1,Q1,1,1,1,1,Q1,1,1,1,1,Q1,1,1,1,1,1
https://openalex.org/W2040211336,01659936,Q1,,1,1,Q1,Q1,Q1,1,1,1,1,Q1,1,1,1,1,Q1,1,1,1,1,1
https://openalex.org/W2040266460,02365731,Q3,,3,3,Q3,Q3,Q3,0,3,0,1,Q3,0,3,0,1,Q3,0,3,0,1,0
https://openalex.org/W2040273584,10431802,Q1,,1,1,Q1,Q1,Q1,1,1,1,1,Q1,1,1,1,1,Q1,1,1,1,1,1
https://openalex.org/W2040275461,00404020,Q1,,1,1,Q1,Q1,Q1,1,1,1,1,Q1,1,1,1,1,Q1,1,1,1,1,1
https://openalex.org/W2040296450,00119164,Q1,,1,1,Q1,Q1,Q1,1,1,1,1,Q1,1,1,1,1,Q1,1,1,1,1,1
https://openalex.org/W2040306729,14328488,Q2,,2,2,Q2,Q2,Q2,0,2,1,1,Q2,0,2,1,1,Q2,0,2,1,1,0
https://openalex.org/W2040358023,07317085,Q2,,1,1,Q1,Q1,Q2,0,2,1,1,Q1,1,1,1,1,Q1,1,1,1,1,0
https://openalex.org/W2040424391,00219673,Q1,,1,1,Q1,Q1,Q1,1,1,1,1,Q1,1,1,1,1,Q1,1,1,1,1,1
https://openalex.org/W2040430585,09680896,Q2,,1,1,Q1,Q1,Q2,0,2,1,1,Q1,1,1,1,1,Q1,1,1,1,1,0
https://openalex.org/W2040481394,0013936X,Q1,,1,1,Q1,Q1,Q1,1,1,1,1,Q1,1,1,1,1,Q1,1,1,1,1,1
https://openalex.org/W2040487636,00397911,Q3,,3,3,Q3,Q3,Q3,0,3,0,1,Q3,0,3,0,1,Q3,0,3,0,1,0
https://openalex.org/W2040503597,00397911,Q3,,3,3,Q3,Q3,Q3,0,3,0,1,Q3,0,3,0,1,Q3,0,3,0,1,0
https://openalex.org/W2040519209,00218995,Q1,,2,2,Q2,Q2,Q1,1,1,1,1,Q2,0,2,1,1,Q2,0,2,1,1,1
https://openalex.org/W2040523611,00092509,Q1,,1,1,Q1,Q1,Q1,1,1,1,1,Q1,1,1,1,1,Q1,1,1,1,1,1
https://openalex.org/W2040548556,00032700,Q1,,1,1,Q1,Q1,Q1,1,1,1,1,Q1,1,1,1,1,Q1,1,1,1,1,1
https://openalex.org/W2040599531,13504177,-,,5,5,Unranked,Unranked,Unranked,0,5,0,0,Unranked,0,5,0,0,Unranked,0,5,0,0,0
https://openalex.org/W2040608383,00218561,Q1,,1,1,Q1,Q1,Q1,1,1,1,1,Q1,1,1,1,1,Q1,1,1,1,1,1
https://openalex.org/W2040648121,13861425,Q2,,2,2,Q2,Q2,Q2,0,2,1,1,Q2,0,2,1,1,Q2,0,2,1,1,0
https://openalex.org/W2040676227,0036021X,Q2,,2,2,Q2,Q2,Q2,0,2,1,1,Q2,0,2,1,1,Q2,0,2,1,1,0
https://openalex.org/W2040702250,00456535,Q1,,1,1,Q1,Q1,Q1,1,1,1,1,Q1,1,1,1,1,Q1,1,1,1,1,1
https://openalex.org/W2040704661,09254005,-,,5,5,Unranked,Unranked,Unranked,0,5,0,0,Unranked,0,5,0,0,Unranked,0,5,0,0,0
https://openalex.org/W2040719107,00249297,Q1,,1,1,Q1,Q1,Q1,1,1,1,1,Q1,1,1,1,1,Q1,1,1,1,1,1
https://openalex.org/W2040720016,09307516,Q2,,2,2,Q2,Q2,Q2,0,2,1,1,Q2,0,2,1,1,Q2,0,2,1,1,0
https://openalex.org/W2040761731,13877003,Q2,,2,2,Q2,Q2,Q2,0,2,1,1,Q2,0,2,1,1,Q2,0,2,1,1,0
https://openalex.org/W2040799560,09565663,Q1,,1,1,Q1,Q1,Q1,1,1,1,1,Q1,1,1,1,1,Q1,1,1,1,1,1
https://openalex.org/W2040806801,03624803,Q3,,3,3,Q3,Q3,Q3,0,3,0,1,Q3,0,3,0,1,Q3,0,3,0,1,0
https://openalex.org/W2040807541,00399140,Q1,,1,1,Q1,Q1,Q1,1,1,1,1,Q1,1,1,1,1,Q1,1,1,1,1,1
https://openalex.org/W2040809710,00027863,Q1,,1,1,Q1,Q1,Q1,1,1,1,1,Q1,1,1,1,1,Q1,1,1,1,1,1
https://openalex.org/W2040825354,03682048,Q2,,2,2,Q2,Q2,Q2,0,2,1,1,Q2,0,2,1,1,Q2,0,2,1,1,0
https://openalex.org/W2040825502,13597345,Q1,,1,1,Q1,Q1,Q1,1,1,1,1,Q1,1,1,1,1,Q1,1,1,1,1,1
https://openalex.org/W2040859312,01633864,Q1,,1,1,Q1,Q1,Q1,1,1,1,1,Q1,1,1,1,1,Q1,1,1,1,1,1
https://openalex.org/W2040867436,00092614,Q1,,1,1,Q1,Q1,Q1,1,1,1,1,Q1,1,1,1,1,Q1,1,1,1,1,1
https://openalex.org/W2040889974,09307516,Q2,,2,2,Q2,Q2,Q2,0,2,1,1,Q2,0,2,1,1,Q2,0,2,1,1,0
https://openalex.org/W2040960488,00218995,Q1,,2,2,Q2,Q2,Q1,1,1,1,1,Q2,0,2,1,1,Q2,0,2,1,1,1
https://openalex.org/W2040966039,01694332,-,,5,5,Unranked,Unranked,Unranked,0,5,0,0,Unranked,0,5,0,0,Unranked,0,5,0,0,0
https://openalex.org/W2040988691,00086223,Q1,,1,1,Q1,Q1,Q1,1,1,1,1,Q1,1,1,1,1,Q1,1,1,1,1,1
https://openalex.org/W2041001805,00304018,Q1,,2,2,Q2,Q2,Q1,1,1,1,1,Q2,0,2,1,1,Q2,0,2,1,1,1
https://openalex.org/W2041088253,00092614,Q1,,1,1,Q1,Q1,Q1,1,1,1,1,Q1,1,1,1,1,Q1,1,1,1,1,1
https://openalex.org/W2041117474,00027863,Q1,,1,1,Q1,Q1,Q1,1,1,1,1,Q1,1,1,1,1,Q1,1,1,1,1,1
https://openalex.org/W2041123487,03009440,Q2,,2,2,Q2,Q2,Q2,0,2,1,1,Q2,0,2,1,1,Q2,0,2,1,1,0
https://openalex.org/W2041177626,14770520,Q1,,1,1,Q1,Q1,Q1,1,1,1,1,Q1,1,1,1,1,Q1,1,1,1,1,1
https://openalex.org/W2041254887,09669795,Q1,,1,1,Q1,Q1,Q1,1,1,1,1,Q1,1,1,1,1,Q1,1,1,1,1,1
https://openalex.org/W2041320007,00162361,Q1,,1,1,Q1,Q1,Q1,1,1,1,1,Q1,1,1,1,1,Q1,1,1,1,1,1
https://openalex.org/W2041353473,03787753,Q1,,1,1,Q1,Q1,Q1,1,1,1,1,Q1,1,1,1,1,Q1,1,1,1,1,1
https://openalex.org/W2041375482,15204766,-,,5,5,Unranked,Unranked,Unranked,0,5,0,0,Unranked,0,5,0,0,Unranked,0,5,0,0,0
https://openalex.org/W2041385800,03787753,Q1,,1,1,Q1,Q1,Q1,1,1,1,1,Q1,1,1,1,1,Q1,1,1,1,1,1
https://openalex.org/W2041399078,00201693,Q2,,2,2,Q2,Q2,Q2,0,2,1,1,Q2,0,2,1,1,Q2,0,2,1,1,0
https://openalex.org/W2041447815,09270256,Q1,,1,1,Q1,Q1,Q1,1,1,1,1,Q1,1,1,1,1,Q1,1,1,1,1,1
https://openalex.org/W2041453540,00086223,Q1,,1,1,Q1,Q1,Q1,1,1,1,1,Q1,1,1,1,1,Q1,1,1,1,1,1
https://openalex.org/W2041458813,00220248,Q1,,2,2,Q2,Q2,Q1,1,1,1,1,Q2,0,2,1,1,Q2,0,2,1,1,1
https://openalex.org/W2041464296,00032670,Q1,,1,1,Q1,Q1,Q1,1,1,1,1,Q1,1,1,1,1,Q1,1,1,1,1,1
https://openalex.org/W2041475668,00223263,Q1,,1,1,Q1,Q1,Q1,1,1,1,1,Q1,1,1,1,1,Q1,1,1,1,1,1
https://openalex.org/W2041477186,00032700,Q1,,1,1,Q1,Q1,Q1,1,1,1,1,Q1,1,1,1,1,Q1,1,1,1,1,1
https://openalex.org/W2041500335,00092665,Q1,,1,1,Q1,Q1,Q1,1,1,1,1,Q1,1,1,1,1,Q1,1,1,1,1,1
https://openalex.org/W2041507236,09280707,Q1,,2,2,Q2,Q2,Q1,1,1,1,1,Q2,0,2,1,1,Q2,0,2,1,1,1
https://openalex.org/W2041536633,15237052,Q1,,1,1,Q1,Q1,Q1,1,1,1,1,Q1,1,1,1,1,Q1,1,1,1,1,1
https://openalex.org/W2041565815,00304018,Q1,,2,2,Q2,Q2,Q1,1,1,1,1,Q2,0,2,1,1,Q2,0,2,1,1,1
https://openalex.org/W2041635438,00399140,Q1,,1,1,Q1,Q1,Q1,1,1,1,1,Q1,1,1,1,1,Q1,1,1,1,1,1
https://openalex.org/W2041687624,00498246,Q2,,3,3,Q3,Q3,Q2,0,2,1,1,Q3,0,3,0,1,Q3,0,3,0,1,0
https://openalex.org/W2041697585,01634984,Q3,,3,3,Q3,Q3,Q3,0,3,0,1,Q3,0,3,0,1,Q3,0,3,0,1,0
https://openalex.org/W2041725934,00223697,Q1,,2,2,Q2,Q2,Q1,1,1,1,1,Q2,0,2,1,1,Q2,0,2,1,1,1
https://openalex.org/W2041744041,13861425,Q2,,2,2,Q2,Q2,Q2,0,2,1,1,Q2,0,2,1,1,Q2,0,2,1,1,0
https://openalex.org/W2041767251,00249297,Q1,,1,1,Q1,Q1,Q1,1,1,1,1,Q1,1,1,1,1,Q1,1,1,1,1,1
https://openalex.org/W2041778942,0022328X,Q1,,2,2,Q2,Q2,Q1,1,1,1,1,Q2,0,2,1,1,Q2,0,2,1,1,1
https://openalex.org/W2041779802,00220248,Q1,,2,2,Q2,Q2,Q1,1,1,1,1,Q2,0,2,1,1,Q2,0,2,1,1,1
https://openalex.org/W2041800381,00027863,Q1,,1,1,Q1,Q1,Q1,1,1,1,1,Q1,1,1,1,1,Q1,1,1,1,1,1
https://openalex.org/W2041814118,00399140,Q1,,1,1,Q1,Q1,Q1,1,1,1,1,Q1,1,1,1,1,Q1,1,1,1,1,1
https://openalex.org/W2041819936,00397911,Q3,,3,3,Q3,Q3,Q3,0,3,0,1,Q3,0,3,0,1,Q3,0,3,0,1,0
https://openalex.org/W2041851858,00032654,Q1,,1,1,Q1,Q1,Q1,1,1,1,1,Q1,1,1,1,1,Q1,1,1,1,1,1
https://openalex.org/W2041855648,15237052,Q1,,1,1,Q1,Q1,Q1,1,1,1,1,Q1,1,1,1,1,Q1,1,1,1,1,1
https://openalex.org/W2041857100,09259635,Q1,,1,1,Q1,Q1,Q1,1,1,1,1,Q1,1,1,1,1,Q1,1,1,1,1,1
https://openalex.org/W2041866027,02679477,Q1,,1,1,Q1,Q1,Q1,1,1,1,1,Q1,1,1,1,1,Q1,1,1,1,1,1
https://openalex.org/W2041868677,09599428,Q1,,1,1,Q1,Q1,Q1,1,1,1,1,Q1,1,1,1,1,Q1,1,1,1,1,1
https://openalex.org/W2041873160,10619348,Q4,,4,4,Q4,Q4,Q4,0,4,0,0,Q4,0,4,0,0,Q4,0,4,0,0,0
https://openalex.org/W2041875712,13886150,Q3,,3,3,Q3,Q3,Q3,0,3,0,1,Q3,0,3,0,1,Q3,0,3,0,1,0
https://openalex.org/W2041903130,14382377,Q1,,1,1,Q1,Q1,Q1,1,1,1,1,Q1,1,1,1,1,Q1,1,1,1,1,1
https://openalex.org/W2041912455,13597345,Q1,,1,1,Q1,Q1,Q1,1,1,1,1,Q1,1,1,1,1,Q1,1,1,1,1,1
https://openalex.org/W2041915576,0039128X,Q2,,2,2,Q2,Q2,Q2,0,2,1,1,Q2,0,2,1,1,Q2,0,2,1,1,0
https://openalex.org/W2041924368,00404039,Q1,,2,2,Q2,Q2,Q1,1,1,1,1,Q2,0,2,1,1,Q2,0,2,1,1,1
https://openalex.org/W2041937363,00037028,Q2,,3,3,Q3,Q3,Q2,0,2,1,1,Q3,0,3,0,1,Q3,0,3,0,1,0
https://openalex.org/W2041987477,00032670,Q1,,1,1,Q1,Q1,Q1,1,1,1,1,Q1,1,1,1,1,Q1,1,1,1,1,1
https://openalex.org/W2041991664,0013936X,Q1,,1,1,Q1,Q1,Q1,1,1,1,1,Q1,1,1,1,1,Q1,1,1,1,1,1
https://openalex.org/W2042013343,09254005,-,,5,5,Unranked,Unranked,Unranked,0,5,0,0,Unranked,0,5,0,0,Unranked,0,5,0,0,0
https://openalex.org/W2042029348,15205207,Q1,,1,1,Q1,Q1,Q1,1,1,1,1,Q1,1,1,1,1,Q1,1,1,1,1,1
https://openalex.org/W2042053586,00027863,Q1,,1,1,Q1,Q1,Q1,1,1,1,1,Q1,1,1,1,1,Q1,1,1,1,1,1
https://openalex.org/W2042067517,00037028,Q2,,3,3,Q3,Q3,Q2,0,2,1,1,Q3,0,3,0,1,Q3,0,3,0,1,0
https://openalex.org/W2042108544,00399140,Q1,,1,1,Q1,Q1,Q1,1,1,1,1,Q1,1,1,1,1,Q1,1,1,1,1,1
https://openalex.org/W2042121921,17475198,-,,3,3,Q3,Q3,Unranked,0,5,0,0,Q3,0,3,0,1,Q3,0,3,0,1,0
https://openalex.org/W2042127188,00218561,Q1,,1,1,Q1,Q1,Q1,1,1,1,1,Q1,1,1,1,1,Q1,1,1,1,1,1
https://openalex.org/W2042213882,0010938X,Q1,,1,1,Q1,Q1,Q1,1,1,1,1,Q1,1,1,1,1,Q1,1,1,1,1,1
https://openalex.org/W2042228580,00249297,Q1,,1,1,Q1,Q1,Q1,1,1,1,1,Q1,1,1,1,1,Q1,1,1,1,1,1
https://openalex.org/W2042271384,02321300,Q2,,2,2,Q2,Q2,Q2,0,2,1,1,Q2,0,2,1,1,Q2,0,2,1,1,0
https://openalex.org/W2042291544,0010938X,Q1,,1,1,Q1,Q1,Q1,1,1,1,1,Q1,1,1,1,1,Q1,1,1,1,1,1
https://openalex.org/W2042303160,01694332,-,,5,5,Unranked,Unranked,Unranked,0,5,0,0,Unranked,0,5,0,0,Unranked,0,5,0,0,0
https://openalex.org/W2042308780,13871811,Q1,,1,1,Q1,Q1,Q1,1,1,1,1,Q1,1,1,1,1,Q1,1,1,1,1,1
https://openalex.org/W2042317840,00218561,Q1,,1,1,Q1,Q1,Q1,1,1,1,1,Q1,1,1,1,1,Q1,1,1,1,1,1
https://openalex.org/W2042325328,09254005,-,,5,5,Unranked,Unranked,Unranked,0,5,0,0,Unranked,0,5,0,0,Unranked,0,5,0,0,0
https://openalex.org/W2042365232,02552701,Q2,,1,1,Q1,Q1,Q2,0,2,1,1,Q1,1,1,1,1,Q1,1,1,1,1,0
https://openalex.org/W2042426138,07317085,Q2,,1,1,Q1,Q1,Q2,0,2,1,1,Q1,1,1,1,1,Q1,1,1,1,1,0
https://openalex.org/W2042452686,09168451,Q3,,2,2,Q2,Q2,Q3,0,3,0,1,Q2,0,2,1,1,Q2,0,2,1,1,0
https://openalex.org/W2042468758,00249297,Q1,,1,1,Q1,Q1,Q1,1,1,1,1,Q1,1,1,1,1,Q1,1,1,1,1,1
https://openalex.org/W2042564129,14770520,Q1,,1,1,Q1,Q1,Q1,1,1,1,1,Q1,1,1,1,1,Q1,1,1,1,1,1
https://openalex.org/W2042603446,08825734,Q2,,2,2,Q2,Q2,Q2,0,2,1,1,Q2,0,2,1,1,Q2,0,2,1,1,0
https://openalex.org/W2042604247,00381098,Q1,,1,1,Q1,Q1,Q1,1,1,1,1,Q1,1,1,1,1,Q1,1,1,1,1,1
https://openalex.org/W2042618348,00404039,Q1,,2,2,Q2,Q2,Q1,1,1,1,1,Q2,0,2,1,1,Q2,0,2,1,1,1
https://openalex.org/W2042630060,01694332,-,,5,5,Unranked,Unranked,Unranked,0,5,0,0,Unranked,0,5,0,0,Unranked,0,5,0,0,0
https://openalex.org/W2042631561,10231935,Q4,,4,4,Q4,Q4,Q4,0,4,0,0,Q4,0,4,0,0,Q4,0,4,0,0,0
https://openalex.org/W2042644399,00027863,Q1,,1,1,Q1,Q1,Q1,1,1,1,1,Q1,1,1,1,1,Q1,1,1,1,1,1
https://openalex.org/W2042661650,03767388,Q1,,1,1,Q1,Q1,Q1,1,1,1,1,Q1,1,1,1,1,Q1,1,1,1,1,1
https://openalex.org/W2042665012,00399140,Q1,,1,1,Q1,Q1,Q1,1,1,1,1,Q1,1,1,1,1,Q1,1,1,1,1,1
https://openalex.org/W2042677893,00218561,Q1,,1,1,Q1,Q1,Q1,1,1,1,1,Q1,1,1,1,1,Q1,1,1,1,1,1
https://openalex.org/W2042698939,07317085,Q2,,1,1,Q1,Q1,Q2,0,2,1,1,Q1,1,1,1,1,Q1,1,1,1,1,0
https://openalex.org/W2042773037,00249297,Q1,,1,1,Q1,Q1,Q1,1,1,1,1,Q1,1,1,1,1,Q1,1,1,1,1,1
https://openalex.org/W2042786545,01659936,Q1,,1,1,Q1,Q1,Q1,1,1,1,1,Q1,1,1,1,1,Q1,1,1,1,1,1
https://openalex.org/W2042788012,00218561,Q1,,1,1,Q1,Q1,Q1,1,1,1,1,Q1,1,1,1,1,Q1,1,1,1,1,1
https://openalex.org/W2042797655,00032654,Q1,,1,1,Q1,Q1,Q1,1,1,1,1,Q1,1,1,1,1,Q1,1,1,1,1,1
https://openalex.org/W2042807179,03767388,Q1,,1,1,Q1,Q1,Q1,1,1,1,1,Q1,1,1,1,1,Q1,1,1,1,1,1
https://openalex.org/W2042864617,0265203X,Q1,,1,3,Q1,Q3,Q1,1,1,1,1,Q1,1,1,1,1,Q3,0,3,0,1,1
https://openalex.org/W2042902473,00162361,Q1,,1,1,Q1,Q1,Q1,1,1,1,1,Q1,1,1,1,1,Q1,1,1,1,1,1
https://openalex.org/W2042935763,00219673,Q1,,1,1,Q1,Q1,Q1,1,1,1,1,Q1,1,1,1,1,Q1,1,1,1,1,1
https://openalex.org/W2042962927,00219673,Q1,,1,1,Q1,Q1,Q1,1,1,1,1,Q1,1,1,1,1,Q1,1,1,1,1,1
https://openalex.org/W2043004096,00032670,Q1,,1,1,Q1,Q1,Q1,1,1,1,1,Q1,1,1,1,1,Q1,1,1,1,1,1
https://openalex.org/W2043006379,09277765,Q2,,2,2,Q2,Q2,Q2,0,2,1,1,Q2,0,2,1,1,Q2,0,2,1,1,0
https://openalex.org/W2043022616,08926875,Q2,,1,1,Q1,Q1,Q2,0,2,1,1,Q1,1,1,1,1,Q1,1,1,1,1,0
https://openalex.org/W2043030073,16159306,Q1,,1,1,Q1,Q1,Q1,1,1,1,1,Q1,1,1,1,1,Q1,1,1,1,1,1
https://openalex.org/W2043031551,01694332,-,,5,5,Unranked,Unranked,Unranked,0,5,0,0,Unranked,0,5,0,0,Unranked,0,5,0,0,0
https://openalex.org/W2043035502,09205861,Q1,,1,1,Q1,Q1,Q1,1,1,1,1,Q1,1,1,1,1,Q1,1,1,1,1,1
https://openalex.org/W2043045242,00092363,Q2,,2,2,Q2,Q2,Q2,0,2,1,1,Q2,0,2,1,1,Q2,0,2,1,1,0
https://openalex.org/W2043066377,00201693,Q2,,2,2,Q2,Q2,Q2,0,2,1,1,Q2,0,2,1,1,Q2,0,2,1,1,0
https://openalex.org/W2043068079,14337851,Q1,,1,1,Q1,Q1,Q1,1,1,1,1,Q1,1,1,1,1,Q1,1,1,1,1,1
https://openalex.org/W2043081292,16159306,Q1,,1,1,Q1,Q1,Q1,1,1,1,1,Q1,1,1,1,1,Q1,1,1,1,1,1
https://openalex.org/W2043189302,00381098,Q1,,1,1,Q1,Q1,Q1,1,1,1,1,Q1,1,1,1,1,Q1,1,1,1,1,1
https://openalex.org/W2043204679,16182642,Q2,,1,1,Q1,Q1,Q2,0,2,1,1,Q1,1,1,1,1,Q1,1,1,1,1,0
https://openalex.org/W2043227069,09680896,Q2,,1,1,Q1,Q1,Q2,0,2,1,1,Q1,1,1,1,1,Q1,1,1,1,1,0
https://openalex.org/W2043230514,09259635,Q1,,1,1,Q1,Q1,Q1,1,1,1,1,Q1,1,1,1,1,Q1,1,1,1,1,1
https://openalex.org/W2043272729,00094536,Q3,,3,3,Q3,Q3,Q3,0,3,0,1,Q3,0,3,0,1,Q3,0,3,0,1,0
https://openalex.org/W2043274284,00090352,Q2,,2,2,Q2,Q2,Q2,0,2,1,1,Q2,0,2,1,1,Q2,0,2,1,1,0
https://openalex.org/W2043304722,00032700,Q1,,1,1,Q1,Q1,Q1,1,1,1,1,Q1,1,1,1,1,Q1,1,1,1,1,1
https://openalex.org/W2043311026,02552701,Q2,,1,1,Q1,Q1,Q2,0,2,1,1,Q1,1,1,1,1,Q1,1,1,1,1,0
https://openalex.org/W2043320742,07373937,Q3,,2,2,Q2,Q2,Q3,0,3,0,1,Q2,0,2,1,1,Q2,0,2,1,1,0
https://openalex.org/W2043360919,00220248,Q1,,2,2,Q2,Q2,Q1,1,1,1,1,Q2,0,2,1,1,Q2,0,2,1,1,1
https://openalex.org/W2043397609,00032670,Q1,,1,1,Q1,Q1,Q1,1,1,1,1,Q1,1,1,1,1,Q1,1,1,1,1,1
https://openalex.org/W2043401899,10703632,Q4,,3,3,Q3,Q3,Q4,0,4,0,0,Q3,0,3,0,1,Q3,0,3,0,1,0
https://openalex.org/W2043405250,00027863,Q1,,1,1,Q1,Q1,Q1,1,1,1,1,Q1,1,1,1,1,Q1,1,1,1,1,1
https://openalex.org/W2043418674,00223263,Q1,,1,1,Q1,Q1,Q1,1,1,1,1,Q1,1,1,1,1,Q1,1,1,1,1,1
https://openalex.org/W2043478561,01694332,-,,5,5,Unranked,Unranked,Unranked,0,5,0,0,Unranked,0,5,0,0,Unranked,0,5,0,0,0
https://openalex.org/W2043495036,15237052,Q1,,1,1,Q1,Q1,Q1,1,1,1,1,Q1,1,1,1,1,Q1,1,1,1,1,1
https://openalex.org/W2043509795,03770486,Q2,,1,1,Q1,Q1,Q2,0,2,1,1,Q1,1,1,1,1,Q1,1,1,1,1,0
https://openalex.org/W2043511763,09254005,-,,5,5,Unranked,Unranked,Unranked,0,5,0,0,Unranked,0,5,0,0,Unranked,0,5,0,0,0
https://openalex.org/W2043520517,00027863,Q1,,1,1,Q1,Q1,Q1,1,1,1,1,Q1,1,1,1,1,Q1,1,1,1,1,1
https://openalex.org/W2043578637,10741542,Q3,,3,3,Q3,Q3,Q3,0,3,0,1,Q3,0,3,0,1,Q3,0,3,0,1,0
https://openalex.org/W2043645744,0026265X,Q2,,2,2,Q2,Q2,Q2,0,2,1,1,Q2,0,2,1,1,Q2,0,2,1,1,0
https://openalex.org/W2043691580,07317085,Q2,,1,1,Q1,Q1,Q2,0,2,1,1,Q1,1,1,1,1,Q1,1,1,1,1,0
https://openalex.org/W2043736283,00249297,Q1,,1,1,Q1,Q1,Q1,1,1,1,1,Q1,1,1,1,1,Q1,1,1,1,1,1
https://openalex.org/W2043736970,00027863,Q1,,1,1,Q1,Q1,Q1,1,1,1,1,Q1,1,1,1,1,Q1,1,1,1,1,1
https://openalex.org/W2043769536,00244201,Q2,,2,2,Q2,Q2,Q2,0,2,1,1,Q2,0,2,1,1,Q2,0,2,1,1,0
https://openalex.org/W2043803526,0018019X,Q1,,2,2,Q2,Q2,Q1,1,1,1,1,Q2,0,2,1,1,Q2,0,2,1,1,1
https://openalex.org/W2043854757,00218995,Q1,,2,2,Q2,Q2,Q1,1,1,1,1,Q2,0,2,1,1,Q2,0,2,1,1,1
https://openalex.org/W2043860137,01672738,Q1,,1,1,Q1,Q1,Q1,1,1,1,1,Q1,1,1,1,1,Q1,1,1,1,1,1
https://openalex.org/W2043901878,01694332,-,,5,5,Unranked,Unranked,Unranked,0,5,0,0,Unranked,0,5,0,0,Unranked,0,5,0,0,0
https://openalex.org/W2043902072,02678292,Q2,,2,2,Q2,Q2,Q2,0,2,1,1,Q2,0,2,1,1,Q2,0,2,1,1,0
https://openalex.org/W2043923441,09680896,Q2,,1,1,Q1,Q1,Q2,0,2,1,1,Q1,1,1,1,1,Q1,1,1,1,1,0
https://openalex.org/W2043947286,10221336,Q1,,1,1,Q1,Q1,Q1,1,1,1,1,Q1,1,1,1,1,Q1,1,1,1,1,1
https://openalex.org/W2044005379,14337851,Q1,,1,1,Q1,Q1,Q1,1,1,1,1,Q1,1,1,1,1,Q1,1,1,1,1,1
https://openalex.org/W2044013081,15237052,Q1,,1,1,Q1,Q1,Q1,1,1,1,1,Q1,1,1,1,1,Q1,1,1,1,1,1
https://openalex.org/W2044081952,10619348,Q4,,4,4,Q4,Q4,Q4,0,4,0,0,Q4,0,4,0,0,Q4,0,4,0,0,0
https://openalex.org/W2044088270,00219673,Q1,,1,1,Q1,Q1,Q1,1,1,1,1,Q1,1,1,1,1,Q1,1,1,1,1,1
https://openalex.org/W2044184306,07213115,Q3,,2,2,Q2,Q2,Q3,0,3,0,1,Q2,0,2,1,1,Q2,0,2,1,1,0
https://openalex.org/W2044218846,00218561,Q1,,1,1,Q1,Q1,Q1,1,1,1,1,Q1,1,1,1,1,Q1,1,1,1,1,1
https://openalex.org/W2044223280,00399140,Q1,,1,1,Q1,Q1,Q1,1,1,1,1,Q1,1,1,1,1,Q1,1,1,1,1,1
https://openalex.org/W2044246111,00027863,Q1,,1,1,Q1,Q1,Q1,1,1,1,1,Q1,1,1,1,1,Q1,1,1,1,1,1
https://openalex.org/W2044256946,07248741,Q1,,1,1,Q1,Q1,Q1,1,1,1,1,Q1,1,1,1,1,Q1,1,1,1,1,1
https://openalex.org/W2044267695,00032670,Q1,,1,1,Q1,Q1,Q1,1,1,1,1,Q1,1,1,1,1,Q1,1,1,1,1,1
https://openalex.org/W2044280062,14639076,Q1,,1,1,Q1,Q1,Q1,1,1,1,1,Q1,1,1,1,1,Q1,1,1,1,1,1
https://openalex.org/W2044288832,16159306,Q1,,1,1,Q1,Q1,Q1,1,1,1,1,Q1,1,1,1,1,Q1,1,1,1,1,1
https://openalex.org/W2044289343,00092614,Q1,,1,1,Q1,Q1,Q1,1,1,1,1,Q1,1,1,1,1,Q1,1,1,1,1,1
https://openalex.org/W2044327337,00201669,Q1,,1,1,Q1,Q1,Q1,1,1,1,1,Q1,1,1,1,1,Q1,1,1,1,1,1
https://openalex.org/W2044338224,01672738,Q1,,1,1,Q1,Q1,Q1,1,1,1,1,Q1,1,1,1,1,Q1,1,1,1,1,1
https://openalex.org/W2044345752,00397911,Q3,,3,3,Q3,Q3,Q3,0,3,0,1,Q3,0,3,0,1,Q3,0,3,0,1,0
https://openalex.org/W2044350158,00304018,Q1,,2,2,Q2,Q2,Q1,1,1,1,1,Q2,0,2,1,1,Q2,0,2,1,1,1
https://openalex.org/W2044369424,00119164,Q1,,1,1,Q1,Q1,Q1,1,1,1,1,Q1,1,1,1,1,Q1,1,1,1,1,1
https://openalex.org/W2044385968,13858947,Q1,,1,1,Q1,Q1,Q1,1,1,1,1,Q1,1,1,1,1,Q1,1,1,1,1,1
https://openalex.org/W2044386306,00219673,Q1,,1,1,Q1,Q1,Q1,1,1,1,1,Q1,1,1,1,1,Q1,1,1,1,1,1
https://openalex.org/W2044402720,00222860,Q2,,3,3,Q3,Q3,Q2,0,2,1,1,Q3,0,3,0,1,Q3,0,3,0,1,0
https://openalex.org/W2044403667,08943214,Q2,,2,2,Q2,Q2,Q2,0,2,1,1,Q2,0,2,1,1,Q2,0,2,1,1,0
https://openalex.org/W2044455265,09599428,Q1,,1,1,Q1,Q1,Q1,1,1,1,1,Q1,1,1,1,1,Q1,1,1,1,1,1
https://openalex.org/W2044491629,00223263,Q1,,1,1,Q1,Q1,Q1,1,1,1,1,Q1,1,1,1,1,Q1,1,1,1,1,1
https://openalex.org/W2044495576,02578972,Q1,,1,1,Q1,Q1,Q1,1,1,1,1,Q1,1,1,1,1,Q1,1,1,1,1,1
https://openalex.org/W2044567210,09106340,Q3,,2,2,Q2,Q2,Q3,0,3,0,1,Q2,0,2,1,1,Q2,0,2,1,1,0
https://openalex.org/W2044596064,09205861,Q1,,1,1,Q1,Q1,Q1,1,1,1,1,Q1,1,1,1,1,Q1,1,1,1,1,1
https://openalex.org/W2044615051,00218561,Q1,,1,1,Q1,Q1,Q1,1,1,1,1,Q1,1,1,1,1,Q1,1,1,1,1,1
https://openalex.org/W2044619291,02578972,Q1,,1,1,Q1,Q1,Q1,1,1,1,1,Q1,1,1,1,1,Q1,1,1,1,1,1
https://openalex.org/W2044627885,09254005,-,,5,5,Unranked,Unranked,Unranked,0,5,0,0,Unranked,0,5,0,0,Unranked,0,5,0,0,0
https://openalex.org/W2044664769,09254005,-,,5,5,Unranked,Unranked,Unranked,0,5,0,0,Unranked,0,5,0,0,Unranked,0,5,0,0,0
https://openalex.org/W2044717481,00223263,Q1,,1,1,Q1,Q1,Q1,1,1,1,1,Q1,1,1,1,1,Q1,1,1,1,1,1
https://openalex.org/W2044744916,02578972,Q1,,1,1,Q1,Q1,Q1,1,1,1,1,Q1,1,1,1,1,Q1,1,1,1,1,1
https://openalex.org/W2044748094,00323888,Q1,,2,2,Q2,Q2,Q1,1,1,1,1,Q2,0,2,1,1,Q2,0,2,1,1,1
https://openalex.org/W2044764685,02365731,Q3,,3,3,Q3,Q3,Q3,0,3,0,1,Q3,0,3,0,1,Q3,0,3,0,1,0
https://openalex.org/W2044780591,0013936X,Q1,,1,1,Q1,Q1,Q1,1,1,1,1,Q1,1,1,1,1,Q1,1,1,1,1,1
https://openalex.org/W2044792973,00218561,Q1,,1,1,Q1,Q1,Q1,1,1,1,1,Q1,1,1,1,1,Q1,1,1,1,1,1
https://openalex.org/W2044840674,03667022,Q2,,2,2,Q2,Q2,Q2,0,2,1,1,Q2,0,2,1,1,Q2,0,2,1,1,0
https://openalex.org/W2044864406,00032670,Q1,,1,1,Q1,Q1,Q1,1,1,1,1,Q1,1,1,1,1,Q1,1,1,1,1,1
https://openalex.org/W2044874797,00032670,Q1,,1,1,Q1,Q1,Q1,1,1,1,1,Q1,1,1,1,1,Q1,1,1,1,1,1
https://openalex.org/W2044877348,09565663,Q1,,1,1,Q1,Q1,Q1,1,1,1,1,Q1,1,1,1,1,Q1,1,1,1,1,1
https://openalex.org/W2044888202,00218561,Q1,,1,1,Q1,Q1,Q1,1,1,1,1,Q1,1,1,1,1,Q1,1,1,1,1,1
https://openalex.org/W2044901118,13504177,-,,5,5,Unranked,Unranked,Unranked,0,5,0,0,Unranked,0,5,0,0,Unranked,0,5,0,0,0
https://openalex.org/W2044907819,00404020,Q1,,1,1,Q1,Q1,Q1,1,1,1,1,Q1,1,1,1,1,Q1,1,1,1,1,1
https://openalex.org/W2044922732,00220248,Q1,,2,2,Q2,Q2,Q1,1,1,1,1,Q2,0,2,1,1,Q2,0,2,1,1,1
https://openalex.org/W2044960491,02365731,Q3,,3,3,Q3,Q3,Q3,0,3,0,1,Q3,0,3,0,1,Q3,0,3,0,1,0
https://openalex.org/W2044973138,00086223,Q1,,1,1,Q1,Q1,Q1,1,1,1,1,Q1,1,1,1,1,Q1,1,1,1,1,1
https://openalex.org/W2044978418,00456535,Q1,,1,1,Q1,Q1,Q1,1,1,1,1,Q1,1,1,1,1,Q1,1,1,1,1,1
https://openalex.org/W2044989557,13886150,Q3,,3,3,Q3,Q3,Q3,0,3,0,1,Q3,0,3,0,1,Q3,0,3,0,1,0
https://openalex.org/W2044991376,02578972,Q1,,1,1,Q1,Q1,Q1,1,1,1,1,Q1,1,1,1,1,Q1,1,1,1,1,1
https://openalex.org/W2045025304,10681620,Q4,,4,4,Q4,Q4,Q4,0,4,0,0,Q4,0,4,0,0,Q4,0,4,0,0,0
https://openalex.org/W2045049933,01694332,-,,5,5,Unranked,Unranked,Unranked,0,5,0,0,Unranked,0,5,0,0,Unranked,0,5,0,0,0
https://openalex.org/W2045069406,00027863,Q1,,1,1,Q1,Q1,Q1,1,1,1,1,Q1,1,1,1,1,Q1,1,1,1,1,1
https://openalex.org/W2045069641,00218561,Q1,,1,1,Q1,Q1,Q1,1,1,1,1,Q1,1,1,1,1,Q1,1,1,1,1,1
https://openalex.org/W2045083162,00108545,Q1,,1,1,Q1,Q1,Q1,1,1,1,1,Q1,1,1,1,1,Q1,1,1,1,1,1
https://openalex.org/W2045089430,0946672X,Q3,,2,2,Q2,Q2,Q3,0,3,0,1,Q2,0,2,1,1,Q2,0,2,1,1,0
https://openalex.org/W2045099627,03787753,Q1,,1,1,Q1,Q1,Q1,1,1,1,1,Q1,1,1,1,1,Q1,1,1,1,1,1
https://openalex.org/W2045147839,01694332,-,,5,5,Unranked,Unranked,Unranked,0,5,0,0,Unranked,0,5,0,0,Unranked,0,5,0,0,0
https://openalex.org/W2045202757,00323861,Q1,,1,1,Q1,Q1,Q1,1,1,1,1,Q1,1,1,1,1,Q1,1,1,1,1,1
https://openalex.org/W2045212172,01422421,Q2,,2,2,Q2,Q2,Q2,0,2,1,1,Q2,0,2,1,1,Q2,0,2,1,1,0
https://openalex.org/W2045216213,00399140,Q1,,1,1,Q1,Q1,Q1,1,1,1,1,Q1,1,1,1,1,Q1,1,1,1,1,1
https://openalex.org/W2045220281,00032700,Q1,,1,1,Q1,Q1,Q1,1,1,1,1,Q1,1,1,1,1,Q1,1,1,1,1,1
https://openalex.org/W2045261451,00404020,Q1,,1,1,Q1,Q1,Q1,1,1,1,1,Q1,1,1,1,1,Q1,1,1,1,1,1
https://openalex.org/W2045280276,00223263,Q1,,1,1,Q1,Q1,Q1,1,1,1,1,Q1,1,1,1,1,Q1,1,1,1,1,1
https://openalex.org/W2045283949,02693879,Q3,,2,2,Q2,Q2,Q3,0,3,0,1,Q2,0,2,1,1,Q2,0,2,1,1,0
https://openalex.org/W2045307688,02682575,Q2,,2,2,Q2,Q2,Q2,0,2,1,1,Q2,0,2,1,1,Q2,0,2,1,1,0
https://openalex.org/W2045313224,00027863,Q1,,1,1,Q1,Q1,Q1,1,1,1,1,Q1,1,1,1,1,Q1,1,1,1,1,1
https://openalex.org/W2045316685,08825734,Q2,,2,2,Q2,Q2,Q2,0,2,1,1,Q2,0,2,1,1,Q2,0,2,1,1,0
https://openalex.org/W2045342053,00406031,Q3,,2,2,Q2,Q2,Q3,0,3,0,1,Q2,0,2,1,1,Q2,0,2,1,1,0
https://openalex.org/W2045358273,09205861,Q1,,1,1,Q1,Q1,Q1,1,1,1,1,Q1,1,1,1,1,Q1,1,1,1,1,1
https://openalex.org/W2045361649,00219673,Q1,,1,1,Q1,Q1,Q1,1,1,1,1,Q1,1,1,1,1,Q1,1,1,1,1,1
https://openalex.org/W2045368372,00223263,Q1,,1,1,Q1,Q1,Q1,1,1,1,1,Q1,1,1,1,1,Q1,1,1,1,1,1
https://openalex.org/W2045385126,14779226,Q1,,1,1,Q1,Q1,Q1,1,1,1,1,Q1,1,1,1,1,Q1,1,1,1,1,1
https://openalex.org/W2045397991,0013936X,Q1,,1,1,Q1,Q1,Q1,1,1,1,1,Q1,1,1,1,1,Q1,1,1,1,1,1
https://openalex.org/W2045399442,15237052,Q1,,1,1,Q1,Q1,Q1,1,1,1,1,Q1,1,1,1,1,Q1,1,1,1,1,1
https://openalex.org/W2045433571,14761122,Q1,,1,1,Q1,Q1,Q1,1,1,1,1,Q1,1,1,1,1,Q1,1,1,1,1,1
https://openalex.org/W2045436062,02599791,Q2,,2,2,Q2,Q2,Q2,0,2,1,1,Q2,0,2,1,1,Q2,0,2,1,1,0
https://openalex.org/W2045458580,00143057,Q2,,1,1,Q1,Q1,Q2,0,2,1,1,Q1,1,1,1,1,Q1,1,1,1,1,0
https://openalex.org/W2045505953,00219673,Q1,,1,1,Q1,Q1,Q1,1,1,1,1,Q1,1,1,1,1,Q1,1,1,1,1,1
https://openalex.org/W2045528557,15204766,-,,5,5,Unranked,Unranked,Unranked,0,5,0,0,Unranked,0,5,0,0,Unranked,0,5,0,0,0
https://openalex.org/W2045563884,09259635,Q1,,1,1,Q1,Q1,Q1,1,1,1,1,Q1,1,1,1,1,Q1,1,1,1,1,1
https://openalex.org/W2045647812,09277757,-,,5,5,Unranked,Unranked,Unranked,0,5,0,0,Unranked,0,5,0,0,Unranked,0,5,0,0,0
https://openalex.org/W2045648862,00092614,Q1,,1,1,Q1,Q1,Q1,1,1,1,1,Q1,1,1,1,1,Q1,1,1,1,1,1
https://openalex.org/W2045656245,01633864,Q1,,1,1,Q1,Q1,Q1,1,1,1,1,Q1,1,1,1,1,Q1,1,1,1,1,1
https://openalex.org/W2045676621,02682575,Q2,,2,2,Q2,Q2,Q2,0,2,1,1,Q2,0,2,1,1,Q2,0,2,1,1,0
https://openalex.org/W2045686108,0003021X,Q2,,2,2,Q2,Q2,Q2,0,2,1,1,Q2,0,2,1,1,Q2,0,2,1,1,0
https://openalex.org/W2045705310,14382377,Q1,,1,1,Q1,Q1,Q1,1,1,1,1,Q1,1,1,1,1,Q1,1,1,1,1,1
https://openalex.org/W2045730249,02578972,Q1,,1,1,Q1,Q1,Q1,1,1,1,1,Q1,1,1,1,1,Q1,1,1,1,1,1
https://openalex.org/W2045769947,09565663,Q1,,1,1,Q1,Q1,Q1,1,1,1,1,Q1,1,1,1,1,Q1,1,1,1,1,1
https://openalex.org/W2045770788,08876266,Q1,,2,2,Q2,Q2,Q1,1,1,1,1,Q2,0,2,1,1,Q2,0,2,1,1,1
https://openalex.org/W2045778053,13504177,-,,5,5,Unranked,Unranked,Unranked,0,5,0,0,Unranked,0,5,0,0,Unranked,0,5,0,0,0
https://openalex.org/W2045779251,09205861,Q1,,1,1,Q1,Q1,Q1,1,1,1,1,Q1,1,1,1,1,Q1,1,1,1,1,1
https://openalex.org/W2045786870,09599428,Q1,,1,1,Q1,Q1,Q1,1,1,1,1,Q1,1,1,1,1,Q1,1,1,1,1,1
https://openalex.org/W2045796966,00134686,Q1,,1,1,Q1,Q1,Q1,1,1,1,1,Q1,1,1,1,1,Q1,1,1,1,1,1
https://openalex.org/W2045887253,00220248,Q1,,2,2,Q2,Q2,Q1,1,1,1,1,Q2,0,2,1,1,Q2,0,2,1,1,1
https://openalex.org/W2046020228,05848547,Q1,,1,1,Q1,Q1,Q1,1,1,1,1,Q1,1,1,1,1,Q1,1,1,1,1,1
https://openalex.org/W2046110138,00119164,Q1,,1,1,Q1,Q1,Q1,1,1,1,1,Q1,1,1,1,1,Q1,1,1,1,1,1
https://openalex.org/W2046124735,0013936X,Q1,,1,1,Q1,Q1,Q1,1,1,1,1,Q1,1,1,1,1,Q1,1,1,1,1,1
https://openalex.org/W2046133679,09394451,Q2,,2,2,Q2,Q2,Q2,0,2,1,1,Q2,0,2,1,1,Q2,0,2,1,1,0
https://openalex.org/W2046146468,00171557,Q3,,1,2,Q1,Q2,Q3,0,3,0,1,Q1,1,1,1,1,Q2,0,2,1,1,0
https://openalex.org/W2046149036,00338230,Q3,,3,3,Q3,Q3,Q3,0,3,0,1,Q3,0,3,0,1,Q3,0,3,0,1,0
https://openalex.org/W2046161531,00219568,Q1,,1,1,Q1,Q1,Q1,1,1,1,1,Q1,1,1,1,1,Q1,1,1,1,1,1
https://openalex.org/W2046167576,00218995,Q1,,2,2,Q2,Q2,Q1,1,1,1,1,Q2,0,2,1,1,Q2,0,2,1,1,1
https://openalex.org/W2046182519,01677322,Q3,,2,2,Q2,Q2,Q3,0,3,0,1,Q2,0,2,1,1,Q2,0,2,1,1,0
https://openalex.org/W2046209801,14337851,Q1,,1,1,Q1,Q1,Q1,1,1,1,1,Q1,1,1,1,1,Q1,1,1,1,1,1
https://openalex.org/W2046224906,13858947,Q1,,1,1,Q1,Q1,Q1,1,1,1,1,Q1,1,1,1,1,Q1,1,1,1,1,1
https://openalex.org/W2046239161,02767333,Q1,,1,1,Q1,Q1,Q1,1,1,1,1,Q1,1,1,1,1,Q1,1,1,1,1,1
https://openalex.org/W2046255319,01429418,Q2,,2,2,Q2,Q2,Q2,0,2,1,1,Q2,0,2,1,1,Q2,0,2,1,1,0
https://openalex.org/W2046261484,00219568,Q1,,1,1,Q1,Q1,Q1,1,1,1,1,Q1,1,1,1,1,Q1,1,1,1,1,1
https://openalex.org/W2046283758,00219614,Q2,,1,1,Q1,Q1,Q2,0,2,1,1,Q1,1,1,1,1,Q1,1,1,1,1,0
https://openalex.org/W2046322840,00399140,Q1,,1,1,Q1,Q1,Q1,1,1,1,1,Q1,1,1,1,1,Q1,1,1,1,1,1
https://openalex.org/W2046359808,00032700,Q1,,1,1,Q1,Q1,Q1,1,1,1,1,Q1,1,1,1,1,Q1,1,1,1,1,1
https://openalex.org/W2046367689,01633864,Q1,,1,1,Q1,Q1,Q1,1,1,1,1,Q1,1,1,1,1,Q1,1,1,1,1,1
https://openalex.org/W2046391232,00399140,Q1,,1,1,Q1,Q1,Q1,1,1,1,1,Q1,1,1,1,1,Q1,1,1,1,1,1
https://openalex.org/W2046421922,01672738,Q1,,1,1,Q1,Q1,Q1,1,1,1,1,Q1,1,1,1,1,Q1,1,1,1,1,1
https://openalex.org/W2046424167,01633864,Q1,,1,1,Q1,Q1,Q1,1,1,1,1,Q1,1,1,1,1,Q1,1,1,1,1,1
https://openalex.org/W2046436910,00223263,Q1,,1,1,Q1,Q1,Q1,1,1,1,1,Q1,1,1,1,1,Q1,1,1,1,1,1
https://openalex.org/W2046442345,02767333,Q1,,1,1,Q1,Q1,Q1,1,1,1,1,Q1,1,1,1,1,Q1,1,1,1,1,1
https://openalex.org/W2046541974,00143057,Q2,,1,1,Q1,Q1,Q2,0,2,1,1,Q1,1,1,1,1,Q1,1,1,1,1,0
https://openalex.org/W2046614374,0013936X,Q1,,1,1,Q1,Q1,Q1,1,1,1,1,Q1,1,1,1,1,Q1,1,1,1,1,1
https://openalex.org/W2046623536,10221336,Q1,,1,1,Q1,Q1,Q1,1,1,1,1,Q1,1,1,1,1,Q1,1,1,1,1,1
https://openalex.org/W2046647288,00092509,Q1,,1,1,Q1,Q1,Q1,1,1,1,1,Q1,1,1,1,1,Q1,1,1,1,1,1
https://openalex.org/W2046653150,00304018,Q1,,2,2,Q2,Q2,Q1,1,1,1,1,Q2,0,2,1,1,Q2,0,2,1,1,1
https://openalex.org/W2046709975,00134651,Q1,,1,1,Q1,Q1,Q1,1,1,1,1,Q1,1,1,1,1,Q1,1,1,1,1,1
https://openalex.org/W2046726975,01730835,Q1,,1,1,Q1,Q1,Q1,1,1,1,1,Q1,1,1,1,1,Q1,1,1,1,1,1
https://openalex.org/W2046774742,00162361,Q1,,1,1,Q1,Q1,Q1,1,1,1,1,Q1,1,1,1,1,Q1,1,1,1,1,1
https://openalex.org/W2046800161,00406031,Q3,,2,2,Q2,Q2,Q3,0,3,0,1,Q2,0,2,1,1,Q2,0,2,1,1,0
https://openalex.org/W2046801029,00218561,Q1,,1,1,Q1,Q1,Q1,1,1,1,1,Q1,1,1,1,1,Q1,1,1,1,1,1
https://openalex.org/W2046805284,02578972,Q1,,1,1,Q1,Q1,Q1,1,1,1,1,Q1,1,1,1,1,Q1,1,1,1,1,1
https://openalex.org/W2046816302,13858947,Q1,,1,1,Q1,Q1,Q1,1,1,1,1,Q1,1,1,1,1,Q1,1,1,1,1,1
https://openalex.org/W2046868033,00027863,Q1,,1,1,Q1,Q1,Q1,1,1,1,1,Q1,1,1,1,1,Q1,1,1,1,1,1
https://openalex.org/W2046884152,00218995,Q1,,2,2,Q2,Q2,Q1,1,1,1,1,Q2,0,2,1,1,Q2,0,2,1,1,1
https://openalex.org/W2046893758,03787753,Q1,,1,1,Q1,Q1,Q1,1,1,1,1,Q1,1,1,1,1,Q1,1,1,1,1,1
https://openalex.org/W2046909680,03667022,Q2,,2,2,Q2,Q2,Q2,0,2,1,1,Q2,0,2,1,1,Q2,0,2,1,1,0
https://openalex.org/W2046958785,00093084,Q2,,2,2,Q2,Q2,Q2,0,2,1,1,Q2,0,2,1,1,Q2,0,2,1,1,0
https://openalex.org/W2046960270,02578972,Q1,,1,1,Q1,Q1,Q1,1,1,1,1,Q1,1,1,1,1,Q1,1,1,1,1,1
https://openalex.org/W2047005536,0265203X,Q1,,1,3,Q1,Q3,Q1,1,1,1,1,Q1,1,1,1,1,Q3,0,3,0,1,1
https://openalex.org/W2047011962,03009440,Q2,,2,2,Q2,Q2,Q2,0,2,1,1,Q2,0,2,1,1,Q2,0,2,1,1,0
https://openalex.org/W2047039418,10530509,Q3,,3,3,Q3,Q3,Q3,0,3,0,1,Q3,0,3,0,1,Q3,0,3,0,1,0
https://openalex.org/W2047062230,00404039,Q1,,2,2,Q2,Q2,Q1,1,1,1,1,Q2,0,2,1,1,Q2,0,2,1,1,1
https://openalex.org/W2047068278,00986445,Q2,,2,2,Q2,Q2,Q2,0,2,1,1,Q2,0,2,1,1,Q2,0,2,1,1,0
https://openalex.org/W2047069414,13858947,Q1,,1,1,Q1,Q1,Q1,1,1,1,1,Q1,1,1,1,1,Q1,1,1,1,1,1
https://openalex.org/W2047076693,00244201,Q2,,2,2,Q2,Q2,Q2,0,2,1,1,Q2,0,2,1,1,Q2,0,2,1,1,0
https://openalex.org/W2047134067,14761122,Q1,,1,1,Q1,Q1,Q1,1,1,1,1,Q1,1,1,1,1,Q1,1,1,1,1,1
https://openalex.org/W2047139820,00249297,Q1,,1,1,Q1,Q1,Q1,1,1,1,1,Q1,1,1,1,1,Q1,1,1,1,1,1
https://openalex.org/W2047150604,01448617,Q2,,1,1,Q1,Q1,Q2,0,2,1,1,Q1,1,1,1,1,Q1,1,1,1,1,0
https://openalex.org/W2047156660,00086223,Q1,,1,1,Q1,Q1,Q1,1,1,1,1,Q1,1,1,1,1,Q1,1,1,1,1,1
https://openalex.org/W2047168861,13886150,Q3,,3,3,Q3,Q3,Q3,0,3,0,1,Q3,0,3,0,1,Q3,0,3,0,1,0
https://openalex.org/W2047201886,00456535,Q1,,1,1,Q1,Q1,Q1,1,1,1,1,Q1,1,1,1,1,Q1,1,1,1,1,1
https://openalex.org/W2047215391,15237052,Q1,,1,1,Q1,Q1,Q1,1,1,1,1,Q1,1,1,1,1,Q1,1,1,1,1,1
https://openalex.org/W2047274900,09205861,Q1,,1,1,Q1,Q1,Q1,1,1,1,1,Q1,1,1,1,1,Q1,1,1,1,1,1
https://openalex.org/W2047340058,00222860,Q2,,3,3,Q3,Q3,Q2,0,2,1,1,Q3,0,3,0,1,Q3,0,3,0,1,0
https://openalex.org/W2047351149,08974756,Q1,,1,1,Q1,Q1,Q1,1,1,1,1,Q1,1,1,1,1,Q1,1,1,1,1,1
https://openalex.org/W2047368343,09254005,-,,5,5,Unranked,Unranked,Unranked,0,5,0,0,Unranked,0,5,0,0,Unranked,0,5,0,0,0
https://openalex.org/W2047394664,09680896,Q2,,1,1,Q1,Q1,Q2,0,2,1,1,Q1,1,1,1,1,Q1,1,1,1,1,0
https://openalex.org/W2047399695,00334545,Q2,,1,1,Q1,Q1,Q2,0,2,1,1,Q1,1,1,1,1,Q1,1,1,1,1,0
https://openalex.org/W2047422969,09277757,-,,5,5,Unranked,Unranked,Unranked,0,5,0,0,Unranked,0,5,0,0,Unranked,0,5,0,0,0
https://openalex.org/W2047439621,15700232,Q2,,1,1,Q1,Q1,Q2,0,2,1,1,Q1,1,1,1,1,Q1,1,1,1,1,0
https://openalex.org/W2047470491,14394235,Q1,,1,1,Q1,Q1,Q1,1,1,1,1,Q1,1,1,1,1,Q1,1,1,1,1,1
https://openalex.org/W2047477992,01694332,-,,5,5,Unranked,Unranked,Unranked,0,5,0,0,Unranked,0,5,0,0,Unranked,0,5,0,0,0
https://openalex.org/W2047507593,00381098,Q1,,1,1,Q1,Q1,Q1,1,1,1,1,Q1,1,1,1,1,Q1,1,1,1,1,1
https://openalex.org/W2047511612,01633864,Q1,,1,1,Q1,Q1,Q1,1,1,1,1,Q1,1,1,1,1,Q1,1,1,1,1,1
https://openalex.org/W2047540439,02775387,Q2,,2,2,Q2,Q2,Q2,0,2,1,1,Q2,0,2,1,1,Q2,0,2,1,1,0
https://openalex.org/W2047563383,00119164,Q1,,1,1,Q1,Q1,Q1,1,1,1,1,Q1,1,1,1,1,Q1,1,1,1,1,1
https://openalex.org/W2047585934,15700232,Q2,,1,1,Q1,Q1,Q2,0,2,1,1,Q1,1,1,1,1,Q1,1,1,1,1,0
https://openalex.org/W2047627533,09580344,Q2,,2,2,Q2,Q2,Q2,0,2,1,1,Q2,0,2,1,1,Q2,0,2,1,1,0
https://openalex.org/W2047641013,00219673,Q1,,1,1,Q1,Q1,Q1,1,1,1,1,Q1,1,1,1,1,Q1,1,1,1,1,1
https://openalex.org/W2047652367,01672738,Q1,,1,1,Q1,Q1,Q1,1,1,1,1,Q1,1,1,1,1,Q1,1,1,1,1,1
https://openalex.org/W2047728706,01697439,Q1,,2,2,Q2,Q2,Q1,1,1,1,1,Q2,0,2,1,1,Q2,0,2,1,1,1
https://openalex.org/W2047736654,00223263,Q1,,1,1,Q1,Q1,Q1,1,1,1,1,Q1,1,1,1,1,Q1,1,1,1,1,1
https://openalex.org/W2047741091,09574166,Q1,,1,1,Q1,Q1,Q1,1,1,1,1,Q1,1,1,1,1,Q1,1,1,1,1,1
https://openalex.org/W2047792925,00222860,Q2,,3,3,Q3,Q3,Q2,0,2,1,1,Q3,0,3,0,1,Q3,0,3,0,1,0
https://openalex.org/W2047793617,03787753,Q1,,1,1,Q1,Q1,Q1,1,1,1,1,Q1,1,1,1,1,Q1,1,1,1,1,1
https://openalex.org/W2047798674,15287483,Q1,,1,1,Q1,Q1,Q1,1,1,1,1,Q1,1,1,1,1,Q1,1,1,1,1,1
https://openalex.org/W2047800157,02552701,Q2,,1,1,Q1,Q1,Q2,0,2,1,1,Q1,1,1,1,1,Q1,1,1,1,1,0
https://openalex.org/W2047820354,13835866,Q1,,1,1,Q1,Q1,Q1,1,1,1,1,Q1,1,1,1,1,Q1,1,1,1,1,1
https://openalex.org/W2047844505,09259635,Q1,,1,1,Q1,Q1,Q1,1,1,1,1,Q1,1,1,1,1,Q1,1,1,1,1,1
https://openalex.org/W2047889485,09478396,Q1,,1,1,Q1,Q1,Q1,1,1,1,1,Q1,1,1,1,1,Q1,1,1,1,1,1
https://openalex.org/W2047903024,15237052,Q1,,1,1,Q1,Q1,Q1,1,1,1,1,Q1,1,1,1,1,Q1,1,1,1,1,1
https://openalex.org/W2047909616,00220248,Q1,,2,2,Q2,Q2,Q1,1,1,1,1,Q2,0,2,1,1,Q2,0,2,1,1,1
https://openalex.org/W2047917890,00218561,Q1,,1,1,Q1,Q1,Q1,1,1,1,1,Q1,1,1,1,1,Q1,1,1,1,1,1
https://openalex.org/W2047975540,00049425,Q2,,1,2,Q1,Q2,Q2,0,2,1,1,Q1,1,1,1,1,Q2,0,2,1,1,0
https://openalex.org/W2047991286,09254005,-,,5,5,Unranked,Unranked,Unranked,0,5,0,0,Unranked,0,5,0,0,Unranked,0,5,0,0,0
https://openalex.org/W2047996922,16182642,Q2,,1,1,Q1,Q1,Q2,0,2,1,1,Q1,1,1,1,1,Q1,1,1,1,1,0
https://openalex.org/W2048015992,03787753,Q1,,1,1,Q1,Q1,Q1,1,1,1,1,Q1,1,1,1,1,Q1,1,1,1,1,1
https://openalex.org/W2048035266,01422421,Q2,,2,2,Q2,Q2,Q2,0,2,1,1,Q2,0,2,1,1,Q2,0,2,1,1,0
https://openalex.org/W2048043687,00134651,Q1,,1,1,Q1,Q1,Q1,1,1,1,1,Q1,1,1,1,1,Q1,1,1,1,1,1
https://openalex.org/W2048106678,13835866,Q1,,1,1,Q1,Q1,Q1,1,1,1,1,Q1,1,1,1,1,Q1,1,1,1,1,1
https://openalex.org/W2048109131,10221336,Q1,,1,1,Q1,Q1,Q1,1,1,1,1,Q1,1,1,1,1,Q1,1,1,1,1,1
https://openalex.org/W2048132572,00201685,Q3,,3,3,Q3,Q3,Q3,0,3,0,1,Q3,0,3,0,1,Q3,0,3,0,1,0
https://openalex.org/W2048151775,00032670,Q1,,1,1,Q1,Q1,Q1,1,1,1,1,Q1,1,1,1,1,Q1,1,1,1,1,1
https://openalex.org/W2048153063,09205861,Q1,,1,1,Q1,Q1,Q1,1,1,1,1,Q1,1,1,1,1,Q1,1,1,1,1,1
https://openalex.org/W2048173586,10990690,Q1,,1,1,Q1,Q1,Q1,1,1,1,1,Q1,1,1,1,1,Q1,1,1,1,1,1
https://openalex.org/W2048244701,09680896,Q2,,1,1,Q1,Q1,Q2,0,2,1,1,Q1,1,1,1,1,Q1,1,1,1,1,0
https://openalex.org/W2048257224,13873806,Q1,,2,2,Q2,Q2,Q1,1,1,1,1,Q2,0,2,1,1,Q2,0,2,1,1,1
https://openalex.org/W2048261262,01700839,Q2,,2,2,Q2,Q2,Q2,0,2,1,1,Q2,0,2,1,1,Q2,0,2,1,1,0
https://openalex.org/W2048340713,0022328X,Q1,,2,2,Q2,Q2,Q1,1,1,1,1,Q2,0,2,1,1,Q2,0,2,1,1,1
https://openalex.org/W2048390586,0265203X,Q1,,1,3,Q1,Q3,Q1,1,1,1,1,Q1,1,1,1,1,Q3,0,3,0,1,1
https://openalex.org/W2048415318,08968446,Q1,,1,1,Q1,Q1,Q1,1,1,1,1,Q1,1,1,1,1,Q1,1,1,1,1,1
https://openalex.org/W2048444959,15205207,Q1,,1,1,Q1,Q1,Q1,1,1,1,1,Q1,1,1,1,1,Q1,1,1,1,1,1
https://openalex.org/W2048466576,09307516,Q2,,2,2,Q2,Q2,Q2,0,2,1,1,Q2,0,2,1,1,Q2,0,2,1,1,0
https://openalex.org/W2048468721,10990062,Q1,,1,1,Q1,Q1,Q1,1,1,1,1,Q1,1,1,1,1,Q1,1,1,1,1,1
https://openalex.org/W2048479386,00032670,Q1,,1,1,Q1,Q1,Q1,1,1,1,1,Q1,1,1,1,1,Q1,1,1,1,1,1
https://openalex.org/W2048482466,03525139,Q3,,3,3,Q3,Q3,Q3,0,3,0,1,Q3,0,3,0,1,Q3,0,3,0,1,0
https://openalex.org/W2048531390,00304018,Q1,,2,2,Q2,Q2,Q1,1,1,1,1,Q2,0,2,1,1,Q2,0,2,1,1,1
https://openalex.org/W2048622693,00222313,Q1,,1,1,Q1,Q1,Q1,1,1,1,1,Q1,1,1,1,1,Q1,1,1,1,1,1
https://openalex.org/W2048657695,0960894X,Q2,,2,2,Q2,Q2,Q2,0,2,1,1,Q2,0,2,1,1,Q2,0,2,1,1,0
https://openalex.org/W2048658087,00456535,Q1,,1,1,Q1,Q1,Q1,1,1,1,1,Q1,1,1,1,1,Q1,1,1,1,1,1
https://openalex.org/W2048669238,15700232,Q2,,1,1,Q1,Q1,Q2,0,2,1,1,Q1,1,1,1,1,Q1,1,1,1,1,0
https://openalex.org/W2048706581,00323861,Q1,,1,1,Q1,Q1,Q1,1,1,1,1,Q1,1,1,1,1,Q1,1,1,1,1,1
https://openalex.org/W2048719990,13861425,Q2,,2,2,Q2,Q2,Q2,0,2,1,1,Q2,0,2,1,1,Q2,0,2,1,1,0
https://openalex.org/W2048732074,00218561,Q1,,1,1,Q1,Q1,Q1,1,1,1,1,Q1,1,1,1,1,Q1,1,1,1,1,1
https://openalex.org/W2048755628,01694332,-,,5,5,Unranked,Unranked,Unranked,0,5,0,0,Unranked,0,5,0,0,Unranked,0,5,0,0,0
https://openalex.org/W2048758934,09598103,-,,5,5,Unranked,Unranked,Unranked,0,5,0,0,Unranked,0,5,0,0,Unranked,0,5,0,0,0
https://openalex.org/W2048794186,08885885,Q1,,1,1,Q1,Q1,Q1,1,1,1,1,Q1,1,1,1,1,Q1,1,1,1,1,1
https://openalex.org/W2048816915,09565663,Q1,,1,1,Q1,Q1,Q1,1,1,1,1,Q1,1,1,1,1,Q1,1,1,1,1,1
https://openalex.org/W2048885214,09565663,Q1,,1,1,Q1,Q1,Q1,1,1,1,1,Q1,1,1,1,1,Q1,1,1,1,1,1
https://openalex.org/W2048888537,07317085,Q2,,1,1,Q1,Q1,Q2,0,2,1,1,Q1,1,1,1,1,Q1,1,1,1,1,0
https://openalex.org/W2048920219,09565663,Q1,,1,1,Q1,Q1,Q1,1,1,1,1,Q1,1,1,1,1,Q1,1,1,1,1,1
https://openalex.org/W2048931438,13815148,Q1,,1,1,Q1,Q1,Q1,1,1,1,1,Q1,1,1,1,1,Q1,1,1,1,1,1
https://openalex.org/W2048936025,09307516,Q2,,2,2,Q2,Q2,Q2,0,2,1,1,Q2,0,2,1,1,Q2,0,2,1,1,0
https://openalex.org/W2048944006,09514198,Q1,,1,1,Q1,Q1,Q1,1,1,1,1,Q1,1,1,1,1,Q1,1,1,1,1,1
https://openalex.org/W2048999037,00218995,Q1,,2,2,Q2,Q2,Q1,1,1,1,1,Q2,0,2,1,1,Q2,0,2,1,1,1
https://openalex.org/W2049027774,13886150,Q3,,3,3,Q3,Q3,Q3,0,3,0,1,Q3,0,3,0,1,Q3,0,3,0,1,0
https://openalex.org/W2049031824,03088146,Q1,,1,1,Q1,Q1,Q1,1,1,1,1,Q1,1,1,1,1,Q1,1,1,1,1,1
https://openalex.org/W2049033177,03787753,Q1,,1,1,Q1,Q1,Q1,1,1,1,1,Q1,1,1,1,1,Q1,1,1,1,1,1
https://openalex.org/W2049053916,10619348,Q4,,4,4,Q4,Q4,Q4,0,4,0,0,Q4,0,4,0,0,Q4,0,4,0,0,0
https://openalex.org/W2049054082,01429418,Q2,,2,2,Q2,Q2,Q2,0,2,1,1,Q2,0,2,1,1,Q2,0,2,1,1,0
https://openalex.org/W2049061905,07373937,Q3,,2,2,Q2,Q2,Q3,0,3,0,1,Q2,0,2,1,1,Q2,0,2,1,1,0
https://openalex.org/W2049069355,15237052,Q1,,1,1,Q1,Q1,Q1,1,1,1,1,Q1,1,1,1,1,Q1,1,1,1,1,1
https://openalex.org/W2049132891,00220248,Q1,,2,2,Q2,Q2,Q1,1,1,1,1,Q2,0,2,1,1,Q2,0,2,1,1,1
https://openalex.org/W2049138944,02365731,Q3,,3,3,Q3,Q3,Q3,0,3,0,1,Q3,0,3,0,1,Q3,0,3,0,1,0
https://openalex.org/W2049156470,02578972,Q1,,1,1,Q1,Q1,Q1,1,1,1,1,Q1,1,1,1,1,Q1,1,1,1,1,1
https://openalex.org/W2049157168,15237052,Q1,,1,1,Q1,Q1,Q1,1,1,1,1,Q1,1,1,1,1,Q1,1,1,1,1,1
https://openalex.org/W2049181472,00032700,Q1,,1,1,Q1,Q1,Q1,1,1,1,1,Q1,1,1,1,1,Q1,1,1,1,1,1
https://openalex.org/W2049198438,0013936X,Q1,,1,1,Q1,Q1,Q1,1,1,1,1,Q1,1,1,1,1,Q1,1,1,1,1,1
https://openalex.org/W2049214686,03682048,Q2,,2,2,Q2,Q2,Q2,0,2,1,1,Q2,0,2,1,1,Q2,0,2,1,1,0
https://openalex.org/W2049246654,13597345,Q1,,1,1,Q1,Q1,Q1,1,1,1,1,Q1,1,1,1,1,Q1,1,1,1,1,1
https://openalex.org/W2049259509,00220248,Q1,,2,2,Q2,Q2,Q1,1,1,1,1,Q2,0,2,1,1,Q2,0,2,1,1,1
https://openalex.org/W2049308581,00027863,Q1,,1,1,Q1,Q1,Q1,1,1,1,1,Q1,1,1,1,1,Q1,1,1,1,1,1
https://openalex.org/W2049323281,00218995,Q1,,2,2,Q2,Q2,Q1,1,1,1,1,Q2,0,2,1,1,Q2,0,2,1,1,1
https://openalex.org/W2049334125,15237052,Q1,,1,1,Q1,Q1,Q1,1,1,1,1,Q1,1,1,1,1,Q1,1,1,1,1,1
https://openalex.org/W2049448791,00323888,Q1,,2,2,Q2,Q2,Q1,1,1,1,1,Q2,0,2,1,1,Q2,0,2,1,1,1
https://openalex.org/W2049465314,01694332,-,,5,5,Unranked,Unranked,Unranked,0,5,0,0,Unranked,0,5,0,0,Unranked,0,5,0,0,0
https://openalex.org/W2049490525,00334545,Q2,,1,1,Q1,Q1,Q2,0,2,1,1,Q1,1,1,1,1,Q1,1,1,1,1,0
https://openalex.org/W2049494866,00218561,Q1,,1,1,Q1,Q1,Q1,1,1,1,1,Q1,1,1,1,1,Q1,1,1,1,1,1
https://openalex.org/W2049575973,02578972,Q1,,1,1,Q1,Q1,Q1,1,1,1,1,Q1,1,1,1,1,Q1,1,1,1,1,1
https://openalex.org/W2049589996,01422421,Q2,,2,2,Q2,Q2,Q2,0,2,1,1,Q2,0,2,1,1,Q2,0,2,1,1,0
https://openalex.org/W2049595148,00218561,Q1,,1,1,Q1,Q1,Q1,1,1,1,1,Q1,1,1,1,1,Q1,1,1,1,1,1
https://openalex.org/W2049631960,02578972,Q1,,1,1,Q1,Q1,Q1,1,1,1,1,Q1,1,1,1,1,Q1,1,1,1,1,1
https://openalex.org/W2049639445,09680896,Q2,,1,1,Q1,Q1,Q2,0,2,1,1,Q1,1,1,1,1,Q1,1,1,1,1,0
https://openalex.org/W2049640443,10973958,Q3,,3,3,Q3,Q3,Q3,0,3,0,1,Q3,0,3,0,1,Q3,0,3,0,1,0
https://openalex.org/W2049679128,13597345,Q1,,1,1,Q1,Q1,Q1,1,1,1,1,Q1,1,1,1,1,Q1,1,1,1,1,1
https://openalex.org/W2049682877,00220248,Q1,,2,2,Q2,Q2,Q1,1,1,1,1,Q2,0,2,1,1,Q2,0,2,1,1,1
https://openalex.org/W2049691908,00319104,Q3,,3,3,Q3,Q3,Q3,0,3,0,1,Q3,0,3,0,1,Q3,0,3,0,1,0
https://openalex.org/W2049702459,1011372X,Q1,,1,1,Q1,Q1,Q1,1,1,1,1,Q1,1,1,1,1,Q1,1,1,1,1,1
https://openalex.org/W2049740219,14779226,Q1,,1,1,Q1,Q1,Q1,1,1,1,1,Q1,1,1,1,1,Q1,1,1,1,1,1
https://openalex.org/W2049742885,15306984,Q1,,1,1,Q1,Q1,Q1,1,1,1,1,Q1,1,1,1,1,Q1,1,1,1,1,1
https://openalex.org/W2049770360,07491581,Q2,,2,2,Q2,Q2,Q2,0,2,1,1,Q2,0,2,1,1,Q2,0,2,1,1,0
https://openalex.org/W2049801415,00027863,Q1,,1,1,Q1,Q1,Q1,1,1,1,1,Q1,1,1,1,1,Q1,1,1,1,1,1
https://openalex.org/W2049881731,16182642,Q2,,1,1,Q1,Q1,Q2,0,2,1,1,Q1,1,1,1,1,Q1,1,1,1,1,0
https://openalex.org/W2049977096,10440305,Q1,,1,1,Q1,Q1,Q1,1,1,1,1,Q1,1,1,1,1,Q1,1,1,1,1,1
https://openalex.org/W2050023060,09270256,Q1,,1,1,Q1,Q1,Q1,1,1,1,1,Q1,1,1,1,1,Q1,1,1,1,1,1
https://openalex.org/W2050056398,02682575,Q2,,2,2,Q2,Q2,Q2,0,2,1,1,Q2,0,2,1,1,Q2,0,2,1,1,0
https://openalex.org/W2050071665,16182642,Q2,,1,1,Q1,Q1,Q2,0,2,1,1,Q1,1,1,1,1,Q1,1,1,1,1,0
https://openalex.org/W2050076576,00032670,Q1,,1,1,Q1,Q1,Q1,1,1,1,1,Q1,1,1,1,1,Q1,1,1,1,1,1
https://openalex.org/W2050087788,07437463,Q1,,1,1,Q1,Q1,Q1,1,1,1,1,Q1,1,1,1,1,Q1,1,1,1,1,1
https://openalex.org/W2050111898,00249297,Q1,,1,1,Q1,Q1,Q1,1,1,1,1,Q1,1,1,1,1,Q1,1,1,1,1,1
https://openalex.org/W2050123170,14668564,Q2,,1,1,Q1,Q1,Q2,0,2,1,1,Q1,1,1,1,1,Q1,1,1,1,1,0
https://openalex.org/W2050147717,0036021X,Q2,,2,2,Q2,Q2,Q2,0,2,1,1,Q2,0,2,1,1,Q2,0,2,1,1,0
https://openalex.org/W2050166677,09254005,-,,5,5,Unranked,Unranked,Unranked,0,5,0,0,Unranked,0,5,0,0,Unranked,0,5,0,0,0
https://openalex.org/W2050192298,00223263,Q1,,1,1,Q1,Q1,Q1,1,1,1,1,Q1,1,1,1,1,Q1,1,1,1,1,1
https://openalex.org/W2050192797,07373937,Q3,,2,2,Q2,Q2,Q3,0,3,0,1,Q2,0,2,1,1,Q2,0,2,1,1,0
https://openalex.org/W2050213871,00218561,Q1,,1,1,Q1,Q1,Q1,1,1,1,1,Q1,1,1,1,1,Q1,1,1,1,1,1
https://openalex.org/W2050242627,02578972,Q1,,1,1,Q1,Q1,Q1,1,1,1,1,Q1,1,1,1,1,Q1,1,1,1,1,1
https://openalex.org/W2050250143,08885885,Q1,,1,1,Q1,Q1,Q1,1,1,1,1,Q1,1,1,1,1,Q1,1,1,1,1,1
https://openalex.org/W2050253627,00201685,Q3,,3,3,Q3,Q3,Q3,0,3,0,1,Q3,0,3,0,1,Q3,0,3,0,1,0
https://openalex.org/W2050316854,1478422X,Q2,,2,2,Q2,Q2,Q2,0,2,1,1,Q2,0,2,1,1,Q2,0,2,1,1,0
https://openalex.org/W2050346272,14786419,Q3,,3,3,Q3,Q3,Q3,0,3,0,1,Q3,0,3,0,1,Q3,0,3,0,1,0
https://openalex.org/W2050373261,13886150,Q3,,3,3,Q3,Q3,Q3,0,3,0,1,Q3,0,3,0,1,Q3,0,3,0,1,0
https://openalex.org/W2050403980,00222348,Q1,,2,2,Q2,Q2,Q1,1,1,1,1,Q2,0,2,1,1,Q2,0,2,1,1,1
https://openalex.org/W2050433345,09478396,Q1,,1,1,Q1,Q1,Q1,1,1,1,1,Q1,1,1,1,1,Q1,1,1,1,1,1
https://openalex.org/W2050440292,01694332,-,,5,5,Unranked,Unranked,Unranked,0,5,0,0,Unranked,0,5,0,0,Unranked,0,5,0,0,0
https://openalex.org/W2050509353,13858947,Q1,,1,1,Q1,Q1,Q1,1,1,1,1,Q1,1,1,1,1,Q1,1,1,1,1,1
https://openalex.org/W2050544259,0887624X,Q1,,1,1,Q1,Q1,Q1,1,1,1,1,Q1,1,1,1,1,Q1,1,1,1,1,1
https://openalex.org/W2050549953,01694332,-,,5,5,Unranked,Unranked,Unranked,0,5,0,0,Unranked,0,5,0,0,Unranked,0,5,0,0,0
https://openalex.org/W2050575076,00399140,Q1,,1,1,Q1,Q1,Q1,1,1,1,1,Q1,1,1,1,1,Q1,1,1,1,1,1
https://openalex.org/W2050582550,03855414,Q2,,3,3,Q3,Q3,Q2,0,2,1,1,Q3,0,3,0,1,Q3,0,3,0,1,0
https://openalex.org/W2050586807,09598103,-,,5,5,Unranked,Unranked,Unranked,0,5,0,0,Unranked,0,5,0,0,Unranked,0,5,0,0,0
https://openalex.org/W2050592681,03770486,Q2,,1,1,Q1,Q1,Q2,0,2,1,1,Q1,1,1,1,1,Q1,1,1,1,1,0
https://openalex.org/W2050607737,0030770X,Q1,,1,1,Q1,Q1,Q1,1,1,1,1,Q1,1,1,1,1,Q1,1,1,1,1,1
https://openalex.org/W2050611160,00027863,Q1,,1,1,Q1,Q1,Q1,1,1,1,1,Q1,1,1,1,1,Q1,1,1,1,1,1
https://openalex.org/W2050630827,07317085,Q2,,1,1,Q1,Q1,Q2,0,2,1,1,Q1,1,1,1,1,Q1,1,1,1,1,0
https://openalex.org/W2050647362,00134651,Q1,,1,1,Q1,Q1,Q1,1,1,1,1,Q1,1,1,1,1,Q1,1,1,1,1,1
https://openalex.org/W2050655061,09106340,Q3,,2,2,Q2,Q2,Q3,0,3,0,1,Q2,0,2,1,1,Q2,0,2,1,1,0
https://openalex.org/W2050664219,09253467,-,,5,5,Unranked,Unranked,Unranked,0,5,0,0,Unranked,0,5,0,0,Unranked,0,5,0,0,0
https://openalex.org/W2050686417,09514198,Q1,,1,1,Q1,Q1,Q1,1,1,1,1,Q1,1,1,1,1,Q1,1,1,1,1,1
https://openalex.org/W2050695605,01633864,Q1,,1,1,Q1,Q1,Q1,1,1,1,1,Q1,1,1,1,1,Q1,1,1,1,1,1
https://openalex.org/W2050715012,14337851,Q1,,1,1,Q1,Q1,Q1,1,1,1,1,Q1,1,1,1,1,Q1,1,1,1,1,1
https://openalex.org/W2050715148,14337851,Q1,,1,1,Q1,Q1,Q1,1,1,1,1,Q1,1,1,1,1,Q1,1,1,1,1,1
https://openalex.org/W2050779555,00244201,Q2,,2,2,Q2,Q2,Q2,0,2,1,1,Q2,0,2,1,1,Q2,0,2,1,1,0
https://openalex.org/W2050801225,00323888,Q1,,2,2,Q2,Q2,Q1,1,1,1,1,Q2,0,2,1,1,Q2,0,2,1,1,1
https://openalex.org/W2050826615,03080501,Q2,,2,2,Q2,Q2,Q2,0,2,1,1,Q2,0,2,1,1,Q2,0,2,1,1,0
https://openalex.org/W2050828370,1385772X,Q2,,2,2,Q2,Q2,Q2,0,2,1,1,Q2,0,2,1,1,Q2,0,2,1,1,0
https://openalex.org/W2050931136,02767333,Q1,,1,1,Q1,Q1,Q1,1,1,1,1,Q1,1,1,1,1,Q1,1,1,1,1,1
https://openalex.org/W2051035988,07317085,Q2,,1,1,Q1,Q1,Q2,0,2,1,1,Q1,1,1,1,1,Q1,1,1,1,1,0
https://openalex.org/W2051069966,00220248,Q1,,2,2,Q2,Q2,Q1,1,1,1,1,Q2,0,2,1,1,Q2,0,2,1,1,1
https://openalex.org/W2051150651,00032700,Q1,,1,1,Q1,Q1,Q1,1,1,1,1,Q1,1,1,1,1,Q1,1,1,1,1,1
https://openalex.org/W2051167130,14337851,Q1,,1,1,Q1,Q1,Q1,1,1,1,1,Q1,1,1,1,1,Q1,1,1,1,1,1
https://openalex.org/W2051174770,01633864,Q1,,1,1,Q1,Q1,Q1,1,1,1,1,Q1,1,1,1,1,Q1,1,1,1,1,1
https://openalex.org/W2051187617,01694332,-,,5,5,Unranked,Unranked,Unranked,0,5,0,0,Unranked,0,5,0,0,Unranked,0,5,0,0,0
https://openalex.org/W2051198730,07437463,Q1,,1,1,Q1,Q1,Q1,1,1,1,1,Q1,1,1,1,1,Q1,1,1,1,1,1
https://openalex.org/W2051206450,10412905,Q2,,2,2,Q2,Q2,Q2,0,2,1,1,Q2,0,2,1,1,Q2,0,2,1,1,0
https://openalex.org/W2051216879,01496395,Q2,,2,2,Q2,Q2,Q2,0,2,1,1,Q2,0,2,1,1,Q2,0,2,1,1,0
https://openalex.org/W2051237800,09149244,Q3,,3,3,Q3,Q3,Q3,0,3,0,1,Q3,0,3,0,1,Q3,0,3,0,1,0
https://openalex.org/W2051240229,00406031,Q3,,2,2,Q2,Q2,Q3,0,3,0,1,Q2,0,2,1,1,Q2,0,2,1,1,0
https://openalex.org/W2051249702,15700232,Q2,,1,1,Q1,Q1,Q2,0,2,1,1,Q1,1,1,1,1,Q1,1,1,1,1,0
https://openalex.org/W2051261435,10225528,Q1,,1,1,Q1,Q1,Q1,1,1,1,1,Q1,1,1,1,1,Q1,1,1,1,1,1
https://openalex.org/W2051289590,09574484,Q1,,1,1,Q1,Q1,Q1,1,1,1,1,Q1,1,1,1,1,Q1,1,1,1,1,1
https://openalex.org/W2051294444,00218561,Q1,,1,1,Q1,Q1,Q1,1,1,1,1,Q1,1,1,1,1,Q1,1,1,1,1,1
https://openalex.org/W2051304203,00796816,-,,5,5,Unranked,Unranked,Unranked,0,5,0,0,Unranked,0,5,0,0,Unranked,0,5,0,0,0
https://openalex.org/W2051319759,00134686,Q1,,1,1,Q1,Q1,Q1,1,1,1,1,Q1,1,1,1,1,Q1,1,1,1,1,1
https://openalex.org/W2051328807,15287483,Q1,,1,1,Q1,Q1,Q1,1,1,1,1,Q1,1,1,1,1,Q1,1,1,1,1,1
https://openalex.org/W2051337816,02321300,Q2,,2,2,Q2,Q2,Q2,0,2,1,1,Q2,0,2,1,1,Q2,0,2,1,1,0
https://openalex.org/W2051370108,09259635,Q1,,1,1,Q1,Q1,Q1,1,1,1,1,Q1,1,1,1,1,Q1,1,1,1,1,1
https://openalex.org/W2051406856,00456535,Q1,,1,1,Q1,Q1,Q1,1,1,1,1,Q1,1,1,1,1,Q1,1,1,1,1,1
https://openalex.org/W2051484756,01694332,-,,5,5,Unranked,Unranked,Unranked,0,5,0,0,Unranked,0,5,0,0,Unranked,0,5,0,0,0
https://openalex.org/W2051486056,1011372X,Q1,,1,1,Q1,Q1,Q1,1,1,1,1,Q1,1,1,1,1,Q1,1,1,1,1,1
https://openalex.org/W2051519833,09168451,Q3,,2,2,Q2,Q2,Q3,0,3,0,1,Q2,0,2,1,1,Q2,0,2,1,1,0
https://openalex.org/W2051520127,01672738,Q1,,1,1,Q1,Q1,Q1,1,1,1,1,Q1,1,1,1,1,Q1,1,1,1,1,1
https://openalex.org/W2051543578,02767333,Q1,,1,1,Q1,Q1,Q1,1,1,1,1,Q1,1,1,1,1,Q1,1,1,1,1,1
https://openalex.org/W2051550569,00404039,Q1,,2,2,Q2,Q2,Q1,1,1,1,1,Q2,0,2,1,1,Q2,0,2,1,1,1
https://openalex.org/W2051571487,00092363,Q2,,2,2,Q2,Q2,Q2,0,2,1,1,Q2,0,2,1,1,Q2,0,2,1,1,0
https://openalex.org/W2051577050,00090352,Q2,,2,2,Q2,Q2,Q2,0,2,1,1,Q2,0,2,1,1,Q2,0,2,1,1,0
https://openalex.org/W2051580541,00406031,Q3,,2,2,Q2,Q2,Q3,0,3,0,1,Q2,0,2,1,1,Q2,0,2,1,1,0
https://openalex.org/W2051592117,09680896,Q2,,1,1,Q1,Q1,Q2,0,2,1,1,Q1,1,1,1,1,Q1,1,1,1,1,0
https://openalex.org/W2051608417,00032670,Q1,,1,1,Q1,Q1,Q1,1,1,1,1,Q1,1,1,1,1,Q1,1,1,1,1,1
https://openalex.org/W2051622945,08825734,Q2,,2,2,Q2,Q2,Q2,0,2,1,1,Q2,0,2,1,1,Q2,0,2,1,1,0
https://openalex.org/W2051628438,00219673,Q1,,1,1,Q1,Q1,Q1,1,1,1,1,Q1,1,1,1,1,Q1,1,1,1,1,1
https://openalex.org/W2051635094,07373937,Q3,,2,2,Q2,Q2,Q3,0,3,0,1,Q2,0,2,1,1,Q2,0,2,1,1,0
https://openalex.org/W2051649033,15700232,Q2,,1,1,Q1,Q1,Q2,0,2,1,1,Q1,1,1,1,1,Q1,1,1,1,1,0
https://openalex.org/W2051689387,03009440,Q2,,2,2,Q2,Q2,Q2,0,2,1,1,Q2,0,2,1,1,Q2,0,2,1,1,0
https://openalex.org/W2051755808,07248741,Q1,,1,1,Q1,Q1,Q1,1,1,1,1,Q1,1,1,1,1,Q1,1,1,1,1,1
https://openalex.org/W2051765511,00397911,Q3,,3,3,Q3,Q3,Q3,0,3,0,1,Q3,0,3,0,1,Q3,0,3,0,1,0
https://openalex.org/W2051770052,09669795,Q1,,1,1,Q1,Q1,Q1,1,1,1,1,Q1,1,1,1,1,Q1,1,1,1,1,1
https://openalex.org/W2051783536,02693879,Q3,,2,2,Q2,Q2,Q3,0,3,0,1,Q2,0,2,1,1,Q2,0,2,1,1,0
https://openalex.org/W2051830418,00319104,Q3,,3,3,Q3,Q3,Q3,0,3,0,1,Q3,0,3,0,1,Q3,0,3,0,1,0
https://openalex.org/W2051834928,13590294,Q1,,1,1,Q1,Q1,Q1,1,1,1,1,Q1,1,1,1,1,Q1,1,1,1,1,1
https://openalex.org/W2051867028,01634984,Q3,,3,3,Q3,Q3,Q3,0,3,0,1,Q3,0,3,0,1,Q3,0,3,0,1,0
https://openalex.org/W2051882711,02365731,Q3,,3,3,Q3,Q3,Q3,0,3,0,1,Q3,0,3,0,1,Q3,0,3,0,1,0
https://openalex.org/W2051919043,01004670,Q3,,4,4,Q4,Q4,Q3,0,3,0,1,Q4,0,4,0,0,Q4,0,4,0,0,0
https://openalex.org/W2051928860,02578972,Q1,,1,1,Q1,Q1,Q1,1,1,1,1,Q1,1,1,1,1,Q1,1,1,1,1,1
https://openalex.org/W2051932415,00219568,Q1,,1,1,Q1,Q1,Q1,1,1,1,1,Q1,1,1,1,1,Q1,1,1,1,1,1
https://openalex.org/W2051959438,02365731,Q3,,3,3,Q3,Q3,Q3,0,3,0,1,Q3,0,3,0,1,Q3,0,3,0,1,0
https://openalex.org/W2051969785,09254005,-,,5,5,Unranked,Unranked,Unranked,0,5,0,0,Unranked,0,5,0,0,Unranked,0,5,0,0,0
https://openalex.org/W2051979276,14203049,Q3,,2,2,Q2,Q2,Q3,0,3,0,1,Q2,0,2,1,1,Q2,0,2,1,1,0
https://openalex.org/W2051992188,01694332,-,,5,5,Unranked,Unranked,Unranked,0,5,0,0,Unranked,0,5,0,0,Unranked,0,5,0,0,0
https://openalex.org/W2051994373,13886150,Q3,,3,3,Q3,Q3,Q3,0,3,0,1,Q3,0,3,0,1,Q3,0,3,0,1,0
https://openalex.org/W2052008795,00162361,Q1,,1,1,Q1,Q1,Q1,1,1,1,1,Q1,1,1,1,1,Q1,1,1,1,1,1
https://openalex.org/W2052036094,00032670,Q1,,1,1,Q1,Q1,Q1,1,1,1,1,Q1,1,1,1,1,Q1,1,1,1,1,1
https://openalex.org/W2052064334,00404020,Q1,,1,1,Q1,Q1,Q1,1,1,1,1,Q1,1,1,1,1,Q1,1,1,1,1,1
https://openalex.org/W2052068898,00032670,Q1,,1,1,Q1,Q1,Q1,1,1,1,1,Q1,1,1,1,1,Q1,1,1,1,1,1
https://openalex.org/W2052080707,01694332,-,,5,5,Unranked,Unranked,Unranked,0,5,0,0,Unranked,0,5,0,0,Unranked,0,5,0,0,0
https://openalex.org/W2052115475,09394451,Q2,,2,2,Q2,Q2,Q2,0,2,1,1,Q2,0,2,1,1,Q2,0,2,1,1,0
https://openalex.org/W2052121770,00032670,Q1,,1,1,Q1,Q1,Q1,1,1,1,1,Q1,1,1,1,1,Q1,1,1,1,1,1
https://openalex.org/W2052152398,00338230,Q3,,3,3,Q3,Q3,Q3,0,3,0,1,Q3,0,3,0,1,Q3,0,3,0,1,0
https://openalex.org/W2052210248,00027863,Q1,,1,1,Q1,Q1,Q1,1,1,1,1,Q1,1,1,1,1,Q1,1,1,1,1,1
https://openalex.org/W2052257996,12299197,Q3,,2,2,Q2,Q2,Q3,0,3,0,1,Q2,0,2,1,1,Q2,0,2,1,1,0
https://openalex.org/W2052258810,15237052,Q1,,1,1,Q1,Q1,Q1,1,1,1,1,Q1,1,1,1,1,Q1,1,1,1,1,1
https://openalex.org/W2052274055,02578972,Q1,,1,1,Q1,Q1,Q1,1,1,1,1,Q1,1,1,1,1,Q1,1,1,1,1,1
https://openalex.org/W2052296899,0013936X,Q1,,1,1,Q1,Q1,Q1,1,1,1,1,Q1,1,1,1,1,Q1,1,1,1,1,1
https://openalex.org/W2052307997,1001604X,Q3,,3,2,Q3,Q2,Q3,0,3,0,1,Q3,0,3,0,1,Q2,0,2,1,1,0
https://openalex.org/W2052366200,00218995,Q1,,2,2,Q2,Q2,Q1,1,1,1,1,Q2,0,2,1,1,Q2,0,2,1,1,1
https://openalex.org/W2052371168,10221352,Q1,,2,2,Q2,Q2,Q1,1,1,1,1,Q2,0,2,1,1,Q2,0,2,1,1,1
https://openalex.org/W2052392432,08885885,Q1,,1,1,Q1,Q1,Q1,1,1,1,1,Q1,1,1,1,1,Q1,1,1,1,1,1
https://openalex.org/W2052467317,00119164,Q1,,1,1,Q1,Q1,Q1,1,1,1,1,Q1,1,1,1,1,Q1,1,1,1,1,1
https://openalex.org/W2052471991,09254005,-,,5,5,Unranked,Unranked,Unranked,0,5,0,0,Unranked,0,5,0,0,Unranked,0,5,0,0,0
https://openalex.org/W2052479169,1385772X,Q2,,2,2,Q2,Q2,Q2,0,2,1,1,Q2,0,2,1,1,Q2,0,2,1,1,0
https://openalex.org/W2052482748,01694332,-,,5,5,Unranked,Unranked,Unranked,0,5,0,0,Unranked,0,5,0,0,Unranked,0,5,0,0,0
https://openalex.org/W2052544945,00027863,Q1,,1,1,Q1,Q1,Q1,1,1,1,1,Q1,1,1,1,1,Q1,1,1,1,1,1
https://openalex.org/W2052554175,00399140,Q1,,1,1,Q1,Q1,Q1,1,1,1,1,Q1,1,1,1,1,Q1,1,1,1,1,1
https://openalex.org/W2052567914,00027863,Q1,,1,1,Q1,Q1,Q1,1,1,1,1,Q1,1,1,1,1,Q1,1,1,1,1,1
https://openalex.org/W2052596156,15237052,Q1,,1,1,Q1,Q1,Q1,1,1,1,1,Q1,1,1,1,1,Q1,1,1,1,1,1
https://openalex.org/W2052599429,13873806,Q1,,2,2,Q2,Q2,Q1,1,1,1,1,Q2,0,2,1,1,Q2,0,2,1,1,1
https://openalex.org/W2052676473,00218561,Q1,,1,1,Q1,Q1,Q1,1,1,1,1,Q1,1,1,1,1,Q1,1,1,1,1,1
https://openalex.org/W2052757527,00027863,Q1,,1,1,Q1,Q1,Q1,1,1,1,1,Q1,1,1,1,1,Q1,1,1,1,1,1
https://openalex.org/W2052771261,00027863,Q1,,1,1,Q1,Q1,Q1,1,1,1,1,Q1,1,1,1,1,Q1,1,1,1,1,1
https://openalex.org/W2052792986,00219673,Q1,,1,1,Q1,Q1,Q1,1,1,1,1,Q1,1,1,1,1,Q1,1,1,1,1,1
https://openalex.org/W2052796361,00092363,Q2,,2,2,Q2,Q2,Q2,0,2,1,1,Q2,0,2,1,1,Q2,0,2,1,1,0
https://openalex.org/W2052801750,03009440,Q2,,2,2,Q2,Q2,Q2,0,2,1,1,Q2,0,2,1,1,Q2,0,2,1,1,0
https://openalex.org/W2052804549,00219568,Q1,,1,1,Q1,Q1,Q1,1,1,1,1,Q1,1,1,1,1,Q1,1,1,1,1,1
https://openalex.org/W2052807466,0030770X,Q1,,1,1,Q1,Q1,Q1,1,1,1,1,Q1,1,1,1,1,Q1,1,1,1,1,1
https://openalex.org/W2052809504,07317085,Q2,,1,1,Q1,Q1,Q2,0,2,1,1,Q1,1,1,1,1,Q1,1,1,1,1,0
https://openalex.org/W2052816345,07437463,Q1,,1,1,Q1,Q1,Q1,1,1,1,1,Q1,1,1,1,1,Q1,1,1,1,1,1
https://openalex.org/W2052841652,00119164,Q1,,1,1,Q1,Q1,Q1,1,1,1,1,Q1,1,1,1,1,Q1,1,1,1,1,1
https://openalex.org/W2052851012,02578972,Q1,,1,1,Q1,Q1,Q1,1,1,1,1,Q1,1,1,1,1,Q1,1,1,1,1,1
https://openalex.org/W2052851480,09254005,-,,5,5,Unranked,Unranked,Unranked,0,5,0,0,Unranked,0,5,0,0,Unranked,0,5,0,0,0
https://openalex.org/W2052853214,00201669,Q1,,1,1,Q1,Q1,Q1,1,1,1,1,Q1,1,1,1,1,Q1,1,1,1,1,1
https://openalex.org/W2052915718,10400397,Q2,,2,2,Q2,Q2,Q2,0,2,1,1,Q2,0,2,1,1,Q2,0,2,1,1,0
https://openalex.org/W2052916473,00405795,Q4,,3,3,Q3,Q3,Q4,0,4,0,0,Q3,0,3,0,1,Q3,0,3,0,1,0
https://openalex.org/W2052920521,00387010,Q4,,3,3,Q3,Q3,Q4,0,4,0,0,Q3,0,3,0,1,Q3,0,3,0,1,0
https://openalex.org/W2052935118,00304018,Q1,,2,2,Q2,Q2,Q1,1,1,1,1,Q2,0,2,1,1,Q2,0,2,1,1,1
https://openalex.org/W2052954381,00134686,Q1,,1,1,Q1,Q1,Q1,1,1,1,1,Q1,1,1,1,1,Q1,1,1,1,1,1
https://openalex.org/W2052965052,0013936X,Q1,,1,1,Q1,Q1,Q1,1,1,1,1,Q1,1,1,1,1,Q1,1,1,1,1,1
https://openalex.org/W2052967600,00218995,Q1,,2,2,Q2,Q2,Q1,1,1,1,1,Q2,0,2,1,1,Q2,0,2,1,1,1
https://openalex.org/W2052973400,01035053,Q2,,2,2,Q2,Q2,Q2,0,2,1,1,Q2,0,2,1,1,Q2,0,2,1,1,0
https://openalex.org/W2052993039,01677322,Q3,,2,2,Q2,Q2,Q3,0,3,0,1,Q2,0,2,1,1,Q2,0,2,1,1,0
https://openalex.org/W2053037799,00220248,Q1,,2,2,Q2,Q2,Q1,1,1,1,1,Q2,0,2,1,1,Q2,0,2,1,1,1
https://openalex.org/W2053059779,01448617,Q2,,1,1,Q1,Q1,Q2,0,2,1,1,Q1,1,1,1,1,Q1,1,1,1,1,0
https://openalex.org/W2053103439,15353893,Q1,,1,1,Q1,Q1,Q1,1,1,1,1,Q1,1,1,1,1,Q1,1,1,1,1,1
https://openalex.org/W2053139295,09277765,Q2,,2,2,Q2,Q2,Q2,0,2,1,1,Q2,0,2,1,1,Q2,0,2,1,1,0
https://openalex.org/W2053176226,15700232,Q2,,1,1,Q1,Q1,Q2,0,2,1,1,Q1,1,1,1,1,Q1,1,1,1,1,0
https://openalex.org/W2053184679,01633864,Q1,,1,1,Q1,Q1,Q1,1,1,1,1,Q1,1,1,1,1,Q1,1,1,1,1,1
https://openalex.org/W2053188046,00092614,Q1,,1,1,Q1,Q1,Q1,1,1,1,1,Q1,1,1,1,1,Q1,1,1,1,1,1
https://openalex.org/W2053193341,14337851,Q1,,1,1,Q1,Q1,Q1,1,1,1,1,Q1,1,1,1,1,Q1,1,1,1,1,1
https://openalex.org/W2053233522,00162361,Q1,,1,1,Q1,Q1,Q1,1,1,1,1,Q1,1,1,1,1,Q1,1,1,1,1,1
https://openalex.org/W2053238871,00323861,Q1,,1,1,Q1,Q1,Q1,1,1,1,1,Q1,1,1,1,1,Q1,1,1,1,1,1
https://openalex.org/W2053273370,0195928X,-,,5,5,Unranked,Unranked,Unranked,0,5,0,0,Unranked,0,5,0,0,Unranked,0,5,0,0,0
https://openalex.org/W2053320472,00218561,Q1,,1,1,Q1,Q1,Q1,1,1,1,1,Q1,1,1,1,1,Q1,1,1,1,1,1
https://openalex.org/W2053332720,01633864,Q1,,1,1,Q1,Q1,Q1,1,1,1,1,Q1,1,1,1,1,Q1,1,1,1,1,1
https://openalex.org/W2053339985,00397911,Q3,,3,3,Q3,Q3,Q3,0,3,0,1,Q3,0,3,0,1,Q3,0,3,0,1,0
https://openalex.org/W2053356477,09254005,-,,5,5,Unranked,Unranked,Unranked,0,5,0,0,Unranked,0,5,0,0,Unranked,0,5,0,0,0
https://openalex.org/W2053369391,00796700,Q1,,1,1,Q1,Q1,Q1,1,1,1,1,Q1,1,1,1,1,Q1,1,1,1,1,1
https://openalex.org/W2053371367,10895639,Q1,,1,1,Q1,Q1,Q1,1,1,1,1,Q1,1,1,1,1,Q1,1,1,1,1,1
https://openalex.org/W2053384428,0039128X,Q2,,2,2,Q2,Q2,Q2,0,2,1,1,Q2,0,2,1,1,Q2,0,2,1,1,0
https://openalex.org/W2053390500,10836160,Q2,,1,1,Q1,Q1,Q2,0,2,1,1,Q1,1,1,1,1,Q1,1,1,1,1,0
https://openalex.org/W2053395293,0026265X,Q2,,2,2,Q2,Q2,Q2,0,2,1,1,Q2,0,2,1,1,Q2,0,2,1,1,0
https://openalex.org/W2053405516,00218561,Q1,,1,1,Q1,Q1,Q1,1,1,1,1,Q1,1,1,1,1,Q1,1,1,1,1,1
https://openalex.org/W2053405844,00399140,Q1,,1,1,Q1,Q1,Q1,1,1,1,1,Q1,1,1,1,1,Q1,1,1,1,1,1
https://openalex.org/W2053427300,13858947,Q1,,1,1,Q1,Q1,Q1,1,1,1,1,Q1,1,1,1,1,Q1,1,1,1,1,1
https://openalex.org/W2053440260,00032670,Q1,,1,1,Q1,Q1,Q1,1,1,1,1,Q1,1,1,1,1,Q1,1,1,1,1,1
https://openalex.org/W2053453389,00218561,Q1,,1,1,Q1,Q1,Q1,1,1,1,1,Q1,1,1,1,1,Q1,1,1,1,1,1
https://openalex.org/W2053471516,02767333,Q1,,1,1,Q1,Q1,Q1,1,1,1,1,Q1,1,1,1,1,Q1,1,1,1,1,1
https://openalex.org/W2053474679,07317085,Q2,,1,1,Q1,Q1,Q2,0,2,1,1,Q1,1,1,1,1,Q1,1,1,1,1,0
https://openalex.org/W2053515088,11440546,Q1,,1,1,Q1,Q1,Q1,1,1,1,1,Q1,1,1,1,1,Q1,1,1,1,1,1
https://openalex.org/W2053539527,09669795,Q1,,1,1,Q1,Q1,Q1,1,1,1,1,Q1,1,1,1,1,Q1,1,1,1,1,1
https://openalex.org/W2053565003,00218561,Q1,,1,1,Q1,Q1,Q1,1,1,1,1,Q1,1,1,1,1,Q1,1,1,1,1,1
https://openalex.org/W2053581606,13811991,Q2,,2,2,Q2,Q2,Q2,0,2,1,1,Q2,0,2,1,1,Q2,0,2,1,1,0
https://openalex.org/W2053597927,00027863,Q1,,1,1,Q1,Q1,Q1,1,1,1,1,Q1,1,1,1,1,Q1,1,1,1,1,1
https://openalex.org/W2053610219,09669795,Q1,,1,1,Q1,Q1,Q1,1,1,1,1,Q1,1,1,1,1,Q1,1,1,1,1,1
https://openalex.org/W2053627264,00027863,Q1,,1,1,Q1,Q1,Q1,1,1,1,1,Q1,1,1,1,1,Q1,1,1,1,1,1
https://openalex.org/W2053683136,03767388,Q1,,1,1,Q1,Q1,Q1,1,1,1,1,Q1,1,1,1,1,Q1,1,1,1,1,1
https://openalex.org/W2053708340,00027863,Q1,,1,1,Q1,Q1,Q1,1,1,1,1,Q1,1,1,1,1,Q1,1,1,1,1,1
https://openalex.org/W2053718792,00218995,Q1,,2,2,Q2,Q2,Q1,1,1,1,1,Q2,0,2,1,1,Q2,0,2,1,1,1
https://openalex.org/W2053733176,09253467,-,,5,5,Unranked,Unranked,Unranked,0,5,0,0,Unranked,0,5,0,0,Unranked,0,5,0,0,0
https://openalex.org/W2053746961,00027863,Q1,,1,1,Q1,Q1,Q1,1,1,1,1,Q1,1,1,1,1,Q1,1,1,1,1,1
https://openalex.org/W2053747026,00404039,Q1,,2,2,Q2,Q2,Q1,1,1,1,1,Q2,0,2,1,1,Q2,0,2,1,1,1
https://openalex.org/W2053800232,00092363,Q2,,2,2,Q2,Q2,Q2,0,2,1,1,Q2,0,2,1,1,Q2,0,2,1,1,0
https://openalex.org/W2053820783,14690667,Q3,,3,3,Q3,Q3,Q3,0,3,0,1,Q3,0,3,0,1,Q3,0,3,0,1,0
https://openalex.org/W2053846826,08926875,Q2,,1,1,Q1,Q1,Q2,0,2,1,1,Q1,1,1,1,1,Q1,1,1,1,1,0
https://openalex.org/W2053889114,10619348,Q4,,4,4,Q4,Q4,Q4,0,4,0,0,Q4,0,4,0,0,Q4,0,4,0,0,0
https://openalex.org/W2053899931,15675394,Q2,,2,2,Q2,Q2,Q2,0,2,1,1,Q2,0,2,1,1,Q2,0,2,1,1,0
https://openalex.org/W2054009924,13861425,Q2,,2,2,Q2,Q2,Q2,0,2,1,1,Q2,0,2,1,1,Q2,0,2,1,1,0
https://openalex.org/W2054013538,01633864,Q1,,1,1,Q1,Q1,Q1,1,1,1,1,Q1,1,1,1,1,Q1,1,1,1,1,1
https://openalex.org/W2054046531,15237052,Q1,,1,1,Q1,Q1,Q1,1,1,1,1,Q1,1,1,1,1,Q1,1,1,1,1,1
https://openalex.org/W2054055788,00162361,Q1,,1,1,Q1,Q1,Q1,1,1,1,1,Q1,1,1,1,1,Q1,1,1,1,1,1
https://openalex.org/W2054097321,00223263,Q1,,1,1,Q1,Q1,Q1,1,1,1,1,Q1,1,1,1,1,Q1,1,1,1,1,1
https://openalex.org/W2054102817,00086223,Q1,,1,1,Q1,Q1,Q1,1,1,1,1,Q1,1,1,1,1,Q1,1,1,1,1,1
https://openalex.org/W2054166491,00222860,Q2,,3,3,Q3,Q3,Q2,0,2,1,1,Q3,0,3,0,1,Q3,0,3,0,1,0
https://openalex.org/W2054166950,00219673,Q1,,1,1,Q1,Q1,Q1,1,1,1,1,Q1,1,1,1,1,Q1,1,1,1,1,1
https://openalex.org/W2054241946,00399140,Q1,,1,1,Q1,Q1,Q1,1,1,1,1,Q1,1,1,1,1,Q1,1,1,1,1,1
https://openalex.org/W2054289718,10440305,Q1,,1,1,Q1,Q1,Q1,1,1,1,1,Q1,1,1,1,1,Q1,1,1,1,1,1
https://openalex.org/W2054290531,01633864,Q1,,1,1,Q1,Q1,Q1,1,1,1,1,Q1,1,1,1,1,Q1,1,1,1,1,1
https://openalex.org/W2054290933,08837694,Q1,,1,1,Q1,Q1,Q1,1,1,1,1,Q1,1,1,1,1,Q1,1,1,1,1,1
https://openalex.org/W2054431046,02365731,Q3,,3,3,Q3,Q3,Q3,0,3,0,1,Q3,0,3,0,1,Q3,0,3,0,1,0
https://openalex.org/W2054440115,01633864,Q1,,1,1,Q1,Q1,Q1,1,1,1,1,Q1,1,1,1,1,Q1,1,1,1,1,1
https://openalex.org/W2054442161,00143057,Q2,,1,1,Q1,Q1,Q2,0,2,1,1,Q1,1,1,1,1,Q1,1,1,1,1,0
https://openalex.org/W2054504330,00223263,Q1,,1,1,Q1,Q1,Q1,1,1,1,1,Q1,1,1,1,1,Q1,1,1,1,1,1
https://openalex.org/W2054519844,03009440,Q2,,2,2,Q2,Q2,Q2,0,2,1,1,Q2,0,2,1,1,Q2,0,2,1,1,0
https://openalex.org/W2054527033,03639045,Q3,,2,2,Q2,Q2,Q3,0,3,0,1,Q2,0,2,1,1,Q2,0,2,1,1,0
https://openalex.org/W2054602857,09254005,-,,5,5,Unranked,Unranked,Unranked,0,5,0,0,Unranked,0,5,0,0,Unranked,0,5,0,0,0
https://openalex.org/W2054619035,03767388,Q1,,1,1,Q1,Q1,Q1,1,1,1,1,Q1,1,1,1,1,Q1,1,1,1,1,1
https://openalex.org/W2054640226,00143057,Q2,,1,1,Q1,Q1,Q2,0,2,1,1,Q1,1,1,1,1,Q1,1,1,1,1,0
https://openalex.org/W2054680605,00201669,Q1,,1,1,Q1,Q1,Q1,1,1,1,1,Q1,1,1,1,1,Q1,1,1,1,1,1
https://openalex.org/W2054693968,13861425,Q2,,2,2,Q2,Q2,Q2,0,2,1,1,Q2,0,2,1,1,Q2,0,2,1,1,0
https://openalex.org/W2054708031,10431802,Q1,,1,1,Q1,Q1,Q1,1,1,1,1,Q1,1,1,1,1,Q1,1,1,1,1,1
https://openalex.org/W2054730946,00218561,Q1,,1,1,Q1,Q1,Q1,1,1,1,1,Q1,1,1,1,1,Q1,1,1,1,1,1
https://openalex.org/W2054767484,00231584,Q3,,3,3,Q3,Q3,Q3,0,3,0,1,Q3,0,3,0,1,Q3,0,3,0,1,0
https://openalex.org/W2054814906,00086215,Q2,,2,2,Q2,Q2,Q2,0,2,1,1,Q2,0,2,1,1,Q2,0,2,1,1,0
https://openalex.org/W2054833170,02365731,Q3,,3,3,Q3,Q3,Q3,0,3,0,1,Q3,0,3,0,1,Q3,0,3,0,1,0
https://openalex.org/W2054843145,01730835,Q1,,1,1,Q1,Q1,Q1,1,1,1,1,Q1,1,1,1,1,Q1,1,1,1,1,1
https://openalex.org/W2054875538,01730835,Q1,,1,1,Q1,Q1,Q1,1,1,1,1,Q1,1,1,1,1,Q1,1,1,1,1,1
https://openalex.org/W2054891174,10221352,Q1,,2,2,Q2,Q2,Q1,1,1,1,1,Q2,0,2,1,1,Q2,0,2,1,1,1
https://openalex.org/W2054898870,15675394,Q2,,2,2,Q2,Q2,Q2,0,2,1,1,Q2,0,2,1,1,Q2,0,2,1,1,0
https://openalex.org/W2054955257,13835866,Q1,,1,1,Q1,Q1,Q1,1,1,1,1,Q1,1,1,1,1,Q1,1,1,1,1,1
https://openalex.org/W2054962497,00218561,Q1,,1,1,Q1,Q1,Q1,1,1,1,1,Q1,1,1,1,1,Q1,1,1,1,1,1
https://openalex.org/W2054970052,10665285,Q3,,3,3,Q3,Q3,Q3,0,3,0,1,Q3,0,3,0,1,Q3,0,3,0,1,0
https://openalex.org/W2054985405,01694332,-,,5,5,Unranked,Unranked,Unranked,0,5,0,0,Unranked,0,5,0,0,Unranked,0,5,0,0,0
https://openalex.org/W2054993800,02552701,Q2,,1,1,Q1,Q1,Q2,0,2,1,1,Q1,1,1,1,1,Q1,1,1,1,1,0
https://openalex.org/W2055051699,01448617,Q2,,1,1,Q1,Q1,Q2,0,2,1,1,Q1,1,1,1,1,Q1,1,1,1,1,0
https://openalex.org/W2055065898,01448617,Q2,,1,1,Q1,Q1,Q2,0,2,1,1,Q1,1,1,1,1,Q1,1,1,1,1,0
https://openalex.org/W2055093500,03667022,Q2,,2,2,Q2,Q2,Q2,0,2,1,1,Q2,0,2,1,1,Q2,0,2,1,1,0
https://openalex.org/W2055108772,15237052,Q1,,1,1,Q1,Q1,Q1,1,1,1,1,Q1,1,1,1,1,Q1,1,1,1,1,1
https://openalex.org/W2055126833,09514198,Q1,,1,1,Q1,Q1,Q1,1,1,1,1,Q1,1,1,1,1,Q1,1,1,1,1,1
https://openalex.org/W2055187674,03043843,Q3,,4,4,Q4,Q4,Q3,0,3,0,1,Q4,0,4,0,0,Q4,0,4,0,0,0
https://openalex.org/W2055195562,09580344,Q2,,2,2,Q2,Q2,Q2,0,2,1,1,Q2,0,2,1,1,Q2,0,2,1,1,0
https://openalex.org/W2055212133,00323888,Q1,,2,2,Q2,Q2,Q1,1,1,1,1,Q2,0,2,1,1,Q2,0,2,1,1,1
https://openalex.org/W2055223452,03787753,Q1,,1,1,Q1,Q1,Q1,1,1,1,1,Q1,1,1,1,1,Q1,1,1,1,1,1
https://openalex.org/W2055226067,00318655,Q2,,2,2,Q2,Q2,Q2,0,2,1,1,Q2,0,2,1,1,Q2,0,2,1,1,0
https://openalex.org/W2055279785,00032670,Q1,,1,1,Q1,Q1,Q1,1,1,1,1,Q1,1,1,1,1,Q1,1,1,1,1,1
https://openalex.org/W2055280862,02775387,Q2,,2,2,Q2,Q2,Q2,0,2,1,1,Q2,0,2,1,1,Q2,0,2,1,1,0
https://openalex.org/W2055284559,00404020,Q1,,1,1,Q1,Q1,Q1,1,1,1,1,Q1,1,1,1,1,Q1,1,1,1,1,1
https://openalex.org/W2055307846,15306984,Q1,,1,1,Q1,Q1,Q1,1,1,1,1,Q1,1,1,1,1,Q1,1,1,1,1,1
https://openalex.org/W2055318287,00224596,Q2,,2,2,Q2,Q2,Q2,0,2,1,1,Q2,0,2,1,1,Q2,0,2,1,1,0
https://openalex.org/W2055355335,09478396,Q1,,1,1,Q1,Q1,Q1,1,1,1,1,Q1,1,1,1,1,Q1,1,1,1,1,1
https://openalex.org/W2055360084,03787753,Q1,,1,1,Q1,Q1,Q1,1,1,1,1,Q1,1,1,1,1,Q1,1,1,1,1,1
https://openalex.org/W2055386104,03667022,Q2,,2,2,Q2,Q2,Q2,0,2,1,1,Q2,0,2,1,1,Q2,0,2,1,1,0
https://openalex.org/W2055394267,13597345,Q1,,1,1,Q1,Q1,Q1,1,1,1,1,Q1,1,1,1,1,Q1,1,1,1,1,1
https://openalex.org/W2055412125,00219673,Q1,,1,1,Q1,Q1,Q1,1,1,1,1,Q1,1,1,1,1,Q1,1,1,1,1,1
https://openalex.org/W2055441314,00201669,Q1,,1,1,Q1,Q1,Q1,1,1,1,1,Q1,1,1,1,1,Q1,1,1,1,1,1
https://openalex.org/W2055454349,00218561,Q1,,1,1,Q1,Q1,Q1,1,1,1,1,Q1,1,1,1,1,Q1,1,1,1,1,1
https://openalex.org/W2055463674,07317085,Q2,,1,1,Q1,Q1,Q2,0,2,1,1,Q1,1,1,1,1,Q1,1,1,1,1,0
https://openalex.org/W2055483077,02365731,Q3,,3,3,Q3,Q3,Q3,0,3,0,1,Q3,0,3,0,1,Q3,0,3,0,1,0
https://openalex.org/W2055497894,00219614,Q2,,1,1,Q1,Q1,Q2,0,2,1,1,Q1,1,1,1,1,Q1,1,1,1,1,0
https://openalex.org/W2055513998,00218561,Q1,,1,1,Q1,Q1,Q1,1,1,1,1,Q1,1,1,1,1,Q1,1,1,1,1,1
https://openalex.org/W2055537227,09669795,Q1,,1,1,Q1,Q1,Q1,1,1,1,1,Q1,1,1,1,1,Q1,1,1,1,1,1
https://openalex.org/W2055545994,01694332,-,,5,5,Unranked,Unranked,Unranked,0,5,0,0,Unranked,0,5,0,0,Unranked,0,5,0,0,0
https://openalex.org/W2055576531,00162361,Q1,,1,1,Q1,Q1,Q1,1,1,1,1,Q1,1,1,1,1,Q1,1,1,1,1,1
https://openalex.org/W2055599005,00218995,Q1,,2,2,Q2,Q2,Q1,1,1,1,1,Q2,0,2,1,1,Q2,0,2,1,1,1
https://openalex.org/W2055611068,08926875,Q2,,1,1,Q1,Q1,Q2,0,2,1,1,Q1,1,1,1,1,Q1,1,1,1,1,0
https://openalex.org/W2055615531,00092665,Q1,,1,1,Q1,Q1,Q1,1,1,1,1,Q1,1,1,1,1,Q1,1,1,1,1,1
https://openalex.org/W2055623148,00032670,Q1,,1,1,Q1,Q1,Q1,1,1,1,1,Q1,1,1,1,1,Q1,1,1,1,1,1
https://openalex.org/W2055662938,00220248,Q1,,2,2,Q2,Q2,Q1,1,1,1,1,Q2,0,2,1,1,Q2,0,2,1,1,1
https://openalex.org/W2055703022,02365731,Q3,,3,3,Q3,Q3,Q3,0,3,0,1,Q3,0,3,0,1,Q3,0,3,0,1,0
https://openalex.org/W2055754429,10836160,Q2,,1,1,Q1,Q1,Q2,0,2,1,1,Q1,1,1,1,1,Q1,1,1,1,1,0
https://openalex.org/W2055801545,15700232,Q2,,1,1,Q1,Q1,Q2,0,2,1,1,Q1,1,1,1,1,Q1,1,1,1,1,0
https://openalex.org/W2055851951,00032700,Q1,,1,1,Q1,Q1,Q1,1,1,1,1,Q1,1,1,1,1,Q1,1,1,1,1,1
https://openalex.org/W2055921196,00032700,Q1,,1,1,Q1,Q1,Q1,1,1,1,1,Q1,1,1,1,1,Q1,1,1,1,1,1
https://openalex.org/W2055931179,08926875,Q2,,1,1,Q1,Q1,Q2,0,2,1,1,Q1,1,1,1,1,Q1,1,1,1,1,0
https://openalex.org/W2055931504,03525139,Q3,,3,3,Q3,Q3,Q3,0,3,0,1,Q3,0,3,0,1,Q3,0,3,0,1,0
https://openalex.org/W2055938367,13835866,Q1,,1,1,Q1,Q1,Q1,1,1,1,1,Q1,1,1,1,1,Q1,1,1,1,1,1
https://openalex.org/W2055944234,00218995,Q1,,2,2,Q2,Q2,Q1,1,1,1,1,Q2,0,2,1,1,Q2,0,2,1,1,1
https://openalex.org/W2056015972,00223263,Q1,,1,1,Q1,Q1,Q1,1,1,1,1,Q1,1,1,1,1,Q1,1,1,1,1,1
https://openalex.org/W2056045939,00162361,Q1,,1,1,Q1,Q1,Q1,1,1,1,1,Q1,1,1,1,1,Q1,1,1,1,1,1
https://openalex.org/W2056063878,01694332,-,,5,5,Unranked,Unranked,Unranked,0,5,0,0,Unranked,0,5,0,0,Unranked,0,5,0,0,0
https://openalex.org/W2056066441,14387697,Q2,,2,2,Q2,Q2,Q2,0,2,1,1,Q2,0,2,1,1,Q2,0,2,1,1,0
https://openalex.org/W2056078801,00134686,Q1,,1,1,Q1,Q1,Q1,1,1,1,1,Q1,1,1,1,1,Q1,1,1,1,1,1
https://openalex.org/W2056090628,09599428,Q1,,1,1,Q1,Q1,Q1,1,1,1,1,Q1,1,1,1,1,Q1,1,1,1,1,1
https://openalex.org/W2056097911,13861425,Q2,,2,2,Q2,Q2,Q2,0,2,1,1,Q2,0,2,1,1,Q2,0,2,1,1,0
https://openalex.org/W2056111598,14639076,Q1,,1,1,Q1,Q1,Q1,1,1,1,1,Q1,1,1,1,1,Q1,1,1,1,1,1
https://openalex.org/W2056116674,15237052,Q1,,1,1,Q1,Q1,Q1,1,1,1,1,Q1,1,1,1,1,Q1,1,1,1,1,1
https://openalex.org/W2056156373,07317085,Q2,,1,1,Q1,Q1,Q2,0,2,1,1,Q1,1,1,1,1,Q1,1,1,1,1,0
https://openalex.org/W2056162661,00027863,Q1,,1,1,Q1,Q1,Q1,1,1,1,1,Q1,1,1,1,1,Q1,1,1,1,1,1
https://openalex.org/W2056164159,02578972,Q1,,1,1,Q1,Q1,Q1,1,1,1,1,Q1,1,1,1,1,Q1,1,1,1,1,1
https://openalex.org/W2056176998,0030770X,Q1,,1,1,Q1,Q1,Q1,1,1,1,1,Q1,1,1,1,1,Q1,1,1,1,1,1
https://openalex.org/W2056204542,03787753,Q1,,1,1,Q1,Q1,Q1,1,1,1,1,Q1,1,1,1,1,Q1,1,1,1,1,1
https://openalex.org/W2056214300,09106340,Q3,,2,2,Q2,Q2,Q3,0,3,0,1,Q2,0,2,1,1,Q2,0,2,1,1,0
https://openalex.org/W2056274458,13861425,Q2,,2,2,Q2,Q2,Q2,0,2,1,1,Q2,0,2,1,1,Q2,0,2,1,1,0
https://openalex.org/W2056281353,00399140,Q1,,1,1,Q1,Q1,Q1,1,1,1,1,Q1,1,1,1,1,Q1,1,1,1,1,1
https://openalex.org/W2056311734,0010938X,Q1,,1,1,Q1,Q1,Q1,1,1,1,1,Q1,1,1,1,1,Q1,1,1,1,1,1
https://openalex.org/W2056321125,00027863,Q1,,1,1,Q1,Q1,Q1,1,1,1,1,Q1,1,1,1,1,Q1,1,1,1,1,1
https://openalex.org/W2056328144,00027863,Q1,,1,1,Q1,Q1,Q1,1,1,1,1,Q1,1,1,1,1,Q1,1,1,1,1,1
https://openalex.org/W2056522494,00134686,Q1,,1,1,Q1,Q1,Q1,1,1,1,1,Q1,1,1,1,1,Q1,1,1,1,1,1
https://openalex.org/W2056559895,00399140,Q1,,1,1,Q1,Q1,Q1,1,1,1,1,Q1,1,1,1,1,Q1,1,1,1,1,1
https://openalex.org/W2056598784,00399140,Q1,,1,1,Q1,Q1,Q1,1,1,1,1,Q1,1,1,1,1,Q1,1,1,1,1,1
https://openalex.org/W2056599460,09254005,-,,5,5,Unranked,Unranked,Unranked,0,5,0,0,Unranked,0,5,0,0,Unranked,0,5,0,0,0
https://openalex.org/W2056663103,02365731,Q3,,3,3,Q3,Q3,Q3,0,3,0,1,Q3,0,3,0,1,Q3,0,3,0,1,0
https://openalex.org/W2056682775,10106030,Q1,,1,1,Q1,Q1,Q1,1,1,1,1,Q1,1,1,1,1,Q1,1,1,1,1,1
https://openalex.org/W2056686202,00406031,Q3,,2,2,Q2,Q2,Q3,0,3,0,1,Q2,0,2,1,1,Q2,0,2,1,1,0
https://openalex.org/W2056726333,01677322,Q3,,2,2,Q2,Q2,Q3,0,3,0,1,Q2,0,2,1,1,Q2,0,2,1,1,0
https://openalex.org/W2056744992,00442313,Q3,,3,3,Q3,Q3,Q3,0,3,0,1,Q3,0,3,0,1,Q3,0,3,0,1,0
https://openalex.org/W2056847746,00095893,Q2,,2,2,Q2,Q2,Q2,0,2,1,1,Q2,0,2,1,1,Q2,0,2,1,1,0
https://openalex.org/W2056922823,03767388,Q1,,1,1,Q1,Q1,Q1,1,1,1,1,Q1,1,1,1,1,Q1,1,1,1,1,1
https://openalex.org/W2056925204,15237052,Q1,,1,1,Q1,Q1,Q1,1,1,1,1,Q1,1,1,1,1,Q1,1,1,1,1,1
https://openalex.org/W2056952605,01004670,Q3,,4,4,Q4,Q4,Q3,0,3,0,1,Q4,0,4,0,0,Q4,0,4,0,0,0
https://openalex.org/W2056985821,00219568,Q1,,1,1,Q1,Q1,Q1,1,1,1,1,Q1,1,1,1,1,Q1,1,1,1,1,1
https://openalex.org/W2057009590,08974756,Q1,,1,1,Q1,Q1,Q1,1,1,1,1,Q1,1,1,1,1,Q1,1,1,1,1,1
https://openalex.org/W2057031979,00063525,Q1,,1,1,Q1,Q1,Q1,1,1,1,1,Q1,1,1,1,1,Q1,1,1,1,1,1
https://openalex.org/W2057043360,09259635,Q1,,1,1,Q1,Q1,Q1,1,1,1,1,Q1,1,1,1,1,Q1,1,1,1,1,1
https://openalex.org/W2057083212,09242031,Q3,,3,3,Q3,Q3,Q3,0,3,0,1,Q3,0,3,0,1,Q3,0,3,0,1,0
https://openalex.org/W2057089681,10895639,Q1,,1,1,Q1,Q1,Q1,1,1,1,1,Q1,1,1,1,1,Q1,1,1,1,1,1
https://openalex.org/W2057121844,00027863,Q1,,1,1,Q1,Q1,Q1,1,1,1,1,Q1,1,1,1,1,Q1,1,1,1,1,1
https://openalex.org/W2057141724,00027863,Q1,,1,1,Q1,Q1,Q1,1,1,1,1,Q1,1,1,1,1,Q1,1,1,1,1,1
https://openalex.org/W2057176325,15306984,Q1,,1,1,Q1,Q1,Q1,1,1,1,1,Q1,1,1,1,1,Q1,1,1,1,1,1
https://openalex.org/W2057184364,00201693,Q2,,2,2,Q2,Q2,Q2,0,2,1,1,Q2,0,2,1,1,Q2,0,2,1,1,0
https://openalex.org/W2057212519,09340866,Q2,,1,2,Q1,Q2,Q2,0,2,1,1,Q1,1,1,1,1,Q2,0,2,1,1,0
https://openalex.org/W2057226633,00404039,Q1,,2,2,Q2,Q2,Q1,1,1,1,1,Q2,0,2,1,1,Q2,0,2,1,1,1
https://openalex.org/W2057233789,00223697,Q1,,2,2,Q2,Q2,Q1,1,1,1,1,Q2,0,2,1,1,Q2,0,2,1,1,1
https://openalex.org/W2057234125,08885885,Q1,,1,1,Q1,Q1,Q1,1,1,1,1,Q1,1,1,1,1,Q1,1,1,1,1,1
https://openalex.org/W2057247657,01652370,Q1,,1,1,Q1,Q1,Q1,1,1,1,1,Q1,1,1,1,1,Q1,1,1,1,1,1
https://openalex.org/W2057281613,00094536,Q3,,3,3,Q3,Q3,Q3,0,3,0,1,Q3,0,3,0,1,Q3,0,3,0,1,0
https://openalex.org/W2057292970,00218995,Q1,,2,2,Q2,Q2,Q1,1,1,1,1,Q2,0,2,1,1,Q2,0,2,1,1,1
https://openalex.org/W2057312396,15204766,-,,5,5,Unranked,Unranked,Unranked,0,5,0,0,Unranked,0,5,0,0,Unranked,0,5,0,0,0
https://openalex.org/W2057343892,00119164,Q1,,1,1,Q1,Q1,Q1,1,1,1,1,Q1,1,1,1,1,Q1,1,1,1,1,1
https://openalex.org/W2057394529,00223697,Q1,,2,2,Q2,Q2,Q1,1,1,1,1,Q2,0,2,1,1,Q2,0,2,1,1,1
https://openalex.org/W2057398991,00381098,Q1,,1,1,Q1,Q1,Q1,1,1,1,1,Q1,1,1,1,1,Q1,1,1,1,1,1
https://openalex.org/W2057410646,03080501,Q2,,2,2,Q2,Q2,Q2,0,2,1,1,Q2,0,2,1,1,Q2,0,2,1,1,0
https://openalex.org/W2057437352,00249297,Q1,,1,1,Q1,Q1,Q1,1,1,1,1,Q1,1,1,1,1,Q1,1,1,1,1,1
https://openalex.org/W2057439620,09205861,Q1,,1,1,Q1,Q1,Q1,1,1,1,1,Q1,1,1,1,1,Q1,1,1,1,1,1
https://openalex.org/W2057445074,07366299,Q2,,2,2,Q2,Q2,Q2,0,2,1,1,Q2,0,2,1,1,Q2,0,2,1,1,0
https://openalex.org/W2057446624,00032670,Q1,,1,1,Q1,Q1,Q1,1,1,1,1,Q1,1,1,1,1,Q1,1,1,1,1,1
https://openalex.org/W2057476394,09270256,Q1,,1,1,Q1,Q1,Q1,1,1,1,1,Q1,1,1,1,1,Q1,1,1,1,1,1
https://openalex.org/W2057509572,00027863,Q1,,1,1,Q1,Q1,Q1,1,1,1,1,Q1,1,1,1,1,Q1,1,1,1,1,1
https://openalex.org/W2057569550,00223263,Q1,,1,1,Q1,Q1,Q1,1,1,1,1,Q1,1,1,1,1,Q1,1,1,1,1,1
https://openalex.org/W2057590820,08885885,Q1,,1,1,Q1,Q1,Q1,1,1,1,1,Q1,1,1,1,1,Q1,1,1,1,1,1
https://openalex.org/W2057596684,00223263,Q1,,1,1,Q1,Q1,Q1,1,1,1,1,Q1,1,1,1,1,Q1,1,1,1,1,1
https://openalex.org/W2057598630,03787753,Q1,,1,1,Q1,Q1,Q1,1,1,1,1,Q1,1,1,1,1,Q1,1,1,1,1,1
https://openalex.org/W2057615334,00404020,Q1,,1,1,Q1,Q1,Q1,1,1,1,1,Q1,1,1,1,1,Q1,1,1,1,1,1
https://openalex.org/W2057639911,03783812,Q2,,2,2,Q2,Q2,Q2,0,2,1,1,Q2,0,2,1,1,Q2,0,2,1,1,0
https://openalex.org/W2057666608,00320943,Q2,,2,2,Q2,Q2,Q2,0,2,1,1,Q2,0,2,1,1,Q2,0,2,1,1,0
https://openalex.org/W2057685527,00119164,Q1,,1,1,Q1,Q1,Q1,1,1,1,1,Q1,1,1,1,1,Q1,1,1,1,1,1
https://openalex.org/W2057694979,00027863,Q1,,1,1,Q1,Q1,Q1,1,1,1,1,Q1,1,1,1,1,Q1,1,1,1,1,1
https://openalex.org/W2057702244,09254005,-,,5,5,Unranked,Unranked,Unranked,0,5,0,0,Unranked,0,5,0,0,Unranked,0,5,0,0,0
https://openalex.org/W2057705347,00304018,Q1,,2,2,Q2,Q2,Q1,1,1,1,1,Q2,0,2,1,1,Q2,0,2,1,1,1
https://openalex.org/W2057707661,00143057,Q2,,1,1,Q1,Q1,Q2,0,2,1,1,Q1,1,1,1,1,Q1,1,1,1,1,0
https://openalex.org/W2057708824,02552701,Q2,,1,1,Q1,Q1,Q2,0,2,1,1,Q1,1,1,1,1,Q1,1,1,1,1,0
https://openalex.org/W2057725456,00027863,Q1,,1,1,Q1,Q1,Q1,1,1,1,1,Q1,1,1,1,1,Q1,1,1,1,1,1
https://openalex.org/W2057735212,09277757,-,,5,5,Unranked,Unranked,Unranked,0,5,0,0,Unranked,0,5,0,0,Unranked,0,5,0,0,0
https://openalex.org/W2057763780,00032670,Q1,,1,1,Q1,Q1,Q1,1,1,1,1,Q1,1,1,1,1,Q1,1,1,1,1,1
https://openalex.org/W2057777369,10221336,Q1,,1,1,Q1,Q1,Q1,1,1,1,1,Q1,1,1,1,1,Q1,1,1,1,1,1
https://openalex.org/W2057826157,13886150,Q3,,3,3,Q3,Q3,Q3,0,3,0,1,Q3,0,3,0,1,Q3,0,3,0,1,0
https://openalex.org/W2057827295,0303402X,Q2,,2,2,Q2,Q2,Q2,0,2,1,1,Q2,0,2,1,1,Q2,0,2,1,1,0
https://openalex.org/W2057844299,00223263,Q1,,1,1,Q1,Q1,Q1,1,1,1,1,Q1,1,1,1,1,Q1,1,1,1,1,1
https://openalex.org/W2057910809,15421406,Q2,,3,3,Q3,Q3,Q2,0,2,1,1,Q3,0,3,0,1,Q3,0,3,0,1,0
https://openalex.org/W2057932021,00399140,Q1,,1,1,Q1,Q1,Q1,1,1,1,1,Q1,1,1,1,1,Q1,1,1,1,1,1
https://openalex.org/W2057939562,02578972,Q1,,1,1,Q1,Q1,Q1,1,1,1,1,Q1,1,1,1,1,Q1,1,1,1,1,1
https://openalex.org/W2057982115,00220248,Q1,,2,2,Q2,Q2,Q1,1,1,1,1,Q2,0,2,1,1,Q2,0,2,1,1,1
https://openalex.org/W2057983181,01694332,-,,5,5,Unranked,Unranked,Unranked,0,5,0,0,Unranked,0,5,0,0,Unranked,0,5,0,0,0
https://openalex.org/W2058118853,00027863,Q1,,1,1,Q1,Q1,Q1,1,1,1,1,Q1,1,1,1,1,Q1,1,1,1,1,1
https://openalex.org/W2058124656,01652370,Q1,,1,1,Q1,Q1,Q1,1,1,1,1,Q1,1,1,1,1,Q1,1,1,1,1,1
https://openalex.org/W2058132059,03855414,Q2,,3,3,Q3,Q3,Q2,0,2,1,1,Q3,0,3,0,1,Q3,0,3,0,1,0
https://openalex.org/W2058137837,00134686,Q1,,1,1,Q1,Q1,Q1,1,1,1,1,Q1,1,1,1,1,Q1,1,1,1,1,1
https://openalex.org/W2058200127,0013936X,Q1,,1,1,Q1,Q1,Q1,1,1,1,1,Q1,1,1,1,1,Q1,1,1,1,1,1
https://openalex.org/W2058216230,00134686,Q1,,1,1,Q1,Q1,Q1,1,1,1,1,Q1,1,1,1,1,Q1,1,1,1,1,1
https://openalex.org/W2058224796,09205861,Q1,,1,1,Q1,Q1,Q1,1,1,1,1,Q1,1,1,1,1,Q1,1,1,1,1,1
https://openalex.org/W2058230245,08885885,Q1,,1,1,Q1,Q1,Q1,1,1,1,1,Q1,1,1,1,1,Q1,1,1,1,1,1
https://openalex.org/W2058230532,00404039,Q1,,2,2,Q2,Q2,Q1,1,1,1,1,Q2,0,2,1,1,Q2,0,2,1,1,1
https://openalex.org/W2058274946,09254005,-,,5,5,Unranked,Unranked,Unranked,0,5,0,0,Unranked,0,5,0,0,Unranked,0,5,0,0,0
https://openalex.org/W2058278593,0960894X,Q2,,2,2,Q2,Q2,Q2,0,2,1,1,Q2,0,2,1,1,Q2,0,2,1,1,0
https://openalex.org/W2058292898,01672738,Q1,,1,1,Q1,Q1,Q1,1,1,1,1,Q1,1,1,1,1,Q1,1,1,1,1,1
https://openalex.org/W2058293418,08885885,Q1,,1,1,Q1,Q1,Q1,1,1,1,1,Q1,1,1,1,1,Q1,1,1,1,1,1
https://openalex.org/W2058321898,13861425,Q2,,2,2,Q2,Q2,Q2,0,2,1,1,Q2,0,2,1,1,Q2,0,2,1,1,0
https://openalex.org/W2058340208,00218561,Q1,,1,1,Q1,Q1,Q1,1,1,1,1,Q1,1,1,1,1,Q1,1,1,1,1,1
https://openalex.org/W2058408813,00134651,Q1,,1,1,Q1,Q1,Q1,1,1,1,1,Q1,1,1,1,1,Q1,1,1,1,1,1
https://openalex.org/W2058447872,00456535,Q1,,1,1,Q1,Q1,Q1,1,1,1,1,Q1,1,1,1,1,Q1,1,1,1,1,1
https://openalex.org/W2058448386,00092509,Q1,,1,1,Q1,Q1,Q1,1,1,1,1,Q1,1,1,1,1,Q1,1,1,1,1,1
https://openalex.org/W2058454107,10286020,Q4,,3,3,Q3,Q3,Q4,0,4,0,0,Q3,0,3,0,1,Q3,0,3,0,1,0
https://openalex.org/W2058469879,01694332,-,,5,5,Unranked,Unranked,Unranked,0,5,0,0,Unranked,0,5,0,0,Unranked,0,5,0,0,0
https://openalex.org/W2058517913,00220248,Q1,,2,2,Q2,Q2,Q1,1,1,1,1,Q2,0,2,1,1,Q2,0,2,1,1,1
https://openalex.org/W2058528521,02578972,Q1,,1,1,Q1,Q1,Q1,1,1,1,1,Q1,1,1,1,1,Q1,1,1,1,1,1
https://openalex.org/W2058544689,00224766,Q4,,4,4,Q4,Q4,Q4,0,4,0,0,Q4,0,4,0,0,Q4,0,4,0,0,0
https://openalex.org/W2058585415,00222860,Q2,,3,3,Q3,Q3,Q2,0,2,1,1,Q3,0,3,0,1,Q3,0,3,0,1,0
https://openalex.org/W2058619318,03787753,Q1,,1,1,Q1,Q1,Q1,1,1,1,1,Q1,1,1,1,1,Q1,1,1,1,1,1
https://openalex.org/W2058642496,00986445,Q2,,2,2,Q2,Q2,Q2,0,2,1,1,Q2,0,2,1,1,Q2,0,2,1,1,0
https://openalex.org/W2058663932,15237052,Q1,,1,1,Q1,Q1,Q1,1,1,1,1,Q1,1,1,1,1,Q1,1,1,1,1,1
https://openalex.org/W2058677340,00201669,Q1,,1,1,Q1,Q1,Q1,1,1,1,1,Q1,1,1,1,1,Q1,1,1,1,1,1
https://openalex.org/W2058687919,01429418,Q2,,2,2,Q2,Q2,Q2,0,2,1,1,Q2,0,2,1,1,Q2,0,2,1,1,0
https://openalex.org/W2058706915,09277757,-,,5,5,Unranked,Unranked,Unranked,0,5,0,0,Unranked,0,5,0,0,Unranked,0,5,0,0,0
https://openalex.org/W2058711122,09680896,Q2,,1,1,Q1,Q1,Q2,0,2,1,1,Q1,1,1,1,1,Q1,1,1,1,1,0
https://openalex.org/W2058726071,00304018,Q1,,2,2,Q2,Q2,Q1,1,1,1,1,Q2,0,2,1,1,Q2,0,2,1,1,1
https://openalex.org/W2058750561,09680896,Q2,,1,1,Q1,Q1,Q2,0,2,1,1,Q1,1,1,1,1,Q1,1,1,1,1,0
https://openalex.org/W2058751313,0018019X,Q1,,2,2,Q2,Q2,Q1,1,1,1,1,Q2,0,2,1,1,Q2,0,2,1,1,1
https://openalex.org/W2058753518,07317085,Q2,,1,1,Q1,Q1,Q2,0,2,1,1,Q1,1,1,1,1,Q1,1,1,1,1,0
https://openalex.org/W2058772805,09574166,Q1,,1,1,Q1,Q1,Q1,1,1,1,1,Q1,1,1,1,1,Q1,1,1,1,1,1
https://openalex.org/W2058773979,0013936X,Q1,,1,1,Q1,Q1,Q1,1,1,1,1,Q1,1,1,1,1,Q1,1,1,1,1,1
https://openalex.org/W2058807835,15237052,Q1,,1,1,Q1,Q1,Q1,1,1,1,1,Q1,1,1,1,1,Q1,1,1,1,1,1
https://openalex.org/W2058831110,00220248,Q1,,2,2,Q2,Q2,Q1,1,1,1,1,Q2,0,2,1,1,Q2,0,2,1,1,1
https://openalex.org/W2058882950,03667022,Q2,,2,2,Q2,Q2,Q2,0,2,1,1,Q2,0,2,1,1,Q2,0,2,1,1,0
https://openalex.org/W2058923825,07373937,Q3,,2,2,Q2,Q2,Q3,0,3,0,1,Q2,0,2,1,1,Q2,0,2,1,1,0
https://openalex.org/W2058928275,08885885,Q1,,1,1,Q1,Q1,Q1,1,1,1,1,Q1,1,1,1,1,Q1,1,1,1,1,1
https://openalex.org/W2058936106,03767388,Q1,,1,1,Q1,Q1,Q1,1,1,1,1,Q1,1,1,1,1,Q1,1,1,1,1,1
https://openalex.org/W2058945153,00201669,Q1,,1,1,Q1,Q1,Q1,1,1,1,1,Q1,1,1,1,1,Q1,1,1,1,1,1
https://openalex.org/W2058952621,14764865,Q3,,3,3,Q3,Q3,Q3,0,3,0,1,Q3,0,3,0,1,Q3,0,3,0,1,0
https://openalex.org/W2059003926,03767388,Q1,,1,1,Q1,Q1,Q1,1,1,1,1,Q1,1,1,1,1,Q1,1,1,1,1,1
https://openalex.org/W2059018786,0013936X,Q1,,1,1,Q1,Q1,Q1,1,1,1,1,Q1,1,1,1,1,Q1,1,1,1,1,1
https://openalex.org/W2059023638,10895639,Q1,,1,1,Q1,Q1,Q1,1,1,1,1,Q1,1,1,1,1,Q1,1,1,1,1,1
https://openalex.org/W2059036456,03667022,Q2,,2,2,Q2,Q2,Q2,0,2,1,1,Q2,0,2,1,1,Q2,0,2,1,1,0
https://openalex.org/W2059058178,0018019X,Q1,,2,2,Q2,Q2,Q1,1,1,1,1,Q2,0,2,1,1,Q2,0,2,1,1,1
https://openalex.org/W2059058513,00218561,Q1,,1,1,Q1,Q1,Q1,1,1,1,1,Q1,1,1,1,1,Q1,1,1,1,1,1
https://openalex.org/W2059088237,15287483,Q1,,1,1,Q1,Q1,Q1,1,1,1,1,Q1,1,1,1,1,Q1,1,1,1,1,1
https://openalex.org/W2059111185,16121872,-,,2,2,Q2,Q2,Unranked,0,5,0,0,Q2,0,2,1,1,Q2,0,2,1,1,0
https://openalex.org/W2059121222,13886150,Q3,,3,3,Q3,Q3,Q3,0,3,0,1,Q3,0,3,0,1,Q3,0,3,0,1,0
https://openalex.org/W2059140240,15237052,Q1,,1,1,Q1,Q1,Q1,1,1,1,1,Q1,1,1,1,1,Q1,1,1,1,1,1
https://openalex.org/W2059141462,00218995,Q1,,2,2,Q2,Q2,Q1,1,1,1,1,Q2,0,2,1,1,Q2,0,2,1,1,1
https://openalex.org/W2059145088,00218561,Q1,,1,1,Q1,Q1,Q1,1,1,1,1,Q1,1,1,1,1,Q1,1,1,1,1,1
https://openalex.org/W2059160261,10431802,Q1,,1,1,Q1,Q1,Q1,1,1,1,1,Q1,1,1,1,1,Q1,1,1,1,1,1
https://openalex.org/W2059163399,02365731,Q3,,3,3,Q3,Q3,Q3,0,3,0,1,Q3,0,3,0,1,Q3,0,3,0,1,0
https://openalex.org/W2059189251,00201693,Q2,,2,2,Q2,Q2,Q2,0,2,1,1,Q2,0,2,1,1,Q2,0,2,1,1,0
https://openalex.org/W2059194169,02767333,Q1,,1,1,Q1,Q1,Q1,1,1,1,1,Q1,1,1,1,1,Q1,1,1,1,1,1
https://openalex.org/W2059209464,13504177,-,,5,5,Unranked,Unranked,Unranked,0,5,0,0,Unranked,0,5,0,0,Unranked,0,5,0,0,0
https://openalex.org/W2059217589,03682048,Q2,,2,2,Q2,Q2,Q2,0,2,1,1,Q2,0,2,1,1,Q2,0,2,1,1,0
https://openalex.org/W2059221659,00086223,Q1,,1,1,Q1,Q1,Q1,1,1,1,1,Q1,1,1,1,1,Q1,1,1,1,1,1
https://openalex.org/W2059233014,00201669,Q1,,1,1,Q1,Q1,Q1,1,1,1,1,Q1,1,1,1,1,Q1,1,1,1,1,1
https://openalex.org/W2059248912,14337851,Q1,,1,1,Q1,Q1,Q1,1,1,1,1,Q1,1,1,1,1,Q1,1,1,1,1,1
https://openalex.org/W2059254171,09680896,Q2,,1,1,Q1,Q1,Q2,0,2,1,1,Q1,1,1,1,1,Q1,1,1,1,1,0
https://openalex.org/W2059295867,00027863,Q1,,1,1,Q1,Q1,Q1,1,1,1,1,Q1,1,1,1,1,Q1,1,1,1,1,1
https://openalex.org/W2059311094,00092673,Q1,,1,1,Q1,Q1,Q1,1,1,1,1,Q1,1,1,1,1,Q1,1,1,1,1,1
https://openalex.org/W2059356187,00125008,Q4,,3,3,Q3,Q3,Q4,0,4,0,0,Q3,0,3,0,1,Q3,0,3,0,1,0
https://openalex.org/W2059374360,09106340,Q3,,2,2,Q2,Q2,Q3,0,3,0,1,Q2,0,2,1,1,Q2,0,2,1,1,0
https://openalex.org/W2059391857,00222860,Q2,,3,3,Q3,Q3,Q2,0,2,1,1,Q3,0,3,0,1,Q3,0,3,0,1,0
https://openalex.org/W2059398222,13861425,Q2,,2,2,Q2,Q2,Q2,0,2,1,1,Q2,0,2,1,1,Q2,0,2,1,1,0
https://openalex.org/W2059407625,08885885,Q1,,1,1,Q1,Q1,Q1,1,1,1,1,Q1,1,1,1,1,Q1,1,1,1,1,1
https://openalex.org/W2059413398,15306984,Q1,,1,1,Q1,Q1,Q1,1,1,1,1,Q1,1,1,1,1,Q1,1,1,1,1,1
https://openalex.org/W2059421295,00027863,Q1,,1,1,Q1,Q1,Q1,1,1,1,1,Q1,1,1,1,1,Q1,1,1,1,1,1
https://openalex.org/W2059459658,08885885,Q1,,1,1,Q1,Q1,Q1,1,1,1,1,Q1,1,1,1,1,Q1,1,1,1,1,1
https://openalex.org/W2059469750,00162361,Q1,,1,1,Q1,Q1,Q1,1,1,1,1,Q1,1,1,1,1,Q1,1,1,1,1,1
https://openalex.org/W2059519078,10990062,Q1,,1,1,Q1,Q1,Q1,1,1,1,1,Q1,1,1,1,1,Q1,1,1,1,1,1
https://openalex.org/W2059523230,14382377,Q1,,1,1,Q1,Q1,Q1,1,1,1,1,Q1,1,1,1,1,Q1,1,1,1,1,1
https://openalex.org/W2059580462,09599428,Q1,,1,1,Q1,Q1,Q1,1,1,1,1,Q1,1,1,1,1,Q1,1,1,1,1,1
https://openalex.org/W2059600955,00220248,Q1,,2,2,Q2,Q2,Q1,1,1,1,1,Q2,0,2,1,1,Q2,0,2,1,1,1
https://openalex.org/W2059613803,00027863,Q1,,1,1,Q1,Q1,Q1,1,1,1,1,Q1,1,1,1,1,Q1,1,1,1,1,1
https://openalex.org/W2059641171,09253467,-,,5,5,Unranked,Unranked,Unranked,0,5,0,0,Unranked,0,5,0,0,Unranked,0,5,0,0,0
https://openalex.org/W2059654523,02365731,Q3,,3,3,Q3,Q3,Q3,0,3,0,1,Q3,0,3,0,1,Q3,0,3,0,1,0
https://openalex.org/W2059683083,08825734,Q2,,2,2,Q2,Q2,Q2,0,2,1,1,Q2,0,2,1,1,Q2,0,2,1,1,0
https://openalex.org/W2059708371,09259635,Q1,,1,1,Q1,Q1,Q1,1,1,1,1,Q1,1,1,1,1,Q1,1,1,1,1,1
https://openalex.org/W2059720033,00249297,Q1,,1,1,Q1,Q1,Q1,1,1,1,1,Q1,1,1,1,1,Q1,1,1,1,1,1
https://openalex.org/W2059738133,10231935,Q4,,4,4,Q4,Q4,Q4,0,4,0,0,Q4,0,4,0,0,Q4,0,4,0,0,0
https://openalex.org/W2059755088,00222313,Q1,,1,1,Q1,Q1,Q1,1,1,1,1,Q1,1,1,1,1,Q1,1,1,1,1,1
https://openalex.org/W2059774944,00404020,Q1,,1,1,Q1,Q1,Q1,1,1,1,1,Q1,1,1,1,1,Q1,1,1,1,1,1
https://openalex.org/W2059787490,02679477,Q1,,1,1,Q1,Q1,Q1,1,1,1,1,Q1,1,1,1,1,Q1,1,1,1,1,1
https://openalex.org/W2059806368,0887624X,Q1,,1,1,Q1,Q1,Q1,1,1,1,1,Q1,1,1,1,1,Q1,1,1,1,1,1
https://openalex.org/W2059861905,1616301X,Q1,,1,1,Q1,Q1,Q1,1,1,1,1,Q1,1,1,1,1,Q1,1,1,1,1,1
https://openalex.org/W2059880511,13886150,Q3,,3,3,Q3,Q3,Q3,0,3,0,1,Q3,0,3,0,1,Q3,0,3,0,1,0
https://openalex.org/W2059893252,09277757,-,,5,5,Unranked,Unranked,Unranked,0,5,0,0,Unranked,0,5,0,0,Unranked,0,5,0,0,0
https://openalex.org/W2059899419,15204766,-,,5,5,Unranked,Unranked,Unranked,0,5,0,0,Unranked,0,5,0,0,Unranked,0,5,0,0,0
https://openalex.org/W2059900870,15700232,Q2,,1,1,Q1,Q1,Q2,0,2,1,1,Q1,1,1,1,1,Q1,1,1,1,1,0
https://openalex.org/W2059905799,02682575,Q2,,2,2,Q2,Q2,Q2,0,2,1,1,Q2,0,2,1,1,Q2,0,2,1,1,0
https://openalex.org/W2059929801,0022815X,Q3,,4,4,Q4,Q4,Q3,0,3,0,1,Q4,0,4,0,0,Q4,0,4,0,0,0
https://openalex.org/W2059957926,01659936,Q1,,1,1,Q1,Q1,Q1,1,1,1,1,Q1,1,1,1,1,Q1,1,1,1,1,1
https://openalex.org/W2059968948,10916466,Q2,,3,3,Q3,Q3,Q2,0,2,1,1,Q3,0,3,0,1,Q3,0,3,0,1,0
https://openalex.org/W2060000763,00304018,Q1,,2,2,Q2,Q2,Q1,1,1,1,1,Q2,0,2,1,1,Q2,0,2,1,1,1
https://openalex.org/W2060035567,0030770X,Q1,,1,1,Q1,Q1,Q1,1,1,1,1,Q1,1,1,1,1,Q1,1,1,1,1,1
https://openalex.org/W2060096354,02578972,Q1,,1,1,Q1,Q1,Q1,1,1,1,1,Q1,1,1,1,1,Q1,1,1,1,1,1
https://openalex.org/W2060129070,02767333,Q1,,1,1,Q1,Q1,Q1,1,1,1,1,Q1,1,1,1,1,Q1,1,1,1,1,1
https://openalex.org/W2060143089,09254005,-,,5,5,Unranked,Unranked,Unranked,0,5,0,0,Unranked,0,5,0,0,Unranked,0,5,0,0,0
https://openalex.org/W2060159881,00219568,Q1,,1,1,Q1,Q1,Q1,1,1,1,1,Q1,1,1,1,1,Q1,1,1,1,1,1
https://openalex.org/W2060168813,00092614,Q1,,1,1,Q1,Q1,Q1,1,1,1,1,Q1,1,1,1,1,Q1,1,1,1,1,1
https://openalex.org/W2060204298,00027863,Q1,,1,1,Q1,Q1,Q1,1,1,1,1,Q1,1,1,1,1,Q1,1,1,1,1,1
https://openalex.org/W2060253451,00218995,Q1,,2,2,Q2,Q2,Q1,1,1,1,1,Q2,0,2,1,1,Q2,0,2,1,1,1
https://openalex.org/W2060283374,00027863,Q1,,1,1,Q1,Q1,Q1,1,1,1,1,Q1,1,1,1,1,Q1,1,1,1,1,1
https://openalex.org/W2060339929,01422421,Q2,,2,2,Q2,Q2,Q2,0,2,1,1,Q2,0,2,1,1,Q2,0,2,1,1,0
https://openalex.org/W2060358386,01634984,Q3,,3,3,Q3,Q3,Q3,0,3,0,1,Q3,0,3,0,1,Q3,0,3,0,1,0
https://openalex.org/W2060367594,09205861,Q1,,1,1,Q1,Q1,Q1,1,1,1,1,Q1,1,1,1,1,Q1,1,1,1,1,1
https://openalex.org/W2060411332,00323888,Q1,,2,2,Q2,Q2,Q1,1,1,1,1,Q2,0,2,1,1,Q2,0,2,1,1,1
https://openalex.org/W2060426303,00224596,Q2,,2,2,Q2,Q2,Q2,0,2,1,1,Q2,0,2,1,1,Q2,0,2,1,1,0
https://openalex.org/W2060437286,03088146,Q1,,1,1,Q1,Q1,Q1,1,1,1,1,Q1,1,1,1,1,Q1,1,1,1,1,1
https://openalex.org/W2060476554,00381098,Q1,,1,1,Q1,Q1,Q1,1,1,1,1,Q1,1,1,1,1,Q1,1,1,1,1,1
https://openalex.org/W2060483849,00218995,Q1,,2,2,Q2,Q2,Q1,1,1,1,1,Q2,0,2,1,1,Q2,0,2,1,1,1
https://openalex.org/W2060522627,00389056,Q2,,2,2,Q2,Q2,Q2,0,2,1,1,Q2,0,2,1,1,Q2,0,2,1,1,0
https://openalex.org/W2060525538,03088146,Q1,,1,1,Q1,Q1,Q1,1,1,1,1,Q1,1,1,1,1,Q1,1,1,1,1,1
https://openalex.org/W2060570856,08885885,Q1,,1,1,Q1,Q1,Q1,1,1,1,1,Q1,1,1,1,1,Q1,1,1,1,1,1
https://openalex.org/W2060571653,10826076,Q3,,3,3,Q3,Q3,Q3,0,3,0,1,Q3,0,3,0,1,Q3,0,3,0,1,0
https://openalex.org/W2060575414,02775387,Q2,,2,2,Q2,Q2,Q2,0,2,1,1,Q2,0,2,1,1,Q2,0,2,1,1,0
https://openalex.org/W2060587844,00032670,Q1,,1,1,Q1,Q1,Q1,1,1,1,1,Q1,1,1,1,1,Q1,1,1,1,1,1
https://openalex.org/W2060600657,00218995,Q1,,2,2,Q2,Q2,Q1,1,1,1,1,Q2,0,2,1,1,Q2,0,2,1,1,1
https://openalex.org/W2060616102,00027863,Q1,,1,1,Q1,Q1,Q1,1,1,1,1,Q1,1,1,1,1,Q1,1,1,1,1,1
https://openalex.org/W2060617048,13815148,Q1,,1,1,Q1,Q1,Q1,1,1,1,1,Q1,1,1,1,1,Q1,1,1,1,1,1
https://openalex.org/W2060656439,00134686,Q1,,1,1,Q1,Q1,Q1,1,1,1,1,Q1,1,1,1,1,Q1,1,1,1,1,1
https://openalex.org/W2060663477,0010938X,Q1,,1,1,Q1,Q1,Q1,1,1,1,1,Q1,1,1,1,1,Q1,1,1,1,1,1
https://openalex.org/W2060686534,00027863,Q1,,1,1,Q1,Q1,Q1,1,1,1,1,Q1,1,1,1,1,Q1,1,1,1,1,1
https://openalex.org/W2060707520,00249297,Q1,,1,1,Q1,Q1,Q1,1,1,1,1,Q1,1,1,1,1,Q1,1,1,1,1,1
https://openalex.org/W2060712580,00218995,Q1,,2,2,Q2,Q2,Q1,1,1,1,1,Q2,0,2,1,1,Q2,0,2,1,1,1
https://openalex.org/W2060756681,00222860,Q2,,3,3,Q3,Q3,Q2,0,2,1,1,Q3,0,3,0,1,Q3,0,3,0,1,0
https://openalex.org/W2060791191,02578972,Q1,,1,1,Q1,Q1,Q1,1,1,1,1,Q1,1,1,1,1,Q1,1,1,1,1,1
https://openalex.org/W2060792240,00404039,Q1,,2,2,Q2,Q2,Q1,1,1,1,1,Q2,0,2,1,1,Q2,0,2,1,1,1
https://openalex.org/W2060803582,02365731,Q3,,3,3,Q3,Q3,Q3,0,3,0,1,Q3,0,3,0,1,Q3,0,3,0,1,0
https://openalex.org/W2060827056,00218561,Q1,,1,1,Q1,Q1,Q1,1,1,1,1,Q1,1,1,1,1,Q1,1,1,1,1,1
https://openalex.org/W2060895502,03767388,Q1,,1,1,Q1,Q1,Q1,1,1,1,1,Q1,1,1,1,1,Q1,1,1,1,1,1
https://openalex.org/W2060897177,00456535,Q1,,1,1,Q1,Q1,Q1,1,1,1,1,Q1,1,1,1,1,Q1,1,1,1,1,1
https://openalex.org/W2060921517,00027863,Q1,,1,1,Q1,Q1,Q1,1,1,1,1,Q1,1,1,1,1,Q1,1,1,1,1,1
https://openalex.org/W2060945782,00220248,Q1,,2,2,Q2,Q2,Q1,1,1,1,1,Q2,0,2,1,1,Q2,0,2,1,1,1
https://openalex.org/W2060967061,00027863,Q1,,1,1,Q1,Q1,Q1,1,1,1,1,Q1,1,1,1,1,Q1,1,1,1,1,1
https://openalex.org/W2060998167,10741542,Q3,,3,3,Q3,Q3,Q3,0,3,0,1,Q3,0,3,0,1,Q3,0,3,0,1,0
https://openalex.org/W2061027681,01672738,Q1,,1,1,Q1,Q1,Q1,1,1,1,1,Q1,1,1,1,1,Q1,1,1,1,1,1
https://openalex.org/W2061067868,16182642,Q2,,1,1,Q1,Q1,Q2,0,2,1,1,Q1,1,1,1,1,Q1,1,1,1,1,0
https://openalex.org/W2061074949,02682575,Q2,,2,2,Q2,Q2,Q2,0,2,1,1,Q2,0,2,1,1,Q2,0,2,1,1,0
https://openalex.org/W2061103185,15667367,Q1,,1,1,Q1,Q1,Q1,1,1,1,1,Q1,1,1,1,1,Q1,1,1,1,1,1
https://openalex.org/W2061126917,00032700,Q1,,1,1,Q1,Q1,Q1,1,1,1,1,Q1,1,1,1,1,Q1,1,1,1,1,1
https://openalex.org/W2061136587,0010938X,Q1,,1,1,Q1,Q1,Q1,1,1,1,1,Q1,1,1,1,1,Q1,1,1,1,1,1
https://openalex.org/W2061154587,01694332,-,,5,5,Unranked,Unranked,Unranked,0,5,0,0,Unranked,0,5,0,0,Unranked,0,5,0,0,0
https://openalex.org/W2061162207,01672738,Q1,,1,1,Q1,Q1,Q1,1,1,1,1,Q1,1,1,1,1,Q1,1,1,1,1,1
https://openalex.org/W2061188407,10703632,Q4,,3,3,Q3,Q3,Q4,0,4,0,0,Q3,0,3,0,1,Q3,0,3,0,1,0
https://openalex.org/W2061239482,00027863,Q1,,1,1,Q1,Q1,Q1,1,1,1,1,Q1,1,1,1,1,Q1,1,1,1,1,1
https://openalex.org/W2061243539,10400397,Q2,,2,2,Q2,Q2,Q2,0,2,1,1,Q2,0,2,1,1,Q2,0,2,1,1,0
https://openalex.org/W2061247570,01932691,Q3,,3,3,Q3,Q3,Q3,0,3,0,1,Q3,0,3,0,1,Q3,0,3,0,1,0
https://openalex.org/W2061248826,01677322,Q3,,2,2,Q2,Q2,Q3,0,3,0,1,Q2,0,2,1,1,Q2,0,2,1,1,0
https://openalex.org/W2061249018,00219517,Q1,,1,1,Q1,Q1,Q1,1,1,1,1,Q1,1,1,1,1,Q1,1,1,1,1,1
https://openalex.org/W2061294787,01633864,Q1,,1,1,Q1,Q1,Q1,1,1,1,1,Q1,1,1,1,1,Q1,1,1,1,1,1
https://openalex.org/W2061366787,03404285,Q3,,3,3,Q3,Q3,Q3,0,3,0,1,Q3,0,3,0,1,Q3,0,3,0,1,0
https://openalex.org/W2061380736,10400397,Q2,,2,2,Q2,Q2,Q2,0,2,1,1,Q2,0,2,1,1,Q2,0,2,1,1,0
https://openalex.org/W2061389806,00219592,Q2,,3,3,Q3,Q3,Q2,0,2,1,1,Q3,0,3,0,1,Q3,0,3,0,1,0
https://openalex.org/W2061396497,00032670,Q1,,1,1,Q1,Q1,Q1,1,1,1,1,Q1,1,1,1,1,Q1,1,1,1,1,1
https://openalex.org/W2061405920,01652370,Q1,,1,1,Q1,Q1,Q1,1,1,1,1,Q1,1,1,1,1,Q1,1,1,1,1,1
https://openalex.org/W2061408046,09259635,Q1,,1,1,Q1,Q1,Q1,1,1,1,1,Q1,1,1,1,1,Q1,1,1,1,1,1
https://openalex.org/W2061434322,09277757,-,,5,5,Unranked,Unranked,Unranked,0,5,0,0,Unranked,0,5,0,0,Unranked,0,5,0,0,0
https://openalex.org/W2061460215,09298673,-,,5,4,Unranked,Q4,Unranked,0,5,0,0,Unranked,0,5,0,0,Q4,0,4,0,0,0
https://openalex.org/W2061524584,00249297,Q1,,1,1,Q1,Q1,Q1,1,1,1,1,Q1,1,1,1,1,Q1,1,1,1,1,1
https://openalex.org/W2061546339,0010938X,Q1,,1,1,Q1,Q1,Q1,1,1,1,1,Q1,1,1,1,1,Q1,1,1,1,1,1
https://openalex.org/W2061546957,03855414,Q2,,3,3,Q3,Q3,Q2,0,2,1,1,Q3,0,3,0,1,Q3,0,3,0,1,0
https://openalex.org/W2061570438,00162361,Q1,,1,1,Q1,Q1,Q1,1,1,1,1,Q1,1,1,1,1,Q1,1,1,1,1,1
https://openalex.org/W2061594939,01004670,Q3,,4,4,Q4,Q4,Q3,0,3,0,1,Q4,0,4,0,0,Q4,0,4,0,0,0
https://openalex.org/W2061601333,08974756,Q1,,1,1,Q1,Q1,Q1,1,1,1,1,Q1,1,1,1,1,Q1,1,1,1,1,1
https://openalex.org/W2061605092,13886150,Q3,,3,3,Q3,Q3,Q3,0,3,0,1,Q3,0,3,0,1,Q3,0,3,0,1,0
https://openalex.org/W2061670783,15205207,Q1,,1,1,Q1,Q1,Q1,1,1,1,1,Q1,1,1,1,1,Q1,1,1,1,1,1
https://openalex.org/W2061709917,13597345,Q1,,1,1,Q1,Q1,Q1,1,1,1,1,Q1,1,1,1,1,Q1,1,1,1,1,1
https://openalex.org/W2061721566,07317085,Q2,,1,1,Q1,Q1,Q2,0,2,1,1,Q1,1,1,1,1,Q1,1,1,1,1,0
https://openalex.org/W2061734562,00323861,Q1,,1,1,Q1,Q1,Q1,1,1,1,1,Q1,1,1,1,1,Q1,1,1,1,1,1
https://openalex.org/W2061756650,00218995,Q1,,2,2,Q2,Q2,Q1,1,1,1,1,Q2,0,2,1,1,Q2,0,2,1,1,1
https://openalex.org/W2061769063,0039128X,Q2,,2,2,Q2,Q2,Q2,0,2,1,1,Q2,0,2,1,1,Q2,0,2,1,1,0
https://openalex.org/W2061820150,0022328X,Q1,,2,2,Q2,Q2,Q1,1,1,1,1,Q2,0,2,1,1,Q2,0,2,1,1,1
https://openalex.org/W2061823079,09514198,Q1,,1,1,Q1,Q1,Q1,1,1,1,1,Q1,1,1,1,1,Q1,1,1,1,1,1
https://openalex.org/W2061829922,00220248,Q1,,2,2,Q2,Q2,Q1,1,1,1,1,Q2,0,2,1,1,Q2,0,2,1,1,1
https://openalex.org/W2061843218,01672738,Q1,,1,1,Q1,Q1,Q1,1,1,1,1,Q1,1,1,1,1,Q1,1,1,1,1,1
https://openalex.org/W2061871420,00220248,Q1,,2,2,Q2,Q2,Q1,1,1,1,1,Q2,0,2,1,1,Q2,0,2,1,1,1
https://openalex.org/W2061882567,00134651,Q1,,1,1,Q1,Q1,Q1,1,1,1,1,Q1,1,1,1,1,Q1,1,1,1,1,1
https://openalex.org/W2061885652,00338230,Q3,,3,3,Q3,Q3,Q3,0,3,0,1,Q3,0,3,0,1,Q3,0,3,0,1,0
https://openalex.org/W2061950502,16182642,Q2,,1,1,Q1,Q1,Q2,0,2,1,1,Q1,1,1,1,1,Q1,1,1,1,1,0
https://openalex.org/W2061976407,00323861,Q1,,1,1,Q1,Q1,Q1,1,1,1,1,Q1,1,1,1,1,Q1,1,1,1,1,1
https://openalex.org/W2061979783,09478396,Q1,,1,1,Q1,Q1,Q1,1,1,1,1,Q1,1,1,1,1,Q1,1,1,1,1,1
https://openalex.org/W2061990519,09277757,-,,5,5,Unranked,Unranked,Unranked,0,5,0,0,Unranked,0,5,0,0,Unranked,0,5,0,0,0
https://openalex.org/W2061994305,00218561,Q1,,1,1,Q1,Q1,Q1,1,1,1,1,Q1,1,1,1,1,Q1,1,1,1,1,1
https://openalex.org/W2062039856,07437463,Q1,,1,1,Q1,Q1,Q1,1,1,1,1,Q1,1,1,1,1,Q1,1,1,1,1,1
https://openalex.org/W2062083901,02365731,Q3,,3,3,Q3,Q3,Q3,0,3,0,1,Q3,0,3,0,1,Q3,0,3,0,1,0
https://openalex.org/W2062085042,0265203X,Q1,,1,3,Q1,Q3,Q1,1,1,1,1,Q1,1,1,1,1,Q3,0,3,0,1,1
https://openalex.org/W2062094841,00304018,Q1,,2,2,Q2,Q2,Q1,1,1,1,1,Q2,0,2,1,1,Q2,0,2,1,1,1
https://openalex.org/W2062108858,10990690,Q1,,1,1,Q1,Q1,Q1,1,1,1,1,Q1,1,1,1,1,Q1,1,1,1,1,1
https://openalex.org/W2062116453,00404039,Q1,,2,2,Q2,Q2,Q1,1,1,1,1,Q2,0,2,1,1,Q2,0,2,1,1,1
https://openalex.org/W2062138452,03787753,Q1,,1,1,Q1,Q1,Q1,1,1,1,1,Q1,1,1,1,1,Q1,1,1,1,1,1
https://openalex.org/W2062155966,02728397,Q2,,2,2,Q2,Q2,Q2,0,2,1,1,Q2,0,2,1,1,Q2,0,2,1,1,0
https://openalex.org/W2062177490,09478396,Q1,,1,1,Q1,Q1,Q1,1,1,1,1,Q1,1,1,1,1,Q1,1,1,1,1,1
https://openalex.org/W2062186493,09254005,-,,5,5,Unranked,Unranked,Unranked,0,5,0,0,Unranked,0,5,0,0,Unranked,0,5,0,0,0
https://openalex.org/W2062192423,0010938X,Q1,,1,1,Q1,Q1,Q1,1,1,1,1,Q1,1,1,1,1,Q1,1,1,1,1,1
https://openalex.org/W2062277470,00119164,Q1,,1,1,Q1,Q1,Q1,1,1,1,1,Q1,1,1,1,1,Q1,1,1,1,1,1
https://openalex.org/W2062287412,00959782,Q2,,3,3,Q3,Q3,Q2,0,2,1,1,Q3,0,3,0,1,Q3,0,3,0,1,0
https://openalex.org/W2062289234,14382377,Q1,,1,1,Q1,Q1,Q1,1,1,1,1,Q1,1,1,1,1,Q1,1,1,1,1,1
https://openalex.org/W2062309495,03770486,Q2,,1,1,Q1,Q1,Q2,0,2,1,1,Q1,1,1,1,1,Q1,1,1,1,1,0
https://openalex.org/W2062340580,13882481,Q1,,1,1,Q1,Q1,Q1,1,1,1,1,Q1,1,1,1,1,Q1,1,1,1,1,1
https://openalex.org/W2062341028,09476539,Q1,,1,1,Q1,Q1,Q1,1,1,1,1,Q1,1,1,1,1,Q1,1,1,1,1,1
https://openalex.org/W2062359608,03667022,Q2,,2,2,Q2,Q2,Q2,0,2,1,1,Q2,0,2,1,1,Q2,0,2,1,1,0
https://openalex.org/W2062364235,00119164,Q1,,1,1,Q1,Q1,Q1,1,1,1,1,Q1,1,1,1,1,Q1,1,1,1,1,1
https://openalex.org/W2062372393,00222313,Q1,,1,1,Q1,Q1,Q1,1,1,1,1,Q1,1,1,1,1,Q1,1,1,1,1,1
https://openalex.org/W2062373564,00249297,Q1,,1,1,Q1,Q1,Q1,1,1,1,1,Q1,1,1,1,1,Q1,1,1,1,1,1
https://openalex.org/W2062387087,02365731,Q3,,3,3,Q3,Q3,Q3,0,3,0,1,Q3,0,3,0,1,Q3,0,3,0,1,0
https://openalex.org/W2062421885,00143057,Q2,,1,1,Q1,Q1,Q2,0,2,1,1,Q1,1,1,1,1,Q1,1,1,1,1,0
https://openalex.org/W2062456813,09149244,Q3,,3,3,Q3,Q3,Q3,0,3,0,1,Q3,0,3,0,1,Q3,0,3,0,1,0
https://openalex.org/W2062478257,0013936X,Q1,,1,1,Q1,Q1,Q1,1,1,1,1,Q1,1,1,1,1,Q1,1,1,1,1,1
https://openalex.org/W2062572484,03787753,Q1,,1,1,Q1,Q1,Q1,1,1,1,1,Q1,1,1,1,1,Q1,1,1,1,1,1
https://openalex.org/W2062601517,03787753,Q1,,1,1,Q1,Q1,Q1,1,1,1,1,Q1,1,1,1,1,Q1,1,1,1,1,1
https://openalex.org/W2062619931,0946672X,Q3,,2,2,Q2,Q2,Q3,0,3,0,1,Q2,0,2,1,1,Q2,0,2,1,1,0
https://openalex.org/W2062687636,02693879,Q3,,2,2,Q2,Q2,Q3,0,3,0,1,Q2,0,2,1,1,Q2,0,2,1,1,0
https://openalex.org/W2062692166,00219673,Q1,,1,1,Q1,Q1,Q1,1,1,1,1,Q1,1,1,1,1,Q1,1,1,1,1,1
https://openalex.org/W2062698024,09514198,Q1,,1,1,Q1,Q1,Q1,1,1,1,1,Q1,1,1,1,1,Q1,1,1,1,1,1
https://openalex.org/W2062717118,03787753,Q1,,1,1,Q1,Q1,Q1,1,1,1,1,Q1,1,1,1,1,Q1,1,1,1,1,1
https://openalex.org/W2062717175,00095893,Q2,,2,2,Q2,Q2,Q2,0,2,1,1,Q2,0,2,1,1,Q2,0,2,1,1,0
https://openalex.org/W2062739580,0026265X,Q2,,2,2,Q2,Q2,Q2,0,2,1,1,Q2,0,2,1,1,Q2,0,2,1,1,0
https://openalex.org/W2062759420,07317085,Q2,,1,1,Q1,Q1,Q2,0,2,1,1,Q1,1,1,1,1,Q1,1,1,1,1,0
https://openalex.org/W2062759754,00086223,Q1,,1,1,Q1,Q1,Q1,1,1,1,1,Q1,1,1,1,1,Q1,1,1,1,1,1
https://openalex.org/W2062776687,14328488,Q2,,2,2,Q2,Q2,Q2,0,2,1,1,Q2,0,2,1,1,Q2,0,2,1,1,0
https://openalex.org/W2062797244,15237052,Q1,,1,1,Q1,Q1,Q1,1,1,1,1,Q1,1,1,1,1,Q1,1,1,1,1,1
https://openalex.org/W2062798262,15237052,Q1,,1,1,Q1,Q1,Q1,1,1,1,1,Q1,1,1,1,1,Q1,1,1,1,1,1
https://openalex.org/W2062801391,02578972,Q1,,1,1,Q1,Q1,Q1,1,1,1,1,Q1,1,1,1,1,Q1,1,1,1,1,1
https://openalex.org/W2062814891,03783812,Q2,,2,2,Q2,Q2,Q2,0,2,1,1,Q2,0,2,1,1,Q2,0,2,1,1,0
https://openalex.org/W2062816214,00092509,Q1,,1,1,Q1,Q1,Q1,1,1,1,1,Q1,1,1,1,1,Q1,1,1,1,1,1
https://openalex.org/W2062828935,03088146,Q1,,1,1,Q1,Q1,Q1,1,1,1,1,Q1,1,1,1,1,Q1,1,1,1,1,1
https://openalex.org/W2062844583,15237052,Q1,,1,1,Q1,Q1,Q1,1,1,1,1,Q1,1,1,1,1,Q1,1,1,1,1,1
https://openalex.org/W2062874401,02578972,Q1,,1,1,Q1,Q1,Q1,1,1,1,1,Q1,1,1,1,1,Q1,1,1,1,1,1
https://openalex.org/W2062887603,00223263,Q1,,1,1,Q1,Q1,Q1,1,1,1,1,Q1,1,1,1,1,Q1,1,1,1,1,1
https://openalex.org/W2062908222,09599428,Q1,,1,1,Q1,Q1,Q1,1,1,1,1,Q1,1,1,1,1,Q1,1,1,1,1,1
https://openalex.org/W2062910673,00219568,Q1,,1,1,Q1,Q1,Q1,1,1,1,1,Q1,1,1,1,1,Q1,1,1,1,1,1
https://openalex.org/W2062918862,09599436,Q2,,2,2,Q2,Q2,Q2,0,2,1,1,Q2,0,2,1,1,Q2,0,2,1,1,0
https://openalex.org/W2062942651,03783812,Q2,,2,2,Q2,Q2,Q2,0,2,1,1,Q2,0,2,1,1,Q2,0,2,1,1,0
https://openalex.org/W2062976389,00119164,Q1,,1,1,Q1,Q1,Q1,1,1,1,1,Q1,1,1,1,1,Q1,1,1,1,1,1
https://openalex.org/W2063060947,00219568,Q1,,1,1,Q1,Q1,Q1,1,1,1,1,Q1,1,1,1,1,Q1,1,1,1,1,1
https://openalex.org/W2063063342,09574484,Q1,,1,1,Q1,Q1,Q1,1,1,1,1,Q1,1,1,1,1,Q1,1,1,1,1,1
https://openalex.org/W2063093321,07317085,Q2,,1,1,Q1,Q1,Q2,0,2,1,1,Q1,1,1,1,1,Q1,1,1,1,1,0
https://openalex.org/W2063111032,00162361,Q1,,1,1,Q1,Q1,Q1,1,1,1,1,Q1,1,1,1,1,Q1,1,1,1,1,1
https://openalex.org/W2063168393,09254005,-,,5,5,Unranked,Unranked,Unranked,0,5,0,0,Unranked,0,5,0,0,Unranked,0,5,0,0,0
https://openalex.org/W2063181041,03855414,Q2,,3,3,Q3,Q3,Q2,0,2,1,1,Q3,0,3,0,1,Q3,0,3,0,1,0
https://openalex.org/W2063181079,08827508,Q4,,2,2,Q2,Q2,Q4,0,4,0,0,Q2,0,2,1,1,Q2,0,2,1,1,0
https://openalex.org/W2063193349,13861425,Q2,,2,2,Q2,Q2,Q2,0,2,1,1,Q2,0,2,1,1,Q2,0,2,1,1,0
https://openalex.org/W2063204824,00219673,Q1,,1,1,Q1,Q1,Q1,1,1,1,1,Q1,1,1,1,1,Q1,1,1,1,1,1
https://openalex.org/W2063243101,00456535,Q1,,1,1,Q1,Q1,Q1,1,1,1,1,Q1,1,1,1,1,Q1,1,1,1,1,1
https://openalex.org/W2063273596,07373937,Q3,,2,2,Q2,Q2,Q3,0,3,0,1,Q2,0,2,1,1,Q2,0,2,1,1,0
https://openalex.org/W2063284593,03067319,Q3,,3,3,Q3,Q3,Q3,0,3,0,1,Q3,0,3,0,1,Q3,0,3,0,1,0
https://openalex.org/W2063298667,00220248,Q1,,2,2,Q2,Q2,Q1,1,1,1,1,Q2,0,2,1,1,Q2,0,2,1,1,1
https://openalex.org/W2063314619,01694332,-,,5,5,Unranked,Unranked,Unranked,0,5,0,0,Unranked,0,5,0,0,Unranked,0,5,0,0,0
https://openalex.org/W2063324236,09106340,Q3,,2,2,Q2,Q2,Q3,0,3,0,1,Q2,0,2,1,1,Q2,0,2,1,1,0
https://openalex.org/W2063385393,00498246,Q2,,3,3,Q3,Q3,Q2,0,2,1,1,Q3,0,3,0,1,Q3,0,3,0,1,0
https://openalex.org/W2063423369,0303402X,Q2,,2,2,Q2,Q2,Q2,0,2,1,1,Q2,0,2,1,1,Q2,0,2,1,1,0
https://openalex.org/W2063425223,09277757,-,,5,5,Unranked,Unranked,Unranked,0,5,0,0,Unranked,0,5,0,0,Unranked,0,5,0,0,0
https://openalex.org/W2063429094,01672738,Q1,,1,1,Q1,Q1,Q1,1,1,1,1,Q1,1,1,1,1,Q1,1,1,1,1,1
https://openalex.org/W2063469825,00143057,Q2,,1,1,Q1,Q1,Q2,0,2,1,1,Q1,1,1,1,1,Q1,1,1,1,1,0
https://openalex.org/W2063502396,00093130,-,,5,5,Unranked,Unranked,Unranked,0,5,0,0,Unranked,0,5,0,0,Unranked,0,5,0,0,0
https://openalex.org/W2063503219,00032700,Q1,,1,1,Q1,Q1,Q1,1,1,1,1,Q1,1,1,1,1,Q1,1,1,1,1,1
https://openalex.org/W2063513429,00219673,Q1,,1,1,Q1,Q1,Q1,1,1,1,1,Q1,1,1,1,1,Q1,1,1,1,1,1
https://openalex.org/W2063514903,01677322,Q3,,2,2,Q2,Q2,Q3,0,3,0,1,Q2,0,2,1,1,Q2,0,2,1,1,0
https://openalex.org/W2063521795,02578972,Q1,,1,1,Q1,Q1,Q1,1,1,1,1,Q1,1,1,1,1,Q1,1,1,1,1,1
https://openalex.org/W2063570728,09598103,-,,5,5,Unranked,Unranked,Unranked,0,5,0,0,Unranked,0,5,0,0,Unranked,0,5,0,0,0
https://openalex.org/W2063583889,08825734,Q2,,2,2,Q2,Q2,Q2,0,2,1,1,Q2,0,2,1,1,Q2,0,2,1,1,0
https://openalex.org/W2063591922,00094293,Q2,,2,2,Q2,Q2,Q2,0,2,1,1,Q2,0,2,1,1,Q2,0,2,1,1,0
https://openalex.org/W2063611055,00032700,Q1,,1,1,Q1,Q1,Q1,1,1,1,1,Q1,1,1,1,1,Q1,1,1,1,1,1
https://openalex.org/W2063624547,00032700,Q1,,1,1,Q1,Q1,Q1,1,1,1,1,Q1,1,1,1,1,Q1,1,1,1,1,1
https://openalex.org/W2063652781,09253467,-,,5,5,Unranked,Unranked,Unranked,0,5,0,0,Unranked,0,5,0,0,Unranked,0,5,0,0,0
https://openalex.org/W2063663769,13408054,Q4,,3,3,Q3,Q3,Q4,0,4,0,0,Q3,0,3,0,1,Q3,0,3,0,1,0
https://openalex.org/W2063697937,00304018,Q1,,2,2,Q2,Q2,Q1,1,1,1,1,Q2,0,2,1,1,Q2,0,2,1,1,1
https://openalex.org/W2063711343,01448617,Q2,,1,1,Q1,Q1,Q2,0,2,1,1,Q1,1,1,1,1,Q1,1,1,1,1,0
https://openalex.org/W2063714906,15205207,Q1,,1,1,Q1,Q1,Q1,1,1,1,1,Q1,1,1,1,1,Q1,1,1,1,1,1
https://openalex.org/W2063720430,00173495,Q4,,3,3,Q3,Q3,Q4,0,4,0,0,Q3,0,3,0,1,Q3,0,3,0,1,0
https://openalex.org/W2063731633,00086223,Q1,,1,1,Q1,Q1,Q1,1,1,1,1,Q1,1,1,1,1,Q1,1,1,1,1,1
https://openalex.org/W2063744153,15205207,Q1,,1,1,Q1,Q1,Q1,1,1,1,1,Q1,1,1,1,1,Q1,1,1,1,1,1
https://openalex.org/W2063748683,00092509,Q1,,1,1,Q1,Q1,Q1,1,1,1,1,Q1,1,1,1,1,Q1,1,1,1,1,1
https://openalex.org/W2063750906,07317085,Q2,,1,1,Q1,Q1,Q2,0,2,1,1,Q1,1,1,1,1,Q1,1,1,1,1,0
https://openalex.org/W2063774228,02578972,Q1,,1,1,Q1,Q1,Q1,1,1,1,1,Q1,1,1,1,1,Q1,1,1,1,1,1
https://openalex.org/W2063794158,01672738,Q1,,1,1,Q1,Q1,Q1,1,1,1,1,Q1,1,1,1,1,Q1,1,1,1,1,1
https://openalex.org/W2063877645,13597345,Q1,,1,1,Q1,Q1,Q1,1,1,1,1,Q1,1,1,1,1,Q1,1,1,1,1,1
https://openalex.org/W2063882465,00134686,Q1,,1,1,Q1,Q1,Q1,1,1,1,1,Q1,1,1,1,1,Q1,1,1,1,1,1
https://openalex.org/W2063898739,08885885,Q1,,1,1,Q1,Q1,Q1,1,1,1,1,Q1,1,1,1,1,Q1,1,1,1,1,1
https://openalex.org/W2063902740,01730835,Q1,,1,1,Q1,Q1,Q1,1,1,1,1,Q1,1,1,1,1,Q1,1,1,1,1,1
https://openalex.org/W2063906039,03088146,Q1,,1,1,Q1,Q1,Q1,1,1,1,1,Q1,1,1,1,1,Q1,1,1,1,1,1
https://openalex.org/W2063915017,14394227,Q1,,1,1,Q1,Q1,Q1,1,1,1,1,Q1,1,1,1,1,Q1,1,1,1,1,1
https://openalex.org/W2063920759,0036021X,Q2,,2,2,Q2,Q2,Q2,0,2,1,1,Q2,0,2,1,1,Q2,0,2,1,1,0
https://openalex.org/W2063923587,09565663,Q1,,1,1,Q1,Q1,Q1,1,1,1,1,Q1,1,1,1,1,Q1,1,1,1,1,1
https://openalex.org/W2063982659,05388066,Q2,,2,2,Q2,Q2,Q2,0,2,1,1,Q2,0,2,1,1,Q2,0,2,1,1,0
https://openalex.org/W2063983025,00404039,Q1,,2,2,Q2,Q2,Q1,1,1,1,1,Q2,0,2,1,1,Q2,0,2,1,1,1
https://openalex.org/W2063984406,00092363,Q2,,2,2,Q2,Q2,Q2,0,2,1,1,Q2,0,2,1,1,Q2,0,2,1,1,0
https://openalex.org/W2064032735,09574166,Q1,,1,1,Q1,Q1,Q1,1,1,1,1,Q1,1,1,1,1,Q1,1,1,1,1,1
https://openalex.org/W2064054383,00399140,Q1,,1,1,Q1,Q1,Q1,1,1,1,1,Q1,1,1,1,1,Q1,1,1,1,1,1
https://openalex.org/W2064064047,02578972,Q1,,1,1,Q1,Q1,Q1,1,1,1,1,Q1,1,1,1,1,Q1,1,1,1,1,1
https://openalex.org/W2064075188,14328488,Q2,,2,2,Q2,Q2,Q2,0,2,1,1,Q2,0,2,1,1,Q2,0,2,1,1,0
https://openalex.org/W2064075416,02552701,Q2,,1,1,Q1,Q1,Q2,0,2,1,1,Q1,1,1,1,1,Q1,1,1,1,1,0
https://openalex.org/W2064094438,07317085,Q2,,1,1,Q1,Q1,Q2,0,2,1,1,Q1,1,1,1,1,Q1,1,1,1,1,0
https://openalex.org/W2064095631,15700232,Q2,,1,1,Q1,Q1,Q2,0,2,1,1,Q1,1,1,1,1,Q1,1,1,1,1,0
https://openalex.org/W2064100055,10530509,Q3,,3,3,Q3,Q3,Q3,0,3,0,1,Q3,0,3,0,1,Q3,0,3,0,1,0
https://openalex.org/W2064103118,09168451,Q3,,2,2,Q2,Q2,Q3,0,3,0,1,Q2,0,2,1,1,Q2,0,2,1,1,0
https://openalex.org/W2064111102,09205861,Q1,,1,1,Q1,Q1,Q1,1,1,1,1,Q1,1,1,1,1,Q1,1,1,1,1,1
https://openalex.org/W2064153323,10990062,Q1,,1,1,Q1,Q1,Q1,1,1,1,1,Q1,1,1,1,1,Q1,1,1,1,1,1
https://openalex.org/W2064164013,00456535,Q1,,1,1,Q1,Q1,Q1,1,1,1,1,Q1,1,1,1,1,Q1,1,1,1,1,1
https://openalex.org/W2064169648,15237052,Q1,,1,1,Q1,Q1,Q1,1,1,1,1,Q1,1,1,1,1,Q1,1,1,1,1,1
https://openalex.org/W2064201151,10427163,Q2,,2,2,Q2,Q2,Q2,0,2,1,1,Q2,0,2,1,1,Q2,0,2,1,1,0
https://openalex.org/W2064221776,09680896,Q2,,1,1,Q1,Q1,Q2,0,2,1,1,Q1,1,1,1,1,Q1,1,1,1,1,0
https://openalex.org/W2064225469,09582118,Q4,,4,4,Q4,Q4,Q4,0,4,0,0,Q4,0,4,0,0,Q4,0,4,0,0,0
https://openalex.org/W2064228906,07317085,Q2,,1,1,Q1,Q1,Q2,0,2,1,1,Q1,1,1,1,1,Q1,1,1,1,1,0
https://openalex.org/W2064238672,07317085,Q2,,1,1,Q1,Q1,Q2,0,2,1,1,Q1,1,1,1,1,Q1,1,1,1,1,0
https://openalex.org/W2064251167,00032654,Q1,,1,1,Q1,Q1,Q1,1,1,1,1,Q1,1,1,1,1,Q1,1,1,1,1,1
https://openalex.org/W2064256469,09574166,Q1,,1,1,Q1,Q1,Q1,1,1,1,1,Q1,1,1,1,1,Q1,1,1,1,1,1
https://openalex.org/W2064270494,09478396,Q1,,1,1,Q1,Q1,Q1,1,1,1,1,Q1,1,1,1,1,Q1,1,1,1,1,1
https://openalex.org/W2064314694,02561115,Q2,,2,2,Q2,Q2,Q2,0,2,1,1,Q2,0,2,1,1,Q2,0,2,1,1,0
https://openalex.org/W2064361176,0195928X,-,,5,5,Unranked,Unranked,Unranked,0,5,0,0,Unranked,0,5,0,0,Unranked,0,5,0,0,0
https://openalex.org/W2064395133,02578972,Q1,,1,1,Q1,Q1,Q1,1,1,1,1,Q1,1,1,1,1,Q1,1,1,1,1,1
https://openalex.org/W2064409655,13597345,Q1,,1,1,Q1,Q1,Q1,1,1,1,1,Q1,1,1,1,1,Q1,1,1,1,1,1
https://openalex.org/W2064450122,10440305,Q1,,1,1,Q1,Q1,Q1,1,1,1,1,Q1,1,1,1,1,Q1,1,1,1,1,1
https://openalex.org/W2064521792,00027863,Q1,,1,1,Q1,Q1,Q1,1,1,1,1,Q1,1,1,1,1,Q1,1,1,1,1,1
https://openalex.org/W2064541428,03067319,Q3,,3,3,Q3,Q3,Q3,0,3,0,1,Q3,0,3,0,1,Q3,0,3,0,1,0
https://openalex.org/W2064550267,00323888,Q1,,2,2,Q2,Q2,Q1,1,1,1,1,Q2,0,2,1,1,Q2,0,2,1,1,1
https://openalex.org/W2064577671,1474905X,Q2,,2,2,Q2,Q2,Q2,0,2,1,1,Q2,0,2,1,1,Q2,0,2,1,1,0
https://openalex.org/W2064592389,00220248,Q1,,2,2,Q2,Q2,Q1,1,1,1,1,Q2,0,2,1,1,Q2,0,2,1,1,1
https://openalex.org/W2064599423,01730835,Q1,,1,1,Q1,Q1,Q1,1,1,1,1,Q1,1,1,1,1,Q1,1,1,1,1,1
https://openalex.org/W2064607741,09394451,Q2,,2,2,Q2,Q2,Q2,0,2,1,1,Q2,0,2,1,1,Q2,0,2,1,1,0
https://openalex.org/W2064625565,00219568,Q1,,1,1,Q1,Q1,Q1,1,1,1,1,Q1,1,1,1,1,Q1,1,1,1,1,1
https://openalex.org/W2064627617,00397911,Q3,,3,3,Q3,Q3,Q3,0,3,0,1,Q3,0,3,0,1,Q3,0,3,0,1,0
https://openalex.org/W2064636184,00404039,Q1,,2,2,Q2,Q2,Q1,1,1,1,1,Q2,0,2,1,1,Q2,0,2,1,1,1
https://openalex.org/W2064636833,13858947,Q1,,1,1,Q1,Q1,Q1,1,1,1,1,Q1,1,1,1,1,Q1,1,1,1,1,1
https://openalex.org/W2064641128,00095893,Q2,,2,2,Q2,Q2,Q2,0,2,1,1,Q2,0,2,1,1,Q2,0,2,1,1,0
https://openalex.org/W2064646335,07373937,Q3,,2,2,Q2,Q2,Q3,0,3,0,1,Q2,0,2,1,1,Q2,0,2,1,1,0
https://openalex.org/W2064676400,09277765,Q2,,2,2,Q2,Q2,Q2,0,2,1,1,Q2,0,2,1,1,Q2,0,2,1,1,0
https://openalex.org/W2064685315,00323861,Q1,,1,1,Q1,Q1,Q1,1,1,1,1,Q1,1,1,1,1,Q1,1,1,1,1,1
https://openalex.org/W2064689557,00218995,Q1,,2,2,Q2,Q2,Q1,1,1,1,1,Q2,0,2,1,1,Q2,0,2,1,1,1
https://openalex.org/W2064704174,00404039,Q1,,2,2,Q2,Q2,Q1,1,1,1,1,Q2,0,2,1,1,Q2,0,2,1,1,1
https://openalex.org/W2064739642,09270256,Q1,,1,1,Q1,Q1,Q1,1,1,1,1,Q1,1,1,1,1,Q1,1,1,1,1,1
https://openalex.org/W2064760473,15726657,Q1,,2,2,Q2,Q2,Q1,1,1,1,1,Q2,0,2,1,1,Q2,0,2,1,1,1
https://openalex.org/W2064783746,09478396,Q1,,1,1,Q1,Q1,Q1,1,1,1,1,Q1,1,1,1,1,Q1,1,1,1,1,1
https://openalex.org/W2064823990,02679477,Q1,,1,1,Q1,Q1,Q1,1,1,1,1,Q1,1,1,1,1,Q1,1,1,1,1,1
https://openalex.org/W2064841859,09514198,Q1,,1,1,Q1,Q1,Q1,1,1,1,1,Q1,1,1,1,1,Q1,1,1,1,1,1
https://openalex.org/W2064847976,10826076,Q3,,3,3,Q3,Q3,Q3,0,3,0,1,Q3,0,3,0,1,Q3,0,3,0,1,0
https://openalex.org/W2064856938,13880764,Q1,,1,1,Q1,Q1,Q1,1,1,1,1,Q1,1,1,1,1,Q1,1,1,1,1,1
https://openalex.org/W2064898740,00498246,Q2,,3,3,Q3,Q3,Q2,0,2,1,1,Q3,0,3,0,1,Q3,0,3,0,1,0
https://openalex.org/W2064907517,00218995,Q1,,2,2,Q2,Q2,Q1,1,1,1,1,Q2,0,2,1,1,Q2,0,2,1,1,1
https://openalex.org/W2064908759,00027863,Q1,,1,1,Q1,Q1,Q1,1,1,1,1,Q1,1,1,1,1,Q1,1,1,1,1,1
https://openalex.org/W2064923787,00218561,Q1,,1,1,Q1,Q1,Q1,1,1,1,1,Q1,1,1,1,1,Q1,1,1,1,1,1
https://openalex.org/W2065015648,09478396,Q1,,1,1,Q1,Q1,Q1,1,1,1,1,Q1,1,1,1,1,Q1,1,1,1,1,1
https://openalex.org/W2065017290,09280707,Q1,,2,2,Q2,Q2,Q1,1,1,1,1,Q2,0,2,1,1,Q2,0,2,1,1,1
https://openalex.org/W2065019405,00221139,Q2,,2,2,Q2,Q2,Q2,0,2,1,1,Q2,0,2,1,1,Q2,0,2,1,1,0
https://openalex.org/W2065019509,03787753,Q1,,1,1,Q1,Q1,Q1,1,1,1,1,Q1,1,1,1,1,Q1,1,1,1,1,1
https://openalex.org/W2065023191,13861425,Q2,,2,2,Q2,Q2,Q2,0,2,1,1,Q2,0,2,1,1,Q2,0,2,1,1,0
https://openalex.org/W2065035574,00218995,Q1,,2,2,Q2,Q2,Q1,1,1,1,1,Q2,0,2,1,1,Q2,0,2,1,1,1
https://openalex.org/W2065038952,00134686,Q1,,1,1,Q1,Q1,Q1,1,1,1,1,Q1,1,1,1,1,Q1,1,1,1,1,1
https://openalex.org/W2065091898,10703632,Q4,,3,3,Q3,Q3,Q4,0,4,0,0,Q3,0,3,0,1,Q3,0,3,0,1,0
https://openalex.org/W2065140801,13504177,-,,5,5,Unranked,Unranked,Unranked,0,5,0,0,Unranked,0,5,0,0,Unranked,0,5,0,0,0
https://openalex.org/W2065147512,00119164,Q1,,1,1,Q1,Q1,Q1,1,1,1,1,Q1,1,1,1,1,Q1,1,1,1,1,1
https://openalex.org/W2065160861,01694332,-,,5,5,Unranked,Unranked,Unranked,0,5,0,0,Unranked,0,5,0,0,Unranked,0,5,0,0,0
https://openalex.org/W2065187410,00119164,Q1,,1,1,Q1,Q1,Q1,1,1,1,1,Q1,1,1,1,1,Q1,1,1,1,1,1
https://openalex.org/W2065218588,09580344,Q2,,2,2,Q2,Q2,Q2,0,2,1,1,Q2,0,2,1,1,Q2,0,2,1,1,0
https://openalex.org/W2065232399,07437463,Q1,,1,1,Q1,Q1,Q1,1,1,1,1,Q1,1,1,1,1,Q1,1,1,1,1,1
https://openalex.org/W2065243370,00218995,Q1,,2,2,Q2,Q2,Q1,1,1,1,1,Q2,0,2,1,1,Q2,0,2,1,1,1
https://openalex.org/W2065261146,00914037,Q4,,3,3,Q3,Q3,Q4,0,4,0,0,Q3,0,3,0,1,Q3,0,3,0,1,0
https://openalex.org/W2065272323,07437463,Q1,,1,1,Q1,Q1,Q1,1,1,1,1,Q1,1,1,1,1,Q1,1,1,1,1,1
https://openalex.org/W2065275195,02578972,Q1,,1,1,Q1,Q1,Q1,1,1,1,1,Q1,1,1,1,1,Q1,1,1,1,1,1
https://openalex.org/W2065293752,08926875,Q2,,1,1,Q1,Q1,Q2,0,2,1,1,Q1,1,1,1,1,Q1,1,1,1,1,0
https://openalex.org/W2065300309,07437463,Q1,,1,1,Q1,Q1,Q1,1,1,1,1,Q1,1,1,1,1,Q1,1,1,1,1,1
https://openalex.org/W2065309935,00218561,Q1,,1,1,Q1,Q1,Q1,1,1,1,1,Q1,1,1,1,1,Q1,1,1,1,1,1
https://openalex.org/W2065311152,00219592,Q2,,3,3,Q3,Q3,Q2,0,2,1,1,Q3,0,3,0,1,Q3,0,3,0,1,0
https://openalex.org/W2065314195,00222348,Q1,,2,2,Q2,Q2,Q1,1,1,1,1,Q2,0,2,1,1,Q2,0,2,1,1,1
https://openalex.org/W2065319547,03088146,Q1,,1,1,Q1,Q1,Q1,1,1,1,1,Q1,1,1,1,1,Q1,1,1,1,1,1
https://openalex.org/W2065325674,00442313,Q3,,3,3,Q3,Q3,Q3,0,3,0,1,Q3,0,3,0,1,Q3,0,3,0,1,0
https://openalex.org/W2065385185,01694332,-,,5,5,Unranked,Unranked,Unranked,0,5,0,0,Unranked,0,5,0,0,Unranked,0,5,0,0,0
https://openalex.org/W2065390758,00218561,Q1,,1,1,Q1,Q1,Q1,1,1,1,1,Q1,1,1,1,1,Q1,1,1,1,1,1
https://openalex.org/W2065402311,10681620,Q4,,4,4,Q4,Q4,Q4,0,4,0,0,Q4,0,4,0,0,Q4,0,4,0,0,0
https://openalex.org/W2065469389,15700232,Q2,,1,1,Q1,Q1,Q2,0,2,1,1,Q1,1,1,1,1,Q1,1,1,1,1,0
https://openalex.org/W2065497679,13597345,Q1,,1,1,Q1,Q1,Q1,1,1,1,1,Q1,1,1,1,1,Q1,1,1,1,1,1
https://openalex.org/W2065566578,15237052,Q1,,1,1,Q1,Q1,Q1,1,1,1,1,Q1,1,1,1,1,Q1,1,1,1,1,1
https://openalex.org/W2065571647,00027863,Q1,,1,1,Q1,Q1,Q1,1,1,1,1,Q1,1,1,1,1,Q1,1,1,1,1,1
https://openalex.org/W2065583386,13504177,-,,5,5,Unranked,Unranked,Unranked,0,5,0,0,Unranked,0,5,0,0,Unranked,0,5,0,0,0
https://openalex.org/W2065587813,08926875,Q2,,1,1,Q1,Q1,Q2,0,2,1,1,Q1,1,1,1,1,Q1,1,1,1,1,0
https://openalex.org/W2065594913,00134686,Q1,,1,1,Q1,Q1,Q1,1,1,1,1,Q1,1,1,1,1,Q1,1,1,1,1,1
https://openalex.org/W2065598229,03088146,Q1,,1,1,Q1,Q1,Q1,1,1,1,1,Q1,1,1,1,1,Q1,1,1,1,1,1
https://openalex.org/W2065606630,02321300,Q2,,2,2,Q2,Q2,Q2,0,2,1,1,Q2,0,2,1,1,Q2,0,2,1,1,0
https://openalex.org/W2065609244,10619348,Q4,,4,4,Q4,Q4,Q4,0,4,0,0,Q4,0,4,0,0,Q4,0,4,0,0,0
https://openalex.org/W2065663853,03009440,Q2,,2,2,Q2,Q2,Q2,0,2,1,1,Q2,0,2,1,1,Q2,0,2,1,1,0
https://openalex.org/W2065669130,0013936X,Q1,,1,1,Q1,Q1,Q1,1,1,1,1,Q1,1,1,1,1,Q1,1,1,1,1,1
https://openalex.org/W2065680429,07491581,Q2,,2,2,Q2,Q2,Q2,0,2,1,1,Q2,0,2,1,1,Q2,0,2,1,1,0
https://openalex.org/W2065687573,13886150,Q3,,3,3,Q3,Q3,Q3,0,3,0,1,Q3,0,3,0,1,Q3,0,3,0,1,0
https://openalex.org/W2065712107,14387697,Q2,,2,2,Q2,Q2,Q2,0,2,1,1,Q2,0,2,1,1,Q2,0,2,1,1,0
https://openalex.org/W2065733362,00032700,Q1,,1,1,Q1,Q1,Q1,1,1,1,1,Q1,1,1,1,1,Q1,1,1,1,1,1
https://openalex.org/W2065765678,03767388,Q1,,1,1,Q1,Q1,Q1,1,1,1,1,Q1,1,1,1,1,Q1,1,1,1,1,1
https://openalex.org/W2065782931,00456535,Q1,,1,1,Q1,Q1,Q1,1,1,1,1,Q1,1,1,1,1,Q1,1,1,1,1,1
https://openalex.org/W2065783404,00406031,Q3,,2,2,Q2,Q2,Q3,0,3,0,1,Q2,0,2,1,1,Q2,0,2,1,1,0
https://openalex.org/W2065805839,00134686,Q1,,1,1,Q1,Q1,Q1,1,1,1,1,Q1,1,1,1,1,Q1,1,1,1,1,1
https://openalex.org/W2065855847,03088146,Q1,,1,1,Q1,Q1,Q1,1,1,1,1,Q1,1,1,1,1,Q1,1,1,1,1,1
https://openalex.org/W2065860273,00442313,Q3,,3,3,Q3,Q3,Q3,0,3,0,1,Q3,0,3,0,1,Q3,0,3,0,1,0
https://openalex.org/W2065915071,00231584,Q3,,3,3,Q3,Q3,Q3,0,3,0,1,Q3,0,3,0,1,Q3,0,3,0,1,0
https://openalex.org/W2065938702,09254005,-,,5,5,Unranked,Unranked,Unranked,0,5,0,0,Unranked,0,5,0,0,Unranked,0,5,0,0,0
https://openalex.org/W2065947660,00027863,Q1,,1,1,Q1,Q1,Q1,1,1,1,1,Q1,1,1,1,1,Q1,1,1,1,1,1
https://openalex.org/W2065978335,00219568,Q1,,1,1,Q1,Q1,Q1,1,1,1,1,Q1,1,1,1,1,Q1,1,1,1,1,1
https://openalex.org/W2065995896,00219673,Q1,,1,1,Q1,Q1,Q1,1,1,1,1,Q1,1,1,1,1,Q1,1,1,1,1,1
https://openalex.org/W2066013655,02578972,Q1,,1,1,Q1,Q1,Q1,1,1,1,1,Q1,1,1,1,1,Q1,1,1,1,1,1
https://openalex.org/W2066015584,01672738,Q1,,1,1,Q1,Q1,Q1,1,1,1,1,Q1,1,1,1,1,Q1,1,1,1,1,1
https://openalex.org/W2066045299,0887624X,Q1,,1,1,Q1,Q1,Q1,1,1,1,1,Q1,1,1,1,1,Q1,1,1,1,1,1
https://openalex.org/W2066067796,03080501,Q2,,2,2,Q2,Q2,Q2,0,2,1,1,Q2,0,2,1,1,Q2,0,2,1,1,0
https://openalex.org/W2066078982,00134651,Q1,,1,1,Q1,Q1,Q1,1,1,1,1,Q1,1,1,1,1,Q1,1,1,1,1,1
https://openalex.org/W2066105657,00399140,Q1,,1,1,Q1,Q1,Q1,1,1,1,1,Q1,1,1,1,1,Q1,1,1,1,1,1
https://openalex.org/W2066128637,09270256,Q1,,1,1,Q1,Q1,Q1,1,1,1,1,Q1,1,1,1,1,Q1,1,1,1,1,1
https://openalex.org/W2066175367,00222313,Q1,,1,1,Q1,Q1,Q1,1,1,1,1,Q1,1,1,1,1,Q1,1,1,1,1,1
https://openalex.org/W2066180707,00222313,Q1,,1,1,Q1,Q1,Q1,1,1,1,1,Q1,1,1,1,1,Q1,1,1,1,1,1
https://openalex.org/W2066224328,00218561,Q1,,1,1,Q1,Q1,Q1,1,1,1,1,Q1,1,1,1,1,Q1,1,1,1,1,1
https://openalex.org/W2066248700,00027863,Q1,,1,1,Q1,Q1,Q1,1,1,1,1,Q1,1,1,1,1,Q1,1,1,1,1,1
https://openalex.org/W2066316269,02578972,Q1,,1,1,Q1,Q1,Q1,1,1,1,1,Q1,1,1,1,1,Q1,1,1,1,1,1
https://openalex.org/W2066339768,00201669,Q1,,1,1,Q1,Q1,Q1,1,1,1,1,Q1,1,1,1,1,Q1,1,1,1,1,1
https://openalex.org/W2066355362,07317085,Q2,,1,1,Q1,Q1,Q2,0,2,1,1,Q1,1,1,1,1,Q1,1,1,1,1,0
https://openalex.org/W2066371501,00092363,Q2,,2,2,Q2,Q2,Q2,0,2,1,1,Q2,0,2,1,1,Q2,0,2,1,1,0
https://openalex.org/W2066376817,08885885,Q1,,1,1,Q1,Q1,Q1,1,1,1,1,Q1,1,1,1,1,Q1,1,1,1,1,1
https://openalex.org/W2066378717,0887624X,Q1,,1,1,Q1,Q1,Q1,1,1,1,1,Q1,1,1,1,1,Q1,1,1,1,1,1
https://openalex.org/W2066384162,01633864,Q1,,1,1,Q1,Q1,Q1,1,1,1,1,Q1,1,1,1,1,Q1,1,1,1,1,1
https://openalex.org/W2066395380,01672738,Q1,,1,1,Q1,Q1,Q1,1,1,1,1,Q1,1,1,1,1,Q1,1,1,1,1,1
https://openalex.org/W2066489382,16182642,Q2,,1,1,Q1,Q1,Q2,0,2,1,1,Q1,1,1,1,1,Q1,1,1,1,1,0
https://openalex.org/W2066520242,15204766,-,,5,5,Unranked,Unranked,Unranked,0,5,0,0,Unranked,0,5,0,0,Unranked,0,5,0,0,0
https://openalex.org/W2066539606,00119164,Q1,,1,1,Q1,Q1,Q1,1,1,1,1,Q1,1,1,1,1,Q1,1,1,1,1,1
https://openalex.org/W2066555522,00323861,Q1,,1,1,Q1,Q1,Q1,1,1,1,1,Q1,1,1,1,1,Q1,1,1,1,1,1
https://openalex.org/W2066570260,00095893,Q2,,2,2,Q2,Q2,Q2,0,2,1,1,Q2,0,2,1,1,Q2,0,2,1,1,0
https://openalex.org/W2066597081,01672738,Q1,,1,1,Q1,Q1,Q1,1,1,1,1,Q1,1,1,1,1,Q1,1,1,1,1,1
https://openalex.org/W2066611949,00027863,Q1,,1,1,Q1,Q1,Q1,1,1,1,1,Q1,1,1,1,1,Q1,1,1,1,1,1
https://openalex.org/W2066617531,00222313,Q1,,1,1,Q1,Q1,Q1,1,1,1,1,Q1,1,1,1,1,Q1,1,1,1,1,1
https://openalex.org/W2066621871,00032719,Q3,,3,3,Q3,Q3,Q3,0,3,0,1,Q3,0,3,0,1,Q3,0,3,0,1,0
https://openalex.org/W2066703366,16182642,Q2,,1,1,Q1,Q1,Q2,0,2,1,1,Q1,1,1,1,1,Q1,1,1,1,1,0
https://openalex.org/W2066715626,09205861,Q1,,1,1,Q1,Q1,Q1,1,1,1,1,Q1,1,1,1,1,Q1,1,1,1,1,1
https://openalex.org/W2066723842,00249297,Q1,,1,1,Q1,Q1,Q1,1,1,1,1,Q1,1,1,1,1,Q1,1,1,1,1,1
https://openalex.org/W2066737572,00220248,Q1,,2,2,Q2,Q2,Q1,1,1,1,1,Q2,0,2,1,1,Q2,0,2,1,1,1
https://openalex.org/W2066765691,03787753,Q1,,1,1,Q1,Q1,Q1,1,1,1,1,Q1,1,1,1,1,Q1,1,1,1,1,1
https://openalex.org/W2066782197,01633864,Q1,,1,1,Q1,Q1,Q1,1,1,1,1,Q1,1,1,1,1,Q1,1,1,1,1,1
https://openalex.org/W2066796772,00456535,Q1,,1,1,Q1,Q1,Q1,1,1,1,1,Q1,1,1,1,1,Q1,1,1,1,1,1
https://openalex.org/W2066881607,00218995,Q1,,2,2,Q2,Q2,Q1,1,1,1,1,Q2,0,2,1,1,Q2,0,2,1,1,1
https://openalex.org/W2066892855,09491775,Q2,,2,2,Q2,Q2,Q2,0,2,1,1,Q2,0,2,1,1,Q2,0,2,1,1,0
https://openalex.org/W2066924464,08885885,Q1,,1,1,Q1,Q1,Q1,1,1,1,1,Q1,1,1,1,1,Q1,1,1,1,1,1
https://openalex.org/W2066934837,00201669,Q1,,1,1,Q1,Q1,Q1,1,1,1,1,Q1,1,1,1,1,Q1,1,1,1,1,1
https://openalex.org/W2066944339,02693879,Q3,,2,2,Q2,Q2,Q3,0,3,0,1,Q2,0,2,1,1,Q2,0,2,1,1,0
https://openalex.org/W2067034553,00223263,Q1,,1,1,Q1,Q1,Q1,1,1,1,1,Q1,1,1,1,1,Q1,1,1,1,1,1
https://openalex.org/W2067036241,09205861,Q1,,1,1,Q1,Q1,Q1,1,1,1,1,Q1,1,1,1,1,Q1,1,1,1,1,1
https://openalex.org/W2067043822,03787753,Q1,,1,1,Q1,Q1,Q1,1,1,1,1,Q1,1,1,1,1,Q1,1,1,1,1,1
https://openalex.org/W2067046959,09168451,Q3,,2,2,Q2,Q2,Q3,0,3,0,1,Q2,0,2,1,1,Q2,0,2,1,1,0
https://openalex.org/W2067073755,00095893,Q2,,2,2,Q2,Q2,Q2,0,2,1,1,Q2,0,2,1,1,Q2,0,2,1,1,0
https://openalex.org/W2067126866,01672738,Q1,,1,1,Q1,Q1,Q1,1,1,1,1,Q1,1,1,1,1,Q1,1,1,1,1,1
https://openalex.org/W2067130444,09205861,Q1,,1,1,Q1,Q1,Q1,1,1,1,1,Q1,1,1,1,1,Q1,1,1,1,1,1
https://openalex.org/W2067132865,01429418,Q2,,2,2,Q2,Q2,Q2,0,2,1,1,Q2,0,2,1,1,Q2,0,2,1,1,0
https://openalex.org/W2067150716,00032700,Q1,,1,1,Q1,Q1,Q1,1,1,1,1,Q1,1,1,1,1,Q1,1,1,1,1,1
https://openalex.org/W2067182034,00231584,Q3,,3,3,Q3,Q3,Q3,0,3,0,1,Q3,0,3,0,1,Q3,0,3,0,1,0
https://openalex.org/W2067193961,16182642,Q2,,1,1,Q1,Q1,Q2,0,2,1,1,Q1,1,1,1,1,Q1,1,1,1,1,0
https://openalex.org/W2067299037,02682575,Q2,,2,2,Q2,Q2,Q2,0,2,1,1,Q2,0,2,1,1,Q2,0,2,1,1,0
https://openalex.org/W2067325592,02578972,Q1,,1,1,Q1,Q1,Q1,1,1,1,1,Q1,1,1,1,1,Q1,1,1,1,1,1
https://openalex.org/W2067328858,02321300,Q2,,2,2,Q2,Q2,Q2,0,2,1,1,Q2,0,2,1,1,Q2,0,2,1,1,0
https://openalex.org/W2067482050,02767333,Q1,,1,1,Q1,Q1,Q1,1,1,1,1,Q1,1,1,1,1,Q1,1,1,1,1,1
https://openalex.org/W2067542275,13647830,Q2,,1,1,Q1,Q1,Q2,0,2,1,1,Q1,1,1,1,1,Q1,1,1,1,1,0
https://openalex.org/W2067558314,00442313,Q3,,3,3,Q3,Q3,Q3,0,3,0,1,Q3,0,3,0,1,Q3,0,3,0,1,0
https://openalex.org/W2067578541,00119164,Q1,,1,1,Q1,Q1,Q1,1,1,1,1,Q1,1,1,1,1,Q1,1,1,1,1,1
https://openalex.org/W2067591415,00092509,Q1,,1,1,Q1,Q1,Q1,1,1,1,1,Q1,1,1,1,1,Q1,1,1,1,1,1
https://openalex.org/W2067592060,00404039,Q1,,2,2,Q2,Q2,Q1,1,1,1,1,Q2,0,2,1,1,Q2,0,2,1,1,1
https://openalex.org/W2067598746,00381098,Q1,,1,1,Q1,Q1,Q1,1,1,1,1,Q1,1,1,1,1,Q1,1,1,1,1,1
https://openalex.org/W2067621315,05704928,Q2,,2,2,Q2,Q2,Q2,0,2,1,1,Q2,0,2,1,1,Q2,0,2,1,1,0
https://openalex.org/W2067627076,00027863,Q1,,1,1,Q1,Q1,Q1,1,1,1,1,Q1,1,1,1,1,Q1,1,1,1,1,1
https://openalex.org/W2067630608,00119164,Q1,,1,1,Q1,Q1,Q1,1,1,1,1,Q1,1,1,1,1,Q1,1,1,1,1,1
https://openalex.org/W2067638186,00119164,Q1,,1,1,Q1,Q1,Q1,1,1,1,1,Q1,1,1,1,1,Q1,1,1,1,1,1
https://openalex.org/W2067701299,02767333,Q1,,1,1,Q1,Q1,Q1,1,1,1,1,Q1,1,1,1,1,Q1,1,1,1,1,1
https://openalex.org/W2067732958,15237052,Q1,,1,1,Q1,Q1,Q1,1,1,1,1,Q1,1,1,1,1,Q1,1,1,1,1,1
https://openalex.org/W2067762495,00119164,Q1,,1,1,Q1,Q1,Q1,1,1,1,1,Q1,1,1,1,1,Q1,1,1,1,1,1
https://openalex.org/W2067783745,00119164,Q1,,1,1,Q1,Q1,Q1,1,1,1,1,Q1,1,1,1,1,Q1,1,1,1,1,1
https://openalex.org/W2067806123,10286020,Q4,,3,3,Q3,Q3,Q4,0,4,0,0,Q3,0,3,0,1,Q3,0,3,0,1,0
https://openalex.org/W2067806795,03787753,Q1,,1,1,Q1,Q1,Q1,1,1,1,1,Q1,1,1,1,1,Q1,1,1,1,1,1
https://openalex.org/W2067822420,01694332,-,,5,5,Unranked,Unranked,Unranked,0,5,0,0,Unranked,0,5,0,0,Unranked,0,5,0,0,0
https://openalex.org/W2067836723,0018019X,Q1,,2,2,Q2,Q2,Q1,1,1,1,1,Q2,0,2,1,1,Q2,0,2,1,1,1
https://openalex.org/W2067844099,01694332,-,,5,5,Unranked,Unranked,Unranked,0,5,0,0,Unranked,0,5,0,0,Unranked,0,5,0,0,0
https://openalex.org/W2067862593,13815148,Q1,,1,1,Q1,Q1,Q1,1,1,1,1,Q1,1,1,1,1,Q1,1,1,1,1,1
https://openalex.org/W2067893716,07317085,Q2,,1,1,Q1,Q1,Q2,0,2,1,1,Q1,1,1,1,1,Q1,1,1,1,1,0
https://openalex.org/W2067896429,00404020,Q1,,1,1,Q1,Q1,Q1,1,1,1,1,Q1,1,1,1,1,Q1,1,1,1,1,1
https://openalex.org/W2067914903,15237052,Q1,,1,1,Q1,Q1,Q1,1,1,1,1,Q1,1,1,1,1,Q1,1,1,1,1,1
https://openalex.org/W2067922266,15287483,Q1,,1,1,Q1,Q1,Q1,1,1,1,1,Q1,1,1,1,1,Q1,1,1,1,1,1
https://openalex.org/W2067956401,10665285,Q3,,3,3,Q3,Q3,Q3,0,3,0,1,Q3,0,3,0,1,Q3,0,3,0,1,0
https://openalex.org/W2068015130,10895639,Q1,,1,1,Q1,Q1,Q1,1,1,1,1,Q1,1,1,1,1,Q1,1,1,1,1,1
https://openalex.org/W2068015672,00218995,Q1,,2,2,Q2,Q2,Q1,1,1,1,1,Q2,0,2,1,1,Q2,0,2,1,1,1
https://openalex.org/W2068018833,03667022,Q2,,2,2,Q2,Q2,Q2,0,2,1,1,Q2,0,2,1,1,Q2,0,2,1,1,0
https://openalex.org/W2068040013,0195928X,-,,5,5,Unranked,Unranked,Unranked,0,5,0,0,Unranked,0,5,0,0,Unranked,0,5,0,0,0
https://openalex.org/W2068079900,02679477,Q1,,1,1,Q1,Q1,Q1,1,1,1,1,Q1,1,1,1,1,Q1,1,1,1,1,1
https://openalex.org/W2068082089,00218561,Q1,,1,1,Q1,Q1,Q1,1,1,1,1,Q1,1,1,1,1,Q1,1,1,1,1,1
https://openalex.org/W2068107571,01672738,Q1,,1,1,Q1,Q1,Q1,1,1,1,1,Q1,1,1,1,1,Q1,1,1,1,1,1
https://openalex.org/W2068125875,00218561,Q1,,1,1,Q1,Q1,Q1,1,1,1,1,Q1,1,1,1,1,Q1,1,1,1,1,1
https://openalex.org/W2068175053,02578972,Q1,,1,1,Q1,Q1,Q1,1,1,1,1,Q1,1,1,1,1,Q1,1,1,1,1,1
https://openalex.org/W2068204880,10412905,Q2,,2,2,Q2,Q2,Q2,0,2,1,1,Q2,0,2,1,1,Q2,0,2,1,1,0
https://openalex.org/W2068269309,03767388,Q1,,1,1,Q1,Q1,Q1,1,1,1,1,Q1,1,1,1,1,Q1,1,1,1,1,1
https://openalex.org/W2068277861,15205207,Q1,,1,1,Q1,Q1,Q1,1,1,1,1,Q1,1,1,1,1,Q1,1,1,1,1,1
https://openalex.org/W2068280212,09254005,-,,5,5,Unranked,Unranked,Unranked,0,5,0,0,Unranked,0,5,0,0,Unranked,0,5,0,0,0
https://openalex.org/W2068289740,07317085,Q2,,1,1,Q1,Q1,Q2,0,2,1,1,Q1,1,1,1,1,Q1,1,1,1,1,0
https://openalex.org/W2068307339,00399140,Q1,,1,1,Q1,Q1,Q1,1,1,1,1,Q1,1,1,1,1,Q1,1,1,1,1,1
https://openalex.org/W2068317750,09106340,Q3,,2,2,Q2,Q2,Q3,0,3,0,1,Q2,0,2,1,1,Q2,0,2,1,1,0
https://openalex.org/W2068330745,09491775,Q2,,2,2,Q2,Q2,Q2,0,2,1,1,Q2,0,2,1,1,Q2,0,2,1,1,0
https://openalex.org/W2068374049,0960894X,Q2,,2,2,Q2,Q2,Q2,0,2,1,1,Q2,0,2,1,1,Q2,0,2,1,1,0
https://openalex.org/W2068400228,00027863,Q1,,1,1,Q1,Q1,Q1,1,1,1,1,Q1,1,1,1,1,Q1,1,1,1,1,1
https://openalex.org/W2068403983,09259635,Q1,,1,1,Q1,Q1,Q1,1,1,1,1,Q1,1,1,1,1,Q1,1,1,1,1,1
https://openalex.org/W2068454448,15700232,Q2,,1,1,Q1,Q1,Q2,0,2,1,1,Q1,1,1,1,1,Q1,1,1,1,1,0
https://openalex.org/W2068503525,07437463,Q1,,1,1,Q1,Q1,Q1,1,1,1,1,Q1,1,1,1,1,Q1,1,1,1,1,1
https://openalex.org/W2068522056,09680896,Q2,,1,1,Q1,Q1,Q2,0,2,1,1,Q1,1,1,1,1,Q1,1,1,1,1,0
https://openalex.org/W2068527355,00218561,Q1,,1,1,Q1,Q1,Q1,1,1,1,1,Q1,1,1,1,1,Q1,1,1,1,1,1
https://openalex.org/W2068540139,08885885,Q1,,1,1,Q1,Q1,Q1,1,1,1,1,Q1,1,1,1,1,Q1,1,1,1,1,1
https://openalex.org/W2068593734,14770520,Q1,,1,1,Q1,Q1,Q1,1,1,1,1,Q1,1,1,1,1,Q1,1,1,1,1,1
https://openalex.org/W2068655880,02578972,Q1,,1,1,Q1,Q1,Q1,1,1,1,1,Q1,1,1,1,1,Q1,1,1,1,1,1
https://openalex.org/W2068656852,00032700,Q1,,1,1,Q1,Q1,Q1,1,1,1,1,Q1,1,1,1,1,Q1,1,1,1,1,1
https://openalex.org/W2068672997,00406031,Q3,,2,2,Q2,Q2,Q3,0,3,0,1,Q2,0,2,1,1,Q2,0,2,1,1,0
https://openalex.org/W2068679543,00220248,Q1,,2,2,Q2,Q2,Q1,1,1,1,1,Q2,0,2,1,1,Q2,0,2,1,1,1
https://openalex.org/W2068717584,03667022,Q2,,2,2,Q2,Q2,Q2,0,2,1,1,Q2,0,2,1,1,Q2,0,2,1,1,0
https://openalex.org/W2068756454,00219673,Q1,,1,1,Q1,Q1,Q1,1,1,1,1,Q1,1,1,1,1,Q1,1,1,1,1,1
https://openalex.org/W2068781149,00032670,Q1,,1,1,Q1,Q1,Q1,1,1,1,1,Q1,1,1,1,1,Q1,1,1,1,1,1
https://openalex.org/W2068822847,00219673,Q1,,1,1,Q1,Q1,Q1,1,1,1,1,Q1,1,1,1,1,Q1,1,1,1,1,1
https://openalex.org/W2068834305,02682575,Q2,,2,2,Q2,Q2,Q2,0,2,1,1,Q2,0,2,1,1,Q2,0,2,1,1,0
https://openalex.org/W2068837383,0960894X,Q2,,2,2,Q2,Q2,Q2,0,2,1,1,Q2,0,2,1,1,Q2,0,2,1,1,0
https://openalex.org/W2068893748,0010938X,Q1,,1,1,Q1,Q1,Q1,1,1,1,1,Q1,1,1,1,1,Q1,1,1,1,1,1
https://openalex.org/W2068920283,02578972,Q1,,1,1,Q1,Q1,Q1,1,1,1,1,Q1,1,1,1,1,Q1,1,1,1,1,1
https://openalex.org/W2068957096,00134651,Q1,,1,1,Q1,Q1,Q1,1,1,1,1,Q1,1,1,1,1,Q1,1,1,1,1,1
https://openalex.org/W2068979445,00220248,Q1,,2,2,Q2,Q2,Q1,1,1,1,1,Q2,0,2,1,1,Q2,0,2,1,1,1
https://openalex.org/W2068991599,01496395,Q2,,2,2,Q2,Q2,Q2,0,2,1,1,Q2,0,2,1,1,Q2,0,2,1,1,0
https://openalex.org/W2069007834,02767333,Q1,,1,1,Q1,Q1,Q1,1,1,1,1,Q1,1,1,1,1,Q1,1,1,1,1,1
https://openalex.org/W2069021800,01694332,-,,5,5,Unranked,Unranked,Unranked,0,5,0,0,Unranked,0,5,0,0,Unranked,0,5,0,0,0
https://openalex.org/W2069066677,0003021X,Q2,,2,2,Q2,Q2,Q2,0,2,1,1,Q2,0,2,1,1,Q2,0,2,1,1,0
https://openalex.org/W2069079436,00027863,Q1,,1,1,Q1,Q1,Q1,1,1,1,1,Q1,1,1,1,1,Q1,1,1,1,1,1
https://openalex.org/W2069086753,13597345,Q1,,1,1,Q1,Q1,Q1,1,1,1,1,Q1,1,1,1,1,Q1,1,1,1,1,1
https://openalex.org/W2069101052,00032670,Q1,,1,1,Q1,Q1,Q1,1,1,1,1,Q1,1,1,1,1,Q1,1,1,1,1,1
https://openalex.org/W2069102557,00119164,Q1,,1,1,Q1,Q1,Q1,1,1,1,1,Q1,1,1,1,1,Q1,1,1,1,1,1
https://openalex.org/W2069108692,00223263,Q1,,1,1,Q1,Q1,Q1,1,1,1,1,Q1,1,1,1,1,Q1,1,1,1,1,1
https://openalex.org/W2069149830,0013936X,Q1,,1,1,Q1,Q1,Q1,1,1,1,1,Q1,1,1,1,1,Q1,1,1,1,1,1
https://openalex.org/W2069208266,07317085,Q2,,1,1,Q1,Q1,Q2,0,2,1,1,Q1,1,1,1,1,Q1,1,1,1,1,0
https://openalex.org/W2069214615,09680896,Q2,,1,1,Q1,Q1,Q2,0,2,1,1,Q1,1,1,1,1,Q1,1,1,1,1,0
https://openalex.org/W2069223876,10440305,Q1,,1,1,Q1,Q1,Q1,1,1,1,1,Q1,1,1,1,1,Q1,1,1,1,1,1
https://openalex.org/W2069243797,00032654,Q1,,1,1,Q1,Q1,Q1,1,1,1,1,Q1,1,1,1,1,Q1,1,1,1,1,1
https://openalex.org/W2069264332,07317085,Q2,,1,1,Q1,Q1,Q2,0,2,1,1,Q1,1,1,1,1,Q1,1,1,1,1,0
https://openalex.org/W2069268614,01932691,Q3,,3,3,Q3,Q3,Q3,0,3,0,1,Q3,0,3,0,1,Q3,0,3,0,1,0
https://openalex.org/W2069319099,0021891X,Q2,,2,2,Q2,Q2,Q2,0,2,1,1,Q2,0,2,1,1,Q2,0,2,1,1,0
https://openalex.org/W2069325852,03404285,Q3,,3,3,Q3,Q3,Q3,0,3,0,1,Q3,0,3,0,1,Q3,0,3,0,1,0
https://openalex.org/W2069347956,15237052,Q1,,1,1,Q1,Q1,Q1,1,1,1,1,Q1,1,1,1,1,Q1,1,1,1,1,1
https://openalex.org/W2069373939,10412905,Q2,,2,2,Q2,Q2,Q2,0,2,1,1,Q2,0,2,1,1,Q2,0,2,1,1,0
https://openalex.org/W2069398132,00224596,Q2,,2,2,Q2,Q2,Q2,0,2,1,1,Q2,0,2,1,1,Q2,0,2,1,1,0
https://openalex.org/W2069411937,0887624X,Q1,,1,1,Q1,Q1,Q1,1,1,1,1,Q1,1,1,1,1,Q1,1,1,1,1,1
https://openalex.org/W2069450309,00134651,Q1,,1,1,Q1,Q1,Q1,1,1,1,1,Q1,1,1,1,1,Q1,1,1,1,1,1
https://openalex.org/W2069483642,15306984,Q1,,1,1,Q1,Q1,Q1,1,1,1,1,Q1,1,1,1,1,Q1,1,1,1,1,1
https://openalex.org/W2069501190,15287483,Q1,,1,1,Q1,Q1,Q1,1,1,1,1,Q1,1,1,1,1,Q1,1,1,1,1,1
https://openalex.org/W2069558716,01677322,Q3,,2,2,Q2,Q2,Q3,0,3,0,1,Q2,0,2,1,1,Q2,0,2,1,1,0
https://openalex.org/W2069563006,00456535,Q1,,1,1,Q1,Q1,Q1,1,1,1,1,Q1,1,1,1,1,Q1,1,1,1,1,1
https://openalex.org/W2069596171,09254005,-,,5,5,Unranked,Unranked,Unranked,0,5,0,0,Unranked,0,5,0,0,Unranked,0,5,0,0,0
https://openalex.org/W2069604422,00406031,Q3,,2,2,Q2,Q2,Q3,0,3,0,1,Q2,0,2,1,1,Q2,0,2,1,1,0
https://openalex.org/W2069683121,07317085,Q2,,1,1,Q1,Q1,Q2,0,2,1,1,Q1,1,1,1,1,Q1,1,1,1,1,0
https://openalex.org/W2069741972,07437463,Q1,,1,1,Q1,Q1,Q1,1,1,1,1,Q1,1,1,1,1,Q1,1,1,1,1,1
https://openalex.org/W2069752555,15205207,Q1,,1,1,Q1,Q1,Q1,1,1,1,1,Q1,1,1,1,1,Q1,1,1,1,1,1
https://openalex.org/W2069766283,02578972,Q1,,1,1,Q1,Q1,Q1,1,1,1,1,Q1,1,1,1,1,Q1,1,1,1,1,1
https://openalex.org/W2069786325,00442313,Q3,,3,3,Q3,Q3,Q3,0,3,0,1,Q3,0,3,0,1,Q3,0,3,0,1,0
https://openalex.org/W2069790541,00914037,Q4,,3,3,Q3,Q3,Q4,0,4,0,0,Q3,0,3,0,1,Q3,0,3,0,1,0
https://openalex.org/W2069798167,00218995,Q1,,2,2,Q2,Q2,Q1,1,1,1,1,Q2,0,2,1,1,Q2,0,2,1,1,1
https://openalex.org/W2069801903,00498246,Q2,,3,3,Q3,Q3,Q2,0,2,1,1,Q3,0,3,0,1,Q3,0,3,0,1,0
https://openalex.org/W2069802558,00404020,Q1,,1,1,Q1,Q1,Q1,1,1,1,1,Q1,1,1,1,1,Q1,1,1,1,1,1
https://openalex.org/W2069851208,03009440,Q2,,2,2,Q2,Q2,Q2,0,2,1,1,Q2,0,2,1,1,Q2,0,2,1,1,0
https://openalex.org/W2069901032,16182642,Q2,,1,1,Q1,Q1,Q2,0,2,1,1,Q1,1,1,1,1,Q1,1,1,1,1,0
https://openalex.org/W2069956075,0013936X,Q1,,1,1,Q1,Q1,Q1,1,1,1,1,Q1,1,1,1,1,Q1,1,1,1,1,1
https://openalex.org/W2069979194,00032670,Q1,,1,1,Q1,Q1,Q1,1,1,1,1,Q1,1,1,1,1,Q1,1,1,1,1,1
https://openalex.org/W2070018632,15700232,Q2,,1,1,Q1,Q1,Q2,0,2,1,1,Q1,1,1,1,1,Q1,1,1,1,1,0
https://openalex.org/W2070037514,09254005,-,,5,5,Unranked,Unranked,Unranked,0,5,0,0,Unranked,0,5,0,0,Unranked,0,5,0,0,0
https://openalex.org/W2070119334,00381098,Q1,,1,1,Q1,Q1,Q1,1,1,1,1,Q1,1,1,1,1,Q1,1,1,1,1,1
https://openalex.org/W2070123896,02599791,Q2,,2,2,Q2,Q2,Q2,0,2,1,1,Q2,0,2,1,1,Q2,0,2,1,1,0
https://openalex.org/W2070135224,00223263,Q1,,1,1,Q1,Q1,Q1,1,1,1,1,Q1,1,1,1,1,Q1,1,1,1,1,1
https://openalex.org/W2070202087,02578972,Q1,,1,1,Q1,Q1,Q1,1,1,1,1,Q1,1,1,1,1,Q1,1,1,1,1,1
https://openalex.org/W2070216078,09491775,Q2,,2,2,Q2,Q2,Q2,0,2,1,1,Q2,0,2,1,1,Q2,0,2,1,1,0
https://openalex.org/W2070219680,00143057,Q2,,1,1,Q1,Q1,Q2,0,2,1,1,Q1,1,1,1,1,Q1,1,1,1,1,0
https://openalex.org/W2070227293,01633864,Q1,,1,1,Q1,Q1,Q1,1,1,1,1,Q1,1,1,1,1,Q1,1,1,1,1,1
https://openalex.org/W2070233043,02578972,Q1,,1,1,Q1,Q1,Q1,1,1,1,1,Q1,1,1,1,1,Q1,1,1,1,1,1
https://openalex.org/W2070248161,00219614,Q2,,1,1,Q1,Q1,Q2,0,2,1,1,Q1,1,1,1,1,Q1,1,1,1,1,0
https://openalex.org/W2070255970,02578972,Q1,,1,1,Q1,Q1,Q1,1,1,1,1,Q1,1,1,1,1,Q1,1,1,1,1,1
https://openalex.org/W2070265723,00134686,Q1,,1,1,Q1,Q1,Q1,1,1,1,1,Q1,1,1,1,1,Q1,1,1,1,1,1
https://openalex.org/W2070289647,09168451,Q3,,2,2,Q2,Q2,Q3,0,3,0,1,Q2,0,2,1,1,Q2,0,2,1,1,0
https://openalex.org/W2070363082,09478396,Q1,,1,1,Q1,Q1,Q1,1,1,1,1,Q1,1,1,1,1,Q1,1,1,1,1,1
https://openalex.org/W2070385686,14730189,Q1,,1,1,Q1,Q1,Q1,1,1,1,1,Q1,1,1,1,1,Q1,1,1,1,1,1
https://openalex.org/W2070405919,15667367,Q1,,1,1,Q1,Q1,Q1,1,1,1,1,Q1,1,1,1,1,Q1,1,1,1,1,1
https://openalex.org/W2070409147,00223263,Q1,,1,1,Q1,Q1,Q1,1,1,1,1,Q1,1,1,1,1,Q1,1,1,1,1,1
https://openalex.org/W2070415072,03787753,Q1,,1,1,Q1,Q1,Q1,1,1,1,1,Q1,1,1,1,1,Q1,1,1,1,1,1
https://openalex.org/W2070424539,09476539,Q1,,1,1,Q1,Q1,Q1,1,1,1,1,Q1,1,1,1,1,Q1,1,1,1,1,1
https://openalex.org/W2070427912,00406031,Q3,,2,2,Q2,Q2,Q3,0,3,0,1,Q2,0,2,1,1,Q2,0,2,1,1,0
https://openalex.org/W2070441289,0960894X,Q2,,2,2,Q2,Q2,Q2,0,2,1,1,Q2,0,2,1,1,Q2,0,2,1,1,0
https://openalex.org/W2070512233,13886150,Q3,,3,3,Q3,Q3,Q3,0,3,0,1,Q3,0,3,0,1,Q3,0,3,0,1,0
https://openalex.org/W2070514681,00220248,Q1,,2,2,Q2,Q2,Q1,1,1,1,1,Q2,0,2,1,1,Q2,0,2,1,1,1
https://openalex.org/W2070551974,09277765,Q2,,2,2,Q2,Q2,Q2,0,2,1,1,Q2,0,2,1,1,Q2,0,2,1,1,0
https://openalex.org/W2070587193,14387492,Q2,,2,2,Q2,Q2,Q2,0,2,1,1,Q2,0,2,1,1,Q2,0,2,1,1,0
https://openalex.org/W2070599593,09254005,-,,5,5,Unranked,Unranked,Unranked,0,5,0,0,Unranked,0,5,0,0,Unranked,0,5,0,0,0
https://openalex.org/W2070610637,09478396,Q1,,1,1,Q1,Q1,Q1,1,1,1,1,Q1,1,1,1,1,Q1,1,1,1,1,1
https://openalex.org/W2070642182,13886150,Q3,,3,3,Q3,Q3,Q3,0,3,0,1,Q3,0,3,0,1,Q3,0,3,0,1,0
https://openalex.org/W2070672790,00032670,Q1,,1,1,Q1,Q1,Q1,1,1,1,1,Q1,1,1,1,1,Q1,1,1,1,1,1
https://openalex.org/W2070698369,09565663,Q1,,1,1,Q1,Q1,Q1,1,1,1,1,Q1,1,1,1,1,Q1,1,1,1,1,1
https://openalex.org/W2070735932,00218561,Q1,,1,1,Q1,Q1,Q1,1,1,1,1,Q1,1,1,1,1,Q1,1,1,1,1,1
https://openalex.org/W2070766255,0026265X,Q2,,2,2,Q2,Q2,Q2,0,2,1,1,Q2,0,2,1,1,Q2,0,2,1,1,0
https://openalex.org/W2070781603,12299197,Q3,,2,2,Q2,Q2,Q3,0,3,0,1,Q2,0,2,1,1,Q2,0,2,1,1,0
https://openalex.org/W2070794506,00218995,Q1,,2,2,Q2,Q2,Q1,1,1,1,1,Q2,0,2,1,1,Q2,0,2,1,1,1
https://openalex.org/W2070824826,00095893,Q2,,2,2,Q2,Q2,Q2,0,2,1,1,Q2,0,2,1,1,Q2,0,2,1,1,0
https://openalex.org/W2070864912,00319104,Q3,,3,3,Q3,Q3,Q3,0,3,0,1,Q3,0,3,0,1,Q3,0,3,0,1,0
https://openalex.org/W2070877016,00134651,Q1,,1,1,Q1,Q1,Q1,1,1,1,1,Q1,1,1,1,1,Q1,1,1,1,1,1
https://openalex.org/W2070882929,11440546,Q1,,1,1,Q1,Q1,Q1,1,1,1,1,Q1,1,1,1,1,Q1,1,1,1,1,1
https://openalex.org/W2070890255,01672738,Q1,,1,1,Q1,Q1,Q1,1,1,1,1,Q1,1,1,1,1,Q1,1,1,1,1,1
https://openalex.org/W2070898661,03783812,Q2,,2,2,Q2,Q2,Q2,0,2,1,1,Q2,0,2,1,1,Q2,0,2,1,1,0
https://openalex.org/W2070934277,00219568,Q1,,1,1,Q1,Q1,Q1,1,1,1,1,Q1,1,1,1,1,Q1,1,1,1,1,1
https://openalex.org/W2070965248,13835866,Q1,,1,1,Q1,Q1,Q1,1,1,1,1,Q1,1,1,1,1,Q1,1,1,1,1,1
https://openalex.org/W2070965424,00027863,Q1,,1,1,Q1,Q1,Q1,1,1,1,1,Q1,1,1,1,1,Q1,1,1,1,1,1
https://openalex.org/W2071025713,09254005,-,,5,5,Unranked,Unranked,Unranked,0,5,0,0,Unranked,0,5,0,0,Unranked,0,5,0,0,0
https://openalex.org/W2071039475,01633864,Q1,,1,1,Q1,Q1,Q1,1,1,1,1,Q1,1,1,1,1,Q1,1,1,1,1,1
https://openalex.org/W2071051020,00119164,Q1,,1,1,Q1,Q1,Q1,1,1,1,1,Q1,1,1,1,1,Q1,1,1,1,1,1
https://openalex.org/W2071051974,09270256,Q1,,1,1,Q1,Q1,Q1,1,1,1,1,Q1,1,1,1,1,Q1,1,1,1,1,1
https://openalex.org/W2071071612,15287483,Q1,,1,1,Q1,Q1,Q1,1,1,1,1,Q1,1,1,1,1,Q1,1,1,1,1,1
https://openalex.org/W2071074840,02578972,Q1,,1,1,Q1,Q1,Q1,1,1,1,1,Q1,1,1,1,1,Q1,1,1,1,1,1
https://openalex.org/W2071096128,13886150,Q3,,3,3,Q3,Q3,Q3,0,3,0,1,Q3,0,3,0,1,Q3,0,3,0,1,0
https://openalex.org/W2071098568,00381098,Q1,,1,1,Q1,Q1,Q1,1,1,1,1,Q1,1,1,1,1,Q1,1,1,1,1,1
https://openalex.org/W2071120796,08885885,Q1,,1,1,Q1,Q1,Q1,1,1,1,1,Q1,1,1,1,1,Q1,1,1,1,1,1
https://openalex.org/W2071149754,15306984,Q1,,1,1,Q1,Q1,Q1,1,1,1,1,Q1,1,1,1,1,Q1,1,1,1,1,1
https://openalex.org/W2071150628,00134651,Q1,,1,1,Q1,Q1,Q1,1,1,1,1,Q1,1,1,1,1,Q1,1,1,1,1,1
https://openalex.org/W2071172848,01694332,-,,5,5,Unranked,Unranked,Unranked,0,5,0,0,Unranked,0,5,0,0,Unranked,0,5,0,0,0
https://openalex.org/W2071172953,10990690,Q1,,1,1,Q1,Q1,Q1,1,1,1,1,Q1,1,1,1,1,Q1,1,1,1,1,1
https://openalex.org/W2071178105,00223263,Q1,,1,1,Q1,Q1,Q1,1,1,1,1,Q1,1,1,1,1,Q1,1,1,1,1,1
https://openalex.org/W2071179449,00134686,Q1,,1,1,Q1,Q1,Q1,1,1,1,1,Q1,1,1,1,1,Q1,1,1,1,1,1
https://openalex.org/W2071308985,15237052,Q1,,1,1,Q1,Q1,Q1,1,1,1,1,Q1,1,1,1,1,Q1,1,1,1,1,1
https://openalex.org/W2071372138,08825734,Q2,,2,2,Q2,Q2,Q2,0,2,1,1,Q2,0,2,1,1,Q2,0,2,1,1,0
https://openalex.org/W2071406285,03783812,Q2,,2,2,Q2,Q2,Q2,0,2,1,1,Q2,0,2,1,1,Q2,0,2,1,1,0
https://openalex.org/W2071431131,15237052,Q1,,1,1,Q1,Q1,Q1,1,1,1,1,Q1,1,1,1,1,Q1,1,1,1,1,1
https://openalex.org/W2071444906,10412905,Q2,,2,2,Q2,Q2,Q2,0,2,1,1,Q2,0,2,1,1,Q2,0,2,1,1,0
https://openalex.org/W2071462925,00032700,Q1,,1,1,Q1,Q1,Q1,1,1,1,1,Q1,1,1,1,1,Q1,1,1,1,1,1
https://openalex.org/W2071470328,00218995,Q1,,2,2,Q2,Q2,Q1,1,1,1,1,Q2,0,2,1,1,Q2,0,2,1,1,1
https://openalex.org/W2071477513,0010938X,Q1,,1,1,Q1,Q1,Q1,1,1,1,1,Q1,1,1,1,1,Q1,1,1,1,1,1
https://openalex.org/W2071515294,00027863,Q1,,1,1,Q1,Q1,Q1,1,1,1,1,Q1,1,1,1,1,Q1,1,1,1,1,1
https://openalex.org/W2071592208,14341948,Q1,,1,1,Q1,Q1,Q1,1,1,1,1,Q1,1,1,1,1,Q1,1,1,1,1,1
https://openalex.org/W2071634878,00249297,Q1,,1,1,Q1,Q1,Q1,1,1,1,1,Q1,1,1,1,1,Q1,1,1,1,1,1
https://openalex.org/W2071643928,01672738,Q1,,1,1,Q1,Q1,Q1,1,1,1,1,Q1,1,1,1,1,Q1,1,1,1,1,1
https://openalex.org/W2071657191,02578972,Q1,,1,1,Q1,Q1,Q1,1,1,1,1,Q1,1,1,1,1,Q1,1,1,1,1,1
https://openalex.org/W2071667288,00092614,Q1,,1,1,Q1,Q1,Q1,1,1,1,1,Q1,1,1,1,1,Q1,1,1,1,1,1
https://openalex.org/W2071667557,00219673,Q1,,1,1,Q1,Q1,Q1,1,1,1,1,Q1,1,1,1,1,Q1,1,1,1,1,1
https://openalex.org/W2071688146,00119164,Q1,,1,1,Q1,Q1,Q1,1,1,1,1,Q1,1,1,1,1,Q1,1,1,1,1,1
https://openalex.org/W2071756251,02365731,Q3,,3,3,Q3,Q3,Q3,0,3,0,1,Q3,0,3,0,1,Q3,0,3,0,1,0
https://openalex.org/W2071786774,15237052,Q1,,1,1,Q1,Q1,Q1,1,1,1,1,Q1,1,1,1,1,Q1,1,1,1,1,1
https://openalex.org/W2071823175,00323861,Q1,,1,1,Q1,Q1,Q1,1,1,1,1,Q1,1,1,1,1,Q1,1,1,1,1,1
https://openalex.org/W2071843870,02365731,Q3,,3,3,Q3,Q3,Q3,0,3,0,1,Q3,0,3,0,1,Q3,0,3,0,1,0
https://openalex.org/W2071887939,02552701,Q2,,1,1,Q1,Q1,Q2,0,2,1,1,Q1,1,1,1,1,Q1,1,1,1,1,0
https://openalex.org/W2071911690,0026265X,Q2,,2,2,Q2,Q2,Q2,0,2,1,1,Q2,0,2,1,1,Q2,0,2,1,1,0
https://openalex.org/W2071934168,15353893,Q1,,1,1,Q1,Q1,Q1,1,1,1,1,Q1,1,1,1,1,Q1,1,1,1,1,1
https://openalex.org/W2071952246,07437463,Q1,,1,1,Q1,Q1,Q1,1,1,1,1,Q1,1,1,1,1,Q1,1,1,1,1,1
https://openalex.org/W2071983003,00338230,Q3,,3,3,Q3,Q3,Q3,0,3,0,1,Q3,0,3,0,1,Q3,0,3,0,1,0
https://openalex.org/W2071989956,00162361,Q1,,1,1,Q1,Q1,Q1,1,1,1,1,Q1,1,1,1,1,Q1,1,1,1,1,1
https://openalex.org/W2072001960,03767388,Q1,,1,1,Q1,Q1,Q1,1,1,1,1,Q1,1,1,1,1,Q1,1,1,1,1,1
https://openalex.org/W2072023067,00456535,Q1,,1,1,Q1,Q1,Q1,1,1,1,1,Q1,1,1,1,1,Q1,1,1,1,1,1
https://openalex.org/W2072037571,14382377,Q1,,1,1,Q1,Q1,Q1,1,1,1,1,Q1,1,1,1,1,Q1,1,1,1,1,1
https://openalex.org/W2072074127,05848547,Q1,,1,1,Q1,Q1,Q1,1,1,1,1,Q1,1,1,1,1,Q1,1,1,1,1,1
https://openalex.org/W2072088081,00223697,Q1,,2,2,Q2,Q2,Q1,1,1,1,1,Q2,0,2,1,1,Q2,0,2,1,1,1
https://openalex.org/W2072100847,00218995,Q1,,2,2,Q2,Q2,Q1,1,1,1,1,Q2,0,2,1,1,Q2,0,2,1,1,1
https://openalex.org/W2072104302,00323861,Q1,,1,1,Q1,Q1,Q1,1,1,1,1,Q1,1,1,1,1,Q1,1,1,1,1,1
https://openalex.org/W2072107887,00219568,Q1,,1,1,Q1,Q1,Q1,1,1,1,1,Q1,1,1,1,1,Q1,1,1,1,1,1
https://openalex.org/W2072117430,00037028,Q2,,3,3,Q3,Q3,Q2,0,2,1,1,Q3,0,3,0,1,Q3,0,3,0,1,0
https://openalex.org/W2072137017,0018019X,Q1,,2,2,Q2,Q2,Q1,1,1,1,1,Q2,0,2,1,1,Q2,0,2,1,1,1
https://openalex.org/W2072184170,08926875,Q2,,1,1,Q1,Q1,Q2,0,2,1,1,Q1,1,1,1,1,Q1,1,1,1,1,0
https://openalex.org/W2072190556,09307516,Q2,,2,2,Q2,Q2,Q2,0,2,1,1,Q2,0,2,1,1,Q2,0,2,1,1,0
https://openalex.org/W2072197468,00027863,Q1,,1,1,Q1,Q1,Q1,1,1,1,1,Q1,1,1,1,1,Q1,1,1,1,1,1
https://openalex.org/W2072209658,00134651,Q1,,1,1,Q1,Q1,Q1,1,1,1,1,Q1,1,1,1,1,Q1,1,1,1,1,1
https://openalex.org/W2072210541,00201693,Q2,,2,2,Q2,Q2,Q2,0,2,1,1,Q2,0,2,1,1,Q2,0,2,1,1,0
https://openalex.org/W2072216804,09106340,Q3,,2,2,Q2,Q2,Q3,0,3,0,1,Q2,0,2,1,1,Q2,0,2,1,1,0
https://openalex.org/W2072218710,0018019X,Q1,,2,2,Q2,Q2,Q1,1,1,1,1,Q2,0,2,1,1,Q2,0,2,1,1,1
https://openalex.org/W2072251091,15205207,Q1,,1,1,Q1,Q1,Q1,1,1,1,1,Q1,1,1,1,1,Q1,1,1,1,1,1
https://openalex.org/W2072255267,00218561,Q1,,1,1,Q1,Q1,Q1,1,1,1,1,Q1,1,1,1,1,Q1,1,1,1,1,1
https://openalex.org/W2072272505,00218995,Q1,,2,2,Q2,Q2,Q1,1,1,1,1,Q2,0,2,1,1,Q2,0,2,1,1,1
https://openalex.org/W2072298148,09478396,Q1,,1,1,Q1,Q1,Q1,1,1,1,1,Q1,1,1,1,1,Q1,1,1,1,1,1
https://openalex.org/W2072302724,01694332,-,,5,5,Unranked,Unranked,Unranked,0,5,0,0,Unranked,0,5,0,0,Unranked,0,5,0,0,0
https://openalex.org/W2072320013,15237052,Q1,,1,1,Q1,Q1,Q1,1,1,1,1,Q1,1,1,1,1,Q1,1,1,1,1,1
https://openalex.org/W2072373613,14382377,Q1,,1,1,Q1,Q1,Q1,1,1,1,1,Q1,1,1,1,1,Q1,1,1,1,1,1
https://openalex.org/W2072386524,00027863,Q1,,1,1,Q1,Q1,Q1,1,1,1,1,Q1,1,1,1,1,Q1,1,1,1,1,1
https://openalex.org/W2072406244,00218995,Q1,,2,2,Q2,Q2,Q1,1,1,1,1,Q2,0,2,1,1,Q2,0,2,1,1,1
https://openalex.org/W2072421864,09277765,Q2,,2,2,Q2,Q2,Q2,0,2,1,1,Q2,0,2,1,1,Q2,0,2,1,1,0
https://openalex.org/W2072432528,15205207,Q1,,1,1,Q1,Q1,Q1,1,1,1,1,Q1,1,1,1,1,Q1,1,1,1,1,1
https://openalex.org/W2072464824,00218995,Q1,,2,2,Q2,Q2,Q1,1,1,1,1,Q2,0,2,1,1,Q2,0,2,1,1,1
https://openalex.org/W2072470223,00086223,Q1,,1,1,Q1,Q1,Q1,1,1,1,1,Q1,1,1,1,1,Q1,1,1,1,1,1
https://openalex.org/W2072512988,15205207,Q1,,1,1,Q1,Q1,Q1,1,1,1,1,Q1,1,1,1,1,Q1,1,1,1,1,1
https://openalex.org/W2072614250,09106340,Q3,,2,2,Q2,Q2,Q3,0,3,0,1,Q2,0,2,1,1,Q2,0,2,1,1,0
https://openalex.org/W2072653916,00399140,Q1,,1,1,Q1,Q1,Q1,1,1,1,1,Q1,1,1,1,1,Q1,1,1,1,1,1
https://openalex.org/W2072699710,0144235X,Q1,,1,1,Q1,Q1,Q1,1,1,1,1,Q1,1,1,1,1,Q1,1,1,1,1,1
https://openalex.org/W2072711282,0265203X,Q1,,1,3,Q1,Q3,Q1,1,1,1,1,Q1,1,1,1,1,Q3,0,3,0,1,1
https://openalex.org/W2072740434,13877003,Q2,,2,2,Q2,Q2,Q2,0,2,1,1,Q2,0,2,1,1,Q2,0,2,1,1,0
https://openalex.org/W2072743429,00201693,Q2,,2,2,Q2,Q2,Q2,0,2,1,1,Q2,0,2,1,1,Q2,0,2,1,1,0
https://openalex.org/W2072756075,00027863,Q1,,1,1,Q1,Q1,Q1,1,1,1,1,Q1,1,1,1,1,Q1,1,1,1,1,1
https://openalex.org/W2072764584,00263672,Q3,,1,2,Q1,Q2,Q3,0,3,0,1,Q1,1,1,1,1,Q2,0,2,1,1,0
https://openalex.org/W2072796356,00134651,Q1,,1,1,Q1,Q1,Q1,1,1,1,1,Q1,1,1,1,1,Q1,1,1,1,1,1
https://openalex.org/W2072828730,15237052,Q1,,1,1,Q1,Q1,Q1,1,1,1,1,Q1,1,1,1,1,Q1,1,1,1,1,1
https://openalex.org/W2072849063,00397911,Q3,,3,3,Q3,Q3,Q3,0,3,0,1,Q3,0,3,0,1,Q3,0,3,0,1,0
https://openalex.org/W2072889331,00134686,Q1,,1,1,Q1,Q1,Q1,1,1,1,1,Q1,1,1,1,1,Q1,1,1,1,1,1
https://openalex.org/W2072897037,13835866,Q1,,1,1,Q1,Q1,Q1,1,1,1,1,Q1,1,1,1,1,Q1,1,1,1,1,1
https://openalex.org/W2072902352,00032700,Q1,,1,1,Q1,Q1,Q1,1,1,1,1,Q1,1,1,1,1,Q1,1,1,1,1,1
https://openalex.org/W2072947934,00084042,Q2,,2,2,Q2,Q2,Q2,0,2,1,1,Q2,0,2,1,1,Q2,0,2,1,1,0
https://openalex.org/W2072974991,00027863,Q1,,1,1,Q1,Q1,Q1,1,1,1,1,Q1,1,1,1,1,Q1,1,1,1,1,1
https://openalex.org/W2072991326,01633864,Q1,,1,1,Q1,Q1,Q1,1,1,1,1,Q1,1,1,1,1,Q1,1,1,1,1,1
https://openalex.org/W2073013865,00119164,Q1,,1,1,Q1,Q1,Q1,1,1,1,1,Q1,1,1,1,1,Q1,1,1,1,1,1
https://openalex.org/W2073082005,09582118,Q4,,4,4,Q4,Q4,Q4,0,4,0,0,Q4,0,4,0,0,Q4,0,4,0,0,0
https://openalex.org/W2073102331,13873806,Q1,,2,2,Q2,Q2,Q1,1,1,1,1,Q2,0,2,1,1,Q2,0,2,1,1,1
https://openalex.org/W2073116634,10836160,Q2,,1,1,Q1,Q1,Q2,0,2,1,1,Q1,1,1,1,1,Q1,1,1,1,1,0
https://openalex.org/W2073142898,00027863,Q1,,1,1,Q1,Q1,Q1,1,1,1,1,Q1,1,1,1,1,Q1,1,1,1,1,1
https://openalex.org/W2073182657,00219673,Q1,,1,1,Q1,Q1,Q1,1,1,1,1,Q1,1,1,1,1,Q1,1,1,1,1,1
https://openalex.org/W2073205041,09205861,Q1,,1,1,Q1,Q1,Q1,1,1,1,1,Q1,1,1,1,1,Q1,1,1,1,1,1
https://openalex.org/W2073240072,00092509,Q1,,1,1,Q1,Q1,Q1,1,1,1,1,Q1,1,1,1,1,Q1,1,1,1,1,1
https://openalex.org/W2073248462,01633864,Q1,,1,1,Q1,Q1,Q1,1,1,1,1,Q1,1,1,1,1,Q1,1,1,1,1,1
https://openalex.org/W2073336711,1478422X,Q2,,2,2,Q2,Q2,Q2,0,2,1,1,Q2,0,2,1,1,Q2,0,2,1,1,0
https://openalex.org/W2073376110,00218561,Q1,,1,1,Q1,Q1,Q1,1,1,1,1,Q1,1,1,1,1,Q1,1,1,1,1,1
https://openalex.org/W2073398948,00119164,Q1,,1,1,Q1,Q1,Q1,1,1,1,1,Q1,1,1,1,1,Q1,1,1,1,1,1
https://openalex.org/W2073398993,16182642,Q2,,1,1,Q1,Q1,Q2,0,2,1,1,Q1,1,1,1,1,Q1,1,1,1,1,0
https://openalex.org/W2073408716,02693879,Q3,,2,2,Q2,Q2,Q3,0,3,0,1,Q2,0,2,1,1,Q2,0,2,1,1,0
https://openalex.org/W2073410270,01672738,Q1,,1,1,Q1,Q1,Q1,1,1,1,1,Q1,1,1,1,1,Q1,1,1,1,1,1
https://openalex.org/W2073422940,15726657,Q1,,2,2,Q2,Q2,Q1,1,1,1,1,Q2,0,2,1,1,Q2,0,2,1,1,1
https://openalex.org/W2073436270,00220248,Q1,,2,2,Q2,Q2,Q1,1,1,1,1,Q2,0,2,1,1,Q2,0,2,1,1,1
https://openalex.org/W2073445328,00219673,Q1,,1,1,Q1,Q1,Q1,1,1,1,1,Q1,1,1,1,1,Q1,1,1,1,1,1
https://openalex.org/W2073458459,00093130,-,,5,5,Unranked,Unranked,Unranked,0,5,0,0,Unranked,0,5,0,0,Unranked,0,5,0,0,0
https://openalex.org/W2073473094,03088146,Q1,,1,1,Q1,Q1,Q1,1,1,1,1,Q1,1,1,1,1,Q1,1,1,1,1,1
https://openalex.org/W2073478357,0013936X,Q1,,1,1,Q1,Q1,Q1,1,1,1,1,Q1,1,1,1,1,Q1,1,1,1,1,1
https://openalex.org/W2073573899,00201685,Q3,,3,3,Q3,Q3,Q3,0,3,0,1,Q3,0,3,0,1,Q3,0,3,0,1,0
https://openalex.org/W2073575397,14786419,Q3,,3,3,Q3,Q3,Q3,0,3,0,1,Q3,0,3,0,1,Q3,0,3,0,1,0
https://openalex.org/W2073595774,01672738,Q1,,1,1,Q1,Q1,Q1,1,1,1,1,Q1,1,1,1,1,Q1,1,1,1,1,1
https://openalex.org/W2073601846,09277757,-,,5,5,Unranked,Unranked,Unranked,0,5,0,0,Unranked,0,5,0,0,Unranked,0,5,0,0,0
https://openalex.org/W2073609048,01634984,Q3,,3,3,Q3,Q3,Q3,0,3,0,1,Q3,0,3,0,1,Q3,0,3,0,1,0
https://openalex.org/W2073610896,02652048,Q2,,2,2,Q2,Q2,Q2,0,2,1,1,Q2,0,2,1,1,Q2,0,2,1,1,0
https://openalex.org/W2073614121,03088146,Q1,,1,1,Q1,Q1,Q1,1,1,1,1,Q1,1,1,1,1,Q1,1,1,1,1,1
https://openalex.org/W2073622312,13597345,Q1,,1,1,Q1,Q1,Q1,1,1,1,1,Q1,1,1,1,1,Q1,1,1,1,1,1
https://openalex.org/W2073640369,00219673,Q1,,1,1,Q1,Q1,Q1,1,1,1,1,Q1,1,1,1,1,Q1,1,1,1,1,1
https://openalex.org/W2073660063,13835866,Q1,,1,1,Q1,Q1,Q1,1,1,1,1,Q1,1,1,1,1,Q1,1,1,1,1,1
https://openalex.org/W2073679928,01672738,Q1,,1,1,Q1,Q1,Q1,1,1,1,1,Q1,1,1,1,1,Q1,1,1,1,1,1
https://openalex.org/W2073723638,10990690,Q1,,1,1,Q1,Q1,Q1,1,1,1,1,Q1,1,1,1,1,Q1,1,1,1,1,1
https://openalex.org/W2073725948,10431802,Q1,,1,1,Q1,Q1,Q1,1,1,1,1,Q1,1,1,1,1,Q1,1,1,1,1,1
https://openalex.org/W2073752997,03770486,Q2,,1,1,Q1,Q1,Q2,0,2,1,1,Q1,1,1,1,1,Q1,1,1,1,1,0
https://openalex.org/W2073779727,00032700,Q1,,1,1,Q1,Q1,Q1,1,1,1,1,Q1,1,1,1,1,Q1,1,1,1,1,1
https://openalex.org/W2073784484,15700232,Q2,,1,1,Q1,Q1,Q2,0,2,1,1,Q1,1,1,1,1,Q1,1,1,1,1,0
https://openalex.org/W2073851046,00218561,Q1,,1,1,Q1,Q1,Q1,1,1,1,1,Q1,1,1,1,1,Q1,1,1,1,1,1
https://openalex.org/W2073852841,09565663,Q1,,1,1,Q1,Q1,Q1,1,1,1,1,Q1,1,1,1,1,Q1,1,1,1,1,1
https://openalex.org/W2073854451,00323861,Q1,,1,1,Q1,Q1,Q1,1,1,1,1,Q1,1,1,1,1,Q1,1,1,1,1,1
https://openalex.org/W2073928062,13882481,Q1,,1,1,Q1,Q1,Q1,1,1,1,1,Q1,1,1,1,1,Q1,1,1,1,1,1
https://openalex.org/W2073962448,00134686,Q1,,1,1,Q1,Q1,Q1,1,1,1,1,Q1,1,1,1,1,Q1,1,1,1,1,1
https://openalex.org/W2073972836,00222313,Q1,,1,1,Q1,Q1,Q1,1,1,1,1,Q1,1,1,1,1,Q1,1,1,1,1,1
https://openalex.org/W2073984163,03667022,Q2,,2,2,Q2,Q2,Q2,0,2,1,1,Q2,0,2,1,1,Q2,0,2,1,1,0
https://openalex.org/W2073999407,08885885,Q1,,1,1,Q1,Q1,Q1,1,1,1,1,Q1,1,1,1,1,Q1,1,1,1,1,1
https://openalex.org/W2074033754,15205207,Q1,,1,1,Q1,Q1,Q1,1,1,1,1,Q1,1,1,1,1,Q1,1,1,1,1,1
https://openalex.org/W2074046329,14779226,Q1,,1,1,Q1,Q1,Q1,1,1,1,1,Q1,1,1,1,1,Q1,1,1,1,1,1
https://openalex.org/W2074057270,02552701,Q2,,1,1,Q1,Q1,Q2,0,2,1,1,Q1,1,1,1,1,Q1,1,1,1,1,0
https://openalex.org/W2074073285,00456535,Q1,,1,1,Q1,Q1,Q1,1,1,1,1,Q1,1,1,1,1,Q1,1,1,1,1,1
https://openalex.org/W2074104879,00032670,Q1,,1,1,Q1,Q1,Q1,1,1,1,1,Q1,1,1,1,1,Q1,1,1,1,1,1
https://openalex.org/W2074107829,00319104,Q3,,3,3,Q3,Q3,Q3,0,3,0,1,Q3,0,3,0,1,Q3,0,3,0,1,0
https://openalex.org/W2074112641,00027863,Q1,,1,1,Q1,Q1,Q1,1,1,1,1,Q1,1,1,1,1,Q1,1,1,1,1,1
https://openalex.org/W2074120237,00086223,Q1,,1,1,Q1,Q1,Q1,1,1,1,1,Q1,1,1,1,1,Q1,1,1,1,1,1
https://openalex.org/W2074149575,10256016,Q3,,3,3,Q3,Q3,Q3,0,3,0,1,Q3,0,3,0,1,Q3,0,3,0,1,0
https://openalex.org/W2074158390,00032700,Q1,,1,1,Q1,Q1,Q1,1,1,1,1,Q1,1,1,1,1,Q1,1,1,1,1,1
https://openalex.org/W2074179523,05848547,Q1,,1,1,Q1,Q1,Q1,1,1,1,1,Q1,1,1,1,1,Q1,1,1,1,1,1
https://openalex.org/W2074217646,00218561,Q1,,1,1,Q1,Q1,Q1,1,1,1,1,Q1,1,1,1,1,Q1,1,1,1,1,1
https://openalex.org/W2074228561,09514198,Q1,,1,1,Q1,Q1,Q1,1,1,1,1,Q1,1,1,1,1,Q1,1,1,1,1,1
https://openalex.org/W2074240380,00399140,Q1,,1,1,Q1,Q1,Q1,1,1,1,1,Q1,1,1,1,1,Q1,1,1,1,1,1
https://openalex.org/W2074241058,03787753,Q1,,1,1,Q1,Q1,Q1,1,1,1,1,Q1,1,1,1,1,Q1,1,1,1,1,1
https://openalex.org/W2074246568,00404020,Q1,,1,1,Q1,Q1,Q1,1,1,1,1,Q1,1,1,1,1,Q1,1,1,1,1,1
https://openalex.org/W2074272579,00134651,Q1,,1,1,Q1,Q1,Q1,1,1,1,1,Q1,1,1,1,1,Q1,1,1,1,1,1
https://openalex.org/W2074326334,09168451,Q3,,2,2,Q2,Q2,Q3,0,3,0,1,Q2,0,2,1,1,Q2,0,2,1,1,0
https://openalex.org/W2074327358,13408054,Q4,,3,3,Q3,Q3,Q4,0,4,0,0,Q3,0,3,0,1,Q3,0,3,0,1,0
https://openalex.org/W2074329775,00134686,Q1,,1,1,Q1,Q1,Q1,1,1,1,1,Q1,1,1,1,1,Q1,1,1,1,1,1
https://openalex.org/W2074344881,00399140,Q1,,1,1,Q1,Q1,Q1,1,1,1,1,Q1,1,1,1,1,Q1,1,1,1,1,1
https://openalex.org/W2074350162,00222860,Q2,,3,3,Q3,Q3,Q2,0,2,1,1,Q3,0,3,0,1,Q3,0,3,0,1,0
https://openalex.org/W2074351621,02578972,Q1,,1,1,Q1,Q1,Q1,1,1,1,1,Q1,1,1,1,1,Q1,1,1,1,1,1
https://openalex.org/W2074373295,03667022,Q2,,2,2,Q2,Q2,Q2,0,2,1,1,Q2,0,2,1,1,Q2,0,2,1,1,0
https://openalex.org/W2074375448,09259635,Q1,,1,1,Q1,Q1,Q1,1,1,1,1,Q1,1,1,1,1,Q1,1,1,1,1,1
https://openalex.org/W2074389106,0018019X,Q1,,2,2,Q2,Q2,Q1,1,1,1,1,Q2,0,2,1,1,Q2,0,2,1,1,1
https://openalex.org/W2074389530,01672738,Q1,,1,1,Q1,Q1,Q1,1,1,1,1,Q1,1,1,1,1,Q1,1,1,1,1,1
https://openalex.org/W2074400207,00397911,Q3,,3,3,Q3,Q3,Q3,0,3,0,1,Q3,0,3,0,1,Q3,0,3,0,1,0
https://openalex.org/W2074402567,00119164,Q1,,1,1,Q1,Q1,Q1,1,1,1,1,Q1,1,1,1,1,Q1,1,1,1,1,1
https://openalex.org/W2074427729,00389056,Q2,,2,2,Q2,Q2,Q2,0,2,1,1,Q2,0,2,1,1,Q2,0,2,1,1,0
https://openalex.org/W2074450050,15287483,Q1,,1,1,Q1,Q1,Q1,1,1,1,1,Q1,1,1,1,1,Q1,1,1,1,1,1
https://openalex.org/W2074451646,03088146,Q1,,1,1,Q1,Q1,Q1,1,1,1,1,Q1,1,1,1,1,Q1,1,1,1,1,1
https://openalex.org/W2074481891,09598103,-,,5,5,Unranked,Unranked,Unranked,0,5,0,0,Unranked,0,5,0,0,Unranked,0,5,0,0,0
https://openalex.org/W2074488693,00220248,Q1,,2,2,Q2,Q2,Q1,1,1,1,1,Q2,0,2,1,1,Q2,0,2,1,1,1
https://openalex.org/W2074494935,13815148,Q1,,1,1,Q1,Q1,Q1,1,1,1,1,Q1,1,1,1,1,Q1,1,1,1,1,1
https://openalex.org/W2074498159,13861425,Q2,,2,2,Q2,Q2,Q2,0,2,1,1,Q2,0,2,1,1,Q2,0,2,1,1,0
https://openalex.org/W2074537184,00249297,Q1,,1,1,Q1,Q1,Q1,1,1,1,1,Q1,1,1,1,1,Q1,1,1,1,1,1
https://openalex.org/W2074551564,00220248,Q1,,2,2,Q2,Q2,Q1,1,1,1,1,Q2,0,2,1,1,Q2,0,2,1,1,1
https://openalex.org/W2074586163,00456535,Q1,,1,1,Q1,Q1,Q1,1,1,1,1,Q1,1,1,1,1,Q1,1,1,1,1,1
https://openalex.org/W2074590042,00223263,Q1,,1,1,Q1,Q1,Q1,1,1,1,1,Q1,1,1,1,1,Q1,1,1,1,1,1
https://openalex.org/W2074619619,00406031,Q3,,2,2,Q2,Q2,Q3,0,3,0,1,Q2,0,2,1,1,Q2,0,2,1,1,0
https://openalex.org/W2074623710,00032700,Q1,,1,1,Q1,Q1,Q1,1,1,1,1,Q1,1,1,1,1,Q1,1,1,1,1,1
https://openalex.org/W2074636831,00092509,Q1,,1,1,Q1,Q1,Q1,1,1,1,1,Q1,1,1,1,1,Q1,1,1,1,1,1
https://openalex.org/W2074670388,00201669,Q1,,1,1,Q1,Q1,Q1,1,1,1,1,Q1,1,1,1,1,Q1,1,1,1,1,1
https://openalex.org/W2074671769,00092673,Q1,,1,1,Q1,Q1,Q1,1,1,1,1,Q1,1,1,1,1,Q1,1,1,1,1,1
https://openalex.org/W2074731715,07317085,Q2,,1,1,Q1,Q1,Q2,0,2,1,1,Q1,1,1,1,1,Q1,1,1,1,1,0
https://openalex.org/W2074756646,01730835,Q1,,1,1,Q1,Q1,Q1,1,1,1,1,Q1,1,1,1,1,Q1,1,1,1,1,1
https://openalex.org/W2074797556,00032670,Q1,,1,1,Q1,Q1,Q1,1,1,1,1,Q1,1,1,1,1,Q1,1,1,1,1,1
https://openalex.org/W2074828738,13835866,Q1,,1,1,Q1,Q1,Q1,1,1,1,1,Q1,1,1,1,1,Q1,1,1,1,1,1
https://openalex.org/W2074829656,09478396,Q1,,1,1,Q1,Q1,Q1,1,1,1,1,Q1,1,1,1,1,Q1,1,1,1,1,1
https://openalex.org/W2074829883,09270256,Q1,,1,1,Q1,Q1,Q1,1,1,1,1,Q1,1,1,1,1,Q1,1,1,1,1,1
https://openalex.org/W2074859802,03767388,Q1,,1,1,Q1,Q1,Q1,1,1,1,1,Q1,1,1,1,1,Q1,1,1,1,1,1
https://openalex.org/W2074861036,03787753,Q1,,1,1,Q1,Q1,Q1,1,1,1,1,Q1,1,1,1,1,Q1,1,1,1,1,1
https://openalex.org/W2074905782,00134651,Q1,,1,1,Q1,Q1,Q1,1,1,1,1,Q1,1,1,1,1,Q1,1,1,1,1,1
https://openalex.org/W2074938615,01672738,Q1,,1,1,Q1,Q1,Q1,1,1,1,1,Q1,1,1,1,1,Q1,1,1,1,1,1
https://openalex.org/W2074945675,00220248,Q1,,2,2,Q2,Q2,Q1,1,1,1,1,Q2,0,2,1,1,Q2,0,2,1,1,1
https://openalex.org/W2075027552,08885885,Q1,,1,1,Q1,Q1,Q1,1,1,1,1,Q1,1,1,1,1,Q1,1,1,1,1,1
https://openalex.org/W2075030219,00404039,Q1,,2,2,Q2,Q2,Q1,1,1,1,1,Q2,0,2,1,1,Q2,0,2,1,1,1
https://openalex.org/W2075031372,09478396,Q1,,1,1,Q1,Q1,Q1,1,1,1,1,Q1,1,1,1,1,Q1,1,1,1,1,1
https://openalex.org/W2075068473,07213115,Q3,,2,2,Q2,Q2,Q3,0,3,0,1,Q2,0,2,1,1,Q2,0,2,1,1,0
https://openalex.org/W2075079315,00032654,Q1,,1,1,Q1,Q1,Q1,1,1,1,1,Q1,1,1,1,1,Q1,1,1,1,1,1
https://openalex.org/W2075079452,0013936X,Q1,,1,1,Q1,Q1,Q1,1,1,1,1,Q1,1,1,1,1,Q1,1,1,1,1,1
https://openalex.org/W2075119951,05704928,Q2,,2,2,Q2,Q2,Q2,0,2,1,1,Q2,0,2,1,1,Q2,0,2,1,1,0
https://openalex.org/W2075132879,00218995,Q1,,2,2,Q2,Q2,Q1,1,1,1,1,Q2,0,2,1,1,Q2,0,2,1,1,1
https://openalex.org/W2075159007,13873806,Q1,,2,2,Q2,Q2,Q1,1,1,1,1,Q2,0,2,1,1,Q2,0,2,1,1,1
https://openalex.org/W2075160628,00223263,Q1,,1,1,Q1,Q1,Q1,1,1,1,1,Q1,1,1,1,1,Q1,1,1,1,1,1
https://openalex.org/W2075179193,01633864,Q1,,1,1,Q1,Q1,Q1,1,1,1,1,Q1,1,1,1,1,Q1,1,1,1,1,1
https://openalex.org/W2075185942,07317085,Q2,,1,1,Q1,Q1,Q2,0,2,1,1,Q1,1,1,1,1,Q1,1,1,1,1,0
https://openalex.org/W2075192490,00032700,Q1,,1,1,Q1,Q1,Q1,1,1,1,1,Q1,1,1,1,1,Q1,1,1,1,1,1
https://openalex.org/W2075217766,13504177,-,,5,5,Unranked,Unranked,Unranked,0,5,0,0,Unranked,0,5,0,0,Unranked,0,5,0,0,0
https://openalex.org/W2075251590,15700232,Q2,,1,1,Q1,Q1,Q2,0,2,1,1,Q1,1,1,1,1,Q1,1,1,1,1,0
https://openalex.org/W2075276144,02578972,Q1,,1,1,Q1,Q1,Q1,1,1,1,1,Q1,1,1,1,1,Q1,1,1,1,1,1
https://openalex.org/W2075278013,09295607,Q2,,2,2,Q2,Q2,Q2,0,2,1,1,Q2,0,2,1,1,Q2,0,2,1,1,0
https://openalex.org/W2075318255,00219673,Q1,,1,1,Q1,Q1,Q1,1,1,1,1,Q1,1,1,1,1,Q1,1,1,1,1,1
https://openalex.org/W2075343104,15700232,Q2,,1,1,Q1,Q1,Q2,0,2,1,1,Q1,1,1,1,1,Q1,1,1,1,1,0
https://openalex.org/W2075463336,00218995,Q1,,2,2,Q2,Q2,Q1,1,1,1,1,Q2,0,2,1,1,Q2,0,2,1,1,1
https://openalex.org/W2075465573,09680896,Q2,,1,1,Q1,Q1,Q2,0,2,1,1,Q1,1,1,1,1,Q1,1,1,1,1,0
https://openalex.org/W2075477782,13858947,Q1,,1,1,Q1,Q1,Q1,1,1,1,1,Q1,1,1,1,1,Q1,1,1,1,1,1
https://openalex.org/W2075528041,10106030,Q1,,1,1,Q1,Q1,Q1,1,1,1,1,Q1,1,1,1,1,Q1,1,1,1,1,1
https://openalex.org/W2075542858,00218561,Q1,,1,1,Q1,Q1,Q1,1,1,1,1,Q1,1,1,1,1,Q1,1,1,1,1,1
https://openalex.org/W2075546685,03787753,Q1,,1,1,Q1,Q1,Q1,1,1,1,1,Q1,1,1,1,1,Q1,1,1,1,1,1
https://openalex.org/W2075562703,00404039,Q1,,2,2,Q2,Q2,Q1,1,1,1,1,Q2,0,2,1,1,Q2,0,2,1,1,1
https://openalex.org/W2075573295,01672738,Q1,,1,1,Q1,Q1,Q1,1,1,1,1,Q1,1,1,1,1,Q1,1,1,1,1,1
https://openalex.org/W2075577061,15700232,Q2,,1,1,Q1,Q1,Q2,0,2,1,1,Q1,1,1,1,1,Q1,1,1,1,1,0
https://openalex.org/W2075630775,09680896,Q2,,1,1,Q1,Q1,Q2,0,2,1,1,Q1,1,1,1,1,Q1,1,1,1,1,0
https://openalex.org/W2075633074,09253467,-,,5,5,Unranked,Unranked,Unranked,0,5,0,0,Unranked,0,5,0,0,Unranked,0,5,0,0,0
https://openalex.org/W2075647469,01700839,Q2,,2,2,Q2,Q2,Q2,0,2,1,1,Q2,0,2,1,1,Q2,0,2,1,1,0
https://openalex.org/W2075667972,00381098,Q1,,1,1,Q1,Q1,Q1,1,1,1,1,Q1,1,1,1,1,Q1,1,1,1,1,1
https://openalex.org/W2075690029,15237052,Q1,,1,1,Q1,Q1,Q1,1,1,1,1,Q1,1,1,1,1,Q1,1,1,1,1,1
https://openalex.org/W2075704623,00223697,Q1,,2,2,Q2,Q2,Q1,1,1,1,1,Q2,0,2,1,1,Q2,0,2,1,1,1
https://openalex.org/W2075718624,13408054,Q4,,3,3,Q3,Q3,Q4,0,4,0,0,Q3,0,3,0,1,Q3,0,3,0,1,0
https://openalex.org/W2075733672,03088146,Q1,,1,1,Q1,Q1,Q1,1,1,1,1,Q1,1,1,1,1,Q1,1,1,1,1,1
https://openalex.org/W2075743771,00218561,Q1,,1,1,Q1,Q1,Q1,1,1,1,1,Q1,1,1,1,1,Q1,1,1,1,1,1
https://openalex.org/W2075783148,00119164,Q1,,1,1,Q1,Q1,Q1,1,1,1,1,Q1,1,1,1,1,Q1,1,1,1,1,1
https://openalex.org/W2075800245,03009440,Q2,,2,2,Q2,Q2,Q2,0,2,1,1,Q2,0,2,1,1,Q2,0,2,1,1,0
https://openalex.org/W2075804870,08885885,Q1,,1,1,Q1,Q1,Q1,1,1,1,1,Q1,1,1,1,1,Q1,1,1,1,1,1
https://openalex.org/W2075844780,14730189,Q1,,1,1,Q1,Q1,Q1,1,1,1,1,Q1,1,1,1,1,Q1,1,1,1,1,1
https://openalex.org/W2075863627,03667022,Q2,,2,2,Q2,Q2,Q2,0,2,1,1,Q2,0,2,1,1,Q2,0,2,1,1,0
https://openalex.org/W2075904898,09298673,-,,5,4,Unranked,Q4,Unranked,0,5,0,0,Unranked,0,5,0,0,Q4,0,4,0,0,0
https://openalex.org/W2075913871,0013936X,Q1,,1,1,Q1,Q1,Q1,1,1,1,1,Q1,1,1,1,1,Q1,1,1,1,1,1
https://openalex.org/W2075965633,13835866,Q1,,1,1,Q1,Q1,Q1,1,1,1,1,Q1,1,1,1,1,Q1,1,1,1,1,1
https://openalex.org/W2075971580,09478396,Q1,,1,1,Q1,Q1,Q1,1,1,1,1,Q1,1,1,1,1,Q1,1,1,1,1,1
https://openalex.org/W2075991462,00456535,Q1,,1,1,Q1,Q1,Q1,1,1,1,1,Q1,1,1,1,1,Q1,1,1,1,1,1
https://openalex.org/W2076015863,00220248,Q1,,2,2,Q2,Q2,Q1,1,1,1,1,Q2,0,2,1,1,Q2,0,2,1,1,1
https://openalex.org/W2076016288,01694332,-,,5,5,Unranked,Unranked,Unranked,0,5,0,0,Unranked,0,5,0,0,Unranked,0,5,0,0,0
https://openalex.org/W2076064081,00219673,Q1,,1,1,Q1,Q1,Q1,1,1,1,1,Q1,1,1,1,1,Q1,1,1,1,1,1
https://openalex.org/W2076071471,00027863,Q1,,1,1,Q1,Q1,Q1,1,1,1,1,Q1,1,1,1,1,Q1,1,1,1,1,1
https://openalex.org/W2076077968,09277765,Q2,,2,2,Q2,Q2,Q2,0,2,1,1,Q2,0,2,1,1,Q2,0,2,1,1,0
https://openalex.org/W2076080787,09106340,Q3,,2,2,Q2,Q2,Q3,0,3,0,1,Q2,0,2,1,1,Q2,0,2,1,1,0
https://openalex.org/W2076117654,10221352,Q1,,2,2,Q2,Q2,Q1,1,1,1,1,Q2,0,2,1,1,Q2,0,2,1,1,1
https://openalex.org/W2076153589,00218561,Q1,,1,1,Q1,Q1,Q1,1,1,1,1,Q1,1,1,1,1,Q1,1,1,1,1,1
https://openalex.org/W2076167912,02365731,Q3,,3,3,Q3,Q3,Q3,0,3,0,1,Q3,0,3,0,1,Q3,0,3,0,1,0
https://openalex.org/W2076181589,00221139,Q2,,2,2,Q2,Q2,Q2,0,2,1,1,Q2,0,2,1,1,Q2,0,2,1,1,0
https://openalex.org/W2076241726,00249297,Q1,,1,1,Q1,Q1,Q1,1,1,1,1,Q1,1,1,1,1,Q1,1,1,1,1,1
https://openalex.org/W2076250184,10765174,Q1,,1,1,Q1,Q1,Q1,1,1,1,1,Q1,1,1,1,1,Q1,1,1,1,1,1
https://openalex.org/W2076253242,0013936X,Q1,,1,1,Q1,Q1,Q1,1,1,1,1,Q1,1,1,1,1,Q1,1,1,1,1,1
https://openalex.org/W2076262907,03088146,Q1,,1,1,Q1,Q1,Q1,1,1,1,1,Q1,1,1,1,1,Q1,1,1,1,1,1
https://openalex.org/W2076279712,13597345,Q1,,1,1,Q1,Q1,Q1,1,1,1,1,Q1,1,1,1,1,Q1,1,1,1,1,1
https://openalex.org/W2076281006,07317085,Q2,,1,1,Q1,Q1,Q2,0,2,1,1,Q1,1,1,1,1,Q1,1,1,1,1,0
https://openalex.org/W2076287571,09106340,Q3,,2,2,Q2,Q2,Q3,0,3,0,1,Q2,0,2,1,1,Q2,0,2,1,1,0
https://openalex.org/W2076296301,09205861,Q1,,1,1,Q1,Q1,Q1,1,1,1,1,Q1,1,1,1,1,Q1,1,1,1,1,1
https://openalex.org/W2076354876,09168451,Q3,,2,2,Q2,Q2,Q3,0,3,0,1,Q2,0,2,1,1,Q2,0,2,1,1,0
https://openalex.org/W2076368811,0268005X,Q1,,1,1,Q1,Q1,Q1,1,1,1,1,Q1,1,1,1,1,Q1,1,1,1,1,1
https://openalex.org/W2076370081,00222860,Q2,,3,3,Q3,Q3,Q2,0,2,1,1,Q3,0,3,0,1,Q3,0,3,0,1,0
https://openalex.org/W2076401220,03010104,Q1,,2,2,Q2,Q2,Q1,1,1,1,1,Q2,0,2,1,1,Q2,0,2,1,1,1
https://openalex.org/W2076411674,09660844,-,,5,5,Unranked,Unranked,Unranked,0,5,0,0,Unranked,0,5,0,0,Unranked,0,5,0,0,0
https://openalex.org/W2076412925,14723581,Q1,,2,2,Q2,Q2,Q1,1,1,1,1,Q2,0,2,1,1,Q2,0,2,1,1,1
https://openalex.org/W2076427366,00220248,Q1,,2,2,Q2,Q2,Q1,1,1,1,1,Q2,0,2,1,1,Q2,0,2,1,1,1
https://openalex.org/W2076463667,00249297,Q1,,1,1,Q1,Q1,Q1,1,1,1,1,Q1,1,1,1,1,Q1,1,1,1,1,1
https://openalex.org/W2076498075,01672738,Q1,,1,1,Q1,Q1,Q1,1,1,1,1,Q1,1,1,1,1,Q1,1,1,1,1,1
https://openalex.org/W2076525425,02679477,Q1,,1,1,Q1,Q1,Q1,1,1,1,1,Q1,1,1,1,1,Q1,1,1,1,1,1
https://openalex.org/W2076536765,13815148,Q1,,1,1,Q1,Q1,Q1,1,1,1,1,Q1,1,1,1,1,Q1,1,1,1,1,1
https://openalex.org/W2076542155,00086223,Q1,,1,1,Q1,Q1,Q1,1,1,1,1,Q1,1,1,1,1,Q1,1,1,1,1,1
https://openalex.org/W2076557672,10286020,Q4,,3,3,Q3,Q3,Q4,0,4,0,0,Q3,0,3,0,1,Q3,0,3,0,1,0
https://openalex.org/W2076592702,03667022,Q2,,2,2,Q2,Q2,Q2,0,2,1,1,Q2,0,2,1,1,Q2,0,2,1,1,0
https://openalex.org/W2076607731,03667022,Q2,,2,2,Q2,Q2,Q2,0,2,1,1,Q2,0,2,1,1,Q2,0,2,1,1,0
https://openalex.org/W2076629749,00032654,Q1,,1,1,Q1,Q1,Q1,1,1,1,1,Q1,1,1,1,1,Q1,1,1,1,1,1
https://openalex.org/W2076689625,01694332,-,,5,5,Unranked,Unranked,Unranked,0,5,0,0,Unranked,0,5,0,0,Unranked,0,5,0,0,0
https://openalex.org/W2076690983,00304018,Q1,,2,2,Q2,Q2,Q1,1,1,1,1,Q2,0,2,1,1,Q2,0,2,1,1,1
https://openalex.org/W2076703549,00027863,Q1,,1,1,Q1,Q1,Q1,1,1,1,1,Q1,1,1,1,1,Q1,1,1,1,1,1
https://openalex.org/W2076735769,00249297,Q1,,1,1,Q1,Q1,Q1,1,1,1,1,Q1,1,1,1,1,Q1,1,1,1,1,1
https://openalex.org/W2076739273,10836160,Q2,,1,1,Q1,Q1,Q2,0,2,1,1,Q1,1,1,1,1,Q1,1,1,1,1,0
https://openalex.org/W2076755328,00032700,Q1,,1,1,Q1,Q1,Q1,1,1,1,1,Q1,1,1,1,1,Q1,1,1,1,1,1
https://openalex.org/W2076774654,00032670,Q1,,1,1,Q1,Q1,Q1,1,1,1,1,Q1,1,1,1,1,Q1,1,1,1,1,1
https://openalex.org/W2076782304,00219517,Q1,,1,1,Q1,Q1,Q1,1,1,1,1,Q1,1,1,1,1,Q1,1,1,1,1,1
https://openalex.org/W2076789453,00032700,Q1,,1,1,Q1,Q1,Q1,1,1,1,1,Q1,1,1,1,1,Q1,1,1,1,1,1
https://openalex.org/W2076847257,10431802,Q1,,1,1,Q1,Q1,Q1,1,1,1,1,Q1,1,1,1,1,Q1,1,1,1,1,1
https://openalex.org/W2076855150,09660844,-,,5,5,Unranked,Unranked,Unranked,0,5,0,0,Unranked,0,5,0,0,Unranked,0,5,0,0,0
https://openalex.org/W2076859019,1011372X,Q1,,1,1,Q1,Q1,Q1,1,1,1,1,Q1,1,1,1,1,Q1,1,1,1,1,1
https://openalex.org/W2076881586,01694332,-,,5,5,Unranked,Unranked,Unranked,0,5,0,0,Unranked,0,5,0,0,Unranked,0,5,0,0,0
https://openalex.org/W2076882216,12928941,Q1,,1,1,Q1,Q1,Q1,1,1,1,1,Q1,1,1,1,1,Q1,1,1,1,1,1
https://openalex.org/W2076927135,01694243,Q2,,2,2,Q2,Q2,Q2,0,2,1,1,Q2,0,2,1,1,Q2,0,2,1,1,0
https://openalex.org/W2076957691,01633864,Q1,,1,1,Q1,Q1,Q1,1,1,1,1,Q1,1,1,1,1,Q1,1,1,1,1,1
https://openalex.org/W2076966972,00472689,Q1,,1,1,Q1,Q1,Q1,1,1,1,1,Q1,1,1,1,1,Q1,1,1,1,1,1
https://openalex.org/W2076979712,01633864,Q1,,1,1,Q1,Q1,Q1,1,1,1,1,Q1,1,1,1,1,Q1,1,1,1,1,1
https://openalex.org/W2077009254,00323888,Q1,,2,2,Q2,Q2,Q1,1,1,1,1,Q2,0,2,1,1,Q2,0,2,1,1,1
https://openalex.org/W2077012117,00092614,Q1,,1,1,Q1,Q1,Q1,1,1,1,1,Q1,1,1,1,1,Q1,1,1,1,1,1
https://openalex.org/W2077022536,08926875,Q2,,1,1,Q1,Q1,Q2,0,2,1,1,Q1,1,1,1,1,Q1,1,1,1,1,0
https://openalex.org/W2077034643,09280707,Q1,,2,2,Q2,Q2,Q1,1,1,1,1,Q2,0,2,1,1,Q2,0,2,1,1,1
https://openalex.org/W2077054326,00220248,Q1,,2,2,Q2,Q2,Q1,1,1,1,1,Q2,0,2,1,1,Q2,0,2,1,1,1
https://openalex.org/W2077056227,00218561,Q1,,1,1,Q1,Q1,Q1,1,1,1,1,Q1,1,1,1,1,Q1,1,1,1,1,1
https://openalex.org/W2077064255,01694332,-,,5,5,Unranked,Unranked,Unranked,0,5,0,0,Unranked,0,5,0,0,Unranked,0,5,0,0,0
https://openalex.org/W2077106063,00223697,Q1,,2,2,Q2,Q2,Q1,1,1,1,1,Q2,0,2,1,1,Q2,0,2,1,1,1
https://openalex.org/W2077110661,00219568,Q1,,1,1,Q1,Q1,Q1,1,1,1,1,Q1,1,1,1,1,Q1,1,1,1,1,1
https://openalex.org/W2077153911,09149244,Q3,,3,3,Q3,Q3,Q3,0,3,0,1,Q3,0,3,0,1,Q3,0,3,0,1,0
https://openalex.org/W2077168047,00219673,Q1,,1,1,Q1,Q1,Q1,1,1,1,1,Q1,1,1,1,1,Q1,1,1,1,1,1
https://openalex.org/W2077181029,00399140,Q1,,1,1,Q1,Q1,Q1,1,1,1,1,Q1,1,1,1,1,Q1,1,1,1,1,1
https://openalex.org/W2077183550,02365731,Q3,,3,3,Q3,Q3,Q3,0,3,0,1,Q3,0,3,0,1,Q3,0,3,0,1,0
https://openalex.org/W2077185308,00027863,Q1,,1,1,Q1,Q1,Q1,1,1,1,1,Q1,1,1,1,1,Q1,1,1,1,1,1
https://openalex.org/W2077199586,09478396,Q1,,1,1,Q1,Q1,Q1,1,1,1,1,Q1,1,1,1,1,Q1,1,1,1,1,1
https://openalex.org/W2077200700,00032670,Q1,,1,1,Q1,Q1,Q1,1,1,1,1,Q1,1,1,1,1,Q1,1,1,1,1,1
https://openalex.org/W2077246235,0265203X,Q1,,1,3,Q1,Q3,Q1,1,1,1,1,Q1,1,1,1,1,Q3,0,3,0,1,1
https://openalex.org/W2077301210,03797112,Q2,,1,1,Q1,Q1,Q2,0,2,1,1,Q1,1,1,1,1,Q1,1,1,1,1,0
https://openalex.org/W2077341157,07317085,Q2,,1,1,Q1,Q1,Q2,0,2,1,1,Q1,1,1,1,1,Q1,1,1,1,1,0
https://openalex.org/W2077356234,01694332,-,,5,5,Unranked,Unranked,Unranked,0,5,0,0,Unranked,0,5,0,0,Unranked,0,5,0,0,0
https://openalex.org/W2077361195,07317085,Q2,,1,1,Q1,Q1,Q2,0,2,1,1,Q1,1,1,1,1,Q1,1,1,1,1,0
https://openalex.org/W2077381746,0022328X,Q1,,2,2,Q2,Q2,Q1,1,1,1,1,Q2,0,2,1,1,Q2,0,2,1,1,1
https://openalex.org/W2077412494,00201693,Q2,,2,2,Q2,Q2,Q2,0,2,1,1,Q2,0,2,1,1,Q2,0,2,1,1,0
https://openalex.org/W2077413517,13815148,Q1,,1,1,Q1,Q1,Q1,1,1,1,1,Q1,1,1,1,1,Q1,1,1,1,1,1
https://openalex.org/W2077413643,00220248,Q1,,2,2,Q2,Q2,Q1,1,1,1,1,Q2,0,2,1,1,Q2,0,2,1,1,1
https://openalex.org/W2077422588,00086223,Q1,,1,1,Q1,Q1,Q1,1,1,1,1,Q1,1,1,1,1,Q1,1,1,1,1,1
https://openalex.org/W2077431829,01672738,Q1,,1,1,Q1,Q1,Q1,1,1,1,1,Q1,1,1,1,1,Q1,1,1,1,1,1
https://openalex.org/W2077437679,09598103,-,,5,5,Unranked,Unranked,Unranked,0,5,0,0,Unranked,0,5,0,0,Unranked,0,5,0,0,0
https://openalex.org/W2077450484,16182642,Q2,,1,1,Q1,Q1,Q2,0,2,1,1,Q1,1,1,1,1,Q1,1,1,1,1,0
https://openalex.org/W2077461872,00032670,Q1,,1,1,Q1,Q1,Q1,1,1,1,1,Q1,1,1,1,1,Q1,1,1,1,1,1
https://openalex.org/W2077462333,09478396,Q1,,1,1,Q1,Q1,Q1,1,1,1,1,Q1,1,1,1,1,Q1,1,1,1,1,1
https://openalex.org/W2077488320,01633864,Q1,,1,1,Q1,Q1,Q1,1,1,1,1,Q1,1,1,1,1,Q1,1,1,1,1,1
https://openalex.org/W2077556411,00218995,Q1,,2,2,Q2,Q2,Q1,1,1,1,1,Q2,0,2,1,1,Q2,0,2,1,1,1
https://openalex.org/W2077584344,03667022,Q2,,2,2,Q2,Q2,Q2,0,2,1,1,Q2,0,2,1,1,Q2,0,2,1,1,0
https://openalex.org/W2077603076,02767333,Q1,,1,1,Q1,Q1,Q1,1,1,1,1,Q1,1,1,1,1,Q1,1,1,1,1,1
https://openalex.org/W2077685582,14668033,Q1,,1,1,Q1,Q1,Q1,1,1,1,1,Q1,1,1,1,1,Q1,1,1,1,1,1
https://openalex.org/W2077729521,00914037,Q4,,3,3,Q3,Q3,Q4,0,4,0,0,Q3,0,3,0,1,Q3,0,3,0,1,0
https://openalex.org/W2077739501,15237052,Q1,,1,1,Q1,Q1,Q1,1,1,1,1,Q1,1,1,1,1,Q1,1,1,1,1,1
https://openalex.org/W2077749534,09491775,Q2,,2,2,Q2,Q2,Q2,0,2,1,1,Q2,0,2,1,1,Q2,0,2,1,1,0
https://openalex.org/W2077751852,00032700,Q1,,1,1,Q1,Q1,Q1,1,1,1,1,Q1,1,1,1,1,Q1,1,1,1,1,1
https://openalex.org/W2077776437,02536269,Q3,,3,3,Q3,Q3,Q3,0,3,0,1,Q3,0,3,0,1,Q3,0,3,0,1,0
https://openalex.org/W2077781385,00218561,Q1,,1,1,Q1,Q1,Q1,1,1,1,1,Q1,1,1,1,1,Q1,1,1,1,1,1
https://openalex.org/W2077799365,02578972,Q1,,1,1,Q1,Q1,Q1,1,1,1,1,Q1,1,1,1,1,Q1,1,1,1,1,1
https://openalex.org/W2077823168,14382377,Q1,,1,1,Q1,Q1,Q1,1,1,1,1,Q1,1,1,1,1,Q1,1,1,1,1,1
https://openalex.org/W2077829113,00304018,Q1,,2,2,Q2,Q2,Q1,1,1,1,1,Q2,0,2,1,1,Q2,0,2,1,1,1
https://openalex.org/W2077848488,09254005,-,,5,5,Unranked,Unranked,Unranked,0,5,0,0,Unranked,0,5,0,0,Unranked,0,5,0,0,0
https://openalex.org/W2077856809,03783812,Q2,,2,2,Q2,Q2,Q2,0,2,1,1,Q2,0,2,1,1,Q2,0,2,1,1,0
https://openalex.org/W2077993563,09514198,Q1,,1,1,Q1,Q1,Q1,1,1,1,1,Q1,1,1,1,1,Q1,1,1,1,1,1
https://openalex.org/W2078029841,00218995,Q1,,2,2,Q2,Q2,Q1,1,1,1,1,Q2,0,2,1,1,Q2,0,2,1,1,1
https://openalex.org/W2078072365,00218561,Q1,,1,1,Q1,Q1,Q1,1,1,1,1,Q1,1,1,1,1,Q1,1,1,1,1,1
https://openalex.org/W2078086773,00090352,Q2,,2,2,Q2,Q2,Q2,0,2,1,1,Q2,0,2,1,1,Q2,0,2,1,1,0
https://openalex.org/W2078147472,03787753,Q1,,1,1,Q1,Q1,Q1,1,1,1,1,Q1,1,1,1,1,Q1,1,1,1,1,1
https://openalex.org/W2078167494,09277757,-,,5,5,Unranked,Unranked,Unranked,0,5,0,0,Unranked,0,5,0,0,Unranked,0,5,0,0,0
https://openalex.org/W2078171728,01694332,-,,5,5,Unranked,Unranked,Unranked,0,5,0,0,Unranked,0,5,0,0,Unranked,0,5,0,0,0
https://openalex.org/W2078180764,00219568,Q1,,1,1,Q1,Q1,Q1,1,1,1,1,Q1,1,1,1,1,Q1,1,1,1,1,1
https://openalex.org/W2078198808,15237052,Q1,,1,1,Q1,Q1,Q1,1,1,1,1,Q1,1,1,1,1,Q1,1,1,1,1,1
https://openalex.org/W2078223509,13886150,Q3,,3,3,Q3,Q3,Q3,0,3,0,1,Q3,0,3,0,1,Q3,0,3,0,1,0
https://openalex.org/W2078251349,09669795,Q1,,1,1,Q1,Q1,Q1,1,1,1,1,Q1,1,1,1,1,Q1,1,1,1,1,1
https://openalex.org/W2078290685,10895639,Q1,,1,1,Q1,Q1,Q1,1,1,1,1,Q1,1,1,1,1,Q1,1,1,1,1,1
https://openalex.org/W2078297861,09253467,-,,5,5,Unranked,Unranked,Unranked,0,5,0,0,Unranked,0,5,0,0,Unranked,0,5,0,0,0
https://openalex.org/W2078307711,00399140,Q1,,1,1,Q1,Q1,Q1,1,1,1,1,Q1,1,1,1,1,Q1,1,1,1,1,1
https://openalex.org/W2078360154,09277757,-,,5,5,Unranked,Unranked,Unranked,0,5,0,0,Unranked,0,5,0,0,Unranked,0,5,0,0,0
https://openalex.org/W2078375571,13861425,Q2,,2,2,Q2,Q2,Q2,0,2,1,1,Q2,0,2,1,1,Q2,0,2,1,1,0
https://openalex.org/W2078406406,00027863,Q1,,1,1,Q1,Q1,Q1,1,1,1,1,Q1,1,1,1,1,Q1,1,1,1,1,1
https://openalex.org/W2078474410,15227235,Q2,,2,2,Q2,Q2,Q2,0,2,1,1,Q2,0,2,1,1,Q2,0,2,1,1,0
https://openalex.org/W2078477332,00219673,Q1,,1,1,Q1,Q1,Q1,1,1,1,1,Q1,1,1,1,1,Q1,1,1,1,1,1
https://openalex.org/W2078489547,00220248,Q1,,2,2,Q2,Q2,Q1,1,1,1,1,Q2,0,2,1,1,Q2,0,2,1,1,1
https://openalex.org/W2078499966,00323888,Q1,,2,2,Q2,Q2,Q1,1,1,1,1,Q2,0,2,1,1,Q2,0,2,1,1,1
https://openalex.org/W2078518526,00220248,Q1,,2,2,Q2,Q2,Q1,1,1,1,1,Q2,0,2,1,1,Q2,0,2,1,1,1
https://openalex.org/W2078524420,13886150,Q3,,3,3,Q3,Q3,Q3,0,3,0,1,Q3,0,3,0,1,Q3,0,3,0,1,0
https://openalex.org/W2078529394,09277757,-,,5,5,Unranked,Unranked,Unranked,0,5,0,0,Unranked,0,5,0,0,Unranked,0,5,0,0,0
https://openalex.org/W2078548639,00119164,Q1,,1,1,Q1,Q1,Q1,1,1,1,1,Q1,1,1,1,1,Q1,1,1,1,1,1
https://openalex.org/W2078641830,00959782,Q2,,3,3,Q3,Q3,Q2,0,2,1,1,Q3,0,3,0,1,Q3,0,3,0,1,0
https://openalex.org/W2078669099,15306984,Q1,,1,1,Q1,Q1,Q1,1,1,1,1,Q1,1,1,1,1,Q1,1,1,1,1,1
https://openalex.org/W2078674656,00032700,Q1,,1,1,Q1,Q1,Q1,1,1,1,1,Q1,1,1,1,1,Q1,1,1,1,1,1
https://openalex.org/W2078693538,02365731,Q3,,3,3,Q3,Q3,Q3,0,3,0,1,Q3,0,3,0,1,Q3,0,3,0,1,0
https://openalex.org/W2078742170,00958972,Q3,,3,3,Q3,Q3,Q3,0,3,0,1,Q3,0,3,0,1,Q3,0,3,0,1,0
https://openalex.org/W2078757955,08974756,Q1,,1,1,Q1,Q1,Q1,1,1,1,1,Q1,1,1,1,1,Q1,1,1,1,1,1
https://openalex.org/W2078760303,00119164,Q1,,1,1,Q1,Q1,Q1,1,1,1,1,Q1,1,1,1,1,Q1,1,1,1,1,1
https://openalex.org/W2078776459,00218561,Q1,,1,1,Q1,Q1,Q1,1,1,1,1,Q1,1,1,1,1,Q1,1,1,1,1,1
https://openalex.org/W2078783290,09599428,Q1,,1,1,Q1,Q1,Q1,1,1,1,1,Q1,1,1,1,1,Q1,1,1,1,1,1
https://openalex.org/W2078783534,00162361,Q1,,1,1,Q1,Q1,Q1,1,1,1,1,Q1,1,1,1,1,Q1,1,1,1,1,1
https://openalex.org/W2078791604,00220248,Q1,,2,2,Q2,Q2,Q1,1,1,1,1,Q2,0,2,1,1,Q2,0,2,1,1,1
https://openalex.org/W2078818438,00027863,Q1,,1,1,Q1,Q1,Q1,1,1,1,1,Q1,1,1,1,1,Q1,1,1,1,1,1
https://openalex.org/W2078827871,09254005,-,,5,5,Unranked,Unranked,Unranked,0,5,0,0,Unranked,0,5,0,0,Unranked,0,5,0,0,0
https://openalex.org/W2078865797,08926875,Q2,,1,1,Q1,Q1,Q2,0,2,1,1,Q1,1,1,1,1,Q1,1,1,1,1,0
https://openalex.org/W2078866218,10619348,Q4,,4,4,Q4,Q4,Q4,0,4,0,0,Q4,0,4,0,0,Q4,0,4,0,0,0
https://openalex.org/W2078877180,00223263,Q1,,1,1,Q1,Q1,Q1,1,1,1,1,Q1,1,1,1,1,Q1,1,1,1,1,1
https://openalex.org/W2078901646,01694332,-,,5,5,Unranked,Unranked,Unranked,0,5,0,0,Unranked,0,5,0,0,Unranked,0,5,0,0,0
https://openalex.org/W2078903049,09660844,-,,5,5,Unranked,Unranked,Unranked,0,5,0,0,Unranked,0,5,0,0,Unranked,0,5,0,0,0
https://openalex.org/W2078921875,07491581,Q2,,2,2,Q2,Q2,Q2,0,2,1,1,Q2,0,2,1,1,Q2,0,2,1,1,0
https://openalex.org/W2078987452,00219568,Q1,,1,1,Q1,Q1,Q1,1,1,1,1,Q1,1,1,1,1,Q1,1,1,1,1,1
https://openalex.org/W2078988414,01633864,Q1,,1,1,Q1,Q1,Q1,1,1,1,1,Q1,1,1,1,1,Q1,1,1,1,1,1
https://openalex.org/W2078992156,00095893,Q2,,2,2,Q2,Q2,Q2,0,2,1,1,Q2,0,2,1,1,Q2,0,2,1,1,0
https://openalex.org/W2078994698,01448617,Q2,,1,1,Q1,Q1,Q2,0,2,1,1,Q1,1,1,1,1,Q1,1,1,1,1,0
https://openalex.org/W2079011362,00218561,Q1,,1,1,Q1,Q1,Q1,1,1,1,1,Q1,1,1,1,1,Q1,1,1,1,1,1
https://openalex.org/W2079016765,03088146,Q1,,1,1,Q1,Q1,Q1,1,1,1,1,Q1,1,1,1,1,Q1,1,1,1,1,1
https://openalex.org/W2079019094,00032700,Q1,,1,1,Q1,Q1,Q1,1,1,1,1,Q1,1,1,1,1,Q1,1,1,1,1,1
https://openalex.org/W2079045506,00218561,Q1,,1,1,Q1,Q1,Q1,1,1,1,1,Q1,1,1,1,1,Q1,1,1,1,1,1
https://openalex.org/W2079073782,15237052,Q1,,1,1,Q1,Q1,Q1,1,1,1,1,Q1,1,1,1,1,Q1,1,1,1,1,1
https://openalex.org/W2079073793,01652370,Q1,,1,1,Q1,Q1,Q1,1,1,1,1,Q1,1,1,1,1,Q1,1,1,1,1,1
https://openalex.org/W2079131824,03787753,Q1,,1,1,Q1,Q1,Q1,1,1,1,1,Q1,1,1,1,1,Q1,1,1,1,1,1
https://openalex.org/W2079133436,10431802,Q1,,1,1,Q1,Q1,Q1,1,1,1,1,Q1,1,1,1,1,Q1,1,1,1,1,1
https://openalex.org/W2079250028,00032670,Q1,,1,1,Q1,Q1,Q1,1,1,1,1,Q1,1,1,1,1,Q1,1,1,1,1,1
https://openalex.org/W2079254561,00399140,Q1,,1,1,Q1,Q1,Q1,1,1,1,1,Q1,1,1,1,1,Q1,1,1,1,1,1
https://openalex.org/W2079264067,02552701,Q2,,1,1,Q1,Q1,Q2,0,2,1,1,Q1,1,1,1,1,Q1,1,1,1,1,0
https://openalex.org/W2079291529,13815148,Q1,,1,1,Q1,Q1,Q1,1,1,1,1,Q1,1,1,1,1,Q1,1,1,1,1,1
https://openalex.org/W2079293571,00095893,Q2,,2,2,Q2,Q2,Q2,0,2,1,1,Q2,0,2,1,1,Q2,0,2,1,1,0
https://openalex.org/W2079364748,00218995,Q1,,2,2,Q2,Q2,Q1,1,1,1,1,Q2,0,2,1,1,Q2,0,2,1,1,1
https://openalex.org/W2079379359,00032670,Q1,,1,1,Q1,Q1,Q1,1,1,1,1,Q1,1,1,1,1,Q1,1,1,1,1,1
https://openalex.org/W2079410769,00406031,Q3,,2,2,Q2,Q2,Q3,0,3,0,1,Q2,0,2,1,1,Q2,0,2,1,1,0
https://openalex.org/W2079447601,00201685,Q3,,3,3,Q3,Q3,Q3,0,3,0,1,Q3,0,3,0,1,Q3,0,3,0,1,0
https://openalex.org/W2079469059,00027863,Q1,,1,1,Q1,Q1,Q1,1,1,1,1,Q1,1,1,1,1,Q1,1,1,1,1,1
https://openalex.org/W2079473709,00404039,Q1,,2,2,Q2,Q2,Q1,1,1,1,1,Q2,0,2,1,1,Q2,0,2,1,1,1
https://openalex.org/W2079479432,00220248,Q1,,2,2,Q2,Q2,Q1,1,1,1,1,Q2,0,2,1,1,Q2,0,2,1,1,1
https://openalex.org/W2079493868,00220248,Q1,,2,2,Q2,Q2,Q1,1,1,1,1,Q2,0,2,1,1,Q2,0,2,1,1,1
https://openalex.org/W2079498589,09254005,-,,5,5,Unranked,Unranked,Unranked,0,5,0,0,Unranked,0,5,0,0,Unranked,0,5,0,0,0
https://openalex.org/W2079513546,00223263,Q1,,1,1,Q1,Q1,Q1,1,1,1,1,Q1,1,1,1,1,Q1,1,1,1,1,1
https://openalex.org/W2079518696,10916466,Q2,,3,3,Q3,Q3,Q2,0,2,1,1,Q3,0,3,0,1,Q3,0,3,0,1,0
https://openalex.org/W2079540204,09598103,-,,5,5,Unranked,Unranked,Unranked,0,5,0,0,Unranked,0,5,0,0,Unranked,0,5,0,0,0
https://openalex.org/W2079548803,10221352,Q1,,2,2,Q2,Q2,Q1,1,1,1,1,Q2,0,2,1,1,Q2,0,2,1,1,1
https://openalex.org/W2079691966,02693879,Q3,,2,2,Q2,Q2,Q3,0,3,0,1,Q2,0,2,1,1,Q2,0,2,1,1,0
https://openalex.org/W2079711351,08885885,Q1,,1,1,Q1,Q1,Q1,1,1,1,1,Q1,1,1,1,1,Q1,1,1,1,1,1
https://openalex.org/W2079712012,00219568,Q1,,1,1,Q1,Q1,Q1,1,1,1,1,Q1,1,1,1,1,Q1,1,1,1,1,1
https://openalex.org/W2079712358,00094536,Q3,,3,3,Q3,Q3,Q3,0,3,0,1,Q3,0,3,0,1,Q3,0,3,0,1,0
https://openalex.org/W2079727806,00334545,Q2,,1,1,Q1,Q1,Q2,0,2,1,1,Q1,1,1,1,1,Q1,1,1,1,1,0
https://openalex.org/W2079733085,00397911,Q3,,3,3,Q3,Q3,Q3,0,3,0,1,Q3,0,3,0,1,Q3,0,3,0,1,0
https://openalex.org/W2079738594,15306984,Q1,,1,1,Q1,Q1,Q1,1,1,1,1,Q1,1,1,1,1,Q1,1,1,1,1,1
https://openalex.org/W2079750844,00219673,Q1,,1,1,Q1,Q1,Q1,1,1,1,1,Q1,1,1,1,1,Q1,1,1,1,1,1
https://openalex.org/W2079785530,00032670,Q1,,1,1,Q1,Q1,Q1,1,1,1,1,Q1,1,1,1,1,Q1,1,1,1,1,1
https://openalex.org/W2079792383,13886150,Q3,,3,3,Q3,Q3,Q3,0,3,0,1,Q3,0,3,0,1,Q3,0,3,0,1,0
https://openalex.org/W2079808404,03787753,Q1,,1,1,Q1,Q1,Q1,1,1,1,1,Q1,1,1,1,1,Q1,1,1,1,1,1
https://openalex.org/W2079838551,00220248,Q1,,2,2,Q2,Q2,Q1,1,1,1,1,Q2,0,2,1,1,Q2,0,2,1,1,1
https://openalex.org/W2079874307,10704272,Q4,,4,4,Q4,Q4,Q4,0,4,0,0,Q4,0,4,0,0,Q4,0,4,0,0,0
https://openalex.org/W2079878414,00086223,Q1,,1,1,Q1,Q1,Q1,1,1,1,1,Q1,1,1,1,1,Q1,1,1,1,1,1
https://openalex.org/W2079891503,00220248,Q1,,2,2,Q2,Q2,Q1,1,1,1,1,Q2,0,2,1,1,Q2,0,2,1,1,1
https://openalex.org/W2079914407,00219673,Q1,,1,1,Q1,Q1,Q1,1,1,1,1,Q1,1,1,1,1,Q1,1,1,1,1,1
https://openalex.org/W2079918785,14730189,Q1,,1,1,Q1,Q1,Q1,1,1,1,1,Q1,1,1,1,1,Q1,1,1,1,1,1
https://openalex.org/W2079944535,14779226,Q1,,1,1,Q1,Q1,Q1,1,1,1,1,Q1,1,1,1,1,Q1,1,1,1,1,1
https://openalex.org/W2079969858,00119164,Q1,,1,1,Q1,Q1,Q1,1,1,1,1,Q1,1,1,1,1,Q1,1,1,1,1,1
https://openalex.org/W2079995644,00404020,Q1,,1,1,Q1,Q1,Q1,1,1,1,1,Q1,1,1,1,1,Q1,1,1,1,1,1
https://openalex.org/W2080010557,00218561,Q1,,1,1,Q1,Q1,Q1,1,1,1,1,Q1,1,1,1,1,Q1,1,1,1,1,1
https://openalex.org/W2080014870,00027863,Q1,,1,1,Q1,Q1,Q1,1,1,1,1,Q1,1,1,1,1,Q1,1,1,1,1,1
https://openalex.org/W2080075646,00027863,Q1,,1,1,Q1,Q1,Q1,1,1,1,1,Q1,1,1,1,1,Q1,1,1,1,1,1
https://openalex.org/W2080084300,01448617,Q2,,1,1,Q1,Q1,Q2,0,2,1,1,Q1,1,1,1,1,Q1,1,1,1,1,0
https://openalex.org/W2080090628,13597345,Q1,,1,1,Q1,Q1,Q1,1,1,1,1,Q1,1,1,1,1,Q1,1,1,1,1,1
https://openalex.org/W2080110000,10663622,Q4,,4,4,Q4,Q4,Q4,0,4,0,0,Q4,0,4,0,0,Q4,0,4,0,0,0
https://openalex.org/W2080124723,01694332,-,,5,5,Unranked,Unranked,Unranked,0,5,0,0,Unranked,0,5,0,0,Unranked,0,5,0,0,0
https://openalex.org/W2080159015,03088146,Q1,,1,1,Q1,Q1,Q1,1,1,1,1,Q1,1,1,1,1,Q1,1,1,1,1,1
https://openalex.org/W2080225537,03067319,Q3,,3,3,Q3,Q3,Q3,0,3,0,1,Q3,0,3,0,1,Q3,0,3,0,1,0
https://openalex.org/W2080266683,13504177,-,,5,5,Unranked,Unranked,Unranked,0,5,0,0,Unranked,0,5,0,0,Unranked,0,5,0,0,0
https://openalex.org/W2080400119,13861425,Q2,,2,2,Q2,Q2,Q2,0,2,1,1,Q2,0,2,1,1,Q2,0,2,1,1,0
https://openalex.org/W2080429111,13408054,Q4,,3,3,Q3,Q3,Q4,0,4,0,0,Q3,0,3,0,1,Q3,0,3,0,1,0
https://openalex.org/W2080437696,03088146,Q1,,1,1,Q1,Q1,Q1,1,1,1,1,Q1,1,1,1,1,Q1,1,1,1,1,1
https://openalex.org/W2080491009,03787753,Q1,,1,1,Q1,Q1,Q1,1,1,1,1,Q1,1,1,1,1,Q1,1,1,1,1,1
https://openalex.org/W2080494212,14394235,Q1,,1,1,Q1,Q1,Q1,1,1,1,1,Q1,1,1,1,1,Q1,1,1,1,1,1
https://openalex.org/W2080519630,03682048,Q2,,2,2,Q2,Q2,Q2,0,2,1,1,Q2,0,2,1,1,Q2,0,2,1,1,0
https://openalex.org/W2080530504,02682605,Q2,,2,2,Q2,Q2,Q2,0,2,1,1,Q2,0,2,1,1,Q2,0,2,1,1,0
https://openalex.org/W2080565050,08825734,Q2,,2,2,Q2,Q2,Q2,0,2,1,1,Q2,0,2,1,1,Q2,0,2,1,1,0
https://openalex.org/W2080583172,02578972,Q1,,1,1,Q1,Q1,Q1,1,1,1,1,Q1,1,1,1,1,Q1,1,1,1,1,1
https://openalex.org/W2080596905,15237052,Q1,,1,1,Q1,Q1,Q1,1,1,1,1,Q1,1,1,1,1,Q1,1,1,1,1,1
https://openalex.org/W2080597107,10895639,Q1,,1,1,Q1,Q1,Q1,1,1,1,1,Q1,1,1,1,1,Q1,1,1,1,1,1
https://openalex.org/W2080686922,10973958,Q3,,3,3,Q3,Q3,Q3,0,3,0,1,Q3,0,3,0,1,Q3,0,3,0,1,0
https://openalex.org/W2080687572,03043843,Q3,,4,4,Q4,Q4,Q3,0,3,0,1,Q4,0,4,0,0,Q4,0,4,0,0,0
https://openalex.org/W2080690846,03767388,Q1,,1,1,Q1,Q1,Q1,1,1,1,1,Q1,1,1,1,1,Q1,1,1,1,1,1
https://openalex.org/W2080739458,00134686,Q1,,1,1,Q1,Q1,Q1,1,1,1,1,Q1,1,1,1,1,Q1,1,1,1,1,1
https://openalex.org/W2080742497,00162361,Q1,,1,1,Q1,Q1,Q1,1,1,1,1,Q1,1,1,1,1,Q1,1,1,1,1,1
https://openalex.org/W2080756222,13861425,Q2,,2,2,Q2,Q2,Q2,0,2,1,1,Q2,0,2,1,1,Q2,0,2,1,1,0
https://openalex.org/W2080776527,08825734,Q2,,2,2,Q2,Q2,Q2,0,2,1,1,Q2,0,2,1,1,Q2,0,2,1,1,0
https://openalex.org/W2080816730,09259635,Q1,,1,1,Q1,Q1,Q1,1,1,1,1,Q1,1,1,1,1,Q1,1,1,1,1,1
https://openalex.org/W2080856830,00027863,Q1,,1,1,Q1,Q1,Q1,1,1,1,1,Q1,1,1,1,1,Q1,1,1,1,1,1
https://openalex.org/W2080903172,02578972,Q1,,1,1,Q1,Q1,Q1,1,1,1,1,Q1,1,1,1,1,Q1,1,1,1,1,1
https://openalex.org/W2080915357,09478396,Q1,,1,1,Q1,Q1,Q1,1,1,1,1,Q1,1,1,1,1,Q1,1,1,1,1,1
https://openalex.org/W2080925510,00201669,Q1,,1,1,Q1,Q1,Q1,1,1,1,1,Q1,1,1,1,1,Q1,1,1,1,1,1
https://openalex.org/W2080945138,09254005,-,,5,5,Unranked,Unranked,Unranked,0,5,0,0,Unranked,0,5,0,0,Unranked,0,5,0,0,0
https://openalex.org/W2080960626,0010938X,Q1,,1,1,Q1,Q1,Q1,1,1,1,1,Q1,1,1,1,1,Q1,1,1,1,1,1
https://openalex.org/W2080999294,15237052,Q1,,1,1,Q1,Q1,Q1,1,1,1,1,Q1,1,1,1,1,Q1,1,1,1,1,1
https://openalex.org/W2081001799,00218561,Q1,,1,1,Q1,Q1,Q1,1,1,1,1,Q1,1,1,1,1,Q1,1,1,1,1,1
https://openalex.org/W2081030659,1011372X,Q1,,1,1,Q1,Q1,Q1,1,1,1,1,Q1,1,1,1,1,Q1,1,1,1,1,1
https://openalex.org/W2081048491,09254005,-,,5,5,Unranked,Unranked,Unranked,0,5,0,0,Unranked,0,5,0,0,Unranked,0,5,0,0,0
https://openalex.org/W2081062999,00162361,Q1,,1,1,Q1,Q1,Q1,1,1,1,1,Q1,1,1,1,1,Q1,1,1,1,1,1
https://openalex.org/W2081141613,10225528,Q1,,1,1,Q1,Q1,Q1,1,1,1,1,Q1,1,1,1,1,Q1,1,1,1,1,1
https://openalex.org/W2081202279,09478396,Q1,,1,1,Q1,Q1,Q1,1,1,1,1,Q1,1,1,1,1,Q1,1,1,1,1,1
https://openalex.org/W2081202396,00218995,Q1,,2,2,Q2,Q2,Q1,1,1,1,1,Q2,0,2,1,1,Q2,0,2,1,1,1
https://openalex.org/W2081207973,01633864,Q1,,1,1,Q1,Q1,Q1,1,1,1,1,Q1,1,1,1,1,Q1,1,1,1,1,1
https://openalex.org/W2081210927,00219568,Q1,,1,1,Q1,Q1,Q1,1,1,1,1,Q1,1,1,1,1,Q1,1,1,1,1,1
https://openalex.org/W2081244235,02767333,Q1,,1,1,Q1,Q1,Q1,1,1,1,1,Q1,1,1,1,1,Q1,1,1,1,1,1
https://openalex.org/W2081283494,00218995,Q1,,2,2,Q2,Q2,Q1,1,1,1,1,Q2,0,2,1,1,Q2,0,2,1,1,1
https://openalex.org/W2081299553,0010938X,Q1,,1,1,Q1,Q1,Q1,1,1,1,1,Q1,1,1,1,1,Q1,1,1,1,1,1
https://openalex.org/W2081344767,15700232,Q2,,1,1,Q1,Q1,Q2,0,2,1,1,Q1,1,1,1,1,Q1,1,1,1,1,0
https://openalex.org/W2081396625,13880764,Q1,,1,1,Q1,Q1,Q1,1,1,1,1,Q1,1,1,1,1,Q1,1,1,1,1,1
https://openalex.org/W2081397529,15700232,Q2,,1,1,Q1,Q1,Q2,0,2,1,1,Q1,1,1,1,1,Q1,1,1,1,1,0
https://openalex.org/W2081406338,15237052,Q1,,1,1,Q1,Q1,Q1,1,1,1,1,Q1,1,1,1,1,Q1,1,1,1,1,1
https://openalex.org/W2081419513,09598103,-,,5,5,Unranked,Unranked,Unranked,0,5,0,0,Unranked,0,5,0,0,Unranked,0,5,0,0,0
https://openalex.org/W2081423516,02365731,Q3,,3,3,Q3,Q3,Q3,0,3,0,1,Q3,0,3,0,1,Q3,0,3,0,1,0
https://openalex.org/W2081427246,00224766,Q4,,4,4,Q4,Q4,Q4,0,4,0,0,Q4,0,4,0,0,Q4,0,4,0,0,0
https://openalex.org/W2081481647,03787753,Q1,,1,1,Q1,Q1,Q1,1,1,1,1,Q1,1,1,1,1,Q1,1,1,1,1,1
https://openalex.org/W2081499511,15306984,Q1,,1,1,Q1,Q1,Q1,1,1,1,1,Q1,1,1,1,1,Q1,1,1,1,1,1
https://openalex.org/W2081500723,15237052,Q1,,1,1,Q1,Q1,Q1,1,1,1,1,Q1,1,1,1,1,Q1,1,1,1,1,1
https://openalex.org/W2081574003,03787753,Q1,,1,1,Q1,Q1,Q1,1,1,1,1,Q1,1,1,1,1,Q1,1,1,1,1,1
https://openalex.org/W2081578038,10431802,Q1,,1,1,Q1,Q1,Q1,1,1,1,1,Q1,1,1,1,1,Q1,1,1,1,1,1
https://openalex.org/W2081605592,09254005,-,,5,5,Unranked,Unranked,Unranked,0,5,0,0,Unranked,0,5,0,0,Unranked,0,5,0,0,0
https://openalex.org/W2081613332,14394227,Q1,,1,1,Q1,Q1,Q1,1,1,1,1,Q1,1,1,1,1,Q1,1,1,1,1,1
https://openalex.org/W2081641611,07437463,Q1,,1,1,Q1,Q1,Q1,1,1,1,1,Q1,1,1,1,1,Q1,1,1,1,1,1
https://openalex.org/W2081655363,14770520,Q1,,1,1,Q1,Q1,Q1,1,1,1,1,Q1,1,1,1,1,Q1,1,1,1,1,1
https://openalex.org/W2081656187,00222860,Q2,,3,3,Q3,Q3,Q2,0,2,1,1,Q3,0,3,0,1,Q3,0,3,0,1,0
https://openalex.org/W2081698514,00218561,Q1,,1,1,Q1,Q1,Q1,1,1,1,1,Q1,1,1,1,1,Q1,1,1,1,1,1
https://openalex.org/W2081743055,10400397,Q2,,2,2,Q2,Q2,Q2,0,2,1,1,Q2,0,2,1,1,Q2,0,2,1,1,0
https://openalex.org/W2081752738,14328488,Q2,,2,2,Q2,Q2,Q2,0,2,1,1,Q2,0,2,1,1,Q2,0,2,1,1,0
https://openalex.org/W2081766666,02578972,Q1,,1,1,Q1,Q1,Q1,1,1,1,1,Q1,1,1,1,1,Q1,1,1,1,1,1
https://openalex.org/W2081776302,0003021X,Q2,,2,2,Q2,Q2,Q2,0,2,1,1,Q2,0,2,1,1,Q2,0,2,1,1,0
https://openalex.org/W2081794420,00323861,Q1,,1,1,Q1,Q1,Q1,1,1,1,1,Q1,1,1,1,1,Q1,1,1,1,1,1
https://openalex.org/W2081796056,01633864,Q1,,1,1,Q1,Q1,Q1,1,1,1,1,Q1,1,1,1,1,Q1,1,1,1,1,1
https://openalex.org/W2081808910,07437463,Q1,,1,1,Q1,Q1,Q1,1,1,1,1,Q1,1,1,1,1,Q1,1,1,1,1,1
https://openalex.org/W2081818426,13871811,Q1,,1,1,Q1,Q1,Q1,1,1,1,1,Q1,1,1,1,1,Q1,1,1,1,1,1
https://openalex.org/W2081818810,15237052,Q1,,1,1,Q1,Q1,Q1,1,1,1,1,Q1,1,1,1,1,Q1,1,1,1,1,1
https://openalex.org/W2081835104,15237052,Q1,,1,1,Q1,Q1,Q1,1,1,1,1,Q1,1,1,1,1,Q1,1,1,1,1,1
https://openalex.org/W2081867007,00119164,Q1,,1,1,Q1,Q1,Q1,1,1,1,1,Q1,1,1,1,1,Q1,1,1,1,1,1
https://openalex.org/W2081875486,13886150,Q3,,3,3,Q3,Q3,Q3,0,3,0,1,Q3,0,3,0,1,Q3,0,3,0,1,0
https://openalex.org/W2081882767,00219568,Q1,,1,1,Q1,Q1,Q1,1,1,1,1,Q1,1,1,1,1,Q1,1,1,1,1,1
https://openalex.org/W2081891043,00032700,Q1,,1,1,Q1,Q1,Q1,1,1,1,1,Q1,1,1,1,1,Q1,1,1,1,1,1
https://openalex.org/W2081916162,00404039,Q1,,2,2,Q2,Q2,Q1,1,1,1,1,Q2,0,2,1,1,Q2,0,2,1,1,1
https://openalex.org/W2081920113,09478396,Q1,,1,1,Q1,Q1,Q1,1,1,1,1,Q1,1,1,1,1,Q1,1,1,1,1,1
https://openalex.org/W2081929974,00032700,Q1,,1,1,Q1,Q1,Q1,1,1,1,1,Q1,1,1,1,1,Q1,1,1,1,1,1
https://openalex.org/W2081946536,00218561,Q1,,1,1,Q1,Q1,Q1,1,1,1,1,Q1,1,1,1,1,Q1,1,1,1,1,1
https://openalex.org/W2081959122,00456535,Q1,,1,1,Q1,Q1,Q1,1,1,1,1,Q1,1,1,1,1,Q1,1,1,1,1,1
https://openalex.org/W2081965440,00027863,Q1,,1,1,Q1,Q1,Q1,1,1,1,1,Q1,1,1,1,1,Q1,1,1,1,1,1
https://openalex.org/W2081979069,00224073,Q2,,2,2,Q2,Q2,Q2,0,2,1,1,Q2,0,2,1,1,Q2,0,2,1,1,0
https://openalex.org/W2082043196,09254005,-,,5,5,Unranked,Unranked,Unranked,0,5,0,0,Unranked,0,5,0,0,Unranked,0,5,0,0,0
https://openalex.org/W2082052549,13886150,Q3,,3,3,Q3,Q3,Q3,0,3,0,1,Q3,0,3,0,1,Q3,0,3,0,1,0
https://openalex.org/W2082055928,00134651,Q1,,1,1,Q1,Q1,Q1,1,1,1,1,Q1,1,1,1,1,Q1,1,1,1,1,1
https://openalex.org/W2082066982,00218995,Q1,,2,2,Q2,Q2,Q1,1,1,1,1,Q2,0,2,1,1,Q2,0,2,1,1,1
https://openalex.org/W2082067569,01730835,Q1,,1,1,Q1,Q1,Q1,1,1,1,1,Q1,1,1,1,1,Q1,1,1,1,1,1
https://openalex.org/W2082080728,01422421,Q2,,2,2,Q2,Q2,Q2,0,2,1,1,Q2,0,2,1,1,Q2,0,2,1,1,0
https://openalex.org/W2082114529,09254005,-,,5,5,Unranked,Unranked,Unranked,0,5,0,0,Unranked,0,5,0,0,Unranked,0,5,0,0,0
https://openalex.org/W2082137993,09478396,Q1,,1,1,Q1,Q1,Q1,1,1,1,1,Q1,1,1,1,1,Q1,1,1,1,1,1
https://openalex.org/W2082177754,00218561,Q1,,1,1,Q1,Q1,Q1,1,1,1,1,Q1,1,1,1,1,Q1,1,1,1,1,1
https://openalex.org/W2082228585,00201669,Q1,,1,1,Q1,Q1,Q1,1,1,1,1,Q1,1,1,1,1,Q1,1,1,1,1,1
https://openalex.org/W2082233235,15700232,Q2,,1,1,Q1,Q1,Q2,0,2,1,1,Q1,1,1,1,1,Q1,1,1,1,1,0
https://openalex.org/W2082254439,00086223,Q1,,1,1,Q1,Q1,Q1,1,1,1,1,Q1,1,1,1,1,Q1,1,1,1,1,1
https://openalex.org/W2082294038,13886150,Q3,,3,3,Q3,Q3,Q3,0,3,0,1,Q3,0,3,0,1,Q3,0,3,0,1,0
https://openalex.org/W2082294461,15237052,Q1,,1,1,Q1,Q1,Q1,1,1,1,1,Q1,1,1,1,1,Q1,1,1,1,1,1
https://openalex.org/W2082295467,00219673,Q1,,1,1,Q1,Q1,Q1,1,1,1,1,Q1,1,1,1,1,Q1,1,1,1,1,1
https://openalex.org/W2082300670,15700232,Q2,,1,1,Q1,Q1,Q2,0,2,1,1,Q1,1,1,1,1,Q1,1,1,1,1,0
https://openalex.org/W2082317240,00404020,Q1,,1,1,Q1,Q1,Q1,1,1,1,1,Q1,1,1,1,1,Q1,1,1,1,1,1
https://openalex.org/W2082332616,02578972,Q1,,1,1,Q1,Q1,Q1,1,1,1,1,Q1,1,1,1,1,Q1,1,1,1,1,1
https://openalex.org/W2082336785,16005368,Q3,,3,3,Q3,Q3,Q3,0,3,0,1,Q3,0,3,0,1,Q3,0,3,0,1,0
https://openalex.org/W2082346786,01730835,Q1,,1,1,Q1,Q1,Q1,1,1,1,1,Q1,1,1,1,1,Q1,1,1,1,1,1
https://openalex.org/W2082380613,15204766,-,,5,5,Unranked,Unranked,Unranked,0,5,0,0,Unranked,0,5,0,0,Unranked,0,5,0,0,0
https://openalex.org/W2082381296,01694332,-,,5,5,Unranked,Unranked,Unranked,0,5,0,0,Unranked,0,5,0,0,Unranked,0,5,0,0,0
https://openalex.org/W2082397509,0013936X,Q1,,1,1,Q1,Q1,Q1,1,1,1,1,Q1,1,1,1,1,Q1,1,1,1,1,1
https://openalex.org/W2082408326,00134686,Q1,,1,1,Q1,Q1,Q1,1,1,1,1,Q1,1,1,1,1,Q1,1,1,1,1,1
https://openalex.org/W2082441349,00134686,Q1,,1,1,Q1,Q1,Q1,1,1,1,1,Q1,1,1,1,1,Q1,1,1,1,1,1
https://openalex.org/W2082474197,02552701,Q2,,1,1,Q1,Q1,Q2,0,2,1,1,Q1,1,1,1,1,Q1,1,1,1,1,0
https://openalex.org/W2082489843,15675394,Q2,,2,2,Q2,Q2,Q2,0,2,1,1,Q2,0,2,1,1,Q2,0,2,1,1,0
https://openalex.org/W2082492607,00218995,Q1,,2,2,Q2,Q2,Q1,1,1,1,1,Q2,0,2,1,1,Q2,0,2,1,1,1
https://openalex.org/W2082503420,00218561,Q1,,1,1,Q1,Q1,Q1,1,1,1,1,Q1,1,1,1,1,Q1,1,1,1,1,1
https://openalex.org/W2082505555,01633864,Q1,,1,1,Q1,Q1,Q1,1,1,1,1,Q1,1,1,1,1,Q1,1,1,1,1,1
https://openalex.org/W2082524813,00221139,Q2,,2,2,Q2,Q2,Q2,0,2,1,1,Q2,0,2,1,1,Q2,0,2,1,1,0
https://openalex.org/W2082579827,00201669,Q1,,1,1,Q1,Q1,Q1,1,1,1,1,Q1,1,1,1,1,Q1,1,1,1,1,1
https://openalex.org/W2082660120,01694332,-,,5,5,Unranked,Unranked,Unranked,0,5,0,0,Unranked,0,5,0,0,Unranked,0,5,0,0,0
https://openalex.org/W2082669639,00027863,Q1,,1,1,Q1,Q1,Q1,1,1,1,1,Q1,1,1,1,1,Q1,1,1,1,1,1
https://openalex.org/W2082673623,00223263,Q1,,1,1,Q1,Q1,Q1,1,1,1,1,Q1,1,1,1,1,Q1,1,1,1,1,1
https://openalex.org/W2082685830,02365731,Q3,,3,3,Q3,Q3,Q3,0,3,0,1,Q3,0,3,0,1,Q3,0,3,0,1,0
https://openalex.org/W2082687430,00220248,Q1,,2,2,Q2,Q2,Q1,1,1,1,1,Q2,0,2,1,1,Q2,0,2,1,1,1
https://openalex.org/W2082693388,01694332,-,,5,5,Unranked,Unranked,Unranked,0,5,0,0,Unranked,0,5,0,0,Unranked,0,5,0,0,0
https://openalex.org/W2082710131,09478396,Q1,,1,1,Q1,Q1,Q1,1,1,1,1,Q1,1,1,1,1,Q1,1,1,1,1,1
https://openalex.org/W2082719355,10826076,Q3,,3,3,Q3,Q3,Q3,0,3,0,1,Q3,0,3,0,1,Q3,0,3,0,1,0
https://openalex.org/W2082819889,10400397,Q2,,2,2,Q2,Q2,Q2,0,2,1,1,Q2,0,2,1,1,Q2,0,2,1,1,0
https://openalex.org/W2082844584,07317085,Q2,,1,1,Q1,Q1,Q2,0,2,1,1,Q1,1,1,1,1,Q1,1,1,1,1,0
https://openalex.org/W2082864552,00219673,Q1,,1,1,Q1,Q1,Q1,1,1,1,1,Q1,1,1,1,1,Q1,1,1,1,1,1
https://openalex.org/W2082872368,00134686,Q1,,1,1,Q1,Q1,Q1,1,1,1,1,Q1,1,1,1,1,Q1,1,1,1,1,1
https://openalex.org/W2082872889,00399140,Q1,,1,1,Q1,Q1,Q1,1,1,1,1,Q1,1,1,1,1,Q1,1,1,1,1,1
https://openalex.org/W2082875837,13835866,Q1,,1,1,Q1,Q1,Q1,1,1,1,1,Q1,1,1,1,1,Q1,1,1,1,1,1
https://openalex.org/W2082900274,03783812,Q2,,2,2,Q2,Q2,Q2,0,2,1,1,Q2,0,2,1,1,Q2,0,2,1,1,0
https://openalex.org/W2082902668,03088146,Q1,,1,1,Q1,Q1,Q1,1,1,1,1,Q1,1,1,1,1,Q1,1,1,1,1,1
https://openalex.org/W2082904464,02693879,Q3,,2,2,Q2,Q2,Q3,0,3,0,1,Q2,0,2,1,1,Q2,0,2,1,1,0
https://openalex.org/W2082914571,00223263,Q1,,1,1,Q1,Q1,Q1,1,1,1,1,Q1,1,1,1,1,Q1,1,1,1,1,1
https://openalex.org/W2082945029,07317085,Q2,,1,1,Q1,Q1,Q2,0,2,1,1,Q1,1,1,1,1,Q1,1,1,1,1,0
https://openalex.org/W2082971709,15353893,Q1,,1,1,Q1,Q1,Q1,1,1,1,1,Q1,1,1,1,1,Q1,1,1,1,1,1
https://openalex.org/W2083006516,02682605,Q2,,2,2,Q2,Q2,Q2,0,2,1,1,Q2,0,2,1,1,Q2,0,2,1,1,0
https://openalex.org/W2083028707,08926875,Q2,,1,1,Q1,Q1,Q2,0,2,1,1,Q1,1,1,1,1,Q1,1,1,1,1,0
https://openalex.org/W2083037180,10990062,Q1,,1,1,Q1,Q1,Q1,1,1,1,1,Q1,1,1,1,1,Q1,1,1,1,1,1
https://openalex.org/W2083054364,10400400,Q3,,3,3,Q3,Q3,Q3,0,3,0,1,Q3,0,3,0,1,Q3,0,3,0,1,0
https://openalex.org/W2083072348,09205861,Q1,,1,1,Q1,Q1,Q1,1,1,1,1,Q1,1,1,1,1,Q1,1,1,1,1,1
https://openalex.org/W2083086133,02578972,Q1,,1,1,Q1,Q1,Q1,1,1,1,1,Q1,1,1,1,1,Q1,1,1,1,1,1
https://openalex.org/W2083100797,10916466,Q2,,3,3,Q3,Q3,Q2,0,2,1,1,Q3,0,3,0,1,Q3,0,3,0,1,0
https://openalex.org/W2083149233,00404020,Q1,,1,1,Q1,Q1,Q1,1,1,1,1,Q1,1,1,1,1,Q1,1,1,1,1,1
https://openalex.org/W2083160251,00219673,Q1,,1,1,Q1,Q1,Q1,1,1,1,1,Q1,1,1,1,1,Q1,1,1,1,1,1
https://openalex.org/W2083177325,00032670,Q1,,1,1,Q1,Q1,Q1,1,1,1,1,Q1,1,1,1,1,Q1,1,1,1,1,1
https://openalex.org/W2083179785,02679477,Q1,,1,1,Q1,Q1,Q1,1,1,1,1,Q1,1,1,1,1,Q1,1,1,1,1,1
https://openalex.org/W2083212657,15726657,Q1,,2,2,Q2,Q2,Q1,1,1,1,1,Q2,0,2,1,1,Q2,0,2,1,1,1
https://openalex.org/W2083244549,00304018,Q1,,2,2,Q2,Q2,Q1,1,1,1,1,Q2,0,2,1,1,Q2,0,2,1,1,1
https://openalex.org/W2083253824,0013936X,Q1,,1,1,Q1,Q1,Q1,1,1,1,1,Q1,1,1,1,1,Q1,1,1,1,1,1
https://openalex.org/W2083292850,01677322,Q3,,2,2,Q2,Q2,Q3,0,3,0,1,Q2,0,2,1,1,Q2,0,2,1,1,0
https://openalex.org/W2083314534,09491775,Q2,,2,2,Q2,Q2,Q2,0,2,1,1,Q2,0,2,1,1,Q2,0,2,1,1,0
https://openalex.org/W2083331646,00218561,Q1,,1,1,Q1,Q1,Q1,1,1,1,1,Q1,1,1,1,1,Q1,1,1,1,1,1
https://openalex.org/W2083370103,02578972,Q1,,1,1,Q1,Q1,Q1,1,1,1,1,Q1,1,1,1,1,Q1,1,1,1,1,1
https://openalex.org/W2083376344,00032700,Q1,,1,1,Q1,Q1,Q1,1,1,1,1,Q1,1,1,1,1,Q1,1,1,1,1,1
https://openalex.org/W2083378276,10225528,Q1,,1,1,Q1,Q1,Q1,1,1,1,1,Q1,1,1,1,1,Q1,1,1,1,1,1
https://openalex.org/W2083381919,00218561,Q1,,1,1,Q1,Q1,Q1,1,1,1,1,Q1,1,1,1,1,Q1,1,1,1,1,1
https://openalex.org/W2083384595,13861425,Q2,,2,2,Q2,Q2,Q2,0,2,1,1,Q2,0,2,1,1,Q2,0,2,1,1,0
https://openalex.org/W2083428785,01652370,Q1,,1,1,Q1,Q1,Q1,1,1,1,1,Q1,1,1,1,1,Q1,1,1,1,1,1
https://openalex.org/W2083442438,09680896,Q2,,1,1,Q1,Q1,Q2,0,2,1,1,Q1,1,1,1,1,Q1,1,1,1,1,0
https://openalex.org/W2083449832,02365731,Q3,,3,3,Q3,Q3,Q3,0,3,0,1,Q3,0,3,0,1,Q3,0,3,0,1,0
https://openalex.org/W2083458178,0022328X,Q1,,2,2,Q2,Q2,Q1,1,1,1,1,Q2,0,2,1,1,Q2,0,2,1,1,1
https://openalex.org/W2083476641,07317085,Q2,,1,1,Q1,Q1,Q2,0,2,1,1,Q1,1,1,1,1,Q1,1,1,1,1,0
https://openalex.org/W2083477822,09680896,Q2,,1,1,Q1,Q1,Q2,0,2,1,1,Q1,1,1,1,1,Q1,1,1,1,1,0
https://openalex.org/W2083653766,00032670,Q1,,1,1,Q1,Q1,Q1,1,1,1,1,Q1,1,1,1,1,Q1,1,1,1,1,1
https://openalex.org/W2083671322,03009440,Q2,,2,2,Q2,Q2,Q2,0,2,1,1,Q2,0,2,1,1,Q2,0,2,1,1,0
https://openalex.org/W2083699080,01694332,-,,5,5,Unranked,Unranked,Unranked,0,5,0,0,Unranked,0,5,0,0,Unranked,0,5,0,0,0
https://openalex.org/W2083789669,09254005,-,,5,5,Unranked,Unranked,Unranked,0,5,0,0,Unranked,0,5,0,0,Unranked,0,5,0,0,0
https://openalex.org/W2083790493,00223263,Q1,,1,1,Q1,Q1,Q1,1,1,1,1,Q1,1,1,1,1,Q1,1,1,1,1,1
https://openalex.org/W2083814618,09253467,-,,5,5,Unranked,Unranked,Unranked,0,5,0,0,Unranked,0,5,0,0,Unranked,0,5,0,0,0
https://openalex.org/W2083818882,09254005,-,,5,5,Unranked,Unranked,Unranked,0,5,0,0,Unranked,0,5,0,0,Unranked,0,5,0,0,0
https://openalex.org/W2083829400,09254005,-,,5,5,Unranked,Unranked,Unranked,0,5,0,0,Unranked,0,5,0,0,Unranked,0,5,0,0,0
https://openalex.org/W2083830852,13858947,Q1,,1,1,Q1,Q1,Q1,1,1,1,1,Q1,1,1,1,1,Q1,1,1,1,1,1
https://openalex.org/W2083842864,00095893,Q2,,2,2,Q2,Q2,Q2,0,2,1,1,Q2,0,2,1,1,Q2,0,2,1,1,0
https://openalex.org/W2083862809,00027863,Q1,,1,1,Q1,Q1,Q1,1,1,1,1,Q1,1,1,1,1,Q1,1,1,1,1,1
https://openalex.org/W2083866695,00406031,Q3,,2,2,Q2,Q2,Q3,0,3,0,1,Q2,0,2,1,1,Q2,0,2,1,1,0
https://openalex.org/W2083881944,0036021X,Q2,,2,2,Q2,Q2,Q2,0,2,1,1,Q2,0,2,1,1,Q2,0,2,1,1,0
https://openalex.org/W2083884325,16182642,Q2,,1,1,Q1,Q1,Q2,0,2,1,1,Q1,1,1,1,1,Q1,1,1,1,1,0
https://openalex.org/W2083901230,09277765,Q2,,2,2,Q2,Q2,Q2,0,2,1,1,Q2,0,2,1,1,Q2,0,2,1,1,0
https://openalex.org/W2083923224,00094536,Q3,,3,3,Q3,Q3,Q3,0,3,0,1,Q3,0,3,0,1,Q3,0,3,0,1,0
https://openalex.org/W2083938204,00218995,Q1,,2,2,Q2,Q2,Q1,1,1,1,1,Q2,0,2,1,1,Q2,0,2,1,1,1
https://openalex.org/W2083938291,00219673,Q1,,1,1,Q1,Q1,Q1,1,1,1,1,Q1,1,1,1,1,Q1,1,1,1,1,1
https://openalex.org/W2083945870,00027863,Q1,,1,1,Q1,Q1,Q1,1,1,1,1,Q1,1,1,1,1,Q1,1,1,1,1,1
https://openalex.org/W2083952967,01697439,Q1,,2,2,Q2,Q2,Q1,1,1,1,1,Q2,0,2,1,1,Q2,0,2,1,1,1
https://openalex.org/W2083969157,02235234,Q2,,1,1,Q1,Q1,Q2,0,2,1,1,Q1,1,1,1,1,Q1,1,1,1,1,0
https://openalex.org/W2083979128,00304018,Q1,,2,2,Q2,Q2,Q1,1,1,1,1,Q2,0,2,1,1,Q2,0,2,1,1,1
https://openalex.org/W2084000440,00914037,Q4,,3,3,Q3,Q3,Q4,0,4,0,0,Q3,0,3,0,1,Q3,0,3,0,1,0
https://openalex.org/W2084010493,03787753,Q1,,1,1,Q1,Q1,Q1,1,1,1,1,Q1,1,1,1,1,Q1,1,1,1,1,1
https://openalex.org/W2084029568,01672738,Q1,,1,1,Q1,Q1,Q1,1,1,1,1,Q1,1,1,1,1,Q1,1,1,1,1,1
https://openalex.org/W2084034099,00397911,Q3,,3,3,Q3,Q3,Q3,0,3,0,1,Q3,0,3,0,1,Q3,0,3,0,1,0
https://openalex.org/W2084068214,01672738,Q1,,1,1,Q1,Q1,Q1,1,1,1,1,Q1,1,1,1,1,Q1,1,1,1,1,1
https://openalex.org/W2084069635,05848547,Q1,,1,1,Q1,Q1,Q1,1,1,1,1,Q1,1,1,1,1,Q1,1,1,1,1,1
https://openalex.org/W2084072688,03624803,Q3,,3,3,Q3,Q3,Q3,0,3,0,1,Q3,0,3,0,1,Q3,0,3,0,1,0
https://openalex.org/W2084083486,01694332,-,,5,5,Unranked,Unranked,Unranked,0,5,0,0,Unranked,0,5,0,0,Unranked,0,5,0,0,0
https://openalex.org/W2084090271,09149244,Q3,,3,3,Q3,Q3,Q3,0,3,0,1,Q3,0,3,0,1,Q3,0,3,0,1,0
https://openalex.org/W2084110757,13886150,Q3,,3,3,Q3,Q3,Q3,0,3,0,1,Q3,0,3,0,1,Q3,0,3,0,1,0
https://openalex.org/W2084144243,01730835,Q1,,1,1,Q1,Q1,Q1,1,1,1,1,Q1,1,1,1,1,Q1,1,1,1,1,1
https://openalex.org/W2084163882,00027863,Q1,,1,1,Q1,Q1,Q1,1,1,1,1,Q1,1,1,1,1,Q1,1,1,1,1,1
https://openalex.org/W2084168815,0303402X,Q2,,2,2,Q2,Q2,Q2,0,2,1,1,Q2,0,2,1,1,Q2,0,2,1,1,0
https://openalex.org/W2084183927,02693879,Q3,,2,2,Q2,Q2,Q3,0,3,0,1,Q2,0,2,1,1,Q2,0,2,1,1,0
https://openalex.org/W2084255105,10990690,Q1,,1,1,Q1,Q1,Q1,1,1,1,1,Q1,1,1,1,1,Q1,1,1,1,1,1
https://openalex.org/W2084300171,00222860,Q2,,3,3,Q3,Q3,Q2,0,2,1,1,Q3,0,3,0,1,Q3,0,3,0,1,0
https://openalex.org/W2084363032,02693879,Q3,,2,2,Q2,Q2,Q3,0,3,0,1,Q2,0,2,1,1,Q2,0,2,1,1,0
https://openalex.org/W2084367028,09307516,Q2,,2,2,Q2,Q2,Q2,0,2,1,1,Q2,0,2,1,1,Q2,0,2,1,1,0
https://openalex.org/W2084367324,15205207,Q1,,1,1,Q1,Q1,Q1,1,1,1,1,Q1,1,1,1,1,Q1,1,1,1,1,1
https://openalex.org/W2084376333,02693879,Q3,,2,2,Q2,Q2,Q3,0,3,0,1,Q2,0,2,1,1,Q2,0,2,1,1,0
https://openalex.org/W2084429285,13835866,Q1,,1,1,Q1,Q1,Q1,1,1,1,1,Q1,1,1,1,1,Q1,1,1,1,1,1
https://openalex.org/W2084475359,00014842,Q1,,1,1,Q1,Q1,Q1,1,1,1,1,Q1,1,1,1,1,Q1,1,1,1,1,1
https://openalex.org/W2084479549,09660844,-,,5,5,Unranked,Unranked,Unranked,0,5,0,0,Unranked,0,5,0,0,Unranked,0,5,0,0,0
https://openalex.org/W2084488800,03767388,Q1,,1,1,Q1,Q1,Q1,1,1,1,1,Q1,1,1,1,1,Q1,1,1,1,1,1
https://openalex.org/W2084506568,00027863,Q1,,1,1,Q1,Q1,Q1,1,1,1,1,Q1,1,1,1,1,Q1,1,1,1,1,1
https://openalex.org/W2084513206,00219568,Q1,,1,1,Q1,Q1,Q1,1,1,1,1,Q1,1,1,1,1,Q1,1,1,1,1,1
https://openalex.org/W2084516074,03787753,Q1,,1,1,Q1,Q1,Q1,1,1,1,1,Q1,1,1,1,1,Q1,1,1,1,1,1
https://openalex.org/W2084532468,00958972,Q3,,3,3,Q3,Q3,Q3,0,3,0,1,Q3,0,3,0,1,Q3,0,3,0,1,0
https://openalex.org/W2084574347,08885885,Q1,,1,1,Q1,Q1,Q1,1,1,1,1,Q1,1,1,1,1,Q1,1,1,1,1,1
https://openalex.org/W2084580177,00219568,Q1,,1,1,Q1,Q1,Q1,1,1,1,1,Q1,1,1,1,1,Q1,1,1,1,1,1
https://openalex.org/W2084596075,08825734,Q2,,2,2,Q2,Q2,Q2,0,2,1,1,Q2,0,2,1,1,Q2,0,2,1,1,0
https://openalex.org/W2084610616,03088146,Q1,,1,1,Q1,Q1,Q1,1,1,1,1,Q1,1,1,1,1,Q1,1,1,1,1,1
https://openalex.org/W2084613433,13590294,Q1,,1,1,Q1,Q1,Q1,1,1,1,1,Q1,1,1,1,1,Q1,1,1,1,1,1
https://openalex.org/W2084616740,0887624X,Q1,,1,1,Q1,Q1,Q1,1,1,1,1,Q1,1,1,1,1,Q1,1,1,1,1,1
https://openalex.org/W2084650843,15237052,Q1,,1,1,Q1,Q1,Q1,1,1,1,1,Q1,1,1,1,1,Q1,1,1,1,1,1
https://openalex.org/W2084661957,01672738,Q1,,1,1,Q1,Q1,Q1,1,1,1,1,Q1,1,1,1,1,Q1,1,1,1,1,1
https://openalex.org/W2084687061,09565663,Q1,,1,1,Q1,Q1,Q1,1,1,1,1,Q1,1,1,1,1,Q1,1,1,1,1,1
https://openalex.org/W2084687308,03787753,Q1,,1,1,Q1,Q1,Q1,1,1,1,1,Q1,1,1,1,1,Q1,1,1,1,1,1
https://openalex.org/W2084713391,00218561,Q1,,1,1,Q1,Q1,Q1,1,1,1,1,Q1,1,1,1,1,Q1,1,1,1,1,1
https://openalex.org/W2084731635,03667022,Q2,,2,2,Q2,Q2,Q2,0,2,1,1,Q2,0,2,1,1,Q2,0,2,1,1,0
https://openalex.org/W2084781810,08885885,Q1,,1,1,Q1,Q1,Q1,1,1,1,1,Q1,1,1,1,1,Q1,1,1,1,1,1
https://openalex.org/W2084841380,02578972,Q1,,1,1,Q1,Q1,Q1,1,1,1,1,Q1,1,1,1,1,Q1,1,1,1,1,1
https://openalex.org/W2084844989,10225528,Q1,,1,1,Q1,Q1,Q1,1,1,1,1,Q1,1,1,1,1,Q1,1,1,1,1,1
https://openalex.org/W2084865830,09259635,Q1,,1,1,Q1,Q1,Q1,1,1,1,1,Q1,1,1,1,1,Q1,1,1,1,1,1
https://openalex.org/W2084878781,02578972,Q1,,1,1,Q1,Q1,Q1,1,1,1,1,Q1,1,1,1,1,Q1,1,1,1,1,1
https://openalex.org/W2084901639,00032670,Q1,,1,1,Q1,Q1,Q1,1,1,1,1,Q1,1,1,1,1,Q1,1,1,1,1,1
https://openalex.org/W2084931245,01633864,Q1,,1,1,Q1,Q1,Q1,1,1,1,1,Q1,1,1,1,1,Q1,1,1,1,1,1
https://openalex.org/W2084953451,0003021X,Q2,,2,2,Q2,Q2,Q2,0,2,1,1,Q2,0,2,1,1,Q2,0,2,1,1,0
https://openalex.org/W2084956996,09242031,Q3,,3,3,Q3,Q3,Q3,0,3,0,1,Q3,0,3,0,1,Q3,0,3,0,1,0
https://openalex.org/W2084977762,02552701,Q2,,1,1,Q1,Q1,Q2,0,2,1,1,Q1,1,1,1,1,Q1,1,1,1,1,0
https://openalex.org/W2085065236,09253467,-,,5,5,Unranked,Unranked,Unranked,0,5,0,0,Unranked,0,5,0,0,Unranked,0,5,0,0,0
https://openalex.org/W2085079625,09565663,Q1,,1,1,Q1,Q1,Q1,1,1,1,1,Q1,1,1,1,1,Q1,1,1,1,1,1
https://openalex.org/W2085081277,00092665,Q1,,1,1,Q1,Q1,Q1,1,1,1,1,Q1,1,1,1,1,Q1,1,1,1,1,1
https://openalex.org/W2085094339,01694332,-,,5,5,Unranked,Unranked,Unranked,0,5,0,0,Unranked,0,5,0,0,Unranked,0,5,0,0,0
https://openalex.org/W2085102823,02578972,Q1,,1,1,Q1,Q1,Q1,1,1,1,1,Q1,1,1,1,1,Q1,1,1,1,1,1
https://openalex.org/W2085105007,09514198,Q1,,1,1,Q1,Q1,Q1,1,1,1,1,Q1,1,1,1,1,Q1,1,1,1,1,1
https://openalex.org/W2085114342,03767388,Q1,,1,1,Q1,Q1,Q1,1,1,1,1,Q1,1,1,1,1,Q1,1,1,1,1,1
https://openalex.org/W2085142560,13886150,Q3,,3,3,Q3,Q3,Q3,0,3,0,1,Q3,0,3,0,1,Q3,0,3,0,1,0
https://openalex.org/W2085182481,00222348,Q1,,2,2,Q2,Q2,Q1,1,1,1,1,Q2,0,2,1,1,Q2,0,2,1,1,1
https://openalex.org/W2085187058,00086223,Q1,,1,1,Q1,Q1,Q1,1,1,1,1,Q1,1,1,1,1,Q1,1,1,1,1,1
https://openalex.org/W2085190601,09254005,-,,5,5,Unranked,Unranked,Unranked,0,5,0,0,Unranked,0,5,0,0,Unranked,0,5,0,0,0
https://openalex.org/W2085229982,15700232,Q2,,1,1,Q1,Q1,Q2,0,2,1,1,Q1,1,1,1,1,Q1,1,1,1,1,0
https://openalex.org/W2085240642,01633864,Q1,,1,1,Q1,Q1,Q1,1,1,1,1,Q1,1,1,1,1,Q1,1,1,1,1,1
https://openalex.org/W2085265456,00218561,Q1,,1,1,Q1,Q1,Q1,1,1,1,1,Q1,1,1,1,1,Q1,1,1,1,1,1
https://openalex.org/W2085281580,02561115,Q2,,2,2,Q2,Q2,Q2,0,2,1,1,Q2,0,2,1,1,Q2,0,2,1,1,0
https://openalex.org/W2085288760,0013936X,Q1,,1,1,Q1,Q1,Q1,1,1,1,1,Q1,1,1,1,1,Q1,1,1,1,1,1
https://openalex.org/W2085295394,07317085,Q2,,1,1,Q1,Q1,Q2,0,2,1,1,Q1,1,1,1,1,Q1,1,1,1,1,0
https://openalex.org/W2085303310,00090352,Q2,,2,2,Q2,Q2,Q2,0,2,1,1,Q2,0,2,1,1,Q2,0,2,1,1,0
https://openalex.org/W2085322517,15205207,Q1,,1,1,Q1,Q1,Q1,1,1,1,1,Q1,1,1,1,1,Q1,1,1,1,1,1
https://openalex.org/W2085330499,01633864,Q1,,1,1,Q1,Q1,Q1,1,1,1,1,Q1,1,1,1,1,Q1,1,1,1,1,1
https://openalex.org/W2085346120,09277757,-,,5,5,Unranked,Unranked,Unranked,0,5,0,0,Unranked,0,5,0,0,Unranked,0,5,0,0,0
https://openalex.org/W2085382941,03787753,Q1,,1,1,Q1,Q1,Q1,1,1,1,1,Q1,1,1,1,1,Q1,1,1,1,1,1
https://openalex.org/W2085389168,15204766,-,,5,5,Unranked,Unranked,Unranked,0,5,0,0,Unranked,0,5,0,0,Unranked,0,5,0,0,0
https://openalex.org/W2085424318,01633864,Q1,,1,1,Q1,Q1,Q1,1,1,1,1,Q1,1,1,1,1,Q1,1,1,1,1,1
https://openalex.org/W2085440451,07317085,Q2,,1,1,Q1,Q1,Q2,0,2,1,1,Q1,1,1,1,1,Q1,1,1,1,1,0
https://openalex.org/W2085449816,03770486,Q2,,1,1,Q1,Q1,Q2,0,2,1,1,Q1,1,1,1,1,Q1,1,1,1,1,0
https://openalex.org/W2085458159,10229760,Q3,,3,3,Q3,Q3,Q3,0,3,0,1,Q3,0,3,0,1,Q3,0,3,0,1,0
https://openalex.org/W2085462831,00223263,Q1,,1,1,Q1,Q1,Q1,1,1,1,1,Q1,1,1,1,1,Q1,1,1,1,1,1
https://openalex.org/W2085467316,09254005,-,,5,5,Unranked,Unranked,Unranked,0,5,0,0,Unranked,0,5,0,0,Unranked,0,5,0,0,0
https://openalex.org/W2085484633,00032719,Q3,,3,3,Q3,Q3,Q3,0,3,0,1,Q3,0,3,0,1,Q3,0,3,0,1,0
https://openalex.org/W2085507657,13504177,-,,5,5,Unranked,Unranked,Unranked,0,5,0,0,Unranked,0,5,0,0,Unranked,0,5,0,0,0
https://openalex.org/W2085514413,09254005,-,,5,5,Unranked,Unranked,Unranked,0,5,0,0,Unranked,0,5,0,0,Unranked,0,5,0,0,0
https://openalex.org/W2085533689,07317085,Q2,,1,1,Q1,Q1,Q2,0,2,1,1,Q1,1,1,1,1,Q1,1,1,1,1,0
https://openalex.org/W2085575632,01425463,Q3,,2,2,Q2,Q2,Q3,0,3,0,1,Q2,0,2,1,1,Q2,0,2,1,1,0
https://openalex.org/W2085584475,10619348,Q4,,4,4,Q4,Q4,Q4,0,4,0,0,Q4,0,4,0,0,Q4,0,4,0,0,0
https://openalex.org/W2085592821,09106340,Q3,,2,2,Q2,Q2,Q3,0,3,0,1,Q2,0,2,1,1,Q2,0,2,1,1,0
https://openalex.org/W2085595426,08885885,Q1,,1,1,Q1,Q1,Q1,1,1,1,1,Q1,1,1,1,1,Q1,1,1,1,1,1
https://openalex.org/W2085596573,00027863,Q1,,1,1,Q1,Q1,Q1,1,1,1,1,Q1,1,1,1,1,Q1,1,1,1,1,1
https://openalex.org/W2085605867,09277757,-,,5,5,Unranked,Unranked,Unranked,0,5,0,0,Unranked,0,5,0,0,Unranked,0,5,0,0,0
https://openalex.org/W2085676568,09340866,Q2,,1,2,Q1,Q2,Q2,0,2,1,1,Q1,1,1,1,1,Q2,0,2,1,1,0
https://openalex.org/W2085683544,13886150,Q3,,3,3,Q3,Q3,Q3,0,3,0,1,Q3,0,3,0,1,Q3,0,3,0,1,0
https://openalex.org/W2085697831,01448617,Q2,,1,1,Q1,Q1,Q2,0,2,1,1,Q1,1,1,1,1,Q1,1,1,1,1,0
https://openalex.org/W2085710357,13861425,Q2,,2,2,Q2,Q2,Q2,0,2,1,1,Q2,0,2,1,1,Q2,0,2,1,1,0
https://openalex.org/W2085716089,09478396,Q1,,1,1,Q1,Q1,Q1,1,1,1,1,Q1,1,1,1,1,Q1,1,1,1,1,1
https://openalex.org/W2085723687,09277757,-,,5,5,Unranked,Unranked,Unranked,0,5,0,0,Unranked,0,5,0,0,Unranked,0,5,0,0,0
https://openalex.org/W2085780757,03787753,Q1,,1,1,Q1,Q1,Q1,1,1,1,1,Q1,1,1,1,1,Q1,1,1,1,1,1
https://openalex.org/W2085806171,01633864,Q1,,1,1,Q1,Q1,Q1,1,1,1,1,Q1,1,1,1,1,Q1,1,1,1,1,1
https://openalex.org/W2085853881,00119164,Q1,,1,1,Q1,Q1,Q1,1,1,1,1,Q1,1,1,1,1,Q1,1,1,1,1,1
https://openalex.org/W2085873934,09478396,Q1,,1,1,Q1,Q1,Q1,1,1,1,1,Q1,1,1,1,1,Q1,1,1,1,1,1
https://openalex.org/W2085876947,01448617,Q2,,1,1,Q1,Q1,Q2,0,2,1,1,Q1,1,1,1,1,Q1,1,1,1,1,0
https://openalex.org/W2085925074,13835866,Q1,,1,1,Q1,Q1,Q1,1,1,1,1,Q1,1,1,1,1,Q1,1,1,1,1,1
https://openalex.org/W2085961917,01694332,-,,5,5,Unranked,Unranked,Unranked,0,5,0,0,Unranked,0,5,0,0,Unranked,0,5,0,0,0
https://openalex.org/W2085976646,09254005,-,,5,5,Unranked,Unranked,Unranked,0,5,0,0,Unranked,0,5,0,0,Unranked,0,5,0,0,0
https://openalex.org/W2086016252,03667022,Q2,,2,2,Q2,Q2,Q2,0,2,1,1,Q2,0,2,1,1,Q2,0,2,1,1,0
https://openalex.org/W2086040488,03787753,Q1,,1,1,Q1,Q1,Q1,1,1,1,1,Q1,1,1,1,1,Q1,1,1,1,1,1
https://openalex.org/W2086059067,15667367,Q1,,1,1,Q1,Q1,Q1,1,1,1,1,Q1,1,1,1,1,Q1,1,1,1,1,1
https://openalex.org/W2086086828,08974756,Q1,,1,1,Q1,Q1,Q1,1,1,1,1,Q1,1,1,1,1,Q1,1,1,1,1,1
https://openalex.org/W2086088064,00143057,Q2,,1,1,Q1,Q1,Q2,0,2,1,1,Q1,1,1,1,1,Q1,1,1,1,1,0
https://openalex.org/W2086132749,09253467,-,,5,5,Unranked,Unranked,Unranked,0,5,0,0,Unranked,0,5,0,0,Unranked,0,5,0,0,0
https://openalex.org/W2086161067,00095893,Q2,,2,2,Q2,Q2,Q2,0,2,1,1,Q2,0,2,1,1,Q2,0,2,1,1,0
https://openalex.org/W2086164835,09669795,Q1,,1,1,Q1,Q1,Q1,1,1,1,1,Q1,1,1,1,1,Q1,1,1,1,1,1
https://openalex.org/W2086165985,01694332,-,,5,5,Unranked,Unranked,Unranked,0,5,0,0,Unranked,0,5,0,0,Unranked,0,5,0,0,0
https://openalex.org/W2086171059,00456535,Q1,,1,1,Q1,Q1,Q1,1,1,1,1,Q1,1,1,1,1,Q1,1,1,1,1,1
https://openalex.org/W2086176533,00119164,Q1,,1,1,Q1,Q1,Q1,1,1,1,1,Q1,1,1,1,1,Q1,1,1,1,1,1
https://openalex.org/W2086181340,13882481,Q1,,1,1,Q1,Q1,Q1,1,1,1,1,Q1,1,1,1,1,Q1,1,1,1,1,1
https://openalex.org/W2086184678,13861425,Q2,,2,2,Q2,Q2,Q2,0,2,1,1,Q2,0,2,1,1,Q2,0,2,1,1,0
https://openalex.org/W2086254340,00201669,Q1,,1,1,Q1,Q1,Q1,1,1,1,1,Q1,1,1,1,1,Q1,1,1,1,1,1
https://openalex.org/W2086281215,00399140,Q1,,1,1,Q1,Q1,Q1,1,1,1,1,Q1,1,1,1,1,Q1,1,1,1,1,1
https://openalex.org/W2086291720,13880764,Q1,,1,1,Q1,Q1,Q1,1,1,1,1,Q1,1,1,1,1,Q1,1,1,1,1,1
https://openalex.org/W2086320277,15237052,Q1,,1,1,Q1,Q1,Q1,1,1,1,1,Q1,1,1,1,1,Q1,1,1,1,1,1
https://openalex.org/W2086331190,01694243,Q2,,2,2,Q2,Q2,Q2,0,2,1,1,Q2,0,2,1,1,Q2,0,2,1,1,0
https://openalex.org/W2086376859,09253467,-,,5,5,Unranked,Unranked,Unranked,0,5,0,0,Unranked,0,5,0,0,Unranked,0,5,0,0,0
https://openalex.org/W2086387839,00201669,Q1,,1,1,Q1,Q1,Q1,1,1,1,1,Q1,1,1,1,1,Q1,1,1,1,1,1
https://openalex.org/W2086401595,02693879,Q3,,2,2,Q2,Q2,Q3,0,3,0,1,Q2,0,2,1,1,Q2,0,2,1,1,0
https://openalex.org/W2086415304,09277765,Q2,,2,2,Q2,Q2,Q2,0,2,1,1,Q2,0,2,1,1,Q2,0,2,1,1,0
https://openalex.org/W2086494914,00223697,Q1,,2,2,Q2,Q2,Q1,1,1,1,1,Q2,0,2,1,1,Q2,0,2,1,1,1
https://openalex.org/W2086505348,15237052,Q1,,1,1,Q1,Q1,Q1,1,1,1,1,Q1,1,1,1,1,Q1,1,1,1,1,1
https://openalex.org/W2086506039,15700232,Q2,,1,1,Q1,Q1,Q2,0,2,1,1,Q1,1,1,1,1,Q1,1,1,1,1,0
https://openalex.org/W2086512499,00220248,Q1,,2,2,Q2,Q2,Q1,1,1,1,1,Q2,0,2,1,1,Q2,0,2,1,1,1
https://openalex.org/W2086561912,0013936X,Q1,,1,1,Q1,Q1,Q1,1,1,1,1,Q1,1,1,1,1,Q1,1,1,1,1,1
https://openalex.org/W2086594353,00218995,Q1,,2,2,Q2,Q2,Q1,1,1,1,1,Q2,0,2,1,1,Q2,0,2,1,1,1
https://openalex.org/W2086626222,00218561,Q1,,1,1,Q1,Q1,Q1,1,1,1,1,Q1,1,1,1,1,Q1,1,1,1,1,1
https://openalex.org/W2086645854,15237052,Q1,,1,1,Q1,Q1,Q1,1,1,1,1,Q1,1,1,1,1,Q1,1,1,1,1,1
https://openalex.org/W2086680673,01694332,-,,5,5,Unranked,Unranked,Unranked,0,5,0,0,Unranked,0,5,0,0,Unranked,0,5,0,0,0
https://openalex.org/W2086728831,15700232,Q2,,1,1,Q1,Q1,Q2,0,2,1,1,Q1,1,1,1,1,Q1,1,1,1,1,0
https://openalex.org/W2086735810,03088146,Q1,,1,1,Q1,Q1,Q1,1,1,1,1,Q1,1,1,1,1,Q1,1,1,1,1,1
https://openalex.org/W2086794939,09254005,-,,5,5,Unranked,Unranked,Unranked,0,5,0,0,Unranked,0,5,0,0,Unranked,0,5,0,0,0
https://openalex.org/W2086795600,09660844,-,,5,5,Unranked,Unranked,Unranked,0,5,0,0,Unranked,0,5,0,0,Unranked,0,5,0,0,0
https://openalex.org/W2086800522,09478396,Q1,,1,1,Q1,Q1,Q1,1,1,1,1,Q1,1,1,1,1,Q1,1,1,1,1,1
https://openalex.org/W2086815364,16182642,Q2,,1,1,Q1,Q1,Q2,0,2,1,1,Q1,1,1,1,1,Q1,1,1,1,1,0
https://openalex.org/W2086816388,00218561,Q1,,1,1,Q1,Q1,Q1,1,1,1,1,Q1,1,1,1,1,Q1,1,1,1,1,1
https://openalex.org/W2086834183,01429418,Q2,,2,2,Q2,Q2,Q2,0,2,1,1,Q2,0,2,1,1,Q2,0,2,1,1,0
https://openalex.org/W2086839361,00399140,Q1,,1,1,Q1,Q1,Q1,1,1,1,1,Q1,1,1,1,1,Q1,1,1,1,1,1
https://openalex.org/W2086843405,00338230,Q3,,3,3,Q3,Q3,Q3,0,3,0,1,Q3,0,3,0,1,Q3,0,3,0,1,0
https://openalex.org/W2086851127,08825734,Q2,,2,2,Q2,Q2,Q2,0,2,1,1,Q2,0,2,1,1,Q2,0,2,1,1,0
https://openalex.org/W2086874328,00218561,Q1,,1,1,Q1,Q1,Q1,1,1,1,1,Q1,1,1,1,1,Q1,1,1,1,1,1
https://openalex.org/W2086879164,15204766,-,,5,5,Unranked,Unranked,Unranked,0,5,0,0,Unranked,0,5,0,0,Unranked,0,5,0,0,0
https://openalex.org/W2086894476,13597345,Q1,,1,1,Q1,Q1,Q1,1,1,1,1,Q1,1,1,1,1,Q1,1,1,1,1,1
https://openalex.org/W2086899966,00219665,Q2,,3,3,Q3,Q3,Q2,0,2,1,1,Q3,0,3,0,1,Q3,0,3,0,1,0
https://openalex.org/W2086920118,02578972,Q1,,1,1,Q1,Q1,Q1,1,1,1,1,Q1,1,1,1,1,Q1,1,1,1,1,1
https://openalex.org/W2086920456,09254005,-,,5,5,Unranked,Unranked,Unranked,0,5,0,0,Unranked,0,5,0,0,Unranked,0,5,0,0,0
https://openalex.org/W2086920839,10431802,Q1,,1,1,Q1,Q1,Q1,1,1,1,1,Q1,1,1,1,1,Q1,1,1,1,1,1
https://openalex.org/W2086922302,00095893,Q2,,2,2,Q2,Q2,Q2,0,2,1,1,Q2,0,2,1,1,Q2,0,2,1,1,0
https://openalex.org/W2086993312,00143057,Q2,,1,1,Q1,Q1,Q2,0,2,1,1,Q1,1,1,1,1,Q1,1,1,1,1,0
https://openalex.org/W2087001414,00032670,Q1,,1,1,Q1,Q1,Q1,1,1,1,1,Q1,1,1,1,1,Q1,1,1,1,1,1
https://openalex.org/W2087012966,09599428,Q1,,1,1,Q1,Q1,Q1,1,1,1,1,Q1,1,1,1,1,Q1,1,1,1,1,1
https://openalex.org/W2087027885,02693879,Q3,,2,2,Q2,Q2,Q3,0,3,0,1,Q2,0,2,1,1,Q2,0,2,1,1,0
https://openalex.org/W2087054129,00338230,Q3,,3,3,Q3,Q3,Q3,0,3,0,1,Q3,0,3,0,1,Q3,0,3,0,1,0
https://openalex.org/W2087073638,13835866,Q1,,1,1,Q1,Q1,Q1,1,1,1,1,Q1,1,1,1,1,Q1,1,1,1,1,1
https://openalex.org/W2087075256,02578972,Q1,,1,1,Q1,Q1,Q1,1,1,1,1,Q1,1,1,1,1,Q1,1,1,1,1,1
https://openalex.org/W2087141575,03088146,Q1,,1,1,Q1,Q1,Q1,1,1,1,1,Q1,1,1,1,1,Q1,1,1,1,1,1
https://openalex.org/W2087172947,00162361,Q1,,1,1,Q1,Q1,Q1,1,1,1,1,Q1,1,1,1,1,Q1,1,1,1,1,1
https://openalex.org/W2087233311,09574166,Q1,,1,1,Q1,Q1,Q1,1,1,1,1,Q1,1,1,1,1,Q1,1,1,1,1,1
https://openalex.org/W2087235470,15700232,Q2,,1,1,Q1,Q1,Q2,0,2,1,1,Q1,1,1,1,1,Q1,1,1,1,1,0
https://openalex.org/W2087237570,00218561,Q1,,1,1,Q1,Q1,Q1,1,1,1,1,Q1,1,1,1,1,Q1,1,1,1,1,1
https://openalex.org/W2087274985,00304018,Q1,,2,2,Q2,Q2,Q1,1,1,1,1,Q2,0,2,1,1,Q2,0,2,1,1,1
https://openalex.org/W2087284075,00027863,Q1,,1,1,Q1,Q1,Q1,1,1,1,1,Q1,1,1,1,1,Q1,1,1,1,1,1
https://openalex.org/W2087313151,00399140,Q1,,1,1,Q1,Q1,Q1,1,1,1,1,Q1,1,1,1,1,Q1,1,1,1,1,1
https://openalex.org/W2087313641,0303402X,Q2,,2,2,Q2,Q2,Q2,0,2,1,1,Q2,0,2,1,1,Q2,0,2,1,1,0
https://openalex.org/W2087372937,0026265X,Q2,,2,2,Q2,Q2,Q2,0,2,1,1,Q2,0,2,1,1,Q2,0,2,1,1,0
https://openalex.org/W2087386561,09254005,-,,5,5,Unranked,Unranked,Unranked,0,5,0,0,Unranked,0,5,0,0,Unranked,0,5,0,0,0
https://openalex.org/W2087415363,09580344,Q2,,2,2,Q2,Q2,Q2,0,2,1,1,Q2,0,2,1,1,Q2,0,2,1,1,0
https://openalex.org/W2087433788,03667022,Q2,,2,2,Q2,Q2,Q2,0,2,1,1,Q2,0,2,1,1,Q2,0,2,1,1,0
https://openalex.org/W2087434778,10231935,Q4,,4,4,Q4,Q4,Q4,0,4,0,0,Q4,0,4,0,0,Q4,0,4,0,0,0
https://openalex.org/W2087436526,10826076,Q3,,3,3,Q3,Q3,Q3,0,3,0,1,Q3,0,3,0,1,Q3,0,3,0,1,0
https://openalex.org/W2087440485,15287483,Q1,,1,1,Q1,Q1,Q1,1,1,1,1,Q1,1,1,1,1,Q1,1,1,1,1,1
https://openalex.org/W2087503014,00389056,Q2,,2,2,Q2,Q2,Q2,0,2,1,1,Q2,0,2,1,1,Q2,0,2,1,1,0
https://openalex.org/W2087518894,13597345,Q1,,1,1,Q1,Q1,Q1,1,1,1,1,Q1,1,1,1,1,Q1,1,1,1,1,1
https://openalex.org/W2087527010,00323861,Q1,,1,1,Q1,Q1,Q1,1,1,1,1,Q1,1,1,1,1,Q1,1,1,1,1,1
https://openalex.org/W2087540523,00218995,Q1,,2,2,Q2,Q2,Q1,1,1,1,1,Q2,0,2,1,1,Q2,0,2,1,1,1
https://openalex.org/W2087545194,15205207,Q1,,1,1,Q1,Q1,Q1,1,1,1,1,Q1,1,1,1,1,Q1,1,1,1,1,1
https://openalex.org/W2087553470,10836160,Q2,,1,1,Q1,Q1,Q2,0,2,1,1,Q1,1,1,1,1,Q1,1,1,1,1,0
https://openalex.org/W2087615510,03667022,Q2,,2,2,Q2,Q2,Q2,0,2,1,1,Q2,0,2,1,1,Q2,0,2,1,1,0
https://openalex.org/W2087632915,15237052,Q1,,1,1,Q1,Q1,Q1,1,1,1,1,Q1,1,1,1,1,Q1,1,1,1,1,1
https://openalex.org/W2087664606,10826076,Q3,,3,3,Q3,Q3,Q3,0,3,0,1,Q3,0,3,0,1,Q3,0,3,0,1,0
https://openalex.org/W2087679771,00201693,Q2,,2,2,Q2,Q2,Q2,0,2,1,1,Q2,0,2,1,1,Q2,0,2,1,1,0
https://openalex.org/W2087710428,00263672,Q3,,1,2,Q1,Q2,Q3,0,3,0,1,Q1,1,1,1,1,Q2,0,2,1,1,0
https://openalex.org/W2087712877,03525139,Q3,,3,3,Q3,Q3,Q3,0,3,0,1,Q3,0,3,0,1,Q3,0,3,0,1,0
https://openalex.org/W2087778607,00143057,Q2,,1,1,Q1,Q1,Q2,0,2,1,1,Q1,1,1,1,1,Q1,1,1,1,1,0
https://openalex.org/W2087780084,15237052,Q1,,1,1,Q1,Q1,Q1,1,1,1,1,Q1,1,1,1,1,Q1,1,1,1,1,1
https://openalex.org/W2087821329,0010938X,Q1,,1,1,Q1,Q1,Q1,1,1,1,1,Q1,1,1,1,1,Q1,1,1,1,1,1
https://openalex.org/W2087832596,02578972,Q1,,1,1,Q1,Q1,Q1,1,1,1,1,Q1,1,1,1,1,Q1,1,1,1,1,1
https://openalex.org/W2087837969,00220248,Q1,,2,2,Q2,Q2,Q1,1,1,1,1,Q2,0,2,1,1,Q2,0,2,1,1,1
https://openalex.org/W2087854047,0887624X,Q1,,1,1,Q1,Q1,Q1,1,1,1,1,Q1,1,1,1,1,Q1,1,1,1,1,1
https://openalex.org/W2087894038,09277765,Q2,,2,2,Q2,Q2,Q2,0,2,1,1,Q2,0,2,1,1,Q2,0,2,1,1,0
https://openalex.org/W2087905772,00223263,Q1,,1,1,Q1,Q1,Q1,1,1,1,1,Q1,1,1,1,1,Q1,1,1,1,1,1
https://openalex.org/W2087930330,09680896,Q2,,1,1,Q1,Q1,Q2,0,2,1,1,Q1,1,1,1,1,Q1,1,1,1,1,0
https://openalex.org/W2087961536,00037028,Q2,,3,3,Q3,Q3,Q2,0,2,1,1,Q3,0,3,0,1,Q3,0,3,0,1,0
https://openalex.org/W2087970975,0013936X,Q1,,1,1,Q1,Q1,Q1,1,1,1,1,Q1,1,1,1,1,Q1,1,1,1,1,1
https://openalex.org/W2087971422,10916466,Q2,,3,3,Q3,Q3,Q2,0,2,1,1,Q3,0,3,0,1,Q3,0,3,0,1,0
https://openalex.org/W2087973591,00224596,Q2,,2,2,Q2,Q2,Q2,0,2,1,1,Q2,0,2,1,1,Q2,0,2,1,1,0
https://openalex.org/W2087990051,03787753,Q1,,1,1,Q1,Q1,Q1,1,1,1,1,Q1,1,1,1,1,Q1,1,1,1,1,1
https://openalex.org/W2088000450,00959782,Q2,,3,3,Q3,Q3,Q2,0,2,1,1,Q3,0,3,0,1,Q3,0,3,0,1,0
https://openalex.org/W2088004146,02693879,Q3,,2,2,Q2,Q2,Q3,0,3,0,1,Q2,0,2,1,1,Q2,0,2,1,1,0
https://openalex.org/W2088025341,00220248,Q1,,2,2,Q2,Q2,Q1,1,1,1,1,Q2,0,2,1,1,Q2,0,2,1,1,1
https://openalex.org/W2088049114,00223263,Q1,,1,1,Q1,Q1,Q1,1,1,1,1,Q1,1,1,1,1,Q1,1,1,1,1,1
https://openalex.org/W2088087819,01694332,-,,5,5,Unranked,Unranked,Unranked,0,5,0,0,Unranked,0,5,0,0,Unranked,0,5,0,0,0
https://openalex.org/W2088102932,15237052,Q1,,1,1,Q1,Q1,Q1,1,1,1,1,Q1,1,1,1,1,Q1,1,1,1,1,1
https://openalex.org/W2088103773,02678292,Q2,,2,2,Q2,Q2,Q2,0,2,1,1,Q2,0,2,1,1,Q2,0,2,1,1,0
https://openalex.org/W2088147284,09277757,-,,5,5,Unranked,Unranked,Unranked,0,5,0,0,Unranked,0,5,0,0,Unranked,0,5,0,0,0
https://openalex.org/W2088159611,00032700,Q1,,1,1,Q1,Q1,Q1,1,1,1,1,Q1,1,1,1,1,Q1,1,1,1,1,1
https://openalex.org/W2088172745,01697439,Q1,,2,2,Q2,Q2,Q1,1,1,1,1,Q2,0,2,1,1,Q2,0,2,1,1,1
https://openalex.org/W2088175297,00119164,Q1,,1,1,Q1,Q1,Q1,1,1,1,1,Q1,1,1,1,1,Q1,1,1,1,1,1
https://openalex.org/W2088202284,09205861,Q1,,1,1,Q1,Q1,Q1,1,1,1,1,Q1,1,1,1,1,Q1,1,1,1,1,1
https://openalex.org/W2088206364,00032654,Q1,,1,1,Q1,Q1,Q1,1,1,1,1,Q1,1,1,1,1,Q1,1,1,1,1,1
https://openalex.org/W2088284289,0030770X,Q1,,1,1,Q1,Q1,Q1,1,1,1,1,Q1,1,1,1,1,Q1,1,1,1,1,1
https://openalex.org/W2088354143,05848547,Q1,,1,1,Q1,Q1,Q1,1,1,1,1,Q1,1,1,1,1,Q1,1,1,1,1,1
https://openalex.org/W2088396704,00092509,Q1,,1,1,Q1,Q1,Q1,1,1,1,1,Q1,1,1,1,1,Q1,1,1,1,1,1
https://openalex.org/W2088424997,00456535,Q1,,1,1,Q1,Q1,Q1,1,1,1,1,Q1,1,1,1,1,Q1,1,1,1,1,1
https://openalex.org/W2088438563,01694332,-,,5,5,Unranked,Unranked,Unranked,0,5,0,0,Unranked,0,5,0,0,Unranked,0,5,0,0,0
https://openalex.org/W2088440482,14382377,Q1,,1,1,Q1,Q1,Q1,1,1,1,1,Q1,1,1,1,1,Q1,1,1,1,1,1
https://openalex.org/W2088495728,00218995,Q1,,2,2,Q2,Q2,Q1,1,1,1,1,Q2,0,2,1,1,Q2,0,2,1,1,1
https://openalex.org/W2088496154,00220248,Q1,,2,2,Q2,Q2,Q1,1,1,1,1,Q2,0,2,1,1,Q2,0,2,1,1,1
https://openalex.org/W2088528041,10225528,Q1,,1,1,Q1,Q1,Q1,1,1,1,1,Q1,1,1,1,1,Q1,1,1,1,1,1
https://openalex.org/W2088553534,00219614,Q2,,1,1,Q1,Q1,Q2,0,2,1,1,Q1,1,1,1,1,Q1,1,1,1,1,0
https://openalex.org/W2088579650,00027863,Q1,,1,1,Q1,Q1,Q1,1,1,1,1,Q1,1,1,1,1,Q1,1,1,1,1,1
https://openalex.org/W2088581355,09307516,Q2,,2,2,Q2,Q2,Q2,0,2,1,1,Q2,0,2,1,1,Q2,0,2,1,1,0
https://openalex.org/W2088589139,00405795,Q4,,3,3,Q3,Q3,Q4,0,4,0,0,Q3,0,3,0,1,Q3,0,3,0,1,0
https://openalex.org/W2088632585,00092363,Q2,,2,2,Q2,Q2,Q2,0,2,1,1,Q2,0,2,1,1,Q2,0,2,1,1,0
https://openalex.org/W2088632613,14770520,Q1,,1,1,Q1,Q1,Q1,1,1,1,1,Q1,1,1,1,1,Q1,1,1,1,1,1
https://openalex.org/W2088656354,02679477,Q1,,1,1,Q1,Q1,Q1,1,1,1,1,Q1,1,1,1,1,Q1,1,1,1,1,1
https://openalex.org/W2088669691,07437463,Q1,,1,1,Q1,Q1,Q1,1,1,1,1,Q1,1,1,1,1,Q1,1,1,1,1,1
https://openalex.org/W2088678947,00032670,Q1,,1,1,Q1,Q1,Q1,1,1,1,1,Q1,1,1,1,1,Q1,1,1,1,1,1
https://openalex.org/W2088700017,02578972,Q1,,1,1,Q1,Q1,Q1,1,1,1,1,Q1,1,1,1,1,Q1,1,1,1,1,1
https://openalex.org/W2088701554,01694332,-,,5,5,Unranked,Unranked,Unranked,0,5,0,0,Unranked,0,5,0,0,Unranked,0,5,0,0,0
https://openalex.org/W2088702951,09254005,-,,5,5,Unranked,Unranked,Unranked,0,5,0,0,Unranked,0,5,0,0,Unranked,0,5,0,0,0
https://openalex.org/W2088723766,00027863,Q1,,1,1,Q1,Q1,Q1,1,1,1,1,Q1,1,1,1,1,Q1,1,1,1,1,1
https://openalex.org/W2088745302,00027863,Q1,,1,1,Q1,Q1,Q1,1,1,1,1,Q1,1,1,1,1,Q1,1,1,1,1,1
https://openalex.org/W2088745630,03080501,Q2,,2,2,Q2,Q2,Q2,0,2,1,1,Q2,0,2,1,1,Q2,0,2,1,1,0
https://openalex.org/W2088759670,00119164,Q1,,1,1,Q1,Q1,Q1,1,1,1,1,Q1,1,1,1,1,Q1,1,1,1,1,1
https://openalex.org/W2088777713,02775387,Q2,,2,2,Q2,Q2,Q2,0,2,1,1,Q2,0,2,1,1,Q2,0,2,1,1,0
https://openalex.org/W2088808714,02767333,Q1,,1,1,Q1,Q1,Q1,1,1,1,1,Q1,1,1,1,1,Q1,1,1,1,1,1
https://openalex.org/W2088866324,10836160,Q2,,1,1,Q1,Q1,Q2,0,2,1,1,Q1,1,1,1,1,Q1,1,1,1,1,0
https://openalex.org/W2088954537,09149244,Q3,,3,3,Q3,Q3,Q3,0,3,0,1,Q3,0,3,0,1,Q3,0,3,0,1,0
https://openalex.org/W2088981129,1011372X,Q1,,1,1,Q1,Q1,Q1,1,1,1,1,Q1,1,1,1,1,Q1,1,1,1,1,1
https://openalex.org/W2089003701,0021891X,Q2,,2,2,Q2,Q2,Q2,0,2,1,1,Q2,0,2,1,1,Q2,0,2,1,1,0
https://openalex.org/W2089021682,10431802,Q1,,1,1,Q1,Q1,Q1,1,1,1,1,Q1,1,1,1,1,Q1,1,1,1,1,1
https://openalex.org/W2089059564,15237052,Q1,,1,1,Q1,Q1,Q1,1,1,1,1,Q1,1,1,1,1,Q1,1,1,1,1,1
https://openalex.org/W2089106553,00032700,Q1,,1,1,Q1,Q1,Q1,1,1,1,1,Q1,1,1,1,1,Q1,1,1,1,1,1
https://openalex.org/W2089111420,00223263,Q1,,1,1,Q1,Q1,Q1,1,1,1,1,Q1,1,1,1,1,Q1,1,1,1,1,1
https://openalex.org/W2089145383,00223263,Q1,,1,1,Q1,Q1,Q1,1,1,1,1,Q1,1,1,1,1,Q1,1,1,1,1,1
https://openalex.org/W2089160892,14639076,Q1,,1,1,Q1,Q1,Q1,1,1,1,1,Q1,1,1,1,1,Q1,1,1,1,1,1
https://openalex.org/W2089164819,00397911,Q3,,3,3,Q3,Q3,Q3,0,3,0,1,Q3,0,3,0,1,Q3,0,3,0,1,0
https://openalex.org/W2089248565,09598103,-,,5,5,Unranked,Unranked,Unranked,0,5,0,0,Unranked,0,5,0,0,Unranked,0,5,0,0,0
https://openalex.org/W2089263398,01700839,Q2,,2,2,Q2,Q2,Q2,0,2,1,1,Q2,0,2,1,1,Q2,0,2,1,1,0
https://openalex.org/W2089267225,00218995,Q1,,2,2,Q2,Q2,Q1,1,1,1,1,Q2,0,2,1,1,Q2,0,2,1,1,1
https://openalex.org/W2089268747,02679477,Q1,,1,1,Q1,Q1,Q1,1,1,1,1,Q1,1,1,1,1,Q1,1,1,1,1,1
https://openalex.org/W2089295582,00406031,Q3,,2,2,Q2,Q2,Q3,0,3,0,1,Q2,0,2,1,1,Q2,0,2,1,1,0
https://openalex.org/W2089390889,01694332,-,,5,5,Unranked,Unranked,Unranked,0,5,0,0,Unranked,0,5,0,0,Unranked,0,5,0,0,0
https://openalex.org/W2089402386,00404020,Q1,,1,1,Q1,Q1,Q1,1,1,1,1,Q1,1,1,1,1,Q1,1,1,1,1,1
https://openalex.org/W2089420944,09669795,Q1,,1,1,Q1,Q1,Q1,1,1,1,1,Q1,1,1,1,1,Q1,1,1,1,1,1
https://openalex.org/W2089455468,07437463,Q1,,1,1,Q1,Q1,Q1,1,1,1,1,Q1,1,1,1,1,Q1,1,1,1,1,1
https://openalex.org/W2089466381,0013936X,Q1,,1,1,Q1,Q1,Q1,1,1,1,1,Q1,1,1,1,1,Q1,1,1,1,1,1
https://openalex.org/W2089478816,00108545,Q1,,1,1,Q1,Q1,Q1,1,1,1,1,Q1,1,1,1,1,Q1,1,1,1,1,1
https://openalex.org/W2089480951,10990690,Q1,,1,1,Q1,Q1,Q1,1,1,1,1,Q1,1,1,1,1,Q1,1,1,1,1,1
https://openalex.org/W2089504209,00220248,Q1,,2,2,Q2,Q2,Q1,1,1,1,1,Q2,0,2,1,1,Q2,0,2,1,1,1
https://openalex.org/W2089511307,0960894X,Q2,,2,2,Q2,Q2,Q2,0,2,1,1,Q2,0,2,1,1,Q2,0,2,1,1,0
https://openalex.org/W2089558762,13858947,Q1,,1,1,Q1,Q1,Q1,1,1,1,1,Q1,1,1,1,1,Q1,1,1,1,1,1
https://openalex.org/W2089562031,00032654,Q1,,1,1,Q1,Q1,Q1,1,1,1,1,Q1,1,1,1,1,Q1,1,1,1,1,1
https://openalex.org/W2089568111,09205861,Q1,,1,1,Q1,Q1,Q1,1,1,1,1,Q1,1,1,1,1,Q1,1,1,1,1,1
https://openalex.org/W2089587275,09669795,Q1,,1,1,Q1,Q1,Q1,1,1,1,1,Q1,1,1,1,1,Q1,1,1,1,1,1
https://openalex.org/W2089590725,09598103,-,,5,5,Unranked,Unranked,Unranked,0,5,0,0,Unranked,0,5,0,0,Unranked,0,5,0,0,0
https://openalex.org/W2089592039,01672738,Q1,,1,1,Q1,Q1,Q1,1,1,1,1,Q1,1,1,1,1,Q1,1,1,1,1,1
https://openalex.org/W2089608290,00220248,Q1,,2,2,Q2,Q2,Q1,1,1,1,1,Q2,0,2,1,1,Q2,0,2,1,1,1
https://openalex.org/W2089611090,00222313,Q1,,1,1,Q1,Q1,Q1,1,1,1,1,Q1,1,1,1,1,Q1,1,1,1,1,1
https://openalex.org/W2089632930,01633864,Q1,,1,1,Q1,Q1,Q1,1,1,1,1,Q1,1,1,1,1,Q1,1,1,1,1,1
https://openalex.org/W2089647937,00220248,Q1,,2,2,Q2,Q2,Q1,1,1,1,1,Q2,0,2,1,1,Q2,0,2,1,1,1
https://openalex.org/W2089710966,00086223,Q1,,1,1,Q1,Q1,Q1,1,1,1,1,Q1,1,1,1,1,Q1,1,1,1,1,1
https://openalex.org/W2089730978,00086215,Q2,,2,2,Q2,Q2,Q2,0,2,1,1,Q2,0,2,1,1,Q2,0,2,1,1,0
https://openalex.org/W2089736813,01448617,Q2,,1,1,Q1,Q1,Q2,0,2,1,1,Q1,1,1,1,1,Q1,1,1,1,1,0
https://openalex.org/W2089762886,13815148,Q1,,1,1,Q1,Q1,Q1,1,1,1,1,Q1,1,1,1,1,Q1,1,1,1,1,1
https://openalex.org/W2089826516,15205207,Q1,,1,1,Q1,Q1,Q1,1,1,1,1,Q1,1,1,1,1,Q1,1,1,1,1,1
https://openalex.org/W2089847899,00201669,Q1,,1,1,Q1,Q1,Q1,1,1,1,1,Q1,1,1,1,1,Q1,1,1,1,1,1
https://openalex.org/W2089864635,00219568,Q1,,1,1,Q1,Q1,Q1,1,1,1,1,Q1,1,1,1,1,Q1,1,1,1,1,1
https://openalex.org/W2089871294,02767333,Q1,,1,1,Q1,Q1,Q1,1,1,1,1,Q1,1,1,1,1,Q1,1,1,1,1,1
https://openalex.org/W2089882873,00223263,Q1,,1,1,Q1,Q1,Q1,1,1,1,1,Q1,1,1,1,1,Q1,1,1,1,1,1
https://openalex.org/W2089892093,02365731,Q3,,3,3,Q3,Q3,Q3,0,3,0,1,Q3,0,3,0,1,Q3,0,3,0,1,0
https://openalex.org/W2089903508,02775387,Q2,,2,2,Q2,Q2,Q2,0,2,1,1,Q2,0,2,1,1,Q2,0,2,1,1,0
https://openalex.org/W2089919997,00032700,Q1,,1,1,Q1,Q1,Q1,1,1,1,1,Q1,1,1,1,1,Q1,1,1,1,1,1
https://openalex.org/W2089953231,00219037,Q4,,4,4,Q4,Q4,Q4,0,4,0,0,Q4,0,4,0,0,Q4,0,4,0,0,0
https://openalex.org/W2089966391,00027863,Q1,,1,1,Q1,Q1,Q1,1,1,1,1,Q1,1,1,1,1,Q1,1,1,1,1,1
https://openalex.org/W2090006651,03767388,Q1,,1,1,Q1,Q1,Q1,1,1,1,1,Q1,1,1,1,1,Q1,1,1,1,1,1
https://openalex.org/W2090007649,00219673,Q1,,1,1,Q1,Q1,Q1,1,1,1,1,Q1,1,1,1,1,Q1,1,1,1,1,1
https://openalex.org/W2090030504,00249297,Q1,,1,1,Q1,Q1,Q1,1,1,1,1,Q1,1,1,1,1,Q1,1,1,1,1,1
https://openalex.org/W2090061636,02578972,Q1,,1,1,Q1,Q1,Q1,1,1,1,1,Q1,1,1,1,1,Q1,1,1,1,1,1
https://openalex.org/W2090068330,00219673,Q1,,1,1,Q1,Q1,Q1,1,1,1,1,Q1,1,1,1,1,Q1,1,1,1,1,1
https://openalex.org/W2090068479,09254005,-,,5,5,Unranked,Unranked,Unranked,0,5,0,0,Unranked,0,5,0,0,Unranked,0,5,0,0,0
https://openalex.org/W2090102917,00219673,Q1,,1,1,Q1,Q1,Q1,1,1,1,1,Q1,1,1,1,1,Q1,1,1,1,1,1
https://openalex.org/W2090127461,10431802,Q1,,1,1,Q1,Q1,Q1,1,1,1,1,Q1,1,1,1,1,Q1,1,1,1,1,1
https://openalex.org/W2090168747,10431802,Q1,,1,1,Q1,Q1,Q1,1,1,1,1,Q1,1,1,1,1,Q1,1,1,1,1,1
https://openalex.org/W2090206995,01694332,-,,5,5,Unranked,Unranked,Unranked,0,5,0,0,Unranked,0,5,0,0,Unranked,0,5,0,0,0
https://openalex.org/W2090211676,01422421,Q2,,2,2,Q2,Q2,Q2,0,2,1,1,Q2,0,2,1,1,Q2,0,2,1,1,0
https://openalex.org/W2090240625,15204766,-,,5,5,Unranked,Unranked,Unranked,0,5,0,0,Unranked,0,5,0,0,Unranked,0,5,0,0,0
https://openalex.org/W2090241512,15237052,Q1,,1,1,Q1,Q1,Q1,1,1,1,1,Q1,1,1,1,1,Q1,1,1,1,1,1
https://openalex.org/W2090242652,15237052,Q1,,1,1,Q1,Q1,Q1,1,1,1,1,Q1,1,1,1,1,Q1,1,1,1,1,1
https://openalex.org/W2090258701,15237052,Q1,,1,1,Q1,Q1,Q1,1,1,1,1,Q1,1,1,1,1,Q1,1,1,1,1,1
https://openalex.org/W2090261718,0013936X,Q1,,1,1,Q1,Q1,Q1,1,1,1,1,Q1,1,1,1,1,Q1,1,1,1,1,1
https://openalex.org/W2090316456,15306984,Q1,,1,1,Q1,Q1,Q1,1,1,1,1,Q1,1,1,1,1,Q1,1,1,1,1,1
https://openalex.org/W2090331611,10431802,Q1,,1,1,Q1,Q1,Q1,1,1,1,1,Q1,1,1,1,1,Q1,1,1,1,1,1
https://openalex.org/W2090396504,15237052,Q1,,1,1,Q1,Q1,Q1,1,1,1,1,Q1,1,1,1,1,Q1,1,1,1,1,1
https://openalex.org/W2090437031,00037028,Q2,,3,3,Q3,Q3,Q2,0,2,1,1,Q3,0,3,0,1,Q3,0,3,0,1,0
https://openalex.org/W2090485869,00338230,Q3,,3,3,Q3,Q3,Q3,0,3,0,1,Q3,0,3,0,1,Q3,0,3,0,1,0
https://openalex.org/W2090488738,09205861,Q1,,1,1,Q1,Q1,Q1,1,1,1,1,Q1,1,1,1,1,Q1,1,1,1,1,1
https://openalex.org/W2090495421,00219673,Q1,,1,1,Q1,Q1,Q1,1,1,1,1,Q1,1,1,1,1,Q1,1,1,1,1,1
https://openalex.org/W2090509483,02578972,Q1,,1,1,Q1,Q1,Q1,1,1,1,1,Q1,1,1,1,1,Q1,1,1,1,1,1
https://openalex.org/W2090573449,07366299,Q2,,2,2,Q2,Q2,Q2,0,2,1,1,Q2,0,2,1,1,Q2,0,2,1,1,0
https://openalex.org/W2090580333,01672738,Q1,,1,1,Q1,Q1,Q1,1,1,1,1,Q1,1,1,1,1,Q1,1,1,1,1,1
https://openalex.org/W2090586721,02578972,Q1,,1,1,Q1,Q1,Q1,1,1,1,1,Q1,1,1,1,1,Q1,1,1,1,1,1
https://openalex.org/W2090626617,13597345,Q1,,1,1,Q1,Q1,Q1,1,1,1,1,Q1,1,1,1,1,Q1,1,1,1,1,1
https://openalex.org/W2090629860,00119164,Q1,,1,1,Q1,Q1,Q1,1,1,1,1,Q1,1,1,1,1,Q1,1,1,1,1,1
https://openalex.org/W2090655355,00134686,Q1,,1,1,Q1,Q1,Q1,1,1,1,1,Q1,1,1,1,1,Q1,1,1,1,1,1
https://openalex.org/W2090665763,01633864,Q1,,1,1,Q1,Q1,Q1,1,1,1,1,Q1,1,1,1,1,Q1,1,1,1,1,1
https://openalex.org/W2090701753,0036021X,Q2,,2,2,Q2,Q2,Q2,0,2,1,1,Q2,0,2,1,1,Q2,0,2,1,1,0
https://openalex.org/W2090705039,02578972,Q1,,1,1,Q1,Q1,Q1,1,1,1,1,Q1,1,1,1,1,Q1,1,1,1,1,1
https://openalex.org/W2090725078,00037028,Q2,,3,3,Q3,Q3,Q2,0,2,1,1,Q3,0,3,0,1,Q3,0,3,0,1,0
https://openalex.org/W2090725604,09334173,Q2,,3,3,Q3,Q3,Q2,0,2,1,1,Q3,0,3,0,1,Q3,0,3,0,1,0
https://openalex.org/W2090728850,00032670,Q1,,1,1,Q1,Q1,Q1,1,1,1,1,Q1,1,1,1,1,Q1,1,1,1,1,1
https://openalex.org/W2090786764,00201669,Q1,,1,1,Q1,Q1,Q1,1,1,1,1,Q1,1,1,1,1,Q1,1,1,1,1,1
https://openalex.org/W2090815754,00032670,Q1,,1,1,Q1,Q1,Q1,1,1,1,1,Q1,1,1,1,1,Q1,1,1,1,1,1
https://openalex.org/W2090818700,15675394,Q2,,2,2,Q2,Q2,Q2,0,2,1,1,Q2,0,2,1,1,Q2,0,2,1,1,0
https://openalex.org/W2090822821,00027863,Q1,,1,1,Q1,Q1,Q1,1,1,1,1,Q1,1,1,1,1,Q1,1,1,1,1,1
https://openalex.org/W2090833378,15237052,Q1,,1,1,Q1,Q1,Q1,1,1,1,1,Q1,1,1,1,1,Q1,1,1,1,1,1
https://openalex.org/W2090849130,13858947,Q1,,1,1,Q1,Q1,Q1,1,1,1,1,Q1,1,1,1,1,Q1,1,1,1,1,1
https://openalex.org/W2090874667,08926875,Q2,,1,1,Q1,Q1,Q2,0,2,1,1,Q1,1,1,1,1,Q1,1,1,1,1,0
https://openalex.org/W2090901717,13504177,-,,5,5,Unranked,Unranked,Unranked,0,5,0,0,Unranked,0,5,0,0,Unranked,0,5,0,0,0
https://openalex.org/W2090927339,00027863,Q1,,1,1,Q1,Q1,Q1,1,1,1,1,Q1,1,1,1,1,Q1,1,1,1,1,1
https://openalex.org/W2090930879,03010104,Q1,,2,2,Q2,Q2,Q1,1,1,1,1,Q2,0,2,1,1,Q2,0,2,1,1,1
https://openalex.org/W2090981000,13815148,Q1,,1,1,Q1,Q1,Q1,1,1,1,1,Q1,1,1,1,1,Q1,1,1,1,1,1
https://openalex.org/W2090987766,00095893,Q2,,2,2,Q2,Q2,Q2,0,2,1,1,Q2,0,2,1,1,Q2,0,2,1,1,0
https://openalex.org/W2091024509,00162361,Q1,,1,1,Q1,Q1,Q1,1,1,1,1,Q1,1,1,1,1,Q1,1,1,1,1,1
https://openalex.org/W2091048847,00143057,Q2,,1,1,Q1,Q1,Q2,0,2,1,1,Q1,1,1,1,1,Q1,1,1,1,1,0
https://openalex.org/W2091051394,02679477,Q1,,1,1,Q1,Q1,Q1,1,1,1,1,Q1,1,1,1,1,Q1,1,1,1,1,1
https://openalex.org/W2091069854,14723581,Q1,,2,2,Q2,Q2,Q1,1,1,1,1,Q2,0,2,1,1,Q2,0,2,1,1,1
https://openalex.org/W2091099684,15237052,Q1,,1,1,Q1,Q1,Q1,1,1,1,1,Q1,1,1,1,1,Q1,1,1,1,1,1
https://openalex.org/W2091101829,02682575,Q2,,2,2,Q2,Q2,Q2,0,2,1,1,Q2,0,2,1,1,Q2,0,2,1,1,0
https://openalex.org/W2091113069,13861425,Q2,,2,2,Q2,Q2,Q2,0,2,1,1,Q2,0,2,1,1,Q2,0,2,1,1,0
https://openalex.org/W2091117572,00134686,Q1,,1,1,Q1,Q1,Q1,1,1,1,1,Q1,1,1,1,1,Q1,1,1,1,1,1
https://openalex.org/W2091149430,00027863,Q1,,1,1,Q1,Q1,Q1,1,1,1,1,Q1,1,1,1,1,Q1,1,1,1,1,1
https://openalex.org/W2091251033,15237052,Q1,,1,1,Q1,Q1,Q1,1,1,1,1,Q1,1,1,1,1,Q1,1,1,1,1,1
https://openalex.org/W2091265296,00223697,Q1,,2,2,Q2,Q2,Q1,1,1,1,1,Q2,0,2,1,1,Q2,0,2,1,1,1
https://openalex.org/W2091278064,0268005X,Q1,,1,1,Q1,Q1,Q1,1,1,1,1,Q1,1,1,1,1,Q1,1,1,1,1,1
https://openalex.org/W2091343206,03088146,Q1,,1,1,Q1,Q1,Q1,1,1,1,1,Q1,1,1,1,1,Q1,1,1,1,1,1
https://openalex.org/W2091347710,02578972,Q1,,1,1,Q1,Q1,Q1,1,1,1,1,Q1,1,1,1,1,Q1,1,1,1,1,1
https://openalex.org/W2091377221,01694332,-,,5,5,Unranked,Unranked,Unranked,0,5,0,0,Unranked,0,5,0,0,Unranked,0,5,0,0,0
https://openalex.org/W2091421500,00027863,Q1,,1,1,Q1,Q1,Q1,1,1,1,1,Q1,1,1,1,1,Q1,1,1,1,1,1
https://openalex.org/W2091430763,00027863,Q1,,1,1,Q1,Q1,Q1,1,1,1,1,Q1,1,1,1,1,Q1,1,1,1,1,1
https://openalex.org/W2091441829,09599428,Q1,,1,1,Q1,Q1,Q1,1,1,1,1,Q1,1,1,1,1,Q1,1,1,1,1,1
https://openalex.org/W2091455236,02578972,Q1,,1,1,Q1,Q1,Q1,1,1,1,1,Q1,1,1,1,1,Q1,1,1,1,1,1
https://openalex.org/W2091455946,00456535,Q1,,1,1,Q1,Q1,Q1,1,1,1,1,Q1,1,1,1,1,Q1,1,1,1,1,1
https://openalex.org/W2091463300,00095893,Q2,,2,2,Q2,Q2,Q2,0,2,1,1,Q2,0,2,1,1,Q2,0,2,1,1,0
https://openalex.org/W2091496804,00086223,Q1,,1,1,Q1,Q1,Q1,1,1,1,1,Q1,1,1,1,1,Q1,1,1,1,1,1
https://openalex.org/W2091498869,00320943,Q2,,2,2,Q2,Q2,Q2,0,2,1,1,Q2,0,2,1,1,Q2,0,2,1,1,0
https://openalex.org/W2091521092,13871811,Q1,,1,1,Q1,Q1,Q1,1,1,1,1,Q1,1,1,1,1,Q1,1,1,1,1,1
https://openalex.org/W2091535351,00134686,Q1,,1,1,Q1,Q1,Q1,1,1,1,1,Q1,1,1,1,1,Q1,1,1,1,1,1
https://openalex.org/W2091549843,00027863,Q1,,1,1,Q1,Q1,Q1,1,1,1,1,Q1,1,1,1,1,Q1,1,1,1,1,1
https://openalex.org/W2091552196,00220248,Q1,,2,2,Q2,Q2,Q1,1,1,1,1,Q2,0,2,1,1,Q2,0,2,1,1,1
https://openalex.org/W2091563246,15237052,Q1,,1,1,Q1,Q1,Q1,1,1,1,1,Q1,1,1,1,1,Q1,1,1,1,1,1
https://openalex.org/W2091564751,02775387,Q2,,2,2,Q2,Q2,Q2,0,2,1,1,Q2,0,2,1,1,Q2,0,2,1,1,0
https://openalex.org/W2091586206,09205861,Q1,,1,1,Q1,Q1,Q1,1,1,1,1,Q1,1,1,1,1,Q1,1,1,1,1,1
https://openalex.org/W2091590188,09253467,-,,5,5,Unranked,Unranked,Unranked,0,5,0,0,Unranked,0,5,0,0,Unranked,0,5,0,0,0
https://openalex.org/W2091603765,01730835,Q1,,1,1,Q1,Q1,Q1,1,1,1,1,Q1,1,1,1,1,Q1,1,1,1,1,1
https://openalex.org/W2091627825,16182642,Q2,,1,1,Q1,Q1,Q2,0,2,1,1,Q1,1,1,1,1,Q1,1,1,1,1,0
https://openalex.org/W2091665047,16182642,Q2,,1,1,Q1,Q1,Q2,0,2,1,1,Q1,1,1,1,1,Q1,1,1,1,1,0
https://openalex.org/W2091704708,01633864,Q1,,1,1,Q1,Q1,Q1,1,1,1,1,Q1,1,1,1,1,Q1,1,1,1,1,1
https://openalex.org/W2091716757,10619348,Q4,,4,4,Q4,Q4,Q4,0,4,0,0,Q4,0,4,0,0,Q4,0,4,0,0,0
https://openalex.org/W2091725627,00102180,Q1,,1,1,Q1,Q1,Q1,1,1,1,1,Q1,1,1,1,1,Q1,1,1,1,1,1
https://openalex.org/W2091728296,09478396,Q1,,1,1,Q1,Q1,Q1,1,1,1,1,Q1,1,1,1,1,Q1,1,1,1,1,1
https://openalex.org/W2091789385,03067319,Q3,,3,3,Q3,Q3,Q3,0,3,0,1,Q3,0,3,0,1,Q3,0,3,0,1,0
https://openalex.org/W2091797864,01932691,Q3,,3,3,Q3,Q3,Q3,0,3,0,1,Q3,0,3,0,1,Q3,0,3,0,1,0
https://openalex.org/W2091828368,09565663,Q1,,1,1,Q1,Q1,Q1,1,1,1,1,Q1,1,1,1,1,Q1,1,1,1,1,1
https://openalex.org/W2091834208,02365731,Q3,,3,3,Q3,Q3,Q3,0,3,0,1,Q3,0,3,0,1,Q3,0,3,0,1,0
https://openalex.org/W2091847689,07491581,Q2,,2,2,Q2,Q2,Q2,0,2,1,1,Q2,0,2,1,1,Q2,0,2,1,1,0
https://openalex.org/W2091858503,01633864,Q1,,1,1,Q1,Q1,Q1,1,1,1,1,Q1,1,1,1,1,Q1,1,1,1,1,1
https://openalex.org/W2091861443,0010938X,Q1,,1,1,Q1,Q1,Q1,1,1,1,1,Q1,1,1,1,1,Q1,1,1,1,1,1
https://openalex.org/W2091869458,05848547,Q1,,1,1,Q1,Q1,Q1,1,1,1,1,Q1,1,1,1,1,Q1,1,1,1,1,1
https://openalex.org/W2091874125,14337851,Q1,,1,1,Q1,Q1,Q1,1,1,1,1,Q1,1,1,1,1,Q1,1,1,1,1,1
https://openalex.org/W2091891086,00223263,Q1,,1,1,Q1,Q1,Q1,1,1,1,1,Q1,1,1,1,1,Q1,1,1,1,1,1
https://openalex.org/W2091916819,02682575,Q2,,2,2,Q2,Q2,Q2,0,2,1,1,Q2,0,2,1,1,Q2,0,2,1,1,0
https://openalex.org/W2091923168,09254005,-,,5,5,Unranked,Unranked,Unranked,0,5,0,0,Unranked,0,5,0,0,Unranked,0,5,0,0,0
https://openalex.org/W2091926171,00381098,Q1,,1,1,Q1,Q1,Q1,1,1,1,1,Q1,1,1,1,1,Q1,1,1,1,1,1
https://openalex.org/W2091947304,03525139,Q3,,3,3,Q3,Q3,Q3,0,3,0,1,Q3,0,3,0,1,Q3,0,3,0,1,0
https://openalex.org/W2091960248,01633864,Q1,,1,1,Q1,Q1,Q1,1,1,1,1,Q1,1,1,1,1,Q1,1,1,1,1,1
https://openalex.org/W2091988862,01448617,Q2,,1,1,Q1,Q1,Q2,0,2,1,1,Q1,1,1,1,1,Q1,1,1,1,1,0
https://openalex.org/W2092020513,01633864,Q1,,1,1,Q1,Q1,Q1,1,1,1,1,Q1,1,1,1,1,Q1,1,1,1,1,1
https://openalex.org/W2092025651,02578972,Q1,,1,1,Q1,Q1,Q1,1,1,1,1,Q1,1,1,1,1,Q1,1,1,1,1,1
https://openalex.org/W2092042639,15667367,Q1,,1,1,Q1,Q1,Q1,1,1,1,1,Q1,1,1,1,1,Q1,1,1,1,1,1
https://openalex.org/W2092062183,09298673,-,,5,4,Unranked,Q4,Unranked,0,5,0,0,Unranked,0,5,0,0,Q4,0,4,0,0,0
https://openalex.org/W2092077780,00032719,Q3,,3,3,Q3,Q3,Q3,0,3,0,1,Q3,0,3,0,1,Q3,0,3,0,1,0
https://openalex.org/W2092080303,00304018,Q1,,2,2,Q2,Q2,Q1,1,1,1,1,Q2,0,2,1,1,Q2,0,2,1,1,1
https://openalex.org/W2092092641,00223263,Q1,,1,1,Q1,Q1,Q1,1,1,1,1,Q1,1,1,1,1,Q1,1,1,1,1,1
https://openalex.org/W2092105090,10221352,Q1,,2,2,Q2,Q2,Q1,1,1,1,1,Q2,0,2,1,1,Q2,0,2,1,1,1
https://openalex.org/W2092108094,09168451,Q3,,2,2,Q2,Q2,Q3,0,3,0,1,Q2,0,2,1,1,Q2,0,2,1,1,0
https://openalex.org/W2092161504,09514198,Q1,,1,1,Q1,Q1,Q1,1,1,1,1,Q1,1,1,1,1,Q1,1,1,1,1,1
https://openalex.org/W2092173895,00220248,Q1,,2,2,Q2,Q2,Q1,1,1,1,1,Q2,0,2,1,1,Q2,0,2,1,1,1
https://openalex.org/W2092188690,09680896,Q2,,1,1,Q1,Q1,Q2,0,2,1,1,Q1,1,1,1,1,Q1,1,1,1,1,0
https://openalex.org/W2092189992,03080501,Q2,,2,2,Q2,Q2,Q2,0,2,1,1,Q2,0,2,1,1,Q2,0,2,1,1,0
https://openalex.org/W2092192449,00218995,Q1,,2,2,Q2,Q2,Q1,1,1,1,1,Q2,0,2,1,1,Q2,0,2,1,1,1
https://openalex.org/W2092199180,14786419,Q3,,3,3,Q3,Q3,Q3,0,3,0,1,Q3,0,3,0,1,Q3,0,3,0,1,0
https://openalex.org/W2092208140,15237052,Q1,,1,1,Q1,Q1,Q1,1,1,1,1,Q1,1,1,1,1,Q1,1,1,1,1,1
https://openalex.org/W2092212570,09680896,Q2,,1,1,Q1,Q1,Q2,0,2,1,1,Q1,1,1,1,1,Q1,1,1,1,1,0
https://openalex.org/W2092227309,09478396,Q1,,1,1,Q1,Q1,Q1,1,1,1,1,Q1,1,1,1,1,Q1,1,1,1,1,1
https://openalex.org/W2092257184,10408347,Q1,,1,1,Q1,Q1,Q1,1,1,1,1,Q1,1,1,1,1,Q1,1,1,1,1,1
https://openalex.org/W2092273310,01422421,Q2,,2,2,Q2,Q2,Q2,0,2,1,1,Q2,0,2,1,1,Q2,0,2,1,1,0
https://openalex.org/W2092311095,00119164,Q1,,1,1,Q1,Q1,Q1,1,1,1,1,Q1,1,1,1,1,Q1,1,1,1,1,1
https://openalex.org/W2092311130,10286020,Q4,,3,3,Q3,Q3,Q4,0,4,0,0,Q3,0,3,0,1,Q3,0,3,0,1,0
https://openalex.org/W2092314101,02552701,Q2,,1,1,Q1,Q1,Q2,0,2,1,1,Q1,1,1,1,1,Q1,1,1,1,1,0
https://openalex.org/W2092318691,01672738,Q1,,1,1,Q1,Q1,Q1,1,1,1,1,Q1,1,1,1,1,Q1,1,1,1,1,1
https://openalex.org/W2092406460,09680896,Q2,,1,1,Q1,Q1,Q2,0,2,1,1,Q1,1,1,1,1,Q1,1,1,1,1,0
https://openalex.org/W2092442619,15353893,Q1,,1,1,Q1,Q1,Q1,1,1,1,1,Q1,1,1,1,1,Q1,1,1,1,1,1
https://openalex.org/W2092451564,00218995,Q1,,2,2,Q2,Q2,Q1,1,1,1,1,Q2,0,2,1,1,Q2,0,2,1,1,1
https://openalex.org/W2092474286,0265203X,Q1,,1,3,Q1,Q3,Q1,1,1,1,1,Q1,1,1,1,1,Q3,0,3,0,1,1
https://openalex.org/W2092509597,00249297,Q1,,1,1,Q1,Q1,Q1,1,1,1,1,Q1,1,1,1,1,Q1,1,1,1,1,1
https://openalex.org/W2092552633,02578972,Q1,,1,1,Q1,Q1,Q1,1,1,1,1,Q1,1,1,1,1,Q1,1,1,1,1,1
https://openalex.org/W2092563477,08885885,Q1,,1,1,Q1,Q1,Q1,1,1,1,1,Q1,1,1,1,1,Q1,1,1,1,1,1
https://openalex.org/W2092586418,01429418,Q2,,2,2,Q2,Q2,Q2,0,2,1,1,Q2,0,2,1,1,Q2,0,2,1,1,0
https://openalex.org/W2092641604,00032719,Q3,,3,3,Q3,Q3,Q3,0,3,0,1,Q3,0,3,0,1,Q3,0,3,0,1,0
https://openalex.org/W2092644727,00032670,Q1,,1,1,Q1,Q1,Q1,1,1,1,1,Q1,1,1,1,1,Q1,1,1,1,1,1
https://openalex.org/W2092655255,00219517,Q1,,1,1,Q1,Q1,Q1,1,1,1,1,Q1,1,1,1,1,Q1,1,1,1,1,1
https://openalex.org/W2092662356,00219673,Q1,,1,1,Q1,Q1,Q1,1,1,1,1,Q1,1,1,1,1,Q1,1,1,1,1,1
https://openalex.org/W2092684545,10990690,Q1,,1,1,Q1,Q1,Q1,1,1,1,1,Q1,1,1,1,1,Q1,1,1,1,1,1
https://openalex.org/W2092727213,0013936X,Q1,,1,1,Q1,Q1,Q1,1,1,1,1,Q1,1,1,1,1,Q1,1,1,1,1,1
https://openalex.org/W2092735425,09106340,Q3,,2,2,Q2,Q2,Q3,0,3,0,1,Q2,0,2,1,1,Q2,0,2,1,1,0
https://openalex.org/W2092821892,07317085,Q2,,1,1,Q1,Q1,Q2,0,2,1,1,Q1,1,1,1,1,Q1,1,1,1,1,0
https://openalex.org/W2092825838,07437463,Q1,,1,1,Q1,Q1,Q1,1,1,1,1,Q1,1,1,1,1,Q1,1,1,1,1,1
https://openalex.org/W2092874785,16159306,Q1,,1,1,Q1,Q1,Q1,1,1,1,1,Q1,1,1,1,1,Q1,1,1,1,1,1
https://openalex.org/W2092897424,10431802,Q1,,1,1,Q1,Q1,Q1,1,1,1,1,Q1,1,1,1,1,Q1,1,1,1,1,1
https://openalex.org/W2092917437,01730835,Q1,,1,1,Q1,Q1,Q1,1,1,1,1,Q1,1,1,1,1,Q1,1,1,1,1,1
https://openalex.org/W2092924627,01730835,Q1,,1,1,Q1,Q1,Q1,1,1,1,1,Q1,1,1,1,1,Q1,1,1,1,1,1
https://openalex.org/W2092948220,00249297,Q1,,1,1,Q1,Q1,Q1,1,1,1,1,Q1,1,1,1,1,Q1,1,1,1,1,1
https://openalex.org/W2092961204,00092363,Q2,,2,2,Q2,Q2,Q2,0,2,1,1,Q2,0,2,1,1,Q2,0,2,1,1,0
https://openalex.org/W2092997164,01633864,Q1,,1,1,Q1,Q1,Q1,1,1,1,1,Q1,1,1,1,1,Q1,1,1,1,1,1
https://openalex.org/W2093033364,00102180,Q1,,1,1,Q1,Q1,Q1,1,1,1,1,Q1,1,1,1,1,Q1,1,1,1,1,1
https://openalex.org/W2093043670,00086223,Q1,,1,1,Q1,Q1,Q1,1,1,1,1,Q1,1,1,1,1,Q1,1,1,1,1,1
https://openalex.org/W2093055133,00218561,Q1,,1,1,Q1,Q1,Q1,1,1,1,1,Q1,1,1,1,1,Q1,1,1,1,1,1
https://openalex.org/W2093082658,01633864,Q1,,1,1,Q1,Q1,Q1,1,1,1,1,Q1,1,1,1,1,Q1,1,1,1,1,1
https://openalex.org/W2093104874,09254005,-,,5,5,Unranked,Unranked,Unranked,0,5,0,0,Unranked,0,5,0,0,Unranked,0,5,0,0,0
https://openalex.org/W2093131161,00456535,Q1,,1,1,Q1,Q1,Q1,1,1,1,1,Q1,1,1,1,1,Q1,1,1,1,1,1
https://openalex.org/W2093154938,15205207,Q1,,1,1,Q1,Q1,Q1,1,1,1,1,Q1,1,1,1,1,Q1,1,1,1,1,1
https://openalex.org/W2093180162,02365731,Q3,,3,3,Q3,Q3,Q3,0,3,0,1,Q3,0,3,0,1,Q3,0,3,0,1,0
https://openalex.org/W2093250301,00224596,Q2,,2,2,Q2,Q2,Q2,0,2,1,1,Q2,0,2,1,1,Q2,0,2,1,1,0
https://openalex.org/W2093257185,00218561,Q1,,1,1,Q1,Q1,Q1,1,1,1,1,Q1,1,1,1,1,Q1,1,1,1,1,1
https://openalex.org/W2093260848,02578972,Q1,,1,1,Q1,Q1,Q1,1,1,1,1,Q1,1,1,1,1,Q1,1,1,1,1,1
https://openalex.org/W2093271929,09253467,-,,5,5,Unranked,Unranked,Unranked,0,5,0,0,Unranked,0,5,0,0,Unranked,0,5,0,0,0
https://openalex.org/W2093273689,00223263,Q1,,1,1,Q1,Q1,Q1,1,1,1,1,Q1,1,1,1,1,Q1,1,1,1,1,1
https://openalex.org/W2093414985,01429418,Q2,,2,2,Q2,Q2,Q2,0,2,1,1,Q2,0,2,1,1,Q2,0,2,1,1,0
https://openalex.org/W2093415214,09254005,-,,5,5,Unranked,Unranked,Unranked,0,5,0,0,Unranked,0,5,0,0,Unranked,0,5,0,0,0
https://openalex.org/W2093453006,00201669,Q1,,1,1,Q1,Q1,Q1,1,1,1,1,Q1,1,1,1,1,Q1,1,1,1,1,1
https://openalex.org/W2093478550,02578972,Q1,,1,1,Q1,Q1,Q1,1,1,1,1,Q1,1,1,1,1,Q1,1,1,1,1,1
https://openalex.org/W2093508669,09574166,Q1,,1,1,Q1,Q1,Q1,1,1,1,1,Q1,1,1,1,1,Q1,1,1,1,1,1
https://openalex.org/W2093522968,00027863,Q1,,1,1,Q1,Q1,Q1,1,1,1,1,Q1,1,1,1,1,Q1,1,1,1,1,1
https://openalex.org/W2093530224,00406031,Q3,,2,2,Q2,Q2,Q3,0,3,0,1,Q2,0,2,1,1,Q2,0,2,1,1,0
https://openalex.org/W2093572069,0887624X,Q1,,1,1,Q1,Q1,Q1,1,1,1,1,Q1,1,1,1,1,Q1,1,1,1,1,1
https://openalex.org/W2093598378,00119164,Q1,,1,1,Q1,Q1,Q1,1,1,1,1,Q1,1,1,1,1,Q1,1,1,1,1,1
https://openalex.org/W2093631965,02536269,Q3,,3,3,Q3,Q3,Q3,0,3,0,1,Q3,0,3,0,1,Q3,0,3,0,1,0
https://openalex.org/W2093664251,01448617,Q2,,1,1,Q1,Q1,Q2,0,2,1,1,Q1,1,1,1,1,Q1,1,1,1,1,0
https://openalex.org/W2093665118,09574166,Q1,,1,1,Q1,Q1,Q1,1,1,1,1,Q1,1,1,1,1,Q1,1,1,1,1,1
https://openalex.org/W2093689333,13597345,Q1,,1,1,Q1,Q1,Q1,1,1,1,1,Q1,1,1,1,1,Q1,1,1,1,1,1
https://openalex.org/W2093693988,09669795,Q1,,1,1,Q1,Q1,Q1,1,1,1,1,Q1,1,1,1,1,Q1,1,1,1,1,1
https://openalex.org/W2093697867,00105082,Q3,,3,3,Q3,Q3,Q3,0,3,0,1,Q3,0,3,0,1,Q3,0,3,0,1,0
https://openalex.org/W2093729082,13597345,Q1,,1,1,Q1,Q1,Q1,1,1,1,1,Q1,1,1,1,1,Q1,1,1,1,1,1
https://openalex.org/W2093730910,10225528,Q1,,1,1,Q1,Q1,Q1,1,1,1,1,Q1,1,1,1,1,Q1,1,1,1,1,1
https://openalex.org/W2093754983,00218561,Q1,,1,1,Q1,Q1,Q1,1,1,1,1,Q1,1,1,1,1,Q1,1,1,1,1,1
https://openalex.org/W2093797670,00218995,Q1,,2,2,Q2,Q2,Q1,1,1,1,1,Q2,0,2,1,1,Q2,0,2,1,1,1
https://openalex.org/W2093821028,00032670,Q1,,1,1,Q1,Q1,Q1,1,1,1,1,Q1,1,1,1,1,Q1,1,1,1,1,1
https://openalex.org/W2093855997,00032670,Q1,,1,1,Q1,Q1,Q1,1,1,1,1,Q1,1,1,1,1,Q1,1,1,1,1,1
https://openalex.org/W2093876012,00218995,Q1,,2,2,Q2,Q2,Q1,1,1,1,1,Q2,0,2,1,1,Q2,0,2,1,1,1
https://openalex.org/W2093883451,01448617,Q2,,1,1,Q1,Q1,Q2,0,2,1,1,Q1,1,1,1,1,Q1,1,1,1,1,0
https://openalex.org/W2093888217,10826076,Q3,,3,3,Q3,Q3,Q3,0,3,0,1,Q3,0,3,0,1,Q3,0,3,0,1,0
https://openalex.org/W2093968074,09598103,-,,5,5,Unranked,Unranked,Unranked,0,5,0,0,Unranked,0,5,0,0,Unranked,0,5,0,0,0
https://openalex.org/W2093986131,03612317,Q2,,2,2,Q2,Q2,Q2,0,2,1,1,Q2,0,2,1,1,Q2,0,2,1,1,0
https://openalex.org/W2094001223,0026265X,Q2,,2,2,Q2,Q2,Q2,0,2,1,1,Q2,0,2,1,1,Q2,0,2,1,1,0
https://openalex.org/W2094014163,02578972,Q1,,1,1,Q1,Q1,Q1,1,1,1,1,Q1,1,1,1,1,Q1,1,1,1,1,1
https://openalex.org/W2094014427,13597345,Q1,,1,1,Q1,Q1,Q1,1,1,1,1,Q1,1,1,1,1,Q1,1,1,1,1,1
https://openalex.org/W2094027248,00027863,Q1,,1,1,Q1,Q1,Q1,1,1,1,1,Q1,1,1,1,1,Q1,1,1,1,1,1
https://openalex.org/W2094038576,00220248,Q1,,2,2,Q2,Q2,Q1,1,1,1,1,Q2,0,2,1,1,Q2,0,2,1,1,1
https://openalex.org/W2094102116,00218995,Q1,,2,2,Q2,Q2,Q1,1,1,1,1,Q2,0,2,1,1,Q2,0,2,1,1,1
https://openalex.org/W2094103933,00220248,Q1,,2,2,Q2,Q2,Q1,1,1,1,1,Q2,0,2,1,1,Q2,0,2,1,1,1
https://openalex.org/W2094125803,00219592,Q2,,3,3,Q3,Q3,Q2,0,2,1,1,Q3,0,3,0,1,Q3,0,3,0,1,0
https://openalex.org/W2094127046,09270256,Q1,,1,1,Q1,Q1,Q1,1,1,1,1,Q1,1,1,1,1,Q1,1,1,1,1,1
https://openalex.org/W2094140375,0009286X,Q3,,3,3,Q3,Q3,Q3,0,3,0,1,Q3,0,3,0,1,Q3,0,3,0,1,0
https://openalex.org/W2094142566,03088146,Q1,,1,1,Q1,Q1,Q1,1,1,1,1,Q1,1,1,1,1,Q1,1,1,1,1,1
https://openalex.org/W2094170612,15237052,Q1,,1,1,Q1,Q1,Q1,1,1,1,1,Q1,1,1,1,1,Q1,1,1,1,1,1
https://openalex.org/W2094213022,00224073,Q2,,2,2,Q2,Q2,Q2,0,2,1,1,Q2,0,2,1,1,Q2,0,2,1,1,0
https://openalex.org/W2094233569,13873806,Q1,,2,2,Q2,Q2,Q1,1,1,1,1,Q2,0,2,1,1,Q2,0,2,1,1,1
https://openalex.org/W2094279554,00220248,Q1,,2,2,Q2,Q2,Q1,1,1,1,1,Q2,0,2,1,1,Q2,0,2,1,1,1
https://openalex.org/W2094297961,09254005,-,,5,5,Unranked,Unranked,Unranked,0,5,0,0,Unranked,0,5,0,0,Unranked,0,5,0,0,0
https://openalex.org/W2094315178,0026265X,Q2,,2,2,Q2,Q2,Q2,0,2,1,1,Q2,0,2,1,1,Q2,0,2,1,1,0
https://openalex.org/W2094320061,00201693,Q2,,2,2,Q2,Q2,Q2,0,2,1,1,Q2,0,2,1,1,Q2,0,2,1,1,0
https://openalex.org/W2094360753,03787753,Q1,,1,1,Q1,Q1,Q1,1,1,1,1,Q1,1,1,1,1,Q1,1,1,1,1,1
https://openalex.org/W2094394154,01672738,Q1,,1,1,Q1,Q1,Q1,1,1,1,1,Q1,1,1,1,1,Q1,1,1,1,1,1
https://openalex.org/W2094398236,00027863,Q1,,1,1,Q1,Q1,Q1,1,1,1,1,Q1,1,1,1,1,Q1,1,1,1,1,1
https://openalex.org/W2094405759,10990690,Q1,,1,1,Q1,Q1,Q1,1,1,1,1,Q1,1,1,1,1,Q1,1,1,1,1,1
https://openalex.org/W2094406279,00143057,Q2,,1,1,Q1,Q1,Q2,0,2,1,1,Q1,1,1,1,1,Q1,1,1,1,1,0
https://openalex.org/W2094412094,13596640,Q1,,1,1,Q1,Q1,Q1,1,1,1,1,Q1,1,1,1,1,Q1,1,1,1,1,1
https://openalex.org/W2094485367,00134651,Q1,,1,1,Q1,Q1,Q1,1,1,1,1,Q1,1,1,1,1,Q1,1,1,1,1,1
https://openalex.org/W2094485793,09106340,Q3,,2,2,Q2,Q2,Q3,0,3,0,1,Q2,0,2,1,1,Q2,0,2,1,1,0
https://openalex.org/W2094522051,10619348,Q4,,4,4,Q4,Q4,Q4,0,4,0,0,Q4,0,4,0,0,Q4,0,4,0,0,0
https://openalex.org/W2094539668,00032700,Q1,,1,1,Q1,Q1,Q1,1,1,1,1,Q1,1,1,1,1,Q1,1,1,1,1,1
https://openalex.org/W2094540860,09277765,Q2,,2,2,Q2,Q2,Q2,0,2,1,1,Q2,0,2,1,1,Q2,0,2,1,1,0
https://openalex.org/W2094544040,00218561,Q1,,1,1,Q1,Q1,Q1,1,1,1,1,Q1,1,1,1,1,Q1,1,1,1,1,1
https://openalex.org/W2094565156,05848547,Q1,,1,1,Q1,Q1,Q1,1,1,1,1,Q1,1,1,1,1,Q1,1,1,1,1,1
https://openalex.org/W2094573569,01448617,Q2,,1,1,Q1,Q1,Q2,0,2,1,1,Q1,1,1,1,1,Q1,1,1,1,1,0
https://openalex.org/W2094589797,01694332,-,,5,5,Unranked,Unranked,Unranked,0,5,0,0,Unranked,0,5,0,0,Unranked,0,5,0,0,0
https://openalex.org/W2094647910,01633864,Q1,,1,1,Q1,Q1,Q1,1,1,1,1,Q1,1,1,1,1,Q1,1,1,1,1,1
https://openalex.org/W2094665864,09669795,Q1,,1,1,Q1,Q1,Q1,1,1,1,1,Q1,1,1,1,1,Q1,1,1,1,1,1
https://openalex.org/W2094687945,00389056,Q2,,2,2,Q2,Q2,Q2,0,2,1,1,Q2,0,2,1,1,Q2,0,2,1,1,0
https://openalex.org/W2094711567,00032700,Q1,,1,1,Q1,Q1,Q1,1,1,1,1,Q1,1,1,1,1,Q1,1,1,1,1,1
https://openalex.org/W2094741775,14639076,Q1,,1,1,Q1,Q1,Q1,1,1,1,1,Q1,1,1,1,1,Q1,1,1,1,1,1
https://openalex.org/W2094755922,00397911,Q3,,3,3,Q3,Q3,Q3,0,3,0,1,Q3,0,3,0,1,Q3,0,3,0,1,0
https://openalex.org/W2094756432,00338230,Q3,,3,3,Q3,Q3,Q3,0,3,0,1,Q3,0,3,0,1,Q3,0,3,0,1,0
https://openalex.org/W2094757223,00032700,Q1,,1,1,Q1,Q1,Q1,1,1,1,1,Q1,1,1,1,1,Q1,1,1,1,1,1
https://openalex.org/W2094757619,03088146,Q1,,1,1,Q1,Q1,Q1,1,1,1,1,Q1,1,1,1,1,Q1,1,1,1,1,1
https://openalex.org/W2094777281,02365731,Q3,,3,3,Q3,Q3,Q3,0,3,0,1,Q3,0,3,0,1,Q3,0,3,0,1,0
https://openalex.org/W2094783391,00219568,Q1,,1,1,Q1,Q1,Q1,1,1,1,1,Q1,1,1,1,1,Q1,1,1,1,1,1
https://openalex.org/W2094802099,00134686,Q1,,1,1,Q1,Q1,Q1,1,1,1,1,Q1,1,1,1,1,Q1,1,1,1,1,1
https://openalex.org/W2094824113,09280707,Q1,,2,2,Q2,Q2,Q1,1,1,1,1,Q2,0,2,1,1,Q2,0,2,1,1,1
https://openalex.org/W2094840182,00219673,Q1,,1,1,Q1,Q1,Q1,1,1,1,1,Q1,1,1,1,1,Q1,1,1,1,1,1
https://openalex.org/W2094846983,00249297,Q1,,1,1,Q1,Q1,Q1,1,1,1,1,Q1,1,1,1,1,Q1,1,1,1,1,1
https://openalex.org/W2094851876,00406031,Q3,,2,2,Q2,Q2,Q3,0,3,0,1,Q2,0,2,1,1,Q2,0,2,1,1,0
https://openalex.org/W2094856508,00218561,Q1,,1,1,Q1,Q1,Q1,1,1,1,1,Q1,1,1,1,1,Q1,1,1,1,1,1
https://openalex.org/W2094907360,08885885,Q1,,1,1,Q1,Q1,Q1,1,1,1,1,Q1,1,1,1,1,Q1,1,1,1,1,1
https://openalex.org/W2094931963,00304018,Q1,,2,2,Q2,Q2,Q1,1,1,1,1,Q2,0,2,1,1,Q2,0,2,1,1,1
https://openalex.org/W2094934281,09565663,Q1,,1,1,Q1,Q1,Q1,1,1,1,1,Q1,1,1,1,1,Q1,1,1,1,1,1
https://openalex.org/W2094964157,10286020,Q4,,3,3,Q3,Q3,Q4,0,4,0,0,Q3,0,3,0,1,Q3,0,3,0,1,0
https://openalex.org/W2095009942,00032719,Q3,,3,3,Q3,Q3,Q3,0,3,0,1,Q3,0,3,0,1,Q3,0,3,0,1,0
https://openalex.org/W2095014638,00027863,Q1,,1,1,Q1,Q1,Q1,1,1,1,1,Q1,1,1,1,1,Q1,1,1,1,1,1
https://openalex.org/W2095042441,09277757,-,,5,5,Unranked,Unranked,Unranked,0,5,0,0,Unranked,0,5,0,0,Unranked,0,5,0,0,0
https://openalex.org/W2095133472,00218561,Q1,,1,1,Q1,Q1,Q1,1,1,1,1,Q1,1,1,1,1,Q1,1,1,1,1,1
https://openalex.org/W2095140039,09574484,Q1,,1,1,Q1,Q1,Q1,1,1,1,1,Q1,1,1,1,1,Q1,1,1,1,1,1
https://openalex.org/W2095146512,1061933X,Q4,,4,4,Q4,Q4,Q4,0,4,0,0,Q4,0,4,0,0,Q4,0,4,0,0,0
https://openalex.org/W2095218414,09168451,Q3,,2,2,Q2,Q2,Q3,0,3,0,1,Q2,0,2,1,1,Q2,0,2,1,1,0
https://openalex.org/W2095257151,07437463,Q1,,1,1,Q1,Q1,Q1,1,1,1,1,Q1,1,1,1,1,Q1,1,1,1,1,1
https://openalex.org/W2095275048,10681620,Q4,,4,4,Q4,Q4,Q4,0,4,0,0,Q4,0,4,0,0,Q4,0,4,0,0,0
https://openalex.org/W2095291357,0887624X,Q1,,1,1,Q1,Q1,Q1,1,1,1,1,Q1,1,1,1,1,Q1,1,1,1,1,1
https://openalex.org/W2095295132,00032700,Q1,,1,1,Q1,Q1,Q1,1,1,1,1,Q1,1,1,1,1,Q1,1,1,1,1,1
https://openalex.org/W2095332823,00323888,Q1,,2,2,Q2,Q2,Q1,1,1,1,1,Q2,0,2,1,1,Q2,0,2,1,1,1
https://openalex.org/W2095344145,00027863,Q1,,1,1,Q1,Q1,Q1,1,1,1,1,Q1,1,1,1,1,Q1,1,1,1,1,1
https://openalex.org/W2095391510,00032670,Q1,,1,1,Q1,Q1,Q1,1,1,1,1,Q1,1,1,1,1,Q1,1,1,1,1,1
https://openalex.org/W2095393985,1011372X,Q1,,1,1,Q1,Q1,Q1,1,1,1,1,Q1,1,1,1,1,Q1,1,1,1,1,1
https://openalex.org/W2095400858,03014622,Q1,,2,2,Q2,Q2,Q1,1,1,1,1,Q2,0,2,1,1,Q2,0,2,1,1,1
https://openalex.org/W2095427002,00218995,Q1,,2,2,Q2,Q2,Q1,1,1,1,1,Q2,0,2,1,1,Q2,0,2,1,1,1
https://openalex.org/W2095437630,14668564,Q2,,1,1,Q1,Q1,Q2,0,2,1,1,Q1,1,1,1,1,Q1,1,1,1,1,0
https://openalex.org/W2095442310,00027863,Q1,,1,1,Q1,Q1,Q1,1,1,1,1,Q1,1,1,1,1,Q1,1,1,1,1,1
https://openalex.org/W2095469139,09168451,Q3,,2,2,Q2,Q2,Q3,0,3,0,1,Q2,0,2,1,1,Q2,0,2,1,1,0
https://openalex.org/W2095477661,13590294,Q1,,1,1,Q1,Q1,Q1,1,1,1,1,Q1,1,1,1,1,Q1,1,1,1,1,1
https://openalex.org/W2095502237,02578972,Q1,,1,1,Q1,Q1,Q1,1,1,1,1,Q1,1,1,1,1,Q1,1,1,1,1,1
https://openalex.org/W2095628615,08837694,Q1,,1,1,Q1,Q1,Q1,1,1,1,1,Q1,1,1,1,1,Q1,1,1,1,1,1
https://openalex.org/W2095725547,00498246,Q2,,3,3,Q3,Q3,Q2,0,2,1,1,Q3,0,3,0,1,Q3,0,3,0,1,0
https://openalex.org/W2095745831,00442313,Q3,,3,3,Q3,Q3,Q3,0,3,0,1,Q3,0,3,0,1,Q3,0,3,0,1,0
https://openalex.org/W2095801750,14387697,Q2,,2,2,Q2,Q2,Q2,0,2,1,1,Q2,0,2,1,1,Q2,0,2,1,1,0
https://openalex.org/W2095906039,09514198,Q1,,1,1,Q1,Q1,Q1,1,1,1,1,Q1,1,1,1,1,Q1,1,1,1,1,1
https://openalex.org/W2095924271,00323888,Q1,,2,2,Q2,Q2,Q1,1,1,1,1,Q2,0,2,1,1,Q2,0,2,1,1,1
https://openalex.org/W2096022849,00092363,Q2,,2,2,Q2,Q2,Q2,0,2,1,1,Q2,0,2,1,1,Q2,0,2,1,1,0
https://openalex.org/W2096110357,14730189,Q1,,1,1,Q1,Q1,Q1,1,1,1,1,Q1,1,1,1,1,Q1,1,1,1,1,1
https://openalex.org/W2096122189,01464760,Q1,,1,1,Q1,Q1,Q1,1,1,1,1,Q1,1,1,1,1,Q1,1,1,1,1,1
https://openalex.org/W2096176773,09307516,Q2,,2,2,Q2,Q2,Q2,0,2,1,1,Q2,0,2,1,1,Q2,0,2,1,1,0
https://openalex.org/W2096184337,02235234,Q2,,1,1,Q1,Q1,Q2,0,2,1,1,Q1,1,1,1,1,Q1,1,1,1,1,0
https://openalex.org/W2096315499,02682605,Q2,,2,2,Q2,Q2,Q2,0,2,1,1,Q2,0,2,1,1,Q2,0,2,1,1,0
https://openalex.org/W2096731568,00223263,Q1,,1,1,Q1,Q1,Q1,1,1,1,1,Q1,1,1,1,1,Q1,1,1,1,1,1
https://openalex.org/W2096873500,08943214,Q2,,2,2,Q2,Q2,Q2,0,2,1,1,Q2,0,2,1,1,Q2,0,2,1,1,0
https://openalex.org/W2096885493,13597345,Q1,,1,1,Q1,Q1,Q1,1,1,1,1,Q1,1,1,1,1,Q1,1,1,1,1,1
https://openalex.org/W2096899686,09599428,Q1,,1,1,Q1,Q1,Q1,1,1,1,1,Q1,1,1,1,1,Q1,1,1,1,1,1
https://openalex.org/W2096918778,10427163,Q2,,2,2,Q2,Q2,Q2,0,2,1,1,Q2,0,2,1,1,Q2,0,2,1,1,0
https://openalex.org/W2096956453,01633864,Q1,,1,1,Q1,Q1,Q1,1,1,1,1,Q1,1,1,1,1,Q1,1,1,1,1,1
https://openalex.org/W2097064007,09514198,Q1,,1,1,Q1,Q1,Q1,1,1,1,1,Q1,1,1,1,1,Q1,1,1,1,1,1
https://openalex.org/W2097072230,02693879,Q3,,2,2,Q2,Q2,Q3,0,3,0,1,Q2,0,2,1,1,Q2,0,2,1,1,0
https://openalex.org/W2097119133,02561115,Q2,,2,2,Q2,Q2,Q2,0,2,1,1,Q2,0,2,1,1,Q2,0,2,1,1,0
https://openalex.org/W2097337257,13597345,Q1,,1,1,Q1,Q1,Q1,1,1,1,1,Q1,1,1,1,1,Q1,1,1,1,1,1
https://openalex.org/W2097402538,00399140,Q1,,1,1,Q1,Q1,Q1,1,1,1,1,Q1,1,1,1,1,Q1,1,1,1,1,1
https://openalex.org/W2097451022,01677322,Q3,,2,2,Q2,Q2,Q3,0,3,0,1,Q2,0,2,1,1,Q2,0,2,1,1,0
https://openalex.org/W2097581470,14394235,Q1,,1,1,Q1,Q1,Q1,1,1,1,1,Q1,1,1,1,1,Q1,1,1,1,1,1
https://openalex.org/W2097611108,0960894X,Q2,,2,2,Q2,Q2,Q2,0,2,1,1,Q2,0,2,1,1,Q2,0,2,1,1,0
https://openalex.org/W2097626122,00027863,Q1,,1,1,Q1,Q1,Q1,1,1,1,1,Q1,1,1,1,1,Q1,1,1,1,1,1
https://openalex.org/W2097627601,13597345,Q1,,1,1,Q1,Q1,Q1,1,1,1,1,Q1,1,1,1,1,Q1,1,1,1,1,1
https://openalex.org/W2097665901,13858947,Q1,,1,1,Q1,Q1,Q1,1,1,1,1,Q1,1,1,1,1,Q1,1,1,1,1,1
https://openalex.org/W2097768762,03787753,Q1,,1,1,Q1,Q1,Q1,1,1,1,1,Q1,1,1,1,1,Q1,1,1,1,1,1
https://openalex.org/W2097791541,0960894X,Q2,,2,2,Q2,Q2,Q2,0,2,1,1,Q2,0,2,1,1,Q2,0,2,1,1,0
https://openalex.org/W2098184814,00323888,Q1,,2,2,Q2,Q2,Q1,1,1,1,1,Q2,0,2,1,1,Q2,0,2,1,1,1
https://openalex.org/W2098190434,13597345,Q1,,1,1,Q1,Q1,Q1,1,1,1,1,Q1,1,1,1,1,Q1,1,1,1,1,1
https://openalex.org/W2098241613,15227235,Q2,,2,2,Q2,Q2,Q2,0,2,1,1,Q2,0,2,1,1,Q2,0,2,1,1,0
https://openalex.org/W2098358677,01464760,Q1,,1,1,Q1,Q1,Q1,1,1,1,1,Q1,1,1,1,1,Q1,1,1,1,1,1
https://openalex.org/W2098382293,00221139,Q2,,2,2,Q2,Q2,Q2,0,2,1,1,Q2,0,2,1,1,Q2,0,2,1,1,0
https://openalex.org/W2098393079,01448617,Q2,,1,1,Q1,Q1,Q2,0,2,1,1,Q1,1,1,1,1,Q1,1,1,1,1,0
https://openalex.org/W2098455349,00218995,Q1,,2,2,Q2,Q2,Q1,1,1,1,1,Q2,0,2,1,1,Q2,0,2,1,1,1
https://openalex.org/W2098575174,00095893,Q2,,2,2,Q2,Q2,Q2,0,2,1,1,Q2,0,2,1,1,Q2,0,2,1,1,0
https://openalex.org/W2098620608,15306984,Q1,,1,1,Q1,Q1,Q1,1,1,1,1,Q1,1,1,1,1,Q1,1,1,1,1,1
https://openalex.org/W2098631248,03767388,Q1,,1,1,Q1,Q1,Q1,1,1,1,1,Q1,1,1,1,1,Q1,1,1,1,1,1
https://openalex.org/W2098635292,00404039,Q1,,2,2,Q2,Q2,Q1,1,1,1,1,Q2,0,2,1,1,Q2,0,2,1,1,1
https://openalex.org/W2098709953,03787753,Q1,,1,1,Q1,Q1,Q1,1,1,1,1,Q1,1,1,1,1,Q1,1,1,1,1,1
https://openalex.org/W2098713770,10990062,Q1,,1,1,Q1,Q1,Q1,1,1,1,1,Q1,1,1,1,1,Q1,1,1,1,1,1
https://openalex.org/W2098725423,03787753,Q1,,1,1,Q1,Q1,Q1,1,1,1,1,Q1,1,1,1,1,Q1,1,1,1,1,1
https://openalex.org/W2098740315,0036021X,Q2,,2,2,Q2,Q2,Q2,0,2,1,1,Q2,0,2,1,1,Q2,0,2,1,1,0
https://openalex.org/W2098771435,15359476,Q1,,1,1,Q1,Q1,Q1,1,1,1,1,Q1,1,1,1,1,Q1,1,1,1,1,1
https://openalex.org/W2098843841,01928651,Q1,,1,1,Q1,Q1,Q1,1,1,1,1,Q1,1,1,1,1,Q1,1,1,1,1,1
https://openalex.org/W2098900661,00218995,Q1,,2,2,Q2,Q2,Q1,1,1,1,1,Q2,0,2,1,1,Q2,0,2,1,1,1
https://openalex.org/W2098906274,13504177,-,,5,5,Unranked,Unranked,Unranked,0,5,0,0,Unranked,0,5,0,0,Unranked,0,5,0,0,0
https://openalex.org/W2098945485,09598103,-,,5,5,Unranked,Unranked,Unranked,0,5,0,0,Unranked,0,5,0,0,Unranked,0,5,0,0,0
https://openalex.org/W2098975172,01422421,Q2,,2,2,Q2,Q2,Q2,0,2,1,1,Q2,0,2,1,1,Q2,0,2,1,1,0
https://openalex.org/W2099004283,15237052,Q1,,1,1,Q1,Q1,Q1,1,1,1,1,Q1,1,1,1,1,Q1,1,1,1,1,1
https://openalex.org/W2099134052,00143057,Q2,,1,1,Q1,Q1,Q2,0,2,1,1,Q1,1,1,1,1,Q1,1,1,1,1,0
https://openalex.org/W2099212446,01672738,Q1,,1,1,Q1,Q1,Q1,1,1,1,1,Q1,1,1,1,1,Q1,1,1,1,1,1
https://openalex.org/W2099240048,00223263,Q1,,1,1,Q1,Q1,Q1,1,1,1,1,Q1,1,1,1,1,Q1,1,1,1,1,1
https://openalex.org/W2099258829,01422421,Q2,,2,2,Q2,Q2,Q2,0,2,1,1,Q2,0,2,1,1,Q2,0,2,1,1,0
https://openalex.org/W2099293076,14723581,Q1,,2,2,Q2,Q2,Q1,1,1,1,1,Q2,0,2,1,1,Q2,0,2,1,1,1
https://openalex.org/W2099354537,15237052,Q1,,1,1,Q1,Q1,Q1,1,1,1,1,Q1,1,1,1,1,Q1,1,1,1,1,1
https://openalex.org/W2099372105,00102180,Q1,,1,1,Q1,Q1,Q1,1,1,1,1,Q1,1,1,1,1,Q1,1,1,1,1,1
https://openalex.org/W2099439646,00397911,Q3,,3,3,Q3,Q3,Q3,0,3,0,1,Q3,0,3,0,1,Q3,0,3,0,1,0
https://openalex.org/W2099586872,03783812,Q2,,2,2,Q2,Q2,Q2,0,2,1,1,Q2,0,2,1,1,Q2,0,2,1,1,0
https://openalex.org/W2099590024,00219665,Q2,,3,3,Q3,Q3,Q2,0,2,1,1,Q3,0,3,0,1,Q3,0,3,0,1,0
https://openalex.org/W2099654727,00406031,Q3,,2,2,Q2,Q2,Q3,0,3,0,1,Q2,0,2,1,1,Q2,0,2,1,1,0
https://openalex.org/W2099713895,01730835,Q1,,1,1,Q1,Q1,Q1,1,1,1,1,Q1,1,1,1,1,Q1,1,1,1,1,1
https://openalex.org/W2099750323,08825734,Q2,,2,2,Q2,Q2,Q2,0,2,1,1,Q2,0,2,1,1,Q2,0,2,1,1,0
https://openalex.org/W2099833197,00223263,Q1,,1,1,Q1,Q1,Q1,1,1,1,1,Q1,1,1,1,1,Q1,1,1,1,1,1
https://openalex.org/W2099895177,09598103,-,,5,5,Unranked,Unranked,Unranked,0,5,0,0,Unranked,0,5,0,0,Unranked,0,5,0,0,0
https://openalex.org/W2099965020,02679477,Q1,,1,1,Q1,Q1,Q1,1,1,1,1,Q1,1,1,1,1,Q1,1,1,1,1,1
https://openalex.org/W2099983709,00027863,Q1,,1,1,Q1,Q1,Q1,1,1,1,1,Q1,1,1,1,1,Q1,1,1,1,1,1
https://openalex.org/W2100269559,13861425,Q2,,2,2,Q2,Q2,Q2,0,2,1,1,Q2,0,2,1,1,Q2,0,2,1,1,0
https://openalex.org/W2100284506,09254005,-,,5,5,Unranked,Unranked,Unranked,0,5,0,0,Unranked,0,5,0,0,Unranked,0,5,0,0,0
https://openalex.org/W2100508076,00032654,Q1,,1,1,Q1,Q1,Q1,1,1,1,1,Q1,1,1,1,1,Q1,1,1,1,1,1
https://openalex.org/W2100546419,13597345,Q1,,1,1,Q1,Q1,Q1,1,1,1,1,Q1,1,1,1,1,Q1,1,1,1,1,1
https://openalex.org/W2100628634,00032700,Q1,,1,1,Q1,Q1,Q1,1,1,1,1,Q1,1,1,1,1,Q1,1,1,1,1,1
https://openalex.org/W2100740807,01422421,Q2,,2,2,Q2,Q2,Q2,0,2,1,1,Q2,0,2,1,1,Q2,0,2,1,1,0
https://openalex.org/W2100771902,00404020,Q1,,1,1,Q1,Q1,Q1,1,1,1,1,Q1,1,1,1,1,Q1,1,1,1,1,1
https://openalex.org/W2100874703,03787753,Q1,,1,1,Q1,Q1,Q1,1,1,1,1,Q1,1,1,1,1,Q1,1,1,1,1,1
https://openalex.org/W2100883746,02578972,Q1,,1,1,Q1,Q1,Q1,1,1,1,1,Q1,1,1,1,1,Q1,1,1,1,1,1
https://openalex.org/W2101001034,00397911,Q3,,3,3,Q3,Q3,Q3,0,3,0,1,Q3,0,3,0,1,Q3,0,3,0,1,0
https://openalex.org/W2101104986,08825734,Q2,,2,2,Q2,Q2,Q2,0,2,1,1,Q2,0,2,1,1,Q2,0,2,1,1,0
https://openalex.org/W2101115310,09254005,-,,5,5,Unranked,Unranked,Unranked,0,5,0,0,Unranked,0,5,0,0,Unranked,0,5,0,0,0
https://openalex.org/W2101524612,10990690,Q1,,1,1,Q1,Q1,Q1,1,1,1,1,Q1,1,1,1,1,Q1,1,1,1,1,1
https://openalex.org/W2101652332,00404039,Q1,,2,2,Q2,Q2,Q1,1,1,1,1,Q2,0,2,1,1,Q2,0,2,1,1,1
https://openalex.org/W2101659169,14639076,Q1,,1,1,Q1,Q1,Q1,1,1,1,1,Q1,1,1,1,1,Q1,1,1,1,1,1
https://openalex.org/W2101706493,09580344,Q2,,2,2,Q2,Q2,Q2,0,2,1,1,Q2,0,2,1,1,Q2,0,2,1,1,0
https://openalex.org/W2101757077,03770486,Q2,,1,1,Q1,Q1,Q2,0,2,1,1,Q1,1,1,1,1,Q1,1,1,1,1,0
https://openalex.org/W2101801392,13835866,Q1,,1,1,Q1,Q1,Q1,1,1,1,1,Q1,1,1,1,1,Q1,1,1,1,1,1
https://openalex.org/W2101839945,02678292,Q2,,2,2,Q2,Q2,Q2,0,2,1,1,Q2,0,2,1,1,Q2,0,2,1,1,0
https://openalex.org/W2101906747,03787753,Q1,,1,1,Q1,Q1,Q1,1,1,1,1,Q1,1,1,1,1,Q1,1,1,1,1,1
https://openalex.org/W2101989946,00323861,Q1,,1,1,Q1,Q1,Q1,1,1,1,1,Q1,1,1,1,1,Q1,1,1,1,1,1
https://openalex.org/W2102148827,02235234,Q2,,1,1,Q1,Q1,Q2,0,2,1,1,Q1,1,1,1,1,Q1,1,1,1,1,0
https://openalex.org/W2102318307,00304948,Q3,,3,3,Q3,Q3,Q3,0,3,0,1,Q3,0,3,0,1,Q3,0,3,0,1,0
https://openalex.org/W2102383974,00218995,Q1,,2,2,Q2,Q2,Q1,1,1,1,1,Q2,0,2,1,1,Q2,0,2,1,1,1
https://openalex.org/W2102401615,08876266,Q1,,2,2,Q2,Q2,Q1,1,1,1,1,Q2,0,2,1,1,Q2,0,2,1,1,1
https://openalex.org/W2102405747,00032700,Q1,,1,1,Q1,Q1,Q1,1,1,1,1,Q1,1,1,1,1,Q1,1,1,1,1,1
https://openalex.org/W2102447146,09478396,Q1,,1,1,Q1,Q1,Q1,1,1,1,1,Q1,1,1,1,1,Q1,1,1,1,1,1
https://openalex.org/W2102479886,13886150,Q3,,3,3,Q3,Q3,Q3,0,3,0,1,Q3,0,3,0,1,Q3,0,3,0,1,0
https://openalex.org/W2102532550,10826076,Q3,,3,3,Q3,Q3,Q3,0,3,0,1,Q3,0,3,0,1,Q3,0,3,0,1,0
https://openalex.org/W2102565754,03009440,Q2,,2,2,Q2,Q2,Q2,0,2,1,1,Q2,0,2,1,1,Q2,0,2,1,1,0
https://openalex.org/W2102574135,09514198,Q1,,1,1,Q1,Q1,Q1,1,1,1,1,Q1,1,1,1,1,Q1,1,1,1,1,1
https://openalex.org/W2102626832,14337851,Q1,,1,1,Q1,Q1,Q1,1,1,1,1,Q1,1,1,1,1,Q1,1,1,1,1,1
https://openalex.org/W2102640469,08876266,Q1,,2,2,Q2,Q2,Q1,1,1,1,1,Q2,0,2,1,1,Q2,0,2,1,1,1
https://openalex.org/W2102763106,13597345,Q1,,1,1,Q1,Q1,Q1,1,1,1,1,Q1,1,1,1,1,Q1,1,1,1,1,1
https://openalex.org/W2102772006,09598103,-,,5,5,Unranked,Unranked,Unranked,0,5,0,0,Unranked,0,5,0,0,Unranked,0,5,0,0,0
https://openalex.org/W2102892991,14203049,Q3,,2,2,Q2,Q2,Q3,0,3,0,1,Q2,0,2,1,1,Q2,0,2,1,1,0
https://openalex.org/W2102961365,09514198,Q1,,1,1,Q1,Q1,Q1,1,1,1,1,Q1,1,1,1,1,Q1,1,1,1,1,1
https://openalex.org/W2103052993,00406031,Q3,,2,2,Q2,Q2,Q3,0,3,0,1,Q2,0,2,1,1,Q2,0,2,1,1,0
https://openalex.org/W2103100012,01464760,Q1,,1,1,Q1,Q1,Q1,1,1,1,1,Q1,1,1,1,1,Q1,1,1,1,1,1
https://openalex.org/W2103112859,00498246,Q2,,3,3,Q3,Q3,Q2,0,2,1,1,Q3,0,3,0,1,Q3,0,3,0,1,0
https://openalex.org/W2103143800,00219568,Q1,,1,1,Q1,Q1,Q1,1,1,1,1,Q1,1,1,1,1,Q1,1,1,1,1,1
https://openalex.org/W2103173229,0013936X,Q1,,1,1,Q1,Q1,Q1,1,1,1,1,Q1,1,1,1,1,Q1,1,1,1,1,1
https://openalex.org/W2103261580,00223263,Q1,,1,1,Q1,Q1,Q1,1,1,1,1,Q1,1,1,1,1,Q1,1,1,1,1,1
https://openalex.org/W2103287883,07491581,Q2,,2,2,Q2,Q2,Q2,0,2,1,1,Q2,0,2,1,1,Q2,0,2,1,1,0
https://openalex.org/W2103317147,01694332,-,,5,5,Unranked,Unranked,Unranked,0,5,0,0,Unranked,0,5,0,0,Unranked,0,5,0,0,0
https://openalex.org/W2103319575,02679477,Q1,,1,1,Q1,Q1,Q1,1,1,1,1,Q1,1,1,1,1,Q1,1,1,1,1,1
https://openalex.org/W2103394641,0887624X,Q1,,1,1,Q1,Q1,Q1,1,1,1,1,Q1,1,1,1,1,Q1,1,1,1,1,1
https://openalex.org/W2103632125,14337851,Q1,,1,1,Q1,Q1,Q1,1,1,1,1,Q1,1,1,1,1,Q1,1,1,1,1,1
https://openalex.org/W2103726757,14337851,Q1,,1,1,Q1,Q1,Q1,1,1,1,1,Q1,1,1,1,1,Q1,1,1,1,1,1
https://openalex.org/W2103801741,01464760,Q1,,1,1,Q1,Q1,Q1,1,1,1,1,Q1,1,1,1,1,Q1,1,1,1,1,1
https://openalex.org/W2103867299,07317085,Q2,,1,1,Q1,Q1,Q2,0,2,1,1,Q1,1,1,1,1,Q1,1,1,1,1,0
https://openalex.org/W2103959619,02235234,Q2,,1,1,Q1,Q1,Q2,0,2,1,1,Q1,1,1,1,1,Q1,1,1,1,1,0
https://openalex.org/W2103983977,10826076,Q3,,3,3,Q3,Q3,Q3,0,3,0,1,Q3,0,3,0,1,Q3,0,3,0,1,0
https://openalex.org/W2104034653,14730189,Q1,,1,1,Q1,Q1,Q1,1,1,1,1,Q1,1,1,1,1,Q1,1,1,1,1,1
https://openalex.org/W2104150650,08927022,Q2,,2,2,Q2,Q2,Q2,0,2,1,1,Q2,0,2,1,1,Q2,0,2,1,1,0
https://openalex.org/W2104208853,09599428,Q1,,1,1,Q1,Q1,Q1,1,1,1,1,Q1,1,1,1,1,Q1,1,1,1,1,1
https://openalex.org/W2104235356,03624803,Q3,,3,3,Q3,Q3,Q3,0,3,0,1,Q3,0,3,0,1,Q3,0,3,0,1,0
https://openalex.org/W2104381015,01464760,Q1,,1,1,Q1,Q1,Q1,1,1,1,1,Q1,1,1,1,1,Q1,1,1,1,1,1
https://openalex.org/W2104530122,00221139,Q2,,2,2,Q2,Q2,Q2,0,2,1,1,Q2,0,2,1,1,Q2,0,2,1,1,0
https://openalex.org/W2104534688,00095893,Q2,,2,2,Q2,Q2,Q2,0,2,1,1,Q2,0,2,1,1,Q2,0,2,1,1,0
https://openalex.org/W2104848696,0018019X,Q1,,2,2,Q2,Q2,Q1,1,1,1,1,Q2,0,2,1,1,Q2,0,2,1,1,1
https://openalex.org/W2105038057,02365731,Q3,,3,3,Q3,Q3,Q3,0,3,0,1,Q3,0,3,0,1,Q3,0,3,0,1,0
https://openalex.org/W2105115043,09205861,Q1,,1,1,Q1,Q1,Q1,1,1,1,1,Q1,1,1,1,1,Q1,1,1,1,1,1
https://openalex.org/W2105132980,00223263,Q1,,1,1,Q1,Q1,Q1,1,1,1,1,Q1,1,1,1,1,Q1,1,1,1,1,1
https://openalex.org/W2105142713,00218995,Q1,,2,2,Q2,Q2,Q1,1,1,1,1,Q2,0,2,1,1,Q2,0,2,1,1,1
https://openalex.org/W2105399939,00218561,Q1,,1,1,Q1,Q1,Q1,1,1,1,1,Q1,1,1,1,1,Q1,1,1,1,1,1
https://openalex.org/W2105434780,00223263,Q1,,1,1,Q1,Q1,Q1,1,1,1,1,Q1,1,1,1,1,Q1,1,1,1,1,1
https://openalex.org/W2105455067,00092509,Q1,,1,1,Q1,Q1,Q1,1,1,1,1,Q1,1,1,1,1,Q1,1,1,1,1,1
https://openalex.org/W2105462565,00223263,Q1,,1,1,Q1,Q1,Q1,1,1,1,1,Q1,1,1,1,1,Q1,1,1,1,1,1
https://openalex.org/W2105473393,00399140,Q1,,1,1,Q1,Q1,Q1,1,1,1,1,Q1,1,1,1,1,Q1,1,1,1,1,1
https://openalex.org/W2105557059,00397911,Q3,,3,3,Q3,Q3,Q3,0,3,0,1,Q3,0,3,0,1,Q3,0,3,0,1,0
https://openalex.org/W2105570044,13882481,Q1,,1,1,Q1,Q1,Q1,1,1,1,1,Q1,1,1,1,1,Q1,1,1,1,1,1
https://openalex.org/W2105582907,00399140,Q1,,1,1,Q1,Q1,Q1,1,1,1,1,Q1,1,1,1,1,Q1,1,1,1,1,1
https://openalex.org/W2105644200,0018019X,Q1,,2,2,Q2,Q2,Q1,1,1,1,1,Q2,0,2,1,1,Q2,0,2,1,1,1
https://openalex.org/W2105644606,0960894X,Q2,,2,2,Q2,Q2,Q2,0,2,1,1,Q2,0,2,1,1,Q2,0,2,1,1,0
https://openalex.org/W2105757140,10990062,Q1,,1,1,Q1,Q1,Q1,1,1,1,1,Q1,1,1,1,1,Q1,1,1,1,1,1
https://openalex.org/W2105770909,00027863,Q1,,1,1,Q1,Q1,Q1,1,1,1,1,Q1,1,1,1,1,Q1,1,1,1,1,1
https://openalex.org/W2105785059,0960894X,Q2,,2,2,Q2,Q2,Q2,0,2,1,1,Q2,0,2,1,1,Q2,0,2,1,1,0
https://openalex.org/W2105810336,09254005,-,,5,5,Unranked,Unranked,Unranked,0,5,0,0,Unranked,0,5,0,0,Unranked,0,5,0,0,0
https://openalex.org/W2105810852,16182642,Q2,,1,1,Q1,Q1,Q2,0,2,1,1,Q1,1,1,1,1,Q1,1,1,1,1,0
https://openalex.org/W2105868486,00094536,Q3,,3,3,Q3,Q3,Q3,0,3,0,1,Q3,0,3,0,1,Q3,0,3,0,1,0
https://openalex.org/W2105883190,13597345,Q1,,1,1,Q1,Q1,Q1,1,1,1,1,Q1,1,1,1,1,Q1,1,1,1,1,1
https://openalex.org/W2105893284,0026265X,Q2,,2,2,Q2,Q2,Q2,0,2,1,1,Q2,0,2,1,1,Q2,0,2,1,1,0
https://openalex.org/W2105920520,00334545,Q2,,1,1,Q1,Q1,Q2,0,2,1,1,Q1,1,1,1,1,Q1,1,1,1,1,0
https://openalex.org/W2105937606,0960894X,Q2,,2,2,Q2,Q2,Q2,0,2,1,1,Q2,0,2,1,1,Q2,0,2,1,1,0
https://openalex.org/W2105945707,15204766,-,,5,5,Unranked,Unranked,Unranked,0,5,0,0,Unranked,0,5,0,0,Unranked,0,5,0,0,0
https://openalex.org/W2105985123,00223263,Q1,,1,1,Q1,Q1,Q1,1,1,1,1,Q1,1,1,1,1,Q1,1,1,1,1,1
https://openalex.org/W2106028492,00223263,Q1,,1,1,Q1,Q1,Q1,1,1,1,1,Q1,1,1,1,1,Q1,1,1,1,1,1
https://openalex.org/W2106168037,14203049,Q3,,2,2,Q2,Q2,Q3,0,3,0,1,Q2,0,2,1,1,Q2,0,2,1,1,0
https://openalex.org/W2106223595,02561115,Q2,,2,2,Q2,Q2,Q2,0,2,1,1,Q2,0,2,1,1,Q2,0,2,1,1,0
https://openalex.org/W2106413990,10990062,Q1,,1,1,Q1,Q1,Q1,1,1,1,1,Q1,1,1,1,1,Q1,1,1,1,1,1
https://openalex.org/W2106539634,00442313,Q3,,3,3,Q3,Q3,Q3,0,3,0,1,Q3,0,3,0,1,Q3,0,3,0,1,0
https://openalex.org/W2106566366,14394235,Q1,,1,1,Q1,Q1,Q1,1,1,1,1,Q1,1,1,1,1,Q1,1,1,1,1,1
https://openalex.org/W2106628973,14337851,Q1,,1,1,Q1,Q1,Q1,1,1,1,1,Q1,1,1,1,1,Q1,1,1,1,1,1
https://openalex.org/W2106653086,08825734,Q2,,2,2,Q2,Q2,Q2,0,2,1,1,Q2,0,2,1,1,Q2,0,2,1,1,0
https://openalex.org/W2106670675,14770520,Q1,,1,1,Q1,Q1,Q1,1,1,1,1,Q1,1,1,1,1,Q1,1,1,1,1,1
https://openalex.org/W2106677963,0960894X,Q2,,2,2,Q2,Q2,Q2,0,2,1,1,Q2,0,2,1,1,Q2,0,2,1,1,0
https://openalex.org/W2106684791,00092363,Q2,,2,2,Q2,Q2,Q2,0,2,1,1,Q2,0,2,1,1,Q2,0,2,1,1,0
https://openalex.org/W2106696438,00134686,Q1,,1,1,Q1,Q1,Q1,1,1,1,1,Q1,1,1,1,1,Q1,1,1,1,1,1
https://openalex.org/W2106719479,00404039,Q1,,2,2,Q2,Q2,Q1,1,1,1,1,Q2,0,2,1,1,Q2,0,2,1,1,1
https://openalex.org/W2106788069,01694332,-,,5,5,Unranked,Unranked,Unranked,0,5,0,0,Unranked,0,5,0,0,Unranked,0,5,0,0,0
https://openalex.org/W2106923120,00084042,Q2,,2,2,Q2,Q2,Q2,0,2,1,1,Q2,0,2,1,1,Q2,0,2,1,1,0
https://openalex.org/W2107024447,00027863,Q1,,1,1,Q1,Q1,Q1,1,1,1,1,Q1,1,1,1,1,Q1,1,1,1,1,1
https://openalex.org/W2107030948,00092614,Q1,,1,1,Q1,Q1,Q1,1,1,1,1,Q1,1,1,1,1,Q1,1,1,1,1,1
https://openalex.org/W2107056758,03787753,Q1,,1,1,Q1,Q1,Q1,1,1,1,1,Q1,1,1,1,1,Q1,1,1,1,1,1
https://openalex.org/W2107084891,00223263,Q1,,1,1,Q1,Q1,Q1,1,1,1,1,Q1,1,1,1,1,Q1,1,1,1,1,1
https://openalex.org/W2107161685,0036021X,Q2,,2,2,Q2,Q2,Q2,0,2,1,1,Q2,0,2,1,1,Q2,0,2,1,1,0
https://openalex.org/W2107173707,00094536,Q3,,3,3,Q3,Q3,Q3,0,3,0,1,Q3,0,3,0,1,Q3,0,3,0,1,0
https://openalex.org/W2107284309,02365731,Q3,,3,3,Q3,Q3,Q3,0,3,0,1,Q3,0,3,0,1,Q3,0,3,0,1,0
https://openalex.org/W2107369414,14203049,Q3,,2,2,Q2,Q2,Q3,0,3,0,1,Q2,0,2,1,1,Q2,0,2,1,1,0
https://openalex.org/W2107445391,00092363,Q2,,2,2,Q2,Q2,Q2,0,2,1,1,Q2,0,2,1,1,Q2,0,2,1,1,0
https://openalex.org/W2107579711,15237052,Q1,,1,1,Q1,Q1,Q1,1,1,1,1,Q1,1,1,1,1,Q1,1,1,1,1,1
https://openalex.org/W2107622117,10990062,Q1,,1,1,Q1,Q1,Q1,1,1,1,1,Q1,1,1,1,1,Q1,1,1,1,1,1
https://openalex.org/W2107656487,00304018,Q1,,2,2,Q2,Q2,Q1,1,1,1,1,Q2,0,2,1,1,Q2,0,2,1,1,1
https://openalex.org/W2107772757,03783812,Q2,,2,2,Q2,Q2,Q2,0,2,1,1,Q2,0,2,1,1,Q2,0,2,1,1,0
https://openalex.org/W2107862862,00218995,Q1,,2,2,Q2,Q2,Q1,1,1,1,1,Q2,0,2,1,1,Q2,0,2,1,1,1
https://openalex.org/W2107934930,00032654,Q1,,1,1,Q1,Q1,Q1,1,1,1,1,Q1,1,1,1,1,Q1,1,1,1,1,1
https://openalex.org/W2107975923,0887624X,Q1,,1,1,Q1,Q1,Q1,1,1,1,1,Q1,1,1,1,1,Q1,1,1,1,1,1
https://openalex.org/W2107983513,15499596,Q1,,1,1,Q1,Q1,Q1,1,1,1,1,Q1,1,1,1,1,Q1,1,1,1,1,1
https://openalex.org/W2108043219,00014842,Q1,,1,1,Q1,Q1,Q1,1,1,1,1,Q1,1,1,1,1,Q1,1,1,1,1,1
https://openalex.org/W2108071482,00223263,Q1,,1,1,Q1,Q1,Q1,1,1,1,1,Q1,1,1,1,1,Q1,1,1,1,1,1
https://openalex.org/W2108149217,0022152X,Q3,,3,3,Q3,Q3,Q3,0,3,0,1,Q3,0,3,0,1,Q3,0,3,0,1,0
https://openalex.org/W2108177658,0036021X,Q2,,2,2,Q2,Q2,Q2,0,2,1,1,Q2,0,2,1,1,Q2,0,2,1,1,0
https://openalex.org/W2108292982,00092363,Q2,,2,2,Q2,Q2,Q2,0,2,1,1,Q2,0,2,1,1,Q2,0,2,1,1,0
https://openalex.org/W2108336638,13597345,Q1,,1,1,Q1,Q1,Q1,1,1,1,1,Q1,1,1,1,1,Q1,1,1,1,1,1
https://openalex.org/W2108385783,00456535,Q1,,1,1,Q1,Q1,Q1,1,1,1,1,Q1,1,1,1,1,Q1,1,1,1,1,1
https://openalex.org/W2108437646,0887624X,Q1,,1,1,Q1,Q1,Q1,1,1,1,1,Q1,1,1,1,1,Q1,1,1,1,1,1
https://openalex.org/W2108514933,0946672X,Q3,,2,2,Q2,Q2,Q3,0,3,0,1,Q2,0,2,1,1,Q2,0,2,1,1,0
https://openalex.org/W2108548414,00456535,Q1,,1,1,Q1,Q1,Q1,1,1,1,1,Q1,1,1,1,1,Q1,1,1,1,1,1
https://openalex.org/W2108706116,00218995,Q1,,2,2,Q2,Q2,Q1,1,1,1,1,Q2,0,2,1,1,Q2,0,2,1,1,1
https://openalex.org/W2108748992,13597345,Q1,,1,1,Q1,Q1,Q1,1,1,1,1,Q1,1,1,1,1,Q1,1,1,1,1,1
https://openalex.org/W2108752182,00219568,Q1,,1,1,Q1,Q1,Q1,1,1,1,1,Q1,1,1,1,1,Q1,1,1,1,1,1
https://openalex.org/W2108781471,14337851,Q1,,1,1,Q1,Q1,Q1,1,1,1,1,Q1,1,1,1,1,Q1,1,1,1,1,1
https://openalex.org/W2108783434,13597345,Q1,,1,1,Q1,Q1,Q1,1,1,1,1,Q1,1,1,1,1,Q1,1,1,1,1,1
https://openalex.org/W2108785630,00222313,Q1,,1,1,Q1,Q1,Q1,1,1,1,1,Q1,1,1,1,1,Q1,1,1,1,1,1
https://openalex.org/W2108843587,00086223,Q1,,1,1,Q1,Q1,Q1,1,1,1,1,Q1,1,1,1,1,Q1,1,1,1,1,1
https://openalex.org/W2108885056,0960894X,Q2,,2,2,Q2,Q2,Q2,0,2,1,1,Q2,0,2,1,1,Q2,0,2,1,1,0
https://openalex.org/W2108902853,00032670,Q1,,1,1,Q1,Q1,Q1,1,1,1,1,Q1,1,1,1,1,Q1,1,1,1,1,1
https://openalex.org/W2108912933,00223263,Q1,,1,1,Q1,Q1,Q1,1,1,1,1,Q1,1,1,1,1,Q1,1,1,1,1,1
https://openalex.org/W2108918977,14337851,Q1,,1,1,Q1,Q1,Q1,1,1,1,1,Q1,1,1,1,1,Q1,1,1,1,1,1
https://openalex.org/W2108931507,03014622,Q1,,2,2,Q2,Q2,Q1,1,1,1,1,Q2,0,2,1,1,Q2,0,2,1,1,1
https://openalex.org/W2108932331,00223263,Q1,,1,1,Q1,Q1,Q1,1,1,1,1,Q1,1,1,1,1,Q1,1,1,1,1,1
https://openalex.org/W2108952545,14248220,Q3,,2,2,Q2,Q2,Q3,0,3,0,1,Q2,0,2,1,1,Q2,0,2,1,1,0
https://openalex.org/W2109030512,14337851,Q1,,1,1,Q1,Q1,Q1,1,1,1,1,Q1,1,1,1,1,Q1,1,1,1,1,1
https://openalex.org/W2109039011,01672738,Q1,,1,1,Q1,Q1,Q1,1,1,1,1,Q1,1,1,1,1,Q1,1,1,1,1,1
https://openalex.org/W2109201917,13597345,Q1,,1,1,Q1,Q1,Q1,1,1,1,1,Q1,1,1,1,1,Q1,1,1,1,1,1
https://openalex.org/W2109351653,10990690,Q1,,1,1,Q1,Q1,Q1,1,1,1,1,Q1,1,1,1,1,Q1,1,1,1,1,1
https://openalex.org/W2109362739,00223263,Q1,,1,1,Q1,Q1,Q1,1,1,1,1,Q1,1,1,1,1,Q1,1,1,1,1,1
https://openalex.org/W2109461750,00404039,Q1,,2,2,Q2,Q2,Q1,1,1,1,1,Q2,0,2,1,1,Q2,0,2,1,1,1
https://openalex.org/W2109530793,15237052,Q1,,1,1,Q1,Q1,Q1,1,1,1,1,Q1,1,1,1,1,Q1,1,1,1,1,1
https://openalex.org/W2109553339,09253467,-,,5,5,Unranked,Unranked,Unranked,0,5,0,0,Unranked,0,5,0,0,Unranked,0,5,0,0,0
https://openalex.org/W2109718712,15204766,-,,5,5,Unranked,Unranked,Unranked,0,5,0,0,Unranked,0,5,0,0,Unranked,0,5,0,0,0
https://openalex.org/W2109727182,00119164,Q1,,1,1,Q1,Q1,Q1,1,1,1,1,Q1,1,1,1,1,Q1,1,1,1,1,1
https://openalex.org/W2109733218,13597345,Q1,,1,1,Q1,Q1,Q1,1,1,1,1,Q1,1,1,1,1,Q1,1,1,1,1,1
https://openalex.org/W2109855052,09307516,Q2,,2,2,Q2,Q2,Q2,0,2,1,1,Q2,0,2,1,1,Q2,0,2,1,1,0
https://openalex.org/W2109877947,00304018,Q1,,2,2,Q2,Q2,Q1,1,1,1,1,Q2,0,2,1,1,Q2,0,2,1,1,1
https://openalex.org/W2109898083,03787753,Q1,,1,1,Q1,Q1,Q1,1,1,1,1,Q1,1,1,1,1,Q1,1,1,1,1,1
https://openalex.org/W2109941998,15306984,Q1,,1,1,Q1,Q1,Q1,1,1,1,1,Q1,1,1,1,1,Q1,1,1,1,1,1
https://openalex.org/W2110115302,08825734,Q2,,2,2,Q2,Q2,Q2,0,2,1,1,Q2,0,2,1,1,Q2,0,2,1,1,0
https://openalex.org/W2110288188,00223263,Q1,,1,1,Q1,Q1,Q1,1,1,1,1,Q1,1,1,1,1,Q1,1,1,1,1,1
https://openalex.org/W2110358799,00397911,Q3,,3,3,Q3,Q3,Q3,0,3,0,1,Q3,0,3,0,1,Q3,0,3,0,1,0
https://openalex.org/W2110399286,0960894X,Q2,,2,2,Q2,Q2,Q2,0,2,1,1,Q2,0,2,1,1,Q2,0,2,1,1,0
https://openalex.org/W2110408266,00027863,Q1,,1,1,Q1,Q1,Q1,1,1,1,1,Q1,1,1,1,1,Q1,1,1,1,1,1
https://openalex.org/W2110418933,00219673,Q1,,1,1,Q1,Q1,Q1,1,1,1,1,Q1,1,1,1,1,Q1,1,1,1,1,1
https://openalex.org/W2110460717,17475198,-,,3,3,Q3,Q3,Unranked,0,5,0,0,Q3,0,3,0,1,Q3,0,3,0,1,0
https://openalex.org/W2110532446,14786419,Q3,,3,3,Q3,Q3,Q3,0,3,0,1,Q3,0,3,0,1,Q3,0,3,0,1,0
https://openalex.org/W2110591755,02578972,Q1,,1,1,Q1,Q1,Q1,1,1,1,1,Q1,1,1,1,1,Q1,1,1,1,1,1
https://openalex.org/W2110603815,15359476,Q1,,1,1,Q1,Q1,Q1,1,1,1,1,Q1,1,1,1,1,Q1,1,1,1,1,1
https://openalex.org/W2110919113,00218995,Q1,,2,2,Q2,Q2,Q1,1,1,1,1,Q2,0,2,1,1,Q2,0,2,1,1,1
https://openalex.org/W2110940871,00032670,Q1,,1,1,Q1,Q1,Q1,1,1,1,1,Q1,1,1,1,1,Q1,1,1,1,1,1
https://openalex.org/W2110949383,09478396,Q1,,1,1,Q1,Q1,Q1,1,1,1,1,Q1,1,1,1,1,Q1,1,1,1,1,1
https://openalex.org/W2110959743,01464760,Q1,,1,1,Q1,Q1,Q1,1,1,1,1,Q1,1,1,1,1,Q1,1,1,1,1,1
https://openalex.org/W2110982020,15700232,Q2,,1,1,Q1,Q1,Q2,0,2,1,1,Q1,1,1,1,1,Q1,1,1,1,1,0
https://openalex.org/W2111093149,00404039,Q1,,2,2,Q2,Q2,Q1,1,1,1,1,Q2,0,2,1,1,Q2,0,2,1,1,1
https://openalex.org/W2111281528,09599428,Q1,,1,1,Q1,Q1,Q1,1,1,1,1,Q1,1,1,1,1,Q1,1,1,1,1,1
https://openalex.org/W2111412823,01422421,Q2,,2,2,Q2,Q2,Q2,0,2,1,1,Q2,0,2,1,1,Q2,0,2,1,1,0
https://openalex.org/W2111499884,00404039,Q1,,2,2,Q2,Q2,Q1,1,1,1,1,Q2,0,2,1,1,Q2,0,2,1,1,1
https://openalex.org/W2111526235,10704280,Q4,,4,4,Q4,Q4,Q4,0,4,0,0,Q4,0,4,0,0,Q4,0,4,0,0,0
https://openalex.org/W2111536180,00218561,Q1,,1,1,Q1,Q1,Q1,1,1,1,1,Q1,1,1,1,1,Q1,1,1,1,1,1
https://openalex.org/W2111686386,00219517,Q1,,1,1,Q1,Q1,Q1,1,1,1,1,Q1,1,1,1,1,Q1,1,1,1,1,1
https://openalex.org/W2111723666,08876266,Q1,,2,2,Q2,Q2,Q1,1,1,1,1,Q2,0,2,1,1,Q2,0,2,1,1,1
https://openalex.org/W2111908276,14337851,Q1,,1,1,Q1,Q1,Q1,1,1,1,1,Q1,1,1,1,1,Q1,1,1,1,1,1
https://openalex.org/W2111915031,00223263,Q1,,1,1,Q1,Q1,Q1,1,1,1,1,Q1,1,1,1,1,Q1,1,1,1,1,1
https://openalex.org/W2111995713,13886150,Q3,,3,3,Q3,Q3,Q3,0,3,0,1,Q3,0,3,0,1,Q3,0,3,0,1,0
https://openalex.org/W2112069718,00092363,Q2,,2,2,Q2,Q2,Q2,0,2,1,1,Q2,0,2,1,1,Q2,0,2,1,1,0
https://openalex.org/W2112096695,14639076,Q1,,1,1,Q1,Q1,Q1,1,1,1,1,Q1,1,1,1,1,Q1,1,1,1,1,1
https://openalex.org/W2112127309,00092363,Q2,,2,2,Q2,Q2,Q2,0,2,1,1,Q2,0,2,1,1,Q2,0,2,1,1,0
https://openalex.org/W2112182669,00404039,Q1,,2,2,Q2,Q2,Q1,1,1,1,1,Q2,0,2,1,1,Q2,0,2,1,1,1
https://openalex.org/W2112191322,03088146,Q1,,1,1,Q1,Q1,Q1,1,1,1,1,Q1,1,1,1,1,Q1,1,1,1,1,1
https://openalex.org/W2112211624,00404039,Q1,,2,2,Q2,Q2,Q1,1,1,1,1,Q2,0,2,1,1,Q2,0,2,1,1,1
https://openalex.org/W2112212596,16159306,Q1,,1,1,Q1,Q1,Q1,1,1,1,1,Q1,1,1,1,1,Q1,1,1,1,1,1
https://openalex.org/W2112283382,00218995,Q1,,2,2,Q2,Q2,Q1,1,1,1,1,Q2,0,2,1,1,Q2,0,2,1,1,1
https://openalex.org/W2112325822,14337851,Q1,,1,1,Q1,Q1,Q1,1,1,1,1,Q1,1,1,1,1,Q1,1,1,1,1,1
https://openalex.org/W2112332516,13408054,Q4,,3,3,Q3,Q3,Q4,0,4,0,0,Q3,0,3,0,1,Q3,0,3,0,1,0
https://openalex.org/W2112343346,16159306,Q1,,1,1,Q1,Q1,Q1,1,1,1,1,Q1,1,1,1,1,Q1,1,1,1,1,1
https://openalex.org/W2112528711,0960894X,Q2,,2,2,Q2,Q2,Q2,0,2,1,1,Q2,0,2,1,1,Q2,0,2,1,1,0
https://openalex.org/W2112598880,00399140,Q1,,1,1,Q1,Q1,Q1,1,1,1,1,Q1,1,1,1,1,Q1,1,1,1,1,1
https://openalex.org/W2112629628,09599428,Q1,,1,1,Q1,Q1,Q1,1,1,1,1,Q1,1,1,1,1,Q1,1,1,1,1,1
https://openalex.org/W2112876410,09307516,Q2,,2,2,Q2,Q2,Q2,0,2,1,1,Q2,0,2,1,1,Q2,0,2,1,1,0
https://openalex.org/W2112925241,0036021X,Q2,,2,2,Q2,Q2,Q2,0,2,1,1,Q2,0,2,1,1,Q2,0,2,1,1,0
https://openalex.org/W2112977863,09580344,Q2,,2,2,Q2,Q2,Q2,0,2,1,1,Q2,0,2,1,1,Q2,0,2,1,1,0
https://openalex.org/W2113050356,00092363,Q2,,2,2,Q2,Q2,Q2,0,2,1,1,Q2,0,2,1,1,Q2,0,2,1,1,0
https://openalex.org/W2113065823,08837694,Q1,,1,1,Q1,Q1,Q1,1,1,1,1,Q1,1,1,1,1,Q1,1,1,1,1,1
https://openalex.org/W2113131583,00162361,Q1,,1,1,Q1,Q1,Q1,1,1,1,1,Q1,1,1,1,1,Q1,1,1,1,1,1
https://openalex.org/W2113151135,0960894X,Q2,,2,2,Q2,Q2,Q2,0,2,1,1,Q2,0,2,1,1,Q2,0,2,1,1,0
https://openalex.org/W2113318738,0960894X,Q2,,2,2,Q2,Q2,Q2,0,2,1,1,Q2,0,2,1,1,Q2,0,2,1,1,0
https://openalex.org/W2113328155,0960894X,Q2,,2,2,Q2,Q2,Q2,0,2,1,1,Q2,0,2,1,1,Q2,0,2,1,1,0
https://openalex.org/W2113498163,13861425,Q2,,2,2,Q2,Q2,Q2,0,2,1,1,Q2,0,2,1,1,Q2,0,2,1,1,0
https://openalex.org/W2113508680,00027863,Q1,,1,1,Q1,Q1,Q1,1,1,1,1,Q1,1,1,1,1,Q1,1,1,1,1,1
https://openalex.org/W2113529146,09254005,-,,5,5,Unranked,Unranked,Unranked,0,5,0,0,Unranked,0,5,0,0,Unranked,0,5,0,0,0
https://openalex.org/W2113544972,09334173,Q2,,3,3,Q3,Q3,Q2,0,2,1,1,Q3,0,3,0,1,Q3,0,3,0,1,0
https://openalex.org/W2113565950,16159306,Q1,,1,1,Q1,Q1,Q1,1,1,1,1,Q1,1,1,1,1,Q1,1,1,1,1,1
https://openalex.org/W2113690387,14761122,Q1,,1,1,Q1,Q1,Q1,1,1,1,1,Q1,1,1,1,1,Q1,1,1,1,1,1
https://openalex.org/W2113714434,00219665,Q2,,3,3,Q3,Q3,Q2,0,2,1,1,Q3,0,3,0,1,Q3,0,3,0,1,0
https://openalex.org/W2113735419,00399140,Q1,,1,1,Q1,Q1,Q1,1,1,1,1,Q1,1,1,1,1,Q1,1,1,1,1,1
https://openalex.org/W2113912247,09514198,Q1,,1,1,Q1,Q1,Q1,1,1,1,1,Q1,1,1,1,1,Q1,1,1,1,1,1
https://openalex.org/W2113961064,0018019X,Q1,,2,2,Q2,Q2,Q1,1,1,1,1,Q2,0,2,1,1,Q2,0,2,1,1,1
https://openalex.org/W2114028582,00090352,Q2,,2,2,Q2,Q2,Q2,0,2,1,1,Q2,0,2,1,1,Q2,0,2,1,1,0
https://openalex.org/W2114031844,15237052,Q1,,1,1,Q1,Q1,Q1,1,1,1,1,Q1,1,1,1,1,Q1,1,1,1,1,1
https://openalex.org/W2114219286,15237052,Q1,,1,1,Q1,Q1,Q1,1,1,1,1,Q1,1,1,1,1,Q1,1,1,1,1,1
https://openalex.org/W2114271607,03088146,Q1,,1,1,Q1,Q1,Q1,1,1,1,1,Q1,1,1,1,1,Q1,1,1,1,1,1
https://openalex.org/W2114300124,00095893,Q2,,2,2,Q2,Q2,Q2,0,2,1,1,Q2,0,2,1,1,Q2,0,2,1,1,0
https://openalex.org/W2114335943,13597345,Q1,,1,1,Q1,Q1,Q1,1,1,1,1,Q1,1,1,1,1,Q1,1,1,1,1,1
https://openalex.org/W2114435590,00102202,Q2,,2,2,Q2,Q2,Q2,0,2,1,1,Q2,0,2,1,1,Q2,0,2,1,1,0
https://openalex.org/W2114437064,00027863,Q1,,1,1,Q1,Q1,Q1,1,1,1,1,Q1,1,1,1,1,Q1,1,1,1,1,1
https://openalex.org/W2114463723,00218995,Q1,,2,2,Q2,Q2,Q1,1,1,1,1,Q2,0,2,1,1,Q2,0,2,1,1,1
https://openalex.org/W2114585023,00224596,Q2,,2,2,Q2,Q2,Q2,0,2,1,1,Q2,0,2,1,1,Q2,0,2,1,1,0
https://openalex.org/W2114612420,0960894X,Q2,,2,2,Q2,Q2,Q2,0,2,1,1,Q2,0,2,1,1,Q2,0,2,1,1,0
https://openalex.org/W2114710156,01448617,Q2,,1,1,Q1,Q1,Q2,0,2,1,1,Q1,1,1,1,1,Q1,1,1,1,1,0
https://openalex.org/W2114770004,00958972,Q3,,3,3,Q3,Q3,Q3,0,3,0,1,Q3,0,3,0,1,Q3,0,3,0,1,0
https://openalex.org/W2114778073,14786419,Q3,,3,3,Q3,Q3,Q3,0,3,0,1,Q3,0,3,0,1,Q3,0,3,0,1,0
https://openalex.org/W2114833040,00162361,Q1,,1,1,Q1,Q1,Q1,1,1,1,1,Q1,1,1,1,1,Q1,1,1,1,1,1
https://openalex.org/W2114961604,00958972,Q3,,3,3,Q3,Q3,Q3,0,3,0,1,Q3,0,3,0,1,Q3,0,3,0,1,0
https://openalex.org/W2115056075,14337851,Q1,,1,1,Q1,Q1,Q1,1,1,1,1,Q1,1,1,1,1,Q1,1,1,1,1,1
https://openalex.org/W2115075302,00162361,Q1,,1,1,Q1,Q1,Q1,1,1,1,1,Q1,1,1,1,1,Q1,1,1,1,1,1
https://openalex.org/W2115371172,09514198,Q1,,1,1,Q1,Q1,Q1,1,1,1,1,Q1,1,1,1,1,Q1,1,1,1,1,1
https://openalex.org/W2115400553,19448201,-,,5,5,Unranked,Unranked,Unranked,0,5,0,0,Unranked,0,5,0,0,Unranked,0,5,0,0,0
https://openalex.org/W2115403020,12932558,Q2,,1,1,Q1,Q1,Q2,0,2,1,1,Q1,1,1,1,1,Q1,1,1,1,1,0
https://openalex.org/W2115533262,03080501,Q2,,2,2,Q2,Q2,Q2,0,2,1,1,Q2,0,2,1,1,Q2,0,2,1,1,0
https://openalex.org/W2115660070,00404039,Q1,,2,2,Q2,Q2,Q1,1,1,1,1,Q2,0,2,1,1,Q2,0,2,1,1,1
https://openalex.org/W2115891719,0960894X,Q2,,2,2,Q2,Q2,Q2,0,2,1,1,Q2,0,2,1,1,Q2,0,2,1,1,0
https://openalex.org/W2115901337,10990690,Q1,,1,1,Q1,Q1,Q1,1,1,1,1,Q1,1,1,1,1,Q1,1,1,1,1,1
https://openalex.org/W2115984552,14786419,Q3,,3,3,Q3,Q3,Q3,0,3,0,1,Q3,0,3,0,1,Q3,0,3,0,1,0
https://openalex.org/W2116153498,03009440,Q2,,2,2,Q2,Q2,Q2,0,2,1,1,Q2,0,2,1,1,Q2,0,2,1,1,0
https://openalex.org/W2116281751,09259635,Q1,,1,1,Q1,Q1,Q1,1,1,1,1,Q1,1,1,1,1,Q1,1,1,1,1,1
https://openalex.org/W2116304096,08837694,Q1,,1,1,Q1,Q1,Q1,1,1,1,1,Q1,1,1,1,1,Q1,1,1,1,1,1
https://openalex.org/W2116346196,09514198,Q1,,1,1,Q1,Q1,Q1,1,1,1,1,Q1,1,1,1,1,Q1,1,1,1,1,1
https://openalex.org/W2116484714,00014842,Q1,,1,1,Q1,Q1,Q1,1,1,1,1,Q1,1,1,1,1,Q1,1,1,1,1,1
https://openalex.org/W2116509670,01004042,Q3,,3,3,Q3,Q3,Q3,0,3,0,1,Q3,0,3,0,1,Q3,0,3,0,1,0
https://openalex.org/W2116565080,15675394,Q2,,2,2,Q2,Q2,Q2,0,2,1,1,Q2,0,2,1,1,Q2,0,2,1,1,0
https://openalex.org/W2116589843,00223263,Q1,,1,1,Q1,Q1,Q1,1,1,1,1,Q1,1,1,1,1,Q1,1,1,1,1,1
https://openalex.org/W2116596532,00334545,Q2,,1,1,Q1,Q1,Q2,0,2,1,1,Q1,1,1,1,1,Q1,1,1,1,1,0
https://openalex.org/W2116800944,09307516,Q2,,2,2,Q2,Q2,Q2,0,2,1,1,Q2,0,2,1,1,Q2,0,2,1,1,0
https://openalex.org/W2116806643,07306679,Q3,,3,3,Q3,Q3,Q3,0,3,0,1,Q3,0,3,0,1,Q3,0,3,0,1,0
https://openalex.org/W2116834784,15227235,Q2,,2,2,Q2,Q2,Q2,0,2,1,1,Q2,0,2,1,1,Q2,0,2,1,1,0
https://openalex.org/W2116928373,00318655,Q2,,2,2,Q2,Q2,Q2,0,2,1,1,Q2,0,2,1,1,Q2,0,2,1,1,0
https://openalex.org/W2116938755,1474905X,Q2,,2,2,Q2,Q2,Q2,0,2,1,1,Q2,0,2,1,1,Q2,0,2,1,1,0
https://openalex.org/W2116976550,13886150,Q3,,3,3,Q3,Q3,Q3,0,3,0,1,Q3,0,3,0,1,Q3,0,3,0,1,0
https://openalex.org/W2117047364,0960894X,Q2,,2,2,Q2,Q2,Q2,0,2,1,1,Q2,0,2,1,1,Q2,0,2,1,1,0
https://openalex.org/W2117121456,00102202,Q2,,2,2,Q2,Q2,Q2,0,2,1,1,Q2,0,2,1,1,Q2,0,2,1,1,0
https://openalex.org/W2117179983,02321300,Q2,,2,2,Q2,Q2,Q2,0,2,1,1,Q2,0,2,1,1,Q2,0,2,1,1,0
https://openalex.org/W2117208569,14337851,Q1,,1,1,Q1,Q1,Q1,1,1,1,1,Q1,1,1,1,1,Q1,1,1,1,1,1
https://openalex.org/W2117280693,14387697,Q2,,2,2,Q2,Q2,Q2,0,2,1,1,Q2,0,2,1,1,Q2,0,2,1,1,0
https://openalex.org/W2117284645,13858947,Q1,,1,1,Q1,Q1,Q1,1,1,1,1,Q1,1,1,1,1,Q1,1,1,1,1,1
https://openalex.org/W2117329754,02365731,Q3,,3,3,Q3,Q3,Q3,0,3,0,1,Q3,0,3,0,1,Q3,0,3,0,1,0
https://openalex.org/W2117389964,14337851,Q1,,1,1,Q1,Q1,Q1,1,1,1,1,Q1,1,1,1,1,Q1,1,1,1,1,1
https://openalex.org/W2117479439,00092363,Q2,,2,2,Q2,Q2,Q2,0,2,1,1,Q2,0,2,1,1,Q2,0,2,1,1,0
https://openalex.org/W2117573623,14730189,Q1,,1,1,Q1,Q1,Q1,1,1,1,1,Q1,1,1,1,1,Q1,1,1,1,1,1
https://openalex.org/W2117590937,00222860,Q2,,3,3,Q3,Q3,Q2,0,2,1,1,Q3,0,3,0,1,Q3,0,3,0,1,0
https://openalex.org/W2117630328,14779226,Q1,,1,1,Q1,Q1,Q1,1,1,1,1,Q1,1,1,1,1,Q1,1,1,1,1,1
https://openalex.org/W2117634255,0960894X,Q2,,2,2,Q2,Q2,Q2,0,2,1,1,Q2,0,2,1,1,Q2,0,2,1,1,0
https://openalex.org/W2117635297,08926875,Q2,,1,1,Q1,Q1,Q2,0,2,1,1,Q1,1,1,1,1,Q1,1,1,1,1,0
https://openalex.org/W2117776914,14337851,Q1,,1,1,Q1,Q1,Q1,1,1,1,1,Q1,1,1,1,1,Q1,1,1,1,1,1
https://openalex.org/W2117789254,0960894X,Q2,,2,2,Q2,Q2,Q2,0,2,1,1,Q2,0,2,1,1,Q2,0,2,1,1,0
https://openalex.org/W2117795911,10431802,Q1,,1,1,Q1,Q1,Q1,1,1,1,1,Q1,1,1,1,1,Q1,1,1,1,1,1
https://openalex.org/W2117869349,16159306,Q1,,1,1,Q1,Q1,Q1,1,1,1,1,Q1,1,1,1,1,Q1,1,1,1,1,1
https://openalex.org/W2117869969,00404039,Q1,,2,2,Q2,Q2,Q1,1,1,1,1,Q2,0,2,1,1,Q2,0,2,1,1,1
https://openalex.org/W2117872577,00397911,Q3,,3,3,Q3,Q3,Q3,0,3,0,1,Q3,0,3,0,1,Q3,0,3,0,1,0
https://openalex.org/W2117895701,00223263,Q1,,1,1,Q1,Q1,Q1,1,1,1,1,Q1,1,1,1,1,Q1,1,1,1,1,1
https://openalex.org/W2118110958,00404039,Q1,,2,2,Q2,Q2,Q1,1,1,1,1,Q2,0,2,1,1,Q2,0,2,1,1,1
https://openalex.org/W2118111991,00119164,Q1,,1,1,Q1,Q1,Q1,1,1,1,1,Q1,1,1,1,1,Q1,1,1,1,1,1
https://openalex.org/W2118143190,15237052,Q1,,1,1,Q1,Q1,Q1,1,1,1,1,Q1,1,1,1,1,Q1,1,1,1,1,1
https://openalex.org/W2118226796,13597345,Q1,,1,1,Q1,Q1,Q1,1,1,1,1,Q1,1,1,1,1,Q1,1,1,1,1,1
https://openalex.org/W2118250370,00092363,Q2,,2,2,Q2,Q2,Q2,0,2,1,1,Q2,0,2,1,1,Q2,0,2,1,1,0
https://openalex.org/W2118254952,00223263,Q1,,1,1,Q1,Q1,Q1,1,1,1,1,Q1,1,1,1,1,Q1,1,1,1,1,1
https://openalex.org/W2118312031,00014842,Q1,,1,1,Q1,Q1,Q1,1,1,1,1,Q1,1,1,1,1,Q1,1,1,1,1,1
https://openalex.org/W2118336345,00095893,Q2,,2,2,Q2,Q2,Q2,0,2,1,1,Q2,0,2,1,1,Q2,0,2,1,1,0
https://openalex.org/W2118350333,00014842,Q1,,1,1,Q1,Q1,Q1,1,1,1,1,Q1,1,1,1,1,Q1,1,1,1,1,1
https://openalex.org/W2118432417,00119164,Q1,,1,1,Q1,Q1,Q1,1,1,1,1,Q1,1,1,1,1,Q1,1,1,1,1,1
https://openalex.org/W2118468912,00223263,Q1,,1,1,Q1,Q1,Q1,1,1,1,1,Q1,1,1,1,1,Q1,1,1,1,1,1
https://openalex.org/W2118506555,09478396,Q1,,1,1,Q1,Q1,Q1,1,1,1,1,Q1,1,1,1,1,Q1,1,1,1,1,1
https://openalex.org/W2118546247,01730835,Q1,,1,1,Q1,Q1,Q1,1,1,1,1,Q1,1,1,1,1,Q1,1,1,1,1,1
https://openalex.org/W2118614006,00223263,Q1,,1,1,Q1,Q1,Q1,1,1,1,1,Q1,1,1,1,1,Q1,1,1,1,1,1
https://openalex.org/W2118665250,00223697,Q1,,2,2,Q2,Q2,Q1,1,1,1,1,Q2,0,2,1,1,Q2,0,2,1,1,1
https://openalex.org/W2118677995,00162361,Q1,,1,1,Q1,Q1,Q1,1,1,1,1,Q1,1,1,1,1,Q1,1,1,1,1,1
https://openalex.org/W2118780041,15306984,Q1,,1,1,Q1,Q1,Q1,1,1,1,1,Q1,1,1,1,1,Q1,1,1,1,1,1
https://openalex.org/W2118825640,10221336,Q1,,1,1,Q1,Q1,Q1,1,1,1,1,Q1,1,1,1,1,Q1,1,1,1,1,1
https://openalex.org/W2118911588,14337851,Q1,,1,1,Q1,Q1,Q1,1,1,1,1,Q1,1,1,1,1,Q1,1,1,1,1,1
https://openalex.org/W2118914569,08876266,Q1,,2,2,Q2,Q2,Q1,1,1,1,1,Q2,0,2,1,1,Q2,0,2,1,1,1
https://openalex.org/W2118932730,03088146,Q1,,1,1,Q1,Q1,Q1,1,1,1,1,Q1,1,1,1,1,Q1,1,1,1,1,1
https://openalex.org/W2119051670,00323861,Q1,,1,1,Q1,Q1,Q1,1,1,1,1,Q1,1,1,1,1,Q1,1,1,1,1,1
https://openalex.org/W2119083186,01422421,Q2,,2,2,Q2,Q2,Q2,0,2,1,1,Q2,0,2,1,1,Q2,0,2,1,1,0
https://openalex.org/W2119232582,01694332,-,,5,5,Unranked,Unranked,Unranked,0,5,0,0,Unranked,0,5,0,0,Unranked,0,5,0,0,0
https://openalex.org/W2119239259,05848547,Q1,,1,1,Q1,Q1,Q1,1,1,1,1,Q1,1,1,1,1,Q1,1,1,1,1,1
https://openalex.org/W2119257790,02235234,Q2,,1,1,Q1,Q1,Q2,0,2,1,1,Q1,1,1,1,1,Q1,1,1,1,1,0
https://openalex.org/W2119312918,09334173,Q2,,3,3,Q3,Q3,Q2,0,2,1,1,Q3,0,3,0,1,Q3,0,3,0,1,0
https://openalex.org/W2119330785,15237052,Q1,,1,1,Q1,Q1,Q1,1,1,1,1,Q1,1,1,1,1,Q1,1,1,1,1,1
https://openalex.org/W2119402282,09491775,Q2,,2,2,Q2,Q2,Q2,0,2,1,1,Q2,0,2,1,1,Q2,0,2,1,1,0
https://openalex.org/W2119589660,09599428,Q1,,1,1,Q1,Q1,Q1,1,1,1,1,Q1,1,1,1,1,Q1,1,1,1,1,1
https://openalex.org/W2119598521,07213115,Q3,,2,2,Q2,Q2,Q3,0,3,0,1,Q2,0,2,1,1,Q2,0,2,1,1,0
https://openalex.org/W2119659259,14341948,Q1,,1,1,Q1,Q1,Q1,1,1,1,1,Q1,1,1,1,1,Q1,1,1,1,1,1
https://openalex.org/W2119701201,14770520,Q1,,1,1,Q1,Q1,Q1,1,1,1,1,Q1,1,1,1,1,Q1,1,1,1,1,1
https://openalex.org/W2119742312,00334545,Q2,,1,1,Q1,Q1,Q2,0,2,1,1,Q1,1,1,1,1,Q1,1,1,1,1,0
https://openalex.org/W2119838063,09254005,-,,5,5,Unranked,Unranked,Unranked,0,5,0,0,Unranked,0,5,0,0,Unranked,0,5,0,0,0
https://openalex.org/W2119889187,09168451,Q3,,2,2,Q2,Q2,Q3,0,3,0,1,Q2,0,2,1,1,Q2,0,2,1,1,0
https://openalex.org/W2119892971,14394227,Q1,,1,1,Q1,Q1,Q1,1,1,1,1,Q1,1,1,1,1,Q1,1,1,1,1,1
https://openalex.org/W2119946206,00092363,Q2,,2,2,Q2,Q2,Q2,0,2,1,1,Q2,0,2,1,1,Q2,0,2,1,1,0
https://openalex.org/W2120169060,01672738,Q1,,1,1,Q1,Q1,Q1,1,1,1,1,Q1,1,1,1,1,Q1,1,1,1,1,1
https://openalex.org/W2120238074,00218995,Q1,,2,2,Q2,Q2,Q1,1,1,1,1,Q2,0,2,1,1,Q2,0,2,1,1,1
https://openalex.org/W2120260338,00094536,Q3,,3,3,Q3,Q3,Q3,0,3,0,1,Q3,0,3,0,1,Q3,0,3,0,1,0
https://openalex.org/W2120276538,00162361,Q1,,1,1,Q1,Q1,Q1,1,1,1,1,Q1,1,1,1,1,Q1,1,1,1,1,1
https://openalex.org/W2120320561,00014842,Q1,,1,1,Q1,Q1,Q1,1,1,1,1,Q1,1,1,1,1,Q1,1,1,1,1,1
https://openalex.org/W2120345048,00218995,Q1,,2,2,Q2,Q2,Q1,1,1,1,1,Q2,0,2,1,1,Q2,0,2,1,1,1
https://openalex.org/W2120507628,00456535,Q1,,1,1,Q1,Q1,Q1,1,1,1,1,Q1,1,1,1,1,Q1,1,1,1,1,1
https://openalex.org/W2120542308,01652370,Q1,,1,1,Q1,Q1,Q1,1,1,1,1,Q1,1,1,1,1,Q1,1,1,1,1,1
https://openalex.org/W2120569853,13886150,Q3,,3,3,Q3,Q3,Q3,0,3,0,1,Q3,0,3,0,1,Q3,0,3,0,1,0
https://openalex.org/W2120615096,09514198,Q1,,1,1,Q1,Q1,Q1,1,1,1,1,Q1,1,1,1,1,Q1,1,1,1,1,1
https://openalex.org/W2120667898,10990062,Q1,,1,1,Q1,Q1,Q1,1,1,1,1,Q1,1,1,1,1,Q1,1,1,1,1,1
https://openalex.org/W2120769664,09598103,-,,5,5,Unranked,Unranked,Unranked,0,5,0,0,Unranked,0,5,0,0,Unranked,0,5,0,0,0
https://openalex.org/W2120772627,16005368,Q3,,3,3,Q3,Q3,Q3,0,3,0,1,Q3,0,3,0,1,Q3,0,3,0,1,0
https://openalex.org/W2120830175,10990062,Q1,,1,1,Q1,Q1,Q1,1,1,1,1,Q1,1,1,1,1,Q1,1,1,1,1,1
https://openalex.org/W2120947752,00032719,Q3,,3,3,Q3,Q3,Q3,0,3,0,1,Q3,0,3,0,1,Q3,0,3,0,1,0
https://openalex.org/W2120957550,07317085,Q2,,1,1,Q1,Q1,Q2,0,2,1,1,Q1,1,1,1,1,Q1,1,1,1,1,0
https://openalex.org/W2120964567,03529568,Q3,,3,3,Q3,Q3,Q3,0,3,0,1,Q3,0,3,0,1,Q3,0,3,0,1,0
https://openalex.org/W2120985780,14203049,Q3,,2,2,Q2,Q2,Q3,0,3,0,1,Q2,0,2,1,1,Q2,0,2,1,1,0
https://openalex.org/W2121016236,00027863,Q1,,1,1,Q1,Q1,Q1,1,1,1,1,Q1,1,1,1,1,Q1,1,1,1,1,1
https://openalex.org/W2121030930,00223263,Q1,,1,1,Q1,Q1,Q1,1,1,1,1,Q1,1,1,1,1,Q1,1,1,1,1,1
https://openalex.org/W2121114935,02578972,Q1,,1,1,Q1,Q1,Q1,1,1,1,1,Q1,1,1,1,1,Q1,1,1,1,1,1
https://openalex.org/W2121160760,00032670,Q1,,1,1,Q1,Q1,Q1,1,1,1,1,Q1,1,1,1,1,Q1,1,1,1,1,1
https://openalex.org/W2121200866,00134651,Q1,,1,1,Q1,Q1,Q1,1,1,1,1,Q1,1,1,1,1,Q1,1,1,1,1,1
https://openalex.org/W2121201706,03088146,Q1,,1,1,Q1,Q1,Q1,1,1,1,1,Q1,1,1,1,1,Q1,1,1,1,1,1
https://openalex.org/W2121240006,00032670,Q1,,1,1,Q1,Q1,Q1,1,1,1,1,Q1,1,1,1,1,Q1,1,1,1,1,1
https://openalex.org/W2121292709,14779226,Q1,,1,1,Q1,Q1,Q1,1,1,1,1,Q1,1,1,1,1,Q1,1,1,1,1,1
https://openalex.org/W2121317011,14337851,Q1,,1,1,Q1,Q1,Q1,1,1,1,1,Q1,1,1,1,1,Q1,1,1,1,1,1
https://openalex.org/W2121395329,15237052,Q1,,1,1,Q1,Q1,Q1,1,1,1,1,Q1,1,1,1,1,Q1,1,1,1,1,1
https://openalex.org/W2121438634,00032700,Q1,,1,1,Q1,Q1,Q1,1,1,1,1,Q1,1,1,1,1,Q1,1,1,1,1,1
https://openalex.org/W2121583528,00134651,Q1,,1,1,Q1,Q1,Q1,1,1,1,1,Q1,1,1,1,1,Q1,1,1,1,1,1
https://openalex.org/W2121661335,00086223,Q1,,1,1,Q1,Q1,Q1,1,1,1,1,Q1,1,1,1,1,Q1,1,1,1,1,1
https://openalex.org/W2121689248,16159306,Q1,,1,1,Q1,Q1,Q1,1,1,1,1,Q1,1,1,1,1,Q1,1,1,1,1,1
https://openalex.org/W2121722743,09680896,Q2,,1,1,Q1,Q1,Q2,0,2,1,1,Q1,1,1,1,1,Q1,1,1,1,1,0
https://openalex.org/W2121772044,15205207,Q1,,1,1,Q1,Q1,Q1,1,1,1,1,Q1,1,1,1,1,Q1,1,1,1,1,1
https://openalex.org/W2121804429,01464760,Q1,,1,1,Q1,Q1,Q1,1,1,1,1,Q1,1,1,1,1,Q1,1,1,1,1,1
https://openalex.org/W2121881048,13886150,Q3,,3,3,Q3,Q3,Q3,0,3,0,1,Q3,0,3,0,1,Q3,0,3,0,1,0
https://openalex.org/W2121888967,02365731,Q3,,3,3,Q3,Q3,Q3,0,3,0,1,Q3,0,3,0,1,Q3,0,3,0,1,0
https://openalex.org/W2121926735,02365731,Q3,,3,3,Q3,Q3,Q3,0,3,0,1,Q3,0,3,0,1,Q3,0,3,0,1,0
https://openalex.org/W2122020728,00223263,Q1,,1,1,Q1,Q1,Q1,1,1,1,1,Q1,1,1,1,1,Q1,1,1,1,1,1
https://openalex.org/W2122057169,13597345,Q1,,1,1,Q1,Q1,Q1,1,1,1,1,Q1,1,1,1,1,Q1,1,1,1,1,1
https://openalex.org/W2122059335,13861425,Q2,,2,2,Q2,Q2,Q2,0,2,1,1,Q2,0,2,1,1,Q2,0,2,1,1,0
https://openalex.org/W2122178505,03787753,Q1,,1,1,Q1,Q1,Q1,1,1,1,1,Q1,1,1,1,1,Q1,1,1,1,1,1
https://openalex.org/W2122335377,00219665,Q2,,3,3,Q3,Q3,Q2,0,2,1,1,Q3,0,3,0,1,Q3,0,3,0,1,0
https://openalex.org/W2122380993,09599428,Q1,,1,1,Q1,Q1,Q1,1,1,1,1,Q1,1,1,1,1,Q1,1,1,1,1,1
https://openalex.org/W2122386778,02365731,Q3,,3,3,Q3,Q3,Q3,0,3,0,1,Q3,0,3,0,1,Q3,0,3,0,1,0
https://openalex.org/W2122462083,09254005,-,,5,5,Unranked,Unranked,Unranked,0,5,0,0,Unranked,0,5,0,0,Unranked,0,5,0,0,0
https://openalex.org/W2122591941,00095893,Q2,,2,2,Q2,Q2,Q2,0,2,1,1,Q2,0,2,1,1,Q2,0,2,1,1,0
https://openalex.org/W2122600887,00086223,Q1,,1,1,Q1,Q1,Q1,1,1,1,1,Q1,1,1,1,1,Q1,1,1,1,1,1
https://openalex.org/W2122674141,14337851,Q1,,1,1,Q1,Q1,Q1,1,1,1,1,Q1,1,1,1,1,Q1,1,1,1,1,1
https://openalex.org/W2122775840,03667022,Q2,,2,2,Q2,Q2,Q2,0,2,1,1,Q2,0,2,1,1,Q2,0,2,1,1,0
https://openalex.org/W2122775960,00218995,Q1,,2,2,Q2,Q2,Q1,1,1,1,1,Q2,0,2,1,1,Q2,0,2,1,1,1
https://openalex.org/W2122844678,0960894X,Q2,,2,2,Q2,Q2,Q2,0,2,1,1,Q2,0,2,1,1,Q2,0,2,1,1,0
https://openalex.org/W2122863899,13886150,Q3,,3,3,Q3,Q3,Q3,0,3,0,1,Q3,0,3,0,1,Q3,0,3,0,1,0
https://openalex.org/W2122869261,00498246,Q2,,3,3,Q3,Q3,Q2,0,2,1,1,Q3,0,3,0,1,Q3,0,3,0,1,0
https://openalex.org/W2122900218,00027863,Q1,,1,1,Q1,Q1,Q1,1,1,1,1,Q1,1,1,1,1,Q1,1,1,1,1,1
https://openalex.org/W2122926313,01672738,Q1,,1,1,Q1,Q1,Q1,1,1,1,1,Q1,1,1,1,1,Q1,1,1,1,1,1
https://openalex.org/W2123034680,13858947,Q1,,1,1,Q1,Q1,Q1,1,1,1,1,Q1,1,1,1,1,Q1,1,1,1,1,1
https://openalex.org/W2123132750,14203049,Q3,,2,2,Q2,Q2,Q3,0,3,0,1,Q2,0,2,1,1,Q2,0,2,1,1,0
https://openalex.org/W2123139575,0036021X,Q2,,2,2,Q2,Q2,Q2,0,2,1,1,Q2,0,2,1,1,Q2,0,2,1,1,0
https://openalex.org/W2123282461,00092363,Q2,,2,2,Q2,Q2,Q2,0,2,1,1,Q2,0,2,1,1,Q2,0,2,1,1,0
https://openalex.org/W2123292310,00218561,Q1,,1,1,Q1,Q1,Q1,1,1,1,1,Q1,1,1,1,1,Q1,1,1,1,1,1
https://openalex.org/W2123303319,10427163,Q2,,2,2,Q2,Q2,Q2,0,2,1,1,Q2,0,2,1,1,Q2,0,2,1,1,0
https://openalex.org/W2123319437,13886150,Q3,,3,3,Q3,Q3,Q3,0,3,0,1,Q3,0,3,0,1,Q3,0,3,0,1,0
https://openalex.org/W2123535088,09277757,-,,5,5,Unranked,Unranked,Unranked,0,5,0,0,Unranked,0,5,0,0,Unranked,0,5,0,0,0
https://openalex.org/W2123546091,00498246,Q2,,3,3,Q3,Q3,Q2,0,2,1,1,Q3,0,3,0,1,Q3,0,3,0,1,0
https://openalex.org/W2123606204,01672738,Q1,,1,1,Q1,Q1,Q1,1,1,1,1,Q1,1,1,1,1,Q1,1,1,1,1,1
https://openalex.org/W2123621484,0018019X,Q1,,2,2,Q2,Q2,Q1,1,1,1,1,Q2,0,2,1,1,Q2,0,2,1,1,1
https://openalex.org/W2123654725,00027863,Q1,,1,1,Q1,Q1,Q1,1,1,1,1,Q1,1,1,1,1,Q1,1,1,1,1,1
https://openalex.org/W2123776735,00222860,Q2,,3,3,Q3,Q3,Q2,0,2,1,1,Q3,0,3,0,1,Q3,0,3,0,1,0
https://openalex.org/W2123795926,14337851,Q1,,1,1,Q1,Q1,Q1,1,1,1,1,Q1,1,1,1,1,Q1,1,1,1,1,1
https://openalex.org/W2123819743,00218995,Q1,,2,2,Q2,Q2,Q1,1,1,1,1,Q2,0,2,1,1,Q2,0,2,1,1,1
https://openalex.org/W2123832117,16182642,Q2,,1,1,Q1,Q1,Q2,0,2,1,1,Q1,1,1,1,1,Q1,1,1,1,1,0
https://openalex.org/W2123848402,13597345,Q1,,1,1,Q1,Q1,Q1,1,1,1,1,Q1,1,1,1,1,Q1,1,1,1,1,1
https://openalex.org/W2123931234,00399140,Q1,,1,1,Q1,Q1,Q1,1,1,1,1,Q1,1,1,1,1,Q1,1,1,1,1,1
https://openalex.org/W2123942894,09599428,Q1,,1,1,Q1,Q1,Q1,1,1,1,1,Q1,1,1,1,1,Q1,1,1,1,1,1
https://openalex.org/W2124088837,00223263,Q1,,1,1,Q1,Q1,Q1,1,1,1,1,Q1,1,1,1,1,Q1,1,1,1,1,1
https://openalex.org/W2124167043,00092363,Q2,,2,2,Q2,Q2,Q2,0,2,1,1,Q2,0,2,1,1,Q2,0,2,1,1,0
https://openalex.org/W2124183169,02365731,Q3,,3,3,Q3,Q3,Q3,0,3,0,1,Q3,0,3,0,1,Q3,0,3,0,1,0
https://openalex.org/W2124360613,00404039,Q1,,2,2,Q2,Q2,Q1,1,1,1,1,Q2,0,2,1,1,Q2,0,2,1,1,1
https://openalex.org/W2124532260,00404039,Q1,,2,2,Q2,Q2,Q1,1,1,1,1,Q2,0,2,1,1,Q2,0,2,1,1,1
https://openalex.org/W2124550307,0018019X,Q1,,2,2,Q2,Q2,Q1,1,1,1,1,Q2,0,2,1,1,Q2,0,2,1,1,1
https://openalex.org/W2124554409,13597345,Q1,,1,1,Q1,Q1,Q1,1,1,1,1,Q1,1,1,1,1,Q1,1,1,1,1,1
https://openalex.org/W2124591605,00032700,Q1,,1,1,Q1,Q1,Q1,1,1,1,1,Q1,1,1,1,1,Q1,1,1,1,1,1
https://openalex.org/W2124609237,16121872,-,,2,2,Q2,Q2,Unranked,0,5,0,0,Q2,0,2,1,1,Q2,0,2,1,1,0
https://openalex.org/W2124609767,00223263,Q1,,1,1,Q1,Q1,Q1,1,1,1,1,Q1,1,1,1,1,Q1,1,1,1,1,1
https://openalex.org/W2124627214,00334545,Q2,,1,1,Q1,Q1,Q2,0,2,1,1,Q1,1,1,1,1,Q1,1,1,1,1,0
https://openalex.org/W2124666022,01730835,Q1,,1,1,Q1,Q1,Q1,1,1,1,1,Q1,1,1,1,1,Q1,1,1,1,1,1
https://openalex.org/W2124861960,00223263,Q1,,1,1,Q1,Q1,Q1,1,1,1,1,Q1,1,1,1,1,Q1,1,1,1,1,1
https://openalex.org/W2125119256,09259635,Q1,,1,1,Q1,Q1,Q1,1,1,1,1,Q1,1,1,1,1,Q1,1,1,1,1,1
https://openalex.org/W2125207727,01422421,Q2,,2,2,Q2,Q2,Q2,0,2,1,1,Q2,0,2,1,1,Q2,0,2,1,1,0
https://openalex.org/W2125231819,00037028,Q2,,3,3,Q3,Q3,Q2,0,2,1,1,Q3,0,3,0,1,Q3,0,3,0,1,0
https://openalex.org/W2125247445,00223263,Q1,,1,1,Q1,Q1,Q1,1,1,1,1,Q1,1,1,1,1,Q1,1,1,1,1,1
https://openalex.org/W2125253854,14337851,Q1,,1,1,Q1,Q1,Q1,1,1,1,1,Q1,1,1,1,1,Q1,1,1,1,1,1
https://openalex.org/W2125368188,08943230,Q2,,2,2,Q2,Q2,Q2,0,2,1,1,Q2,0,2,1,1,Q2,0,2,1,1,0
https://openalex.org/W2125388829,03787753,Q1,,1,1,Q1,Q1,Q1,1,1,1,1,Q1,1,1,1,1,Q1,1,1,1,1,1
https://openalex.org/W2125415833,09205861,Q1,,1,1,Q1,Q1,Q1,1,1,1,1,Q1,1,1,1,1,Q1,1,1,1,1,1
https://openalex.org/W2125645679,13597345,Q1,,1,1,Q1,Q1,Q1,1,1,1,1,Q1,1,1,1,1,Q1,1,1,1,1,1
https://openalex.org/W2125671659,14203049,Q3,,2,2,Q2,Q2,Q3,0,3,0,1,Q2,0,2,1,1,Q2,0,2,1,1,0
https://openalex.org/W2125873764,07317085,Q2,,1,1,Q1,Q1,Q2,0,2,1,1,Q1,1,1,1,1,Q1,1,1,1,1,0
https://openalex.org/W2125920429,00223263,Q1,,1,1,Q1,Q1,Q1,1,1,1,1,Q1,1,1,1,1,Q1,1,1,1,1,1
https://openalex.org/W2125940653,14382377,Q1,,1,1,Q1,Q1,Q1,1,1,1,1,Q1,1,1,1,1,Q1,1,1,1,1,1
https://openalex.org/W2126047202,02365731,Q3,,3,3,Q3,Q3,Q3,0,3,0,1,Q3,0,3,0,1,Q3,0,3,0,1,0
https://openalex.org/W2126088850,09580344,Q2,,2,2,Q2,Q2,Q2,0,2,1,1,Q2,0,2,1,1,Q2,0,2,1,1,0
https://openalex.org/W2126215048,07306679,Q3,,3,3,Q3,Q3,Q3,0,3,0,1,Q3,0,3,0,1,Q3,0,3,0,1,0
https://openalex.org/W2126397315,15237052,Q1,,1,1,Q1,Q1,Q1,1,1,1,1,Q1,1,1,1,1,Q1,1,1,1,1,1
https://openalex.org/W2126436001,02578972,Q1,,1,1,Q1,Q1,Q1,1,1,1,1,Q1,1,1,1,1,Q1,1,1,1,1,1
https://openalex.org/W2126466942,00223263,Q1,,1,1,Q1,Q1,Q1,1,1,1,1,Q1,1,1,1,1,Q1,1,1,1,1,1
https://openalex.org/W2126467792,14770520,Q1,,1,1,Q1,Q1,Q1,1,1,1,1,Q1,1,1,1,1,Q1,1,1,1,1,1
https://openalex.org/W2126485974,08825734,Q2,,2,2,Q2,Q2,Q2,0,2,1,1,Q2,0,2,1,1,Q2,0,2,1,1,0
https://openalex.org/W2126491753,00223263,Q1,,1,1,Q1,Q1,Q1,1,1,1,1,Q1,1,1,1,1,Q1,1,1,1,1,1
https://openalex.org/W2126506327,10704280,Q4,,4,4,Q4,Q4,Q4,0,4,0,0,Q4,0,4,0,0,Q4,0,4,0,0,0
https://openalex.org/W2126524963,00223263,Q1,,1,1,Q1,Q1,Q1,1,1,1,1,Q1,1,1,1,1,Q1,1,1,1,1,1
https://openalex.org/W2126545224,09478396,Q1,,1,1,Q1,Q1,Q1,1,1,1,1,Q1,1,1,1,1,Q1,1,1,1,1,1
https://openalex.org/W2126560454,00092363,Q2,,2,2,Q2,Q2,Q2,0,2,1,1,Q2,0,2,1,1,Q2,0,2,1,1,0
https://openalex.org/W2126581961,00219673,Q1,,1,1,Q1,Q1,Q1,1,1,1,1,Q1,1,1,1,1,Q1,1,1,1,1,1
https://openalex.org/W2126628768,00134651,Q1,,1,1,Q1,Q1,Q1,1,1,1,1,Q1,1,1,1,1,Q1,1,1,1,1,1
https://openalex.org/W2126717175,13597345,Q1,,1,1,Q1,Q1,Q1,1,1,1,1,Q1,1,1,1,1,Q1,1,1,1,1,1
https://openalex.org/W2126771311,16121872,-,,2,2,Q2,Q2,Unranked,0,5,0,0,Q2,0,2,1,1,Q2,0,2,1,1,0
https://openalex.org/W2126959471,00219568,Q1,,1,1,Q1,Q1,Q1,1,1,1,1,Q1,1,1,1,1,Q1,1,1,1,1,1
https://openalex.org/W2127126333,00223263,Q1,,1,1,Q1,Q1,Q1,1,1,1,1,Q1,1,1,1,1,Q1,1,1,1,1,1
https://openalex.org/W2127160187,09254005,-,,5,5,Unranked,Unranked,Unranked,0,5,0,0,Unranked,0,5,0,0,Unranked,0,5,0,0,0
https://openalex.org/W2127224317,09242031,Q3,,3,3,Q3,Q3,Q3,0,3,0,1,Q3,0,3,0,1,Q3,0,3,0,1,0
https://openalex.org/W2127331237,00093122,Q4,,4,4,Q4,Q4,Q4,0,4,0,0,Q4,0,4,0,0,Q4,0,4,0,0,0
https://openalex.org/W2127407037,14337851,Q1,,1,1,Q1,Q1,Q1,1,1,1,1,Q1,1,1,1,1,Q1,1,1,1,1,1
https://openalex.org/W2127460168,13811991,Q2,,2,2,Q2,Q2,Q2,0,2,1,1,Q2,0,2,1,1,Q2,0,2,1,1,0
https://openalex.org/W2127462027,16182642,Q2,,1,1,Q1,Q1,Q2,0,2,1,1,Q1,1,1,1,1,Q1,1,1,1,1,0
https://openalex.org/W2127487009,00218561,Q1,,1,1,Q1,Q1,Q1,1,1,1,1,Q1,1,1,1,1,Q1,1,1,1,1,1
https://openalex.org/W2127487317,10990062,Q1,,1,1,Q1,Q1,Q1,1,1,1,1,Q1,1,1,1,1,Q1,1,1,1,1,1
https://openalex.org/W2127551227,14203049,Q3,,2,2,Q2,Q2,Q3,0,3,0,1,Q2,0,2,1,1,Q2,0,2,1,1,0
https://openalex.org/W2127557625,15700232,Q2,,1,1,Q1,Q1,Q2,0,2,1,1,Q1,1,1,1,1,Q1,1,1,1,1,0
https://openalex.org/W2127620294,00218995,Q1,,2,2,Q2,Q2,Q1,1,1,1,1,Q2,0,2,1,1,Q2,0,2,1,1,1
https://openalex.org/W2127656637,01672738,Q1,,1,1,Q1,Q1,Q1,1,1,1,1,Q1,1,1,1,1,Q1,1,1,1,1,1
https://openalex.org/W2127810537,09307516,Q2,,2,2,Q2,Q2,Q2,0,2,1,1,Q2,0,2,1,1,Q2,0,2,1,1,0
https://openalex.org/W2127852044,00218995,Q1,,2,2,Q2,Q2,Q1,1,1,1,1,Q2,0,2,1,1,Q2,0,2,1,1,1
https://openalex.org/W2127879991,00095893,Q2,,2,2,Q2,Q2,Q2,0,2,1,1,Q2,0,2,1,1,Q2,0,2,1,1,0
https://openalex.org/W2127963401,00399140,Q1,,1,1,Q1,Q1,Q1,1,1,1,1,Q1,1,1,1,1,Q1,1,1,1,1,1
https://openalex.org/W2127991319,00334545,Q2,,1,1,Q1,Q1,Q2,0,2,1,1,Q1,1,1,1,1,Q1,1,1,1,1,0
https://openalex.org/W2128040104,01672738,Q1,,1,1,Q1,Q1,Q1,1,1,1,1,Q1,1,1,1,1,Q1,1,1,1,1,1
https://openalex.org/W2128046857,00032654,Q1,,1,1,Q1,Q1,Q1,1,1,1,1,Q1,1,1,1,1,Q1,1,1,1,1,1
https://openalex.org/W2128051297,00223263,Q1,,1,1,Q1,Q1,Q1,1,1,1,1,Q1,1,1,1,1,Q1,1,1,1,1,1
https://openalex.org/W2128099314,00404039,Q1,,2,2,Q2,Q2,Q1,1,1,1,1,Q2,0,2,1,1,Q2,0,2,1,1,1
https://openalex.org/W2128134911,14786419,Q3,,3,3,Q3,Q3,Q3,0,3,0,1,Q3,0,3,0,1,Q3,0,3,0,1,0
https://openalex.org/W2128274661,00334545,Q2,,1,1,Q1,Q1,Q2,0,2,1,1,Q1,1,1,1,1,Q1,1,1,1,1,0
https://openalex.org/W2128357391,16159306,Q1,,1,1,Q1,Q1,Q1,1,1,1,1,Q1,1,1,1,1,Q1,1,1,1,1,1
https://openalex.org/W2128428676,00218995,Q1,,2,2,Q2,Q2,Q1,1,1,1,1,Q2,0,2,1,1,Q2,0,2,1,1,1
https://openalex.org/W2128447688,00334545,Q2,,1,1,Q1,Q1,Q2,0,2,1,1,Q1,1,1,1,1,Q1,1,1,1,1,0
https://openalex.org/W2128609964,14779226,Q1,,1,1,Q1,Q1,Q1,1,1,1,1,Q1,1,1,1,1,Q1,1,1,1,1,1
https://openalex.org/W2128683271,00397911,Q3,,3,3,Q3,Q3,Q3,0,3,0,1,Q3,0,3,0,1,Q3,0,3,0,1,0
https://openalex.org/W2128707766,00219673,Q1,,1,1,Q1,Q1,Q1,1,1,1,1,Q1,1,1,1,1,Q1,1,1,1,1,1
https://openalex.org/W2128751915,02561115,Q2,,2,2,Q2,Q2,Q2,0,2,1,1,Q2,0,2,1,1,Q2,0,2,1,1,0
https://openalex.org/W2128753199,02235234,Q2,,1,1,Q1,Q1,Q2,0,2,1,1,Q1,1,1,1,1,Q1,1,1,1,1,0
https://openalex.org/W2128766985,09599428,Q1,,1,1,Q1,Q1,Q1,1,1,1,1,Q1,1,1,1,1,Q1,1,1,1,1,1
https://openalex.org/W2128776679,13597345,Q1,,1,1,Q1,Q1,Q1,1,1,1,1,Q1,1,1,1,1,Q1,1,1,1,1,1
https://openalex.org/W2128841875,02682575,Q2,,2,2,Q2,Q2,Q2,0,2,1,1,Q2,0,2,1,1,Q2,0,2,1,1,0
https://openalex.org/W2128858578,09565663,Q1,,1,1,Q1,Q1,Q1,1,1,1,1,Q1,1,1,1,1,Q1,1,1,1,1,1
https://openalex.org/W2128923886,00404039,Q1,,2,2,Q2,Q2,Q1,1,1,1,1,Q2,0,2,1,1,Q2,0,2,1,1,1
https://openalex.org/W2128931258,10990062,Q1,,1,1,Q1,Q1,Q1,1,1,1,1,Q1,1,1,1,1,Q1,1,1,1,1,1
https://openalex.org/W2128968199,00014842,Q1,,1,1,Q1,Q1,Q1,1,1,1,1,Q1,1,1,1,1,Q1,1,1,1,1,1
https://openalex.org/W2129040677,07317085,Q2,,1,1,Q1,Q1,Q2,0,2,1,1,Q1,1,1,1,1,Q1,1,1,1,1,0
https://openalex.org/W2129202965,03612317,Q2,,2,2,Q2,Q2,Q2,0,2,1,1,Q2,0,2,1,1,Q2,0,2,1,1,0
https://openalex.org/W2129430365,14337851,Q1,,1,1,Q1,Q1,Q1,1,1,1,1,Q1,1,1,1,1,Q1,1,1,1,1,1
https://openalex.org/W2129449070,0018019X,Q1,,2,2,Q2,Q2,Q1,1,1,1,1,Q2,0,2,1,1,Q2,0,2,1,1,1
https://openalex.org/W2129515233,14761122,Q1,,1,1,Q1,Q1,Q1,1,1,1,1,Q1,1,1,1,1,Q1,1,1,1,1,1
https://openalex.org/W2129601118,09478396,Q1,,1,1,Q1,Q1,Q1,1,1,1,1,Q1,1,1,1,1,Q1,1,1,1,1,1
https://openalex.org/W2129659511,00404039,Q1,,2,2,Q2,Q2,Q1,1,1,1,1,Q2,0,2,1,1,Q2,0,2,1,1,1
https://openalex.org/W2129673684,00222860,Q2,,3,3,Q3,Q3,Q2,0,2,1,1,Q3,0,3,0,1,Q3,0,3,0,1,0
https://openalex.org/W2129733029,13504177,-,,5,5,Unranked,Unranked,Unranked,0,5,0,0,Unranked,0,5,0,0,Unranked,0,5,0,0,0
https://openalex.org/W2129751060,16159306,Q1,,1,1,Q1,Q1,Q1,1,1,1,1,Q1,1,1,1,1,Q1,1,1,1,1,1
https://openalex.org/W2129792970,09254005,-,,5,5,Unranked,Unranked,Unranked,0,5,0,0,Unranked,0,5,0,0,Unranked,0,5,0,0,0
https://openalex.org/W2129821266,13858947,Q1,,1,1,Q1,Q1,Q1,1,1,1,1,Q1,1,1,1,1,Q1,1,1,1,1,1
https://openalex.org/W2129844579,02578972,Q1,,1,1,Q1,Q1,Q1,1,1,1,1,Q1,1,1,1,1,Q1,1,1,1,1,1
https://openalex.org/W2129869406,12962074,Q2,,2,2,Q2,Q2,Q2,0,2,1,1,Q2,0,2,1,1,Q2,0,2,1,1,0
https://openalex.org/W2129897002,00219517,Q1,,1,1,Q1,Q1,Q1,1,1,1,1,Q1,1,1,1,1,Q1,1,1,1,1,1
https://openalex.org/W2129898666,15237052,Q1,,1,1,Q1,Q1,Q1,1,1,1,1,Q1,1,1,1,1,Q1,1,1,1,1,1
https://openalex.org/W2130280181,08926875,Q2,,1,1,Q1,Q1,Q2,0,2,1,1,Q1,1,1,1,1,Q1,1,1,1,1,0
https://openalex.org/W2130389325,00404039,Q1,,2,2,Q2,Q2,Q1,1,1,1,1,Q2,0,2,1,1,Q2,0,2,1,1,1
https://openalex.org/W2130427067,00404020,Q1,,1,1,Q1,Q1,Q1,1,1,1,1,Q1,1,1,1,1,Q1,1,1,1,1,1
https://openalex.org/W2130434208,02682575,Q2,,2,2,Q2,Q2,Q2,0,2,1,1,Q2,0,2,1,1,Q2,0,2,1,1,0
https://openalex.org/W2130435687,00218995,Q1,,2,2,Q2,Q2,Q1,1,1,1,1,Q2,0,2,1,1,Q2,0,2,1,1,1
https://openalex.org/W2130449366,00218464,Q2,,2,2,Q2,Q2,Q2,0,2,1,1,Q2,0,2,1,1,Q2,0,2,1,1,0
https://openalex.org/W2130454105,00207608,Q2,,2,2,Q2,Q2,Q2,0,2,1,1,Q2,0,2,1,1,Q2,0,2,1,1,0
https://openalex.org/W2130504328,00092614,Q1,,1,1,Q1,Q1,Q1,1,1,1,1,Q1,1,1,1,1,Q1,1,1,1,1,1
https://openalex.org/W2130544958,13886150,Q3,,3,3,Q3,Q3,Q3,0,3,0,1,Q3,0,3,0,1,Q3,0,3,0,1,0
https://openalex.org/W2130574946,00404039,Q1,,2,2,Q2,Q2,Q1,1,1,1,1,Q2,0,2,1,1,Q2,0,2,1,1,1
https://openalex.org/W2130782023,00092363,Q2,,2,2,Q2,Q2,Q2,0,2,1,1,Q2,0,2,1,1,Q2,0,2,1,1,0
https://openalex.org/W2130831059,09574166,Q1,,1,1,Q1,Q1,Q1,1,1,1,1,Q1,1,1,1,1,Q1,1,1,1,1,1
https://openalex.org/W2130839787,02365731,Q3,,3,3,Q3,Q3,Q3,0,3,0,1,Q3,0,3,0,1,Q3,0,3,0,1,0
https://openalex.org/W2130859455,15700232,Q2,,1,1,Q1,Q1,Q2,0,2,1,1,Q1,1,1,1,1,Q1,1,1,1,1,0
https://openalex.org/W2130870013,00092509,Q1,,1,1,Q1,Q1,Q1,1,1,1,1,Q1,1,1,1,1,Q1,1,1,1,1,1
https://openalex.org/W2130900716,09514198,Q1,,1,1,Q1,Q1,Q1,1,1,1,1,Q1,1,1,1,1,Q1,1,1,1,1,1
https://openalex.org/W2131172459,13597345,Q1,,1,1,Q1,Q1,Q1,1,1,1,1,Q1,1,1,1,1,Q1,1,1,1,1,1
https://openalex.org/W2131219992,03060012,Q1,,1,1,Q1,Q1,Q1,1,1,1,1,Q1,1,1,1,1,Q1,1,1,1,1,1
https://openalex.org/W2131253180,00323861,Q1,,1,1,Q1,Q1,Q1,1,1,1,1,Q1,1,1,1,1,Q1,1,1,1,1,1
https://openalex.org/W2131389824,09259635,Q1,,1,1,Q1,Q1,Q1,1,1,1,1,Q1,1,1,1,1,Q1,1,1,1,1,1
https://openalex.org/W2131495081,09242031,Q3,,3,3,Q3,Q3,Q3,0,3,0,1,Q3,0,3,0,1,Q3,0,3,0,1,0
https://openalex.org/W2131500062,13597345,Q1,,1,1,Q1,Q1,Q1,1,1,1,1,Q1,1,1,1,1,Q1,1,1,1,1,1
https://openalex.org/W2131515605,0960894X,Q2,,2,2,Q2,Q2,Q2,0,2,1,1,Q2,0,2,1,1,Q2,0,2,1,1,0
https://openalex.org/W2131540479,13858947,Q1,,1,1,Q1,Q1,Q1,1,1,1,1,Q1,1,1,1,1,Q1,1,1,1,1,1
https://openalex.org/W2131547401,0960894X,Q2,,2,2,Q2,Q2,Q2,0,2,1,1,Q2,0,2,1,1,Q2,0,2,1,1,0
https://openalex.org/W2131551368,00218995,Q1,,2,2,Q2,Q2,Q1,1,1,1,1,Q2,0,2,1,1,Q2,0,2,1,1,1
https://openalex.org/W2131559293,00221139,Q2,,2,2,Q2,Q2,Q2,0,2,1,1,Q2,0,2,1,1,Q2,0,2,1,1,0
https://openalex.org/W2131675584,09168451,Q3,,2,2,Q2,Q2,Q3,0,3,0,1,Q2,0,2,1,1,Q2,0,2,1,1,0
https://openalex.org/W2131785969,0960894X,Q2,,2,2,Q2,Q2,Q2,0,2,1,1,Q2,0,2,1,1,Q2,0,2,1,1,0
https://openalex.org/W2131924728,15237052,Q1,,1,1,Q1,Q1,Q1,1,1,1,1,Q1,1,1,1,1,Q1,1,1,1,1,1
https://openalex.org/W2131932176,00404020,Q1,,1,1,Q1,Q1,Q1,1,1,1,1,Q1,1,1,1,1,Q1,1,1,1,1,1
https://openalex.org/W2131934481,00027863,Q1,,1,1,Q1,Q1,Q1,1,1,1,1,Q1,1,1,1,1,Q1,1,1,1,1,1
https://openalex.org/W2132338728,02728397,Q2,,2,2,Q2,Q2,Q2,0,2,1,1,Q2,0,2,1,1,Q2,0,2,1,1,0
https://openalex.org/W2132542474,00456535,Q1,,1,1,Q1,Q1,Q1,1,1,1,1,Q1,1,1,1,1,Q1,1,1,1,1,1
https://openalex.org/W2132629607,01928651,Q1,,1,1,Q1,Q1,Q1,1,1,1,1,Q1,1,1,1,1,Q1,1,1,1,1,1
https://openalex.org/W2132765228,01422421,Q2,,2,2,Q2,Q2,Q2,0,2,1,1,Q2,0,2,1,1,Q2,0,2,1,1,0
https://openalex.org/W2132864675,00223263,Q1,,1,1,Q1,Q1,Q1,1,1,1,1,Q1,1,1,1,1,Q1,1,1,1,1,1
https://openalex.org/W2132865748,00399140,Q1,,1,1,Q1,Q1,Q1,1,1,1,1,Q1,1,1,1,1,Q1,1,1,1,1,1
https://openalex.org/W2132891463,13852728,Q1,,1,2,Q1,Q2,Q1,1,1,1,1,Q1,1,1,1,1,Q2,0,2,1,1,1
https://openalex.org/W2132994514,00222313,Q1,,1,1,Q1,Q1,Q1,1,1,1,1,Q1,1,1,1,1,Q1,1,1,1,1,1
https://openalex.org/W2133010427,0960894X,Q2,,2,2,Q2,Q2,Q2,0,2,1,1,Q2,0,2,1,1,Q2,0,2,1,1,0
https://openalex.org/W2133077915,0887624X,Q1,,1,1,Q1,Q1,Q1,1,1,1,1,Q1,1,1,1,1,Q1,1,1,1,1,1
https://openalex.org/W2133219641,00094536,Q3,,3,3,Q3,Q3,Q3,0,3,0,1,Q3,0,3,0,1,Q3,0,3,0,1,0
https://openalex.org/W2133248018,09254005,-,,5,5,Unranked,Unranked,Unranked,0,5,0,0,Unranked,0,5,0,0,Unranked,0,5,0,0,0
https://openalex.org/W2133335508,01422421,Q2,,2,2,Q2,Q2,Q2,0,2,1,1,Q2,0,2,1,1,Q2,0,2,1,1,0
https://openalex.org/W2133338394,00119164,Q1,,1,1,Q1,Q1,Q1,1,1,1,1,Q1,1,1,1,1,Q1,1,1,1,1,1
https://openalex.org/W2133388993,00143057,Q2,,1,1,Q1,Q1,Q2,0,2,1,1,Q1,1,1,1,1,Q1,1,1,1,1,0
https://openalex.org/W2133445423,14203049,Q3,,2,2,Q2,Q2,Q3,0,3,0,1,Q2,0,2,1,1,Q2,0,2,1,1,0
https://openalex.org/W2133686592,00218561,Q1,,1,1,Q1,Q1,Q1,1,1,1,1,Q1,1,1,1,1,Q1,1,1,1,1,1
https://openalex.org/W2133722042,00092363,Q2,,2,2,Q2,Q2,Q2,0,2,1,1,Q2,0,2,1,1,Q2,0,2,1,1,0
https://openalex.org/W2133780269,01422421,Q2,,2,2,Q2,Q2,Q2,0,2,1,1,Q2,0,2,1,1,Q2,0,2,1,1,0
https://openalex.org/W2133822192,16159306,Q1,,1,1,Q1,Q1,Q1,1,1,1,1,Q1,1,1,1,1,Q1,1,1,1,1,1
https://openalex.org/W2133831452,00014842,Q1,,1,1,Q1,Q1,Q1,1,1,1,1,Q1,1,1,1,1,Q1,1,1,1,1,1
https://openalex.org/W2133876470,02365731,Q3,,3,3,Q3,Q3,Q3,0,3,0,1,Q3,0,3,0,1,Q3,0,3,0,1,0
https://openalex.org/W2133908811,08825734,Q2,,2,2,Q2,Q2,Q2,0,2,1,1,Q2,0,2,1,1,Q2,0,2,1,1,0
https://openalex.org/W2133942212,00049425,Q2,,1,2,Q1,Q2,Q2,0,2,1,1,Q1,1,1,1,1,Q2,0,2,1,1,0
https://openalex.org/W2133966783,09254005,-,,5,5,Unranked,Unranked,Unranked,0,5,0,0,Unranked,0,5,0,0,Unranked,0,5,0,0,0
https://openalex.org/W2134082084,10990690,Q1,,1,1,Q1,Q1,Q1,1,1,1,1,Q1,1,1,1,1,Q1,1,1,1,1,1
https://openalex.org/W2134209026,02532964,Q2,,3,3,Q3,Q3,Q2,0,2,1,1,Q3,0,3,0,1,Q3,0,3,0,1,0
https://openalex.org/W2134275819,00032670,Q1,,1,1,Q1,Q1,Q1,1,1,1,1,Q1,1,1,1,1,Q1,1,1,1,1,1
https://openalex.org/W2134288582,02578972,Q1,,1,1,Q1,Q1,Q1,1,1,1,1,Q1,1,1,1,1,Q1,1,1,1,1,1
https://openalex.org/W2134359169,13597345,Q1,,1,1,Q1,Q1,Q1,1,1,1,1,Q1,1,1,1,1,Q1,1,1,1,1,1
https://openalex.org/W2134428614,00223263,Q1,,1,1,Q1,Q1,Q1,1,1,1,1,Q1,1,1,1,1,Q1,1,1,1,1,1
https://openalex.org/W2134460543,13858947,Q1,,1,1,Q1,Q1,Q1,1,1,1,1,Q1,1,1,1,1,Q1,1,1,1,1,1
https://openalex.org/W2134491572,09574166,Q1,,1,1,Q1,Q1,Q1,1,1,1,1,Q1,1,1,1,1,Q1,1,1,1,1,1
https://openalex.org/W2134557432,15237052,Q1,,1,1,Q1,Q1,Q1,1,1,1,1,Q1,1,1,1,1,Q1,1,1,1,1,1
https://openalex.org/W2134623832,00223263,Q1,,1,1,Q1,Q1,Q1,1,1,1,1,Q1,1,1,1,1,Q1,1,1,1,1,1
https://openalex.org/W2134639617,00134651,Q1,,1,1,Q1,Q1,Q1,1,1,1,1,Q1,1,1,1,1,Q1,1,1,1,1,1
https://openalex.org/W2134656230,15237052,Q1,,1,1,Q1,Q1,Q1,1,1,1,1,Q1,1,1,1,1,Q1,1,1,1,1,1
https://openalex.org/W2134692881,00218561,Q1,,1,1,Q1,Q1,Q1,1,1,1,1,Q1,1,1,1,1,Q1,1,1,1,1,1
https://openalex.org/W2134743831,00224596,Q2,,2,2,Q2,Q2,Q2,0,2,1,1,Q2,0,2,1,1,Q2,0,2,1,1,0
https://openalex.org/W2134751042,13886150,Q3,,3,3,Q3,Q3,Q3,0,3,0,1,Q3,0,3,0,1,Q3,0,3,0,1,0
https://openalex.org/W2134865356,00032670,Q1,,1,1,Q1,Q1,Q1,1,1,1,1,Q1,1,1,1,1,Q1,1,1,1,1,1
https://openalex.org/W2134968156,00092363,Q2,,2,2,Q2,Q2,Q2,0,2,1,1,Q2,0,2,1,1,Q2,0,2,1,1,0
https://openalex.org/W2134993013,14337851,Q1,,1,1,Q1,Q1,Q1,1,1,1,1,Q1,1,1,1,1,Q1,1,1,1,1,1
https://openalex.org/W2135051541,02728397,Q2,,2,2,Q2,Q2,Q2,0,2,1,1,Q2,0,2,1,1,Q2,0,2,1,1,0
https://openalex.org/W2135057524,00218995,Q1,,2,2,Q2,Q2,Q1,1,1,1,1,Q2,0,2,1,1,Q2,0,2,1,1,1
https://openalex.org/W2135058583,00219517,Q1,,1,1,Q1,Q1,Q1,1,1,1,1,Q1,1,1,1,1,Q1,1,1,1,1,1
https://openalex.org/W2135080609,15237052,Q1,,1,1,Q1,Q1,Q1,1,1,1,1,Q1,1,1,1,1,Q1,1,1,1,1,1
https://openalex.org/W2135123751,09307516,Q2,,2,2,Q2,Q2,Q2,0,2,1,1,Q2,0,2,1,1,Q2,0,2,1,1,0
https://openalex.org/W2135153202,02235234,Q2,,1,1,Q1,Q1,Q2,0,2,1,1,Q1,1,1,1,1,Q1,1,1,1,1,0
https://openalex.org/W2135211136,14387492,Q2,,2,2,Q2,Q2,Q2,0,2,1,1,Q2,0,2,1,1,Q2,0,2,1,1,0
https://openalex.org/W2135231900,09334173,Q2,,3,3,Q3,Q3,Q2,0,2,1,1,Q3,0,3,0,1,Q3,0,3,0,1,0
https://openalex.org/W2135237177,07213115,Q3,,2,2,Q2,Q2,Q3,0,3,0,1,Q2,0,2,1,1,Q2,0,2,1,1,0
https://openalex.org/W2135308613,00223263,Q1,,1,1,Q1,Q1,Q1,1,1,1,1,Q1,1,1,1,1,Q1,1,1,1,1,1
https://openalex.org/W2135364782,00442313,Q3,,3,3,Q3,Q3,Q3,0,3,0,1,Q3,0,3,0,1,Q3,0,3,0,1,0
https://openalex.org/W2135384670,09168451,Q3,,2,2,Q2,Q2,Q3,0,3,0,1,Q2,0,2,1,1,Q2,0,2,1,1,0
https://openalex.org/W2135403235,00032670,Q1,,1,1,Q1,Q1,Q1,1,1,1,1,Q1,1,1,1,1,Q1,1,1,1,1,1
https://openalex.org/W2135422649,09491775,Q2,,2,2,Q2,Q2,Q2,0,2,1,1,Q2,0,2,1,1,Q2,0,2,1,1,0
https://openalex.org/W2135522797,00094536,Q3,,3,3,Q3,Q3,Q3,0,3,0,1,Q3,0,3,0,1,Q3,0,3,0,1,0
https://openalex.org/W2135579112,00404020,Q1,,1,1,Q1,Q1,Q1,1,1,1,1,Q1,1,1,1,1,Q1,1,1,1,1,1
https://openalex.org/W2135671356,09478396,Q1,,1,1,Q1,Q1,Q1,1,1,1,1,Q1,1,1,1,1,Q1,1,1,1,1,1
https://openalex.org/W2135686269,00442313,Q3,,3,3,Q3,Q3,Q3,0,3,0,1,Q3,0,3,0,1,Q3,0,3,0,1,0
https://openalex.org/W2135808377,00134651,Q1,,1,1,Q1,Q1,Q1,1,1,1,1,Q1,1,1,1,1,Q1,1,1,1,1,1
https://openalex.org/W2135864921,00221139,Q2,,2,2,Q2,Q2,Q2,0,2,1,1,Q2,0,2,1,1,Q2,0,2,1,1,0
https://openalex.org/W2135881250,15306984,Q1,,1,1,Q1,Q1,Q1,1,1,1,1,Q1,1,1,1,1,Q1,1,1,1,1,1
https://openalex.org/W2135949467,13597345,Q1,,1,1,Q1,Q1,Q1,1,1,1,1,Q1,1,1,1,1,Q1,1,1,1,1,1
https://openalex.org/W2135965531,00219665,Q2,,3,3,Q3,Q3,Q2,0,2,1,1,Q3,0,3,0,1,Q3,0,3,0,1,0
https://openalex.org/W2135996766,00092363,Q2,,2,2,Q2,Q2,Q2,0,2,1,1,Q2,0,2,1,1,Q2,0,2,1,1,0
https://openalex.org/W2136022660,09514198,Q1,,1,1,Q1,Q1,Q1,1,1,1,1,Q1,1,1,1,1,Q1,1,1,1,1,1
https://openalex.org/W2136026334,10400397,Q2,,2,2,Q2,Q2,Q2,0,2,1,1,Q2,0,2,1,1,Q2,0,2,1,1,0
https://openalex.org/W2136101726,07317085,Q2,,1,1,Q1,Q1,Q2,0,2,1,1,Q1,1,1,1,1,Q1,1,1,1,1,0
https://openalex.org/W2136164283,14203049,Q3,,2,2,Q2,Q2,Q3,0,3,0,1,Q2,0,2,1,1,Q2,0,2,1,1,0
https://openalex.org/W2136374067,03639045,Q3,,2,2,Q2,Q2,Q3,0,3,0,1,Q2,0,2,1,1,Q2,0,2,1,1,0
https://openalex.org/W2136380767,00223263,Q1,,1,1,Q1,Q1,Q1,1,1,1,1,Q1,1,1,1,1,Q1,1,1,1,1,1
https://openalex.org/W2136393793,10286020,Q4,,3,3,Q3,Q3,Q4,0,4,0,0,Q3,0,3,0,1,Q3,0,3,0,1,0
https://openalex.org/W2136449301,03787753,Q1,,1,1,Q1,Q1,Q1,1,1,1,1,Q1,1,1,1,1,Q1,1,1,1,1,1
https://openalex.org/W2136523441,00032719,Q3,,3,3,Q3,Q3,Q3,0,3,0,1,Q3,0,3,0,1,Q3,0,3,0,1,0
https://openalex.org/W2136623294,13597345,Q1,,1,1,Q1,Q1,Q1,1,1,1,1,Q1,1,1,1,1,Q1,1,1,1,1,1
https://openalex.org/W2136623959,13597345,Q1,,1,1,Q1,Q1,Q1,1,1,1,1,Q1,1,1,1,1,Q1,1,1,1,1,1
https://openalex.org/W2136717941,00222860,Q2,,3,3,Q3,Q3,Q2,0,2,1,1,Q3,0,3,0,1,Q3,0,3,0,1,0
https://openalex.org/W2136755172,00218995,Q1,,2,2,Q2,Q2,Q1,1,1,1,1,Q2,0,2,1,1,Q2,0,2,1,1,1
https://openalex.org/W2136872139,00404039,Q1,,2,2,Q2,Q2,Q1,1,1,1,1,Q2,0,2,1,1,Q2,0,2,1,1,1
https://openalex.org/W2137069559,00092363,Q2,,2,2,Q2,Q2,Q2,0,2,1,1,Q2,0,2,1,1,Q2,0,2,1,1,0
https://openalex.org/W2137212990,00456535,Q1,,1,1,Q1,Q1,Q1,1,1,1,1,Q1,1,1,1,1,Q1,1,1,1,1,1
https://openalex.org/W2137269708,00223263,Q1,,1,1,Q1,Q1,Q1,1,1,1,1,Q1,1,1,1,1,Q1,1,1,1,1,1
https://openalex.org/W2137276014,00027863,Q1,,1,1,Q1,Q1,Q1,1,1,1,1,Q1,1,1,1,1,Q1,1,1,1,1,1
https://openalex.org/W2137424097,15306984,Q1,,1,1,Q1,Q1,Q1,1,1,1,1,Q1,1,1,1,1,Q1,1,1,1,1,1
https://openalex.org/W2137451617,02578972,Q1,,1,1,Q1,Q1,Q1,1,1,1,1,Q1,1,1,1,1,Q1,1,1,1,1,1
https://openalex.org/W2137572836,0960894X,Q2,,2,2,Q2,Q2,Q2,0,2,1,1,Q2,0,2,1,1,Q2,0,2,1,1,0
https://openalex.org/W2137741271,01464760,Q1,,1,1,Q1,Q1,Q1,1,1,1,1,Q1,1,1,1,1,Q1,1,1,1,1,1
https://openalex.org/W2137770937,14337851,Q1,,1,1,Q1,Q1,Q1,1,1,1,1,Q1,1,1,1,1,Q1,1,1,1,1,1
https://openalex.org/W2137792304,00223263,Q1,,1,1,Q1,Q1,Q1,1,1,1,1,Q1,1,1,1,1,Q1,1,1,1,1,1
https://openalex.org/W2137959907,00218995,Q1,,2,2,Q2,Q2,Q1,1,1,1,1,Q2,0,2,1,1,Q2,0,2,1,1,1
https://openalex.org/W2137983853,09149244,Q3,,3,3,Q3,Q3,Q3,0,3,0,1,Q3,0,3,0,1,Q3,0,3,0,1,0
https://openalex.org/W2138042393,02321300,Q2,,2,2,Q2,Q2,Q2,0,2,1,1,Q2,0,2,1,1,Q2,0,2,1,1,0
https://openalex.org/W2138073986,00323888,Q1,,2,2,Q2,Q2,Q1,1,1,1,1,Q2,0,2,1,1,Q2,0,2,1,1,1
https://openalex.org/W2138324194,0960894X,Q2,,2,2,Q2,Q2,Q2,0,2,1,1,Q2,0,2,1,1,Q2,0,2,1,1,0
https://openalex.org/W2138453655,03667022,Q2,,2,2,Q2,Q2,Q2,0,2,1,1,Q2,0,2,1,1,Q2,0,2,1,1,0
https://openalex.org/W2138760982,03525139,Q3,,3,3,Q3,Q3,Q3,0,3,0,1,Q3,0,3,0,1,Q3,0,3,0,1,0
https://openalex.org/W2138777679,14337851,Q1,,1,1,Q1,Q1,Q1,1,1,1,1,Q1,1,1,1,1,Q1,1,1,1,1,1
https://openalex.org/W2138968629,09680896,Q2,,1,1,Q1,Q1,Q2,0,2,1,1,Q1,1,1,1,1,Q1,1,1,1,1,0
https://openalex.org/W2138985595,00218995,Q1,,2,2,Q2,Q2,Q1,1,1,1,1,Q2,0,2,1,1,Q2,0,2,1,1,1
https://openalex.org/W2138994168,00404039,Q1,,2,2,Q2,Q2,Q1,1,1,1,1,Q2,0,2,1,1,Q2,0,2,1,1,1
https://openalex.org/W2139088765,15237052,Q1,,1,1,Q1,Q1,Q1,1,1,1,1,Q1,1,1,1,1,Q1,1,1,1,1,1
https://openalex.org/W2139091623,09514198,Q1,,1,1,Q1,Q1,Q1,1,1,1,1,Q1,1,1,1,1,Q1,1,1,1,1,1
https://openalex.org/W2139107506,00404020,Q1,,1,1,Q1,Q1,Q1,1,1,1,1,Q1,1,1,1,1,Q1,1,1,1,1,1
https://openalex.org/W2139119209,1474905X,Q2,,2,2,Q2,Q2,Q2,0,2,1,1,Q2,0,2,1,1,Q2,0,2,1,1,0
https://openalex.org/W2139177215,0960894X,Q2,,2,2,Q2,Q2,Q2,0,2,1,1,Q2,0,2,1,1,Q2,0,2,1,1,0
https://openalex.org/W2139190040,09259635,Q1,,1,1,Q1,Q1,Q1,1,1,1,1,Q1,1,1,1,1,Q1,1,1,1,1,1
https://openalex.org/W2139257623,13873806,Q1,,2,2,Q2,Q2,Q1,1,1,1,1,Q2,0,2,1,1,Q2,0,2,1,1,1
https://openalex.org/W2139259327,00032670,Q1,,1,1,Q1,Q1,Q1,1,1,1,1,Q1,1,1,1,1,Q1,1,1,1,1,1
https://openalex.org/W2139295843,00404039,Q1,,2,2,Q2,Q2,Q1,1,1,1,1,Q2,0,2,1,1,Q2,0,2,1,1,1
https://openalex.org/W2139360454,08885885,Q1,,1,1,Q1,Q1,Q1,1,1,1,1,Q1,1,1,1,1,Q1,1,1,1,1,1
https://openalex.org/W2139625108,00032670,Q1,,1,1,Q1,Q1,Q1,1,1,1,1,Q1,1,1,1,1,Q1,1,1,1,1,1
https://openalex.org/W2139723092,00032654,Q1,,1,1,Q1,Q1,Q1,1,1,1,1,Q1,1,1,1,1,Q1,1,1,1,1,1
https://openalex.org/W2139728494,14337851,Q1,,1,1,Q1,Q1,Q1,1,1,1,1,Q1,1,1,1,1,Q1,1,1,1,1,1
https://openalex.org/W2139773650,15237052,Q1,,1,1,Q1,Q1,Q1,1,1,1,1,Q1,1,1,1,1,Q1,1,1,1,1,1
https://openalex.org/W2139862344,00404039,Q1,,2,2,Q2,Q2,Q1,1,1,1,1,Q2,0,2,1,1,Q2,0,2,1,1,1
https://openalex.org/W2139870508,09680896,Q2,,1,1,Q1,Q1,Q2,0,2,1,1,Q1,1,1,1,1,Q1,1,1,1,1,0
https://openalex.org/W2139870932,00323888,Q1,,2,2,Q2,Q2,Q1,1,1,1,1,Q2,0,2,1,1,Q2,0,2,1,1,1
https://openalex.org/W2139884940,13597345,Q1,,1,1,Q1,Q1,Q1,1,1,1,1,Q1,1,1,1,1,Q1,1,1,1,1,1
https://openalex.org/W2139892676,01672738,Q1,,1,1,Q1,Q1,Q1,1,1,1,1,Q1,1,1,1,1,Q1,1,1,1,1,1
https://openalex.org/W2139934722,00218995,Q1,,2,2,Q2,Q2,Q1,1,1,1,1,Q2,0,2,1,1,Q2,0,2,1,1,1
https://openalex.org/W2139951722,16121872,-,,2,2,Q2,Q2,Unranked,0,5,0,0,Q2,0,2,1,1,Q2,0,2,1,1,0
https://openalex.org/W2139965468,0887624X,Q1,,1,1,Q1,Q1,Q1,1,1,1,1,Q1,1,1,1,1,Q1,1,1,1,1,1
https://openalex.org/W2139982220,00404039,Q1,,2,2,Q2,Q2,Q1,1,1,1,1,Q2,0,2,1,1,Q2,0,2,1,1,1
https://openalex.org/W2140018624,00219673,Q1,,1,1,Q1,Q1,Q1,1,1,1,1,Q1,1,1,1,1,Q1,1,1,1,1,1
https://openalex.org/W2140030560,10765174,Q1,,1,1,Q1,Q1,Q1,1,1,1,1,Q1,1,1,1,1,Q1,1,1,1,1,1
https://openalex.org/W2140045009,13835866,Q1,,1,1,Q1,Q1,Q1,1,1,1,1,Q1,1,1,1,1,Q1,1,1,1,1,1
https://openalex.org/W2140141247,00032654,Q1,,1,1,Q1,Q1,Q1,1,1,1,1,Q1,1,1,1,1,Q1,1,1,1,1,1
https://openalex.org/W2140169536,0018019X,Q1,,2,2,Q2,Q2,Q1,1,1,1,1,Q2,0,2,1,1,Q2,0,2,1,1,1
https://openalex.org/W2140172482,03787753,Q1,,1,1,Q1,Q1,Q1,1,1,1,1,Q1,1,1,1,1,Q1,1,1,1,1,1
https://openalex.org/W2140264749,0021955X,Q3,,2,2,Q2,Q2,Q3,0,3,0,1,Q2,0,2,1,1,Q2,0,2,1,1,0
https://openalex.org/W2140272439,09514198,Q1,,1,1,Q1,Q1,Q1,1,1,1,1,Q1,1,1,1,1,Q1,1,1,1,1,1
https://openalex.org/W2140348047,14668564,Q2,,1,1,Q1,Q1,Q2,0,2,1,1,Q1,1,1,1,1,Q1,1,1,1,1,0
https://openalex.org/W2140372661,00219673,Q1,,1,1,Q1,Q1,Q1,1,1,1,1,Q1,1,1,1,1,Q1,1,1,1,1,1
https://openalex.org/W2140483993,00381098,Q1,,1,1,Q1,Q1,Q1,1,1,1,1,Q1,1,1,1,1,Q1,1,1,1,1,1
https://openalex.org/W2140517520,09270256,Q1,,1,1,Q1,Q1,Q1,1,1,1,1,Q1,1,1,1,1,Q1,1,1,1,1,1
https://openalex.org/W2140586645,09307516,Q2,,2,2,Q2,Q2,Q2,0,2,1,1,Q2,0,2,1,1,Q2,0,2,1,1,0
https://openalex.org/W2140614738,03783812,Q2,,2,2,Q2,Q2,Q2,0,2,1,1,Q2,0,2,1,1,Q2,0,2,1,1,0
https://openalex.org/W2140657631,00404039,Q1,,2,2,Q2,Q2,Q1,1,1,1,1,Q2,0,2,1,1,Q2,0,2,1,1,1
https://openalex.org/W2140721799,08876266,Q1,,2,2,Q2,Q2,Q1,1,1,1,1,Q2,0,2,1,1,Q2,0,2,1,1,1
https://openalex.org/W2140879096,00318655,Q2,,2,2,Q2,Q2,Q2,0,2,1,1,Q2,0,2,1,1,Q2,0,2,1,1,0
https://openalex.org/W2140932494,0887624X,Q1,,1,1,Q1,Q1,Q1,1,1,1,1,Q1,1,1,1,1,Q1,1,1,1,1,1
https://openalex.org/W2141040500,02652048,Q2,,2,2,Q2,Q2,Q2,0,2,1,1,Q2,0,2,1,1,Q2,0,2,1,1,0
https://openalex.org/W2141053503,02678292,Q2,,2,2,Q2,Q2,Q2,0,2,1,1,Q2,0,2,1,1,Q2,0,2,1,1,0
https://openalex.org/W2141124489,14203049,Q3,,2,2,Q2,Q2,Q3,0,3,0,1,Q2,0,2,1,1,Q2,0,2,1,1,0
https://openalex.org/W2141133944,00027863,Q1,,1,1,Q1,Q1,Q1,1,1,1,1,Q1,1,1,1,1,Q1,1,1,1,1,1
https://openalex.org/W2141166517,00032670,Q1,,1,1,Q1,Q1,Q1,1,1,1,1,Q1,1,1,1,1,Q1,1,1,1,1,1
https://openalex.org/W2141227616,09277765,Q2,,2,2,Q2,Q2,Q2,0,2,1,1,Q2,0,2,1,1,Q2,0,2,1,1,0
https://openalex.org/W2141269208,09599428,Q1,,1,1,Q1,Q1,Q1,1,1,1,1,Q1,1,1,1,1,Q1,1,1,1,1,1
https://openalex.org/W2141305768,10990062,Q1,,1,1,Q1,Q1,Q1,1,1,1,1,Q1,1,1,1,1,Q1,1,1,1,1,1
https://openalex.org/W2141353773,00092363,Q2,,2,2,Q2,Q2,Q2,0,2,1,1,Q2,0,2,1,1,Q2,0,2,1,1,0
https://openalex.org/W2141437564,09254005,-,,5,5,Unranked,Unranked,Unranked,0,5,0,0,Unranked,0,5,0,0,Unranked,0,5,0,0,0
https://openalex.org/W2141566889,09205861,Q1,,1,1,Q1,Q1,Q1,1,1,1,1,Q1,1,1,1,1,Q1,1,1,1,1,1
https://openalex.org/W2141607739,02678292,Q2,,2,2,Q2,Q2,Q2,0,2,1,1,Q2,0,2,1,1,Q2,0,2,1,1,0
https://openalex.org/W2141636466,03639045,Q3,,2,2,Q2,Q2,Q3,0,3,0,1,Q2,0,2,1,1,Q2,0,2,1,1,0
https://openalex.org/W2141664350,09485023,Q1,,3,3,Q3,Q3,Q1,1,1,1,1,Q3,0,3,0,1,Q3,0,3,0,1,1
https://openalex.org/W2141742278,00223697,Q1,,2,2,Q2,Q2,Q1,1,1,1,1,Q2,0,2,1,1,Q2,0,2,1,1,1
https://openalex.org/W2141805854,0036021X,Q2,,2,2,Q2,Q2,Q2,0,2,1,1,Q2,0,2,1,1,Q2,0,2,1,1,0
https://openalex.org/W2141806249,09599428,Q1,,1,1,Q1,Q1,Q1,1,1,1,1,Q1,1,1,1,1,Q1,1,1,1,1,1
https://openalex.org/W2141860146,14337851,Q1,,1,1,Q1,Q1,Q1,1,1,1,1,Q1,1,1,1,1,Q1,1,1,1,1,1
https://openalex.org/W2141964245,00223263,Q1,,1,1,Q1,Q1,Q1,1,1,1,1,Q1,1,1,1,1,Q1,1,1,1,1,1
https://openalex.org/W2142024342,02693879,Q3,,2,2,Q2,Q2,Q3,0,3,0,1,Q2,0,2,1,1,Q2,0,2,1,1,0
https://openalex.org/W2142027745,00134651,Q1,,1,1,Q1,Q1,Q1,1,1,1,1,Q1,1,1,1,1,Q1,1,1,1,1,1
https://openalex.org/W2142035746,13597345,Q1,,1,1,Q1,Q1,Q1,1,1,1,1,Q1,1,1,1,1,Q1,1,1,1,1,1
https://openalex.org/W2142113158,00162361,Q1,,1,1,Q1,Q1,Q1,1,1,1,1,Q1,1,1,1,1,Q1,1,1,1,1,1
https://openalex.org/W2142175662,13597345,Q1,,1,1,Q1,Q1,Q1,1,1,1,1,Q1,1,1,1,1,Q1,1,1,1,1,1
https://openalex.org/W2142193876,01694332,-,,5,5,Unranked,Unranked,Unranked,0,5,0,0,Unranked,0,5,0,0,Unranked,0,5,0,0,0
https://openalex.org/W2142228229,00399140,Q1,,1,1,Q1,Q1,Q1,1,1,1,1,Q1,1,1,1,1,Q1,1,1,1,1,1
https://openalex.org/W2142255164,01448617,Q2,,1,1,Q1,Q1,Q2,0,2,1,1,Q1,1,1,1,1,Q1,1,1,1,1,0
https://openalex.org/W2142263936,00223263,Q1,,1,1,Q1,Q1,Q1,1,1,1,1,Q1,1,1,1,1,Q1,1,1,1,1,1
https://openalex.org/W2142358403,00032670,Q1,,1,1,Q1,Q1,Q1,1,1,1,1,Q1,1,1,1,1,Q1,1,1,1,1,1
https://openalex.org/W2142382095,00304018,Q1,,2,2,Q2,Q2,Q1,1,1,1,1,Q2,0,2,1,1,Q2,0,2,1,1,1
https://openalex.org/W2142423359,09205861,Q1,,1,1,Q1,Q1,Q1,1,1,1,1,Q1,1,1,1,1,Q1,1,1,1,1,1
https://openalex.org/W2142514897,09565663,Q1,,1,1,Q1,Q1,Q1,1,1,1,1,Q1,1,1,1,1,Q1,1,1,1,1,1
https://openalex.org/W2142539937,09277757,-,,5,5,Unranked,Unranked,Unranked,0,5,0,0,Unranked,0,5,0,0,Unranked,0,5,0,0,0
https://openalex.org/W2142564783,08885885,Q1,,1,1,Q1,Q1,Q1,1,1,1,1,Q1,1,1,1,1,Q1,1,1,1,1,1
https://openalex.org/W2142803167,00218995,Q1,,2,2,Q2,Q2,Q1,1,1,1,1,Q2,0,2,1,1,Q2,0,2,1,1,1
https://openalex.org/W2142824384,01730835,Q1,,1,1,Q1,Q1,Q1,1,1,1,1,Q1,1,1,1,1,Q1,1,1,1,1,1
https://openalex.org/W2142931224,14786419,Q3,,3,3,Q3,Q3,Q3,0,3,0,1,Q3,0,3,0,1,Q3,0,3,0,1,0
https://openalex.org/W2143107305,00224596,Q2,,2,2,Q2,Q2,Q2,0,2,1,1,Q2,0,2,1,1,Q2,0,2,1,1,0
https://openalex.org/W2143140771,07213115,Q3,,2,2,Q2,Q2,Q3,0,3,0,1,Q2,0,2,1,1,Q2,0,2,1,1,0
https://openalex.org/W2143145797,00092363,Q2,,2,2,Q2,Q2,Q2,0,2,1,1,Q2,0,2,1,1,Q2,0,2,1,1,0
https://openalex.org/W2143223968,10400397,Q2,,2,2,Q2,Q2,Q2,0,2,1,1,Q2,0,2,1,1,Q2,0,2,1,1,0
https://openalex.org/W2143394828,09253467,-,,5,5,Unranked,Unranked,Unranked,0,5,0,0,Unranked,0,5,0,0,Unranked,0,5,0,0,0
https://openalex.org/W2143602570,00223263,Q1,,1,1,Q1,Q1,Q1,1,1,1,1,Q1,1,1,1,1,Q1,1,1,1,1,1
https://openalex.org/W2143786806,09514198,Q1,,1,1,Q1,Q1,Q1,1,1,1,1,Q1,1,1,1,1,Q1,1,1,1,1,1
https://openalex.org/W2143806290,0026265X,Q2,,2,2,Q2,Q2,Q2,0,2,1,1,Q2,0,2,1,1,Q2,0,2,1,1,0
https://openalex.org/W2143830550,10990062,Q1,,1,1,Q1,Q1,Q1,1,1,1,1,Q1,1,1,1,1,Q1,1,1,1,1,1
https://openalex.org/W2143835233,00092363,Q2,,2,2,Q2,Q2,Q2,0,2,1,1,Q2,0,2,1,1,Q2,0,2,1,1,0
https://openalex.org/W2143881599,00223263,Q1,,1,1,Q1,Q1,Q1,1,1,1,1,Q1,1,1,1,1,Q1,1,1,1,1,1
https://openalex.org/W2143892195,14337851,Q1,,1,1,Q1,Q1,Q1,1,1,1,1,Q1,1,1,1,1,Q1,1,1,1,1,1
https://openalex.org/W2143896831,08943214,Q2,,2,2,Q2,Q2,Q2,0,2,1,1,Q2,0,2,1,1,Q2,0,2,1,1,0
https://openalex.org/W2143939557,01464760,Q1,,1,1,Q1,Q1,Q1,1,1,1,1,Q1,1,1,1,1,Q1,1,1,1,1,1
https://openalex.org/W2144298232,00223263,Q1,,1,1,Q1,Q1,Q1,1,1,1,1,Q1,1,1,1,1,Q1,1,1,1,1,1
https://openalex.org/W2144333163,10221336,Q1,,1,1,Q1,Q1,Q1,1,1,1,1,Q1,1,1,1,1,Q1,1,1,1,1,1
https://openalex.org/W2144333376,00095893,Q2,,2,2,Q2,Q2,Q2,0,2,1,1,Q2,0,2,1,1,Q2,0,2,1,1,0
https://openalex.org/W2144336366,09680896,Q2,,1,1,Q1,Q1,Q2,0,2,1,1,Q1,1,1,1,1,Q1,1,1,1,1,0
https://openalex.org/W2144344862,14248220,Q3,,2,2,Q2,Q2,Q3,0,3,0,1,Q2,0,2,1,1,Q2,0,2,1,1,0
https://openalex.org/W2144360055,0960894X,Q2,,2,2,Q2,Q2,Q2,0,2,1,1,Q2,0,2,1,1,Q2,0,2,1,1,0
https://openalex.org/W2144412313,00173495,Q4,,3,3,Q3,Q3,Q4,0,4,0,0,Q3,0,3,0,1,Q3,0,3,0,1,0
https://openalex.org/W2144468645,08943214,Q2,,2,2,Q2,Q2,Q2,0,2,1,1,Q2,0,2,1,1,Q2,0,2,1,1,0
https://openalex.org/W2144563004,00218995,Q1,,2,2,Q2,Q2,Q1,1,1,1,1,Q2,0,2,1,1,Q2,0,2,1,1,1
https://openalex.org/W2144612364,00095893,Q2,,2,2,Q2,Q2,Q2,0,2,1,1,Q2,0,2,1,1,Q2,0,2,1,1,0
https://openalex.org/W2144737446,00397911,Q3,,3,3,Q3,Q3,Q3,0,3,0,1,Q3,0,3,0,1,Q3,0,3,0,1,0
https://openalex.org/W2144780720,03612317,Q2,,2,2,Q2,Q2,Q2,0,2,1,1,Q2,0,2,1,1,Q2,0,2,1,1,0
https://openalex.org/W2144794883,00223263,Q1,,1,1,Q1,Q1,Q1,1,1,1,1,Q1,1,1,1,1,Q1,1,1,1,1,1
https://openalex.org/W2144827310,15237052,Q1,,1,1,Q1,Q1,Q1,1,1,1,1,Q1,1,1,1,1,Q1,1,1,1,1,1
https://openalex.org/W2144970118,03787753,Q1,,1,1,Q1,Q1,Q1,1,1,1,1,Q1,1,1,1,1,Q1,1,1,1,1,1
https://openalex.org/W2145013466,0960894X,Q2,,2,2,Q2,Q2,Q2,0,2,1,1,Q2,0,2,1,1,Q2,0,2,1,1,0
https://openalex.org/W2145034963,15700232,Q2,,1,1,Q1,Q1,Q2,0,2,1,1,Q1,1,1,1,1,Q1,1,1,1,1,0
https://openalex.org/W2145213995,00223263,Q1,,1,1,Q1,Q1,Q1,1,1,1,1,Q1,1,1,1,1,Q1,1,1,1,1,1
https://openalex.org/W2145274294,10286020,Q4,,3,3,Q3,Q3,Q4,0,4,0,0,Q3,0,3,0,1,Q3,0,3,0,1,0
https://openalex.org/W2145322397,02682575,Q2,,2,2,Q2,Q2,Q2,0,2,1,1,Q2,0,2,1,1,Q2,0,2,1,1,0
https://openalex.org/W2145359924,12962074,Q2,,2,2,Q2,Q2,Q2,0,2,1,1,Q2,0,2,1,1,Q2,0,2,1,1,0
https://openalex.org/W2145418797,08943214,Q2,,2,2,Q2,Q2,Q2,0,2,1,1,Q2,0,2,1,1,Q2,0,2,1,1,0
https://openalex.org/W2145548964,09334173,Q2,,3,3,Q3,Q3,Q2,0,2,1,1,Q3,0,3,0,1,Q3,0,3,0,1,0
https://openalex.org/W2145561720,02679477,Q1,,1,1,Q1,Q1,Q1,1,1,1,1,Q1,1,1,1,1,Q1,1,1,1,1,1
https://openalex.org/W2145564493,00221139,Q2,,2,2,Q2,Q2,Q2,0,2,1,1,Q2,0,2,1,1,Q2,0,2,1,1,0
https://openalex.org/W2145676497,02578972,Q1,,1,1,Q1,Q1,Q1,1,1,1,1,Q1,1,1,1,1,Q1,1,1,1,1,1
https://openalex.org/W2145677994,00498246,Q2,,3,3,Q3,Q3,Q2,0,2,1,1,Q3,0,3,0,1,Q3,0,3,0,1,0
https://openalex.org/W2145762285,02679477,Q1,,1,1,Q1,Q1,Q1,1,1,1,1,Q1,1,1,1,1,Q1,1,1,1,1,1
https://openalex.org/W2145769159,14779226,Q1,,1,1,Q1,Q1,Q1,1,1,1,1,Q1,1,1,1,1,Q1,1,1,1,1,1
https://openalex.org/W2145771540,02532964,Q2,,3,3,Q3,Q3,Q2,0,2,1,1,Q3,0,3,0,1,Q3,0,3,0,1,0
https://openalex.org/W2145946217,10427163,Q2,,2,2,Q2,Q2,Q2,0,2,1,1,Q2,0,2,1,1,Q2,0,2,1,1,0
https://openalex.org/W2146012751,00263672,Q3,,1,2,Q1,Q2,Q3,0,3,0,1,Q1,1,1,1,1,Q2,0,2,1,1,0
https://openalex.org/W2146075601,02578972,Q1,,1,1,Q1,Q1,Q1,1,1,1,1,Q1,1,1,1,1,Q1,1,1,1,1,1
https://openalex.org/W2146120761,0022152X,Q3,,3,3,Q3,Q3,Q3,0,3,0,1,Q3,0,3,0,1,Q3,0,3,0,1,0
https://openalex.org/W2146243684,15700232,Q2,,1,1,Q1,Q1,Q2,0,2,1,1,Q1,1,1,1,1,Q1,1,1,1,1,0
https://openalex.org/W2146287947,15700232,Q2,,1,1,Q1,Q1,Q2,0,2,1,1,Q1,1,1,1,1,Q1,1,1,1,1,0
https://openalex.org/W2146405153,00218995,Q1,,2,2,Q2,Q2,Q1,1,1,1,1,Q2,0,2,1,1,Q2,0,2,1,1,1
https://openalex.org/W2146415725,00399140,Q1,,1,1,Q1,Q1,Q1,1,1,1,1,Q1,1,1,1,1,Q1,1,1,1,1,1
https://openalex.org/W2146478490,01672738,Q1,,1,1,Q1,Q1,Q1,1,1,1,1,Q1,1,1,1,1,Q1,1,1,1,1,1
https://openalex.org/W2146603627,02321300,Q2,,2,2,Q2,Q2,Q2,0,2,1,1,Q2,0,2,1,1,Q2,0,2,1,1,0
https://openalex.org/W2146696038,0036021X,Q2,,2,2,Q2,Q2,Q2,0,2,1,1,Q2,0,2,1,1,Q2,0,2,1,1,0
https://openalex.org/W2146699334,00014842,Q1,,1,1,Q1,Q1,Q1,1,1,1,1,Q1,1,1,1,1,Q1,1,1,1,1,1
https://openalex.org/W2146771927,14730189,Q1,,1,1,Q1,Q1,Q1,1,1,1,1,Q1,1,1,1,1,Q1,1,1,1,1,1
https://openalex.org/W2146842987,00027863,Q1,,1,1,Q1,Q1,Q1,1,1,1,1,Q1,1,1,1,1,Q1,1,1,1,1,1
https://openalex.org/W2146863984,14690667,Q3,,3,3,Q3,Q3,Q3,0,3,0,1,Q3,0,3,0,1,Q3,0,3,0,1,0
https://openalex.org/W2147007032,00334545,Q2,,1,1,Q1,Q1,Q2,0,2,1,1,Q1,1,1,1,1,Q1,1,1,1,1,0
https://openalex.org/W2147082962,0960894X,Q2,,2,2,Q2,Q2,Q2,0,2,1,1,Q2,0,2,1,1,Q2,0,2,1,1,0
https://openalex.org/W2147091249,02365731,Q3,,3,3,Q3,Q3,Q3,0,3,0,1,Q3,0,3,0,1,Q3,0,3,0,1,0
https://openalex.org/W2147201598,01464760,Q1,,1,1,Q1,Q1,Q1,1,1,1,1,Q1,1,1,1,1,Q1,1,1,1,1,1
https://openalex.org/W2147268140,01422421,Q2,,2,2,Q2,Q2,Q2,0,2,1,1,Q2,0,2,1,1,Q2,0,2,1,1,0
https://openalex.org/W2147329460,15237052,Q1,,1,1,Q1,Q1,Q1,1,1,1,1,Q1,1,1,1,1,Q1,1,1,1,1,1
https://openalex.org/W2147358127,00027863,Q1,,1,1,Q1,Q1,Q1,1,1,1,1,Q1,1,1,1,1,Q1,1,1,1,1,1
https://openalex.org/W2147539534,13835866,Q1,,1,1,Q1,Q1,Q1,1,1,1,1,Q1,1,1,1,1,Q1,1,1,1,1,1
https://openalex.org/W2147579106,14639076,Q1,,1,1,Q1,Q1,Q1,1,1,1,1,Q1,1,1,1,1,Q1,1,1,1,1,1
https://openalex.org/W2147588322,00032700,Q1,,1,1,Q1,Q1,Q1,1,1,1,1,Q1,1,1,1,1,Q1,1,1,1,1,1
https://openalex.org/W2147606029,00397911,Q3,,3,3,Q3,Q3,Q3,0,3,0,1,Q3,0,3,0,1,Q3,0,3,0,1,0
https://openalex.org/W2147611139,13858947,Q1,,1,1,Q1,Q1,Q1,1,1,1,1,Q1,1,1,1,1,Q1,1,1,1,1,1
https://openalex.org/W2147786599,10990062,Q1,,1,1,Q1,Q1,Q1,1,1,1,1,Q1,1,1,1,1,Q1,1,1,1,1,1
https://openalex.org/W2147792641,00032670,Q1,,1,1,Q1,Q1,Q1,1,1,1,1,Q1,1,1,1,1,Q1,1,1,1,1,1
https://openalex.org/W2147803107,00404039,Q1,,2,2,Q2,Q2,Q1,1,1,1,1,Q2,0,2,1,1,Q2,0,2,1,1,1
https://openalex.org/W2147832091,00219673,Q1,,1,1,Q1,Q1,Q1,1,1,1,1,Q1,1,1,1,1,Q1,1,1,1,1,1
https://openalex.org/W2147832478,02636174,Q2,,3,3,Q3,Q3,Q2,0,2,1,1,Q3,0,3,0,1,Q3,0,3,0,1,0
https://openalex.org/W2147835055,00092363,Q2,,2,2,Q2,Q2,Q2,0,2,1,1,Q2,0,2,1,1,Q2,0,2,1,1,0
https://openalex.org/W2147842681,00090352,Q2,,2,2,Q2,Q2,Q2,0,2,1,1,Q2,0,2,1,1,Q2,0,2,1,1,0
https://openalex.org/W2147870607,09307516,Q2,,2,2,Q2,Q2,Q2,0,2,1,1,Q2,0,2,1,1,Q2,0,2,1,1,0
https://openalex.org/W2147912967,01620134,Q2,,1,1,Q1,Q1,Q2,0,2,1,1,Q1,1,1,1,1,Q1,1,1,1,1,0
https://openalex.org/W2147977096,0960894X,Q2,,2,2,Q2,Q2,Q2,0,2,1,1,Q2,0,2,1,1,Q2,0,2,1,1,0
https://openalex.org/W2148018018,00027863,Q1,,1,1,Q1,Q1,Q1,1,1,1,1,Q1,1,1,1,1,Q1,1,1,1,1,1
https://openalex.org/W2148025963,03767388,Q1,,1,1,Q1,Q1,Q1,1,1,1,1,Q1,1,1,1,1,Q1,1,1,1,1,1
https://openalex.org/W2148057909,13597345,Q1,,1,1,Q1,Q1,Q1,1,1,1,1,Q1,1,1,1,1,Q1,1,1,1,1,1
https://openalex.org/W2148072074,09253467,-,,5,5,Unranked,Unranked,Unranked,0,5,0,0,Unranked,0,5,0,0,Unranked,0,5,0,0,0
https://openalex.org/W2148134776,13597345,Q1,,1,1,Q1,Q1,Q1,1,1,1,1,Q1,1,1,1,1,Q1,1,1,1,1,1
https://openalex.org/W2148353605,09599428,Q1,,1,1,Q1,Q1,Q1,1,1,1,1,Q1,1,1,1,1,Q1,1,1,1,1,1
https://openalex.org/W2148432079,00323861,Q1,,1,1,Q1,Q1,Q1,1,1,1,1,Q1,1,1,1,1,Q1,1,1,1,1,1
https://openalex.org/W2148437448,10427163,Q2,,2,2,Q2,Q2,Q2,0,2,1,1,Q2,0,2,1,1,Q2,0,2,1,1,0
https://openalex.org/W2148571119,00092363,Q2,,2,2,Q2,Q2,Q2,0,2,1,1,Q2,0,2,1,1,Q2,0,2,1,1,0
https://openalex.org/W2148575809,16159306,Q1,,1,1,Q1,Q1,Q1,1,1,1,1,Q1,1,1,1,1,Q1,1,1,1,1,1
https://openalex.org/W2148581182,00084042,Q2,,2,2,Q2,Q2,Q2,0,2,1,1,Q2,0,2,1,1,Q2,0,2,1,1,0
https://openalex.org/W2148662078,08837694,Q1,,1,1,Q1,Q1,Q1,1,1,1,1,Q1,1,1,1,1,Q1,1,1,1,1,1
https://openalex.org/W2148722152,07491581,Q2,,2,2,Q2,Q2,Q2,0,2,1,1,Q2,0,2,1,1,Q2,0,2,1,1,0
https://openalex.org/W2148823591,00027863,Q1,,1,1,Q1,Q1,Q1,1,1,1,1,Q1,1,1,1,1,Q1,1,1,1,1,1
https://openalex.org/W2148824798,00032700,Q1,,1,1,Q1,Q1,Q1,1,1,1,1,Q1,1,1,1,1,Q1,1,1,1,1,1
https://openalex.org/W2148845670,01694332,-,,5,5,Unranked,Unranked,Unranked,0,5,0,0,Unranked,0,5,0,0,Unranked,0,5,0,0,0
https://openalex.org/W2148919762,00498246,Q2,,3,3,Q3,Q3,Q2,0,2,1,1,Q3,0,3,0,1,Q3,0,3,0,1,0
https://openalex.org/W2148975694,00404039,Q1,,2,2,Q2,Q2,Q1,1,1,1,1,Q2,0,2,1,1,Q2,0,2,1,1,1
https://openalex.org/W2148998326,0960894X,Q2,,2,2,Q2,Q2,Q2,0,2,1,1,Q2,0,2,1,1,Q2,0,2,1,1,0
https://openalex.org/W2149007768,15700232,Q2,,1,1,Q1,Q1,Q2,0,2,1,1,Q1,1,1,1,1,Q1,1,1,1,1,0
https://openalex.org/W2149352943,01464760,Q1,,1,1,Q1,Q1,Q1,1,1,1,1,Q1,1,1,1,1,Q1,1,1,1,1,1
https://openalex.org/W2149379582,07213115,Q3,,2,2,Q2,Q2,Q3,0,3,0,1,Q2,0,2,1,1,Q2,0,2,1,1,0
https://openalex.org/W2149388204,14337851,Q1,,1,1,Q1,Q1,Q1,1,1,1,1,Q1,1,1,1,1,Q1,1,1,1,1,1
https://openalex.org/W2149415057,14337851,Q1,,1,1,Q1,Q1,Q1,1,1,1,1,Q1,1,1,1,1,Q1,1,1,1,1,1
https://openalex.org/W2149555964,14337851,Q1,,1,1,Q1,Q1,Q1,1,1,1,1,Q1,1,1,1,1,Q1,1,1,1,1,1
https://openalex.org/W2149590959,09599428,Q1,,1,1,Q1,Q1,Q1,1,1,1,1,Q1,1,1,1,1,Q1,1,1,1,1,1
https://openalex.org/W2149674149,13861425,Q2,,2,2,Q2,Q2,Q2,0,2,1,1,Q2,0,2,1,1,Q2,0,2,1,1,0
https://openalex.org/W2149687894,03667022,Q2,,2,2,Q2,Q2,Q2,0,2,1,1,Q2,0,2,1,1,Q2,0,2,1,1,0
https://openalex.org/W2149880892,0960894X,Q2,,2,2,Q2,Q2,Q2,0,2,1,1,Q2,0,2,1,1,Q2,0,2,1,1,0
https://openalex.org/W2149886072,03770486,Q2,,1,1,Q1,Q1,Q2,0,2,1,1,Q1,1,1,1,1,Q1,1,1,1,1,0
https://openalex.org/W2149914490,14337851,Q1,,1,1,Q1,Q1,Q1,1,1,1,1,Q1,1,1,1,1,Q1,1,1,1,1,1
https://openalex.org/W2149958535,10603271,Q2,,2,2,Q2,Q2,Q2,0,2,1,1,Q2,0,2,1,1,Q2,0,2,1,1,0
https://openalex.org/W2150179541,0022152X,Q3,,3,3,Q3,Q3,Q3,0,3,0,1,Q3,0,3,0,1,Q3,0,3,0,1,0
https://openalex.org/W2150200767,02321300,Q2,,2,2,Q2,Q2,Q2,0,2,1,1,Q2,0,2,1,1,Q2,0,2,1,1,0
https://openalex.org/W2150221177,00218995,Q1,,2,2,Q2,Q2,Q1,1,1,1,1,Q2,0,2,1,1,Q2,0,2,1,1,1
https://openalex.org/W2150294340,01730835,Q1,,1,1,Q1,Q1,Q1,1,1,1,1,Q1,1,1,1,1,Q1,1,1,1,1,1
https://openalex.org/W2150380701,10221336,Q1,,1,1,Q1,Q1,Q1,1,1,1,1,Q1,1,1,1,1,Q1,1,1,1,1,1
https://openalex.org/W2150390979,00037028,Q2,,3,3,Q3,Q3,Q2,0,2,1,1,Q3,0,3,0,1,Q3,0,3,0,1,0
https://openalex.org/W2150449514,03787753,Q1,,1,1,Q1,Q1,Q1,1,1,1,1,Q1,1,1,1,1,Q1,1,1,1,1,1
https://openalex.org/W2150586458,00095893,Q2,,2,2,Q2,Q2,Q2,0,2,1,1,Q2,0,2,1,1,Q2,0,2,1,1,0
https://openalex.org/W2150626675,0960894X,Q2,,2,2,Q2,Q2,Q2,0,2,1,1,Q2,0,2,1,1,Q2,0,2,1,1,0
https://openalex.org/W2150637224,00095893,Q2,,2,2,Q2,Q2,Q2,0,2,1,1,Q2,0,2,1,1,Q2,0,2,1,1,0
https://openalex.org/W2150757427,08885885,Q1,,1,1,Q1,Q1,Q1,1,1,1,1,Q1,1,1,1,1,Q1,1,1,1,1,1
https://openalex.org/W2150801079,00223263,Q1,,1,1,Q1,Q1,Q1,1,1,1,1,Q1,1,1,1,1,Q1,1,1,1,1,1
https://openalex.org/W2150829534,03060012,Q1,,1,1,Q1,Q1,Q1,1,1,1,1,Q1,1,1,1,1,Q1,1,1,1,1,1
https://openalex.org/W2150877909,15359476,Q1,,1,1,Q1,Q1,Q1,1,1,1,1,Q1,1,1,1,1,Q1,1,1,1,1,1
https://openalex.org/W2150886614,00092363,Q2,,2,2,Q2,Q2,Q2,0,2,1,1,Q2,0,2,1,1,Q2,0,2,1,1,0
https://openalex.org/W2151061234,00223263,Q1,,1,1,Q1,Q1,Q1,1,1,1,1,Q1,1,1,1,1,Q1,1,1,1,1,1
https://openalex.org/W2151071359,09599428,Q1,,1,1,Q1,Q1,Q1,1,1,1,1,Q1,1,1,1,1,Q1,1,1,1,1,1
https://openalex.org/W2151071382,00032670,Q1,,1,1,Q1,Q1,Q1,1,1,1,1,Q1,1,1,1,1,Q1,1,1,1,1,1
https://openalex.org/W2151226497,14786419,Q3,,3,3,Q3,Q3,Q3,0,3,0,1,Q3,0,3,0,1,Q3,0,3,0,1,0
https://openalex.org/W2151279843,14337851,Q1,,1,1,Q1,Q1,Q1,1,1,1,1,Q1,1,1,1,1,Q1,1,1,1,1,1
https://openalex.org/W2151421375,00404020,Q1,,1,1,Q1,Q1,Q1,1,1,1,1,Q1,1,1,1,1,Q1,1,1,1,1,1
https://openalex.org/W2151511962,09277757,-,,5,5,Unranked,Unranked,Unranked,0,5,0,0,Unranked,0,5,0,0,Unranked,0,5,0,0,0
https://openalex.org/W2151526039,09514198,Q1,,1,1,Q1,Q1,Q1,1,1,1,1,Q1,1,1,1,1,Q1,1,1,1,1,1
https://openalex.org/W2151533893,00223263,Q1,,1,1,Q1,Q1,Q1,1,1,1,1,Q1,1,1,1,1,Q1,1,1,1,1,1
https://openalex.org/W2151548440,00027863,Q1,,1,1,Q1,Q1,Q1,1,1,1,1,Q1,1,1,1,1,Q1,1,1,1,1,1
https://openalex.org/W2151565255,14387492,Q2,,2,2,Q2,Q2,Q2,0,2,1,1,Q2,0,2,1,1,Q2,0,2,1,1,0
https://openalex.org/W2151576289,10990062,Q1,,1,1,Q1,Q1,Q1,1,1,1,1,Q1,1,1,1,1,Q1,1,1,1,1,1
https://openalex.org/W2151638287,0018019X,Q1,,2,2,Q2,Q2,Q1,1,1,1,1,Q2,0,2,1,1,Q2,0,2,1,1,1
https://openalex.org/W2151704374,14730189,Q1,,1,1,Q1,Q1,Q1,1,1,1,1,Q1,1,1,1,1,Q1,1,1,1,1,1
https://openalex.org/W2151831450,00162361,Q1,,1,1,Q1,Q1,Q1,1,1,1,1,Q1,1,1,1,1,Q1,1,1,1,1,1
https://openalex.org/W2151859432,10400397,Q2,,2,2,Q2,Q2,Q2,0,2,1,1,Q2,0,2,1,1,Q2,0,2,1,1,0
https://openalex.org/W2151881332,09514198,Q1,,1,1,Q1,Q1,Q1,1,1,1,1,Q1,1,1,1,1,Q1,1,1,1,1,1
https://openalex.org/W2151967906,08943230,Q2,,2,2,Q2,Q2,Q2,0,2,1,1,Q2,0,2,1,1,Q2,0,2,1,1,0
https://openalex.org/W2151975800,08974756,Q1,,1,1,Q1,Q1,Q1,1,1,1,1,Q1,1,1,1,1,Q1,1,1,1,1,1
https://openalex.org/W2152068667,02365731,Q3,,3,3,Q3,Q3,Q3,0,3,0,1,Q3,0,3,0,1,Q3,0,3,0,1,0
https://openalex.org/W2152069856,05388066,Q2,,2,2,Q2,Q2,Q2,0,2,1,1,Q2,0,2,1,1,Q2,0,2,1,1,0
https://openalex.org/W2152103726,14730189,Q1,,1,1,Q1,Q1,Q1,1,1,1,1,Q1,1,1,1,1,Q1,1,1,1,1,1
https://openalex.org/W2152157407,00223263,Q1,,1,1,Q1,Q1,Q1,1,1,1,1,Q1,1,1,1,1,Q1,1,1,1,1,1
https://openalex.org/W2152166922,00032700,Q1,,1,1,Q1,Q1,Q1,1,1,1,1,Q1,1,1,1,1,Q1,1,1,1,1,1
https://openalex.org/W2152182933,0960894X,Q2,,2,2,Q2,Q2,Q2,0,2,1,1,Q2,0,2,1,1,Q2,0,2,1,1,0
https://openalex.org/W2152190207,10916466,Q2,,3,3,Q3,Q3,Q2,0,2,1,1,Q3,0,3,0,1,Q3,0,3,0,1,0
https://openalex.org/W2152224904,00404039,Q1,,2,2,Q2,Q2,Q1,1,1,1,1,Q2,0,2,1,1,Q2,0,2,1,1,1
https://openalex.org/W2152380910,00092363,Q2,,2,2,Q2,Q2,Q2,0,2,1,1,Q2,0,2,1,1,Q2,0,2,1,1,0
https://openalex.org/W2152387298,00086223,Q1,,1,1,Q1,Q1,Q1,1,1,1,1,Q1,1,1,1,1,Q1,1,1,1,1,1
https://openalex.org/W2152531230,0960894X,Q2,,2,2,Q2,Q2,Q2,0,2,1,1,Q2,0,2,1,1,Q2,0,2,1,1,0
https://openalex.org/W2152657518,13597345,Q1,,1,1,Q1,Q1,Q1,1,1,1,1,Q1,1,1,1,1,Q1,1,1,1,1,1
https://openalex.org/W2152710477,09277757,-,,5,5,Unranked,Unranked,Unranked,0,5,0,0,Unranked,0,5,0,0,Unranked,0,5,0,0,0
https://openalex.org/W2152748393,00221139,Q2,,2,2,Q2,Q2,Q2,0,2,1,1,Q2,0,2,1,1,Q2,0,2,1,1,0
https://openalex.org/W2152770694,00162361,Q1,,1,1,Q1,Q1,Q1,1,1,1,1,Q1,1,1,1,1,Q1,1,1,1,1,1
https://openalex.org/W2152809023,00219568,Q1,,1,1,Q1,Q1,Q1,1,1,1,1,Q1,1,1,1,1,Q1,1,1,1,1,1
https://openalex.org/W2152892780,14770520,Q1,,1,1,Q1,Q1,Q1,1,1,1,1,Q1,1,1,1,1,Q1,1,1,1,1,1
https://openalex.org/W2152955940,00119164,Q1,,1,1,Q1,Q1,Q1,1,1,1,1,Q1,1,1,1,1,Q1,1,1,1,1,1
https://openalex.org/W2153013332,00221139,Q2,,2,2,Q2,Q2,Q2,0,2,1,1,Q2,0,2,1,1,Q2,0,2,1,1,0
https://openalex.org/W2153027939,14337851,Q1,,1,1,Q1,Q1,Q1,1,1,1,1,Q1,1,1,1,1,Q1,1,1,1,1,1
https://openalex.org/W2153212528,00027863,Q1,,1,1,Q1,Q1,Q1,1,1,1,1,Q1,1,1,1,1,Q1,1,1,1,1,1
https://openalex.org/W2153213151,14203049,Q3,,2,2,Q2,Q2,Q3,0,3,0,1,Q2,0,2,1,1,Q2,0,2,1,1,0
https://openalex.org/W2153242172,09580344,Q2,,2,2,Q2,Q2,Q2,0,2,1,1,Q2,0,2,1,1,Q2,0,2,1,1,0
https://openalex.org/W2153323660,00223263,Q1,,1,1,Q1,Q1,Q1,1,1,1,1,Q1,1,1,1,1,Q1,1,1,1,1,1
https://openalex.org/W2153378008,15237052,Q1,,1,1,Q1,Q1,Q1,1,1,1,1,Q1,1,1,1,1,Q1,1,1,1,1,1
https://openalex.org/W2153462630,10835601,Q2,,2,2,Q2,Q2,Q2,0,2,1,1,Q2,0,2,1,1,Q2,0,2,1,1,0
https://openalex.org/W2153527675,02235234,Q2,,1,1,Q1,Q1,Q2,0,2,1,1,Q1,1,1,1,1,Q1,1,1,1,1,0
https://openalex.org/W2153627156,00218995,Q1,,2,2,Q2,Q2,Q1,1,1,1,1,Q2,0,2,1,1,Q2,0,2,1,1,1
https://openalex.org/W2153640063,09491775,Q2,,2,2,Q2,Q2,Q2,0,2,1,1,Q2,0,2,1,1,Q2,0,2,1,1,0
https://openalex.org/W2153655497,0960894X,Q2,,2,2,Q2,Q2,Q2,0,2,1,1,Q2,0,2,1,1,Q2,0,2,1,1,0
https://openalex.org/W2153688754,00162361,Q1,,1,1,Q1,Q1,Q1,1,1,1,1,Q1,1,1,1,1,Q1,1,1,1,1,1
https://openalex.org/W2153888353,13597345,Q1,,1,1,Q1,Q1,Q1,1,1,1,1,Q1,1,1,1,1,Q1,1,1,1,1,1
https://openalex.org/W2154017798,00334545,Q2,,1,1,Q1,Q1,Q2,0,2,1,1,Q1,1,1,1,1,Q1,1,1,1,1,0
https://openalex.org/W2154024048,00086223,Q1,,1,1,Q1,Q1,Q1,1,1,1,1,Q1,1,1,1,1,Q1,1,1,1,1,1
https://openalex.org/W2154058146,01422421,Q2,,2,2,Q2,Q2,Q2,0,2,1,1,Q2,0,2,1,1,Q2,0,2,1,1,0
https://openalex.org/W2154132842,00472689,Q1,,1,1,Q1,Q1,Q1,1,1,1,1,Q1,1,1,1,1,Q1,1,1,1,1,1
https://openalex.org/W2154151576,13597345,Q1,,1,1,Q1,Q1,Q1,1,1,1,1,Q1,1,1,1,1,Q1,1,1,1,1,1
https://openalex.org/W2154201132,00162361,Q1,,1,1,Q1,Q1,Q1,1,1,1,1,Q1,1,1,1,1,Q1,1,1,1,1,1
https://openalex.org/W2154248572,10990062,Q1,,1,1,Q1,Q1,Q1,1,1,1,1,Q1,1,1,1,1,Q1,1,1,1,1,1
https://openalex.org/W2154531003,14337851,Q1,,1,1,Q1,Q1,Q1,1,1,1,1,Q1,1,1,1,1,Q1,1,1,1,1,1
https://openalex.org/W2154788202,00094536,Q3,,3,3,Q3,Q3,Q3,0,3,0,1,Q3,0,3,0,1,Q3,0,3,0,1,0
https://openalex.org/W2154925608,0960894X,Q2,,2,2,Q2,Q2,Q2,0,2,1,1,Q2,0,2,1,1,Q2,0,2,1,1,0
https://openalex.org/W2155043420,00218995,Q1,,2,2,Q2,Q2,Q1,1,1,1,1,Q2,0,2,1,1,Q2,0,2,1,1,1
https://openalex.org/W2155074861,00218995,Q1,,2,2,Q2,Q2,Q1,1,1,1,1,Q2,0,2,1,1,Q2,0,2,1,1,1
https://openalex.org/W2155167776,00092363,Q2,,2,2,Q2,Q2,Q2,0,2,1,1,Q2,0,2,1,1,Q2,0,2,1,1,0
https://openalex.org/W2155189650,00218995,Q1,,2,2,Q2,Q2,Q1,1,1,1,1,Q2,0,2,1,1,Q2,0,2,1,1,1
https://openalex.org/W2155282389,0960894X,Q2,,2,2,Q2,Q2,Q2,0,2,1,1,Q2,0,2,1,1,Q2,0,2,1,1,0
https://openalex.org/W2155285523,00218995,Q1,,2,2,Q2,Q2,Q1,1,1,1,1,Q2,0,2,1,1,Q2,0,2,1,1,1
https://openalex.org/W2155305538,00334545,Q2,,1,1,Q1,Q1,Q2,0,2,1,1,Q1,1,1,1,1,Q1,1,1,1,1,0
https://openalex.org/W2155357956,14337851,Q1,,1,1,Q1,Q1,Q1,1,1,1,1,Q1,1,1,1,1,Q1,1,1,1,1,1
https://openalex.org/W2155567041,15306984,Q1,,1,1,Q1,Q1,Q1,1,1,1,1,Q1,1,1,1,1,Q1,1,1,1,1,1
https://openalex.org/W2155603053,00014842,Q1,,1,1,Q1,Q1,Q1,1,1,1,1,Q1,1,1,1,1,Q1,1,1,1,1,1
https://openalex.org/W2155900581,00134651,Q1,,1,1,Q1,Q1,Q1,1,1,1,1,Q1,1,1,1,1,Q1,1,1,1,1,1
https://openalex.org/W2156124773,00219665,Q2,,3,3,Q3,Q3,Q2,0,2,1,1,Q3,0,3,0,1,Q3,0,3,0,1,0
https://openalex.org/W2156148054,00334545,Q2,,1,1,Q1,Q1,Q2,0,2,1,1,Q1,1,1,1,1,Q1,1,1,1,1,0
https://openalex.org/W2156154255,16182642,Q2,,1,1,Q1,Q1,Q2,0,2,1,1,Q1,1,1,1,1,Q1,1,1,1,1,0
https://openalex.org/W2156285925,08837694,Q1,,1,1,Q1,Q1,Q1,1,1,1,1,Q1,1,1,1,1,Q1,1,1,1,1,1
https://openalex.org/W2156377024,00092363,Q2,,2,2,Q2,Q2,Q2,0,2,1,1,Q2,0,2,1,1,Q2,0,2,1,1,0
https://openalex.org/W2156507882,09259635,Q1,,1,1,Q1,Q1,Q1,1,1,1,1,Q1,1,1,1,1,Q1,1,1,1,1,1
https://openalex.org/W2156629657,00162361,Q1,,1,1,Q1,Q1,Q1,1,1,1,1,Q1,1,1,1,1,Q1,1,1,1,1,1
https://openalex.org/W2156751437,02693879,Q3,,2,2,Q2,Q2,Q3,0,3,0,1,Q2,0,2,1,1,Q2,0,2,1,1,0
https://openalex.org/W2156773433,00201685,Q3,,3,3,Q3,Q3,Q3,0,3,0,1,Q3,0,3,0,1,Q3,0,3,0,1,0
https://openalex.org/W2156843824,00219665,Q2,,3,3,Q3,Q3,Q2,0,2,1,1,Q3,0,3,0,1,Q3,0,3,0,1,0
https://openalex.org/W2156895950,0960894X,Q2,,2,2,Q2,Q2,Q2,0,2,1,1,Q2,0,2,1,1,Q2,0,2,1,1,0
https://openalex.org/W2157007225,09254005,-,,5,5,Unranked,Unranked,Unranked,0,5,0,0,Unranked,0,5,0,0,Unranked,0,5,0,0,0
https://openalex.org/W2157143235,15517004,Q4,,3,3,Q3,Q3,Q4,0,4,0,0,Q3,0,3,0,1,Q3,0,3,0,1,0
https://openalex.org/W2157184965,02682605,Q2,,2,2,Q2,Q2,Q2,0,2,1,1,Q2,0,2,1,1,Q2,0,2,1,1,0
https://openalex.org/W2157195837,00094536,Q3,,3,3,Q3,Q3,Q3,0,3,0,1,Q3,0,3,0,1,Q3,0,3,0,1,0
https://openalex.org/W2157209532,09574166,Q1,,1,1,Q1,Q1,Q1,1,1,1,1,Q1,1,1,1,1,Q1,1,1,1,1,1
https://openalex.org/W2157412984,09669795,Q1,,1,1,Q1,Q1,Q1,1,1,1,1,Q1,1,1,1,1,Q1,1,1,1,1,1
https://openalex.org/W2157489568,02578972,Q1,,1,1,Q1,Q1,Q1,1,1,1,1,Q1,1,1,1,1,Q1,1,1,1,1,1
https://openalex.org/W2157511880,00094536,Q3,,3,3,Q3,Q3,Q3,0,3,0,1,Q3,0,3,0,1,Q3,0,3,0,1,0
https://openalex.org/W2157567218,14779226,Q1,,1,1,Q1,Q1,Q1,1,1,1,1,Q1,1,1,1,1,Q1,1,1,1,1,1
https://openalex.org/W2157569999,00092363,Q2,,2,2,Q2,Q2,Q2,0,2,1,1,Q2,0,2,1,1,Q2,0,2,1,1,0
https://openalex.org/W2157619882,00218995,Q1,,2,2,Q2,Q2,Q1,1,1,1,1,Q2,0,2,1,1,Q2,0,2,1,1,1
https://openalex.org/W2157630674,14203049,Q3,,2,2,Q2,Q2,Q3,0,3,0,1,Q2,0,2,1,1,Q2,0,2,1,1,0
https://openalex.org/W2157666750,00404039,Q1,,2,2,Q2,Q2,Q1,1,1,1,1,Q2,0,2,1,1,Q2,0,2,1,1,1
https://openalex.org/W2157681648,00218995,Q1,,2,2,Q2,Q2,Q1,1,1,1,1,Q2,0,2,1,1,Q2,0,2,1,1,1
https://openalex.org/W2157717453,13597345,Q1,,1,1,Q1,Q1,Q1,1,1,1,1,Q1,1,1,1,1,Q1,1,1,1,1,1
https://openalex.org/W2157751684,01429418,Q2,,2,2,Q2,Q2,Q2,0,2,1,1,Q2,0,2,1,1,Q2,0,2,1,1,0
https://openalex.org/W2157826535,03612317,Q2,,2,2,Q2,Q2,Q2,0,2,1,1,Q2,0,2,1,1,Q2,0,2,1,1,0
https://openalex.org/W2157955170,07306679,Q3,,3,3,Q3,Q3,Q3,0,3,0,1,Q3,0,3,0,1,Q3,0,3,0,1,0
https://openalex.org/W2157976409,09106340,Q3,,2,2,Q2,Q2,Q3,0,3,0,1,Q2,0,2,1,1,Q2,0,2,1,1,0
https://openalex.org/W2158028657,09253467,-,,5,5,Unranked,Unranked,Unranked,0,5,0,0,Unranked,0,5,0,0,Unranked,0,5,0,0,0
https://openalex.org/W2158039697,00094536,Q3,,3,3,Q3,Q3,Q3,0,3,0,1,Q3,0,3,0,1,Q3,0,3,0,1,0
https://openalex.org/W2158092688,09599428,Q1,,1,1,Q1,Q1,Q1,1,1,1,1,Q1,1,1,1,1,Q1,1,1,1,1,1
https://openalex.org/W2158121752,01694332,-,,5,5,Unranked,Unranked,Unranked,0,5,0,0,Unranked,0,5,0,0,Unranked,0,5,0,0,0
https://openalex.org/W2158200803,00092363,Q2,,2,2,Q2,Q2,Q2,0,2,1,1,Q2,0,2,1,1,Q2,0,2,1,1,0
https://openalex.org/W2158212815,00223263,Q1,,1,1,Q1,Q1,Q1,1,1,1,1,Q1,1,1,1,1,Q1,1,1,1,1,1
https://openalex.org/W2158255041,00094536,Q3,,3,3,Q3,Q3,Q3,0,3,0,1,Q3,0,3,0,1,Q3,0,3,0,1,0
https://openalex.org/W2158264718,03639045,Q3,,2,2,Q2,Q2,Q3,0,3,0,1,Q2,0,2,1,1,Q2,0,2,1,1,0
https://openalex.org/W2158292075,14786419,Q3,,3,3,Q3,Q3,Q3,0,3,0,1,Q3,0,3,0,1,Q3,0,3,0,1,0
https://openalex.org/W2158317115,03639045,Q3,,2,2,Q2,Q2,Q3,0,3,0,1,Q2,0,2,1,1,Q2,0,2,1,1,0
https://openalex.org/W2158485309,01422421,Q2,,2,2,Q2,Q2,Q2,0,2,1,1,Q2,0,2,1,1,Q2,0,2,1,1,0
https://openalex.org/W2158487671,00092363,Q2,,2,2,Q2,Q2,Q2,0,2,1,1,Q2,0,2,1,1,Q2,0,2,1,1,0
https://openalex.org/W2158689833,02578972,Q1,,1,1,Q1,Q1,Q1,1,1,1,1,Q1,1,1,1,1,Q1,1,1,1,1,1
https://openalex.org/W2158728052,09491775,Q2,,2,2,Q2,Q2,Q2,0,2,1,1,Q2,0,2,1,1,Q2,0,2,1,1,0
https://openalex.org/W2158790446,03767388,Q1,,1,1,Q1,Q1,Q1,1,1,1,1,Q1,1,1,1,1,Q1,1,1,1,1,1
https://openalex.org/W2158800715,08825734,Q2,,2,2,Q2,Q2,Q2,0,2,1,1,Q2,0,2,1,1,Q2,0,2,1,1,0
https://openalex.org/W2158814184,00014842,Q1,,1,1,Q1,Q1,Q1,1,1,1,1,Q1,1,1,1,1,Q1,1,1,1,1,1
https://openalex.org/W2158820836,10990690,Q1,,1,1,Q1,Q1,Q1,1,1,1,1,Q1,1,1,1,1,Q1,1,1,1,1,1
https://openalex.org/W2158833967,13597345,Q1,,1,1,Q1,Q1,Q1,1,1,1,1,Q1,1,1,1,1,Q1,1,1,1,1,1
https://openalex.org/W2158857441,00442313,Q3,,3,3,Q3,Q3,Q3,0,3,0,1,Q3,0,3,0,1,Q3,0,3,0,1,0
https://openalex.org/W2158879348,07328303,Q3,,3,3,Q3,Q3,Q3,0,3,0,1,Q3,0,3,0,1,Q3,0,3,0,1,0
https://openalex.org/W2158982494,03770486,Q2,,1,1,Q1,Q1,Q2,0,2,1,1,Q1,1,1,1,1,Q1,1,1,1,1,0
https://openalex.org/W2159060564,13597345,Q1,,1,1,Q1,Q1,Q1,1,1,1,1,Q1,1,1,1,1,Q1,1,1,1,1,1
https://openalex.org/W2159072415,14337851,Q1,,1,1,Q1,Q1,Q1,1,1,1,1,Q1,1,1,1,1,Q1,1,1,1,1,1
https://openalex.org/W2159145717,08926875,Q2,,1,1,Q1,Q1,Q2,0,2,1,1,Q1,1,1,1,1,Q1,1,1,1,1,0
https://openalex.org/W2159169122,0960894X,Q2,,2,2,Q2,Q2,Q2,0,2,1,1,Q2,0,2,1,1,Q2,0,2,1,1,0
https://openalex.org/W2159180435,07317085,Q2,,1,1,Q1,Q1,Q2,0,2,1,1,Q1,1,1,1,1,Q1,1,1,1,1,0
https://openalex.org/W2159183556,00092363,Q2,,2,2,Q2,Q2,Q2,0,2,1,1,Q2,0,2,1,1,Q2,0,2,1,1,0
https://openalex.org/W2159197968,09242031,Q3,,3,3,Q3,Q3,Q3,0,3,0,1,Q3,0,3,0,1,Q3,0,3,0,1,0
https://openalex.org/W2159242684,14337851,Q1,,1,1,Q1,Q1,Q1,1,1,1,1,Q1,1,1,1,1,Q1,1,1,1,1,1
https://openalex.org/W2159299759,13858947,Q1,,1,1,Q1,Q1,Q1,1,1,1,1,Q1,1,1,1,1,Q1,1,1,1,1,1
https://openalex.org/W2159315964,14337851,Q1,,1,1,Q1,Q1,Q1,1,1,1,1,Q1,1,1,1,1,Q1,1,1,1,1,1
https://openalex.org/W2159364110,09574484,Q1,,1,1,Q1,Q1,Q1,1,1,1,1,Q1,1,1,1,1,Q1,1,1,1,1,1
https://openalex.org/W2159445378,13597345,Q1,,1,1,Q1,Q1,Q1,1,1,1,1,Q1,1,1,1,1,Q1,1,1,1,1,1
https://openalex.org/W2159448663,03783812,Q2,,2,2,Q2,Q2,Q2,0,2,1,1,Q2,0,2,1,1,Q2,0,2,1,1,0
https://openalex.org/W2159589451,13861425,Q2,,2,2,Q2,Q2,Q2,0,2,1,1,Q2,0,2,1,1,Q2,0,2,1,1,0
https://openalex.org/W2159643513,14337851,Q1,,1,1,Q1,Q1,Q1,1,1,1,1,Q1,1,1,1,1,Q1,1,1,1,1,1
https://openalex.org/W2159651119,00397911,Q3,,3,3,Q3,Q3,Q3,0,3,0,1,Q3,0,3,0,1,Q3,0,3,0,1,0
https://openalex.org/W2159809354,00027863,Q1,,1,1,Q1,Q1,Q1,1,1,1,1,Q1,1,1,1,1,Q1,1,1,1,1,1
https://openalex.org/W2159830305,00092509,Q1,,1,1,Q1,Q1,Q1,1,1,1,1,Q1,1,1,1,1,Q1,1,1,1,1,1
https://openalex.org/W2159920173,00063525,Q1,,1,1,Q1,Q1,Q1,1,1,1,1,Q1,1,1,1,1,Q1,1,1,1,1,1
https://openalex.org/W2159957541,02365731,Q3,,3,3,Q3,Q3,Q3,0,3,0,1,Q3,0,3,0,1,Q3,0,3,0,1,0
https://openalex.org/W2160182941,14770520,Q1,,1,1,Q1,Q1,Q1,1,1,1,1,Q1,1,1,1,1,Q1,1,1,1,1,1
https://openalex.org/W2160340886,10990690,Q1,,1,1,Q1,Q1,Q1,1,1,1,1,Q1,1,1,1,1,Q1,1,1,1,1,1
https://openalex.org/W2160384778,14337851,Q1,,1,1,Q1,Q1,Q1,1,1,1,1,Q1,1,1,1,1,Q1,1,1,1,1,1
https://openalex.org/W2160486420,00404039,Q1,,2,2,Q2,Q2,Q1,1,1,1,1,Q2,0,2,1,1,Q2,0,2,1,1,1
https://openalex.org/W2160602446,03060012,Q1,,1,1,Q1,Q1,Q1,1,1,1,1,Q1,1,1,1,1,Q1,1,1,1,1,1
https://openalex.org/W2160636856,13597345,Q1,,1,1,Q1,Q1,Q1,1,1,1,1,Q1,1,1,1,1,Q1,1,1,1,1,1
https://openalex.org/W2160659741,03667022,Q2,,2,2,Q2,Q2,Q2,0,2,1,1,Q2,0,2,1,1,Q2,0,2,1,1,0
https://openalex.org/W2160790417,13597345,Q1,,1,1,Q1,Q1,Q1,1,1,1,1,Q1,1,1,1,1,Q1,1,1,1,1,1
https://openalex.org/W2160932122,09205861,Q1,,1,1,Q1,Q1,Q1,1,1,1,1,Q1,1,1,1,1,Q1,1,1,1,1,1
https://openalex.org/W2160971209,00218995,Q1,,2,2,Q2,Q2,Q1,1,1,1,1,Q2,0,2,1,1,Q2,0,2,1,1,1
https://openalex.org/W2161040225,09254005,-,,5,5,Unranked,Unranked,Unranked,0,5,0,0,Unranked,0,5,0,0,Unranked,0,5,0,0,0
https://openalex.org/W2161113937,00323888,Q1,,2,2,Q2,Q2,Q1,1,1,1,1,Q2,0,2,1,1,Q2,0,2,1,1,1
https://openalex.org/W2161117471,00223263,Q1,,1,1,Q1,Q1,Q1,1,1,1,1,Q1,1,1,1,1,Q1,1,1,1,1,1
https://openalex.org/W2161230969,01672738,Q1,,1,1,Q1,Q1,Q1,1,1,1,1,Q1,1,1,1,1,Q1,1,1,1,1,1
https://openalex.org/W2161302808,00134651,Q1,,1,1,Q1,Q1,Q1,1,1,1,1,Q1,1,1,1,1,Q1,1,1,1,1,1
https://openalex.org/W2161383794,07213115,Q3,,2,2,Q2,Q2,Q3,0,3,0,1,Q2,0,2,1,1,Q2,0,2,1,1,0
https://openalex.org/W2161446057,00399140,Q1,,1,1,Q1,Q1,Q1,1,1,1,1,Q1,1,1,1,1,Q1,1,1,1,1,1
https://openalex.org/W2161502575,00032654,Q1,,1,1,Q1,Q1,Q1,1,1,1,1,Q1,1,1,1,1,Q1,1,1,1,1,1
https://openalex.org/W2161718930,13861425,Q2,,2,2,Q2,Q2,Q2,0,2,1,1,Q2,0,2,1,1,Q2,0,2,1,1,0
https://openalex.org/W2161729814,00092363,Q2,,2,2,Q2,Q2,Q2,0,2,1,1,Q2,0,2,1,1,Q2,0,2,1,1,0
https://openalex.org/W2161813980,16182642,Q2,,1,1,Q1,Q1,Q2,0,2,1,1,Q1,1,1,1,1,Q1,1,1,1,1,0
https://openalex.org/W2162050669,14337851,Q1,,1,1,Q1,Q1,Q1,1,1,1,1,Q1,1,1,1,1,Q1,1,1,1,1,1
https://openalex.org/W2162304203,09254005,-,,5,5,Unranked,Unranked,Unranked,0,5,0,0,Unranked,0,5,0,0,Unranked,0,5,0,0,0
https://openalex.org/W2162348536,10990062,Q1,,1,1,Q1,Q1,Q1,1,1,1,1,Q1,1,1,1,1,Q1,1,1,1,1,1
https://openalex.org/W2162687209,00223263,Q1,,1,1,Q1,Q1,Q1,1,1,1,1,Q1,1,1,1,1,Q1,1,1,1,1,1
https://openalex.org/W2162861969,00404039,Q1,,2,2,Q2,Q2,Q1,1,1,1,1,Q2,0,2,1,1,Q2,0,2,1,1,1
https://openalex.org/W2162909864,00334545,Q2,,1,1,Q1,Q1,Q2,0,2,1,1,Q1,1,1,1,1,Q1,1,1,1,1,0
https://openalex.org/W2162918584,0960894X,Q2,,2,2,Q2,Q2,Q2,0,2,1,1,Q2,0,2,1,1,Q2,0,2,1,1,0
https://openalex.org/W2162953392,13597345,Q1,,1,1,Q1,Q1,Q1,1,1,1,1,Q1,1,1,1,1,Q1,1,1,1,1,1
https://openalex.org/W2163002249,08825734,Q2,,2,2,Q2,Q2,Q2,0,2,1,1,Q2,0,2,1,1,Q2,0,2,1,1,0
https://openalex.org/W2163117658,10990690,Q1,,1,1,Q1,Q1,Q1,1,1,1,1,Q1,1,1,1,1,Q1,1,1,1,1,1
https://openalex.org/W2163120923,03770486,Q2,,1,1,Q1,Q1,Q2,0,2,1,1,Q1,1,1,1,1,Q1,1,1,1,1,0
https://openalex.org/W2163224158,00094536,Q3,,3,3,Q3,Q3,Q3,0,3,0,1,Q3,0,3,0,1,Q3,0,3,0,1,0
https://openalex.org/W2163239084,13597345,Q1,,1,1,Q1,Q1,Q1,1,1,1,1,Q1,1,1,1,1,Q1,1,1,1,1,1
https://openalex.org/W2163241618,03088146,Q1,,1,1,Q1,Q1,Q1,1,1,1,1,Q1,1,1,1,1,Q1,1,1,1,1,1
https://openalex.org/W2163289675,00027863,Q1,,1,1,Q1,Q1,Q1,1,1,1,1,Q1,1,1,1,1,Q1,1,1,1,1,1
https://openalex.org/W2163427154,16182642,Q2,,1,1,Q1,Q1,Q2,0,2,1,1,Q1,1,1,1,1,Q1,1,1,1,1,0
https://openalex.org/W2163528596,14341948,Q1,,1,1,Q1,Q1,Q1,1,1,1,1,Q1,1,1,1,1,Q1,1,1,1,1,1
https://openalex.org/W2163551625,09514198,Q1,,1,1,Q1,Q1,Q1,1,1,1,1,Q1,1,1,1,1,Q1,1,1,1,1,1
https://openalex.org/W2163554819,00218995,Q1,,2,2,Q2,Q2,Q1,1,1,1,1,Q2,0,2,1,1,Q2,0,2,1,1,1
https://openalex.org/W2163603144,0021955X,Q3,,2,2,Q2,Q2,Q3,0,3,0,1,Q2,0,2,1,1,Q2,0,2,1,1,0
https://openalex.org/W2163677570,13858947,Q1,,1,1,Q1,Q1,Q1,1,1,1,1,Q1,1,1,1,1,Q1,1,1,1,1,1
https://openalex.org/W2163711063,00397911,Q3,,3,3,Q3,Q3,Q3,0,3,0,1,Q3,0,3,0,1,Q3,0,3,0,1,0
https://openalex.org/W2163765472,02578972,Q1,,1,1,Q1,Q1,Q1,1,1,1,1,Q1,1,1,1,1,Q1,1,1,1,1,1
https://openalex.org/W2163892628,14337851,Q1,,1,1,Q1,Q1,Q1,1,1,1,1,Q1,1,1,1,1,Q1,1,1,1,1,1
https://openalex.org/W2163911401,01694332,-,,5,5,Unranked,Unranked,Unranked,0,5,0,0,Unranked,0,5,0,0,Unranked,0,5,0,0,0
https://openalex.org/W2163993234,16182642,Q2,,1,1,Q1,Q1,Q2,0,2,1,1,Q1,1,1,1,1,Q1,1,1,1,1,0
https://openalex.org/W2164069287,03770486,Q2,,1,1,Q1,Q1,Q2,0,2,1,1,Q1,1,1,1,1,Q1,1,1,1,1,0
https://openalex.org/W2164086316,09599428,Q1,,1,1,Q1,Q1,Q1,1,1,1,1,Q1,1,1,1,1,Q1,1,1,1,1,1
https://openalex.org/W2164131329,00032719,Q3,,3,3,Q3,Q3,Q3,0,3,0,1,Q3,0,3,0,1,Q3,0,3,0,1,0
https://openalex.org/W2164153579,02578972,Q1,,1,1,Q1,Q1,Q1,1,1,1,1,Q1,1,1,1,1,Q1,1,1,1,1,1
https://openalex.org/W2164283862,00032670,Q1,,1,1,Q1,Q1,Q1,1,1,1,1,Q1,1,1,1,1,Q1,1,1,1,1,1
https://openalex.org/W2164411046,09254005,-,,5,5,Unranked,Unranked,Unranked,0,5,0,0,Unranked,0,5,0,0,Unranked,0,5,0,0,0
https://openalex.org/W2164593676,09254005,-,,5,5,Unranked,Unranked,Unranked,0,5,0,0,Unranked,0,5,0,0,Unranked,0,5,0,0,0
https://openalex.org/W2164695900,00092509,Q1,,1,1,Q1,Q1,Q1,1,1,1,1,Q1,1,1,1,1,Q1,1,1,1,1,1
https://openalex.org/W2164702400,01464760,Q1,,1,1,Q1,Q1,Q1,1,1,1,1,Q1,1,1,1,1,Q1,1,1,1,1,1
https://openalex.org/W2164717599,02682575,Q2,,2,2,Q2,Q2,Q2,0,2,1,1,Q2,0,2,1,1,Q2,0,2,1,1,0
https://openalex.org/W2164793302,0010938X,Q1,,1,1,Q1,Q1,Q1,1,1,1,1,Q1,1,1,1,1,Q1,1,1,1,1,1
https://openalex.org/W2164922831,00223263,Q1,,1,1,Q1,Q1,Q1,1,1,1,1,Q1,1,1,1,1,Q1,1,1,1,1,1
https://openalex.org/W2164922984,00404020,Q1,,1,1,Q1,Q1,Q1,1,1,1,1,Q1,1,1,1,1,Q1,1,1,1,1,1
https://openalex.org/W2165011617,00162361,Q1,,1,1,Q1,Q1,Q1,1,1,1,1,Q1,1,1,1,1,Q1,1,1,1,1,1
https://openalex.org/W2165017318,13597345,Q1,,1,1,Q1,Q1,Q1,1,1,1,1,Q1,1,1,1,1,Q1,1,1,1,1,1
https://openalex.org/W2165067016,00914037,Q4,,3,3,Q3,Q3,Q4,0,4,0,0,Q3,0,3,0,1,Q3,0,3,0,1,0
https://openalex.org/W2165153053,03667022,Q2,,2,2,Q2,Q2,Q2,0,2,1,1,Q2,0,2,1,1,Q2,0,2,1,1,0
https://openalex.org/W2165196591,03009440,Q2,,2,2,Q2,Q2,Q2,0,2,1,1,Q2,0,2,1,1,Q2,0,2,1,1,0
https://openalex.org/W2165233518,03682048,Q2,,2,2,Q2,Q2,Q2,0,2,1,1,Q2,0,2,1,1,Q2,0,2,1,1,0
https://openalex.org/W2165266376,01730835,Q1,,1,1,Q1,Q1,Q1,1,1,1,1,Q1,1,1,1,1,Q1,1,1,1,1,1
https://openalex.org/W2165285648,00399140,Q1,,1,1,Q1,Q1,Q1,1,1,1,1,Q1,1,1,1,1,Q1,1,1,1,1,1
https://openalex.org/W2165379123,07213115,Q3,,2,2,Q2,Q2,Q3,0,3,0,1,Q2,0,2,1,1,Q2,0,2,1,1,0
https://openalex.org/W2165543255,0960894X,Q2,,2,2,Q2,Q2,Q2,0,2,1,1,Q2,0,2,1,1,Q2,0,2,1,1,0
https://openalex.org/W2165690658,14337851,Q1,,1,1,Q1,Q1,Q1,1,1,1,1,Q1,1,1,1,1,Q1,1,1,1,1,1
https://openalex.org/W2165807275,07306679,Q3,,3,3,Q3,Q3,Q3,0,3,0,1,Q3,0,3,0,1,Q3,0,3,0,1,0
https://openalex.org/W2165882650,10225528,Q1,,1,1,Q1,Q1,Q1,1,1,1,1,Q1,1,1,1,1,Q1,1,1,1,1,1
https://openalex.org/W2165999859,09514198,Q1,,1,1,Q1,Q1,Q1,1,1,1,1,Q1,1,1,1,1,Q1,1,1,1,1,1
https://openalex.org/W2166085283,00223263,Q1,,1,1,Q1,Q1,Q1,1,1,1,1,Q1,1,1,1,1,Q1,1,1,1,1,1
https://openalex.org/W2166178714,00223263,Q1,,1,1,Q1,Q1,Q1,1,1,1,1,Q1,1,1,1,1,Q1,1,1,1,1,1
https://openalex.org/W2166182148,09514198,Q1,,1,1,Q1,Q1,Q1,1,1,1,1,Q1,1,1,1,1,Q1,1,1,1,1,1
https://openalex.org/W2166356909,00323861,Q1,,1,1,Q1,Q1,Q1,1,1,1,1,Q1,1,1,1,1,Q1,1,1,1,1,1
https://openalex.org/W2166522187,02682575,Q2,,2,2,Q2,Q2,Q2,0,2,1,1,Q2,0,2,1,1,Q2,0,2,1,1,0
https://openalex.org/W2166549092,00397911,Q3,,3,3,Q3,Q3,Q3,0,3,0,1,Q3,0,3,0,1,Q3,0,3,0,1,0
https://openalex.org/W2166555853,00249297,Q1,,1,1,Q1,Q1,Q1,1,1,1,1,Q1,1,1,1,1,Q1,1,1,1,1,1
https://openalex.org/W2166665082,00218995,Q1,,2,2,Q2,Q2,Q1,1,1,1,1,Q2,0,2,1,1,Q2,0,2,1,1,1
https://openalex.org/W2166739534,00404039,Q1,,2,2,Q2,Q2,Q1,1,1,1,1,Q2,0,2,1,1,Q2,0,2,1,1,1
https://openalex.org/W2166744136,00218561,Q1,,1,1,Q1,Q1,Q1,1,1,1,1,Q1,1,1,1,1,Q1,1,1,1,1,1
https://openalex.org/W2166753002,14730189,Q1,,1,1,Q1,Q1,Q1,1,1,1,1,Q1,1,1,1,1,Q1,1,1,1,1,1
https://openalex.org/W2166771548,01422421,Q2,,2,2,Q2,Q2,Q2,0,2,1,1,Q2,0,2,1,1,Q2,0,2,1,1,0
https://openalex.org/W2166775983,14668033,Q1,,1,1,Q1,Q1,Q1,1,1,1,1,Q1,1,1,1,1,Q1,1,1,1,1,1
https://openalex.org/W2166777848,10990690,Q1,,1,1,Q1,Q1,Q1,1,1,1,1,Q1,1,1,1,1,Q1,1,1,1,1,1
https://openalex.org/W2166907140,00223263,Q1,,1,1,Q1,Q1,Q1,1,1,1,1,Q1,1,1,1,1,Q1,1,1,1,1,1
https://openalex.org/W2166957117,02678292,Q2,,2,2,Q2,Q2,Q2,0,2,1,1,Q2,0,2,1,1,Q2,0,2,1,1,0
https://openalex.org/W2166959127,00201685,Q3,,3,3,Q3,Q3,Q3,0,3,0,1,Q3,0,3,0,1,Q3,0,3,0,1,0
https://openalex.org/W2166970692,14337851,Q1,,1,1,Q1,Q1,Q1,1,1,1,1,Q1,1,1,1,1,Q1,1,1,1,1,1
https://openalex.org/W2167015134,01464760,Q1,,1,1,Q1,Q1,Q1,1,1,1,1,Q1,1,1,1,1,Q1,1,1,1,1,1
https://openalex.org/W2167110238,16005368,Q3,,3,3,Q3,Q3,Q3,0,3,0,1,Q3,0,3,0,1,Q3,0,3,0,1,0
https://openalex.org/W2167118396,00220248,Q1,,2,2,Q2,Q2,Q1,1,1,1,1,Q2,0,2,1,1,Q2,0,2,1,1,1
https://openalex.org/W2167238583,00323888,Q1,,2,2,Q2,Q2,Q1,1,1,1,1,Q2,0,2,1,1,Q2,0,2,1,1,1
https://openalex.org/W2167252407,0018019X,Q1,,2,2,Q2,Q2,Q1,1,1,1,1,Q2,0,2,1,1,Q2,0,2,1,1,1
https://openalex.org/W2167377787,00027863,Q1,,1,1,Q1,Q1,Q1,1,1,1,1,Q1,1,1,1,1,Q1,1,1,1,1,1
https://openalex.org/W2167389814,00218995,Q1,,2,2,Q2,Q2,Q1,1,1,1,1,Q2,0,2,1,1,Q2,0,2,1,1,1
https://openalex.org/W2167405038,10835601,Q2,,2,2,Q2,Q2,Q2,0,2,1,1,Q2,0,2,1,1,Q2,0,2,1,1,0
https://openalex.org/W2167504929,00323888,Q1,,2,2,Q2,Q2,Q1,1,1,1,1,Q2,0,2,1,1,Q2,0,2,1,1,1
https://openalex.org/W2167516940,00086215,Q2,,2,2,Q2,Q2,Q2,0,2,1,1,Q2,0,2,1,1,Q2,0,2,1,1,0
https://openalex.org/W2167519083,00223263,Q1,,1,1,Q1,Q1,Q1,1,1,1,1,Q1,1,1,1,1,Q1,1,1,1,1,1
https://openalex.org/W2167548534,00404039,Q1,,2,2,Q2,Q2,Q1,1,1,1,1,Q2,0,2,1,1,Q2,0,2,1,1,1
https://openalex.org/W2167565972,11440546,Q1,,1,1,Q1,Q1,Q1,1,1,1,1,Q1,1,1,1,1,Q1,1,1,1,1,1
https://openalex.org/W2167652141,10400397,Q2,,2,2,Q2,Q2,Q2,0,2,1,1,Q2,0,2,1,1,Q2,0,2,1,1,0
https://openalex.org/W2167764858,15306984,Q1,,1,1,Q1,Q1,Q1,1,1,1,1,Q1,1,1,1,1,Q1,1,1,1,1,1
https://openalex.org/W2167785890,02728397,Q2,,2,2,Q2,Q2,Q2,0,2,1,1,Q2,0,2,1,1,Q2,0,2,1,1,0
https://openalex.org/W2167801340,15237052,Q1,,1,1,Q1,Q1,Q1,1,1,1,1,Q1,1,1,1,1,Q1,1,1,1,1,1
https://openalex.org/W2167847619,09680896,Q2,,1,1,Q1,Q1,Q2,0,2,1,1,Q1,1,1,1,1,Q1,1,1,1,1,0
https://openalex.org/W2167848270,07213115,Q3,,2,2,Q2,Q2,Q3,0,3,0,1,Q2,0,2,1,1,Q2,0,2,1,1,0
https://openalex.org/W2167878435,01035053,Q2,,2,2,Q2,Q2,Q2,0,2,1,1,Q2,0,2,1,1,Q2,0,2,1,1,0
https://openalex.org/W2168037145,01464760,Q1,,1,1,Q1,Q1,Q1,1,1,1,1,Q1,1,1,1,1,Q1,1,1,1,1,1
https://openalex.org/W2168078448,00218995,Q1,,2,2,Q2,Q2,Q1,1,1,1,1,Q2,0,2,1,1,Q2,0,2,1,1,1
https://openalex.org/W2168151935,15237052,Q1,,1,1,Q1,Q1,Q1,1,1,1,1,Q1,1,1,1,1,Q1,1,1,1,1,1
https://openalex.org/W2168268465,00134651,Q1,,1,1,Q1,Q1,Q1,1,1,1,1,Q1,1,1,1,1,Q1,1,1,1,1,1
https://openalex.org/W2168389639,09574166,Q1,,1,1,Q1,Q1,Q1,1,1,1,1,Q1,1,1,1,1,Q1,1,1,1,1,1
https://openalex.org/W2168480197,09514198,Q1,,1,1,Q1,Q1,Q1,1,1,1,1,Q1,1,1,1,1,Q1,1,1,1,1,1
https://openalex.org/W2168483051,02365731,Q3,,3,3,Q3,Q3,Q3,0,3,0,1,Q3,0,3,0,1,Q3,0,3,0,1,0
https://openalex.org/W2168908463,00092363,Q2,,2,2,Q2,Q2,Q2,0,2,1,1,Q2,0,2,1,1,Q2,0,2,1,1,0
https://openalex.org/W2168948573,15667367,Q1,,1,1,Q1,Q1,Q1,1,1,1,1,Q1,1,1,1,1,Q1,1,1,1,1,1
https://openalex.org/W2169020904,09599428,Q1,,1,1,Q1,Q1,Q1,1,1,1,1,Q1,1,1,1,1,Q1,1,1,1,1,1
https://openalex.org/W2169071647,00218561,Q1,,1,1,Q1,Q1,Q1,1,1,1,1,Q1,1,1,1,1,Q1,1,1,1,1,1
https://openalex.org/W2169173700,00014842,Q1,,1,1,Q1,Q1,Q1,1,1,1,1,Q1,1,1,1,1,Q1,1,1,1,1,1
https://openalex.org/W2169328497,0960894X,Q2,,2,2,Q2,Q2,Q2,0,2,1,1,Q2,0,2,1,1,Q2,0,2,1,1,0
https://openalex.org/W2169424777,13597345,Q1,,1,1,Q1,Q1,Q1,1,1,1,1,Q1,1,1,1,1,Q1,1,1,1,1,1
https://openalex.org/W2169426731,08825734,Q2,,2,2,Q2,Q2,Q2,0,2,1,1,Q2,0,2,1,1,Q2,0,2,1,1,0
https://openalex.org/W2169495846,13675931,Q1,,1,1,Q1,Q1,Q1,1,1,1,1,Q1,1,1,1,1,Q1,1,1,1,1,1
https://openalex.org/W2169572539,00218995,Q1,,2,2,Q2,Q2,Q1,1,1,1,1,Q2,0,2,1,1,Q2,0,2,1,1,1
https://openalex.org/W2169620496,10407278,Q2,,2,2,Q2,Q2,Q2,0,2,1,1,Q2,0,2,1,1,Q2,0,2,1,1,0
https://openalex.org/W2169685907,09514198,Q1,,1,1,Q1,Q1,Q1,1,1,1,1,Q1,1,1,1,1,Q1,1,1,1,1,1
https://openalex.org/W2169873967,07213115,Q3,,2,2,Q2,Q2,Q3,0,3,0,1,Q2,0,2,1,1,Q2,0,2,1,1,0
https://openalex.org/W2169966124,15306984,Q1,,1,1,Q1,Q1,Q1,1,1,1,1,Q1,1,1,1,1,Q1,1,1,1,1,1
https://openalex.org/W2170036265,00218995,Q1,,2,2,Q2,Q2,Q1,1,1,1,1,Q2,0,2,1,1,Q2,0,2,1,1,1
https://openalex.org/W2170097915,00218561,Q1,,1,1,Q1,Q1,Q1,1,1,1,1,Q1,1,1,1,1,Q1,1,1,1,1,1
https://openalex.org/W2170121125,10990690,Q1,,1,1,Q1,Q1,Q1,1,1,1,1,Q1,1,1,1,1,Q1,1,1,1,1,1
https://openalex.org/W2170353374,09478396,Q1,,1,1,Q1,Q1,Q1,1,1,1,1,Q1,1,1,1,1,Q1,1,1,1,1,1
https://openalex.org/W2170421322,02578972,Q1,,1,1,Q1,Q1,Q1,1,1,1,1,Q1,1,1,1,1,Q1,1,1,1,1,1
https://openalex.org/W2170458096,00143057,Q2,,1,1,Q1,Q1,Q2,0,2,1,1,Q1,1,1,1,1,Q1,1,1,1,1,0
https://openalex.org/W2170508170,00032670,Q1,,1,1,Q1,Q1,Q1,1,1,1,1,Q1,1,1,1,1,Q1,1,1,1,1,1
https://openalex.org/W2170526130,00218995,Q1,,2,2,Q2,Q2,Q1,1,1,1,1,Q2,0,2,1,1,Q2,0,2,1,1,1
https://openalex.org/W2170528281,16121872,-,,2,2,Q2,Q2,Unranked,0,5,0,0,Q2,0,2,1,1,Q2,0,2,1,1,0
https://openalex.org/W2170606666,08825734,Q2,,2,2,Q2,Q2,Q2,0,2,1,1,Q2,0,2,1,1,Q2,0,2,1,1,0
https://openalex.org/W2170921450,1001604X,Q3,,3,2,Q3,Q2,Q3,0,3,0,1,Q3,0,3,0,1,Q2,0,2,1,1,0
https://openalex.org/W2170945475,00223263,Q1,,1,1,Q1,Q1,Q1,1,1,1,1,Q1,1,1,1,1,Q1,1,1,1,1,1
https://openalex.org/W2170952922,0013936X,Q1,,1,1,Q1,Q1,Q1,1,1,1,1,Q1,1,1,1,1,Q1,1,1,1,1,1
https://openalex.org/W2171022098,14337851,Q1,,1,1,Q1,Q1,Q1,1,1,1,1,Q1,1,1,1,1,Q1,1,1,1,1,1
https://openalex.org/W2171033895,00014842,Q1,,1,1,Q1,Q1,Q1,1,1,1,1,Q1,1,1,1,1,Q1,1,1,1,1,1
https://openalex.org/W2171171869,00027863,Q1,,1,1,Q1,Q1,Q1,1,1,1,1,Q1,1,1,1,1,Q1,1,1,1,1,1
https://openalex.org/W2171202114,00094536,Q3,,3,3,Q3,Q3,Q3,0,3,0,1,Q3,0,3,0,1,Q3,0,3,0,1,0
https://openalex.org/W2171523458,09259635,Q1,,1,1,Q1,Q1,Q1,1,1,1,1,Q1,1,1,1,1,Q1,1,1,1,1,1
https://openalex.org/W2171708463,00032654,Q1,,1,1,Q1,Q1,Q1,1,1,1,1,Q1,1,1,1,1,Q1,1,1,1,1,1
https://openalex.org/W2171741284,09599436,Q2,,2,2,Q2,Q2,Q2,0,2,1,1,Q2,0,2,1,1,Q2,0,2,1,1,0
https://openalex.org/W2171835185,00249297,Q1,,1,1,Q1,Q1,Q1,1,1,1,1,Q1,1,1,1,1,Q1,1,1,1,1,1
https://openalex.org/W2171909943,10637745,Q3,,3,3,Q3,Q3,Q3,0,3,0,1,Q3,0,3,0,1,Q3,0,3,0,1,0
https://openalex.org/W2171924748,13597345,Q1,,1,1,Q1,Q1,Q1,1,1,1,1,Q1,1,1,1,1,Q1,1,1,1,1,1
https://openalex.org/W2171991658,00092614,Q1,,1,1,Q1,Q1,Q1,1,1,1,1,Q1,1,1,1,1,Q1,1,1,1,1,1
https://openalex.org/W2172264345,09514198,Q1,,1,1,Q1,Q1,Q1,1,1,1,1,Q1,1,1,1,1,Q1,1,1,1,1,1
https://openalex.org/W2172512638,00221139,Q2,,2,2,Q2,Q2,Q2,0,2,1,1,Q2,0,2,1,1,Q2,0,2,1,1,0
https://openalex.org/W2172578489,0960894X,Q2,,2,2,Q2,Q2,Q2,0,2,1,1,Q2,0,2,1,1,Q2,0,2,1,1,0
https://openalex.org/W2172794644,00223263,Q1,,1,1,Q1,Q1,Q1,1,1,1,1,Q1,1,1,1,1,Q1,1,1,1,1,1
https://openalex.org/W2172860265,00404039,Q1,,2,2,Q2,Q2,Q1,1,1,1,1,Q2,0,2,1,1,Q2,0,2,1,1,1
https://openalex.org/W2172959919,0960894X,Q2,,2,2,Q2,Q2,Q2,0,2,1,1,Q2,0,2,1,1,Q2,0,2,1,1,0
https://openalex.org/W2173085725,00223263,Q1,,1,1,Q1,Q1,Q1,1,1,1,1,Q1,1,1,1,1,Q1,1,1,1,1,1
https://openalex.org/W2173117565,00221139,Q2,,2,2,Q2,Q2,Q2,0,2,1,1,Q2,0,2,1,1,Q2,0,2,1,1,0
https://openalex.org/W2173145972,00404039,Q1,,2,2,Q2,Q2,Q1,1,1,1,1,Q2,0,2,1,1,Q2,0,2,1,1,1
https://openalex.org/W2173181090,02235234,Q2,,1,1,Q1,Q1,Q2,0,2,1,1,Q1,1,1,1,1,Q1,1,1,1,1,0
https://openalex.org/W2173185880,00404039,Q1,,2,2,Q2,Q2,Q1,1,1,1,1,Q2,0,2,1,1,Q2,0,2,1,1,1
https://openalex.org/W2173220554,0960894X,Q2,,2,2,Q2,Q2,Q2,0,2,1,1,Q2,0,2,1,1,Q2,0,2,1,1,0
https://openalex.org/W2173225863,00404039,Q1,,2,2,Q2,Q2,Q1,1,1,1,1,Q2,0,2,1,1,Q2,0,2,1,1,1
https://openalex.org/W2173448096,0960894X,Q2,,2,2,Q2,Q2,Q2,0,2,1,1,Q2,0,2,1,1,Q2,0,2,1,1,0
https://openalex.org/W2173465901,0960894X,Q2,,2,2,Q2,Q2,Q2,0,2,1,1,Q2,0,2,1,1,Q2,0,2,1,1,0
https://openalex.org/W2173497791,0022152X,Q3,,3,3,Q3,Q3,Q3,0,3,0,1,Q3,0,3,0,1,Q3,0,3,0,1,0
https://openalex.org/W2173513623,0960894X,Q2,,2,2,Q2,Q2,Q2,0,2,1,1,Q2,0,2,1,1,Q2,0,2,1,1,0
https://openalex.org/W2173533063,02235234,Q2,,1,1,Q1,Q1,Q2,0,2,1,1,Q1,1,1,1,1,Q1,1,1,1,1,0
https://openalex.org/W2173597639,0960894X,Q2,,2,2,Q2,Q2,Q2,0,2,1,1,Q2,0,2,1,1,Q2,0,2,1,1,0
https://openalex.org/W2173681621,10427163,Q2,,2,2,Q2,Q2,Q2,0,2,1,1,Q2,0,2,1,1,Q2,0,2,1,1,0
https://openalex.org/W2173707883,0960894X,Q2,,2,2,Q2,Q2,Q2,0,2,1,1,Q2,0,2,1,1,Q2,0,2,1,1,0
https://openalex.org/W2173781549,00404039,Q1,,2,2,Q2,Q2,Q1,1,1,1,1,Q2,0,2,1,1,Q2,0,2,1,1,1
https://openalex.org/W2173795037,00223263,Q1,,1,1,Q1,Q1,Q1,1,1,1,1,Q1,1,1,1,1,Q1,1,1,1,1,1
https://openalex.org/W2173914872,0960894X,Q2,,2,2,Q2,Q2,Q2,0,2,1,1,Q2,0,2,1,1,Q2,0,2,1,1,0
https://openalex.org/W2174038709,0960894X,Q2,,2,2,Q2,Q2,Q2,0,2,1,1,Q2,0,2,1,1,Q2,0,2,1,1,0
https://openalex.org/W2174272881,00404039,Q1,,2,2,Q2,Q2,Q1,1,1,1,1,Q2,0,2,1,1,Q2,0,2,1,1,1
https://openalex.org/W2174352312,02235234,Q2,,1,1,Q1,Q1,Q2,0,2,1,1,Q1,1,1,1,1,Q1,1,1,1,1,0
https://openalex.org/W2174378289,00223263,Q1,,1,1,Q1,Q1,Q1,1,1,1,1,Q1,1,1,1,1,Q1,1,1,1,1,1
https://openalex.org/W2174406649,00221139,Q2,,2,2,Q2,Q2,Q2,0,2,1,1,Q2,0,2,1,1,Q2,0,2,1,1,0
https://openalex.org/W2174544287,19448201,-,,5,5,Unranked,Unranked,Unranked,0,5,0,0,Unranked,0,5,0,0,Unranked,0,5,0,0,0
https://openalex.org/W2174561309,10665285,Q3,,3,3,Q3,Q3,Q3,0,3,0,1,Q3,0,3,0,1,Q3,0,3,0,1,0
https://openalex.org/W2174895582,00404039,Q1,,2,2,Q2,Q2,Q1,1,1,1,1,Q2,0,2,1,1,Q2,0,2,1,1,1
https://openalex.org/W2174968828,00404039,Q1,,2,2,Q2,Q2,Q1,1,1,1,1,Q2,0,2,1,1,Q2,0,2,1,1,1
https://openalex.org/W2175279101,00223263,Q1,,1,1,Q1,Q1,Q1,1,1,1,1,Q1,1,1,1,1,Q1,1,1,1,1,1
https://openalex.org/W2175457203,00223263,Q1,,1,1,Q1,Q1,Q1,1,1,1,1,Q1,1,1,1,1,Q1,1,1,1,1,1
https://openalex.org/W2175457653,00221139,Q2,,2,2,Q2,Q2,Q2,0,2,1,1,Q2,0,2,1,1,Q2,0,2,1,1,0
https://openalex.org/W2175526549,0022152X,Q3,,3,3,Q3,Q3,Q3,0,3,0,1,Q3,0,3,0,1,Q3,0,3,0,1,0
https://openalex.org/W2175530425,0960894X,Q2,,2,2,Q2,Q2,Q2,0,2,1,1,Q2,0,2,1,1,Q2,0,2,1,1,0
https://openalex.org/W2175611549,00221139,Q2,,2,2,Q2,Q2,Q2,0,2,1,1,Q2,0,2,1,1,Q2,0,2,1,1,0
https://openalex.org/W2175703234,00404039,Q1,,2,2,Q2,Q2,Q1,1,1,1,1,Q2,0,2,1,1,Q2,0,2,1,1,1
https://openalex.org/W2175720549,00404039,Q1,,2,2,Q2,Q2,Q1,1,1,1,1,Q2,0,2,1,1,Q2,0,2,1,1,1
https://openalex.org/W2175764950,00404039,Q1,,2,2,Q2,Q2,Q1,1,1,1,1,Q2,0,2,1,1,Q2,0,2,1,1,1
https://openalex.org/W2175808881,15204766,-,,5,5,Unranked,Unranked,Unranked,0,5,0,0,Unranked,0,5,0,0,Unranked,0,5,0,0,0
https://openalex.org/W2175912931,13597345,Q1,,1,1,Q1,Q1,Q1,1,1,1,1,Q1,1,1,1,1,Q1,1,1,1,1,1
https://openalex.org/W2175917342,02235234,Q2,,1,1,Q1,Q1,Q2,0,2,1,1,Q1,1,1,1,1,Q1,1,1,1,1,0
https://openalex.org/W2175920834,00404039,Q1,,2,2,Q2,Q2,Q1,1,1,1,1,Q2,0,2,1,1,Q2,0,2,1,1,1
https://openalex.org/W2176032331,0960894X,Q2,,2,2,Q2,Q2,Q2,0,2,1,1,Q2,0,2,1,1,Q2,0,2,1,1,0
https://openalex.org/W2176086575,00404039,Q1,,2,2,Q2,Q2,Q1,1,1,1,1,Q2,0,2,1,1,Q2,0,2,1,1,1
https://openalex.org/W2176097581,00404039,Q1,,2,2,Q2,Q2,Q1,1,1,1,1,Q2,0,2,1,1,Q2,0,2,1,1,1
https://openalex.org/W2176106583,02235234,Q2,,1,1,Q1,Q1,Q2,0,2,1,1,Q1,1,1,1,1,Q1,1,1,1,1,0
https://openalex.org/W2176192327,00404039,Q1,,2,2,Q2,Q2,Q1,1,1,1,1,Q2,0,2,1,1,Q2,0,2,1,1,1
https://openalex.org/W2176194372,00093122,Q4,,4,4,Q4,Q4,Q4,0,4,0,0,Q4,0,4,0,0,Q4,0,4,0,0,0
https://openalex.org/W2176204675,00223263,Q1,,1,1,Q1,Q1,Q1,1,1,1,1,Q1,1,1,1,1,Q1,1,1,1,1,1
https://openalex.org/W2176207848,00223263,Q1,,1,1,Q1,Q1,Q1,1,1,1,1,Q1,1,1,1,1,Q1,1,1,1,1,1
https://openalex.org/W2176232769,00404039,Q1,,2,2,Q2,Q2,Q1,1,1,1,1,Q2,0,2,1,1,Q2,0,2,1,1,1
https://openalex.org/W2176280588,00404039,Q1,,2,2,Q2,Q2,Q1,1,1,1,1,Q2,0,2,1,1,Q2,0,2,1,1,1
https://openalex.org/W2176348113,0960894X,Q2,,2,2,Q2,Q2,Q2,0,2,1,1,Q2,0,2,1,1,Q2,0,2,1,1,0
https://openalex.org/W2176358190,00404039,Q1,,2,2,Q2,Q2,Q1,1,1,1,1,Q2,0,2,1,1,Q2,0,2,1,1,1
https://openalex.org/W2176516200,15499596,Q1,,1,1,Q1,Q1,Q1,1,1,1,1,Q1,1,1,1,1,Q1,1,1,1,1,1
https://openalex.org/W2176668746,0960894X,Q2,,2,2,Q2,Q2,Q2,0,2,1,1,Q2,0,2,1,1,Q2,0,2,1,1,0
https://openalex.org/W2176780825,00093122,Q4,,4,4,Q4,Q4,Q4,0,4,0,0,Q4,0,4,0,0,Q4,0,4,0,0,0
https://openalex.org/W2176806309,00223263,Q1,,1,1,Q1,Q1,Q1,1,1,1,1,Q1,1,1,1,1,Q1,1,1,1,1,1
https://openalex.org/W2176871652,00404039,Q1,,2,2,Q2,Q2,Q1,1,1,1,1,Q2,0,2,1,1,Q2,0,2,1,1,1
https://openalex.org/W2176895727,00404039,Q1,,2,2,Q2,Q2,Q1,1,1,1,1,Q2,0,2,1,1,Q2,0,2,1,1,1
https://openalex.org/W2176921573,0960894X,Q2,,2,2,Q2,Q2,Q2,0,2,1,1,Q2,0,2,1,1,Q2,0,2,1,1,0
https://openalex.org/W2176987175,0960894X,Q2,,2,2,Q2,Q2,Q2,0,2,1,1,Q2,0,2,1,1,Q2,0,2,1,1,0
https://openalex.org/W2177112466,00092363,Q2,,2,2,Q2,Q2,Q2,0,2,1,1,Q2,0,2,1,1,Q2,0,2,1,1,0
https://openalex.org/W2177206102,0960894X,Q2,,2,2,Q2,Q2,Q2,0,2,1,1,Q2,0,2,1,1,Q2,0,2,1,1,0
https://openalex.org/W2177215675,0960894X,Q2,,2,2,Q2,Q2,Q2,0,2,1,1,Q2,0,2,1,1,Q2,0,2,1,1,0
https://openalex.org/W2177366029,00201669,Q1,,1,1,Q1,Q1,Q1,1,1,1,1,Q1,1,1,1,1,Q1,1,1,1,1,1
https://openalex.org/W2177469385,00221139,Q2,,2,2,Q2,Q2,Q2,0,2,1,1,Q2,0,2,1,1,Q2,0,2,1,1,0
https://openalex.org/W2177622286,00223263,Q1,,1,1,Q1,Q1,Q1,1,1,1,1,Q1,1,1,1,1,Q1,1,1,1,1,1
https://openalex.org/W2177672581,02235234,Q2,,1,1,Q1,Q1,Q2,0,2,1,1,Q1,1,1,1,1,Q1,1,1,1,1,0
https://openalex.org/W2177833771,00404039,Q1,,2,2,Q2,Q2,Q1,1,1,1,1,Q2,0,2,1,1,Q2,0,2,1,1,1
https://openalex.org/W2177887722,0960894X,Q2,,2,2,Q2,Q2,Q2,0,2,1,1,Q2,0,2,1,1,Q2,0,2,1,1,0
https://openalex.org/W2177906427,00404039,Q1,,2,2,Q2,Q2,Q1,1,1,1,1,Q2,0,2,1,1,Q2,0,2,1,1,1
https://openalex.org/W2177991985,00404039,Q1,,2,2,Q2,Q2,Q1,1,1,1,1,Q2,0,2,1,1,Q2,0,2,1,1,1
https://openalex.org/W2178164719,02235234,Q2,,1,1,Q1,Q1,Q2,0,2,1,1,Q1,1,1,1,1,Q1,1,1,1,1,0
https://openalex.org/W2178219792,00404039,Q1,,2,2,Q2,Q2,Q1,1,1,1,1,Q2,0,2,1,1,Q2,0,2,1,1,1
https://openalex.org/W2178313176,00223263,Q1,,1,1,Q1,Q1,Q1,1,1,1,1,Q1,1,1,1,1,Q1,1,1,1,1,1
https://openalex.org/W2178331650,00404039,Q1,,2,2,Q2,Q2,Q1,1,1,1,1,Q2,0,2,1,1,Q2,0,2,1,1,1
https://openalex.org/W2178343428,00404039,Q1,,2,2,Q2,Q2,Q1,1,1,1,1,Q2,0,2,1,1,Q2,0,2,1,1,1
https://openalex.org/W2178506587,0960894X,Q2,,2,2,Q2,Q2,Q2,0,2,1,1,Q2,0,2,1,1,Q2,0,2,1,1,0
https://openalex.org/W2178802471,00223263,Q1,,1,1,Q1,Q1,Q1,1,1,1,1,Q1,1,1,1,1,Q1,1,1,1,1,1
https://openalex.org/W2178910251,00404039,Q1,,2,2,Q2,Q2,Q1,1,1,1,1,Q2,0,2,1,1,Q2,0,2,1,1,1
https://openalex.org/W2179115244,0960894X,Q2,,2,2,Q2,Q2,Q2,0,2,1,1,Q2,0,2,1,1,Q2,0,2,1,1,0
https://openalex.org/W2179208644,0960894X,Q2,,2,2,Q2,Q2,Q2,0,2,1,1,Q2,0,2,1,1,Q2,0,2,1,1,0
https://openalex.org/W2179478210,00093122,Q4,,4,4,Q4,Q4,Q4,0,4,0,0,Q4,0,4,0,0,Q4,0,4,0,0,0
https://openalex.org/W2179527168,10665285,Q3,,3,3,Q3,Q3,Q3,0,3,0,1,Q3,0,3,0,1,Q3,0,3,0,1,0
https://openalex.org/W2179656978,00404039,Q1,,2,2,Q2,Q2,Q1,1,1,1,1,Q2,0,2,1,1,Q2,0,2,1,1,1
https://openalex.org/W2179755046,09599436,Q2,,2,2,Q2,Q2,Q2,0,2,1,1,Q2,0,2,1,1,Q2,0,2,1,1,0
https://openalex.org/W2179760118,0960894X,Q2,,2,2,Q2,Q2,Q2,0,2,1,1,Q2,0,2,1,1,Q2,0,2,1,1,0
https://openalex.org/W2179868085,00221139,Q2,,2,2,Q2,Q2,Q2,0,2,1,1,Q2,0,2,1,1,Q2,0,2,1,1,0
https://openalex.org/W2180025750,0960894X,Q2,,2,2,Q2,Q2,Q2,0,2,1,1,Q2,0,2,1,1,Q2,0,2,1,1,0
https://openalex.org/W2180175436,00404039,Q1,,2,2,Q2,Q2,Q1,1,1,1,1,Q2,0,2,1,1,Q2,0,2,1,1,1
https://openalex.org/W2180277928,00223263,Q1,,1,1,Q1,Q1,Q1,1,1,1,1,Q1,1,1,1,1,Q1,1,1,1,1,1
https://openalex.org/W2180354010,0022152X,Q3,,3,3,Q3,Q3,Q3,0,3,0,1,Q3,0,3,0,1,Q3,0,3,0,1,0
https://openalex.org/W2180394513,0960894X,Q2,,2,2,Q2,Q2,Q2,0,2,1,1,Q2,0,2,1,1,Q2,0,2,1,1,0
https://openalex.org/W2180473922,00404039,Q1,,2,2,Q2,Q2,Q1,1,1,1,1,Q2,0,2,1,1,Q2,0,2,1,1,1
https://openalex.org/W2180552021,0960894X,Q2,,2,2,Q2,Q2,Q2,0,2,1,1,Q2,0,2,1,1,Q2,0,2,1,1,0
https://openalex.org/W2180695011,00404039,Q1,,2,2,Q2,Q2,Q1,1,1,1,1,Q2,0,2,1,1,Q2,0,2,1,1,1
https://openalex.org/W2180757325,00221139,Q2,,2,2,Q2,Q2,Q2,0,2,1,1,Q2,0,2,1,1,Q2,0,2,1,1,0
https://openalex.org/W2181379631,10623701,Q2,,2,2,Q2,Q2,Q2,0,2,1,1,Q2,0,2,1,1,Q2,0,2,1,1,0
https://openalex.org/W2182860629,07930135,Q2,,3,3,Q3,Q3,Q2,0,2,1,1,Q3,0,3,0,1,Q3,0,3,0,1,0
https://openalex.org/W2185999252,0268005X,Q1,,1,1,Q1,Q1,Q1,1,1,1,1,Q1,1,1,1,1,Q1,1,1,1,1,1
https://openalex.org/W2187175874,10623701,Q2,,2,2,Q2,Q2,Q2,0,2,1,1,Q2,0,2,1,1,Q2,0,2,1,1,0
https://openalex.org/W2192640200,00244201,Q2,,2,2,Q2,Q2,Q2,0,2,1,1,Q2,0,2,1,1,Q2,0,2,1,1,0
https://openalex.org/W2196814623,02767333,Q1,,1,1,Q1,Q1,Q1,1,1,1,1,Q1,1,1,1,1,Q1,1,1,1,1,1
https://openalex.org/W2198765578,00134651,Q1,,1,1,Q1,Q1,Q1,1,1,1,1,Q1,1,1,1,1,Q1,1,1,1,1,1
https://openalex.org/W2219428855,00219673,Q1,,1,1,Q1,Q1,Q1,1,1,1,1,Q1,1,1,1,1,Q1,1,1,1,1,1
https://openalex.org/W2220233044,00220248,Q1,,2,2,Q2,Q2,Q1,1,1,1,1,Q2,0,2,1,1,Q2,0,2,1,1,1
https://openalex.org/W2255563666,10895639,Q1,,1,1,Q1,Q1,Q1,1,1,1,1,Q1,1,1,1,1,Q1,1,1,1,1,1
https://openalex.org/W2277862789,13886150,Q3,,3,3,Q3,Q3,Q3,0,3,0,1,Q3,0,3,0,1,Q3,0,3,0,1,0
https://openalex.org/W2278269235,0018019X,Q1,,2,2,Q2,Q2,Q1,1,1,1,1,Q2,0,2,1,1,Q2,0,2,1,1,1
https://openalex.org/W2281873575,00397911,Q3,,3,3,Q3,Q3,Q3,0,3,0,1,Q3,0,3,0,1,Q3,0,3,0,1,0
https://openalex.org/W2287793741,15205207,Q1,,1,1,Q1,Q1,Q1,1,1,1,1,Q1,1,1,1,1,Q1,1,1,1,1,1
https://openalex.org/W2292970179,10286020,Q4,,3,3,Q3,Q3,Q4,0,4,0,0,Q3,0,3,0,1,Q3,0,3,0,1,0
https://openalex.org/W2304927626,00095893,Q2,,2,2,Q2,Q2,Q2,0,2,1,1,Q2,0,2,1,1,Q2,0,2,1,1,0
https://openalex.org/W2307120944,10990062,Q1,,1,1,Q1,Q1,Q1,1,1,1,1,Q1,1,1,1,1,Q1,1,1,1,1,1
https://openalex.org/W2312789070,14770520,Q1,,1,1,Q1,Q1,Q1,1,1,1,1,Q1,1,1,1,1,Q1,1,1,1,1,1
https://openalex.org/W2313188018,09429352,Q3,,3,3,Q3,Q3,Q3,0,3,0,1,Q3,0,3,0,1,Q3,0,3,0,1,0
https://openalex.org/W2313340437,09429352,Q3,,3,3,Q3,Q3,Q3,0,3,0,1,Q3,0,3,0,1,Q3,0,3,0,1,0
https://openalex.org/W2313805020,08837694,Q1,,1,1,Q1,Q1,Q1,1,1,1,1,Q1,1,1,1,1,Q1,1,1,1,1,1
https://openalex.org/W2314446000,03346455,Q4,,4,4,Q4,Q4,Q4,0,4,0,0,Q4,0,4,0,0,Q4,0,4,0,0,0
https://openalex.org/W2315347066,03346005,Q2,,2,2,Q2,Q2,Q2,0,2,1,1,Q2,0,2,1,1,Q2,0,2,1,1,0
https://openalex.org/W2315634145,00027863,Q1,,1,1,Q1,Q1,Q1,1,1,1,1,Q1,1,1,1,1,Q1,1,1,1,1,1
https://openalex.org/W2316825670,03060012,Q1,,1,1,Q1,Q1,Q1,1,1,1,1,Q1,1,1,1,1,Q1,1,1,1,1,1
https://openalex.org/W2316901619,10619348,Q4,,4,4,Q4,Q4,Q4,0,4,0,0,Q4,0,4,0,0,Q4,0,4,0,0,0
https://openalex.org/W2317340032,10665285,Q3,,3,3,Q3,Q3,Q3,0,3,0,1,Q3,0,3,0,1,Q3,0,3,0,1,0
https://openalex.org/W2317553561,14770520,Q1,,1,1,Q1,Q1,Q1,1,1,1,1,Q1,1,1,1,1,Q1,1,1,1,1,1
https://openalex.org/W2319459040,14770520,Q1,,1,1,Q1,Q1,Q1,1,1,1,1,Q1,1,1,1,1,Q1,1,1,1,1,1
https://openalex.org/W2319657445,14770520,Q1,,1,1,Q1,Q1,Q1,1,1,1,1,Q1,1,1,1,1,Q1,1,1,1,1,1
https://openalex.org/W2320837152,00201685,Q3,,3,3,Q3,Q3,Q3,0,3,0,1,Q3,0,3,0,1,Q3,0,3,0,1,0
https://openalex.org/W2320865871,07921241,Q3,,3,3,Q3,Q3,Q3,0,3,0,1,Q3,0,3,0,1,Q3,0,3,0,1,0
https://openalex.org/W2321884832,03346455,Q4,,4,4,Q4,Q4,Q4,0,4,0,0,Q4,0,4,0,0,Q4,0,4,0,0,0
https://openalex.org/W2323222286,08837694,Q1,,1,1,Q1,Q1,Q1,1,1,1,1,Q1,1,1,1,1,Q1,1,1,1,1,1
https://openalex.org/W2323249550,16113683,Q3,,3,3,Q3,Q3,Q3,0,3,0,1,Q3,0,3,0,1,Q3,0,3,0,1,0
https://openalex.org/W2323574987,14770520,Q1,,1,1,Q1,Q1,Q1,1,1,1,1,Q1,1,1,1,1,Q1,1,1,1,1,1
https://openalex.org/W2323734942,14770520,Q1,,1,1,Q1,Q1,Q1,1,1,1,1,Q1,1,1,1,1,Q1,1,1,1,1,1
https://openalex.org/W2324082433,00201685,Q3,,3,3,Q3,Q3,Q3,0,3,0,1,Q3,0,3,0,1,Q3,0,3,0,1,0
https://openalex.org/W2324159360,13862073,Q2,,3,3,Q3,Q3,Q2,0,2,1,1,Q3,0,3,0,1,Q3,0,3,0,1,0
https://openalex.org/W2325409427,16113683,Q3,,3,3,Q3,Q3,Q3,0,3,0,1,Q3,0,3,0,1,Q3,0,3,0,1,0
https://openalex.org/W2325679333,15517004,Q4,,3,3,Q3,Q3,Q4,0,4,0,0,Q3,0,3,0,1,Q3,0,3,0,1,0
https://openalex.org/W2326013340,1011372X,Q1,,1,1,Q1,Q1,Q1,1,1,1,1,Q1,1,1,1,1,Q1,1,1,1,1,1
https://openalex.org/W2326389886,03404285,Q3,,3,3,Q3,Q3,Q3,0,3,0,1,Q3,0,3,0,1,Q3,0,3,0,1,0
https://openalex.org/W2326700257,01464760,Q1,,1,1,Q1,Q1,Q1,1,1,1,1,Q1,1,1,1,1,Q1,1,1,1,1,1
https://openalex.org/W2327004876,09280707,Q1,,2,2,Q2,Q2,Q1,1,1,1,1,Q2,0,2,1,1,Q2,0,2,1,1,1
https://openalex.org/W2327389940,10704272,Q4,,4,4,Q4,Q4,Q4,0,4,0,0,Q4,0,4,0,0,Q4,0,4,0,0,0
https://openalex.org/W2328102827,15985032,Q3,,3,3,Q3,Q3,Q3,0,3,0,1,Q3,0,3,0,1,Q3,0,3,0,1,0
https://openalex.org/W2328580215,09295607,Q2,,2,2,Q2,Q2,Q2,0,2,1,1,Q2,0,2,1,1,Q2,0,2,1,1,0
https://openalex.org/W2329749364,00219665,Q2,,3,3,Q3,Q3,Q2,0,2,1,1,Q3,0,3,0,1,Q3,0,3,0,1,0
https://openalex.org/W2330077604,09429352,Q3,,3,3,Q3,Q3,Q3,0,3,0,1,Q3,0,3,0,1,Q3,0,3,0,1,0
https://openalex.org/W2330157814,03060012,Q1,,1,1,Q1,Q1,Q1,1,1,1,1,Q1,1,1,1,1,Q1,1,1,1,1,1
https://openalex.org/W2331436630,03060012,Q1,,1,1,Q1,Q1,Q1,1,1,1,1,Q1,1,1,1,1,Q1,1,1,1,1,1
https://openalex.org/W2331761937,08885885,Q1,,1,1,Q1,Q1,Q1,1,1,1,1,Q1,1,1,1,1,Q1,1,1,1,1,1
https://openalex.org/W2332390194,07930283,Q4,,4,4,Q4,Q4,Q4,0,4,0,0,Q4,0,4,0,0,Q4,0,4,0,0,0
https://openalex.org/W2332829476,07921241,Q3,,3,3,Q3,Q3,Q3,0,3,0,1,Q3,0,3,0,1,Q3,0,3,0,1,0
https://openalex.org/W2332954111,07921241,Q3,,3,3,Q3,Q3,Q3,0,3,0,1,Q3,0,3,0,1,Q3,0,3,0,1,0
https://openalex.org/W2333536277,00219665,Q2,,3,3,Q3,Q3,Q2,0,2,1,1,Q3,0,3,0,1,Q3,0,3,0,1,0
https://openalex.org/W2333827121,03060012,Q1,,1,1,Q1,Q1,Q1,1,1,1,1,Q1,1,1,1,1,Q1,1,1,1,1,1
https://openalex.org/W2334010425,00220248,Q1,,2,2,Q2,Q2,Q1,1,1,1,1,Q2,0,2,1,1,Q2,0,2,1,1,1
https://openalex.org/W2334145876,09429352,Q3,,3,3,Q3,Q3,Q3,0,3,0,1,Q3,0,3,0,1,Q3,0,3,0,1,0
https://openalex.org/W2334396993,00032719,Q3,,3,3,Q3,Q3,Q3,0,3,0,1,Q3,0,3,0,1,Q3,0,3,0,1,0
https://openalex.org/W2334864192,07930283,Q4,,4,4,Q4,Q4,Q4,0,4,0,0,Q4,0,4,0,0,Q4,0,4,0,0,0
https://openalex.org/W2334884624,01464760,Q1,,1,1,Q1,Q1,Q1,1,1,1,1,Q1,1,1,1,1,Q1,1,1,1,1,1
https://openalex.org/W2335336384,10704272,Q4,,4,4,Q4,Q4,Q4,0,4,0,0,Q4,0,4,0,0,Q4,0,4,0,0,0
https://openalex.org/W2335349054,01464760,Q1,,1,1,Q1,Q1,Q1,1,1,1,1,Q1,1,1,1,1,Q1,1,1,1,1,1
https://openalex.org/W2335477692,14770520,Q1,,1,1,Q1,Q1,Q1,1,1,1,1,Q1,1,1,1,1,Q1,1,1,1,1,1
https://openalex.org/W2335729877,14770520,Q1,,1,1,Q1,Q1,Q1,1,1,1,1,Q1,1,1,1,1,Q1,1,1,1,1,1
https://openalex.org/W2335765980,03060012,Q1,,1,1,Q1,Q1,Q1,1,1,1,1,Q1,1,1,1,1,Q1,1,1,1,1,1
https://openalex.org/W2337983278,00211575,Q3,,3,3,Q3,Q3,Q3,0,3,0,1,Q3,0,3,0,1,Q3,0,3,0,1,0
https://openalex.org/W2340668334,02536269,Q3,,3,3,Q3,Q3,Q3,0,3,0,1,Q3,0,3,0,1,Q3,0,3,0,1,0
https://openalex.org/W2365280034,00125016,Q4,,4,4,Q4,Q4,Q4,0,4,0,0,Q4,0,4,0,0,Q4,0,4,0,0,0
https://openalex.org/W2385381221,09280707,Q1,,2,2,Q2,Q2,Q1,1,1,1,1,Q2,0,2,1,1,Q2,0,2,1,1,1
https://openalex.org/W2400280213,00223263,Q1,,1,1,Q1,Q1,Q1,1,1,1,1,Q1,1,1,1,1,Q1,1,1,1,1,1
https://openalex.org/W2410138748,10681620,Q4,,4,4,Q4,Q4,Q4,0,4,0,0,Q4,0,4,0,0,Q4,0,4,0,0,0
https://openalex.org/W2411113163,00222313,Q1,,1,1,Q1,Q1,Q1,1,1,1,1,Q1,1,1,1,1,Q1,1,1,1,1,1
https://openalex.org/W24113998,16113683,Q3,,3,3,Q3,Q3,Q3,0,3,0,1,Q3,0,3,0,1,Q3,0,3,0,1,0
https://openalex.org/W2412600490,02536269,Q3,,3,3,Q3,Q3,Q3,0,3,0,1,Q3,0,3,0,1,Q3,0,3,0,1,0
https://openalex.org/W2425449290,02532964,Q2,,3,3,Q3,Q3,Q2,0,2,1,1,Q3,0,3,0,1,Q3,0,3,0,1,0
https://openalex.org/W2463396423,14777606,Q4,,4,4,Q4,Q4,Q4,0,4,0,0,Q4,0,4,0,0,Q4,0,4,0,0,0
https://openalex.org/W2464729881,10895639,Q1,,1,1,Q1,Q1,Q1,1,1,1,1,Q1,1,1,1,1,Q1,1,1,1,1,1
https://openalex.org/W2465235918,16113683,Q3,,3,3,Q3,Q3,Q3,0,3,0,1,Q3,0,3,0,1,Q3,0,3,0,1,0
https://openalex.org/W2466319145,0303402X,Q2,,2,2,Q2,Q2,Q2,0,2,1,1,Q2,0,2,1,1,Q2,0,2,1,1,0
https://openalex.org/W2471424083,01633864,Q1,,1,1,Q1,Q1,Q1,1,1,1,1,Q1,1,1,1,1,Q1,1,1,1,1,1
https://openalex.org/W2480500445,16113683,Q3,,3,3,Q3,Q3,Q3,0,3,0,1,Q3,0,3,0,1,Q3,0,3,0,1,0
https://openalex.org/W2483491846,16113683,Q3,,3,3,Q3,Q3,Q3,0,3,0,1,Q3,0,3,0,1,Q3,0,3,0,1,0
https://openalex.org/W248487765,13886150,Q3,,3,3,Q3,Q3,Q3,0,3,0,1,Q3,0,3,0,1,Q3,0,3,0,1,0
https://openalex.org/W2495901116,14777606,Q4,,4,4,Q4,Q4,Q4,0,4,0,0,Q4,0,4,0,0,Q4,0,4,0,0,0
https://openalex.org/W2499254314,00201685,Q3,,3,3,Q3,Q3,Q3,0,3,0,1,Q3,0,3,0,1,Q3,0,3,0,1,0
https://openalex.org/W2508925104,02678292,Q2,,2,2,Q2,Q2,Q2,0,2,1,1,Q2,0,2,1,1,Q2,0,2,1,1,0
https://openalex.org/W2510160077,16113683,Q3,,3,3,Q3,Q3,Q3,0,3,0,1,Q3,0,3,0,1,Q3,0,3,0,1,0
https://openalex.org/W2512683308,00211575,Q3,,3,3,Q3,Q3,Q3,0,3,0,1,Q3,0,3,0,1,Q3,0,3,0,1,0
https://openalex.org/W2512860708,00211575,Q3,,3,3,Q3,Q3,Q3,0,3,0,1,Q3,0,3,0,1,Q3,0,3,0,1,0
https://openalex.org/W2513536823,00211575,Q3,,3,3,Q3,Q3,Q3,0,3,0,1,Q3,0,3,0,1,Q3,0,3,0,1,0
https://openalex.org/W2514396134,00211575,Q3,,3,3,Q3,Q3,Q3,0,3,0,1,Q3,0,3,0,1,Q3,0,3,0,1,0
https://openalex.org/W2516815911,00211575,Q3,,3,3,Q3,Q3,Q3,0,3,0,1,Q3,0,3,0,1,Q3,0,3,0,1,0
https://openalex.org/W2518843532,00211575,Q3,,3,3,Q3,Q3,Q3,0,3,0,1,Q3,0,3,0,1,Q3,0,3,0,1,0
https://openalex.org/W2519409752,02624893,Q3,,3,3,Q3,Q3,Q3,0,3,0,1,Q3,0,3,0,1,Q3,0,3,0,1,0
https://openalex.org/W2520233402,00211575,Q3,,3,3,Q3,Q3,Q3,0,3,0,1,Q3,0,3,0,1,Q3,0,3,0,1,0
https://openalex.org/W2521155043,00211575,Q3,,3,3,Q3,Q3,Q3,0,3,0,1,Q3,0,3,0,1,Q3,0,3,0,1,0
https://openalex.org/W2521174607,00211575,Q3,,3,3,Q3,Q3,Q3,0,3,0,1,Q3,0,3,0,1,Q3,0,3,0,1,0
https://openalex.org/W2521719302,10990062,Q1,,1,1,Q1,Q1,Q1,1,1,1,1,Q1,1,1,1,1,Q1,1,1,1,1,1
https://openalex.org/W2521719521,00211575,Q3,,3,3,Q3,Q3,Q3,0,3,0,1,Q3,0,3,0,1,Q3,0,3,0,1,0
https://openalex.org/W2522197375,00211575,Q3,,3,3,Q3,Q3,Q3,0,3,0,1,Q3,0,3,0,1,Q3,0,3,0,1,0
https://openalex.org/W2524243461,00211575,Q3,,3,3,Q3,Q3,Q3,0,3,0,1,Q3,0,3,0,1,Q3,0,3,0,1,0
https://openalex.org/W2524569874,00211575,Q3,,3,3,Q3,Q3,Q3,0,3,0,1,Q3,0,3,0,1,Q3,0,3,0,1,0
https://openalex.org/W2528278719,00211575,Q3,,3,3,Q3,Q3,Q3,0,3,0,1,Q3,0,3,0,1,Q3,0,3,0,1,0
https://openalex.org/W2529417893,00211575,Q3,,3,3,Q3,Q3,Q3,0,3,0,1,Q3,0,3,0,1,Q3,0,3,0,1,0
https://openalex.org/W2563076815,16113683,Q3,,3,3,Q3,Q3,Q3,0,3,0,1,Q3,0,3,0,1,Q3,0,3,0,1,0
https://openalex.org/W2574063315,13886150,Q3,,3,3,Q3,Q3,Q3,0,3,0,1,Q3,0,3,0,1,Q3,0,3,0,1,0
https://openalex.org/W2589106271,03787753,Q1,,1,1,Q1,Q1,Q1,1,1,1,1,Q1,1,1,1,1,Q1,1,1,1,1,1
https://openalex.org/W2616700285,00201669,Q1,,1,1,Q1,Q1,Q1,1,1,1,1,Q1,1,1,1,1,Q1,1,1,1,1,1
https://openalex.org/W2623356816,00220248,Q1,,2,2,Q2,Q2,Q1,1,1,1,1,Q2,0,2,1,1,Q2,0,2,1,1,1
https://openalex.org/W2745350874,00220248,Q1,,2,2,Q2,Q2,Q1,1,1,1,1,Q2,0,2,1,1,Q2,0,2,1,1,1
https://openalex.org/W2750461573,00220248,Q1,,2,2,Q2,Q2,Q1,1,1,1,1,Q2,0,2,1,1,Q2,0,2,1,1,1
https://openalex.org/W276365152,01672738,Q1,,1,1,Q1,Q1,Q1,1,1,1,1,Q1,1,1,1,1,Q1,1,1,1,1,1
https://openalex.org/W2791816772,14761122,Q1,,1,1,Q1,Q1,Q1,1,1,1,1,Q1,1,1,1,1,Q1,1,1,1,1,1
https://openalex.org/W2793124680,0003150X,Q1,,2,2,Q2,Q2,Q1,1,1,1,1,Q2,0,2,1,1,Q2,0,2,1,1,1
https://openalex.org/W2793703604,14761122,Q1,,1,1,Q1,Q1,Q1,1,1,1,1,Q1,1,1,1,1,Q1,1,1,1,1,1
https://openalex.org/W2879144640,17475198,-,,3,3,Q3,Q3,Unranked,0,5,0,0,Q3,0,3,0,1,Q3,0,3,0,1,0
https://openalex.org/W2880638777,17475198,-,,3,3,Q3,Q3,Unranked,0,5,0,0,Q3,0,3,0,1,Q3,0,3,0,1,0
https://openalex.org/W2899756794,25243462,-,,5,5,Unranked,Unranked,Unranked,0,5,0,0,Unranked,0,5,0,0,Unranked,0,5,0,0,0
https://openalex.org/W2899831303,25243462,-,,5,5,Unranked,Unranked,Unranked,0,5,0,0,Unranked,0,5,0,0,Unranked,0,5,0,0,0
https://openalex.org/W2903756332,13886150,Q3,,3,3,Q3,Q3,Q3,0,3,0,1,Q3,0,3,0,1,Q3,0,3,0,1,0
https://openalex.org/W2949090331,0022152X,Q3,,3,3,Q3,Q3,Q3,0,3,0,1,Q3,0,3,0,1,Q3,0,3,0,1,0
https://openalex.org/W2949096268,00404039,Q1,,2,2,Q2,Q2,Q1,1,1,1,1,Q2,0,2,1,1,Q2,0,2,1,1,1
https://openalex.org/W2949117309,10427163,Q2,,2,2,Q2,Q2,Q2,0,2,1,1,Q2,0,2,1,1,Q2,0,2,1,1,0
https://openalex.org/W2949128160,00404039,Q1,,2,2,Q2,Q2,Q1,1,1,1,1,Q2,0,2,1,1,Q2,0,2,1,1,1
https://openalex.org/W2949134197,0018019X,Q1,,2,2,Q2,Q2,Q1,1,1,1,1,Q2,0,2,1,1,Q2,0,2,1,1,1
https://openalex.org/W2949167854,00404039,Q1,,2,2,Q2,Q2,Q1,1,1,1,1,Q2,0,2,1,1,Q2,0,2,1,1,1
https://openalex.org/W2949204517,00397911,Q3,,3,3,Q3,Q3,Q3,0,3,0,1,Q3,0,3,0,1,Q3,0,3,0,1,0
https://openalex.org/W2949216995,0022152X,Q3,,3,3,Q3,Q3,Q3,0,3,0,1,Q3,0,3,0,1,Q3,0,3,0,1,0
https://openalex.org/W2949218232,00404039,Q1,,2,2,Q2,Q2,Q1,1,1,1,1,Q2,0,2,1,1,Q2,0,2,1,1,1
https://openalex.org/W2949224067,15237052,Q1,,1,1,Q1,Q1,Q1,1,1,1,1,Q1,1,1,1,1,Q1,1,1,1,1,1
https://openalex.org/W2949237080,00404039,Q1,,2,2,Q2,Q2,Q1,1,1,1,1,Q2,0,2,1,1,Q2,0,2,1,1,1
https://openalex.org/W2949244634,0022152X,Q3,,3,3,Q3,Q3,Q3,0,3,0,1,Q3,0,3,0,1,Q3,0,3,0,1,0
https://openalex.org/W2949264494,00404039,Q1,,2,2,Q2,Q2,Q1,1,1,1,1,Q2,0,2,1,1,Q2,0,2,1,1,1
https://openalex.org/W2949268485,00084042,Q2,,2,2,Q2,Q2,Q2,0,2,1,1,Q2,0,2,1,1,Q2,0,2,1,1,0
https://openalex.org/W2949282638,08974756,Q1,,1,1,Q1,Q1,Q1,1,1,1,1,Q1,1,1,1,1,Q1,1,1,1,1,1
https://openalex.org/W2949314707,00014842,Q1,,1,1,Q1,Q1,Q1,1,1,1,1,Q1,1,1,1,1,Q1,1,1,1,1,1
https://openalex.org/W2949327825,03855414,Q2,,3,3,Q3,Q3,Q2,0,2,1,1,Q3,0,3,0,1,Q3,0,3,0,1,0
https://openalex.org/W2949335276,00027863,Q1,,1,1,Q1,Q1,Q1,1,1,1,1,Q1,1,1,1,1,Q1,1,1,1,1,1
https://openalex.org/W2949346655,0022152X,Q3,,3,3,Q3,Q3,Q3,0,3,0,1,Q3,0,3,0,1,Q3,0,3,0,1,0
https://openalex.org/W2949350456,00404020,Q1,,1,1,Q1,Q1,Q1,1,1,1,1,Q1,1,1,1,1,Q1,1,1,1,1,1
https://openalex.org/W2949363772,00223263,Q1,,1,1,Q1,Q1,Q1,1,1,1,1,Q1,1,1,1,1,Q1,1,1,1,1,1
https://openalex.org/W2949369152,10704280,Q4,,4,4,Q4,Q4,Q4,0,4,0,0,Q4,0,4,0,0,Q4,0,4,0,0,0
https://openalex.org/W2949380205,00397911,Q3,,3,3,Q3,Q3,Q3,0,3,0,1,Q3,0,3,0,1,Q3,0,3,0,1,0
https://openalex.org/W2949384114,00223263,Q1,,1,1,Q1,Q1,Q1,1,1,1,1,Q1,1,1,1,1,Q1,1,1,1,1,1
https://openalex.org/W2949392691,00404039,Q1,,2,2,Q2,Q2,Q1,1,1,1,1,Q2,0,2,1,1,Q2,0,2,1,1,1
https://openalex.org/W2949415878,0022328X,Q1,,2,2,Q2,Q2,Q1,1,1,1,1,Q2,0,2,1,1,Q2,0,2,1,1,1
https://openalex.org/W2949427693,15237052,Q1,,1,1,Q1,Q1,Q1,1,1,1,1,Q1,1,1,1,1,Q1,1,1,1,1,1
https://openalex.org/W2949455295,0018019X,Q1,,2,2,Q2,Q2,Q1,1,1,1,1,Q2,0,2,1,1,Q2,0,2,1,1,1
https://openalex.org/W2949455527,17475198,-,,3,3,Q3,Q3,Unranked,0,5,0,0,Q3,0,3,0,1,Q3,0,3,0,1,0
https://openalex.org/W2949461653,03855414,Q2,,3,3,Q3,Q3,Q2,0,2,1,1,Q3,0,3,0,1,Q3,0,3,0,1,0
https://openalex.org/W2949471331,03667022,Q2,,2,2,Q2,Q2,Q2,0,2,1,1,Q2,0,2,1,1,Q2,0,2,1,1,0
https://openalex.org/W2949476803,03855414,Q2,,3,3,Q3,Q3,Q2,0,2,1,1,Q3,0,3,0,1,Q3,0,3,0,1,0
https://openalex.org/W2949481602,10665285,Q3,,3,3,Q3,Q3,Q3,0,3,0,1,Q3,0,3,0,1,Q3,0,3,0,1,0
https://openalex.org/W2949516953,15237052,Q1,,1,1,Q1,Q1,Q1,1,1,1,1,Q1,1,1,1,1,Q1,1,1,1,1,1
https://openalex.org/W2949521509,0960894X,Q2,,2,2,Q2,Q2,Q2,0,2,1,1,Q2,0,2,1,1,Q2,0,2,1,1,0
https://openalex.org/W2949521612,03855414,Q2,,3,3,Q3,Q3,Q2,0,2,1,1,Q3,0,3,0,1,Q3,0,3,0,1,0
https://openalex.org/W2949524077,15237052,Q1,,1,1,Q1,Q1,Q1,1,1,1,1,Q1,1,1,1,1,Q1,1,1,1,1,1
https://openalex.org/W2949530189,00397911,Q3,,3,3,Q3,Q3,Q3,0,3,0,1,Q3,0,3,0,1,Q3,0,3,0,1,0
https://openalex.org/W2949535734,03667022,Q2,,2,2,Q2,Q2,Q2,0,2,1,1,Q2,0,2,1,1,Q2,0,2,1,1,0
https://openalex.org/W2949540665,00201669,Q1,,1,1,Q1,Q1,Q1,1,1,1,1,Q1,1,1,1,1,Q1,1,1,1,1,1
https://openalex.org/W2949545559,15237052,Q1,,1,1,Q1,Q1,Q1,1,1,1,1,Q1,1,1,1,1,Q1,1,1,1,1,1
https://openalex.org/W2949577713,03855414,Q2,,3,3,Q3,Q3,Q2,0,2,1,1,Q3,0,3,0,1,Q3,0,3,0,1,0
https://openalex.org/W2949628045,10665285,Q3,,3,3,Q3,Q3,Q3,0,3,0,1,Q3,0,3,0,1,Q3,0,3,0,1,0
https://openalex.org/W2949634844,00093122,Q4,,4,4,Q4,Q4,Q4,0,4,0,0,Q4,0,4,0,0,Q4,0,4,0,0,0
https://openalex.org/W2949637854,00404020,Q1,,1,1,Q1,Q1,Q1,1,1,1,1,Q1,1,1,1,1,Q1,1,1,1,1,1
https://openalex.org/W2949639913,03855414,Q2,,3,3,Q3,Q3,Q2,0,2,1,1,Q3,0,3,0,1,Q3,0,3,0,1,0
https://openalex.org/W2949644777,10704280,Q4,,4,4,Q4,Q4,Q4,0,4,0,0,Q4,0,4,0,0,Q4,0,4,0,0,0
https://openalex.org/W2949659952,17475198,-,,3,3,Q3,Q3,Unranked,0,5,0,0,Q3,0,3,0,1,Q3,0,3,0,1,0
https://openalex.org/W2949673281,00442313,Q3,,3,3,Q3,Q3,Q3,0,3,0,1,Q3,0,3,0,1,Q3,0,3,0,1,0
https://openalex.org/W2949681994,00404039,Q1,,2,2,Q2,Q2,Q1,1,1,1,1,Q2,0,2,1,1,Q2,0,2,1,1,1
https://openalex.org/W2949687127,00027863,Q1,,1,1,Q1,Q1,Q1,1,1,1,1,Q1,1,1,1,1,Q1,1,1,1,1,1
https://openalex.org/W2949690020,00404039,Q1,,2,2,Q2,Q2,Q1,1,1,1,1,Q2,0,2,1,1,Q2,0,2,1,1,1
https://openalex.org/W2949695266,03667022,Q2,,2,2,Q2,Q2,Q2,0,2,1,1,Q2,0,2,1,1,Q2,0,2,1,1,0
https://openalex.org/W2949705422,03855414,Q2,,3,3,Q3,Q3,Q2,0,2,1,1,Q3,0,3,0,1,Q3,0,3,0,1,0
https://openalex.org/W2949711177,10665285,Q3,,3,3,Q3,Q3,Q3,0,3,0,1,Q3,0,3,0,1,Q3,0,3,0,1,0
https://openalex.org/W2949732697,00223263,Q1,,1,1,Q1,Q1,Q1,1,1,1,1,Q1,1,1,1,1,Q1,1,1,1,1,1
https://openalex.org/W2949759896,03855414,Q2,,3,3,Q3,Q3,Q2,0,2,1,1,Q3,0,3,0,1,Q3,0,3,0,1,0
https://openalex.org/W2949784095,10704280,Q4,,4,4,Q4,Q4,Q4,0,4,0,0,Q4,0,4,0,0,Q4,0,4,0,0,0
https://openalex.org/W2949785438,00223263,Q1,,1,1,Q1,Q1,Q1,1,1,1,1,Q1,1,1,1,1,Q1,1,1,1,1,1
https://openalex.org/W2949802123,00404020,Q1,,1,1,Q1,Q1,Q1,1,1,1,1,Q1,1,1,1,1,Q1,1,1,1,1,1
https://openalex.org/W2949818810,00404020,Q1,,1,1,Q1,Q1,Q1,1,1,1,1,Q1,1,1,1,1,Q1,1,1,1,1,1
https://openalex.org/W2949842468,0022328X,Q1,,2,2,Q2,Q2,Q1,1,1,1,1,Q2,0,2,1,1,Q2,0,2,1,1,1
https://openalex.org/W2949851405,10427163,Q2,,2,2,Q2,Q2,Q2,0,2,1,1,Q2,0,2,1,1,Q2,0,2,1,1,0
https://openalex.org/W2949877202,15237052,Q1,,1,1,Q1,Q1,Q1,1,1,1,1,Q1,1,1,1,1,Q1,1,1,1,1,1
https://openalex.org/W2949882107,00397911,Q3,,3,3,Q3,Q3,Q3,0,3,0,1,Q3,0,3,0,1,Q3,0,3,0,1,0
https://openalex.org/W2949882454,00404039,Q1,,2,2,Q2,Q2,Q1,1,1,1,1,Q2,0,2,1,1,Q2,0,2,1,1,1
https://openalex.org/W2949887271,00404039,Q1,,2,2,Q2,Q2,Q1,1,1,1,1,Q2,0,2,1,1,Q2,0,2,1,1,1
https://openalex.org/W2949895283,00304948,Q3,,3,3,Q3,Q3,Q3,0,3,0,1,Q3,0,3,0,1,Q3,0,3,0,1,0
https://openalex.org/W2949912637,15237052,Q1,,1,1,Q1,Q1,Q1,1,1,1,1,Q1,1,1,1,1,Q1,1,1,1,1,1
https://openalex.org/W2949931478,00404039,Q1,,2,2,Q2,Q2,Q1,1,1,1,1,Q2,0,2,1,1,Q2,0,2,1,1,1
https://openalex.org/W2949932910,00223263,Q1,,1,1,Q1,Q1,Q1,1,1,1,1,Q1,1,1,1,1,Q1,1,1,1,1,1
https://openalex.org/W2949939332,09574166,Q1,,1,1,Q1,Q1,Q1,1,1,1,1,Q1,1,1,1,1,Q1,1,1,1,1,1
https://openalex.org/W2949954604,15237052,Q1,,1,1,Q1,Q1,Q1,1,1,1,1,Q1,1,1,1,1,Q1,1,1,1,1,1
https://openalex.org/W2949964950,00404039,Q1,,2,2,Q2,Q2,Q1,1,1,1,1,Q2,0,2,1,1,Q2,0,2,1,1,1
https://openalex.org/W2949969565,15237052,Q1,,1,1,Q1,Q1,Q1,1,1,1,1,Q1,1,1,1,1,Q1,1,1,1,1,1
https://openalex.org/W2949979916,17475198,-,,3,3,Q3,Q3,Unranked,0,5,0,0,Q3,0,3,0,1,Q3,0,3,0,1,0
https://openalex.org/W2949981540,15237052,Q1,,1,1,Q1,Q1,Q1,1,1,1,1,Q1,1,1,1,1,Q1,1,1,1,1,1
https://openalex.org/W2949994858,07328303,Q3,,3,3,Q3,Q3,Q3,0,3,0,1,Q3,0,3,0,1,Q3,0,3,0,1,0
https://openalex.org/W2949999397,03855414,Q2,,3,3,Q3,Q3,Q2,0,2,1,1,Q3,0,3,0,1,Q3,0,3,0,1,0
https://openalex.org/W2949999730,17475198,-,,3,3,Q3,Q3,Unranked,0,5,0,0,Q3,0,3,0,1,Q3,0,3,0,1,0
https://openalex.org/W2950024566,00404039,Q1,,2,2,Q2,Q2,Q1,1,1,1,1,Q2,0,2,1,1,Q2,0,2,1,1,1
https://openalex.org/W2950037128,0022152X,Q3,,3,3,Q3,Q3,Q3,0,3,0,1,Q3,0,3,0,1,Q3,0,3,0,1,0
https://openalex.org/W2950048913,00404039,Q1,,2,2,Q2,Q2,Q1,1,1,1,1,Q2,0,2,1,1,Q2,0,2,1,1,1
https://openalex.org/W2950063934,0022328X,Q1,,2,2,Q2,Q2,Q1,1,1,1,1,Q2,0,2,1,1,Q2,0,2,1,1,1
https://openalex.org/W2950064465,10704280,Q4,,4,4,Q4,Q4,Q4,0,4,0,0,Q4,0,4,0,0,Q4,0,4,0,0,0
https://openalex.org/W2950065880,00223263,Q1,,1,1,Q1,Q1,Q1,1,1,1,1,Q1,1,1,1,1,Q1,1,1,1,1,1
https://openalex.org/W2950077980,15237052,Q1,,1,1,Q1,Q1,Q1,1,1,1,1,Q1,1,1,1,1,Q1,1,1,1,1,1
https://openalex.org/W2950089945,15237052,Q1,,1,1,Q1,Q1,Q1,1,1,1,1,Q1,1,1,1,1,Q1,1,1,1,1,1
https://openalex.org/W2950099867,00223263,Q1,,1,1,Q1,Q1,Q1,1,1,1,1,Q1,1,1,1,1,Q1,1,1,1,1,1
https://openalex.org/W2950106195,10665285,Q3,,3,3,Q3,Q3,Q3,0,3,0,1,Q3,0,3,0,1,Q3,0,3,0,1,0
https://openalex.org/W2950123730,00379980,Q3,,4,4,Q4,Q4,Q3,0,3,0,1,Q4,0,4,0,0,Q4,0,4,0,0,0
https://openalex.org/W2950144504,00404020,Q1,,1,1,Q1,Q1,Q1,1,1,1,1,Q1,1,1,1,1,Q1,1,1,1,1,1
https://openalex.org/W2950147650,02532964,Q2,,3,3,Q3,Q3,Q2,0,2,1,1,Q3,0,3,0,1,Q3,0,3,0,1,0
https://openalex.org/W2950152488,15237052,Q1,,1,1,Q1,Q1,Q1,1,1,1,1,Q1,1,1,1,1,Q1,1,1,1,1,1
https://openalex.org/W2950173863,00093122,Q4,,4,4,Q4,Q4,Q4,0,4,0,0,Q4,0,4,0,0,Q4,0,4,0,0,0
https://openalex.org/W2950186049,17475198,-,,3,3,Q3,Q3,Unranked,0,5,0,0,Q3,0,3,0,1,Q3,0,3,0,1,0
https://openalex.org/W2950223872,0960894X,Q2,,2,2,Q2,Q2,Q2,0,2,1,1,Q2,0,2,1,1,Q2,0,2,1,1,0
https://openalex.org/W2950226005,15237052,Q1,,1,1,Q1,Q1,Q1,1,1,1,1,Q1,1,1,1,1,Q1,1,1,1,1,1
https://openalex.org/W2950234384,00404039,Q1,,2,2,Q2,Q2,Q1,1,1,1,1,Q2,0,2,1,1,Q2,0,2,1,1,1
https://openalex.org/W2950245666,15237052,Q1,,1,1,Q1,Q1,Q1,1,1,1,1,Q1,1,1,1,1,Q1,1,1,1,1,1
https://openalex.org/W2950254443,15237052,Q1,,1,1,Q1,Q1,Q1,1,1,1,1,Q1,1,1,1,1,Q1,1,1,1,1,1
https://openalex.org/W2950255883,03855414,Q2,,3,3,Q3,Q3,Q2,0,2,1,1,Q3,0,3,0,1,Q3,0,3,0,1,0
https://openalex.org/W2950269733,10665285,Q3,,3,3,Q3,Q3,Q3,0,3,0,1,Q3,0,3,0,1,Q3,0,3,0,1,0
https://openalex.org/W2950284419,00404039,Q1,,2,2,Q2,Q2,Q1,1,1,1,1,Q2,0,2,1,1,Q2,0,2,1,1,1
https://openalex.org/W2950297835,10990690,Q1,,1,1,Q1,Q1,Q1,1,1,1,1,Q1,1,1,1,1,Q1,1,1,1,1,1
https://openalex.org/W2950307935,00404039,Q1,,2,2,Q2,Q2,Q1,1,1,1,1,Q2,0,2,1,1,Q2,0,2,1,1,1
https://openalex.org/W2950317514,15237052,Q1,,1,1,Q1,Q1,Q1,1,1,1,1,Q1,1,1,1,1,Q1,1,1,1,1,1
https://openalex.org/W2950317996,10665285,Q3,,3,3,Q3,Q3,Q3,0,3,0,1,Q3,0,3,0,1,Q3,0,3,0,1,0
https://openalex.org/W2950349969,15237052,Q1,,1,1,Q1,Q1,Q1,1,1,1,1,Q1,1,1,1,1,Q1,1,1,1,1,1
https://openalex.org/W2950350778,00223263,Q1,,1,1,Q1,Q1,Q1,1,1,1,1,Q1,1,1,1,1,Q1,1,1,1,1,1
https://openalex.org/W2950351324,15237052,Q1,,1,1,Q1,Q1,Q1,1,1,1,1,Q1,1,1,1,1,Q1,1,1,1,1,1
https://openalex.org/W2950351462,00404020,Q1,,1,1,Q1,Q1,Q1,1,1,1,1,Q1,1,1,1,1,Q1,1,1,1,1,1
https://openalex.org/W2950375325,12932558,Q2,,1,1,Q1,Q1,Q2,0,2,1,1,Q1,1,1,1,1,Q1,1,1,1,1,0
https://openalex.org/W2950378722,00397911,Q3,,3,3,Q3,Q3,Q3,0,3,0,1,Q3,0,3,0,1,Q3,0,3,0,1,0
https://openalex.org/W2950383380,00404020,Q1,,1,1,Q1,Q1,Q1,1,1,1,1,Q1,1,1,1,1,Q1,1,1,1,1,1
https://openalex.org/W2950393385,15237052,Q1,,1,1,Q1,Q1,Q1,1,1,1,1,Q1,1,1,1,1,Q1,1,1,1,1,1
https://openalex.org/W2950396341,03667022,Q2,,2,2,Q2,Q2,Q2,0,2,1,1,Q2,0,2,1,1,Q2,0,2,1,1,0
https://openalex.org/W2950397606,00014842,Q1,,1,1,Q1,Q1,Q1,1,1,1,1,Q1,1,1,1,1,Q1,1,1,1,1,1
https://openalex.org/W2950399984,15237052,Q1,,1,1,Q1,Q1,Q1,1,1,1,1,Q1,1,1,1,1,Q1,1,1,1,1,1
https://openalex.org/W2950401198,00404039,Q1,,2,2,Q2,Q2,Q1,1,1,1,1,Q2,0,2,1,1,Q2,0,2,1,1,1
https://openalex.org/W2950423642,03855414,Q2,,3,3,Q3,Q3,Q2,0,2,1,1,Q3,0,3,0,1,Q3,0,3,0,1,0
https://openalex.org/W2950425558,03855414,Q2,,3,3,Q3,Q3,Q2,0,2,1,1,Q3,0,3,0,1,Q3,0,3,0,1,0
https://openalex.org/W2950440080,00092673,Q1,,1,1,Q1,Q1,Q1,1,1,1,1,Q1,1,1,1,1,Q1,1,1,1,1,1
https://openalex.org/W2950449957,15204766,-,,5,5,Unranked,Unranked,Unranked,0,5,0,0,Unranked,0,5,0,0,Unranked,0,5,0,0,0
https://openalex.org/W2950449973,10665285,Q3,,3,3,Q3,Q3,Q3,0,3,0,1,Q3,0,3,0,1,Q3,0,3,0,1,0
https://openalex.org/W2950454064,03855414,Q2,,3,3,Q3,Q3,Q2,0,2,1,1,Q3,0,3,0,1,Q3,0,3,0,1,0
https://openalex.org/W2950464543,00404020,Q1,,1,1,Q1,Q1,Q1,1,1,1,1,Q1,1,1,1,1,Q1,1,1,1,1,1
https://openalex.org/W2950470326,00404020,Q1,,1,1,Q1,Q1,Q1,1,1,1,1,Q1,1,1,1,1,Q1,1,1,1,1,1
https://openalex.org/W2950475466,03855414,Q2,,3,3,Q3,Q3,Q2,0,2,1,1,Q3,0,3,0,1,Q3,0,3,0,1,0
https://openalex.org/W2950479394,00201685,Q3,,3,3,Q3,Q3,Q3,0,3,0,1,Q3,0,3,0,1,Q3,0,3,0,1,0
https://openalex.org/W2950484824,15237052,Q1,,1,1,Q1,Q1,Q1,1,1,1,1,Q1,1,1,1,1,Q1,1,1,1,1,1
https://openalex.org/W2950486483,10665285,Q3,,3,3,Q3,Q3,Q3,0,3,0,1,Q3,0,3,0,1,Q3,0,3,0,1,0
https://openalex.org/W2950502034,00404039,Q1,,2,2,Q2,Q2,Q1,1,1,1,1,Q2,0,2,1,1,Q2,0,2,1,1,1
https://openalex.org/W2950557930,15237052,Q1,,1,1,Q1,Q1,Q1,1,1,1,1,Q1,1,1,1,1,Q1,1,1,1,1,1
https://openalex.org/W2950566272,00404039,Q1,,2,2,Q2,Q2,Q1,1,1,1,1,Q2,0,2,1,1,Q2,0,2,1,1,1
https://openalex.org/W2950570307,00404020,Q1,,1,1,Q1,Q1,Q1,1,1,1,1,Q1,1,1,1,1,Q1,1,1,1,1,1
https://openalex.org/W2950580069,10427163,Q2,,2,2,Q2,Q2,Q2,0,2,1,1,Q2,0,2,1,1,Q2,0,2,1,1,0
https://openalex.org/W2950585415,00404020,Q1,,1,1,Q1,Q1,Q1,1,1,1,1,Q1,1,1,1,1,Q1,1,1,1,1,1
https://openalex.org/W2950586228,03855414,Q2,,3,3,Q3,Q3,Q2,0,2,1,1,Q3,0,3,0,1,Q3,0,3,0,1,0
https://openalex.org/W2950599872,10665285,Q3,,3,3,Q3,Q3,Q3,0,3,0,1,Q3,0,3,0,1,Q3,0,3,0,1,0
https://openalex.org/W2950600410,09574166,Q1,,1,1,Q1,Q1,Q1,1,1,1,1,Q1,1,1,1,1,Q1,1,1,1,1,1
https://openalex.org/W2950606392,10665285,Q3,,3,3,Q3,Q3,Q3,0,3,0,1,Q3,0,3,0,1,Q3,0,3,0,1,0
https://openalex.org/W2950615162,00404020,Q1,,1,1,Q1,Q1,Q1,1,1,1,1,Q1,1,1,1,1,Q1,1,1,1,1,1
https://openalex.org/W2950625325,15237052,Q1,,1,1,Q1,Q1,Q1,1,1,1,1,Q1,1,1,1,1,Q1,1,1,1,1,1
https://openalex.org/W2950629269,03855414,Q2,,3,3,Q3,Q3,Q2,0,2,1,1,Q3,0,3,0,1,Q3,0,3,0,1,0
https://openalex.org/W2950642997,15204766,-,,5,5,Unranked,Unranked,Unranked,0,5,0,0,Unranked,0,5,0,0,Unranked,0,5,0,0,0
https://openalex.org/W2950659460,02532964,Q2,,3,3,Q3,Q3,Q2,0,2,1,1,Q3,0,3,0,1,Q3,0,3,0,1,0
https://openalex.org/W2950666439,15237052,Q1,,1,1,Q1,Q1,Q1,1,1,1,1,Q1,1,1,1,1,Q1,1,1,1,1,1
https://openalex.org/W2950667334,00404020,Q1,,1,1,Q1,Q1,Q1,1,1,1,1,Q1,1,1,1,1,Q1,1,1,1,1,1
https://openalex.org/W2950670747,0960894X,Q2,,2,2,Q2,Q2,Q2,0,2,1,1,Q2,0,2,1,1,Q2,0,2,1,1,0
https://openalex.org/W2950689709,02767333,Q1,,1,1,Q1,Q1,Q1,1,1,1,1,Q1,1,1,1,1,Q1,1,1,1,1,1
https://openalex.org/W2950694919,00404039,Q1,,2,2,Q2,Q2,Q1,1,1,1,1,Q2,0,2,1,1,Q2,0,2,1,1,1
https://openalex.org/W2950705209,02532964,Q2,,3,3,Q3,Q3,Q2,0,2,1,1,Q3,0,3,0,1,Q3,0,3,0,1,0
https://openalex.org/W2950719551,0022152X,Q3,,3,3,Q3,Q3,Q3,0,3,0,1,Q3,0,3,0,1,Q3,0,3,0,1,0
https://openalex.org/W2950722644,10990690,Q1,,1,1,Q1,Q1,Q1,1,1,1,1,Q1,1,1,1,1,Q1,1,1,1,1,1
https://openalex.org/W2950724316,15237052,Q1,,1,1,Q1,Q1,Q1,1,1,1,1,Q1,1,1,1,1,Q1,1,1,1,1,1
https://openalex.org/W2950728141,03855414,Q2,,3,3,Q3,Q3,Q2,0,2,1,1,Q3,0,3,0,1,Q3,0,3,0,1,0
https://openalex.org/W2950756835,00223263,Q1,,1,1,Q1,Q1,Q1,1,1,1,1,Q1,1,1,1,1,Q1,1,1,1,1,1
https://openalex.org/W2950760389,0022152X,Q3,,3,3,Q3,Q3,Q3,0,3,0,1,Q3,0,3,0,1,Q3,0,3,0,1,0
https://openalex.org/W2950764471,00397911,Q3,,3,3,Q3,Q3,Q3,0,3,0,1,Q3,0,3,0,1,Q3,0,3,0,1,0
https://openalex.org/W2950767398,00027863,Q1,,1,1,Q1,Q1,Q1,1,1,1,1,Q1,1,1,1,1,Q1,1,1,1,1,1
https://openalex.org/W2950774461,00404039,Q1,,2,2,Q2,Q2,Q1,1,1,1,1,Q2,0,2,1,1,Q2,0,2,1,1,1
https://openalex.org/W2950779746,10665285,Q3,,3,3,Q3,Q3,Q3,0,3,0,1,Q3,0,3,0,1,Q3,0,3,0,1,0
https://openalex.org/W2950848100,03855414,Q2,,3,3,Q3,Q3,Q2,0,2,1,1,Q3,0,3,0,1,Q3,0,3,0,1,0
https://openalex.org/W2950851377,0022152X,Q3,,3,3,Q3,Q3,Q3,0,3,0,1,Q3,0,3,0,1,Q3,0,3,0,1,0
https://openalex.org/W2950871234,00404039,Q1,,2,2,Q2,Q2,Q1,1,1,1,1,Q2,0,2,1,1,Q2,0,2,1,1,1
https://openalex.org/W2950903108,02532964,Q2,,3,3,Q3,Q3,Q2,0,2,1,1,Q3,0,3,0,1,Q3,0,3,0,1,0
https://openalex.org/W2950906386,0022152X,Q3,,3,3,Q3,Q3,Q3,0,3,0,1,Q3,0,3,0,1,Q3,0,3,0,1,0
https://openalex.org/W2950915051,00093122,Q4,,4,4,Q4,Q4,Q4,0,4,0,0,Q4,0,4,0,0,Q4,0,4,0,0,0
https://openalex.org/W2950951715,00404020,Q1,,1,1,Q1,Q1,Q1,1,1,1,1,Q1,1,1,1,1,Q1,1,1,1,1,1
https://openalex.org/W2950959970,17475198,-,,3,3,Q3,Q3,Unranked,0,5,0,0,Q3,0,3,0,1,Q3,0,3,0,1,0
https://openalex.org/W2950973568,03855414,Q2,,3,3,Q3,Q3,Q2,0,2,1,1,Q3,0,3,0,1,Q3,0,3,0,1,0
https://openalex.org/W2950991570,03855414,Q2,,3,3,Q3,Q3,Q2,0,2,1,1,Q3,0,3,0,1,Q3,0,3,0,1,0
https://openalex.org/W2950995438,10704280,Q4,,4,4,Q4,Q4,Q4,0,4,0,0,Q4,0,4,0,0,Q4,0,4,0,0,0
https://openalex.org/W2951008957,15237052,Q1,,1,1,Q1,Q1,Q1,1,1,1,1,Q1,1,1,1,1,Q1,1,1,1,1,1
https://openalex.org/W2951020715,00092673,Q1,,1,1,Q1,Q1,Q1,1,1,1,1,Q1,1,1,1,1,Q1,1,1,1,1,1
https://openalex.org/W2951023532,00404039,Q1,,2,2,Q2,Q2,Q1,1,1,1,1,Q2,0,2,1,1,Q2,0,2,1,1,1
https://openalex.org/W2951023672,15237052,Q1,,1,1,Q1,Q1,Q1,1,1,1,1,Q1,1,1,1,1,Q1,1,1,1,1,1
https://openalex.org/W2951024569,00093122,Q4,,4,4,Q4,Q4,Q4,0,4,0,0,Q4,0,4,0,0,Q4,0,4,0,0,0
https://openalex.org/W2951035198,00095893,Q2,,2,2,Q2,Q2,Q2,0,2,1,1,Q2,0,2,1,1,Q2,0,2,1,1,0
https://openalex.org/W2951042007,00223263,Q1,,1,1,Q1,Q1,Q1,1,1,1,1,Q1,1,1,1,1,Q1,1,1,1,1,1
https://openalex.org/W2951060237,17475198,-,,3,3,Q3,Q3,Unranked,0,5,0,0,Q3,0,3,0,1,Q3,0,3,0,1,0
https://openalex.org/W2951067159,00404020,Q1,,1,1,Q1,Q1,Q1,1,1,1,1,Q1,1,1,1,1,Q1,1,1,1,1,1
https://openalex.org/W2951072705,02532964,Q2,,3,3,Q3,Q3,Q2,0,2,1,1,Q3,0,3,0,1,Q3,0,3,0,1,0
https://openalex.org/W2951076837,00223263,Q1,,1,1,Q1,Q1,Q1,1,1,1,1,Q1,1,1,1,1,Q1,1,1,1,1,1
https://openalex.org/W2951080980,10665285,Q3,,3,3,Q3,Q3,Q3,0,3,0,1,Q3,0,3,0,1,Q3,0,3,0,1,0
https://openalex.org/W2951107153,01633864,Q1,,1,1,Q1,Q1,Q1,1,1,1,1,Q1,1,1,1,1,Q1,1,1,1,1,1
https://openalex.org/W2951111695,00404039,Q1,,2,2,Q2,Q2,Q1,1,1,1,1,Q2,0,2,1,1,Q2,0,2,1,1,1
https://openalex.org/W2951119099,15237052,Q1,,1,1,Q1,Q1,Q1,1,1,1,1,Q1,1,1,1,1,Q1,1,1,1,1,1
https://openalex.org/W2951145992,10704280,Q4,,4,4,Q4,Q4,Q4,0,4,0,0,Q4,0,4,0,0,Q4,0,4,0,0,0
https://openalex.org/W2951152598,00404039,Q1,,2,2,Q2,Q2,Q1,1,1,1,1,Q2,0,2,1,1,Q2,0,2,1,1,1
https://openalex.org/W2951188140,00027863,Q1,,1,1,Q1,Q1,Q1,1,1,1,1,Q1,1,1,1,1,Q1,1,1,1,1,1
https://openalex.org/W2951193489,02767333,Q1,,1,1,Q1,Q1,Q1,1,1,1,1,Q1,1,1,1,1,Q1,1,1,1,1,1
https://openalex.org/W2951199726,15237052,Q1,,1,1,Q1,Q1,Q1,1,1,1,1,Q1,1,1,1,1,Q1,1,1,1,1,1
https://openalex.org/W2951205062,03855414,Q2,,3,3,Q3,Q3,Q2,0,2,1,1,Q3,0,3,0,1,Q3,0,3,0,1,0
https://openalex.org/W2951219686,15237052,Q1,,1,1,Q1,Q1,Q1,1,1,1,1,Q1,1,1,1,1,Q1,1,1,1,1,1
https://openalex.org/W2951234299,00796565,Q1,,1,1,Q1,Q1,Q1,1,1,1,1,Q1,1,1,1,1,Q1,1,1,1,1,1
https://openalex.org/W2951243259,00442313,Q3,,3,3,Q3,Q3,Q3,0,3,0,1,Q3,0,3,0,1,Q3,0,3,0,1,0
https://openalex.org/W2951252743,00404039,Q1,,2,2,Q2,Q2,Q1,1,1,1,1,Q2,0,2,1,1,Q2,0,2,1,1,1
https://openalex.org/W2951274100,0022152X,Q3,,3,3,Q3,Q3,Q3,0,3,0,1,Q3,0,3,0,1,Q3,0,3,0,1,0
https://openalex.org/W2951278020,00404020,Q1,,1,1,Q1,Q1,Q1,1,1,1,1,Q1,1,1,1,1,Q1,1,1,1,1,1
https://openalex.org/W2951284453,00084042,Q2,,2,2,Q2,Q2,Q2,0,2,1,1,Q2,0,2,1,1,Q2,0,2,1,1,0
https://openalex.org/W2951286861,15237052,Q1,,1,1,Q1,Q1,Q1,1,1,1,1,Q1,1,1,1,1,Q1,1,1,1,1,1
https://openalex.org/W2951287391,15237052,Q1,,1,1,Q1,Q1,Q1,1,1,1,1,Q1,1,1,1,1,Q1,1,1,1,1,1
https://openalex.org/W2951297885,0022152X,Q3,,3,3,Q3,Q3,Q3,0,3,0,1,Q3,0,3,0,1,Q3,0,3,0,1,0
https://openalex.org/W2951308250,03855414,Q2,,3,3,Q3,Q3,Q2,0,2,1,1,Q3,0,3,0,1,Q3,0,3,0,1,0
https://openalex.org/W2951311504,10704280,Q4,,4,4,Q4,Q4,Q4,0,4,0,0,Q4,0,4,0,0,Q4,0,4,0,0,0
https://openalex.org/W2951330238,0018019X,Q1,,2,2,Q2,Q2,Q1,1,1,1,1,Q2,0,2,1,1,Q2,0,2,1,1,1
https://openalex.org/W2951335343,0022152X,Q3,,3,3,Q3,Q3,Q3,0,3,0,1,Q3,0,3,0,1,Q3,0,3,0,1,0
https://openalex.org/W2951348264,00404039,Q1,,2,2,Q2,Q2,Q1,1,1,1,1,Q2,0,2,1,1,Q2,0,2,1,1,1
https://openalex.org/W2951362281,0960894X,Q2,,2,2,Q2,Q2,Q2,0,2,1,1,Q2,0,2,1,1,Q2,0,2,1,1,0
https://openalex.org/W2951387007,00442313,Q3,,3,3,Q3,Q3,Q3,0,3,0,1,Q3,0,3,0,1,Q3,0,3,0,1,0
https://openalex.org/W2951392365,03855414,Q2,,3,3,Q3,Q3,Q2,0,2,1,1,Q3,0,3,0,1,Q3,0,3,0,1,0
https://openalex.org/W2951411628,03855414,Q2,,3,3,Q3,Q3,Q2,0,2,1,1,Q3,0,3,0,1,Q3,0,3,0,1,0
https://openalex.org/W2951419244,03855414,Q2,,3,3,Q3,Q3,Q2,0,2,1,1,Q3,0,3,0,1,Q3,0,3,0,1,0
https://openalex.org/W2951430167,03667022,Q2,,2,2,Q2,Q2,Q2,0,2,1,1,Q2,0,2,1,1,Q2,0,2,1,1,0
https://openalex.org/W2951435901,00404039,Q1,,2,2,Q2,Q2,Q1,1,1,1,1,Q2,0,2,1,1,Q2,0,2,1,1,1
https://openalex.org/W2951450152,03667022,Q2,,2,2,Q2,Q2,Q2,0,2,1,1,Q2,0,2,1,1,Q2,0,2,1,1,0
https://openalex.org/W2951479121,00442313,Q3,,3,3,Q3,Q3,Q3,0,3,0,1,Q3,0,3,0,1,Q3,0,3,0,1,0
https://openalex.org/W2951480173,00084042,Q2,,2,2,Q2,Q2,Q2,0,2,1,1,Q2,0,2,1,1,Q2,0,2,1,1,0
https://openalex.org/W2951480279,00404039,Q1,,2,2,Q2,Q2,Q1,1,1,1,1,Q2,0,2,1,1,Q2,0,2,1,1,1
https://openalex.org/W2951496151,10665285,Q3,,3,3,Q3,Q3,Q3,0,3,0,1,Q3,0,3,0,1,Q3,0,3,0,1,0
https://openalex.org/W2951504334,15237052,Q1,,1,1,Q1,Q1,Q1,1,1,1,1,Q1,1,1,1,1,Q1,1,1,1,1,1
https://openalex.org/W2951505266,15237052,Q1,,1,1,Q1,Q1,Q1,1,1,1,1,Q1,1,1,1,1,Q1,1,1,1,1,1
https://openalex.org/W2951506289,00404020,Q1,,1,1,Q1,Q1,Q1,1,1,1,1,Q1,1,1,1,1,Q1,1,1,1,1,1
https://openalex.org/W2951513362,10703284,Q4,,3,3,Q3,Q3,Q4,0,4,0,0,Q3,0,3,0,1,Q3,0,3,0,1,0
https://openalex.org/W2951519204,00404039,Q1,,2,2,Q2,Q2,Q1,1,1,1,1,Q2,0,2,1,1,Q2,0,2,1,1,1
https://openalex.org/W2951531672,00397911,Q3,,3,3,Q3,Q3,Q3,0,3,0,1,Q3,0,3,0,1,Q3,0,3,0,1,0
https://openalex.org/W2951535263,17475198,-,,3,3,Q3,Q3,Unranked,0,5,0,0,Q3,0,3,0,1,Q3,0,3,0,1,0
https://openalex.org/W2951560554,15237052,Q1,,1,1,Q1,Q1,Q1,1,1,1,1,Q1,1,1,1,1,Q1,1,1,1,1,1
https://openalex.org/W2951579002,15237052,Q1,,1,1,Q1,Q1,Q1,1,1,1,1,Q1,1,1,1,1,Q1,1,1,1,1,1
https://openalex.org/W2951592210,00397911,Q3,,3,3,Q3,Q3,Q3,0,3,0,1,Q3,0,3,0,1,Q3,0,3,0,1,0
https://openalex.org/W2951593537,00379980,Q3,,4,4,Q4,Q4,Q3,0,3,0,1,Q4,0,4,0,0,Q4,0,4,0,0,0
https://openalex.org/W2951630219,00093122,Q4,,4,4,Q4,Q4,Q4,0,4,0,0,Q4,0,4,0,0,Q4,0,4,0,0,0
https://openalex.org/W2951641603,15237052,Q1,,1,1,Q1,Q1,Q1,1,1,1,1,Q1,1,1,1,1,Q1,1,1,1,1,1
https://openalex.org/W2951644288,0022152X,Q3,,3,3,Q3,Q3,Q3,0,3,0,1,Q3,0,3,0,1,Q3,0,3,0,1,0
https://openalex.org/W2951651161,15237052,Q1,,1,1,Q1,Q1,Q1,1,1,1,1,Q1,1,1,1,1,Q1,1,1,1,1,1
https://openalex.org/W2951659335,00223263,Q1,,1,1,Q1,Q1,Q1,1,1,1,1,Q1,1,1,1,1,Q1,1,1,1,1,1
https://openalex.org/W2951665232,15237052,Q1,,1,1,Q1,Q1,Q1,1,1,1,1,Q1,1,1,1,1,Q1,1,1,1,1,1
https://openalex.org/W2951669096,00404039,Q1,,2,2,Q2,Q2,Q1,1,1,1,1,Q2,0,2,1,1,Q2,0,2,1,1,1
https://openalex.org/W2951672034,10704280,Q4,,4,4,Q4,Q4,Q4,0,4,0,0,Q4,0,4,0,0,Q4,0,4,0,0,0
https://openalex.org/W2951678521,03855414,Q2,,3,3,Q3,Q3,Q2,0,2,1,1,Q3,0,3,0,1,Q3,0,3,0,1,0
https://openalex.org/W2951679505,00223263,Q1,,1,1,Q1,Q1,Q1,1,1,1,1,Q1,1,1,1,1,Q1,1,1,1,1,1
https://openalex.org/W2951683431,15237052,Q1,,1,1,Q1,Q1,Q1,1,1,1,1,Q1,1,1,1,1,Q1,1,1,1,1,1
https://openalex.org/W2951691542,0022152X,Q3,,3,3,Q3,Q3,Q3,0,3,0,1,Q3,0,3,0,1,Q3,0,3,0,1,0
https://openalex.org/W2951693397,00223263,Q1,,1,1,Q1,Q1,Q1,1,1,1,1,Q1,1,1,1,1,Q1,1,1,1,1,1
https://openalex.org/W2951700617,0960894X,Q2,,2,2,Q2,Q2,Q2,0,2,1,1,Q2,0,2,1,1,Q2,0,2,1,1,0
https://openalex.org/W2951704671,00404039,Q1,,2,2,Q2,Q2,Q1,1,1,1,1,Q2,0,2,1,1,Q2,0,2,1,1,1
https://openalex.org/W2951706847,00404039,Q1,,2,2,Q2,Q2,Q1,1,1,1,1,Q2,0,2,1,1,Q2,0,2,1,1,1
https://openalex.org/W2951708486,00404039,Q1,,2,2,Q2,Q2,Q1,1,1,1,1,Q2,0,2,1,1,Q2,0,2,1,1,1
https://openalex.org/W2951744582,10704280,Q4,,4,4,Q4,Q4,Q4,0,4,0,0,Q4,0,4,0,0,Q4,0,4,0,0,0
https://openalex.org/W2951761209,15237052,Q1,,1,1,Q1,Q1,Q1,1,1,1,1,Q1,1,1,1,1,Q1,1,1,1,1,1
https://openalex.org/W2951763970,00084042,Q2,,2,2,Q2,Q2,Q2,0,2,1,1,Q2,0,2,1,1,Q2,0,2,1,1,0
https://openalex.org/W2951766446,15237052,Q1,,1,1,Q1,Q1,Q1,1,1,1,1,Q1,1,1,1,1,Q1,1,1,1,1,1
https://openalex.org/W2951770928,00027863,Q1,,1,1,Q1,Q1,Q1,1,1,1,1,Q1,1,1,1,1,Q1,1,1,1,1,1
https://openalex.org/W2951777221,09280707,Q1,,2,2,Q2,Q2,Q1,1,1,1,1,Q2,0,2,1,1,Q2,0,2,1,1,1
https://openalex.org/W2951781522,15237052,Q1,,1,1,Q1,Q1,Q1,1,1,1,1,Q1,1,1,1,1,Q1,1,1,1,1,1
https://openalex.org/W2951783958,00223263,Q1,,1,1,Q1,Q1,Q1,1,1,1,1,Q1,1,1,1,1,Q1,1,1,1,1,1
https://openalex.org/W2951790290,03855414,Q2,,3,3,Q3,Q3,Q2,0,2,1,1,Q3,0,3,0,1,Q3,0,3,0,1,0
https://openalex.org/W2951806855,00404039,Q1,,2,2,Q2,Q2,Q1,1,1,1,1,Q2,0,2,1,1,Q2,0,2,1,1,1
https://openalex.org/W2951817590,00404039,Q1,,2,2,Q2,Q2,Q1,1,1,1,1,Q2,0,2,1,1,Q2,0,2,1,1,1
https://openalex.org/W2951823446,17475198,-,,3,3,Q3,Q3,Unranked,0,5,0,0,Q3,0,3,0,1,Q3,0,3,0,1,0
https://openalex.org/W2951839716,00404039,Q1,,2,2,Q2,Q2,Q1,1,1,1,1,Q2,0,2,1,1,Q2,0,2,1,1,1
https://openalex.org/W2951848203,02767333,Q1,,1,1,Q1,Q1,Q1,1,1,1,1,Q1,1,1,1,1,Q1,1,1,1,1,1
https://openalex.org/W2951887401,15237052,Q1,,1,1,Q1,Q1,Q1,1,1,1,1,Q1,1,1,1,1,Q1,1,1,1,1,1
https://openalex.org/W2951889998,15237052,Q1,,1,1,Q1,Q1,Q1,1,1,1,1,Q1,1,1,1,1,Q1,1,1,1,1,1
https://openalex.org/W2951893341,00027863,Q1,,1,1,Q1,Q1,Q1,1,1,1,1,Q1,1,1,1,1,Q1,1,1,1,1,1
https://openalex.org/W2951897970,00404039,Q1,,2,2,Q2,Q2,Q1,1,1,1,1,Q2,0,2,1,1,Q2,0,2,1,1,1
https://openalex.org/W2951899758,10665285,Q3,,3,3,Q3,Q3,Q3,0,3,0,1,Q3,0,3,0,1,Q3,0,3,0,1,0
https://openalex.org/W2951900137,10704280,Q4,,4,4,Q4,Q4,Q4,0,4,0,0,Q4,0,4,0,0,Q4,0,4,0,0,0
https://openalex.org/W2951904482,0022152X,Q3,,3,3,Q3,Q3,Q3,0,3,0,1,Q3,0,3,0,1,Q3,0,3,0,1,0
https://openalex.org/W2951909554,03855414,Q2,,3,3,Q3,Q3,Q2,0,2,1,1,Q3,0,3,0,1,Q3,0,3,0,1,0
https://openalex.org/W2951929843,03525139,Q3,,3,3,Q3,Q3,Q3,0,3,0,1,Q3,0,3,0,1,Q3,0,3,0,1,0
https://openalex.org/W2951934208,0960894X,Q2,,2,2,Q2,Q2,Q2,0,2,1,1,Q2,0,2,1,1,Q2,0,2,1,1,0
https://openalex.org/W2951937867,00404039,Q1,,2,2,Q2,Q2,Q1,1,1,1,1,Q2,0,2,1,1,Q2,0,2,1,1,1
https://openalex.org/W2951942070,00223263,Q1,,1,1,Q1,Q1,Q1,1,1,1,1,Q1,1,1,1,1,Q1,1,1,1,1,1
https://openalex.org/W2951974833,15237052,Q1,,1,1,Q1,Q1,Q1,1,1,1,1,Q1,1,1,1,1,Q1,1,1,1,1,1
https://openalex.org/W2951976775,15237052,Q1,,1,1,Q1,Q1,Q1,1,1,1,1,Q1,1,1,1,1,Q1,1,1,1,1,1
https://openalex.org/W2951987245,00442313,Q3,,3,3,Q3,Q3,Q3,0,3,0,1,Q3,0,3,0,1,Q3,0,3,0,1,0
https://openalex.org/W2952002071,00094293,Q2,,2,2,Q2,Q2,Q2,0,2,1,1,Q2,0,2,1,1,Q2,0,2,1,1,0
https://openalex.org/W2952005756,0022152X,Q3,,3,3,Q3,Q3,Q3,0,3,0,1,Q3,0,3,0,1,Q3,0,3,0,1,0
https://openalex.org/W2952010134,08974756,Q1,,1,1,Q1,Q1,Q1,1,1,1,1,Q1,1,1,1,1,Q1,1,1,1,1,1
https://openalex.org/W2952016602,17475198,-,,3,3,Q3,Q3,Unranked,0,5,0,0,Q3,0,3,0,1,Q3,0,3,0,1,0
https://openalex.org/W2952026161,17475198,-,,3,3,Q3,Q3,Unranked,0,5,0,0,Q3,0,3,0,1,Q3,0,3,0,1,0
https://openalex.org/W2952031539,00404039,Q1,,2,2,Q2,Q2,Q1,1,1,1,1,Q2,0,2,1,1,Q2,0,2,1,1,1
https://openalex.org/W2952034230,15237052,Q1,,1,1,Q1,Q1,Q1,1,1,1,1,Q1,1,1,1,1,Q1,1,1,1,1,1
https://openalex.org/W2952036025,00397911,Q3,,3,3,Q3,Q3,Q3,0,3,0,1,Q3,0,3,0,1,Q3,0,3,0,1,0
https://openalex.org/W2952043721,15237052,Q1,,1,1,Q1,Q1,Q1,1,1,1,1,Q1,1,1,1,1,Q1,1,1,1,1,1
https://openalex.org/W2952047425,10704280,Q4,,4,4,Q4,Q4,Q4,0,4,0,0,Q4,0,4,0,0,Q4,0,4,0,0,0
https://openalex.org/W2952048412,15237052,Q1,,1,1,Q1,Q1,Q1,1,1,1,1,Q1,1,1,1,1,Q1,1,1,1,1,1
https://openalex.org/W2952063821,10704280,Q4,,4,4,Q4,Q4,Q4,0,4,0,0,Q4,0,4,0,0,Q4,0,4,0,0,0
https://openalex.org/W2952071485,00404039,Q1,,2,2,Q2,Q2,Q1,1,1,1,1,Q2,0,2,1,1,Q2,0,2,1,1,1
https://openalex.org/W2952077985,00404039,Q1,,2,2,Q2,Q2,Q1,1,1,1,1,Q2,0,2,1,1,Q2,0,2,1,1,1
https://openalex.org/W2952078105,00397911,Q3,,3,3,Q3,Q3,Q3,0,3,0,1,Q3,0,3,0,1,Q3,0,3,0,1,0
https://openalex.org/W2952078586,00219568,Q1,,1,1,Q1,Q1,Q1,1,1,1,1,Q1,1,1,1,1,Q1,1,1,1,1,1
https://openalex.org/W2952080692,17475198,-,,3,3,Q3,Q3,Unranked,0,5,0,0,Q3,0,3,0,1,Q3,0,3,0,1,0
https://openalex.org/W2952103387,10836160,Q2,,1,1,Q1,Q1,Q2,0,2,1,1,Q1,1,1,1,1,Q1,1,1,1,1,0
https://openalex.org/W2952114963,10704280,Q4,,4,4,Q4,Q4,Q4,0,4,0,0,Q4,0,4,0,0,Q4,0,4,0,0,0
https://openalex.org/W2952143222,00223263,Q1,,1,1,Q1,Q1,Q1,1,1,1,1,Q1,1,1,1,1,Q1,1,1,1,1,1
https://openalex.org/W2952155619,03855414,Q2,,3,3,Q3,Q3,Q2,0,2,1,1,Q3,0,3,0,1,Q3,0,3,0,1,0
https://openalex.org/W2952157001,10704280,Q4,,4,4,Q4,Q4,Q4,0,4,0,0,Q4,0,4,0,0,Q4,0,4,0,0,0
https://openalex.org/W2952158353,10665285,Q3,,3,3,Q3,Q3,Q3,0,3,0,1,Q3,0,3,0,1,Q3,0,3,0,1,0
https://openalex.org/W2952165507,00223263,Q1,,1,1,Q1,Q1,Q1,1,1,1,1,Q1,1,1,1,1,Q1,1,1,1,1,1
https://openalex.org/W2952169882,00093122,Q4,,4,4,Q4,Q4,Q4,0,4,0,0,Q4,0,4,0,0,Q4,0,4,0,0,0
https://openalex.org/W2952175024,15237052,Q1,,1,1,Q1,Q1,Q1,1,1,1,1,Q1,1,1,1,1,Q1,1,1,1,1,1
https://openalex.org/W2952179358,00404020,Q1,,1,1,Q1,Q1,Q1,1,1,1,1,Q1,1,1,1,1,Q1,1,1,1,1,1
https://openalex.org/W2952182193,15237052,Q1,,1,1,Q1,Q1,Q1,1,1,1,1,Q1,1,1,1,1,Q1,1,1,1,1,1
https://openalex.org/W2952212055,03855414,Q2,,3,3,Q3,Q3,Q2,0,2,1,1,Q3,0,3,0,1,Q3,0,3,0,1,0
https://openalex.org/W2952214526,17475198,-,,3,3,Q3,Q3,Unranked,0,5,0,0,Q3,0,3,0,1,Q3,0,3,0,1,0
https://openalex.org/W2952224685,00404039,Q1,,2,2,Q2,Q2,Q1,1,1,1,1,Q2,0,2,1,1,Q2,0,2,1,1,1
https://openalex.org/W2952240894,00223263,Q1,,1,1,Q1,Q1,Q1,1,1,1,1,Q1,1,1,1,1,Q1,1,1,1,1,1
https://openalex.org/W2952246018,00014842,Q1,,1,1,Q1,Q1,Q1,1,1,1,1,Q1,1,1,1,1,Q1,1,1,1,1,1
https://openalex.org/W2952247769,0022152X,Q3,,3,3,Q3,Q3,Q3,0,3,0,1,Q3,0,3,0,1,Q3,0,3,0,1,0
https://openalex.org/W2952275670,00404039,Q1,,2,2,Q2,Q2,Q1,1,1,1,1,Q2,0,2,1,1,Q2,0,2,1,1,1
https://openalex.org/W2952278003,10665285,Q3,,3,3,Q3,Q3,Q3,0,3,0,1,Q3,0,3,0,1,Q3,0,3,0,1,0
https://openalex.org/W2952315774,00404039,Q1,,2,2,Q2,Q2,Q1,1,1,1,1,Q2,0,2,1,1,Q2,0,2,1,1,1
https://openalex.org/W2952317136,15237052,Q1,,1,1,Q1,Q1,Q1,1,1,1,1,Q1,1,1,1,1,Q1,1,1,1,1,1
https://openalex.org/W2952319636,10665285,Q3,,3,3,Q3,Q3,Q3,0,3,0,1,Q3,0,3,0,1,Q3,0,3,0,1,0
https://openalex.org/W2952328427,00404039,Q1,,2,2,Q2,Q2,Q1,1,1,1,1,Q2,0,2,1,1,Q2,0,2,1,1,1
https://openalex.org/W2952337282,09574166,Q1,,1,1,Q1,Q1,Q1,1,1,1,1,Q1,1,1,1,1,Q1,1,1,1,1,1
https://openalex.org/W2952337304,10665285,Q3,,3,3,Q3,Q3,Q3,0,3,0,1,Q3,0,3,0,1,Q3,0,3,0,1,0
https://openalex.org/W2952348525,00404039,Q1,,2,2,Q2,Q2,Q1,1,1,1,1,Q2,0,2,1,1,Q2,0,2,1,1,1
https://openalex.org/W2952360975,00404039,Q1,,2,2,Q2,Q2,Q1,1,1,1,1,Q2,0,2,1,1,Q2,0,2,1,1,1
https://openalex.org/W2952375599,08974756,Q1,,1,1,Q1,Q1,Q1,1,1,1,1,Q1,1,1,1,1,Q1,1,1,1,1,1
https://openalex.org/W2952407970,15237052,Q1,,1,1,Q1,Q1,Q1,1,1,1,1,Q1,1,1,1,1,Q1,1,1,1,1,1
https://openalex.org/W2952412693,00404039,Q1,,2,2,Q2,Q2,Q1,1,1,1,1,Q2,0,2,1,1,Q2,0,2,1,1,1
https://openalex.org/W2952422445,02532964,Q2,,3,3,Q3,Q3,Q2,0,2,1,1,Q3,0,3,0,1,Q3,0,3,0,1,0
https://openalex.org/W2952423496,03855414,Q2,,3,3,Q3,Q3,Q2,0,2,1,1,Q3,0,3,0,1,Q3,0,3,0,1,0
https://openalex.org/W2952425770,02532964,Q2,,3,3,Q3,Q3,Q2,0,2,1,1,Q3,0,3,0,1,Q3,0,3,0,1,0
https://openalex.org/W2952443548,17475198,-,,3,3,Q3,Q3,Unranked,0,5,0,0,Q3,0,3,0,1,Q3,0,3,0,1,0
https://openalex.org/W2952447927,15237052,Q1,,1,1,Q1,Q1,Q1,1,1,1,1,Q1,1,1,1,1,Q1,1,1,1,1,1
https://openalex.org/W2952451597,00404039,Q1,,2,2,Q2,Q2,Q1,1,1,1,1,Q2,0,2,1,1,Q2,0,2,1,1,1
https://openalex.org/W2952453916,00223263,Q1,,1,1,Q1,Q1,Q1,1,1,1,1,Q1,1,1,1,1,Q1,1,1,1,1,1
https://openalex.org/W2952454937,10665285,Q3,,3,3,Q3,Q3,Q3,0,3,0,1,Q3,0,3,0,1,Q3,0,3,0,1,0
https://openalex.org/W2952463210,00404020,Q1,,1,1,Q1,Q1,Q1,1,1,1,1,Q1,1,1,1,1,Q1,1,1,1,1,1
https://openalex.org/W2952470121,0960894X,Q2,,2,2,Q2,Q2,Q2,0,2,1,1,Q2,0,2,1,1,Q2,0,2,1,1,0
https://openalex.org/W2952474527,00404020,Q1,,1,1,Q1,Q1,Q1,1,1,1,1,Q1,1,1,1,1,Q1,1,1,1,1,1
https://openalex.org/W2952487759,17475198,-,,3,3,Q3,Q3,Unranked,0,5,0,0,Q3,0,3,0,1,Q3,0,3,0,1,0
https://openalex.org/W2952492703,15237052,Q1,,1,1,Q1,Q1,Q1,1,1,1,1,Q1,1,1,1,1,Q1,1,1,1,1,1
https://openalex.org/W2952493967,15237052,Q1,,1,1,Q1,Q1,Q1,1,1,1,1,Q1,1,1,1,1,Q1,1,1,1,1,1
https://openalex.org/W2952496462,0022152X,Q3,,3,3,Q3,Q3,Q3,0,3,0,1,Q3,0,3,0,1,Q3,0,3,0,1,0
https://openalex.org/W2952508858,00223263,Q1,,1,1,Q1,Q1,Q1,1,1,1,1,Q1,1,1,1,1,Q1,1,1,1,1,1
https://openalex.org/W2952563217,17475198,-,,3,3,Q3,Q3,Unranked,0,5,0,0,Q3,0,3,0,1,Q3,0,3,0,1,0
https://openalex.org/W2952586356,00404039,Q1,,2,2,Q2,Q2,Q1,1,1,1,1,Q2,0,2,1,1,Q2,0,2,1,1,1
https://openalex.org/W2952616770,00404039,Q1,,2,2,Q2,Q2,Q1,1,1,1,1,Q2,0,2,1,1,Q2,0,2,1,1,1
https://openalex.org/W2952623873,15237052,Q1,,1,1,Q1,Q1,Q1,1,1,1,1,Q1,1,1,1,1,Q1,1,1,1,1,1
https://openalex.org/W2952630117,00223263,Q1,,1,1,Q1,Q1,Q1,1,1,1,1,Q1,1,1,1,1,Q1,1,1,1,1,1
https://openalex.org/W2952632951,0022152X,Q3,,3,3,Q3,Q3,Q3,0,3,0,1,Q3,0,3,0,1,Q3,0,3,0,1,0
https://openalex.org/W2952633758,03855414,Q2,,3,3,Q3,Q3,Q2,0,2,1,1,Q3,0,3,0,1,Q3,0,3,0,1,0
https://openalex.org/W2952644279,00093122,Q4,,4,4,Q4,Q4,Q4,0,4,0,0,Q4,0,4,0,0,Q4,0,4,0,0,0
https://openalex.org/W2952649884,02532964,Q2,,3,3,Q3,Q3,Q2,0,2,1,1,Q3,0,3,0,1,Q3,0,3,0,1,0
https://openalex.org/W2952672737,00404020,Q1,,1,1,Q1,Q1,Q1,1,1,1,1,Q1,1,1,1,1,Q1,1,1,1,1,1
https://openalex.org/W2952683509,00404039,Q1,,2,2,Q2,Q2,Q1,1,1,1,1,Q2,0,2,1,1,Q2,0,2,1,1,1
https://openalex.org/W2952690151,00404039,Q1,,2,2,Q2,Q2,Q1,1,1,1,1,Q2,0,2,1,1,Q2,0,2,1,1,1
https://openalex.org/W2952695128,00404020,Q1,,1,1,Q1,Q1,Q1,1,1,1,1,Q1,1,1,1,1,Q1,1,1,1,1,1
https://openalex.org/W2952701587,15237052,Q1,,1,1,Q1,Q1,Q1,1,1,1,1,Q1,1,1,1,1,Q1,1,1,1,1,1
https://openalex.org/W2952704656,0960894X,Q2,,2,2,Q2,Q2,Q2,0,2,1,1,Q2,0,2,1,1,Q2,0,2,1,1,0
https://openalex.org/W2952707610,00404039,Q1,,2,2,Q2,Q2,Q1,1,1,1,1,Q2,0,2,1,1,Q2,0,2,1,1,1
https://openalex.org/W2952707764,15237052,Q1,,1,1,Q1,Q1,Q1,1,1,1,1,Q1,1,1,1,1,Q1,1,1,1,1,1
https://openalex.org/W2952708642,00223263,Q1,,1,1,Q1,Q1,Q1,1,1,1,1,Q1,1,1,1,1,Q1,1,1,1,1,1
https://openalex.org/W2952710101,00404039,Q1,,2,2,Q2,Q2,Q1,1,1,1,1,Q2,0,2,1,1,Q2,0,2,1,1,1
https://openalex.org/W2952721107,10665285,Q3,,3,3,Q3,Q3,Q3,0,3,0,1,Q3,0,3,0,1,Q3,0,3,0,1,0
https://openalex.org/W2952731599,15237052,Q1,,1,1,Q1,Q1,Q1,1,1,1,1,Q1,1,1,1,1,Q1,1,1,1,1,1
https://openalex.org/W2952752939,00223263,Q1,,1,1,Q1,Q1,Q1,1,1,1,1,Q1,1,1,1,1,Q1,1,1,1,1,1
https://openalex.org/W2952755830,00404020,Q1,,1,1,Q1,Q1,Q1,1,1,1,1,Q1,1,1,1,1,Q1,1,1,1,1,1
https://openalex.org/W2952764963,15237052,Q1,,1,1,Q1,Q1,Q1,1,1,1,1,Q1,1,1,1,1,Q1,1,1,1,1,1
https://openalex.org/W2952775595,00223263,Q1,,1,1,Q1,Q1,Q1,1,1,1,1,Q1,1,1,1,1,Q1,1,1,1,1,1
https://openalex.org/W2952789574,15237052,Q1,,1,1,Q1,Q1,Q1,1,1,1,1,Q1,1,1,1,1,Q1,1,1,1,1,1
https://openalex.org/W2952811889,10704280,Q4,,4,4,Q4,Q4,Q4,0,4,0,0,Q4,0,4,0,0,Q4,0,4,0,0,0
https://openalex.org/W2952835735,15237052,Q1,,1,1,Q1,Q1,Q1,1,1,1,1,Q1,1,1,1,1,Q1,1,1,1,1,1
https://openalex.org/W2952849523,00404039,Q1,,2,2,Q2,Q2,Q1,1,1,1,1,Q2,0,2,1,1,Q2,0,2,1,1,1
https://openalex.org/W2952865683,10665285,Q3,,3,3,Q3,Q3,Q3,0,3,0,1,Q3,0,3,0,1,Q3,0,3,0,1,0
https://openalex.org/W2952868870,00442313,Q3,,3,3,Q3,Q3,Q3,0,3,0,1,Q3,0,3,0,1,Q3,0,3,0,1,0
https://openalex.org/W2952870154,03855414,Q2,,3,3,Q3,Q3,Q2,0,2,1,1,Q3,0,3,0,1,Q3,0,3,0,1,0
https://openalex.org/W2952875328,00404039,Q1,,2,2,Q2,Q2,Q1,1,1,1,1,Q2,0,2,1,1,Q2,0,2,1,1,1
https://openalex.org/W2952881025,03855414,Q2,,3,3,Q3,Q3,Q2,0,2,1,1,Q3,0,3,0,1,Q3,0,3,0,1,0
https://openalex.org/W2952898314,03855414,Q2,,3,3,Q3,Q3,Q2,0,2,1,1,Q3,0,3,0,1,Q3,0,3,0,1,0
https://openalex.org/W2952899578,03855414,Q2,,3,3,Q3,Q3,Q2,0,2,1,1,Q3,0,3,0,1,Q3,0,3,0,1,0
https://openalex.org/W2952907033,03855414,Q2,,3,3,Q3,Q3,Q2,0,2,1,1,Q3,0,3,0,1,Q3,0,3,0,1,0
https://openalex.org/W2952917526,15237052,Q1,,1,1,Q1,Q1,Q1,1,1,1,1,Q1,1,1,1,1,Q1,1,1,1,1,1
https://openalex.org/W2952917698,00223263,Q1,,1,1,Q1,Q1,Q1,1,1,1,1,Q1,1,1,1,1,Q1,1,1,1,1,1
https://openalex.org/W2952917738,03855414,Q2,,3,3,Q3,Q3,Q2,0,2,1,1,Q3,0,3,0,1,Q3,0,3,0,1,0
https://openalex.org/W2952928753,03855414,Q2,,3,3,Q3,Q3,Q2,0,2,1,1,Q3,0,3,0,1,Q3,0,3,0,1,0
https://openalex.org/W2952933878,17475198,-,,3,3,Q3,Q3,Unranked,0,5,0,0,Q3,0,3,0,1,Q3,0,3,0,1,0
https://openalex.org/W2952943385,00093122,Q4,,4,4,Q4,Q4,Q4,0,4,0,0,Q4,0,4,0,0,Q4,0,4,0,0,0
https://openalex.org/W2952949980,00404039,Q1,,2,2,Q2,Q2,Q1,1,1,1,1,Q2,0,2,1,1,Q2,0,2,1,1,1
https://openalex.org/W2952956078,15237052,Q1,,1,1,Q1,Q1,Q1,1,1,1,1,Q1,1,1,1,1,Q1,1,1,1,1,1
https://openalex.org/W2952960574,02532964,Q2,,3,3,Q3,Q3,Q2,0,2,1,1,Q3,0,3,0,1,Q3,0,3,0,1,0
https://openalex.org/W2952963399,00223263,Q1,,1,1,Q1,Q1,Q1,1,1,1,1,Q1,1,1,1,1,Q1,1,1,1,1,1
https://openalex.org/W2952970880,17475198,-,,3,3,Q3,Q3,Unranked,0,5,0,0,Q3,0,3,0,1,Q3,0,3,0,1,0
https://openalex.org/W2952972801,0022152X,Q3,,3,3,Q3,Q3,Q3,0,3,0,1,Q3,0,3,0,1,Q3,0,3,0,1,0
https://openalex.org/W2952988599,10704280,Q4,,4,4,Q4,Q4,Q4,0,4,0,0,Q4,0,4,0,0,Q4,0,4,0,0,0
https://openalex.org/W2952989566,00092673,Q1,,1,1,Q1,Q1,Q1,1,1,1,1,Q1,1,1,1,1,Q1,1,1,1,1,1
https://openalex.org/W2952996511,08974756,Q1,,1,1,Q1,Q1,Q1,1,1,1,1,Q1,1,1,1,1,Q1,1,1,1,1,1
https://openalex.org/W2953001485,10665285,Q3,,3,3,Q3,Q3,Q3,0,3,0,1,Q3,0,3,0,1,Q3,0,3,0,1,0
https://openalex.org/W2953006805,17475198,-,,3,3,Q3,Q3,Unranked,0,5,0,0,Q3,0,3,0,1,Q3,0,3,0,1,0
https://openalex.org/W2953010304,15237052,Q1,,1,1,Q1,Q1,Q1,1,1,1,1,Q1,1,1,1,1,Q1,1,1,1,1,1
https://openalex.org/W2953030988,00404020,Q1,,1,1,Q1,Q1,Q1,1,1,1,1,Q1,1,1,1,1,Q1,1,1,1,1,1
https://openalex.org/W2953051210,0960894X,Q2,,2,2,Q2,Q2,Q2,0,2,1,1,Q2,0,2,1,1,Q2,0,2,1,1,0
https://openalex.org/W2953057820,15237052,Q1,,1,1,Q1,Q1,Q1,1,1,1,1,Q1,1,1,1,1,Q1,1,1,1,1,1
https://openalex.org/W2953061815,15237052,Q1,,1,1,Q1,Q1,Q1,1,1,1,1,Q1,1,1,1,1,Q1,1,1,1,1,1
https://openalex.org/W2953068815,15204766,-,,5,5,Unranked,Unranked,Unranked,0,5,0,0,Unranked,0,5,0,0,Unranked,0,5,0,0,0
https://openalex.org/W2953070028,15237052,Q1,,1,1,Q1,Q1,Q1,1,1,1,1,Q1,1,1,1,1,Q1,1,1,1,1,1
https://openalex.org/W2953074669,10665285,Q3,,3,3,Q3,Q3,Q3,0,3,0,1,Q3,0,3,0,1,Q3,0,3,0,1,0
https://openalex.org/W2953075970,14341948,Q1,,1,1,Q1,Q1,Q1,1,1,1,1,Q1,1,1,1,1,Q1,1,1,1,1,1
https://openalex.org/W2953102849,00404039,Q1,,2,2,Q2,Q2,Q1,1,1,1,1,Q2,0,2,1,1,Q2,0,2,1,1,1
https://openalex.org/W2953107231,00404020,Q1,,1,1,Q1,Q1,Q1,1,1,1,1,Q1,1,1,1,1,Q1,1,1,1,1,1
https://openalex.org/W2953110955,00404039,Q1,,2,2,Q2,Q2,Q1,1,1,1,1,Q2,0,2,1,1,Q2,0,2,1,1,1
https://openalex.org/W2953120317,00027863,Q1,,1,1,Q1,Q1,Q1,1,1,1,1,Q1,1,1,1,1,Q1,1,1,1,1,1
https://openalex.org/W2953124865,00014842,Q1,,1,1,Q1,Q1,Q1,1,1,1,1,Q1,1,1,1,1,Q1,1,1,1,1,1
https://openalex.org/W2953197527,00404039,Q1,,2,2,Q2,Q2,Q1,1,1,1,1,Q2,0,2,1,1,Q2,0,2,1,1,1
https://openalex.org/W2953199585,15237052,Q1,,1,1,Q1,Q1,Q1,1,1,1,1,Q1,1,1,1,1,Q1,1,1,1,1,1
https://openalex.org/W2953201089,15237052,Q1,,1,1,Q1,Q1,Q1,1,1,1,1,Q1,1,1,1,1,Q1,1,1,1,1,1
https://openalex.org/W2953208539,09680896,Q2,,1,1,Q1,Q1,Q2,0,2,1,1,Q1,1,1,1,1,Q1,1,1,1,1,0
https://openalex.org/W2953229512,03855414,Q2,,3,3,Q3,Q3,Q2,0,2,1,1,Q3,0,3,0,1,Q3,0,3,0,1,0
https://openalex.org/W2953281501,00219568,Q1,,1,1,Q1,Q1,Q1,1,1,1,1,Q1,1,1,1,1,Q1,1,1,1,1,1
https://openalex.org/W2953285861,15237052,Q1,,1,1,Q1,Q1,Q1,1,1,1,1,Q1,1,1,1,1,Q1,1,1,1,1,1
https://openalex.org/W2953314674,00404039,Q1,,2,2,Q2,Q2,Q1,1,1,1,1,Q2,0,2,1,1,Q2,0,2,1,1,1
https://openalex.org/W2953357313,10665285,Q3,,3,3,Q3,Q3,Q3,0,3,0,1,Q3,0,3,0,1,Q3,0,3,0,1,0
https://openalex.org/W2953362237,17475198,-,,3,3,Q3,Q3,Unranked,0,5,0,0,Q3,0,3,0,1,Q3,0,3,0,1,0
https://openalex.org/W2953365226,17475198,-,,3,3,Q3,Q3,Unranked,0,5,0,0,Q3,0,3,0,1,Q3,0,3,0,1,0
https://openalex.org/W2997961472,17475198,-,,3,3,Q3,Q3,Unranked,0,5,0,0,Q3,0,3,0,1,Q3,0,3,0,1,0
https://openalex.org/W3022318010,00219673,Q1,,1,1,Q1,Q1,Q1,1,1,1,1,Q1,1,1,1,1,Q1,1,1,1,1,1
https://openalex.org/W3022454783,15237052,Q1,,1,1,Q1,Q1,Q1,1,1,1,1,Q1,1,1,1,1,Q1,1,1,1,1,1
https://openalex.org/W3023328813,00032670,Q1,,1,1,Q1,Q1,Q1,1,1,1,1,Q1,1,1,1,1,Q1,1,1,1,1,1
https://openalex.org/W3099357596,00219606,Q1,,1,1,Q1,Q1,Q1,1,1,1,1,Q1,1,1,1,1,Q1,1,1,1,1,1
https://openalex.org/W3102068973,14761122,Q1,,1,1,Q1,Q1,Q1,1,1,1,1,Q1,1,1,1,1,Q1,1,1,1,1,1
https://openalex.org/W3128835660,0010938X,Q1,,1,1,Q1,Q1,Q1,1,1,1,1,Q1,1,1,1,1,Q1,1,1,1,1,1
https://openalex.org/W3167234635,17475198,-,,3,3,Q3,Q3,Unranked,0,5,0,0,Q3,0,3,0,1,Q3,0,3,0,1,0
https://openalex.org/W3200426635,1011372X,Q1,,1,1,Q1,Q1,Q1,1,1,1,1,Q1,1,1,1,1,Q1,1,1,1,1,1
https://openalex.org/W324082061,02532964,Q2,,3,3,Q3,Q3,Q2,0,2,1,1,Q3,0,3,0,1,Q3,0,3,0,1,0
https://openalex.org/W348301749,16005368,Q3,,3,3,Q3,Q3,Q3,0,3,0,1,Q3,0,3,0,1,Q3,0,3,0,1,0
https://openalex.org/W4229582067,01694332,-,,5,5,Unranked,Unranked,Unranked,0,5,0,0,Unranked,0,5,0,0,Unranked,0,5,0,0,0
https://openalex.org/W4231330570,00220248,Q1,,2,2,Q2,Q2,Q1,1,1,1,1,Q2,0,2,1,1,Q2,0,2,1,1,1
https://openalex.org/W4231568796,13886150,Q3,,3,3,Q3,Q3,Q3,0,3,0,1,Q3,0,3,0,1,Q3,0,3,0,1,0
https://openalex.org/W4231939061,10765174,Q1,,1,1,Q1,Q1,Q1,1,1,1,1,Q1,1,1,1,1,Q1,1,1,1,1,1
https://openalex.org/W4232360433,00219568,Q1,,1,1,Q1,Q1,Q1,1,1,1,1,Q1,1,1,1,1,Q1,1,1,1,1,1
https://openalex.org/W4232664667,03783812,Q2,,2,2,Q2,Q2,Q2,0,2,1,1,Q2,0,2,1,1,Q2,0,2,1,1,0
https://openalex.org/W4233987529,00404020,Q1,,1,1,Q1,Q1,Q1,1,1,1,1,Q1,1,1,1,1,Q1,1,1,1,1,1
https://openalex.org/W4234243625,15421406,Q2,,3,3,Q3,Q3,Q2,0,2,1,1,Q3,0,3,0,1,Q3,0,3,0,1,0
https://openalex.org/W4234792920,00318655,Q2,,2,2,Q2,Q2,Q2,0,2,1,1,Q2,0,2,1,1,Q2,0,2,1,1,0
https://openalex.org/W4235374700,09307516,Q2,,2,2,Q2,Q2,Q2,0,2,1,1,Q2,0,2,1,1,Q2,0,2,1,1,0
https://openalex.org/W4236420671,00318655,Q2,,2,2,Q2,Q2,Q2,0,2,1,1,Q2,0,2,1,1,Q2,0,2,1,1,0
https://openalex.org/W4236761794,13861425,Q2,,2,2,Q2,Q2,Q2,0,2,1,1,Q2,0,2,1,1,Q2,0,2,1,1,0
https://openalex.org/W4237016392,03612317,Q2,,2,2,Q2,Q2,Q2,0,2,1,1,Q2,0,2,1,1,Q2,0,2,1,1,0
https://openalex.org/W4237036851,00014842,Q1,,1,1,Q1,Q1,Q1,1,1,1,1,Q1,1,1,1,1,Q1,1,1,1,1,1
https://openalex.org/W4237191732,01672738,Q1,,1,1,Q1,Q1,Q1,1,1,1,1,Q1,1,1,1,1,Q1,1,1,1,1,1
https://openalex.org/W4237957815,00404020,Q1,,1,1,Q1,Q1,Q1,1,1,1,1,Q1,1,1,1,1,Q1,1,1,1,1,1
https://openalex.org/W4238313320,00027863,Q1,,1,1,Q1,Q1,Q1,1,1,1,1,Q1,1,1,1,1,Q1,1,1,1,1,1
https://openalex.org/W4238522844,00219568,Q1,,1,1,Q1,Q1,Q1,1,1,1,1,Q1,1,1,1,1,Q1,1,1,1,1,1
https://openalex.org/W4239524121,13886150,Q3,,3,3,Q3,Q3,Q3,0,3,0,1,Q3,0,3,0,1,Q3,0,3,0,1,0
https://openalex.org/W4239534840,07317085,Q2,,1,1,Q1,Q1,Q2,0,2,1,1,Q1,1,1,1,1,Q1,1,1,1,1,0
https://openalex.org/W4239547471,13886150,Q3,,3,3,Q3,Q3,Q3,0,3,0,1,Q3,0,3,0,1,Q3,0,3,0,1,0
https://openalex.org/W4240588520,10601325,Q2,,2,2,Q2,Q2,Q2,0,2,1,1,Q2,0,2,1,1,Q2,0,2,1,1,0
https://openalex.org/W4241034124,00334545,Q2,,1,1,Q1,Q1,Q2,0,2,1,1,Q1,1,1,1,1,Q1,1,1,1,1,0
https://openalex.org/W4241211280,18625282,Q3,,3,3,Q3,Q3,Q3,0,3,0,1,Q3,0,3,0,1,Q3,0,3,0,1,0
https://openalex.org/W4241306900,0960894X,Q2,,2,2,Q2,Q2,Q2,0,2,1,1,Q2,0,2,1,1,Q2,0,2,1,1,0
https://openalex.org/W4241323287,01429418,Q2,,2,2,Q2,Q2,Q2,0,2,1,1,Q2,0,2,1,1,Q2,0,2,1,1,0
https://openalex.org/W4241581967,08885885,Q1,,1,1,Q1,Q1,Q1,1,1,1,1,Q1,1,1,1,1,Q1,1,1,1,1,1
https://openalex.org/W4241953328,15237052,Q1,,1,1,Q1,Q1,Q1,1,1,1,1,Q1,1,1,1,1,Q1,1,1,1,1,1
https://openalex.org/W4242335449,07317085,Q2,,1,1,Q1,Q1,Q2,0,2,1,1,Q1,1,1,1,1,Q1,1,1,1,1,0
https://openalex.org/W4246351486,01694332,-,,5,5,Unranked,Unranked,Unranked,0,5,0,0,Unranked,0,5,0,0,Unranked,0,5,0,0,0
https://openalex.org/W4247130546,00219673,Q1,,1,1,Q1,Q1,Q1,1,1,1,1,Q1,1,1,1,1,Q1,1,1,1,1,1
https://openalex.org/W4247368324,00093122,Q4,,4,4,Q4,Q4,Q4,0,4,0,0,Q4,0,4,0,0,Q4,0,4,0,0,0
https://openalex.org/W4247595965,00093122,Q4,,4,4,Q4,Q4,Q4,0,4,0,0,Q4,0,4,0,0,Q4,0,4,0,0,0
https://openalex.org/W4247904158,00201685,Q3,,3,3,Q3,Q3,Q3,0,3,0,1,Q3,0,3,0,1,Q3,0,3,0,1,0
https://openalex.org/W4248284241,00323861,Q1,,1,1,Q1,Q1,Q1,1,1,1,1,Q1,1,1,1,1,Q1,1,1,1,1,1
https://openalex.org/W4248368242,13886150,Q3,,3,3,Q3,Q3,Q3,0,3,0,1,Q3,0,3,0,1,Q3,0,3,0,1,0
https://openalex.org/W4249294056,00027863,Q1,,1,1,Q1,Q1,Q1,1,1,1,1,Q1,1,1,1,1,Q1,1,1,1,1,1
https://openalex.org/W4249688306,00032670,Q1,,1,1,Q1,Q1,Q1,1,1,1,1,Q1,1,1,1,1,Q1,1,1,1,1,1
https://openalex.org/W4250565815,16182642,Q2,,1,1,Q1,Q1,Q2,0,2,1,1,Q1,1,1,1,1,Q1,1,1,1,1,0
https://openalex.org/W4251224939,02365731,Q3,,3,3,Q3,Q3,Q3,0,3,0,1,Q3,0,3,0,1,Q3,0,3,0,1,0
https://openalex.org/W4251379299,00221139,Q2,,2,2,Q2,Q2,Q2,0,2,1,1,Q2,0,2,1,1,Q2,0,2,1,1,0
https://openalex.org/W4251688376,00406031,Q3,,2,2,Q2,Q2,Q3,0,3,0,1,Q2,0,2,1,1,Q2,0,2,1,1,0
https://openalex.org/W4252425781,00397911,Q3,,3,3,Q3,Q3,Q3,0,3,0,1,Q3,0,3,0,1,Q3,0,3,0,1,0
https://openalex.org/W4252648658,00093122,Q4,,4,4,Q4,Q4,Q4,0,4,0,0,Q4,0,4,0,0,Q4,0,4,0,0,0
https://openalex.org/W4253051313,00219673,Q1,,1,1,Q1,Q1,Q1,1,1,1,1,Q1,1,1,1,1,Q1,1,1,1,1,1
https://openalex.org/W4253332891,14337851,Q1,,1,1,Q1,Q1,Q1,1,1,1,1,Q1,1,1,1,1,Q1,1,1,1,1,1
https://openalex.org/W4253458612,00027863,Q1,,1,1,Q1,Q1,Q1,1,1,1,1,Q1,1,1,1,1,Q1,1,1,1,1,1
https://openalex.org/W4253480921,16113683,Q3,,3,3,Q3,Q3,Q3,0,3,0,1,Q3,0,3,0,1,Q3,0,3,0,1,0
https://openalex.org/W4253557428,00318655,Q2,,2,2,Q2,Q2,Q2,0,2,1,1,Q2,0,2,1,1,Q2,0,2,1,1,0
https://openalex.org/W4253795430,13861425,Q2,,2,2,Q2,Q2,Q2,0,2,1,1,Q2,0,2,1,1,Q2,0,2,1,1,0
https://openalex.org/W4254339653,10400397,Q2,,2,2,Q2,Q2,Q2,0,2,1,1,Q2,0,2,1,1,Q2,0,2,1,1,0
https://openalex.org/W4254600914,02365731,Q3,,3,3,Q3,Q3,Q3,0,3,0,1,Q3,0,3,0,1,Q3,0,3,0,1,0
https://openalex.org/W4254639971,00406031,Q3,,2,2,Q2,Q2,Q3,0,3,0,1,Q2,0,2,1,1,Q2,0,2,1,1,0
https://openalex.org/W4255858508,00032654,Q1,,1,1,Q1,Q1,Q1,1,1,1,1,Q1,1,1,1,1,Q1,1,1,1,1,1
https://openalex.org/W4256376975,00219568,Q1,,1,1,Q1,Q1,Q1,1,1,1,1,Q1,1,1,1,1,Q1,1,1,1,1,1
https://openalex.org/W4256550962,03855414,Q2,,3,3,Q3,Q3,Q2,0,2,1,1,Q3,0,3,0,1,Q3,0,3,0,1,0
https://openalex.org/W4297632354,02536269,Q3,,3,3,Q3,Q3,Q3,0,3,0,1,Q3,0,3,0,1,Q3,0,3,0,1,0
https://openalex.org/W4297816610,09253467,-,,5,5,Unranked,Unranked,Unranked,0,5,0,0,Unranked,0,5,0,0,Unranked,0,5,0,0,0
https://openalex.org/W4298071769,15700232,Q2,,1,1,Q1,Q1,Q2,0,2,1,1,Q1,1,1,1,1,Q1,1,1,1,1,0
https://openalex.org/W4298083408,08825734,Q2,,2,2,Q2,Q2,Q2,0,2,1,1,Q2,0,2,1,1,Q2,0,2,1,1,0
https://openalex.org/W4300592016,00093122,Q4,,4,4,Q4,Q4,Q4,0,4,0,0,Q4,0,4,0,0,Q4,0,4,0,0,0
https://openalex.org/W4300604168,00218995,Q1,,2,2,Q2,Q2,Q1,1,1,1,1,Q2,0,2,1,1,Q2,0,2,1,1,1
https://openalex.org/W53795736,00134686,Q1,,1,1,Q1,Q1,Q1,1,1,1,1,Q1,1,1,1,1,Q1,1,1,1,1,1
