work_id,n_authors,n_affiliations,n_countries,countries,is_international
https://openalex.org/W111725591,4,4,1,JP,0
https://openalex.org/W115650655,4,4,1,US,0
https://openalex.org/W1230367920,2,2,1,CA,0
https://openalex.org/W126685599,3,3,1,IN,0
https://openalex.org/W1273617668,3,3,1,US,0
https://openalex.org/W131092982,1,1,0,,0
https://openalex.org/W141861281,1,2,0,,0
https://openalex.org/W141872669,80,80,1,JP,0
https://openalex.org/W1480650256,2,2,1,US,0
https://openalex.org/W1482057339,4,4,1,KR,0
https://openalex.org/W1483293756,9,9,1,PL,0
https://openalex.org/W1483987581,3,3,1,JP,0
https://openalex.org/W1485817297,2,2,1,TW,0
https://openalex.org/W1486697772,2,2,1,MY,0
https://openalex.org/W1488521373,3,4,1,BE,0
https://openalex.org/W1488982196,6,6,1,IN,0
https://openalex.org/W1490539011,5,5,3,"JP,KR,US",1
https://openalex.org/W1490672357,5,8,1,IT,0
https://openalex.org/W1492945524,9,11,1,US,0
https://openalex.org/W1493994261,3,3,1,DE,0
https://openalex.org/W1495010771,4,4,2,"EE,US",1
https://openalex.org/W1495123273,2,2,1,US,0
https://openalex.org/W1496312612,5,5,1,US,0
https://openalex.org/W1497896443,3,3,1,IN,0
https://openalex.org/W1498610339,1,1,0,,0
https://openalex.org/W1499262913,7,14,2,"FR,RU",1
https://openalex.org/W1499454265,4,6,2,"CN,US",1
https://openalex.org/W1499602815,3,3,1,NZ,0
https://openalex.org/W1503244141,2,2,0,,0
https://openalex.org/W1503305456,2,2,1,KR,0
https://openalex.org/W1503446415,7,7,1,US,0
https://openalex.org/W1503942513,4,4,1,US,0
https://openalex.org/W1505418608,11,11,1,US,0
https://openalex.org/W1510826946,3,3,1,JP,0
https://openalex.org/W1511364607,6,6,3,"AU,DE,IT",1
https://openalex.org/W1511405423,5,6,2,"FR,PL",1
https://openalex.org/W1513650184,7,8,3,"FR,NL,RU",1
https://openalex.org/W1515241083,9,9,1,KR,0
https://openalex.org/W1517164421,4,4,1,GR,0
https://openalex.org/W1518602392,4,5,1,CN,0
https://openalex.org/W1522570751,5,5,1,US,0
https://openalex.org/W1525556442,7,7,2,"DE,NL",1
https://openalex.org/W1533893802,3,3,1,KR,0
https://openalex.org/W1534956112,4,4,1,CN,0
https://openalex.org/W1536489175,6,6,1,JP,0
https://openalex.org/W1538761425,6,13,1,CN,0
https://openalex.org/W1540908430,3,3,1,PL,0
https://openalex.org/W1545402940,4,4,1,SG,0
https://openalex.org/W1546698136,5,9,2,"AU,HU",1
https://openalex.org/W1548887502,3,3,1,DE,0
https://openalex.org/W1549208200,7,7,1,IN,0
https://openalex.org/W1550538508,3,3,1,BR,0
https://openalex.org/W1550677042,8,8,3,"FR,NL,UA",1
https://openalex.org/W1551579649,2,2,1,AT,0
https://openalex.org/W1551948290,1,1,0,,0
https://openalex.org/W1554123368,3,6,1,BR,0
https://openalex.org/W1555990484,3,3,0,,0
https://openalex.org/W1557375754,11,11,2,"KR,US",1
https://openalex.org/W1557827962,4,4,1,PL,0
https://openalex.org/W1557833870,3,3,1,DE,0
https://openalex.org/W1558000723,2,2,0,,0
https://openalex.org/W1560666922,6,6,1,US,0
https://openalex.org/W1560716168,1,3,0,,0
https://openalex.org/W1564388064,5,5,1,CN,0
https://openalex.org/W1564740653,9,9,2,"DE,JP",1
https://openalex.org/W1565299957,3,3,1,DE,0
https://openalex.org/W1565350176,4,4,1,IN,0
https://openalex.org/W1568032225,4,4,1,DZ,0
https://openalex.org/W1572684301,4,8,1,CN,0
https://openalex.org/W1572957767,6,6,1,DE,0
https://openalex.org/W157342397,2,2,1,DE,0
https://openalex.org/W1575765717,5,5,1,JP,0
https://openalex.org/W1576614782,2,2,1,RU,0
https://openalex.org/W1577834615,1,1,0,,0
https://openalex.org/W1579106588,6,6,1,US,0
https://openalex.org/W1579870180,3,3,1,US,0
https://openalex.org/W1580758945,4,4,2,"DE,EE",1
https://openalex.org/W1580865117,5,5,1,AU,0
https://openalex.org/W1583532932,4,4,2,"FR,US",1
https://openalex.org/W1583836408,2,2,1,JP,0
https://openalex.org/W1585150936,5,5,1,GB,0
https://openalex.org/W1586944606,5,5,1,US,0
https://openalex.org/W1589304156,1,1,0,,0
https://openalex.org/W1590692192,1,1,0,,0
https://openalex.org/W1590705932,2,3,2,"JP,US",1
https://openalex.org/W1592717704,3,3,1,SE,0
https://openalex.org/W1594318248,3,3,0,,0
https://openalex.org/W1594428987,6,6,1,US,0
https://openalex.org/W1595711726,3,3,1,CH,0
https://openalex.org/W1598494297,7,7,0,,0
https://openalex.org/W1598658445,5,5,1,ES,0
https://openalex.org/W1602749216,3,3,1,US,0
https://openalex.org/W1603698963,4,4,1,US,0
https://openalex.org/W1604185415,1,1,0,,0
https://openalex.org/W160455279,5,13,1,FR,0
https://openalex.org/W160854135,2,2,1,US,0
https://openalex.org/W160985220,2,2,0,,0
https://openalex.org/W1609957617,3,4,1,CN,0
https://openalex.org/W1610783035,8,8,1,IL,0
https://openalex.org/W1611381578,5,6,2,"CN,DE",1
https://openalex.org/W1612981304,7,7,2,"DE,IT",1
https://openalex.org/W161356384,6,8,1,CN,0
https://openalex.org/W1614034329,4,4,1,AU,0
https://openalex.org/W1620480936,6,6,2,"LT,US",1
https://openalex.org/W1630368717,6,6,1,CN,0
https://openalex.org/W1630983000,10,10,1,JP,0
https://openalex.org/W1631106469,11,17,3,"GB,NL,US",1
https://openalex.org/W1631211130,9,23,1,CN,0
https://openalex.org/W1634268500,2,2,1,GB,0
https://openalex.org/W1635696629,10,10,1,KR,0
https://openalex.org/W1637470034,6,12,1,US,0
https://openalex.org/W1640259142,8,16,1,CN,0
https://openalex.org/W1644022506,4,4,1,CN,0
https://openalex.org/W1644876692,8,8,2,"GB,TW",1
https://openalex.org/W1646610063,3,3,1,CN,0
https://openalex.org/W1646998796,3,3,1,US,0
https://openalex.org/W1647194565,3,5,4,"CN,HK,IT,US",1
https://openalex.org/W1648329077,7,8,1,JP,0
https://openalex.org/W1648440534,5,5,2,"DE,ES",1
https://openalex.org/W1648731970,5,5,1,US,0
https://openalex.org/W1650473584,3,3,0,,0
https://openalex.org/W1650811462,7,7,1,DE,0
https://openalex.org/W1651599214,5,10,1,FR,0
https://openalex.org/W1652365349,4,8,2,"CN,FR",1
https://openalex.org/W1652385935,4,4,1,DE,0
https://openalex.org/W1657127519,9,9,4,"FI,IN,JP,US",1
https://openalex.org/W1658215557,8,13,1,CN,0
https://openalex.org/W1659194817,6,6,2,"BR,US",1
https://openalex.org/W1661580359,3,3,1,US,0
https://openalex.org/W1664702837,2,2,1,ES,0
https://openalex.org/W1665712030,3,3,1,US,0
https://openalex.org/W1669196377,1,1,0,,0
https://openalex.org/W1670216214,2,2,2,"SG,US",1
https://openalex.org/W1670482132,3,3,1,ES,0
https://openalex.org/W1670701446,6,6,1,KR,0
https://openalex.org/W1672289835,4,6,3,"CN,JP,US",1
https://openalex.org/W1673196714,6,10,2,"CN,US",1
https://openalex.org/W1674431876,2,2,1,US,0
https://openalex.org/W1674845098,9,9,1,DE,0
https://openalex.org/W1675043594,9,14,2,"JP,LT",1
https://openalex.org/W1680467648,5,10,2,"CN,FR",1
https://openalex.org/W1682711,4,4,1,FR,0
https://openalex.org/W1689805600,4,4,0,,0
https://openalex.org/W170262014,8,8,1,RU,0
https://openalex.org/W1710455806,4,4,1,US,0
https://openalex.org/W1724111454,1,1,0,,0
https://openalex.org/W1737888242,2,4,2,"FR,US",1
https://openalex.org/W1742829186,2,2,1,IN,0
https://openalex.org/W1762046092,3,4,1,DE,0
https://openalex.org/W1780229370,1,1,0,,0
https://openalex.org/W1789667858,4,4,1,US,0
https://openalex.org/W179971942,2,4,3,"DE,IL,US",1
https://openalex.org/W1823600343,1,1,0,,0
https://openalex.org/W1824574472,3,3,1,CN,0
https://openalex.org/W1834237005,2,2,1,US,0
https://openalex.org/W1836756240,2,2,1,US,0
https://openalex.org/W1849217925,4,4,1,RU,0
https://openalex.org/W1853428966,4,5,2,"AU,US",1
https://openalex.org/W1859943168,7,7,1,DK,0
https://openalex.org/W1864726871,3,3,1,DE,0
https://openalex.org/W18685896,2,2,2,"CL,ES",1
https://openalex.org/W1868640023,1,1,0,,0
https://openalex.org/W1881150612,4,4,1,CN,0
https://openalex.org/W1888972438,7,8,2,"DE,UA",1
https://openalex.org/W1898829063,4,4,1,US,0
https://openalex.org/W1900120385,5,5,2,"ES,US",1
https://openalex.org/W1901358747,2,2,1,US,0
https://openalex.org/W1901427674,10,11,1,FR,0
https://openalex.org/W1904324197,2,2,1,GB,0
https://openalex.org/W1906163784,6,6,1,US,0
https://openalex.org/W1911040782,8,8,2,"ES,US",1
https://openalex.org/W1915461661,4,5,2,"ES,UY",1
https://openalex.org/W1917409578,3,3,1,US,0
https://openalex.org/W1924220061,3,3,1,CA,0
https://openalex.org/W1925684133,8,8,1,NL,0
https://openalex.org/W1926380515,1,1,0,,0
https://openalex.org/W1927690984,1,1,0,,0
https://openalex.org/W1937100563,2,2,1,BE,0
https://openalex.org/W1941811967,3,3,2,"ES,SE",1
https://openalex.org/W1951983278,1,1,0,,0
https://openalex.org/W1954012788,5,5,0,,0
https://openalex.org/W1955170739,6,9,2,"DE,IT",1
https://openalex.org/W1956187071,2,2,1,TW,0
https://openalex.org/W1959260624,5,5,1,JP,0
https://openalex.org/W1963505769,4,4,1,CN,0
https://openalex.org/W1963580598,4,4,2,"DE,JP",1
https://openalex.org/W1963601367,3,6,1,CN,0
https://openalex.org/W1963613586,5,5,1,FR,0
https://openalex.org/W1963634671,6,7,2,"CN,HK",1
https://openalex.org/W1963634913,5,5,1,JP,0
https://openalex.org/W1963658640,4,4,1,IN,0
https://openalex.org/W1963692091,7,14,1,FR,0
https://openalex.org/W1963699033,4,4,1,US,0
https://openalex.org/W1963742829,4,4,1,CZ,0
https://openalex.org/W1963753319,8,16,1,FR,0
https://openalex.org/W1963760777,2,2,1,JP,0
https://openalex.org/W1963770274,1,2,0,,0
https://openalex.org/W1963773728,1,1,0,,0
https://openalex.org/W1963833111,4,4,1,FR,0
https://openalex.org/W1963837376,5,5,1,JP,0
https://openalex.org/W1963911638,1,1,0,,0
https://openalex.org/W1963921579,2,2,1,TR,0
https://openalex.org/W1963941425,4,4,1,BR,0
https://openalex.org/W1963955532,8,8,1,US,0
https://openalex.org/W1963961917,2,2,1,TR,0
https://openalex.org/W1963964608,5,5,1,CN,0
https://openalex.org/W1963993938,4,4,1,GB,0
https://openalex.org/W1964044995,3,6,1,TW,0
https://openalex.org/W1964048255,5,5,1,US,0
https://openalex.org/W1964055655,11,22,1,FR,0
https://openalex.org/W1964061356,6,6,2,"CN,US",1
https://openalex.org/W1964068298,1,1,0,,0
https://openalex.org/W1964132302,3,3,1,CA,0
https://openalex.org/W1964146911,2,4,1,US,0
https://openalex.org/W1964171951,1,1,0,,0
https://openalex.org/W1964178483,7,9,3,"DE,FR,SE",1
https://openalex.org/W1964190830,3,3,1,IT,0
https://openalex.org/W1964197971,4,4,2,"CN,HK",1
https://openalex.org/W1964201760,4,4,1,CH,0
https://openalex.org/W1964225512,1,1,0,,0
https://openalex.org/W1964227595,7,10,1,US,0
https://openalex.org/W1964299536,1,1,0,,0
https://openalex.org/W1964305468,4,4,1,DE,0
https://openalex.org/W1964310801,2,2,1,US,0
https://openalex.org/W1964321902,3,3,1,TR,0
https://openalex.org/W1964331476,3,3,1,GB,0
https://openalex.org/W1964349382,4,4,2,"BE,IE",1
https://openalex.org/W1964390948,12,12,2,"FR,PL",1
https://openalex.org/W1964413735,4,4,1,JP,0
https://openalex.org/W1964416534,4,6,1,DE,0
https://openalex.org/W1964445203,3,3,1,US,0
https://openalex.org/W1964460405,5,5,1,CN,0
https://openalex.org/W1964461262,3,4,1,JP,0
https://openalex.org/W1964470898,3,3,1,JP,0
https://openalex.org/W1964480609,13,14,3,"CZ,IT,PL",1
https://openalex.org/W1964489900,2,2,0,,0
https://openalex.org/W1964518731,4,4,1,GB,0
https://openalex.org/W1964520850,2,2,1,US,0
https://openalex.org/W1964531108,6,10,2,"FR,MX",1
https://openalex.org/W1964534532,3,6,1,RS,0
https://openalex.org/W1964550998,14,14,2,"IT,RU",1
https://openalex.org/W1964554807,3,3,1,IT,0
https://openalex.org/W1964560950,3,3,1,AU,0
https://openalex.org/W1964572873,1,1,0,,0
https://openalex.org/W1964580509,1,1,0,,0
https://openalex.org/W1964588773,4,4,1,DE,0
https://openalex.org/W1964594475,7,7,2,"DE,JP",1
https://openalex.org/W1964601848,3,3,1,DE,0
https://openalex.org/W1964607906,2,2,1,AT,0
https://openalex.org/W1964623129,4,4,1,TW,0
https://openalex.org/W1964639408,2,2,1,RU,0
https://openalex.org/W1964640021,4,4,1,JP,0
https://openalex.org/W1964679921,3,3,1,DE,0
https://openalex.org/W1964736250,5,8,1,BR,0
https://openalex.org/W1964753815,1,1,0,,0
https://openalex.org/W1964791752,5,5,1,JP,0
https://openalex.org/W1964796755,5,6,1,ES,0
https://openalex.org/W1964838452,8,8,1,CH,0
https://openalex.org/W1964844120,6,6,2,"ES,GB",1
https://openalex.org/W1964878902,5,5,0,,0
https://openalex.org/W1964885760,3,3,1,CN,0
https://openalex.org/W1964887776,2,5,2,"FR,IR",1
https://openalex.org/W1964889262,2,2,1,ES,0
https://openalex.org/W1964899978,1,1,0,,0
https://openalex.org/W1964923692,7,7,0,,0
https://openalex.org/W1964940269,3,3,1,TW,0
https://openalex.org/W1964946463,4,4,1,IT,0
https://openalex.org/W1964954857,11,23,3,"DE,GB,US",1
https://openalex.org/W1964960768,4,4,1,DE,0
https://openalex.org/W1964972398,2,2,1,DE,0
https://openalex.org/W1964983666,4,4,2,"CZ,PL",1
https://openalex.org/W1965033244,6,6,3,"CZ,DE,SK",1
https://openalex.org/W1965042932,1,1,0,,0
https://openalex.org/W1965045198,2,2,1,CN,0
https://openalex.org/W1965046380,6,6,3,"DE,RU,SE",1
https://openalex.org/W1965056810,5,5,2,"CN,PL",1
https://openalex.org/W1965070249,2,2,1,IE,0
https://openalex.org/W1965075225,5,5,1,BR,0
https://openalex.org/W1965139859,3,3,0,,0
https://openalex.org/W1965163287,10,14,3,"CH,FR,RU",1
https://openalex.org/W1965176136,5,5,1,JP,0
https://openalex.org/W1965183335,5,5,1,JP,0
https://openalex.org/W1965210458,5,14,2,"CN,FR",1
https://openalex.org/W1965260807,5,5,1,KR,0
https://openalex.org/W1965270494,4,4,1,CN,0
https://openalex.org/W1965270811,4,4,2,"IT,US",1
https://openalex.org/W1965345786,1,1,0,,0
https://openalex.org/W1965401196,4,4,1,US,0
https://openalex.org/W1965425459,3,3,0,,0
https://openalex.org/W1965530784,1,1,0,,0
https://openalex.org/W1965566921,2,2,1,DE,0
https://openalex.org/W1965588286,2,2,1,GB,0
https://openalex.org/W1965589328,5,5,2,"BE,IE",1
https://openalex.org/W1965701811,12,13,3,"JP,TW,US",1
https://openalex.org/W1965739188,3,3,1,AU,0
https://openalex.org/W1965812022,2,2,1,DE,0
https://openalex.org/W1965861632,2,2,0,,0
https://openalex.org/W1965863052,4,11,1,FR,0
https://openalex.org/W1965866284,3,3,1,RU,0
https://openalex.org/W1965870800,3,6,1,AR,0
https://openalex.org/W1965881000,5,5,1,ES,0
https://openalex.org/W1965891051,3,3,1,IN,0
https://openalex.org/W1965953894,3,3,1,IT,0
https://openalex.org/W1965954530,6,8,2,"FR,US",1
https://openalex.org/W1965962220,1,1,0,,0
https://openalex.org/W1965996208,5,5,1,CH,0
https://openalex.org/W1966043962,7,7,1,NL,0
https://openalex.org/W1966050163,6,7,1,TW,0
https://openalex.org/W1966059657,3,3,1,TW,0
https://openalex.org/W1966070544,4,4,1,CN,0
https://openalex.org/W1966108608,5,5,2,"RU,UA",1
https://openalex.org/W1966122951,3,3,1,US,0
https://openalex.org/W1966138258,8,16,1,KR,0
https://openalex.org/W1966142492,5,5,1,GB,0
https://openalex.org/W1966170320,1,1,0,,0
https://openalex.org/W1966253027,6,6,1,US,0
https://openalex.org/W1966260016,2,2,1,PL,0
https://openalex.org/W1966294510,7,7,2,"DE,ES",1
https://openalex.org/W1966326041,1,1,0,,0
https://openalex.org/W1966331561,6,6,1,PT,0
https://openalex.org/W1966341590,5,6,1,CN,0
https://openalex.org/W1966344776,2,4,1,CN,0
https://openalex.org/W1966348926,6,12,1,IT,0
https://openalex.org/W1966383422,5,5,1,JP,0
https://openalex.org/W1966413776,2,2,1,RU,0
https://openalex.org/W1966435395,4,4,1,CN,0
https://openalex.org/W1966445948,3,3,1,KR,0
https://openalex.org/W1966457514,9,9,2,"DE,RU",1
https://openalex.org/W1966484797,8,8,2,"CA,US",1
https://openalex.org/W1966502237,2,2,1,US,0
https://openalex.org/W1966502515,4,4,1,AU,0
https://openalex.org/W1966536618,1,1,0,,0
https://openalex.org/W1966560110,3,3,1,BR,0
https://openalex.org/W1966753246,5,5,1,JP,0
https://openalex.org/W1966762302,3,3,1,TR,0
https://openalex.org/W1966783641,3,3,1,CN,0
https://openalex.org/W1966815625,5,5,1,TW,0
https://openalex.org/W1966827339,3,3,1,ES,0
https://openalex.org/W1966853796,5,5,1,SI,0
https://openalex.org/W1966870635,6,6,1,FR,0
https://openalex.org/W1966871092,3,4,2,"AU,RU",1
https://openalex.org/W1966884955,5,5,1,RU,0
https://openalex.org/W1966913945,10,11,1,KR,0
https://openalex.org/W1966928676,1,1,0,,0
https://openalex.org/W1966953491,5,20,1,FR,0
https://openalex.org/W1966960637,5,5,1,US,0
https://openalex.org/W1966963046,8,8,1,JP,0
https://openalex.org/W1966978405,5,5,2,"DE,RU",1
https://openalex.org/W1966994140,2,2,1,US,0
https://openalex.org/W1967016199,3,6,1,CN,0
https://openalex.org/W1967018403,10,10,1,CN,0
https://openalex.org/W1967027992,3,3,1,JP,0
https://openalex.org/W1967066794,3,3,1,US,0
https://openalex.org/W1967092455,4,4,1,JP,0
https://openalex.org/W1967139520,2,2,1,CN,0
https://openalex.org/W1967150387,5,5,1,CN,0
https://openalex.org/W1967152110,3,7,2,"FR,IN",1
https://openalex.org/W1967165782,1,1,0,,0
https://openalex.org/W1967198710,4,4,2,"RU,US",1
https://openalex.org/W1967206843,4,4,1,FR,0
https://openalex.org/W1967240803,5,5,2,"CA,US",1
https://openalex.org/W1967314980,5,5,1,JP,0
https://openalex.org/W1967319803,4,5,1,JP,0
https://openalex.org/W1967332484,2,2,1,TW,0
https://openalex.org/W1967347444,4,5,1,DE,0
https://openalex.org/W1967382504,8,16,2,"GB,PL",1
https://openalex.org/W1967383412,2,2,1,RU,0
https://openalex.org/W1967403039,6,7,2,"CN,JP",1
https://openalex.org/W1967437387,6,6,2,"DE,RU",1
https://openalex.org/W1967445897,3,3,2,"CA,PL",1
https://openalex.org/W1967522676,3,3,1,RO,0
https://openalex.org/W1967556377,5,10,2,"FR,VE",1
https://openalex.org/W1967619115,7,7,1,ES,0
https://openalex.org/W1967622278,2,2,1,IT,0
https://openalex.org/W1967650174,2,2,0,,0
https://openalex.org/W1967661949,6,6,1,JP,0
https://openalex.org/W1967681347,5,5,1,TW,0
https://openalex.org/W1967692887,3,3,1,JP,0
https://openalex.org/W1967704265,5,5,1,TW,0
https://openalex.org/W1967718609,2,2,1,CA,0
https://openalex.org/W1967735691,5,7,1,CN,0
https://openalex.org/W1967750087,1,1,0,,0
https://openalex.org/W1967775281,1,1,0,,0
https://openalex.org/W1967775615,4,5,1,GB,0
https://openalex.org/W1967812648,3,3,1,KR,0
https://openalex.org/W1967818218,8,14,1,FR,0
https://openalex.org/W1967818925,6,6,2,"GB,JP",1
https://openalex.org/W1967827409,9,9,1,CA,0
https://openalex.org/W1967856827,6,8,1,US,0
https://openalex.org/W1967860106,13,14,1,JP,0
https://openalex.org/W1967878100,10,10,1,US,0
https://openalex.org/W1967934089,6,6,1,US,0
https://openalex.org/W1967948329,3,3,1,CN,0
https://openalex.org/W1967951010,4,4,1,GB,0
https://openalex.org/W1967975361,23,34,1,IT,0
https://openalex.org/W1968055873,6,7,2,"DE,UA",1
https://openalex.org/W1968092323,3,3,1,CN,0
https://openalex.org/W1968105621,5,9,2,"CN,IT",1
https://openalex.org/W1968108850,6,6,0,,0
https://openalex.org/W1968116880,4,4,0,,0
https://openalex.org/W1968196855,5,5,1,JP,0
https://openalex.org/W1968261728,6,6,2,"JP,KR",1
https://openalex.org/W1968285762,2,2,2,"DE,UA",1
https://openalex.org/W1968299953,7,12,1,FR,0
https://openalex.org/W1968303108,4,16,1,FR,0
https://openalex.org/W1968308635,1,1,0,,0
https://openalex.org/W1968311518,7,7,1,AR,0
https://openalex.org/W1968350809,3,3,1,CN,0
https://openalex.org/W1968354752,3,5,1,JP,0
https://openalex.org/W1968358284,2,2,1,RU,0
https://openalex.org/W1968376009,4,4,1,SE,0
https://openalex.org/W1968380491,2,2,1,US,0
https://openalex.org/W1968411121,2,2,1,IT,0
https://openalex.org/W1968456274,2,2,1,IN,0
https://openalex.org/W1968473124,3,3,2,"AU,GB",1
https://openalex.org/W1968477086,4,4,0,,0
https://openalex.org/W1968479965,2,2,1,US,0
https://openalex.org/W1968501422,2,2,1,US,0
https://openalex.org/W1968526232,4,4,1,SE,0
https://openalex.org/W1968534210,1,1,0,,0
https://openalex.org/W1968540490,3,3,1,US,0
https://openalex.org/W1968583026,6,6,2,"RU,US",1
https://openalex.org/W1968592844,4,4,2,"IT,NL",1
https://openalex.org/W1968625729,20,20,3,"GB,JP,SE",1
https://openalex.org/W1968634812,6,6,1,US,0
https://openalex.org/W1968648774,5,5,1,IN,0
https://openalex.org/W1968672758,3,3,1,FR,0
https://openalex.org/W1968674388,4,4,1,BE,0
https://openalex.org/W1968740363,7,7,1,DE,0
https://openalex.org/W1968768459,4,4,1,KR,0
https://openalex.org/W1968815752,5,5,2,"CA,US",1
https://openalex.org/W1968849469,4,4,1,TW,0
https://openalex.org/W1968856712,5,5,1,JP,0
https://openalex.org/W1968898101,5,5,1,JP,0
https://openalex.org/W1968941122,8,8,0,,0
https://openalex.org/W1968947484,1,1,0,,0
https://openalex.org/W1968960379,2,2,1,NL,0
https://openalex.org/W1968963588,4,7,1,RU,0
https://openalex.org/W1968965619,6,6,2,"IE,US",1
https://openalex.org/W1969005153,3,3,1,KR,0
https://openalex.org/W1969060821,5,5,1,US,0
https://openalex.org/W1969071281,5,6,1,US,0
https://openalex.org/W1969125710,1,1,0,,0
https://openalex.org/W1969139047,1,1,0,,0
https://openalex.org/W1969159563,2,2,1,GB,0
https://openalex.org/W1969184294,6,6,1,TR,0
https://openalex.org/W1969192373,9,9,1,ES,0
https://openalex.org/W1969244450,3,3,1,KR,0
https://openalex.org/W1969258951,2,2,1,US,0
https://openalex.org/W1969295364,2,2,0,,0
https://openalex.org/W1969321078,4,4,1,US,0
https://openalex.org/W1969345033,4,8,1,CN,0
https://openalex.org/W1969369546,6,6,1,ES,0
https://openalex.org/W1969388235,4,4,1,JP,0
https://openalex.org/W1969421004,4,4,1,CN,0
https://openalex.org/W1969453632,4,4,1,AT,0
https://openalex.org/W1969457561,3,3,1,SE,0
https://openalex.org/W1969476651,2,2,1,RU,0
https://openalex.org/W1969485212,5,5,1,NL,0
https://openalex.org/W1969496741,5,5,2,"JP,KR",1
https://openalex.org/W1969528458,4,4,1,CN,0
https://openalex.org/W1969538205,3,3,1,CN,0
https://openalex.org/W1969547333,4,4,1,FR,0
https://openalex.org/W1969559299,3,3,3,"AU,DE,FR",1
https://openalex.org/W1969562832,11,21,4,"CH,FR,GB,US",1
https://openalex.org/W1969597494,1,1,0,,0
https://openalex.org/W1969607117,5,8,2,"RU,UA",1
https://openalex.org/W1969625108,11,11,1,DE,0
https://openalex.org/W1969625264,2,2,2,"GB,IR",1
https://openalex.org/W1969746031,4,4,0,,0
https://openalex.org/W1969775367,2,2,1,US,0
https://openalex.org/W1969780801,9,10,3,"DE,GR,RO",1
https://openalex.org/W1969798766,5,5,1,IT,0
https://openalex.org/W1969809047,4,4,1,TW,0
https://openalex.org/W1969810093,3,3,1,DE,0
https://openalex.org/W1969811909,5,8,3,"ES,FR,US",1
https://openalex.org/W1969814828,3,3,1,US,0
https://openalex.org/W1969825292,4,4,1,CA,0
https://openalex.org/W1969845967,9,9,1,JP,0
https://openalex.org/W1969869059,2,2,1,SG,0
https://openalex.org/W1969899370,6,6,2,"GB,HU",1
https://openalex.org/W1969936601,8,8,1,JP,0
https://openalex.org/W1969988718,12,12,1,JP,0
https://openalex.org/W1969991222,4,4,3,"DK,GB,US",1
https://openalex.org/W1970005229,8,10,4,"EC,GR,PL,US",1
https://openalex.org/W1970025076,3,3,1,JP,0
https://openalex.org/W1970050943,1,1,0,,0
https://openalex.org/W1970100615,3,3,1,DE,0
https://openalex.org/W1970117105,4,4,1,AU,0
https://openalex.org/W1970150609,6,6,1,CN,0
https://openalex.org/W1970162999,5,5,2,"AT,RU",1
https://openalex.org/W1970166927,8,8,1,SE,0
https://openalex.org/W1970167657,3,3,1,JP,0
https://openalex.org/W1970176992,2,2,0,,0
https://openalex.org/W1970178936,3,3,1,IR,0
https://openalex.org/W1970184358,3,4,1,CZ,0
https://openalex.org/W1970234808,3,3,1,US,0
https://openalex.org/W1970237011,5,5,2,"FR,IT",1
https://openalex.org/W1970245897,8,8,2,"AU,DE",1
https://openalex.org/W1970279576,10,10,1,JP,0
https://openalex.org/W1970331354,2,2,1,CA,0
https://openalex.org/W1970430570,3,3,1,DE,0
https://openalex.org/W1970443141,1,1,0,,0
https://openalex.org/W1970459398,3,3,1,JP,0
https://openalex.org/W1970477433,5,5,1,US,0
https://openalex.org/W1970483766,4,4,1,JP,0
https://openalex.org/W1970485075,6,6,1,JP,0
https://openalex.org/W1970485991,6,6,1,JP,0
https://openalex.org/W1970487614,7,7,1,JP,0
https://openalex.org/W1970510345,3,3,1,EG,0
https://openalex.org/W1970515213,2,3,1,HK,0
https://openalex.org/W1970519974,3,4,1,DE,0
https://openalex.org/W1970532503,6,6,1,JP,0
https://openalex.org/W1970541203,2,2,1,KR,0
https://openalex.org/W1970551236,1,1,0,,0
https://openalex.org/W1970568842,6,6,1,JP,0
https://openalex.org/W1970582879,14,14,1,US,0
https://openalex.org/W1970590894,4,7,2,"FR,RO",1
https://openalex.org/W1970609340,4,4,1,GB,0
https://openalex.org/W1970628520,7,8,1,CN,0
https://openalex.org/W1970640841,2,2,1,BE,0
https://openalex.org/W1970648865,5,5,1,ES,0
https://openalex.org/W1970650419,14,15,1,CN,0
https://openalex.org/W1970652171,6,7,1,JP,0
https://openalex.org/W1970660360,2,2,1,IN,0
https://openalex.org/W1970668219,4,4,1,IR,0
https://openalex.org/W1970737246,1,1,0,,0
https://openalex.org/W1970777793,3,3,1,JP,0
https://openalex.org/W1970778883,4,6,1,CN,0
https://openalex.org/W1970779521,5,7,2,"DZ,FR",1
https://openalex.org/W1970784552,4,4,1,US,0
https://openalex.org/W1970800856,7,7,1,DE,0
https://openalex.org/W1970805093,3,3,1,DE,0
https://openalex.org/W1970869001,6,6,1,JP,0
https://openalex.org/W1970898616,5,5,1,JP,0
https://openalex.org/W1970985060,2,2,1,US,0
https://openalex.org/W1971000486,5,5,1,BR,0
https://openalex.org/W1971060988,4,4,1,PL,0
https://openalex.org/W1971079755,8,8,1,ES,0
https://openalex.org/W1971093387,2,2,0,,0
https://openalex.org/W1971101428,3,3,1,KR,0
https://openalex.org/W1971105912,2,2,1,RU,0
https://openalex.org/W1971109323,3,3,1,KR,0
https://openalex.org/W1971125734,3,3,1,US,0
https://openalex.org/W1971125874,5,5,1,CH,0
https://openalex.org/W1971129381,3,8,1,CN,0
https://openalex.org/W1971165144,5,5,2,"IL,US",1
https://openalex.org/W1971225612,3,3,1,DK,0
https://openalex.org/W1971249043,4,4,1,JP,0
https://openalex.org/W1971255610,2,2,1,CA,0
https://openalex.org/W1971290298,3,3,1,JP,0
https://openalex.org/W1971308762,1,3,0,,0
https://openalex.org/W1971327552,2,2,1,US,0
https://openalex.org/W1971349164,4,4,2,"DE,ES",1
https://openalex.org/W1971353140,7,16,2,"FR,RU",1
https://openalex.org/W1971387291,5,5,1,US,0
https://openalex.org/W1971418748,6,12,1,US,0
https://openalex.org/W1971438579,2,2,1,MA,0
https://openalex.org/W1971441729,9,11,2,"AT,US",1
https://openalex.org/W1971442898,2,2,2,"BY,GB",1
https://openalex.org/W1971444265,4,4,1,JP,0
https://openalex.org/W1971483289,1,1,0,,0
https://openalex.org/W1971488570,7,9,1,JP,0
https://openalex.org/W1971503055,3,3,1,JP,0
https://openalex.org/W1971523266,4,5,2,"CN,SG",1
https://openalex.org/W1971534482,3,3,1,IT,0
https://openalex.org/W1971580511,2,2,1,RU,0
https://openalex.org/W1971595723,5,5,1,US,0
https://openalex.org/W1971605755,1,1,0,,0
https://openalex.org/W1971630451,3,4,1,US,0
https://openalex.org/W1971631886,3,3,0,,0
https://openalex.org/W1971715666,3,3,2,"JP,RU",1
https://openalex.org/W1971716174,6,6,1,FR,0
https://openalex.org/W1971752910,4,4,1,GB,0
https://openalex.org/W1971792166,4,4,1,CZ,0
https://openalex.org/W1971807616,3,4,2,"AU,CN",1
https://openalex.org/W1971816808,4,4,1,CN,0
https://openalex.org/W1971827935,4,4,1,UA,0
https://openalex.org/W1971836047,3,3,2,"KR,US",1
https://openalex.org/W1971837341,4,4,1,TW,0
https://openalex.org/W1971842590,3,3,1,ZA,0
https://openalex.org/W1971842635,4,8,1,US,0
https://openalex.org/W1971858756,3,3,0,,0
https://openalex.org/W1971859237,2,2,1,IN,0
https://openalex.org/W1971862384,4,4,1,JP,0
https://openalex.org/W1971897411,4,4,1,JP,0
https://openalex.org/W1971909673,4,4,1,US,0
https://openalex.org/W1971943225,2,2,1,KR,0
https://openalex.org/W1971952711,4,4,1,TR,0
https://openalex.org/W1971953196,2,2,1,PK,0
https://openalex.org/W1971982915,2,2,1,US,0
https://openalex.org/W1972002213,3,3,1,MY,0
https://openalex.org/W1972011884,4,4,1,IE,0
https://openalex.org/W1972023104,4,4,0,,0
https://openalex.org/W1972081879,6,6,1,CA,0
https://openalex.org/W1972126498,2,2,1,US,0
https://openalex.org/W1972147426,7,7,1,SE,0
https://openalex.org/W1972162596,4,8,1,CN,0
https://openalex.org/W1972172013,5,5,1,US,0
https://openalex.org/W1972179821,3,3,1,SE,0
https://openalex.org/W1972208125,1,1,0,,0
https://openalex.org/W1972227203,3,3,1,AT,0
https://openalex.org/W1972257716,4,4,1,JP,0
https://openalex.org/W1972274570,1,1,0,,0
https://openalex.org/W1972287108,5,5,1,US,0
https://openalex.org/W1972291951,4,4,1,DE,0
https://openalex.org/W1972320612,4,4,1,CN,0
https://openalex.org/W1972332562,2,2,0,,0
https://openalex.org/W1972341053,6,12,1,FR,0
https://openalex.org/W1972353025,2,2,1,US,0
https://openalex.org/W1972362419,5,6,1,CN,0
https://openalex.org/W1972370052,6,6,3,"DE,RU,UA",1
https://openalex.org/W1972416506,2,2,1,IN,0
https://openalex.org/W1972418633,6,6,1,JP,0
https://openalex.org/W1972426402,4,4,1,CN,0
https://openalex.org/W1972477262,4,4,1,JP,0
https://openalex.org/W1972494379,3,3,1,IN,0
https://openalex.org/W1972503451,1,1,0,,0
https://openalex.org/W1972532334,3,3,1,JP,0
https://openalex.org/W1972564677,3,3,1,CA,0
https://openalex.org/W1972584357,2,2,1,US,0
https://openalex.org/W1972612640,4,4,1,AT,0
https://openalex.org/W1972628541,4,4,1,KR,0
https://openalex.org/W1972632641,4,4,1,BE,0
https://openalex.org/W1972659350,1,1,0,,0
https://openalex.org/W1972690758,4,4,1,CN,0
https://openalex.org/W1972706757,1,1,0,,0
https://openalex.org/W1972715072,2,2,1,EG,0
https://openalex.org/W1972716312,2,2,1,TW,0
https://openalex.org/W1972736845,2,2,1,IE,0
https://openalex.org/W1972758711,3,3,1,DE,0
https://openalex.org/W1972761277,2,4,1,PL,0
https://openalex.org/W1972766610,3,3,1,CN,0
https://openalex.org/W1972773573,6,6,2,"BR,UA",1
https://openalex.org/W1972782754,6,9,1,SG,0
https://openalex.org/W1972816480,4,5,2,"DE,US",1
https://openalex.org/W1972824757,2,2,1,GB,0
https://openalex.org/W1972924628,9,9,2,"FR,JP",1
https://openalex.org/W1972994134,3,4,1,JP,0
https://openalex.org/W1973012575,6,7,2,"DE,US",1
https://openalex.org/W1973021083,1,1,0,,0
https://openalex.org/W1973085270,3,3,1,US,0
https://openalex.org/W1973100279,5,5,1,US,0
https://openalex.org/W1973130520,7,7,2,"CH,SG",1
https://openalex.org/W1973145872,1,1,0,,0
https://openalex.org/W1973147832,4,5,1,CN,0
https://openalex.org/W1973149877,5,5,1,DE,0
https://openalex.org/W1973170189,7,7,1,GB,0
https://openalex.org/W1973186112,12,12,3,"CZ,JP,US",1
https://openalex.org/W1973217557,6,6,1,ES,0
https://openalex.org/W1973249221,1,1,0,,0
https://openalex.org/W1973272602,2,2,1,US,0
https://openalex.org/W1973273431,3,3,1,JP,0
https://openalex.org/W1973301715,2,2,1,TH,0
https://openalex.org/W1973308318,1,1,0,,0
https://openalex.org/W1973334713,4,4,1,CN,0
https://openalex.org/W1973355953,3,3,1,HK,0
https://openalex.org/W1973364117,6,8,2,"CH,PT",1
https://openalex.org/W1973368436,2,2,1,US,0
https://openalex.org/W1973400841,2,2,1,US,0
https://openalex.org/W1973451592,4,4,1,CN,0
https://openalex.org/W1973471052,5,15,1,CN,0
https://openalex.org/W1973526314,4,4,1,CN,0
https://openalex.org/W1973530791,2,2,1,JP,0
https://openalex.org/W1973540788,4,4,1,GB,0
https://openalex.org/W1973549063,4,4,1,JP,0
https://openalex.org/W1973574723,4,4,0,,0
https://openalex.org/W1973575109,3,3,1,GB,0
https://openalex.org/W1973585720,20,21,1,US,0
https://openalex.org/W1973587456,3,3,1,CA,0
https://openalex.org/W1973609419,6,7,1,CN,0
https://openalex.org/W1973621120,3,3,1,US,0
https://openalex.org/W1973625665,4,4,1,LV,0
https://openalex.org/W1973667087,5,5,1,US,0
https://openalex.org/W1973703452,4,4,1,CN,0
https://openalex.org/W1973727014,5,5,2,"JP,KR",1
https://openalex.org/W1973728700,7,8,2,"RO,US",1
https://openalex.org/W1973770730,4,5,1,JP,0
https://openalex.org/W1973796593,3,3,1,CN,0
https://openalex.org/W1973821162,2,2,1,GB,0
https://openalex.org/W1973824067,5,5,1,CN,0
https://openalex.org/W1973840168,3,3,1,KR,0
https://openalex.org/W1973870392,1,1,0,,0
https://openalex.org/W1973952900,2,2,1,DE,0
https://openalex.org/W1973968829,4,10,2,"AR,ES",1
https://openalex.org/W1973977277,4,4,1,TW,0
https://openalex.org/W1973981862,6,6,2,"JP,SG",1
https://openalex.org/W1973984610,5,9,1,CN,0
https://openalex.org/W1973992861,6,6,1,IN,0
https://openalex.org/W1974015612,2,2,1,SG,0
https://openalex.org/W1974036580,7,9,2,"DE,RU",1
https://openalex.org/W1974051732,3,3,1,US,0
https://openalex.org/W1974057737,7,7,1,JP,0
https://openalex.org/W1974218220,4,4,2,"BD,GB",1
https://openalex.org/W1974254860,4,4,1,CN,0
https://openalex.org/W1974276939,3,3,1,CN,0
https://openalex.org/W1974313395,1,1,0,,0
https://openalex.org/W1974316857,4,4,1,KR,0
https://openalex.org/W1974319338,3,3,1,CN,0
https://openalex.org/W1974321494,7,7,1,CN,0
https://openalex.org/W1974323691,2,2,1,CZ,0
https://openalex.org/W1974336335,2,2,1,IE,0
https://openalex.org/W1974350994,2,2,1,KR,0
https://openalex.org/W1974367481,3,3,1,US,0
https://openalex.org/W1974371148,5,5,1,CN,0
https://openalex.org/W1974421316,3,3,1,IN,0
https://openalex.org/W1974440190,4,4,1,US,0
https://openalex.org/W1974461383,10,10,3,"DE,RU,UA",1
https://openalex.org/W1974462830,5,7,2,"CN,US",1
https://openalex.org/W1974483979,1,1,0,,0
https://openalex.org/W1974516170,3,5,2,"GB,PL",1
https://openalex.org/W1974522274,2,2,1,KR,0
https://openalex.org/W1974526194,5,5,1,KR,0
https://openalex.org/W1974540896,5,5,2,"DE,US",1
https://openalex.org/W1974575432,3,3,1,JP,0
https://openalex.org/W1974684490,1,1,0,,0
https://openalex.org/W1974701479,3,3,1,IN,0
https://openalex.org/W1974721853,6,6,2,"JP,US",1
https://openalex.org/W1974724727,4,4,1,HR,0
https://openalex.org/W1974735496,6,6,1,US,0
https://openalex.org/W1974749693,7,8,1,BG,0
https://openalex.org/W1974760155,4,4,1,JP,0
https://openalex.org/W1974787314,1,2,0,,0
https://openalex.org/W1974788729,4,16,1,US,0
https://openalex.org/W1974819891,5,5,2,"FR,IN",1
https://openalex.org/W1974829601,4,4,1,CN,0
https://openalex.org/W1974838924,3,3,0,,0
https://openalex.org/W1974842162,5,5,1,JP,0
https://openalex.org/W1974852036,7,7,1,UA,0
https://openalex.org/W1974892609,7,28,1,FR,0
https://openalex.org/W1974906035,1,1,0,,0
https://openalex.org/W1974912807,2,2,1,CH,0
https://openalex.org/W1974919480,5,5,1,JP,0
https://openalex.org/W1974949857,4,4,2,"JP,US",1
https://openalex.org/W1974967019,1,1,0,,0
https://openalex.org/W1974970547,2,2,1,GB,0
https://openalex.org/W1974973413,4,4,1,CN,0
https://openalex.org/W1974991624,3,3,1,JP,0
https://openalex.org/W1975011977,6,6,1,RU,0
https://openalex.org/W1975016526,3,3,2,"HK,US",1
https://openalex.org/W1975037952,9,13,2,"JP,LT",1
https://openalex.org/W1975074800,7,7,1,CN,0
https://openalex.org/W1975124485,7,14,1,US,0
https://openalex.org/W1975140429,5,5,1,CN,0
https://openalex.org/W1975153581,4,4,2,"DE,JP",1
https://openalex.org/W1975168108,4,4,1,US,0
https://openalex.org/W1975177997,3,3,1,RU,0
https://openalex.org/W1975192646,3,3,0,,0
https://openalex.org/W1975203882,6,6,1,JP,0
https://openalex.org/W1975207172,6,7,2,"BE,FR",1
https://openalex.org/W1975210769,7,7,2,"DE,TW",1
https://openalex.org/W1975239148,4,4,1,CU,0
https://openalex.org/W1975259723,5,5,1,BR,0
https://openalex.org/W1975284500,6,6,2,"DE,GB",1
https://openalex.org/W1975289674,5,5,1,CN,0
https://openalex.org/W1975302407,7,8,2,"BR,FR",1
https://openalex.org/W1975323444,2,2,0,,0
https://openalex.org/W1975326927,6,6,1,CN,0
https://openalex.org/W1975365302,4,4,1,MX,0
https://openalex.org/W1975385282,1,1,0,,0
https://openalex.org/W1975437340,2,2,1,TR,0
https://openalex.org/W1975439129,6,6,3,"BY,ID,JP",1
https://openalex.org/W1975441729,7,7,1,US,0
https://openalex.org/W1975458642,3,3,1,US,0
https://openalex.org/W1975502309,5,5,2,"BE,ZA",1
https://openalex.org/W1975517314,2,2,1,US,0
https://openalex.org/W1975550999,6,6,1,CN,0
https://openalex.org/W1975559552,6,7,2,"KR,VN",1
https://openalex.org/W1975573488,4,6,3,"AT,IT,MX",1
https://openalex.org/W1975588655,5,6,2,"CN,IT",1
https://openalex.org/W1975596561,2,2,1,CN,0
https://openalex.org/W1975603152,5,7,2,"FR,RU",1
https://openalex.org/W1975603636,2,2,2,"SE,US",1
https://openalex.org/W1975606580,5,5,1,SG,0
https://openalex.org/W1975668651,5,5,1,BE,0
https://openalex.org/W1975679027,5,5,1,CH,0
https://openalex.org/W1975684227,5,5,1,JP,0
https://openalex.org/W1975699977,8,8,1,CN,0
https://openalex.org/W1975702971,3,3,1,PL,0
https://openalex.org/W1975704564,6,6,2,"DZ,FR",1
https://openalex.org/W1975707380,4,7,2,"CN,KR",1
https://openalex.org/W1975734864,2,2,1,KR,0
https://openalex.org/W1975736355,2,2,1,US,0
https://openalex.org/W1975742293,6,12,1,RU,0
https://openalex.org/W1975745513,5,5,1,KR,0
https://openalex.org/W1975779337,11,11,1,DE,0
https://openalex.org/W1975792350,3,6,1,CN,0
https://openalex.org/W1975793472,3,3,1,GB,0
https://openalex.org/W1975867981,2,2,1,CN,0
https://openalex.org/W1975899884,8,12,2,"CN,TW",1
https://openalex.org/W1975980236,1,1,0,,0
https://openalex.org/W1975988718,2,2,1,IN,0
https://openalex.org/W1976007883,9,9,1,IT,0
https://openalex.org/W1976040629,3,3,1,ES,0
https://openalex.org/W1976068894,5,8,2,"DE,KR",1
https://openalex.org/W1976101875,1,1,0,,0
https://openalex.org/W1976116594,6,8,2,"DE,UA",1
https://openalex.org/W1976152090,2,2,1,AU,0
https://openalex.org/W1976163349,8,8,1,RU,0
https://openalex.org/W1976182127,2,2,1,US,0
https://openalex.org/W1976198562,4,4,1,JP,0
https://openalex.org/W1976201796,5,5,1,IT,0
https://openalex.org/W1976255400,1,2,0,,0
https://openalex.org/W1976276170,5,6,2,"JP,US",1
https://openalex.org/W1976291217,1,2,0,,0
https://openalex.org/W1976301277,2,2,1,US,0
https://openalex.org/W1976311743,2,2,1,TW,0
https://openalex.org/W1976320478,4,4,1,US,0
https://openalex.org/W1976361453,5,5,1,CN,0
https://openalex.org/W1976414290,2,2,1,DE,0
https://openalex.org/W1976415096,3,3,1,KR,0
https://openalex.org/W1976423683,3,3,1,CA,0
https://openalex.org/W1976432462,3,3,1,IL,0
https://openalex.org/W1976436957,3,10,1,CN,0
https://openalex.org/W1976479452,6,6,1,JP,0
https://openalex.org/W1976481531,2,2,1,NL,0
https://openalex.org/W1976481674,8,9,2,"CH,US",1
https://openalex.org/W1976495182,2,2,1,TW,0
https://openalex.org/W1976567291,5,5,1,US,0
https://openalex.org/W1976579374,3,3,1,DE,0
https://openalex.org/W1976579391,4,4,1,KR,0
https://openalex.org/W1976635566,5,5,1,DE,0
https://openalex.org/W1976660667,2,2,1,DE,0
https://openalex.org/W1976674100,38,52,10,"CZ,DE,FR,GB,HU,IT,RO,RU,SE,US",1
https://openalex.org/W1976774076,3,3,0,,0
https://openalex.org/W1976792951,6,6,1,IT,0
https://openalex.org/W1976798160,3,3,1,HK,0
https://openalex.org/W1976822956,6,6,1,DE,0
https://openalex.org/W1976851010,2,8,1,FR,0
https://openalex.org/W1976877091,4,9,1,FR,0
https://openalex.org/W1976903386,4,4,1,US,0
https://openalex.org/W1976916174,2,2,1,GR,0
https://openalex.org/W1976943059,2,2,1,IT,0
https://openalex.org/W1977001896,5,5,1,CN,0
https://openalex.org/W1977018108,8,8,1,US,0
https://openalex.org/W1977039652,5,5,1,JP,0
https://openalex.org/W1977118002,2,2,2,"HR,SG",1
https://openalex.org/W1977126050,4,4,1,SG,0
https://openalex.org/W1977143850,3,3,1,GB,0
https://openalex.org/W1977176886,4,4,1,US,0
https://openalex.org/W1977180107,3,3,1,IN,0
https://openalex.org/W1977194182,8,22,1,SG,0
https://openalex.org/W1977202825,8,8,1,US,0
https://openalex.org/W1977209314,3,3,1,JP,0
https://openalex.org/W1977247126,2,2,1,GB,0
https://openalex.org/W1977281293,5,5,1,GB,0
https://openalex.org/W1977311623,2,2,1,TW,0
https://openalex.org/W1977344710,3,6,2,"CN,FR",1
https://openalex.org/W1977404976,1,1,0,,0
https://openalex.org/W1977409929,4,4,1,JP,0
https://openalex.org/W1977418782,2,2,1,US,0
https://openalex.org/W1977422853,3,3,1,GB,0
https://openalex.org/W1977441581,3,3,0,,0
https://openalex.org/W1977444832,2,2,2,"GB,IR",1
https://openalex.org/W1977455932,3,3,1,JP,0
https://openalex.org/W1977492106,4,4,1,ES,0
https://openalex.org/W1977517064,4,4,2,"BR,IT",1
https://openalex.org/W1977525553,13,16,3,"SG,TW,US",1
https://openalex.org/W1977580072,2,6,1,FR,0
https://openalex.org/W1977583664,6,7,3,"BE,FR,NO",1
https://openalex.org/W1977608084,6,6,1,CN,0
https://openalex.org/W1977680756,5,5,1,US,0
https://openalex.org/W1977736474,1,1,0,,0
https://openalex.org/W1977737520,8,8,1,IT,0
https://openalex.org/W1977739121,3,3,1,US,0
https://openalex.org/W1977776896,6,7,1,JP,0
https://openalex.org/W1977786794,3,3,1,NZ,0
https://openalex.org/W1977797071,3,3,1,AU,0
https://openalex.org/W1977817196,2,2,1,TW,0
https://openalex.org/W1977819974,10,10,1,GB,0
https://openalex.org/W1977848209,3,3,1,IN,0
https://openalex.org/W1977867342,3,3,1,US,0
https://openalex.org/W1977905797,4,6,4,"ES,FR,IT,US",1
https://openalex.org/W1977911496,4,4,0,,0
https://openalex.org/W1977914772,7,7,2,"DE,US",1
https://openalex.org/W1977939829,9,9,1,SE,0
https://openalex.org/W1977958415,2,2,1,DE,0
https://openalex.org/W1977971252,4,8,1,IN,0
https://openalex.org/W1977999772,3,3,1,JP,0
https://openalex.org/W1978014442,1,1,0,,0
https://openalex.org/W1978025846,8,8,1,US,0
https://openalex.org/W1978041144,4,4,1,AT,0
https://openalex.org/W1978073298,3,4,1,CN,0
https://openalex.org/W1978073831,9,9,1,CH,0
https://openalex.org/W1978092554,6,6,1,KR,0
https://openalex.org/W1978095197,5,5,1,KR,0
https://openalex.org/W1978100238,2,6,1,FR,0
https://openalex.org/W1978109997,8,9,1,US,0
https://openalex.org/W1978160175,7,7,1,CN,0
https://openalex.org/W1978182018,8,8,2,"DE,GB",1
https://openalex.org/W1978241684,3,3,1,CN,0
https://openalex.org/W1978242915,3,3,2,"FR,MA",1
https://openalex.org/W1978248521,2,2,0,,0
https://openalex.org/W1978254363,4,4,2,"FR,JP",1
https://openalex.org/W1978256835,6,6,2,"DE,GR",1
https://openalex.org/W1978257880,2,2,2,"DE,US",1
https://openalex.org/W1978307855,2,2,1,KR,0
https://openalex.org/W1978359323,7,7,1,CN,0
https://openalex.org/W1978367342,5,5,1,US,0
https://openalex.org/W1978386580,11,11,1,CA,0
https://openalex.org/W1978386917,1,2,0,,0
https://openalex.org/W1978424661,4,4,1,IN,0
https://openalex.org/W1978434632,4,4,1,CO,0
https://openalex.org/W1978470595,5,5,1,CN,0
https://openalex.org/W1978490973,3,3,1,TW,0
https://openalex.org/W1978530347,1,1,0,,0
https://openalex.org/W1978573848,5,5,1,IE,0
https://openalex.org/W1978590004,5,5,2,"DE,JP",1
https://openalex.org/W1978602175,3,3,1,CN,0
https://openalex.org/W1978626413,3,3,1,JP,0
https://openalex.org/W1978670568,3,3,1,CA,0
https://openalex.org/W1978672391,5,5,1,JP,0
https://openalex.org/W1978677005,2,2,1,US,0
https://openalex.org/W1978692278,5,5,1,CN,0
https://openalex.org/W1978767556,5,5,1,CN,0
https://openalex.org/W1978806918,2,2,1,AU,0
https://openalex.org/W1978813456,5,5,1,CH,0
https://openalex.org/W1978842082,2,4,1,US,0
https://openalex.org/W1978888375,3,3,1,BR,0
https://openalex.org/W1978896691,4,7,2,"JP,US",1
https://openalex.org/W1978917075,2,2,1,JP,0
https://openalex.org/W1978926284,3,3,1,CN,0
https://openalex.org/W1978937716,4,4,1,CN,0
https://openalex.org/W1978943158,2,4,1,DE,0
https://openalex.org/W1978983484,7,14,1,US,0
https://openalex.org/W1978990849,9,9,2,"AU,KR",1
https://openalex.org/W1978997629,8,8,0,,0
https://openalex.org/W1979009188,7,7,2,"DE,IN",1
https://openalex.org/W1979024493,5,9,2,"BG,SK",1
https://openalex.org/W1979044326,2,2,1,IN,0
https://openalex.org/W1979048724,2,3,1,KR,0
https://openalex.org/W1979060194,12,23,2,"DE,FR",1
https://openalex.org/W1979060235,3,3,0,,0
https://openalex.org/W1979085721,3,3,1,IN,0
https://openalex.org/W1979092461,4,4,2,"IQ,JO",1
https://openalex.org/W1979106136,3,3,1,KR,0
https://openalex.org/W1979106852,3,3,1,DE,0
https://openalex.org/W1979117316,6,6,1,IT,0
https://openalex.org/W1979221508,3,6,1,DE,0
https://openalex.org/W1979263688,2,2,1,US,0
https://openalex.org/W1979266741,5,5,2,"GB,JP",1
https://openalex.org/W1979283237,1,1,0,,0
https://openalex.org/W1979298473,6,6,1,FR,0
https://openalex.org/W1979300756,6,6,1,US,0
https://openalex.org/W1979326512,5,15,1,JP,0
https://openalex.org/W1979348943,2,2,1,IT,0
https://openalex.org/W1979369055,3,3,2,"CA,JP",1
https://openalex.org/W1979376205,5,5,2,"CN,JP",1
https://openalex.org/W1979390857,3,3,0,,0
https://openalex.org/W1979438845,6,9,1,CN,0
https://openalex.org/W1979469869,3,3,1,KR,0
https://openalex.org/W1979473941,2,2,1,US,0
https://openalex.org/W1979486043,1,1,0,,0
https://openalex.org/W1979490332,3,3,1,CZ,0
https://openalex.org/W1979508699,6,6,1,DE,0
https://openalex.org/W1979525250,4,4,1,CN,0
https://openalex.org/W1979530264,4,4,1,IN,0
https://openalex.org/W1979534313,4,4,1,NL,0
https://openalex.org/W1979568104,5,5,1,KR,0
https://openalex.org/W1979577846,5,5,1,JP,0
https://openalex.org/W1979672734,2,2,1,CN,0
https://openalex.org/W1979681423,5,5,1,US,0
https://openalex.org/W1979705567,3,3,1,CN,0
https://openalex.org/W1979720533,3,3,0,,0
https://openalex.org/W1979746435,3,3,1,GB,0
https://openalex.org/W1979750937,9,14,2,"CN,TW",1
https://openalex.org/W1979770517,4,4,2,"CA,US",1
https://openalex.org/W1979786638,4,7,3,"CA,RU,US",1
https://openalex.org/W1979788493,4,4,1,SG,0
https://openalex.org/W1979796238,6,7,2,"CN,JP",1
https://openalex.org/W1979802922,5,5,1,KR,0
https://openalex.org/W1979823450,1,1,0,,0
https://openalex.org/W1979913613,2,2,1,DE,0
https://openalex.org/W1979939136,3,3,1,JP,0
https://openalex.org/W1979957541,2,2,1,US,0
https://openalex.org/W1979988465,2,2,1,KR,0
https://openalex.org/W1980008341,4,4,2,"SG,US",1
https://openalex.org/W1980014995,1,2,0,,0
https://openalex.org/W1980018282,6,6,2,"KR,US",1
https://openalex.org/W1980039752,5,5,1,CN,0
https://openalex.org/W1980090048,8,21,1,FR,0
https://openalex.org/W1980107322,6,12,1,CN,0
https://openalex.org/W1980143028,6,6,4,"DK,FR,JP,LV",1
https://openalex.org/W1980189458,3,3,1,HK,0
https://openalex.org/W1980211920,6,6,1,BR,0
https://openalex.org/W1980261097,4,4,1,RU,0
https://openalex.org/W1980291485,4,7,1,HU,0
https://openalex.org/W1980321970,1,1,0,,0
https://openalex.org/W1980330658,6,6,1,KR,0
https://openalex.org/W1980337840,5,5,2,"CN,JP",1
https://openalex.org/W1980337989,5,5,1,BE,0
https://openalex.org/W1980341610,7,7,1,RO,0
https://openalex.org/W1980365860,2,2,1,TW,0
https://openalex.org/W1980375355,7,7,2,"AU,JP",1
https://openalex.org/W1980375589,2,2,1,JP,0
https://openalex.org/W1980376652,8,11,2,"FR,RU",1
https://openalex.org/W1980380984,2,2,1,IT,0
https://openalex.org/W1980385723,7,8,1,US,0
https://openalex.org/W1980415388,2,2,1,CA,0
https://openalex.org/W1980444624,5,5,1,SE,0
https://openalex.org/W1980451291,3,3,0,,0
https://openalex.org/W1980488263,2,2,1,US,0
https://openalex.org/W1980513741,9,9,1,CN,0
https://openalex.org/W1980525257,7,8,3,"CH,FR,JP",1
https://openalex.org/W1980579429,2,2,1,TW,0
https://openalex.org/W1980586597,4,4,1,FR,0
https://openalex.org/W1980614812,4,4,3,"EE,FI,HU",1
https://openalex.org/W1980629160,1,1,0,,0
https://openalex.org/W1980632655,5,5,1,IN,0
https://openalex.org/W1980646662,1,1,0,,0
https://openalex.org/W1980657423,2,2,1,TW,0
https://openalex.org/W1980685560,3,3,1,CN,0
https://openalex.org/W1980703364,6,6,1,JP,0
https://openalex.org/W1980726718,2,2,1,KR,0
https://openalex.org/W1980734832,2,2,0,,0
https://openalex.org/W1980746585,5,5,1,CN,0
https://openalex.org/W1980775038,5,7,1,DE,0
https://openalex.org/W1980780419,3,3,1,LV,0
https://openalex.org/W1980785726,2,2,1,CN,0
https://openalex.org/W1980802698,7,7,1,JP,0
https://openalex.org/W1980805120,7,8,2,"TW,US",1
https://openalex.org/W1980837067,4,4,1,KR,0
https://openalex.org/W1980837299,6,6,1,DE,0
https://openalex.org/W1980862947,2,2,1,JP,0
https://openalex.org/W1980864608,4,6,2,"RU,US",1
https://openalex.org/W1980885401,10,10,1,DE,0
https://openalex.org/W1980902340,2,2,1,RU,0
https://openalex.org/W1980907980,3,3,1,DE,0
https://openalex.org/W1980907987,4,9,1,AR,0
https://openalex.org/W1980920055,7,12,2,"FR,GB",1
https://openalex.org/W1980949960,8,9,1,BR,0
https://openalex.org/W1980980838,4,4,1,IN,0
https://openalex.org/W1980981946,4,4,1,IN,0
https://openalex.org/W1980995010,3,3,1,EG,0
https://openalex.org/W1981011214,1,1,0,,0
https://openalex.org/W1981021334,6,6,1,KR,0
https://openalex.org/W1981041638,4,4,1,JP,0
https://openalex.org/W1981048312,5,5,1,DE,0
https://openalex.org/W1981054337,1,1,0,,0
https://openalex.org/W1981077083,5,5,1,DE,0
https://openalex.org/W1981093227,5,5,1,IN,0
https://openalex.org/W1981097521,3,3,2,"AU,US",1
https://openalex.org/W1981103359,4,5,1,GB,0
https://openalex.org/W1981252345,1,1,0,,0
https://openalex.org/W1981281858,5,5,1,CN,0
https://openalex.org/W1981369213,1,1,0,,0
https://openalex.org/W1981378237,4,8,1,US,0
https://openalex.org/W1981385755,2,2,1,AU,0
https://openalex.org/W1981414702,2,2,1,US,0
https://openalex.org/W1981415265,3,3,1,TW,0
https://openalex.org/W1981452559,7,7,1,US,0
https://openalex.org/W1981521910,4,6,1,CN,0
https://openalex.org/W1981522577,6,7,1,TW,0
https://openalex.org/W1981553177,1,1,0,,0
https://openalex.org/W1981589770,5,5,1,US,0
https://openalex.org/W1981591481,1,1,0,,0
https://openalex.org/W1981601210,8,8,1,GR,0
https://openalex.org/W1981618694,5,5,4,"CH,GB,JO,TR",1
https://openalex.org/W1981628228,4,4,2,"LV,RU",1
https://openalex.org/W1981646881,6,6,1,US,0
https://openalex.org/W1981666792,10,10,1,US,0
https://openalex.org/W1981674607,2,2,0,,0
https://openalex.org/W1981677096,1,1,0,,0
https://openalex.org/W1981684741,4,4,3,"BE,DK,NL",1
https://openalex.org/W1981692409,5,5,1,KR,0
https://openalex.org/W1981699083,2,3,1,JP,0
https://openalex.org/W1981729015,4,4,1,JP,0
https://openalex.org/W1981739341,5,5,2,"RO,US",1
https://openalex.org/W1981776935,2,2,1,TW,0
https://openalex.org/W1981798620,3,3,1,JP,0
https://openalex.org/W1981864788,4,4,2,"BR,GB",1
https://openalex.org/W1981878993,5,5,1,JP,0
https://openalex.org/W1981924470,3,3,1,PL,0
https://openalex.org/W1981939911,4,4,1,IN,0
https://openalex.org/W1981944019,4,4,1,KR,0
https://openalex.org/W1981949726,4,4,1,US,0
https://openalex.org/W1981966109,4,4,2,"DE,US",1
https://openalex.org/W1982011469,3,3,1,CH,0
https://openalex.org/W1982028330,10,10,2,"BE,NL",1
https://openalex.org/W1982028637,6,6,1,FI,0
https://openalex.org/W1982048157,7,8,3,"CH,FR,JP",1
https://openalex.org/W1982050990,2,2,1,GR,0
https://openalex.org/W1982079432,1,1,0,,0
https://openalex.org/W1982088653,6,6,0,,0
https://openalex.org/W1982102773,4,5,1,CN,0
https://openalex.org/W1982154116,9,9,1,AT,0
https://openalex.org/W1982171908,5,5,2,"AU,GB",1
https://openalex.org/W1982172381,3,3,1,JP,0
https://openalex.org/W1982172827,4,5,2,"MX,US",1
https://openalex.org/W1982183989,3,3,1,CN,0
https://openalex.org/W1982194312,5,5,1,JP,0
https://openalex.org/W1982200980,2,2,1,US,0
https://openalex.org/W1982204499,4,4,1,SE,0
https://openalex.org/W1982206662,2,2,1,CN,0
https://openalex.org/W1982285495,6,6,2,"AM,US",1
https://openalex.org/W1982312477,3,3,2,"PL,RU",1
https://openalex.org/W1982328680,22,42,2,"CN,JP",1
https://openalex.org/W1982329048,5,5,1,CN,0
https://openalex.org/W1982361996,3,3,1,KR,0
https://openalex.org/W1982375327,2,2,2,"IT,US",1
https://openalex.org/W1982382706,5,5,1,US,0
https://openalex.org/W1982386189,3,3,0,,0
https://openalex.org/W1982447702,2,4,1,DE,0
https://openalex.org/W1982460892,5,5,1,IN,0
https://openalex.org/W1982538081,4,4,3,"IN,MX,TW",1
https://openalex.org/W1982569681,3,3,1,US,0
https://openalex.org/W1982578985,4,4,1,BR,0
https://openalex.org/W1982609955,3,3,1,JP,0
https://openalex.org/W1982619089,2,2,0,,0
https://openalex.org/W1982621330,5,5,1,JP,0
https://openalex.org/W1982640634,3,3,3,"CN,GB,NZ",1
https://openalex.org/W1982646499,8,8,3,"DE,FR,RO",1
https://openalex.org/W1982659627,2,3,2,"AU,TW",1
https://openalex.org/W1982699963,5,7,2,"GB,US",1
https://openalex.org/W1982701319,2,4,1,CN,0
https://openalex.org/W1982738218,3,3,1,AU,0
https://openalex.org/W1982767223,3,3,1,AU,0
https://openalex.org/W1982784630,2,2,1,US,0
https://openalex.org/W1982784675,6,6,1,CN,0
https://openalex.org/W1982805719,1,1,0,,0
https://openalex.org/W1982815629,1,1,0,,0
https://openalex.org/W1982828557,3,9,1,FR,0
https://openalex.org/W1982833462,4,4,1,DE,0
https://openalex.org/W1982852914,9,9,1,IT,0
https://openalex.org/W1982875391,2,2,1,ZA,0
https://openalex.org/W1982894765,4,4,1,NL,0
https://openalex.org/W1982910440,5,6,1,CA,0
https://openalex.org/W1983016242,3,3,1,SE,0
https://openalex.org/W1983047065,3,3,1,KR,0
https://openalex.org/W1983120920,3,3,1,CN,0
https://openalex.org/W1983130555,7,7,1,JP,0
https://openalex.org/W1983150817,3,3,1,ES,0
https://openalex.org/W1983155804,4,4,1,DE,0
https://openalex.org/W1983189280,8,8,3,"FR,HU,RU",1
https://openalex.org/W1983199593,4,4,1,JP,0
https://openalex.org/W1983202286,5,5,3,"BE,CZ,RO",1
https://openalex.org/W1983207513,3,3,1,US,0
https://openalex.org/W1983214066,3,3,2,"IL,JP",1
https://openalex.org/W1983265032,4,4,1,JP,0
https://openalex.org/W1983295594,6,6,1,JP,0
https://openalex.org/W1983295907,3,3,1,DE,0
https://openalex.org/W1983296324,3,3,1,BY,0
https://openalex.org/W1983340834,4,4,1,CN,0
https://openalex.org/W1983344364,1,1,0,,0
https://openalex.org/W1983353108,2,4,1,DE,0
https://openalex.org/W1983372281,2,2,1,CN,0
https://openalex.org/W1983378324,10,10,1,US,0
https://openalex.org/W1983384457,6,6,1,US,0
https://openalex.org/W1983395965,2,2,1,CZ,0
https://openalex.org/W1983419621,3,3,1,CA,0
https://openalex.org/W1983426018,13,15,1,CN,0
https://openalex.org/W1983444941,6,6,1,JP,0
https://openalex.org/W1983461099,6,9,2,"RU,US",1
https://openalex.org/W1983484903,6,6,1,CN,0
https://openalex.org/W1983489375,2,2,1,JP,0
https://openalex.org/W1983489565,5,7,1,PT,0
https://openalex.org/W1983505199,6,6,1,US,0
https://openalex.org/W1983510180,1,1,0,,0
https://openalex.org/W1983512707,4,6,2,"CN,JP",1
https://openalex.org/W1983516417,3,3,1,IT,0
https://openalex.org/W1983527150,8,8,1,US,0
https://openalex.org/W1983590135,2,2,1,US,0
https://openalex.org/W1983598278,3,3,1,JP,0
https://openalex.org/W1983601094,6,11,1,CN,0
https://openalex.org/W1983603805,6,6,1,DK,0
https://openalex.org/W1983620707,3,4,2,"CN,JP",1
https://openalex.org/W1983645327,4,4,1,KR,0
https://openalex.org/W1983672220,7,13,2,"FR,JP",1
https://openalex.org/W1983702175,3,3,1,CO,0
https://openalex.org/W1983707542,2,2,1,TW,0
https://openalex.org/W1983731832,1,1,0,,0
https://openalex.org/W1983752386,5,5,1,TN,0
https://openalex.org/W1983761642,5,5,1,JP,0
https://openalex.org/W1983784824,6,6,1,CN,0
https://openalex.org/W1983839542,6,7,1,US,0
https://openalex.org/W1983841015,2,2,1,CN,0
https://openalex.org/W1983908450,2,2,1,SE,0
https://openalex.org/W1983922276,2,2,1,US,0
https://openalex.org/W1983928984,3,3,1,TR,0
https://openalex.org/W1983947592,3,7,1,CN,0
https://openalex.org/W1983957054,3,3,1,CN,0
https://openalex.org/W1983975954,8,8,2,"CN,PR",1
https://openalex.org/W1983997865,4,4,1,BR,0
https://openalex.org/W1983999025,6,6,2,"CZ,JP",1
https://openalex.org/W1984047110,5,5,1,JP,0
https://openalex.org/W1984051903,3,3,1,JP,0
https://openalex.org/W1984064497,2,2,1,US,0
https://openalex.org/W1984075407,3,3,0,,0
https://openalex.org/W1984086254,7,7,2,"DE,RO",1
https://openalex.org/W1984090180,5,5,1,JP,0
https://openalex.org/W1984119905,7,7,1,IT,0
https://openalex.org/W1984206365,7,8,2,"CZ,JP",1
https://openalex.org/W1984258309,5,5,1,KR,0
https://openalex.org/W1984269369,1,1,0,,0
https://openalex.org/W1984309384,4,4,1,BR,0
https://openalex.org/W1984310761,8,8,2,"CN,DE",1
https://openalex.org/W1984321911,2,2,1,IN,0
https://openalex.org/W1984334247,5,5,2,"CA,IR",1
https://openalex.org/W1984335303,1,1,0,,0
https://openalex.org/W1984355041,1,1,0,,0
https://openalex.org/W1984386167,1,1,0,,0
https://openalex.org/W1984395794,5,5,3,"GB,MX,PT",1
https://openalex.org/W1984476273,3,3,1,IN,0
https://openalex.org/W1984478808,2,2,1,JP,0
https://openalex.org/W1984494593,8,13,1,KR,0
https://openalex.org/W1984512164,4,7,3,"CH,FR,IT",1
https://openalex.org/W1984515078,3,4,1,CN,0
https://openalex.org/W1984517307,3,3,1,KR,0
https://openalex.org/W1984559171,6,6,1,US,0
https://openalex.org/W1984583198,1,1,0,,0
https://openalex.org/W1984643222,2,2,1,NL,0
https://openalex.org/W1984653312,4,4,2,"JP,KR",1
https://openalex.org/W1984668845,4,8,1,JP,0
https://openalex.org/W1984678461,6,8,1,BR,0
https://openalex.org/W1984679514,4,4,1,IT,0
https://openalex.org/W1984720378,6,6,1,US,0
https://openalex.org/W1984758857,4,4,2,"DZ,FR",1
https://openalex.org/W1984779255,8,15,1,JP,0
https://openalex.org/W1984784477,4,5,3,"CN,DE,GB",1
https://openalex.org/W1984788187,2,2,1,PL,0
https://openalex.org/W1984804811,2,5,1,DE,0
https://openalex.org/W1984819025,2,2,1,TW,0
https://openalex.org/W1984864776,4,5,2,"CL,FR",1
https://openalex.org/W1984890697,4,4,1,IL,0
https://openalex.org/W1984901848,1,2,0,,0
https://openalex.org/W1984920064,2,2,1,JO,0
https://openalex.org/W1984940980,3,3,1,TW,0
https://openalex.org/W1984942863,3,3,1,CN,0
https://openalex.org/W1984955996,4,4,1,CN,0
https://openalex.org/W1984991322,4,4,1,US,0
https://openalex.org/W1985017516,3,3,1,US,0
https://openalex.org/W1985025812,57,57,1,IT,0
https://openalex.org/W1985051958,5,5,0,,0
https://openalex.org/W1985081757,5,5,1,CN,0
https://openalex.org/W1985088433,2,2,1,BR,0
https://openalex.org/W1985137656,6,7,2,"PL,US",1
https://openalex.org/W1985141798,3,3,1,SI,0
https://openalex.org/W1985163322,5,5,0,,0
https://openalex.org/W1985186984,3,3,1,US,0
https://openalex.org/W1985188498,8,8,2,"DE,ES",1
https://openalex.org/W1985201386,8,12,1,CN,0
https://openalex.org/W1985247623,7,7,2,"GB,US",1
https://openalex.org/W1985248507,4,4,1,IN,0
https://openalex.org/W1985286924,2,2,1,CN,0
https://openalex.org/W1985300367,5,6,2,"KR,US",1
https://openalex.org/W1985303710,3,3,1,CH,0
https://openalex.org/W1985305144,1,1,0,,0
https://openalex.org/W1985325394,6,7,1,CN,0
https://openalex.org/W1985327839,4,4,1,US,0
https://openalex.org/W1985355694,4,4,1,CN,0
https://openalex.org/W1985385095,2,2,1,KR,0
https://openalex.org/W1985420085,3,3,1,US,0
https://openalex.org/W1985509320,3,6,1,FR,0
https://openalex.org/W1985512634,5,5,1,JP,0
https://openalex.org/W1985517539,3,3,1,TW,0
https://openalex.org/W1985545322,3,6,2,"CN,FR",1
https://openalex.org/W1985560412,4,4,1,FR,0
https://openalex.org/W1985570210,4,4,1,CN,0
https://openalex.org/W1985580506,4,4,1,JP,0
https://openalex.org/W1985603752,4,6,1,CN,0
https://openalex.org/W1985607328,6,7,2,"DE,FR",1
https://openalex.org/W1985622385,2,2,2,"RO,US",1
https://openalex.org/W1985656731,2,2,1,US,0
https://openalex.org/W1985659949,4,4,1,KR,0
https://openalex.org/W1985701606,3,3,1,RU,0
https://openalex.org/W1985728424,6,9,1,FR,0
https://openalex.org/W1985807389,3,3,1,JP,0
https://openalex.org/W1985847574,6,6,1,JP,0
https://openalex.org/W1985855083,4,4,1,ES,0
https://openalex.org/W1985881042,2,4,1,FR,0
https://openalex.org/W1985890390,4,4,1,CN,0
https://openalex.org/W1985911004,4,4,1,US,0
https://openalex.org/W1985925293,1,1,0,,0
https://openalex.org/W1985929968,4,4,3,"DE,IE,US",1
https://openalex.org/W1985939985,4,4,1,TW,0
https://openalex.org/W1986005039,2,2,1,US,0
https://openalex.org/W1986031162,2,2,1,PL,0
https://openalex.org/W1986050182,7,7,1,SG,0
https://openalex.org/W1986082040,7,7,2,"ES,NL",1
https://openalex.org/W1986083407,2,4,1,UA,0
https://openalex.org/W1986089708,1,1,0,,0
https://openalex.org/W1986111160,4,4,2,"BR,IT",1
https://openalex.org/W1986111711,3,3,1,JP,0
https://openalex.org/W1986118913,2,2,1,CN,0
https://openalex.org/W1986124901,2,3,1,FR,0
https://openalex.org/W1986132751,3,3,1,SE,0
https://openalex.org/W1986173697,1,2,0,,0
https://openalex.org/W1986188331,3,3,1,GB,0
https://openalex.org/W1986199174,5,5,1,PL,0
https://openalex.org/W1986220034,8,9,2,"RU,SE",1
https://openalex.org/W1986225089,6,6,1,IN,0
https://openalex.org/W1986226253,2,4,1,RU,0
https://openalex.org/W1986244881,6,12,1,GB,0
https://openalex.org/W1986245986,6,6,2,"DE,PT",1
https://openalex.org/W1986247052,3,3,1,CA,0
https://openalex.org/W1986247455,3,3,1,US,0
https://openalex.org/W1986253778,4,4,1,BY,0
https://openalex.org/W1986275145,2,2,1,TW,0
https://openalex.org/W1986278891,2,2,1,UA,0
https://openalex.org/W1986294046,7,10,1,FR,0
https://openalex.org/W1986308974,4,4,1,JP,0
https://openalex.org/W1986340089,2,2,1,PL,0
https://openalex.org/W1986349222,7,7,1,JP,0
https://openalex.org/W1986384819,3,3,1,IT,0
https://openalex.org/W1986419169,5,5,2,"KR,RU",1
https://openalex.org/W1986438869,3,4,1,CA,0
https://openalex.org/W1986484545,10,10,1,CN,0
https://openalex.org/W1986490389,2,2,1,JP,0
https://openalex.org/W1986530585,4,4,0,,0
https://openalex.org/W1986576072,5,9,2,"CN,JP",1
https://openalex.org/W1986591809,2,2,1,US,0
https://openalex.org/W1986602325,5,5,1,US,0
https://openalex.org/W1986608200,4,5,2,"CN,HK",1
https://openalex.org/W1986636539,4,4,1,JP,0
https://openalex.org/W1986639812,15,18,1,GB,0
https://openalex.org/W1986646988,3,6,1,FR,0
https://openalex.org/W1986668162,1,1,0,,0
https://openalex.org/W1986674614,4,4,1,CN,0
https://openalex.org/W1986697794,1,1,0,,0
https://openalex.org/W1986742612,5,5,1,FR,0
https://openalex.org/W1986746031,12,12,6,"CZ,DE,FI,HU,RU,UA",1
https://openalex.org/W1986784344,4,4,1,PL,0
https://openalex.org/W1986793540,1,1,0,,0
https://openalex.org/W1986798237,6,12,1,RU,0
https://openalex.org/W1986800513,6,6,2,"MX,US",1
https://openalex.org/W1986813738,4,4,1,US,0
https://openalex.org/W1986814904,7,7,1,IT,0
https://openalex.org/W1986818583,5,6,1,CN,0
https://openalex.org/W1986832775,9,9,1,US,0
https://openalex.org/W1986847664,3,3,1,CN,0
https://openalex.org/W1986854664,5,5,1,SG,0
https://openalex.org/W1986857302,3,3,1,KR,0
https://openalex.org/W1986858887,6,7,2,"JP,US",1
https://openalex.org/W1986898324,1,2,0,,0
https://openalex.org/W1986933105,3,3,2,"SE,SI",1
https://openalex.org/W1986943511,16,16,1,KR,0
https://openalex.org/W1986950825,1,2,0,,0
https://openalex.org/W1986953724,4,4,1,KR,0
https://openalex.org/W1986959673,4,8,1,AR,0
https://openalex.org/W1987000611,25,26,6,"CA,CH,IT,JP,RO,US",1
https://openalex.org/W1987040250,6,6,1,BG,0
https://openalex.org/W1987051001,4,13,1,FR,0
https://openalex.org/W1987090787,3,3,1,IR,0
https://openalex.org/W1987092410,3,3,0,,0
https://openalex.org/W1987116633,9,14,3,"ES,FR,IT",1
https://openalex.org/W1987135939,3,3,1,US,0
https://openalex.org/W1987173006,1,1,0,,0
https://openalex.org/W1987203257,1,1,0,,0
https://openalex.org/W1987212361,3,3,1,US,0
https://openalex.org/W1987220282,4,4,1,KR,0
https://openalex.org/W1987221981,4,4,1,CN,0
https://openalex.org/W1987253153,2,2,1,US,0
https://openalex.org/W1987254424,7,7,1,US,0
https://openalex.org/W1987254868,6,6,1,RU,0
https://openalex.org/W1987259617,5,6,1,VE,0
https://openalex.org/W1987261723,3,3,1,BE,0
https://openalex.org/W1987266183,7,11,1,CN,0
https://openalex.org/W1987289357,2,2,1,DE,0
https://openalex.org/W1987304833,3,3,1,CA,0
https://openalex.org/W1987355831,3,3,1,JP,0
https://openalex.org/W1987356675,1,1,0,,0
https://openalex.org/W1987364548,3,6,1,US,0
https://openalex.org/W1987370571,3,3,1,CN,0
https://openalex.org/W1987398058,4,4,1,CA,0
https://openalex.org/W1987401354,7,7,1,SE,0
https://openalex.org/W1987413306,6,6,1,AT,0
https://openalex.org/W1987441881,5,5,2,"DE,PL",1
https://openalex.org/W1987454880,2,2,1,TR,0
https://openalex.org/W1987461087,8,11,2,"MX,US",1
https://openalex.org/W1987462745,7,7,1,DE,0
https://openalex.org/W1987472707,4,4,1,FR,0
https://openalex.org/W1987487412,2,2,1,IN,0
https://openalex.org/W1987499599,6,12,1,US,0
https://openalex.org/W1987511918,3,3,1,JP,0
https://openalex.org/W198751673,9,9,1,CN,0
https://openalex.org/W1987540483,3,3,1,FR,0
https://openalex.org/W1987550924,2,2,1,DE,0
https://openalex.org/W1987616576,4,5,3,"DE,FR,US",1
https://openalex.org/W1987622370,10,10,1,US,0
https://openalex.org/W1987666862,3,3,1,GB,0
https://openalex.org/W1987669192,6,8,1,BR,0
https://openalex.org/W1987672880,4,4,2,"GB,IL",1
https://openalex.org/W1987723353,7,7,1,KR,0
https://openalex.org/W1987731399,6,9,1,JP,0
https://openalex.org/W1987738131,3,3,1,US,0
https://openalex.org/W1987830227,3,3,1,IN,0
https://openalex.org/W1987847925,2,2,2,"AT,US",1
https://openalex.org/W1987881422,19,19,1,US,0
https://openalex.org/W1987883819,5,5,1,AT,0
https://openalex.org/W1987889117,3,3,1,SI,0
https://openalex.org/W1987900176,5,5,2,"CN,JP",1
https://openalex.org/W1987925546,4,4,1,US,0
https://openalex.org/W1987954476,8,8,1,US,0
https://openalex.org/W1987964835,4,4,0,,0
https://openalex.org/W1987980046,3,3,1,US,0
https://openalex.org/W1988015799,3,3,1,US,0
https://openalex.org/W1988021619,7,7,1,JP,0
https://openalex.org/W1988038120,3,3,1,AR,0
https://openalex.org/W1988039051,1,1,0,,0
https://openalex.org/W1988061088,5,12,1,FR,0
https://openalex.org/W1988061669,3,3,1,FR,0
https://openalex.org/W1988119890,2,3,2,"BG,RU",1
https://openalex.org/W1988129206,1,1,0,,0
https://openalex.org/W1988142783,3,5,1,FR,0
https://openalex.org/W1988148726,4,5,3,"CA,CU,ES",1
https://openalex.org/W1988155290,3,3,1,KR,0
https://openalex.org/W1988158225,5,5,2,"CN,JP",1
https://openalex.org/W1988175638,7,7,1,GB,0
https://openalex.org/W1988266455,6,6,1,TW,0
https://openalex.org/W1988271984,2,2,1,IT,0
https://openalex.org/W1988304748,2,2,1,JO,0
https://openalex.org/W1988324970,8,8,3,"BE,NL,TR",1
https://openalex.org/W1988335746,4,4,1,KR,0
https://openalex.org/W1988338096,1,1,0,,0
https://openalex.org/W1988361770,3,4,1,CN,0
https://openalex.org/W1988372120,3,3,1,IN,0
https://openalex.org/W1988417423,6,6,1,DE,0
https://openalex.org/W1988422239,4,5,1,CN,0
https://openalex.org/W1988441625,2,2,1,TW,0
https://openalex.org/W1988455138,2,2,1,JP,0
https://openalex.org/W1988466565,5,5,1,PL,0
https://openalex.org/W1988476791,8,8,1,US,0
https://openalex.org/W1988524829,8,8,3,"HU,IT,US",1
https://openalex.org/W1988534187,11,11,1,JP,0
https://openalex.org/W1988555605,5,10,1,MX,0
https://openalex.org/W1988562269,4,4,2,"CA,US",1
https://openalex.org/W1988580426,3,3,2,"GB,KR",1
https://openalex.org/W1988610322,2,2,1,US,0
https://openalex.org/W1988612706,3,3,1,JP,0
https://openalex.org/W1988642774,3,3,2,"AT,GR",1
https://openalex.org/W1988643366,5,5,1,KR,0
https://openalex.org/W1988659710,7,14,1,SG,0
https://openalex.org/W1988667494,1,1,0,,0
https://openalex.org/W1988671194,13,13,1,JP,0
https://openalex.org/W1988675918,8,8,1,DE,0
https://openalex.org/W1988682708,3,3,1,CN,0
https://openalex.org/W1988720806,4,4,1,CN,0
https://openalex.org/W1988730560,3,3,1,US,0
https://openalex.org/W1988732606,2,2,1,RU,0
https://openalex.org/W1988737899,6,6,2,"KR,US",1
https://openalex.org/W1988782451,4,4,1,JP,0
https://openalex.org/W1988812704,6,6,1,TW,0
https://openalex.org/W1988874974,1,1,0,,0
https://openalex.org/W1988885037,5,5,1,JP,0
https://openalex.org/W1988902200,4,5,3,"AU,MX,US",1
https://openalex.org/W1988922702,8,12,3,"BE,FR,GB",1
https://openalex.org/W1988928075,1,1,0,,0
https://openalex.org/W1988948014,4,12,1,US,0
https://openalex.org/W1988963223,6,6,1,US,0
https://openalex.org/W1988963525,3,3,1,BR,0
https://openalex.org/W1988975136,3,3,1,FR,0
https://openalex.org/W1988990613,5,6,2,"PL,RU",1
https://openalex.org/W1988992033,6,6,1,CN,0
https://openalex.org/W1989002170,13,13,2,"JP,NL",1
https://openalex.org/W1989003133,2,2,2,"CL,SE",1
https://openalex.org/W1989016433,2,2,1,US,0
https://openalex.org/W1989023720,2,2,1,KR,0
https://openalex.org/W1989040917,4,5,1,CN,0
https://openalex.org/W1989054437,10,10,1,BY,0
https://openalex.org/W1989105771,4,4,1,IN,0
https://openalex.org/W1989136167,3,3,1,NL,0
https://openalex.org/W1989192075,5,5,2,"TW,US",1
https://openalex.org/W1989264422,13,13,3,"CZ,FR,JP",1
https://openalex.org/W1989266808,4,4,1,JP,0
https://openalex.org/W1989267639,2,2,1,US,0
https://openalex.org/W1989321438,2,2,1,DE,0
https://openalex.org/W1989336321,7,12,2,"CH,CZ",1
https://openalex.org/W1989380830,7,14,1,US,0
https://openalex.org/W1989386794,3,3,0,,0
https://openalex.org/W1989422344,8,8,1,US,0
https://openalex.org/W1989438933,3,3,1,SE,0
https://openalex.org/W1989498545,4,4,1,JP,0
https://openalex.org/W1989502953,4,4,1,JP,0
https://openalex.org/W1989505588,2,2,1,US,0
https://openalex.org/W1989520921,4,4,1,JP,0
https://openalex.org/W1989530384,10,10,1,PL,0
https://openalex.org/W1989544678,1,1,0,,0
https://openalex.org/W1989553453,3,3,2,"GB,NL",1
https://openalex.org/W1989589449,5,5,1,JP,0
https://openalex.org/W1989669908,6,9,1,CN,0
https://openalex.org/W1989674003,2,4,1,ES,0
https://openalex.org/W1989691627,6,7,2,"CN,DK",1
https://openalex.org/W1989729413,1,1,0,,0
https://openalex.org/W1989751194,3,9,2,"HU,ZA",1
https://openalex.org/W1989794734,7,7,1,JP,0
https://openalex.org/W1989820922,4,4,1,RU,0
https://openalex.org/W1989843937,7,7,3,"CH,DE,IT",1
https://openalex.org/W1989884507,2,2,1,US,0
https://openalex.org/W1989886875,4,8,1,FR,0
https://openalex.org/W1989922663,2,2,1,IT,0
https://openalex.org/W1989936464,5,7,1,US,0
https://openalex.org/W1989938145,3,3,2,"PK,US",1
https://openalex.org/W1989957864,5,5,1,DZ,0
https://openalex.org/W1990010325,3,6,1,IN,0
https://openalex.org/W1990016397,9,21,1,FR,0
https://openalex.org/W1990035959,2,2,1,US,0
https://openalex.org/W1990038949,5,5,1,JP,0
https://openalex.org/W1990090565,4,8,1,BE,0
https://openalex.org/W1990107269,8,24,2,"CA,DE",1
https://openalex.org/W1990118693,2,2,1,IN,0
https://openalex.org/W1990130619,7,10,1,SG,0
https://openalex.org/W1990152851,4,4,1,ZA,0
https://openalex.org/W1990162791,1,1,0,,0
https://openalex.org/W1990162907,3,3,1,CN,0
https://openalex.org/W1990182651,3,3,1,GB,0
https://openalex.org/W1990198798,2,2,1,IN,0
https://openalex.org/W1990205944,2,2,1,ZA,0
https://openalex.org/W1990214982,3,3,1,DE,0
https://openalex.org/W1990216715,6,8,1,CA,0
https://openalex.org/W1990232816,4,4,1,TR,0
https://openalex.org/W1990233377,8,11,1,JP,0
https://openalex.org/W1990234393,5,8,2,"FR,PL",1
https://openalex.org/W1990241050,3,3,1,DE,0
https://openalex.org/W1990255851,4,8,1,IN,0
https://openalex.org/W1990287392,9,11,3,"CN,CZ,JP",1
https://openalex.org/W1990339575,6,6,1,US,0
https://openalex.org/W1990348138,7,7,2,"AU,IL",1
https://openalex.org/W1990351265,3,6,1,US,0
https://openalex.org/W1990381998,3,3,1,JP,0
https://openalex.org/W1990472541,2,2,1,GB,0
https://openalex.org/W1990481039,4,4,2,"AU,BR",1
https://openalex.org/W1990483191,8,8,1,CN,0
https://openalex.org/W1990484421,7,7,1,JP,0
https://openalex.org/W1990490451,4,6,1,PL,0
https://openalex.org/W1990515160,5,5,2,"CH,FR",1
https://openalex.org/W1990536004,3,3,1,US,0
https://openalex.org/W1990541360,6,6,1,JP,0
https://openalex.org/W1990558269,8,12,2,"DE,FR",1
https://openalex.org/W1990572521,1,1,0,,0
https://openalex.org/W1990576940,1,1,0,,0
https://openalex.org/W1990595493,13,13,5,"DE,IT,PL,RU,US",1
https://openalex.org/W1990617024,5,8,1,JP,0
https://openalex.org/W1990662975,5,5,1,CA,0
https://openalex.org/W1990686646,3,3,1,JP,0
https://openalex.org/W1990691014,6,6,2,"GB,US",1
https://openalex.org/W1990754976,1,1,0,,0
https://openalex.org/W1990773504,1,2,0,,0
https://openalex.org/W1990809898,3,4,1,CN,0
https://openalex.org/W1990826350,2,2,1,FI,0
https://openalex.org/W1990839298,9,15,1,SK,0
https://openalex.org/W1990865040,5,8,1,BR,0
https://openalex.org/W1990874413,3,3,1,US,0
https://openalex.org/W1990879618,3,3,1,FR,0
https://openalex.org/W1990915476,4,4,1,JP,0
https://openalex.org/W1990919340,5,5,1,US,0
https://openalex.org/W1990944122,1,1,0,,0
https://openalex.org/W1990946830,4,4,1,JP,0
https://openalex.org/W1990948104,6,9,2,"IN,US",1
https://openalex.org/W1990993887,6,6,1,IT,0
https://openalex.org/W1991025170,3,3,1,AU,0
https://openalex.org/W1991033992,4,5,2,"CA,JP",1
https://openalex.org/W1991049354,3,3,1,JP,0
https://openalex.org/W1991061480,4,4,1,CN,0
https://openalex.org/W1991087434,8,8,1,US,0
https://openalex.org/W1991106975,5,5,1,US,0
https://openalex.org/W1991110991,1,3,0,,0
https://openalex.org/W1991159087,4,7,1,HK,0
https://openalex.org/W1991160793,5,5,2,"IN,JP",1
https://openalex.org/W1991190654,4,4,1,EG,0
https://openalex.org/W1991226948,3,3,1,JP,0
https://openalex.org/W1991229328,3,3,1,BY,0
https://openalex.org/W1991230964,4,4,2,"BE,US",1
https://openalex.org/W1991270397,5,5,1,US,0
https://openalex.org/W1991271868,5,5,1,CN,0
https://openalex.org/W1991293657,6,6,3,"CH,GB,SE",1
https://openalex.org/W1991302676,1,1,0,,0
https://openalex.org/W1991329634,4,8,1,DE,0
https://openalex.org/W1991344435,4,4,1,CN,0
https://openalex.org/W1991350799,6,7,1,JP,0
https://openalex.org/W1991353080,4,4,2,"DE,US",1
https://openalex.org/W1991368625,2,2,1,IN,0
https://openalex.org/W1991375590,6,6,1,JP,0
https://openalex.org/W1991391192,3,3,1,TW,0
https://openalex.org/W1991404037,5,5,1,KR,0
https://openalex.org/W1991413783,3,4,2,"BE,CO",1
https://openalex.org/W1991421648,2,4,1,FR,0
https://openalex.org/W1991491644,4,4,0,,0
https://openalex.org/W1991493434,11,11,1,US,0
https://openalex.org/W1991495407,3,3,1,IL,0
https://openalex.org/W1991496373,7,14,1,IT,0
https://openalex.org/W1991497689,7,9,1,FR,0
https://openalex.org/W1991524078,5,11,1,ES,0
https://openalex.org/W1991564281,70,70,2,"IT,US",1
https://openalex.org/W1991619344,6,6,2,"AR,US",1
https://openalex.org/W1991620319,4,4,1,JP,0
https://openalex.org/W1991644253,7,11,1,CN,0
https://openalex.org/W1991663872,4,4,1,CN,0
https://openalex.org/W1991667703,4,4,1,FR,0
https://openalex.org/W1991673771,4,4,1,TW,0
https://openalex.org/W1991687205,2,2,1,SG,0
https://openalex.org/W1991691023,3,3,1,TW,0
https://openalex.org/W1991699007,2,2,1,JP,0
https://openalex.org/W1991768612,1,1,0,,0
https://openalex.org/W1991805080,3,3,1,IN,0
https://openalex.org/W1991857099,5,5,2,"ES,IT",1
https://openalex.org/W1991884049,2,2,1,SI,0
https://openalex.org/W1991900098,7,7,2,"GB,SK",1
https://openalex.org/W1991922873,3,4,2,"FR,PL",1
https://openalex.org/W1991936294,5,5,1,BE,0
https://openalex.org/W1991997877,3,6,1,DE,0
https://openalex.org/W1992001497,1,1,0,,0
https://openalex.org/W1992024062,3,3,1,US,0
https://openalex.org/W1992072039,1,1,0,,0
https://openalex.org/W1992079359,3,3,1,US,0
https://openalex.org/W1992092679,8,8,1,CN,0
https://openalex.org/W1992109984,2,2,1,DE,0
https://openalex.org/W1992113014,2,2,1,KR,0
https://openalex.org/W1992132501,7,7,1,BR,0
https://openalex.org/W1992133840,6,7,1,IT,0
https://openalex.org/W1992139567,5,5,1,US,0
https://openalex.org/W1992160532,1,1,0,,0
https://openalex.org/W1992161235,3,3,1,US,0
https://openalex.org/W1992179461,3,3,1,DE,0
https://openalex.org/W1992203239,2,2,1,DE,0
https://openalex.org/W1992225026,3,3,1,JP,0
https://openalex.org/W1992226557,6,6,2,"DE,IN",1
https://openalex.org/W1992230774,2,4,2,"DE,RU",1
https://openalex.org/W1992233724,2,2,1,CN,0
https://openalex.org/W1992288933,2,3,1,TW,0
https://openalex.org/W1992321264,6,6,1,JP,0
https://openalex.org/W1992354885,7,7,1,GB,0
https://openalex.org/W1992372442,9,13,2,"CA,CN",1
https://openalex.org/W1992379499,4,4,1,CA,0
https://openalex.org/W1992379666,3,3,1,EG,0
https://openalex.org/W1992381066,2,2,1,JP,0
https://openalex.org/W1992391703,5,5,2,"AT,JP",1
https://openalex.org/W1992409601,48,49,3,"CH,IT,SK",1
https://openalex.org/W1992462665,8,8,1,JP,0
https://openalex.org/W1992471251,5,5,1,JP,0
https://openalex.org/W1992477694,4,4,1,DE,0
https://openalex.org/W1992524817,3,3,1,SG,0
https://openalex.org/W1992563914,2,2,2,"AU,DK",1
https://openalex.org/W1992569509,6,7,1,CN,0
https://openalex.org/W1992597630,3,3,2,"DE,IN",1
https://openalex.org/W1992598116,3,3,1,DK,0
https://openalex.org/W1992605671,8,8,3,"FR,IT,RU",1
https://openalex.org/W1992614307,3,3,1,CN,0
https://openalex.org/W1992621371,4,4,1,US,0
https://openalex.org/W1992631758,2,2,1,US,0
https://openalex.org/W1992736123,4,4,1,JP,0
https://openalex.org/W1992742613,5,5,2,"CA,FR",1
https://openalex.org/W1992751494,5,5,1,JP,0
https://openalex.org/W1992758031,2,2,1,NL,0
https://openalex.org/W1992768959,4,4,1,UA,0
https://openalex.org/W1992769945,2,2,1,RU,0
https://openalex.org/W1992777504,2,2,1,CA,0
https://openalex.org/W1992784078,5,5,1,DE,0
https://openalex.org/W1992791281,5,5,1,TW,0
https://openalex.org/W1992794118,6,6,1,DE,0
https://openalex.org/W1992801370,6,7,2,"GR,UA",1
https://openalex.org/W1992805850,4,4,1,JP,0
https://openalex.org/W1992815427,1,1,0,,0
https://openalex.org/W1992817704,4,4,2,"JP,US",1
https://openalex.org/W1992832443,3,5,1,CN,0
https://openalex.org/W1992840026,3,3,1,GB,0
https://openalex.org/W1992857308,4,5,1,KR,0
https://openalex.org/W1992860421,2,2,1,US,0
https://openalex.org/W1992864469,5,5,1,CN,0
https://openalex.org/W1992896924,2,2,2,"CN,JP",1
https://openalex.org/W1992933728,4,4,1,EG,0
https://openalex.org/W1992963686,5,9,1,FR,0
https://openalex.org/W1993010377,2,2,1,US,0
https://openalex.org/W1993011610,8,8,1,KR,0
https://openalex.org/W1993017421,6,6,2,"GB,JP",1
https://openalex.org/W1993026503,3,4,1,JP,0
https://openalex.org/W1993038675,2,2,1,KR,0
https://openalex.org/W1993045571,3,3,1,AU,0
https://openalex.org/W1993045959,3,3,2,"JP,KR",1
https://openalex.org/W1993048317,4,4,1,JP,0
https://openalex.org/W1993057053,3,3,2,"JP,SE",1
https://openalex.org/W1993069112,3,3,1,IT,0
https://openalex.org/W1993118836,5,5,1,US,0
https://openalex.org/W1993121107,6,6,1,CN,0
https://openalex.org/W1993134770,5,5,1,NL,0
https://openalex.org/W1993207430,4,4,1,CN,0
https://openalex.org/W1993221339,5,5,1,CN,0
https://openalex.org/W1993231437,4,4,1,JP,0
https://openalex.org/W1993233277,4,4,1,JP,0
https://openalex.org/W1993267241,6,6,1,BR,0
https://openalex.org/W1993271523,10,17,2,"GB,IE",1
https://openalex.org/W1993301736,2,2,2,"BE,GB",1
https://openalex.org/W1993314023,4,4,1,IL,0
https://openalex.org/W1993346984,3,3,1,DE,0
https://openalex.org/W1993361248,4,5,1,TW,0
https://openalex.org/W1993364475,5,13,2,"FR,LB",1
https://openalex.org/W1993379430,3,4,2,"AT,AU",1
https://openalex.org/W1993455144,3,3,1,SG,0
https://openalex.org/W1993460282,4,4,2,"BE,US",1
https://openalex.org/W1993462559,1,2,0,,0
https://openalex.org/W1993465984,4,4,0,,0
https://openalex.org/W1993480968,1,1,0,,0
https://openalex.org/W1993481892,2,2,1,US,0
https://openalex.org/W1993486389,4,4,1,JP,0
https://openalex.org/W1993487163,2,2,1,KR,0
https://openalex.org/W1993487862,3,3,2,"CA,US",1
https://openalex.org/W1993490107,1,1,0,,0
https://openalex.org/W1993499806,4,4,1,US,0
https://openalex.org/W1993501826,4,4,1,IN,0
https://openalex.org/W1993503237,8,9,1,US,0
https://openalex.org/W1993519757,2,2,1,US,0
https://openalex.org/W1993522842,4,4,1,FR,0
https://openalex.org/W1993537299,4,4,0,,0
https://openalex.org/W1993547705,3,3,1,IN,0
https://openalex.org/W1993595468,1,1,0,,0
https://openalex.org/W1993596210,9,9,1,CN,0
https://openalex.org/W1993605077,2,2,1,IN,0
https://openalex.org/W1993611976,1,1,0,,0
https://openalex.org/W1993637869,3,3,0,,0
https://openalex.org/W1993690808,4,4,1,TW,0
https://openalex.org/W1993760114,2,2,1,US,0
https://openalex.org/W1993761453,5,5,3,"ES,MX,RU",1
https://openalex.org/W1993896917,8,8,1,SG,0
https://openalex.org/W1993901743,4,4,1,FR,0
https://openalex.org/W1993908242,3,3,1,PT,0
https://openalex.org/W1993919621,7,7,1,US,0
https://openalex.org/W1993932438,5,10,1,FR,0
https://openalex.org/W1993932500,8,8,1,IT,0
https://openalex.org/W1993956100,3,3,1,US,0
https://openalex.org/W1993970871,2,2,1,JP,0
https://openalex.org/W1993990570,4,4,1,BR,0
https://openalex.org/W1993991527,7,12,1,FR,0
https://openalex.org/W1994021556,4,4,2,"IT,SE",1
https://openalex.org/W1994038295,5,8,3,"CN,HR,US",1
https://openalex.org/W1994059080,3,3,1,MX,0
https://openalex.org/W1994067066,1,1,0,,0
https://openalex.org/W1994076660,7,7,1,IR,0
https://openalex.org/W1994086285,3,3,2,"BE,ES",1
https://openalex.org/W1994086993,3,3,1,CN,0
https://openalex.org/W1994102213,1,2,0,,0
https://openalex.org/W1994111323,1,1,0,,0
https://openalex.org/W1994130870,4,4,1,US,0
https://openalex.org/W1994141880,2,2,1,IN,0
https://openalex.org/W1994177628,7,7,3,"CA,MX,US",1
https://openalex.org/W1994214871,4,5,2,"TW,US",1
https://openalex.org/W1994231322,5,5,1,US,0
https://openalex.org/W1994231374,2,2,1,KR,0
https://openalex.org/W1994241711,3,5,2,"CN,JP",1
https://openalex.org/W1994268173,4,5,2,"AU,CN",1
https://openalex.org/W1994274434,4,4,1,FR,0
https://openalex.org/W1994277358,6,6,0,,0
https://openalex.org/W1994277738,6,6,0,,0
https://openalex.org/W1994283166,6,6,1,ES,0
https://openalex.org/W1994305951,6,12,1,CN,0
https://openalex.org/W1994312920,1,1,0,,0
https://openalex.org/W1994375732,4,4,1,US,0
https://openalex.org/W1994521925,2,2,1,SI,0
https://openalex.org/W1994553703,2,2,1,IN,0
https://openalex.org/W1994555205,5,5,1,KR,0
https://openalex.org/W1994560643,2,2,1,RU,0
https://openalex.org/W1994615961,6,6,1,DE,0
https://openalex.org/W1994675729,2,2,1,JP,0
https://openalex.org/W1994676677,5,5,1,JP,0
https://openalex.org/W1994678929,1,1,0,,0
https://openalex.org/W1994695309,4,4,1,BR,0
https://openalex.org/W1994730112,6,6,1,DE,0
https://openalex.org/W1994737492,4,4,1,JP,0
https://openalex.org/W1994739164,3,3,1,RU,0
https://openalex.org/W1994752575,3,3,1,BE,0
https://openalex.org/W1994802847,6,6,1,JP,0
https://openalex.org/W1994804643,5,5,1,DE,0
https://openalex.org/W1994811603,7,7,2,"MX,UA",1
https://openalex.org/W1994819269,4,12,1,FR,0
https://openalex.org/W1994844570,3,4,1,SG,0
https://openalex.org/W1994844797,2,2,1,SG,0
https://openalex.org/W1994863412,6,18,1,FR,0
https://openalex.org/W1994901815,3,3,2,"UA,US",1
https://openalex.org/W1994902926,3,6,1,US,0
https://openalex.org/W1994906980,5,9,1,JP,0
https://openalex.org/W1994911248,4,4,1,DE,0
https://openalex.org/W1994942488,5,5,0,,0
https://openalex.org/W1994947364,6,6,2,"CA,US",1
https://openalex.org/W1994947853,9,13,2,"AU,CA",1
https://openalex.org/W1994986915,2,2,1,SG,0
https://openalex.org/W1994995648,8,8,1,US,0
https://openalex.org/W1994999501,1,1,0,,0
https://openalex.org/W1995066799,3,3,1,US,0
https://openalex.org/W1995086383,6,7,1,PL,0
https://openalex.org/W1995092870,5,5,1,FI,0
https://openalex.org/W1995165923,5,5,0,,0
https://openalex.org/W1995167258,1,1,0,,0
https://openalex.org/W1995199179,5,5,1,CN,0
https://openalex.org/W1995234790,3,3,1,JP,0
https://openalex.org/W1995250540,1,2,0,,0
https://openalex.org/W1995254978,8,8,1,JP,0
https://openalex.org/W1995268692,6,6,1,CN,0
https://openalex.org/W1995289135,3,3,1,JP,0
https://openalex.org/W1995317217,3,3,1,SI,0
https://openalex.org/W1995345445,2,2,2,"JP,US",1
https://openalex.org/W1995347993,6,6,1,US,0
https://openalex.org/W1995382460,6,6,1,DE,0
https://openalex.org/W1995393884,5,5,1,CZ,0
https://openalex.org/W1995413336,2,2,1,PK,0
https://openalex.org/W1995429333,2,2,1,US,0
https://openalex.org/W1995465842,14,14,1,IT,0
https://openalex.org/W1995470628,2,2,2,"TW,US",1
https://openalex.org/W1995480027,1,1,0,,0
https://openalex.org/W1995496755,3,3,1,DE,0
https://openalex.org/W1995499811,4,4,1,IN,0
https://openalex.org/W1995512769,7,7,1,CA,0
https://openalex.org/W1995539387,5,9,1,FR,0
https://openalex.org/W1995579883,8,8,3,"DE,GB,PT",1
https://openalex.org/W1995581223,6,6,1,JP,0
https://openalex.org/W1995582569,1,2,0,,0
https://openalex.org/W1995600819,5,6,2,"DE,US",1
https://openalex.org/W1995611791,7,7,1,IT,0
https://openalex.org/W1995612532,2,2,1,TW,0
https://openalex.org/W1995622101,3,3,2,"DE,GB",1
https://openalex.org/W1995653958,2,2,1,JP,0
https://openalex.org/W1995663671,7,7,1,FR,0
https://openalex.org/W1995698367,4,5,2,"IN,US",1
https://openalex.org/W1995704359,5,5,1,IN,0
https://openalex.org/W1995716179,1,1,0,,0
https://openalex.org/W1995720470,2,2,1,KR,0
https://openalex.org/W1995721591,3,3,1,CN,0
https://openalex.org/W1995725505,7,7,2,"PT,UA",1
https://openalex.org/W1995730659,6,6,1,GB,0
https://openalex.org/W1995735187,4,4,1,CN,0
https://openalex.org/W1995778190,3,3,2,"AU,SE",1
https://openalex.org/W1995778514,2,3,2,"DE,GB",1
https://openalex.org/W1995808715,3,3,1,GB,0
https://openalex.org/W1995833115,3,3,0,,0
https://openalex.org/W1995869801,2,3,2,"CN,JP",1
https://openalex.org/W1995913846,1,1,0,,0
https://openalex.org/W1995922049,4,4,1,GB,0
https://openalex.org/W1995949029,4,4,1,GB,0
https://openalex.org/W1995950143,5,6,3,"CN,NL,US",1
https://openalex.org/W1995959759,4,4,1,IN,0
https://openalex.org/W1995986685,8,8,2,"TW,US",1
https://openalex.org/W1995996782,6,7,1,IN,0
https://openalex.org/W1996012555,2,2,1,ES,0
https://openalex.org/W1996027002,1,1,0,,0
https://openalex.org/W1996047994,2,4,1,US,0
https://openalex.org/W1996062406,2,2,1,GB,0
https://openalex.org/W1996108886,6,6,1,US,0
https://openalex.org/W1996131522,7,7,1,JP,0
https://openalex.org/W1996142180,2,2,0,,0
https://openalex.org/W1996169616,6,6,2,"CH,DE",1
https://openalex.org/W1996216916,5,5,1,IN,0
https://openalex.org/W1996226399,4,4,1,IN,0
https://openalex.org/W1996228804,2,2,1,GB,0
https://openalex.org/W1996240186,4,4,0,,0
https://openalex.org/W1996250967,7,7,1,JP,0
https://openalex.org/W1996251975,5,5,2,"BE,PL",1
https://openalex.org/W1996275032,4,4,1,IN,0
https://openalex.org/W1996283388,1,1,0,,0
https://openalex.org/W1996289279,3,3,1,CN,0
https://openalex.org/W1996296942,5,5,1,US,0
https://openalex.org/W1996298437,5,8,2,"IT,RU",1
https://openalex.org/W1996310520,5,5,3,"DE,FR,HR",1
https://openalex.org/W1996321280,4,6,3,"ES,JP,RS",1
https://openalex.org/W1996343147,14,14,2,"IR,JP",1
https://openalex.org/W1996345213,5,6,1,US,0
https://openalex.org/W1996349630,3,3,1,EE,0
https://openalex.org/W1996363721,8,8,1,FR,0
https://openalex.org/W1996376207,3,3,1,JP,0
https://openalex.org/W1996432942,4,4,1,US,0
https://openalex.org/W1996482239,4,4,2,"AT,CH",1
https://openalex.org/W1996487727,2,4,1,US,0
https://openalex.org/W1996508531,4,4,3,"CN,JP,KR",1
https://openalex.org/W1996531731,4,8,1,FR,0
https://openalex.org/W1996537636,12,12,1,RU,0
https://openalex.org/W1996538313,2,2,2,"GB,IN",1
https://openalex.org/W1996584563,5,5,2,"CN,GB",1
https://openalex.org/W1996598707,5,5,1,JP,0
https://openalex.org/W1996602776,3,3,1,US,0
https://openalex.org/W1996625745,2,2,1,JP,0
https://openalex.org/W1996626426,4,4,1,GB,0
https://openalex.org/W1996677537,4,4,1,JP,0
https://openalex.org/W1996688902,5,5,1,CN,0
https://openalex.org/W1996705566,4,5,2,"CN,JP",1
https://openalex.org/W1996807490,4,5,2,"GH,TW",1
https://openalex.org/W1996832426,3,3,1,GR,0
https://openalex.org/W1996860687,1,1,0,,0
https://openalex.org/W1996899765,3,4,2,"CN,SG",1
https://openalex.org/W1996916821,5,5,1,FR,0
https://openalex.org/W1996968552,3,3,2,"TR,US",1
https://openalex.org/W1996990381,1,1,0,,0
https://openalex.org/W1997000634,7,7,1,US,0
https://openalex.org/W1997005054,1,2,0,,0
https://openalex.org/W1997026590,2,2,1,US,0
https://openalex.org/W1997054359,1,1,0,,0
https://openalex.org/W1997055131,1,1,0,,0
https://openalex.org/W1997059074,1,1,0,,0
https://openalex.org/W1997062321,6,6,1,CN,0
https://openalex.org/W1997075117,5,5,2,"BR,PT",1
https://openalex.org/W1997083329,2,2,1,CZ,0
https://openalex.org/W1997108148,7,7,1,RU,0
https://openalex.org/W1997118213,7,7,0,,0
https://openalex.org/W1997143105,1,1,0,,0
https://openalex.org/W1997165736,5,5,1,JP,0
https://openalex.org/W1997168016,2,6,1,FR,0
https://openalex.org/W1997168115,4,4,1,TW,0
https://openalex.org/W1997173697,3,3,1,JP,0
https://openalex.org/W1997188484,1,1,0,,0
https://openalex.org/W1997341220,5,5,1,KR,0
https://openalex.org/W1997352809,2,2,1,CN,0
https://openalex.org/W1997370072,3,3,1,IR,0
https://openalex.org/W1997388490,6,18,1,FR,0
https://openalex.org/W1997401709,2,2,1,IT,0
https://openalex.org/W1997419442,1,2,0,,0
https://openalex.org/W1997438983,2,2,1,KR,0
https://openalex.org/W1997452924,5,5,1,CN,0
https://openalex.org/W1997461732,5,5,1,JP,0
https://openalex.org/W1997466467,6,6,1,JP,0
https://openalex.org/W1997472384,1,1,0,,0
https://openalex.org/W1997485243,4,4,1,AU,0
https://openalex.org/W1997507261,4,4,0,,0
https://openalex.org/W1997535082,1,1,0,,0
https://openalex.org/W1997545770,5,5,1,CN,0
https://openalex.org/W1997566215,9,18,1,FR,0
https://openalex.org/W1997613547,3,5,1,PL,0
https://openalex.org/W1997633861,4,4,1,JP,0
https://openalex.org/W1997687999,3,5,1,CN,0
https://openalex.org/W1997689272,3,3,1,LK,0
https://openalex.org/W1997706368,5,5,1,CN,0
https://openalex.org/W1997729018,4,4,1,FR,0
https://openalex.org/W1997730085,3,4,1,SE,0
https://openalex.org/W1997754466,6,6,1,RU,0
https://openalex.org/W1997775795,2,2,1,BY,0
https://openalex.org/W1997799711,3,4,2,"KR,US",1
https://openalex.org/W1997895645,10,10,1,IT,0
https://openalex.org/W1997909165,2,2,1,BR,0
https://openalex.org/W1997934683,8,11,1,IT,0
https://openalex.org/W1997943040,2,2,1,TW,0
https://openalex.org/W1997999646,1,1,0,,0
https://openalex.org/W1998006268,5,5,1,US,0
https://openalex.org/W1998011404,74,78,5,"FR,IN,IT,PL,RO",1
https://openalex.org/W1998030512,5,5,1,CN,0
https://openalex.org/W1998055149,10,10,1,DE,0
https://openalex.org/W1998073692,5,5,1,US,0
https://openalex.org/W1998075390,1,1,0,,0
https://openalex.org/W1998103094,4,4,0,,0
https://openalex.org/W1998132271,3,3,1,DE,0
https://openalex.org/W1998151476,2,2,1,FR,0
https://openalex.org/W1998175859,3,3,1,IN,0
https://openalex.org/W1998189134,6,6,1,JP,0
https://openalex.org/W1998209493,10,10,1,JP,0
https://openalex.org/W1998250845,5,5,1,US,0
https://openalex.org/W1998269210,2,2,1,CH,0
https://openalex.org/W1998286649,3,5,2,"FR,MX",1
https://openalex.org/W1998295485,1,1,0,,0
https://openalex.org/W1998300739,5,5,1,CA,0
https://openalex.org/W1998308285,2,2,1,BG,0
https://openalex.org/W1998321261,7,7,1,US,0
https://openalex.org/W1998337598,3,3,1,US,0
https://openalex.org/W1998339504,2,2,0,,0
https://openalex.org/W1998350033,4,4,1,KR,0
https://openalex.org/W1998379171,2,2,1,US,0
https://openalex.org/W1998460311,4,4,1,AU,0
https://openalex.org/W1998476700,2,2,1,US,0
https://openalex.org/W1998492857,3,3,1,CN,0
https://openalex.org/W1998507953,2,2,1,KR,0
https://openalex.org/W1998519244,3,3,1,CZ,0
https://openalex.org/W1998551642,1,1,0,,0
https://openalex.org/W1998560893,2,2,1,RO,0
https://openalex.org/W1998568589,2,3,1,CN,0
https://openalex.org/W1998597019,7,7,1,US,0
https://openalex.org/W1998606536,6,6,1,RU,0
https://openalex.org/W1998608664,8,10,1,US,0
https://openalex.org/W1998619809,2,2,1,US,0
https://openalex.org/W1998622507,6,6,1,AU,0
https://openalex.org/W1998650092,4,4,1,JP,0
https://openalex.org/W1998656362,1,1,0,,0
https://openalex.org/W1998675969,2,3,1,RU,0
https://openalex.org/W1998676553,2,2,1,TW,0
https://openalex.org/W1998679668,7,7,2,"SE,US",1
https://openalex.org/W1998728515,7,12,1,DE,0
https://openalex.org/W1998729620,5,5,1,CN,0
https://openalex.org/W1998735791,5,15,3,"CA,TW,US",1
https://openalex.org/W1998784189,7,7,0,,0
https://openalex.org/W1998835502,4,8,1,CN,0
https://openalex.org/W1998858533,3,6,2,"CA,PK",1
https://openalex.org/W1998869443,2,2,1,PH,0
https://openalex.org/W1998938717,8,8,1,CN,0
https://openalex.org/W1998986614,5,5,1,CN,0
https://openalex.org/W1999013461,8,9,1,JP,0
https://openalex.org/W1999043273,3,6,1,GB,0
https://openalex.org/W1999044916,5,5,1,KR,0
https://openalex.org/W1999049421,8,8,1,CN,0
https://openalex.org/W1999071249,5,5,1,HK,0
https://openalex.org/W1999076113,3,3,1,IR,0
https://openalex.org/W1999116469,2,2,1,JP,0
https://openalex.org/W1999126191,2,2,1,GB,0
https://openalex.org/W1999129435,3,6,1,US,0
https://openalex.org/W1999184772,5,5,1,IN,0
https://openalex.org/W1999184820,6,12,1,CN,0
https://openalex.org/W1999194160,4,4,1,BE,0
https://openalex.org/W1999199808,4,4,1,MU,0
https://openalex.org/W1999200127,4,4,1,JP,0
https://openalex.org/W1999203245,1,1,0,,0
https://openalex.org/W1999239158,3,3,1,FR,0
https://openalex.org/W1999270308,8,8,1,JP,0
https://openalex.org/W1999273684,2,2,1,CN,0
https://openalex.org/W1999282113,5,5,1,JP,0
https://openalex.org/W1999335485,4,4,1,KR,0
https://openalex.org/W1999364990,2,8,1,FR,0
https://openalex.org/W1999432067,5,5,1,DE,0
https://openalex.org/W1999450096,5,5,1,US,0
https://openalex.org/W1999490689,6,6,1,JP,0
https://openalex.org/W1999493972,3,3,1,AT,0
https://openalex.org/W1999505616,2,2,1,DE,0
https://openalex.org/W1999508478,7,7,1,KR,0
https://openalex.org/W1999519949,3,3,0,,0
https://openalex.org/W1999570774,2,2,1,DE,0
https://openalex.org/W1999605267,9,11,3,"BY,CH,PL",1
https://openalex.org/W1999630782,6,6,1,FR,0
https://openalex.org/W1999633146,4,4,1,CZ,0
https://openalex.org/W1999637899,1,1,0,,0
https://openalex.org/W1999645211,3,3,2,"TR,US",1
https://openalex.org/W1999674223,4,4,1,JP,0
https://openalex.org/W1999686981,4,12,2,"FR,RU",1
https://openalex.org/W1999722406,4,7,2,"CZ,JP",1
https://openalex.org/W1999738886,6,7,1,CN,0
https://openalex.org/W1999751944,4,4,0,,0
https://openalex.org/W1999764718,3,3,1,CN,0
https://openalex.org/W1999776108,9,9,1,US,0
https://openalex.org/W1999792410,5,5,2,"RU,US",1
https://openalex.org/W1999802611,6,6,1,US,0
https://openalex.org/W1999831814,5,5,1,NL,0
https://openalex.org/W1999922275,11,11,1,DE,0
https://openalex.org/W1999949150,6,6,1,TW,0
https://openalex.org/W1999950252,4,4,2,"PT,US",1
https://openalex.org/W1999956570,1,1,0,,0
https://openalex.org/W1999963692,5,9,1,BR,0
https://openalex.org/W1999974153,1,1,0,,0
https://openalex.org/W2000046709,4,4,1,GB,0
https://openalex.org/W2000065002,11,11,1,AR,0
https://openalex.org/W2000109557,4,11,1,FR,0
https://openalex.org/W2000122399,3,3,1,TR,0
https://openalex.org/W2000164285,5,5,1,CN,0
https://openalex.org/W2000167035,3,3,1,NL,0
https://openalex.org/W2000169999,3,3,1,US,0
https://openalex.org/W2000207514,7,7,1,US,0
https://openalex.org/W2000247827,1,1,0,,0
https://openalex.org/W2000264157,1,1,0,,0
https://openalex.org/W2000267234,8,18,1,RU,0
https://openalex.org/W2000290718,2,4,1,GB,0
https://openalex.org/W2000333166,6,9,1,CN,0
https://openalex.org/W2000336794,6,10,1,BR,0
https://openalex.org/W2000343655,3,3,1,JP,0
https://openalex.org/W2000391003,8,8,1,TW,0
https://openalex.org/W2000420765,4,4,1,CA,0
https://openalex.org/W2000465353,2,2,1,AM,0
https://openalex.org/W2000469202,3,3,2,"BY,RU",1
https://openalex.org/W2000497551,1,1,0,,0
https://openalex.org/W2000498672,5,5,1,SE,0
https://openalex.org/W2000513803,8,11,2,"DE,RU",1
https://openalex.org/W2000518700,4,8,1,US,0
https://openalex.org/W2000518733,1,2,0,,0
https://openalex.org/W2000520972,9,9,1,US,0
https://openalex.org/W2000522077,26,26,4,"AT,BE,CH,DE",1
https://openalex.org/W2000566185,6,6,1,CN,0
https://openalex.org/W2000583532,4,8,1,AU,0
https://openalex.org/W2000594452,4,5,2,"BE,BR",1
https://openalex.org/W2000601797,4,4,1,US,0
https://openalex.org/W2000613160,2,2,0,,0
https://openalex.org/W2000638520,5,7,1,JP,0
https://openalex.org/W2000672302,6,8,1,CN,0
https://openalex.org/W2000687866,5,6,2,"GB,SK",1
https://openalex.org/W2000701059,5,5,1,CN,0
https://openalex.org/W2000711561,5,5,2,"SA,US",1
https://openalex.org/W2000725428,8,8,1,FR,0
https://openalex.org/W2000748516,7,7,1,KR,0
https://openalex.org/W2000771599,3,3,2,"TW,US",1
https://openalex.org/W2000775715,5,5,1,KR,0
https://openalex.org/W2000778035,5,5,1,MX,0
https://openalex.org/W2000805062,3,3,1,GB,0
https://openalex.org/W2000841098,5,5,1,KR,0
https://openalex.org/W2000857097,2,2,1,JP,0
https://openalex.org/W2000873464,5,5,1,KR,0
https://openalex.org/W2000953562,8,8,2,"BR,JP",1
https://openalex.org/W2000958968,6,6,1,KR,0
https://openalex.org/W2000972433,3,3,1,ES,0
https://openalex.org/W2000980954,1,1,0,,0
https://openalex.org/W2000987978,3,5,2,"AT,CZ",1
https://openalex.org/W2001002350,2,2,1,SK,0
https://openalex.org/W2001004098,4,5,1,TR,0
https://openalex.org/W2001027389,4,8,2,"GB,SG",1
https://openalex.org/W2001028259,8,8,1,JP,0
https://openalex.org/W2001067604,1,1,0,,0
https://openalex.org/W2001079569,4,4,1,DE,0
https://openalex.org/W2001080294,3,3,1,BR,0
https://openalex.org/W2001087222,7,7,2,"AR,RU",1
https://openalex.org/W2001089552,3,3,1,CN,0
https://openalex.org/W2001089641,2,3,1,JP,0
https://openalex.org/W2001123875,12,12,2,"DE,FR",1
https://openalex.org/W2001189781,5,5,1,JP,0
https://openalex.org/W2001203710,3,3,1,EG,0
https://openalex.org/W2001215833,3,3,2,"MX,US",1
https://openalex.org/W2001216005,7,13,1,FR,0
https://openalex.org/W2001233048,2,2,1,GB,0
https://openalex.org/W2001236319,2,2,1,JP,0
https://openalex.org/W2001299817,6,6,1,US,0
https://openalex.org/W2001314463,7,7,1,CN,0
https://openalex.org/W2001329369,4,4,2,"CN,NZ",1
https://openalex.org/W2001330181,7,7,1,TW,0
https://openalex.org/W2001341462,22,29,8,"BE,CH,DE,ES,FR,GR,IT,NL",1
https://openalex.org/W2001345859,3,3,1,KR,0
https://openalex.org/W2001350593,7,7,2,"KR,US",1
https://openalex.org/W2001371194,10,10,0,,0
https://openalex.org/W2001375459,5,5,0,,0
https://openalex.org/W2001389068,3,3,1,CA,0
https://openalex.org/W2001390633,5,5,1,PT,0
https://openalex.org/W2001391385,1,1,0,,0
https://openalex.org/W2001423819,3,3,1,DE,0
https://openalex.org/W2001439444,3,3,1,KR,0
https://openalex.org/W2001486982,3,4,2,"GB,US",1
https://openalex.org/W2001541142,6,6,1,US,0
https://openalex.org/W2001557989,5,5,1,JP,0
https://openalex.org/W2001563077,4,8,1,FR,0
https://openalex.org/W2001594901,5,5,1,SG,0
https://openalex.org/W2001629794,2,2,1,RU,0
https://openalex.org/W2001641473,7,14,1,CN,0
https://openalex.org/W2001643053,6,6,1,US,0
https://openalex.org/W2001700283,3,3,1,KR,0
https://openalex.org/W2001715365,2,2,1,HK,0
https://openalex.org/W2001734297,4,4,1,JP,0
https://openalex.org/W2001764893,3,3,1,US,0
https://openalex.org/W2001792903,2,2,2,"CA,RO",1
https://openalex.org/W2001796215,6,6,1,SG,0
https://openalex.org/W2001797236,3,3,1,DE,0
https://openalex.org/W2001806288,2,2,1,PR,0
https://openalex.org/W2001827845,7,7,1,JP,0
https://openalex.org/W2001842539,2,3,1,US,0
https://openalex.org/W2001864223,4,4,1,JP,0
https://openalex.org/W2001904152,4,4,1,UA,0
https://openalex.org/W2001906307,3,3,0,,0
https://openalex.org/W2001914777,3,6,2,"SG,TW",1
https://openalex.org/W2001954559,3,3,2,"CN,HK",1
https://openalex.org/W2001972694,1,2,0,,0
https://openalex.org/W2001990028,5,5,2,"IN,US",1
https://openalex.org/W2002011832,3,3,1,BR,0
https://openalex.org/W2002039386,2,3,2,"BR,US",1
https://openalex.org/W2002083040,3,4,2,"JP,KR",1
https://openalex.org/W2002102927,3,3,1,CN,0
https://openalex.org/W2002108619,23,24,4,"AU,FR,JP,US",1
https://openalex.org/W2002112596,4,4,1,PL,0
https://openalex.org/W2002152614,3,3,0,,0
https://openalex.org/W2002176921,3,3,2,"EC,US",1
https://openalex.org/W2002202043,7,7,1,US,0
https://openalex.org/W2002253877,3,3,1,TW,0
https://openalex.org/W2002288482,4,4,1,BR,0
https://openalex.org/W2002300231,2,3,1,US,0
https://openalex.org/W2002313889,5,8,2,"FR,GR",1
https://openalex.org/W2002331471,4,8,1,US,0
https://openalex.org/W2002343247,2,2,1,BR,0
https://openalex.org/W2002347156,7,7,3,"DE,GB,NZ",1
https://openalex.org/W2002367197,4,4,1,KR,0
https://openalex.org/W2002377106,2,2,1,US,0
https://openalex.org/W2002406170,5,5,1,CZ,0
https://openalex.org/W2002462246,3,3,1,RU,0
https://openalex.org/W2002485670,7,7,1,JP,0
https://openalex.org/W2002503495,4,4,1,KR,0
https://openalex.org/W2002519627,3,4,1,FR,0
https://openalex.org/W2002554652,6,6,2,"JP,US",1
https://openalex.org/W2002557606,3,3,2,"GB,IE",1
https://openalex.org/W2002569123,2,2,1,TR,0
https://openalex.org/W2002573822,2,2,1,DE,0
https://openalex.org/W2002595427,4,4,1,JP,0
https://openalex.org/W2002605890,2,2,1,BR,0
https://openalex.org/W2002638274,4,5,2,"CN,HK",1
https://openalex.org/W2002657908,2,2,1,FR,0
https://openalex.org/W2002679219,5,5,1,RU,0
https://openalex.org/W2002692661,4,8,1,CN,0
https://openalex.org/W2002809092,1,1,0,,0
https://openalex.org/W2002832408,2,2,1,IN,0
https://openalex.org/W2002838141,6,6,1,JP,0
https://openalex.org/W2002909594,4,4,2,"BE,FR",1
https://openalex.org/W2002978127,7,7,1,BE,0
https://openalex.org/W2003005493,3,4,1,JP,0
https://openalex.org/W2003028339,5,5,2,"FI,NL",1
https://openalex.org/W2003038156,11,12,3,"DE,GB,IT",1
https://openalex.org/W2003054713,3,5,1,CN,0
https://openalex.org/W2003058486,5,5,1,US,0
https://openalex.org/W2003088075,5,5,1,KR,0
https://openalex.org/W2003095642,5,6,1,KR,0
https://openalex.org/W2003100687,5,6,2,"BR,FR",1
https://openalex.org/W2003102990,1,1,0,,0
https://openalex.org/W2003127346,4,4,1,US,0
https://openalex.org/W2003154993,5,9,1,FR,0
https://openalex.org/W2003167667,5,5,1,GB,0
https://openalex.org/W2003180130,4,4,1,US,0
https://openalex.org/W2003193361,5,5,2,"SE,US",1
https://openalex.org/W2003208039,3,3,1,PL,0
https://openalex.org/W2003256189,14,14,1,CN,0
https://openalex.org/W2003259848,5,10,1,CN,0
https://openalex.org/W2003272086,14,14,2,"FR,US",1
https://openalex.org/W2003273521,1,1,0,,0
https://openalex.org/W2003284171,8,8,1,JP,0
https://openalex.org/W2003319140,2,2,1,ES,0
https://openalex.org/W2003320868,1,1,0,,0
https://openalex.org/W2003341880,5,5,2,"IT,US",1
https://openalex.org/W2003363293,4,4,1,DE,0
https://openalex.org/W2003363359,4,4,1,CN,0
https://openalex.org/W2003393269,4,4,1,JP,0
https://openalex.org/W2003406260,5,5,1,CH,0
https://openalex.org/W2003455281,4,4,1,PL,0
https://openalex.org/W2003466575,5,5,1,RU,0
https://openalex.org/W2003467492,4,4,1,CN,0
https://openalex.org/W2003490265,5,6,3,"GB,HR,NL",1
https://openalex.org/W2003497287,5,5,1,JP,0
https://openalex.org/W2003506473,2,2,1,BR,0
https://openalex.org/W2003515389,5,5,1,JP,0
https://openalex.org/W2003533306,6,6,1,CN,0
https://openalex.org/W2003538337,5,5,1,CA,0
https://openalex.org/W2003599799,5,5,1,TR,0
https://openalex.org/W2003609026,14,17,1,KR,0
https://openalex.org/W2003624401,4,4,1,IN,0
https://openalex.org/W2003626460,5,9,1,FR,0
https://openalex.org/W2003666482,3,6,1,CN,0
https://openalex.org/W2003706528,1,1,0,,0
https://openalex.org/W2003707279,1,1,0,,0
https://openalex.org/W2003729354,2,2,1,GB,0
https://openalex.org/W2003770553,6,6,1,CZ,0
https://openalex.org/W2003849644,1,1,0,,0
https://openalex.org/W2003870373,3,3,1,CZ,0
https://openalex.org/W2003872820,2,2,1,US,0
https://openalex.org/W2003896135,6,6,1,DE,0
https://openalex.org/W2003898064,5,5,1,CN,0
https://openalex.org/W2003898720,2,2,1,DE,0
https://openalex.org/W2003905498,6,7,1,CN,0
https://openalex.org/W2003918437,1,1,0,,0
https://openalex.org/W2003924849,6,6,1,KR,0
https://openalex.org/W2003940159,2,2,2,"FI,US",1
https://openalex.org/W2003948146,4,4,1,JP,0
https://openalex.org/W2003971975,8,8,3,"CH,FR,GB",1
https://openalex.org/W2004021546,3,3,1,US,0
https://openalex.org/W2004026693,4,4,1,ES,0
https://openalex.org/W2004084798,7,7,1,RU,0
https://openalex.org/W2004127446,5,13,1,FR,0
https://openalex.org/W2004165949,6,6,1,BR,0
https://openalex.org/W2004168537,2,2,1,KR,0
https://openalex.org/W2004170475,7,8,2,"CN,GB",1
https://openalex.org/W2004173666,7,8,1,CZ,0
https://openalex.org/W2004175434,6,6,1,CN,0
https://openalex.org/W2004196744,2,2,1,JP,0
https://openalex.org/W2004196905,2,2,1,CH,0
https://openalex.org/W2004271163,4,4,1,GB,0
https://openalex.org/W2004316313,4,4,1,RU,0
https://openalex.org/W2004363704,8,8,1,US,0
https://openalex.org/W2004381927,7,8,3,"IN,NL,US",1
https://openalex.org/W2004394994,3,4,1,CN,0
https://openalex.org/W2004408339,1,1,0,,0
https://openalex.org/W2004408377,2,2,1,IN,0
https://openalex.org/W2004415344,4,4,1,CN,0
https://openalex.org/W2004416417,3,3,1,DE,0
https://openalex.org/W2004424787,4,5,1,ES,0
https://openalex.org/W2004427721,3,5,1,BR,0
https://openalex.org/W2004452350,9,9,0,,0
https://openalex.org/W2004452652,4,4,1,US,0
https://openalex.org/W2004479291,4,4,1,KR,0
https://openalex.org/W2004479880,3,3,2,"FR,RU",1
https://openalex.org/W2004542409,2,2,1,TR,0
https://openalex.org/W2004575953,1,1,0,,0
https://openalex.org/W2004604610,4,4,1,CN,0
https://openalex.org/W2004617275,6,6,1,TW,0
https://openalex.org/W2004622293,10,10,1,US,0
https://openalex.org/W2004623577,4,4,1,ES,0
https://openalex.org/W2004627707,5,5,1,JP,0
https://openalex.org/W2004710925,3,3,1,DE,0
https://openalex.org/W2004795473,1,1,0,,0
https://openalex.org/W2004799068,4,4,1,IN,0
https://openalex.org/W2004799387,1,1,0,,0
https://openalex.org/W2004814930,1,1,0,,0
https://openalex.org/W2004824821,3,3,1,ES,0
https://openalex.org/W2004937752,2,2,1,FR,0
https://openalex.org/W2004973637,4,4,1,UA,0
https://openalex.org/W2004982301,2,2,1,RU,0
https://openalex.org/W2005012334,2,4,1,BR,0
https://openalex.org/W2005036136,2,2,1,JP,0
https://openalex.org/W2005038258,4,4,1,JP,0
https://openalex.org/W2005039186,3,4,2,"JP,PH",1
https://openalex.org/W2005101680,3,3,1,JP,0
https://openalex.org/W2005138339,4,4,1,KR,0
https://openalex.org/W2005156886,2,2,1,GB,0
https://openalex.org/W2005176453,3,3,1,GB,0
https://openalex.org/W2005195212,7,7,1,SE,0
https://openalex.org/W2005222636,1,1,0,,0
https://openalex.org/W2005245560,3,3,1,CN,0
https://openalex.org/W2005269566,8,9,1,CN,0
https://openalex.org/W2005325615,1,1,0,,0
https://openalex.org/W2005328109,4,5,2,"CN,JP",1
https://openalex.org/W2005344367,5,5,1,UA,0
https://openalex.org/W2005389400,4,4,1,DE,0
https://openalex.org/W2005469849,2,3,1,UA,0
https://openalex.org/W2005478386,1,1,0,,0
https://openalex.org/W2005497102,2,2,1,IR,0
https://openalex.org/W2005506136,1,1,0,,0
https://openalex.org/W2005557407,5,5,1,US,0
https://openalex.org/W2005610844,4,5,1,JP,0
https://openalex.org/W2005638048,7,13,2,"FR,PL",1
https://openalex.org/W2005642165,5,6,2,"DK,NZ",1
https://openalex.org/W2005682134,6,6,1,US,0
https://openalex.org/W2005689344,3,3,1,RU,0
https://openalex.org/W2005690929,10,12,2,"HU,US",1
https://openalex.org/W2005691641,4,4,1,JP,0
https://openalex.org/W2005722893,3,3,1,JP,0
https://openalex.org/W2005737108,3,3,1,US,0
https://openalex.org/W2005759923,4,4,1,IT,0
https://openalex.org/W2005761794,2,2,1,US,0
https://openalex.org/W2005767028,1,1,0,,0
https://openalex.org/W2005790189,4,4,1,ZA,0
https://openalex.org/W2005791949,10,10,1,IT,0
https://openalex.org/W2005796610,3,3,1,US,0
https://openalex.org/W2005813506,10,10,1,CN,0
https://openalex.org/W2005833289,3,3,1,RU,0
https://openalex.org/W2005857531,7,7,1,US,0
https://openalex.org/W2005858258,2,2,2,"KR,US",1
https://openalex.org/W2005860892,7,7,1,GB,0
https://openalex.org/W2005863194,1,1,0,,0
https://openalex.org/W2005890599,3,3,1,DE,0
https://openalex.org/W2005893408,3,3,1,PL,0
https://openalex.org/W2005911633,5,5,1,DE,0
https://openalex.org/W2005929186,7,8,1,CN,0
https://openalex.org/W2005944655,4,4,1,NO,0
https://openalex.org/W2005951398,11,17,1,GB,0
https://openalex.org/W2005977088,7,7,1,US,0
https://openalex.org/W2005991292,4,4,1,PK,0
https://openalex.org/W2005997606,1,1,0,,0
https://openalex.org/W2006006605,6,6,1,JP,0
https://openalex.org/W2006018613,5,5,2,"HU,JP",1
https://openalex.org/W2006025875,4,4,1,RU,0
https://openalex.org/W2006140691,5,5,1,KR,0
https://openalex.org/W2006149540,5,5,1,JP,0
https://openalex.org/W2006181193,4,4,1,RU,0
https://openalex.org/W2006199676,2,2,1,JP,0
https://openalex.org/W2006199687,6,6,2,"DE,GB",1
https://openalex.org/W2006228666,6,6,1,DE,0
https://openalex.org/W2006247390,1,1,0,,0
https://openalex.org/W2006247735,4,5,1,CN,0
https://openalex.org/W2006253851,10,11,1,US,0
https://openalex.org/W2006266042,1,2,0,,0
https://openalex.org/W2006272015,1,1,0,,0
https://openalex.org/W2006330778,2,2,1,JP,0
https://openalex.org/W2006358741,1,1,0,,0
https://openalex.org/W2006362218,3,3,2,"JP,KR",1
https://openalex.org/W2006376447,4,5,1,CN,0
https://openalex.org/W2006386309,5,5,1,TH,0
https://openalex.org/W2006408066,4,4,0,,0
https://openalex.org/W2006441557,3,3,1,KR,0
https://openalex.org/W2006459740,4,8,1,FR,0
https://openalex.org/W2006469220,6,6,1,IN,0
https://openalex.org/W2006472023,3,3,1,BY,0
https://openalex.org/W2006473460,4,4,1,CN,0
https://openalex.org/W2006473770,10,10,1,US,0
https://openalex.org/W2006553785,3,3,2,"CA,GB",1
https://openalex.org/W2006568995,23,23,1,JP,0
https://openalex.org/W2006579939,4,4,2,"AU,CN",1
https://openalex.org/W2006584218,6,14,2,"DK,FR",1
https://openalex.org/W2006632501,2,2,1,JP,0
https://openalex.org/W2006645413,2,3,2,"GB,JP",1
https://openalex.org/W2006657867,4,4,1,US,0
https://openalex.org/W2006661034,4,4,1,US,0
https://openalex.org/W2006664652,3,3,1,KR,0
https://openalex.org/W2006677880,3,3,1,DZ,0
https://openalex.org/W2006683907,2,2,1,US,0
https://openalex.org/W2006708965,4,8,1,JP,0
https://openalex.org/W2006709619,6,6,1,US,0
https://openalex.org/W2006713953,1,1,0,,0
https://openalex.org/W2006717173,5,5,1,US,0
https://openalex.org/W2006728661,4,4,1,IN,0
https://openalex.org/W2006730244,3,3,1,ES,0
https://openalex.org/W2006738104,2,2,2,"NZ,US",1
https://openalex.org/W2006746889,8,8,1,MY,0
https://openalex.org/W2006783014,2,2,1,KR,0
https://openalex.org/W2006784892,8,8,1,IT,0
https://openalex.org/W2006787313,2,2,1,US,0
https://openalex.org/W2006796452,5,10,1,US,0
https://openalex.org/W2006831958,3,3,1,US,0
https://openalex.org/W2006866362,3,3,1,TW,0
https://openalex.org/W2006876712,7,14,1,CN,0
https://openalex.org/W2006921507,3,3,1,JP,0
https://openalex.org/W2006944210,10,10,1,US,0
https://openalex.org/W2007054406,4,4,3,"BY,CH,RU",1
https://openalex.org/W2007096905,10,11,2,"SG,US",1
https://openalex.org/W2007129367,3,3,1,JP,0
https://openalex.org/W2007149764,5,5,1,IN,0
https://openalex.org/W2007178197,2,2,1,CH,0
https://openalex.org/W2007199639,4,4,1,RU,0
https://openalex.org/W2007204475,8,8,1,RU,0
https://openalex.org/W2007210538,2,2,1,CN,0
https://openalex.org/W2007214514,2,2,1,CN,0
https://openalex.org/W2007225979,5,5,1,RU,0
https://openalex.org/W2007231594,1,1,0,,0
https://openalex.org/W2007255012,4,7,2,"FR,TN",1
https://openalex.org/W2007275731,10,10,3,"CA,JP,US",1
https://openalex.org/W2007289284,2,2,1,JP,0
https://openalex.org/W2007303818,2,2,1,CA,0
https://openalex.org/W2007303933,2,2,1,JP,0
https://openalex.org/W2007347365,4,4,1,US,0
https://openalex.org/W2007347713,2,2,1,TH,0
https://openalex.org/W2007392193,6,6,1,AU,0
https://openalex.org/W2007444997,5,5,1,US,0
https://openalex.org/W2007454744,5,5,1,JP,0
https://openalex.org/W2007493681,6,6,1,KR,0
https://openalex.org/W2007494802,3,3,1,US,0
https://openalex.org/W2007495065,4,4,1,US,0
https://openalex.org/W2007497419,5,5,2,"CA,US",1
https://openalex.org/W2007498348,3,3,1,ES,0
https://openalex.org/W2007498636,4,4,2,"BR,CA",1
https://openalex.org/W2007511248,4,4,1,US,0
https://openalex.org/W2007521175,3,3,1,JP,0
https://openalex.org/W2007524006,5,5,1,BR,0
https://openalex.org/W2007524090,8,10,2,"BE,US",1
https://openalex.org/W2007547200,1,2,0,,0
https://openalex.org/W2007552059,12,12,1,JP,0
https://openalex.org/W2007559485,2,2,1,US,0
https://openalex.org/W2007578397,2,2,1,CA,0
https://openalex.org/W2007614254,6,6,1,US,0
https://openalex.org/W2007627755,3,3,1,CN,0
https://openalex.org/W2007698582,2,4,1,JP,0
https://openalex.org/W2007700317,4,4,1,CN,0
https://openalex.org/W2007762999,3,3,0,,0
https://openalex.org/W2007765958,7,7,1,US,0
https://openalex.org/W2007789395,1,1,0,,0
https://openalex.org/W2007814395,3,3,1,SE,0
https://openalex.org/W2007816741,3,3,1,GB,0
https://openalex.org/W2007825104,1,1,0,,0
https://openalex.org/W2007855262,4,4,1,ES,0
https://openalex.org/W2007886960,1,1,0,,0
https://openalex.org/W2007896057,2,2,1,TW,0
https://openalex.org/W2007902613,6,6,1,JP,0
https://openalex.org/W2007909984,4,4,1,TW,0
https://openalex.org/W2007914804,7,8,4,"CH,DE,IT,US",1
https://openalex.org/W2007974831,3,3,2,"IT,US",1
https://openalex.org/W2007996131,3,3,1,US,0
https://openalex.org/W2008022099,4,4,1,JP,0
https://openalex.org/W2008035124,3,3,1,US,0
https://openalex.org/W2008058337,3,3,1,CN,0
https://openalex.org/W2008062583,2,2,1,US,0
https://openalex.org/W2008064771,3,4,2,"DE,MX",1
https://openalex.org/W2008075146,4,4,1,JP,0
https://openalex.org/W2008085346,8,8,1,JP,0
https://openalex.org/W2008100644,10,14,2,"FR,IT",1
https://openalex.org/W2008107162,5,5,1,US,0
https://openalex.org/W2008132782,2,2,2,"KR,US",1
https://openalex.org/W2008162456,2,2,1,PL,0
https://openalex.org/W2008167646,2,2,1,FR,0
https://openalex.org/W2008172425,4,4,2,"JP,NL",1
https://openalex.org/W2008175199,1,1,0,,0
https://openalex.org/W2008211223,5,5,1,HU,0
https://openalex.org/W2008226305,7,7,5,"BE,FR,GB,NL,US",1
https://openalex.org/W2008254450,2,2,1,PL,0
https://openalex.org/W2008257132,4,4,1,KR,0
https://openalex.org/W2008260797,5,5,0,,0
https://openalex.org/W2008304097,3,3,1,US,0
https://openalex.org/W2008305671,2,2,1,US,0
https://openalex.org/W2008366225,4,7,1,FI,0
https://openalex.org/W2008373243,6,8,1,US,0
https://openalex.org/W2008388933,5,5,2,"JP,US",1
https://openalex.org/W2008418655,1,1,0,,0
https://openalex.org/W2008448080,4,4,2,"PT,SI",1
https://openalex.org/W2008457920,4,4,1,CH,0
https://openalex.org/W2008484997,7,7,2,"ES,MX",1
https://openalex.org/W2008492245,6,10,2,"GB,IE",1
https://openalex.org/W2008508411,3,3,1,EG,0
https://openalex.org/W2008543543,7,7,1,IT,0
https://openalex.org/W2008545774,9,9,1,JP,0
https://openalex.org/W2008576878,1,1,0,,0
https://openalex.org/W2008586295,6,9,2,"FR,RU",1
https://openalex.org/W2008595173,3,3,1,RU,0
https://openalex.org/W2008604399,3,3,1,GB,0
https://openalex.org/W2008647002,3,3,1,KR,0
https://openalex.org/W2008647311,2,4,1,SG,0
https://openalex.org/W2008673515,1,2,0,,0
https://openalex.org/W2008718448,4,4,1,TW,0
https://openalex.org/W2008728251,2,2,1,US,0
https://openalex.org/W2008752928,2,2,1,CN,0
https://openalex.org/W2008752931,7,8,1,JP,0
https://openalex.org/W2008753186,10,10,1,JP,0
https://openalex.org/W2008759776,1,1,0,,0
https://openalex.org/W2008822306,4,4,1,JP,0
https://openalex.org/W2008837176,1,1,0,,0
https://openalex.org/W2008897656,6,6,1,IT,0
https://openalex.org/W2008951212,3,3,1,GB,0
https://openalex.org/W2008953997,6,6,1,KR,0
https://openalex.org/W2008956994,2,2,2,"GB,US",1
https://openalex.org/W2008995330,4,4,1,US,0
https://openalex.org/W2009013702,3,4,3,"CA,FR,HK",1
https://openalex.org/W2009015430,16,21,2,"FR,JP",1
https://openalex.org/W2009015538,2,2,1,EG,0
https://openalex.org/W2009039852,2,2,1,US,0
https://openalex.org/W2009046263,1,1,0,,0
https://openalex.org/W2009056621,7,7,1,JP,0
https://openalex.org/W2009074710,3,3,1,JP,0
https://openalex.org/W2009101171,2,2,0,,0
https://openalex.org/W2009107297,3,3,2,"DE,FR",1
https://openalex.org/W2009107350,4,4,2,"EE,UA",1
https://openalex.org/W2009110279,7,8,1,US,0
https://openalex.org/W2009122872,2,2,2,"TW,US",1
https://openalex.org/W2009126753,8,8,1,JP,0
https://openalex.org/W2009135853,4,4,1,IR,0
https://openalex.org/W2009141981,1,1,0,,0
https://openalex.org/W2009144376,6,6,1,CN,0
https://openalex.org/W2009144863,7,7,1,IN,0
https://openalex.org/W2009152498,1,1,0,,0
https://openalex.org/W2009170392,2,2,2,"CA,US",1
https://openalex.org/W2009253416,4,8,2,"DE,SG",1
https://openalex.org/W2009254015,3,3,1,GB,0
https://openalex.org/W2009261305,3,3,1,GB,0
https://openalex.org/W2009262754,11,11,1,CH,0
https://openalex.org/W2009265251,8,8,2,"HU,JP",1
https://openalex.org/W2009273859,2,2,1,US,0
https://openalex.org/W2009278140,7,7,2,"JP,US",1
https://openalex.org/W2009300342,12,13,2,"GB,US",1
https://openalex.org/W2009305581,4,4,1,TW,0
https://openalex.org/W2009327480,3,3,1,IN,0
https://openalex.org/W2009329228,4,6,2,"DE,RO",1
https://openalex.org/W2009340961,7,7,1,US,0
https://openalex.org/W2009366125,4,4,1,CN,0
https://openalex.org/W2009374609,2,2,1,FI,0
https://openalex.org/W2009416123,4,4,1,JP,0
https://openalex.org/W2009434438,2,2,1,CN,0
https://openalex.org/W2009434510,2,2,1,GB,0
https://openalex.org/W2009478405,3,3,1,IR,0
https://openalex.org/W2009498862,1,1,0,,0
https://openalex.org/W2009561975,10,10,2,"CH,GB",1
https://openalex.org/W2009614945,4,4,1,JP,0
https://openalex.org/W2009619460,4,4,1,DE,0
https://openalex.org/W2009625272,6,6,1,CN,0
https://openalex.org/W2009633022,5,5,0,,0
https://openalex.org/W2009633060,2,3,1,RU,0
https://openalex.org/W2009663597,6,7,1,CN,0
https://openalex.org/W2009672853,1,1,0,,0
https://openalex.org/W2009689975,7,7,2,"AR,BR",1
https://openalex.org/W2009797291,3,3,1,JP,0
https://openalex.org/W2009829202,3,5,2,"FR,RU",1
https://openalex.org/W2009863936,5,5,1,JP,0
https://openalex.org/W2009938630,10,10,1,ES,0
https://openalex.org/W2009957697,6,12,1,BR,0
https://openalex.org/W2009958617,5,5,1,NL,0
https://openalex.org/W2009981887,3,3,1,PL,0
https://openalex.org/W2009985906,5,5,1,SG,0
https://openalex.org/W2009988016,12,12,1,CZ,0
https://openalex.org/W2009993174,2,2,1,SE,0
https://openalex.org/W2009997811,3,3,1,BY,0
https://openalex.org/W2010022447,2,2,0,,0
https://openalex.org/W2010066319,6,6,1,CN,0
https://openalex.org/W2010105377,6,6,1,MX,0
https://openalex.org/W2010127808,3,3,1,CN,0
https://openalex.org/W2010128441,3,3,1,CN,0
https://openalex.org/W2010163716,2,2,0,,0
https://openalex.org/W2010202166,10,10,1,JP,0
https://openalex.org/W2010211171,2,2,1,PT,0
https://openalex.org/W2010238589,9,10,1,US,0
https://openalex.org/W2010265821,3,3,1,RU,0
https://openalex.org/W2010285731,6,6,1,CN,0
https://openalex.org/W2010291688,8,8,1,US,0
https://openalex.org/W2010300640,1,1,0,,0
https://openalex.org/W2010339309,5,5,1,KR,0
https://openalex.org/W2010342087,3,3,1,JP,0
https://openalex.org/W2010394319,5,5,1,TW,0
https://openalex.org/W2010413905,6,6,2,"CZ,RU",1
https://openalex.org/W2010437401,3,3,1,NL,0
https://openalex.org/W2010475195,5,9,1,FR,0
https://openalex.org/W2010492293,3,3,1,EG,0
https://openalex.org/W2010507005,2,2,1,TW,0
https://openalex.org/W2010548818,5,5,1,RU,0
https://openalex.org/W2010592930,2,2,1,CN,0
https://openalex.org/W2010634953,2,2,1,US,0
https://openalex.org/W2010685772,1,1,0,,0
https://openalex.org/W2010712781,2,2,1,GB,0
https://openalex.org/W2010730004,7,7,1,US,0
https://openalex.org/W2010732530,2,4,1,FR,0
https://openalex.org/W2010753433,4,7,2,"AR,US",1
https://openalex.org/W2010768525,2,2,1,KR,0
https://openalex.org/W2010770382,3,3,1,CA,0
https://openalex.org/W2010787754,5,6,3,"FR,GB,PL",1
https://openalex.org/W2010840004,4,5,2,"JP,TR",1
https://openalex.org/W2010851298,8,9,1,SK,0
https://openalex.org/W2010857669,3,3,1,PK,0
https://openalex.org/W2010905534,4,4,1,CA,0
https://openalex.org/W2010940110,6,6,1,DE,0
https://openalex.org/W2010966387,5,5,2,"IT,NL",1
https://openalex.org/W2011039115,4,6,1,CN,0
https://openalex.org/W2011087989,4,4,1,CN,0
https://openalex.org/W2011091862,5,5,1,JP,0
https://openalex.org/W2011109169,4,4,1,IN,0
https://openalex.org/W2011128061,5,6,1,JP,0
https://openalex.org/W2011132424,3,4,2,"FR,GB",1
https://openalex.org/W2011135114,2,2,1,TW,0
https://openalex.org/W2011178407,6,6,1,JP,0
https://openalex.org/W2011202449,3,3,1,JP,0
https://openalex.org/W2011282946,3,5,2,"DE,US",1
https://openalex.org/W2011311089,1,1,0,,0
https://openalex.org/W2011350646,4,4,1,JP,0
https://openalex.org/W2011367356,1,1,0,,0
https://openalex.org/W2011382515,3,3,0,,0
https://openalex.org/W2011433746,3,3,1,US,0
https://openalex.org/W2011445060,4,4,1,CA,0
https://openalex.org/W2011446341,6,6,1,ES,0
https://openalex.org/W2011492678,4,4,1,JP,0
https://openalex.org/W2011494251,6,6,2,"IN,IT",1
https://openalex.org/W2011502189,3,3,1,JP,0
https://openalex.org/W2011508565,3,3,1,IN,0
https://openalex.org/W2011552210,7,7,1,JP,0
https://openalex.org/W2011566637,5,5,1,US,0
https://openalex.org/W2011567508,5,5,1,JP,0
https://openalex.org/W2011569213,3,3,0,,0
https://openalex.org/W2011575375,4,4,1,BR,0
https://openalex.org/W2011581020,2,2,2,"TW,US",1
https://openalex.org/W2011610884,7,7,1,JP,0
https://openalex.org/W2011624920,3,3,2,"JP,KR",1
https://openalex.org/W2011636687,6,6,1,JP,0
https://openalex.org/W2011651720,3,4,1,CN,0
https://openalex.org/W2011669715,4,4,1,TW,0
https://openalex.org/W2011727357,10,11,1,US,0
https://openalex.org/W2011770195,6,6,1,KR,0
https://openalex.org/W2011811922,2,2,1,TR,0
https://openalex.org/W2011819542,5,5,1,IT,0
https://openalex.org/W2011829769,2,2,1,TW,0
https://openalex.org/W2011860362,2,2,1,KR,0
https://openalex.org/W2011961612,4,4,1,JP,0
https://openalex.org/W2011971367,2,2,0,,0
https://openalex.org/W2011976804,4,4,2,"DE,IT",1
https://openalex.org/W2011977162,5,5,1,IT,0
https://openalex.org/W2011980185,4,4,1,US,0
https://openalex.org/W2012002356,2,2,1,ES,0
https://openalex.org/W2012008547,8,8,1,KR,0
https://openalex.org/W2012024662,7,9,2,"BR,IT",1
https://openalex.org/W2012051860,7,13,1,FR,0
https://openalex.org/W2012093358,6,6,2,"CA,US",1
https://openalex.org/W2012113238,1,1,0,,0
https://openalex.org/W2012120731,6,6,1,JP,0
https://openalex.org/W2012184652,4,4,2,"CH,US",1
https://openalex.org/W2012197347,3,3,1,IT,0
https://openalex.org/W2012200312,4,5,1,MX,0
https://openalex.org/W2012226383,3,5,2,"DE,FR",1
https://openalex.org/W2012229490,7,7,0,,0
https://openalex.org/W2012274026,3,3,1,JP,0
https://openalex.org/W2012290020,3,3,1,GB,0
https://openalex.org/W2012311673,1,1,0,,0
https://openalex.org/W2012375917,2,2,1,CH,0
https://openalex.org/W2012400594,4,4,2,"JP,US",1
https://openalex.org/W2012421709,3,3,1,CN,0
https://openalex.org/W2012425210,6,6,1,SE,0
https://openalex.org/W2012434875,4,6,1,TW,0
https://openalex.org/W2012435582,8,8,1,KR,0
https://openalex.org/W2012578920,3,3,1,JP,0
https://openalex.org/W2012621735,2,2,0,,0
https://openalex.org/W2012642778,3,3,1,FI,0
https://openalex.org/W2012691487,1,1,0,,0
https://openalex.org/W2012713192,5,5,1,CN,0
https://openalex.org/W2012721767,2,2,1,CN,0
https://openalex.org/W2012738253,6,6,1,RU,0
https://openalex.org/W2012761514,6,6,1,SG,0
https://openalex.org/W2012762490,4,8,1,RU,0
https://openalex.org/W2012838084,5,5,1,BE,0
https://openalex.org/W2012855752,5,6,1,JP,0
https://openalex.org/W2012865856,7,7,1,BR,0
https://openalex.org/W2012911526,29,30,2,"DE,JP",1
https://openalex.org/W2012919969,10,10,1,JP,0
https://openalex.org/W2012932784,5,5,3,"DE,RU,UA",1
https://openalex.org/W2012935592,5,5,1,JP,0
https://openalex.org/W2012943477,2,2,1,SG,0
https://openalex.org/W2012965261,4,4,1,CN,0
https://openalex.org/W2012991357,4,4,1,KR,0
https://openalex.org/W2012996333,7,7,1,KR,0
https://openalex.org/W2013044332,1,1,0,,0
https://openalex.org/W2013053295,9,9,1,JP,0
https://openalex.org/W2013082206,8,8,2,"BR,DE",1
https://openalex.org/W2013140941,2,2,1,CA,0
https://openalex.org/W2013164146,9,9,1,IT,0
https://openalex.org/W2013177409,3,3,1,JP,0
https://openalex.org/W2013200487,3,6,1,US,0
https://openalex.org/W2013223334,5,9,1,JP,0
https://openalex.org/W2013225066,2,2,1,DE,0
https://openalex.org/W2013251079,4,4,1,CN,0
https://openalex.org/W2013269955,6,6,2,"GB,IN",1
https://openalex.org/W2013277062,6,6,1,TW,0
https://openalex.org/W2013279986,2,2,1,KR,0
https://openalex.org/W2013298420,8,8,1,JP,0
https://openalex.org/W2013315531,3,6,1,SK,0
https://openalex.org/W2013324387,5,7,1,CN,0
https://openalex.org/W2013359156,4,4,1,BR,0
https://openalex.org/W2013398801,4,4,1,IN,0
https://openalex.org/W2013398954,8,9,2,"CN,JP",1
https://openalex.org/W2013415566,3,3,1,JP,0
https://openalex.org/W2013417929,2,2,1,IN,0
https://openalex.org/W2013431384,3,3,1,CN,0
https://openalex.org/W2013508677,9,9,1,US,0
https://openalex.org/W2013543182,2,2,1,TW,0
https://openalex.org/W2013545352,2,2,1,IR,0
https://openalex.org/W2013558113,4,4,1,KR,0
https://openalex.org/W2013559220,3,6,1,SK,0
https://openalex.org/W2013564334,4,5,4,"FR,GB,IT,US",1
https://openalex.org/W2013570056,6,6,1,US,0
https://openalex.org/W2013572618,3,3,1,IN,0
https://openalex.org/W2013572715,2,2,1,US,0
https://openalex.org/W2013586776,3,3,0,,0
https://openalex.org/W2013665647,3,4,1,US,0
https://openalex.org/W2013665903,5,8,1,JP,0
https://openalex.org/W2013671697,4,4,1,KR,0
https://openalex.org/W2013672946,3,3,1,CN,0
https://openalex.org/W2013716784,5,5,1,IN,0
https://openalex.org/W2013716885,2,2,2,"AU,NL",1
https://openalex.org/W2013798101,9,9,1,AU,0
https://openalex.org/W2013805053,3,3,1,CN,0
https://openalex.org/W2013827506,3,3,1,US,0
https://openalex.org/W2013859371,18,19,1,US,0
https://openalex.org/W2013886370,1,1,0,,0
https://openalex.org/W2013887513,3,3,1,US,0
https://openalex.org/W2013898831,4,4,1,CL,0
https://openalex.org/W2013906301,4,4,1,SG,0
https://openalex.org/W2013919539,6,6,0,,0
https://openalex.org/W2013927912,2,2,1,SG,0
https://openalex.org/W2013931911,5,5,1,JP,0
https://openalex.org/W2013969239,3,3,1,JP,0
https://openalex.org/W2013977266,4,4,1,NL,0
https://openalex.org/W2014037712,4,4,1,DE,0
https://openalex.org/W2014055724,5,5,1,DE,0
https://openalex.org/W2014076227,4,4,1,US,0
https://openalex.org/W2014103770,7,7,1,CN,0
https://openalex.org/W2014105953,4,4,1,NG,0
https://openalex.org/W2014165731,2,2,0,,0
https://openalex.org/W2014167483,4,4,1,DE,0
https://openalex.org/W2014206463,1,1,0,,0
https://openalex.org/W2014223910,2,3,1,US,0
https://openalex.org/W2014225055,4,5,1,MX,0
https://openalex.org/W2014232696,4,4,1,CN,0
https://openalex.org/W2014236847,4,4,1,JP,0
https://openalex.org/W2014241210,3,3,1,KR,0
https://openalex.org/W2014243906,4,4,1,IT,0
https://openalex.org/W2014255583,6,6,2,"BR,US",1
https://openalex.org/W2014319528,6,6,1,US,0
https://openalex.org/W2014348155,13,15,3,"FR,JP,RU",1
https://openalex.org/W2014350913,3,6,2,"DZ,FR",1
https://openalex.org/W2014361591,4,4,1,JP,0
https://openalex.org/W2014374776,2,2,1,US,0
https://openalex.org/W2014435309,5,5,1,CN,0
https://openalex.org/W2014440116,9,9,1,DE,0
https://openalex.org/W2014444587,6,6,1,HU,0
https://openalex.org/W2014496335,4,4,1,IN,0
https://openalex.org/W2014509058,4,4,2,"FI,NL",1
https://openalex.org/W2014558005,11,11,1,US,0
https://openalex.org/W2014621858,2,2,1,IN,0
https://openalex.org/W2014635162,2,2,1,DE,0
https://openalex.org/W2014647129,2,2,1,GB,0
https://openalex.org/W2014698619,4,5,2,"DZ,FR",1
https://openalex.org/W2014742406,4,5,1,GB,0
https://openalex.org/W2014752774,3,3,1,RU,0
https://openalex.org/W2014753217,3,3,1,CA,0
https://openalex.org/W2014789438,3,6,1,AR,0
https://openalex.org/W2014803781,2,2,1,US,0
https://openalex.org/W2014808349,1,1,0,,0
https://openalex.org/W2014816269,17,34,1,FR,0
https://openalex.org/W2014868647,1,1,0,,0
https://openalex.org/W2014873123,2,2,1,TW,0
https://openalex.org/W2014892603,4,4,1,CN,0
https://openalex.org/W2014900211,2,2,1,GB,0
https://openalex.org/W2014903806,2,2,1,US,0
https://openalex.org/W2014930189,3,3,1,DK,0
https://openalex.org/W2014977380,6,6,2,"CN,RU",1
https://openalex.org/W2014993640,2,2,1,GB,0
https://openalex.org/W2015058125,3,3,1,CN,0
https://openalex.org/W2015134762,5,5,1,CN,0
https://openalex.org/W2015151639,7,7,1,JP,0
https://openalex.org/W2015169454,4,4,1,TW,0
https://openalex.org/W2015183263,1,1,0,,0
https://openalex.org/W2015185898,4,4,1,FR,0
https://openalex.org/W2015201925,3,3,1,TW,0
https://openalex.org/W2015204488,7,7,1,IT,0
https://openalex.org/W2015246980,1,2,0,,0
https://openalex.org/W2015291332,3,3,1,DE,0
https://openalex.org/W2015296733,2,2,1,JP,0
https://openalex.org/W2015301409,5,5,1,US,0
https://openalex.org/W2015318049,5,6,2,"BE,CH",1
https://openalex.org/W2015334121,4,4,2,"KR,SE",1
https://openalex.org/W2015348144,8,8,1,US,0
https://openalex.org/W2015351052,5,7,1,JP,0
https://openalex.org/W2015358297,3,4,1,PL,0
https://openalex.org/W2015376152,3,3,1,US,0
https://openalex.org/W2015430514,5,5,1,US,0
https://openalex.org/W2015445137,9,9,1,IT,0
https://openalex.org/W2015536615,3,3,1,RU,0
https://openalex.org/W2015569897,1,1,0,,0
https://openalex.org/W2015585119,6,12,1,CN,0
https://openalex.org/W2015586263,3,4,1,SI,0
https://openalex.org/W2015589260,2,2,1,DE,0
https://openalex.org/W2015600171,2,2,1,US,0
https://openalex.org/W2015607796,5,10,2,"FR,JP",1
https://openalex.org/W2015617511,2,2,1,CH,0
https://openalex.org/W2015666748,3,5,2,"GR,SI",1
https://openalex.org/W2015696155,1,1,0,,0
https://openalex.org/W2015741427,11,16,2,"FR,PL",1
https://openalex.org/W2015755847,6,6,1,TR,0
https://openalex.org/W2015775422,5,9,1,US,0
https://openalex.org/W2015778469,4,4,2,"CN,US",1
https://openalex.org/W2015810641,5,6,2,"CA,RU",1
https://openalex.org/W2015872659,3,3,1,DE,0
https://openalex.org/W2015911349,2,2,1,BR,0
https://openalex.org/W2015916274,5,5,1,JP,0
https://openalex.org/W2015930517,5,5,1,US,0
https://openalex.org/W2015958601,4,4,1,GB,0
https://openalex.org/W2015984757,7,8,1,JP,0
https://openalex.org/W2016001661,6,6,1,GB,0
https://openalex.org/W2016015513,5,5,1,RO,0
https://openalex.org/W2016082976,2,2,1,SI,0
https://openalex.org/W2016099507,3,3,2,"GB,SK",1
https://openalex.org/W2016104274,2,2,1,CN,0
https://openalex.org/W2016161475,4,4,1,KR,0
https://openalex.org/W2016161533,3,3,2,"DE,US",1
https://openalex.org/W2016190132,5,5,1,JP,0
https://openalex.org/W2016193572,3,4,1,JP,0
https://openalex.org/W2016216784,5,5,2,"ES,PH",1
https://openalex.org/W2016232125,1,2,0,,0
https://openalex.org/W2016251026,7,7,1,US,0
https://openalex.org/W2016264502,1,1,0,,0
https://openalex.org/W2016265654,3,3,1,JP,0
https://openalex.org/W2016273475,7,7,1,DE,0
https://openalex.org/W2016278206,3,3,1,JP,0
https://openalex.org/W2016311967,1,1,0,,0
https://openalex.org/W2016351162,8,8,1,JP,0
https://openalex.org/W2016384315,3,3,1,DE,0
https://openalex.org/W2016516069,10,20,1,CN,0
https://openalex.org/W2016575858,3,3,1,EG,0
https://openalex.org/W2016579768,6,6,1,CN,0
https://openalex.org/W2016581499,5,7,1,JP,0
https://openalex.org/W2016615877,3,3,1,CN,0
https://openalex.org/W2016616430,3,3,2,"CN,HK",1
https://openalex.org/W2016617147,2,2,1,NL,0
https://openalex.org/W2016627724,3,3,2,"DE,FI",1
https://openalex.org/W2016672611,2,2,1,JP,0
https://openalex.org/W2016701260,3,3,1,IT,0
https://openalex.org/W2016714095,8,8,1,US,0
https://openalex.org/W2016744063,7,7,1,AU,0
https://openalex.org/W2016767267,6,8,2,"LT,PL",1
https://openalex.org/W2016779429,2,2,1,JP,0
https://openalex.org/W2016781791,5,5,0,,0
https://openalex.org/W2016785432,3,3,1,US,0
https://openalex.org/W2016790912,3,3,1,US,0
https://openalex.org/W2016812692,2,2,1,KR,0
https://openalex.org/W2016819464,5,6,2,"CN,JP",1
https://openalex.org/W2016826118,3,3,1,CN,0
https://openalex.org/W2016830275,3,6,1,FR,0
https://openalex.org/W2016876313,4,4,1,CA,0
https://openalex.org/W2016950551,4,4,1,GB,0
https://openalex.org/W2016975718,1,1,0,,0
https://openalex.org/W2016982258,17,24,2,"JP,US",1
https://openalex.org/W2016982761,5,7,1,BE,0
https://openalex.org/W2016984702,1,1,0,,0
https://openalex.org/W2016990585,5,5,2,"CN,JP",1
https://openalex.org/W2017001771,2,2,1,DE,0
https://openalex.org/W2017050436,7,7,1,DE,0
https://openalex.org/W2017089700,2,4,1,FR,0
https://openalex.org/W2017116874,7,7,1,US,0
https://openalex.org/W2017165072,3,3,1,GR,0
https://openalex.org/W2017168826,6,11,1,FI,0
https://openalex.org/W2017188292,9,9,1,CN,0
https://openalex.org/W2017201297,4,4,1,PK,0
https://openalex.org/W2017253678,7,7,1,CN,0
https://openalex.org/W2017261935,2,2,1,RU,0
https://openalex.org/W2017283927,8,9,1,JP,0
https://openalex.org/W2017300404,3,3,1,CN,0
https://openalex.org/W2017305823,5,5,3,"AT,GB,KZ",1
https://openalex.org/W2017360868,4,4,1,FR,0
https://openalex.org/W2017383109,2,2,1,DE,0
https://openalex.org/W2017398201,7,7,1,PT,0
https://openalex.org/W2017414185,4,4,2,"GB,US",1
https://openalex.org/W2017422825,6,6,2,"CH,JP",1
https://openalex.org/W2017460512,3,3,1,US,0
https://openalex.org/W2017507342,3,3,1,JP,0
https://openalex.org/W2017534991,2,4,1,FR,0
https://openalex.org/W2017546915,13,13,2,"JP,US",1
https://openalex.org/W2017547618,7,7,2,"PL,UA",1
https://openalex.org/W2017583868,8,8,1,JP,0
https://openalex.org/W2017634376,2,2,1,IT,0
https://openalex.org/W2017648314,2,3,1,GB,0
https://openalex.org/W2017673066,6,6,1,JP,0
https://openalex.org/W2017686793,2,2,1,US,0
https://openalex.org/W2017705349,1,2,0,,0
https://openalex.org/W2017710951,2,2,0,,0
https://openalex.org/W2017732647,2,2,1,US,0
https://openalex.org/W2017773564,4,8,1,US,0
https://openalex.org/W2017811777,7,7,1,DE,0
https://openalex.org/W2017840224,7,7,2,"BE,ES",1
https://openalex.org/W2017852426,3,4,2,"GB,IN",1
https://openalex.org/W2017867153,3,3,1,PL,0
https://openalex.org/W2017906246,6,6,0,,0
https://openalex.org/W2017908103,2,2,0,,0
https://openalex.org/W2017922349,5,6,1,JP,0
https://openalex.org/W2017932469,3,4,1,US,0
https://openalex.org/W2017940216,5,5,1,DE,0
https://openalex.org/W2017972477,2,4,1,US,0
https://openalex.org/W2018011664,3,3,0,,0
https://openalex.org/W2018104303,5,7,1,PL,0
https://openalex.org/W2018108163,7,7,1,JP,0
https://openalex.org/W2018118724,6,7,2,"CN,JP",1
https://openalex.org/W2018120364,3,3,1,GB,0
https://openalex.org/W2018122698,1,1,0,,0
https://openalex.org/W2018123857,3,3,1,KR,0
https://openalex.org/W2018152340,2,2,1,KR,0
https://openalex.org/W2018162724,3,3,1,TW,0
https://openalex.org/W2018180565,5,5,1,JP,0
https://openalex.org/W2018182802,3,3,1,TW,0
https://openalex.org/W2018189545,3,3,1,JP,0
https://openalex.org/W2018222658,3,3,0,,0
https://openalex.org/W2018247323,5,5,1,KR,0
https://openalex.org/W2018266057,2,2,1,US,0
https://openalex.org/W2018278001,7,7,1,JP,0
https://openalex.org/W2018311700,5,5,1,US,0
https://openalex.org/W2018337685,4,9,2,"FR,GB",1
https://openalex.org/W2018399114,2,2,0,,0
https://openalex.org/W2018426162,4,4,1,JP,0
https://openalex.org/W2018483413,8,8,2,"JP,KR",1
https://openalex.org/W2018500775,1,1,0,,0
https://openalex.org/W2018505270,2,2,1,JP,0
https://openalex.org/W2018541239,2,2,1,IN,0
https://openalex.org/W2018569007,1,1,0,,0
https://openalex.org/W2018631607,3,5,1,FR,0
https://openalex.org/W2018635851,3,3,1,IT,0
https://openalex.org/W2018638467,5,6,1,SK,0
https://openalex.org/W2018689929,5,5,1,CN,0
https://openalex.org/W2018747096,4,4,1,BR,0
https://openalex.org/W2018803765,3,3,1,MD,0
https://openalex.org/W2018808647,1,2,0,,0
https://openalex.org/W2018810558,6,6,1,BR,0
https://openalex.org/W2018823140,4,8,1,DE,0
https://openalex.org/W2018827373,2,2,2,"KR,US",1
https://openalex.org/W2018830413,6,6,1,DE,0
https://openalex.org/W2018853868,5,5,1,BE,0
https://openalex.org/W2018887851,6,6,1,SK,0
https://openalex.org/W2018934541,2,2,1,US,0
https://openalex.org/W2018992826,3,3,1,BR,0
https://openalex.org/W2018992849,7,7,2,"JP,KR",1
https://openalex.org/W2018996598,6,7,1,US,0
https://openalex.org/W2018997614,8,8,2,"DE,UA",1
https://openalex.org/W2018998409,5,6,1,SG,0
https://openalex.org/W2019009433,5,5,1,CN,0
https://openalex.org/W2019030062,4,4,1,DE,0
https://openalex.org/W2019041654,1,1,0,,0
https://openalex.org/W2019052007,4,4,1,KR,0
https://openalex.org/W2019054945,2,2,0,,0
https://openalex.org/W2019087579,9,14,2,"BE,BG",1
https://openalex.org/W2019096337,6,6,1,CN,0
https://openalex.org/W2019097961,2,2,1,IT,0
https://openalex.org/W2019136119,4,8,3,"BR,IL,RS",1
https://openalex.org/W2019140731,10,10,1,PT,0
https://openalex.org/W2019144458,5,5,1,IT,0
https://openalex.org/W2019181000,4,4,1,KR,0
https://openalex.org/W2019193855,6,6,2,"CZ,DE",1
https://openalex.org/W2019199626,6,12,2,"JP,US",1
https://openalex.org/W2019211897,5,5,1,SG,0
https://openalex.org/W2019225412,6,6,1,US,0
https://openalex.org/W2019265745,2,2,1,IN,0
https://openalex.org/W2019272083,3,3,1,US,0
https://openalex.org/W2019324426,4,4,3,"AU,HK,IN",1
https://openalex.org/W2019337254,8,8,1,JP,0
https://openalex.org/W2019344235,3,3,1,GB,0
https://openalex.org/W2019345172,3,5,1,TW,0
https://openalex.org/W2019362655,5,5,1,CN,0
https://openalex.org/W2019461571,4,4,1,JP,0
https://openalex.org/W2019462069,2,2,1,HR,0
https://openalex.org/W2019468313,7,7,1,GB,0
https://openalex.org/W2019480363,2,2,1,CN,0
https://openalex.org/W2019489593,5,5,1,HK,0
https://openalex.org/W2019505797,2,2,1,US,0
https://openalex.org/W2019520466,2,4,1,US,0
https://openalex.org/W2019543258,3,3,1,TR,0
https://openalex.org/W2019557817,4,4,1,CN,0
https://openalex.org/W2019571328,1,1,0,,0
https://openalex.org/W2019573920,4,4,2,"CZ,JP",1
https://openalex.org/W2019578891,2,2,1,US,0
https://openalex.org/W2019587950,3,3,0,,0
https://openalex.org/W2019608200,5,5,0,,0
https://openalex.org/W2019608623,2,2,1,TW,0
https://openalex.org/W2019652440,6,7,1,HU,0
https://openalex.org/W2019654956,1,1,0,,0
https://openalex.org/W2019715377,6,12,2,"ES,RU",1
https://openalex.org/W2019776921,5,5,1,US,0
https://openalex.org/W2019818421,2,2,1,SE,0
https://openalex.org/W2019958172,6,6,1,EE,0
https://openalex.org/W2019993284,6,6,1,BR,0
https://openalex.org/W2020009307,7,11,1,FR,0
https://openalex.org/W2020012019,3,3,1,RU,0
https://openalex.org/W2020020255,3,3,1,US,0
https://openalex.org/W2020057753,15,25,1,AR,0
https://openalex.org/W2020066244,4,4,2,"JP,US",1
https://openalex.org/W2020106423,3,3,1,GB,0
https://openalex.org/W2020181145,17,25,1,AR,0
https://openalex.org/W2020189750,4,4,1,CN,0
https://openalex.org/W2020206672,3,3,1,US,0
https://openalex.org/W2020215348,18,20,4,"BE,CH,FR,PL",1
https://openalex.org/W2020215586,5,5,1,ES,0
https://openalex.org/W2020228846,2,2,1,TW,0
https://openalex.org/W2020256670,8,8,1,US,0
https://openalex.org/W2020262770,6,6,1,GB,0
https://openalex.org/W2020263389,4,4,1,JP,0
https://openalex.org/W2020310908,11,11,1,US,0
https://openalex.org/W2020313895,5,5,1,DE,0
https://openalex.org/W2020340735,2,2,1,KR,0
https://openalex.org/W2020382738,5,9,1,CN,0
https://openalex.org/W2020397665,4,4,1,EG,0
https://openalex.org/W2020406107,5,10,1,CA,0
https://openalex.org/W2020446215,2,4,1,HK,0
https://openalex.org/W2020473053,4,6,1,AT,0
https://openalex.org/W2020490680,4,4,1,CN,0
https://openalex.org/W2020506041,3,6,1,AU,0
https://openalex.org/W2020506659,3,3,1,CZ,0
https://openalex.org/W2020517334,4,4,1,JP,0
https://openalex.org/W2020542632,5,5,1,US,0
https://openalex.org/W2020545154,4,4,1,US,0
https://openalex.org/W2020621290,4,4,3,"JP,NL,RU",1
https://openalex.org/W2020622612,3,3,1,KR,0
https://openalex.org/W2020666554,4,4,1,US,0
https://openalex.org/W2020731414,10,11,2,"GB,JP",1
https://openalex.org/W2020770884,9,9,2,"DE,ES",1
https://openalex.org/W2020776524,3,3,1,TW,0
https://openalex.org/W2020804545,4,4,1,JP,0
https://openalex.org/W2020805274,3,3,1,US,0
https://openalex.org/W2020817673,7,7,3,"CH,GB,RU",1
https://openalex.org/W2020833100,2,2,1,TW,0
https://openalex.org/W2020901638,6,9,3,"GE,UA,US",1
https://openalex.org/W2020907043,4,4,1,US,0
https://openalex.org/W2020948387,7,7,1,CN,0
https://openalex.org/W2020978282,7,7,2,"JP,KR",1
https://openalex.org/W2020998519,5,9,1,FR,0
https://openalex.org/W2021000452,5,5,2,"KR,US",1
https://openalex.org/W2021009283,1,3,0,,0
https://openalex.org/W2021024448,4,4,1,JP,0
https://openalex.org/W2021037654,2,2,1,JP,0
https://openalex.org/W2021044285,4,4,2,"BG,JP",1
https://openalex.org/W2021077343,4,4,2,"RU,US",1
https://openalex.org/W2021081415,1,1,0,,0
https://openalex.org/W2021113773,6,9,1,FR,0
https://openalex.org/W2021123676,2,2,1,TW,0
https://openalex.org/W2021143663,2,2,1,US,0
https://openalex.org/W2021160745,4,4,1,CN,0
https://openalex.org/W2021242432,3,3,1,GB,0
https://openalex.org/W2021251307,10,10,1,DE,0
https://openalex.org/W2021258676,4,4,1,US,0
https://openalex.org/W2021303805,2,3,1,BR,0
https://openalex.org/W2021329885,4,12,1,FR,0
https://openalex.org/W2021348431,3,3,1,TW,0
https://openalex.org/W2021354557,1,1,0,,0
https://openalex.org/W2021358382,4,6,1,CN,0
https://openalex.org/W2021388710,4,4,1,CN,0
https://openalex.org/W2021392135,5,5,1,CZ,0
https://openalex.org/W2021393895,4,4,2,"GB,US",1
https://openalex.org/W2021397605,1,1,0,,0
https://openalex.org/W2021427681,6,10,2,"DE,EG",1
https://openalex.org/W2021480700,1,1,0,,0
https://openalex.org/W2021493393,2,3,1,PT,0
https://openalex.org/W2021497256,4,4,1,KR,0
https://openalex.org/W2021529388,6,6,1,TW,0
https://openalex.org/W2021555739,3,3,1,BE,0
https://openalex.org/W2021570997,12,19,1,AR,0
https://openalex.org/W2021613242,5,5,1,CN,0
https://openalex.org/W2021622521,3,3,1,KR,0
https://openalex.org/W2021624136,1,2,0,,0
https://openalex.org/W2021626461,6,6,1,JP,0
https://openalex.org/W2021641672,7,7,1,GB,0
https://openalex.org/W2021679165,6,6,1,US,0
https://openalex.org/W2021693026,4,8,1,CA,0
https://openalex.org/W2021707345,5,6,1,DE,0
https://openalex.org/W2021720751,2,2,1,BR,0
https://openalex.org/W2021840152,3,3,1,EG,0
https://openalex.org/W2021846518,2,2,1,CH,0
https://openalex.org/W2021875342,1,1,0,,0
https://openalex.org/W2021909294,4,6,1,BE,0
https://openalex.org/W2021960766,11,11,2,"RU,US",1
https://openalex.org/W2022046290,3,3,2,"EG,JP",1
https://openalex.org/W2022057697,5,5,1,CN,0
https://openalex.org/W2022117085,16,16,1,US,0
https://openalex.org/W2022117876,3,3,1,CN,0
https://openalex.org/W2022130198,4,8,1,JP,0
https://openalex.org/W2022138291,4,4,1,JP,0
https://openalex.org/W2022159120,3,3,1,TR,0
https://openalex.org/W2022167083,4,4,0,,0
https://openalex.org/W2022178277,1,1,0,,0
https://openalex.org/W2022277085,5,5,1,US,0
https://openalex.org/W2022286246,8,13,2,"ES,PT",1
https://openalex.org/W2022288277,4,4,1,US,0
https://openalex.org/W2022289309,3,3,1,TW,0
https://openalex.org/W2022293533,6,12,2,"JP,KR",1
https://openalex.org/W2022305649,5,5,1,DE,0
https://openalex.org/W2022340530,6,12,1,RU,0
https://openalex.org/W2022362888,4,4,1,AU,0
https://openalex.org/W2022394093,12,12,1,US,0
https://openalex.org/W2022402284,4,7,1,CN,0
https://openalex.org/W2022417392,4,4,1,KR,0
https://openalex.org/W2022432712,156,156,0,,0
https://openalex.org/W2022457718,8,8,2,"KR,US",1
https://openalex.org/W2022499657,1,1,0,,0
https://openalex.org/W2022508831,7,7,2,"DE,JP",1
https://openalex.org/W2022527369,3,3,1,JP,0
https://openalex.org/W2022560398,5,8,2,"DE,RU",1
https://openalex.org/W2022560476,5,5,2,"DE,US",1
https://openalex.org/W2022588460,2,2,1,CA,0
https://openalex.org/W2022588488,3,6,1,FR,0
https://openalex.org/W2022597570,5,5,2,"DE,RU",1
https://openalex.org/W2022598891,6,12,2,"FR,US",1
https://openalex.org/W2022616270,3,4,2,"GB,JP",1
https://openalex.org/W2022637140,4,4,1,US,0
https://openalex.org/W2022756527,6,6,1,US,0
https://openalex.org/W2022764495,1,1,0,,0
https://openalex.org/W2022774854,6,6,1,IN,0
https://openalex.org/W2022779073,5,5,2,"CZ,GB",1
https://openalex.org/W2022849471,2,3,2,"GB,US",1
https://openalex.org/W2022866051,6,6,1,JP,0
https://openalex.org/W2022894628,8,8,1,CN,0
https://openalex.org/W2022936793,2,2,0,,0
https://openalex.org/W2022947725,4,8,1,FR,0
https://openalex.org/W2022968340,8,9,2,"ES,UY",1
https://openalex.org/W2022980205,1,1,0,,0
https://openalex.org/W2023004469,6,7,2,"CH,GB",1
https://openalex.org/W2023009387,4,4,0,,0
https://openalex.org/W2023014590,2,5,1,RU,0
https://openalex.org/W2023015186,6,6,1,JP,0
https://openalex.org/W2023029671,4,8,1,BE,0
https://openalex.org/W2023038095,8,8,1,SG,0
https://openalex.org/W2023087208,4,4,1,RU,0
https://openalex.org/W2023107152,3,3,1,IN,0
https://openalex.org/W2023107509,3,3,1,RU,0
https://openalex.org/W2023110166,9,9,1,FR,0
https://openalex.org/W2023171756,7,11,2,"RU,SE",1
https://openalex.org/W2023175813,4,4,1,JP,0
https://openalex.org/W2023195153,3,3,1,HR,0
https://openalex.org/W2023197383,4,4,3,"CH,IT,JP",1
https://openalex.org/W2023199259,8,8,2,"JP,KR",1
https://openalex.org/W2023214027,5,5,1,JP,0
https://openalex.org/W2023249819,6,6,1,CN,0
https://openalex.org/W2023295713,3,3,1,CN,0
https://openalex.org/W2023340812,2,2,1,CH,0
https://openalex.org/W2023341766,4,4,1,CZ,0
https://openalex.org/W2023355037,2,2,1,RU,0
https://openalex.org/W2023366002,14,20,2,"CH,RU",1
https://openalex.org/W2023378981,3,3,1,KR,0
https://openalex.org/W2023394307,3,3,2,"CL,ES",1
https://openalex.org/W2023403608,3,3,1,SE,0
https://openalex.org/W2023421765,4,4,1,IN,0
https://openalex.org/W2023430882,4,4,1,CN,0
https://openalex.org/W2023461656,2,2,1,GB,0
https://openalex.org/W2023473096,6,6,1,IT,0
https://openalex.org/W2023476682,5,5,1,JP,0
https://openalex.org/W2023501186,3,3,2,"GB,IN",1
https://openalex.org/W2023524519,6,7,3,"DE,GB,KR",1
https://openalex.org/W2023530121,2,4,1,PL,0
https://openalex.org/W2023532136,3,3,2,"JP,KR",1
https://openalex.org/W2023532198,6,6,1,US,0
https://openalex.org/W2023532739,4,4,1,TW,0
https://openalex.org/W2023546510,3,3,1,TR,0
https://openalex.org/W2023555763,7,7,1,DE,0
https://openalex.org/W2023569102,5,5,2,"FR,SI",1
https://openalex.org/W2023636394,3,3,1,TW,0
https://openalex.org/W2023668911,5,5,1,CN,0
https://openalex.org/W2023684749,4,10,1,ES,0
https://openalex.org/W2023696103,10,10,1,JP,0
https://openalex.org/W2023701655,4,4,1,CN,0
https://openalex.org/W2023724773,13,26,1,FR,0
https://openalex.org/W2023733445,3,3,2,"BE,DE",1
https://openalex.org/W2023740772,1,1,0,,0
https://openalex.org/W2023741822,3,6,2,"CN,FR",1
https://openalex.org/W2023748309,3,3,1,US,0
https://openalex.org/W2023752277,5,10,1,CN,0
https://openalex.org/W2023785339,2,3,1,US,0
https://openalex.org/W2023802330,8,8,1,JP,0
https://openalex.org/W2023823392,5,5,1,JP,0
https://openalex.org/W2023869841,6,6,1,US,0
https://openalex.org/W2023902375,3,3,1,SG,0
https://openalex.org/W2023940095,10,10,1,JP,0
https://openalex.org/W2023945055,2,3,1,US,0
https://openalex.org/W2023954036,3,3,2,"CN,HK",1
https://openalex.org/W2023958852,4,4,1,DE,0
https://openalex.org/W2023964978,3,3,1,KR,0
https://openalex.org/W2024020268,1,1,0,,0
https://openalex.org/W2024025015,3,3,1,SE,0
https://openalex.org/W2024039665,5,6,2,"DE,FR",1
https://openalex.org/W2024046134,3,3,1,EE,0
https://openalex.org/W2024050813,4,4,1,US,0
https://openalex.org/W2024089697,3,4,1,IT,0
https://openalex.org/W2024115582,4,4,1,CA,0
https://openalex.org/W2024128498,3,3,1,NL,0
https://openalex.org/W2024139087,2,6,1,FR,0
https://openalex.org/W2024152751,3,3,1,GR,0
https://openalex.org/W2024157212,4,4,1,FR,0
https://openalex.org/W2024161119,2,2,1,JP,0
https://openalex.org/W2024168828,4,4,1,TW,0
https://openalex.org/W2024170526,1,1,0,,0
https://openalex.org/W2024173163,5,10,1,US,0
https://openalex.org/W2024228897,8,15,2,"GB,IT",1
https://openalex.org/W2024276135,2,2,1,RU,0
https://openalex.org/W2024284379,5,5,1,JP,0
https://openalex.org/W2024307670,3,3,1,JP,0
https://openalex.org/W2024347357,2,4,1,US,0
https://openalex.org/W2024354579,6,6,2,"DE,US",1
https://openalex.org/W2024371539,3,3,1,JP,0
https://openalex.org/W2024394241,3,3,1,BG,0
https://openalex.org/W2024443526,4,4,1,AU,0
https://openalex.org/W2024449503,2,2,1,IN,0
https://openalex.org/W2024454084,12,12,1,ES,0
https://openalex.org/W2024460639,6,11,1,JP,0
https://openalex.org/W2024492271,4,4,1,US,0
https://openalex.org/W2024510630,5,5,0,,0
https://openalex.org/W2024555986,2,2,1,IN,0
https://openalex.org/W2024569404,2,2,2,"DE,US",1
https://openalex.org/W2024577144,5,5,1,US,0
https://openalex.org/W2024579191,3,3,1,CN,0
https://openalex.org/W2024598524,7,7,1,US,0
https://openalex.org/W2024605232,7,7,1,GB,0
https://openalex.org/W2024628797,3,3,1,DE,0
https://openalex.org/W2024641842,4,4,2,"IN,JP",1
https://openalex.org/W2024643392,1,1,0,,0
https://openalex.org/W2024649835,125,130,7,"BE,CH,DE,GB,SE,US,VE",1
https://openalex.org/W2024650096,3,3,1,IN,0
https://openalex.org/W2024671702,4,4,1,US,0
https://openalex.org/W2024674058,1,1,0,,0
https://openalex.org/W2024677324,9,11,5,"BE,CN,CZ,NL,SK",1
https://openalex.org/W2024688863,4,4,1,BR,0
https://openalex.org/W2024694659,6,6,1,CN,0
https://openalex.org/W2024696427,5,7,2,"SK,TW",1
https://openalex.org/W2024714309,4,4,1,TW,0
https://openalex.org/W2024722060,5,6,1,JP,0
https://openalex.org/W2024740911,3,3,2,"BE,DE",1
https://openalex.org/W2024758735,2,2,1,TR,0
https://openalex.org/W2024776624,4,9,1,CN,0
https://openalex.org/W2024780960,2,2,1,ZA,0
https://openalex.org/W2024788020,4,4,2,"IT,NO",1
https://openalex.org/W2024792070,4,6,2,"FR,JP",1
https://openalex.org/W2024819638,6,6,1,JP,0
https://openalex.org/W2024820692,3,3,1,RU,0
https://openalex.org/W2024838332,3,3,0,,0
https://openalex.org/W2024842731,2,3,1,TN,0
https://openalex.org/W2024848410,11,13,3,"FR,MA,NL",1
https://openalex.org/W2024870344,3,3,1,DE,0
https://openalex.org/W2024914714,3,3,1,CN,0
https://openalex.org/W2024915938,3,3,1,KR,0
https://openalex.org/W2024972900,3,6,1,FR,0
https://openalex.org/W2024976260,4,4,1,JP,0
https://openalex.org/W2024980571,3,3,1,IN,0
https://openalex.org/W2024981443,2,2,1,PL,0
https://openalex.org/W2024983953,8,8,1,US,0
https://openalex.org/W2024997476,5,5,2,"JP,KR",1
https://openalex.org/W2025015069,3,3,1,IT,0
https://openalex.org/W2025026129,4,4,1,CA,0
https://openalex.org/W2025047199,3,3,1,JP,0
https://openalex.org/W2025069551,3,3,1,KR,0
https://openalex.org/W2025070343,2,2,2,"JP,US",1
https://openalex.org/W2025093054,3,3,1,NL,0
https://openalex.org/W2025128733,2,2,1,CA,0
https://openalex.org/W2025157589,4,4,2,"JP,SG",1
https://openalex.org/W2025160655,6,11,1,JP,0
https://openalex.org/W2025198030,2,4,2,"CN,PK",1
https://openalex.org/W2025244013,4,5,1,BR,0
https://openalex.org/W2025250752,6,6,1,DE,0
https://openalex.org/W2025256529,3,3,1,CN,0
https://openalex.org/W2025285243,7,8,2,"FR,US",1
https://openalex.org/W2025319776,5,5,1,US,0
https://openalex.org/W2025320385,2,2,1,AU,0
https://openalex.org/W2025365454,10,10,1,CN,0
https://openalex.org/W2025426445,3,3,1,US,0
https://openalex.org/W2025431346,5,5,1,IT,0
https://openalex.org/W2025451421,3,3,1,SE,0
https://openalex.org/W2025467603,1,1,0,,0
https://openalex.org/W2025469091,6,6,3,"FR,TR,US",1
https://openalex.org/W2025487864,8,8,1,US,0
https://openalex.org/W2025503022,2,2,1,EG,0
https://openalex.org/W2025524094,6,12,1,CN,0
https://openalex.org/W2025536947,4,4,1,KR,0
https://openalex.org/W2025542794,4,4,1,GB,0
https://openalex.org/W2025570563,1,1,0,,0
https://openalex.org/W2025590733,2,2,1,TR,0
https://openalex.org/W2025630314,3,3,1,IN,0
https://openalex.org/W2025651847,8,8,2,"BR,RS",1
https://openalex.org/W2025732790,4,4,1,CN,0
https://openalex.org/W2025747204,3,3,1,IN,0
https://openalex.org/W2025788079,5,5,1,IT,0
https://openalex.org/W2025796171,2,2,1,DE,0
https://openalex.org/W2025806008,2,2,1,TR,0
https://openalex.org/W2025821708,4,4,1,CH,0
https://openalex.org/W2025862840,3,3,1,US,0
https://openalex.org/W2025866608,5,5,1,JP,0
https://openalex.org/W2025870591,3,3,1,DE,0
https://openalex.org/W2025877895,6,6,1,ES,0
https://openalex.org/W2025910892,5,5,1,JP,0
https://openalex.org/W2025940683,7,14,1,US,0
https://openalex.org/W2025964674,7,14,1,RU,0
https://openalex.org/W2026011241,6,6,1,TR,0
https://openalex.org/W2026041024,7,14,2,"KR,US",1
https://openalex.org/W2026065549,4,4,1,US,0
https://openalex.org/W2026092574,3,3,1,IN,0
https://openalex.org/W2026109059,5,5,1,KR,0
https://openalex.org/W2026126293,4,4,1,US,0
https://openalex.org/W2026149334,4,4,1,US,0
https://openalex.org/W2026241538,3,3,1,JP,0
https://openalex.org/W2026288322,4,4,1,FR,0
https://openalex.org/W2026294671,5,5,1,IT,0
https://openalex.org/W2026303019,2,2,1,CN,0
https://openalex.org/W2026326726,1,1,0,,0
https://openalex.org/W2026383582,2,2,1,TW,0
https://openalex.org/W2026388124,3,6,1,ES,0
https://openalex.org/W2026437761,7,7,1,KR,0
https://openalex.org/W2026460968,4,4,1,KR,0
https://openalex.org/W2026478926,5,5,1,US,0
https://openalex.org/W2026516412,5,5,1,VE,0
https://openalex.org/W2026517539,3,3,2,"JP,US",1
https://openalex.org/W2026527996,3,3,2,"GB,SA",1
https://openalex.org/W2026562142,4,4,0,,0
https://openalex.org/W2026562820,3,3,1,JP,0
https://openalex.org/W2026580394,6,6,1,CN,0
https://openalex.org/W2026592387,6,6,1,JP,0
https://openalex.org/W2026618739,3,3,2,"DE,FR",1
https://openalex.org/W2026647067,2,2,1,DE,0
https://openalex.org/W2026647087,2,2,1,IN,0
https://openalex.org/W2026662404,3,3,1,JP,0
https://openalex.org/W2026712464,7,7,2,"IT,US",1
https://openalex.org/W2026771604,10,10,1,JP,0
https://openalex.org/W2026786751,3,6,1,US,0
https://openalex.org/W2026811174,4,4,1,US,0
https://openalex.org/W2026857033,4,4,1,KR,0
https://openalex.org/W2026881562,3,4,1,CN,0
https://openalex.org/W2026890775,2,2,1,JP,0
https://openalex.org/W2026960831,2,2,1,IT,0
https://openalex.org/W2026986874,7,7,1,US,0
https://openalex.org/W2027019256,2,2,1,UA,0
https://openalex.org/W2027038067,3,3,1,IN,0
https://openalex.org/W2027042409,2,3,1,CN,0
https://openalex.org/W2027062655,8,8,0,,0
https://openalex.org/W2027110841,5,5,1,CN,0
https://openalex.org/W2027127333,3,3,0,,0
https://openalex.org/W2027127440,6,6,1,TW,0
https://openalex.org/W2027131731,4,4,1,US,0
https://openalex.org/W2027257882,1,1,0,,0
https://openalex.org/W2027259823,3,3,1,CO,0
https://openalex.org/W2027284162,1,1,0,,0
https://openalex.org/W2027301790,5,5,2,"CN,HK",1
https://openalex.org/W2027307213,2,4,1,CA,0
https://openalex.org/W2027314405,9,12,1,IT,0
https://openalex.org/W2027337903,2,2,1,US,0
https://openalex.org/W2027341219,6,6,1,CN,0
https://openalex.org/W2027350405,3,3,1,SY,0
https://openalex.org/W2027356522,4,4,0,,0
https://openalex.org/W2027380607,5,6,2,"CN,JP",1
https://openalex.org/W2027499430,2,2,1,IN,0
https://openalex.org/W2027512131,3,6,1,RU,0
https://openalex.org/W2027530743,7,7,1,CN,0
https://openalex.org/W2027561631,3,3,1,KR,0
https://openalex.org/W2027588434,10,12,3,"CN,DE,US",1
https://openalex.org/W2027598109,137,177,6,"CH,ES,IT,PL,TW,US",1
https://openalex.org/W2027663796,5,5,1,CZ,0
https://openalex.org/W2027686644,4,4,1,GB,0
https://openalex.org/W2027709675,5,5,1,BR,0
https://openalex.org/W2027718426,5,5,1,US,0
https://openalex.org/W2027783435,4,4,0,,0
https://openalex.org/W2027794924,4,4,1,KR,0
https://openalex.org/W2027796851,3,3,1,DE,0
https://openalex.org/W2027823196,3,3,1,CH,0
https://openalex.org/W2027858387,4,4,1,GB,0
https://openalex.org/W2027865206,8,8,2,"PL,UA",1
https://openalex.org/W2027891272,3,3,1,US,0
https://openalex.org/W2027907052,2,2,0,,0
https://openalex.org/W2027914542,7,7,1,DE,0
https://openalex.org/W2027952318,4,4,1,JP,0
https://openalex.org/W2027970644,6,8,1,BE,0
https://openalex.org/W2027992720,5,6,3,"JP,RU,UA",1
https://openalex.org/W2028035706,3,3,1,JP,0
https://openalex.org/W2028048238,5,5,1,IN,0
https://openalex.org/W2028076224,4,4,1,JP,0
https://openalex.org/W2028107790,10,10,1,KR,0
https://openalex.org/W2028126696,4,5,1,CN,0
https://openalex.org/W2028130379,6,6,2,"SG,US",1
https://openalex.org/W2028136493,4,4,1,ES,0
https://openalex.org/W2028137847,3,3,1,US,0
https://openalex.org/W2028140396,8,8,1,ES,0
https://openalex.org/W2028230508,1,1,0,,0
https://openalex.org/W2028234081,5,5,1,KR,0
https://openalex.org/W2028244444,5,5,2,"CA,US",1
https://openalex.org/W2028287246,3,3,1,TR,0
https://openalex.org/W2028288460,2,2,1,JP,0
https://openalex.org/W2028307281,2,2,1,IR,0
https://openalex.org/W2028326960,6,6,1,BR,0
https://openalex.org/W2028327480,2,2,1,PL,0
https://openalex.org/W2028375009,3,3,1,RU,0
https://openalex.org/W2028393116,3,3,1,CN,0
https://openalex.org/W2028398345,4,4,1,IT,0
https://openalex.org/W2028426437,2,2,1,NO,0
https://openalex.org/W2028462573,2,2,1,SG,0
https://openalex.org/W2028466728,2,2,1,JP,0
https://openalex.org/W2028482365,8,8,1,PL,0
https://openalex.org/W2028499649,2,3,1,JP,0
https://openalex.org/W2028518975,4,4,1,DE,0
https://openalex.org/W2028547660,3,4,2,"AT,DE",1
https://openalex.org/W2028610374,5,5,2,"PL,ZA",1
https://openalex.org/W2028622630,4,5,1,JP,0
https://openalex.org/W2028646808,2,2,1,DE,0
https://openalex.org/W2028664116,3,3,1,FR,0
https://openalex.org/W2028672012,4,4,1,US,0
https://openalex.org/W2028700242,5,6,1,JP,0
https://openalex.org/W2028740770,4,4,1,CN,0
https://openalex.org/W2028742200,5,8,2,"CH,FR",1
https://openalex.org/W2028772007,4,4,1,JP,0
https://openalex.org/W2028779388,3,4,2,"CN,GB",1
https://openalex.org/W2028784141,4,4,2,"FR,GF",1
https://openalex.org/W2028790496,5,15,1,JP,0
https://openalex.org/W2028793233,4,4,3,"AT,CH,US",1
https://openalex.org/W2028868242,3,3,1,CA,0
https://openalex.org/W2028909196,9,9,1,CN,0
https://openalex.org/W2028927647,5,6,1,JP,0
https://openalex.org/W2028960375,2,3,1,SG,0
https://openalex.org/W2028967364,6,6,1,ES,0
https://openalex.org/W2028983874,2,2,1,GB,0
https://openalex.org/W2029007937,5,5,1,US,0
https://openalex.org/W2029035748,4,6,1,JP,0
https://openalex.org/W2029087269,2,2,1,US,0
https://openalex.org/W2029148142,2,2,1,CN,0
https://openalex.org/W2029174233,3,3,1,JP,0
https://openalex.org/W2029193787,5,5,1,CN,0
https://openalex.org/W2029206318,3,3,1,FR,0
https://openalex.org/W2029208758,1,1,0,,0
https://openalex.org/W2029213287,8,8,1,US,0
https://openalex.org/W2029213806,6,7,2,"DE,FR",1
https://openalex.org/W2029222111,4,4,1,SG,0
https://openalex.org/W2029229375,8,8,2,"DE,RU",1
https://openalex.org/W2029268269,1,1,0,,0
https://openalex.org/W2029270859,3,3,1,JP,0
https://openalex.org/W2029289940,8,9,2,"CN,US",1
https://openalex.org/W2029370892,6,7,2,"CA,PL",1
https://openalex.org/W2029377637,5,5,1,CN,0
https://openalex.org/W2029381763,2,2,1,JP,0
https://openalex.org/W2029400402,3,3,1,US,0
https://openalex.org/W2029409210,1,1,0,,0
https://openalex.org/W2029439161,5,5,1,PT,0
https://openalex.org/W2029441260,8,8,0,,0
https://openalex.org/W2029450377,3,3,1,JP,0
https://openalex.org/W2029464186,2,4,1,IN,0
https://openalex.org/W2029564355,6,6,1,DE,0
https://openalex.org/W2029571874,4,4,1,CN,0
https://openalex.org/W2029609835,2,2,0,,0
https://openalex.org/W2029620658,5,5,1,FR,0
https://openalex.org/W2029620962,5,6,2,"KR,VN",1
https://openalex.org/W2029621658,4,5,1,CN,0
https://openalex.org/W2029625058,2,2,1,JP,0
https://openalex.org/W2029628930,2,2,0,,0
https://openalex.org/W2029662794,5,5,1,US,0
https://openalex.org/W2029668971,1,1,0,,0
https://openalex.org/W2029696918,4,4,1,IT,0
https://openalex.org/W2029707518,2,2,1,DE,0
https://openalex.org/W2029726473,6,6,1,JP,0
https://openalex.org/W2029732642,2,2,1,CN,0
https://openalex.org/W2029773028,9,9,1,JP,0
https://openalex.org/W2029823229,4,4,1,US,0
https://openalex.org/W2029824029,22,45,2,"FR,US",1
https://openalex.org/W2029829396,5,5,3,"GB,IT,US",1
https://openalex.org/W2029860864,1,1,0,,0
https://openalex.org/W2029876415,7,7,1,JP,0
https://openalex.org/W2029878058,9,11,1,BR,0
https://openalex.org/W2029904391,8,8,1,DE,0
https://openalex.org/W2029941455,6,7,1,CN,0
https://openalex.org/W2029945242,4,8,1,CN,0
https://openalex.org/W2029965530,5,7,1,JP,0
https://openalex.org/W2029982679,5,5,2,"CH,JP",1
https://openalex.org/W2029984012,6,6,1,JP,0
https://openalex.org/W2029985649,5,5,1,RS,0
https://openalex.org/W2029990143,3,3,1,US,0
https://openalex.org/W2029990292,3,3,1,KR,0
https://openalex.org/W2030014575,8,16,1,US,0
https://openalex.org/W2030031510,11,11,1,US,0
https://openalex.org/W2030039640,1,1,0,,0
https://openalex.org/W2030042996,4,4,1,JP,0
https://openalex.org/W2030061131,5,10,1,DE,0
https://openalex.org/W2030116619,4,4,1,KR,0
https://openalex.org/W2030125537,4,4,1,DE,0
https://openalex.org/W2030131204,14,14,1,JP,0
https://openalex.org/W2030139140,10,11,2,"IT,PL",1
https://openalex.org/W2030167801,3,3,1,US,0
https://openalex.org/W2030179157,4,4,1,KR,0
https://openalex.org/W2030213769,5,5,1,CN,0
https://openalex.org/W2030257127,5,7,1,US,0
https://openalex.org/W2030267388,8,9,2,"FR,PL",1
https://openalex.org/W2030315532,10,10,2,"GB,TW",1
https://openalex.org/W2030317124,4,4,1,CN,0
https://openalex.org/W2030365433,4,4,2,"CH,RU",1
https://openalex.org/W2030388819,6,6,1,SE,0
https://openalex.org/W2030438995,4,4,1,CN,0
https://openalex.org/W2030443384,9,11,1,BR,0
https://openalex.org/W2030492601,7,7,2,"IE,NL",1
https://openalex.org/W2030557707,3,3,1,JP,0
https://openalex.org/W2030571677,3,3,1,JP,0
https://openalex.org/W2030573869,4,5,1,TW,0
https://openalex.org/W2030593441,4,4,1,JP,0
https://openalex.org/W2030600073,4,4,1,JP,0
https://openalex.org/W2030607209,4,4,1,BR,0
https://openalex.org/W2030613993,9,10,1,DE,0
https://openalex.org/W2030615608,3,3,2,"CA,US",1
https://openalex.org/W2030672986,3,3,1,CN,0
https://openalex.org/W2030684014,3,4,1,AU,0
https://openalex.org/W2030706404,11,12,2,"IN,US",1
https://openalex.org/W2030715662,4,5,2,"GB,RU",1
https://openalex.org/W2030726248,3,3,1,EG,0
https://openalex.org/W2030748990,2,2,1,JP,0
https://openalex.org/W2030762075,4,4,1,JP,0
https://openalex.org/W2030767573,1,1,0,,0
https://openalex.org/W2030784087,2,2,2,"BR,US",1
https://openalex.org/W2030805600,3,3,1,IN,0
https://openalex.org/W2030859861,4,6,1,MX,0
https://openalex.org/W2030870071,7,7,1,JP,0
https://openalex.org/W2030910079,5,9,2,"CN,FR",1
https://openalex.org/W2030916571,5,5,1,ES,0
https://openalex.org/W2030930284,4,4,1,US,0
https://openalex.org/W2030946233,5,5,1,RU,0
https://openalex.org/W2030968316,8,8,2,"HR,IT",1
https://openalex.org/W2030993455,11,29,4,"BE,FR,GB,PL",1
https://openalex.org/W2031023373,5,5,1,US,0
https://openalex.org/W2031038073,3,3,1,TW,0
https://openalex.org/W2031057635,6,6,1,JP,0
https://openalex.org/W2031069303,2,2,1,GB,0
https://openalex.org/W2031079681,4,8,1,FR,0
https://openalex.org/W2031098243,1,1,0,,0
https://openalex.org/W2031151956,2,2,1,JP,0
https://openalex.org/W2031193158,5,15,1,FR,0
https://openalex.org/W2031221755,3,3,1,BY,0
https://openalex.org/W2031244774,6,6,1,BR,0
https://openalex.org/W2031260060,5,5,1,NL,0
https://openalex.org/W2031276387,2,4,1,PL,0
https://openalex.org/W2031319741,4,4,1,PL,0
https://openalex.org/W2031337162,11,11,1,IT,0
https://openalex.org/W2031340066,3,3,1,US,0
https://openalex.org/W2031346877,2,2,1,US,0
https://openalex.org/W2031355154,5,5,1,CN,0
https://openalex.org/W2031357559,4,8,1,RU,0
https://openalex.org/W2031403064,3,3,1,CN,0
https://openalex.org/W2031451983,7,10,2,"AR,IT",1
https://openalex.org/W2031467840,5,9,1,CN,0
https://openalex.org/W2031469753,1,1,0,,0
https://openalex.org/W2031489991,7,7,1,JP,0
https://openalex.org/W2031492351,2,2,1,KR,0
https://openalex.org/W2031507102,3,3,1,NL,0
https://openalex.org/W2031586675,2,2,1,AU,0
https://openalex.org/W2031596627,3,3,2,"CA,IR",1
https://openalex.org/W2031604108,8,8,1,JP,0
https://openalex.org/W2031604910,5,5,1,BR,0
https://openalex.org/W2031623719,2,6,2,"IN,US",1
https://openalex.org/W2031626250,18,18,1,CH,0
https://openalex.org/W2031628319,1,1,0,,0
https://openalex.org/W2031767373,7,7,1,IT,0
https://openalex.org/W2031783316,13,13,1,US,0
https://openalex.org/W2031834837,3,3,1,PL,0
https://openalex.org/W2031853731,5,5,1,AT,0
https://openalex.org/W2031952295,2,2,1,JP,0
https://openalex.org/W2031985682,5,5,2,"BY,DE",1
https://openalex.org/W2032004409,10,10,3,"ES,MD,UA",1
https://openalex.org/W2032007266,3,3,1,US,0
https://openalex.org/W2032030934,4,4,1,CN,0
https://openalex.org/W2032047527,5,5,1,JP,0
https://openalex.org/W2032064671,4,4,1,NL,0
https://openalex.org/W2032078745,4,6,2,"GB,PT",1
https://openalex.org/W2032093676,8,8,1,JP,0
https://openalex.org/W2032095364,4,5,2,"MX,PL",1
https://openalex.org/W2032096096,3,4,1,DE,0
https://openalex.org/W2032110093,5,5,1,US,0
https://openalex.org/W2032114456,2,2,1,UA,0
https://openalex.org/W2032134111,1,1,0,,0
https://openalex.org/W2032137667,2,2,1,US,0
https://openalex.org/W2032140493,6,6,2,"CZ,ES",1
https://openalex.org/W2032148106,4,7,2,"ES,US",1
https://openalex.org/W2032181633,3,3,1,IT,0
https://openalex.org/W2032215863,2,2,1,US,0
https://openalex.org/W2032221908,1,1,0,,0
https://openalex.org/W2032227193,3,3,1,KR,0
https://openalex.org/W2032260911,3,3,1,BY,0
https://openalex.org/W2032291400,2,2,1,KR,0
https://openalex.org/W2032298615,7,8,1,KR,0
https://openalex.org/W2032306765,6,14,1,FR,0
https://openalex.org/W2032315288,2,2,1,SG,0
https://openalex.org/W2032363512,4,4,1,JP,0
https://openalex.org/W2032443695,7,20,1,FR,0
https://openalex.org/W2032451157,6,6,1,US,0
https://openalex.org/W2032462894,4,5,1,JP,0
https://openalex.org/W2032464335,8,8,1,CA,0
https://openalex.org/W2032474591,1,1,0,,0
https://openalex.org/W2032480515,3,3,1,BE,0
https://openalex.org/W2032493983,5,6,1,CN,0
https://openalex.org/W2032499631,4,4,1,US,0
https://openalex.org/W2032530079,6,6,1,CN,0
https://openalex.org/W2032571824,3,3,1,US,0
https://openalex.org/W2032596581,5,5,0,,0
https://openalex.org/W2032624718,8,8,1,IT,0
https://openalex.org/W2032624812,6,6,1,JP,0
https://openalex.org/W2032628303,3,3,1,DE,0
https://openalex.org/W2032632707,20,26,9,"CH,CZ,DE,FI,FR,GB,HU,NL,SE",1
https://openalex.org/W2032638379,6,10,1,FR,0
https://openalex.org/W2032702882,2,2,1,US,0
https://openalex.org/W2032728578,6,6,1,IR,0
https://openalex.org/W2032750498,5,6,1,CN,0
https://openalex.org/W2032844589,5,5,1,JP,0
https://openalex.org/W2032890731,1,1,0,,0
https://openalex.org/W2032900256,6,7,1,PL,0
https://openalex.org/W2032903384,1,2,0,,0
https://openalex.org/W2033022585,10,10,2,"DE,JP",1
https://openalex.org/W2033032011,5,10,1,FR,0
https://openalex.org/W2033046211,1,1,0,,0
https://openalex.org/W2033074112,3,3,1,US,0
https://openalex.org/W2033081219,3,3,1,GB,0
https://openalex.org/W2033082592,1,2,0,,0
https://openalex.org/W2033103520,2,4,1,DE,0
https://openalex.org/W2033115647,7,7,1,CN,0
https://openalex.org/W2033158020,4,4,1,CH,0
https://openalex.org/W2033164011,2,4,1,CN,0
https://openalex.org/W2033169179,1,1,0,,0
https://openalex.org/W2033177746,7,7,1,RU,0
https://openalex.org/W2033177750,1,1,0,,0
https://openalex.org/W2033190941,4,4,1,BR,0
https://openalex.org/W2033250968,10,10,2,"IE,RU",1
https://openalex.org/W2033257588,4,4,1,KR,0
https://openalex.org/W2033257965,4,5,1,JP,0
https://openalex.org/W2033277746,1,1,0,,0
https://openalex.org/W2033295090,4,4,1,KR,0
https://openalex.org/W2033378543,5,5,1,ES,0
https://openalex.org/W2033383338,2,2,1,IN,0
https://openalex.org/W2033427359,2,2,2,"TW,US",1
https://openalex.org/W2033439045,1,1,0,,0
https://openalex.org/W2033455937,18,36,1,FR,0
https://openalex.org/W2033469793,3,3,1,JP,0
https://openalex.org/W2033531129,1,1,0,,0
https://openalex.org/W2033541133,4,5,1,CN,0
https://openalex.org/W2033628933,3,3,1,IT,0
https://openalex.org/W2033641417,6,6,1,KR,0
https://openalex.org/W2033642028,4,4,1,PL,0
https://openalex.org/W2033664841,1,1,0,,0
https://openalex.org/W2033666554,4,4,1,CN,0
https://openalex.org/W2033670035,3,3,1,TW,0
https://openalex.org/W2033699739,2,2,1,IR,0
https://openalex.org/W2033699910,1,1,0,,0
https://openalex.org/W2033705750,3,3,1,LY,0
https://openalex.org/W2033724763,2,2,1,MX,0
https://openalex.org/W2033744598,17,17,2,"CA,US",1
https://openalex.org/W2033789963,5,5,1,CN,0
https://openalex.org/W2033815287,10,10,2,"CH,RU",1
https://openalex.org/W2033842563,6,7,2,"CH,GB",1
https://openalex.org/W2033845334,1,1,0,,0
https://openalex.org/W2033873585,1,1,0,,0
https://openalex.org/W2033949251,3,3,1,CN,0
https://openalex.org/W2033951965,4,4,1,BR,0
https://openalex.org/W2033987221,6,6,2,"DE,US",1
https://openalex.org/W2034004063,4,4,1,PL,0
https://openalex.org/W2034056656,6,6,1,JP,0
https://openalex.org/W2034060670,4,4,1,TH,0
https://openalex.org/W2034071500,7,8,3,"IT,JP,US",1
https://openalex.org/W2034076919,5,5,1,SG,0
https://openalex.org/W2034089924,5,5,1,DE,0
https://openalex.org/W2034101366,3,3,1,US,0
https://openalex.org/W2034123202,5,5,1,JP,0
https://openalex.org/W2034177518,3,3,1,US,0
https://openalex.org/W2034179677,6,10,2,"DE,SE",1
https://openalex.org/W2034283868,6,7,4,"CN,IN,SG,US",1
https://openalex.org/W2034338764,4,8,1,IL,0
https://openalex.org/W2034355868,3,3,1,KR,0
https://openalex.org/W2034428156,4,4,1,US,0
https://openalex.org/W2034441404,1,1,0,,0
https://openalex.org/W2034494167,5,5,2,"CN,HK",1
https://openalex.org/W2034495437,3,3,1,GB,0
https://openalex.org/W2034525965,9,9,1,JP,0
https://openalex.org/W2034534291,3,3,1,RU,0
https://openalex.org/W2034539222,8,13,1,CN,0
https://openalex.org/W2034559120,4,4,1,TR,0
https://openalex.org/W2034589318,3,3,1,CN,0
https://openalex.org/W2034593619,11,11,3,"DE,FR,US",1
https://openalex.org/W2034652713,5,5,1,ES,0
https://openalex.org/W2034660959,3,3,2,"AU,ZA",1
https://openalex.org/W2034687774,2,2,0,,0
https://openalex.org/W2034689115,4,10,1,FR,0
https://openalex.org/W2034704424,3,3,1,US,0
https://openalex.org/W2034736893,3,5,2,"BE,US",1
https://openalex.org/W2034745212,2,2,1,PL,0
https://openalex.org/W2034749686,4,8,1,PT,0
https://openalex.org/W2034760401,3,3,2,"CN,FR",1
https://openalex.org/W2034765280,4,4,1,US,0
https://openalex.org/W2034771367,6,7,2,"RU,SE",1
https://openalex.org/W2034779220,2,2,0,,0
https://openalex.org/W2034791391,4,4,1,HK,0
https://openalex.org/W2034792861,5,5,1,RU,0
https://openalex.org/W2034799847,3,3,2,"SK,US",1
https://openalex.org/W2034814199,10,10,1,JP,0
https://openalex.org/W2034886541,2,2,1,MY,0
https://openalex.org/W2034892493,2,2,1,CN,0
https://openalex.org/W2034897232,2,2,1,KW,0
https://openalex.org/W2034905577,5,5,1,PL,0
https://openalex.org/W2034916347,2,2,0,,0
https://openalex.org/W2034927557,4,4,0,,0
https://openalex.org/W2034956600,3,3,1,KR,0
https://openalex.org/W2034984729,2,2,1,JP,0
https://openalex.org/W2035000887,3,3,1,CN,0
https://openalex.org/W2035041508,7,9,2,"FR,RO",1
https://openalex.org/W2035049897,1,1,0,,0
https://openalex.org/W2035065351,2,2,1,GB,0
https://openalex.org/W2035087080,3,3,1,JP,0
https://openalex.org/W2035091945,7,7,0,,0
https://openalex.org/W2035122257,3,3,1,SG,0
https://openalex.org/W2035255520,6,8,1,FR,0
https://openalex.org/W2035273204,4,4,1,FR,0
https://openalex.org/W2035278819,9,9,1,KR,0
https://openalex.org/W2035286859,3,6,1,RU,0
https://openalex.org/W2035296100,3,3,1,US,0
https://openalex.org/W2035316821,6,6,2,"NO,US",1
https://openalex.org/W2035334347,2,2,1,AU,0
https://openalex.org/W2035338932,7,7,1,FR,0
https://openalex.org/W2035372330,2,2,1,BR,0
https://openalex.org/W2035381027,14,18,4,"DE,ES,PL,PT",1
https://openalex.org/W2035408777,5,5,1,SG,0
https://openalex.org/W2035424170,6,6,1,JP,0
https://openalex.org/W2035430053,3,3,1,CN,0
https://openalex.org/W2035430647,4,4,1,US,0
https://openalex.org/W2035449306,4,4,1,KR,0
https://openalex.org/W2035460142,4,4,1,US,0
https://openalex.org/W2035469630,5,5,1,US,0
https://openalex.org/W2035497656,5,6,1,RU,0
https://openalex.org/W2035499845,1,1,0,,0
https://openalex.org/W2035510587,3,3,1,US,0
https://openalex.org/W2035514682,4,4,1,CN,0
https://openalex.org/W2035530266,4,8,1,US,0
https://openalex.org/W2035550644,6,6,1,HU,0
https://openalex.org/W2035551428,1,1,0,,0
https://openalex.org/W2035553326,3,3,1,CA,0
https://openalex.org/W2035553922,9,9,1,US,0
https://openalex.org/W2035554410,2,2,2,"CN,JP",1
https://openalex.org/W2035582439,3,3,1,CN,0
https://openalex.org/W2035634688,5,5,1,US,0
https://openalex.org/W2035644730,3,3,1,FR,0
https://openalex.org/W2035658969,5,5,1,LT,0
https://openalex.org/W2035666967,7,7,2,"BR,ES",1
https://openalex.org/W2035678983,4,4,1,CN,0
https://openalex.org/W2035691459,2,3,2,"CH,IN",1
https://openalex.org/W2035723861,6,7,1,JP,0
https://openalex.org/W2035756840,4,4,1,MX,0
https://openalex.org/W2035777734,2,3,1,KR,0
https://openalex.org/W2035783852,4,6,1,CN,0
https://openalex.org/W2035843279,6,8,2,"BR,ES",1
https://openalex.org/W2035855784,5,5,1,SG,0
https://openalex.org/W2035882306,9,10,1,GB,0
https://openalex.org/W2035889881,7,7,1,DE,0
https://openalex.org/W2035909180,3,3,1,IT,0
https://openalex.org/W2035912055,6,6,1,JP,0
https://openalex.org/W2035963947,14,28,1,RU,0
https://openalex.org/W2035997187,6,6,2,"CZ,JP",1
https://openalex.org/W2036001589,1,1,0,,0
https://openalex.org/W2036007150,6,6,1,JP,0
https://openalex.org/W2036022014,9,10,2,"CH,US",1
https://openalex.org/W2036050716,1,2,0,,0
https://openalex.org/W2036065302,6,8,1,CN,0
https://openalex.org/W2036065504,2,2,1,CA,0
https://openalex.org/W2036095166,23,27,7,"CH,ES,FR,NO,PT,SI,US",1
https://openalex.org/W2036102559,3,9,1,FR,0
https://openalex.org/W2036136596,4,4,1,IN,0
https://openalex.org/W2036167676,2,2,1,JP,0
https://openalex.org/W2036181738,11,11,2,"DE,US",1
https://openalex.org/W2036211684,3,3,1,GB,0
https://openalex.org/W2036219181,1,1,0,,0
https://openalex.org/W2036226227,7,8,2,"DE,LV",1
https://openalex.org/W2036268927,7,7,2,"DE,JP",1
https://openalex.org/W2036273354,2,3,1,JP,0
https://openalex.org/W2036295447,1,2,0,,0
https://openalex.org/W2036301720,13,13,1,DE,0
https://openalex.org/W2036304321,3,3,1,AU,0
https://openalex.org/W2036383891,5,5,0,,0
https://openalex.org/W2036434841,5,5,1,CN,0
https://openalex.org/W2036449612,3,3,1,BE,0
https://openalex.org/W2036455640,3,3,2,"DK,NO",1
https://openalex.org/W2036509960,7,7,1,IN,0
https://openalex.org/W2036526138,8,8,1,US,0
https://openalex.org/W2036530096,4,8,1,CN,0
https://openalex.org/W2036556364,5,11,1,FR,0
https://openalex.org/W2036575956,3,3,1,US,0
https://openalex.org/W2036618639,2,2,1,JP,0
https://openalex.org/W2036630902,15,30,1,US,0
https://openalex.org/W2036632499,4,4,1,US,0
https://openalex.org/W2036633539,4,4,1,TW,0
https://openalex.org/W2036643557,5,5,3,"DE,JP,US",1
https://openalex.org/W2036744031,3,3,1,SE,0
https://openalex.org/W2036744107,4,4,1,JP,0
https://openalex.org/W2036771019,5,5,1,CN,0
https://openalex.org/W2036789171,3,3,1,KR,0
https://openalex.org/W2036803420,5,5,2,"ES,FR",1
https://openalex.org/W2036838842,5,10,1,CN,0
https://openalex.org/W2036849643,3,3,1,FR,0
https://openalex.org/W2036897232,5,5,1,CN,0
https://openalex.org/W2036901168,4,4,2,"AU,CN",1
https://openalex.org/W2036905098,2,2,1,DE,0
https://openalex.org/W2036909526,5,5,1,SE,0
https://openalex.org/W2036923269,3,3,1,HU,0
https://openalex.org/W2036925427,4,4,1,JP,0
https://openalex.org/W2036926586,1,1,0,,0
https://openalex.org/W2036943881,3,3,0,,0
https://openalex.org/W2036994069,3,3,1,TW,0
https://openalex.org/W2037084237,5,8,1,FR,0
https://openalex.org/W2037106096,4,4,1,GB,0
https://openalex.org/W2037117559,10,10,1,NL,0
https://openalex.org/W2037130259,3,4,1,CN,0
https://openalex.org/W2037137041,4,4,2,"CL,MX",1
https://openalex.org/W2037148882,3,3,1,AU,0
https://openalex.org/W2037208507,2,2,1,PL,0
https://openalex.org/W2037213558,6,6,1,CN,0
https://openalex.org/W2037241311,5,5,1,KR,0
https://openalex.org/W2037272716,4,4,1,DE,0
https://openalex.org/W2037273084,3,3,1,US,0
https://openalex.org/W2037290255,4,4,1,KR,0
https://openalex.org/W2037290602,6,7,2,"TW,US",1
https://openalex.org/W2037304261,3,3,1,GB,0
https://openalex.org/W2037340817,3,3,1,AU,0
https://openalex.org/W2037389823,3,3,1,VE,0
https://openalex.org/W2037442337,5,5,1,CN,0
https://openalex.org/W2037450301,2,2,1,CA,0
https://openalex.org/W2037452192,2,2,2,"TW,US",1
https://openalex.org/W2037455715,2,3,1,CN,0
https://openalex.org/W2037467488,2,2,1,MX,0
https://openalex.org/W2037502710,3,3,0,,0
https://openalex.org/W2037506295,4,7,1,TW,0
https://openalex.org/W2037524002,3,3,1,US,0
https://openalex.org/W2037544296,7,7,1,BE,0
https://openalex.org/W2037550537,6,6,1,IT,0
https://openalex.org/W2037566188,1,1,0,,0
https://openalex.org/W2037591661,1,2,0,,0
https://openalex.org/W2037613706,5,8,1,FR,0
https://openalex.org/W2037626325,3,3,2,"AR,BR",1
https://openalex.org/W2037634404,5,5,1,KR,0
https://openalex.org/W2037666508,2,2,1,US,0
https://openalex.org/W2037733696,2,2,1,CA,0
https://openalex.org/W2037759092,4,4,1,ES,0
https://openalex.org/W2037759387,4,4,1,KR,0
https://openalex.org/W2037780235,5,5,1,BR,0
https://openalex.org/W2037839538,3,3,1,PL,0
https://openalex.org/W2037860377,2,2,1,CN,0
https://openalex.org/W2037889926,4,8,1,CN,0
https://openalex.org/W2037896170,4,4,1,IN,0
https://openalex.org/W2037914362,15,15,1,BE,0
https://openalex.org/W2037926050,3,4,3,"DE,IN,NL",1
https://openalex.org/W2037967917,1,1,0,,0
https://openalex.org/W2037969096,2,2,1,JP,0
https://openalex.org/W2037985187,4,5,1,RO,0
https://openalex.org/W2038040945,9,9,1,NL,0
https://openalex.org/W2038041486,3,3,2,"GB,IT",1
https://openalex.org/W2038072674,1,1,0,,0
https://openalex.org/W2038075025,3,5,1,FR,0
https://openalex.org/W2038081197,6,6,1,SG,0
https://openalex.org/W2038087370,4,4,1,JP,0
https://openalex.org/W2038096134,11,11,3,"BE,GR,NL",1
https://openalex.org/W2038107483,3,3,1,FR,0
https://openalex.org/W2038108303,2,2,1,KR,0
https://openalex.org/W2038119685,2,2,2,"AU,NL",1
https://openalex.org/W2038132090,2,2,1,RU,0
https://openalex.org/W2038134095,2,2,1,JP,0
https://openalex.org/W2038186500,9,9,1,DE,0
https://openalex.org/W2038206515,6,6,2,"JP,KR",1
https://openalex.org/W2038208785,7,7,1,IT,0
https://openalex.org/W2038233508,1,1,0,,0
https://openalex.org/W2038275149,9,16,1,JP,0
https://openalex.org/W2038275787,4,5,1,JP,0
https://openalex.org/W2038303625,4,4,1,JP,0
https://openalex.org/W2038308268,5,5,2,"BG,CZ",1
https://openalex.org/W2038325841,6,6,1,US,0
https://openalex.org/W2038336535,5,7,1,JP,0
https://openalex.org/W2038349210,7,7,1,JP,0
https://openalex.org/W2038364761,2,2,1,JP,0
https://openalex.org/W2038398679,4,4,1,JP,0
https://openalex.org/W2038415639,6,6,1,JP,0
https://openalex.org/W2038419893,5,5,1,RU,0
https://openalex.org/W2038443111,11,11,1,KR,0
https://openalex.org/W2038469225,7,10,2,"SE,US",1
https://openalex.org/W2038472934,3,4,2,"IN,JP",1
https://openalex.org/W2038489601,4,4,1,US,0
https://openalex.org/W2038494762,7,8,3,"CH,IT,RU",1
https://openalex.org/W2038495010,2,2,1,US,0
https://openalex.org/W2038529422,5,5,1,CH,0
https://openalex.org/W2038531151,6,6,1,CN,0
https://openalex.org/W2038537021,5,6,2,"CZ,HU",1
https://openalex.org/W2038542723,10,10,1,JP,0
https://openalex.org/W2038544391,4,4,2,"DE,FR",1
https://openalex.org/W2038547375,3,3,1,DE,0
https://openalex.org/W2038573448,5,5,1,CN,0
https://openalex.org/W2038579326,11,24,1,FR,0
https://openalex.org/W2038615618,4,4,1,TW,0
https://openalex.org/W2038626199,5,5,1,FI,0
https://openalex.org/W2038639469,3,3,1,CN,0
https://openalex.org/W2038678243,3,3,2,"IL,SG",1
https://openalex.org/W2038696884,6,6,1,JP,0
https://openalex.org/W2038732027,3,6,1,JP,0
https://openalex.org/W2038735554,2,2,1,US,0
https://openalex.org/W2038745632,8,8,1,JP,0
https://openalex.org/W2038754814,4,4,1,IN,0
https://openalex.org/W2038790078,4,7,1,PL,0
https://openalex.org/W2038802257,5,8,2,"CZ,JP",1
https://openalex.org/W2038809396,5,10,1,US,0
https://openalex.org/W2038814261,3,4,2,"FR,TN",1
https://openalex.org/W2038822968,2,2,1,JP,0
https://openalex.org/W2038842077,6,6,1,IN,0
https://openalex.org/W2038852699,3,5,1,US,0
https://openalex.org/W2038853836,4,4,1,KR,0
https://openalex.org/W2038918365,5,5,1,JP,0
https://openalex.org/W2038934948,4,4,1,CN,0
https://openalex.org/W2038937427,4,4,1,AR,0
https://openalex.org/W2038937902,5,7,2,"IN,US",1
https://openalex.org/W2038941144,5,5,1,KR,0
https://openalex.org/W2038992102,4,4,1,IL,0
https://openalex.org/W2038996389,6,13,2,"CN,JP",1
https://openalex.org/W2038996686,7,7,1,CN,0
https://openalex.org/W2039054755,9,10,1,IT,0
https://openalex.org/W2039081858,4,4,1,JP,0
https://openalex.org/W2039084190,4,4,1,CN,0
https://openalex.org/W2039092867,4,4,1,US,0
https://openalex.org/W2039117887,1,1,0,,0
https://openalex.org/W2039137594,4,4,1,DE,0
https://openalex.org/W2039139127,1,1,0,,0
https://openalex.org/W2039169121,4,6,1,CN,0
https://openalex.org/W2039187095,5,5,1,TH,0
https://openalex.org/W2039196003,5,5,3,"CA,IR,US",1
https://openalex.org/W2039218525,3,3,1,TR,0
https://openalex.org/W2039232041,8,10,1,US,0
https://openalex.org/W2039234555,1,1,0,,0
https://openalex.org/W2039248771,3,3,1,CN,0
https://openalex.org/W2039281362,9,9,1,DE,0
https://openalex.org/W2039283456,9,11,1,TW,0
https://openalex.org/W2039319411,6,6,1,US,0
https://openalex.org/W2039324575,2,2,0,,0
https://openalex.org/W2039329978,11,11,1,JP,0
https://openalex.org/W2039350511,4,4,1,SG,0
https://openalex.org/W2039352431,3,3,1,US,0
https://openalex.org/W2039358345,1,1,0,,0
https://openalex.org/W2039358853,1,1,0,,0
https://openalex.org/W2039396329,4,4,1,CN,0
https://openalex.org/W2039437148,1,1,0,,0
https://openalex.org/W2039453242,10,17,2,"DE,RU",1
https://openalex.org/W2039462706,7,7,1,JP,0
https://openalex.org/W2039496401,12,13,2,"DE,IN",1
https://openalex.org/W2039551139,3,7,1,CN,0
https://openalex.org/W2039572911,10,10,1,KR,0
https://openalex.org/W2039577473,5,5,1,US,0
https://openalex.org/W2039587599,2,2,1,FR,0
https://openalex.org/W2039669895,1,1,0,,0
https://openalex.org/W2039673118,5,5,1,ES,0
https://openalex.org/W2039695599,5,5,1,TR,0
https://openalex.org/W2039730853,8,16,1,FR,0
https://openalex.org/W2039744924,5,5,2,"LT,SE",1
https://openalex.org/W2039771160,5,5,1,KR,0
https://openalex.org/W2039791119,4,4,1,US,0
https://openalex.org/W2039817120,4,4,1,GB,0
https://openalex.org/W2039823132,5,5,1,US,0
https://openalex.org/W2039828697,12,12,0,,0
https://openalex.org/W2039850251,2,2,1,TH,0
https://openalex.org/W2039868992,5,5,1,GB,0
https://openalex.org/W2039880408,4,4,2,"JP,PH",1
https://openalex.org/W2039899738,12,12,1,JP,0
https://openalex.org/W2039917290,3,3,2,"NO,US",1
https://openalex.org/W2039939047,3,3,2,"IN,JP",1
https://openalex.org/W2039951172,2,2,1,CN,0
https://openalex.org/W2039978460,4,4,1,CN,0
https://openalex.org/W2039980666,5,5,1,US,0
https://openalex.org/W2039981386,5,5,1,US,0
https://openalex.org/W2039987350,2,2,1,US,0
https://openalex.org/W2040035232,3,3,1,JP,0
https://openalex.org/W2040060124,3,3,1,RU,0
https://openalex.org/W2040064540,7,7,1,JP,0
https://openalex.org/W2040098802,6,6,1,MX,0
https://openalex.org/W2040118506,4,4,1,SG,0
https://openalex.org/W2040125537,5,6,1,CN,0
https://openalex.org/W2040168282,6,6,3,"ES,GB,US",1
https://openalex.org/W2040175168,5,5,1,JP,0
https://openalex.org/W2040180369,5,5,1,SG,0
https://openalex.org/W2040245897,2,2,1,US,0
https://openalex.org/W2040253711,5,10,1,CN,0
https://openalex.org/W2040286497,11,11,1,JP,0
https://openalex.org/W2040301322,1,1,0,,0
https://openalex.org/W2040306729,6,6,1,DE,0
https://openalex.org/W2040326961,2,3,2,"CN,US",1
https://openalex.org/W2040335970,4,4,1,CN,0
https://openalex.org/W2040342958,14,14,1,US,0
https://openalex.org/W2040364532,7,7,1,FI,0
https://openalex.org/W2040399952,4,4,1,RU,0
https://openalex.org/W2040432016,6,7,2,"JP,RO",1
https://openalex.org/W2040433765,8,8,1,JP,0
https://openalex.org/W2040457427,4,4,2,"CN,JP",1
https://openalex.org/W2040475417,4,4,2,"DE,GB",1
https://openalex.org/W2040501964,8,9,1,JP,0
https://openalex.org/W2040509461,5,5,2,"GB,JP",1
https://openalex.org/W2040525616,3,3,1,IN,0
https://openalex.org/W2040530484,3,3,1,JP,0
https://openalex.org/W2040541817,3,3,1,SE,0
https://openalex.org/W2040544594,1,1,0,,0
https://openalex.org/W2040549685,6,6,1,DE,0
https://openalex.org/W2040595288,6,6,1,KR,0
https://openalex.org/W2040599531,5,11,2,"ES,FR",1
https://openalex.org/W2040609670,2,2,1,US,0
https://openalex.org/W2040648121,2,2,1,IN,0
https://openalex.org/W2040667558,8,10,2,"RU,UZ",1
https://openalex.org/W2040673838,4,4,1,IN,0
https://openalex.org/W2040704661,1,1,0,,0
https://openalex.org/W2040777444,5,5,2,"PL,RU",1
https://openalex.org/W2040781715,8,8,2,"CH,LI",1
https://openalex.org/W2040784147,2,2,1,KR,0
https://openalex.org/W2040825354,6,7,1,GB,0
https://openalex.org/W2040829604,3,3,1,CN,0
https://openalex.org/W2040838330,5,5,1,BR,0
https://openalex.org/W2040845161,3,4,1,RU,0
https://openalex.org/W2040853580,1,1,0,,0
https://openalex.org/W2040860321,7,7,0,,0
https://openalex.org/W2040861425,4,4,1,CN,0
https://openalex.org/W2040863440,1,1,0,,0
https://openalex.org/W2040867436,2,2,1,IN,0
https://openalex.org/W2040871850,4,4,1,TW,0
https://openalex.org/W2040878811,4,8,1,CN,0
https://openalex.org/W2040905558,6,6,1,CN,0
https://openalex.org/W2040912997,4,4,1,JP,0
https://openalex.org/W2040916463,2,2,1,IT,0
https://openalex.org/W2040933348,3,3,2,"JP,US",1
https://openalex.org/W2040966039,6,7,1,CN,0
https://openalex.org/W2040985949,4,8,1,CN,0
https://openalex.org/W2041000833,6,6,1,BE,0
https://openalex.org/W2041001805,4,5,2,"FR,PL",1
https://openalex.org/W2041006637,8,8,3,"LT,NO,SE",1
https://openalex.org/W2041014993,3,3,1,US,0
https://openalex.org/W2041030650,9,9,1,DE,0
https://openalex.org/W2041065105,3,3,1,CA,0
https://openalex.org/W2041080074,3,4,2,"DE,GB",1
https://openalex.org/W2041088253,2,2,1,IN,0
https://openalex.org/W2041132840,4,4,1,KR,0
https://openalex.org/W2041152504,5,5,1,KR,0
https://openalex.org/W2041153259,6,6,1,FR,0
https://openalex.org/W2041250209,2,2,1,JP,0
https://openalex.org/W2041279086,6,6,1,IN,0
https://openalex.org/W2041293347,6,10,1,US,0
https://openalex.org/W2041347845,3,3,1,TW,0
https://openalex.org/W2041439904,7,7,0,,0
https://openalex.org/W2041447815,4,4,1,CN,0
https://openalex.org/W2041458813,8,8,1,CN,0
https://openalex.org/W2041472796,5,5,1,TW,0
https://openalex.org/W2041491509,4,4,1,JP,0
https://openalex.org/W2041507236,1,1,0,,0
https://openalex.org/W2041520394,2,2,1,IT,0
https://openalex.org/W2041526880,7,12,1,SG,0
https://openalex.org/W2041538052,3,3,1,JP,0
https://openalex.org/W2041565815,6,6,2,"FR,GB",1
https://openalex.org/W2041650869,5,5,1,JP,0
https://openalex.org/W2041683893,2,2,1,DE,0
https://openalex.org/W2041725934,1,1,0,,0
https://openalex.org/W2041744041,2,2,1,EG,0
https://openalex.org/W2041779802,3,4,2,"CA,PL",1
https://openalex.org/W2041780804,4,4,1,ES,0
https://openalex.org/W2041789911,4,4,1,JP,0
https://openalex.org/W2041794428,3,3,1,JP,0
https://openalex.org/W2041798786,2,2,1,AU,0
https://openalex.org/W2041802707,5,5,1,MX,0
https://openalex.org/W2041819273,7,7,1,GB,0
https://openalex.org/W2041821283,6,6,1,JP,0
https://openalex.org/W2041832050,2,2,1,DE,0
https://openalex.org/W2041836557,3,3,1,KR,0
https://openalex.org/W2041837327,7,7,1,KR,0
https://openalex.org/W2041857100,3,3,1,JP,0
https://openalex.org/W2041875712,2,2,1,ES,0
https://openalex.org/W2041913650,4,8,1,CN,0
https://openalex.org/W2041937363,4,8,2,"CA,FR",1
https://openalex.org/W2041958404,1,1,0,,0
https://openalex.org/W2041961436,4,4,1,JP,0
https://openalex.org/W2041971878,3,3,1,IN,0
https://openalex.org/W2041986503,9,10,3,"DE,GB,RU",1
https://openalex.org/W2042011111,13,13,4,"DE,GB,HU,US",1
https://openalex.org/W2042013343,8,8,1,IN,0
https://openalex.org/W2042019003,2,2,1,JP,0
https://openalex.org/W2042067517,2,2,1,AR,0
https://openalex.org/W2042079261,3,3,1,CN,0
https://openalex.org/W2042091015,3,3,1,IN,0
https://openalex.org/W2042094046,5,5,1,FR,0
https://openalex.org/W2042098488,3,3,1,US,0
https://openalex.org/W2042146439,3,3,1,JP,0
https://openalex.org/W2042174920,1,2,0,,0
https://openalex.org/W2042182215,3,3,1,KR,0
https://openalex.org/W2042271384,4,4,2,"CU,DE",1
https://openalex.org/W2042277246,5,5,1,RU,0
https://openalex.org/W2042289481,6,8,1,CN,0
https://openalex.org/W2042303160,5,5,1,JP,0
https://openalex.org/W2042308780,1,1,0,,0
https://openalex.org/W2042325328,2,2,1,JP,0
https://openalex.org/W2042328066,2,2,1,US,0
https://openalex.org/W2042338982,2,2,1,GB,0
https://openalex.org/W2042350662,1,1,0,,0
https://openalex.org/W2042357498,3,3,1,AU,0
https://openalex.org/W2042395163,3,3,1,FR,0
https://openalex.org/W2042414196,3,3,1,JP,0
https://openalex.org/W2042420942,2,4,1,JP,0
https://openalex.org/W2042421444,2,2,1,AT,0
https://openalex.org/W2042429866,4,6,2,"FR,MX",1
https://openalex.org/W2042462613,5,5,1,DE,0
https://openalex.org/W2042523982,8,9,4,"DE,EE,HU,SE",1
https://openalex.org/W2042580992,9,9,4,"DE,JP,RU,UA",1
https://openalex.org/W2042586013,5,5,1,JP,0
https://openalex.org/W2042604247,2,2,1,IN,0
https://openalex.org/W2042630060,2,2,1,CN,0
https://openalex.org/W2042637956,3,3,1,TW,0
https://openalex.org/W2042641418,5,5,1,CN,0
https://openalex.org/W2042677129,6,6,0,,0
https://openalex.org/W2042694810,9,11,4,"CN,IN,SG,US",1
https://openalex.org/W2042696400,3,3,1,DE,0
https://openalex.org/W2042737352,2,2,1,US,0
https://openalex.org/W2042753245,3,6,1,US,0
https://openalex.org/W2042781655,2,3,1,FR,0
https://openalex.org/W2042787375,4,4,1,JP,0
https://openalex.org/W2042800369,7,7,1,JP,0
https://openalex.org/W2042832716,5,5,1,JP,0
https://openalex.org/W2042904585,2,2,1,US,0
https://openalex.org/W2042915049,5,5,1,JP,0
https://openalex.org/W2042924036,3,3,1,JP,0
https://openalex.org/W2042932373,7,20,2,"CN,JP",1
https://openalex.org/W2042938446,5,5,1,FI,0
https://openalex.org/W2042960022,3,3,1,DE,0
https://openalex.org/W2042982549,4,4,1,US,0
https://openalex.org/W2042987635,2,2,1,VE,0
https://openalex.org/W2043006379,5,5,1,JP,0
https://openalex.org/W2043017445,1,1,0,,0
https://openalex.org/W2043031551,7,7,1,GB,0
https://openalex.org/W2043035665,3,3,0,,0
https://openalex.org/W2043049240,4,5,1,CN,0
https://openalex.org/W2043058378,4,4,1,CN,0
https://openalex.org/W2043081401,4,4,2,"CA,DE",1
https://openalex.org/W2043121425,3,6,1,CN,0
https://openalex.org/W2043127118,4,4,1,JP,0
https://openalex.org/W2043132961,4,8,1,US,0
https://openalex.org/W2043170318,7,8,1,GB,0
https://openalex.org/W2043170818,1,1,0,,0
https://openalex.org/W2043189302,6,6,3,"IL,KR,RO",1
https://openalex.org/W2043190021,2,2,1,CA,0
https://openalex.org/W2043223280,3,3,1,US,0
https://openalex.org/W2043230514,5,5,1,JP,0
https://openalex.org/W2043236713,8,8,1,FR,0
https://openalex.org/W2043243985,2,2,1,US,0
https://openalex.org/W2043251236,4,4,1,CN,0
https://openalex.org/W2043295588,3,6,1,AR,0
https://openalex.org/W2043336201,4,4,1,IN,0
https://openalex.org/W2043360919,6,6,1,KR,0
https://openalex.org/W2043366422,4,4,1,CN,0
https://openalex.org/W2043398630,11,11,1,JP,0
https://openalex.org/W2043422810,5,8,1,FR,0
https://openalex.org/W2043444091,3,3,0,,0
https://openalex.org/W2043478561,1,1,0,,0
https://openalex.org/W2043493337,3,3,2,"IL,IT",1
https://openalex.org/W2043511763,3,3,1,CN,0
https://openalex.org/W2043533709,3,3,1,CZ,0
https://openalex.org/W2043544445,2,2,1,US,0
https://openalex.org/W2043578637,2,2,1,PL,0
https://openalex.org/W2043582275,3,3,1,RO,0
https://openalex.org/W2043592110,6,6,2,"CN,GB",1
https://openalex.org/W2043597577,2,2,1,JP,0
https://openalex.org/W2043599916,5,5,2,"ES,US",1
https://openalex.org/W2043601896,3,3,1,KR,0
https://openalex.org/W2043646180,3,3,0,,0
https://openalex.org/W2043656223,3,6,1,BR,0
https://openalex.org/W2043723829,6,6,1,DE,0
https://openalex.org/W2043738095,6,7,1,US,0
https://openalex.org/W2043767820,6,6,1,JP,0
https://openalex.org/W2043800561,4,4,1,US,0
https://openalex.org/W2043815251,4,4,1,CN,0
https://openalex.org/W2043823137,7,7,2,"JP,RU",1
https://openalex.org/W2043860137,8,16,2,"CN,JP",1
https://openalex.org/W2043888465,7,7,1,US,0
https://openalex.org/W2043901878,4,4,1,JP,0
https://openalex.org/W2043902072,3,3,1,BE,0
https://openalex.org/W2043967473,7,7,2,"JP,US",1
https://openalex.org/W2044005913,3,3,1,IT,0
https://openalex.org/W2044019772,3,3,1,IN,0
https://openalex.org/W2044071913,4,4,1,HR,0
https://openalex.org/W2044169958,6,6,1,JP,0
https://openalex.org/W2044179755,4,4,1,JP,0
https://openalex.org/W2044208706,1,1,0,,0
https://openalex.org/W2044212668,3,3,1,FR,0
https://openalex.org/W2044225838,5,5,1,KR,0
https://openalex.org/W2044232649,2,2,0,,0
https://openalex.org/W2044266796,7,7,1,IN,0
https://openalex.org/W2044280062,8,8,2,"GB,RU",1
https://openalex.org/W2044282068,1,1,0,,0
https://openalex.org/W2044289343,2,2,1,KR,0
https://openalex.org/W2044333153,2,2,1,RU,0
https://openalex.org/W2044338224,6,6,1,JP,0
https://openalex.org/W2044344196,85,85,1,JP,0
https://openalex.org/W2044350158,3,3,1,HK,0
https://openalex.org/W2044484209,2,2,1,SG,0
https://openalex.org/W2044486069,2,2,1,CN,0
https://openalex.org/W2044495576,2,2,1,KR,0
https://openalex.org/W2044512884,6,6,1,CN,0
https://openalex.org/W2044567729,3,3,1,US,0
https://openalex.org/W2044619291,5,6,2,"CN,SG",1
https://openalex.org/W2044627885,4,4,1,CN,0
https://openalex.org/W2044646058,5,5,1,JP,0
https://openalex.org/W2044664769,4,4,1,JP,0
https://openalex.org/W2044666037,3,3,0,,0
https://openalex.org/W2044669640,43,44,2,"FR,US",1
https://openalex.org/W2044684779,5,5,2,"BE,IN",1
https://openalex.org/W2044713689,6,6,1,JP,0
https://openalex.org/W2044740621,1,1,0,,0
https://openalex.org/W2044744916,5,5,1,KR,0
https://openalex.org/W2044750536,4,4,1,CN,0
https://openalex.org/W2044762723,4,5,2,"CA,US",1
https://openalex.org/W2044766499,3,3,1,KR,0
https://openalex.org/W2044775763,1,1,0,,0
https://openalex.org/W2044800808,5,7,2,"DZ,FR",1
https://openalex.org/W2044824135,2,6,1,FR,0
https://openalex.org/W2044828254,3,3,1,TW,0
https://openalex.org/W2044846267,2,2,1,JP,0
https://openalex.org/W2044852204,2,2,2,"DE,JP",1
https://openalex.org/W2044880341,2,2,1,IT,0
https://openalex.org/W2044901118,6,6,1,FR,0
https://openalex.org/W2044905256,6,6,1,JP,0
https://openalex.org/W2044922732,2,2,1,TW,0
https://openalex.org/W2044975289,10,10,1,US,0
https://openalex.org/W2044989557,2,2,1,CZ,0
https://openalex.org/W2044991376,5,5,1,CN,0
https://openalex.org/W2045006982,3,4,2,"AU,CN",1
https://openalex.org/W2045022555,4,4,1,CN,0
https://openalex.org/W2045029943,6,6,1,JP,0
https://openalex.org/W2045041839,4,4,1,JP,0
https://openalex.org/W2045042689,1,1,0,,0
https://openalex.org/W2045049933,9,9,1,IT,0
https://openalex.org/W2045051250,5,5,1,US,0
https://openalex.org/W2045091437,6,6,2,"JP,KR",1
https://openalex.org/W2045093704,5,5,1,CN,0
https://openalex.org/W2045099983,3,3,1,SG,0
https://openalex.org/W2045101163,3,3,1,US,0
https://openalex.org/W2045110054,4,4,1,JP,0
https://openalex.org/W2045143300,4,4,1,US,0
https://openalex.org/W2045147839,3,3,1,US,0
https://openalex.org/W2045212172,5,6,2,"AU,CH",1
https://openalex.org/W2045231011,5,5,1,ES,0
https://openalex.org/W2045248665,6,6,2,"JP,KR",1
https://openalex.org/W2045271780,1,1,0,,0
https://openalex.org/W2045342053,4,4,1,DE,0
https://openalex.org/W2045357845,3,3,1,CN,0
https://openalex.org/W2045362281,9,9,2,"JP,US",1
https://openalex.org/W2045422879,7,13,2,"FR,US",1
https://openalex.org/W2045424359,8,16,1,US,0
https://openalex.org/W2045433571,1,1,0,,0
https://openalex.org/W2045458580,4,4,1,CN,0
https://openalex.org/W2045503625,4,6,1,US,0
https://openalex.org/W2045559031,4,4,1,KR,0
https://openalex.org/W2045563884,5,5,1,FR,0
https://openalex.org/W2045573210,2,2,2,"CN,DE",1
https://openalex.org/W2045578705,3,3,1,IN,0
https://openalex.org/W2045581366,8,8,1,US,0
https://openalex.org/W2045647812,3,3,1,EG,0
https://openalex.org/W2045648862,5,10,1,CN,0
https://openalex.org/W2045670515,1,1,0,,0
https://openalex.org/W2045683825,23,23,1,JP,0
https://openalex.org/W2045701913,4,4,2,"IN,US",1
https://openalex.org/W2045704303,6,6,2,"JP,KR",1
https://openalex.org/W2045724965,3,3,1,PT,0
https://openalex.org/W2045730249,3,3,1,FI,0
https://openalex.org/W2045761804,11,15,3,"RU,UA,US",1
https://openalex.org/W2045770788,3,3,2,"GB,JP",1
https://openalex.org/W2045778053,3,3,1,CN,0
https://openalex.org/W2045802182,5,5,1,PL,0
https://openalex.org/W2045804762,5,5,1,CZ,0
https://openalex.org/W2045807279,2,2,1,US,0
https://openalex.org/W2045855668,1,1,0,,0
https://openalex.org/W2045887253,4,4,2,"NL,US",1
https://openalex.org/W2045930316,8,8,1,KR,0
https://openalex.org/W2045942281,11,13,2,"DE,GB",1
https://openalex.org/W2045960802,5,5,1,US,0
https://openalex.org/W2046020228,2,2,1,PL,0
https://openalex.org/W2046107700,2,2,1,GB,0
https://openalex.org/W2046111316,2,2,1,NO,0
https://openalex.org/W2046182519,1,1,0,,0
https://openalex.org/W2046202463,2,2,1,US,0
https://openalex.org/W2046221646,7,7,1,US,0
https://openalex.org/W2046225118,4,11,2,"FR,RO",1
https://openalex.org/W2046241711,9,18,1,US,0
https://openalex.org/W2046283758,4,4,1,CN,0
https://openalex.org/W2046312553,5,6,2,"PL,UA",1
https://openalex.org/W2046343512,5,5,1,PK,0
https://openalex.org/W2046349296,3,3,1,CN,0
https://openalex.org/W2046360212,4,4,1,KR,0
https://openalex.org/W2046401826,7,8,2,"TR,US",1
https://openalex.org/W2046409942,12,12,1,FR,0
https://openalex.org/W2046421922,1,1,0,,0
https://openalex.org/W2046428693,3,3,1,JP,0
https://openalex.org/W2046431348,4,4,1,NL,0
https://openalex.org/W2046435456,4,4,1,GB,0
https://openalex.org/W2046501452,2,2,1,US,0
https://openalex.org/W2046512008,2,2,1,GB,0
https://openalex.org/W2046540109,7,7,2,"DE,US",1
https://openalex.org/W2046541974,4,4,1,ES,0
https://openalex.org/W2046548678,16,17,1,JP,0
https://openalex.org/W2046556717,1,1,0,,0
https://openalex.org/W2046557673,9,11,2,"GB,US",1
https://openalex.org/W2046574871,5,5,2,"GB,GR",1
https://openalex.org/W2046644477,3,6,1,CN,0
https://openalex.org/W2046653150,5,7,1,GB,0
https://openalex.org/W2046681961,5,5,2,"PL,UA",1
https://openalex.org/W2046693208,5,12,1,FR,0
https://openalex.org/W2046709975,4,4,1,KR,0
https://openalex.org/W2046745242,5,5,1,HK,0
https://openalex.org/W2046761693,14,14,2,"MX,RU",1
https://openalex.org/W2046762144,1,1,0,,0
https://openalex.org/W2046798514,2,4,1,AU,0
https://openalex.org/W2046800161,3,3,1,BR,0
https://openalex.org/W2046800625,9,9,2,"BE,NL",1
https://openalex.org/W2046805284,5,5,1,KR,0
https://openalex.org/W2046865317,3,3,1,FR,0
https://openalex.org/W2046867523,7,7,2,"KR,US",1
https://openalex.org/W2046907946,1,1,0,,0
https://openalex.org/W2046951692,7,7,1,CN,0
https://openalex.org/W2046960270,6,6,1,US,0
https://openalex.org/W2046973959,6,6,1,FR,0
https://openalex.org/W2047066516,4,4,1,CN,0
https://openalex.org/W2047131860,35,36,6,"AM,BE,CH,DE,FR,KR",1
https://openalex.org/W2047134067,2,2,1,CA,0
https://openalex.org/W2047158255,5,5,2,"BE,ES",1
https://openalex.org/W2047168861,3,4,1,SK,0
https://openalex.org/W2047179789,4,4,0,,0
https://openalex.org/W2047223247,3,3,1,CN,0
https://openalex.org/W2047284113,3,3,1,US,0
https://openalex.org/W2047332035,3,3,1,US,0
https://openalex.org/W2047346815,1,1,0,,0
https://openalex.org/W2047347910,4,4,2,"ES,FR",1
https://openalex.org/W2047358020,1,1,0,,0
https://openalex.org/W2047368343,2,2,1,MX,0
https://openalex.org/W2047369893,1,1,0,,0
https://openalex.org/W2047376149,4,4,2,"DE,NL",1
https://openalex.org/W2047422969,3,3,2,"CA,MY",1
https://openalex.org/W2047428733,3,4,2,"BR,PA",1
https://openalex.org/W2047438302,5,5,1,NL,0
https://openalex.org/W2047440981,4,8,1,CN,0
https://openalex.org/W2047470491,3,3,1,RS,0
https://openalex.org/W2047477992,3,3,1,JP,0
https://openalex.org/W2047478246,11,11,2,"GB,NL",1
https://openalex.org/W2047495192,3,3,1,CN,0
https://openalex.org/W2047506253,3,3,1,FR,0
https://openalex.org/W2047507593,5,5,1,CN,0
https://openalex.org/W2047517083,3,3,2,"DE,EE",1
https://openalex.org/W2047568851,2,2,1,JP,0
https://openalex.org/W2047652367,3,3,1,AU,0
https://openalex.org/W2047681004,2,2,1,AU,0
https://openalex.org/W2047701345,6,7,2,"GB,RU",1
https://openalex.org/W2047769589,11,11,1,RU,0
https://openalex.org/W2047788204,2,2,1,CA,0
https://openalex.org/W2047798674,2,4,2,"SE,US",1
https://openalex.org/W2047812281,17,17,2,"JP,US",1
https://openalex.org/W2047824250,1,1,0,,0
https://openalex.org/W2047832631,9,9,0,,0
https://openalex.org/W2047834979,3,5,1,AU,0
https://openalex.org/W2047844505,8,8,1,DE,0
https://openalex.org/W2047851121,2,2,1,IT,0
https://openalex.org/W2047851816,5,5,1,CA,0
https://openalex.org/W2047867679,1,1,0,,0
https://openalex.org/W2047882353,1,1,0,,0
https://openalex.org/W2047887156,7,8,1,KR,0
https://openalex.org/W2047909616,5,6,2,"CN,JP",1
https://openalex.org/W2047929402,5,9,1,US,0
https://openalex.org/W2047936816,4,4,1,US,0
https://openalex.org/W2047939155,11,11,1,JP,0
https://openalex.org/W2047960727,6,8,1,JP,0
https://openalex.org/W2047991286,2,2,1,US,0
https://openalex.org/W2048031087,3,4,2,"FR,US",1
https://openalex.org/W2048035266,7,7,1,DE,0
https://openalex.org/W2048043687,7,7,2,"TW,US",1
https://openalex.org/W2048059430,2,2,1,CN,0
https://openalex.org/W2048064556,3,3,2,"AU,IR",1
https://openalex.org/W2048073103,2,2,1,US,0
https://openalex.org/W2048113522,9,27,1,US,0
https://openalex.org/W2048121689,5,5,1,JP,0
https://openalex.org/W2048163723,5,5,2,"CH,US",1
https://openalex.org/W2048171087,3,3,1,US,0
https://openalex.org/W2048207682,7,8,1,BR,0
https://openalex.org/W2048246719,4,4,1,GB,0
https://openalex.org/W2048257224,7,8,2,"BR,GB",1
https://openalex.org/W2048261262,1,1,0,,0
https://openalex.org/W2048267229,3,5,3,"DE,NO,SG",1
https://openalex.org/W2048303125,2,2,1,IR,0
https://openalex.org/W2048313079,6,6,2,"GB,RU",1
https://openalex.org/W2048364338,4,5,1,US,0
https://openalex.org/W2048376067,4,4,2,"HU,US",1
https://openalex.org/W2048381573,2,2,0,,0
https://openalex.org/W2048392047,4,4,1,CN,0
https://openalex.org/W2048415318,5,5,2,"BR,DE",1
https://openalex.org/W2048440440,5,5,1,CN,0
https://openalex.org/W2048464293,4,4,1,SG,0
https://openalex.org/W2048477820,7,7,2,"DE,RU",1
https://openalex.org/W2048495677,1,1,0,,0
https://openalex.org/W2048504398,4,4,2,"AU,CN",1
https://openalex.org/W2048510487,2,2,1,US,0
https://openalex.org/W2048512167,4,4,2,"RU,US",1
https://openalex.org/W2048531390,5,5,1,FR,0
https://openalex.org/W2048543264,1,1,0,,0
https://openalex.org/W2048622266,1,1,0,,0
https://openalex.org/W2048622693,4,11,1,FR,0
https://openalex.org/W2048632879,5,5,1,CN,0
https://openalex.org/W2048719990,4,4,1,DE,0
https://openalex.org/W2048721745,2,2,1,CA,0
https://openalex.org/W2048724053,1,1,0,,0
https://openalex.org/W2048755628,4,4,1,DE,0
https://openalex.org/W2048806075,5,5,1,CN,0
https://openalex.org/W2048848279,8,8,1,DE,0
https://openalex.org/W2048877655,6,7,1,DE,0
https://openalex.org/W2048920792,3,6,1,FR,0
https://openalex.org/W2048949653,3,3,1,FR,0
https://openalex.org/W2049015318,3,3,1,IN,0
https://openalex.org/W2049022183,7,10,1,SK,0
https://openalex.org/W2049027774,5,5,1,BR,0
https://openalex.org/W2049057159,4,4,1,BE,0
https://openalex.org/W2049132891,7,7,0,,0
https://openalex.org/W2049142540,5,5,1,JP,0
https://openalex.org/W2049156470,3,3,1,CN,0
https://openalex.org/W2049208768,6,6,1,JP,0
https://openalex.org/W2049214686,3,3,1,RU,0
https://openalex.org/W2049228984,4,4,1,US,0
https://openalex.org/W2049234337,5,5,1,CN,0
https://openalex.org/W2049259509,4,8,1,DE,0
https://openalex.org/W2049275588,2,4,1,PL,0
https://openalex.org/W2049295367,3,3,1,NZ,0
https://openalex.org/W2049299105,2,2,0,,0
https://openalex.org/W2049303490,1,1,0,,0
https://openalex.org/W2049319525,23,23,1,KR,0
https://openalex.org/W2049443774,7,8,2,"IT,RU",1
https://openalex.org/W2049465314,4,4,1,ES,0
https://openalex.org/W2049508707,5,5,1,ES,0
https://openalex.org/W2049545875,5,5,2,"CA,DE",1
https://openalex.org/W2049549618,4,4,1,JP,0
https://openalex.org/W2049555392,4,4,1,EG,0
https://openalex.org/W2049575973,5,8,2,"PT,RO",1
https://openalex.org/W2049589996,5,5,1,SE,0
https://openalex.org/W2049613423,2,2,0,,0
https://openalex.org/W2049621032,3,7,1,CN,0
https://openalex.org/W2049631960,3,3,1,CN,0
https://openalex.org/W2049644118,7,7,2,"LK,US",1
https://openalex.org/W2049647433,4,4,1,KR,0
https://openalex.org/W2049682877,4,4,1,SG,0
https://openalex.org/W2049691908,3,3,1,ES,0
https://openalex.org/W2049703964,5,5,2,"IN,KR",1
https://openalex.org/W2049709928,3,3,1,US,0
https://openalex.org/W2049727140,7,12,1,UA,0
https://openalex.org/W2049737660,2,2,1,JP,0
https://openalex.org/W2049739057,5,6,3,"CH,FR,US",1
https://openalex.org/W2049742885,6,6,1,US,0
https://openalex.org/W2049776283,7,7,2,"GB,US",1
https://openalex.org/W2049821127,4,5,2,"BE,GB",1
https://openalex.org/W2049830748,5,5,1,JP,0
https://openalex.org/W2049837416,7,8,1,CN,0
https://openalex.org/W2049901440,4,4,2,"CN,KR",1
https://openalex.org/W2049950497,4,4,1,IN,0
https://openalex.org/W2049973689,7,20,1,FR,0
https://openalex.org/W2049995771,11,11,1,JP,0
https://openalex.org/W2050011712,3,3,1,KR,0
https://openalex.org/W2050018238,1,1,0,,0
https://openalex.org/W2050022490,4,4,1,TW,0
https://openalex.org/W2050023060,2,2,1,JP,0
https://openalex.org/W2050039952,4,4,1,KR,0
https://openalex.org/W2050087788,2,4,1,FR,0
https://openalex.org/W2050108301,5,5,0,,0
https://openalex.org/W2050123835,3,3,1,JP,0
https://openalex.org/W2050159812,5,5,1,KR,0
https://openalex.org/W2050166677,1,1,0,,0
https://openalex.org/W2050242627,3,4,2,"CN,DE",1
https://openalex.org/W2050296112,3,3,1,KR,0
https://openalex.org/W2050298883,3,3,1,JP,0
https://openalex.org/W2050314583,5,6,2,"FR,IT",1
https://openalex.org/W2050353107,3,4,2,"JP,RU",1
https://openalex.org/W2050369652,6,9,2,"LT,US",1
https://openalex.org/W2050373261,3,3,1,CN,0
https://openalex.org/W2050380148,2,2,1,PL,0
https://openalex.org/W2050381270,4,5,2,"GB,SE",1
https://openalex.org/W2050394669,8,8,1,CN,0
https://openalex.org/W2050395743,5,5,1,US,0
https://openalex.org/W2050398580,3,3,1,US,0
https://openalex.org/W2050403980,3,3,1,CN,0
https://openalex.org/W2050413341,4,4,1,PL,0
https://openalex.org/W2050439704,6,6,2,"DE,JP",1
https://openalex.org/W2050440292,4,4,2,"CN,FR",1
https://openalex.org/W2050470329,8,13,2,"JP,US",1
https://openalex.org/W2050470816,5,5,1,KR,0
https://openalex.org/W2050508093,3,3,1,EG,0
https://openalex.org/W2050549953,5,6,1,IR,0
https://openalex.org/W2050608355,4,4,1,IT,0
https://openalex.org/W2050647362,3,3,1,US,0
https://openalex.org/W2050664219,4,4,1,PL,0
https://openalex.org/W2050676929,7,7,1,IR,0
https://openalex.org/W2050733494,1,1,0,,0
https://openalex.org/W2050753688,3,4,2,"RO,SE",1
https://openalex.org/W2050775889,4,4,1,KR,0
https://openalex.org/W2050781105,2,2,1,JP,0
https://openalex.org/W2050875056,4,4,1,DE,0
https://openalex.org/W2050891825,3,9,1,FR,0
https://openalex.org/W2050900122,6,6,1,UA,0
https://openalex.org/W2050903427,5,5,2,"FR,RO",1
https://openalex.org/W2050920231,3,3,1,AU,0
https://openalex.org/W2050933569,1,1,0,,0
https://openalex.org/W2051010565,5,5,1,GB,0
https://openalex.org/W2051018739,4,4,1,GB,0
https://openalex.org/W2051036599,5,5,2,"CA,IT",1
https://openalex.org/W2051039366,4,4,1,CN,0
https://openalex.org/W2051069966,11,11,2,"RU,US",1
https://openalex.org/W2051129275,1,1,0,,0
https://openalex.org/W2051135743,5,5,1,KR,0
https://openalex.org/W2051144451,5,15,2,"CH,FR",1
https://openalex.org/W2051145362,7,7,1,JP,0
https://openalex.org/W2051187617,3,3,1,CN,0
https://openalex.org/W2051198730,5,10,1,JP,0
https://openalex.org/W2051240229,3,3,1,ES,0
https://openalex.org/W2051265170,3,3,1,CN,0
https://openalex.org/W2051280366,4,5,1,JP,0
https://openalex.org/W2051295812,5,6,2,"CN,GB",1
https://openalex.org/W2051304203,4,4,1,DE,0
https://openalex.org/W2051307870,2,2,0,,0
https://openalex.org/W2051321860,1,1,0,,0
https://openalex.org/W2051328807,4,4,1,JP,0
https://openalex.org/W2051337816,1,1,0,,0
https://openalex.org/W2051370108,7,7,3,"GB,IT,US",1
https://openalex.org/W2051378339,6,6,1,KR,0
https://openalex.org/W2051484756,3,3,1,US,0
https://openalex.org/W2051487306,2,2,1,US,0
https://openalex.org/W2051489295,3,9,1,CN,0
https://openalex.org/W2051520127,1,1,0,,0
https://openalex.org/W2051580541,4,4,1,DE,0
https://openalex.org/W2051583706,5,5,1,CN,0
https://openalex.org/W2051589013,6,7,2,"CZ,RU",1
https://openalex.org/W2051658650,5,5,0,,0
https://openalex.org/W2051664837,3,3,1,RS,0
https://openalex.org/W2051670586,3,3,1,RU,0
https://openalex.org/W2051696828,3,4,2,"MX,RU",1
https://openalex.org/W2051759825,7,13,3,"BE,FR,IT",1
https://openalex.org/W2051826263,3,3,1,SG,0
https://openalex.org/W2051826609,8,13,1,ES,0
https://openalex.org/W2051830418,3,3,1,BD,0
https://openalex.org/W2051834928,5,5,1,DE,0
https://openalex.org/W2051841889,3,3,1,DE,0
https://openalex.org/W2051872511,2,2,1,JP,0
https://openalex.org/W2051919043,4,4,1,BR,0
https://openalex.org/W2051928860,6,6,1,CN,0
https://openalex.org/W2051949853,3,3,1,KR,0
https://openalex.org/W2051969785,5,7,1,IT,0
https://openalex.org/W2051992188,7,7,1,CN,0
https://openalex.org/W2051994373,5,5,0,,0
https://openalex.org/W2052009153,4,4,1,IN,0
https://openalex.org/W2052044855,5,5,1,TW,0
https://openalex.org/W2052062564,6,17,1,KR,0
https://openalex.org/W2052080707,6,10,1,FR,0
https://openalex.org/W2052102973,3,3,1,ES,0
https://openalex.org/W2052114723,11,11,1,ES,0
https://openalex.org/W2052146785,4,4,1,JP,0
https://openalex.org/W2052257873,4,4,1,GR,0
https://openalex.org/W2052274055,3,3,1,JP,0
https://openalex.org/W2052275065,5,7,1,JP,0
https://openalex.org/W2052289884,2,2,1,US,0
https://openalex.org/W2052308106,4,4,1,JP,0
https://openalex.org/W2052314319,2,2,1,TW,0
https://openalex.org/W2052322417,1,1,0,,0
https://openalex.org/W2052323447,3,3,1,FR,0
https://openalex.org/W2052344985,4,4,1,CA,0
https://openalex.org/W2052367290,10,10,3,"CH,GB,JP",1
https://openalex.org/W2052370558,2,2,1,US,0
https://openalex.org/W2052371168,1,1,0,,0
https://openalex.org/W2052371446,10,10,2,"CA,US",1
https://openalex.org/W2052391856,6,6,1,JP,0
https://openalex.org/W2052396345,2,2,1,CN,0
https://openalex.org/W2052408803,3,3,1,FI,0
https://openalex.org/W2052426117,1,1,0,,0
https://openalex.org/W2052433093,2,2,1,TW,0
https://openalex.org/W2052436763,5,5,1,JP,0
https://openalex.org/W2052441578,2,2,1,TW,0
https://openalex.org/W2052467619,4,4,1,US,0
https://openalex.org/W2052471991,6,6,2,"ES,JP",1
https://openalex.org/W2052482748,5,5,0,,0
https://openalex.org/W2052546058,11,11,1,SE,0
https://openalex.org/W2052599429,1,1,0,,0
https://openalex.org/W2052603397,8,8,3,"CZ,LV,UA",1
https://openalex.org/W2052607875,5,5,1,TW,0
https://openalex.org/W2052631418,1,1,0,,0
https://openalex.org/W2052664044,4,4,0,,0
https://openalex.org/W2052695701,3,6,1,GB,0
https://openalex.org/W2052696411,12,13,4,"DE,FR,IE,NL",1
https://openalex.org/W2052736029,5,5,1,ES,0
https://openalex.org/W2052758097,4,4,1,US,0
https://openalex.org/W2052816072,3,3,1,RU,0
https://openalex.org/W2052816345,7,21,3,"RU,SE,US",1
https://openalex.org/W2052843704,3,3,1,AU,0
https://openalex.org/W2052846263,2,3,2,"CN,KR",1
https://openalex.org/W2052851012,1,1,0,,0
https://openalex.org/W2052851480,3,3,1,GB,0
https://openalex.org/W2052884269,4,4,1,US,0
https://openalex.org/W2052908004,1,1,0,,0
https://openalex.org/W2052920521,3,3,1,CN,0
https://openalex.org/W2052926308,9,9,1,US,0
https://openalex.org/W2052935118,4,4,1,IT,0
https://openalex.org/W2052942271,4,4,2,"HU,PL",1
https://openalex.org/W2052964683,4,4,1,DE,0
https://openalex.org/W2052973229,2,2,1,US,0
https://openalex.org/W2052983175,7,7,3,"AU,DE,JP",1
https://openalex.org/W2052993039,3,3,1,PL,0
https://openalex.org/W2052999134,4,6,1,DE,0
https://openalex.org/W2053022976,5,5,1,KR,0
https://openalex.org/W2053037799,2,2,0,,0
https://openalex.org/W2053139295,6,6,1,CN,0
https://openalex.org/W2053139801,1,2,0,,0
https://openalex.org/W2053151289,4,4,1,RU,0
https://openalex.org/W2053174876,4,4,2,"CN,US",1
https://openalex.org/W2053176753,3,3,1,JP,0
https://openalex.org/W2053180128,2,2,1,JP,0
https://openalex.org/W2053186614,4,6,2,"DE,US",1
https://openalex.org/W2053188046,5,5,1,JP,0
https://openalex.org/W2053192327,3,3,1,JP,0
https://openalex.org/W2053207179,5,5,0,,0
https://openalex.org/W2053272809,6,6,1,GB,0
https://openalex.org/W2053273370,4,4,2,"BR,DE",1
https://openalex.org/W2053292199,5,5,1,DE,0
https://openalex.org/W2053325453,3,3,1,JP,0
https://openalex.org/W2053354363,4,4,2,"DZ,GB",1
https://openalex.org/W2053356477,3,6,1,FR,0
https://openalex.org/W2053369391,1,1,0,,0
https://openalex.org/W2053370043,8,9,2,"JP,US",1
https://openalex.org/W2053405191,8,8,1,JP,0
https://openalex.org/W2053437926,4,4,1,RU,0
https://openalex.org/W2053443646,2,2,1,SG,0
https://openalex.org/W2053450195,6,6,1,US,0
https://openalex.org/W2053491109,2,2,1,BR,0
https://openalex.org/W2053567487,4,4,2,"DE,HR",1
https://openalex.org/W2053586448,1,1,0,,0
https://openalex.org/W2053595032,5,10,1,FR,0
https://openalex.org/W2053618601,5,5,1,JP,0
https://openalex.org/W2053624516,5,15,1,FR,0
https://openalex.org/W2053632867,4,5,2,"AR,MX",1
https://openalex.org/W2053643096,6,6,1,DE,0
https://openalex.org/W2053645648,3,3,1,JP,0
https://openalex.org/W2053664219,2,2,1,RU,0
https://openalex.org/W2053708906,6,6,1,CN,0
https://openalex.org/W2053733176,5,5,2,"KR,RU",1
https://openalex.org/W2053820783,3,3,1,US,0
https://openalex.org/W2053848410,2,4,1,CN,0
https://openalex.org/W2053857025,7,7,2,"IT,US",1
https://openalex.org/W2053857401,6,6,2,"TW,US",1
https://openalex.org/W2053893011,3,3,1,DE,0
https://openalex.org/W2053915652,8,8,1,GB,0
https://openalex.org/W2053940608,6,6,2,"JP,SG",1
https://openalex.org/W2053941193,4,4,2,"CN,HK",1
https://openalex.org/W2053942657,1,2,0,,0
https://openalex.org/W2054009924,5,5,1,EG,0
https://openalex.org/W2054018666,1,1,0,,0
https://openalex.org/W2054022676,6,6,1,CN,0
https://openalex.org/W2054030378,3,3,2,"DE,RU",1
https://openalex.org/W2054039184,4,7,1,FR,0
https://openalex.org/W2054053623,3,3,1,FR,0
https://openalex.org/W2054061617,5,5,1,NL,0
https://openalex.org/W2054079395,5,5,1,FR,0
https://openalex.org/W2054104455,7,14,1,CN,0
https://openalex.org/W2054124916,3,3,1,KR,0
https://openalex.org/W2054188671,4,4,2,"GB,GR",1
https://openalex.org/W2054208058,4,4,0,,0
https://openalex.org/W2054210025,4,4,1,JP,0
https://openalex.org/W2054290933,2,2,0,,0
https://openalex.org/W2054337159,3,5,1,JP,0
https://openalex.org/W2054343840,2,3,1,IT,0
https://openalex.org/W2054365545,2,2,1,SE,0
https://openalex.org/W2054372654,5,5,1,US,0
https://openalex.org/W2054380061,4,4,1,JP,0
https://openalex.org/W2054407221,2,2,1,US,0
https://openalex.org/W2054442161,2,2,1,TW,0
https://openalex.org/W2054451186,3,3,2,"AU,JP",1
https://openalex.org/W2054465074,5,5,1,JP,0
https://openalex.org/W2054483166,7,7,1,DE,0
https://openalex.org/W2054509826,9,9,2,"CN,DE",1
https://openalex.org/W2054528589,3,3,1,GB,0
https://openalex.org/W2054587513,3,3,1,JP,0
https://openalex.org/W2054602567,4,4,1,US,0
https://openalex.org/W2054602857,3,3,1,JP,0
https://openalex.org/W2054630145,32,32,5,"CN,IT,LV,RU,UA",1
https://openalex.org/W2054640226,4,11,2,"AR,ES",1
https://openalex.org/W2054640250,5,5,2,"DE,FR",1
https://openalex.org/W2054645040,6,6,1,NL,0
https://openalex.org/W2054653408,3,3,2,"CZ,DE",1
https://openalex.org/W2054679804,1,1,0,,0
https://openalex.org/W2054689886,3,3,1,TR,0
https://openalex.org/W2054691195,5,5,1,IE,0
https://openalex.org/W2054693968,3,3,1,CN,0
https://openalex.org/W2054757495,2,2,1,TW,0
https://openalex.org/W2054760546,1,1,0,,0
https://openalex.org/W2054764759,8,8,2,"DE,RU",1
https://openalex.org/W2054768239,2,2,1,IN,0
https://openalex.org/W2054789768,3,8,3,"DE,FR,RU",1
https://openalex.org/W2054815747,5,5,1,NL,0
https://openalex.org/W2054818108,2,2,1,FR,0
https://openalex.org/W2054826369,3,3,1,RO,0
https://openalex.org/W2054882020,3,3,1,KR,0
https://openalex.org/W2054891174,3,3,1,US,0
https://openalex.org/W2054901653,1,1,0,,0
https://openalex.org/W2054950764,2,2,1,IT,0
https://openalex.org/W2054951604,8,8,2,"FR,IE",1
https://openalex.org/W2054968453,4,8,1,CN,0
https://openalex.org/W2054985405,3,3,1,SG,0
https://openalex.org/W2055048832,2,2,1,TW,0
https://openalex.org/W2055057073,2,2,1,JP,0
https://openalex.org/W2055076893,12,12,2,"BE,DE",1
https://openalex.org/W2055114133,2,2,1,US,0
https://openalex.org/W2055166488,5,5,1,CA,0
https://openalex.org/W2055180672,9,9,1,US,0
https://openalex.org/W2055180874,9,9,1,SE,0
https://openalex.org/W2055187674,2,3,3,"CA,GB,SE",1
https://openalex.org/W2055206109,4,4,1,KR,0
https://openalex.org/W2055222462,1,1,0,,0
https://openalex.org/W2055226067,4,4,1,CA,0
https://openalex.org/W2055246030,4,5,3,"CA,GB,IR",1
https://openalex.org/W2055261628,5,6,1,US,0
https://openalex.org/W2055303866,4,4,1,JP,0
https://openalex.org/W2055307049,3,3,1,GB,0
https://openalex.org/W2055307846,6,6,1,US,0
https://openalex.org/W2055318287,1,1,0,,0
https://openalex.org/W2055319400,3,3,1,IN,0
https://openalex.org/W2055322472,4,4,1,IT,0
https://openalex.org/W2055346483,2,2,1,CN,0
https://openalex.org/W2055384254,2,2,1,CN,0
https://openalex.org/W2055425492,5,5,1,RO,0
https://openalex.org/W2055437022,4,4,3,"GB,IT,US",1
https://openalex.org/W2055480851,4,4,3,"AT,IN,IT",1
https://openalex.org/W2055497894,2,2,1,US,0
https://openalex.org/W2055508681,5,10,1,IL,0
https://openalex.org/W2055513433,2,4,1,US,0
https://openalex.org/W2055538364,22,22,1,US,0
https://openalex.org/W2055545994,3,4,2,"CN,DE",1
https://openalex.org/W2055548056,4,4,1,IN,0
https://openalex.org/W2055599478,9,9,1,KR,0
https://openalex.org/W2055644198,6,7,1,JP,0
https://openalex.org/W2055662938,2,2,1,DE,0
https://openalex.org/W2055664254,6,6,2,"BR,RU",1
https://openalex.org/W2055704032,4,5,1,RS,0
https://openalex.org/W2055742261,6,6,2,"CH,HU",1
https://openalex.org/W2055800246,4,6,3,"BE,CU,GP",1
https://openalex.org/W2055806022,1,1,0,,0
https://openalex.org/W2055812724,6,6,0,,0
https://openalex.org/W2055849823,4,4,1,IL,0
https://openalex.org/W2055860232,6,11,1,US,0
https://openalex.org/W2055880683,5,5,1,IR,0
https://openalex.org/W2055904040,6,6,2,"ES,GB",1
https://openalex.org/W2055941859,2,2,1,ES,0
https://openalex.org/W2055983974,2,3,1,US,0
https://openalex.org/W2055998369,4,8,1,US,0
https://openalex.org/W2056026492,7,7,1,DE,0
https://openalex.org/W2056031103,3,3,1,CN,0
https://openalex.org/W2056063878,2,2,1,JP,0
https://openalex.org/W2056084014,2,2,1,CN,0
https://openalex.org/W2056097911,5,5,2,"IN,PL",1
https://openalex.org/W2056107669,8,8,1,DE,0
https://openalex.org/W2056111598,4,4,1,GB,0
https://openalex.org/W2056124846,3,3,1,JP,0
https://openalex.org/W2056164159,4,4,1,JP,0
https://openalex.org/W2056197408,3,3,1,JP,0
https://openalex.org/W2056212252,1,1,0,,0
https://openalex.org/W2056274458,4,4,1,MX,0
https://openalex.org/W2056334023,4,5,2,"DE,FR",1
https://openalex.org/W2056363356,3,3,1,DE,0
https://openalex.org/W2056443841,7,7,1,US,0
https://openalex.org/W2056454254,1,1,0,,0
https://openalex.org/W2056489344,21,40,1,US,0
https://openalex.org/W2056490572,4,4,1,ZA,0
https://openalex.org/W2056498564,4,4,1,BR,0
https://openalex.org/W2056538076,4,4,1,CN,0
https://openalex.org/W2056588010,4,4,2,"DE,NL",1
https://openalex.org/W2056599460,2,2,1,DE,0
https://openalex.org/W2056628816,2,2,1,US,0
https://openalex.org/W2056682775,4,4,1,CN,0
https://openalex.org/W2056686202,6,6,1,BR,0
https://openalex.org/W2056719748,4,4,1,CN,0
https://openalex.org/W2056722368,3,3,2,"DE,PL",1
https://openalex.org/W2056726333,3,3,1,IR,0
https://openalex.org/W2056728756,5,5,1,JP,0
https://openalex.org/W2056774784,5,13,1,FR,0
https://openalex.org/W2056775934,9,9,1,JP,0
https://openalex.org/W2056850273,3,3,1,KR,0
https://openalex.org/W2056857254,10,11,1,JP,0
https://openalex.org/W2056866137,4,4,1,US,0
https://openalex.org/W2056885995,1,1,0,,0
https://openalex.org/W2056952605,5,9,1,BR,0
https://openalex.org/W2057005328,4,4,2,"TH,US",1
https://openalex.org/W2057038182,2,2,1,US,0
https://openalex.org/W2057043360,3,3,1,JP,0
https://openalex.org/W2057064719,4,4,1,JP,0
https://openalex.org/W2057083643,1,1,0,,0
https://openalex.org/W2057117706,3,3,2,"CA,FI",1
https://openalex.org/W2057117710,2,2,1,US,0
https://openalex.org/W2057131056,3,3,1,US,0
https://openalex.org/W2057139833,8,8,3,"AT,DE,FR",1
https://openalex.org/W2057176325,5,10,1,US,0
https://openalex.org/W2057212519,3,3,1,GB,0
https://openalex.org/W2057225621,1,2,0,,0
https://openalex.org/W2057226244,5,5,1,GB,0
https://openalex.org/W2057233789,3,3,1,JP,0
https://openalex.org/W2057254166,4,5,1,JP,0
https://openalex.org/W2057343358,5,6,1,JP,0
https://openalex.org/W2057362644,4,4,1,ES,0
https://openalex.org/W2057377559,6,6,1,IT,0
https://openalex.org/W2057394529,2,4,1,PL,0
https://openalex.org/W2057398991,2,2,1,JP,0
https://openalex.org/W2057458713,9,9,1,IT,0
https://openalex.org/W2057476394,2,2,1,TW,0
https://openalex.org/W2057496727,4,4,1,CN,0
https://openalex.org/W2057504737,5,5,1,CN,0
https://openalex.org/W2057516428,3,4,1,BE,0
https://openalex.org/W2057550866,3,3,1,TR,0
https://openalex.org/W2057601381,5,10,1,HK,0
https://openalex.org/W2057625109,3,3,2,"DK,NL",1
https://openalex.org/W2057639911,1,1,0,,0
https://openalex.org/W2057642100,4,4,2,"MX,US",1
https://openalex.org/W2057676506,5,5,2,"JP,US",1
https://openalex.org/W2057696777,3,4,2,"FR,HU",1
https://openalex.org/W2057702244,2,2,1,US,0
https://openalex.org/W2057705347,3,3,1,KR,0
https://openalex.org/W2057707661,3,6,1,FR,0
https://openalex.org/W2057735212,3,3,1,CN,0
https://openalex.org/W2057743526,2,2,1,GR,0
https://openalex.org/W2057761385,2,2,1,US,0
https://openalex.org/W2057786091,2,2,1,HK,0
https://openalex.org/W2057815685,3,3,1,KR,0
https://openalex.org/W2057826157,4,5,1,HU,0
https://openalex.org/W2057830813,4,4,1,JP,0
https://openalex.org/W2057850797,3,4,2,"CZ,HU",1
https://openalex.org/W2057867941,3,3,1,KR,0
https://openalex.org/W2057910809,7,7,1,PL,0
https://openalex.org/W2057939562,6,11,2,"DZ,FR",1
https://openalex.org/W2057982115,5,5,1,JP,0
https://openalex.org/W2057983181,2,2,1,UA,0
https://openalex.org/W2058014159,1,1,0,,0
https://openalex.org/W2058069165,11,11,1,AU,0
https://openalex.org/W2058085399,8,9,1,TW,0
https://openalex.org/W2058162254,4,6,2,"FR,RU",1
https://openalex.org/W2058177162,5,5,1,PL,0
https://openalex.org/W2058183930,1,1,0,,0
https://openalex.org/W2058193154,6,6,2,"CH,US",1
https://openalex.org/W2058224368,1,1,0,,0
https://openalex.org/W2058239152,3,3,1,JP,0
https://openalex.org/W2058251845,4,4,1,US,0
https://openalex.org/W2058274946,2,2,1,IR,0
https://openalex.org/W2058283199,8,8,2,"TW,US",1
https://openalex.org/W2058283342,2,2,1,MX,0
https://openalex.org/W2058292898,1,2,0,,0
https://openalex.org/W2058298636,5,5,1,JP,0
https://openalex.org/W2058319567,6,6,1,CN,0
https://openalex.org/W2058321898,3,3,1,IN,0
https://openalex.org/W2058323200,5,8,1,ES,0
https://openalex.org/W2058331422,4,12,1,FR,0
https://openalex.org/W2058350317,1,1,0,,0
https://openalex.org/W2058361874,3,3,1,JP,0
https://openalex.org/W2058408813,2,2,1,SG,0
https://openalex.org/W2058434538,1,1,0,,0
https://openalex.org/W2058469554,2,2,1,US,0
https://openalex.org/W2058469879,4,4,2,"KR,US",1
https://openalex.org/W2058474103,71,71,4,"BE,DE,JP,NL",1
https://openalex.org/W2058479651,2,2,1,TR,0
https://openalex.org/W2058517913,8,8,1,JP,0
https://openalex.org/W2058528521,8,8,1,TW,0
https://openalex.org/W2058534376,3,3,1,US,0
https://openalex.org/W2058566622,5,5,1,FR,0
https://openalex.org/W2058567210,2,2,1,KR,0
https://openalex.org/W2058576051,6,6,1,DE,0
https://openalex.org/W2058586789,3,3,1,US,0
https://openalex.org/W2058610237,10,12,2,"BE,IT",1
https://openalex.org/W2058637166,2,2,1,US,0
https://openalex.org/W2058646769,6,12,1,UA,0
https://openalex.org/W2058673741,3,4,1,SE,0
https://openalex.org/W2058681559,4,5,1,JP,0
https://openalex.org/W2058681673,1,1,0,,0
https://openalex.org/W2058698745,4,4,1,JP,0
https://openalex.org/W2058706915,4,4,1,CN,0
https://openalex.org/W2058719912,4,4,0,,0
https://openalex.org/W2058726071,4,4,1,CN,0
https://openalex.org/W2058730804,6,7,3,"FR,PL,RO",1
https://openalex.org/W2058737562,7,9,2,"DE,US",1
https://openalex.org/W2058763084,5,5,1,US,0
https://openalex.org/W2058763278,2,2,1,RU,0
https://openalex.org/W2058814279,14,14,1,US,0
https://openalex.org/W2058831110,3,3,1,CN,0
https://openalex.org/W2058907097,5,6,3,"BE,ES,FR",1
https://openalex.org/W2058911736,2,9,2,"CL,US",1
https://openalex.org/W2058927922,7,7,2,"BE,US",1
https://openalex.org/W2058952621,4,4,1,IN,0
https://openalex.org/W2058960342,6,6,1,DE,0
https://openalex.org/W2058993683,6,6,2,"GB,JP",1
https://openalex.org/W2059033022,5,5,1,GB,0
https://openalex.org/W2059061786,1,1,0,,0
https://openalex.org/W2059088237,2,2,0,,0
https://openalex.org/W2059121222,5,5,2,"HU,TR",1
https://openalex.org/W2059157815,4,6,2,"BE,EG",1
https://openalex.org/W2059163024,5,5,0,,0
https://openalex.org/W2059163751,5,5,3,"CH,FI,FR",1
https://openalex.org/W2059176021,5,5,1,CN,0
https://openalex.org/W2059192273,5,5,1,JP,0
https://openalex.org/W2059209464,2,2,1,IN,0
https://openalex.org/W2059217589,2,3,2,"RU,UA",1
https://openalex.org/W2059240961,6,6,1,MX,0
https://openalex.org/W2059248033,6,8,2,"DE,FR",1
https://openalex.org/W2059252865,7,7,1,DE,0
https://openalex.org/W2059271484,1,1,0,,0
https://openalex.org/W2059280371,7,8,1,JP,0
https://openalex.org/W2059361006,4,4,1,DE,0
https://openalex.org/W2059375702,1,1,0,,0
https://openalex.org/W2059392292,11,11,1,GB,0
https://openalex.org/W2059398222,3,3,1,CN,0
https://openalex.org/W2059413398,5,10,1,JP,0
https://openalex.org/W2059494393,4,4,1,TN,0
https://openalex.org/W2059563691,5,5,1,IT,0
https://openalex.org/W2059571025,6,6,1,CN,0
https://openalex.org/W2059600955,4,4,1,IN,0
https://openalex.org/W2059624322,7,7,1,KR,0
https://openalex.org/W2059627073,4,4,1,JP,0
https://openalex.org/W2059641171,5,6,2,"ES,IT",1
https://openalex.org/W2059651922,5,7,2,"BE,BG",1
https://openalex.org/W2059652919,7,7,1,SE,0
https://openalex.org/W2059654458,6,11,1,JP,0
https://openalex.org/W2059688664,4,4,1,MY,0
https://openalex.org/W2059693923,3,3,2,"FR,RU",1
https://openalex.org/W2059708371,5,5,1,JP,0
https://openalex.org/W2059755088,3,3,1,AU,0
https://openalex.org/W2059811001,3,3,1,CN,0
https://openalex.org/W2059852074,3,3,1,JP,0
https://openalex.org/W2059861905,3,3,1,BG,0
https://openalex.org/W2059880095,3,3,1,SE,0
https://openalex.org/W2059880511,3,3,1,EE,0
https://openalex.org/W2059889652,1,1,0,,0
https://openalex.org/W2059893252,3,3,1,MX,0
https://openalex.org/W2059939563,5,5,1,RU,0
https://openalex.org/W2059988537,5,5,1,NL,0
https://openalex.org/W2060000763,2,2,1,DE,0
https://openalex.org/W2060095353,2,2,1,SY,0
https://openalex.org/W2060096354,2,2,1,JP,0
https://openalex.org/W2060099529,3,3,1,GB,0
https://openalex.org/W2060103790,2,2,1,IN,0
https://openalex.org/W2060109581,4,4,1,CA,0
https://openalex.org/W2060115905,5,5,1,FR,0
https://openalex.org/W2060142084,6,7,2,"CZ,JP",1
https://openalex.org/W2060143089,3,4,1,US,0
https://openalex.org/W2060147328,1,2,0,,0
https://openalex.org/W2060152846,2,2,0,,0
https://openalex.org/W2060168813,7,9,1,CN,0
https://openalex.org/W2060200334,4,4,1,US,0
https://openalex.org/W2060200491,2,2,1,GR,0
https://openalex.org/W2060220878,2,2,1,US,0
https://openalex.org/W2060244273,5,8,2,"CN,JP",1
https://openalex.org/W2060263779,6,12,1,RU,0
https://openalex.org/W2060270634,14,15,2,"CZ,JP",1
https://openalex.org/W2060292680,4,4,1,DE,0
https://openalex.org/W2060295224,10,11,2,"CH,FR",1
https://openalex.org/W2060339929,2,2,1,GB,0
https://openalex.org/W2060356038,6,7,1,DE,0
https://openalex.org/W2060390453,5,5,1,CH,0
https://openalex.org/W2060417726,1,1,0,,0
https://openalex.org/W2060421627,5,5,1,US,0
https://openalex.org/W2060426303,8,8,1,JP,0
https://openalex.org/W2060476130,3,3,1,DE,0
https://openalex.org/W2060476554,5,5,1,CN,0
https://openalex.org/W2060485063,1,1,0,,0
https://openalex.org/W2060488640,3,3,1,US,0
https://openalex.org/W2060508408,1,1,0,,0
https://openalex.org/W2060533155,1,1,0,,0
https://openalex.org/W2060587122,7,8,1,JP,0
https://openalex.org/W2060623950,6,6,1,JP,0
https://openalex.org/W2060680015,3,3,1,US,0
https://openalex.org/W2060700076,1,1,0,,0
https://openalex.org/W2060708488,3,3,1,IN,0
https://openalex.org/W2060725615,2,2,1,AU,0
https://openalex.org/W2060768284,4,4,1,DE,0
https://openalex.org/W2060791191,3,3,1,CN,0
https://openalex.org/W2060797843,15,15,1,JP,0
https://openalex.org/W2060820580,1,1,0,,0
https://openalex.org/W2060823523,3,3,1,BE,0
https://openalex.org/W2060834648,4,6,2,"DE,US",1
https://openalex.org/W2060894336,2,2,1,US,0
https://openalex.org/W2060929800,1,1,0,,0
https://openalex.org/W2060945782,10,20,1,FR,0
https://openalex.org/W2060995784,2,2,1,PR,0
https://openalex.org/W2060998167,6,12,2,"AR,BR",1
https://openalex.org/W2061008376,2,2,1,DE,0
https://openalex.org/W2061020031,3,3,1,US,0
https://openalex.org/W2061027681,1,1,0,,0
https://openalex.org/W2061045175,8,16,1,US,0
https://openalex.org/W2061120025,3,3,1,JP,0
https://openalex.org/W2061131413,3,3,1,CN,0
https://openalex.org/W2061143641,6,9,2,"BY,DE",1
https://openalex.org/W2061154587,5,8,2,"AT,CZ",1
https://openalex.org/W2061156151,5,5,1,RU,0
https://openalex.org/W2061162207,1,1,0,,0
https://openalex.org/W2061187342,3,3,1,IT,0
https://openalex.org/W2061188733,6,6,1,JP,0
https://openalex.org/W2061190722,6,6,1,CN,0
https://openalex.org/W2061200992,3,6,2,"RO,US",1
https://openalex.org/W2061228139,5,5,2,"DE,US",1
https://openalex.org/W2061248826,3,3,1,PL,0
https://openalex.org/W2061386930,5,5,0,,0
https://openalex.org/W2061402892,1,1,0,,0
https://openalex.org/W2061408046,5,5,1,PT,0
https://openalex.org/W2061434322,4,4,1,MY,0
https://openalex.org/W2061434697,3,3,2,"KR,US",1
https://openalex.org/W2061580702,1,1,0,,0
https://openalex.org/W2061594939,5,5,1,BR,0
https://openalex.org/W2061605092,1,1,0,,0
https://openalex.org/W2061656129,3,3,1,US,0
https://openalex.org/W2061687171,2,2,0,,0
https://openalex.org/W2061699165,3,3,1,CN,0
https://openalex.org/W2061718428,6,6,2,"BR,US",1
https://openalex.org/W2061737300,1,1,0,,0
https://openalex.org/W2061769345,4,6,2,"AR,HK",1
https://openalex.org/W2061779482,8,8,1,RU,0
https://openalex.org/W2061807023,4,4,1,JP,0
https://openalex.org/W2061815351,4,4,1,IN,0
https://openalex.org/W2061829922,3,3,1,US,0
https://openalex.org/W2061835922,9,9,1,JP,0
https://openalex.org/W2061843218,1,1,0,,0
https://openalex.org/W2061848226,4,5,2,"JP,KR",1
https://openalex.org/W2061871420,5,10,1,CN,0
https://openalex.org/W2061882567,17,17,1,US,0
https://openalex.org/W2061887836,7,14,1,RU,0
https://openalex.org/W2061965518,17,28,2,"GB,US",1
https://openalex.org/W2061988581,5,5,1,IT,0
https://openalex.org/W2061990519,2,2,1,CZ,0
https://openalex.org/W2062005012,4,4,1,DE,0
https://openalex.org/W2062039856,5,10,1,IL,0
https://openalex.org/W2062050067,3,3,1,CN,0
https://openalex.org/W2062075753,5,5,1,MX,0
https://openalex.org/W2062094841,2,2,1,IR,0
https://openalex.org/W2062096191,4,4,2,"IT,NL",1
https://openalex.org/W2062118644,4,4,1,JP,0
https://openalex.org/W2062149188,3,3,1,US,0
https://openalex.org/W2062153626,6,6,1,GB,0
https://openalex.org/W2062172589,2,2,1,DE,0
https://openalex.org/W2062179833,1,2,0,,0
https://openalex.org/W2062186493,8,8,1,JP,0
https://openalex.org/W2062214142,1,2,0,,0
https://openalex.org/W2062285223,3,3,1,CN,0
https://openalex.org/W2062293683,5,8,2,"DE,RU",1
https://openalex.org/W2062326996,1,1,0,,0
https://openalex.org/W2062337544,1,1,0,,0
https://openalex.org/W2062359274,4,4,1,DE,0
https://openalex.org/W2062372393,3,3,1,US,0
https://openalex.org/W2062400696,4,4,1,CN,0
https://openalex.org/W2062404352,3,3,1,JP,0
https://openalex.org/W2062417302,3,3,1,BR,0
https://openalex.org/W2062421885,4,4,1,CN,0
https://openalex.org/W2062448001,6,6,2,"CN,JP",1
https://openalex.org/W2062476748,6,6,1,CN,0
https://openalex.org/W2062484211,3,3,1,DE,0
https://openalex.org/W2062507222,3,3,1,US,0
https://openalex.org/W2062510896,3,3,1,TW,0
https://openalex.org/W2062585406,2,2,1,TW,0
https://openalex.org/W2062603488,6,12,1,PT,0
https://openalex.org/W2062618460,7,7,1,KR,0
https://openalex.org/W2062668014,4,4,1,SE,0
https://openalex.org/W2062724207,3,3,1,IN,0
https://openalex.org/W2062760860,4,8,1,CN,0
https://openalex.org/W2062768165,2,2,2,"GB,NL",1
https://openalex.org/W2062776687,6,6,1,DE,0
https://openalex.org/W2062801391,3,3,1,IN,0
https://openalex.org/W2062814891,4,4,1,IN,0
https://openalex.org/W2062828132,5,5,2,"CN,US",1
https://openalex.org/W2062874401,5,5,1,IN,0
https://openalex.org/W2062913004,1,1,0,,0
https://openalex.org/W2062916186,9,11,1,RO,0
https://openalex.org/W2062931712,3,3,0,,0
https://openalex.org/W2062937581,1,1,0,,0
https://openalex.org/W2062942651,2,2,1,CA,0
https://openalex.org/W2062945372,7,7,1,KR,0
https://openalex.org/W2062949177,5,5,1,KR,0
https://openalex.org/W2062956794,4,4,1,CN,0
https://openalex.org/W2062978516,6,6,2,"JP,KR",1
https://openalex.org/W2062991127,4,8,1,CA,0
https://openalex.org/W2063085592,2,2,1,RU,0
https://openalex.org/W2063127484,7,14,1,CN,0
https://openalex.org/W2063137155,4,4,1,JP,0
https://openalex.org/W2063153990,3,5,2,"JP,RO",1
https://openalex.org/W2063168393,5,10,1,CN,0
https://openalex.org/W2063178361,3,3,1,DE,0
https://openalex.org/W2063182342,4,5,2,"CN,HK",1
https://openalex.org/W2063193349,6,6,1,CN,0
https://openalex.org/W2063199642,5,5,1,US,0
https://openalex.org/W2063210149,4,4,1,JP,0
https://openalex.org/W2063217264,2,2,1,CZ,0
https://openalex.org/W2063232778,4,8,1,FR,0
https://openalex.org/W2063245534,11,12,2,"GB,JP",1
https://openalex.org/W2063257374,4,8,1,DE,0
https://openalex.org/W2063280307,3,3,1,IN,0
https://openalex.org/W2063282468,1,1,0,,0
https://openalex.org/W2063287215,4,6,3,"CH,FR,ID",1
https://openalex.org/W2063298667,3,3,1,CZ,0
https://openalex.org/W2063303158,3,3,1,DE,0
https://openalex.org/W2063312893,4,4,1,KR,0
https://openalex.org/W2063314619,8,8,1,CN,0
https://openalex.org/W2063326705,5,5,1,KR,0
https://openalex.org/W2063337136,1,1,0,,0
https://openalex.org/W2063365431,7,7,3,"DE,IT,RO",1
https://openalex.org/W2063421588,6,6,1,JP,0
https://openalex.org/W2063425223,4,5,1,FR,0
https://openalex.org/W2063429094,8,8,1,JP,0
https://openalex.org/W2063429776,2,2,1,US,0
https://openalex.org/W2063441257,4,5,2,"KR,US",1
https://openalex.org/W2063452931,4,5,1,FR,0
https://openalex.org/W2063469825,5,5,1,CN,0
https://openalex.org/W2063491259,2,2,1,JP,0
https://openalex.org/W2063514903,4,8,1,RU,0
https://openalex.org/W2063520571,9,9,1,FR,0
https://openalex.org/W2063521795,6,8,2,"BY,FR",1
https://openalex.org/W2063546936,4,4,2,"CA,US",1
https://openalex.org/W2063600723,3,3,1,JP,0
https://openalex.org/W2063632489,5,5,1,KR,0
https://openalex.org/W2063651974,6,8,2,"JP,RS",1
https://openalex.org/W2063652781,3,3,1,CN,0
https://openalex.org/W2063692417,10,10,1,DE,0
https://openalex.org/W2063697937,6,6,2,"ES,IL",1
https://openalex.org/W2063699433,7,7,1,CN,0
https://openalex.org/W2063724952,6,6,1,JP,0
https://openalex.org/W2063730160,2,3,1,GB,0
https://openalex.org/W2063733312,1,1,0,,0
https://openalex.org/W2063757082,5,5,1,JP,0
https://openalex.org/W2063768547,8,8,1,JP,0
https://openalex.org/W2063774228,2,2,1,TW,0
https://openalex.org/W2063783966,5,5,3,"CZ,DE,IT",1
https://openalex.org/W2063790017,3,3,1,NL,0
https://openalex.org/W2063794158,4,4,2,"KR,SG",1
https://openalex.org/W2063817922,6,7,3,"CN,GB,US",1
https://openalex.org/W2063857201,2,2,1,AR,0
https://openalex.org/W2063859337,5,5,1,PT,0
https://openalex.org/W2063866672,3,3,1,TW,0
https://openalex.org/W2063893062,6,6,2,"FR,MX",1
https://openalex.org/W2063893484,4,4,1,JP,0
https://openalex.org/W2063968377,5,5,1,DE,0
https://openalex.org/W2064053230,5,5,1,DE,0
https://openalex.org/W2064064047,5,6,1,KR,0
https://openalex.org/W2064075188,5,5,1,CN,0
https://openalex.org/W2064103964,2,2,1,IT,0
https://openalex.org/W2064124664,4,11,1,FR,0
https://openalex.org/W2064126978,4,4,1,RU,0
https://openalex.org/W2064143292,12,16,2,"FI,PL",1
https://openalex.org/W2064225514,8,8,2,"GB,RU",1
https://openalex.org/W2064263213,3,3,1,ZA,0
https://openalex.org/W2064265459,4,5,1,KR,0
https://openalex.org/W2064299108,6,6,1,FR,0
https://openalex.org/W2064346636,4,4,1,TW,0
https://openalex.org/W2064353657,3,4,1,HU,0
https://openalex.org/W2064361176,5,5,2,"GB,PT",1
https://openalex.org/W2064374060,8,10,2,"ES,FR",1
https://openalex.org/W2064393500,2,2,1,GB,0
https://openalex.org/W2064395133,3,3,0,,0
https://openalex.org/W2064480523,2,2,1,SG,0
https://openalex.org/W2064509660,2,2,1,IL,0
https://openalex.org/W2064520600,6,6,0,,0
https://openalex.org/W2064522256,1,1,0,,0
https://openalex.org/W2064538346,7,7,1,CN,0
https://openalex.org/W2064546685,3,5,2,"DZ,FR",1
https://openalex.org/W2064592389,10,10,1,JP,0
https://openalex.org/W2064615311,6,11,2,"CN,TW",1
https://openalex.org/W2064615864,8,8,1,CN,0
https://openalex.org/W2064666819,1,1,0,,0
https://openalex.org/W2064676046,7,8,1,BR,0
https://openalex.org/W2064676400,3,5,1,CN,0
https://openalex.org/W2064680786,7,7,1,US,0
https://openalex.org/W2064688552,4,5,1,US,0
https://openalex.org/W2064701513,13,14,1,JP,0
https://openalex.org/W2064739642,3,3,1,SI,0
https://openalex.org/W2064745049,5,5,1,JP,0
https://openalex.org/W2064779979,6,6,1,CN,0
https://openalex.org/W2064780914,5,5,1,GB,0
https://openalex.org/W2064785254,3,3,1,BR,0
https://openalex.org/W2064802696,4,4,2,"DZ,FR",1
https://openalex.org/W2064830069,2,2,1,US,0
https://openalex.org/W2064856938,1,1,0,,0
https://openalex.org/W2064856940,6,6,1,AT,0
https://openalex.org/W2064880252,5,5,1,JP,0
https://openalex.org/W2064896272,4,4,1,CN,0
https://openalex.org/W2064901780,6,7,1,US,0
https://openalex.org/W2064906793,1,2,0,,0
https://openalex.org/W2064907407,2,2,0,,0
https://openalex.org/W2064912428,3,3,1,GR,0
https://openalex.org/W2064924096,3,3,1,AU,0
https://openalex.org/W2064939026,5,5,1,TW,0
https://openalex.org/W2064972256,6,12,1,FR,0
https://openalex.org/W2065017290,3,3,1,AU,0
https://openalex.org/W2065023191,2,2,1,AU,0
https://openalex.org/W2065041380,7,7,1,BE,0
https://openalex.org/W2065054988,3,3,1,JP,0
https://openalex.org/W2065075593,3,3,0,,0
https://openalex.org/W2065107186,2,2,1,US,0
https://openalex.org/W2065120828,16,17,1,JP,0
https://openalex.org/W2065140801,5,5,1,GB,0
https://openalex.org/W2065160861,3,3,1,DZ,0
https://openalex.org/W2065169292,4,4,1,KR,0
https://openalex.org/W2065223500,4,4,1,KR,0
https://openalex.org/W2065232399,2,4,1,SG,0
https://openalex.org/W2065247906,2,2,1,US,0
https://openalex.org/W2065257679,7,7,1,US,0
https://openalex.org/W2065266387,4,4,1,KR,0
https://openalex.org/W2065272323,3,3,1,KR,0
https://openalex.org/W2065275195,7,7,2,"DE,IE",1
https://openalex.org/W2065295624,3,3,1,TR,0
https://openalex.org/W2065300309,5,5,1,JP,0
https://openalex.org/W2065300653,2,4,1,CN,0
https://openalex.org/W2065314195,1,1,0,,0
https://openalex.org/W2065317223,4,4,1,SE,0
https://openalex.org/W2065319157,3,3,1,SE,0
https://openalex.org/W2065333756,6,6,1,JP,0
https://openalex.org/W2065333863,5,5,1,JP,0
https://openalex.org/W2065342743,4,4,1,GB,0
https://openalex.org/W2065353793,6,6,2,"DE,GR",1
https://openalex.org/W2065374622,1,1,0,,0
https://openalex.org/W2065385185,3,3,1,US,0
https://openalex.org/W2065388362,3,3,1,TW,0
https://openalex.org/W2065409161,3,3,1,IL,0
https://openalex.org/W2065415938,5,5,1,FR,0
https://openalex.org/W2065419352,5,5,1,DE,0
https://openalex.org/W2065452341,3,3,1,SE,0
https://openalex.org/W2065461381,1,2,0,,0
https://openalex.org/W2065491199,7,7,1,CN,0
https://openalex.org/W2065496500,3,3,1,US,0
https://openalex.org/W2065539635,9,10,1,JP,0
https://openalex.org/W2065573913,3,3,1,SK,0
https://openalex.org/W2065583386,6,6,1,CN,0
https://openalex.org/W2065595161,2,2,1,JP,0
https://openalex.org/W2065606630,1,1,0,,0
https://openalex.org/W2065608726,4,4,1,JP,0
https://openalex.org/W2065687573,5,5,1,PL,0
https://openalex.org/W2065691914,10,10,1,FR,0
https://openalex.org/W2065727422,3,3,1,US,0
https://openalex.org/W2065783404,5,5,1,CN,0
https://openalex.org/W2065816458,6,6,1,KR,0
https://openalex.org/W2065882669,9,9,1,JP,0
https://openalex.org/W2065922993,1,1,0,,0
https://openalex.org/W2065924582,7,7,1,CH,0
https://openalex.org/W2065938702,5,8,1,IT,0
https://openalex.org/W2065944258,4,4,1,GB,0
https://openalex.org/W2065961442,2,5,2,"FR,GB",1
https://openalex.org/W2065973252,4,4,1,BE,0
https://openalex.org/W2065986159,7,14,1,US,0
https://openalex.org/W2066013655,3,3,2,"CN,HK",1
https://openalex.org/W2066015584,5,5,2,"DE,IL",1
https://openalex.org/W2066078982,4,4,1,DK,0
https://openalex.org/W2066111431,22,22,5,"BE,FI,FR,IT,NL",1
https://openalex.org/W2066128637,4,4,1,TR,0
https://openalex.org/W2066150731,1,2,0,,0
https://openalex.org/W2066151269,7,8,1,CN,0
https://openalex.org/W2066175367,7,7,2,"BR,PT",1
https://openalex.org/W2066180707,5,5,1,US,0
https://openalex.org/W2066183351,8,8,1,US,0
https://openalex.org/W2066234056,3,3,1,CN,0
https://openalex.org/W2066234098,4,8,1,UA,0
https://openalex.org/W2066316269,3,5,1,CN,0
https://openalex.org/W2066343308,4,4,1,US,0
https://openalex.org/W2066395380,4,4,1,DE,0
https://openalex.org/W2066411102,6,6,1,JP,0
https://openalex.org/W2066465375,4,4,1,KR,0
https://openalex.org/W2066487327,3,4,1,CN,0
https://openalex.org/W2066496662,2,2,1,KR,0
https://openalex.org/W2066519941,5,7,1,SG,0
https://openalex.org/W2066569978,4,4,1,TW,0
https://openalex.org/W2066597081,1,1,0,,0
https://openalex.org/W2066617531,4,4,2,"CZ,PL",1
https://openalex.org/W2066722513,5,5,1,IN,0
https://openalex.org/W2066737572,7,7,1,JP,0
https://openalex.org/W2066759752,5,6,2,"DE,TR",1
https://openalex.org/W2066804405,5,5,2,"ES,PL",1
https://openalex.org/W2066816539,3,3,1,KR,0
https://openalex.org/W2066822959,3,3,1,CA,0
https://openalex.org/W2066879948,1,1,0,,0
https://openalex.org/W2066892855,3,3,1,GB,0
https://openalex.org/W2066901442,4,4,1,JP,0
https://openalex.org/W2066920787,3,3,1,US,0
https://openalex.org/W2066982837,6,6,1,IT,0
https://openalex.org/W2067001476,3,3,1,US,0
https://openalex.org/W2067001666,3,5,2,"CN,TW",1
https://openalex.org/W2067007933,1,1,0,,0
https://openalex.org/W2067087072,2,2,1,US,0
https://openalex.org/W2067097399,2,3,2,"CN,TW",1
https://openalex.org/W2067110564,5,9,3,"FR,IL,RU",1
https://openalex.org/W2067126866,6,6,2,"JP,RU",1
https://openalex.org/W2067137455,3,3,1,KR,0
https://openalex.org/W2067171516,6,6,2,"KR,US",1
https://openalex.org/W2067192410,2,2,1,RU,0
https://openalex.org/W2067208076,3,3,1,JP,0
https://openalex.org/W2067223246,11,11,1,CN,0
https://openalex.org/W2067274904,2,2,1,US,0
https://openalex.org/W2067281891,4,4,1,CN,0
https://openalex.org/W2067292774,4,4,1,PL,0
https://openalex.org/W2067312181,10,10,1,CN,0
https://openalex.org/W2067317296,1,1,0,,0
https://openalex.org/W2067325592,4,4,1,KR,0
https://openalex.org/W2067328858,7,9,3,"LV,PL,UA",1
https://openalex.org/W2067334413,7,7,1,CN,0
https://openalex.org/W2067412753,6,6,1,JP,0
https://openalex.org/W2067420514,1,1,0,,0
https://openalex.org/W2067542275,2,2,1,US,0
https://openalex.org/W2067566454,4,4,1,TW,0
https://openalex.org/W2067588101,4,4,1,US,0
https://openalex.org/W2067594967,8,8,1,US,0
https://openalex.org/W2067598746,5,10,1,CN,0
https://openalex.org/W2067617432,1,1,0,,0
https://openalex.org/W2067621315,3,3,2,"CN,US",1
https://openalex.org/W2067666256,7,8,1,CH,0
https://openalex.org/W2067678592,4,4,2,"CH,DE",1
https://openalex.org/W2067692736,4,4,2,"DE,ES",1
https://openalex.org/W2067703849,4,4,1,PL,0
https://openalex.org/W2067717252,6,6,1,IT,0
https://openalex.org/W2067774897,5,5,2,"FR,MX",1
https://openalex.org/W2067793161,6,6,1,CN,0
https://openalex.org/W2067801489,1,2,0,,0
https://openalex.org/W2067822420,3,3,1,AU,0
https://openalex.org/W2067828417,8,8,1,ES,0
https://openalex.org/W2067844099,4,4,1,KR,0
https://openalex.org/W2067855823,4,4,1,RU,0
https://openalex.org/W2067870902,3,3,1,JP,0
https://openalex.org/W2067881911,4,4,1,EG,0
https://openalex.org/W2067922266,3,3,1,US,0
https://openalex.org/W2067995126,2,2,1,UA,0
https://openalex.org/W2068018094,3,3,1,GB,0
https://openalex.org/W2068027694,5,5,2,"GB,US",1
https://openalex.org/W2068040013,5,5,1,BE,0
https://openalex.org/W2068047953,5,5,1,ES,0
https://openalex.org/W2068053786,3,3,0,,0
https://openalex.org/W2068107571,4,4,1,LK,0
https://openalex.org/W2068108194,3,6,1,DE,0
https://openalex.org/W2068108413,2,2,1,CN,0
https://openalex.org/W2068132026,5,5,2,"CN,GB",1
https://openalex.org/W2068172311,3,3,2,"FR,MX",1
https://openalex.org/W2068172546,2,3,2,"ES,PT",1
https://openalex.org/W2068175053,3,3,1,CN,0
https://openalex.org/W2068224777,2,2,1,KR,0
https://openalex.org/W2068228723,31,31,2,"DE,US",1
https://openalex.org/W2068280212,1,1,0,,0
https://openalex.org/W2068327558,2,2,1,IT,0
https://openalex.org/W2068330657,15,15,5,"DE,FI,FR,GB,IL",1
https://openalex.org/W2068330745,4,4,1,EE,0
https://openalex.org/W2068343952,6,6,3,"CZ,MD,US",1
https://openalex.org/W2068347406,3,3,1,TR,0
https://openalex.org/W2068375863,10,10,3,"CN,HK,US",1
https://openalex.org/W2068403983,3,3,1,US,0
https://openalex.org/W2068455118,5,5,1,FR,0
https://openalex.org/W2068471365,5,5,1,DE,0
https://openalex.org/W2068492161,6,6,1,IT,0
https://openalex.org/W2068503525,4,4,3,"BG,KR,US",1
https://openalex.org/W2068504708,5,10,1,FR,0
https://openalex.org/W2068510155,11,11,1,ES,0
https://openalex.org/W2068511851,5,5,1,TW,0
https://openalex.org/W2068522195,3,3,1,KR,0
https://openalex.org/W2068523659,3,3,1,US,0
https://openalex.org/W2068524102,2,2,1,NL,0
https://openalex.org/W2068530185,1,1,0,,0
https://openalex.org/W2068534050,3,3,2,"DE,ES",1
https://openalex.org/W2068548870,2,2,1,IN,0
https://openalex.org/W2068555125,5,5,1,MX,0
https://openalex.org/W2068564348,4,8,1,CN,0
https://openalex.org/W2068566843,4,4,1,US,0
https://openalex.org/W2068633893,4,4,2,"IN,MX",1
https://openalex.org/W2068655880,5,10,1,CN,0
https://openalex.org/W2068656422,3,3,1,TW,0
https://openalex.org/W2068664175,3,4,2,"CH,FR",1
https://openalex.org/W2068672997,2,2,1,JP,0
https://openalex.org/W2068679543,4,4,1,DE,0
https://openalex.org/W2068690468,5,6,4,"CZ,FR,GB,SE",1
https://openalex.org/W2068708113,6,6,2,"EG,KR",1
https://openalex.org/W2068739955,3,3,1,US,0
https://openalex.org/W2068752669,6,6,2,"RU,US",1
https://openalex.org/W2068801018,2,2,1,GB,0
https://openalex.org/W2068806174,3,3,1,GB,0
https://openalex.org/W2068834798,4,4,1,BR,0
https://openalex.org/W2068847601,5,5,1,CN,0
https://openalex.org/W2068910694,2,2,1,JP,0
https://openalex.org/W2068918898,4,4,2,"DE,UA",1
https://openalex.org/W2068920283,4,8,1,FR,0
https://openalex.org/W2068934611,8,8,1,FR,0
https://openalex.org/W2068937675,5,5,1,IN,0
https://openalex.org/W2068941551,4,4,1,US,0
https://openalex.org/W2068957096,5,5,1,JP,0
https://openalex.org/W2068979445,3,5,1,DE,0
https://openalex.org/W2068981283,3,4,1,JP,0
https://openalex.org/W2068993459,6,6,1,JP,0
https://openalex.org/W2069002611,3,6,1,CN,0
https://openalex.org/W2069021800,5,5,2,"SK,ZA",1
https://openalex.org/W2069035205,3,3,1,BR,0
https://openalex.org/W2069055920,8,10,3,"DE,GB,IT",1
https://openalex.org/W2069067540,6,6,1,CN,0
https://openalex.org/W2069076028,12,17,4,"DE,ES,FR,US",1
https://openalex.org/W2069114579,4,4,1,DE,0
https://openalex.org/W2069139957,5,5,3,"BE,DE,US",1
https://openalex.org/W2069177350,3,6,1,FR,0
https://openalex.org/W2069207730,1,2,0,,0
https://openalex.org/W2069234288,9,9,1,RU,0
https://openalex.org/W2069249491,6,6,1,BR,0
https://openalex.org/W2069250188,2,2,1,MX,0
https://openalex.org/W2069254723,2,2,1,CN,0
https://openalex.org/W2069304581,4,6,2,"FR,TN",1
https://openalex.org/W2069390439,4,4,1,IN,0
https://openalex.org/W2069398132,2,4,1,DE,0
https://openalex.org/W2069435200,5,5,1,US,0
https://openalex.org/W2069450309,5,7,1,JP,0
https://openalex.org/W2069483642,2,2,1,US,0
https://openalex.org/W2069494658,5,5,1,JP,0
https://openalex.org/W2069498150,4,6,1,CZ,0
https://openalex.org/W2069501190,4,8,2,"TH,US",1
https://openalex.org/W2069505126,2,2,1,US,0
https://openalex.org/W2069512144,1,1,0,,0
https://openalex.org/W2069515275,7,7,1,KR,0
https://openalex.org/W2069523212,1,1,0,,0
https://openalex.org/W2069531051,6,6,1,JP,0
https://openalex.org/W2069541333,3,3,1,RU,0
https://openalex.org/W2069558716,3,3,1,BD,0
https://openalex.org/W2069566922,2,2,1,RU,0
https://openalex.org/W2069569132,11,11,1,JP,0
https://openalex.org/W2069596171,3,3,1,TN,0
https://openalex.org/W2069603878,4,5,2,"FR,IT",1
https://openalex.org/W2069604422,4,5,2,"FR,PL",1
https://openalex.org/W2069613412,6,6,1,CN,0
https://openalex.org/W2069622904,7,7,1,KR,0
https://openalex.org/W2069681874,4,4,2,"CN,HK",1
https://openalex.org/W2069698582,4,4,1,US,0
https://openalex.org/W2069713468,6,6,1,JP,0
https://openalex.org/W2069720258,5,5,2,"JP,US",1
https://openalex.org/W2069723318,6,12,1,US,0
https://openalex.org/W2069741972,2,2,1,US,0
https://openalex.org/W2069766283,3,3,1,DE,0
https://openalex.org/W2069767877,2,2,1,IN,0
https://openalex.org/W2069835061,5,5,1,TW,0
https://openalex.org/W2069847736,2,2,1,IN,0
https://openalex.org/W2069851089,4,4,2,"CN,US",1
https://openalex.org/W2069862578,7,7,3,"BE,RU,US",1
https://openalex.org/W2069943505,4,4,1,KR,0
https://openalex.org/W2069945464,4,6,2,"AR,NL",1
https://openalex.org/W2069976035,1,1,0,,0
https://openalex.org/W2070012484,4,4,1,BR,0
https://openalex.org/W2070012851,8,8,1,GB,0
https://openalex.org/W2070037514,7,7,1,IT,0
https://openalex.org/W2070063382,1,1,0,,0
https://openalex.org/W2070103352,5,9,1,FR,0
https://openalex.org/W2070119334,3,5,2,"CN,JP",1
https://openalex.org/W2070153645,3,3,1,JP,0
https://openalex.org/W2070202087,2,2,1,CN,0
https://openalex.org/W2070209317,4,4,1,PL,0
https://openalex.org/W2070216078,6,6,2,"BE,CZ",1
https://openalex.org/W2070219680,2,2,1,TW,0
https://openalex.org/W2070222103,4,4,1,CA,0
https://openalex.org/W2070232132,4,4,1,GB,0
https://openalex.org/W2070233043,3,3,2,"IE,TR",1
https://openalex.org/W2070239340,6,6,2,"CN,US",1
https://openalex.org/W2070246554,3,4,1,CN,0
https://openalex.org/W2070248161,2,2,1,US,0
https://openalex.org/W2070255970,1,1,0,,0
https://openalex.org/W2070291023,5,5,1,IN,0
https://openalex.org/W2070301753,4,4,1,RU,0
https://openalex.org/W2070385443,3,3,1,JP,0
https://openalex.org/W2070387854,2,2,1,US,0
https://openalex.org/W2070427912,5,5,1,BR,0
https://openalex.org/W2070440101,2,2,1,TW,0
https://openalex.org/W2070446573,6,6,3,"DE,GB,NL",1
https://openalex.org/W2070480260,1,1,0,,0
https://openalex.org/W2070488730,6,6,1,KR,0
https://openalex.org/W2070512233,6,6,1,PL,0
https://openalex.org/W2070514681,8,8,1,DE,0
https://openalex.org/W2070547974,2,2,0,,0
https://openalex.org/W2070551974,3,3,1,US,0
https://openalex.org/W2070553470,2,2,2,"CA,GB",1
https://openalex.org/W2070599593,3,3,2,"AU,CN",1
https://openalex.org/W2070601736,4,4,1,GB,0
https://openalex.org/W2070626478,5,5,1,CN,0
https://openalex.org/W2070639316,8,14,1,CN,0
https://openalex.org/W2070642182,3,3,1,ES,0
https://openalex.org/W2070649915,5,5,1,JP,0
https://openalex.org/W2070672219,6,6,1,IN,0
https://openalex.org/W2070694493,2,2,1,IN,0
https://openalex.org/W2070695530,3,3,2,"IT,US",1
https://openalex.org/W2070726976,3,3,1,PL,0
https://openalex.org/W2070829350,7,7,1,JP,0
https://openalex.org/W2070842441,5,6,2,"CN,HK",1
https://openalex.org/W2070864912,5,5,0,,0
https://openalex.org/W2070877016,5,6,2,"DE,GR",1
https://openalex.org/W2070890255,5,5,1,JP,0
https://openalex.org/W2070896555,5,5,1,DE,0
https://openalex.org/W2070898661,5,5,1,JP,0
https://openalex.org/W2070905051,4,4,1,CH,0
https://openalex.org/W2070956690,1,1,0,,0
https://openalex.org/W2071019301,6,6,1,AT,0
https://openalex.org/W2071025713,3,6,2,"CO,ES",1
https://openalex.org/W2071049860,5,5,1,US,0
https://openalex.org/W2071051974,2,2,1,TR,0
https://openalex.org/W2071071612,3,6,2,"AU,GB",1
https://openalex.org/W2071074154,5,7,3,"DE,JP,RU",1
https://openalex.org/W2071074840,5,5,1,CN,0
https://openalex.org/W2071096128,2,2,1,PL,0
https://openalex.org/W2071098290,4,4,3,"CA,DE,IT",1
https://openalex.org/W2071098568,2,2,1,JP,0
https://openalex.org/W2071134710,7,7,1,BE,0
https://openalex.org/W2071135922,5,10,1,US,0
https://openalex.org/W2071149754,3,6,1,US,0
https://openalex.org/W2071150628,3,3,1,US,0
https://openalex.org/W2071153218,5,6,2,"CA,DE",1
https://openalex.org/W2071172848,3,3,2,"IN,US",1
https://openalex.org/W2071200816,2,2,1,US,0
https://openalex.org/W2071212412,2,2,1,US,0
https://openalex.org/W2071256331,16,19,2,"CN,US",1
https://openalex.org/W2071357493,6,6,1,JP,0
https://openalex.org/W2071373119,5,5,1,BR,0
https://openalex.org/W2071387449,6,8,1,JP,0
https://openalex.org/W2071406285,3,3,1,CN,0
https://openalex.org/W2071408716,8,8,1,JP,0
https://openalex.org/W2071415708,6,6,1,US,0
https://openalex.org/W2071421279,5,5,2,"EG,US",1
https://openalex.org/W2071521257,1,1,0,,0
https://openalex.org/W2071529921,6,6,1,PT,0
https://openalex.org/W2071536022,2,2,1,CN,0
https://openalex.org/W2071596398,2,2,2,"DE,RU",1
https://openalex.org/W2071616119,8,9,2,"RU,US",1
https://openalex.org/W2071643928,6,6,2,"DE,UA",1
https://openalex.org/W2071644830,1,1,0,,0
https://openalex.org/W2071657191,2,6,1,FR,0
https://openalex.org/W2071667288,5,5,3,"FR,GB,PL",1
https://openalex.org/W2071673800,4,4,1,CN,0
https://openalex.org/W2071676220,3,3,1,DE,0
https://openalex.org/W2071690860,3,4,1,TW,0
https://openalex.org/W2071724445,5,5,1,JP,0
https://openalex.org/W2071727553,6,6,3,"DE,GR,RU",1
https://openalex.org/W2071738427,9,9,1,FR,0
https://openalex.org/W2071758869,3,3,1,DK,0
https://openalex.org/W2071766332,1,1,0,,0
https://openalex.org/W2071804967,2,2,1,SG,0
https://openalex.org/W2071805500,7,7,2,"JP,US",1
https://openalex.org/W2071819932,2,2,1,CO,0
https://openalex.org/W2071839081,4,4,1,DE,0
https://openalex.org/W2071842414,5,5,1,CN,0
https://openalex.org/W2071855708,2,2,1,TR,0
https://openalex.org/W2071888720,2,2,1,US,0
https://openalex.org/W2071925616,7,8,2,"TW,US",1
https://openalex.org/W2071943707,7,7,1,CN,0
https://openalex.org/W2071952246,1,1,0,,0
https://openalex.org/W2071961987,23,23,3,"IT,JP,RU",1
https://openalex.org/W2071975806,2,4,1,US,0
https://openalex.org/W2071993693,6,6,1,GB,0
https://openalex.org/W2071996613,5,5,1,DE,0
https://openalex.org/W2072074127,4,4,1,AU,0
https://openalex.org/W2072088081,9,9,2,"JP,US",1
https://openalex.org/W2072093928,4,4,1,US,0
https://openalex.org/W2072117430,4,16,2,"CA,US",1
https://openalex.org/W2072134504,4,4,1,JP,0
https://openalex.org/W2072183949,2,2,1,JP,0
https://openalex.org/W2072209658,4,4,1,JP,0
https://openalex.org/W2072237880,3,4,1,JP,0
https://openalex.org/W2072240619,3,3,1,JP,0
https://openalex.org/W2072262377,8,8,1,KR,0
https://openalex.org/W2072302724,6,6,1,US,0
https://openalex.org/W2072304582,7,7,1,KR,0
https://openalex.org/W2072313068,1,2,0,,0
https://openalex.org/W2072421864,2,2,1,CN,0
https://openalex.org/W2072429040,1,1,0,,0
https://openalex.org/W2072473453,1,1,0,,0
https://openalex.org/W2072504933,4,4,1,US,0
https://openalex.org/W2072525245,2,2,1,IT,0
https://openalex.org/W2072588228,8,8,2,"DE,FR",1
https://openalex.org/W2072665989,2,2,1,GR,0
https://openalex.org/W2072710114,8,16,1,GB,0
https://openalex.org/W2072738940,3,6,1,IT,0
https://openalex.org/W2072752765,3,6,1,BR,0
https://openalex.org/W2072781393,5,7,2,"AU,JP",1
https://openalex.org/W2072796356,5,5,1,US,0
https://openalex.org/W2072806971,4,4,1,KR,0
https://openalex.org/W2072878185,2,2,1,IN,0
https://openalex.org/W2072879277,4,4,1,CN,0
https://openalex.org/W2072942599,6,6,1,US,0
https://openalex.org/W2072979163,5,5,1,KR,0
https://openalex.org/W2073006468,2,2,1,US,0
https://openalex.org/W2073023360,3,3,1,US,0
https://openalex.org/W2073046487,5,5,2,"AU,GB",1
https://openalex.org/W2073051382,3,3,1,CN,0
https://openalex.org/W2073064451,4,4,1,DE,0
https://openalex.org/W2073084075,5,6,2,"CN,PT",1
https://openalex.org/W2073102331,4,4,2,"AT,US",1
https://openalex.org/W2073118498,6,6,1,CN,0
https://openalex.org/W2073138527,3,3,1,DE,0
https://openalex.org/W2073154658,4,4,0,,0
https://openalex.org/W2073184320,3,3,1,JP,0
https://openalex.org/W2073190199,3,3,1,PT,0
https://openalex.org/W2073190419,2,2,0,,0
https://openalex.org/W2073237688,5,5,1,JP,0
https://openalex.org/W2073253072,4,4,2,"CN,HK",1
https://openalex.org/W2073327006,4,4,1,CA,0
https://openalex.org/W2073344293,6,6,1,KZ,0
https://openalex.org/W2073356784,5,5,1,KR,0
https://openalex.org/W2073367030,4,4,1,KR,0
https://openalex.org/W2073391912,5,5,1,NL,0
https://openalex.org/W2073401373,3,3,1,JP,0
https://openalex.org/W2073410270,5,6,2,"CA,US",1
https://openalex.org/W2073436270,4,4,0,,0
https://openalex.org/W2073513253,1,1,0,,0
https://openalex.org/W2073515077,3,3,2,"EG,JP",1
https://openalex.org/W2073516706,20,22,4,"CA,CH,JP,US",1
https://openalex.org/W2073552381,3,3,1,US,0
https://openalex.org/W2073595774,1,1,0,,0
https://openalex.org/W2073600150,2,2,1,RU,0
https://openalex.org/W2073601846,2,2,1,KR,0
https://openalex.org/W2073606477,3,3,1,DZ,0
https://openalex.org/W2073618707,2,4,1,ES,0
https://openalex.org/W2073650718,3,4,1,TW,0
https://openalex.org/W2073658679,4,4,2,"IN,JP",1
https://openalex.org/W2073670730,2,2,1,CN,0
https://openalex.org/W2073670900,4,4,1,JP,0
https://openalex.org/W2073679928,4,4,2,"JP,US",1
https://openalex.org/W2073694447,3,3,1,GB,0
https://openalex.org/W2073698388,6,6,1,JP,0
https://openalex.org/W2073715775,3,3,1,AU,0
https://openalex.org/W2073749991,3,3,0,,0
https://openalex.org/W2073785980,4,4,1,US,0
https://openalex.org/W2073816888,1,1,0,,0
https://openalex.org/W2073855249,6,6,0,,0
https://openalex.org/W2073855934,2,2,0,,0
https://openalex.org/W2073892425,4,4,1,US,0
https://openalex.org/W2073896194,8,8,1,ES,0
https://openalex.org/W2073958354,3,3,1,CN,0
https://openalex.org/W2073972836,3,3,1,TR,0
https://openalex.org/W2074014515,2,2,1,CN,0
https://openalex.org/W2074017144,3,3,1,CN,0
https://openalex.org/W2074035455,5,5,1,KR,0
https://openalex.org/W2074045706,2,2,0,,0
https://openalex.org/W2074061822,7,7,1,JP,0
https://openalex.org/W2074062294,3,3,1,GB,0
https://openalex.org/W2074079872,2,2,1,FI,0
https://openalex.org/W2074107829,3,3,0,,0
https://openalex.org/W2074151739,2,2,1,TW,0
https://openalex.org/W2074160801,4,6,1,TR,0
https://openalex.org/W2074179523,7,8,3,"FR,HU,US",1
https://openalex.org/W2074189409,8,9,2,"AU,US",1
https://openalex.org/W2074197358,3,3,0,,0
https://openalex.org/W2074199203,2,4,1,DE,0
https://openalex.org/W2074211099,6,6,1,SG,0
https://openalex.org/W2074216680,6,6,2,"AU,JP",1
https://openalex.org/W2074220336,5,5,0,,0
https://openalex.org/W2074226081,5,5,1,FI,0
https://openalex.org/W2074254516,3,3,2,"ES,PS",1
https://openalex.org/W2074259714,1,2,0,,0
https://openalex.org/W2074272514,5,5,1,IL,0
https://openalex.org/W2074272579,3,3,1,GR,0
https://openalex.org/W2074281780,2,2,1,JP,0
https://openalex.org/W2074293258,4,4,1,BE,0
https://openalex.org/W2074351621,3,3,1,KR,0
https://openalex.org/W2074375448,4,4,1,GB,0
https://openalex.org/W2074386274,2,2,2,"CN,GB",1
https://openalex.org/W2074389530,1,1,0,,0
https://openalex.org/W2074402601,8,9,2,"ES,NL",1
https://openalex.org/W2074416268,7,7,1,US,0
https://openalex.org/W2074443137,2,2,1,JP,0
https://openalex.org/W2074447729,5,5,2,"CA,FR",1
https://openalex.org/W2074450050,2,2,1,GB,0
https://openalex.org/W2074450604,2,2,1,US,0
https://openalex.org/W2074488693,8,8,1,IT,0
https://openalex.org/W2074497266,9,9,1,US,0
https://openalex.org/W2074498159,2,2,1,BG,0
https://openalex.org/W2074498829,3,6,1,JP,0
https://openalex.org/W2074522996,6,6,2,"JP,US",1
https://openalex.org/W2074526102,4,6,2,"AU,FR",1
https://openalex.org/W2074537052,2,2,1,IE,0
https://openalex.org/W2074551564,6,6,1,SG,0
https://openalex.org/W2074565299,1,2,0,,0
https://openalex.org/W2074588914,5,5,1,GB,0
https://openalex.org/W2074590213,1,1,0,,0
https://openalex.org/W2074619361,3,3,1,US,0
https://openalex.org/W2074619619,5,5,1,CN,0
https://openalex.org/W2074625851,3,3,1,US,0
https://openalex.org/W2074638505,8,9,2,"AU,JP",1
https://openalex.org/W2074641733,1,1,0,,0
https://openalex.org/W2074736353,5,5,1,JP,0
https://openalex.org/W2074740351,3,3,1,JP,0
https://openalex.org/W2074750843,6,6,1,US,0
https://openalex.org/W2074806323,2,3,1,DE,0
https://openalex.org/W2074814871,7,7,1,JP,0
https://openalex.org/W2074829883,2,2,1,SI,0
https://openalex.org/W2074850841,3,3,2,"GB,JP",1
https://openalex.org/W2074905782,4,4,1,KR,0
https://openalex.org/W2074906953,2,2,1,PT,0
https://openalex.org/W2074938615,1,1,0,,0
https://openalex.org/W2074945675,7,9,1,CN,0
https://openalex.org/W2074992511,4,4,2,"DE,RO",1
https://openalex.org/W2075037158,2,2,1,CH,0
https://openalex.org/W2075046308,2,2,2,"DE,RO",1
https://openalex.org/W2075048595,3,3,1,VN,0
https://openalex.org/W2075068983,9,10,2,"CZ,JP",1
https://openalex.org/W2075075061,4,4,1,IE,0
https://openalex.org/W2075082608,6,8,2,"BE,DE",1
https://openalex.org/W2075104983,4,4,1,DE,0
https://openalex.org/W2075119951,3,3,1,US,0
https://openalex.org/W2075123534,12,13,3,"CN,JP,RU",1
https://openalex.org/W2075159007,2,4,1,IN,0
https://openalex.org/W2075179806,6,6,1,JP,0
https://openalex.org/W2075217766,3,3,1,CN,0
https://openalex.org/W2075249636,3,3,1,BR,0
https://openalex.org/W2075261541,2,2,1,BE,0
https://openalex.org/W2075271732,8,8,1,US,0
https://openalex.org/W2075276144,8,8,4,"AU,RU,TR,US",1
https://openalex.org/W2075278013,4,4,1,ES,0
https://openalex.org/W2075314289,4,4,1,KR,0
https://openalex.org/W2075335925,1,1,0,,0
https://openalex.org/W2075343509,8,8,2,"JP,US",1
https://openalex.org/W2075387966,4,7,2,"FR,RU",1
https://openalex.org/W2075458281,1,1,0,,0
https://openalex.org/W2075528041,5,5,1,TW,0
https://openalex.org/W2075552239,1,1,0,,0
https://openalex.org/W2075573295,3,3,1,IT,0
https://openalex.org/W2075574942,2,2,1,JP,0
https://openalex.org/W2075581939,3,3,1,TW,0
https://openalex.org/W2075593892,3,3,1,CN,0
https://openalex.org/W2075607127,11,11,2,"CA,JP",1
https://openalex.org/W2075633074,4,4,1,US,0
https://openalex.org/W2075636260,2,2,1,JP,0
https://openalex.org/W2075647469,3,3,1,US,0
https://openalex.org/W2075667972,7,7,1,CN,0
https://openalex.org/W2075688675,3,3,1,JP,0
https://openalex.org/W2075704623,1,1,0,,0
https://openalex.org/W2075715659,6,13,3,"AU,CN,JP",1
https://openalex.org/W2075757500,5,5,2,"CA,JP",1
https://openalex.org/W2075770302,3,3,1,JP,0
https://openalex.org/W2075783904,5,5,1,TW,0
https://openalex.org/W2075827306,2,2,1,CN,0
https://openalex.org/W2075889302,1,1,0,,0
https://openalex.org/W2075904488,4,4,2,"CH,FR",1
https://openalex.org/W2075942859,4,4,2,"GB,PL",1
https://openalex.org/W2075990247,4,4,1,SE,0
https://openalex.org/W2076013791,4,4,1,CH,0
https://openalex.org/W2076014404,3,3,1,JP,0
https://openalex.org/W2076015863,9,9,1,CN,0
https://openalex.org/W2076016288,4,4,1,KR,0
https://openalex.org/W2076077968,6,7,1,CN,0
https://openalex.org/W2076079773,4,4,1,SE,0
https://openalex.org/W2076098908,3,7,2,"AU,CN",1
https://openalex.org/W2076117654,3,3,1,DE,0
https://openalex.org/W2076145153,2,2,2,"JP,SK",1
https://openalex.org/W2076177390,2,2,1,DE,0
https://openalex.org/W2076202572,3,3,3,"DE,GB,US",1
https://openalex.org/W2076231209,6,12,1,RU,0
https://openalex.org/W2076238271,2,2,1,GB,0
https://openalex.org/W2076266403,3,3,1,IT,0
https://openalex.org/W2076280038,7,7,1,JP,0
https://openalex.org/W2076296357,7,7,1,JP,0
https://openalex.org/W2076361909,6,6,0,,0
https://openalex.org/W2076383226,5,5,2,"CN,US",1
https://openalex.org/W2076389414,3,3,1,NL,0
https://openalex.org/W2076401220,2,2,2,"DE,TR",1
https://openalex.org/W2076427366,3,3,1,US,0
https://openalex.org/W2076484032,6,6,1,IL,0
https://openalex.org/W2076498075,1,1,0,,0
https://openalex.org/W2076499135,10,10,1,US,0
https://openalex.org/W2076500367,4,5,1,JP,0
https://openalex.org/W2076500914,1,1,0,,0
https://openalex.org/W2076525477,3,3,1,US,0
https://openalex.org/W2076561101,5,5,1,RU,0
https://openalex.org/W2076594225,5,5,1,FR,0
https://openalex.org/W2076606880,3,3,1,JP,0
https://openalex.org/W2076633458,4,4,1,BE,0
https://openalex.org/W2076637909,3,4,3,"CH,DE,US",1
https://openalex.org/W2076662202,4,4,2,"CN,US",1
https://openalex.org/W2076675401,1,1,0,,0
https://openalex.org/W2076689625,8,8,1,JP,0
https://openalex.org/W2076690983,3,3,1,TW,0
https://openalex.org/W2076725394,9,9,3,"CH,CZ,DE",1
https://openalex.org/W2076754735,3,8,3,"AT,DE,FR",1
https://openalex.org/W2076777289,7,7,1,JP,0
https://openalex.org/W2076808510,2,2,1,CA,0
https://openalex.org/W2076843577,4,4,1,TW,0
https://openalex.org/W2076881586,2,2,1,GB,0
https://openalex.org/W2076882216,1,1,0,,0
https://openalex.org/W2076927135,2,2,0,,0
https://openalex.org/W2076956468,3,3,1,ES,0
https://openalex.org/W2076965875,8,8,1,GB,0
https://openalex.org/W2076966972,1,1,0,,0
https://openalex.org/W2076981808,7,7,2,"DE,PL",1
https://openalex.org/W2077004980,3,3,1,FR,0
https://openalex.org/W2077012117,2,3,1,US,0
https://openalex.org/W2077033397,8,8,1,JP,0
https://openalex.org/W2077034643,4,4,1,KR,0
https://openalex.org/W2077054326,4,4,1,JP,0
https://openalex.org/W2077064255,1,1,0,,0
https://openalex.org/W2077104443,3,3,1,GB,0
https://openalex.org/W2077106063,2,2,1,AT,0
https://openalex.org/W2077110826,2,2,1,SG,0
https://openalex.org/W2077118386,3,3,2,"GB,US",1
https://openalex.org/W2077125422,3,3,1,US,0
https://openalex.org/W2077153866,2,2,1,IT,0
https://openalex.org/W2077155370,2,2,1,CA,0
https://openalex.org/W2077176874,1,1,0,,0
https://openalex.org/W2077188394,3,3,1,KR,0
https://openalex.org/W2077207263,7,7,1,UA,0
https://openalex.org/W2077209418,16,16,4,"BE,ES,JP,RU",1
https://openalex.org/W2077222229,1,1,0,,0
https://openalex.org/W2077252184,6,6,1,JP,0
https://openalex.org/W2077282488,2,2,1,TW,0
https://openalex.org/W2077301210,4,8,1,CN,0
https://openalex.org/W2077349804,6,6,1,SK,0
https://openalex.org/W2077356234,3,3,1,IN,0
https://openalex.org/W2077364653,7,7,1,US,0
https://openalex.org/W2077382583,4,4,1,US,0
https://openalex.org/W2077413643,4,4,1,RO,0
https://openalex.org/W2077431829,4,4,1,JP,0
https://openalex.org/W2077446133,6,6,1,NO,0
https://openalex.org/W2077503857,5,5,2,"AT,IT",1
https://openalex.org/W2077506160,3,3,1,KR,0
https://openalex.org/W2077566993,2,2,1,JP,0
https://openalex.org/W2077574071,4,8,1,FR,0
https://openalex.org/W2077612780,7,7,2,"JP,UA",1
https://openalex.org/W2077649468,7,8,1,KR,0
https://openalex.org/W2077652289,3,3,1,JP,0
https://openalex.org/W2077654815,2,2,1,DE,0
https://openalex.org/W2077685582,5,5,1,AU,0
https://openalex.org/W2077701441,2,2,1,SG,0
https://openalex.org/W2077730374,2,2,1,PL,0
https://openalex.org/W2077731657,5,5,1,DE,0
https://openalex.org/W2077737772,3,4,1,JP,0
https://openalex.org/W2077749534,1,1,0,,0
https://openalex.org/W2077757824,6,6,1,DE,0
https://openalex.org/W2077762263,5,5,1,JP,0
https://openalex.org/W2077799365,3,3,2,"CN,DE",1
https://openalex.org/W2077814666,3,3,1,CN,0
https://openalex.org/W2077817606,5,5,1,JP,0
https://openalex.org/W2077829113,5,6,2,"AU,CN",1
https://openalex.org/W2077848488,6,6,1,KR,0
https://openalex.org/W2077856809,2,2,1,NL,0
https://openalex.org/W2077913045,9,9,1,RU,0
https://openalex.org/W2077916969,5,5,1,CN,0
https://openalex.org/W2077928453,2,2,1,GB,0
https://openalex.org/W2077968916,4,4,1,CN,0
https://openalex.org/W2077999097,2,2,2,"DK,US",1
https://openalex.org/W2078008009,5,6,1,DE,0
https://openalex.org/W2078018591,4,4,1,MX,0
https://openalex.org/W2078061764,3,3,0,,0
https://openalex.org/W2078068387,9,17,2,"CN,HK",1
https://openalex.org/W2078167494,5,5,2,"GB,US",1
https://openalex.org/W2078171728,5,5,1,EG,0
https://openalex.org/W2078223509,1,2,0,,0
https://openalex.org/W2078228615,3,3,1,PL,0
https://openalex.org/W2078244658,3,4,2,"FR,MA",1
https://openalex.org/W2078253258,4,4,1,TW,0
https://openalex.org/W2078289325,4,4,1,NL,0
https://openalex.org/W2078296544,4,5,1,JP,0
https://openalex.org/W2078297861,2,2,1,JP,0
https://openalex.org/W2078299139,2,2,1,IL,0
https://openalex.org/W2078353515,3,3,1,KR,0
https://openalex.org/W2078360154,4,4,1,FR,0
https://openalex.org/W2078375571,7,7,1,DE,0
https://openalex.org/W2078386533,9,9,1,JP,0
https://openalex.org/W2078437092,11,13,5,"DE,JP,RU,UA,US",1
https://openalex.org/W2078439761,1,2,0,,0
https://openalex.org/W2078467372,1,1,0,,0
https://openalex.org/W2078489547,4,4,1,CZ,0
https://openalex.org/W2078518204,2,2,1,BY,0
https://openalex.org/W2078518526,4,8,1,FR,0
https://openalex.org/W2078524420,2,2,1,PL,0
https://openalex.org/W2078529394,3,3,1,US,0
https://openalex.org/W2078587696,3,3,1,US,0
https://openalex.org/W2078606652,2,6,1,FR,0
https://openalex.org/W2078637033,2,2,1,AU,0
https://openalex.org/W2078653494,3,3,1,IN,0
https://openalex.org/W2078669099,2,2,1,DE,0
https://openalex.org/W2078708976,8,8,1,JP,0
https://openalex.org/W2078762666,2,2,1,US,0
https://openalex.org/W2078773407,4,4,1,UA,0
https://openalex.org/W2078778360,6,12,1,CN,0
https://openalex.org/W2078791604,3,6,1,CN,0
https://openalex.org/W2078805281,4,5,2,"BG,US",1
https://openalex.org/W2078827871,4,4,1,JP,0
https://openalex.org/W2078885310,2,2,1,IN,0
https://openalex.org/W2078887477,4,4,1,RU,0
https://openalex.org/W2078901646,5,5,1,CN,0
https://openalex.org/W2078923851,3,3,1,CN,0
https://openalex.org/W2078927970,5,5,1,GB,0
https://openalex.org/W2078942377,7,7,1,JP,0
https://openalex.org/W2079072632,3,3,1,RU,0
https://openalex.org/W2079133493,7,7,1,BR,0
https://openalex.org/W2079134785,4,4,1,CN,0
https://openalex.org/W2079136477,3,3,1,DE,0
https://openalex.org/W2079196788,5,5,1,US,0
https://openalex.org/W2079240819,2,2,1,NL,0
https://openalex.org/W2079251801,6,7,2,"AT,GR",1
https://openalex.org/W2079304374,6,8,2,"FR,GB",1
https://openalex.org/W2079343959,3,3,1,JP,0
https://openalex.org/W2079392966,4,4,1,TW,0
https://openalex.org/W2079410769,2,2,1,DE,0
https://openalex.org/W2079415088,6,9,1,US,0
https://openalex.org/W2079428297,2,2,0,,0
https://openalex.org/W2079444839,2,4,1,FR,0
https://openalex.org/W2079479432,6,6,1,CH,0
https://openalex.org/W2079493868,4,4,2,"CN,JP",1
https://openalex.org/W2079498589,2,2,1,GB,0
https://openalex.org/W2079513050,3,3,2,"FI,PL",1
https://openalex.org/W2079533268,8,9,4,"CZ,FR,IT,JP",1
https://openalex.org/W2079548803,3,4,2,"ES,FR",1
https://openalex.org/W2079551693,7,7,1,CH,0
https://openalex.org/W2079562280,3,3,1,CH,0
https://openalex.org/W2079598812,4,4,1,US,0
https://openalex.org/W2079609894,4,8,1,US,0
https://openalex.org/W2079723611,4,4,1,PL,0
https://openalex.org/W2079738594,3,3,1,US,0
https://openalex.org/W2079776398,10,15,1,JP,0
https://openalex.org/W2079792383,3,3,1,PL,0
https://openalex.org/W2079800579,6,9,1,JP,0
https://openalex.org/W2079810317,45,45,3,"IT,KR,RU",1
https://openalex.org/W2079815477,5,5,1,CN,0
https://openalex.org/W2079834734,2,2,1,BR,0
https://openalex.org/W2079838551,6,6,1,DE,0
https://openalex.org/W2079861052,8,8,1,AU,0
https://openalex.org/W2079891472,5,5,1,CN,0
https://openalex.org/W2079891503,4,4,1,JP,0
https://openalex.org/W2079921412,2,2,1,DE,0
https://openalex.org/W2079933654,3,3,1,AU,0
https://openalex.org/W2079964288,8,8,3,"FR,IT,US",1
https://openalex.org/W2080023182,4,4,1,DE,0
https://openalex.org/W2080043475,3,3,1,FR,0
https://openalex.org/W2080082476,7,13,2,"FI,FR",1
https://openalex.org/W2080088846,3,3,1,TW,0
https://openalex.org/W2080100604,4,4,0,,0
https://openalex.org/W2080103400,4,4,1,HU,0
https://openalex.org/W2080104052,2,2,1,US,0
https://openalex.org/W2080124723,7,12,2,"HU,IT",1
https://openalex.org/W2080128283,3,3,1,JP,0
https://openalex.org/W2080131873,3,9,1,FR,0
https://openalex.org/W2080151533,3,3,2,"IL,RU",1
https://openalex.org/W2080161778,1,1,0,,0
https://openalex.org/W2080185476,3,9,1,IN,0
https://openalex.org/W2080210760,4,4,1,HK,0
https://openalex.org/W2080211147,4,4,2,"DE,TH",1
https://openalex.org/W2080262525,3,3,1,GB,0
https://openalex.org/W2080266683,2,2,1,IN,0
https://openalex.org/W2080300002,4,4,1,ES,0
https://openalex.org/W2080301040,4,5,2,"CN,US",1
https://openalex.org/W2080308497,1,1,0,,0
https://openalex.org/W2080314930,3,3,1,KR,0
https://openalex.org/W2080358701,7,7,1,RU,0
https://openalex.org/W2080372666,1,1,0,,0
https://openalex.org/W2080400119,2,2,1,IN,0
https://openalex.org/W2080402948,4,4,1,US,0
https://openalex.org/W2080408869,3,3,1,UA,0
https://openalex.org/W2080428604,7,8,1,US,0
https://openalex.org/W2080442329,6,12,1,CN,0
https://openalex.org/W2080471427,3,3,1,TR,0
https://openalex.org/W2080482296,2,3,1,CN,0
https://openalex.org/W2080483437,4,4,1,MX,0
https://openalex.org/W2080487037,4,4,0,,0
https://openalex.org/W2080494212,2,2,1,JP,0
https://openalex.org/W2080519630,18,22,2,"JP,US",1
https://openalex.org/W2080577972,4,4,1,BE,0
https://openalex.org/W2080583172,3,3,2,"CN,HK",1
https://openalex.org/W2080618638,2,2,1,KR,0
https://openalex.org/W2080654216,2,2,2,"TR,US",1
https://openalex.org/W2080658292,6,6,2,"KR,US",1
https://openalex.org/W2080687572,1,1,0,,0
https://openalex.org/W2080756222,2,2,1,AU,0
https://openalex.org/W2080816730,5,5,1,GB,0
https://openalex.org/W2080866935,3,3,1,KR,0
https://openalex.org/W2080867500,4,4,1,JP,0
https://openalex.org/W2080894391,7,11,1,FR,0
https://openalex.org/W2080903172,3,3,1,TW,0
https://openalex.org/W2080945138,11,11,1,IT,0
https://openalex.org/W2080951589,3,3,2,"CA,US",1
https://openalex.org/W2080955475,5,5,0,,0
https://openalex.org/W2080959034,2,2,1,BE,0
https://openalex.org/W2080991905,5,5,1,JP,0
https://openalex.org/W2081045405,5,5,1,JP,0
https://openalex.org/W2081048491,3,3,1,BG,0
https://openalex.org/W2081066488,5,5,1,KR,0
https://openalex.org/W2081108573,7,7,1,RU,0
https://openalex.org/W2081109901,8,8,1,JP,0
https://openalex.org/W2081149204,8,8,1,GB,0
https://openalex.org/W2081185180,7,7,2,"CH,DE",1
https://openalex.org/W2081202693,4,5,1,JP,0
https://openalex.org/W2081286339,4,4,2,"JP,KR",1
https://openalex.org/W2081288400,2,2,1,GB,0
https://openalex.org/W2081307013,7,8,3,"MX,RS,UA",1
https://openalex.org/W2081312181,7,7,1,KR,0
https://openalex.org/W2081324544,1,2,0,,0
https://openalex.org/W2081390546,2,2,1,CA,0
https://openalex.org/W2081396625,1,1,0,,0
https://openalex.org/W2081499511,6,6,1,US,0
https://openalex.org/W2081594547,1,1,0,,0
https://openalex.org/W2081605592,8,8,1,ES,0
https://openalex.org/W2081615710,3,3,0,,0
https://openalex.org/W2081622096,1,1,0,,0
https://openalex.org/W2081637506,5,5,1,US,0
https://openalex.org/W2081641611,6,6,1,SG,0
https://openalex.org/W2081680605,2,2,1,JP,0
https://openalex.org/W2081705147,3,9,1,IN,0
https://openalex.org/W2081752738,6,6,2,"RU,UA",1
https://openalex.org/W2081762978,7,10,1,US,0
https://openalex.org/W2081766666,6,7,1,CN,0
https://openalex.org/W2081808910,3,6,1,SE,0
https://openalex.org/W2081818426,3,3,2,"GB,TH",1
https://openalex.org/W2081831959,6,6,1,JP,0
https://openalex.org/W2081852225,4,4,1,CN,0
https://openalex.org/W2081858659,2,2,1,MX,0
https://openalex.org/W2081875486,3,3,1,EG,0
https://openalex.org/W2081878151,2,2,0,,0
https://openalex.org/W2081906361,5,5,2,"DE,IR",1
https://openalex.org/W2081916758,3,3,1,JP,0
https://openalex.org/W2081947532,2,4,1,AU,0
https://openalex.org/W2081958721,4,4,1,TW,0
https://openalex.org/W2081979069,1,1,0,,0
https://openalex.org/W2082043196,5,5,1,IR,0
https://openalex.org/W2082052549,2,2,1,PL,0
https://openalex.org/W2082055928,3,3,1,ES,0
https://openalex.org/W2082072268,17,17,1,JP,0
https://openalex.org/W2082080728,4,4,2,"AT,SE",1
https://openalex.org/W2082087717,6,6,1,IT,0
https://openalex.org/W2082114529,2,2,1,US,0
https://openalex.org/W2082128534,4,4,1,JP,0
https://openalex.org/W2082203175,6,6,1,US,0
https://openalex.org/W2082227743,3,3,1,JP,0
https://openalex.org/W2082294038,3,3,1,HR,0
https://openalex.org/W2082309263,4,4,1,DE,0
https://openalex.org/W2082332616,4,4,1,CN,0
https://openalex.org/W2082336785,3,3,1,CN,0
https://openalex.org/W2082381296,4,4,1,US,0
https://openalex.org/W2082437135,2,2,1,US,0
https://openalex.org/W2082441598,3,6,1,CN,0
https://openalex.org/W2082443418,3,3,1,CN,0
https://openalex.org/W2082456092,3,3,1,CN,0
https://openalex.org/W2082473760,7,7,0,,0
https://openalex.org/W2082546084,4,4,2,"GB,RU",1
https://openalex.org/W2082585855,2,2,1,RU,0
https://openalex.org/W2082610506,5,5,1,GB,0
https://openalex.org/W2082659611,3,3,1,US,0
https://openalex.org/W2082660120,4,4,1,PT,0
https://openalex.org/W2082674913,10,11,1,US,0
https://openalex.org/W2082687430,6,6,1,JP,0
https://openalex.org/W2082693388,5,5,1,PL,0
https://openalex.org/W2082749356,4,4,1,KR,0
https://openalex.org/W2082771480,4,5,4,"AT,DE,NL,RU",1
https://openalex.org/W2082776059,8,10,1,FR,0
https://openalex.org/W2082792213,9,9,1,JP,0
https://openalex.org/W2082832574,4,4,1,JP,0
https://openalex.org/W2082885157,1,1,0,,0
https://openalex.org/W2082900274,2,2,1,US,0
https://openalex.org/W2082916721,4,4,1,DE,0
https://openalex.org/W2082927707,4,4,1,JP,0
https://openalex.org/W2082942279,3,3,1,ES,0
https://openalex.org/W2082956959,2,2,1,DZ,0
https://openalex.org/W2082970665,3,3,1,GB,0
https://openalex.org/W2082977536,5,5,1,GB,0
https://openalex.org/W2083036450,4,4,2,"KR,US",1
https://openalex.org/W2083054364,3,3,1,ES,0
https://openalex.org/W2083064279,3,3,1,CA,0
https://openalex.org/W2083086133,4,5,2,"KR,US",1
https://openalex.org/W2083118989,5,5,1,US,0
https://openalex.org/W2083147785,8,12,1,DE,0
https://openalex.org/W2083181915,1,1,0,,0
https://openalex.org/W2083190144,3,3,1,JP,0
https://openalex.org/W2083228315,3,3,1,TH,0
https://openalex.org/W2083228528,2,2,1,US,0
https://openalex.org/W2083244549,4,4,0,,0
https://openalex.org/W2083247300,25,25,1,RU,0
https://openalex.org/W2083272667,5,5,1,US,0
https://openalex.org/W2083282690,2,2,1,US,0
https://openalex.org/W2083292850,2,2,1,AM,0
https://openalex.org/W2083305595,3,3,1,TW,0
https://openalex.org/W2083314534,2,2,1,DK,0
https://openalex.org/W2083351080,4,4,1,DE,0
https://openalex.org/W2083370103,4,4,1,SG,0
https://openalex.org/W2083384595,5,6,1,CN,0
https://openalex.org/W2083416734,4,4,1,GB,0
https://openalex.org/W2083452972,2,2,0,,0
https://openalex.org/W2083464696,7,7,1,DE,0
https://openalex.org/W2083470013,6,6,1,CN,0
https://openalex.org/W2083485151,5,5,0,,0
https://openalex.org/W2083549960,1,1,0,,0
https://openalex.org/W2083559991,3,3,1,CN,0
https://openalex.org/W2083599293,7,7,1,JP,0
https://openalex.org/W2083600942,9,9,1,JP,0
https://openalex.org/W2083617708,5,5,0,,0
https://openalex.org/W2083636783,10,10,1,BE,0
https://openalex.org/W2083655592,10,10,2,"GB,US",1
https://openalex.org/W2083667500,6,6,1,CA,0
https://openalex.org/W2083699080,2,2,1,FR,0
https://openalex.org/W2083789669,6,6,1,KR,0
https://openalex.org/W2083808545,3,3,1,KR,0
https://openalex.org/W2083814618,3,3,2,"CN,JP",1
https://openalex.org/W2083818882,6,11,2,"DE,IT",1
https://openalex.org/W2083829400,5,5,1,JP,0
https://openalex.org/W2083829810,1,1,0,,0
https://openalex.org/W2083833685,5,5,1,SG,0
https://openalex.org/W2083852610,10,10,1,IT,0
https://openalex.org/W2083855828,6,6,0,,0
https://openalex.org/W2083866695,3,3,1,GR,0
https://openalex.org/W2083892047,3,3,2,"FR,PL",1
https://openalex.org/W2083901230,5,6,1,CN,0
https://openalex.org/W2083935495,5,5,1,NL,0
https://openalex.org/W2083979128,4,4,1,IT,0
https://openalex.org/W2084029568,1,2,0,,0
https://openalex.org/W2084065582,3,3,2,"DE,RU",1
https://openalex.org/W2084068214,2,2,1,DE,0
https://openalex.org/W2084069635,2,2,1,JP,0
https://openalex.org/W2084083486,5,9,1,HU,0
https://openalex.org/W2084090416,3,3,0,,0
https://openalex.org/W2084110757,3,3,1,AT,0
https://openalex.org/W2084167683,6,7,1,JP,0
https://openalex.org/W2084183429,1,1,0,,0
https://openalex.org/W2084189204,4,4,1,ES,0
https://openalex.org/W2084235660,7,7,1,US,0
https://openalex.org/W2084249910,7,7,1,KR,0
https://openalex.org/W2084249996,4,4,1,TW,0
https://openalex.org/W2084259986,4,5,1,US,0
https://openalex.org/W2084271368,5,5,1,JP,0
https://openalex.org/W2084272853,1,1,0,,0
https://openalex.org/W2084277917,8,8,1,KR,0
https://openalex.org/W2084280234,4,4,0,,0
https://openalex.org/W2084296622,2,2,1,GB,0
https://openalex.org/W2084353158,5,5,1,CN,0
https://openalex.org/W2084447646,3,3,1,GB,0
https://openalex.org/W2084450590,8,8,1,CN,0
https://openalex.org/W2084456310,1,1,0,,0
https://openalex.org/W2084478014,3,3,1,CZ,0
https://openalex.org/W2084505402,8,16,1,AU,0
https://openalex.org/W2084507060,7,7,1,JP,0
https://openalex.org/W2084510386,1,1,0,,0
https://openalex.org/W2084565953,8,14,1,JP,0
https://openalex.org/W2084589605,2,2,1,TW,0
https://openalex.org/W2084590588,1,1,0,,0
https://openalex.org/W2084594240,1,1,0,,0
https://openalex.org/W2084601625,4,6,1,CN,0
https://openalex.org/W2084613433,1,1,0,,0
https://openalex.org/W2084661957,6,6,1,JP,0
https://openalex.org/W2084680873,3,3,1,US,0
https://openalex.org/W2084758967,6,6,2,"AU,GB",1
https://openalex.org/W2084798416,6,12,1,CN,0
https://openalex.org/W2084802540,5,5,2,"KR,US",1
https://openalex.org/W2084807859,2,4,1,IR,0
https://openalex.org/W2084841380,4,5,2,"CN,HK",1
https://openalex.org/W2084849398,2,2,1,ZA,0
https://openalex.org/W2084859264,2,2,1,IN,0
https://openalex.org/W2084860310,2,2,2,"IN,YE",1
https://openalex.org/W2084865830,1,1,0,,0
https://openalex.org/W2084866529,3,3,1,JP,0
https://openalex.org/W2084878781,1,1,0,,0
https://openalex.org/W2084887132,5,9,2,"AU,HK",1
https://openalex.org/W2084910612,2,2,1,JP,0
https://openalex.org/W2084999896,5,5,1,IT,0
https://openalex.org/W2085012098,2,2,1,DE,0
https://openalex.org/W2085065236,5,5,1,PT,0
https://openalex.org/W2085094339,1,1,0,,0
https://openalex.org/W2085102823,5,5,1,US,0
https://openalex.org/W2085109558,12,12,1,ES,0
https://openalex.org/W2085115713,6,7,1,DE,0
https://openalex.org/W2085125184,6,6,1,HU,0
https://openalex.org/W2085142560,4,5,1,HU,0
https://openalex.org/W2085171411,2,2,1,US,0
https://openalex.org/W2085178843,1,1,0,,0
https://openalex.org/W2085182481,4,4,2,"CN,DE",1
https://openalex.org/W2085185766,4,4,1,IL,0
https://openalex.org/W2085190601,5,5,1,JP,0
https://openalex.org/W2085203511,3,3,1,CN,0
https://openalex.org/W2085243584,6,8,2,"CN,DE",1
https://openalex.org/W2085244857,6,6,1,JP,0
https://openalex.org/W2085268670,8,8,1,JP,0
https://openalex.org/W2085287463,5,5,1,KR,0
https://openalex.org/W2085332746,6,6,1,DE,0
https://openalex.org/W2085346120,4,5,1,CN,0
https://openalex.org/W2085427032,10,10,1,IT,0
https://openalex.org/W2085464836,2,2,1,IN,0
https://openalex.org/W2085467316,5,5,2,"IT,RU",1
https://openalex.org/W2085471916,3,3,1,DE,0
https://openalex.org/W2085507657,4,4,1,HR,0
https://openalex.org/W2085514413,5,5,1,IT,0
https://openalex.org/W2085533270,9,11,1,JP,0
https://openalex.org/W2085534789,4,8,1,US,0
https://openalex.org/W2085605867,3,3,1,ES,0
https://openalex.org/W2085646932,5,5,1,NG,0
https://openalex.org/W2085659603,6,6,1,IN,0
https://openalex.org/W2085674196,5,5,1,CN,0
https://openalex.org/W2085674708,1,1,0,,0
https://openalex.org/W2085676568,2,2,2,"IT,US",1
https://openalex.org/W2085683544,4,4,1,RO,0
https://openalex.org/W2085710357,3,3,1,IR,0
https://openalex.org/W2085723687,3,3,1,AU,0
https://openalex.org/W2085778699,4,4,1,IN,0
https://openalex.org/W2085829489,9,9,1,RU,0
https://openalex.org/W2085884504,3,3,1,RU,0
https://openalex.org/W2085916871,3,3,1,IL,0
https://openalex.org/W2085924277,1,1,0,,0
https://openalex.org/W2085926291,1,1,0,,0
https://openalex.org/W2085927614,2,2,1,IN,0
https://openalex.org/W2085942634,2,2,1,RU,0
https://openalex.org/W2085961917,3,4,1,US,0
https://openalex.org/W2085976646,5,5,1,JP,0
https://openalex.org/W2085992995,5,5,1,US,0
https://openalex.org/W2085998854,4,4,2,"DE,IN",1
https://openalex.org/W2086004564,4,4,1,PL,0
https://openalex.org/W2086041849,2,2,1,UA,0
https://openalex.org/W2086044788,1,1,0,,0
https://openalex.org/W2086046928,2,2,1,JP,0
https://openalex.org/W2086056680,7,7,1,JP,0
https://openalex.org/W2086076908,6,6,1,US,0
https://openalex.org/W2086088064,4,4,1,PT,0
https://openalex.org/W2086096902,5,5,1,JP,0
https://openalex.org/W2086099989,5,8,1,FR,0
https://openalex.org/W2086132749,3,3,1,MX,0
https://openalex.org/W2086137108,5,5,3,"CA,CN,FI",1
https://openalex.org/W2086165985,5,5,1,CN,0
https://openalex.org/W2086170640,5,6,2,"CN,US",1
https://openalex.org/W2086171044,5,5,1,JP,0
https://openalex.org/W2086173745,8,14,1,JP,0
https://openalex.org/W2086173891,4,4,1,DE,0
https://openalex.org/W2086184678,5,5,2,"PL,RU",1
https://openalex.org/W2086242611,6,14,1,FR,0
https://openalex.org/W2086291720,5,5,1,US,0
https://openalex.org/W2086314161,6,6,2,"FI,SE",1
https://openalex.org/W2086331190,4,4,0,,0
https://openalex.org/W2086376080,2,2,1,PT,0
https://openalex.org/W2086376859,1,2,0,,0
https://openalex.org/W2086383391,3,3,1,JP,0
https://openalex.org/W2086383443,4,6,2,"GB,US",1
https://openalex.org/W2086387989,4,6,2,"JP,NL",1
https://openalex.org/W2086399296,5,7,2,"AR,JP",1
https://openalex.org/W2086399830,1,1,0,,0
https://openalex.org/W2086404080,8,13,1,JP,0
https://openalex.org/W2086413118,2,2,1,AU,0
https://openalex.org/W2086415304,3,3,1,IR,0
https://openalex.org/W2086461725,2,2,1,TW,0
https://openalex.org/W2086467596,1,2,0,,0
https://openalex.org/W2086494914,2,2,1,PL,0
https://openalex.org/W2086507630,4,4,1,JP,0
https://openalex.org/W2086512499,3,3,1,IN,0
https://openalex.org/W2086513375,4,8,1,CN,0
https://openalex.org/W2086516808,2,2,2,"MX,US",1
https://openalex.org/W2086560207,4,5,2,"DE,JP",1
https://openalex.org/W2086576485,2,2,1,KR,0
https://openalex.org/W2086584806,6,7,2,"BG,FR",1
https://openalex.org/W2086602864,5,5,1,SE,0
https://openalex.org/W2086630325,3,3,1,TR,0
https://openalex.org/W2086655532,1,1,0,,0
https://openalex.org/W2086675670,2,2,1,DE,0
https://openalex.org/W2086680673,5,5,2,"DE,RU",1
https://openalex.org/W2086702789,4,4,1,JP,0
https://openalex.org/W2086711153,2,3,1,HU,0
https://openalex.org/W2086724328,1,1,0,,0
https://openalex.org/W2086793793,2,2,1,HU,0
https://openalex.org/W2086794939,3,3,1,ES,0
https://openalex.org/W2086799379,6,6,1,TW,0
https://openalex.org/W2086807296,6,6,1,AU,0
https://openalex.org/W2086839989,3,3,1,JP,0
https://openalex.org/W2086842132,7,7,1,JP,0
https://openalex.org/W2086849775,7,7,1,JP,0
https://openalex.org/W2086865690,8,8,2,"TW,US",1
https://openalex.org/W2086871640,7,7,1,GB,0
https://openalex.org/W2086881677,6,6,1,IT,0
https://openalex.org/W2086887967,7,7,1,DE,0
https://openalex.org/W2086889582,4,4,2,"GB,IN",1
https://openalex.org/W2086891510,4,4,1,CN,0
https://openalex.org/W2086911320,4,4,2,"SG,US",1
https://openalex.org/W2086920034,4,4,1,JP,0
https://openalex.org/W2086920118,4,4,1,KR,0
https://openalex.org/W2086920456,3,3,1,DE,0
https://openalex.org/W2086993312,1,1,0,,0
https://openalex.org/W2087038959,3,3,1,IN,0
https://openalex.org/W2087047914,3,3,1,JP,0
https://openalex.org/W2087070694,2,2,1,US,0
https://openalex.org/W2087072434,4,4,1,JP,0
https://openalex.org/W2087075256,3,3,1,NL,0
https://openalex.org/W2087081824,5,5,1,JP,0
https://openalex.org/W2087083116,4,4,3,"GB,NL,PT",1
https://openalex.org/W2087157281,3,3,1,ES,0
https://openalex.org/W2087193594,4,4,3,"CN,DE,GB",1
https://openalex.org/W2087242865,6,6,1,GR,0
https://openalex.org/W2087245942,1,1,0,,0
https://openalex.org/W2087250392,4,4,1,JP,0
https://openalex.org/W2087260500,2,2,1,RU,0
https://openalex.org/W2087274985,4,4,1,KR,0
https://openalex.org/W2087283376,2,2,1,NZ,0
https://openalex.org/W2087289216,13,14,1,US,0
https://openalex.org/W2087289892,1,2,0,,0
https://openalex.org/W2087290979,5,5,1,JP,0
https://openalex.org/W2087386561,3,3,1,IN,0
https://openalex.org/W2087440485,3,3,1,US,0
https://openalex.org/W2087474479,5,5,1,JP,0
https://openalex.org/W2087518336,6,6,1,JP,0
https://openalex.org/W2087523698,6,6,2,"IN,US",1
https://openalex.org/W2087553554,2,2,1,PL,0
https://openalex.org/W2087587598,2,2,1,JP,0
https://openalex.org/W2087668142,4,4,1,CN,0
https://openalex.org/W2087675802,6,6,1,CN,0
https://openalex.org/W2087680822,5,5,1,RO,0
https://openalex.org/W2087682659,2,2,1,IN,0
https://openalex.org/W2087778607,2,2,1,IN,0
https://openalex.org/W2087832596,7,7,1,IN,0
https://openalex.org/W2087837969,4,7,1,US,0
https://openalex.org/W2087840242,4,4,1,JP,0
https://openalex.org/W2087887558,3,5,1,FR,0
https://openalex.org/W2087894038,2,2,1,JP,0
https://openalex.org/W2087906232,5,5,1,KR,0
https://openalex.org/W2087917973,7,7,1,RU,0
https://openalex.org/W2087926846,4,4,1,DE,0
https://openalex.org/W2087953209,9,9,1,JP,0
https://openalex.org/W2087957428,1,1,0,,0
https://openalex.org/W2087961536,4,8,1,US,0
https://openalex.org/W2087973591,3,9,1,IN,0
https://openalex.org/W2087992648,10,10,0,,0
https://openalex.org/W2088005915,2,2,1,GB,0
https://openalex.org/W2088025341,9,18,1,CN,0
https://openalex.org/W2088080187,10,11,1,JP,0
https://openalex.org/W2088087819,4,4,1,ES,0
https://openalex.org/W2088103773,5,5,1,GR,0
https://openalex.org/W2088115901,1,1,0,,0
https://openalex.org/W2088119298,4,4,1,TW,0
https://openalex.org/W2088123203,4,4,1,DE,0
https://openalex.org/W2088127702,4,4,1,US,0
https://openalex.org/W2088128304,7,7,1,JP,0
https://openalex.org/W2088141778,3,3,2,"JP,SE",1
https://openalex.org/W2088147148,2,2,1,BE,0
https://openalex.org/W2088147284,4,4,1,FR,0
https://openalex.org/W2088155539,6,6,1,DE,0
https://openalex.org/W2088164542,3,3,1,IN,0
https://openalex.org/W2088213813,4,4,0,,0
https://openalex.org/W2088220531,4,4,1,CN,0
https://openalex.org/W2088231820,6,6,1,GB,0
https://openalex.org/W2088235146,5,5,1,US,0
https://openalex.org/W2088252249,4,4,1,IT,0
https://openalex.org/W2088252517,3,5,1,FR,0
https://openalex.org/W2088275373,7,7,3,"DE,RU,US",1
https://openalex.org/W2088286970,3,3,1,RU,0
https://openalex.org/W2088293200,6,6,1,US,0
https://openalex.org/W2088296085,4,4,1,ES,0
https://openalex.org/W2088323654,10,10,0,,0
https://openalex.org/W2088333467,5,5,1,RU,0
https://openalex.org/W2088341452,7,7,1,CN,0
https://openalex.org/W2088346465,7,13,1,RU,0
https://openalex.org/W2088354143,5,5,1,DE,0
https://openalex.org/W2088354310,5,5,1,IN,0
https://openalex.org/W2088383472,5,5,1,CN,0
https://openalex.org/W2088390073,6,6,2,"BR,DE",1
https://openalex.org/W2088427126,1,1,0,,0
https://openalex.org/W2088438563,5,5,1,GB,0
https://openalex.org/W2088458015,3,7,1,FR,0
https://openalex.org/W2088458504,2,2,1,AT,0
https://openalex.org/W2088462545,9,9,2,"CZ,ES",1
https://openalex.org/W2088481038,5,5,2,"CH,FR",1
https://openalex.org/W2088485772,1,1,0,,0
https://openalex.org/W2088496154,7,8,2,"ES,UY",1
https://openalex.org/W2088553534,4,4,1,IT,0
https://openalex.org/W2088566121,4,4,1,TR,0
https://openalex.org/W2088570563,5,5,3,"DE,FR,IT",1
https://openalex.org/W2088580587,6,6,1,JP,0
https://openalex.org/W2088593378,5,5,1,KR,0
https://openalex.org/W2088608843,5,11,1,CN,0
https://openalex.org/W2088635565,4,4,3,"DE,GR,JP",1
https://openalex.org/W2088640952,4,6,3,"BG,DE,ES",1
https://openalex.org/W2088662394,6,6,1,KR,0
https://openalex.org/W2088669691,3,3,1,JP,0
https://openalex.org/W2088670937,3,3,1,CA,0
https://openalex.org/W2088700017,1,1,0,,0
https://openalex.org/W2088701554,7,7,1,JP,0
https://openalex.org/W2088702951,6,6,1,IT,0
https://openalex.org/W2088706157,2,2,1,RU,0
https://openalex.org/W2088764141,3,3,1,DE,0
https://openalex.org/W2088793717,8,8,1,ES,0
https://openalex.org/W2088799753,3,6,2,"FR,RU",1
https://openalex.org/W2088845149,2,2,1,CN,0
https://openalex.org/W2088853967,4,4,1,US,0
https://openalex.org/W2088855477,1,1,0,,0
https://openalex.org/W2088909035,1,2,0,,0
https://openalex.org/W2088915457,2,2,1,US,0
https://openalex.org/W2088947663,5,10,1,FR,0
https://openalex.org/W2088951412,2,2,1,GB,0
https://openalex.org/W2088976098,3,3,0,,0
https://openalex.org/W2088980238,3,3,1,BE,0
https://openalex.org/W2089003825,2,2,1,US,0
https://openalex.org/W2089014874,1,1,0,,0
https://openalex.org/W2089073874,4,4,1,DE,0
https://openalex.org/W2089088356,7,14,1,FR,0
https://openalex.org/W2089102566,3,3,1,JP,0
https://openalex.org/W2089119314,3,3,2,"FR,SG",1
https://openalex.org/W2089145508,4,4,0,,0
https://openalex.org/W2089160892,3,3,1,AU,0
https://openalex.org/W2089169404,4,4,1,JP,0
https://openalex.org/W2089170661,7,8,1,BE,0
https://openalex.org/W2089185031,4,4,1,JP,0
https://openalex.org/W2089208306,3,3,1,DK,0
https://openalex.org/W2089216385,4,4,1,NL,0
https://openalex.org/W2089217974,5,5,1,JP,0
https://openalex.org/W2089244791,2,2,1,US,0
https://openalex.org/W2089256214,4,5,1,CN,0
https://openalex.org/W2089263064,1,1,0,,0
https://openalex.org/W2089263398,3,3,1,KR,0
https://openalex.org/W2089277583,6,6,1,KR,0
https://openalex.org/W2089295582,3,3,1,DE,0
https://openalex.org/W2089315312,4,5,1,KR,0
https://openalex.org/W2089335516,4,4,1,US,0
https://openalex.org/W2089361253,8,8,1,FR,0
https://openalex.org/W2089390889,3,3,1,JP,0
https://openalex.org/W2089417309,6,6,1,SG,0
https://openalex.org/W2089435826,2,2,0,,0
https://openalex.org/W2089440456,7,7,1,JP,0
https://openalex.org/W2089446008,6,6,1,JP,0
https://openalex.org/W2089455468,8,24,2,"KR,US",1
https://openalex.org/W2089458241,3,3,1,CN,0
https://openalex.org/W2089470378,4,4,1,EG,0
https://openalex.org/W2089491814,2,2,0,,0
https://openalex.org/W2089494987,3,3,1,JP,0
https://openalex.org/W2089504209,3,3,1,IN,0
https://openalex.org/W2089525620,3,3,1,DE,0
https://openalex.org/W2089535361,3,3,1,TW,0
https://openalex.org/W2089559887,3,4,2,"CZ,RU",1
https://openalex.org/W2089592039,5,5,1,JP,0
https://openalex.org/W2089602571,10,10,1,KR,0
https://openalex.org/W2089608290,4,4,1,GB,0
https://openalex.org/W2089611090,5,6,2,"CN,KR",1
https://openalex.org/W2089633814,5,5,1,JP,0
https://openalex.org/W2089639820,3,3,1,JP,0
https://openalex.org/W2089647937,3,3,1,US,0
https://openalex.org/W2089663527,8,16,1,CN,0
https://openalex.org/W2089686152,2,2,2,"CA,DE",1
https://openalex.org/W2089765762,2,2,1,IT,0
https://openalex.org/W2089810077,3,3,1,HK,0
https://openalex.org/W2089819583,2,2,1,UA,0
https://openalex.org/W2089822504,3,3,1,US,0
https://openalex.org/W2089826915,3,6,1,FR,0
https://openalex.org/W2089858722,6,13,2,"CN,CZ",1
https://openalex.org/W2089873039,2,2,0,,0
https://openalex.org/W2089893371,5,5,1,JP,0
https://openalex.org/W2089896262,3,3,1,CN,0
https://openalex.org/W2089902718,3,5,1,IN,0
https://openalex.org/W2089915542,5,5,2,"DE,IN",1
https://openalex.org/W2089926308,5,5,1,US,0
https://openalex.org/W2089953231,2,2,1,UA,0
https://openalex.org/W2089983838,4,4,1,JP,0
https://openalex.org/W2089987126,5,9,2,"JP,SG",1
https://openalex.org/W2090061636,3,3,1,HK,0
https://openalex.org/W2090063069,9,9,2,"DE,GB",1
https://openalex.org/W2090068479,5,5,1,IT,0
https://openalex.org/W2090095788,6,6,1,IT,0
https://openalex.org/W2090111048,4,4,1,IT,0
https://openalex.org/W2090126580,3,3,1,JP,0
https://openalex.org/W2090158752,4,4,2,"CA,RS",1
https://openalex.org/W2090206995,3,3,1,US,0
https://openalex.org/W2090211676,3,3,1,GB,0
https://openalex.org/W2090225584,4,16,2,"FR,RO",1
https://openalex.org/W2090244999,6,8,1,GB,0
https://openalex.org/W2090266501,5,6,1,CN,0
https://openalex.org/W2090296797,6,6,1,EE,0
https://openalex.org/W2090316456,4,12,1,US,0
https://openalex.org/W2090323211,4,4,1,KR,0
https://openalex.org/W2090361327,4,4,2,"CN,HK",1
https://openalex.org/W2090371490,20,20,1,IT,0
https://openalex.org/W2090424871,9,9,2,"CH,US",1
https://openalex.org/W2090437031,6,12,1,US,0
https://openalex.org/W2090464088,7,21,1,FR,0
https://openalex.org/W2090471395,2,2,1,DE,0
https://openalex.org/W2090489054,3,3,2,"CN,US",1
https://openalex.org/W2090509483,3,3,1,US,0
https://openalex.org/W2090511274,6,6,1,IT,0
https://openalex.org/W2090569582,2,2,1,CN,0
https://openalex.org/W2090580333,2,2,2,"DE,US",1
https://openalex.org/W2090586721,2,2,1,VE,0
https://openalex.org/W2090589234,4,4,1,GB,0
https://openalex.org/W2090601047,4,4,0,,0
https://openalex.org/W2090602403,5,8,1,SG,0
https://openalex.org/W2090692649,5,5,1,JP,0
https://openalex.org/W2090694591,3,3,1,KR,0
https://openalex.org/W2090705039,5,5,1,TR,0
https://openalex.org/W2090715225,4,4,1,FR,0
https://openalex.org/W2090725078,5,5,1,CA,0
https://openalex.org/W2090735103,5,5,1,GB,0
https://openalex.org/W2090765264,3,3,1,CA,0
https://openalex.org/W2090768862,11,11,1,US,0
https://openalex.org/W2090798632,1,1,0,,0
https://openalex.org/W2090901717,3,3,1,FI,0
https://openalex.org/W2090930879,5,8,1,BR,0
https://openalex.org/W2090938051,5,9,2,"BG,FR",1
https://openalex.org/W2091011895,6,6,0,,0
https://openalex.org/W2091034794,1,1,0,,0
https://openalex.org/W2091048847,5,5,1,IN,0
https://openalex.org/W2091113069,3,4,1,CN,0
https://openalex.org/W2091226421,2,2,1,BE,0
https://openalex.org/W2091252009,2,2,1,CN,0
https://openalex.org/W2091265296,4,4,1,JP,0
https://openalex.org/W2091266778,6,6,1,GB,0
https://openalex.org/W2091282015,2,2,1,US,0
https://openalex.org/W2091290607,7,8,1,BR,0
https://openalex.org/W2091318492,4,4,1,JP,0
https://openalex.org/W2091347710,3,3,1,GB,0
https://openalex.org/W2091351795,2,2,1,IN,0
https://openalex.org/W2091366647,3,3,1,CN,0
https://openalex.org/W2091377221,3,4,1,CN,0
https://openalex.org/W2091379768,3,6,1,RU,0
https://openalex.org/W2091381030,17,23,3,"DE,ES,IT",1
https://openalex.org/W2091455236,6,6,1,KR,0
https://openalex.org/W2091461482,1,1,0,,0
https://openalex.org/W2091480095,2,4,1,ES,0
https://openalex.org/W2091480601,5,5,1,US,0
https://openalex.org/W2091521092,3,3,2,"GB,TH",1
https://openalex.org/W2091525677,2,2,1,US,0
https://openalex.org/W2091552196,5,15,2,"CN,JP",1
https://openalex.org/W2091590188,3,3,1,DE,0
https://openalex.org/W2091595569,4,5,2,"FR,RO",1
https://openalex.org/W2091609388,5,5,1,KR,0
https://openalex.org/W2091609911,3,3,1,RU,0
https://openalex.org/W2091621490,3,4,2,"CN,TW",1
https://openalex.org/W2091650002,2,2,1,GB,0
https://openalex.org/W2091684725,10,11,2,"AR,DE",1
https://openalex.org/W2091702307,1,1,0,,0
https://openalex.org/W2091725627,4,4,2,"JP,KR",1
https://openalex.org/W2091732911,4,4,2,"GB,KR",1
https://openalex.org/W2091753518,3,4,3,"ES,PL,US",1
https://openalex.org/W2091764386,11,14,2,"NL,RU",1
https://openalex.org/W2091772469,5,5,1,DE,0
https://openalex.org/W2091833199,5,5,1,TW,0
https://openalex.org/W2091838557,3,3,1,AU,0
https://openalex.org/W2091846574,3,3,1,CN,0
https://openalex.org/W2091846792,8,8,2,"ES,GB",1
https://openalex.org/W2091863793,8,8,1,RU,0
https://openalex.org/W2091869458,7,11,2,"BG,PL",1
https://openalex.org/W2091897979,1,1,0,,0
https://openalex.org/W2091917771,6,6,3,"CN,HK,KR",1
https://openalex.org/W2091923168,7,17,2,"CH,FR",1
https://openalex.org/W2091926171,4,4,1,TW,0
https://openalex.org/W2091962381,6,8,3,"AU,IT,US",1
https://openalex.org/W2091987732,4,7,2,"IN,KR",1
https://openalex.org/W2092025651,4,8,1,US,0
https://openalex.org/W2092054374,4,4,1,US,0
https://openalex.org/W2092054549,4,5,2,"AU,GB",1
https://openalex.org/W2092073653,6,12,1,US,0
https://openalex.org/W2092080303,4,5,1,CN,0
https://openalex.org/W2092105090,2,2,1,US,0
https://openalex.org/W2092142986,4,4,1,BR,0
https://openalex.org/W2092173895,3,3,1,NL,0
https://openalex.org/W2092235621,1,1,0,,0
https://openalex.org/W2092273310,2,2,1,UA,0
https://openalex.org/W2092277656,14,14,1,US,0
https://openalex.org/W2092295696,2,2,1,US,0
https://openalex.org/W2092318691,4,7,1,CZ,0
https://openalex.org/W2092323125,7,7,0,,0
https://openalex.org/W2092387153,3,3,1,CN,0
https://openalex.org/W2092402968,3,3,1,US,0
https://openalex.org/W2092476044,4,4,1,TW,0
https://openalex.org/W2092505430,3,3,1,CN,0
https://openalex.org/W2092511178,6,12,1,FR,0
https://openalex.org/W2092512371,2,2,1,GB,0
https://openalex.org/W2092552633,2,2,1,TW,0
https://openalex.org/W2092601079,4,5,1,TW,0
https://openalex.org/W2092607726,3,3,1,CN,0
https://openalex.org/W2092655932,5,5,2,"CZ,JP",1
https://openalex.org/W2092699924,4,4,1,JP,0
https://openalex.org/W2092708110,30,30,2,"BG,IT",1
https://openalex.org/W2092737610,5,5,1,US,0
https://openalex.org/W2092785015,8,8,1,JP,0
https://openalex.org/W2092825838,4,4,1,SG,0
https://openalex.org/W2092857175,1,1,0,,0
https://openalex.org/W2092872563,6,6,1,US,0
https://openalex.org/W2092935192,5,6,2,"CN,JP",1
https://openalex.org/W2092943301,3,3,1,GB,0
https://openalex.org/W2092966826,11,11,1,CN,0
https://openalex.org/W2092971416,6,6,1,US,0
https://openalex.org/W2093020292,2,6,2,"IN,US",1
https://openalex.org/W2093033364,3,3,1,IR,0
https://openalex.org/W2093065973,1,1,0,,0
https://openalex.org/W2093068410,4,4,1,US,0
https://openalex.org/W2093104874,5,10,1,FR,0
https://openalex.org/W2093118085,3,3,0,,0
https://openalex.org/W2093144349,5,5,1,JP,0
https://openalex.org/W2093149376,4,10,1,CN,0
https://openalex.org/W2093152013,2,2,1,IN,0
https://openalex.org/W2093154563,4,8,1,FR,0
https://openalex.org/W2093165461,2,2,1,CN,0
https://openalex.org/W2093178813,2,2,1,DE,0
https://openalex.org/W2093200275,4,8,1,CN,0
https://openalex.org/W2093200907,2,2,1,AU,0
https://openalex.org/W2093250301,2,2,1,GB,0
https://openalex.org/W2093260848,3,6,1,AU,0
https://openalex.org/W2093271929,3,3,1,CN,0
https://openalex.org/W2093398973,11,14,1,FR,0
https://openalex.org/W2093415214,2,2,1,TW,0
https://openalex.org/W2093452539,6,6,2,"BE,FR",1
https://openalex.org/W2093478550,5,5,1,MX,0
https://openalex.org/W2093484608,6,10,3,"FR,IT,JP",1
https://openalex.org/W2093492290,3,3,1,RU,0
https://openalex.org/W2093530224,2,2,1,US,0
https://openalex.org/W2093542089,1,2,0,,0
https://openalex.org/W2093592806,5,5,1,BG,0
https://openalex.org/W2093596687,1,1,0,,0
https://openalex.org/W2093609607,6,6,1,JP,0
https://openalex.org/W2093613067,2,2,1,SE,0
https://openalex.org/W2093623359,2,2,1,TW,0
https://openalex.org/W2093658629,2,2,1,ES,0
https://openalex.org/W2093697867,3,3,1,SK,0
https://openalex.org/W2093727986,18,18,2,"IN,JP",1
https://openalex.org/W2093756540,5,6,2,"ES,GB",1
https://openalex.org/W2093786675,7,9,2,"DE,FR",1
https://openalex.org/W2093791520,2,2,1,CN,0
https://openalex.org/W2093805851,3,3,1,KR,0
https://openalex.org/W2093820828,3,3,1,JP,0
https://openalex.org/W2093848888,4,4,1,IT,0
https://openalex.org/W2093863689,4,4,1,JP,0
https://openalex.org/W2093869318,8,8,1,DE,0
https://openalex.org/W2093897997,3,3,3,"DE,RU,UA",1
https://openalex.org/W2093907594,4,4,1,HU,0
https://openalex.org/W2093915827,3,3,0,,0
https://openalex.org/W2093916000,7,8,1,TW,0
https://openalex.org/W2093925061,5,7,3,"GB,JP,US",1
https://openalex.org/W2093995018,3,3,1,US,0
https://openalex.org/W2094014163,7,8,3,"BG,BR,DE",1
https://openalex.org/W2094038576,3,3,1,JP,0
https://openalex.org/W2094046344,10,39,2,"FR,JP",1
https://openalex.org/W2094063693,4,4,1,PT,0
https://openalex.org/W2094099110,1,1,0,,0
https://openalex.org/W2094103933,4,4,1,JP,0
https://openalex.org/W2094104267,3,3,2,"CA,IR",1
https://openalex.org/W2094127046,6,6,1,DE,0
https://openalex.org/W2094135005,4,4,1,CN,0
https://openalex.org/W2094154000,4,4,1,FR,0
https://openalex.org/W2094166440,3,3,1,US,0
https://openalex.org/W2094182668,5,5,1,CN,0
https://openalex.org/W2094184649,2,2,1,CZ,0
https://openalex.org/W2094192824,8,8,2,"CA,JP",1
https://openalex.org/W2094213022,3,3,1,CN,0
https://openalex.org/W2094233569,3,3,2,"AU,CA",1
https://openalex.org/W2094234769,3,3,1,SE,0
https://openalex.org/W2094279554,4,4,1,CN,0
https://openalex.org/W2094297961,9,13,2,"ES,MD",1
https://openalex.org/W2094314570,3,3,1,GR,0
https://openalex.org/W2094330481,7,9,1,JP,0
https://openalex.org/W2094387215,3,3,2,"DE,IN",1
https://openalex.org/W2094394154,2,2,0,,0
https://openalex.org/W2094406279,2,2,1,TW,0
https://openalex.org/W2094453337,8,11,1,US,0
https://openalex.org/W2094485367,4,4,1,KR,0
https://openalex.org/W2094500954,4,4,1,IN,0
https://openalex.org/W2094534516,2,2,1,TW,0
https://openalex.org/W2094540860,4,10,1,CN,0
https://openalex.org/W2094547570,4,4,0,,0
https://openalex.org/W2094565156,5,5,1,BR,0
https://openalex.org/W2094589797,3,3,1,BE,0
https://openalex.org/W2094611334,9,13,1,JP,0
https://openalex.org/W2094626896,6,6,1,PL,0
https://openalex.org/W2094633885,4,8,1,IT,0
https://openalex.org/W2094649173,5,5,1,CA,0
https://openalex.org/W2094676139,3,3,1,KR,0
https://openalex.org/W2094684856,6,6,1,TW,0
https://openalex.org/W2094687263,1,1,0,,0
https://openalex.org/W2094694860,4,4,1,DE,0
https://openalex.org/W2094695332,3,3,1,IT,0
https://openalex.org/W2094697912,2,2,1,KR,0
https://openalex.org/W2094713139,5,6,2,"CZ,SK",1
https://openalex.org/W2094729412,3,4,1,CN,0
https://openalex.org/W2094741775,4,4,2,"BR,GB",1
https://openalex.org/W2094754748,3,5,1,ES,0
https://openalex.org/W2094824113,3,3,1,SE,0
https://openalex.org/W2094828896,3,3,2,"GB,US",1
https://openalex.org/W2094851876,4,4,1,IN,0
https://openalex.org/W2094907091,2,2,1,AU,0
https://openalex.org/W2094907106,3,3,1,BE,0
https://openalex.org/W2094931963,4,4,1,GB,0
https://openalex.org/W2094977568,5,5,1,FI,0
https://openalex.org/W2094978299,1,1,0,,0
https://openalex.org/W2094981964,5,6,2,"HK,SG",1
https://openalex.org/W2095022378,1,1,0,,0
https://openalex.org/W2095032695,5,10,1,CN,0
https://openalex.org/W2095042024,5,10,2,"AT,UA",1
https://openalex.org/W2095042441,4,4,1,CN,0
https://openalex.org/W2095053925,3,3,1,CA,0
https://openalex.org/W2095092696,2,2,1,RU,0
https://openalex.org/W2095097012,3,3,0,,0
https://openalex.org/W2095109871,5,5,1,CZ,0
https://openalex.org/W2095146512,4,4,2,"RU,UA",1
https://openalex.org/W2095175524,4,4,1,JP,0
https://openalex.org/W2095204921,1,1,0,,0
https://openalex.org/W2095218739,3,3,1,UA,0
https://openalex.org/W2095222946,9,9,1,US,0
https://openalex.org/W2095243979,2,2,1,IN,0
https://openalex.org/W2095257151,5,5,1,US,0
https://openalex.org/W2095309878,3,3,1,KR,0
https://openalex.org/W2095349746,1,1,0,,0
https://openalex.org/W2095387548,8,12,3,"AM,FR,RU",1
https://openalex.org/W2095401676,5,6,1,KR,0
https://openalex.org/W2095431617,2,2,1,CA,0
https://openalex.org/W2095435283,1,1,0,,0
https://openalex.org/W2095442865,3,3,1,BE,0
https://openalex.org/W2095477372,6,7,1,KR,0
https://openalex.org/W2095477661,1,1,0,,0
https://openalex.org/W2095494427,3,3,1,CA,0
https://openalex.org/W2095502237,4,5,2,"HU,PL",1
https://openalex.org/W2095543747,4,4,1,KR,0
https://openalex.org/W2095577929,3,3,1,TW,0
https://openalex.org/W2095591117,2,2,0,,0
https://openalex.org/W2095618862,5,5,1,FR,0
https://openalex.org/W2095628615,1,1,0,,0
https://openalex.org/W2095635018,4,4,1,ES,0
https://openalex.org/W2095647783,1,1,0,,0
https://openalex.org/W2095662174,3,3,1,TW,0
https://openalex.org/W2095700319,4,4,1,JP,0
https://openalex.org/W2095748447,4,4,2,"DK,SE",1
https://openalex.org/W2095836949,3,5,1,BR,0
https://openalex.org/W2095837801,1,1,0,,0
https://openalex.org/W2095977898,6,7,1,FR,0
https://openalex.org/W2096028134,5,5,2,"GB,IT",1
https://openalex.org/W2096063654,3,3,1,US,0
https://openalex.org/W2096096172,5,6,2,"KR,US",1
https://openalex.org/W2096214845,2,2,1,GB,0
https://openalex.org/W2096268120,2,2,1,US,0
https://openalex.org/W2096358237,5,8,3,"FR,UA,US",1
https://openalex.org/W2096374411,7,8,2,"CN,JP",1
https://openalex.org/W2096417831,3,4,2,"CZ,DE",1
https://openalex.org/W2096540247,6,6,1,KR,0
https://openalex.org/W2096547585,8,8,1,KR,0
https://openalex.org/W2096615301,2,2,1,US,0
https://openalex.org/W2096661870,3,4,1,GB,0
https://openalex.org/W2096836793,6,6,1,ES,0
https://openalex.org/W2096921744,7,7,0,,0
https://openalex.org/W2096953631,4,4,1,US,0
https://openalex.org/W2096970684,3,3,1,KR,0
https://openalex.org/W2096992702,71,84,5,"CZ,FR,JP,RU,US",1
https://openalex.org/W2097068471,6,6,1,TW,0
https://openalex.org/W2097070605,2,2,1,CA,0
https://openalex.org/W2097082064,4,4,1,GB,0
https://openalex.org/W2097186256,2,2,1,US,0
https://openalex.org/W2097279391,8,11,1,FR,0
https://openalex.org/W2097313311,3,3,2,"DE,US",1
https://openalex.org/W2097322765,8,24,1,US,0
https://openalex.org/W2097388323,2,2,1,US,0
https://openalex.org/W2097451022,5,5,1,IN,0
https://openalex.org/W2097535968,1,1,0,,0
https://openalex.org/W2097567644,3,3,1,US,0
https://openalex.org/W2097581470,2,2,1,US,0
https://openalex.org/W2097706255,3,3,1,SG,0
https://openalex.org/W2097777167,1,1,0,,0
https://openalex.org/W2097804638,7,7,1,US,0
https://openalex.org/W2097914991,3,3,1,US,0
https://openalex.org/W2097953344,2,2,0,,0
https://openalex.org/W2098097744,11,11,1,IT,0
https://openalex.org/W2098106483,4,4,2,"BE,MX",1
https://openalex.org/W2098181021,4,5,2,"GB,US",1
https://openalex.org/W2098362561,2,2,1,GB,0
https://openalex.org/W2098386654,3,4,1,US,0
https://openalex.org/W2098514166,3,3,1,TW,0
https://openalex.org/W2098584216,5,6,2,"HK,SG",1
https://openalex.org/W2098620608,5,5,1,US,0
https://openalex.org/W2098670417,3,3,1,SE,0
https://openalex.org/W2098717004,3,4,2,"JP,PL",1
https://openalex.org/W2098733017,6,6,1,US,0
https://openalex.org/W2098755171,4,4,1,US,0
https://openalex.org/W2098796716,4,4,1,JP,0
https://openalex.org/W2098842602,2,2,1,US,0
https://openalex.org/W2098893282,7,7,2,"FR,US",1
https://openalex.org/W2098906274,6,6,1,JP,0
https://openalex.org/W2098953432,3,3,1,KR,0
https://openalex.org/W2098975172,4,7,1,FR,0
https://openalex.org/W2099089211,9,9,3,"FR,GB,SE",1
https://openalex.org/W2099090596,3,3,2,"DE,IE",1
https://openalex.org/W2099108492,7,7,1,US,0
https://openalex.org/W2099122278,9,9,1,US,0
https://openalex.org/W2099134052,2,2,1,MY,0
https://openalex.org/W2099144072,5,5,1,KR,0
https://openalex.org/W2099196634,2,3,1,AR,0
https://openalex.org/W2099197630,2,2,1,CA,0
https://openalex.org/W2099212446,5,6,2,"JP,MX",1
https://openalex.org/W2099258829,7,9,1,DE,0
https://openalex.org/W2099285497,2,2,2,"CZ,DE",1
https://openalex.org/W2099286543,6,6,1,IT,0
https://openalex.org/W2099294424,1,1,0,,0
https://openalex.org/W2099306952,8,8,1,CZ,0
https://openalex.org/W2099342720,4,4,2,"CA,KW",1
https://openalex.org/W2099348412,16,17,5,"BR,CH,GB,PL,US",1
https://openalex.org/W2099372105,5,5,1,US,0
https://openalex.org/W2099389070,2,2,1,TW,0
https://openalex.org/W2099454652,2,2,1,JP,0
https://openalex.org/W2099586872,3,3,1,BR,0
https://openalex.org/W2099601724,8,9,2,"FR,GB",1
https://openalex.org/W2099654727,3,3,1,ES,0
https://openalex.org/W2099660645,5,5,1,KR,0
https://openalex.org/W2099665061,2,2,1,US,0
https://openalex.org/W2099669169,7,7,3,"ES,NL,US",1
https://openalex.org/W2099713818,2,2,1,DE,0
https://openalex.org/W2099720412,13,13,4,"DE,ES,FR,GB",1
https://openalex.org/W2099783247,12,12,2,"KR,US",1
https://openalex.org/W2099788773,2,3,1,CA,0
https://openalex.org/W2099827260,3,3,1,JP,0
https://openalex.org/W2099840483,3,3,1,US,0
https://openalex.org/W2099879925,1,1,0,,0
https://openalex.org/W2099880188,3,3,1,FI,0
https://openalex.org/W2099972875,5,7,2,"GB,KR",1
https://openalex.org/W2100037251,8,8,1,JP,0
https://openalex.org/W2100051407,4,4,1,ZA,0
https://openalex.org/W2100075029,13,14,7,"CL,CZ,DE,FR,GB,IT,JP",1
https://openalex.org/W2100109243,2,2,1,US,0
https://openalex.org/W2100134858,3,3,1,NL,0
https://openalex.org/W2100235933,7,12,1,CN,0
https://openalex.org/W2100252004,7,7,1,IT,0
https://openalex.org/W2100269559,4,4,1,AU,0
https://openalex.org/W2100284506,2,3,1,DE,0
https://openalex.org/W2100415451,3,6,1,US,0
https://openalex.org/W2100533156,2,2,1,IL,0
https://openalex.org/W2100553252,3,3,2,"TR,US",1
https://openalex.org/W2100642045,5,5,1,KR,0
https://openalex.org/W2100721987,1,1,0,,0
https://openalex.org/W2100740807,5,5,1,JP,0
https://openalex.org/W2100796028,2,2,1,US,0
https://openalex.org/W2100803708,3,3,1,US,0
https://openalex.org/W2100883746,6,6,1,HK,0
https://openalex.org/W2100903794,3,3,1,JP,0
https://openalex.org/W2100921402,75,95,2,"GB,US",1
https://openalex.org/W2100969718,2,2,1,US,0
https://openalex.org/W2101096076,1,1,0,,0
https://openalex.org/W2101115310,3,3,1,TW,0
https://openalex.org/W2101149668,4,4,1,DE,0
https://openalex.org/W2101290116,7,7,2,"DE,TW",1
https://openalex.org/W2101429281,3,5,2,"FR,US",1
https://openalex.org/W2101445835,7,10,2,"CA,FR",1
https://openalex.org/W2101477460,3,5,1,IT,0
https://openalex.org/W2101551635,4,4,1,MY,0
https://openalex.org/W2101659169,8,8,1,IT,0
https://openalex.org/W2101723726,7,7,1,DE,0
https://openalex.org/W2101796642,5,9,2,"CN,DE",1
https://openalex.org/W2101839945,5,9,1,CZ,0
https://openalex.org/W2101880347,6,6,1,DE,0
https://openalex.org/W2101887221,3,3,2,"ES,GB",1
https://openalex.org/W2101908619,3,3,1,ZA,0
https://openalex.org/W2101915666,4,4,1,NL,0
https://openalex.org/W2101970691,7,7,1,PL,0
https://openalex.org/W2102054489,2,2,1,JP,0
https://openalex.org/W2102110464,6,6,1,KR,0
https://openalex.org/W2102115392,2,2,1,US,0
https://openalex.org/W2102144716,9,9,0,,0
https://openalex.org/W2102334418,6,6,1,CN,0
https://openalex.org/W2102395644,1,1,0,,0
https://openalex.org/W2102401615,3,3,1,GB,0
https://openalex.org/W2102467070,7,7,1,US,0
https://openalex.org/W2102479886,2,2,1,PL,0
https://openalex.org/W2102613935,3,3,1,US,0
https://openalex.org/W2102640469,4,4,1,US,0
https://openalex.org/W2102661667,5,10,1,AU,0
https://openalex.org/W2102684648,3,3,1,DE,0
https://openalex.org/W2102695175,3,3,2,"DE,PL",1
https://openalex.org/W2102908626,2,2,1,GB,0
https://openalex.org/W2103018880,1,1,0,,0
https://openalex.org/W2103044384,6,6,0,,0
https://openalex.org/W2103052993,3,3,1,IN,0
https://openalex.org/W2103103439,3,3,1,HR,0
https://openalex.org/W2103125401,5,5,2,"AU,US",1
https://openalex.org/W2103188651,3,3,1,GB,0
https://openalex.org/W2103229376,5,5,3,"CA,CH,JP",1
https://openalex.org/W2103297853,4,4,1,US,0
https://openalex.org/W2103317147,11,11,5,"BE,DE,GB,JP,US",1
https://openalex.org/W2103363136,4,4,2,"HU,IL",1
https://openalex.org/W2103379486,12,12,1,US,0
https://openalex.org/W2103396266,3,4,1,AU,0
https://openalex.org/W2103399066,1,1,0,,0
https://openalex.org/W2103399824,9,9,1,US,0
https://openalex.org/W2103432179,6,6,1,US,0
https://openalex.org/W2103432434,1,1,0,,0
https://openalex.org/W2103469352,8,14,1,RU,0
https://openalex.org/W2103524055,2,2,2,"AT,FR",1
https://openalex.org/W2103660538,5,5,1,KR,0
https://openalex.org/W2103669578,8,8,1,KR,0
https://openalex.org/W2103692171,5,5,1,US,0
https://openalex.org/W2103736161,2,2,1,CA,0
https://openalex.org/W2103878568,4,4,1,IE,0
https://openalex.org/W2103902597,3,4,3,"GB,PL,RU",1
https://openalex.org/W2103942093,2,2,1,NL,0
https://openalex.org/W2103957976,6,9,1,DE,0
https://openalex.org/W2103963789,3,5,2,"AU,DK",1
https://openalex.org/W2103973868,34,34,1,US,0
https://openalex.org/W2103977402,5,5,1,IT,0
https://openalex.org/W2104078343,4,4,1,KR,0
https://openalex.org/W2104150650,3,3,2,"GB,SG",1
https://openalex.org/W2104162763,1,1,0,,0
https://openalex.org/W2104163236,7,7,1,JP,0
https://openalex.org/W2104186443,3,3,1,GB,0
https://openalex.org/W2104199008,2,4,1,US,0
https://openalex.org/W2104259982,1,1,0,,0
https://openalex.org/W2104409607,9,9,1,US,0
https://openalex.org/W2104532211,4,4,0,,0
https://openalex.org/W2104662669,4,4,1,AU,0
https://openalex.org/W2104779783,16,16,6,"BR,ES,HR,IT,JP,US",1
https://openalex.org/W2104930742,14,14,1,US,0
https://openalex.org/W2104940760,3,5,2,"CZ,FR",1
https://openalex.org/W2104953195,5,5,1,TW,0
https://openalex.org/W2105041155,10,10,1,DE,0
https://openalex.org/W2105190970,2,2,1,US,0
https://openalex.org/W2105198505,2,4,1,HK,0
https://openalex.org/W2105264150,1,1,0,,0
https://openalex.org/W2105265649,1,1,0,,0
https://openalex.org/W2105305542,6,6,2,"GB,US",1
https://openalex.org/W2105440798,4,4,1,JP,0
https://openalex.org/W2105615024,5,5,1,JP,0
https://openalex.org/W2105755520,7,7,2,"CN,DE",1
https://openalex.org/W2105810336,4,4,1,JP,0
https://openalex.org/W2105817414,4,4,1,FR,0
https://openalex.org/W2105897301,6,6,1,GB,0
https://openalex.org/W2105962147,7,7,2,"SE,US",1
https://openalex.org/W2105986470,2,2,0,,0
https://openalex.org/W2105989691,5,10,1,HK,0
https://openalex.org/W2106016104,13,13,1,CA,0
https://openalex.org/W2106114676,3,3,1,US,0
https://openalex.org/W2106115164,3,3,1,US,0
https://openalex.org/W2106118184,6,6,2,"BE,CZ",1
https://openalex.org/W2106160682,7,7,2,"CA,DE",1
https://openalex.org/W2106192202,9,9,0,,0
https://openalex.org/W2106222617,3,4,1,US,0
https://openalex.org/W2106295584,3,3,2,"DE,US",1
https://openalex.org/W2106325087,5,5,1,US,0
https://openalex.org/W2106328847,5,5,1,US,0
https://openalex.org/W2106563106,6,6,1,US,0
https://openalex.org/W2106566366,6,9,2,"CN,TW",1
https://openalex.org/W2106619646,4,4,1,JP,0
https://openalex.org/W2106662124,9,10,2,"DE,RU",1
https://openalex.org/W2106692257,4,4,1,HK,0
https://openalex.org/W2106762334,3,3,1,IT,0
https://openalex.org/W2106769307,4,5,2,"CN,JP",1
https://openalex.org/W2106775886,1,1,0,,0
https://openalex.org/W2106788069,6,9,1,CN,0
https://openalex.org/W2106819773,11,11,1,CH,0
https://openalex.org/W2106889792,4,7,1,US,0
https://openalex.org/W2106899029,2,2,1,US,0
https://openalex.org/W2106910892,3,3,1,JP,0
https://openalex.org/W2106969070,4,4,1,US,0
https://openalex.org/W2106984538,3,3,1,US,0
https://openalex.org/W2107030948,2,2,1,US,0
https://openalex.org/W2107103737,3,3,1,DE,0
https://openalex.org/W2107216810,5,6,2,"CN,SG",1
https://openalex.org/W2107235009,7,7,1,JP,0
https://openalex.org/W2107270802,3,3,1,NL,0
https://openalex.org/W2107361222,32,32,5,"CO,DE,GB,NL,US",1
https://openalex.org/W2107610631,7,7,1,TW,0
https://openalex.org/W2107656487,7,7,1,NL,0
https://openalex.org/W2107661340,2,4,1,AR,0
https://openalex.org/W2107690599,4,4,1,HK,0
https://openalex.org/W2107772757,4,5,2,"DK,PT",1
https://openalex.org/W2107898651,2,2,1,ES,0
https://openalex.org/W2108193924,8,8,1,CN,0
https://openalex.org/W2108344803,5,5,1,US,0
https://openalex.org/W2108590514,3,3,1,US,0
https://openalex.org/W2108612710,3,3,1,GB,0
https://openalex.org/W2108656091,5,5,1,US,0
https://openalex.org/W2108766839,12,14,7,"BE,DK,GB,IE,IL,NL,SE",1
https://openalex.org/W2108785630,1,1,0,,0
https://openalex.org/W2108818634,3,3,2,"CA,JP",1
https://openalex.org/W2108863595,4,4,1,US,0
https://openalex.org/W2108952545,4,4,0,,0
https://openalex.org/W2108968242,4,4,1,AT,0
https://openalex.org/W2108985005,4,4,1,FI,0
https://openalex.org/W2109039011,4,5,2,"AR,ES",1
https://openalex.org/W2109118662,7,7,1,US,0
https://openalex.org/W2109119659,5,5,1,CN,0
https://openalex.org/W2109255839,1,1,0,,0
https://openalex.org/W2109382867,4,4,2,"GB,HK",1
https://openalex.org/W2109553339,2,4,1,RU,0
https://openalex.org/W2109595415,2,2,1,US,0
https://openalex.org/W2109602950,4,5,2,"CH,FR",1
https://openalex.org/W2109680922,3,4,3,"DE,GB,US",1
https://openalex.org/W2109844419,4,5,1,US,0
https://openalex.org/W2109860778,20,21,1,US,0
https://openalex.org/W2109877947,6,6,2,"DE,JP",1
https://openalex.org/W2109941998,7,14,1,US,0
https://openalex.org/W2109963714,1,1,0,,0
https://openalex.org/W2110204305,2,2,1,TW,0
https://openalex.org/W2110215105,2,2,1,US,0
https://openalex.org/W2110284135,6,6,1,CA,0
https://openalex.org/W2110388790,1,1,0,,0
https://openalex.org/W2110426805,8,8,1,US,0
https://openalex.org/W2110434860,6,6,1,GB,0
https://openalex.org/W2110499332,2,2,0,,0
https://openalex.org/W2110591755,10,10,2,"FR,PT",1
https://openalex.org/W2110729401,2,2,1,SK,0
https://openalex.org/W2110790298,2,2,1,IT,0
https://openalex.org/W2110790557,2,2,1,GB,0
https://openalex.org/W2110929196,16,16,2,"BG,US",1
https://openalex.org/W2111008246,3,4,1,SE,0
https://openalex.org/W2111049089,6,6,1,CN,0
https://openalex.org/W2111082166,8,8,3,"IT,NL,US",1
https://openalex.org/W2111291290,4,4,1,BR,0
https://openalex.org/W2111331509,12,13,1,CN,0
https://openalex.org/W2111412823,3,3,1,SG,0
https://openalex.org/W2111642684,5,5,1,US,0
https://openalex.org/W2111649096,6,6,2,"AU,GB",1
https://openalex.org/W2111653384,4,4,1,RU,0
https://openalex.org/W2111723666,3,7,1,IN,0
https://openalex.org/W2111890583,5,5,1,MY,0
https://openalex.org/W2111995713,5,5,2,"HU,TR",1
https://openalex.org/W2112042099,3,3,1,IT,0
https://openalex.org/W2112067278,2,2,1,US,0
https://openalex.org/W2112096695,3,3,3,"DK,SE,US",1
https://openalex.org/W2112102749,7,7,1,CA,0
https://openalex.org/W2112247249,6,6,2,"CA,US",1
https://openalex.org/W2112347820,3,3,0,,0
https://openalex.org/W2112348376,3,3,1,KR,0
https://openalex.org/W2112449684,4,4,1,GB,0
https://openalex.org/W2112456858,2,2,1,NL,0
https://openalex.org/W2112515560,3,3,1,US,0
https://openalex.org/W2112589748,4,4,1,TW,0
https://openalex.org/W2112627985,2,2,2,"TW,US",1
https://openalex.org/W2112651523,6,6,2,"CN,SG",1
https://openalex.org/W2112720516,4,4,1,JP,0
https://openalex.org/W2112746504,4,4,1,JP,0
https://openalex.org/W2112759968,1,1,0,,0
https://openalex.org/W2112804601,5,5,1,CN,0
https://openalex.org/W2112817167,2,2,1,DE,0
https://openalex.org/W2112875489,7,7,2,"CH,GB",1
https://openalex.org/W2113030412,3,3,1,US,0
https://openalex.org/W2113051574,4,4,1,CH,0
https://openalex.org/W2113065823,1,1,0,,0
https://openalex.org/W2113103930,9,9,1,KR,0
https://openalex.org/W2113215469,6,6,1,ES,0
https://openalex.org/W2113247382,5,5,1,US,0
https://openalex.org/W2113278580,13,19,1,FI,0
https://openalex.org/W2113384300,4,4,1,IT,0
https://openalex.org/W2113440953,8,9,2,"FR,US",1
https://openalex.org/W2113498163,4,4,1,IR,0
https://openalex.org/W2113529146,4,4,2,"CN,US",1
https://openalex.org/W2113570605,4,4,1,ES,0
https://openalex.org/W2113585385,7,8,4,"GB,IT,NL,US",1
https://openalex.org/W2113599779,9,12,3,"CZ,HR,RU",1
https://openalex.org/W2113615581,4,4,1,CA,0
https://openalex.org/W2113665876,2,2,1,MX,0
https://openalex.org/W2113690387,3,3,1,FR,0
https://openalex.org/W2113720941,4,4,1,BE,0
https://openalex.org/W2113723053,4,4,1,TW,0
https://openalex.org/W2113849513,3,3,1,CH,0
https://openalex.org/W2113881026,8,8,1,TR,0
https://openalex.org/W2113952972,3,3,1,GB,0
https://openalex.org/W2114025793,5,5,1,FR,0
https://openalex.org/W2114037072,4,4,1,FI,0
https://openalex.org/W2114046243,8,9,2,"FR,IT",1
https://openalex.org/W2114074707,7,14,2,"CN,HK",1
https://openalex.org/W2114435590,4,4,1,IN,0
https://openalex.org/W2114474971,4,4,1,GB,0
https://openalex.org/W2114496435,3,3,1,JP,0
https://openalex.org/W2114505741,1,2,0,,0
https://openalex.org/W2114568782,6,11,1,US,0
https://openalex.org/W2114569052,5,5,1,DE,0
https://openalex.org/W2114585023,4,12,1,FR,0
https://openalex.org/W2114644207,5,5,2,"JP,SG",1
https://openalex.org/W2114673631,8,8,1,US,0
https://openalex.org/W2114765241,7,7,1,JP,0
https://openalex.org/W2114780852,4,4,0,,0
https://openalex.org/W2114820065,2,3,1,US,0
https://openalex.org/W2114854120,5,5,1,CN,0
https://openalex.org/W2114878814,4,4,1,US,0
https://openalex.org/W2114903573,5,5,0,,0
https://openalex.org/W2115151142,4,4,1,GB,0
https://openalex.org/W2115188477,2,2,1,US,0
https://openalex.org/W2115203688,6,6,1,US,0
https://openalex.org/W2115266882,3,3,2,"CA,US",1
https://openalex.org/W2115274602,4,4,1,US,0
https://openalex.org/W2115307962,3,3,1,GB,0
https://openalex.org/W2115338679,12,13,2,"CH,DE",1
https://openalex.org/W2115400553,3,3,1,US,0
https://openalex.org/W2115403020,6,6,3,"DE,GB,RU",1
https://openalex.org/W2115476000,8,8,1,KR,0
https://openalex.org/W2115505625,5,5,1,US,0
https://openalex.org/W2115571526,1,1,0,,0
https://openalex.org/W2115580709,7,9,2,"FR,GB",1
https://openalex.org/W2115607977,8,8,1,JP,0
https://openalex.org/W2115686354,10,10,1,US,0
https://openalex.org/W2115711236,4,4,1,KR,0
https://openalex.org/W2115732612,2,2,0,,0
https://openalex.org/W2115776698,3,3,1,KR,0
https://openalex.org/W2115814123,4,4,1,GB,0
https://openalex.org/W2115906517,7,7,1,JP,0
https://openalex.org/W2115997369,5,5,1,US,0
https://openalex.org/W2116051803,6,8,2,"GB,JP",1
https://openalex.org/W2116057887,1,1,0,,0
https://openalex.org/W2116059383,5,8,2,"JP,US",1
https://openalex.org/W2116078997,5,6,2,"JP,US",1
https://openalex.org/W2116281751,4,5,1,CN,0
https://openalex.org/W2116304096,2,2,0,,0
https://openalex.org/W2116469548,5,5,0,,0
https://openalex.org/W2116526976,1,1,0,,0
https://openalex.org/W2116577624,3,3,1,US,0
https://openalex.org/W2116678374,6,6,1,US,0
https://openalex.org/W2116810716,6,6,1,NL,0
https://openalex.org/W2116898137,8,8,0,,0
https://openalex.org/W2116928373,4,4,1,FI,0
https://openalex.org/W2116939795,4,4,1,IT,0
https://openalex.org/W2116976550,4,4,1,PL,0
https://openalex.org/W2117010289,5,5,2,"CL,GB",1
https://openalex.org/W2117018945,15,15,3,"GB,PL,US",1
https://openalex.org/W2117114697,5,5,1,FR,0
https://openalex.org/W2117121456,3,3,1,BR,0
https://openalex.org/W2117179983,5,5,1,IN,0
https://openalex.org/W2117270682,2,2,1,GB,0
https://openalex.org/W2117289165,10,10,2,"KR,US",1
https://openalex.org/W2117299035,5,5,1,GB,0
https://openalex.org/W2117501265,2,2,1,ZA,0
https://openalex.org/W2117533019,7,7,1,US,0
https://openalex.org/W2117713663,2,2,2,"GB,MY",1
https://openalex.org/W2117752842,3,3,1,US,0
https://openalex.org/W2117863352,4,4,2,"IT,RS",1
https://openalex.org/W2117871570,3,4,2,"TW,US",1
https://openalex.org/W2117920026,4,4,1,HU,0
https://openalex.org/W2117967319,2,4,1,FR,0
https://openalex.org/W2118048003,4,4,1,US,0
https://openalex.org/W2118074374,30,32,4,"DE,KR,RU,US",1
https://openalex.org/W2118114075,2,2,1,IN,0
https://openalex.org/W2118196872,4,4,1,US,0
https://openalex.org/W2118212211,7,7,1,US,0
https://openalex.org/W2118289843,16,16,0,,0
https://openalex.org/W2118335807,4,4,1,CL,0
https://openalex.org/W2118405920,6,6,1,KR,0
https://openalex.org/W2118416399,2,2,1,US,0
https://openalex.org/W2118501658,4,4,1,TR,0
https://openalex.org/W2118578051,8,8,1,JP,0
https://openalex.org/W2118596110,11,11,6,"AT,CA,CZ,DE,FR,GB",1
https://openalex.org/W2118665250,4,4,1,RU,0
https://openalex.org/W2118692325,4,4,2,"CH,PK",1
https://openalex.org/W2118780041,7,7,1,US,0
https://openalex.org/W2118794690,5,6,1,US,0
https://openalex.org/W2118797653,1,1,0,,0
https://openalex.org/W2118843423,3,3,2,"CN,GB",1
https://openalex.org/W2118914569,4,4,1,TW,0
https://openalex.org/W2119083186,8,8,1,DE,0
https://openalex.org/W2119232582,5,9,2,"CN,SE",1
https://openalex.org/W2119239259,3,3,1,JP,0
https://openalex.org/W2119285772,5,5,1,GR,0
https://openalex.org/W2119301985,5,5,1,US,0
https://openalex.org/W2119351962,5,5,1,SG,0
https://openalex.org/W2119387768,3,3,1,IT,0
https://openalex.org/W2119402282,3,3,0,,0
https://openalex.org/W2119838063,3,3,1,CA,0
https://openalex.org/W2119884792,2,2,1,US,0
https://openalex.org/W2119903674,7,7,1,SG,0
https://openalex.org/W2119930115,1,1,0,,0
https://openalex.org/W2119942312,1,1,0,,0
https://openalex.org/W2120027495,7,7,1,JP,0
https://openalex.org/W2120115305,4,8,1,DE,0
https://openalex.org/W2120122723,1,1,0,,0
https://openalex.org/W2120145333,1,2,0,,0
https://openalex.org/W2120169060,4,4,1,BG,0
https://openalex.org/W2120217981,3,3,1,US,0
https://openalex.org/W2120316412,1,1,0,,0
https://openalex.org/W2120403708,15,15,1,FR,0
https://openalex.org/W2120569853,2,2,1,DE,0
https://openalex.org/W2120618236,3,3,1,HK,0
https://openalex.org/W2120770356,2,2,1,KR,0
https://openalex.org/W2120772627,3,3,1,AU,0
https://openalex.org/W2120776587,9,18,1,RU,0
https://openalex.org/W2120961579,11,17,1,CH,0
https://openalex.org/W2120990971,8,12,1,PL,0
https://openalex.org/W2121114935,5,5,1,KR,0
https://openalex.org/W2121160272,2,2,2,"DZ,IT",1
https://openalex.org/W2121200866,8,8,2,"KR,US",1
https://openalex.org/W2121307218,3,3,1,US,0
https://openalex.org/W2121312038,3,3,1,US,0
https://openalex.org/W2121351108,6,6,1,JP,0
https://openalex.org/W2121439493,6,6,1,IN,0
https://openalex.org/W2121455705,15,17,3,"IT,NL,US",1
https://openalex.org/W2121537905,7,9,2,"FR,US",1
https://openalex.org/W2121583528,2,2,1,AU,0
https://openalex.org/W2121614857,5,5,1,IT,0
https://openalex.org/W2121620178,3,3,2,"FR,US",1
https://openalex.org/W2121628798,4,4,2,"DE,IT",1
https://openalex.org/W2121714904,6,6,1,JP,0
https://openalex.org/W2121734355,3,3,1,US,0
https://openalex.org/W2121846110,3,3,1,DE,0
https://openalex.org/W2121881048,2,3,1,FR,0
https://openalex.org/W2121905172,4,5,2,"CN,HK",1
https://openalex.org/W2121966552,5,5,1,US,0
https://openalex.org/W2122059335,4,4,2,"BR,DE",1
https://openalex.org/W2122076170,3,3,1,US,0
https://openalex.org/W2122359483,3,3,1,KR,0
https://openalex.org/W2122462083,7,17,1,FR,0
https://openalex.org/W2122650326,4,4,1,US,0
https://openalex.org/W2122672934,3,3,1,KR,0
https://openalex.org/W2122712824,1,1,0,,0
https://openalex.org/W2122733906,3,3,1,US,0
https://openalex.org/W2122794872,3,3,1,IT,0
https://openalex.org/W2122804365,11,11,1,BR,0
https://openalex.org/W2122829875,3,3,2,"FI,GB",1
https://openalex.org/W2122850646,7,7,1,BE,0
https://openalex.org/W2122863899,2,2,1,PL,0
https://openalex.org/W2122869281,3,3,1,FR,0
https://openalex.org/W2122926313,6,11,1,CN,0
https://openalex.org/W2122966714,2,2,1,US,0
https://openalex.org/W2123259858,3,3,1,TW,0
https://openalex.org/W2123261655,4,4,1,GB,0
https://openalex.org/W2123301562,5,5,0,,0
https://openalex.org/W2123303885,4,4,1,US,0
https://openalex.org/W2123319437,3,3,1,PL,0
https://openalex.org/W2123412203,8,8,1,BR,0
https://openalex.org/W2123523440,2,2,1,AU,0
https://openalex.org/W2123535088,3,3,1,IR,0
https://openalex.org/W2123549742,2,2,1,TW,0
https://openalex.org/W2123606204,2,2,2,"DE,SE",1
https://openalex.org/W2123632534,4,4,1,JP,0
https://openalex.org/W2123670421,2,2,2,"KR,US",1
https://openalex.org/W2123744979,11,11,2,"DE,GR",1
https://openalex.org/W2123749971,2,2,1,ES,0
https://openalex.org/W2123770779,1,1,0,,0
https://openalex.org/W2123792040,12,20,1,JP,0
https://openalex.org/W2123832636,9,10,3,"PL,RU,SG",1
https://openalex.org/W2123934957,1,1,0,,0
https://openalex.org/W2123986956,5,5,2,"TW,US",1
https://openalex.org/W2124156772,3,3,1,GB,0
https://openalex.org/W2124279468,13,13,2,"CA,US",1
https://openalex.org/W2124334783,4,12,1,FR,0
https://openalex.org/W2124399691,2,2,1,US,0
https://openalex.org/W2124457782,4,4,1,FI,0
https://openalex.org/W2124480613,2,2,1,KR,0
https://openalex.org/W2124803643,8,8,2,"PT,RU",1
https://openalex.org/W2124814866,1,1,0,,0
https://openalex.org/W2124833255,1,1,0,,0
https://openalex.org/W2124880761,3,3,1,US,0
https://openalex.org/W2125105500,5,5,1,CN,0
https://openalex.org/W2125119256,4,4,1,PL,0
https://openalex.org/W2125148222,5,5,1,PT,0
https://openalex.org/W2125170170,4,4,1,JP,0
https://openalex.org/W2125207727,1,1,0,,0
https://openalex.org/W2125221525,3,3,1,IN,0
https://openalex.org/W2125231819,6,6,1,US,0
https://openalex.org/W2125292717,6,6,2,"TW,US",1
https://openalex.org/W2125394499,3,3,1,US,0
https://openalex.org/W2125444774,5,5,1,FR,0
https://openalex.org/W2125456562,3,3,1,JP,0
https://openalex.org/W2125471155,4,4,1,AT,0
https://openalex.org/W2125538129,3,3,1,CA,0
https://openalex.org/W2125543421,4,7,3,"FR,IT,RO",1
https://openalex.org/W2125614638,5,6,3,"DE,IT,SI",1
https://openalex.org/W2125787666,5,6,1,TW,0
https://openalex.org/W2125848976,3,3,2,"AT,BE",1
https://openalex.org/W2125867445,2,3,2,"SG,US",1
https://openalex.org/W2125873251,3,3,1,NL,0
https://openalex.org/W2126007715,12,12,1,US,0
https://openalex.org/W2126126376,2,2,1,KR,0
https://openalex.org/W2126165571,2,4,1,SG,0
https://openalex.org/W2126199716,51,51,2,"AU,JP",1
https://openalex.org/W2126234612,4,4,1,HK,0
https://openalex.org/W2126436001,7,8,3,"CN,HK,JP",1
https://openalex.org/W2126572487,5,5,1,US,0
https://openalex.org/W2126595585,6,6,1,US,0
https://openalex.org/W2126628768,1,1,0,,0
https://openalex.org/W2126811283,3,4,1,JP,0
https://openalex.org/W2126898414,6,6,1,TW,0
https://openalex.org/W2126910534,5,5,1,JP,0
https://openalex.org/W2126941225,6,6,1,US,0
https://openalex.org/W2127061709,6,12,1,US,0
https://openalex.org/W2127084584,6,6,0,,0
https://openalex.org/W2127153809,2,2,1,DE,0
https://openalex.org/W2127160187,4,4,1,BE,0
https://openalex.org/W2127186317,3,3,1,GB,0
https://openalex.org/W2127253295,2,2,1,US,0
https://openalex.org/W2127300181,5,5,1,GB,0
https://openalex.org/W2127348206,4,4,1,JP,0
https://openalex.org/W2127368098,8,8,0,,0
https://openalex.org/W2127386185,8,8,1,JP,0
https://openalex.org/W2127567453,5,6,2,"CN,SG",1
https://openalex.org/W2127584786,6,6,1,JP,0
https://openalex.org/W2127617120,2,2,1,CA,0
https://openalex.org/W2127649615,9,9,1,JP,0
https://openalex.org/W2127656637,1,1,0,,0
https://openalex.org/W2127664486,11,11,1,RU,0
https://openalex.org/W2127734179,2,2,1,CN,0
https://openalex.org/W2127753845,1,1,0,,0
https://openalex.org/W2127770842,7,7,1,JP,0
https://openalex.org/W2127837631,3,3,1,US,0
https://openalex.org/W2127846921,3,4,1,AU,0
https://openalex.org/W2127894011,2,2,1,US,0
https://openalex.org/W2127896845,1,1,0,,0
https://openalex.org/W2127947576,5,5,1,US,0
https://openalex.org/W2127993798,6,6,1,CH,0
https://openalex.org/W2127998931,5,5,1,US,0
https://openalex.org/W2128040104,1,1,0,,0
https://openalex.org/W2128173552,2,2,1,AU,0
https://openalex.org/W2128304866,4,4,1,IN,0
https://openalex.org/W2128355611,3,3,1,TW,0
https://openalex.org/W2128431127,2,2,1,IL,0
https://openalex.org/W2128443345,6,6,1,US,0
https://openalex.org/W2128452781,3,9,1,FR,0
https://openalex.org/W2128610987,3,5,1,KR,0
https://openalex.org/W2128778775,2,2,1,JP,0
https://openalex.org/W2128784235,2,2,1,TW,0
https://openalex.org/W2128788183,3,3,1,US,0
https://openalex.org/W2128792901,11,12,3,"DE,RU,US",1
https://openalex.org/W2128805003,3,7,2,"CN,US",1
https://openalex.org/W2128816173,4,4,1,CN,0
https://openalex.org/W2128834752,11,18,2,"IT,ZA",1
https://openalex.org/W2128867653,1,2,0,,0
https://openalex.org/W2129017435,5,5,0,,0
https://openalex.org/W2129125693,4,4,0,,0
https://openalex.org/W2129189445,24,25,2,"IL,JP",1
https://openalex.org/W2129276788,2,2,1,US,0
https://openalex.org/W2129290530,2,2,2,"FR,NL",1
https://openalex.org/W2129331292,2,2,1,DE,0
https://openalex.org/W2129384614,6,9,2,"CZ,DE",1
https://openalex.org/W2129408918,5,5,1,JP,0
https://openalex.org/W2129490180,1,1,0,,0
https://openalex.org/W2129515233,3,3,1,JP,0
https://openalex.org/W2129549043,3,3,1,US,0
https://openalex.org/W2129563491,7,7,2,"DE,JP",1
https://openalex.org/W2129584562,2,2,2,"AU,US",1
https://openalex.org/W2129693116,5,5,1,US,0
https://openalex.org/W2129733029,13,17,2,"CN,IN",1
https://openalex.org/W2129792970,11,11,1,KR,0
https://openalex.org/W2129844579,9,10,2,"CN,HK",1
https://openalex.org/W2129923899,6,6,1,US,0
https://openalex.org/W2130017956,7,7,1,IT,0
https://openalex.org/W2130035118,1,1,0,,0
https://openalex.org/W2130051109,4,4,1,KR,0
https://openalex.org/W2130073201,1,1,0,,0
https://openalex.org/W2130086491,4,4,1,CA,0
https://openalex.org/W2130265855,5,5,1,IN,0
https://openalex.org/W2130334051,4,7,1,FR,0
https://openalex.org/W2130390753,3,3,1,AU,0
https://openalex.org/W2130439401,1,1,0,,0
https://openalex.org/W2130449366,2,2,1,GB,0
https://openalex.org/W2130454105,3,3,1,GB,0
https://openalex.org/W2130504328,6,6,3,"DE,MX,RU",1
https://openalex.org/W2130538054,6,6,1,KR,0
https://openalex.org/W2130544958,8,9,1,PL,0
https://openalex.org/W2130713745,3,3,1,JP,0
https://openalex.org/W2130726815,11,13,1,JP,0
https://openalex.org/W2130750542,6,6,1,JP,0
https://openalex.org/W2130783930,4,4,1,CH,0
https://openalex.org/W2130808090,2,2,1,CH,0
https://openalex.org/W2130840190,5,5,0,,0
https://openalex.org/W2130948069,3,3,1,IN,0
https://openalex.org/W2130950493,2,2,1,JO,0
https://openalex.org/W2130986476,5,5,2,"IT,US",1
https://openalex.org/W2131027025,3,3,1,TW,0
https://openalex.org/W2131027063,3,3,1,CH,0
https://openalex.org/W2131034306,2,2,1,JP,0
https://openalex.org/W2131100802,3,3,1,CN,0
https://openalex.org/W2131113911,3,5,1,SK,0
https://openalex.org/W2131125685,5,5,1,TR,0
https://openalex.org/W2131231387,6,6,2,"IT,US",1
https://openalex.org/W2131281028,4,4,1,BE,0
https://openalex.org/W2131300322,6,6,2,"GR,RU",1
https://openalex.org/W2131333514,3,6,1,US,0
https://openalex.org/W2131354430,4,4,1,JP,0
https://openalex.org/W2131389824,5,10,1,PL,0
https://openalex.org/W2131497389,2,4,1,PL,0
https://openalex.org/W2131553519,2,2,1,IN,0
https://openalex.org/W2131569107,17,17,2,"JP,US",1
https://openalex.org/W2131569210,7,7,0,,0
https://openalex.org/W2131624610,3,3,1,BE,0
https://openalex.org/W2131827352,6,6,1,JP,0
https://openalex.org/W2131917008,6,6,1,US,0
https://openalex.org/W2132258786,18,19,2,"CA,US",1
https://openalex.org/W2132289945,1,1,0,,0
https://openalex.org/W2132303125,2,2,0,,0
https://openalex.org/W2132350764,5,5,1,JP,0
https://openalex.org/W2132387933,7,7,1,US,0
https://openalex.org/W2132432746,1,1,0,,0
https://openalex.org/W2132757323,8,8,2,"DE,US",1
https://openalex.org/W2132765228,7,12,2,"CN,GB",1
https://openalex.org/W2132778177,5,5,1,CN,0
https://openalex.org/W2132792282,1,1,0,,0
https://openalex.org/W2132830882,4,5,2,"SE,US",1
https://openalex.org/W2132994514,6,6,1,CN,0
https://openalex.org/W2133003977,2,2,1,CA,0
https://openalex.org/W2133022257,3,3,1,US,0
https://openalex.org/W2133131619,4,4,2,"CH,GB",1
https://openalex.org/W2133139851,5,5,1,BE,0
https://openalex.org/W2133214344,2,2,1,CA,0
https://openalex.org/W2133244545,2,2,1,IN,0
https://openalex.org/W2133248018,5,10,1,FR,0
https://openalex.org/W2133333248,11,11,1,JP,0
https://openalex.org/W2133335508,2,2,1,DE,0
https://openalex.org/W2133388993,5,5,1,CN,0
https://openalex.org/W2133452725,9,9,1,PT,0
https://openalex.org/W2133466271,7,7,0,,0
https://openalex.org/W2133479954,3,5,1,FR,0
https://openalex.org/W2133515245,2,2,2,"TW,US",1
https://openalex.org/W2133553076,12,12,2,"DE,JP",1
https://openalex.org/W2133653396,9,9,1,FR,0
https://openalex.org/W2133780269,4,4,1,DE,0
https://openalex.org/W2133828579,2,2,1,CN,0
https://openalex.org/W2133863585,2,2,1,US,0
https://openalex.org/W2133869390,2,2,1,GB,0
https://openalex.org/W2133921737,3,3,1,IT,0
https://openalex.org/W2133946178,7,7,1,VE,0
https://openalex.org/W2133949899,5,6,2,"FR,RU",1
https://openalex.org/W2133966783,6,6,1,ES,0
https://openalex.org/W2134093418,2,4,1,AR,0
https://openalex.org/W2134093661,22,22,3,"IT,KR,US",1
https://openalex.org/W2134117857,3,4,2,"CN,HK",1
https://openalex.org/W2134147052,5,9,1,JP,0
https://openalex.org/W2134224362,3,4,1,JP,0
https://openalex.org/W2134251581,7,9,1,US,0
https://openalex.org/W2134288582,8,8,2,"CN,HK",1
https://openalex.org/W2134356156,3,3,1,IT,0
https://openalex.org/W2134394145,8,8,2,"JP,US",1
https://openalex.org/W2134545141,2,2,1,SG,0
https://openalex.org/W2134639617,2,2,2,"AU,US",1
https://openalex.org/W2134694114,2,2,0,,0
https://openalex.org/W2134728768,11,13,7,"CL,ES,KR,KZ,UA,US,UZ",1
https://openalex.org/W2134743831,2,6,1,CN,0
https://openalex.org/W2134751042,4,4,1,US,0
https://openalex.org/W2135030244,1,1,0,,0
https://openalex.org/W2135084465,4,4,1,KR,0
https://openalex.org/W2135112550,6,6,1,NL,0
https://openalex.org/W2135127188,5,5,1,SE,0
https://openalex.org/W2135143175,3,3,2,"TR,US",1
https://openalex.org/W2135196653,11,11,1,BE,0
https://openalex.org/W2135278028,4,4,1,IT,0
https://openalex.org/W2135280894,3,3,1,HK,0
https://openalex.org/W2135422649,1,1,0,,0
https://openalex.org/W2135429325,9,9,1,DE,0
https://openalex.org/W2135455531,3,3,0,,0
https://openalex.org/W2135623347,2,2,1,AU,0
https://openalex.org/W2135724729,3,3,1,MX,0
https://openalex.org/W2135726444,6,6,1,KR,0
https://openalex.org/W2135808377,3,3,1,US,0
https://openalex.org/W2135857960,6,6,1,KR,0
https://openalex.org/W2135881250,4,12,2,"JP,US",1
https://openalex.org/W2135885720,4,9,1,CN,0
https://openalex.org/W2135956691,5,5,2,"HU,SK",1
https://openalex.org/W2136006081,21,21,1,IT,0
https://openalex.org/W2136081102,3,3,1,TW,0
https://openalex.org/W2136096171,3,3,1,KR,0
https://openalex.org/W2136375713,7,8,1,US,0
https://openalex.org/W2136508238,3,3,1,US,0
https://openalex.org/W2136533006,6,6,1,NL,0
https://openalex.org/W2136543207,4,4,2,"DE,US",1
https://openalex.org/W2136721217,3,4,1,JP,0
https://openalex.org/W2136744055,7,7,1,US,0
https://openalex.org/W2136748169,2,2,1,GR,0
https://openalex.org/W2136871847,3,3,1,SE,0
https://openalex.org/W2136912465,2,2,1,US,0
https://openalex.org/W2136999311,5,5,1,CN,0
https://openalex.org/W2137040382,2,2,1,KR,0
https://openalex.org/W2137131519,5,5,1,CH,0
https://openalex.org/W2137424097,4,8,1,US,0
https://openalex.org/W2137451617,4,4,1,SG,0
https://openalex.org/W2137519180,1,1,0,,0
https://openalex.org/W2137566471,1,1,0,,0
https://openalex.org/W2137581951,3,5,1,DE,0
https://openalex.org/W2137586238,2,3,1,FR,0
https://openalex.org/W2137705579,1,1,0,,0
https://openalex.org/W2137795331,6,6,2,"FR,RU",1
https://openalex.org/W2137900628,5,5,1,CN,0
https://openalex.org/W2137958142,4,4,3,"CN,SG,US",1
https://openalex.org/W2138006290,5,5,1,GB,0
https://openalex.org/W2138022589,4,4,1,US,0
https://openalex.org/W2138042393,5,5,2,"JO,NL",1
https://openalex.org/W2138051403,8,8,1,JP,0
https://openalex.org/W2138371578,3,3,1,BE,0
https://openalex.org/W2138439142,4,4,2,"DE,NL",1
https://openalex.org/W2138480395,1,1,0,,0
https://openalex.org/W2138514425,2,2,1,PT,0
https://openalex.org/W2138534553,1,1,0,,0
https://openalex.org/W2138553396,4,5,1,CN,0
https://openalex.org/W2138591168,2,2,1,JP,0
https://openalex.org/W2138613707,7,7,1,KR,0
https://openalex.org/W2138638744,8,8,1,CN,0
https://openalex.org/W2138726026,1,1,0,,0
https://openalex.org/W2138744320,2,3,2,"AU,SG",1
https://openalex.org/W2138784136,4,4,1,US,0
https://openalex.org/W2138807665,11,11,1,JP,0
https://openalex.org/W2138808433,2,2,1,IN,0
https://openalex.org/W2138814605,3,3,0,,0
https://openalex.org/W2138981249,6,6,1,NL,0
https://openalex.org/W2139190040,5,5,1,CH,0
https://openalex.org/W2139201303,6,12,2,"BR,FR",1
https://openalex.org/W2139203658,1,1,0,,0
https://openalex.org/W2139251354,4,4,1,MY,0
https://openalex.org/W2139257623,2,2,1,US,0
https://openalex.org/W2139277671,8,8,1,DE,0
https://openalex.org/W2139314297,7,7,1,KR,0
https://openalex.org/W2139386000,11,11,1,NL,0
https://openalex.org/W2139463260,5,9,1,FR,0
https://openalex.org/W2139548050,1,1,0,,0
https://openalex.org/W2139704431,5,5,1,GB,0
https://openalex.org/W2139717774,4,4,1,US,0
https://openalex.org/W2139892676,12,12,1,RU,0
https://openalex.org/W2139902814,4,4,1,US,0
https://openalex.org/W2139916087,5,6,2,"CN,SG",1
https://openalex.org/W2140141628,4,4,2,"JP,US",1
https://openalex.org/W2140163936,2,2,1,HK,0
https://openalex.org/W2140310735,7,10,1,ES,0
https://openalex.org/W2140316896,4,4,1,KR,0
https://openalex.org/W2140370176,4,4,1,CH,0
https://openalex.org/W2140423470,7,7,1,US,0
https://openalex.org/W2140456241,5,5,1,BR,0
https://openalex.org/W2140462377,3,3,1,TW,0
https://openalex.org/W2140476481,5,9,1,FR,0
https://openalex.org/W2140477756,6,13,2,"FR,PT",1
https://openalex.org/W2140483993,7,7,1,KR,0
https://openalex.org/W2140517520,6,6,1,DE,0
https://openalex.org/W2140567388,6,6,1,NL,0
https://openalex.org/W2140614738,4,4,1,GR,0
https://openalex.org/W2140697979,7,7,0,,0
https://openalex.org/W2140721799,4,4,1,US,0
https://openalex.org/W2140746131,7,7,1,US,0
https://openalex.org/W2140879096,6,6,1,AU,0
https://openalex.org/W2140943067,16,18,8,"DE,GB,IT,JP,NL,RU,SE,US",1
https://openalex.org/W2141053503,2,2,1,GR,0
https://openalex.org/W2141058262,4,4,1,US,0
https://openalex.org/W2141157686,2,2,0,,0
https://openalex.org/W2141209263,3,3,1,DE,0
https://openalex.org/W2141227616,7,8,2,"DK,US",1
https://openalex.org/W2141244045,2,2,1,JP,0
https://openalex.org/W2141262697,3,3,1,DK,0
https://openalex.org/W2141403400,13,13,2,"ES,RU",1
https://openalex.org/W2141437564,5,5,1,US,0
https://openalex.org/W2141607739,3,3,1,BE,0
https://openalex.org/W2141694259,4,4,1,IL,0
https://openalex.org/W2141709018,1,1,0,,0
https://openalex.org/W2141742278,2,2,1,DE,0
https://openalex.org/W2141748677,2,2,1,SE,0
https://openalex.org/W2141801631,5,5,1,DE,0
https://openalex.org/W2141809741,3,3,0,,0
https://openalex.org/W2141813817,3,3,1,SE,0
https://openalex.org/W2141828787,1,1,0,,0
https://openalex.org/W2141854445,5,5,2,"GB,IN",1
https://openalex.org/W2141869528,1,1,0,,0
https://openalex.org/W2141880460,2,2,1,UA,0
https://openalex.org/W2141896573,3,3,1,FR,0
https://openalex.org/W2141936037,1,1,0,,0
https://openalex.org/W2141959532,5,5,1,IT,0
https://openalex.org/W2141974387,7,13,2,"CH,FR",1
https://openalex.org/W2142027745,3,3,1,JP,0
https://openalex.org/W2142144339,4,4,1,CZ,0
https://openalex.org/W2142147488,1,1,0,,0
https://openalex.org/W2142163515,2,2,1,TW,0
https://openalex.org/W2142193876,5,10,1,CN,0
https://openalex.org/W2142226448,4,5,2,"IT,US",1
https://openalex.org/W2142259768,6,6,0,,0
https://openalex.org/W2142338222,5,5,1,KR,0
https://openalex.org/W2142367234,4,4,1,IE,0
https://openalex.org/W2142382095,3,3,1,CZ,0
https://openalex.org/W2142512990,3,3,1,CN,0
https://openalex.org/W2142539937,2,2,1,FR,0
https://openalex.org/W2142594327,3,3,1,KR,0
https://openalex.org/W2142752378,3,3,1,FR,0
https://openalex.org/W2142798160,5,5,1,JP,0
https://openalex.org/W2142908351,1,1,0,,0
https://openalex.org/W2142984111,6,6,1,US,0
https://openalex.org/W2143090059,6,6,1,PL,0
https://openalex.org/W2143107305,2,2,1,IN,0
https://openalex.org/W2143218577,9,9,1,DK,0
https://openalex.org/W2143241639,6,6,1,JP,0
https://openalex.org/W2143300129,6,17,2,"CN,PT",1
https://openalex.org/W2143321971,1,1,0,,0
https://openalex.org/W2143347850,4,4,1,US,0
https://openalex.org/W2143394828,2,2,1,TR,0
https://openalex.org/W2143414737,3,3,0,,0
https://openalex.org/W2143424306,6,16,1,KR,0
https://openalex.org/W2143465653,5,8,1,PT,0
https://openalex.org/W2143475161,2,3,1,CA,0
https://openalex.org/W2143615024,6,8,2,"IT,US",1
https://openalex.org/W2143639859,5,5,1,BR,0
https://openalex.org/W2143695565,9,9,1,KR,0
https://openalex.org/W2143765952,2,2,1,MX,0
https://openalex.org/W2143780446,5,5,2,"DE,US",1
https://openalex.org/W2143784206,6,6,2,"NL,US",1
https://openalex.org/W2143843718,6,6,1,DE,0
https://openalex.org/W2143919853,3,3,1,DE,0
https://openalex.org/W2143927851,3,4,2,"AU,NL",1
https://openalex.org/W2144043170,86,97,7,"CH,DK,PL,RU,SE,TR,US",1
https://openalex.org/W2144252732,11,11,2,"RU,US",1
https://openalex.org/W2144344862,4,11,1,CN,0
https://openalex.org/W2144351619,8,8,1,KR,0
https://openalex.org/W2144355125,3,3,1,US,0
https://openalex.org/W2144385752,7,7,1,US,0
https://openalex.org/W2144570625,20,20,5,"AT,BE,CH,IL,US",1
https://openalex.org/W2144586792,3,3,1,SG,0
https://openalex.org/W2144599919,5,5,1,US,0
https://openalex.org/W2144610118,7,7,1,IT,0
https://openalex.org/W2144644871,10,12,3,"GB,SG,US",1
https://openalex.org/W2144700238,7,7,1,IT,0
https://openalex.org/W2144767322,4,4,1,BR,0
https://openalex.org/W2144775631,8,8,1,US,0
https://openalex.org/W2144822874,9,9,1,RU,0
https://openalex.org/W2144844507,2,2,1,US,0
https://openalex.org/W2144887876,4,4,2,"DE,US",1
https://openalex.org/W2144891587,2,2,1,IL,0
https://openalex.org/W2144925341,8,13,4,"DE,GB,NL,US",1
https://openalex.org/W2144930831,12,12,2,"IN,JP",1
https://openalex.org/W2144994833,5,5,1,TW,0
https://openalex.org/W2145150247,72,77,9,"BR,CH,DE,GB,IT,JP,NL,PL,US",1
https://openalex.org/W2145182224,2,2,1,US,0
https://openalex.org/W2145189390,2,2,1,EE,0
https://openalex.org/W2145303494,2,2,1,CA,0
https://openalex.org/W2145452631,5,5,1,IN,0
https://openalex.org/W2145571191,2,2,1,IL,0
https://openalex.org/W2145676497,5,5,1,SG,0
https://openalex.org/W2145690380,2,2,0,,0
https://openalex.org/W2145744075,6,6,1,DE,0
https://openalex.org/W2145775514,2,2,1,US,0
https://openalex.org/W2145868497,3,3,1,TW,0
https://openalex.org/W2145877359,3,3,1,KR,0
https://openalex.org/W2145878384,2,2,1,CH,0
https://openalex.org/W2145931592,3,3,1,TW,0
https://openalex.org/W2146075601,3,3,1,GB,0
https://openalex.org/W2146104995,3,3,1,SG,0
https://openalex.org/W2146202011,5,5,1,JP,0
https://openalex.org/W2146236887,2,2,1,US,0
https://openalex.org/W2146387452,1,1,0,,0
https://openalex.org/W2146478490,2,2,1,DK,0
https://openalex.org/W2146603627,3,3,2,"EG,US",1
https://openalex.org/W2146605891,2,2,1,JP,0
https://openalex.org/W2146631159,4,4,1,US,0
https://openalex.org/W2146747037,12,21,1,FR,0
https://openalex.org/W2146759517,1,1,0,,0
https://openalex.org/W2146779736,2,2,0,,0
https://openalex.org/W2146862892,3,3,2,"FR,GB",1
https://openalex.org/W2146863984,3,3,1,DE,0
https://openalex.org/W2146893857,2,2,0,,0
https://openalex.org/W2146903066,2,2,1,CN,0
https://openalex.org/W2146934397,2,2,2,"EG,JP",1
https://openalex.org/W2147028759,9,9,1,RU,0
https://openalex.org/W2147031416,4,4,1,TW,0
https://openalex.org/W2147032173,5,5,1,JP,0
https://openalex.org/W2147064206,1,1,0,,0
https://openalex.org/W2147115359,10,11,2,"CH,FR",1
https://openalex.org/W2147147689,3,3,1,JP,0
https://openalex.org/W2147268140,7,7,1,KR,0
https://openalex.org/W2147292207,2,2,1,CA,0
https://openalex.org/W2147352992,7,7,1,US,0
https://openalex.org/W2147534348,3,3,1,CN,0
https://openalex.org/W2147562177,11,11,1,JP,0
https://openalex.org/W2147579106,4,4,1,CL,0
https://openalex.org/W2147580513,3,3,1,CN,0
https://openalex.org/W2147588919,2,2,1,KR,0
https://openalex.org/W2147599456,7,8,3,"CA,CH,US",1
https://openalex.org/W2147608639,3,3,1,BE,0
https://openalex.org/W2147635614,4,5,3,"AT,IT,PL",1
https://openalex.org/W2147640301,3,3,1,HK,0
https://openalex.org/W2147653660,4,4,1,AU,0
https://openalex.org/W2147692435,2,4,1,JP,0
https://openalex.org/W2147702885,4,4,1,JP,0
https://openalex.org/W2147717328,3,4,2,"DE,GB",1
https://openalex.org/W2147750561,3,3,1,US,0
https://openalex.org/W2147782137,6,6,1,US,0
https://openalex.org/W2147832478,6,6,2,"PL,UA",1
https://openalex.org/W2148069703,15,15,1,US,0
https://openalex.org/W2148072074,4,7,2,"CN,HK",1
https://openalex.org/W2148114668,13,13,1,US,0
https://openalex.org/W2148119587,3,4,3,"AT,DE,US",1
https://openalex.org/W2148197438,3,3,1,ES,0
https://openalex.org/W2148210109,1,1,0,,0
https://openalex.org/W2148211975,4,4,0,,0
https://openalex.org/W2148358753,9,9,1,US,0
https://openalex.org/W2148399388,4,4,1,HK,0
https://openalex.org/W2148435840,4,8,1,IE,0
https://openalex.org/W2148466610,6,6,1,GR,0
https://openalex.org/W2148508815,7,7,1,US,0
https://openalex.org/W2148515630,5,5,1,JP,0
https://openalex.org/W2148662078,2,2,0,,0
https://openalex.org/W2148698334,3,3,1,CN,0
https://openalex.org/W2148734594,2,2,1,NL,0
https://openalex.org/W2148804397,65,65,1,US,0
https://openalex.org/W2148845670,3,3,1,DE,0
https://openalex.org/W2148893318,8,8,2,"AT,FR",1
https://openalex.org/W2148998062,1,1,0,,0
https://openalex.org/W2149036541,6,7,1,IT,0
https://openalex.org/W2149044971,7,7,1,US,0
https://openalex.org/W2149101547,4,4,1,DE,0
https://openalex.org/W2149116972,3,3,3,"AU,CN,US",1
https://openalex.org/W2149308498,6,7,2,"AT,DE",1
https://openalex.org/W2149355714,2,2,1,FR,0
https://openalex.org/W2149374061,4,4,1,US,0
https://openalex.org/W2149439928,3,3,0,,0
https://openalex.org/W2149489827,4,4,1,DE,0
https://openalex.org/W2149504674,5,5,1,CN,0
https://openalex.org/W2149596630,6,6,1,JP,0
https://openalex.org/W2149657989,5,5,1,FR,0
https://openalex.org/W2149674149,3,5,2,"IN,TW",1
https://openalex.org/W2149718980,1,1,0,,0
https://openalex.org/W2149721188,6,12,1,US,0
https://openalex.org/W2149741866,3,3,1,US,0
https://openalex.org/W2149763625,2,4,1,DE,0
https://openalex.org/W2149764496,3,3,1,JP,0
https://openalex.org/W2149978237,1,1,0,,0
https://openalex.org/W2150002740,2,2,2,"DE,SG",1
https://openalex.org/W2150024472,2,2,0,,0
https://openalex.org/W2150048749,25,26,4,"CH,NL,PT,RU",1
https://openalex.org/W2150168539,2,2,0,,0
https://openalex.org/W2150200767,6,6,2,"EG,US",1
https://openalex.org/W2150254346,1,1,0,,0
https://openalex.org/W2150261409,5,5,1,US,0
https://openalex.org/W2150319347,2,2,2,"CZ,EG",1
https://openalex.org/W2150390979,3,3,1,US,0
https://openalex.org/W2150432352,6,12,1,PT,0
https://openalex.org/W2150438740,1,1,0,,0
https://openalex.org/W2150470352,2,2,1,TW,0
https://openalex.org/W2150522101,5,5,0,,0
https://openalex.org/W2150621410,3,3,1,GB,0
https://openalex.org/W2150627822,6,6,2,"DE,US",1
https://openalex.org/W2150648079,17,17,0,,0
https://openalex.org/W2150810190,2,2,1,US,0
https://openalex.org/W2150867648,4,8,1,CN,0
https://openalex.org/W2150911270,4,6,1,JP,0
https://openalex.org/W2151053981,14,14,1,SE,0
https://openalex.org/W2151075536,2,2,0,,0
https://openalex.org/W2151084918,11,11,1,KR,0
https://openalex.org/W2151092516,4,4,1,CA,0
https://openalex.org/W2151171406,3,3,1,US,0
https://openalex.org/W2151317137,8,8,2,"NL,US",1
https://openalex.org/W2151497708,2,2,1,US,0
https://openalex.org/W2151511962,4,4,1,CN,0
https://openalex.org/W2151695678,3,3,1,NL,0
https://openalex.org/W2151699569,10,10,1,JP,0
https://openalex.org/W2151848062,1,1,0,,0
https://openalex.org/W2151875187,2,2,1,DE,0
https://openalex.org/W2151885653,2,2,1,US,0
https://openalex.org/W2151929185,3,6,1,IT,0
https://openalex.org/W2151989351,2,2,1,US,0
https://openalex.org/W2151999442,1,1,0,,0
https://openalex.org/W2152018115,4,4,1,TW,0
https://openalex.org/W2152038974,9,9,1,US,0
https://openalex.org/W2152047944,9,13,1,BE,0
https://openalex.org/W2152088865,3,3,1,IN,0
https://openalex.org/W2152101229,1,1,0,,0
https://openalex.org/W2152201248,12,12,2,"RU,US",1
https://openalex.org/W2152216609,8,8,1,CN,0
https://openalex.org/W2152231173,1,1,0,,0
https://openalex.org/W2152436034,3,3,1,JP,0
https://openalex.org/W2152483238,9,9,1,FR,0
https://openalex.org/W2152689127,4,4,1,KR,0
https://openalex.org/W2152710477,5,10,1,CN,0
https://openalex.org/W2152711677,2,2,1,IL,0
https://openalex.org/W2152751064,9,9,2,"CZ,JP",1
https://openalex.org/W2152842094,5,5,2,"IT,US",1
https://openalex.org/W2152955997,1,1,0,,0
https://openalex.org/W2152966766,2,2,1,US,0
https://openalex.org/W2152982800,8,11,1,JP,0
https://openalex.org/W2153090594,6,6,1,IT,0
https://openalex.org/W2153220320,4,4,1,CA,0
https://openalex.org/W2153236431,4,4,2,"PL,US",1
https://openalex.org/W2153271350,3,3,1,KR,0
https://openalex.org/W2153278033,3,3,1,US,0
https://openalex.org/W2153326397,6,6,1,KR,0
https://openalex.org/W2153330554,2,2,1,US,0
https://openalex.org/W2153491013,4,4,1,ES,0
https://openalex.org/W2153495017,2,2,1,HK,0
https://openalex.org/W2153614121,5,6,2,"BR,FR",1
https://openalex.org/W2153640063,5,5,1,IL,0
https://openalex.org/W2153677669,4,5,2,"KR,US",1
https://openalex.org/W2153750764,2,2,1,FR,0
https://openalex.org/W2153790714,2,2,1,GR,0
https://openalex.org/W2153851540,7,7,2,"FR,US",1
https://openalex.org/W2153866724,6,6,1,ES,0
https://openalex.org/W2153954682,25,28,2,"IT,US",1
https://openalex.org/W2153988014,6,6,1,US,0
https://openalex.org/W2154058146,2,4,1,HU,0
https://openalex.org/W2154058917,7,8,2,"ES,UY",1
https://openalex.org/W2154065387,3,4,1,IL,0
https://openalex.org/W2154073130,7,7,1,HK,0
https://openalex.org/W2154088611,3,3,1,TW,0
https://openalex.org/W2154098930,11,11,1,BE,0
https://openalex.org/W2154120741,3,3,1,SG,0
https://openalex.org/W2154122128,5,5,1,SI,0
https://openalex.org/W2154132842,1,1,0,,0
https://openalex.org/W2154290288,8,8,1,MX,0
https://openalex.org/W2154315905,1,1,0,,0
https://openalex.org/W2154382267,2,2,1,ES,0
https://openalex.org/W2154438359,99,160,6,"AM,DE,FR,GB,IE,ZA",1
https://openalex.org/W2154441326,2,2,1,CA,0
https://openalex.org/W2154539299,3,3,1,US,0
https://openalex.org/W2154570173,1,1,0,,0
https://openalex.org/W2154582853,2,2,1,US,0
https://openalex.org/W2154587117,3,3,1,JP,0
https://openalex.org/W2154676761,7,7,1,US,0
https://openalex.org/W2154783442,2,5,2,"CA,CN",1
https://openalex.org/W2154790208,4,4,1,GB,0
https://openalex.org/W2154878901,5,5,1,US,0
https://openalex.org/W2154929803,4,4,1,US,0
https://openalex.org/W2155223866,4,4,1,JP,0
https://openalex.org/W2155232718,20,21,2,"DE,IT",1
https://openalex.org/W2155274672,6,6,2,"CA,IR",1
https://openalex.org/W2155417608,3,3,1,NL,0
https://openalex.org/W2155474747,7,7,1,IT,0
https://openalex.org/W2155512932,7,13,1,US,0
https://openalex.org/W2155567041,8,24,1,US,0
https://openalex.org/W2155667231,4,4,1,FI,0
https://openalex.org/W2155795712,7,7,3,"FR,GB,SE",1
https://openalex.org/W2155812788,5,5,1,US,0
https://openalex.org/W2155900581,2,2,1,US,0
https://openalex.org/W2155972477,6,6,1,DE,0
https://openalex.org/W2156005252,2,2,1,US,0
https://openalex.org/W2156169097,7,9,1,FR,0
https://openalex.org/W2156203446,6,6,1,FR,0
https://openalex.org/W2156285925,1,1,0,,0
https://openalex.org/W2156286254,3,4,3,"AR,CO,ES",1
https://openalex.org/W2156319443,6,6,1,CN,0
https://openalex.org/W2156346494,5,10,1,SE,0
https://openalex.org/W2156507256,3,3,0,,0
https://openalex.org/W2156507882,3,3,1,GB,0
https://openalex.org/W2156596580,5,5,1,US,0
https://openalex.org/W2156627656,10,10,2,"DK,US",1
https://openalex.org/W2156769403,8,8,2,"CA,US",1
https://openalex.org/W2156783346,8,8,1,US,0
https://openalex.org/W2156834765,4,4,1,HK,0
https://openalex.org/W2156969492,3,4,3,"DE,EG,OM",1
https://openalex.org/W2157007225,4,4,2,"TR,US",1
https://openalex.org/W2157088007,4,4,1,ES,0
https://openalex.org/W2157114654,4,5,2,"IN,US",1
https://openalex.org/W2157121187,2,2,1,TW,0
https://openalex.org/W2157151976,1,1,0,,0
https://openalex.org/W2157183046,8,8,2,"US,VE",1
https://openalex.org/W2157248380,2,4,0,,0
https://openalex.org/W2157295707,4,4,1,JP,0
https://openalex.org/W2157489568,5,5,1,KR,0
https://openalex.org/W2157546325,1,1,0,,0
https://openalex.org/W2157561825,4,4,1,KR,0
https://openalex.org/W2157651480,5,5,2,"AU,GB",1
https://openalex.org/W2157665758,2,2,1,US,0
https://openalex.org/W2157752517,4,4,0,,0
https://openalex.org/W2157832152,1,1,0,,0
https://openalex.org/W2157855764,4,4,1,DE,0
https://openalex.org/W2157907694,3,3,1,FR,0
https://openalex.org/W2157920416,10,10,1,JP,0
https://openalex.org/W2158028657,5,5,0,,0
https://openalex.org/W2158121752,17,17,1,US,0
https://openalex.org/W2158197849,6,6,1,US,0
https://openalex.org/W2158315456,1,1,0,,0
https://openalex.org/W2158481721,104,535,7,"FI,GB,IT,JP,KR,TW,US",1
https://openalex.org/W2158485309,11,12,2,"CA,CZ",1
https://openalex.org/W2158557368,7,14,1,IL,0
https://openalex.org/W2158599311,4,4,1,JP,0
https://openalex.org/W2158624108,37,37,1,FR,0
https://openalex.org/W2158689833,5,5,1,LT,0
https://openalex.org/W2158728052,1,1,0,,0
https://openalex.org/W2158774728,2,2,1,US,0
https://openalex.org/W2158792770,5,5,1,US,0
https://openalex.org/W2158826490,5,5,1,US,0
https://openalex.org/W2158853882,2,3,1,JP,0
https://openalex.org/W2158960538,2,2,1,NL,0
https://openalex.org/W2159035791,74,79,5,"BE,DE,RU,SK,US",1
https://openalex.org/W2159054436,5,5,2,"DE,US",1
https://openalex.org/W2159098075,7,7,1,KR,0
https://openalex.org/W2159145781,2,4,1,FR,0
https://openalex.org/W2159149888,3,4,1,JP,0
https://openalex.org/W2159171691,1,1,0,,0
https://openalex.org/W2159220238,3,3,1,CN,0
https://openalex.org/W2159315809,5,5,1,GB,0
https://openalex.org/W2159380658,18,19,3,"FI,FR,IT",1
https://openalex.org/W2159448663,2,2,1,IN,0
https://openalex.org/W2159483457,7,7,1,JP,0
https://openalex.org/W2159490766,4,12,1,US,0
https://openalex.org/W2159513796,5,5,0,,0
https://openalex.org/W2159584101,3,3,1,JP,0
https://openalex.org/W2159589451,10,10,1,RU,0
https://openalex.org/W2159596087,5,5,1,KR,0
https://openalex.org/W2159655228,1,2,0,,0
https://openalex.org/W2159719581,69,76,5,"DE,IT,RU,SE,US",1
https://openalex.org/W2159732121,1,1,0,,0
https://openalex.org/W2159745671,7,14,1,US,0
https://openalex.org/W2159755648,5,6,1,JP,0
https://openalex.org/W2159761122,5,6,1,US,0
https://openalex.org/W2159764448,5,5,2,"CN,HK",1
https://openalex.org/W2159975605,5,5,1,ES,0
https://openalex.org/W2159994937,9,9,1,US,0
https://openalex.org/W2160003294,3,3,1,DE,0
https://openalex.org/W2160029643,2,2,1,US,0
https://openalex.org/W2160177844,12,12,0,,0
https://openalex.org/W2160245203,4,4,1,JP,0
https://openalex.org/W2160268990,10,10,1,DE,0
https://openalex.org/W2160272172,7,7,1,NL,0
https://openalex.org/W2160380133,3,3,1,AU,0
https://openalex.org/W2160425494,4,4,1,IT,0
https://openalex.org/W2160528898,7,7,2,"DE,US",1
https://openalex.org/W2160538591,3,3,2,"AU,SG",1
https://openalex.org/W2160602274,4,4,1,IT,0
https://openalex.org/W2160606224,2,2,1,US,0
https://openalex.org/W2160740363,4,4,1,JP,0
https://openalex.org/W2160759165,3,3,1,CN,0
https://openalex.org/W2160767029,4,5,1,US,0
https://openalex.org/W2160770394,5,5,1,TR,0
https://openalex.org/W2160858884,4,12,1,FR,0
https://openalex.org/W2160866133,5,5,1,GB,0
https://openalex.org/W2160928005,8,8,1,US,0
https://openalex.org/W2160932988,4,4,1,FR,0
https://openalex.org/W2161040225,4,8,1,FR,0
https://openalex.org/W2161230969,1,1,0,,0
https://openalex.org/W2161247351,7,7,1,US,0
https://openalex.org/W2161301656,5,10,1,FR,0
https://openalex.org/W2161302808,3,3,1,NL,0
https://openalex.org/W2161445809,8,12,2,"FR,US",1
https://openalex.org/W2161501242,5,5,1,US,0
https://openalex.org/W2161516660,8,10,3,"HK,TW,US",1
https://openalex.org/W2161718930,4,4,1,GB,0
https://openalex.org/W2161869413,3,5,1,FR,0
https://openalex.org/W2161978115,3,3,1,US,0
https://openalex.org/W2162007813,7,7,1,US,0
https://openalex.org/W2162103369,2,2,0,,0
https://openalex.org/W2162154361,1,1,0,,0
https://openalex.org/W2162304203,12,12,1,ES,0
https://openalex.org/W2162426649,5,5,2,"JP,US",1
https://openalex.org/W2162511398,2,2,1,US,0
https://openalex.org/W2162605217,8,9,3,"DE,FR,SE",1
https://openalex.org/W2162654830,3,3,1,PK,0
https://openalex.org/W2162858437,4,4,2,"HK,SG",1
https://openalex.org/W2162875321,3,3,1,NL,0
https://openalex.org/W2162955103,3,3,1,IE,0
https://openalex.org/W2163014549,4,4,2,"DE,US",1
https://openalex.org/W2163047287,2,2,1,BE,0
https://openalex.org/W2163126245,2,2,0,,0
https://openalex.org/W2163126620,6,10,1,US,0
https://openalex.org/W2163227161,1,1,0,,0
https://openalex.org/W2163262687,1,1,0,,0
https://openalex.org/W2163315358,2,4,1,IT,0
https://openalex.org/W2163321594,3,3,1,US,0
https://openalex.org/W2163373502,3,3,1,US,0
https://openalex.org/W2163389589,2,2,1,US,0
https://openalex.org/W2163527056,11,21,1,US,0
https://openalex.org/W2163533029,5,9,1,US,0
https://openalex.org/W2163570910,6,7,2,"DE,IN",1
https://openalex.org/W2163701624,3,3,1,DE,0
https://openalex.org/W2163724331,4,4,1,JP,0
https://openalex.org/W2163746160,2,2,1,DE,0
https://openalex.org/W2163749277,2,2,2,"KR,US",1
https://openalex.org/W2163760807,6,6,1,CN,0
https://openalex.org/W2163765472,4,4,2,"CN,HK",1
https://openalex.org/W2163799205,9,10,3,"CH,GB,IT",1
https://openalex.org/W2163911401,6,6,1,IT,0
https://openalex.org/W2163930685,5,5,1,NL,0
https://openalex.org/W2163934436,4,4,1,TW,0
https://openalex.org/W2164147723,3,3,1,US,0
https://openalex.org/W2164153579,11,11,2,"DE,GR",1
https://openalex.org/W2164180514,3,3,1,ES,0
https://openalex.org/W2164224065,5,6,1,US,0
https://openalex.org/W2164236653,7,7,1,US,0
https://openalex.org/W2164267037,4,4,0,,0
https://openalex.org/W2164358664,3,3,1,GB,0
https://openalex.org/W2164402820,2,2,1,TW,0
https://openalex.org/W2164411046,4,4,1,JP,0
https://openalex.org/W2164418782,2,2,1,TW,0
https://openalex.org/W2164476487,5,5,2,"CH,IT",1
https://openalex.org/W2164565367,3,3,2,"IT,RU",1
https://openalex.org/W2164579340,4,12,1,FR,0
https://openalex.org/W2164593676,3,3,1,US,0
https://openalex.org/W2164615271,46,64,1,JP,0
https://openalex.org/W2164697997,4,4,2,"CA,IR",1
https://openalex.org/W2164730230,8,9,2,"JP,US",1
https://openalex.org/W2164744825,2,3,1,US,0
https://openalex.org/W2164782470,2,6,3,"AU,IN,PR",1
https://openalex.org/W2164848972,2,4,1,UA,0
https://openalex.org/W2164887171,5,5,1,US,0
https://openalex.org/W2164888788,5,5,1,CH,0
https://openalex.org/W2164912256,3,5,1,FR,0
https://openalex.org/W2164925179,15,25,3,"CH,FR,IT",1
https://openalex.org/W2164939344,1,1,0,,0
https://openalex.org/W2165122012,2,2,1,US,0
https://openalex.org/W2165130082,3,3,1,GB,0
https://openalex.org/W2165162219,7,9,4,"DE,GB,JP,US",1
https://openalex.org/W2165233518,10,10,3,"CH,JP,US",1
https://openalex.org/W2165315816,2,2,1,KR,0
https://openalex.org/W2165373013,4,4,1,US,0
https://openalex.org/W2165606836,2,2,1,US,0
https://openalex.org/W2165637632,10,20,1,FR,0
https://openalex.org/W2165651741,4,4,2,"HK,US",1
https://openalex.org/W2165687258,4,4,1,JP,0
https://openalex.org/W2165700643,3,3,1,JP,0
https://openalex.org/W2165783518,5,10,1,SG,0
https://openalex.org/W2165850157,4,5,1,US,0
https://openalex.org/W2165902660,5,5,1,US,0
https://openalex.org/W2165908156,5,5,1,CN,0
https://openalex.org/W2165935204,3,3,1,KR,0
https://openalex.org/W2166042875,4,4,1,KR,0
https://openalex.org/W2166089879,3,3,2,"TH,US",1
https://openalex.org/W2166217898,4,7,1,US,0
https://openalex.org/W2166306416,4,4,1,IT,0
https://openalex.org/W2166310977,4,4,1,US,0
https://openalex.org/W2166434754,5,8,4,"BE,FR,NL,US",1
https://openalex.org/W2166569338,5,5,1,AU,0
https://openalex.org/W2166650931,2,2,1,TW,0
https://openalex.org/W2166771548,4,4,1,CA,0
https://openalex.org/W2166774064,4,4,1,DE,0
https://openalex.org/W2166775983,4,4,2,"DE,ZA",1
https://openalex.org/W2166804795,16,20,1,US,0
https://openalex.org/W2166812425,7,7,1,KR,0
https://openalex.org/W2166884860,4,4,1,US,0
https://openalex.org/W2166924517,8,8,1,JP,0
https://openalex.org/W2166957117,3,3,1,KR,0
https://openalex.org/W2167066897,3,3,1,JP,0
https://openalex.org/W2167080551,8,8,2,"DE,JP",1
https://openalex.org/W2167110238,3,3,1,DE,0
https://openalex.org/W2167118396,3,6,1,CN,0
https://openalex.org/W2167136240,6,6,1,US,0
https://openalex.org/W2167175460,3,7,2,"HU,NL",1
https://openalex.org/W2167356313,3,6,1,TW,0
https://openalex.org/W2167506632,3,3,1,US,0
https://openalex.org/W2167552213,3,3,1,US,0
https://openalex.org/W2167621658,1,2,0,,0
https://openalex.org/W2167644948,4,4,0,,0
https://openalex.org/W2167650516,2,2,1,JP,0
https://openalex.org/W2167667548,5,5,1,US,0
https://openalex.org/W2167680316,2,2,1,KR,0
https://openalex.org/W2167687756,6,6,1,FI,0
https://openalex.org/W2167698433,3,3,1,US,0
https://openalex.org/W2167704535,5,5,1,KR,0
https://openalex.org/W2167711821,4,4,2,"CN,US",1
https://openalex.org/W2167713185,3,3,1,HK,0
https://openalex.org/W2167764858,5,10,2,"DE,US",1
https://openalex.org/W2167779978,14,15,1,US,0
https://openalex.org/W2167797426,8,8,3,"AT,HU,IT",1
https://openalex.org/W2167812325,6,6,5,"KE,MZ,SC,TZ,ZA",1
https://openalex.org/W2167887387,4,4,1,CH,0
https://openalex.org/W2167991809,3,3,1,JP,0
https://openalex.org/W2168006759,8,8,1,JP,0
https://openalex.org/W2168238305,3,3,1,HK,0
https://openalex.org/W2168268465,4,4,1,US,0
https://openalex.org/W2168290901,12,12,1,US,0
https://openalex.org/W2168546048,5,5,1,JP,0
https://openalex.org/W2168770023,1,1,0,,0
https://openalex.org/W2168813388,2,2,1,RU,0
https://openalex.org/W2168844407,4,4,1,KR,0
https://openalex.org/W2168864262,53,66,4,"CH,CN,JP,US",1
https://openalex.org/W2168886328,9,9,3,"DE,FI,GB",1
https://openalex.org/W2168891218,1,2,0,,0
https://openalex.org/W2168962033,2,2,1,US,0
https://openalex.org/W2169079128,6,7,2,"CN,HK",1
https://openalex.org/W2169172590,1,1,0,,0
https://openalex.org/W2169252774,2,2,2,"FR,US",1
https://openalex.org/W2169342550,27,28,4,"FR,IT,PL,SE",1
https://openalex.org/W2169371410,4,4,1,JP,0
https://openalex.org/W2169382854,2,4,2,"CL,TJ",1
https://openalex.org/W2169422621,4,16,1,US,0
https://openalex.org/W2169460864,7,7,1,US,0
https://openalex.org/W2169557833,22,25,2,"MX,US",1
https://openalex.org/W2169580061,6,9,1,TW,0
https://openalex.org/W2169590080,1,1,0,,0
https://openalex.org/W2169620496,5,5,2,"IN,MY",1
https://openalex.org/W2169634082,6,6,2,"DE,IT",1
https://openalex.org/W2169658949,5,5,1,KR,0
https://openalex.org/W2169762840,5,5,1,US,0
https://openalex.org/W2169832771,3,3,1,US,0
https://openalex.org/W2169856651,4,4,1,HK,0
https://openalex.org/W2169966124,6,6,1,US,0
https://openalex.org/W2170098963,11,11,4,"DE,DK,FI,NL",1
https://openalex.org/W2170102287,7,7,1,US,0
https://openalex.org/W2170122204,3,3,1,CH,0
https://openalex.org/W2170147701,2,2,1,US,0
https://openalex.org/W2170253785,5,5,0,,0
https://openalex.org/W2170421322,6,6,1,SG,0
https://openalex.org/W2170444538,18,28,1,FR,0
https://openalex.org/W2170458096,3,6,1,CN,0
https://openalex.org/W2170509509,2,2,0,,0
https://openalex.org/W2170595276,4,4,1,JP,0
https://openalex.org/W2170606458,3,3,1,FI,0
https://openalex.org/W2170634621,11,18,1,US,0
https://openalex.org/W2170716489,2,2,1,US,0
https://openalex.org/W2171111758,5,5,1,GR,0
https://openalex.org/W2171181564,11,12,2,"GB,US",1
https://openalex.org/W2171245582,19,19,1,IL,0
https://openalex.org/W2171368025,4,4,1,CA,0
https://openalex.org/W2171483386,2,2,1,US,0
https://openalex.org/W2171523458,2,2,1,US,0
https://openalex.org/W2171725794,5,6,1,TW,0
https://openalex.org/W2171819094,2,4,1,IT,0
https://openalex.org/W2171898010,1,1,0,,0
https://openalex.org/W2171902579,6,6,1,JP,0
https://openalex.org/W2171909943,5,5,1,RU,0
https://openalex.org/W2171991658,3,4,2,"JP,US",1
https://openalex.org/W2172112159,5,5,1,GB,0
https://openalex.org/W2172144662,5,5,1,KR,0
https://openalex.org/W2172156587,17,18,2,"DE,US",1
https://openalex.org/W2172185362,7,8,1,US,0
https://openalex.org/W2172554697,10,10,1,JP,0
https://openalex.org/W2173150256,4,4,0,,0
https://openalex.org/W2173514417,5,5,0,,0
https://openalex.org/W2174497861,5,5,1,FR,0
https://openalex.org/W2174544287,5,6,1,US,0
https://openalex.org/W2174558545,4,4,1,CA,0
https://openalex.org/W2176265683,1,1,0,,0
https://openalex.org/W2176365691,4,4,0,,0
https://openalex.org/W2176683925,4,4,1,IT,0
https://openalex.org/W2176837850,4,4,1,CN,0
https://openalex.org/W2177236368,4,4,1,SI,0
https://openalex.org/W2178111742,5,6,1,US,0
https://openalex.org/W2179749519,2,2,0,,0
https://openalex.org/W2180333648,32,33,8,"BY,CZ,DE,GB,IL,PL,RU,US",1
https://openalex.org/W2181379631,3,3,0,,0
https://openalex.org/W2181952836,5,5,1,DE,0
https://openalex.org/W2183296335,5,5,0,,0
https://openalex.org/W2183465603,5,6,2,"CA,CN",1
https://openalex.org/W2187175874,5,5,0,,0
https://openalex.org/W2193006131,3,3,1,AR,0
https://openalex.org/W2198765578,8,8,1,JP,0
https://openalex.org/W2201513899,4,4,1,JP,0
https://openalex.org/W2206105425,4,4,1,TW,0
https://openalex.org/W2210357438,5,5,0,,0
https://openalex.org/W2220136247,5,5,0,,0
https://openalex.org/W2220233044,11,11,4,"DE,FR,RU,US",1
https://openalex.org/W2242297275,3,3,1,CN,0
https://openalex.org/W2246469506,3,3,1,AE,0
https://openalex.org/W2253318180,10,10,1,IT,0
https://openalex.org/W22544431,3,3,1,US,0
https://openalex.org/W2258425426,4,4,1,CN,0
https://openalex.org/W2263971098,4,4,1,US,0
https://openalex.org/W2275189177,3,3,0,,0
https://openalex.org/W2277862789,1,1,0,,0
https://openalex.org/W2280605698,2,4,1,CN,0
https://openalex.org/W2290634177,4,8,1,CA,0
https://openalex.org/W2302061005,1,1,0,,0
https://openalex.org/W2313005618,2,2,0,,0
https://openalex.org/W2313805020,5,5,0,,0
https://openalex.org/W2314446000,3,3,1,JP,0
https://openalex.org/W2316150445,73,77,4,"CZ,FR,RU,UA",1
https://openalex.org/W2316300333,7,7,1,RU,0
https://openalex.org/W2317364262,1,1,0,,0
https://openalex.org/W2318020524,10,10,1,US,0
https://openalex.org/W2318099307,2,2,1,US,0
https://openalex.org/W2319371675,4,4,1,KR,0
https://openalex.org/W2320865871,3,3,0,,0
https://openalex.org/W2320919408,3,3,0,,0
https://openalex.org/W2321465297,1,1,0,,0
https://openalex.org/W2321884832,3,3,2,"FR,IN",1
https://openalex.org/W2322023398,5,5,1,KR,0
https://openalex.org/W2323220655,7,7,2,"AT,SK",1
https://openalex.org/W2323222286,1,1,0,,0
https://openalex.org/W2323249550,3,3,1,BE,0
https://openalex.org/W2324290783,3,3,0,,0
https://openalex.org/W232467896,6,6,1,CN,0
https://openalex.org/W2325409427,6,6,1,JP,0
https://openalex.org/W2327004876,3,3,1,JP,0
https://openalex.org/W2327161326,3,3,2,"AU,IN",1
https://openalex.org/W2328580215,4,5,1,BR,0
https://openalex.org/W2330435121,5,5,0,,0
https://openalex.org/W2330868737,6,6,1,KR,0
https://openalex.org/W2332829476,4,4,1,IN,0
https://openalex.org/W2332954111,3,3,1,IN,0
https://openalex.org/W2334010425,5,5,2,"CZ,JP",1
https://openalex.org/W2337983278,4,4,1,JP,0
https://openalex.org/W2385381221,2,2,1,GB,0
https://openalex.org/W2399445278,2,2,0,,0
https://openalex.org/W2406888451,4,4,1,KR,0
https://openalex.org/W2411113163,10,23,1,CN,0
https://openalex.org/W24113998,4,4,0,,0
https://openalex.org/W2424207987,3,3,1,CN,0
https://openalex.org/W2464239779,3,9,1,FR,0
https://openalex.org/W2465235918,2,2,1,KR,0
https://openalex.org/W2472545768,2,2,0,,0
https://openalex.org/W2480500445,3,3,1,DE,0
https://openalex.org/W2483491846,5,5,1,DE,0
https://openalex.org/W248487765,1,1,0,,0
https://openalex.org/W2508925104,4,4,1,CN,0
https://openalex.org/W2510160077,2,2,1,DE,0
https://openalex.org/W2512683308,5,5,1,JP,0
https://openalex.org/W2512860708,1,1,0,,0
https://openalex.org/W2513536823,4,5,1,JP,0
https://openalex.org/W2514396134,6,6,1,JP,0
https://openalex.org/W2516815911,5,5,1,JP,0
https://openalex.org/W2517854472,1,1,0,,0
https://openalex.org/W2518843532,6,6,1,JP,0
https://openalex.org/W2520233402,5,7,1,JP,0
https://openalex.org/W2521155043,2,2,2,"DE,JP",1
https://openalex.org/W2521174607,5,5,1,JP,0
https://openalex.org/W2521719521,4,4,1,JP,0
https://openalex.org/W2522197375,7,7,1,JP,0
https://openalex.org/W2524243461,7,7,1,JP,0
https://openalex.org/W2524569874,3,3,1,JP,0
https://openalex.org/W2528278719,7,7,1,JP,0
https://openalex.org/W2528460696,7,11,3,"DE,JP,US",1
https://openalex.org/W2529417893,1,1,0,,0
https://openalex.org/W2553222589,1,1,0,,0
https://openalex.org/W255957454,34,35,5,"GR,IT,RU,SK,UA",1
https://openalex.org/W2563076815,3,4,2,"DE,PL",1
https://openalex.org/W2574063315,2,2,0,,0
https://openalex.org/W2604727268,6,10,2,"DE,RU",1
https://openalex.org/W2623356816,6,8,1,CN,0
https://openalex.org/W2741102036,2,2,1,BR,0
https://openalex.org/W2742811730,3,3,1,JP,0
https://openalex.org/W2745350874,6,6,1,RU,0
https://openalex.org/W2750461573,6,12,1,JP,0
https://openalex.org/W276365152,1,1,0,,0
https://openalex.org/W2784931853,3,5,1,PL,0
https://openalex.org/W2791816772,1,1,0,,0
https://openalex.org/W2793703604,4,4,1,JP,0
https://openalex.org/W2903756332,3,3,1,BG,0
https://openalex.org/W2944906186,4,8,1,US,0
https://openalex.org/W2950375325,7,15,1,FR,0
https://openalex.org/W2951234299,1,1,0,,0
https://openalex.org/W2951777221,1,1,0,,0
https://openalex.org/W2951983720,5,10,1,PL,0
https://openalex.org/W2952281343,3,3,1,EG,0
https://openalex.org/W2952887366,2,2,0,,0
https://openalex.org/W2983711494,1,1,0,,0
https://openalex.org/W2984521044,3,6,1,FR,0
https://openalex.org/W2985106606,3,3,2,"GB,IT",1
https://openalex.org/W2987077892,4,4,1,ES,0
https://openalex.org/W2987270683,4,17,2,"CA,FR",1
https://openalex.org/W3009741771,4,4,1,JP,0
https://openalex.org/W3010173329,3,3,1,GB,0
https://openalex.org/W301898206,1,1,0,,0
https://openalex.org/W3020867216,1,1,0,,0
https://openalex.org/W3021591230,6,6,0,,0
https://openalex.org/W3037053388,1,1,0,,0
https://openalex.org/W3037379077,1,1,0,,0
https://openalex.org/W3045022794,1,1,0,,0
https://openalex.org/W3098019172,3,3,1,IT,0
https://openalex.org/W3098427692,3,7,3,"DE,FR,RU",1
https://openalex.org/W3098865441,3,6,1,PL,0
https://openalex.org/W3098886756,3,3,1,DE,0
https://openalex.org/W3099076641,4,4,1,GB,0
https://openalex.org/W3099083900,2,2,1,CA,0
https://openalex.org/W3099160695,1,1,0,,0
https://openalex.org/W3099357596,2,2,1,NL,0
https://openalex.org/W3099470728,3,3,1,DE,0
https://openalex.org/W3099638761,3,3,1,NL,0
https://openalex.org/W3099708900,1,1,0,,0
https://openalex.org/W3099901108,1,1,0,,0
https://openalex.org/W3099961740,2,2,2,"DE,ES",1
https://openalex.org/W3100333693,1,1,0,,0
https://openalex.org/W3101318769,2,3,1,NL,0
https://openalex.org/W3101606816,5,5,1,IL,0
https://openalex.org/W3101625996,2,2,1,KR,0
https://openalex.org/W3101717586,2,4,1,CN,0
https://openalex.org/W3102068973,10,10,1,US,0
https://openalex.org/W3102292145,2,3,2,"MX,US",1
https://openalex.org/W3102317780,3,3,1,MX,0
https://openalex.org/W3102601612,3,3,1,BE,0
https://openalex.org/W3102860561,3,4,2,"IN,US",1
https://openalex.org/W3102866568,4,5,3,"AU,NZ,PL",1
https://openalex.org/W3102988326,2,2,1,IN,0
https://openalex.org/W3103332870,3,3,1,RU,0
https://openalex.org/W3103533294,6,7,1,DE,0
https://openalex.org/W3103716732,1,1,0,,0
https://openalex.org/W3104161117,8,13,2,"GB,US",1
https://openalex.org/W3104273157,1,2,0,,0
https://openalex.org/W3104338414,4,4,1,UA,0
https://openalex.org/W3104889133,1,1,0,,0
https://openalex.org/W3105175320,3,3,3,"CH,GB,RU",1
https://openalex.org/W3105233890,3,5,2,"TW,US",1
https://openalex.org/W3106031985,2,2,2,"IN,PR",1
https://openalex.org/W3106250794,4,4,2,"GB,US",1
https://openalex.org/W3106252663,1,6,0,,0
https://openalex.org/W3106365531,2,2,1,US,0
https://openalex.org/W3121606110,1,1,0,,0
https://openalex.org/W3121635736,2,2,1,US,0
https://openalex.org/W3122014834,1,1,0,,0
https://openalex.org/W3122608088,19,26,4,"AU,GB,NL,US",1
https://openalex.org/W3142542246,2,2,1,TW,0
https://openalex.org/W3145358175,4,4,1,US,0
https://openalex.org/W3150416291,2,2,1,US,0
https://openalex.org/W3158059807,2,2,1,PL,0
https://openalex.org/W3215620772,4,4,1,TW,0
https://openalex.org/W3216338323,4,4,1,TW,0
https://openalex.org/W3216789408,9,9,1,JP,0
https://openalex.org/W348301749,6,6,1,CN,0
https://openalex.org/W354668540,4,4,1,JP,0
https://openalex.org/W362146363,1,1,0,,0
https://openalex.org/W36378725,2,2,1,CN,0
https://openalex.org/W363901044,3,3,1,KR,0
https://openalex.org/W4229573468,3,3,1,BE,0
https://openalex.org/W4229582067,3,3,1,JP,0
https://openalex.org/W4230230753,2,2,0,,0
https://openalex.org/W4231330570,4,4,1,JP,0
https://openalex.org/W4231568796,6,7,1,PL,0
https://openalex.org/W4232558546,3,3,1,US,0
https://openalex.org/W4232664667,3,3,1,US,0
https://openalex.org/W4233375294,2,2,1,US,0
https://openalex.org/W4233562934,1,1,0,,0
https://openalex.org/W4233622687,1,3,0,,0
https://openalex.org/W4233847914,3,6,1,DE,0
https://openalex.org/W4234068203,1,1,0,,0
https://openalex.org/W4234243625,4,4,1,UA,0
https://openalex.org/W4234284715,17,17,1,US,0
https://openalex.org/W4234777183,7,7,1,CH,0
https://openalex.org/W4234792920,3,4,1,US,0
https://openalex.org/W4235971963,2,2,1,GB,0
https://openalex.org/W4235977958,1,1,0,,0
https://openalex.org/W4236420671,6,6,1,AU,0
https://openalex.org/W4236508698,5,9,1,BR,0
https://openalex.org/W4236761794,3,3,1,CN,0
https://openalex.org/W4236838086,4,4,2,"BE,NL",1
https://openalex.org/W4236975009,2,3,1,RU,0
https://openalex.org/W4236991301,3,3,1,US,0
https://openalex.org/W4237191732,3,3,1,DE,0
https://openalex.org/W4239524121,2,2,0,,0
https://openalex.org/W4239547471,5,5,1,IN,0
https://openalex.org/W4241202532,1,1,0,,0
https://openalex.org/W4241211280,3,3,1,NL,0
https://openalex.org/W4241402314,5,5,1,MX,0
https://openalex.org/W4243137281,3,3,1,JP,0
https://openalex.org/W4243436358,1,1,0,,0
https://openalex.org/W4244186169,3,3,1,US,0
https://openalex.org/W4245542396,2,2,0,,0
https://openalex.org/W4245724263,4,5,4,"BE,DE,NL,US",1
https://openalex.org/W4246351486,2,2,1,IN,0
https://openalex.org/W4246604801,1,1,0,,0
https://openalex.org/W4246818957,8,8,1,US,0
https://openalex.org/W4247803124,1,1,0,,0
https://openalex.org/W4248034478,2,2,1,UA,0
https://openalex.org/W4248368242,4,4,1,AU,0
https://openalex.org/W4249862760,6,6,1,CN,0
https://openalex.org/W4250374586,3,8,1,GB,0
https://openalex.org/W4251688376,2,2,1,JP,0
https://openalex.org/W4252754479,1,1,0,,0
https://openalex.org/W4253480921,2,4,3,"CA,RU,SE",1
https://openalex.org/W4253557428,7,7,0,,0
https://openalex.org/W4253778669,5,5,1,JP,0
https://openalex.org/W4253795430,5,5,1,MX,0
https://openalex.org/W4254639971,4,4,1,CN,0
https://openalex.org/W4255449125,2,2,1,CL,0
https://openalex.org/W4256300459,2,2,1,JP,0
https://openalex.org/W4297816610,6,10,2,"FR,PL",1
https://openalex.org/W4298035175,5,7,1,FR,0
https://openalex.org/W44069073,4,5,2,"FR,RO",1
https://openalex.org/W64947157,1,1,0,,0
https://openalex.org/W67663331,3,5,2,"BG,RU",1
https://openalex.org/W72658580,6,6,1,IT,0
https://openalex.org/W878203179,4,8,1,RU,0
https://openalex.org/W987512537,8,8,1,PL,0
