focal_id,delay_years_to_top5
https://openalex.org/W108024977,0
https://openalex.org/W115650655,0
https://openalex.org/W117169736,0
https://openalex.org/W1230367920,0
https://openalex.org/W126685599,1
https://openalex.org/W1273617668,0
https://openalex.org/W1444008823,0
https://openalex.org/W1480046766,0
https://openalex.org/W1480650256,4
https://openalex.org/W1481167800,0
https://openalex.org/W1483987581,0
https://openalex.org/W1484824299,0
https://openalex.org/W1486496099,0
https://openalex.org/W1493994261,4
https://openalex.org/W1494381180,1
https://openalex.org/W1494393818,4
https://openalex.org/W1494459977,2
https://openalex.org/W1495123273,5
https://openalex.org/W1495333076,2
https://openalex.org/W1498444562,0
https://openalex.org/W1503244141,0
https://openalex.org/W1507675710,0
https://openalex.org/W1507800992,0
https://openalex.org/W1512359776,0
https://openalex.org/W1514019162,2
https://openalex.org/W1520776793,0
https://openalex.org/W1522333856,4
https://openalex.org/W1529467583,5
https://openalex.org/W1529747175,0
https://openalex.org/W1533302841,0
https://openalex.org/W1546698136,0
https://openalex.org/W1550538508,2
https://openalex.org/W1551948290,0
https://openalex.org/W1552531764,0
https://openalex.org/W1554123368,2
https://openalex.org/W1560716168,0
https://openalex.org/W1565350176,0
https://openalex.org/W1565924116,3
https://openalex.org/W1566547551,3
https://openalex.org/W1569052678,12
https://openalex.org/W1569821734,8
https://openalex.org/W1572684301,0
https://openalex.org/W157342397,0
https://openalex.org/W1575469340,5
https://openalex.org/W1575765717,11
https://openalex.org/W1575998317,5
https://openalex.org/W1578633171,2
https://openalex.org/W1578929904,0
https://openalex.org/W1579737275,0
https://openalex.org/W1580865117,1
https://openalex.org/W1581497715,0
https://openalex.org/W1581636513,0
https://openalex.org/W1585656846,0
https://openalex.org/W1586944606,0
https://openalex.org/W1587102070,6
https://openalex.org/W1590692192,5
https://openalex.org/W1591192234,0
https://openalex.org/W1592717704,7
https://openalex.org/W1593490313,0
https://openalex.org/W1594428987,0
https://openalex.org/W1597445150,0
https://openalex.org/W1599812992,7
https://openalex.org/W1605387936,0
https://openalex.org/W1606875057,0
https://openalex.org/W1624915,0
https://openalex.org/W1650473584,1
https://openalex.org/W165753591,8
https://openalex.org/W167495332,2
https://openalex.org/W1678543818,0
https://openalex.org/W1682711,0
https://openalex.org/W1710455806,10
https://openalex.org/W1756232489,0
https://openalex.org/W1756473269,2
https://openalex.org/W1784320157,0
https://openalex.org/W1789667858,0
https://openalex.org/W1794479781,0
https://openalex.org/W1823600343,7
https://openalex.org/W1824574472,4
https://openalex.org/W1826462893,6
https://openalex.org/W1828190494,0
https://openalex.org/W1832350940,0
https://openalex.org/W1833189653,0
https://openalex.org/W1834215676,2
https://openalex.org/W1847909360,4
https://openalex.org/W1849217925,0
https://openalex.org/W1860377313,2
https://openalex.org/W1867870641,0
https://openalex.org/W1868640023,0
https://openalex.org/W1869731294,9
https://openalex.org/W1888972438,2
https://openalex.org/W1898129882,11
https://openalex.org/W1901060739,1
https://openalex.org/W1901358747,0
https://openalex.org/W1904324197,0
https://openalex.org/W190633264,0
https://openalex.org/W1917522134,1
https://openalex.org/W1919496112,0
https://openalex.org/W1920165987,0
https://openalex.org/W1929904629,1
https://openalex.org/W1933064695,0
https://openalex.org/W1934536375,3
https://openalex.org/W1935358798,2
https://openalex.org/W1936749937,0
https://openalex.org/W1938033814,1
https://openalex.org/W1942260081,9
https://openalex.org/W1945772971,9
https://openalex.org/W1951769915,1
https://openalex.org/W1953348353,1
https://openalex.org/W1955170739,5
https://openalex.org/W1956187071,0
https://openalex.org/W1957469404,0
https://openalex.org/W1958166438,0
https://openalex.org/W1959018246,0
https://openalex.org/W1963451376,0
https://openalex.org/W1963505769,1
https://openalex.org/W1963613586,0
https://openalex.org/W1963617954,1
https://openalex.org/W1963634671,8
https://openalex.org/W1963653227,0
https://openalex.org/W1963658640,0
https://openalex.org/W1963687618,0
https://openalex.org/W1963692091,0
https://openalex.org/W1963709575,0
https://openalex.org/W1963790044,0
https://openalex.org/W1963829045,5
https://openalex.org/W1963891395,1
https://openalex.org/W1963911638,1
https://openalex.org/W1963924734,1
https://openalex.org/W1963930255,0
https://openalex.org/W1963939310,0
https://openalex.org/W1963993938,2
https://openalex.org/W1963996328,0
https://openalex.org/W1964000645,3
https://openalex.org/W1964015482,1
https://openalex.org/W1964052049,0
https://openalex.org/W1964066909,0
https://openalex.org/W1964068298,7
https://openalex.org/W1964141979,0
https://openalex.org/W1964151481,0
https://openalex.org/W1964169759,1
https://openalex.org/W1964186201,0
https://openalex.org/W1964201760,0
https://openalex.org/W1964254594,3
https://openalex.org/W1964259950,0
https://openalex.org/W1964273530,0
https://openalex.org/W1964281871,0
https://openalex.org/W1964305468,0
https://openalex.org/W1964331476,3
https://openalex.org/W1964342177,0
https://openalex.org/W1964348478,0
https://openalex.org/W1964367169,1
https://openalex.org/W1964386623,4
https://openalex.org/W1964388922,0
https://openalex.org/W1964396524,0
https://openalex.org/W1964403831,7
https://openalex.org/W1964413735,0
https://openalex.org/W1964432598,2
https://openalex.org/W1964470898,0
https://openalex.org/W1964476583,1
https://openalex.org/W1964479849,3
https://openalex.org/W1964480609,0
https://openalex.org/W1964489900,0
https://openalex.org/W1964513397,0
https://openalex.org/W1964518731,1
https://openalex.org/W1964554807,0
https://openalex.org/W1964572873,0
https://openalex.org/W1964579658,0
https://openalex.org/W1964580509,0
https://openalex.org/W1964588773,3
https://openalex.org/W1964627739,0
https://openalex.org/W1964639408,0
https://openalex.org/W1964686351,0
https://openalex.org/W1964688441,0
https://openalex.org/W1964695617,1
https://openalex.org/W1964709946,0
https://openalex.org/W1964725873,0
https://openalex.org/W1964733405,0
https://openalex.org/W1964741678,0
https://openalex.org/W1964782843,0
https://openalex.org/W1964796755,3
https://openalex.org/W1964803219,0
https://openalex.org/W1964821113,0
https://openalex.org/W1964830127,0
https://openalex.org/W1964861223,11
https://openalex.org/W1964880954,0
https://openalex.org/W1964885760,0
https://openalex.org/W1964888264,0
https://openalex.org/W1964946463,2
https://openalex.org/W1964983666,0
https://openalex.org/W1965035550,0
https://openalex.org/W1965042932,0
https://openalex.org/W1965045198,0
https://openalex.org/W1965056810,1
https://openalex.org/W1965064100,0
https://openalex.org/W1965074632,0
https://openalex.org/W1965108716,10
https://openalex.org/W1965183335,0
https://openalex.org/W1965219699,1
https://openalex.org/W1965245377,0
https://openalex.org/W1965256060,2
https://openalex.org/W1965299039,3
https://openalex.org/W1965425459,0
https://openalex.org/W1965451989,7
https://openalex.org/W1965455471,0
https://openalex.org/W1965473337,0
https://openalex.org/W1965508844,3
https://openalex.org/W1965530784,0
https://openalex.org/W1965534072,0
https://openalex.org/W1965557625,0
https://openalex.org/W1965610383,0
https://openalex.org/W1965615269,0
https://openalex.org/W1965644654,1
https://openalex.org/W1965647860,0
https://openalex.org/W1965648538,2
https://openalex.org/W1965670209,3
https://openalex.org/W1965724902,7
https://openalex.org/W1965741891,10
https://openalex.org/W1965758652,0
https://openalex.org/W1965769279,2
https://openalex.org/W1965781270,0
https://openalex.org/W1965866284,12
https://openalex.org/W1965874592,0
https://openalex.org/W1965901169,0
https://openalex.org/W1965923584,0
https://openalex.org/W1965936836,4
https://openalex.org/W1965953894,0
https://openalex.org/W1966015129,0
https://openalex.org/W1966016813,2
https://openalex.org/W1966043962,2
https://openalex.org/W1966044508,3
https://openalex.org/W1966062221,3
https://openalex.org/W1966094397,0
https://openalex.org/W1966108608,0
https://openalex.org/W1966138258,7
https://openalex.org/W1966146321,0
https://openalex.org/W1966154089,0
https://openalex.org/W1966180203,0
https://openalex.org/W1966210406,0
https://openalex.org/W1966239666,0
https://openalex.org/W1966248246,0
https://openalex.org/W1966260016,6
https://openalex.org/W1966326041,0
https://openalex.org/W1966345602,8
https://openalex.org/W1966348926,0
https://openalex.org/W1966362194,0
https://openalex.org/W1966442012,0
https://openalex.org/W1966457514,0
https://openalex.org/W1966459703,0
https://openalex.org/W1966550331,3
https://openalex.org/W1966561093,0
https://openalex.org/W1966570148,3
https://openalex.org/W1966594160,0
https://openalex.org/W1966595335,0
https://openalex.org/W1966607572,0
https://openalex.org/W1966615762,0
https://openalex.org/W1966633013,11
https://openalex.org/W1966636568,2
https://openalex.org/W1966649591,0
https://openalex.org/W1966658523,0
https://openalex.org/W1966675365,2
https://openalex.org/W1966798609,0
https://openalex.org/W1966814616,0
https://openalex.org/W1966862087,0
https://openalex.org/W1966891922,0
https://openalex.org/W1966913064,0
https://openalex.org/W1966913945,0
https://openalex.org/W1966962545,1
https://openalex.org/W1966974269,0
https://openalex.org/W1966995865,0
https://openalex.org/W1967016199,0
https://openalex.org/W1967027992,0
https://openalex.org/W1967033533,6
https://openalex.org/W1967048565,0
https://openalex.org/W1967052888,1
https://openalex.org/W1967052996,0
https://openalex.org/W1967066794,0
https://openalex.org/W1967088735,0
https://openalex.org/W1967092455,0
https://openalex.org/W1967102469,3
https://openalex.org/W1967113366,0
https://openalex.org/W1967165782,0
https://openalex.org/W1967183649,0
https://openalex.org/W1967197452,8
https://openalex.org/W1967225311,1
https://openalex.org/W1967246015,0
https://openalex.org/W1967276368,0
https://openalex.org/W1967277204,2
https://openalex.org/W1967310887,8
https://openalex.org/W1967314980,0
https://openalex.org/W1967347444,0
https://openalex.org/W1967368555,2
https://openalex.org/W1967376469,2
https://openalex.org/W1967383412,1
https://openalex.org/W1967393182,0
https://openalex.org/W1967424458,0
https://openalex.org/W1967434219,1
https://openalex.org/W1967461997,0
https://openalex.org/W1967466603,2
https://openalex.org/W1967473885,0
https://openalex.org/W1967510635,1
https://openalex.org/W1967516318,0
https://openalex.org/W1967553915,0
https://openalex.org/W1967556129,4
https://openalex.org/W1967567840,12
https://openalex.org/W1967582287,0
https://openalex.org/W1967594600,0
https://openalex.org/W1967595728,0
https://openalex.org/W1967596679,0
https://openalex.org/W1967650174,0
https://openalex.org/W1967667288,0
https://openalex.org/W1967681347,0
https://openalex.org/W1967704265,0
https://openalex.org/W1967718609,0
https://openalex.org/W1967751376,0
https://openalex.org/W1967787487,0
https://openalex.org/W1967818925,0
https://openalex.org/W1967844135,0
https://openalex.org/W1967928314,6
https://openalex.org/W1967934089,0
https://openalex.org/W1967946475,0
https://openalex.org/W1967951010,0
https://openalex.org/W1967983229,0
https://openalex.org/W1968027542,3
https://openalex.org/W1968033109,0
https://openalex.org/W1968047242,0
https://openalex.org/W1968052901,0
https://openalex.org/W1968055873,0
https://openalex.org/W1968060914,0
https://openalex.org/W1968089423,2
https://openalex.org/W1968093079,0
https://openalex.org/W1968108850,1
https://openalex.org/W1968133482,0
https://openalex.org/W1968138528,3
https://openalex.org/W1968162562,2
https://openalex.org/W1968209450,9
https://openalex.org/W1968215980,11
https://openalex.org/W1968222033,4
https://openalex.org/W1968242648,0
https://openalex.org/W1968244368,0
https://openalex.org/W1968252535,0
https://openalex.org/W1968263147,0
https://openalex.org/W1968350809,0
https://openalex.org/W1968363955,2
https://openalex.org/W1968393257,3
https://openalex.org/W1968397407,11
https://openalex.org/W1968456274,0
https://openalex.org/W1968473124,1
https://openalex.org/W1968475117,0
https://openalex.org/W1968501422,0
https://openalex.org/W1968526232,1
https://openalex.org/W1968540490,0
https://openalex.org/W1968545035,0
https://openalex.org/W1968553680,0
https://openalex.org/W1968557236,0
https://openalex.org/W1968581197,0
https://openalex.org/W1968588331,0
https://openalex.org/W1968592844,2
https://openalex.org/W1968621567,4
https://openalex.org/W1968679564,0
https://openalex.org/W1968691819,9
https://openalex.org/W1968695831,0
https://openalex.org/W1968697621,4
https://openalex.org/W1968703229,0
https://openalex.org/W1968721021,0
https://openalex.org/W1968739118,3
https://openalex.org/W1968740363,2
https://openalex.org/W1968756532,0
https://openalex.org/W1968768459,2
https://openalex.org/W1968781883,3
https://openalex.org/W1968785736,3
https://openalex.org/W1968799915,0
https://openalex.org/W1968840212,0
https://openalex.org/W1968856835,0
https://openalex.org/W1968901017,0
https://openalex.org/W1968931458,0
https://openalex.org/W1968935062,0
https://openalex.org/W1968986554,0
https://openalex.org/W1969000908,0
https://openalex.org/W1969001144,0
https://openalex.org/W1969001497,0
https://openalex.org/W1969038082,0
https://openalex.org/W1969068138,3
https://openalex.org/W1969098994,1
https://openalex.org/W1969139047,0
https://openalex.org/W1969161118,11
https://openalex.org/W1969168921,6
https://openalex.org/W1969184294,0
https://openalex.org/W1969216946,0
https://openalex.org/W1969241082,0
https://openalex.org/W1969258734,0
https://openalex.org/W1969346377,0
https://openalex.org/W1969357480,0
https://openalex.org/W1969369236,0
https://openalex.org/W1969445056,0
https://openalex.org/W1969485212,0
https://openalex.org/W1969499330,1
https://openalex.org/W1969518924,0
https://openalex.org/W1969537910,0
https://openalex.org/W1969559096,9
https://openalex.org/W1969562712,8
https://openalex.org/W1969578982,1
https://openalex.org/W1969617232,0
https://openalex.org/W1969622012,0
https://openalex.org/W1969625597,0
https://openalex.org/W1969718553,0
https://openalex.org/W1969746031,7
https://openalex.org/W1969776755,0
https://openalex.org/W1969777152,5
https://openalex.org/W1969795361,0
https://openalex.org/W1969798766,0
https://openalex.org/W1969811909,3
https://openalex.org/W1969814828,7
https://openalex.org/W1969899370,0
https://openalex.org/W1969926445,0
https://openalex.org/W1969989741,2
https://openalex.org/W1969993550,6
https://openalex.org/W1970025224,0
https://openalex.org/W1970097416,3
https://openalex.org/W1970100615,0
https://openalex.org/W1970108367,0
https://openalex.org/W1970154167,0
https://openalex.org/W1970176992,1
https://openalex.org/W1970178936,0
https://openalex.org/W1970234808,3
https://openalex.org/W1970254173,2
https://openalex.org/W1970274859,0
https://openalex.org/W1970307038,0
https://openalex.org/W1970318059,3
https://openalex.org/W1970330487,4
https://openalex.org/W1970338255,7
https://openalex.org/W1970358512,0
https://openalex.org/W1970375973,0
https://openalex.org/W1970412597,0
https://openalex.org/W1970431758,0
https://openalex.org/W1970449411,0
https://openalex.org/W1970455559,0
https://openalex.org/W1970476858,0
https://openalex.org/W1970483766,3
https://openalex.org/W1970485075,0
https://openalex.org/W1970495094,6
https://openalex.org/W1970515213,1
https://openalex.org/W1970532503,4
https://openalex.org/W1970583478,0
https://openalex.org/W1970609340,1
https://openalex.org/W1970609863,2
https://openalex.org/W1970640841,7
https://openalex.org/W1970660360,1
https://openalex.org/W1970668219,3
https://openalex.org/W1970713705,4
https://openalex.org/W1970737246,0
https://openalex.org/W1970777793,0
https://openalex.org/W1970778883,0
https://openalex.org/W1970779521,1
https://openalex.org/W1970784552,0
https://openalex.org/W1970800856,0
https://openalex.org/W1970807584,6
https://openalex.org/W1970849134,0
https://openalex.org/W1970929967,0
https://openalex.org/W1970938561,0
https://openalex.org/W1971000486,0
https://openalex.org/W1971015494,10
https://openalex.org/W1971035670,0
https://openalex.org/W1971045529,8
https://openalex.org/W1971060988,0
https://openalex.org/W1971062023,0
https://openalex.org/W1971152214,0
https://openalex.org/W1971166639,0
https://openalex.org/W1971248171,3
https://openalex.org/W1971257375,0
https://openalex.org/W1971282932,1
https://openalex.org/W1971291127,2
https://openalex.org/W1971307452,0
https://openalex.org/W1971310750,1
https://openalex.org/W1971361979,0
https://openalex.org/W1971387475,0
https://openalex.org/W1971414301,0
https://openalex.org/W1971493096,5
https://openalex.org/W1971495172,0
https://openalex.org/W1971523266,0
https://openalex.org/W1971540757,12
https://openalex.org/W1971583326,1
https://openalex.org/W1971584133,0
https://openalex.org/W1971586724,0
https://openalex.org/W1971739515,0
https://openalex.org/W1971765290,3
https://openalex.org/W1971793819,7
https://openalex.org/W1971824395,5
https://openalex.org/W1971827176,0
https://openalex.org/W1971840514,1
https://openalex.org/W1971842635,1
https://openalex.org/W1971862384,2
https://openalex.org/W1971865027,2
https://openalex.org/W1971866096,0
https://openalex.org/W1971870809,0
https://openalex.org/W1971939720,0
https://openalex.org/W1971946583,2
https://openalex.org/W1971952711,0
https://openalex.org/W1971969755,0
https://openalex.org/W1971982915,0
https://openalex.org/W1971988719,4
https://openalex.org/W1971994082,3
https://openalex.org/W1972000918,0
https://openalex.org/W1972011884,1
https://openalex.org/W1972048648,0
https://openalex.org/W1972085730,0
https://openalex.org/W1972086451,0
https://openalex.org/W1972098787,0
https://openalex.org/W1972140003,1
https://openalex.org/W1972147426,10
https://openalex.org/W1972150519,5
https://openalex.org/W1972171940,0
https://openalex.org/W1972195033,0
https://openalex.org/W1972199169,1
https://openalex.org/W1972219166,0
https://openalex.org/W1972236664,0
https://openalex.org/W1972257716,0
https://openalex.org/W1972291951,5
https://openalex.org/W1972341053,0
https://openalex.org/W1972350795,2
https://openalex.org/W1972362419,3
https://openalex.org/W1972419240,0
https://openalex.org/W1972426402,4
https://openalex.org/W1972453735,0
https://openalex.org/W1972461008,4
https://openalex.org/W1972477262,0
https://openalex.org/W1972517566,0
https://openalex.org/W1972529064,1
https://openalex.org/W1972531308,5
https://openalex.org/W1972628541,2
https://openalex.org/W1972658004,0
https://openalex.org/W1972670980,7
https://openalex.org/W1972690758,2
https://openalex.org/W1972716312,0
https://openalex.org/W1972732574,0
https://openalex.org/W1972743842,0
https://openalex.org/W1972748362,7
https://openalex.org/W1972761277,0
https://openalex.org/W1972786848,0
https://openalex.org/W1972792024,0
https://openalex.org/W1972866578,0
https://openalex.org/W1972894971,7
https://openalex.org/W1972899804,9
https://openalex.org/W1972908100,0
https://openalex.org/W1972909190,0
https://openalex.org/W1972931684,2
https://openalex.org/W1973076882,4
https://openalex.org/W1973126435,4
https://openalex.org/W1973224201,3
https://openalex.org/W1973235532,0
https://openalex.org/W1973272602,1
https://openalex.org/W1973314838,4
https://openalex.org/W1973334713,1
https://openalex.org/W1973354163,9
https://openalex.org/W1973364117,0
https://openalex.org/W1973365355,0
https://openalex.org/W1973370081,6
https://openalex.org/W1973377028,0
https://openalex.org/W1973480022,1
https://openalex.org/W1973489147,0
https://openalex.org/W1973526314,0
https://openalex.org/W1973530791,0
https://openalex.org/W1973540788,3
https://openalex.org/W1973589227,0
https://openalex.org/W1973621120,10
https://openalex.org/W1973691207,0
https://openalex.org/W1973757970,0
https://openalex.org/W1973769928,0
https://openalex.org/W1973796593,0
https://openalex.org/W1973804377,3
https://openalex.org/W1973824067,0
https://openalex.org/W1973828380,5
https://openalex.org/W1973863460,0
https://openalex.org/W1973897236,3
https://openalex.org/W1973901957,1
https://openalex.org/W1973968829,0
https://openalex.org/W1973984610,0
https://openalex.org/W1974026375,0
https://openalex.org/W1974026759,2
https://openalex.org/W1974044509,1
https://openalex.org/W1974052378,0
https://openalex.org/W1974054232,0
https://openalex.org/W1974057737,0
https://openalex.org/W1974113534,3
https://openalex.org/W1974113890,0
https://openalex.org/W1974182188,9
https://openalex.org/W1974184255,0
https://openalex.org/W1974201656,0
https://openalex.org/W1974207306,0
https://openalex.org/W1974215441,0
https://openalex.org/W1974218352,0
https://openalex.org/W1974227495,0
https://openalex.org/W1974235888,0
https://openalex.org/W1974260310,4
https://openalex.org/W1974270548,0
https://openalex.org/W1974289353,0
https://openalex.org/W1974297651,0
https://openalex.org/W1974309123,0
https://openalex.org/W1974313395,0
https://openalex.org/W1974319338,0
https://openalex.org/W1974345608,0
https://openalex.org/W1974371148,0
https://openalex.org/W1974379352,0
https://openalex.org/W1974384634,3
https://openalex.org/W1974411567,1
https://openalex.org/W1974421760,4
https://openalex.org/W1974486496,0
https://openalex.org/W1974522274,0
https://openalex.org/W1974526844,0
https://openalex.org/W1974617770,1
https://openalex.org/W1974631278,0
https://openalex.org/W1974650061,0
https://openalex.org/W1974650794,5
https://openalex.org/W1974663222,2
https://openalex.org/W1974701479,0
https://openalex.org/W1974727112,9
https://openalex.org/W1974735496,0
https://openalex.org/W1974749693,12
https://openalex.org/W1974788729,3
https://openalex.org/W1974801977,2
https://openalex.org/W1974803935,11
https://openalex.org/W1974851761,0
https://openalex.org/W1974871459,1
https://openalex.org/W1974912240,2
https://openalex.org/W1974919480,1
https://openalex.org/W1974925207,0
https://openalex.org/W1974965530,0
https://openalex.org/W1974999387,0
https://openalex.org/W1975000974,1
https://openalex.org/W1975002713,0
https://openalex.org/W1975018366,2
https://openalex.org/W1975054319,0
https://openalex.org/W1975067309,1
https://openalex.org/W1975072677,0
https://openalex.org/W1975108820,1
https://openalex.org/W1975128728,0
https://openalex.org/W1975140429,4
https://openalex.org/W1975181857,6
https://openalex.org/W1975192646,0
https://openalex.org/W1975206758,0
https://openalex.org/W1975207172,0
https://openalex.org/W1975266888,0
https://openalex.org/W1975284500,1
https://openalex.org/W1975318609,0
https://openalex.org/W1975321361,10
https://openalex.org/W1975326927,5
https://openalex.org/W1975350357,6
https://openalex.org/W1975372341,0
https://openalex.org/W1975411833,2
https://openalex.org/W1975437053,0
https://openalex.org/W1975437340,0
https://openalex.org/W1975439129,3
https://openalex.org/W1975441729,4
https://openalex.org/W1975458642,3
https://openalex.org/W1975535386,0
https://openalex.org/W1975538387,0
https://openalex.org/W1975565181,0
https://openalex.org/W1975605971,0
https://openalex.org/W1975615266,10
https://openalex.org/W1975627007,7
https://openalex.org/W1975627851,0
https://openalex.org/W1975645534,6
https://openalex.org/W1975658660,0
https://openalex.org/W1975659377,9
https://openalex.org/W1975691672,1
https://openalex.org/W1975697922,10
https://openalex.org/W1975699633,2
https://openalex.org/W1975702463,0
https://openalex.org/W1975704564,0
https://openalex.org/W1975723649,0
https://openalex.org/W1975736355,9
https://openalex.org/W1975766739,0
https://openalex.org/W1975768209,3
https://openalex.org/W1975777233,11
https://openalex.org/W1975791526,0
https://openalex.org/W1975793472,0
https://openalex.org/W1975820071,0
https://openalex.org/W1975853245,3
https://openalex.org/W1975973425,4
https://openalex.org/W1975980236,1
https://openalex.org/W1976005704,0
https://openalex.org/W1976015186,2
https://openalex.org/W1976087694,0
https://openalex.org/W1976100561,5
https://openalex.org/W1976101875,1
https://openalex.org/W1976152090,0
https://openalex.org/W1976163349,0
https://openalex.org/W1976167125,0
https://openalex.org/W1976177854,0
https://openalex.org/W1976198562,1
https://openalex.org/W1976203595,0
https://openalex.org/W1976221932,4
https://openalex.org/W1976242130,0
https://openalex.org/W1976249588,0
https://openalex.org/W1976276170,5
https://openalex.org/W1976292008,0
https://openalex.org/W1976320529,8
https://openalex.org/W1976381962,0
https://openalex.org/W1976415096,2
https://openalex.org/W1976415182,0
https://openalex.org/W1976455232,0
https://openalex.org/W1976481305,0
https://openalex.org/W1976481531,0
https://openalex.org/W1976482244,2
https://openalex.org/W1976500808,0
https://openalex.org/W1976510240,0
https://openalex.org/W1976542819,0
https://openalex.org/W1976554885,0
https://openalex.org/W1976557420,3
https://openalex.org/W1976587815,1
https://openalex.org/W1976597315,0
https://openalex.org/W1976612196,0
https://openalex.org/W1976635566,0
https://openalex.org/W1976645829,0
https://openalex.org/W1976656452,0
https://openalex.org/W1976658468,0
https://openalex.org/W1976700994,1
https://openalex.org/W1976725218,0
https://openalex.org/W1976747515,0
https://openalex.org/W1976774076,0
https://openalex.org/W1976792951,0
https://openalex.org/W1976806946,0
https://openalex.org/W1976821513,4
https://openalex.org/W1976862321,7
https://openalex.org/W1976864347,4
https://openalex.org/W1976872066,0
https://openalex.org/W1976892233,0
https://openalex.org/W1976894603,2
https://openalex.org/W1976912318,6
https://openalex.org/W1976947911,0
https://openalex.org/W1976959722,3
https://openalex.org/W1976963025,0
https://openalex.org/W1976979559,1
https://openalex.org/W1976988389,0
https://openalex.org/W1976988696,2
https://openalex.org/W1976992961,0
https://openalex.org/W1977033337,0
https://openalex.org/W1977038700,0
https://openalex.org/W1977054598,1
https://openalex.org/W1977076977,0
https://openalex.org/W1977093032,0
https://openalex.org/W1977118002,1
https://openalex.org/W1977126050,0
https://openalex.org/W1977135883,3
https://openalex.org/W1977147886,0
https://openalex.org/W1977161075,5
https://openalex.org/W1977177620,5
https://openalex.org/W1977178597,5
https://openalex.org/W1977180107,3
https://openalex.org/W1977194382,0
https://openalex.org/W1977199082,0
https://openalex.org/W1977261130,0
https://openalex.org/W1977388662,0
https://openalex.org/W1977409929,1
https://openalex.org/W1977422850,0
https://openalex.org/W1977439028,3
https://openalex.org/W1977444832,0
https://openalex.org/W1977448002,0
https://openalex.org/W1977452219,0
https://openalex.org/W1977473652,0
https://openalex.org/W1977481495,0
https://openalex.org/W1977492106,0
https://openalex.org/W1977499611,0
https://openalex.org/W1977512399,0
https://openalex.org/W1977545004,0
https://openalex.org/W1977574969,0
https://openalex.org/W1977578692,0
https://openalex.org/W1977586982,1
https://openalex.org/W1977587827,0
https://openalex.org/W1977607492,10
https://openalex.org/W1977608084,0
https://openalex.org/W1977669006,0
https://openalex.org/W1977669894,2
https://openalex.org/W1977696571,0
https://openalex.org/W1977719763,0
https://openalex.org/W1977776896,0
https://openalex.org/W1977776925,0
https://openalex.org/W1977797071,0
https://openalex.org/W1977819054,0
https://openalex.org/W1977829343,1
https://openalex.org/W1977829526,9
https://openalex.org/W1977950035,0
https://openalex.org/W1977971252,10
https://openalex.org/W1978025846,3
https://openalex.org/W1978058685,0
https://openalex.org/W1978073831,0
https://openalex.org/W1978099268,1
https://openalex.org/W1978115234,0
https://openalex.org/W1978160175,0
https://openalex.org/W1978172363,1
https://openalex.org/W1978254363,0
https://openalex.org/W1978256835,0
https://openalex.org/W1978261243,4
https://openalex.org/W1978268630,0
https://openalex.org/W1978385339,0
https://openalex.org/W1978396159,0
https://openalex.org/W1978434632,0
https://openalex.org/W1978463496,3
https://openalex.org/W1978463739,1
https://openalex.org/W1978468336,1
https://openalex.org/W1978490973,2
https://openalex.org/W1978513254,0
https://openalex.org/W1978521303,0
https://openalex.org/W1978532967,9
https://openalex.org/W1978584990,0
https://openalex.org/W1978601686,0
https://openalex.org/W1978602175,12
https://openalex.org/W1978628915,1
https://openalex.org/W1978672391,0
https://openalex.org/W1978767556,12
https://openalex.org/W1978842082,0
https://openalex.org/W1978848130,0
https://openalex.org/W1978850870,0
https://openalex.org/W1978872994,0
https://openalex.org/W1978990849,10
https://openalex.org/W1979009188,0
https://openalex.org/W1979085721,1
https://openalex.org/W1979092461,0
https://openalex.org/W1979117316,0
https://openalex.org/W1979126078,3
https://openalex.org/W1979131198,0
https://openalex.org/W1979193166,0
https://openalex.org/W1979197633,0
https://openalex.org/W1979223852,3
https://openalex.org/W1979268418,1
https://openalex.org/W1979283237,8
https://openalex.org/W1979298473,0
https://openalex.org/W1979301721,0
https://openalex.org/W1979304206,1
https://openalex.org/W1979310250,0
https://openalex.org/W1979326512,0
https://openalex.org/W1979328122,0
https://openalex.org/W1979341620,0
https://openalex.org/W1979346111,0
https://openalex.org/W1979369055,0
https://openalex.org/W1979377017,0
https://openalex.org/W1979378404,0
https://openalex.org/W1979380139,0
https://openalex.org/W1979404279,0
https://openalex.org/W1979409120,1
https://openalex.org/W1979409271,0
https://openalex.org/W1979438845,10
https://openalex.org/W1979456452,0
https://openalex.org/W1979470450,0
https://openalex.org/W1979473941,0
https://openalex.org/W1979486043,0
https://openalex.org/W1979530264,9
https://openalex.org/W1979538756,0
https://openalex.org/W1979568104,0
https://openalex.org/W1979577846,0
https://openalex.org/W1979585187,3
https://openalex.org/W1979672510,4
https://openalex.org/W1979672734,0
https://openalex.org/W1979697146,0
https://openalex.org/W1979705567,0
https://openalex.org/W1979718601,0
https://openalex.org/W1979735318,0
https://openalex.org/W1979739380,0
https://openalex.org/W1979788701,3
https://openalex.org/W1979796238,4
https://openalex.org/W1979811557,1
https://openalex.org/W1979829288,0
https://openalex.org/W1979844226,1
https://openalex.org/W1979865112,8
https://openalex.org/W1979918609,0
https://openalex.org/W1979939136,0
https://openalex.org/W1979946024,0
https://openalex.org/W1979957541,1
https://openalex.org/W1980031256,0
https://openalex.org/W1980055016,0
https://openalex.org/W1980107322,6
https://openalex.org/W1980194637,1
https://openalex.org/W1980236444,0
https://openalex.org/W1980261097,4
https://openalex.org/W1980270268,0
https://openalex.org/W1980283053,0
https://openalex.org/W1980285942,5
https://openalex.org/W1980286655,0
https://openalex.org/W1980291333,0
https://openalex.org/W1980316736,10
https://openalex.org/W1980337989,0
https://openalex.org/W1980380564,0
https://openalex.org/W1980415388,0
https://openalex.org/W1980461020,0
https://openalex.org/W1980471176,2
https://openalex.org/W1980511716,3
https://openalex.org/W1980563481,6
https://openalex.org/W1980592219,0
https://openalex.org/W1980603125,5
https://openalex.org/W1980613216,0
https://openalex.org/W1980614812,0
https://openalex.org/W1980632655,1
https://openalex.org/W1980654157,1
https://openalex.org/W1980657489,0
https://openalex.org/W1980659106,3
https://openalex.org/W1980685560,4
https://openalex.org/W1980697115,0
https://openalex.org/W1980726718,0
https://openalex.org/W1980757635,1
https://openalex.org/W1980782191,0
https://openalex.org/W1980828750,4
https://openalex.org/W1980867817,0
https://openalex.org/W1980893691,9
https://openalex.org/W1980895792,2
https://openalex.org/W1980912709,0
https://openalex.org/W1980969807,0
https://openalex.org/W1980973501,11
https://openalex.org/W1980981946,0
https://openalex.org/W1980991703,0
https://openalex.org/W1981010271,0
https://openalex.org/W1981030754,0
https://openalex.org/W1981035782,0
https://openalex.org/W1981048014,0
https://openalex.org/W1981057371,11
https://openalex.org/W1981071202,0
https://openalex.org/W1981077083,0
https://openalex.org/W1981082432,0
https://openalex.org/W1981097521,1
https://openalex.org/W1981167791,6
https://openalex.org/W1981173571,0
https://openalex.org/W1981180856,0
https://openalex.org/W1981198143,1
https://openalex.org/W1981223478,0
https://openalex.org/W1981275373,0
https://openalex.org/W1981281858,0
https://openalex.org/W1981318531,0
https://openalex.org/W1981321760,7
https://openalex.org/W1981369213,3
https://openalex.org/W1981378237,2
https://openalex.org/W1981394136,0
https://openalex.org/W1981422195,0
https://openalex.org/W1981489468,0
https://openalex.org/W1981500059,1
https://openalex.org/W1981533412,0
https://openalex.org/W1981538145,0
https://openalex.org/W1981600187,5
https://openalex.org/W1981600996,0
https://openalex.org/W1981616495,1
https://openalex.org/W1981628228,1
https://openalex.org/W1981638653,0
https://openalex.org/W1981667122,0
https://openalex.org/W1981674607,1
https://openalex.org/W1981692409,0
https://openalex.org/W1981698054,2
https://openalex.org/W1981729015,5
https://openalex.org/W1981802314,0
https://openalex.org/W1981804480,0
https://openalex.org/W1981826496,0
https://openalex.org/W1981864788,2
https://openalex.org/W1981866415,0
https://openalex.org/W1981886498,0
https://openalex.org/W1981914761,1
https://openalex.org/W1981926730,1
https://openalex.org/W1981942843,5
https://openalex.org/W1981949726,1
https://openalex.org/W1981953422,1
https://openalex.org/W1981980466,0
https://openalex.org/W1981994534,0
https://openalex.org/W1982057082,0
https://openalex.org/W1982060067,2
https://openalex.org/W1982081765,0
https://openalex.org/W1982085855,0
https://openalex.org/W1982089801,0
https://openalex.org/W1982148861,4
https://openalex.org/W1982154116,0
https://openalex.org/W1982154642,0
https://openalex.org/W1982180245,0
https://openalex.org/W1982190795,0
https://openalex.org/W1982194312,0
https://openalex.org/W1982234554,12
https://openalex.org/W1982250026,0
https://openalex.org/W1982250537,1
https://openalex.org/W1982254074,0
https://openalex.org/W1982299903,0
https://openalex.org/W1982308000,1
https://openalex.org/W1982325492,0
https://openalex.org/W1982328305,0
https://openalex.org/W1982340661,0
https://openalex.org/W1982361996,0
https://openalex.org/W1982382706,4
https://openalex.org/W1982478482,0
https://openalex.org/W1982483545,0
https://openalex.org/W1982495166,3
https://openalex.org/W1982559998,1
https://openalex.org/W1982578985,0
https://openalex.org/W1982592539,11
https://openalex.org/W1982613201,11
https://openalex.org/W1982640634,0
https://openalex.org/W1982650988,3
https://openalex.org/W1982696115,0
https://openalex.org/W1982700509,0
https://openalex.org/W1982706105,0
https://openalex.org/W1982714895,0
https://openalex.org/W1982736420,1
https://openalex.org/W1982738218,0
https://openalex.org/W1982750362,4
https://openalex.org/W1982769644,0
https://openalex.org/W1982784675,0
https://openalex.org/W1982791301,2
https://openalex.org/W1982793098,2
https://openalex.org/W1982804924,1
https://openalex.org/W1982805719,1
https://openalex.org/W1982833489,0
https://openalex.org/W1982865677,0
https://openalex.org/W1982935027,0
https://openalex.org/W1983005263,0
https://openalex.org/W1983016242,0
https://openalex.org/W1983034456,2
https://openalex.org/W1983074026,6
https://openalex.org/W1983082150,0
https://openalex.org/W1983111037,0
https://openalex.org/W1983123480,3
https://openalex.org/W1983144688,0
https://openalex.org/W1983155804,0
https://openalex.org/W1983157266,0
https://openalex.org/W1983199593,1
https://openalex.org/W1983213640,0
https://openalex.org/W1983265032,4
https://openalex.org/W1983276406,0
https://openalex.org/W1983299141,1
https://openalex.org/W1983301711,0
https://openalex.org/W1983344364,2
https://openalex.org/W1983353033,1
https://openalex.org/W1983398529,0
https://openalex.org/W1983400983,0
https://openalex.org/W1983406813,7
https://openalex.org/W1983458564,0
https://openalex.org/W1983489375,1
https://openalex.org/W1983492526,0
https://openalex.org/W1983522644,4
https://openalex.org/W1983527150,0
https://openalex.org/W1983535132,0
https://openalex.org/W1983544805,0
https://openalex.org/W1983581676,0
https://openalex.org/W1983585872,0
https://openalex.org/W1983590312,5
https://openalex.org/W1983600814,0
https://openalex.org/W1983637804,0
https://openalex.org/W1983645327,0
https://openalex.org/W1983646880,0
https://openalex.org/W1983664826,4
https://openalex.org/W1983674280,0
https://openalex.org/W1983675529,9
https://openalex.org/W1983679306,0
https://openalex.org/W1983735934,0
https://openalex.org/W1983749203,0
https://openalex.org/W1983752386,0
https://openalex.org/W1983761642,7
https://openalex.org/W1983786972,6
https://openalex.org/W1983797497,2
https://openalex.org/W1983815225,0
https://openalex.org/W1983834334,4
https://openalex.org/W1983838691,2
https://openalex.org/W1983839542,10
https://openalex.org/W1983883409,7
https://openalex.org/W1983886263,4
https://openalex.org/W1983898934,0
https://openalex.org/W1983941417,3
https://openalex.org/W1983975954,0
https://openalex.org/W1983993116,0
https://openalex.org/W1983997865,0
https://openalex.org/W1983999025,0
https://openalex.org/W1984014230,0
https://openalex.org/W1984014884,0
https://openalex.org/W1984024691,10
https://openalex.org/W1984030839,2
https://openalex.org/W1984075407,0
https://openalex.org/W1984081334,0
https://openalex.org/W1984090180,0
https://openalex.org/W1984120629,4
https://openalex.org/W1984135489,1
https://openalex.org/W1984139403,1
https://openalex.org/W1984161140,0
https://openalex.org/W1984166448,2
https://openalex.org/W1984180670,0
https://openalex.org/W1984206365,0
https://openalex.org/W1984221515,0
https://openalex.org/W1984265394,0
https://openalex.org/W1984284642,0
https://openalex.org/W1984297788,0
https://openalex.org/W1984309184,9
https://openalex.org/W1984309384,0
https://openalex.org/W1984327101,8
https://openalex.org/W1984380315,0
https://openalex.org/W1984381027,0
https://openalex.org/W1984406544,0
https://openalex.org/W1984428745,1
https://openalex.org/W1984458704,0
https://openalex.org/W1984478808,0
https://openalex.org/W1984506799,0
https://openalex.org/W1984509998,4
https://openalex.org/W1984515078,0
https://openalex.org/W1984517307,1
https://openalex.org/W1984542762,0
https://openalex.org/W1984561137,0
https://openalex.org/W1984603194,3
https://openalex.org/W1984666836,0
https://openalex.org/W1984679514,6
https://openalex.org/W1984689115,2
https://openalex.org/W1984742014,0
https://openalex.org/W1984745685,0
https://openalex.org/W1984758857,0
https://openalex.org/W1984770383,0
https://openalex.org/W1984790982,6
https://openalex.org/W1984819025,0
https://openalex.org/W1984820579,0
https://openalex.org/W1984890697,0
https://openalex.org/W1984940980,1
https://openalex.org/W1984967406,2
https://openalex.org/W1984974388,1
https://openalex.org/W1985041764,5
https://openalex.org/W1985070001,5
https://openalex.org/W1985088433,3
https://openalex.org/W1985094629,0
https://openalex.org/W1985097298,2
https://openalex.org/W1985115004,0
https://openalex.org/W1985121040,3
https://openalex.org/W1985157549,3
https://openalex.org/W1985158091,1
https://openalex.org/W1985165040,0
https://openalex.org/W1985171453,0
https://openalex.org/W1985172956,1
https://openalex.org/W1985286924,0
https://openalex.org/W1985287379,0
https://openalex.org/W1985306315,12
https://openalex.org/W1985320353,1
https://openalex.org/W1985325394,0
https://openalex.org/W1985388865,0
https://openalex.org/W1985426667,0
https://openalex.org/W1985430744,6
https://openalex.org/W1985464622,2
https://openalex.org/W1985483192,2
https://openalex.org/W1985497487,0
https://openalex.org/W1985512634,0
https://openalex.org/W1985517539,0
https://openalex.org/W1985570210,0
https://openalex.org/W1985586923,0
https://openalex.org/W1985600760,7
https://openalex.org/W1985607328,3
https://openalex.org/W1985640224,1
https://openalex.org/W1985652688,0
https://openalex.org/W1985656731,1
https://openalex.org/W1985701606,0
https://openalex.org/W1985738768,0
https://openalex.org/W1985743214,0
https://openalex.org/W1985749191,0
https://openalex.org/W1985754935,0
https://openalex.org/W1985776159,0
https://openalex.org/W1985808351,1
https://openalex.org/W1985833471,0
https://openalex.org/W1985843659,9
https://openalex.org/W1985855083,10
https://openalex.org/W1985865558,1
https://openalex.org/W1985871355,0
https://openalex.org/W1985915657,0
https://openalex.org/W1985972058,4
https://openalex.org/W1986005039,2
https://openalex.org/W1986008803,0
https://openalex.org/W1986040128,0
https://openalex.org/W1986060307,7
https://openalex.org/W1986070179,1
https://openalex.org/W1986082040,3
https://openalex.org/W1986089708,0
https://openalex.org/W1986103047,0
https://openalex.org/W1986129774,0
https://openalex.org/W1986140732,3
https://openalex.org/W1986162713,7
https://openalex.org/W1986178319,5
https://openalex.org/W1986228157,0
https://openalex.org/W1986247455,0
https://openalex.org/W1986263439,8
https://openalex.org/W1986290117,0
https://openalex.org/W1986308974,0
https://openalex.org/W1986336802,0
https://openalex.org/W1986338528,0
https://openalex.org/W1986340089,0
https://openalex.org/W1986351685,4
https://openalex.org/W1986352627,0
https://openalex.org/W1986353006,10
https://openalex.org/W1986382279,0
https://openalex.org/W1986441197,0
https://openalex.org/W1986476874,0
https://openalex.org/W1986484545,5
https://openalex.org/W1986490389,0
https://openalex.org/W1986512434,2
https://openalex.org/W1986565787,0
https://openalex.org/W1986570545,0
https://openalex.org/W1986608200,0
https://openalex.org/W1986628970,4
https://openalex.org/W1986635424,3
https://openalex.org/W1986650458,0
https://openalex.org/W1986668162,0
https://openalex.org/W1986717280,0
https://openalex.org/W1986724293,0
https://openalex.org/W1986731766,0
https://openalex.org/W1986752852,0
https://openalex.org/W1986753186,11
https://openalex.org/W1986814904,0
https://openalex.org/W1986818583,0
https://openalex.org/W1986859546,0
https://openalex.org/W1986875434,11
https://openalex.org/W1986879008,5
https://openalex.org/W1986897441,1
https://openalex.org/W1986901948,0
https://openalex.org/W1986916863,4
https://openalex.org/W1986943586,1
https://openalex.org/W1986950825,0
https://openalex.org/W1986955936,0
https://openalex.org/W1986959673,0
https://openalex.org/W1986966921,8
https://openalex.org/W1986988048,0
https://openalex.org/W1987054491,12
https://openalex.org/W1987090787,0
https://openalex.org/W1987139776,4
https://openalex.org/W1987145610,1
https://openalex.org/W1987155880,0
https://openalex.org/W1987183175,2
https://openalex.org/W1987202102,0
https://openalex.org/W1987226383,0
https://openalex.org/W1987247235,0
https://openalex.org/W1987254868,0
https://openalex.org/W1987346030,0
https://openalex.org/W1987355831,0
https://openalex.org/W1987356675,0
https://openalex.org/W1987364696,0
https://openalex.org/W1987398058,0
https://openalex.org/W1987454880,0
https://openalex.org/W1987461087,1
https://openalex.org/W1987461495,1
https://openalex.org/W1987484082,0
https://openalex.org/W1987487412,2
https://openalex.org/W1987487493,0
https://openalex.org/W1987489001,0
https://openalex.org/W1987498914,2
https://openalex.org/W1987511918,4
https://openalex.org/W1987545601,1
https://openalex.org/W1987562643,6
https://openalex.org/W1987619206,0
https://openalex.org/W1987641226,0
https://openalex.org/W1987653906,4
https://openalex.org/W1987672880,0
https://openalex.org/W1987727121,0
https://openalex.org/W1987737270,4
https://openalex.org/W1987744499,10
https://openalex.org/W1987882677,1
https://openalex.org/W1987883819,0
https://openalex.org/W1987904174,0
https://openalex.org/W1987954476,0
https://openalex.org/W1987970323,0
https://openalex.org/W1987998045,3
https://openalex.org/W1988015799,2
https://openalex.org/W1988017622,0
https://openalex.org/W1988021619,0
https://openalex.org/W1988022410,0
https://openalex.org/W1988061669,0
https://openalex.org/W1988062459,7
https://openalex.org/W1988111564,0
https://openalex.org/W1988129206,7
https://openalex.org/W1988142983,0
https://openalex.org/W1988158225,2
https://openalex.org/W1988179012,6
https://openalex.org/W1988183036,1
https://openalex.org/W1988217516,9
https://openalex.org/W1988228993,3
https://openalex.org/W1988232281,0
https://openalex.org/W1988232740,0
https://openalex.org/W1988247086,0
https://openalex.org/W1988266455,1
https://openalex.org/W1988284276,0
https://openalex.org/W1988292296,4
https://openalex.org/W1988306724,3
https://openalex.org/W1988325055,8
https://openalex.org/W1988361770,0
https://openalex.org/W1988392305,0
https://openalex.org/W1988404283,0
https://openalex.org/W1988410155,0
https://openalex.org/W1988419996,2
https://openalex.org/W1988441345,0
https://openalex.org/W1988470449,0
https://openalex.org/W1988477060,0
https://openalex.org/W1988483820,7
https://openalex.org/W1988529458,0
https://openalex.org/W1988534810,0
https://openalex.org/W1988553960,2
https://openalex.org/W1988562269,5
https://openalex.org/W1988659710,1
https://openalex.org/W1988659851,0
https://openalex.org/W1988666519,0
https://openalex.org/W1988673410,3
https://openalex.org/W1988675918,0
https://openalex.org/W1988681679,0
https://openalex.org/W1988691927,1
https://openalex.org/W1988732606,2
https://openalex.org/W1988749062,0
https://openalex.org/W1988763877,1
https://openalex.org/W1988764024,6
https://openalex.org/W1988772833,0
https://openalex.org/W1988808344,0
https://openalex.org/W1988816975,0
https://openalex.org/W1988838640,0
https://openalex.org/W1988878381,0
https://openalex.org/W1988896387,0
https://openalex.org/W1988896972,11
https://openalex.org/W1988897041,3
https://openalex.org/W1988947497,0
https://openalex.org/W1988948014,3
https://openalex.org/W1988963525,0
https://openalex.org/W1988964015,0
https://openalex.org/W1989011166,0
https://openalex.org/W1989016433,1
https://openalex.org/W1989107537,5
https://openalex.org/W1989119478,1
https://openalex.org/W1989152523,1
https://openalex.org/W1989171263,4
https://openalex.org/W1989171965,0
https://openalex.org/W1989200988,3
https://openalex.org/W1989209944,0
https://openalex.org/W1989266808,0
https://openalex.org/W1989267639,0
https://openalex.org/W1989275323,6
https://openalex.org/W1989280601,0
https://openalex.org/W1989332218,0
https://openalex.org/W1989380830,2
https://openalex.org/W1989471455,2
https://openalex.org/W1989493799,0
https://openalex.org/W1989607283,0
https://openalex.org/W1989656381,3
https://openalex.org/W1989664059,1
https://openalex.org/W1989701682,4
https://openalex.org/W1989725497,7
https://openalex.org/W1989729413,9
https://openalex.org/W1989740857,0
https://openalex.org/W1989764230,0
https://openalex.org/W1989801997,3
https://openalex.org/W1989815682,5
https://openalex.org/W1989820922,1
https://openalex.org/W1989849086,0
https://openalex.org/W1989874199,0
https://openalex.org/W1989904382,3
https://openalex.org/W1989921345,12
https://openalex.org/W1989936464,4
https://openalex.org/W1989937521,4
https://openalex.org/W1989957864,0
https://openalex.org/W1989959121,0
https://openalex.org/W1990000728,0
https://openalex.org/W1990007027,3
https://openalex.org/W1990010325,0
https://openalex.org/W1990025620,0
https://openalex.org/W1990027896,1
https://openalex.org/W1990064209,0
https://openalex.org/W1990094101,0
https://openalex.org/W1990107269,2
https://openalex.org/W1990118740,0
https://openalex.org/W1990150437,1
https://openalex.org/W1990162791,2
https://openalex.org/W1990162907,0
https://openalex.org/W1990182651,1
https://openalex.org/W1990212205,0
https://openalex.org/W1990224003,0
https://openalex.org/W1990232816,3
https://openalex.org/W1990234168,0
https://openalex.org/W1990234393,0
https://openalex.org/W1990262847,0
https://openalex.org/W1990264894,0
https://openalex.org/W1990301046,7
https://openalex.org/W1990338627,3
https://openalex.org/W1990350623,0
https://openalex.org/W1990351265,0
https://openalex.org/W1990361875,9
https://openalex.org/W1990411056,9
https://openalex.org/W1990431060,4
https://openalex.org/W1990453788,0
https://openalex.org/W1990483647,0
https://openalex.org/W1990484421,2
https://openalex.org/W1990490451,1
https://openalex.org/W1990576940,2
https://openalex.org/W1990583402,0
https://openalex.org/W1990594397,7
https://openalex.org/W1990595613,3
https://openalex.org/W1990608731,0
https://openalex.org/W1990613255,12
https://openalex.org/W1990629834,1
https://openalex.org/W1990661426,0
https://openalex.org/W1990673132,0
https://openalex.org/W1990687521,0
https://openalex.org/W1990697251,0
https://openalex.org/W1990703510,0
https://openalex.org/W1990733679,0
https://openalex.org/W1990753073,0
https://openalex.org/W1990826350,7
https://openalex.org/W1990838086,2
https://openalex.org/W1990838238,0
https://openalex.org/W1990865040,8
https://openalex.org/W1990871332,0
https://openalex.org/W1990874413,1
https://openalex.org/W1990879618,6
https://openalex.org/W1990917197,0
https://openalex.org/W1990928827,0
https://openalex.org/W1990993352,6
https://openalex.org/W1990993887,0
https://openalex.org/W1991033451,0
https://openalex.org/W1991033766,0
https://openalex.org/W1991033992,0
https://openalex.org/W1991046163,0
https://openalex.org/W1991061461,0
https://openalex.org/W1991061480,0
https://openalex.org/W1991087434,12
https://openalex.org/W1991161271,9
https://openalex.org/W1991178096,9
https://openalex.org/W1991190654,0
https://openalex.org/W1991226948,0
https://openalex.org/W1991229328,4
https://openalex.org/W1991240905,0
https://openalex.org/W1991246141,5
https://openalex.org/W1991289725,1
https://openalex.org/W1991350799,7
https://openalex.org/W1991368625,2
https://openalex.org/W1991377644,9
https://openalex.org/W1991396333,4
https://openalex.org/W1991467001,2
https://openalex.org/W1991467870,0
https://openalex.org/W1991480562,0
https://openalex.org/W1991486303,0
https://openalex.org/W1991496373,0
https://openalex.org/W1991497689,0
https://openalex.org/W1991515061,0
https://openalex.org/W1991524078,0
https://openalex.org/W1991578544,0
https://openalex.org/W1991599002,0
https://openalex.org/W1991663872,11
https://openalex.org/W1991667703,8
https://openalex.org/W1991679947,0
https://openalex.org/W1991690015,0
https://openalex.org/W1991767477,0
https://openalex.org/W1991791472,3
https://openalex.org/W1991857099,0
https://openalex.org/W1991905717,0
https://openalex.org/W1991936294,0
https://openalex.org/W1991949413,6
https://openalex.org/W1991953422,0
https://openalex.org/W1991976588,6
https://openalex.org/W1991981331,0
https://openalex.org/W1991984168,0
https://openalex.org/W1991987776,4
https://openalex.org/W1992017336,0
https://openalex.org/W1992051871,11
https://openalex.org/W1992053988,0
https://openalex.org/W1992072719,1
https://openalex.org/W1992083967,2
https://openalex.org/W1992089196,0
https://openalex.org/W1992092679,5
https://openalex.org/W1992110209,2
https://openalex.org/W1992126747,0
https://openalex.org/W1992133840,5
https://openalex.org/W1992179461,1
https://openalex.org/W1992221832,0
https://openalex.org/W1992223238,0
https://openalex.org/W1992236831,0
https://openalex.org/W1992242904,0
https://openalex.org/W1992263040,3
https://openalex.org/W1992299651,0
https://openalex.org/W1992354885,2
https://openalex.org/W1992379499,0
https://openalex.org/W1992379666,2
https://openalex.org/W1992391703,1
https://openalex.org/W1992397998,0
https://openalex.org/W1992446742,8
https://openalex.org/W1992457443,9
https://openalex.org/W1992462665,0
https://openalex.org/W1992471251,0
https://openalex.org/W1992490053,0
https://openalex.org/W1992524817,1
https://openalex.org/W1992541329,0
https://openalex.org/W1992542528,0
https://openalex.org/W1992544322,5
https://openalex.org/W1992553582,0
https://openalex.org/W1992569509,1
https://openalex.org/W1992597630,0
https://openalex.org/W1992637274,1
https://openalex.org/W1992655475,3
https://openalex.org/W1992656593,2
https://openalex.org/W1992662258,0
https://openalex.org/W1992701763,4
https://openalex.org/W1992709642,0
https://openalex.org/W1992725304,12
https://openalex.org/W1992736123,0
https://openalex.org/W1992758031,1
https://openalex.org/W1992768959,0
https://openalex.org/W1992789266,0
https://openalex.org/W1992801370,8
https://openalex.org/W1992817704,0
https://openalex.org/W1992832443,2
https://openalex.org/W1992837748,5
https://openalex.org/W1992852919,0
https://openalex.org/W1992864469,0
https://openalex.org/W1992925164,0
https://openalex.org/W1992958337,3
https://openalex.org/W1992959419,2
https://openalex.org/W1992970285,1
https://openalex.org/W1993011610,8
https://openalex.org/W1993017421,0
https://openalex.org/W1993038675,0
https://openalex.org/W1993048317,0
https://openalex.org/W1993057053,3
https://openalex.org/W1993065894,1
https://openalex.org/W1993068149,0
https://openalex.org/W1993077828,0
https://openalex.org/W1993136077,8
https://openalex.org/W1993221339,0
https://openalex.org/W1993233277,2
https://openalex.org/W1993234032,0
https://openalex.org/W1993266934,0
https://openalex.org/W1993275801,0
https://openalex.org/W1993306071,0
https://openalex.org/W1993314023,1
https://openalex.org/W1993314541,0
https://openalex.org/W1993326587,2
https://openalex.org/W1993335340,7
https://openalex.org/W1993351359,7
https://openalex.org/W1993363007,0
https://openalex.org/W1993364475,0
https://openalex.org/W1993367766,4
https://openalex.org/W1993368171,2
https://openalex.org/W1993379430,5
https://openalex.org/W1993392952,0
https://openalex.org/W1993399833,0
https://openalex.org/W1993444396,8
https://openalex.org/W1993459293,0
https://openalex.org/W1993468371,0
https://openalex.org/W1993480968,1
https://openalex.org/W1993499806,4
https://openalex.org/W1993501826,1
https://openalex.org/W1993510035,2
https://openalex.org/W1993519757,0
https://openalex.org/W1993549204,11
https://openalex.org/W1993569306,0
https://openalex.org/W1993584819,0
https://openalex.org/W1993593032,1
https://openalex.org/W1993595448,0
https://openalex.org/W1993595468,0
https://openalex.org/W1993597678,5
https://openalex.org/W1993612994,0
https://openalex.org/W1993667283,0
https://openalex.org/W1993669149,0
https://openalex.org/W1993696816,6
https://openalex.org/W1993712573,0
https://openalex.org/W1993731494,0
https://openalex.org/W1993780224,0
https://openalex.org/W1993826076,0
https://openalex.org/W1993855492,2
https://openalex.org/W1993909094,1
https://openalex.org/W1993970871,5
https://openalex.org/W1993986115,7
https://openalex.org/W1994021556,0
https://openalex.org/W1994025001,4
https://openalex.org/W1994032357,0
https://openalex.org/W1994067066,0
https://openalex.org/W1994076653,4
https://openalex.org/W1994082036,4
https://openalex.org/W1994139775,8
https://openalex.org/W1994155389,0
https://openalex.org/W1994168431,0
https://openalex.org/W1994177628,0
https://openalex.org/W1994218202,2
https://openalex.org/W1994223287,0
https://openalex.org/W1994239025,0
https://openalex.org/W1994247453,12
https://openalex.org/W1994250292,0
https://openalex.org/W1994257520,1
https://openalex.org/W1994268173,0
https://openalex.org/W1994277358,9
https://openalex.org/W1994277738,0
https://openalex.org/W1994305951,3
https://openalex.org/W1994312920,0
https://openalex.org/W1994314323,0
https://openalex.org/W1994338003,0
https://openalex.org/W1994367360,0
https://openalex.org/W1994374478,1
https://openalex.org/W1994375732,0
https://openalex.org/W1994445359,10
https://openalex.org/W1994484298,6
https://openalex.org/W1994495641,1
https://openalex.org/W1994503925,0
https://openalex.org/W1994510830,2
https://openalex.org/W1994521925,0
https://openalex.org/W1994524161,0
https://openalex.org/W1994551305,2
https://openalex.org/W1994655207,0
https://openalex.org/W1994666483,0
https://openalex.org/W1994694170,0
https://openalex.org/W1994695309,2
https://openalex.org/W1994713035,0
https://openalex.org/W1994720943,0
https://openalex.org/W1994801453,0
https://openalex.org/W1994804643,0
https://openalex.org/W1994811603,5
https://openalex.org/W1994863412,6
https://openalex.org/W1994881150,0
https://openalex.org/W1994882411,5
https://openalex.org/W1994981984,0
https://openalex.org/W1994996299,0
https://openalex.org/W1995023528,0
https://openalex.org/W1995030296,8
https://openalex.org/W1995038751,0
https://openalex.org/W1995040131,9
https://openalex.org/W1995043566,0
https://openalex.org/W1995067277,0
https://openalex.org/W1995082200,2
https://openalex.org/W1995086383,6
https://openalex.org/W1995137685,7
https://openalex.org/W1995227684,0
https://openalex.org/W1995253118,0
https://openalex.org/W1995268692,0
https://openalex.org/W1995275273,0
https://openalex.org/W1995275332,3
https://openalex.org/W1995276475,0
https://openalex.org/W1995315680,0
https://openalex.org/W1995320676,7
https://openalex.org/W1995322095,0
https://openalex.org/W1995330018,2
https://openalex.org/W1995333692,2
https://openalex.org/W1995337019,5
https://openalex.org/W1995347993,0
https://openalex.org/W1995356005,0
https://openalex.org/W1995359293,0
https://openalex.org/W1995368717,0
https://openalex.org/W1995393884,5
https://openalex.org/W1995395174,0
https://openalex.org/W1995396463,1
https://openalex.org/W1995412337,0
https://openalex.org/W1995458492,0
https://openalex.org/W1995499811,1
https://openalex.org/W1995505622,6
https://openalex.org/W1995521302,0
https://openalex.org/W1995529682,0
https://openalex.org/W1995552419,0
https://openalex.org/W1995555506,0
https://openalex.org/W1995571548,0
https://openalex.org/W1995585628,0
https://openalex.org/W1995627776,0
https://openalex.org/W1995629145,0
https://openalex.org/W1995689541,2
https://openalex.org/W1995697175,2
https://openalex.org/W1995704359,0
https://openalex.org/W1995716179,0
https://openalex.org/W1995725505,3
https://openalex.org/W1995730659,1
https://openalex.org/W1995745290,1
https://openalex.org/W1995760312,0
https://openalex.org/W1995772204,3
https://openalex.org/W1995778190,0
https://openalex.org/W1995784709,1
https://openalex.org/W1995805103,1
https://openalex.org/W1995808715,0
https://openalex.org/W1995812309,1
https://openalex.org/W1995850870,0
https://openalex.org/W1995860742,8
https://openalex.org/W1995875005,6
https://openalex.org/W1995922049,0
https://openalex.org/W1995967290,5
https://openalex.org/W1995972462,2
https://openalex.org/W1995997090,0
https://openalex.org/W1996012555,0
https://openalex.org/W1996027002,0
https://openalex.org/W1996045081,3
https://openalex.org/W1996106058,1
https://openalex.org/W1996139935,0
https://openalex.org/W1996141707,4
https://openalex.org/W1996148167,0
https://openalex.org/W1996175714,0
https://openalex.org/W1996192360,2
https://openalex.org/W1996205801,0
https://openalex.org/W1996216916,0
https://openalex.org/W1996228804,0
https://openalex.org/W1996229239,0
https://openalex.org/W1996241137,0
https://openalex.org/W1996251975,0
https://openalex.org/W1996267515,0
https://openalex.org/W1996274231,12
https://openalex.org/W1996275032,1
https://openalex.org/W1996287193,6
https://openalex.org/W1996292197,8
https://openalex.org/W1996306218,1
https://openalex.org/W1996307094,0
https://openalex.org/W1996307848,0
https://openalex.org/W1996311680,0
https://openalex.org/W1996321280,0
https://openalex.org/W1996342679,0
https://openalex.org/W1996373361,5
https://openalex.org/W1996419736,0
https://openalex.org/W1996430209,4
https://openalex.org/W1996441509,0
https://openalex.org/W1996487727,3
https://openalex.org/W1996491008,1
https://openalex.org/W1996647501,0
https://openalex.org/W1996719875,0
https://openalex.org/W1996730930,0
https://openalex.org/W1996745356,3
https://openalex.org/W1996758501,7
https://openalex.org/W1996832426,0
https://openalex.org/W1996837568,0
https://openalex.org/W1996840096,0
https://openalex.org/W1996845160,5
https://openalex.org/W1996916821,0
https://openalex.org/W1996925394,0
https://openalex.org/W1996968552,0
https://openalex.org/W1996976958,0
https://openalex.org/W1996977716,1
https://openalex.org/W1996987290,5
https://openalex.org/W1996990381,4
https://openalex.org/W1997062321,0
https://openalex.org/W1997075117,0
https://openalex.org/W1997108860,0
https://openalex.org/W1997111661,0
https://openalex.org/W1997114258,0
https://openalex.org/W1997123876,2
https://openalex.org/W1997136708,9
https://openalex.org/W1997168016,2
https://openalex.org/W1997188484,0
https://openalex.org/W1997243928,0
https://openalex.org/W1997284034,1
https://openalex.org/W1997286214,0
https://openalex.org/W1997305194,1
https://openalex.org/W1997352809,0
https://openalex.org/W1997370072,1
https://openalex.org/W1997380547,7
https://openalex.org/W1997388490,0
https://openalex.org/W1997464429,0
https://openalex.org/W1997466467,2
https://openalex.org/W1997472384,0
https://openalex.org/W1997485243,0
https://openalex.org/W1997504014,7
https://openalex.org/W1997512083,8
https://openalex.org/W1997525797,0
https://openalex.org/W1997549448,1
https://openalex.org/W1997595201,0
https://openalex.org/W1997692963,3
https://openalex.org/W1997706368,0
https://openalex.org/W1997719501,8
https://openalex.org/W1997752949,0
https://openalex.org/W1997754466,0
https://openalex.org/W1997775795,1
https://openalex.org/W1997786272,2
https://openalex.org/W1997799711,0
https://openalex.org/W1997803338,12
https://openalex.org/W1997814996,3
https://openalex.org/W1997823149,2
https://openalex.org/W1997895645,0
https://openalex.org/W1997903772,2
https://openalex.org/W1997926210,0
https://openalex.org/W1997934683,3
https://openalex.org/W1997999646,0
https://openalex.org/W1998015583,0
https://openalex.org/W1998030512,1
https://openalex.org/W1998036649,0
https://openalex.org/W1998073692,3
https://openalex.org/W1998075653,0
https://openalex.org/W1998164463,0
https://openalex.org/W1998175859,0
https://openalex.org/W1998182130,0
https://openalex.org/W1998189134,6
https://openalex.org/W1998199235,2
https://openalex.org/W1998207521,0
https://openalex.org/W1998280182,0
https://openalex.org/W1998300739,0
https://openalex.org/W1998308285,2
https://openalex.org/W1998322724,4
https://openalex.org/W1998325100,11
https://openalex.org/W1998329134,10
https://openalex.org/W1998366131,0
https://openalex.org/W1998376906,8
https://openalex.org/W1998392749,7
https://openalex.org/W1998460311,0
https://openalex.org/W1998492857,0
https://openalex.org/W1998514159,1
https://openalex.org/W1998560893,1
https://openalex.org/W1998593336,7
https://openalex.org/W1998613204,9
https://openalex.org/W1998619809,5
https://openalex.org/W1998735791,0
https://openalex.org/W1998753494,0
https://openalex.org/W1998773595,1
https://openalex.org/W1998791206,1
https://openalex.org/W1998989247,0
https://openalex.org/W1999028041,0
https://openalex.org/W1999033825,0
https://openalex.org/W1999043273,0
https://openalex.org/W1999064112,2
https://openalex.org/W1999071249,5
https://openalex.org/W1999105751,1
https://openalex.org/W1999115951,0
https://openalex.org/W1999116469,4
https://openalex.org/W1999128282,0
https://openalex.org/W1999157546,4
https://openalex.org/W1999184772,0
https://openalex.org/W1999184820,0
https://openalex.org/W1999190454,0
https://openalex.org/W1999199808,0
https://openalex.org/W1999216012,0
https://openalex.org/W1999218695,0
https://openalex.org/W1999251568,4
https://openalex.org/W1999270308,0
https://openalex.org/W1999278135,0
https://openalex.org/W1999281263,1
https://openalex.org/W1999319598,0
https://openalex.org/W1999335485,1
https://openalex.org/W1999432067,1
https://openalex.org/W1999470447,1
https://openalex.org/W1999497809,11
https://openalex.org/W1999508478,0
https://openalex.org/W1999523030,0
https://openalex.org/W1999570774,1
https://openalex.org/W1999593056,0
https://openalex.org/W1999605267,4
https://openalex.org/W1999616650,0
https://openalex.org/W1999621003,5
https://openalex.org/W1999630511,0
https://openalex.org/W1999633146,0
https://openalex.org/W1999645211,0
https://openalex.org/W1999663471,3
https://openalex.org/W1999667531,0
https://openalex.org/W1999674520,5
https://openalex.org/W1999695700,0
https://openalex.org/W1999705470,0
https://openalex.org/W1999792410,0
https://openalex.org/W1999835413,0
https://openalex.org/W1999839561,1
https://openalex.org/W1999840380,0
https://openalex.org/W1999853481,0
https://openalex.org/W1999886572,2
https://openalex.org/W1999901039,2
https://openalex.org/W1999913479,0
https://openalex.org/W1999918175,1
https://openalex.org/W1999922275,0
https://openalex.org/W1999937901,0
https://openalex.org/W1999942337,3
https://openalex.org/W1999979096,0
https://openalex.org/W1999981349,0
https://openalex.org/W1999994555,3
https://openalex.org/W2000021730,12
https://openalex.org/W2000104259,0
https://openalex.org/W2000122399,9
https://openalex.org/W2000129866,0
https://openalex.org/W2000141051,8
https://openalex.org/W2000156741,6
https://openalex.org/W2000164285,8
https://openalex.org/W2000167035,2
https://openalex.org/W2000193842,0
https://openalex.org/W2000200803,0
https://openalex.org/W2000229693,8
https://openalex.org/W2000232765,7
https://openalex.org/W2000264157,0
https://openalex.org/W2000312806,0
https://openalex.org/W2000315839,2
https://openalex.org/W2000323000,0
https://openalex.org/W2000333166,0
https://openalex.org/W2000340371,2
https://openalex.org/W2000420765,1
https://openalex.org/W2000453438,11
https://openalex.org/W2000461532,0
https://openalex.org/W2000465353,0
https://openalex.org/W2000491712,0
https://openalex.org/W2000498672,1
https://openalex.org/W2000512760,0
https://openalex.org/W2000518700,0
https://openalex.org/W2000537891,0
https://openalex.org/W2000594452,0
https://openalex.org/W2000601797,1
https://openalex.org/W2000614174,2
https://openalex.org/W2000622303,0
https://openalex.org/W2000638520,1
https://openalex.org/W2000687060,0
https://openalex.org/W2000716883,0
https://openalex.org/W2000733537,0
https://openalex.org/W2000735831,0
https://openalex.org/W2000748516,11
https://openalex.org/W2000766692,0
https://openalex.org/W2000771599,0
https://openalex.org/W2000778035,10
https://openalex.org/W2000815156,2
https://openalex.org/W2000906662,0
https://openalex.org/W2000953562,1
https://openalex.org/W2000972433,0
https://openalex.org/W2000994263,3
https://openalex.org/W2001002350,0
https://openalex.org/W2001004098,0
https://openalex.org/W2001005810,1
https://openalex.org/W2001027389,0
https://openalex.org/W2001028259,0
https://openalex.org/W2001060100,4
https://openalex.org/W2001068350,0
https://openalex.org/W2001068635,6
https://openalex.org/W2001079569,0
https://openalex.org/W2001145784,1
https://openalex.org/W2001154000,1
https://openalex.org/W2001160178,0
https://openalex.org/W2001203710,0
https://openalex.org/W2001212769,0
https://openalex.org/W2001236319,4
https://openalex.org/W2001266801,2
https://openalex.org/W2001305586,0
https://openalex.org/W2001314463,6
https://openalex.org/W2001319350,0
https://openalex.org/W2001355968,1
https://openalex.org/W2001372852,0
https://openalex.org/W2001379168,1
https://openalex.org/W2001416577,0
https://openalex.org/W2001430795,5
https://openalex.org/W2001434583,0
https://openalex.org/W2001458124,0
https://openalex.org/W2001513232,5
https://openalex.org/W2001517413,1
https://openalex.org/W2001517606,0
https://openalex.org/W2001523994,0
https://openalex.org/W2001582360,0
https://openalex.org/W2001592545,0
https://openalex.org/W2001640499,10
https://openalex.org/W2001663866,0
https://openalex.org/W2001668865,0
https://openalex.org/W2001700175,6
https://openalex.org/W2001714823,0
https://openalex.org/W2001725793,0
https://openalex.org/W2001758685,0
https://openalex.org/W2001787827,6
https://openalex.org/W2001796215,0
https://openalex.org/W2001797236,2
https://openalex.org/W2001808085,0
https://openalex.org/W2001840883,0
https://openalex.org/W2001842452,0
https://openalex.org/W2001842539,5
https://openalex.org/W2001852502,12
https://openalex.org/W2001875740,1
https://openalex.org/W2001940622,0
https://openalex.org/W2001942885,4
https://openalex.org/W2001943243,0
https://openalex.org/W2001978519,5
https://openalex.org/W2001993030,0
https://openalex.org/W2002015066,6
https://openalex.org/W2002021393,0
https://openalex.org/W2002041694,9
https://openalex.org/W2002048896,0
https://openalex.org/W2002056219,0
https://openalex.org/W2002082907,0
https://openalex.org/W2002112596,0
https://openalex.org/W2002133820,0
https://openalex.org/W2002207835,1
https://openalex.org/W2002242187,3
https://openalex.org/W2002246696,0
https://openalex.org/W2002288482,6
https://openalex.org/W2002304522,0
https://openalex.org/W2002309872,0
https://openalex.org/W2002318289,0
https://openalex.org/W2002331471,1
https://openalex.org/W2002337438,0
https://openalex.org/W200234184,1
https://openalex.org/W2002361225,2
https://openalex.org/W2002378618,12
https://openalex.org/W2002420834,0
https://openalex.org/W2002424443,0
https://openalex.org/W2002453776,0
https://openalex.org/W2002503495,0
https://openalex.org/W2002554652,7
https://openalex.org/W2002591112,2
https://openalex.org/W2002605890,0
https://openalex.org/W2002692661,7
https://openalex.org/W2002697579,5
https://openalex.org/W2002713405,0
https://openalex.org/W2002718441,0
https://openalex.org/W2002788663,2
https://openalex.org/W2002795550,0
https://openalex.org/W2002806032,1
https://openalex.org/W2002810639,0
https://openalex.org/W2002838141,0
https://openalex.org/W2002868516,0
https://openalex.org/W2002940080,0
https://openalex.org/W2002978127,0
https://openalex.org/W2003037700,1
https://openalex.org/W2003077204,8
https://openalex.org/W2003088075,0
https://openalex.org/W2003089009,11
https://openalex.org/W2003095642,0
https://openalex.org/W2003114534,4
https://openalex.org/W2003151156,0
https://openalex.org/W2003180130,0
https://openalex.org/W2003196121,1
https://openalex.org/W2003208039,0
https://openalex.org/W2003226260,0
https://openalex.org/W2003242775,0
https://openalex.org/W2003246710,0
https://openalex.org/W2003256189,1
https://openalex.org/W2003284171,5
https://openalex.org/W2003288971,11
https://openalex.org/W2003319723,1
https://openalex.org/W2003393105,0
https://openalex.org/W2003393269,0
https://openalex.org/W2003399694,3
https://openalex.org/W2003455281,0
https://openalex.org/W2003467492,0
https://openalex.org/W2003477302,0
https://openalex.org/W2003530952,0
https://openalex.org/W2003610520,7
https://openalex.org/W2003627638,0
https://openalex.org/W2003650648,8
https://openalex.org/W2003655203,0
https://openalex.org/W2003659057,0
https://openalex.org/W2003688823,0
https://openalex.org/W2003727660,1
https://openalex.org/W2003745473,0
https://openalex.org/W2003759559,0
https://openalex.org/W2003790335,1
https://openalex.org/W2003814161,5
https://openalex.org/W2003872820,0
https://openalex.org/W2003896135,0
https://openalex.org/W2003898064,2
https://openalex.org/W2003898720,1
https://openalex.org/W2003926353,0
https://openalex.org/W2003944946,4
https://openalex.org/W2003955644,0
https://openalex.org/W2003970247,1
https://openalex.org/W2003994491,0
https://openalex.org/W2004018870,0
https://openalex.org/W2004114821,0
https://openalex.org/W2004148620,1
https://openalex.org/W2004153044,0
https://openalex.org/W2004154478,0
https://openalex.org/W2004177478,0
https://openalex.org/W2004196905,2
https://openalex.org/W2004239314,0
https://openalex.org/W2004254219,3
https://openalex.org/W2004308215,0
https://openalex.org/W2004343480,0
https://openalex.org/W2004380697,10
https://openalex.org/W2004394994,0
https://openalex.org/W2004452652,2
https://openalex.org/W2004474152,0
https://openalex.org/W2004474735,1
https://openalex.org/W2004474872,0
https://openalex.org/W2004518109,1
https://openalex.org/W2004565728,0
https://openalex.org/W2004575953,0
https://openalex.org/W2004585720,0
https://openalex.org/W2004588628,1
https://openalex.org/W2004597094,1
https://openalex.org/W2004604610,1
https://openalex.org/W2004617275,0
https://openalex.org/W2004621667,2
https://openalex.org/W2004627707,1
https://openalex.org/W2004631255,8
https://openalex.org/W2004644715,7
https://openalex.org/W2004702311,1
https://openalex.org/W2004710454,9
https://openalex.org/W2004710925,0
https://openalex.org/W2004711825,2
https://openalex.org/W2004749344,0
https://openalex.org/W2004776657,0
https://openalex.org/W2004784878,0
https://openalex.org/W2004795473,4
https://openalex.org/W2004802341,1
https://openalex.org/W2004891794,0
https://openalex.org/W2004907711,1
https://openalex.org/W2004931051,1
https://openalex.org/W2004958506,12
https://openalex.org/W2004974484,0
https://openalex.org/W2004995635,12
https://openalex.org/W2005005410,3
https://openalex.org/W2005039039,0
https://openalex.org/W2005045621,0
https://openalex.org/W2005075900,0
https://openalex.org/W2005117669,5
https://openalex.org/W2005123040,9
https://openalex.org/W2005133128,0
https://openalex.org/W2005148766,0
https://openalex.org/W2005149144,1
https://openalex.org/W2005155237,6
https://openalex.org/W2005166662,0
https://openalex.org/W2005176453,4
https://openalex.org/W2005181512,0
https://openalex.org/W2005204489,9
https://openalex.org/W2005225876,7
https://openalex.org/W2005237969,0
https://openalex.org/W2005244243,0
https://openalex.org/W2005244889,0
https://openalex.org/W2005264923,2
https://openalex.org/W2005265025,0
https://openalex.org/W2005269566,0
https://openalex.org/W2005298438,0
https://openalex.org/W2005338501,0
https://openalex.org/W2005344367,0
https://openalex.org/W2005346970,9
https://openalex.org/W2005389400,0
https://openalex.org/W2005399072,0
https://openalex.org/W2005466653,0
https://openalex.org/W2005478386,0
https://openalex.org/W2005510529,0
https://openalex.org/W2005572437,0
https://openalex.org/W2005575708,0
https://openalex.org/W2005586984,0
https://openalex.org/W2005595961,3
https://openalex.org/W2005638048,0
https://openalex.org/W2005642165,10
https://openalex.org/W2005665529,4
https://openalex.org/W2005667641,0
https://openalex.org/W2005672872,0
https://openalex.org/W2005780072,2
https://openalex.org/W2005790189,2
https://openalex.org/W2005795166,4
https://openalex.org/W2005818032,6
https://openalex.org/W2005833289,0
https://openalex.org/W2005852583,0
https://openalex.org/W2005857107,4
https://openalex.org/W2005893408,0
https://openalex.org/W2005898838,4
https://openalex.org/W2005916505,0
https://openalex.org/W2005924583,0
https://openalex.org/W2005938737,0
https://openalex.org/W2005944655,0
https://openalex.org/W2005971633,1
https://openalex.org/W2005985022,0
https://openalex.org/W2005997606,0
https://openalex.org/W2006012632,0
https://openalex.org/W2006018613,0
https://openalex.org/W2006025875,8
https://openalex.org/W2006033031,3
https://openalex.org/W2006070311,5
https://openalex.org/W2006076813,0
https://openalex.org/W2006080364,1
https://openalex.org/W2006103535,0
https://openalex.org/W2006106710,1
https://openalex.org/W2006126666,0
https://openalex.org/W2006149540,5
https://openalex.org/W2006152996,2
https://openalex.org/W2006173108,5
https://openalex.org/W2006183579,1
https://openalex.org/W2006189252,0
https://openalex.org/W2006217673,0
https://openalex.org/W2006247735,0
https://openalex.org/W2006266042,1
https://openalex.org/W2006282150,0
https://openalex.org/W2006300145,6
https://openalex.org/W2006347825,0
https://openalex.org/W2006349625,0
https://openalex.org/W2006353332,0
https://openalex.org/W2006376447,0
https://openalex.org/W2006456377,2
https://openalex.org/W2006459740,1
https://openalex.org/W2006469220,4
https://openalex.org/W2006473460,0
https://openalex.org/W2006487471,3
https://openalex.org/W2006493642,0
https://openalex.org/W2006510939,3
https://openalex.org/W2006514023,0
https://openalex.org/W2006634538,0
https://openalex.org/W2006650779,0
https://openalex.org/W2006661246,4
https://openalex.org/W2006685391,0
https://openalex.org/W2006697856,0
https://openalex.org/W2006708965,2
https://openalex.org/W2006725230,1
https://openalex.org/W2006728661,0
https://openalex.org/W2006730244,0
https://openalex.org/W2006798471,2
https://openalex.org/W2006811585,0
https://openalex.org/W2006816373,7
https://openalex.org/W2006825923,2
https://openalex.org/W2006831958,5
https://openalex.org/W2006876712,0
https://openalex.org/W2006900447,0
https://openalex.org/W2006908627,0
https://openalex.org/W2006921507,3
https://openalex.org/W2007002926,3
https://openalex.org/W2007039697,0
https://openalex.org/W2007075165,0
https://openalex.org/W2007077540,0
https://openalex.org/W2007086836,0
https://openalex.org/W2007136170,1
https://openalex.org/W2007146272,0
https://openalex.org/W2007204475,1
https://openalex.org/W2007204782,4
https://openalex.org/W2007221050,8
https://openalex.org/W2007255012,0
https://openalex.org/W2007276071,0
https://openalex.org/W2007311384,9
https://openalex.org/W2007322689,8
https://openalex.org/W2007345243,0
https://openalex.org/W2007347365,0
https://openalex.org/W2007347713,0
https://openalex.org/W2007364035,0
https://openalex.org/W2007366893,0
https://openalex.org/W2007474339,1
https://openalex.org/W2007476918,1
https://openalex.org/W2007498636,0
https://openalex.org/W2007509278,0
https://openalex.org/W2007524006,0
https://openalex.org/W2007562606,1
https://openalex.org/W2007578397,1
https://openalex.org/W2007579693,1
https://openalex.org/W2007583613,0
https://openalex.org/W2007603674,4
https://openalex.org/W2007611677,4
https://openalex.org/W2007627755,0
https://openalex.org/W2007699205,2
https://openalex.org/W2007700181,5
https://openalex.org/W2007730642,7
https://openalex.org/W2007754125,5
https://openalex.org/W2007762999,0
https://openalex.org/W2007778464,7
https://openalex.org/W2007788414,6
https://openalex.org/W2007789395,0
https://openalex.org/W2007791548,0
https://openalex.org/W2007796174,1
https://openalex.org/W2007814083,0
https://openalex.org/W2007814395,4
https://openalex.org/W2007824763,0
https://openalex.org/W2007836875,0
https://openalex.org/W2007844794,0
https://openalex.org/W2007855262,0
https://openalex.org/W2007982745,0
https://openalex.org/W2008004588,2
https://openalex.org/W2008036398,0
https://openalex.org/W2008056027,1
https://openalex.org/W2008064771,5
https://openalex.org/W2008075146,0
https://openalex.org/W2008125867,0
https://openalex.org/W2008140698,5
https://openalex.org/W2008153574,0
https://openalex.org/W2008162456,2
https://openalex.org/W2008175199,0
https://openalex.org/W2008185349,5
https://openalex.org/W2008278337,5
https://openalex.org/W2008316175,0
https://openalex.org/W2008333556,0
https://openalex.org/W2008394875,1
https://openalex.org/W2008409761,0
https://openalex.org/W2008418655,1
https://openalex.org/W2008492097,0
https://openalex.org/W2008492245,0
https://openalex.org/W2008494656,2
https://openalex.org/W2008504089,5
https://openalex.org/W2008545774,5
https://openalex.org/W2008582640,3
https://openalex.org/W2008586295,0
https://openalex.org/W2008616263,9
https://openalex.org/W2008635371,0
https://openalex.org/W2008639553,0
https://openalex.org/W2008647311,1
https://openalex.org/W2008680866,0
https://openalex.org/W2008693147,1
https://openalex.org/W2008745769,0
https://openalex.org/W2008789019,6
https://openalex.org/W2008825824,4
https://openalex.org/W2008837176,0
https://openalex.org/W2008844312,0
https://openalex.org/W2008877531,6
https://openalex.org/W2008885108,0
https://openalex.org/W2008957439,1
https://openalex.org/W2008995330,2
https://openalex.org/W2009013143,1
https://openalex.org/W2009020810,0
https://openalex.org/W2009051987,0
https://openalex.org/W2009101171,0
https://openalex.org/W2009107350,1
https://openalex.org/W2009135853,12
https://openalex.org/W2009144376,0
https://openalex.org/W2009170392,1
https://openalex.org/W2009231455,0
https://openalex.org/W2009253416,0
https://openalex.org/W2009260362,6
https://openalex.org/W2009265251,1
https://openalex.org/W2009291432,0
https://openalex.org/W2009295822,0
https://openalex.org/W2009313081,0
https://openalex.org/W2009329228,0
https://openalex.org/W2009335441,1
https://openalex.org/W2009424942,0
https://openalex.org/W2009425818,9
https://openalex.org/W2009434510,0
https://openalex.org/W2009451548,0
https://openalex.org/W2009457955,0
https://openalex.org/W2009464925,0
https://openalex.org/W2009575368,0
https://openalex.org/W2009576369,0
https://openalex.org/W2009619460,4
https://openalex.org/W2009625272,1
https://openalex.org/W2009657956,0
https://openalex.org/W2009659771,0
https://openalex.org/W2009689975,4
https://openalex.org/W2009699362,9
https://openalex.org/W2009723131,1
https://openalex.org/W2009829202,0
https://openalex.org/W2009830431,0
https://openalex.org/W2009851001,0
https://openalex.org/W2009858479,10
https://openalex.org/W2009865798,8
https://openalex.org/W2009890229,0
https://openalex.org/W2009891564,5
https://openalex.org/W2009910266,7
https://openalex.org/W2009933564,0
https://openalex.org/W2009938630,4
https://openalex.org/W2009948598,0
https://openalex.org/W2009958617,1
https://openalex.org/W2009981887,8
https://openalex.org/W2009998705,0
https://openalex.org/W2010025617,3
https://openalex.org/W2010033475,0
https://openalex.org/W2010037906,8
https://openalex.org/W2010062884,0
https://openalex.org/W2010118718,0
https://openalex.org/W2010126161,0
https://openalex.org/W2010127808,0
https://openalex.org/W2010150801,0
https://openalex.org/W2010211171,0
https://openalex.org/W2010211315,0
https://openalex.org/W2010236959,11
https://openalex.org/W2010242333,5
https://openalex.org/W2010260828,0
https://openalex.org/W2010279768,4
https://openalex.org/W2010280805,4
https://openalex.org/W2010281448,0
https://openalex.org/W2010339309,4
https://openalex.org/W2010373374,7
https://openalex.org/W2010413816,0
https://openalex.org/W2010475195,0
https://openalex.org/W2010521943,0
https://openalex.org/W2010528162,7
https://openalex.org/W2010576217,2
https://openalex.org/W2010580563,10
https://openalex.org/W2010592319,2
https://openalex.org/W2010601650,0
https://openalex.org/W2010613522,0
https://openalex.org/W2010625987,0
https://openalex.org/W2010644895,0
https://openalex.org/W2010668831,2
https://openalex.org/W2010687769,0
https://openalex.org/W2010689416,0
https://openalex.org/W2010710029,0
https://openalex.org/W2010730004,2
https://openalex.org/W2010760548,0
https://openalex.org/W2010770996,0
https://openalex.org/W2010792887,0
https://openalex.org/W2010822261,10
https://openalex.org/W2010823300,1
https://openalex.org/W2010824626,0
https://openalex.org/W2010840004,0
https://openalex.org/W2010857669,4
https://openalex.org/W2010861659,0
https://openalex.org/W2010867873,0
https://openalex.org/W2010901474,12
https://openalex.org/W2011008960,0
https://openalex.org/W2011047068,0
https://openalex.org/W2011091862,0
https://openalex.org/W2011111272,8
https://openalex.org/W2011145997,1
https://openalex.org/W2011229599,0
https://openalex.org/W2011231785,4
https://openalex.org/W2011263507,0
https://openalex.org/W2011287248,0
https://openalex.org/W2011315317,0
https://openalex.org/W2011320652,1
https://openalex.org/W2011335312,0
https://openalex.org/W2011349146,0
https://openalex.org/W2011393729,0
https://openalex.org/W2011398972,3
https://openalex.org/W2011402153,0
https://openalex.org/W2011406636,0
https://openalex.org/W2011406728,1
https://openalex.org/W2011416616,0
https://openalex.org/W2011446341,0
https://openalex.org/W2011489328,0
https://openalex.org/W2011502189,3
https://openalex.org/W2011508913,4
https://openalex.org/W2011518417,0
https://openalex.org/W2011520457,0
https://openalex.org/W2011522689,1
https://openalex.org/W2011525766,0
https://openalex.org/W2011556102,0
https://openalex.org/W2011561582,2
https://openalex.org/W2011569213,5
https://openalex.org/W2011575375,1
https://openalex.org/W2011581020,3
https://openalex.org/W2011620000,0
https://openalex.org/W2011626171,0
https://openalex.org/W2011636360,0
https://openalex.org/W2011636687,6
https://openalex.org/W2011640969,0
https://openalex.org/W2011651720,1
https://openalex.org/W2011659453,0
https://openalex.org/W2011706131,0
https://openalex.org/W2011706725,0
https://openalex.org/W2011707743,0
https://openalex.org/W2011765434,0
https://openalex.org/W2011777786,12
https://openalex.org/W2011782338,0
https://openalex.org/W2011798043,0
https://openalex.org/W2011811922,11
https://openalex.org/W2011812481,0
https://openalex.org/W2011829769,0
https://openalex.org/W2011843444,0
https://openalex.org/W2011847221,1
https://openalex.org/W2011949077,1
https://openalex.org/W2011970021,2
https://openalex.org/W2011977162,0
https://openalex.org/W2011980185,0
https://openalex.org/W2012002356,0
https://openalex.org/W2012012092,0
https://openalex.org/W2012029085,0
https://openalex.org/W2012060632,2
https://openalex.org/W2012075130,0
https://openalex.org/W2012084678,7
https://openalex.org/W2012113238,0
https://openalex.org/W2012120731,0
https://openalex.org/W2012167321,0
https://openalex.org/W2012187698,6
https://openalex.org/W2012190610,0
https://openalex.org/W2012200312,0
https://openalex.org/W2012248519,0
https://openalex.org/W2012249574,0
https://openalex.org/W2012258149,0
https://openalex.org/W2012261625,0
https://openalex.org/W2012338169,0
https://openalex.org/W2012344028,0
https://openalex.org/W2012346612,1
https://openalex.org/W2012349835,2
https://openalex.org/W2012364998,0
https://openalex.org/W2012437706,0
https://openalex.org/W2012461892,0
https://openalex.org/W2012480197,0
https://openalex.org/W2012490588,0
https://openalex.org/W2012548501,1
https://openalex.org/W2012549534,1
https://openalex.org/W2012600388,1
https://openalex.org/W2012620412,1
https://openalex.org/W2012639241,0
https://openalex.org/W2012644238,0
https://openalex.org/W2012691990,0
https://openalex.org/W2012714851,0
https://openalex.org/W2012717913,1
https://openalex.org/W2012738253,0
https://openalex.org/W2012763169,11
https://openalex.org/W2012776313,0
https://openalex.org/W2012855752,9
https://openalex.org/W2012858026,0
https://openalex.org/W2012880557,1
https://openalex.org/W2012887975,1
https://openalex.org/W2012908661,3
https://openalex.org/W2012923286,2
https://openalex.org/W2012925219,8
https://openalex.org/W2012929616,10
https://openalex.org/W2012934900,0
https://openalex.org/W2012935592,0
https://openalex.org/W2012937568,1
https://openalex.org/W2012943477,0
https://openalex.org/W2012990713,0
https://openalex.org/W2012991357,5
https://openalex.org/W2012999991,0
https://openalex.org/W2013028290,2
https://openalex.org/W2013030122,0
https://openalex.org/W2013044332,7
https://openalex.org/W2013065061,0
https://openalex.org/W2013075579,1
https://openalex.org/W2013084046,0
https://openalex.org/W2013192989,6
https://openalex.org/W2013225066,1
https://openalex.org/W2013269955,0
https://openalex.org/W2013287207,0
https://openalex.org/W2013307956,1
https://openalex.org/W2013337559,0
https://openalex.org/W2013342774,2
https://openalex.org/W2013356107,12
https://openalex.org/W2013404103,2
https://openalex.org/W2013461333,0
https://openalex.org/W2013477188,0
https://openalex.org/W2013484018,3
https://openalex.org/W2013493322,4
https://openalex.org/W2013545352,0
https://openalex.org/W2013572618,0
https://openalex.org/W2013572715,10
https://openalex.org/W2013610520,5
https://openalex.org/W2013614482,0
https://openalex.org/W2013650918,0
https://openalex.org/W2013683448,0
https://openalex.org/W2013700741,0
https://openalex.org/W2013724468,7
https://openalex.org/W2013726160,12
https://openalex.org/W2013727665,0
https://openalex.org/W2013736865,0
https://openalex.org/W2013770931,1
https://openalex.org/W2013772239,0
https://openalex.org/W2013806912,1
https://openalex.org/W2013827506,0
https://openalex.org/W2013893541,5
https://openalex.org/W2013925835,0
https://openalex.org/W2013963010,2
https://openalex.org/W2013967960,0
https://openalex.org/W2013991660,0
https://openalex.org/W2014032103,0
https://openalex.org/W2014069394,0
https://openalex.org/W2014083094,0
https://openalex.org/W2014093889,0
https://openalex.org/W2014103770,1
https://openalex.org/W2014110082,0
https://openalex.org/W2014127219,0
https://openalex.org/W2014127788,0
https://openalex.org/W2014133619,0
https://openalex.org/W2014145746,0
https://openalex.org/W2014149177,0
https://openalex.org/W2014165731,0
https://openalex.org/W2014167483,0
https://openalex.org/W2014181640,8
https://openalex.org/W2014206463,0
https://openalex.org/W2014223910,0
https://openalex.org/W2014225055,0
https://openalex.org/W2014243906,0
https://openalex.org/W2014248799,0
https://openalex.org/W2014316218,0
https://openalex.org/W2014321982,5
https://openalex.org/W2014348570,11
https://openalex.org/W2014364888,0
https://openalex.org/W2014371488,9
https://openalex.org/W2014386371,0
https://openalex.org/W2014393246,2
https://openalex.org/W2014403482,0
https://openalex.org/W2014446124,9
https://openalex.org/W2014449612,0
https://openalex.org/W2014496335,5
https://openalex.org/W2014497447,0
https://openalex.org/W2014508375,12
https://openalex.org/W2014509058,0
https://openalex.org/W2014515159,0
https://openalex.org/W2014517777,4
https://openalex.org/W2014542656,0
https://openalex.org/W2014543836,3
https://openalex.org/W2014552644,3
https://openalex.org/W2014581477,8
https://openalex.org/W2014609500,0
https://openalex.org/W2014621858,1
https://openalex.org/W2014676200,0
https://openalex.org/W2014756993,0
https://openalex.org/W2014766586,3
https://openalex.org/W2014787265,0
https://openalex.org/W2014803687,0
https://openalex.org/W2014836335,2
https://openalex.org/W2014861260,0
https://openalex.org/W2014903806,2
https://openalex.org/W2014923099,0
https://openalex.org/W2014925260,0
https://openalex.org/W2014934901,0
https://openalex.org/W2014958207,2
https://openalex.org/W2014977380,0
https://openalex.org/W2015011487,3
https://openalex.org/W2015085748,6
https://openalex.org/W2015095389,1
https://openalex.org/W2015104986,0
https://openalex.org/W2015105708,4
https://openalex.org/W2015169454,0
https://openalex.org/W2015180548,0
https://openalex.org/W2015183263,0
https://openalex.org/W2015184455,7
https://openalex.org/W2015212044,3
https://openalex.org/W2015214461,0
https://openalex.org/W2015229924,3
https://openalex.org/W2015236140,0
https://openalex.org/W2015282866,0
https://openalex.org/W2015351570,0
https://openalex.org/W2015358297,0
https://openalex.org/W2015385342,0
https://openalex.org/W2015430514,0
https://openalex.org/W2015472715,5
https://openalex.org/W2015490519,0
https://openalex.org/W2015502961,11
https://openalex.org/W2015523107,0
https://openalex.org/W2015545016,0
https://openalex.org/W2015585119,3
https://openalex.org/W2015590136,0
https://openalex.org/W2015601654,5
https://openalex.org/W2015607796,8
https://openalex.org/W2015621017,0
https://openalex.org/W2015627673,3
https://openalex.org/W2015638581,0
https://openalex.org/W2015665153,0
https://openalex.org/W2015679926,1
https://openalex.org/W2015700392,6
https://openalex.org/W2015711160,5
https://openalex.org/W2015734357,0
https://openalex.org/W2015741311,1
https://openalex.org/W2015741427,4
https://openalex.org/W2015750270,1
https://openalex.org/W2015755847,3
https://openalex.org/W2015772462,9
https://openalex.org/W2015787350,1
https://openalex.org/W2015812815,0
https://openalex.org/W2015818247,2
https://openalex.org/W2015838868,0
https://openalex.org/W2015841785,0
https://openalex.org/W2015872659,1
https://openalex.org/W2015890386,0
https://openalex.org/W2015899720,1
https://openalex.org/W2015944316,10
https://openalex.org/W2015963747,3
https://openalex.org/W2016015513,0
https://openalex.org/W2016075951,6
https://openalex.org/W2016079332,0
https://openalex.org/W2016104520,0
https://openalex.org/W2016106530,3
https://openalex.org/W2016106683,0
https://openalex.org/W2016107312,1
https://openalex.org/W2016128561,12
https://openalex.org/W2016132541,10
https://openalex.org/W2016138645,1
https://openalex.org/W2016156814,1
https://openalex.org/W2016210064,0
https://openalex.org/W2016271890,3
https://openalex.org/W2016278206,0
https://openalex.org/W2016298168,1
https://openalex.org/W2016324008,12
https://openalex.org/W2016351864,2
https://openalex.org/W2016379859,0
https://openalex.org/W2016408834,10
https://openalex.org/W2016413989,1
https://openalex.org/W2016427006,0
https://openalex.org/W2016452188,0
https://openalex.org/W2016457523,3
https://openalex.org/W2016463288,5
https://openalex.org/W2016506481,2
https://openalex.org/W2016510437,1
https://openalex.org/W2016515037,11
https://openalex.org/W2016516069,0
https://openalex.org/W2016542167,0
https://openalex.org/W2016632602,1
https://openalex.org/W2016640328,0
https://openalex.org/W2016663571,0
https://openalex.org/W2016671269,0
https://openalex.org/W2016672611,1
https://openalex.org/W2016672751,0
https://openalex.org/W2016675611,4
https://openalex.org/W2016760520,0
https://openalex.org/W2016785432,2
https://openalex.org/W2016822999,0
https://openalex.org/W2016826118,4
https://openalex.org/W2016831259,0
https://openalex.org/W2016904143,0
https://openalex.org/W2016927051,0
https://openalex.org/W2016931985,0
https://openalex.org/W2016936832,7
https://openalex.org/W2016962159,1
https://openalex.org/W2016975467,0
https://openalex.org/W2016995783,0
https://openalex.org/W2016997624,11
https://openalex.org/W2017014046,1
https://openalex.org/W2017099665,3
https://openalex.org/W2017104125,0
https://openalex.org/W2017123770,0
https://openalex.org/W2017128193,1
https://openalex.org/W2017148570,0
https://openalex.org/W2017152928,0
https://openalex.org/W2017173737,0
https://openalex.org/W2017220973,0
https://openalex.org/W2017253678,3
https://openalex.org/W2017267919,0
https://openalex.org/W2017409477,1
https://openalex.org/W2017410721,0
https://openalex.org/W2017499919,0
https://openalex.org/W2017516774,0
https://openalex.org/W2017518807,10
https://openalex.org/W2017524657,0
https://openalex.org/W2017552275,1
https://openalex.org/W2017569796,0
https://openalex.org/W2017574125,0
https://openalex.org/W2017583868,0
https://openalex.org/W2017585730,0
https://openalex.org/W2017626666,0
https://openalex.org/W2017659987,0
https://openalex.org/W2017671445,1
https://openalex.org/W2017705349,0
https://openalex.org/W2017766517,0
https://openalex.org/W2017772521,6
https://openalex.org/W2017773564,0
https://openalex.org/W2017777122,9
https://openalex.org/W2017777820,4
https://openalex.org/W2017806709,0
https://openalex.org/W2017840224,11
https://openalex.org/W2017852426,0
https://openalex.org/W2017864613,0
https://openalex.org/W2017866598,0
https://openalex.org/W2017872760,0
https://openalex.org/W2017920591,0
https://openalex.org/W2017927626,0
https://openalex.org/W2017940216,0
https://openalex.org/W2017967937,0
https://openalex.org/W2017977070,0
https://openalex.org/W2018036993,0
https://openalex.org/W2018057438,1
https://openalex.org/W2018064283,2
https://openalex.org/W2018104303,3
https://openalex.org/W2018118724,0
https://openalex.org/W2018134444,0
https://openalex.org/W2018152340,2
https://openalex.org/W2018153443,2
https://openalex.org/W2018158184,4
https://openalex.org/W2018176546,0
https://openalex.org/W2018180565,0
https://openalex.org/W2018182802,8
https://openalex.org/W2018199451,0
https://openalex.org/W2018199533,1
https://openalex.org/W2018219757,9
https://openalex.org/W2018258729,6
https://openalex.org/W2018265635,0
https://openalex.org/W2018275106,4
https://openalex.org/W2018278001,0
https://openalex.org/W2018304996,0
https://openalex.org/W2018311700,0
https://openalex.org/W2018320987,1
https://openalex.org/W2018354110,2
https://openalex.org/W2018399114,2
https://openalex.org/W2018408061,12
https://openalex.org/W2018434288,0
https://openalex.org/W2018482540,0
https://openalex.org/W2018520386,0
https://openalex.org/W2018532299,2
https://openalex.org/W2018566526,0
https://openalex.org/W2018575911,3
https://openalex.org/W2018582824,0
https://openalex.org/W2018588731,6
https://openalex.org/W2018590647,2
https://openalex.org/W2018600328,0
https://openalex.org/W2018602396,7
https://openalex.org/W2018631607,5
https://openalex.org/W2018635851,3
https://openalex.org/W2018678583,0
https://openalex.org/W2018680102,0
https://openalex.org/W2018688672,2
https://openalex.org/W2018693337,3
https://openalex.org/W2018711354,3
https://openalex.org/W2018739888,0
https://openalex.org/W2018747096,1
https://openalex.org/W2018803765,0
https://openalex.org/W2018827160,1
https://openalex.org/W2018831518,0
https://openalex.org/W2018835412,11
https://openalex.org/W2018863704,0
https://openalex.org/W2018905100,6
https://openalex.org/W2018924265,10
https://openalex.org/W2018927577,10
https://openalex.org/W2018974451,2
https://openalex.org/W2018985418,0
https://openalex.org/W2018992263,0
https://openalex.org/W2018992849,3
https://openalex.org/W2019001694,0
https://openalex.org/W2019009433,0
https://openalex.org/W2019066182,1
https://openalex.org/W2019068836,1
https://openalex.org/W2019073409,2
https://openalex.org/W2019087579,0
https://openalex.org/W2019111880,2
https://openalex.org/W2019115214,0
https://openalex.org/W2019122388,3
https://openalex.org/W2019168145,0
https://openalex.org/W2019181000,6
https://openalex.org/W2019193855,0
https://openalex.org/W2019199626,0
https://openalex.org/W2019209843,0
https://openalex.org/W2019265745,0
https://openalex.org/W2019280722,0
https://openalex.org/W2019302051,0
https://openalex.org/W2019327541,11
https://openalex.org/W2019344235,6
https://openalex.org/W2019355577,0
https://openalex.org/W2019375258,0
https://openalex.org/W2019390373,0
https://openalex.org/W2019404398,0
https://openalex.org/W2019422677,10
https://openalex.org/W2019433789,1
https://openalex.org/W2019460922,11
https://openalex.org/W2019480363,1
https://openalex.org/W2019557817,0
https://openalex.org/W2019571328,0
https://openalex.org/W2019578891,0
https://openalex.org/W2019601396,1
https://openalex.org/W2019652440,8
https://openalex.org/W2019702967,0
https://openalex.org/W2019715377,0
https://openalex.org/W2019778159,6
https://openalex.org/W2019830269,0
https://openalex.org/W2019834461,5
https://openalex.org/W2019835553,10
https://openalex.org/W2019938030,0
https://openalex.org/W2019939889,0
https://openalex.org/W2019953450,5
https://openalex.org/W2019971469,3
https://openalex.org/W2019988435,1
https://openalex.org/W2020067143,4
https://openalex.org/W2020074605,2
https://openalex.org/W2020108637,0
https://openalex.org/W2020110724,0
https://openalex.org/W2020123326,0
https://openalex.org/W2020137100,3
https://openalex.org/W2020160911,2
https://openalex.org/W2020174086,1
https://openalex.org/W2020186243,0
https://openalex.org/W2020189750,10
https://openalex.org/W2020243544,0
https://openalex.org/W2020256670,0
https://openalex.org/W2020262802,3
https://openalex.org/W2020281575,4
https://openalex.org/W2020300294,0
https://openalex.org/W2020304486,0
https://openalex.org/W2020377806,0
https://openalex.org/W2020392248,3
https://openalex.org/W2020441400,9
https://openalex.org/W2020468060,0
https://openalex.org/W2020484998,0
https://openalex.org/W2020490680,3
https://openalex.org/W2020511453,0
https://openalex.org/W2020534032,0
https://openalex.org/W2020544564,0
https://openalex.org/W2020567085,2
https://openalex.org/W2020575702,4
https://openalex.org/W2020619324,0
https://openalex.org/W2020651572,8
https://openalex.org/W2020662396,0
https://openalex.org/W2020675805,3
https://openalex.org/W2020687669,1
https://openalex.org/W2020689400,0
https://openalex.org/W2020691495,1
https://openalex.org/W2020698403,0
https://openalex.org/W2020731185,7
https://openalex.org/W2020805274,0
https://openalex.org/W2020812102,2
https://openalex.org/W2020822758,0
https://openalex.org/W2020884549,1
https://openalex.org/W2020889461,0
https://openalex.org/W2020923950,1
https://openalex.org/W2020948387,8
https://openalex.org/W2020950587,0
https://openalex.org/W2020990063,0
https://openalex.org/W2021077525,2
https://openalex.org/W2021081415,1
https://openalex.org/W2021123676,4
https://openalex.org/W2021138405,0
https://openalex.org/W2021160745,2
https://openalex.org/W2021185585,5
https://openalex.org/W2021239404,0
https://openalex.org/W2021242432,0
https://openalex.org/W2021254088,0
https://openalex.org/W2021265460,4
https://openalex.org/W2021299957,0
https://openalex.org/W2021303805,0
https://openalex.org/W2021348431,0
https://openalex.org/W2021381229,0
https://openalex.org/W2021385460,0
https://openalex.org/W2021392135,0
https://openalex.org/W2021467562,8
https://openalex.org/W2021468639,0
https://openalex.org/W2021493393,2
https://openalex.org/W2021497586,1
https://openalex.org/W2021541049,9
https://openalex.org/W2021587024,0
https://openalex.org/W2021618685,0
https://openalex.org/W2021624136,0
https://openalex.org/W2021637522,7
https://openalex.org/W2021640832,0
https://openalex.org/W2021679165,3
https://openalex.org/W2021681832,6
https://openalex.org/W2021693026,5
https://openalex.org/W2021695637,0
https://openalex.org/W2021695980,0
https://openalex.org/W2021699577,4
https://openalex.org/W2021721463,2
https://openalex.org/W2021736645,0
https://openalex.org/W2021757909,2
https://openalex.org/W2021769257,7
https://openalex.org/W2021780508,1
https://openalex.org/W2021800757,0
https://openalex.org/W2021854949,3
https://openalex.org/W2021873512,0
https://openalex.org/W2021890673,0
https://openalex.org/W2021915085,0
https://openalex.org/W2021922595,0
https://openalex.org/W2021956034,0
https://openalex.org/W2022036258,0
https://openalex.org/W2022076863,1
https://openalex.org/W2022084347,1
https://openalex.org/W2022098173,0
https://openalex.org/W2022127715,0
https://openalex.org/W2022130198,0
https://openalex.org/W2022149349,12
https://openalex.org/W2022182586,0
https://openalex.org/W2022186838,0
https://openalex.org/W2022223545,0
https://openalex.org/W2022259177,0
https://openalex.org/W2022277085,2
https://openalex.org/W2022285066,1
https://openalex.org/W2022292061,0
https://openalex.org/W2022293533,4
https://openalex.org/W2022295493,0
https://openalex.org/W2022331392,1
https://openalex.org/W2022346855,0
https://openalex.org/W2022348800,10
https://openalex.org/W2022362888,3
https://openalex.org/W2022398752,1
https://openalex.org/W2022448899,0
https://openalex.org/W2022457718,1
https://openalex.org/W2022488433,0
https://openalex.org/W2022497215,4
https://openalex.org/W2022499657,2
https://openalex.org/W2022518341,10
https://openalex.org/W2022550561,0
https://openalex.org/W2022588460,6
https://openalex.org/W2022704083,0
https://openalex.org/W2022721284,0
https://openalex.org/W2022727131,7
https://openalex.org/W2022756527,3
https://openalex.org/W2022765284,0
https://openalex.org/W2022768183,0
https://openalex.org/W2022784326,1
https://openalex.org/W2022829124,0
https://openalex.org/W2022849471,0
https://openalex.org/W2022882960,0
https://openalex.org/W2022907316,10
https://openalex.org/W2022909175,0
https://openalex.org/W2022909602,0
https://openalex.org/W2022911421,5
https://openalex.org/W2022913343,0
https://openalex.org/W2022920910,0
https://openalex.org/W2022923502,0
https://openalex.org/W2022939055,0
https://openalex.org/W2022964918,7
https://openalex.org/W2022968340,1
https://openalex.org/W2022980205,0
https://openalex.org/W2022983901,0
https://openalex.org/W2023001426,0
https://openalex.org/W2023012388,4
https://openalex.org/W2023014590,0
https://openalex.org/W2023015186,0
https://openalex.org/W2023029671,3
https://openalex.org/W2023089110,0
https://openalex.org/W2023105576,0
https://openalex.org/W2023131696,0
https://openalex.org/W2023151195,2
https://openalex.org/W2023175813,1
https://openalex.org/W2023224037,2
https://openalex.org/W2023232001,1
https://openalex.org/W2023232900,0
https://openalex.org/W2023235771,0
https://openalex.org/W2023239897,6
https://openalex.org/W2023266625,0
https://openalex.org/W2023274964,0
https://openalex.org/W2023286728,0
https://openalex.org/W2023324992,0
https://openalex.org/W2023329765,0
https://openalex.org/W2023376720,3
https://openalex.org/W2023456138,2
https://openalex.org/W2023474526,0
https://openalex.org/W2023476682,1
https://openalex.org/W2023481680,0
https://openalex.org/W2023493399,0
https://openalex.org/W2023530121,0
https://openalex.org/W2023532739,9
https://openalex.org/W2023567638,0
https://openalex.org/W2023570163,2
https://openalex.org/W2023572119,4
https://openalex.org/W2023597346,11
https://openalex.org/W2023608091,5
https://openalex.org/W2023617762,0
https://openalex.org/W2023629863,0
https://openalex.org/W2023649762,7
https://openalex.org/W2023664422,0
https://openalex.org/W2023667814,0
https://openalex.org/W2023673428,1
https://openalex.org/W2023717284,0
https://openalex.org/W2023748309,4
https://openalex.org/W2023760588,3
https://openalex.org/W2023780828,5
https://openalex.org/W2023817601,8
https://openalex.org/W2023817726,0
https://openalex.org/W2023832498,6
https://openalex.org/W2023864431,0
https://openalex.org/W2023948582,1
https://openalex.org/W2023975642,4
https://openalex.org/W2024001559,6
https://openalex.org/W2024013625,1
https://openalex.org/W2024027893,1
https://openalex.org/W2024045285,12
https://openalex.org/W2024050813,0
https://openalex.org/W2024076530,0
https://openalex.org/W2024078513,3
https://openalex.org/W2024089697,0
https://openalex.org/W2024128498,0
https://openalex.org/W2024132786,12
https://openalex.org/W2024145840,2
https://openalex.org/W2024156903,1
https://openalex.org/W2024157212,0
https://openalex.org/W2024168828,0
https://openalex.org/W2024170526,0
https://openalex.org/W2024191468,0
https://openalex.org/W2024226550,3
https://openalex.org/W2024284379,8
https://openalex.org/W2024330139,0
https://openalex.org/W2024347129,6
https://openalex.org/W2024366631,7
https://openalex.org/W2024376743,0
https://openalex.org/W2024388453,2
https://openalex.org/W2024389007,3
https://openalex.org/W2024441414,6
https://openalex.org/W2024481447,1
https://openalex.org/W2024486629,0
https://openalex.org/W2024492271,3
https://openalex.org/W2024553702,0
https://openalex.org/W2024577144,1
https://openalex.org/W2024579191,4
https://openalex.org/W2024632268,0
https://openalex.org/W2024641842,0
https://openalex.org/W2024647888,1
https://openalex.org/W2024650096,0
https://openalex.org/W2024653528,0
https://openalex.org/W2024671702,0
https://openalex.org/W2024674058,10
https://openalex.org/W2024696427,0
https://openalex.org/W2024697030,5
https://openalex.org/W2024698750,2
https://openalex.org/W2024709083,9
https://openalex.org/W2024709101,0
https://openalex.org/W2024722060,0
https://openalex.org/W2024737958,2
https://openalex.org/W2024749749,0
https://openalex.org/W2024758735,0
https://openalex.org/W2024827449,0
https://openalex.org/W2024847994,3
https://openalex.org/W2024855716,0
https://openalex.org/W2024877306,3
https://openalex.org/W2024941456,1
https://openalex.org/W2024961498,0
https://openalex.org/W2024980571,5
https://openalex.org/W2025011668,2
https://openalex.org/W2025023802,0
https://openalex.org/W2025069551,0
https://openalex.org/W2025071095,1
https://openalex.org/W2025076688,0
https://openalex.org/W2025106729,0
https://openalex.org/W2025116586,0
https://openalex.org/W2025117365,1
https://openalex.org/W2025200798,1
https://openalex.org/W2025219501,0
https://openalex.org/W2025230061,0
https://openalex.org/W2025244013,0
https://openalex.org/W2025250752,0
https://openalex.org/W2025266866,0
https://openalex.org/W2025281873,0
https://openalex.org/W2025318178,0
https://openalex.org/W2025319776,2
https://openalex.org/W2025320385,0
https://openalex.org/W2025327911,12
https://openalex.org/W2025328379,0
https://openalex.org/W2025392014,0
https://openalex.org/W2025404010,0
https://openalex.org/W2025429761,3
https://openalex.org/W2025431346,5
https://openalex.org/W2025434260,0
https://openalex.org/W2025438305,2
https://openalex.org/W2025503022,5
https://openalex.org/W2025521338,5
https://openalex.org/W2025524094,1
https://openalex.org/W2025534397,0
https://openalex.org/W2025551643,0
https://openalex.org/W2025564787,0
https://openalex.org/W2025570563,0
https://openalex.org/W2025590733,8
https://openalex.org/W2025603904,0
https://openalex.org/W2025608843,0
https://openalex.org/W2025619352,2
https://openalex.org/W2025621659,0
https://openalex.org/W2025625522,0
https://openalex.org/W2025630314,1
https://openalex.org/W2025652092,0
https://openalex.org/W2025653763,0
https://openalex.org/W2025682023,0
https://openalex.org/W2025728077,0
https://openalex.org/W2025728551,4
https://openalex.org/W2025731998,0
https://openalex.org/W2025732871,1
https://openalex.org/W2025783205,4
https://openalex.org/W2025788079,0
https://openalex.org/W2025821708,0
https://openalex.org/W2025827143,0
https://openalex.org/W2025837512,9
https://openalex.org/W2025839077,0
https://openalex.org/W2025842341,0
https://openalex.org/W2025870591,2
https://openalex.org/W2025877895,0
https://openalex.org/W2025889633,0
https://openalex.org/W2025912329,0
https://openalex.org/W2025925244,0
https://openalex.org/W2025934566,0
https://openalex.org/W2025939683,1
https://openalex.org/W2025940683,0
https://openalex.org/W2025951057,0
https://openalex.org/W2025955686,0
https://openalex.org/W2026072061,0
https://openalex.org/W2026091636,1
https://openalex.org/W2026099155,1
https://openalex.org/W2026126935,0
https://openalex.org/W2026128616,4
https://openalex.org/W2026160993,0
https://openalex.org/W2026161488,2
https://openalex.org/W2026164193,0
https://openalex.org/W2026184907,0
https://openalex.org/W2026193736,3
https://openalex.org/W2026242786,4
https://openalex.org/W2026244148,0
https://openalex.org/W2026252147,0
https://openalex.org/W2026260407,0
https://openalex.org/W2026285787,0
https://openalex.org/W2026303019,0
https://openalex.org/W2026304334,0
https://openalex.org/W2026339700,0
https://openalex.org/W2026383582,6
https://openalex.org/W2026388124,6
https://openalex.org/W2026403697,7
https://openalex.org/W2026460968,0
https://openalex.org/W2026493293,11
https://openalex.org/W2026493627,0
https://openalex.org/W2026506840,0
https://openalex.org/W2026543532,0
https://openalex.org/W2026562142,2
https://openalex.org/W2026571929,0
https://openalex.org/W2026647087,1
https://openalex.org/W2026667442,0
https://openalex.org/W2026689426,10
https://openalex.org/W2026701807,5
https://openalex.org/W2026713507,0
https://openalex.org/W2026720837,0
https://openalex.org/W2026737673,0
https://openalex.org/W2026746149,0
https://openalex.org/W2026786751,11
https://openalex.org/W2026801200,6
https://openalex.org/W2026818039,0
https://openalex.org/W2026821104,12
https://openalex.org/W2026838227,0
https://openalex.org/W2026850589,0
https://openalex.org/W2026881562,0
https://openalex.org/W2026944416,8
https://openalex.org/W2027019256,0
https://openalex.org/W2027021316,3
https://openalex.org/W2027072466,0
https://openalex.org/W2027075043,1
https://openalex.org/W2027089282,0
https://openalex.org/W2027104123,0
https://openalex.org/W2027149029,6
https://openalex.org/W2027150819,9
https://openalex.org/W2027160126,2
https://openalex.org/W2027192976,2
https://openalex.org/W2027206254,0
https://openalex.org/W2027325811,1
https://openalex.org/W2027341219,4
https://openalex.org/W2027343274,5
https://openalex.org/W2027454926,0
https://openalex.org/W2027461647,0
https://openalex.org/W2027530743,3
https://openalex.org/W2027541227,3
https://openalex.org/W2027631735,1
https://openalex.org/W2027634577,6
https://openalex.org/W2027663796,2
https://openalex.org/W2027667772,1
https://openalex.org/W2027690145,0
https://openalex.org/W2027747724,0
https://openalex.org/W2027775688,0
https://openalex.org/W2027805537,0
https://openalex.org/W2027872550,0
https://openalex.org/W2027891701,2
https://openalex.org/W2027897023,0
https://openalex.org/W2027987211,10
https://openalex.org/W2028016495,0
https://openalex.org/W2028017051,0
https://openalex.org/W2028028101,0
https://openalex.org/W2028048238,0
https://openalex.org/W2028126696,1
https://openalex.org/W2028131301,2
https://openalex.org/W2028140396,1
https://openalex.org/W2028141620,7
https://openalex.org/W2028143076,0
https://openalex.org/W2028212868,6
https://openalex.org/W2028223141,6
https://openalex.org/W2028230508,0
https://openalex.org/W2028251802,0
https://openalex.org/W2028274524,0
https://openalex.org/W2028307281,12
https://openalex.org/W2028326960,0
https://openalex.org/W2028346185,11
https://openalex.org/W2028364073,0
https://openalex.org/W2028367723,0
https://openalex.org/W2028372072,0
https://openalex.org/W2028395900,0
https://openalex.org/W2028403772,4
https://openalex.org/W2028411779,0
https://openalex.org/W2028420337,0
https://openalex.org/W2028537723,0
https://openalex.org/W2028541226,0
https://openalex.org/W2028547660,3
https://openalex.org/W2028547791,0
https://openalex.org/W2028590093,4
https://openalex.org/W2028606865,3
https://openalex.org/W2028636680,1
https://openalex.org/W2028652443,1
https://openalex.org/W2028656905,0
https://openalex.org/W2028657551,2
https://openalex.org/W2028664116,0
https://openalex.org/W2028672012,1
https://openalex.org/W2028708243,0
https://openalex.org/W2028754091,1
https://openalex.org/W2028832239,0
https://openalex.org/W2028875416,4
https://openalex.org/W2028890609,8
https://openalex.org/W2028899746,0
https://openalex.org/W2028909196,3
https://openalex.org/W2028983874,0
https://openalex.org/W2029033121,0
https://openalex.org/W2029035748,0
https://openalex.org/W2029047699,0
https://openalex.org/W2029048409,0
https://openalex.org/W2029081750,0
https://openalex.org/W2029087418,0
https://openalex.org/W2029092429,0
https://openalex.org/W2029097083,0
https://openalex.org/W2029112520,0
https://openalex.org/W2029125388,7
https://openalex.org/W2029137820,0
https://openalex.org/W2029149459,0
https://openalex.org/W2029178191,2
https://openalex.org/W2029206318,1
https://openalex.org/W2029213806,0
https://openalex.org/W2029218253,3
https://openalex.org/W2029248471,0
https://openalex.org/W20292578,0
https://openalex.org/W2029288219,11
https://openalex.org/W2029289940,1
https://openalex.org/W2029314519,0
https://openalex.org/W2029318391,1
https://openalex.org/W2029362244,0
https://openalex.org/W2029377637,8
https://openalex.org/W2029490892,8
https://openalex.org/W2029506988,2
https://openalex.org/W2029638632,0
https://openalex.org/W2029642122,0
https://openalex.org/W2029645444,0
https://openalex.org/W2029662794,2
https://openalex.org/W2029694294,0
https://openalex.org/W2029740329,9
https://openalex.org/W2029750006,0
https://openalex.org/W2029755248,5
https://openalex.org/W2029758101,0
https://openalex.org/W2029767616,0
https://openalex.org/W2029815974,5
https://openalex.org/W2029816451,0
https://openalex.org/W2029843300,3
https://openalex.org/W2029860864,1
https://openalex.org/W2029895425,0
https://openalex.org/W2029901511,7
https://openalex.org/W2029919520,0
https://openalex.org/W2029944389,0
https://openalex.org/W2029945242,2
https://openalex.org/W2029963675,0
https://openalex.org/W2029984012,0
https://openalex.org/W2029990143,2
https://openalex.org/W2030014575,0
https://openalex.org/W2030024203,2
https://openalex.org/W2030045479,0
https://openalex.org/W2030061131,12
https://openalex.org/W2030125537,0
https://openalex.org/W2030157007,1
https://openalex.org/W2030179157,0
https://openalex.org/W2030189497,0
https://openalex.org/W2030195725,0
https://openalex.org/W2030197493,0
https://openalex.org/W2030207943,0
https://openalex.org/W2030213769,1
https://openalex.org/W2030227426,0
https://openalex.org/W2030268253,1
https://openalex.org/W2030323870,1
https://openalex.org/W2030332671,1
https://openalex.org/W2030345900,0
https://openalex.org/W2030380408,0
https://openalex.org/W2030398771,0
https://openalex.org/W2030421177,0
https://openalex.org/W2030443384,0
https://openalex.org/W2030450105,0
https://openalex.org/W2030476682,0
https://openalex.org/W2030491076,4
https://openalex.org/W2030500557,3
https://openalex.org/W2030513719,0
https://openalex.org/W2030520301,1
https://openalex.org/W2030527002,3
https://openalex.org/W2030538735,6
https://openalex.org/W2030541176,3
https://openalex.org/W2030552074,0
https://openalex.org/W2030557707,6
https://openalex.org/W2030562278,0
https://openalex.org/W2030577184,0
https://openalex.org/W2030632502,1
https://openalex.org/W2030643225,1
https://openalex.org/W2030648522,0
https://openalex.org/W2030657433,0
https://openalex.org/W2030670188,1
https://openalex.org/W2030706404,4
https://openalex.org/W2030709731,0
https://openalex.org/W2030715662,1
https://openalex.org/W2030726248,0
https://openalex.org/W2030745227,1
https://openalex.org/W2030748990,6
https://openalex.org/W2030749010,2
https://openalex.org/W2030766823,0
https://openalex.org/W2030767573,3
https://openalex.org/W2030800936,3
https://openalex.org/W2030840459,1
https://openalex.org/W2030841763,0
https://openalex.org/W2030859861,0
https://openalex.org/W2030867517,1
https://openalex.org/W2030900975,0
https://openalex.org/W2030910294,9
https://openalex.org/W2030941245,0
https://openalex.org/W2030959425,0
https://openalex.org/W2030993455,0
https://openalex.org/W2031044388,0
https://openalex.org/W2031074199,3
https://openalex.org/W2031086258,0
https://openalex.org/W2031095666,5
https://openalex.org/W2031233266,0
https://openalex.org/W2031251194,4
https://openalex.org/W2031276387,0
https://openalex.org/W2031294372,8
https://openalex.org/W2031297292,0
https://openalex.org/W2031298577,12
https://openalex.org/W2031309866,6
https://openalex.org/W2031319741,4
https://openalex.org/W2031328872,0
https://openalex.org/W2031374773,9
https://openalex.org/W2031467920,2
https://openalex.org/W2031471218,0
https://openalex.org/W2031495056,0
https://openalex.org/W2031507102,2
https://openalex.org/W2031559877,6
https://openalex.org/W2031586675,10
https://openalex.org/W2031596627,0
https://openalex.org/W2031600800,4
https://openalex.org/W2031602892,0
https://openalex.org/W2031610693,0
https://openalex.org/W2031636872,0
https://openalex.org/W2031640431,0
https://openalex.org/W2031653628,2
https://openalex.org/W2031670369,0
https://openalex.org/W2031676593,0
https://openalex.org/W2031692229,9
https://openalex.org/W2031694507,0
https://openalex.org/W2031698009,0
https://openalex.org/W2031748602,7
https://openalex.org/W2031765874,0
https://openalex.org/W2031787159,4
https://openalex.org/W2031802057,2
https://openalex.org/W2031808533,0
https://openalex.org/W2031809504,0
https://openalex.org/W2031835511,0
https://openalex.org/W2031898890,2
https://openalex.org/W2031952131,0
https://openalex.org/W2031972771,12
https://openalex.org/W2031985682,6
https://openalex.org/W2031991071,0
https://openalex.org/W2032030934,1
https://openalex.org/W2032062423,12
https://openalex.org/W2032064671,0
https://openalex.org/W2032078065,0
https://openalex.org/W2032096096,4
https://openalex.org/W2032126198,0
https://openalex.org/W2032140493,0
https://openalex.org/W2032148661,0
https://openalex.org/W2032176602,6
https://openalex.org/W2032188051,10
https://openalex.org/W2032230305,0
https://openalex.org/W2032260911,0
https://openalex.org/W2032264696,5
https://openalex.org/W2032281723,3
https://openalex.org/W2032297821,2
https://openalex.org/W2032309170,0
https://openalex.org/W2032425916,0
https://openalex.org/W2032426587,0
https://openalex.org/W2032462894,2
https://openalex.org/W2032480515,2
https://openalex.org/W2032482752,6
https://openalex.org/W2032495008,0
https://openalex.org/W2032496093,4
https://openalex.org/W2032541774,6
https://openalex.org/W2032654398,3
https://openalex.org/W2032679766,1
https://openalex.org/W2032732908,0
https://openalex.org/W2032793885,4
https://openalex.org/W2032817642,2
https://openalex.org/W2032833559,7
https://openalex.org/W2032860747,0
https://openalex.org/W2032903384,6
https://openalex.org/W2032944287,0
https://openalex.org/W2032959350,0
https://openalex.org/W2032967063,0
https://openalex.org/W2032973582,0
https://openalex.org/W2032980455,0
https://openalex.org/W2033015784,2
https://openalex.org/W2033029317,0
https://openalex.org/W2033069194,0
https://openalex.org/W2033082592,1
https://openalex.org/W2033083989,0
https://openalex.org/W2033091676,4
https://openalex.org/W2033103520,0
https://openalex.org/W2033131544,0
https://openalex.org/W2033134819,0
https://openalex.org/W2033177746,9
https://openalex.org/W2033177750,0
https://openalex.org/W2033190941,1
https://openalex.org/W2033212947,0
https://openalex.org/W2033246787,0
https://openalex.org/W2033257965,0
https://openalex.org/W2033279914,0
https://openalex.org/W2033327375,0
https://openalex.org/W2033356566,0
https://openalex.org/W2033406605,5
https://openalex.org/W2033410617,0
https://openalex.org/W2033426046,1
https://openalex.org/W2033434616,0
https://openalex.org/W2033435618,0
https://openalex.org/W2033471462,0
https://openalex.org/W2033482926,0
https://openalex.org/W2033501947,0
https://openalex.org/W2033600973,1
https://openalex.org/W2033628933,0
https://openalex.org/W2033642028,0
https://openalex.org/W2033699739,0
https://openalex.org/W2033699910,1
https://openalex.org/W2033705750,0
https://openalex.org/W2033782500,2
https://openalex.org/W2033795165,3
https://openalex.org/W2033855638,3
https://openalex.org/W2033871680,3
https://openalex.org/W2033888286,0
https://openalex.org/W2033943154,6
https://openalex.org/W2033988066,0
https://openalex.org/W2034017386,0
https://openalex.org/W2034033099,2
https://openalex.org/W2034041298,0
https://openalex.org/W2034083635,7
https://openalex.org/W2034099560,0
https://openalex.org/W2034133418,1
https://openalex.org/W2034145039,0
https://openalex.org/W2034183728,0
https://openalex.org/W2034248988,0
https://openalex.org/W2034264458,0
https://openalex.org/W2034276867,4
https://openalex.org/W2034283001,4
https://openalex.org/W2034301525,0
https://openalex.org/W2034317001,1
https://openalex.org/W2034325768,1
https://openalex.org/W2034366654,0
https://openalex.org/W2034387587,2
https://openalex.org/W2034405620,0
https://openalex.org/W2034458590,0
https://openalex.org/W2034468889,0
https://openalex.org/W2034474721,1
https://openalex.org/W2034494167,11
https://openalex.org/W2034495340,12
https://openalex.org/W2034504335,0
https://openalex.org/W2034525981,4
https://openalex.org/W2034542238,0
https://openalex.org/W2034563591,1
https://openalex.org/W2034563934,0
https://openalex.org/W2034565124,0
https://openalex.org/W2034577372,11
https://openalex.org/W2034593619,0
https://openalex.org/W2034611033,0
https://openalex.org/W2034629593,1
https://openalex.org/W2034643880,0
https://openalex.org/W2034669519,0
https://openalex.org/W2034715729,0
https://openalex.org/W2034730876,8
https://openalex.org/W2034736893,4
https://openalex.org/W2034743158,3
https://openalex.org/W2034745212,3
https://openalex.org/W2034745446,1
https://openalex.org/W2034749686,0
https://openalex.org/W2034775697,0
https://openalex.org/W2034786619,9
https://openalex.org/W2034821177,0
https://openalex.org/W2034855474,0
https://openalex.org/W2034859055,0
https://openalex.org/W2034868823,0
https://openalex.org/W2034871410,0
https://openalex.org/W2034885156,0
https://openalex.org/W2034886541,0
https://openalex.org/W2034909651,0
https://openalex.org/W2034909725,6
https://openalex.org/W2034910330,2
https://openalex.org/W2034965864,0
https://openalex.org/W2034975651,0
https://openalex.org/W2034984729,12
https://openalex.org/W2034993660,0
https://openalex.org/W2035005187,2
https://openalex.org/W2035018505,0
https://openalex.org/W2035037428,4
https://openalex.org/W2035065351,0
https://openalex.org/W2035070431,0
https://openalex.org/W2035122819,1
https://openalex.org/W2035147263,0
https://openalex.org/W2035147432,6
https://openalex.org/W2035158759,2
https://openalex.org/W2035204741,0
https://openalex.org/W2035207536,0
https://openalex.org/W2035251091,0
https://openalex.org/W2035255735,0
https://openalex.org/W2035266541,1
https://openalex.org/W2035287429,2
https://openalex.org/W2035294969,7
https://openalex.org/W2035296100,0
https://openalex.org/W2035301024,0
https://openalex.org/W2035353292,0
https://openalex.org/W2035373350,4
https://openalex.org/W2035408777,0
https://openalex.org/W2035440776,1
https://openalex.org/W2035460142,1
https://openalex.org/W2035467922,7
https://openalex.org/W2035499845,0
https://openalex.org/W2035530266,6
https://openalex.org/W2035550644,0
https://openalex.org/W2035551885,0
https://openalex.org/W2035615045,0
https://openalex.org/W2035615292,0
https://openalex.org/W2035616270,0
https://openalex.org/W2035649980,0
https://openalex.org/W2035669105,0
https://openalex.org/W2035750798,0
https://openalex.org/W2035756840,0
https://openalex.org/W2035764528,3
https://openalex.org/W2035774751,2
https://openalex.org/W2035775544,8
https://openalex.org/W2035815958,0
https://openalex.org/W2035824230,0
https://openalex.org/W2035832760,0
https://openalex.org/W2035854906,0
https://openalex.org/W2035870500,0
https://openalex.org/W2035873912,0
https://openalex.org/W2035905959,0
https://openalex.org/W2035908943,5
https://openalex.org/W2035909180,1
https://openalex.org/W2035939868,0
https://openalex.org/W2035941365,0
https://openalex.org/W2035951791,6
https://openalex.org/W2035954642,1
https://openalex.org/W2035971591,0
https://openalex.org/W2036041737,0
https://openalex.org/W2036063212,4
https://openalex.org/W2036073621,0
https://openalex.org/W2036081836,0
https://openalex.org/W2036155971,0
https://openalex.org/W2036162601,3
https://openalex.org/W2036226227,0
https://openalex.org/W2036230900,1
https://openalex.org/W2036252884,0
https://openalex.org/W2036276135,0
https://openalex.org/W2036295447,9
https://openalex.org/W2036299533,2
https://openalex.org/W2036360213,0
https://openalex.org/W2036405177,4
https://openalex.org/W2036497439,0
https://openalex.org/W2036523238,4
https://openalex.org/W2036530096,0
https://openalex.org/W2036543520,9
https://openalex.org/W2036630902,0
https://openalex.org/W2036670812,7
https://openalex.org/W2036686686,0
https://openalex.org/W2036752705,0
https://openalex.org/W2036771019,1
https://openalex.org/W2036781658,0
https://openalex.org/W2036783172,3
https://openalex.org/W2036783225,0
https://openalex.org/W2036803146,1
https://openalex.org/W2036847282,5
https://openalex.org/W2036849643,9
https://openalex.org/W2036857793,0
https://openalex.org/W2036882890,5
https://openalex.org/W2036920249,0
https://openalex.org/W2036978594,0
https://openalex.org/W2037002914,0
https://openalex.org/W2037006413,0
https://openalex.org/W2037026952,0
https://openalex.org/W2037059353,0
https://openalex.org/W2037134757,0
https://openalex.org/W2037148882,2
https://openalex.org/W2037151750,0
https://openalex.org/W2037179198,1
https://openalex.org/W2037208507,0
https://openalex.org/W2037213558,0
https://openalex.org/W2037267397,0
https://openalex.org/W2037281543,3
https://openalex.org/W2037306155,2
https://openalex.org/W2037389823,1
https://openalex.org/W2037454167,5
https://openalex.org/W2037467488,0
https://openalex.org/W2037500730,0
https://openalex.org/W2037534595,0
https://openalex.org/W2037544348,5
https://openalex.org/W2037553869,0
https://openalex.org/W2037559668,2
https://openalex.org/W2037600788,0
https://openalex.org/W2037618562,0
https://openalex.org/W2037619737,1
https://openalex.org/W2037643905,2
https://openalex.org/W2037646442,0
https://openalex.org/W2037654974,0
https://openalex.org/W2037668097,0
https://openalex.org/W2037720293,0
https://openalex.org/W2037724115,0
https://openalex.org/W2037759092,1
https://openalex.org/W2037803429,0
https://openalex.org/W2037810797,0
https://openalex.org/W2037838865,1
https://openalex.org/W2037922277,0
https://openalex.org/W2037923986,0
https://openalex.org/W2037971959,1
https://openalex.org/W2037985415,2
https://openalex.org/W2037993760,0
https://openalex.org/W2037999593,0
https://openalex.org/W2038017065,2
https://openalex.org/W2038062836,0
https://openalex.org/W2038075025,0
https://openalex.org/W2038090991,0
https://openalex.org/W2038132090,3
https://openalex.org/W2038141393,0
https://openalex.org/W2038142386,1
https://openalex.org/W2038178820,0
https://openalex.org/W2038208785,5
https://openalex.org/W2038215525,0
https://openalex.org/W2038225777,10
https://openalex.org/W2038258316,0
https://openalex.org/W2038265415,3
https://openalex.org/W2038271017,7
https://openalex.org/W2038303625,0
https://openalex.org/W2038334739,0
https://openalex.org/W2038349210,6
https://openalex.org/W2038369267,3
https://openalex.org/W2038375698,1
https://openalex.org/W2038399411,0
https://openalex.org/W2038402047,11
https://openalex.org/W2038433701,11
https://openalex.org/W2038444472,0
https://openalex.org/W2038464298,0
https://openalex.org/W2038467378,0
https://openalex.org/W2038471251,0
https://openalex.org/W2038510063,1
https://openalex.org/W2038529422,0
https://openalex.org/W2038542723,3
https://openalex.org/W2038553890,2
https://openalex.org/W2038560583,0
https://openalex.org/W2038573448,6
https://openalex.org/W2038653211,0
https://openalex.org/W2038677996,6
https://openalex.org/W2038735554,0
https://openalex.org/W2038814261,0
https://openalex.org/W2038822968,0
https://openalex.org/W2038828088,1
https://openalex.org/W2038828346,0
https://openalex.org/W2038833197,7
https://openalex.org/W2038840350,0
https://openalex.org/W2038852699,5
https://openalex.org/W2038888881,0
https://openalex.org/W2038925221,0
https://openalex.org/W2038928994,0
https://openalex.org/W2038943530,0
https://openalex.org/W2038961047,0
https://openalex.org/W2038979287,0
https://openalex.org/W2038986825,0
https://openalex.org/W2038996389,2
https://openalex.org/W2039025571,2
https://openalex.org/W2039053994,0
https://openalex.org/W2039057264,3
https://openalex.org/W2039077091,0
https://openalex.org/W2039081858,2
https://openalex.org/W2039108442,0
https://openalex.org/W2039130767,0
https://openalex.org/W2039169121,1
https://openalex.org/W2039187095,8
https://openalex.org/W2039200800,0
https://openalex.org/W2039250926,0
https://openalex.org/W2039281362,0
https://openalex.org/W2039312525,6
https://openalex.org/W2039321708,0
https://openalex.org/W2039358623,3
https://openalex.org/W2039370981,8
https://openalex.org/W2039437148,0
https://openalex.org/W2039547385,12
https://openalex.org/W2039575168,0
https://openalex.org/W2039597236,0
https://openalex.org/W2039650872,2
https://openalex.org/W2039671312,0
https://openalex.org/W2039686657,0
https://openalex.org/W2039692453,0
https://openalex.org/W2039711845,0
https://openalex.org/W2039737278,0
https://openalex.org/W2039785389,0
https://openalex.org/W2039828697,0
https://openalex.org/W2039834117,0
https://openalex.org/W2039850251,3
https://openalex.org/W2039856216,0
https://openalex.org/W2039878996,12
https://openalex.org/W2039881426,5
https://openalex.org/W2039896430,2
https://openalex.org/W2039956499,0
https://openalex.org/W2039978460,0
https://openalex.org/W2040060124,6
https://openalex.org/W2040079612,1
https://openalex.org/W2040086640,6
https://openalex.org/W2040095113,3
https://openalex.org/W2040098802,0
https://openalex.org/W2040118506,1
https://openalex.org/W2040130679,1
https://openalex.org/W2040167391,0
https://openalex.org/W2040168282,0
https://openalex.org/W2040211336,0
https://openalex.org/W2040266460,0
https://openalex.org/W2040273584,12
https://openalex.org/W2040275461,3
https://openalex.org/W2040296450,0
https://openalex.org/W2040306729,2
https://openalex.org/W2040358023,0
https://openalex.org/W2040424391,0
https://openalex.org/W2040430585,0
https://openalex.org/W2040481394,9
https://openalex.org/W2040487636,1
https://openalex.org/W2040503597,0
https://openalex.org/W2040519209,0
https://openalex.org/W2040523611,0
https://openalex.org/W2040548556,0
https://openalex.org/W2040599531,0
https://openalex.org/W2040608383,0
https://openalex.org/W2040648121,4
https://openalex.org/W2040676227,0
https://openalex.org/W2040702250,7
https://openalex.org/W2040704661,0
https://openalex.org/W2040719107,0
https://openalex.org/W2040720016,0
https://openalex.org/W2040761731,1
https://openalex.org/W2040799560,4
https://openalex.org/W2040806801,0
https://openalex.org/W2040807541,0
https://openalex.org/W2040809710,3
https://openalex.org/W2040825354,2
https://openalex.org/W2040825502,3
https://openalex.org/W2040859312,0
https://openalex.org/W2040867436,8
https://openalex.org/W2040889974,2
https://openalex.org/W2040960488,0
https://openalex.org/W2040966039,0
https://openalex.org/W2040988691,3
https://openalex.org/W2041001805,0
https://openalex.org/W2041088253,0
https://openalex.org/W2041117474,0
https://openalex.org/W2041123487,0
https://openalex.org/W2041177626,0
https://openalex.org/W2041254887,0
https://openalex.org/W2041320007,7
https://openalex.org/W2041353473,0
https://openalex.org/W2041375482,0
https://openalex.org/W2041385800,4
https://openalex.org/W2041399078,0
https://openalex.org/W2041447815,9
https://openalex.org/W2041453540,0
https://openalex.org/W2041458813,0
https://openalex.org/W2041464296,0
https://openalex.org/W2041475668,0
https://openalex.org/W2041477186,11
https://openalex.org/W2041500335,7
https://openalex.org/W2041507236,0
https://openalex.org/W2041536633,0
https://openalex.org/W2041565815,0
https://openalex.org/W2041635438,0
https://openalex.org/W2041687624,0
https://openalex.org/W2041697585,0
https://openalex.org/W2041725934,0
https://openalex.org/W2041744041,6
https://openalex.org/W2041767251,1
https://openalex.org/W2041778942,0
https://openalex.org/W2041779802,2
https://openalex.org/W2041800381,4
https://openalex.org/W2041814118,0
https://openalex.org/W2041819936,1
https://openalex.org/W2041851858,0
https://openalex.org/W2041855648,1
https://openalex.org/W2041857100,0
https://openalex.org/W2041866027,0
https://openalex.org/W2041868677,1
https://openalex.org/W2041873160,2
https://openalex.org/W2041875712,2
https://openalex.org/W2041903130,1
https://openalex.org/W2041912455,4
https://openalex.org/W2041915576,0
https://openalex.org/W2041924368,1
https://openalex.org/W2041937363,1
https://openalex.org/W2041987477,1
https://openalex.org/W2041991664,4
https://openalex.org/W2042013343,0
https://openalex.org/W2042029348,0
https://openalex.org/W2042053586,0
https://openalex.org/W2042067517,0
https://openalex.org/W2042108544,0
https://openalex.org/W2042121921,0
https://openalex.org/W2042127188,2
https://openalex.org/W2042213882,0
https://openalex.org/W2042228580,1
https://openalex.org/W2042271384,2
https://openalex.org/W2042291544,4
https://openalex.org/W2042303160,3
https://openalex.org/W2042308780,1
https://openalex.org/W2042317840,0
https://openalex.org/W2042325328,0
https://openalex.org/W2042365232,0
https://openalex.org/W2042426138,0
https://openalex.org/W2042452686,2
https://openalex.org/W2042468758,0
https://openalex.org/W2042564129,4
https://openalex.org/W2042603446,0
https://openalex.org/W2042604247,0
https://openalex.org/W2042618348,0
https://openalex.org/W2042630060,4
https://openalex.org/W2042631561,0
https://openalex.org/W2042644399,0
https://openalex.org/W2042661650,0
https://openalex.org/W2042665012,0
https://openalex.org/W2042677893,0
https://openalex.org/W2042698939,0
https://openalex.org/W2042773037,1
https://openalex.org/W2042786545,0
https://openalex.org/W2042788012,0
https://openalex.org/W2042797655,4
https://openalex.org/W2042807179,1
https://openalex.org/W2042864617,0
https://openalex.org/W2042902473,0
https://openalex.org/W2042935763,11
https://openalex.org/W2042962927,0
https://openalex.org/W2043004096,0
https://openalex.org/W2043006379,1
https://openalex.org/W2043022616,6
https://openalex.org/W2043030073,11
https://openalex.org/W2043031551,4
https://openalex.org/W2043035502,1
https://openalex.org/W2043045242,8
https://openalex.org/W2043066377,6
https://openalex.org/W2043068079,0
https://openalex.org/W2043081292,0
https://openalex.org/W2043189302,0
https://openalex.org/W2043204679,5
https://openalex.org/W2043227069,0
https://openalex.org/W2043230514,0
https://openalex.org/W2043272729,1
https://openalex.org/W2043274284,0
https://openalex.org/W2043304722,0
https://openalex.org/W2043311026,0
https://openalex.org/W2043320742,1
https://openalex.org/W2043360919,0
https://openalex.org/W2043397609,0
https://openalex.org/W2043401899,7
https://openalex.org/W2043405250,4
https://openalex.org/W2043418674,0
https://openalex.org/W2043478561,1
https://openalex.org/W2043495036,0
https://openalex.org/W2043509795,0
https://openalex.org/W2043511763,0
https://openalex.org/W2043520517,3
https://openalex.org/W2043578637,0
https://openalex.org/W2043645744,2
https://openalex.org/W2043691580,0
https://openalex.org/W2043736283,0
https://openalex.org/W2043736970,0
https://openalex.org/W2043769536,0
https://openalex.org/W2043803526,9
https://openalex.org/W2043854757,0
https://openalex.org/W2043860137,2
https://openalex.org/W2043901878,0
https://openalex.org/W2043902072,4
https://openalex.org/W2043923441,0
https://openalex.org/W2043947286,1
https://openalex.org/W2044005379,0
https://openalex.org/W2044013081,3
https://openalex.org/W2044081952,2
https://openalex.org/W2044088270,0
https://openalex.org/W2044184306,9
https://openalex.org/W2044218846,0
https://openalex.org/W2044223280,1
https://openalex.org/W2044246111,0
https://openalex.org/W2044256946,0
https://openalex.org/W2044267695,0
https://openalex.org/W2044280062,0
https://openalex.org/W2044288832,0
https://openalex.org/W2044289343,6
https://openalex.org/W2044327337,0
https://openalex.org/W2044338224,0
https://openalex.org/W2044345752,0
https://openalex.org/W2044350158,0
https://openalex.org/W2044369424,0
https://openalex.org/W2044385968,0
https://openalex.org/W2044386306,0
https://openalex.org/W2044402720,0
https://openalex.org/W2044403667,0
https://openalex.org/W2044455265,8
https://openalex.org/W2044491629,0
https://openalex.org/W2044495576,5
https://openalex.org/W2044567210,0
https://openalex.org/W2044596064,0
https://openalex.org/W2044615051,0
https://openalex.org/W2044619291,11
https://openalex.org/W2044627885,0
https://openalex.org/W2044664769,0
https://openalex.org/W2044717481,0
https://openalex.org/W2044744916,9
https://openalex.org/W2044748094,8
https://openalex.org/W2044764685,1
https://openalex.org/W2044780591,11
https://openalex.org/W2044792973,0
https://openalex.org/W2044840674,0
https://openalex.org/W2044864406,0
https://openalex.org/W2044874797,1
https://openalex.org/W2044877348,0
https://openalex.org/W2044888202,2
https://openalex.org/W2044901118,0
https://openalex.org/W2044907819,0
https://openalex.org/W2044922732,0
https://openalex.org/W2044960491,0
https://openalex.org/W2044973138,11
https://openalex.org/W2044978418,0
https://openalex.org/W2044989557,1
https://openalex.org/W2044991376,0
https://openalex.org/W2045025304,6
https://openalex.org/W2045049933,6
https://openalex.org/W2045069406,0
https://openalex.org/W2045069641,5
https://openalex.org/W2045083162,1
https://openalex.org/W2045089430,2
https://openalex.org/W2045099627,0
https://openalex.org/W2045147839,3
https://openalex.org/W2045202757,0
https://openalex.org/W2045212172,0
https://openalex.org/W2045216213,2
https://openalex.org/W2045220281,0
https://openalex.org/W2045261451,1
https://openalex.org/W2045280276,0
https://openalex.org/W2045283949,0
https://openalex.org/W2045307688,0
https://openalex.org/W2045313224,0
https://openalex.org/W2045316685,0
https://openalex.org/W2045342053,3
https://openalex.org/W2045358273,8
https://openalex.org/W2045361649,0
https://openalex.org/W2045368372,4
https://openalex.org/W2045385126,0
https://openalex.org/W2045397991,0
https://openalex.org/W2045399442,1
https://openalex.org/W2045433571,4
https://openalex.org/W2045436062,9
https://openalex.org/W2045458580,1
https://openalex.org/W2045505953,0
https://openalex.org/W2045528557,0
https://openalex.org/W2045563884,3
https://openalex.org/W2045647812,2
https://openalex.org/W2045648862,1
https://openalex.org/W2045656245,1
https://openalex.org/W2045676621,0
https://openalex.org/W2045686108,0
https://openalex.org/W2045705310,11
https://openalex.org/W2045730249,0
https://openalex.org/W2045769947,0
https://openalex.org/W2045770788,0
https://openalex.org/W2045778053,0
https://openalex.org/W2045779251,0
https://openalex.org/W2045786870,0
https://openalex.org/W2045796966,1
https://openalex.org/W2045887253,0
https://openalex.org/W2046020228,0
https://openalex.org/W2046110138,0
https://openalex.org/W2046124735,12
https://openalex.org/W2046133679,2
https://openalex.org/W2046146468,0
https://openalex.org/W2046149036,0
https://openalex.org/W2046161531,1
https://openalex.org/W2046167576,0
https://openalex.org/W2046182519,9
https://openalex.org/W2046209801,0
https://openalex.org/W2046224906,8
https://openalex.org/W2046239161,0
https://openalex.org/W2046255319,4
https://openalex.org/W2046261484,0
https://openalex.org/W2046283758,1
https://openalex.org/W2046322840,1
https://openalex.org/W2046359808,1
https://openalex.org/W2046367689,0
https://openalex.org/W2046391232,8
https://openalex.org/W2046421922,0
https://openalex.org/W2046424167,8
https://openalex.org/W2046436910,0
https://openalex.org/W2046442345,0
https://openalex.org/W2046541974,0
https://openalex.org/W2046614374,1
https://openalex.org/W2046623536,1
https://openalex.org/W2046647288,1
https://openalex.org/W2046653150,1
https://openalex.org/W2046709975,0
https://openalex.org/W2046726975,0
https://openalex.org/W2046774742,0
https://openalex.org/W2046800161,0
https://openalex.org/W2046801029,0
https://openalex.org/W2046805284,0
https://openalex.org/W2046816302,0
https://openalex.org/W2046868033,0
https://openalex.org/W2046884152,0
https://openalex.org/W2046893758,0
https://openalex.org/W2046909680,0
https://openalex.org/W2046958785,0
https://openalex.org/W2046960270,0
https://openalex.org/W2047005536,0
https://openalex.org/W2047011962,0
https://openalex.org/W2047039418,0
https://openalex.org/W2047062230,0
https://openalex.org/W2047068278,3
https://openalex.org/W2047069414,0
https://openalex.org/W2047076693,6
https://openalex.org/W2047134067,5
https://openalex.org/W2047139820,0
https://openalex.org/W2047150604,9
https://openalex.org/W2047156660,0
https://openalex.org/W2047168861,0
https://openalex.org/W2047201886,9
https://openalex.org/W2047215391,0
https://openalex.org/W2047274900,0
https://openalex.org/W2047340058,0
https://openalex.org/W2047351149,0
https://openalex.org/W2047368343,1
https://openalex.org/W2047394664,6
https://openalex.org/W2047399695,0
https://openalex.org/W2047422969,0
https://openalex.org/W2047439621,0
https://openalex.org/W2047470491,0
https://openalex.org/W2047477992,0
https://openalex.org/W2047507593,2
https://openalex.org/W2047511612,0
https://openalex.org/W2047540439,2
https://openalex.org/W2047563383,0
https://openalex.org/W2047585934,1
https://openalex.org/W2047627533,0
https://openalex.org/W2047641013,0
https://openalex.org/W2047652367,0
https://openalex.org/W2047728706,0
https://openalex.org/W2047736654,0
https://openalex.org/W2047741091,0
https://openalex.org/W2047792925,6
https://openalex.org/W2047793617,1
https://openalex.org/W2047798674,0
https://openalex.org/W2047800157,9
https://openalex.org/W2047820354,5
https://openalex.org/W2047844505,0
https://openalex.org/W2047889485,0
https://openalex.org/W2047903024,0
https://openalex.org/W2047909616,0
https://openalex.org/W2047917890,0
https://openalex.org/W2047975540,0
https://openalex.org/W2047991286,0
https://openalex.org/W2047996922,0
https://openalex.org/W2048015992,0
https://openalex.org/W2048035266,7
https://openalex.org/W2048043687,0
https://openalex.org/W2048106678,0
https://openalex.org/W2048109131,2
https://openalex.org/W2048132572,7
https://openalex.org/W2048151775,0
https://openalex.org/W2048153063,0
https://openalex.org/W2048173586,1
https://openalex.org/W2048244701,0
https://openalex.org/W2048257224,0
https://openalex.org/W2048261262,2
https://openalex.org/W2048340713,0
https://openalex.org/W2048390586,4
https://openalex.org/W2048415318,5
https://openalex.org/W2048444959,10
https://openalex.org/W2048466576,0
https://openalex.org/W2048468721,0
https://openalex.org/W2048479386,4
https://openalex.org/W2048482466,7
https://openalex.org/W2048531390,0
https://openalex.org/W2048622693,0
https://openalex.org/W2048657695,2
https://openalex.org/W2048658087,4
https://openalex.org/W2048669238,0
https://openalex.org/W2048706581,1
https://openalex.org/W2048719990,6
https://openalex.org/W2048732074,4
https://openalex.org/W2048755628,5
https://openalex.org/W2048758934,1
https://openalex.org/W2048794186,0
https://openalex.org/W2048816915,1
https://openalex.org/W2048885214,3
https://openalex.org/W2048888537,0
https://openalex.org/W2048920219,0
https://openalex.org/W2048931438,0
https://openalex.org/W2048936025,2
https://openalex.org/W2048944006,12
https://openalex.org/W2048999037,0
https://openalex.org/W2049027774,0
https://openalex.org/W2049031824,0
https://openalex.org/W2049033177,0
https://openalex.org/W2049053916,3
https://openalex.org/W2049054082,12
https://openalex.org/W2049061905,2
https://openalex.org/W2049069355,0
https://openalex.org/W2049132891,0
https://openalex.org/W2049138944,2
https://openalex.org/W2049156470,6
https://openalex.org/W2049157168,2
https://openalex.org/W2049181472,0
https://openalex.org/W2049198438,1
https://openalex.org/W2049214686,6
https://openalex.org/W2049246654,0
https://openalex.org/W2049259509,0
https://openalex.org/W2049308581,1
https://openalex.org/W2049323281,1
https://openalex.org/W2049334125,1
https://openalex.org/W2049448791,0
https://openalex.org/W2049465314,0
https://openalex.org/W2049490525,0
https://openalex.org/W2049494866,0
https://openalex.org/W2049575973,0
https://openalex.org/W2049589996,3
https://openalex.org/W2049595148,12
https://openalex.org/W2049631960,3
https://openalex.org/W2049639445,1
https://openalex.org/W2049640443,1
https://openalex.org/W2049679128,3
https://openalex.org/W2049682877,1
https://openalex.org/W2049691908,2
https://openalex.org/W2049702459,12
https://openalex.org/W2049740219,0
https://openalex.org/W2049742885,3
https://openalex.org/W2049770360,0
https://openalex.org/W2049801415,0
https://openalex.org/W2049881731,0
https://openalex.org/W2049977096,0
https://openalex.org/W2050023060,4
https://openalex.org/W2050056398,0
https://openalex.org/W2050071665,0
https://openalex.org/W2050076576,0
https://openalex.org/W2050087788,1
https://openalex.org/W2050111898,0
https://openalex.org/W2050123170,12
https://openalex.org/W2050147717,0
https://openalex.org/W2050166677,1
https://openalex.org/W2050192298,0
https://openalex.org/W2050192797,0
https://openalex.org/W2050213871,0
https://openalex.org/W2050242627,0
https://openalex.org/W2050250143,1
https://openalex.org/W2050253627,0
https://openalex.org/W2050316854,0
https://openalex.org/W2050346272,1
https://openalex.org/W2050373261,0
https://openalex.org/W2050403980,0
https://openalex.org/W2050433345,0
https://openalex.org/W2050440292,0
https://openalex.org/W2050509353,2
https://openalex.org/W2050544259,0
https://openalex.org/W2050549953,0
https://openalex.org/W2050575076,12
https://openalex.org/W2050582550,0
https://openalex.org/W2050586807,0
https://openalex.org/W2050592681,5
https://openalex.org/W2050607737,0
https://openalex.org/W2050611160,0
https://openalex.org/W2050630827,0
https://openalex.org/W2050647362,12
https://openalex.org/W2050655061,0
https://openalex.org/W2050664219,0
https://openalex.org/W2050686417,3
https://openalex.org/W2050695605,1
https://openalex.org/W2050715012,1
https://openalex.org/W2050715148,0
https://openalex.org/W2050779555,0
https://openalex.org/W2050801225,0
https://openalex.org/W2050826615,0
https://openalex.org/W2050828370,0
https://openalex.org/W2050931136,0
https://openalex.org/W2051035988,0
https://openalex.org/W2051069966,0
https://openalex.org/W2051150651,0
https://openalex.org/W2051167130,0
https://openalex.org/W2051174770,0
https://openalex.org/W2051187617,2
https://openalex.org/W2051198730,0
https://openalex.org/W2051206450,0
https://openalex.org/W2051216879,11
https://openalex.org/W2051237800,0
https://openalex.org/W2051240229,1
https://openalex.org/W2051249702,0
https://openalex.org/W2051261435,9
https://openalex.org/W2051289590,0
https://openalex.org/W2051294444,0
https://openalex.org/W2051304203,1
https://openalex.org/W2051319759,0
https://openalex.org/W2051328807,3
https://openalex.org/W2051337816,0
https://openalex.org/W2051370108,0
https://openalex.org/W2051406856,0
https://openalex.org/W2051484756,0
https://openalex.org/W2051486056,1
https://openalex.org/W2051519833,0
https://openalex.org/W2051520127,12
https://openalex.org/W2051543578,0
https://openalex.org/W2051550569,0
https://openalex.org/W2051571487,0
https://openalex.org/W2051577050,2
https://openalex.org/W2051580541,0
https://openalex.org/W2051592117,4
https://openalex.org/W2051608417,1
https://openalex.org/W2051622945,0
https://openalex.org/W2051628438,0
https://openalex.org/W2051635094,0
https://openalex.org/W2051649033,12
https://openalex.org/W2051689387,0
https://openalex.org/W2051755808,0
https://openalex.org/W2051765511,0
https://openalex.org/W2051770052,1
https://openalex.org/W2051783536,0
https://openalex.org/W2051830418,9
https://openalex.org/W2051834928,0
https://openalex.org/W2051867028,0
https://openalex.org/W2051882711,0
https://openalex.org/W2051919043,8
https://openalex.org/W2051928860,0
https://openalex.org/W2051932415,1
https://openalex.org/W2051959438,0
https://openalex.org/W2051969785,0
https://openalex.org/W2051979276,6
https://openalex.org/W2051992188,0
https://openalex.org/W2051994373,0
https://openalex.org/W2052008795,3
https://openalex.org/W2052036094,1
https://openalex.org/W2052064334,0
https://openalex.org/W2052068898,1
https://openalex.org/W2052080707,0
https://openalex.org/W2052115475,1
https://openalex.org/W2052121770,1
https://openalex.org/W2052152398,0
https://openalex.org/W2052210248,0
https://openalex.org/W2052257996,2
https://openalex.org/W2052258810,0
https://openalex.org/W2052274055,0
https://openalex.org/W2052296899,1
https://openalex.org/W2052307997,0
https://openalex.org/W2052366200,0
https://openalex.org/W2052371168,0
https://openalex.org/W2052392432,0
https://openalex.org/W2052467317,0
https://openalex.org/W2052471991,0
https://openalex.org/W2052479169,6
https://openalex.org/W2052482748,0
https://openalex.org/W2052544945,6
https://openalex.org/W2052554175,0
https://openalex.org/W2052567914,7
https://openalex.org/W2052596156,2
https://openalex.org/W2052599429,0
https://openalex.org/W2052676473,0
https://openalex.org/W2052757527,0
https://openalex.org/W2052771261,2
https://openalex.org/W2052792986,0
https://openalex.org/W2052796361,0
https://openalex.org/W2052801750,5
https://openalex.org/W2052804549,10
https://openalex.org/W2052807466,1
https://openalex.org/W2052809504,0
https://openalex.org/W2052816345,9
https://openalex.org/W2052841652,0
https://openalex.org/W2052851012,0
https://openalex.org/W2052851480,0
https://openalex.org/W2052853214,0
https://openalex.org/W2052915718,0
https://openalex.org/W2052916473,0
https://openalex.org/W2052920521,0
https://openalex.org/W2052935118,6
https://openalex.org/W2052954381,0
https://openalex.org/W2052965052,7
https://openalex.org/W2052967600,0
https://openalex.org/W2052973400,0
https://openalex.org/W2052993039,6
https://openalex.org/W2053037799,1
https://openalex.org/W2053059779,0
https://openalex.org/W2053103439,0
https://openalex.org/W2053139295,0
https://openalex.org/W2053176226,0
https://openalex.org/W2053184679,0
https://openalex.org/W2053188046,0
https://openalex.org/W2053193341,0
https://openalex.org/W2053233522,0
https://openalex.org/W2053238871,0
https://openalex.org/W2053273370,5
https://openalex.org/W2053320472,0
https://openalex.org/W2053332720,0
https://openalex.org/W2053339985,0
https://openalex.org/W2053356477,3
https://openalex.org/W2053369391,10
https://openalex.org/W2053371367,0
https://openalex.org/W2053384428,0
https://openalex.org/W2053390500,0
https://openalex.org/W2053395293,0
https://openalex.org/W2053405516,5
https://openalex.org/W2053405844,2
https://openalex.org/W2053427300,0
https://openalex.org/W2053440260,1
https://openalex.org/W2053453389,2
https://openalex.org/W2053471516,0
https://openalex.org/W2053474679,7
https://openalex.org/W2053515088,4
https://openalex.org/W2053539527,1
https://openalex.org/W2053565003,5
https://openalex.org/W2053581606,0
https://openalex.org/W2053597927,8
https://openalex.org/W2053610219,1
https://openalex.org/W2053627264,0
https://openalex.org/W2053683136,1
https://openalex.org/W2053708340,0
https://openalex.org/W2053718792,1
https://openalex.org/W2053733176,1
https://openalex.org/W2053746961,1
https://openalex.org/W2053747026,0
https://openalex.org/W2053800232,5
https://openalex.org/W2053820783,1
https://openalex.org/W2053846826,0
https://openalex.org/W2053889114,0
https://openalex.org/W2053899931,0
https://openalex.org/W2054009924,0
https://openalex.org/W2054013538,0
https://openalex.org/W2054046531,0
https://openalex.org/W2054055788,0
https://openalex.org/W2054097321,1
https://openalex.org/W2054102817,0
https://openalex.org/W2054166491,2
https://openalex.org/W2054166950,0
https://openalex.org/W2054241946,0
https://openalex.org/W2054289718,2
https://openalex.org/W2054290531,0
https://openalex.org/W2054290933,0
https://openalex.org/W2054431046,0
https://openalex.org/W2054440115,0
https://openalex.org/W2054442161,1
https://openalex.org/W2054504330,0
https://openalex.org/W2054519844,1
https://openalex.org/W2054527033,0
https://openalex.org/W2054602857,3
https://openalex.org/W2054619035,0
https://openalex.org/W2054640226,0
https://openalex.org/W2054680605,0
https://openalex.org/W2054693968,4
https://openalex.org/W2054708031,0
https://openalex.org/W2054730946,0
https://openalex.org/W2054767484,3
https://openalex.org/W2054814906,1
https://openalex.org/W2054833170,3
https://openalex.org/W2054843145,1
https://openalex.org/W2054875538,3
https://openalex.org/W2054891174,0
https://openalex.org/W2054898870,6
https://openalex.org/W2054955257,0
https://openalex.org/W2054962497,0
https://openalex.org/W2054970052,6
https://openalex.org/W2054985405,9
https://openalex.org/W2054993800,0
https://openalex.org/W2055051699,9
https://openalex.org/W2055065898,7
https://openalex.org/W2055093500,1
https://openalex.org/W2055108772,0
https://openalex.org/W2055126833,0
https://openalex.org/W2055187674,2
https://openalex.org/W2055195562,0
https://openalex.org/W2055212133,4
https://openalex.org/W2055223452,3
https://openalex.org/W2055226067,0
https://openalex.org/W2055279785,10
https://openalex.org/W2055280862,0
https://openalex.org/W2055284559,0
https://openalex.org/W2055307846,0
https://openalex.org/W2055318287,3
https://openalex.org/W2055355335,0
https://openalex.org/W2055360084,0
https://openalex.org/W2055386104,5
https://openalex.org/W2055394267,0
https://openalex.org/W2055412125,5
https://openalex.org/W2055441314,0
https://openalex.org/W2055454349,0
https://openalex.org/W2055463674,1
https://openalex.org/W2055483077,0
https://openalex.org/W2055497894,0
https://openalex.org/W2055513998,12
https://openalex.org/W2055537227,3
https://openalex.org/W2055545994,0
https://openalex.org/W2055576531,0
https://openalex.org/W2055599005,1
https://openalex.org/W2055611068,0
https://openalex.org/W2055615531,9
https://openalex.org/W2055623148,0
https://openalex.org/W2055662938,0
https://openalex.org/W2055703022,0
https://openalex.org/W2055754429,1
https://openalex.org/W2055801545,5
https://openalex.org/W2055851951,0
https://openalex.org/W2055921196,0
https://openalex.org/W2055931179,3
https://openalex.org/W2055931504,4
https://openalex.org/W2055938367,0
https://openalex.org/W2055944234,0
https://openalex.org/W2056015972,0
https://openalex.org/W2056045939,0
https://openalex.org/W2056063878,2
https://openalex.org/W2056066441,0
https://openalex.org/W2056078801,0
https://openalex.org/W2056090628,2
https://openalex.org/W2056097911,3
https://openalex.org/W2056111598,0
https://openalex.org/W2056116674,0
https://openalex.org/W2056156373,0
https://openalex.org/W2056162661,0
https://openalex.org/W2056164159,0
https://openalex.org/W2056176998,1
https://openalex.org/W2056204542,0
https://openalex.org/W2056214300,0
https://openalex.org/W2056274458,0
https://openalex.org/W2056281353,0
https://openalex.org/W2056311734,1
https://openalex.org/W2056321125,0
https://openalex.org/W2056328144,1
https://openalex.org/W2056522494,0
https://openalex.org/W2056559895,2
https://openalex.org/W2056598784,0
https://openalex.org/W2056599460,0
https://openalex.org/W2056663103,0
https://openalex.org/W2056682775,0
https://openalex.org/W2056686202,3
https://openalex.org/W2056726333,7
https://openalex.org/W2056744992,0
https://openalex.org/W2056847746,2
https://openalex.org/W2056922823,0
https://openalex.org/W2056925204,1
https://openalex.org/W2056952605,0
https://openalex.org/W2056985821,0
https://openalex.org/W2057009590,1
https://openalex.org/W2057031979,1
https://openalex.org/W2057043360,0
https://openalex.org/W2057083212,11
https://openalex.org/W2057089681,0
https://openalex.org/W2057121844,1
https://openalex.org/W2057141724,1
https://openalex.org/W2057176325,0
https://openalex.org/W2057184364,0
https://openalex.org/W2057212519,0
https://openalex.org/W2057226633,2
https://openalex.org/W2057233789,0
https://openalex.org/W2057234125,0
https://openalex.org/W2057247657,3
https://openalex.org/W2057281613,1
https://openalex.org/W2057292970,7
https://openalex.org/W2057312396,0
https://openalex.org/W2057343892,10
https://openalex.org/W2057394529,0
https://openalex.org/W2057398991,4
https://openalex.org/W2057410646,4
https://openalex.org/W2057437352,2
https://openalex.org/W2057439620,8
https://openalex.org/W2057445074,4
https://openalex.org/W2057446624,0
https://openalex.org/W2057476394,3
https://openalex.org/W2057509572,0
https://openalex.org/W2057569550,0
https://openalex.org/W2057590820,0
https://openalex.org/W2057596684,0
https://openalex.org/W2057598630,0
https://openalex.org/W2057615334,2
https://openalex.org/W2057639911,12
https://openalex.org/W2057666608,1
https://openalex.org/W2057685527,4
https://openalex.org/W2057694979,0
https://openalex.org/W2057702244,0
https://openalex.org/W2057705347,0
https://openalex.org/W2057707661,8
https://openalex.org/W2057708824,0
https://openalex.org/W2057725456,0
https://openalex.org/W2057735212,1
https://openalex.org/W2057763780,0
https://openalex.org/W2057777369,4
https://openalex.org/W2057826157,1
https://openalex.org/W2057827295,7
https://openalex.org/W2057844299,2
https://openalex.org/W2057910809,0
https://openalex.org/W2057932021,0
https://openalex.org/W2057939562,0
https://openalex.org/W2057982115,3
https://openalex.org/W2057983181,7
https://openalex.org/W2058118853,0
https://openalex.org/W2058124656,8
https://openalex.org/W2058132059,0
https://openalex.org/W2058137837,1
https://openalex.org/W2058200127,0
https://openalex.org/W2058216230,0
https://openalex.org/W2058224796,1
https://openalex.org/W2058230245,10
https://openalex.org/W2058230532,0
https://openalex.org/W2058274946,6
https://openalex.org/W2058278593,8
https://openalex.org/W2058292898,1
https://openalex.org/W2058293418,2
https://openalex.org/W2058321898,1
https://openalex.org/W2058340208,0
https://openalex.org/W2058408813,1
https://openalex.org/W2058447872,0
https://openalex.org/W2058448386,0
https://openalex.org/W2058454107,9
https://openalex.org/W2058469879,4
https://openalex.org/W2058517913,4
https://openalex.org/W2058528521,0
https://openalex.org/W2058544689,12
https://openalex.org/W2058585415,3
https://openalex.org/W2058619318,0
https://openalex.org/W2058642496,3
https://openalex.org/W2058663932,4
https://openalex.org/W2058677340,1
https://openalex.org/W2058687919,0
https://openalex.org/W2058706915,5
https://openalex.org/W2058711122,0
https://openalex.org/W2058726071,0
https://openalex.org/W2058750561,0
https://openalex.org/W2058751313,0
https://openalex.org/W2058753518,5
https://openalex.org/W2058772805,0
https://openalex.org/W2058773979,1
https://openalex.org/W2058807835,8
https://openalex.org/W2058831110,2
https://openalex.org/W2058882950,3
https://openalex.org/W2058923825,2
https://openalex.org/W2058928275,1
https://openalex.org/W2058936106,0
https://openalex.org/W2058945153,6
https://openalex.org/W2058952621,0
https://openalex.org/W2059003926,0
https://openalex.org/W2059018786,0
https://openalex.org/W2059023638,12
https://openalex.org/W2059036456,3
https://openalex.org/W2059058178,0
https://openalex.org/W2059058513,0
https://openalex.org/W2059088237,1
https://openalex.org/W2059111185,4
https://openalex.org/W2059121222,1
https://openalex.org/W2059140240,0
https://openalex.org/W2059141462,0
https://openalex.org/W2059145088,0
https://openalex.org/W2059160261,5
https://openalex.org/W2059163399,0
https://openalex.org/W2059189251,0
https://openalex.org/W2059194169,0
https://openalex.org/W2059209464,3
https://openalex.org/W2059217589,5
https://openalex.org/W2059221659,1
https://openalex.org/W2059233014,5
https://openalex.org/W2059248912,0
https://openalex.org/W2059254171,0
https://openalex.org/W2059295867,0
https://openalex.org/W2059311094,3
https://openalex.org/W2059356187,1
https://openalex.org/W2059374360,0
https://openalex.org/W2059391857,0
https://openalex.org/W2059398222,0
https://openalex.org/W2059407625,4
https://openalex.org/W2059413398,0
https://openalex.org/W2059421295,0
https://openalex.org/W2059459658,11
https://openalex.org/W2059469750,0
https://openalex.org/W2059519078,1
https://openalex.org/W2059523230,3
https://openalex.org/W2059580462,0
https://openalex.org/W2059600955,5
https://openalex.org/W2059613803,0
https://openalex.org/W2059641171,5
https://openalex.org/W2059654523,0
https://openalex.org/W2059683083,1
https://openalex.org/W2059708371,2
https://openalex.org/W2059720033,0
https://openalex.org/W2059738133,0
https://openalex.org/W2059755088,3
https://openalex.org/W2059774944,4
https://openalex.org/W2059787490,0
https://openalex.org/W2059806368,0
https://openalex.org/W2059861905,1
https://openalex.org/W2059880511,6
https://openalex.org/W2059893252,0
https://openalex.org/W2059899419,0
https://openalex.org/W2059900870,1
https://openalex.org/W2059905799,0
https://openalex.org/W2059929801,4
https://openalex.org/W2059957926,0
https://openalex.org/W2059968948,0
https://openalex.org/W2060000763,1
https://openalex.org/W2060035567,0
https://openalex.org/W2060096354,0
https://openalex.org/W2060129070,0
https://openalex.org/W2060143089,1
https://openalex.org/W2060159881,0
https://openalex.org/W2060168813,1
https://openalex.org/W2060204298,0
https://openalex.org/W2060253451,0
https://openalex.org/W2060283374,0
https://openalex.org/W2060339929,1
https://openalex.org/W2060358386,0
https://openalex.org/W2060367594,0
https://openalex.org/W2060411332,0
https://openalex.org/W2060426303,0
https://openalex.org/W2060437286,3
https://openalex.org/W2060476554,1
https://openalex.org/W2060483849,0
https://openalex.org/W2060522627,0
https://openalex.org/W2060525538,10
https://openalex.org/W2060570856,2
https://openalex.org/W2060571653,0
https://openalex.org/W2060575414,1
https://openalex.org/W2060587844,0
https://openalex.org/W2060600657,0
https://openalex.org/W2060616102,0
https://openalex.org/W2060617048,0
https://openalex.org/W2060656439,1
https://openalex.org/W2060663477,5
https://openalex.org/W2060686534,0
https://openalex.org/W2060707520,7
https://openalex.org/W2060712580,0
https://openalex.org/W2060756681,7
https://openalex.org/W2060791191,3
https://openalex.org/W2060792240,1
https://openalex.org/W2060803582,1
https://openalex.org/W2060827056,0
https://openalex.org/W2060895502,0
https://openalex.org/W2060897177,5
https://openalex.org/W2060921517,0
https://openalex.org/W2060945782,4
https://openalex.org/W2060967061,10
https://openalex.org/W2060998167,1
https://openalex.org/W2061027681,0
https://openalex.org/W2061067868,4
https://openalex.org/W2061074949,1
https://openalex.org/W2061103185,0
https://openalex.org/W2061126917,2
https://openalex.org/W2061136587,8
https://openalex.org/W2061154587,0
https://openalex.org/W2061162207,0
https://openalex.org/W2061188407,0
https://openalex.org/W2061239482,10
https://openalex.org/W2061243539,0
https://openalex.org/W2061247570,0
https://openalex.org/W2061248826,0
https://openalex.org/W2061249018,0
https://openalex.org/W2061294787,0
https://openalex.org/W2061366787,4
https://openalex.org/W2061380736,0
https://openalex.org/W2061389806,1
https://openalex.org/W2061396497,0
https://openalex.org/W2061405920,1
https://openalex.org/W2061408046,0
https://openalex.org/W2061434322,0
https://openalex.org/W2061460215,0
https://openalex.org/W2061524584,1
https://openalex.org/W2061546339,4
https://openalex.org/W2061546957,0
https://openalex.org/W2061570438,6
https://openalex.org/W2061594939,0
https://openalex.org/W2061601333,4
https://openalex.org/W2061605092,0
https://openalex.org/W2061670783,0
https://openalex.org/W2061709917,0
https://openalex.org/W2061721566,0
https://openalex.org/W2061734562,0
https://openalex.org/W2061756650,0
https://openalex.org/W2061769063,0
https://openalex.org/W2061820150,9
https://openalex.org/W2061823079,3
https://openalex.org/W2061829922,0
https://openalex.org/W2061843218,4
https://openalex.org/W2061871420,0
https://openalex.org/W2061882567,1
https://openalex.org/W2061885652,0
https://openalex.org/W2061950502,0
https://openalex.org/W2061976407,0
https://openalex.org/W2061979783,0
https://openalex.org/W2061990519,2
https://openalex.org/W2061994305,4
https://openalex.org/W2062039856,0
https://openalex.org/W2062083901,0
https://openalex.org/W2062085042,0
https://openalex.org/W2062094841,6
https://openalex.org/W2062108858,2
https://openalex.org/W2062116453,0
https://openalex.org/W2062138452,3
https://openalex.org/W2062155966,0
https://openalex.org/W2062177490,0
https://openalex.org/W2062186493,0
https://openalex.org/W2062192423,0
https://openalex.org/W2062277470,5
https://openalex.org/W2062287412,2
https://openalex.org/W2062289234,0
https://openalex.org/W2062309495,0
https://openalex.org/W2062340580,1
https://openalex.org/W2062341028,0
https://openalex.org/W2062359608,1
https://openalex.org/W2062364235,0
https://openalex.org/W2062372393,0
https://openalex.org/W2062373564,2
https://openalex.org/W2062387087,4
https://openalex.org/W2062421885,2
https://openalex.org/W2062456813,4
https://openalex.org/W2062478257,2
https://openalex.org/W2062572484,10
https://openalex.org/W2062601517,7
https://openalex.org/W2062619931,12
https://openalex.org/W2062687636,0
https://openalex.org/W2062692166,0
https://openalex.org/W2062698024,0
https://openalex.org/W2062717118,0
https://openalex.org/W2062717175,0
https://openalex.org/W2062739580,1
https://openalex.org/W2062759420,0
https://openalex.org/W2062759754,0
https://openalex.org/W2062776687,6
https://openalex.org/W2062797244,1
https://openalex.org/W2062798262,0
https://openalex.org/W2062801391,3
https://openalex.org/W2062814891,0
https://openalex.org/W2062816214,1
https://openalex.org/W2062828935,0
https://openalex.org/W2062844583,0
https://openalex.org/W2062874401,1
https://openalex.org/W2062887603,0
https://openalex.org/W2062908222,0
https://openalex.org/W2062910673,0
https://openalex.org/W2062918862,3
https://openalex.org/W2062942651,11
https://openalex.org/W2062976389,4
https://openalex.org/W2063060947,0
https://openalex.org/W2063063342,0
https://openalex.org/W2063093321,0
https://openalex.org/W2063111032,0
https://openalex.org/W2063168393,1
https://openalex.org/W2063181041,0
https://openalex.org/W2063181079,0
https://openalex.org/W2063193349,0
https://openalex.org/W2063204824,0
https://openalex.org/W2063243101,0
https://openalex.org/W2063273596,0
https://openalex.org/W2063284593,7
https://openalex.org/W2063298667,0
https://openalex.org/W2063314619,8
https://openalex.org/W2063324236,4
https://openalex.org/W2063385393,0
https://openalex.org/W2063423369,0
https://openalex.org/W2063425223,1
https://openalex.org/W2063429094,12
https://openalex.org/W2063469825,0
https://openalex.org/W2063502396,0
https://openalex.org/W2063503219,0
https://openalex.org/W2063513429,0
https://openalex.org/W2063514903,2
https://openalex.org/W2063521795,2
https://openalex.org/W2063570728,0
https://openalex.org/W2063583889,0
https://openalex.org/W2063591922,0
https://openalex.org/W2063611055,0
https://openalex.org/W2063624547,0
https://openalex.org/W2063652781,3
https://openalex.org/W2063663769,0
https://openalex.org/W2063697937,0
https://openalex.org/W2063711343,4
https://openalex.org/W2063714906,0
https://openalex.org/W2063720430,5
https://openalex.org/W2063731633,2
https://openalex.org/W2063744153,2
https://openalex.org/W2063748683,1
https://openalex.org/W2063750906,0
https://openalex.org/W2063774228,4
https://openalex.org/W2063794158,0
https://openalex.org/W2063877645,3
https://openalex.org/W2063882465,0
https://openalex.org/W2063898739,5
https://openalex.org/W2063902740,0
https://openalex.org/W2063906039,0
https://openalex.org/W2063915017,8
https://openalex.org/W2063920759,0
https://openalex.org/W2063923587,1
https://openalex.org/W2063982659,0
https://openalex.org/W2063983025,10
https://openalex.org/W2063984406,2
https://openalex.org/W2064032735,0
https://openalex.org/W2064054383,0
https://openalex.org/W2064064047,0
https://openalex.org/W2064075188,0
https://openalex.org/W2064075416,1
https://openalex.org/W2064094438,0
https://openalex.org/W2064095631,0
https://openalex.org/W2064100055,2
https://openalex.org/W2064103118,0
https://openalex.org/W2064111102,10
https://openalex.org/W2064153323,0
https://openalex.org/W2064164013,0
https://openalex.org/W2064169648,10
https://openalex.org/W2064201151,7
https://openalex.org/W2064221776,7
https://openalex.org/W2064225469,0
https://openalex.org/W2064228906,4
https://openalex.org/W2064238672,8
https://openalex.org/W2064251167,0
https://openalex.org/W2064256469,12
https://openalex.org/W2064270494,0
https://openalex.org/W2064314694,5
https://openalex.org/W2064361176,2
https://openalex.org/W2064395133,2
https://openalex.org/W2064409655,0
https://openalex.org/W2064450122,2
https://openalex.org/W2064521792,11
https://openalex.org/W2064541428,0
https://openalex.org/W2064550267,1
https://openalex.org/W2064577671,1
https://openalex.org/W2064592389,0
https://openalex.org/W2064599423,0
https://openalex.org/W2064607741,0
https://openalex.org/W2064625565,0
https://openalex.org/W2064627617,0
https://openalex.org/W2064636184,0
https://openalex.org/W2064636833,10
https://openalex.org/W2064641128,4
https://openalex.org/W2064646335,4
https://openalex.org/W2064676400,1
https://openalex.org/W2064685315,1
https://openalex.org/W2064689557,1
https://openalex.org/W2064704174,0
https://openalex.org/W2064739642,0
https://openalex.org/W2064760473,0
https://openalex.org/W2064783746,1
https://openalex.org/W2064823990,0
https://openalex.org/W2064841859,0
https://openalex.org/W2064847976,0
https://openalex.org/W2064856938,0
https://openalex.org/W2064898740,9
https://openalex.org/W2064907517,0
https://openalex.org/W2064908759,1
https://openalex.org/W2064923787,0
https://openalex.org/W2065015648,0
https://openalex.org/W2065017290,0
https://openalex.org/W2065019405,0
https://openalex.org/W2065019509,1
https://openalex.org/W2065023191,0
https://openalex.org/W2065035574,0
https://openalex.org/W2065038952,0
https://openalex.org/W2065091898,1
https://openalex.org/W2065140801,0
https://openalex.org/W2065147512,3
https://openalex.org/W2065160861,0
https://openalex.org/W2065187410,0
https://openalex.org/W2065218588,0
https://openalex.org/W2065232399,4
https://openalex.org/W2065243370,0
https://openalex.org/W2065261146,4
https://openalex.org/W2065272323,0
https://openalex.org/W2065275195,0
https://openalex.org/W2065293752,0
https://openalex.org/W2065300309,0
https://openalex.org/W2065309935,0
https://openalex.org/W2065311152,0
https://openalex.org/W2065314195,2
https://openalex.org/W2065319547,0
https://openalex.org/W2065325674,0
https://openalex.org/W2065385185,0
https://openalex.org/W2065390758,12
https://openalex.org/W2065402311,0
https://openalex.org/W2065469389,0
https://openalex.org/W2065497679,0
https://openalex.org/W2065566578,12
https://openalex.org/W2065571647,0
https://openalex.org/W2065583386,4
https://openalex.org/W2065587813,0
https://openalex.org/W2065594913,1
https://openalex.org/W2065598229,3
https://openalex.org/W2065606630,3
https://openalex.org/W2065609244,2
https://openalex.org/W2065663853,2
https://openalex.org/W2065669130,6
https://openalex.org/W2065680429,8
https://openalex.org/W2065687573,0
https://openalex.org/W2065712107,2
https://openalex.org/W2065733362,0
https://openalex.org/W2065765678,2
https://openalex.org/W2065782931,0
https://openalex.org/W2065783404,0
https://openalex.org/W2065805839,0
https://openalex.org/W2065855847,4
https://openalex.org/W2065860273,0
https://openalex.org/W2065915071,0
https://openalex.org/W2065938702,2
https://openalex.org/W2065947660,0
https://openalex.org/W2065978335,6
https://openalex.org/W2065995896,0
https://openalex.org/W2066013655,0
https://openalex.org/W2066015584,0
https://openalex.org/W2066045299,3
https://openalex.org/W2066067796,1
https://openalex.org/W2066078982,0
https://openalex.org/W2066105657,0
https://openalex.org/W2066128637,1
https://openalex.org/W2066175367,1
https://openalex.org/W2066180707,4
https://openalex.org/W2066224328,1
https://openalex.org/W2066248700,0
https://openalex.org/W2066316269,0
https://openalex.org/W2066339768,2
https://openalex.org/W2066355362,0
https://openalex.org/W2066371501,0
https://openalex.org/W2066376817,1
https://openalex.org/W2066378717,2
https://openalex.org/W2066384162,0
https://openalex.org/W2066395380,1
https://openalex.org/W2066489382,0
https://openalex.org/W2066520242,2
https://openalex.org/W2066539606,2
https://openalex.org/W2066555522,0
https://openalex.org/W2066570260,0
https://openalex.org/W2066597081,0
https://openalex.org/W2066611949,0
https://openalex.org/W2066617531,4
https://openalex.org/W2066621871,0
https://openalex.org/W2066703366,0
https://openalex.org/W2066715626,0
https://openalex.org/W2066723842,2
https://openalex.org/W2066737572,0
https://openalex.org/W2066765691,0
https://openalex.org/W2066782197,0
https://openalex.org/W2066796772,0
https://openalex.org/W2066881607,0
https://openalex.org/W2066892855,0
https://openalex.org/W2066924464,2
https://openalex.org/W2066934837,0
https://openalex.org/W2066944339,1
https://openalex.org/W2067034553,0
https://openalex.org/W2067036241,1
https://openalex.org/W2067043822,0
https://openalex.org/W2067046959,2
https://openalex.org/W2067073755,0
https://openalex.org/W2067126866,0
https://openalex.org/W2067130444,0
https://openalex.org/W2067132865,4
https://openalex.org/W2067150716,0
https://openalex.org/W2067182034,0
https://openalex.org/W2067193961,5
https://openalex.org/W2067299037,10
https://openalex.org/W2067325592,2
https://openalex.org/W2067328858,0
https://openalex.org/W2067482050,0
https://openalex.org/W2067542275,0
https://openalex.org/W2067558314,0
https://openalex.org/W2067578541,3
https://openalex.org/W2067591415,4
https://openalex.org/W2067592060,0
https://openalex.org/W2067598746,0
https://openalex.org/W2067621315,0
https://openalex.org/W2067627076,0
https://openalex.org/W2067630608,0
https://openalex.org/W2067638186,11
https://openalex.org/W2067701299,7
https://openalex.org/W2067732958,0
https://openalex.org/W2067762495,0
https://openalex.org/W2067783745,1
https://openalex.org/W2067806123,1
https://openalex.org/W2067806795,0
https://openalex.org/W2067822420,0
https://openalex.org/W2067836723,0
https://openalex.org/W2067844099,0
https://openalex.org/W2067862593,0
https://openalex.org/W2067893716,3
https://openalex.org/W2067896429,0
https://openalex.org/W2067914903,10
https://openalex.org/W2067922266,0
https://openalex.org/W2067956401,0
https://openalex.org/W2068015130,0
https://openalex.org/W2068015672,0
https://openalex.org/W2068018833,0
https://openalex.org/W2068040013,0
https://openalex.org/W2068079900,0
https://openalex.org/W2068082089,7
https://openalex.org/W2068107571,0
https://openalex.org/W2068125875,1
https://openalex.org/W2068175053,7
https://openalex.org/W2068204880,2
https://openalex.org/W2068269309,0
https://openalex.org/W2068277861,10
https://openalex.org/W2068280212,0
https://openalex.org/W2068289740,0
https://openalex.org/W2068307339,0
https://openalex.org/W2068317750,0
https://openalex.org/W2068330745,0
https://openalex.org/W2068374049,9
https://openalex.org/W2068400228,3
https://openalex.org/W2068403983,0
https://openalex.org/W2068454448,0
https://openalex.org/W2068503525,0
https://openalex.org/W2068522056,0
https://openalex.org/W2068527355,0
https://openalex.org/W2068540139,0
https://openalex.org/W2068593734,1
https://openalex.org/W2068655880,10
https://openalex.org/W2068656852,7
https://openalex.org/W2068672997,0
https://openalex.org/W2068679543,0
https://openalex.org/W2068717584,0
https://openalex.org/W2068756454,0
https://openalex.org/W2068781149,0
https://openalex.org/W2068822847,0
https://openalex.org/W2068834305,0
https://openalex.org/W2068837383,8
https://openalex.org/W2068893748,2
https://openalex.org/W2068920283,9
https://openalex.org/W2068957096,8
https://openalex.org/W2068979445,4
https://openalex.org/W2068991599,1
https://openalex.org/W2069007834,12
https://openalex.org/W2069021800,0
https://openalex.org/W2069066677,0
https://openalex.org/W2069079436,7
https://openalex.org/W2069086753,0
https://openalex.org/W2069101052,0
https://openalex.org/W2069102557,2
https://openalex.org/W2069108692,0
https://openalex.org/W2069149830,0
https://openalex.org/W2069208266,0
https://openalex.org/W2069214615,4
https://openalex.org/W2069223876,5
https://openalex.org/W2069243797,0
https://openalex.org/W2069264332,0
https://openalex.org/W2069268614,5
https://openalex.org/W2069319099,0
https://openalex.org/W2069325852,3
https://openalex.org/W2069347956,0
https://openalex.org/W2069373939,0
https://openalex.org/W2069398132,2
https://openalex.org/W2069411937,3
https://openalex.org/W2069450309,5
https://openalex.org/W2069483642,4
https://openalex.org/W2069501190,5
https://openalex.org/W2069558716,2
https://openalex.org/W2069563006,11
https://openalex.org/W2069596171,0
https://openalex.org/W2069604422,0
https://openalex.org/W2069683121,2
https://openalex.org/W2069741972,2
https://openalex.org/W2069752555,1
https://openalex.org/W2069766283,2
https://openalex.org/W2069786325,2
https://openalex.org/W2069790541,1
https://openalex.org/W2069798167,3
https://openalex.org/W2069801903,0
https://openalex.org/W2069802558,0
https://openalex.org/W2069851208,4
https://openalex.org/W2069901032,6
https://openalex.org/W2069956075,8
https://openalex.org/W2069979194,6
https://openalex.org/W2070018632,0
https://openalex.org/W2070037514,3
https://openalex.org/W2070119334,0
https://openalex.org/W2070123896,0
https://openalex.org/W2070135224,0
https://openalex.org/W2070202087,1
https://openalex.org/W2070216078,0
https://openalex.org/W2070219680,0
https://openalex.org/W2070227293,0
https://openalex.org/W2070233043,1
https://openalex.org/W2070248161,1
https://openalex.org/W2070255970,9
https://openalex.org/W2070265723,3
https://openalex.org/W2070289647,1
https://openalex.org/W2070363082,0
https://openalex.org/W2070385686,0
https://openalex.org/W2070405919,0
https://openalex.org/W2070409147,9
https://openalex.org/W2070415072,0
https://openalex.org/W2070424539,0
https://openalex.org/W2070427912,0
https://openalex.org/W2070441289,0
https://openalex.org/W2070512233,2
https://openalex.org/W2070514681,0
https://openalex.org/W2070551974,0
https://openalex.org/W2070587193,0
https://openalex.org/W2070599593,0
https://openalex.org/W2070610637,0
https://openalex.org/W2070642182,0
https://openalex.org/W2070672790,0
https://openalex.org/W2070698369,0
https://openalex.org/W2070735932,0
https://openalex.org/W2070766255,2
https://openalex.org/W2070781603,0
https://openalex.org/W2070794506,0
https://openalex.org/W2070824826,2
https://openalex.org/W2070864912,11
https://openalex.org/W2070877016,0
https://openalex.org/W2070882929,1
https://openalex.org/W2070890255,0
https://openalex.org/W2070898661,0
https://openalex.org/W2070934277,0
https://openalex.org/W2070965248,0
https://openalex.org/W2070965424,0
https://openalex.org/W2071025713,0
https://openalex.org/W2071039475,0
https://openalex.org/W2071051020,0
https://openalex.org/W2071051974,0
https://openalex.org/W2071071612,3
https://openalex.org/W2071074840,0
https://openalex.org/W2071096128,5
https://openalex.org/W2071098568,0
https://openalex.org/W2071120796,0
https://openalex.org/W2071149754,0
https://openalex.org/W2071150628,1
https://openalex.org/W2071172848,3
https://openalex.org/W2071172953,0
https://openalex.org/W2071178105,0
https://openalex.org/W2071179449,0
https://openalex.org/W2071308985,10
https://openalex.org/W2071372138,0
https://openalex.org/W2071406285,0
https://openalex.org/W2071431131,0
https://openalex.org/W2071444906,2
https://openalex.org/W2071462925,0
https://openalex.org/W2071470328,0
https://openalex.org/W2071477513,3
https://openalex.org/W2071515294,1
https://openalex.org/W2071592208,1
https://openalex.org/W2071634878,0
https://openalex.org/W2071643928,1
https://openalex.org/W2071657191,6
https://openalex.org/W2071667288,0
https://openalex.org/W2071667557,11
https://openalex.org/W2071688146,0
https://openalex.org/W2071756251,0
https://openalex.org/W2071786774,11
https://openalex.org/W2071823175,3
https://openalex.org/W2071843870,6
https://openalex.org/W2071887939,5
https://openalex.org/W2071911690,0
https://openalex.org/W2071934168,0
https://openalex.org/W2071952246,4
https://openalex.org/W2071983003,0
https://openalex.org/W2071989956,0
https://openalex.org/W2072001960,8
https://openalex.org/W2072023067,0
https://openalex.org/W2072037571,5
https://openalex.org/W2072074127,0
https://openalex.org/W2072088081,0
https://openalex.org/W2072100847,0
https://openalex.org/W2072104302,0
https://openalex.org/W2072107887,0
https://openalex.org/W2072117430,0
https://openalex.org/W2072137017,0
https://openalex.org/W2072184170,1
https://openalex.org/W2072190556,0
https://openalex.org/W2072197468,3
https://openalex.org/W2072209658,0
https://openalex.org/W2072210541,0
https://openalex.org/W2072216804,1
https://openalex.org/W2072218710,0
https://openalex.org/W2072251091,2
https://openalex.org/W2072255267,0
https://openalex.org/W2072272505,1
https://openalex.org/W2072298148,1
https://openalex.org/W2072302724,0
https://openalex.org/W2072320013,3
https://openalex.org/W2072373613,0
https://openalex.org/W2072386524,0
https://openalex.org/W2072406244,0
https://openalex.org/W2072421864,0
https://openalex.org/W2072432528,0
https://openalex.org/W2072464824,0
https://openalex.org/W2072470223,0
https://openalex.org/W2072512988,12
https://openalex.org/W2072614250,0
https://openalex.org/W2072653916,6
https://openalex.org/W2072699710,0
https://openalex.org/W2072711282,0
https://openalex.org/W2072740434,1
https://openalex.org/W2072743429,5
https://openalex.org/W2072756075,1
https://openalex.org/W2072764584,0
https://openalex.org/W2072796356,0
https://openalex.org/W2072828730,0
https://openalex.org/W2072849063,0
https://openalex.org/W2072889331,3
https://openalex.org/W2072897037,6
https://openalex.org/W2072902352,1
https://openalex.org/W2072947934,1
https://openalex.org/W2072974991,1
https://openalex.org/W2072991326,2
https://openalex.org/W2073013865,0
https://openalex.org/W2073082005,1
https://openalex.org/W2073102331,0
https://openalex.org/W2073116634,3
https://openalex.org/W2073142898,0
https://openalex.org/W2073182657,11
https://openalex.org/W2073205041,0
https://openalex.org/W2073240072,2
https://openalex.org/W2073248462,4
https://openalex.org/W2073336711,4
https://openalex.org/W2073376110,3
https://openalex.org/W2073398948,0
https://openalex.org/W2073398993,0
https://openalex.org/W2073408716,0
https://openalex.org/W2073410270,0
https://openalex.org/W2073422940,3
https://openalex.org/W2073436270,6
https://openalex.org/W2073445328,5
https://openalex.org/W2073458459,1
https://openalex.org/W2073473094,1
https://openalex.org/W2073478357,0
https://openalex.org/W2073573899,0
https://openalex.org/W2073575397,0
https://openalex.org/W2073595774,0
https://openalex.org/W2073601846,0
https://openalex.org/W2073609048,0
https://openalex.org/W2073610896,10
https://openalex.org/W2073614121,2
https://openalex.org/W2073622312,0
https://openalex.org/W2073640369,0
https://openalex.org/W2073660063,2
https://openalex.org/W2073679928,0
https://openalex.org/W2073723638,1
https://openalex.org/W2073725948,1
https://openalex.org/W2073752997,1
https://openalex.org/W2073779727,3
https://openalex.org/W2073784484,0
https://openalex.org/W2073851046,0
https://openalex.org/W2073852841,0
https://openalex.org/W2073854451,0
https://openalex.org/W2073928062,2
https://openalex.org/W2073962448,0
https://openalex.org/W2073972836,1
https://openalex.org/W2073984163,1
https://openalex.org/W2073999407,0
https://openalex.org/W2074033754,0
https://openalex.org/W2074046329,1
https://openalex.org/W2074057270,0
https://openalex.org/W2074073285,11
https://openalex.org/W2074104879,0
https://openalex.org/W2074107829,1
https://openalex.org/W2074112641,1
https://openalex.org/W2074120237,0
https://openalex.org/W2074149575,1
https://openalex.org/W2074158390,1
https://openalex.org/W2074179523,0
https://openalex.org/W2074217646,0
https://openalex.org/W2074228561,1
https://openalex.org/W2074240380,4
https://openalex.org/W2074241058,0
https://openalex.org/W2074246568,0
https://openalex.org/W2074272579,1
https://openalex.org/W2074326334,4
https://openalex.org/W2074327358,0
https://openalex.org/W2074329775,0
https://openalex.org/W2074344881,0
https://openalex.org/W2074350162,0
https://openalex.org/W2074351621,1
https://openalex.org/W2074373295,0
https://openalex.org/W2074375448,0
https://openalex.org/W2074389106,0
https://openalex.org/W2074389530,0
https://openalex.org/W2074400207,0
https://openalex.org/W2074402567,0
https://openalex.org/W2074427729,0
https://openalex.org/W2074450050,0
https://openalex.org/W2074451646,6
https://openalex.org/W2074481891,0
https://openalex.org/W2074488693,0
https://openalex.org/W2074494935,2
https://openalex.org/W2074498159,0
https://openalex.org/W2074537184,3
https://openalex.org/W2074551564,1
https://openalex.org/W2074586163,0
https://openalex.org/W2074590042,4
https://openalex.org/W2074619619,2
https://openalex.org/W2074623710,0
https://openalex.org/W2074636831,0
https://openalex.org/W2074670388,4
https://openalex.org/W2074671769,0
https://openalex.org/W2074731715,1
https://openalex.org/W2074756646,0
https://openalex.org/W2074797556,0
https://openalex.org/W2074828738,5
https://openalex.org/W2074829656,0
https://openalex.org/W2074829883,0
https://openalex.org/W2074859802,0
https://openalex.org/W2074861036,2
https://openalex.org/W2074905782,0
https://openalex.org/W2074938615,7
https://openalex.org/W2074945675,0
https://openalex.org/W2075027552,1
https://openalex.org/W2075030219,0
https://openalex.org/W2075031372,4
https://openalex.org/W2075068473,0
https://openalex.org/W2075079315,0
https://openalex.org/W2075079452,10
https://openalex.org/W2075119951,0
https://openalex.org/W2075132879,1
https://openalex.org/W2075159007,0
https://openalex.org/W2075160628,3
https://openalex.org/W2075179193,1
https://openalex.org/W2075185942,1
https://openalex.org/W2075192490,2
https://openalex.org/W2075217766,3
https://openalex.org/W2075251590,1
https://openalex.org/W2075276144,0
https://openalex.org/W2075278013,2
https://openalex.org/W2075318255,0
https://openalex.org/W2075343104,0
https://openalex.org/W2075463336,6
https://openalex.org/W2075465573,0
https://openalex.org/W2075477782,0
https://openalex.org/W2075528041,0
https://openalex.org/W2075542858,6
https://openalex.org/W2075546685,0
https://openalex.org/W2075562703,6
https://openalex.org/W2075573295,1
https://openalex.org/W2075577061,6
https://openalex.org/W2075630775,3
https://openalex.org/W2075633074,0
https://openalex.org/W2075647469,10
https://openalex.org/W2075667972,0
https://openalex.org/W2075690029,0
https://openalex.org/W2075704623,0
https://openalex.org/W2075718624,4
https://openalex.org/W2075733672,3
https://openalex.org/W2075743771,3
https://openalex.org/W2075783148,0
https://openalex.org/W2075800245,11
https://openalex.org/W2075804870,1
https://openalex.org/W2075844780,0
https://openalex.org/W2075863627,0
https://openalex.org/W2075904898,0
https://openalex.org/W2075913871,2
https://openalex.org/W2075965633,3
https://openalex.org/W2075971580,0
https://openalex.org/W2075991462,2
https://openalex.org/W2076015863,0
https://openalex.org/W2076016288,0
https://openalex.org/W2076064081,2
https://openalex.org/W2076071471,5
https://openalex.org/W2076077968,0
https://openalex.org/W2076080787,1
https://openalex.org/W2076117654,2
https://openalex.org/W2076153589,1
https://openalex.org/W2076167912,2
https://openalex.org/W2076181589,0
https://openalex.org/W2076241726,3
https://openalex.org/W2076250184,0
https://openalex.org/W2076253242,5
https://openalex.org/W2076262907,3
https://openalex.org/W2076279712,0
https://openalex.org/W2076281006,3
https://openalex.org/W2076287571,3
https://openalex.org/W2076296301,0
https://openalex.org/W2076354876,3
https://openalex.org/W2076368811,8
https://openalex.org/W2076370081,1
https://openalex.org/W2076401220,0
https://openalex.org/W2076411674,0
https://openalex.org/W2076412925,5
https://openalex.org/W2076427366,0
https://openalex.org/W2076463667,0
https://openalex.org/W2076498075,6
https://openalex.org/W2076525425,0
https://openalex.org/W2076536765,1
https://openalex.org/W2076542155,0
https://openalex.org/W2076557672,0
https://openalex.org/W2076592702,0
https://openalex.org/W2076607731,0
https://openalex.org/W2076629749,0
https://openalex.org/W2076689625,0
https://openalex.org/W2076690983,5
https://openalex.org/W2076703549,1
https://openalex.org/W2076735769,0
https://openalex.org/W2076739273,1
https://openalex.org/W2076755328,0
https://openalex.org/W2076774654,0
https://openalex.org/W2076782304,3
https://openalex.org/W2076789453,1
https://openalex.org/W2076847257,0
https://openalex.org/W2076855150,0
https://openalex.org/W2076859019,5
https://openalex.org/W2076881586,0
https://openalex.org/W2076882216,0
https://openalex.org/W2076927135,1
https://openalex.org/W2076957691,0
https://openalex.org/W2076966972,0
https://openalex.org/W2076979712,0
https://openalex.org/W2077009254,8
https://openalex.org/W2077012117,3
https://openalex.org/W2077022536,4
https://openalex.org/W2077034643,0
https://openalex.org/W2077054326,0
https://openalex.org/W2077056227,4
https://openalex.org/W2077064255,0
https://openalex.org/W2077106063,0
https://openalex.org/W2077110661,6
https://openalex.org/W2077153911,0
https://openalex.org/W2077168047,8
https://openalex.org/W2077181029,8
https://openalex.org/W2077183550,0
https://openalex.org/W2077185308,0
https://openalex.org/W2077199586,3
https://openalex.org/W2077200700,1
https://openalex.org/W2077246235,0
https://openalex.org/W2077301210,0
https://openalex.org/W2077341157,0
https://openalex.org/W2077356234,12
https://openalex.org/W2077361195,9
https://openalex.org/W2077381746,0
https://openalex.org/W2077412494,0
https://openalex.org/W2077413517,0
https://openalex.org/W2077413643,0
https://openalex.org/W2077422588,0
https://openalex.org/W2077431829,5
https://openalex.org/W2077437679,0
https://openalex.org/W2077450484,0
https://openalex.org/W2077461872,0
https://openalex.org/W2077462333,1
https://openalex.org/W2077488320,0
https://openalex.org/W2077556411,11
https://openalex.org/W2077584344,0
https://openalex.org/W2077603076,0
https://openalex.org/W2077685582,0
https://openalex.org/W2077729521,0
https://openalex.org/W2077739501,0
https://openalex.org/W2077749534,0
https://openalex.org/W2077751852,0
https://openalex.org/W2077776437,3
https://openalex.org/W2077781385,0
https://openalex.org/W2077799365,4
https://openalex.org/W2077823168,0
https://openalex.org/W2077829113,3
https://openalex.org/W2077848488,0
https://openalex.org/W2077856809,1
https://openalex.org/W2077993563,0
https://openalex.org/W2078029841,0
https://openalex.org/W2078072365,1
https://openalex.org/W2078086773,0
https://openalex.org/W2078147472,0
https://openalex.org/W2078167494,0
https://openalex.org/W2078171728,0
https://openalex.org/W2078180764,4
https://openalex.org/W2078198808,0
https://openalex.org/W2078223509,0
https://openalex.org/W2078251349,3
https://openalex.org/W2078290685,0
https://openalex.org/W2078297861,0
https://openalex.org/W2078307711,1
https://openalex.org/W2078360154,3
https://openalex.org/W2078375571,8
https://openalex.org/W2078406406,0
https://openalex.org/W2078474410,3
https://openalex.org/W2078477332,0
https://openalex.org/W2078489547,0
https://openalex.org/W2078499966,0
https://openalex.org/W2078518526,0
https://openalex.org/W2078524420,4
https://openalex.org/W2078529394,0
https://openalex.org/W2078548639,0
https://openalex.org/W2078641830,2
https://openalex.org/W2078669099,0
https://openalex.org/W2078674656,8
https://openalex.org/W2078693538,0
https://openalex.org/W2078742170,0
https://openalex.org/W2078757955,7
https://openalex.org/W2078760303,3
https://openalex.org/W2078776459,0
https://openalex.org/W2078783290,0
https://openalex.org/W2078783534,0
https://openalex.org/W2078791604,0
https://openalex.org/W2078818438,0
https://openalex.org/W2078827871,1
https://openalex.org/W2078865797,1
https://openalex.org/W2078866218,0
https://openalex.org/W2078877180,0
https://openalex.org/W2078901646,6
https://openalex.org/W2078903049,1
https://openalex.org/W2078921875,1
https://openalex.org/W2078987452,1
https://openalex.org/W2078988414,4
https://openalex.org/W2078992156,3
https://openalex.org/W2078994698,2
https://openalex.org/W2079011362,1
https://openalex.org/W2079016765,1
https://openalex.org/W2079019094,0
https://openalex.org/W2079045506,2
https://openalex.org/W2079073782,0
https://openalex.org/W2079073793,10
https://openalex.org/W2079131824,0
https://openalex.org/W2079133436,0
https://openalex.org/W2079250028,0
https://openalex.org/W2079254561,5
https://openalex.org/W2079264067,0
https://openalex.org/W2079291529,3
https://openalex.org/W2079293571,0
https://openalex.org/W2079364748,8
https://openalex.org/W2079379359,0
https://openalex.org/W2079410769,0
https://openalex.org/W2079447601,0
https://openalex.org/W2079469059,0
https://openalex.org/W2079473709,0
https://openalex.org/W2079479432,8
https://openalex.org/W2079493868,0
https://openalex.org/W2079498589,0
https://openalex.org/W2079513546,0
https://openalex.org/W2079518696,0
https://openalex.org/W2079540204,0
https://openalex.org/W2079548803,0
https://openalex.org/W2079691966,0
https://openalex.org/W2079711351,0
https://openalex.org/W2079712012,0
https://openalex.org/W2079712358,5
https://openalex.org/W2079727806,0
https://openalex.org/W2079733085,0
https://openalex.org/W2079738594,0
https://openalex.org/W2079750844,4
https://openalex.org/W2079785530,0
https://openalex.org/W2079792383,0
https://openalex.org/W2079808404,0
https://openalex.org/W2079838551,0
https://openalex.org/W2079874307,3
https://openalex.org/W2079878414,5
https://openalex.org/W2079891503,3
https://openalex.org/W2079914407,1
https://openalex.org/W2079918785,2
https://openalex.org/W2079944535,1
https://openalex.org/W2079969858,1
https://openalex.org/W2079995644,0
https://openalex.org/W2080010557,6
https://openalex.org/W2080014870,0
https://openalex.org/W2080075646,7
https://openalex.org/W2080084300,1
https://openalex.org/W2080090628,9
https://openalex.org/W2080110000,0
https://openalex.org/W2080124723,0
https://openalex.org/W2080159015,0
https://openalex.org/W2080225537,0
https://openalex.org/W2080266683,7
https://openalex.org/W2080400119,11
https://openalex.org/W2080429111,3
https://openalex.org/W2080437696,2
https://openalex.org/W2080491009,1
https://openalex.org/W2080494212,0
https://openalex.org/W2080519630,7
https://openalex.org/W2080530504,3
https://openalex.org/W2080565050,3
https://openalex.org/W2080583172,0
https://openalex.org/W2080596905,1
https://openalex.org/W2080597107,4
https://openalex.org/W2080686922,1
https://openalex.org/W2080687572,0
https://openalex.org/W2080690846,0
https://openalex.org/W2080739458,8
https://openalex.org/W2080742497,0
https://openalex.org/W2080756222,0
https://openalex.org/W2080776527,5
https://openalex.org/W2080816730,0
https://openalex.org/W2080856830,0
https://openalex.org/W2080903172,0
https://openalex.org/W2080915357,0
https://openalex.org/W2080925510,0
https://openalex.org/W2080945138,11
https://openalex.org/W2080960626,0
https://openalex.org/W2080999294,3
https://openalex.org/W2081001799,0
https://openalex.org/W2081030659,5
https://openalex.org/W2081048491,5
https://openalex.org/W2081062999,0
https://openalex.org/W2081141613,3
https://openalex.org/W2081202279,0
https://openalex.org/W2081202396,0
https://openalex.org/W2081207973,0
https://openalex.org/W2081210927,0
https://openalex.org/W2081244235,2
https://openalex.org/W2081283494,8
https://openalex.org/W2081299553,0
https://openalex.org/W2081344767,0
https://openalex.org/W2081396625,0
https://openalex.org/W2081397529,1
https://openalex.org/W2081406338,0
https://openalex.org/W2081419513,1
https://openalex.org/W2081423516,6
https://openalex.org/W2081427246,4
https://openalex.org/W2081481647,0
https://openalex.org/W2081499511,0
https://openalex.org/W2081500723,0
https://openalex.org/W2081574003,5
https://openalex.org/W2081578038,7
https://openalex.org/W2081605592,0
https://openalex.org/W2081613332,0
https://openalex.org/W2081641611,1
https://openalex.org/W2081655363,2
https://openalex.org/W2081656187,11
https://openalex.org/W2081698514,0
https://openalex.org/W2081743055,0
https://openalex.org/W2081752738,0
https://openalex.org/W2081766666,0
https://openalex.org/W2081776302,0
https://openalex.org/W2081794420,3
https://openalex.org/W2081796056,0
https://openalex.org/W2081808910,5
https://openalex.org/W2081818426,7
https://openalex.org/W2081818810,0
https://openalex.org/W2081835104,0
https://openalex.org/W2081867007,0
https://openalex.org/W2081875486,3
https://openalex.org/W2081882767,1
https://openalex.org/W2081891043,3
https://openalex.org/W2081916162,1
https://openalex.org/W2081920113,3
https://openalex.org/W2081929974,0
https://openalex.org/W2081946536,0
https://openalex.org/W2081959122,6
https://openalex.org/W2081965440,1
https://openalex.org/W2081979069,2
https://openalex.org/W2082043196,4
https://openalex.org/W2082052549,0
https://openalex.org/W2082055928,1
https://openalex.org/W2082066982,3
https://openalex.org/W2082067569,4
https://openalex.org/W2082080728,1
https://openalex.org/W2082114529,0
https://openalex.org/W2082137993,6
https://openalex.org/W2082177754,4
https://openalex.org/W2082228585,0
https://openalex.org/W2082233235,7
https://openalex.org/W2082254439,0
https://openalex.org/W2082294038,0
https://openalex.org/W2082294461,0
https://openalex.org/W2082295467,1
https://openalex.org/W2082300670,4
https://openalex.org/W2082317240,1
https://openalex.org/W2082332616,0
https://openalex.org/W2082336785,0
https://openalex.org/W2082346786,1
https://openalex.org/W2082380613,0
https://openalex.org/W2082381296,4
https://openalex.org/W2082397509,0
https://openalex.org/W2082408326,3
https://openalex.org/W2082441349,0
https://openalex.org/W2082474197,1
https://openalex.org/W2082489843,0
https://openalex.org/W2082492607,0
https://openalex.org/W2082503420,1
https://openalex.org/W2082505555,1
https://openalex.org/W2082524813,1
https://openalex.org/W2082579827,0
https://openalex.org/W2082660120,2
https://openalex.org/W2082669639,1
https://openalex.org/W2082673623,4
https://openalex.org/W2082685830,0
https://openalex.org/W2082687430,0
https://openalex.org/W2082693388,0
https://openalex.org/W2082710131,0
https://openalex.org/W2082719355,4
https://openalex.org/W2082819889,0
https://openalex.org/W2082844584,0
https://openalex.org/W2082864552,7
https://openalex.org/W2082872368,0
https://openalex.org/W2082872889,1
https://openalex.org/W2082875837,0
https://openalex.org/W2082900274,0
https://openalex.org/W2082902668,6
https://openalex.org/W2082904464,0
https://openalex.org/W2082914571,0
https://openalex.org/W2082945029,0
https://openalex.org/W2082971709,0
https://openalex.org/W2083006516,0
https://openalex.org/W2083028707,2
https://openalex.org/W2083037180,0
https://openalex.org/W2083054364,0
https://openalex.org/W2083072348,0
https://openalex.org/W2083086133,0
https://openalex.org/W2083100797,3
https://openalex.org/W2083149233,0
https://openalex.org/W2083160251,3
https://openalex.org/W2083177325,0
https://openalex.org/W2083179785,0
https://openalex.org/W2083212657,0
https://openalex.org/W2083244549,0
https://openalex.org/W2083253824,4
https://openalex.org/W2083292850,0
https://openalex.org/W2083314534,5
https://openalex.org/W2083331646,0
https://openalex.org/W2083370103,0
https://openalex.org/W2083376344,1
https://openalex.org/W2083378276,0
https://openalex.org/W2083381919,9
https://openalex.org/W2083384595,1
https://openalex.org/W2083428785,0
https://openalex.org/W2083442438,4
https://openalex.org/W2083449832,0
https://openalex.org/W2083458178,1
https://openalex.org/W2083476641,0
https://openalex.org/W2083477822,0
https://openalex.org/W2083653766,0
https://openalex.org/W2083671322,10
https://openalex.org/W2083699080,5
https://openalex.org/W2083789669,4
https://openalex.org/W2083790493,0
https://openalex.org/W2083814618,2
https://openalex.org/W2083818882,2
https://openalex.org/W2083829400,0
https://openalex.org/W2083830852,2
https://openalex.org/W2083842864,0
https://openalex.org/W2083862809,0
https://openalex.org/W2083866695,0
https://openalex.org/W2083881944,5
https://openalex.org/W2083884325,2
https://openalex.org/W2083901230,0
https://openalex.org/W2083923224,0
https://openalex.org/W2083938204,2
https://openalex.org/W2083938291,4
https://openalex.org/W2083945870,2
https://openalex.org/W2083952967,3
https://openalex.org/W2083969157,2
https://openalex.org/W2083979128,0
https://openalex.org/W2084000440,0
https://openalex.org/W2084010493,1
https://openalex.org/W2084029568,6
https://openalex.org/W2084034099,0
https://openalex.org/W2084068214,0
https://openalex.org/W2084069635,2
https://openalex.org/W2084072688,8
https://openalex.org/W2084083486,5
https://openalex.org/W2084090271,0
https://openalex.org/W2084110757,6
https://openalex.org/W2084144243,0
https://openalex.org/W2084163882,1
https://openalex.org/W2084168815,0
https://openalex.org/W2084183927,2
https://openalex.org/W2084255105,0
https://openalex.org/W2084300171,1
https://openalex.org/W2084363032,0
https://openalex.org/W2084367028,0
https://openalex.org/W2084367324,10
https://openalex.org/W2084376333,5
https://openalex.org/W2084429285,2
https://openalex.org/W2084475359,1
https://openalex.org/W2084479549,9
https://openalex.org/W2084488800,0
https://openalex.org/W2084506568,0
https://openalex.org/W2084513206,2
https://openalex.org/W2084516074,4
https://openalex.org/W2084532468,3
https://openalex.org/W2084574347,3
https://openalex.org/W2084580177,0
https://openalex.org/W2084596075,0
https://openalex.org/W2084610616,0
https://openalex.org/W2084613433,0
https://openalex.org/W2084616740,2
https://openalex.org/W2084650843,3
https://openalex.org/W2084661957,3
https://openalex.org/W2084687061,7
https://openalex.org/W2084687308,1
https://openalex.org/W2084713391,2
https://openalex.org/W2084731635,0
https://openalex.org/W2084781810,3
https://openalex.org/W2084841380,0
https://openalex.org/W2084844989,0
https://openalex.org/W2084865830,0
https://openalex.org/W2084878781,2
https://openalex.org/W2084901639,3
https://openalex.org/W2084931245,2
https://openalex.org/W2084953451,0
https://openalex.org/W2084956996,0
https://openalex.org/W2084977762,11
https://openalex.org/W2085065236,10
https://openalex.org/W2085079625,9
https://openalex.org/W2085081277,9
https://openalex.org/W2085094339,5
https://openalex.org/W2085102823,3
https://openalex.org/W2085105007,0
https://openalex.org/W2085114342,10
https://openalex.org/W2085142560,0
https://openalex.org/W2085182481,0
https://openalex.org/W2085187058,1
https://openalex.org/W2085190601,0
https://openalex.org/W2085229982,0
https://openalex.org/W2085240642,0
https://openalex.org/W2085265456,5
https://openalex.org/W2085281580,1
https://openalex.org/W2085288760,0
https://openalex.org/W2085295394,0
https://openalex.org/W2085303310,0
https://openalex.org/W2085322517,0
https://openalex.org/W2085330499,1
https://openalex.org/W2085346120,3
https://openalex.org/W2085382941,0
https://openalex.org/W2085389168,0
https://openalex.org/W2085424318,0
https://openalex.org/W2085440451,0
https://openalex.org/W2085449816,0
https://openalex.org/W2085458159,12
https://openalex.org/W2085462831,0
https://openalex.org/W2085467316,0
https://openalex.org/W2085484633,0
https://openalex.org/W2085507657,5
https://openalex.org/W2085514413,0
https://openalex.org/W2085533689,5
https://openalex.org/W2085575632,6
https://openalex.org/W2085584475,4
https://openalex.org/W2085592821,1
https://openalex.org/W2085595426,9
https://openalex.org/W2085596573,2
https://openalex.org/W2085605867,6
https://openalex.org/W2085676568,7
https://openalex.org/W2085683544,0
https://openalex.org/W2085697831,0
https://openalex.org/W2085710357,1
https://openalex.org/W2085716089,3
https://openalex.org/W2085723687,0
https://openalex.org/W2085780757,4
https://openalex.org/W2085806171,1
https://openalex.org/W2085853881,0
https://openalex.org/W2085873934,0
https://openalex.org/W2085876947,5
https://openalex.org/W2085925074,1
https://openalex.org/W2085961917,2
https://openalex.org/W2085976646,4
https://openalex.org/W2086016252,0
https://openalex.org/W2086040488,0
https://openalex.org/W2086059067,1
https://openalex.org/W2086086828,0
https://openalex.org/W2086088064,11
https://openalex.org/W2086132749,4
https://openalex.org/W2086161067,0
https://openalex.org/W2086164835,0
https://openalex.org/W2086165985,0
https://openalex.org/W2086171059,1
https://openalex.org/W2086176533,3
https://openalex.org/W2086181340,0
https://openalex.org/W2086184678,0
https://openalex.org/W2086254340,0
https://openalex.org/W2086281215,4
https://openalex.org/W2086291720,0
https://openalex.org/W2086320277,1
https://openalex.org/W2086331190,0
https://openalex.org/W2086376859,0
https://openalex.org/W2086387839,0
https://openalex.org/W2086401595,2
https://openalex.org/W2086415304,8
https://openalex.org/W2086494914,0
https://openalex.org/W2086505348,0
https://openalex.org/W2086506039,0
https://openalex.org/W2086512499,11
https://openalex.org/W2086561912,0
https://openalex.org/W2086594353,1
https://openalex.org/W2086626222,5
https://openalex.org/W2086645854,5
https://openalex.org/W2086680673,1
https://openalex.org/W2086728831,0
https://openalex.org/W2086735810,4
https://openalex.org/W2086794939,6
https://openalex.org/W2086795600,1
https://openalex.org/W2086800522,1
https://openalex.org/W2086815364,0
https://openalex.org/W2086816388,0
https://openalex.org/W2086834183,0
https://openalex.org/W2086839361,0
https://openalex.org/W2086843405,9
https://openalex.org/W2086851127,6
https://openalex.org/W2086874328,12
https://openalex.org/W2086879164,0
https://openalex.org/W2086894476,0
https://openalex.org/W2086899966,0
https://openalex.org/W2086920118,0
https://openalex.org/W2086920456,0
https://openalex.org/W2086920839,0
https://openalex.org/W2086922302,10
https://openalex.org/W2086993312,1
https://openalex.org/W2087001414,0
https://openalex.org/W2087012966,0
https://openalex.org/W2087027885,0
https://openalex.org/W2087054129,0
https://openalex.org/W2087073638,6
https://openalex.org/W2087075256,7
https://openalex.org/W2087141575,0
https://openalex.org/W2087172947,6
https://openalex.org/W2087233311,9
https://openalex.org/W2087235470,0
https://openalex.org/W2087237570,0
https://openalex.org/W2087274985,4
https://openalex.org/W2087284075,1
https://openalex.org/W2087313151,2
https://openalex.org/W2087313641,4
https://openalex.org/W2087372937,0
https://openalex.org/W2087386561,2
https://openalex.org/W2087415363,4
https://openalex.org/W2087433788,0
https://openalex.org/W2087434778,4
https://openalex.org/W2087436526,0
https://openalex.org/W2087440485,5
https://openalex.org/W2087503014,0
https://openalex.org/W2087518894,4
https://openalex.org/W2087527010,0
https://openalex.org/W2087540523,0
https://openalex.org/W2087545194,1
https://openalex.org/W2087553470,0
https://openalex.org/W2087615510,0
https://openalex.org/W2087632915,0
https://openalex.org/W2087664606,0
https://openalex.org/W2087679771,0
https://openalex.org/W2087710428,0
https://openalex.org/W2087712877,7
https://openalex.org/W2087778607,0
https://openalex.org/W2087780084,0
https://openalex.org/W2087821329,0
https://openalex.org/W2087832596,0
https://openalex.org/W2087837969,0
https://openalex.org/W2087854047,0
https://openalex.org/W2087894038,0
https://openalex.org/W2087905772,1
https://openalex.org/W2087930330,1
https://openalex.org/W2087961536,0
https://openalex.org/W2087970975,0
https://openalex.org/W2087971422,3
https://openalex.org/W2087973591,0
https://openalex.org/W2087990051,1
https://openalex.org/W2088000450,2
https://openalex.org/W2088004146,0
https://openalex.org/W2088025341,0
https://openalex.org/W2088049114,0
https://openalex.org/W2088087819,6
https://openalex.org/W2088102932,0
https://openalex.org/W2088103773,0
https://openalex.org/W2088147284,7
https://openalex.org/W2088159611,11
https://openalex.org/W2088172745,2
https://openalex.org/W2088175297,1
https://openalex.org/W2088202284,0
https://openalex.org/W2088206364,0
https://openalex.org/W2088284289,0
https://openalex.org/W2088354143,0
https://openalex.org/W2088396704,7
https://openalex.org/W2088424997,8
https://openalex.org/W2088438563,0
https://openalex.org/W2088440482,0
https://openalex.org/W2088495728,0
https://openalex.org/W2088496154,0
https://openalex.org/W2088528041,0
https://openalex.org/W2088553534,0
https://openalex.org/W2088579650,0
https://openalex.org/W2088581355,11
https://openalex.org/W2088589139,0
https://openalex.org/W2088632585,1
https://openalex.org/W2088632613,1
https://openalex.org/W2088656354,0
https://openalex.org/W2088669691,0
https://openalex.org/W2088678947,0
https://openalex.org/W2088700017,0
https://openalex.org/W2088701554,1
https://openalex.org/W2088702951,0
https://openalex.org/W2088723766,8
https://openalex.org/W2088745302,0
https://openalex.org/W2088745630,0
https://openalex.org/W2088759670,3
https://openalex.org/W2088777713,1
https://openalex.org/W2088808714,0
https://openalex.org/W2088866324,2
https://openalex.org/W2088954537,0
https://openalex.org/W2088981129,0
https://openalex.org/W2089003701,0
https://openalex.org/W2089021682,1
https://openalex.org/W2089059564,0
https://openalex.org/W2089106553,5
https://openalex.org/W2089111420,0
https://openalex.org/W2089145383,1
https://openalex.org/W2089160892,1
https://openalex.org/W2089164819,0
https://openalex.org/W2089248565,1
https://openalex.org/W2089263398,3
https://openalex.org/W2089267225,0
https://openalex.org/W2089268747,0
https://openalex.org/W2089295582,1
https://openalex.org/W2089390889,0
https://openalex.org/W2089402386,2
https://openalex.org/W2089420944,2
https://openalex.org/W2089455468,0
https://openalex.org/W2089466381,2
https://openalex.org/W2089478816,0
https://openalex.org/W2089480951,0
https://openalex.org/W2089504209,6
https://openalex.org/W2089511307,0
https://openalex.org/W2089558762,0
https://openalex.org/W2089562031,1
https://openalex.org/W2089568111,4
https://openalex.org/W2089587275,1
https://openalex.org/W2089590725,0
https://openalex.org/W2089592039,2
https://openalex.org/W2089608290,1
https://openalex.org/W2089611090,1
https://openalex.org/W2089632930,1
https://openalex.org/W2089647937,0
https://openalex.org/W2089710966,0
https://openalex.org/W2089730978,10
https://openalex.org/W2089736813,1
https://openalex.org/W2089762886,2
https://openalex.org/W2089826516,2
https://openalex.org/W2089847899,0
https://openalex.org/W2089864635,2
https://openalex.org/W2089871294,0
https://openalex.org/W2089882873,0
https://openalex.org/W2089892093,0
https://openalex.org/W2089903508,2
https://openalex.org/W2089919997,5
https://openalex.org/W2089953231,0
https://openalex.org/W2089966391,4
https://openalex.org/W2090006651,1
https://openalex.org/W2090007649,9
https://openalex.org/W2090030504,0
https://openalex.org/W2090061636,1
https://openalex.org/W2090068330,1
https://openalex.org/W2090068479,0
https://openalex.org/W2090102917,0
https://openalex.org/W2090127461,8
https://openalex.org/W2090168747,0
https://openalex.org/W2090206995,2
https://openalex.org/W2090211676,1
https://openalex.org/W2090240625,0
https://openalex.org/W2090241512,0
https://openalex.org/W2090242652,0
https://openalex.org/W2090258701,0
https://openalex.org/W2090261718,0
https://openalex.org/W2090316456,0
https://openalex.org/W2090331611,0
https://openalex.org/W2090396504,0
https://openalex.org/W2090437031,0
https://openalex.org/W2090485869,2
https://openalex.org/W2090488738,0
https://openalex.org/W2090495421,0
https://openalex.org/W2090509483,1
https://openalex.org/W2090573449,0
https://openalex.org/W2090580333,2
https://openalex.org/W2090586721,0
https://openalex.org/W2090626617,1
https://openalex.org/W2090629860,0
https://openalex.org/W2090655355,3
https://openalex.org/W2090665763,2
https://openalex.org/W2090701753,0
https://openalex.org/W2090705039,6
https://openalex.org/W2090725078,0
https://openalex.org/W2090725604,0
https://openalex.org/W2090728850,0
https://openalex.org/W2090786764,0
https://openalex.org/W2090815754,2
https://openalex.org/W2090818700,0
https://openalex.org/W2090822821,1
https://openalex.org/W2090833378,0
https://openalex.org/W2090849130,0
https://openalex.org/W2090874667,0
https://openalex.org/W2090901717,0
https://openalex.org/W2090927339,0
https://openalex.org/W2090930879,0
https://openalex.org/W2090981000,1
https://openalex.org/W2090987766,0
https://openalex.org/W2091024509,0
https://openalex.org/W2091048847,8
https://openalex.org/W2091051394,0
https://openalex.org/W2091069854,6
https://openalex.org/W2091099684,0
https://openalex.org/W2091101829,6
https://openalex.org/W2091113069,6
https://openalex.org/W2091117572,0
https://openalex.org/W2091149430,0
https://openalex.org/W2091251033,0
https://openalex.org/W2091265296,0
https://openalex.org/W2091278064,0
https://openalex.org/W2091343206,0
https://openalex.org/W2091347710,5
https://openalex.org/W2091377221,5
https://openalex.org/W2091421500,7
https://openalex.org/W2091430763,0
https://openalex.org/W2091441829,10
https://openalex.org/W2091455236,0
https://openalex.org/W2091455946,4
https://openalex.org/W2091463300,2
https://openalex.org/W2091496804,4
https://openalex.org/W2091498869,3
https://openalex.org/W2091521092,0
https://openalex.org/W2091535351,2
https://openalex.org/W2091549843,0
https://openalex.org/W2091552196,2
https://openalex.org/W2091563246,0
https://openalex.org/W2091564751,0
https://openalex.org/W2091586206,2
https://openalex.org/W2091590188,2
https://openalex.org/W2091603765,0
https://openalex.org/W2091627825,0
https://openalex.org/W2091665047,0
https://openalex.org/W2091704708,1
https://openalex.org/W2091716757,0
https://openalex.org/W2091725627,0
https://openalex.org/W2091728296,0
https://openalex.org/W2091789385,8
https://openalex.org/W2091797864,12
https://openalex.org/W2091828368,0
https://openalex.org/W2091834208,0
https://openalex.org/W2091847689,1
https://openalex.org/W2091858503,4
https://openalex.org/W2091861443,1
https://openalex.org/W2091869458,0
https://openalex.org/W2091874125,0
https://openalex.org/W2091891086,0
https://openalex.org/W2091916819,0
https://openalex.org/W2091923168,0
https://openalex.org/W2091926171,2
https://openalex.org/W2091947304,0
https://openalex.org/W2091960248,5
https://openalex.org/W2091988862,0
https://openalex.org/W2092020513,9
https://openalex.org/W2092025651,8
https://openalex.org/W2092042639,0
https://openalex.org/W2092062183,0
https://openalex.org/W2092077780,4
https://openalex.org/W2092080303,0
https://openalex.org/W2092092641,11
https://openalex.org/W2092105090,10
https://openalex.org/W2092108094,1
https://openalex.org/W2092161504,0
https://openalex.org/W2092173895,4
https://openalex.org/W2092188690,0
https://openalex.org/W2092189992,0
https://openalex.org/W2092192449,6
https://openalex.org/W2092199180,0
https://openalex.org/W2092208140,0
https://openalex.org/W2092212570,4
https://openalex.org/W2092227309,0
https://openalex.org/W2092257184,0
https://openalex.org/W2092273310,1
https://openalex.org/W2092311095,0
https://openalex.org/W2092311130,0
https://openalex.org/W2092314101,11
https://openalex.org/W2092318691,11
https://openalex.org/W2092406460,0
https://openalex.org/W2092442619,1
https://openalex.org/W2092451564,10
https://openalex.org/W2092474286,3
https://openalex.org/W2092509597,0
https://openalex.org/W2092552633,0
https://openalex.org/W2092563477,1
https://openalex.org/W2092586418,2
https://openalex.org/W2092641604,3
https://openalex.org/W2092644727,12
https://openalex.org/W2092655255,3
https://openalex.org/W2092662356,3
https://openalex.org/W2092684545,2
https://openalex.org/W2092727213,8
https://openalex.org/W2092735425,1
https://openalex.org/W2092821892,0
https://openalex.org/W2092825838,1
https://openalex.org/W2092874785,0
https://openalex.org/W2092897424,0
https://openalex.org/W2092917437,1
https://openalex.org/W2092924627,0
https://openalex.org/W2092948220,0
https://openalex.org/W2092961204,0
https://openalex.org/W2092997164,1
https://openalex.org/W2093033364,4
https://openalex.org/W2093043670,0
https://openalex.org/W2093055133,5
https://openalex.org/W2093082658,0
https://openalex.org/W2093104874,0
https://openalex.org/W2093131161,11
https://openalex.org/W2093154938,1
https://openalex.org/W2093180162,1
https://openalex.org/W2093250301,2
https://openalex.org/W2093257185,0
https://openalex.org/W2093260848,3
https://openalex.org/W2093271929,0
https://openalex.org/W2093273689,0
https://openalex.org/W2093414985,0
https://openalex.org/W2093415214,10
https://openalex.org/W2093453006,0
https://openalex.org/W2093478550,1
https://openalex.org/W2093508669,1
https://openalex.org/W2093522968,10
https://openalex.org/W2093530224,0
https://openalex.org/W2093572069,1
https://openalex.org/W2093598378,0
https://openalex.org/W2093631965,1
https://openalex.org/W2093664251,0
https://openalex.org/W2093665118,1
https://openalex.org/W2093689333,7
https://openalex.org/W2093693988,2
https://openalex.org/W2093697867,3
https://openalex.org/W2093729082,2
https://openalex.org/W2093730910,0
https://openalex.org/W2093754983,0
https://openalex.org/W2093797670,3
https://openalex.org/W2093821028,5
https://openalex.org/W2093855997,1
https://openalex.org/W2093876012,3
https://openalex.org/W2093883451,0
https://openalex.org/W2093888217,5
https://openalex.org/W2093968074,2
https://openalex.org/W2093986131,2
https://openalex.org/W2094001223,0
https://openalex.org/W2094014163,0
https://openalex.org/W2094014427,0
https://openalex.org/W2094027248,1
https://openalex.org/W2094038576,0
https://openalex.org/W2094102116,0
https://openalex.org/W2094103933,0
https://openalex.org/W2094125803,2
https://openalex.org/W2094127046,1
https://openalex.org/W2094140375,0
https://openalex.org/W2094142566,7
https://openalex.org/W2094170612,1
https://openalex.org/W2094213022,0
https://openalex.org/W2094233569,0
https://openalex.org/W2094279554,1
https://openalex.org/W2094297961,0
https://openalex.org/W2094315178,1
https://openalex.org/W2094320061,2
https://openalex.org/W2094360753,0
https://openalex.org/W2094394154,7
https://openalex.org/W2094398236,0
https://openalex.org/W2094405759,0
https://openalex.org/W2094406279,2
https://openalex.org/W2094412094,0
https://openalex.org/W2094485367,0
https://openalex.org/W2094485793,1
https://openalex.org/W2094522051,11
https://openalex.org/W2094539668,0
https://openalex.org/W2094540860,0
https://openalex.org/W2094544040,0
https://openalex.org/W2094565156,0
https://openalex.org/W2094573569,5
https://openalex.org/W2094589797,0
https://openalex.org/W2094647910,0
https://openalex.org/W2094665864,0
https://openalex.org/W2094687945,5
https://openalex.org/W2094711567,0
https://openalex.org/W2094741775,0
https://openalex.org/W2094755922,1
https://openalex.org/W2094756432,0
https://openalex.org/W2094757223,0
https://openalex.org/W2094757619,1
https://openalex.org/W2094777281,0
https://openalex.org/W2094783391,1
https://openalex.org/W2094802099,0
https://openalex.org/W2094824113,0
https://openalex.org/W2094840182,0
https://openalex.org/W2094846983,0
https://openalex.org/W2094851876,12
https://openalex.org/W2094856508,9
https://openalex.org/W2094907360,1
https://openalex.org/W2094931963,0
https://openalex.org/W2094934281,0
https://openalex.org/W2094964157,0
https://openalex.org/W2095009942,5
https://openalex.org/W2095014638,1
https://openalex.org/W2095042441,0
https://openalex.org/W2095133472,0
https://openalex.org/W2095140039,6
https://openalex.org/W2095146512,0
https://openalex.org/W2095218414,2
https://openalex.org/W2095257151,8
https://openalex.org/W2095275048,3
https://openalex.org/W2095291357,0
https://openalex.org/W2095295132,0
https://openalex.org/W2095332823,1
https://openalex.org/W2095344145,0
https://openalex.org/W2095391510,0
https://openalex.org/W2095393985,0
https://openalex.org/W2095400858,2
https://openalex.org/W2095427002,0
https://openalex.org/W2095437630,6
https://openalex.org/W2095442310,0
https://openalex.org/W2095469139,5
https://openalex.org/W2095477661,0
https://openalex.org/W2095502237,0
https://openalex.org/W2095628615,0
https://openalex.org/W2095725547,0
https://openalex.org/W2095745831,0
https://openalex.org/W2095801750,0
https://openalex.org/W2095906039,0
https://openalex.org/W2095924271,0
https://openalex.org/W2096022849,0
https://openalex.org/W2096110357,0
https://openalex.org/W2096122189,0
https://openalex.org/W2096176773,0
https://openalex.org/W2096184337,5
https://openalex.org/W2096315499,0
https://openalex.org/W2096731568,0
https://openalex.org/W2096873500,0
https://openalex.org/W2096885493,1
https://openalex.org/W2096899686,1
https://openalex.org/W2096918778,0
https://openalex.org/W2096956453,0
https://openalex.org/W2097064007,0
https://openalex.org/W2097072230,0
https://openalex.org/W2097119133,0
https://openalex.org/W2097337257,3
https://openalex.org/W2097402538,9
https://openalex.org/W2097451022,1
https://openalex.org/W2097581470,0
https://openalex.org/W2097611108,1
https://openalex.org/W2097626122,0
https://openalex.org/W2097627601,4
https://openalex.org/W2097665901,0
https://openalex.org/W2097768762,2
https://openalex.org/W2097791541,7
https://openalex.org/W2098184814,9
https://openalex.org/W2098190434,0
https://openalex.org/W2098241613,6
https://openalex.org/W2098358677,0
https://openalex.org/W2098382293,1
https://openalex.org/W2098393079,0
https://openalex.org/W2098455349,0
https://openalex.org/W2098575174,0
https://openalex.org/W2098620608,0
https://openalex.org/W2098631248,0
https://openalex.org/W2098635292,3
https://openalex.org/W2098709953,0
https://openalex.org/W2098713770,0
https://openalex.org/W2098725423,0
https://openalex.org/W2098740315,4
https://openalex.org/W2098771435,1
https://openalex.org/W2098843841,0
https://openalex.org/W2098900661,0
https://openalex.org/W2098906274,1
https://openalex.org/W2098945485,0
https://openalex.org/W2098975172,1
https://openalex.org/W2099004283,0
https://openalex.org/W2099134052,0
https://openalex.org/W2099212446,2
https://openalex.org/W2099240048,9
https://openalex.org/W2099258829,0
https://openalex.org/W2099293076,6
https://openalex.org/W2099354537,0
https://openalex.org/W2099372105,4
https://openalex.org/W2099439646,1
https://openalex.org/W2099586872,10
https://openalex.org/W2099590024,0
https://openalex.org/W2099654727,4
https://openalex.org/W2099713895,0
https://openalex.org/W2099750323,2
https://openalex.org/W2099833197,0
https://openalex.org/W2099895177,0
https://openalex.org/W2099965020,0
https://openalex.org/W2099983709,1
https://openalex.org/W2100269559,7
https://openalex.org/W2100284506,1
https://openalex.org/W2100508076,2
https://openalex.org/W2100546419,0
https://openalex.org/W2100628634,0
https://openalex.org/W2100740807,0
https://openalex.org/W2100771902,0
https://openalex.org/W2100874703,0
https://openalex.org/W2100883746,0
https://openalex.org/W2101001034,0
https://openalex.org/W2101104986,1
https://openalex.org/W2101115310,8
https://openalex.org/W2101524612,0
https://openalex.org/W2101652332,0
https://openalex.org/W2101659169,0
https://openalex.org/W2101706493,0
https://openalex.org/W2101757077,0
https://openalex.org/W2101801392,3
https://openalex.org/W2101839945,0
https://openalex.org/W2101906747,4
https://openalex.org/W2101989946,0
https://openalex.org/W2102148827,12
https://openalex.org/W2102318307,0
https://openalex.org/W2102383974,0
https://openalex.org/W2102401615,5
https://openalex.org/W2102405747,5
https://openalex.org/W2102447146,0
https://openalex.org/W2102479886,4
https://openalex.org/W2102532550,0
https://openalex.org/W2102565754,3
https://openalex.org/W2102574135,0
https://openalex.org/W2102626832,0
https://openalex.org/W2102640469,4
https://openalex.org/W2102763106,0
https://openalex.org/W2102772006,4
https://openalex.org/W2102892991,0
https://openalex.org/W2102961365,0
https://openalex.org/W2103052993,9
https://openalex.org/W2103100012,0
https://openalex.org/W2103112859,0
https://openalex.org/W2103143800,6
https://openalex.org/W2103173229,0
https://openalex.org/W2103261580,7
https://openalex.org/W2103287883,4
https://openalex.org/W2103317147,0
https://openalex.org/W2103319575,0
https://openalex.org/W2103394641,1
https://openalex.org/W2103632125,0
https://openalex.org/W2103726757,0
https://openalex.org/W2103801741,0
https://openalex.org/W2103867299,0
https://openalex.org/W2103959619,4
https://openalex.org/W2103983977,0
https://openalex.org/W2104034653,0
https://openalex.org/W2104150650,0
https://openalex.org/W2104208853,1
https://openalex.org/W2104235356,0
https://openalex.org/W2104381015,0
https://openalex.org/W2104530122,0
https://openalex.org/W2104534688,1
https://openalex.org/W2104848696,0
https://openalex.org/W2105038057,2
https://openalex.org/W2105115043,1
https://openalex.org/W2105132980,5
https://openalex.org/W2105142713,0
https://openalex.org/W2105399939,1
https://openalex.org/W2105434780,2
https://openalex.org/W2105455067,0
https://openalex.org/W2105462565,0
https://openalex.org/W2105473393,1
https://openalex.org/W2105557059,0
https://openalex.org/W2105570044,0
https://openalex.org/W2105582907,0
https://openalex.org/W2105644200,0
https://openalex.org/W2105644606,0
https://openalex.org/W2105757140,0
https://openalex.org/W2105770909,0
https://openalex.org/W2105785059,5
https://openalex.org/W2105810336,0
https://openalex.org/W2105810852,0
https://openalex.org/W2105868486,1
https://openalex.org/W2105883190,0
https://openalex.org/W2105893284,0
https://openalex.org/W2105920520,4
https://openalex.org/W2105937606,4
https://openalex.org/W2105945707,0
https://openalex.org/W2105985123,0
https://openalex.org/W2106028492,0
https://openalex.org/W2106168037,0
https://openalex.org/W2106223595,0
https://openalex.org/W2106413990,0
https://openalex.org/W2106539634,0
https://openalex.org/W2106566366,0
https://openalex.org/W2106628973,0
https://openalex.org/W2106653086,3
https://openalex.org/W2106670675,0
https://openalex.org/W2106677963,0
https://openalex.org/W2106684791,0
https://openalex.org/W2106696438,2
https://openalex.org/W2106719479,0
https://openalex.org/W2106788069,6
https://openalex.org/W2106923120,0
https://openalex.org/W2107024447,2
https://openalex.org/W2107030948,0
https://openalex.org/W2107056758,0
https://openalex.org/W2107084891,0
https://openalex.org/W2107161685,0
https://openalex.org/W2107173707,1
https://openalex.org/W2107284309,0
https://openalex.org/W2107369414,1
https://openalex.org/W2107445391,0
https://openalex.org/W2107579711,0
https://openalex.org/W2107622117,0
https://openalex.org/W2107656487,1
https://openalex.org/W2107772757,0
https://openalex.org/W2107862862,0
https://openalex.org/W2107934930,0
https://openalex.org/W2107975923,0
https://openalex.org/W2107983513,1
https://openalex.org/W2108043219,0
https://openalex.org/W2108071482,0
https://openalex.org/W2108149217,0
https://openalex.org/W2108177658,0
https://openalex.org/W2108292982,0
https://openalex.org/W2108336638,0
https://openalex.org/W2108385783,2
https://openalex.org/W2108437646,0
https://openalex.org/W2108514933,0
https://openalex.org/W2108548414,11
https://openalex.org/W2108706116,0
https://openalex.org/W2108748992,6
https://openalex.org/W2108752182,0
https://openalex.org/W2108781471,0
https://openalex.org/W2108783434,0
https://openalex.org/W2108785630,0
https://openalex.org/W2108843587,0
https://openalex.org/W2108885056,5
https://openalex.org/W2108902853,0
https://openalex.org/W2108912933,0
https://openalex.org/W2108918977,0
https://openalex.org/W2108931507,0
https://openalex.org/W2108932331,0
https://openalex.org/W2108952545,4
https://openalex.org/W2109030512,0
https://openalex.org/W2109039011,0
https://openalex.org/W2109201917,2
https://openalex.org/W2109351653,0
https://openalex.org/W2109362739,0
https://openalex.org/W2109461750,2
https://openalex.org/W2109530793,0
https://openalex.org/W2109553339,12
https://openalex.org/W2109718712,1
https://openalex.org/W2109727182,3
https://openalex.org/W2109733218,0
https://openalex.org/W2109855052,0
https://openalex.org/W2109877947,1
https://openalex.org/W2109898083,2
https://openalex.org/W2109941998,5
https://openalex.org/W2110115302,3
https://openalex.org/W2110288188,0
https://openalex.org/W2110358799,0
https://openalex.org/W2110399286,0
https://openalex.org/W2110408266,1
https://openalex.org/W2110418933,0
https://openalex.org/W2110460717,0
https://openalex.org/W2110532446,0
https://openalex.org/W2110591755,0
https://openalex.org/W2110603815,0
https://openalex.org/W2110919113,1
https://openalex.org/W2110940871,2
https://openalex.org/W2110949383,8
https://openalex.org/W2110959743,0
https://openalex.org/W2110982020,0
https://openalex.org/W2111093149,0
https://openalex.org/W2111281528,9
https://openalex.org/W2111412823,0
https://openalex.org/W2111499884,0
https://openalex.org/W2111526235,3
https://openalex.org/W2111536180,0
https://openalex.org/W2111686386,0
https://openalex.org/W2111723666,1
https://openalex.org/W2111908276,0
https://openalex.org/W2111915031,6
https://openalex.org/W2111995713,0
https://openalex.org/W2112069718,0
https://openalex.org/W2112096695,0
https://openalex.org/W2112127309,0
https://openalex.org/W2112182669,0
https://openalex.org/W2112191322,4
https://openalex.org/W2112211624,1
https://openalex.org/W2112212596,1
https://openalex.org/W2112283382,0
https://openalex.org/W2112325822,0
https://openalex.org/W2112332516,0
https://openalex.org/W2112343346,0
https://openalex.org/W2112528711,1
https://openalex.org/W2112598880,2
https://openalex.org/W2112629628,3
https://openalex.org/W2112876410,1
https://openalex.org/W2112925241,0
https://openalex.org/W2112977863,6
https://openalex.org/W2113050356,1
https://openalex.org/W2113065823,0
https://openalex.org/W2113131583,9
https://openalex.org/W2113151135,0
https://openalex.org/W2113318738,0
https://openalex.org/W2113328155,7
https://openalex.org/W2113498163,1
https://openalex.org/W2113508680,0
https://openalex.org/W2113529146,0
https://openalex.org/W2113544972,0
https://openalex.org/W2113565950,0
https://openalex.org/W2113690387,7
https://openalex.org/W2113714434,6
https://openalex.org/W2113735419,0
https://openalex.org/W2113912247,10
https://openalex.org/W2113961064,11
https://openalex.org/W2114028582,5
https://openalex.org/W2114031844,3
https://openalex.org/W2114219286,9
https://openalex.org/W2114271607,0
https://openalex.org/W2114300124,1
https://openalex.org/W2114335943,3
https://openalex.org/W2114435590,1
https://openalex.org/W2114437064,7
https://openalex.org/W2114463723,11
https://openalex.org/W2114585023,5
https://openalex.org/W2114612420,0
https://openalex.org/W2114710156,12
https://openalex.org/W2114770004,2
https://openalex.org/W2114778073,0
https://openalex.org/W2114833040,0
https://openalex.org/W2114961604,1
https://openalex.org/W2115056075,0
https://openalex.org/W2115075302,7
https://openalex.org/W2115371172,0
https://openalex.org/W2115400553,0
https://openalex.org/W2115403020,0
https://openalex.org/W2115533262,0
https://openalex.org/W2115660070,0
https://openalex.org/W2115891719,0
https://openalex.org/W2115901337,0
https://openalex.org/W2115984552,1
https://openalex.org/W2116153498,0
https://openalex.org/W2116281751,9
https://openalex.org/W2116304096,0
https://openalex.org/W2116346196,0
https://openalex.org/W2116484714,0
https://openalex.org/W2116509670,0
https://openalex.org/W2116565080,0
https://openalex.org/W2116589843,0
https://openalex.org/W2116596532,1
https://openalex.org/W2116800944,3
https://openalex.org/W2116806643,0
https://openalex.org/W2116834784,0
https://openalex.org/W2116928373,5
https://openalex.org/W2116938755,0
https://openalex.org/W2116976550,6
https://openalex.org/W2117047364,1
https://openalex.org/W2117121456,2
https://openalex.org/W2117179983,0
https://openalex.org/W2117208569,0
https://openalex.org/W2117280693,0
https://openalex.org/W2117284645,0
https://openalex.org/W2117329754,0
https://openalex.org/W2117389964,0
https://openalex.org/W2117479439,5
https://openalex.org/W2117573623,2
https://openalex.org/W2117590937,10
https://openalex.org/W2117630328,1
https://openalex.org/W2117634255,3
https://openalex.org/W2117635297,0
https://openalex.org/W2117776914,0
https://openalex.org/W2117789254,0
https://openalex.org/W2117795911,1
https://openalex.org/W2117869349,4
https://openalex.org/W2117869969,0
https://openalex.org/W2117872577,0
https://openalex.org/W2117895701,0
https://openalex.org/W2118110958,2
https://openalex.org/W2118111991,4
https://openalex.org/W2118143190,0
https://openalex.org/W2118226796,2
https://openalex.org/W2118250370,2
https://openalex.org/W2118254952,0
https://openalex.org/W2118312031,0
https://openalex.org/W2118336345,8
https://openalex.org/W2118350333,0
https://openalex.org/W2118432417,1
https://openalex.org/W2118468912,1
https://openalex.org/W2118506555,0
https://openalex.org/W2118546247,0
https://openalex.org/W2118614006,0
https://openalex.org/W2118665250,2
https://openalex.org/W2118677995,0
https://openalex.org/W2118780041,9
https://openalex.org/W2118825640,0
https://openalex.org/W2118911588,3
https://openalex.org/W2118914569,3
https://openalex.org/W2118932730,0
https://openalex.org/W2119051670,0
https://openalex.org/W2119083186,0
https://openalex.org/W2119232582,6
https://openalex.org/W2119239259,0
https://openalex.org/W2119257790,1
https://openalex.org/W2119312918,3
https://openalex.org/W2119330785,0
https://openalex.org/W2119402282,0
https://openalex.org/W2119589660,2
https://openalex.org/W2119598521,0
https://openalex.org/W2119659259,0
https://openalex.org/W2119701201,0
https://openalex.org/W2119742312,0
https://openalex.org/W2119838063,0
https://openalex.org/W2119889187,0
https://openalex.org/W2119892971,0
https://openalex.org/W2119946206,0
https://openalex.org/W2120169060,3
https://openalex.org/W2120238074,0
https://openalex.org/W2120260338,8
https://openalex.org/W2120276538,0
https://openalex.org/W2120320561,1
https://openalex.org/W2120345048,0
https://openalex.org/W2120507628,2
https://openalex.org/W2120542308,0
https://openalex.org/W2120569853,1
https://openalex.org/W2120615096,0
https://openalex.org/W2120667898,2
https://openalex.org/W2120769664,1
https://openalex.org/W2120772627,3
https://openalex.org/W2120830175,12
https://openalex.org/W2120947752,0
https://openalex.org/W2120957550,0
https://openalex.org/W2120964567,1
https://openalex.org/W2120985780,0
https://openalex.org/W2121016236,2
https://openalex.org/W2121030930,0
https://openalex.org/W2121114935,0
https://openalex.org/W2121160760,0
https://openalex.org/W2121200866,0
https://openalex.org/W2121201706,1
https://openalex.org/W2121240006,0
https://openalex.org/W2121292709,1
https://openalex.org/W2121317011,0
https://openalex.org/W2121395329,0
https://openalex.org/W2121438634,0
https://openalex.org/W2121583528,0
https://openalex.org/W2121661335,0
https://openalex.org/W2121689248,7
https://openalex.org/W2121722743,1
https://openalex.org/W2121772044,3
https://openalex.org/W2121804429,0
https://openalex.org/W2121881048,0
https://openalex.org/W2121888967,0
https://openalex.org/W2121926735,3
https://openalex.org/W2122020728,0
https://openalex.org/W2122057169,0
https://openalex.org/W2122059335,2
https://openalex.org/W2122178505,6
https://openalex.org/W2122335377,8
https://openalex.org/W2122380993,3
https://openalex.org/W2122386778,0
https://openalex.org/W2122462083,8
https://openalex.org/W2122591941,0
https://openalex.org/W2122600887,2
https://openalex.org/W2122674141,0
https://openalex.org/W2122775840,1
https://openalex.org/W2122775960,10
https://openalex.org/W2122844678,2
https://openalex.org/W2122863899,0
https://openalex.org/W2122869261,0
https://openalex.org/W2122900218,0
https://openalex.org/W2122926313,0
https://openalex.org/W2123034680,0
https://openalex.org/W2123132750,0
https://openalex.org/W2123139575,0
https://openalex.org/W2123282461,0
https://openalex.org/W2123292310,2
https://openalex.org/W2123303319,2
https://openalex.org/W2123319437,0
https://openalex.org/W2123535088,0
https://openalex.org/W2123546091,0
https://openalex.org/W2123606204,9
https://openalex.org/W2123621484,0
https://openalex.org/W2123654725,0
https://openalex.org/W2123776735,0
https://openalex.org/W2123795926,0
https://openalex.org/W2123819743,1
https://openalex.org/W2123832117,4
https://openalex.org/W2123848402,2
https://openalex.org/W2123931234,0
https://openalex.org/W2123942894,10
https://openalex.org/W2124088837,6
https://openalex.org/W2124167043,0
https://openalex.org/W2124183169,3
https://openalex.org/W2124360613,1
https://openalex.org/W2124532260,0
https://openalex.org/W2124550307,0
https://openalex.org/W2124554409,0
https://openalex.org/W2124591605,3
https://openalex.org/W2124609237,0
https://openalex.org/W2124609767,7
https://openalex.org/W2124627214,0
https://openalex.org/W2124666022,7
https://openalex.org/W2124861960,0
https://openalex.org/W2125119256,0
https://openalex.org/W2125207727,0
https://openalex.org/W2125231819,1
https://openalex.org/W2125247445,0
https://openalex.org/W2125253854,0
https://openalex.org/W2125368188,0
https://openalex.org/W2125388829,6
https://openalex.org/W2125415833,2
https://openalex.org/W2125645679,0
https://openalex.org/W2125671659,0
https://openalex.org/W2125873764,1
https://openalex.org/W2125920429,0
https://openalex.org/W2125940653,4
https://openalex.org/W2126047202,0
https://openalex.org/W2126088850,1
https://openalex.org/W2126215048,1
https://openalex.org/W2126397315,0
https://openalex.org/W2126436001,0
https://openalex.org/W2126466942,0
https://openalex.org/W2126467792,0
https://openalex.org/W2126485974,0
https://openalex.org/W2126491753,1
https://openalex.org/W2126506327,4
https://openalex.org/W2126524963,0
https://openalex.org/W2126545224,2
https://openalex.org/W2126560454,1
https://openalex.org/W2126581961,8
https://openalex.org/W2126628768,0
https://openalex.org/W2126717175,0
https://openalex.org/W2126771311,1
https://openalex.org/W2126959471,1
https://openalex.org/W2127126333,1
https://openalex.org/W2127160187,0
https://openalex.org/W2127224317,0
https://openalex.org/W2127331237,8
https://openalex.org/W2127407037,0
https://openalex.org/W2127460168,0
https://openalex.org/W2127462027,0
https://openalex.org/W2127487009,0
https://openalex.org/W2127487317,0
https://openalex.org/W2127551227,3
https://openalex.org/W2127557625,8
https://openalex.org/W2127620294,0
https://openalex.org/W2127656637,7
https://openalex.org/W2127810537,2
https://openalex.org/W2127852044,6
https://openalex.org/W2127879991,0
https://openalex.org/W2127963401,0
https://openalex.org/W2127991319,0
https://openalex.org/W2128040104,0
https://openalex.org/W2128046857,0
https://openalex.org/W2128051297,0
https://openalex.org/W2128099314,0
https://openalex.org/W2128134911,1
https://openalex.org/W2128274661,1
https://openalex.org/W2128357391,2
https://openalex.org/W2128428676,4
https://openalex.org/W2128447688,0
https://openalex.org/W2128609964,3
https://openalex.org/W2128683271,0
https://openalex.org/W2128707766,0
https://openalex.org/W2128751915,6
https://openalex.org/W2128753199,3
https://openalex.org/W2128766985,0
https://openalex.org/W2128776679,0
https://openalex.org/W2128841875,0
https://openalex.org/W2128858578,3
https://openalex.org/W2128923886,9
https://openalex.org/W2128931258,0
https://openalex.org/W2128968199,0
https://openalex.org/W2129040677,0
https://openalex.org/W2129202965,1
https://openalex.org/W2129430365,0
https://openalex.org/W2129449070,0
https://openalex.org/W2129515233,2
https://openalex.org/W2129601118,1
https://openalex.org/W2129659511,0
https://openalex.org/W2129673684,0
https://openalex.org/W2129733029,4
https://openalex.org/W2129751060,1
https://openalex.org/W2129792970,0
https://openalex.org/W2129821266,0
https://openalex.org/W2129844579,0
https://openalex.org/W2129869406,12
https://openalex.org/W2129897002,3
https://openalex.org/W2129898666,0
https://openalex.org/W2130280181,11
https://openalex.org/W2130389325,0
https://openalex.org/W2130427067,0
https://openalex.org/W2130434208,8
https://openalex.org/W2130435687,1
https://openalex.org/W2130449366,4
https://openalex.org/W2130454105,3
https://openalex.org/W2130504328,7
https://openalex.org/W2130544958,0
https://openalex.org/W2130574946,0
https://openalex.org/W2130782023,1
https://openalex.org/W2130831059,0
https://openalex.org/W2130839787,0
https://openalex.org/W2130859455,1
https://openalex.org/W2130870013,0
https://openalex.org/W2130900716,0
https://openalex.org/W2131172459,0
https://openalex.org/W2131219992,8
https://openalex.org/W2131253180,5
https://openalex.org/W2131389824,2
https://openalex.org/W2131495081,10
https://openalex.org/W2131500062,0
https://openalex.org/W2131515605,5
https://openalex.org/W2131540479,8
https://openalex.org/W2131547401,0
https://openalex.org/W2131551368,0
https://openalex.org/W2131559293,0
https://openalex.org/W2131675584,11
https://openalex.org/W2131785969,0
https://openalex.org/W2131924728,0
https://openalex.org/W2131932176,0
https://openalex.org/W2131934481,0
https://openalex.org/W2132338728,12
https://openalex.org/W2132542474,4
https://openalex.org/W2132629607,2
https://openalex.org/W2132765228,0
https://openalex.org/W2132864675,0
https://openalex.org/W2132865748,4
https://openalex.org/W2132891463,0
https://openalex.org/W2132994514,0
https://openalex.org/W2133010427,0
https://openalex.org/W2133077915,0
https://openalex.org/W2133219641,2
https://openalex.org/W2133248018,0
https://openalex.org/W2133335508,2
https://openalex.org/W2133338394,0
https://openalex.org/W2133388993,0
https://openalex.org/W2133445423,1
https://openalex.org/W2133686592,0
https://openalex.org/W2133722042,5
https://openalex.org/W2133780269,0
https://openalex.org/W2133822192,7
https://openalex.org/W2133831452,0
https://openalex.org/W2133876470,4
https://openalex.org/W2133908811,7
https://openalex.org/W2133942212,4
https://openalex.org/W2133966783,0
https://openalex.org/W2134082084,0
https://openalex.org/W2134209026,0
https://openalex.org/W2134275819,3
https://openalex.org/W2134288582,1
https://openalex.org/W2134359169,0
https://openalex.org/W2134428614,1
https://openalex.org/W2134460543,0
https://openalex.org/W2134491572,0
https://openalex.org/W2134557432,1
https://openalex.org/W2134623832,0
https://openalex.org/W2134639617,8
https://openalex.org/W2134656230,0
https://openalex.org/W2134692881,1
https://openalex.org/W2134743831,11
https://openalex.org/W2134751042,0
https://openalex.org/W2134865356,0
https://openalex.org/W2134968156,5
https://openalex.org/W2134993013,2
https://openalex.org/W2135051541,1
https://openalex.org/W2135057524,0
https://openalex.org/W2135058583,2
https://openalex.org/W2135080609,0
https://openalex.org/W2135123751,0
https://openalex.org/W2135153202,0
https://openalex.org/W2135211136,9
https://openalex.org/W2135231900,3
https://openalex.org/W2135237177,0
https://openalex.org/W2135308613,2
https://openalex.org/W2135364782,9
https://openalex.org/W2135384670,11
https://openalex.org/W2135403235,0
https://openalex.org/W2135422649,0
https://openalex.org/W2135522797,0
https://openalex.org/W2135579112,0
https://openalex.org/W2135671356,2
https://openalex.org/W2135686269,0
https://openalex.org/W2135808377,0
https://openalex.org/W2135864921,0
https://openalex.org/W2135881250,3
https://openalex.org/W2135949467,3
https://openalex.org/W2135965531,0
https://openalex.org/W2135996766,0
https://openalex.org/W2136022660,0
https://openalex.org/W2136026334,0
https://openalex.org/W2136101726,0
https://openalex.org/W2136164283,0
https://openalex.org/W2136374067,0
https://openalex.org/W2136380767,0
https://openalex.org/W2136393793,0
https://openalex.org/W2136449301,10
https://openalex.org/W2136523441,0
https://openalex.org/W2136623294,0
https://openalex.org/W2136623959,1
https://openalex.org/W2136717941,0
https://openalex.org/W2136755172,0
https://openalex.org/W2136872139,8
https://openalex.org/W2137069559,1
https://openalex.org/W2137212990,0
https://openalex.org/W2137269708,1
https://openalex.org/W2137276014,4
https://openalex.org/W2137424097,0
https://openalex.org/W2137451617,1
https://openalex.org/W2137572836,9
https://openalex.org/W2137741271,0
https://openalex.org/W2137770937,0
https://openalex.org/W2137792304,0
https://openalex.org/W2137959907,2
https://openalex.org/W2137983853,0
https://openalex.org/W2138042393,1
https://openalex.org/W2138073986,10
https://openalex.org/W2138324194,6
https://openalex.org/W2138453655,0
https://openalex.org/W2138760982,0
https://openalex.org/W2138777679,0
https://openalex.org/W2138968629,3
https://openalex.org/W2138985595,5
https://openalex.org/W2138994168,5
https://openalex.org/W2139088765,0
https://openalex.org/W2139091623,0
https://openalex.org/W2139107506,6
https://openalex.org/W2139119209,0
https://openalex.org/W2139177215,0
https://openalex.org/W2139190040,3
https://openalex.org/W2139257623,0
https://openalex.org/W2139259327,0
https://openalex.org/W2139295843,2
https://openalex.org/W2139360454,0
https://openalex.org/W2139625108,2
https://openalex.org/W2139723092,3
https://openalex.org/W2139728494,9
https://openalex.org/W2139773650,1
https://openalex.org/W2139862344,1
https://openalex.org/W2139870508,2
https://openalex.org/W2139870932,0
https://openalex.org/W2139884940,0
https://openalex.org/W2139892676,0
https://openalex.org/W2139934722,0
https://openalex.org/W2139951722,0
https://openalex.org/W2139965468,0
https://openalex.org/W2139982220,0
https://openalex.org/W2140018624,0
https://openalex.org/W2140030560,2
https://openalex.org/W2140045009,0
https://openalex.org/W2140141247,9
https://openalex.org/W2140169536,0
https://openalex.org/W2140172482,0
https://openalex.org/W2140264749,1
https://openalex.org/W2140272439,0
https://openalex.org/W2140348047,0
https://openalex.org/W2140372661,1
https://openalex.org/W2140483993,10
https://openalex.org/W2140517520,4
https://openalex.org/W2140586645,1
https://openalex.org/W2140614738,0
https://openalex.org/W2140657631,0
https://openalex.org/W2140721799,9
https://openalex.org/W2140879096,0
https://openalex.org/W2140932494,0
https://openalex.org/W2141040500,4
https://openalex.org/W2141053503,0
https://openalex.org/W2141124489,0
https://openalex.org/W2141133944,1
https://openalex.org/W2141166517,0
https://openalex.org/W2141227616,0
https://openalex.org/W2141269208,0
https://openalex.org/W2141305768,0
https://openalex.org/W2141353773,0
https://openalex.org/W2141437564,4
https://openalex.org/W2141566889,5
https://openalex.org/W2141607739,1
https://openalex.org/W2141636466,0
https://openalex.org/W2141664350,0
https://openalex.org/W2141742278,0
https://openalex.org/W2141805854,0
https://openalex.org/W2141806249,7
https://openalex.org/W2141860146,3
https://openalex.org/W2141964245,0
https://openalex.org/W2142024342,0
https://openalex.org/W2142027745,8
https://openalex.org/W2142035746,0
https://openalex.org/W2142113158,5
https://openalex.org/W2142175662,4
https://openalex.org/W2142193876,3
https://openalex.org/W2142228229,0
https://openalex.org/W2142255164,10
https://openalex.org/W2142263936,0
https://openalex.org/W2142358403,12
https://openalex.org/W2142382095,0
https://openalex.org/W2142423359,4
https://openalex.org/W2142514897,0
https://openalex.org/W2142539937,6
https://openalex.org/W2142564783,12
https://openalex.org/W2142803167,1
https://openalex.org/W2142824384,1
https://openalex.org/W2142931224,0
https://openalex.org/W2143107305,4
https://openalex.org/W2143140771,0
https://openalex.org/W2143145797,7
https://openalex.org/W2143223968,0
https://openalex.org/W2143394828,6
https://openalex.org/W2143602570,0
https://openalex.org/W2143786806,5
https://openalex.org/W2143806290,0
https://openalex.org/W2143830550,0
https://openalex.org/W2143835233,0
https://openalex.org/W2143881599,0
https://openalex.org/W2143892195,0
https://openalex.org/W2143896831,1
https://openalex.org/W2143939557,0
https://openalex.org/W2144298232,2
https://openalex.org/W2144333163,9
https://openalex.org/W2144333376,0
https://openalex.org/W2144336366,8
https://openalex.org/W2144344862,8
https://openalex.org/W2144360055,3
https://openalex.org/W2144412313,0
https://openalex.org/W2144468645,0
https://openalex.org/W2144563004,2
https://openalex.org/W2144612364,0
https://openalex.org/W2144737446,5
https://openalex.org/W2144780720,0
https://openalex.org/W2144794883,0
https://openalex.org/W2144827310,0
https://openalex.org/W2144970118,5
https://openalex.org/W2145013466,0
https://openalex.org/W2145034963,1
https://openalex.org/W2145213995,0
https://openalex.org/W2145274294,0
https://openalex.org/W2145322397,5
https://openalex.org/W2145359924,2
https://openalex.org/W2145418797,0
https://openalex.org/W2145548964,0
https://openalex.org/W2145561720,1
https://openalex.org/W2145564493,1
https://openalex.org/W2145676497,0
https://openalex.org/W2145677994,0
https://openalex.org/W2145762285,0
https://openalex.org/W2145769159,0
https://openalex.org/W2145771540,10
https://openalex.org/W2145946217,0
https://openalex.org/W2146012751,0
https://openalex.org/W2146075601,0
https://openalex.org/W2146120761,0
https://openalex.org/W2146243684,0
https://openalex.org/W2146287947,1
https://openalex.org/W2146405153,0
https://openalex.org/W2146415725,0
https://openalex.org/W2146478490,1
https://openalex.org/W2146603627,5
https://openalex.org/W2146696038,11
https://openalex.org/W2146699334,6
https://openalex.org/W2146771927,0
https://openalex.org/W2146842987,0
https://openalex.org/W2146863984,0
https://openalex.org/W2147007032,0
https://openalex.org/W2147082962,7
https://openalex.org/W2147091249,0
https://openalex.org/W2147201598,0
https://openalex.org/W2147268140,2
https://openalex.org/W2147329460,0
https://openalex.org/W2147358127,0
https://openalex.org/W2147539534,0
https://openalex.org/W2147579106,0
https://openalex.org/W2147588322,3
https://openalex.org/W2147606029,9
https://openalex.org/W2147611139,0
https://openalex.org/W2147786599,8
https://openalex.org/W2147792641,0
https://openalex.org/W2147803107,0
https://openalex.org/W2147832091,0
https://openalex.org/W2147832478,0
https://openalex.org/W2147835055,0
https://openalex.org/W2147842681,0
https://openalex.org/W2147870607,0
https://openalex.org/W2147912967,0
https://openalex.org/W2147977096,5
https://openalex.org/W2148018018,0
https://openalex.org/W2148025963,0
https://openalex.org/W2148057909,2
https://openalex.org/W2148072074,0
https://openalex.org/W2148134776,0
https://openalex.org/W2148353605,0
https://openalex.org/W2148432079,2
https://openalex.org/W2148437448,1
https://openalex.org/W2148571119,0
https://openalex.org/W2148575809,0
https://openalex.org/W2148581182,1
https://openalex.org/W2148662078,0
https://openalex.org/W2148722152,0
https://openalex.org/W2148823591,2
https://openalex.org/W2148824798,1
https://openalex.org/W2148845670,2
https://openalex.org/W2148919762,2
https://openalex.org/W2148975694,0
https://openalex.org/W2148998326,0
https://openalex.org/W2149007768,3
https://openalex.org/W2149352943,1
https://openalex.org/W2149379582,0
https://openalex.org/W2149388204,0
https://openalex.org/W2149415057,0
https://openalex.org/W2149555964,0
https://openalex.org/W2149590959,1
https://openalex.org/W2149674149,0
https://openalex.org/W2149687894,1
https://openalex.org/W2149880892,0
https://openalex.org/W2149886072,4
https://openalex.org/W2149914490,0
https://openalex.org/W2149958535,12
https://openalex.org/W2150179541,0
https://openalex.org/W2150200767,0
https://openalex.org/W2150221177,0
https://openalex.org/W2150294340,0
https://openalex.org/W2150380701,0
https://openalex.org/W2150390979,0
https://openalex.org/W2150449514,10
https://openalex.org/W2150586458,0
https://openalex.org/W2150626675,1
https://openalex.org/W2150637224,0
https://openalex.org/W2150757427,1
https://openalex.org/W2150801079,8
https://openalex.org/W2150829534,5
https://openalex.org/W2150877909,0
https://openalex.org/W2150886614,0
https://openalex.org/W2151061234,0
https://openalex.org/W2151071359,0
https://openalex.org/W2151071382,1
https://openalex.org/W2151226497,11
https://openalex.org/W2151279843,0
https://openalex.org/W2151421375,3
https://openalex.org/W2151511962,2
https://openalex.org/W2151526039,0
https://openalex.org/W2151533893,0
https://openalex.org/W2151548440,0
https://openalex.org/W2151565255,3
https://openalex.org/W2151576289,2
https://openalex.org/W2151638287,0
https://openalex.org/W2151704374,12
https://openalex.org/W2151831450,6
https://openalex.org/W2151859432,4
https://openalex.org/W2151881332,0
https://openalex.org/W2151967906,0
https://openalex.org/W2151975800,6
https://openalex.org/W2152068667,0
https://openalex.org/W2152069856,3
https://openalex.org/W2152103726,2
https://openalex.org/W2152157407,0
https://openalex.org/W2152166922,0
https://openalex.org/W2152182933,12
https://openalex.org/W2152190207,9
https://openalex.org/W2152224904,0
https://openalex.org/W2152380910,0
https://openalex.org/W2152387298,0
https://openalex.org/W2152531230,1
https://openalex.org/W2152657518,0
https://openalex.org/W2152710477,3
https://openalex.org/W2152748393,0
https://openalex.org/W2152770694,0
https://openalex.org/W2152809023,1
https://openalex.org/W2152892780,0
https://openalex.org/W2152955940,1
https://openalex.org/W2153013332,2
https://openalex.org/W2153027939,7
https://openalex.org/W2153212528,8
https://openalex.org/W2153213151,1
https://openalex.org/W2153242172,6
https://openalex.org/W2153323660,0
https://openalex.org/W2153378008,0
https://openalex.org/W2153462630,0
https://openalex.org/W2153527675,0
https://openalex.org/W2153627156,1
https://openalex.org/W2153640063,0
https://openalex.org/W2153655497,1
https://openalex.org/W2153688754,0
https://openalex.org/W2153888353,0
https://openalex.org/W2154017798,6
https://openalex.org/W2154024048,0
https://openalex.org/W2154058146,5
https://openalex.org/W2154132842,0
https://openalex.org/W2154151576,0
https://openalex.org/W2154201132,0
https://openalex.org/W2154248572,0
https://openalex.org/W2154531003,5
https://openalex.org/W2154788202,4
https://openalex.org/W2154925608,1
https://openalex.org/W2155043420,0
https://openalex.org/W2155074861,7
https://openalex.org/W2155167776,12
https://openalex.org/W2155189650,9
https://openalex.org/W2155282389,6
https://openalex.org/W2155285523,0
https://openalex.org/W2155305538,0
https://openalex.org/W2155357956,0
https://openalex.org/W2155567041,8
https://openalex.org/W2155603053,3
https://openalex.org/W2155900581,1
https://openalex.org/W2156124773,4
https://openalex.org/W2156148054,1
https://openalex.org/W2156154255,0
https://openalex.org/W2156285925,1
https://openalex.org/W2156377024,2
https://openalex.org/W2156507882,0
https://openalex.org/W2156629657,0
https://openalex.org/W2156751437,0
https://openalex.org/W2156773433,1
https://openalex.org/W2156843824,1
https://openalex.org/W2156895950,8
https://openalex.org/W2157007225,0
https://openalex.org/W2157143235,0
https://openalex.org/W2157184965,2
https://openalex.org/W2157195837,0
https://openalex.org/W2157209532,0
https://openalex.org/W2157412984,1
https://openalex.org/W2157489568,0
https://openalex.org/W2157511880,3
https://openalex.org/W2157567218,1
https://openalex.org/W2157569999,3
https://openalex.org/W2157619882,12
https://openalex.org/W2157630674,3
https://openalex.org/W2157666750,0
https://openalex.org/W2157681648,2
https://openalex.org/W2157717453,0
https://openalex.org/W2157751684,0
https://openalex.org/W2157826535,3
https://openalex.org/W2157955170,1
https://openalex.org/W2157976409,0
https://openalex.org/W2158028657,0
https://openalex.org/W2158039697,1
https://openalex.org/W2158092688,0
https://openalex.org/W2158121752,0
https://openalex.org/W2158200803,0
https://openalex.org/W2158212815,2
https://openalex.org/W2158255041,0
https://openalex.org/W2158264718,1
https://openalex.org/W2158292075,1
https://openalex.org/W2158317115,2
https://openalex.org/W2158485309,3
https://openalex.org/W2158487671,0
https://openalex.org/W2158689833,0
https://openalex.org/W2158728052,0
https://openalex.org/W2158790446,0
https://openalex.org/W2158800715,2
https://openalex.org/W2158814184,0
https://openalex.org/W2158820836,0
https://openalex.org/W2158833967,0
https://openalex.org/W2158857441,0
https://openalex.org/W2158879348,0
https://openalex.org/W2158982494,0
https://openalex.org/W2159060564,0
https://openalex.org/W2159072415,2
https://openalex.org/W2159145717,6
https://openalex.org/W2159169122,0
https://openalex.org/W2159180435,0
https://openalex.org/W2159183556,0
https://openalex.org/W2159197968,0
https://openalex.org/W2159242684,2
https://openalex.org/W2159299759,11
https://openalex.org/W2159315964,0
https://openalex.org/W2159364110,0
https://openalex.org/W2159445378,1
https://openalex.org/W2159448663,1
https://openalex.org/W2159589451,0
https://openalex.org/W2159643513,0
https://openalex.org/W2159651119,0
https://openalex.org/W2159809354,0
https://openalex.org/W2159830305,9
https://openalex.org/W2159920173,5
https://openalex.org/W2159957541,5
https://openalex.org/W2160182941,0
https://openalex.org/W2160340886,0
https://openalex.org/W2160384778,0
https://openalex.org/W2160486420,0
https://openalex.org/W2160602446,6
https://openalex.org/W2160636856,0
https://openalex.org/W2160659741,0
https://openalex.org/W2160790417,0
https://openalex.org/W2160932122,0
https://openalex.org/W2160971209,2
https://openalex.org/W2161040225,0
https://openalex.org/W2161113937,0
https://openalex.org/W2161117471,1
https://openalex.org/W2161230969,1
https://openalex.org/W2161302808,0
https://openalex.org/W2161383794,5
https://openalex.org/W2161446057,0
https://openalex.org/W2161502575,0
https://openalex.org/W2161718930,0
https://openalex.org/W2161729814,0
https://openalex.org/W2161813980,0
https://openalex.org/W2162050669,0
https://openalex.org/W2162304203,0
https://openalex.org/W2162348536,1
https://openalex.org/W2162687209,0
https://openalex.org/W2162861969,8
https://openalex.org/W2162909864,0
https://openalex.org/W2162918584,1
https://openalex.org/W2162953392,0
https://openalex.org/W2163002249,0
https://openalex.org/W2163117658,5
https://openalex.org/W2163120923,0
https://openalex.org/W2163224158,0
https://openalex.org/W2163239084,0
https://openalex.org/W2163241618,0
https://openalex.org/W2163289675,8
https://openalex.org/W2163427154,9
https://openalex.org/W2163528596,2
https://openalex.org/W2163551625,0
https://openalex.org/W2163554819,1
https://openalex.org/W2163603144,1
https://openalex.org/W2163677570,0
https://openalex.org/W2163711063,0
https://openalex.org/W2163765472,0
https://openalex.org/W2163892628,5
https://openalex.org/W2163911401,2
https://openalex.org/W2163993234,0
https://openalex.org/W2164069287,0
https://openalex.org/W2164086316,6
https://openalex.org/W2164131329,0
https://openalex.org/W2164153579,2
https://openalex.org/W2164283862,0
https://openalex.org/W2164411046,4
https://openalex.org/W2164593676,4
https://openalex.org/W2164695900,0
https://openalex.org/W2164702400,2
https://openalex.org/W2164717599,0
https://openalex.org/W2164793302,2
https://openalex.org/W2164922831,1
https://openalex.org/W2164922984,0
https://openalex.org/W2165011617,0
https://openalex.org/W2165017318,0
https://openalex.org/W2165067016,0
https://openalex.org/W2165153053,0
https://openalex.org/W2165196591,2
https://openalex.org/W2165233518,3
https://openalex.org/W2165266376,0
https://openalex.org/W2165285648,0
https://openalex.org/W2165379123,11
https://openalex.org/W2165543255,1
https://openalex.org/W2165690658,0
https://openalex.org/W2165807275,0
https://openalex.org/W2165882650,0
https://openalex.org/W2165999859,0
https://openalex.org/W2166085283,1
https://openalex.org/W2166178714,5
https://openalex.org/W2166182148,0
https://openalex.org/W2166356909,0
https://openalex.org/W2166522187,0
https://openalex.org/W2166549092,2
https://openalex.org/W2166555853,7
https://openalex.org/W2166665082,6
https://openalex.org/W2166739534,0
https://openalex.org/W2166744136,0
https://openalex.org/W2166753002,2
https://openalex.org/W2166771548,6
https://openalex.org/W2166775983,0
https://openalex.org/W2166777848,1
https://openalex.org/W2166907140,0
https://openalex.org/W2166957117,0
https://openalex.org/W2166959127,0
https://openalex.org/W2166970692,11
https://openalex.org/W2167015134,3
https://openalex.org/W2167110238,0
https://openalex.org/W2167118396,1
https://openalex.org/W2167238583,0
https://openalex.org/W2167252407,0
https://openalex.org/W2167377787,6
https://openalex.org/W2167389814,0
https://openalex.org/W2167405038,5
https://openalex.org/W2167504929,11
https://openalex.org/W2167516940,6
https://openalex.org/W2167519083,0
https://openalex.org/W2167548534,0
https://openalex.org/W2167565972,0
https://openalex.org/W2167652141,0
https://openalex.org/W2167764858,2
https://openalex.org/W2167785890,11
https://openalex.org/W2167801340,0
https://openalex.org/W2167847619,0
https://openalex.org/W2167848270,8
https://openalex.org/W2167878435,0
https://openalex.org/W2168037145,2
https://openalex.org/W2168078448,6
https://openalex.org/W2168151935,0
https://openalex.org/W2168268465,0
https://openalex.org/W2168389639,1
https://openalex.org/W2168480197,0
https://openalex.org/W2168483051,0
https://openalex.org/W2168908463,0
https://openalex.org/W2168948573,9
https://openalex.org/W2169020904,0
https://openalex.org/W2169071647,5
https://openalex.org/W2169173700,0
https://openalex.org/W2169328497,1
https://openalex.org/W2169424777,8
https://openalex.org/W2169426731,0
https://openalex.org/W2169495846,1
https://openalex.org/W2169572539,0
https://openalex.org/W2169620496,0
https://openalex.org/W2169685907,0
https://openalex.org/W2169873967,2
https://openalex.org/W2169966124,1
https://openalex.org/W2170036265,0
https://openalex.org/W2170097915,0
https://openalex.org/W2170121125,0
https://openalex.org/W2170353374,3
https://openalex.org/W2170421322,2
https://openalex.org/W2170458096,2
https://openalex.org/W2170508170,0
https://openalex.org/W2170526130,0
https://openalex.org/W2170528281,4
https://openalex.org/W2170606666,0
https://openalex.org/W2170921450,0
https://openalex.org/W2170945475,0
https://openalex.org/W2170952922,0
https://openalex.org/W2171022098,0
https://openalex.org/W2171033895,0
https://openalex.org/W2171171869,1
https://openalex.org/W2171202114,0
https://openalex.org/W2171523458,0
https://openalex.org/W2171708463,0
https://openalex.org/W2171741284,0
https://openalex.org/W2171835185,0
https://openalex.org/W2171909943,0
https://openalex.org/W2171924748,5
https://openalex.org/W2171991658,4
https://openalex.org/W2172264345,1
https://openalex.org/W2172512638,0
https://openalex.org/W2172578489,5
https://openalex.org/W2172794644,0
https://openalex.org/W2172860265,0
https://openalex.org/W2172959919,0
https://openalex.org/W2173085725,2
https://openalex.org/W2173117565,0
https://openalex.org/W2173145972,0
https://openalex.org/W2173181090,7
https://openalex.org/W2173185880,2
https://openalex.org/W2173220554,0
https://openalex.org/W2173225863,0
https://openalex.org/W2173448096,1
https://openalex.org/W2173465901,5
https://openalex.org/W2173497791,0
https://openalex.org/W2173513623,0
https://openalex.org/W2173533063,0
https://openalex.org/W2173597639,0
https://openalex.org/W2173681621,6
https://openalex.org/W2173707883,1
https://openalex.org/W2173781549,0
https://openalex.org/W2173795037,0
https://openalex.org/W2173914872,5
https://openalex.org/W2174038709,12
https://openalex.org/W2174272881,2
https://openalex.org/W2174352312,0
https://openalex.org/W2174378289,0
https://openalex.org/W2174406649,0
https://openalex.org/W2174544287,5
https://openalex.org/W2174561309,0
https://openalex.org/W2174895582,0
https://openalex.org/W2174968828,0
https://openalex.org/W2175279101,1
https://openalex.org/W2175457203,0
https://openalex.org/W2175457653,0
https://openalex.org/W2175526549,0
https://openalex.org/W2175530425,0
https://openalex.org/W2175611549,0
https://openalex.org/W2175703234,0
https://openalex.org/W2175720549,0
https://openalex.org/W2175764950,2
https://openalex.org/W2175808881,0
https://openalex.org/W2175912931,0
https://openalex.org/W2175917342,5
https://openalex.org/W2175920834,0
https://openalex.org/W2176032331,0
https://openalex.org/W2176086575,0
https://openalex.org/W2176097581,0
https://openalex.org/W2176106583,2
https://openalex.org/W2176192327,0
https://openalex.org/W2176194372,0
https://openalex.org/W2176204675,0
https://openalex.org/W2176207848,0
https://openalex.org/W2176232769,0
https://openalex.org/W2176280588,0
https://openalex.org/W2176348113,0
https://openalex.org/W2176358190,0
https://openalex.org/W2176516200,2
https://openalex.org/W2176668746,1
https://openalex.org/W2176780825,4
https://openalex.org/W2176806309,10
https://openalex.org/W2176871652,0
https://openalex.org/W2176895727,0
https://openalex.org/W2176921573,3
https://openalex.org/W2176987175,0
https://openalex.org/W2177112466,0
https://openalex.org/W2177206102,5
https://openalex.org/W2177215675,0
https://openalex.org/W2177366029,0
https://openalex.org/W2177469385,1
https://openalex.org/W2177622286,1
https://openalex.org/W2177672581,8
https://openalex.org/W2177833771,0
https://openalex.org/W2177887722,2
https://openalex.org/W2177906427,0
https://openalex.org/W2177991985,0
https://openalex.org/W2178164719,0
https://openalex.org/W2178219792,1
https://openalex.org/W2178313176,0
https://openalex.org/W2178331650,6
https://openalex.org/W2178343428,0
https://openalex.org/W2178506587,0
https://openalex.org/W2178802471,11
https://openalex.org/W2178910251,0
https://openalex.org/W2179115244,10
https://openalex.org/W2179208644,10
https://openalex.org/W2179478210,12
https://openalex.org/W2179527168,0
https://openalex.org/W2179656978,1
https://openalex.org/W2179755046,0
https://openalex.org/W2179760118,0
https://openalex.org/W2179868085,0
https://openalex.org/W2180025750,2
https://openalex.org/W2180175436,0
https://openalex.org/W2180277928,0
https://openalex.org/W2180354010,0
https://openalex.org/W2180394513,1
https://openalex.org/W2180473922,0
https://openalex.org/W2180552021,0
https://openalex.org/W2180695011,3
https://openalex.org/W2180757325,1
https://openalex.org/W2181379631,0
https://openalex.org/W2182860629,0
https://openalex.org/W2185999252,9
https://openalex.org/W2187175874,0
https://openalex.org/W2192640200,3
https://openalex.org/W2196814623,4
https://openalex.org/W2198765578,0
https://openalex.org/W2219428855,0
https://openalex.org/W2220233044,0
https://openalex.org/W2255563666,8
https://openalex.org/W2277862789,0
https://openalex.org/W2278269235,0
https://openalex.org/W2281873575,0
https://openalex.org/W2287793741,7
https://openalex.org/W2292970179,1
https://openalex.org/W2304927626,2
https://openalex.org/W2307120944,0
https://openalex.org/W2312789070,0
https://openalex.org/W2313188018,0
https://openalex.org/W2313340437,0
https://openalex.org/W2313805020,3
https://openalex.org/W2314446000,12
https://openalex.org/W2315347066,1
https://openalex.org/W2315634145,0
https://openalex.org/W2316825670,0
https://openalex.org/W2316901619,0
https://openalex.org/W2317340032,4
https://openalex.org/W2317553561,0
https://openalex.org/W2319459040,0
https://openalex.org/W2319657445,0
https://openalex.org/W2320837152,0
https://openalex.org/W2320865871,0
https://openalex.org/W2321884832,0
https://openalex.org/W2323222286,0
https://openalex.org/W2323249550,2
https://openalex.org/W2323574987,6
https://openalex.org/W2323734942,0
https://openalex.org/W2324082433,8
https://openalex.org/W2324159360,0
https://openalex.org/W2325409427,9
https://openalex.org/W2325679333,0
https://openalex.org/W2326013340,1
https://openalex.org/W2326389886,1
https://openalex.org/W2326700257,0
https://openalex.org/W2327004876,9
https://openalex.org/W2327389940,0
https://openalex.org/W2328102827,9
https://openalex.org/W2328580215,1
https://openalex.org/W2329749364,0
https://openalex.org/W2330077604,1
https://openalex.org/W2330157814,0
https://openalex.org/W2331436630,3
https://openalex.org/W2331761937,4
https://openalex.org/W2332390194,1
https://openalex.org/W2332829476,0
https://openalex.org/W2332954111,10
https://openalex.org/W2333536277,0
https://openalex.org/W2333827121,0
https://openalex.org/W2334010425,0
https://openalex.org/W2334145876,0
https://openalex.org/W2334396993,0
https://openalex.org/W2334864192,2
https://openalex.org/W2334884624,0
https://openalex.org/W2335336384,2
https://openalex.org/W2335349054,1
https://openalex.org/W2335477692,0
https://openalex.org/W2335729877,1
https://openalex.org/W2335765980,2
https://openalex.org/W2337983278,0
https://openalex.org/W2340668334,7
https://openalex.org/W2365280034,9
https://openalex.org/W2385381221,1
https://openalex.org/W2400280213,0
https://openalex.org/W2410138748,5
https://openalex.org/W2411113163,0
https://openalex.org/W24113998,1
https://openalex.org/W2412600490,9
https://openalex.org/W2425449290,0
https://openalex.org/W2463396423,2
https://openalex.org/W2464729881,3
https://openalex.org/W2465235918,0
https://openalex.org/W2466319145,0
https://openalex.org/W2471424083,12
https://openalex.org/W2480500445,0
https://openalex.org/W2483491846,6
https://openalex.org/W248487765,0
https://openalex.org/W2495901116,0
https://openalex.org/W2499254314,3
https://openalex.org/W2508925104,1
https://openalex.org/W2510160077,0
https://openalex.org/W2512683308,0
https://openalex.org/W2512860708,0
https://openalex.org/W2513536823,3
https://openalex.org/W2514396134,0
https://openalex.org/W2516815911,12
https://openalex.org/W2518843532,0
https://openalex.org/W2519409752,0
https://openalex.org/W2520233402,0
https://openalex.org/W2521155043,0
https://openalex.org/W2521174607,1
https://openalex.org/W2521719302,0
https://openalex.org/W2521719521,0
https://openalex.org/W2522197375,0
https://openalex.org/W2524243461,12
https://openalex.org/W2524569874,0
https://openalex.org/W2528278719,2
https://openalex.org/W2529417893,6
https://openalex.org/W2563076815,6
https://openalex.org/W2574063315,0
https://openalex.org/W2589106271,10
https://openalex.org/W2616700285,2
https://openalex.org/W2623356816,0
https://openalex.org/W2745350874,0
https://openalex.org/W2750461573,4
https://openalex.org/W276365152,0
https://openalex.org/W2791816772,0
https://openalex.org/W2793124680,0
https://openalex.org/W2793703604,3
https://openalex.org/W2879144640,0
https://openalex.org/W2880638777,6
https://openalex.org/W2899756794,0
https://openalex.org/W2899831303,1
https://openalex.org/W2903756332,0
https://openalex.org/W2949090331,0
https://openalex.org/W2949096268,4
https://openalex.org/W2949117309,0
https://openalex.org/W2949128160,0
https://openalex.org/W2949134197,0
https://openalex.org/W2949167854,0
https://openalex.org/W2949204517,0
https://openalex.org/W2949216995,0
https://openalex.org/W2949218232,1
https://openalex.org/W2949224067,0
https://openalex.org/W2949237080,0
https://openalex.org/W2949244634,0
https://openalex.org/W2949264494,0
https://openalex.org/W2949268485,0
https://openalex.org/W2949282638,0
https://openalex.org/W2949314707,0
https://openalex.org/W2949327825,0
https://openalex.org/W2949335276,0
https://openalex.org/W2949346655,0
https://openalex.org/W2949350456,0
https://openalex.org/W2949363772,0
https://openalex.org/W2949369152,0
https://openalex.org/W2949380205,0
https://openalex.org/W2949384114,0
https://openalex.org/W2949392691,0
https://openalex.org/W2949415878,3
https://openalex.org/W2949427693,8
https://openalex.org/W2949455295,0
https://openalex.org/W2949455527,1
https://openalex.org/W2949461653,3
https://openalex.org/W2949471331,1
https://openalex.org/W2949476803,0
https://openalex.org/W2949481602,0
https://openalex.org/W2949516953,0
https://openalex.org/W2949521509,12
https://openalex.org/W2949521612,0
https://openalex.org/W2949524077,0
https://openalex.org/W2949530189,0
https://openalex.org/W2949535734,0
https://openalex.org/W2949540665,0
https://openalex.org/W2949545559,0
https://openalex.org/W2949577713,0
https://openalex.org/W2949628045,0
https://openalex.org/W2949634844,0
https://openalex.org/W2949637854,0
https://openalex.org/W2949639913,0
https://openalex.org/W2949644777,0
https://openalex.org/W2949659952,0
https://openalex.org/W2949673281,0
https://openalex.org/W2949681994,1
https://openalex.org/W2949687127,0
https://openalex.org/W2949690020,0
https://openalex.org/W2949695266,3
https://openalex.org/W2949705422,0
https://openalex.org/W2949711177,0
https://openalex.org/W2949732697,0
https://openalex.org/W2949759896,0
https://openalex.org/W2949784095,0
https://openalex.org/W2949785438,1
https://openalex.org/W2949802123,0
https://openalex.org/W2949818810,3
https://openalex.org/W2949842468,0
https://openalex.org/W2949851405,1
https://openalex.org/W2949877202,3
https://openalex.org/W2949882107,0
https://openalex.org/W2949882454,0
https://openalex.org/W2949887271,0
https://openalex.org/W2949895283,0
https://openalex.org/W2949912637,1
https://openalex.org/W2949931478,0
https://openalex.org/W2949932910,0
https://openalex.org/W2949939332,0
https://openalex.org/W2949954604,0
https://openalex.org/W2949964950,0
https://openalex.org/W2949969565,0
https://openalex.org/W2949979916,0
https://openalex.org/W2949981540,1
https://openalex.org/W2949994858,0
https://openalex.org/W2949999397,0
https://openalex.org/W2949999730,0
https://openalex.org/W2950024566,0
https://openalex.org/W2950037128,11
https://openalex.org/W2950048913,0
https://openalex.org/W2950063934,0
https://openalex.org/W2950064465,0
https://openalex.org/W2950065880,6
https://openalex.org/W2950077980,0
https://openalex.org/W2950089945,0
https://openalex.org/W2950099867,2
https://openalex.org/W2950106195,2
https://openalex.org/W2950123730,0
https://openalex.org/W2950144504,5
https://openalex.org/W2950147650,0
https://openalex.org/W2950152488,5
https://openalex.org/W2950173863,0
https://openalex.org/W2950186049,2
https://openalex.org/W2950223872,1
https://openalex.org/W2950226005,0
https://openalex.org/W2950234384,6
https://openalex.org/W2950245666,2
https://openalex.org/W2950254443,0
https://openalex.org/W2950255883,0
https://openalex.org/W2950269733,0
https://openalex.org/W2950284419,1
https://openalex.org/W2950297835,0
https://openalex.org/W2950307935,6
https://openalex.org/W2950317514,0
https://openalex.org/W2950317996,0
https://openalex.org/W2950349969,6
https://openalex.org/W2950350778,0
https://openalex.org/W2950351324,0
https://openalex.org/W2950351462,0
https://openalex.org/W2950375325,0
https://openalex.org/W2950378722,5
https://openalex.org/W2950383380,0
https://openalex.org/W2950393385,0
https://openalex.org/W2950396341,0
https://openalex.org/W2950397606,7
https://openalex.org/W2950399984,0
https://openalex.org/W2950401198,1
https://openalex.org/W2950423642,0
https://openalex.org/W2950425558,0
https://openalex.org/W2950440080,0
https://openalex.org/W2950449957,0
https://openalex.org/W2950449973,0
https://openalex.org/W2950454064,12
https://openalex.org/W2950464543,0
https://openalex.org/W2950470326,0
https://openalex.org/W2950475466,0
https://openalex.org/W2950479394,0
https://openalex.org/W2950484824,4
https://openalex.org/W2950486483,0
https://openalex.org/W2950502034,1
https://openalex.org/W2950557930,0
https://openalex.org/W2950566272,6
https://openalex.org/W2950570307,0
https://openalex.org/W2950580069,0
https://openalex.org/W2950585415,0
https://openalex.org/W2950586228,0
https://openalex.org/W2950599872,0
https://openalex.org/W2950600410,0
https://openalex.org/W2950606392,0
https://openalex.org/W2950615162,0
https://openalex.org/W2950625325,0
https://openalex.org/W2950629269,0
https://openalex.org/W2950642997,0
https://openalex.org/W2950659460,0
https://openalex.org/W2950666439,0
https://openalex.org/W2950667334,0
https://openalex.org/W2950670747,0
https://openalex.org/W2950689709,2
https://openalex.org/W2950694919,0
https://openalex.org/W2950705209,6
https://openalex.org/W2950719551,0
https://openalex.org/W2950722644,1
https://openalex.org/W2950724316,0
https://openalex.org/W2950728141,0
https://openalex.org/W2950756835,0
https://openalex.org/W2950760389,0
https://openalex.org/W2950764471,0
https://openalex.org/W2950767398,0
https://openalex.org/W2950774461,2
https://openalex.org/W2950779746,0
https://openalex.org/W2950848100,0
https://openalex.org/W2950851377,0
https://openalex.org/W2950871234,0
https://openalex.org/W2950903108,7
https://openalex.org/W2950906386,3
https://openalex.org/W2950915051,0
https://openalex.org/W2950951715,3
https://openalex.org/W2950959970,7
https://openalex.org/W2950973568,0
https://openalex.org/W2950991570,1
https://openalex.org/W2950995438,2
https://openalex.org/W2951008957,0
https://openalex.org/W2951020715,0
https://openalex.org/W2951023532,0
https://openalex.org/W2951023672,0
https://openalex.org/W2951024569,0
https://openalex.org/W2951035198,0
https://openalex.org/W2951042007,0
https://openalex.org/W2951060237,0
https://openalex.org/W2951067159,2
https://openalex.org/W2951072705,4
https://openalex.org/W2951076837,0
https://openalex.org/W2951080980,0
https://openalex.org/W2951107153,0
https://openalex.org/W2951111695,0
https://openalex.org/W2951119099,0
https://openalex.org/W2951145992,8
https://openalex.org/W2951152598,0
https://openalex.org/W2951188140,0
https://openalex.org/W2951193489,4
https://openalex.org/W2951199726,7
https://openalex.org/W2951205062,0
https://openalex.org/W2951219686,0
https://openalex.org/W2951234299,0
https://openalex.org/W2951243259,0
https://openalex.org/W2951252743,0
https://openalex.org/W2951274100,0
https://openalex.org/W2951278020,2
https://openalex.org/W2951284453,3
https://openalex.org/W2951286861,7
https://openalex.org/W2951287391,0
https://openalex.org/W2951297885,0
https://openalex.org/W2951308250,0
https://openalex.org/W2951311504,12
https://openalex.org/W2951330238,0
https://openalex.org/W2951335343,0
https://openalex.org/W2951348264,1
https://openalex.org/W2951362281,1
https://openalex.org/W2951387007,0
https://openalex.org/W2951392365,0
https://openalex.org/W2951411628,0
https://openalex.org/W2951419244,0
https://openalex.org/W2951430167,1
https://openalex.org/W2951435901,0
https://openalex.org/W2951450152,0
https://openalex.org/W2951479121,0
https://openalex.org/W2951480173,0
https://openalex.org/W2951480279,0
https://openalex.org/W2951496151,0
https://openalex.org/W2951504334,0
https://openalex.org/W2951505266,0
https://openalex.org/W2951506289,0
https://openalex.org/W2951513362,0
https://openalex.org/W2951519204,7
https://openalex.org/W2951531672,1
https://openalex.org/W2951535263,0
https://openalex.org/W2951560554,0
https://openalex.org/W2951579002,10
https://openalex.org/W2951592210,0
https://openalex.org/W2951593537,0
https://openalex.org/W2951630219,0
https://openalex.org/W2951641603,9
https://openalex.org/W2951644288,0
https://openalex.org/W2951651161,0
https://openalex.org/W2951659335,11
https://openalex.org/W2951665232,0
https://openalex.org/W2951669096,2
https://openalex.org/W2951672034,0
https://openalex.org/W2951678521,0
https://openalex.org/W2951679505,0
https://openalex.org/W2951683431,1
https://openalex.org/W2951691542,1
https://openalex.org/W2951693397,1
https://openalex.org/W2951700617,0
https://openalex.org/W2951704671,5
https://openalex.org/W2951706847,0
https://openalex.org/W2951708486,3
https://openalex.org/W2951744582,0
https://openalex.org/W2951761209,0
https://openalex.org/W2951763970,2
https://openalex.org/W2951766446,0
https://openalex.org/W2951770928,0
https://openalex.org/W2951777221,1
https://openalex.org/W2951781522,0
https://openalex.org/W2951783958,0
https://openalex.org/W2951790290,0
https://openalex.org/W2951806855,3
https://openalex.org/W2951817590,0
https://openalex.org/W2951823446,2
https://openalex.org/W2951839716,2
https://openalex.org/W2951848203,2
https://openalex.org/W2951887401,0
https://openalex.org/W2951889998,0
https://openalex.org/W2951893341,0
https://openalex.org/W2951897970,0
https://openalex.org/W2951899758,0
https://openalex.org/W2951900137,0
https://openalex.org/W2951904482,0
https://openalex.org/W2951909554,0
https://openalex.org/W2951929843,4
https://openalex.org/W2951934208,0
https://openalex.org/W2951937867,6
https://openalex.org/W2951942070,0
https://openalex.org/W2951974833,0
https://openalex.org/W2951976775,0
https://openalex.org/W2951987245,0
https://openalex.org/W2952002071,0
https://openalex.org/W2952005756,1
https://openalex.org/W2952010134,0
https://openalex.org/W2952016602,0
https://openalex.org/W2952026161,0
https://openalex.org/W2952031539,0
https://openalex.org/W2952034230,0
https://openalex.org/W2952036025,0
https://openalex.org/W2952043721,7
https://openalex.org/W2952047425,0
https://openalex.org/W2952048412,4
https://openalex.org/W2952063821,0
https://openalex.org/W2952071485,0
https://openalex.org/W2952077985,0
https://openalex.org/W2952078105,12
https://openalex.org/W2952078586,0
https://openalex.org/W2952080692,1
https://openalex.org/W2952103387,0
https://openalex.org/W2952114963,0
https://openalex.org/W2952143222,0
https://openalex.org/W2952155619,0
https://openalex.org/W2952157001,0
https://openalex.org/W2952158353,5
https://openalex.org/W2952165507,0
https://openalex.org/W2952169882,0
https://openalex.org/W2952175024,0
https://openalex.org/W2952179358,1
https://openalex.org/W2952182193,5
https://openalex.org/W2952212055,0
https://openalex.org/W2952214526,0
https://openalex.org/W2952224685,4
https://openalex.org/W2952240894,4
https://openalex.org/W2952246018,5
https://openalex.org/W2952247769,0
https://openalex.org/W2952275670,0
https://openalex.org/W2952278003,0
https://openalex.org/W2952315774,0
https://openalex.org/W2952317136,0
https://openalex.org/W2952319636,0
https://openalex.org/W2952328427,0
https://openalex.org/W2952337282,0
https://openalex.org/W2952337304,0
https://openalex.org/W2952348525,0
https://openalex.org/W2952360975,0
https://openalex.org/W2952375599,0
https://openalex.org/W2952407970,0
https://openalex.org/W2952412693,0
https://openalex.org/W2952422445,0
https://openalex.org/W2952423496,1
https://openalex.org/W2952425770,1
https://openalex.org/W2952443548,2
https://openalex.org/W2952447927,0
https://openalex.org/W2952451597,0
https://openalex.org/W2952453916,0
https://openalex.org/W2952454937,0
https://openalex.org/W2952463210,0
https://openalex.org/W2952470121,0
https://openalex.org/W2952474527,0
https://openalex.org/W2952487759,0
https://openalex.org/W2952492703,0
https://openalex.org/W2952493967,0
https://openalex.org/W2952496462,1
https://openalex.org/W2952508858,0
https://openalex.org/W2952563217,0
https://openalex.org/W2952586356,6
https://openalex.org/W2952616770,0
https://openalex.org/W2952623873,0
https://openalex.org/W2952630117,0
https://openalex.org/W2952632951,0
https://openalex.org/W2952633758,0
https://openalex.org/W2952644279,0
https://openalex.org/W2952649884,0
https://openalex.org/W2952672737,1
https://openalex.org/W2952683509,0
https://openalex.org/W2952690151,0
https://openalex.org/W2952695128,0
https://openalex.org/W2952701587,1
https://openalex.org/W2952704656,0
https://openalex.org/W2952707610,0
https://openalex.org/W2952707764,0
https://openalex.org/W2952708642,0
https://openalex.org/W2952710101,0
https://openalex.org/W2952721107,0
https://openalex.org/W2952731599,4
https://openalex.org/W2952752939,0
https://openalex.org/W2952755830,0
https://openalex.org/W2952764963,0
https://openalex.org/W2952775595,2
https://openalex.org/W2952789574,4
https://openalex.org/W2952811889,0
https://openalex.org/W2952835735,0
https://openalex.org/W2952849523,0
https://openalex.org/W2952865683,0
https://openalex.org/W2952868870,0
https://openalex.org/W2952870154,0
https://openalex.org/W2952875328,4
https://openalex.org/W2952881025,0
https://openalex.org/W2952898314,1
https://openalex.org/W2952899578,1
https://openalex.org/W2952907033,0
https://openalex.org/W2952917526,0
https://openalex.org/W2952917698,1
https://openalex.org/W2952917738,0
https://openalex.org/W2952928753,0
https://openalex.org/W2952933878,2
https://openalex.org/W2952943385,0
https://openalex.org/W2952949980,4
https://openalex.org/W2952956078,0
https://openalex.org/W2952960574,0
https://openalex.org/W2952963399,0
https://openalex.org/W2952970880,0
https://openalex.org/W2952972801,4
https://openalex.org/W2952988599,0
https://openalex.org/W2952989566,0
https://openalex.org/W2952996511,3
https://openalex.org/W2953001485,0
https://openalex.org/W2953006805,0
https://openalex.org/W2953010304,2
https://openalex.org/W2953030988,0
https://openalex.org/W2953051210,3
https://openalex.org/W2953057820,0
https://openalex.org/W2953061815,2
https://openalex.org/W2953068815,0
https://openalex.org/W2953070028,0
https://openalex.org/W2953074669,5
https://openalex.org/W2953075970,0
https://openalex.org/W2953102849,2
https://openalex.org/W2953107231,1
https://openalex.org/W2953110955,1
https://openalex.org/W2953120317,2
https://openalex.org/W2953124865,0
https://openalex.org/W2953197527,0
https://openalex.org/W2953199585,0
https://openalex.org/W2953201089,0
https://openalex.org/W2953208539,0
https://openalex.org/W2953229512,1
https://openalex.org/W2953281501,0
https://openalex.org/W2953285861,2
https://openalex.org/W2953314674,0
https://openalex.org/W2953357313,5
https://openalex.org/W2953362237,0
https://openalex.org/W2953365226,0
https://openalex.org/W2997961472,1
https://openalex.org/W3022318010,0
https://openalex.org/W3022454783,0
https://openalex.org/W3023328813,0
https://openalex.org/W3099357596,0
https://openalex.org/W3102068973,0
https://openalex.org/W3128835660,4
https://openalex.org/W3167234635,0
https://openalex.org/W3200426635,3
https://openalex.org/W324082061,0
https://openalex.org/W348301749,0
https://openalex.org/W4229582067,0
https://openalex.org/W4231330570,0
https://openalex.org/W4231568796,5
https://openalex.org/W4231939061,2
https://openalex.org/W4232360433,1
https://openalex.org/W4232664667,0
https://openalex.org/W4233987529,0
https://openalex.org/W4234243625,0
https://openalex.org/W4234792920,1
https://openalex.org/W4235374700,4
https://openalex.org/W4236420671,1
https://openalex.org/W4236761794,0
https://openalex.org/W4237016392,2
https://openalex.org/W4237036851,2
https://openalex.org/W4237191732,0
https://openalex.org/W4237957815,1
https://openalex.org/W4238313320,0
https://openalex.org/W4238522844,0
https://openalex.org/W4239524121,0
https://openalex.org/W4239534840,2
https://openalex.org/W4239547471,1
https://openalex.org/W4240588520,8
https://openalex.org/W4241034124,0
https://openalex.org/W4241211280,0
https://openalex.org/W4241306900,4
https://openalex.org/W4241323287,2
https://openalex.org/W4241581967,6
https://openalex.org/W4241953328,0
https://openalex.org/W4242335449,0
https://openalex.org/W4246351486,0
https://openalex.org/W4247130546,0
https://openalex.org/W4247368324,0
https://openalex.org/W4247595965,0
https://openalex.org/W4247904158,0
https://openalex.org/W4248284241,7
https://openalex.org/W4248368242,1
https://openalex.org/W4249294056,0
https://openalex.org/W4249688306,2
https://openalex.org/W4250565815,8
https://openalex.org/W4251224939,2
https://openalex.org/W4251379299,0
https://openalex.org/W4251688376,0
https://openalex.org/W4252425781,0
https://openalex.org/W4252648658,0
https://openalex.org/W4253051313,0
https://openalex.org/W4253332891,0
https://openalex.org/W4253458612,0
https://openalex.org/W4253480921,0
https://openalex.org/W4253557428,0
https://openalex.org/W4253795430,0
https://openalex.org/W4254339653,0
https://openalex.org/W4254600914,0
https://openalex.org/W4254639971,5
https://openalex.org/W4255858508,5
https://openalex.org/W4256376975,0
https://openalex.org/W4256550962,0
https://openalex.org/W4297632354,7
https://openalex.org/W4297816610,0
https://openalex.org/W4298071769,0
https://openalex.org/W4298083408,0
https://openalex.org/W4300592016,0
https://openalex.org/W4300604168,0
https://openalex.org/W53795736,0
