focal_id,issn_clean,SJR Best Quartile,journal_norm,quartile_mode_15y,quartile_avg_round_15y,quartile_mode_15y_label,quartile_avg_round_15y_label
https://openalex.org/W111725591,03871533,Q3,,4,4,Q4,Q4
https://openalex.org/W115650655,02578972,Q1,,1,1,Q1,Q1
https://openalex.org/W1230367920,03043843,Q3,,3,3,Q3,Q3
https://openalex.org/W126685599,00406031,Q2,,2,2,Q2,Q2
https://openalex.org/W1273617668,14764865,Q3,,3,3,Q3,Q3
https://openalex.org/W131092982,00260673,Q4,,4,4,Q4,Q4
https://openalex.org/W141861281,08327823,Q3,,4,4,Q4,Q4
https://openalex.org/W141872669,15361055,Q3,,3,3,Q3,Q3
https://openalex.org/W1480650256,09254005,Q1,,1,1,Q1,Q1
https://openalex.org/W1482057339,00218979,Q1,,1,1,Q1,Q1
https://openalex.org/W1483293756,12303402,Q3,,3,3,Q3,Q3
https://openalex.org/W1483987581,00134651,Q1,,1,1,Q1,Q1
https://openalex.org/W1485817297,00406090,Q2,,2,2,Q2,Q2
https://openalex.org/W1486697772,00218979,Q1,,1,1,Q1,Q1
https://openalex.org/W1488521373,01679317,Q1,,2,2,Q2,Q2
https://openalex.org/W1488982196,00036951,Q1,,1,1,Q1,Q1
https://openalex.org/W1490539011,07338724,Q1,,1,1,Q1,Q1
https://openalex.org/W1490672357,09532048,Q1,,1,1,Q1,Q1
https://openalex.org/W1492945524,00218979,Q1,,1,1,Q1,Q1
https://openalex.org/W1493994261,16113683,Q3,,2,2,Q2,Q2
https://openalex.org/W1495010771,00486604,Q2,,2,2,Q2,Q2
https://openalex.org/W1495123273,00224596,Q2,,2,2,Q2,Q2
https://openalex.org/W1496312612,07338724,Q1,,1,1,Q1,Q1
https://openalex.org/W1497896443,00150193,Q3,,3,3,Q3,Q3
https://openalex.org/W1498610339,18117295,Q4,,3,3,Q3,Q3
https://openalex.org/W1499262913,09214526,Q2,,2,2,Q2,Q2
https://openalex.org/W1499454265,00036951,Q1,,1,1,Q1,Q1
https://openalex.org/W1499602815,00218979,Q1,,1,1,Q1,Q1
https://openalex.org/W1503244141,10623701,Q3,,4,3,Q4,Q3
https://openalex.org/W1503305456,00295450,Q2,,2,2,Q2,Q2
https://openalex.org/W1503446415,10944087,Q1,,1,1,Q1,Q1
https://openalex.org/W1503942513,00134651,Q1,,1,1,Q1,Q1
https://openalex.org/W1505418608,15361055,Q3,,3,3,Q3,Q3
https://openalex.org/W1510826946,00218979,Q1,,1,1,Q1,Q1
https://openalex.org/W1511364607,00218979,Q1,,1,1,Q1,Q1
https://openalex.org/W1511405423,12303402,Q3,,3,3,Q3,Q3
https://openalex.org/W1513650184,01689002,Q1,,1,1,Q1,Q1
https://openalex.org/W1515241083,00036951,Q1,,1,1,Q1,Q1
https://openalex.org/W1517164421,00406090,Q2,,2,2,Q2,Q2
https://openalex.org/W1518602392,0167577X,Q2,,2,2,Q2,Q2
https://openalex.org/W1522570751,07338724,Q1,,1,1,Q1,Q1
https://openalex.org/W1525556442,10411135,Q1,,1,1,Q1,Q1
https://openalex.org/W1533893802,03048853,Q2,,2,2,Q2,Q2
https://openalex.org/W1534956112,00036951,Q1,,1,1,Q1,Q1
https://openalex.org/W1536489175,07338724,Q1,,1,1,Q1,Q1
https://openalex.org/W1538761425,00036951,Q1,,1,1,Q1,Q1
https://openalex.org/W1540908430,00295922,Q3,,3,3,Q3,Q3
https://openalex.org/W1545402940,10411135,Q1,,1,1,Q1,Q1
https://openalex.org/W1546698136,13886150,Q3,,2,2,Q2,Q2
https://openalex.org/W1548887502,00218979,Q1,,1,1,Q1,Q1
https://openalex.org/W1549208200,00218979,Q1,,1,1,Q1,Q1
https://openalex.org/W1550538508,13886150,Q3,,2,2,Q2,Q2
https://openalex.org/W1550677042,00218979,Q1,,1,1,Q1,Q1
https://openalex.org/W1551579649,10411135,Q1,,1,1,Q1,Q1
https://openalex.org/W1551948290,09254005,Q1,,1,1,Q1,Q1
https://openalex.org/W1554123368,00220248,Q1,,2,2,Q2,Q2
https://openalex.org/W1555990484,00223131,Q3,,3,3,Q3,Q3
https://openalex.org/W1557375754,00036951,Q1,,1,1,Q1,Q1
https://openalex.org/W1557827962,13504487,Q2,,2,2,Q2,Q2
https://openalex.org/W1557833870,00255408,Q2,,2,2,Q2,Q2
https://openalex.org/W1558000723,02670836,Q2,,2,2,Q2,Q2
https://openalex.org/W1560666922,00036951,Q1,,1,1,Q1,Q1
https://openalex.org/W1560716168,01672738,Q1,,1,1,Q1,Q1
https://openalex.org/W1564388064,00223727,Q1,,1,1,Q1,Q1
https://openalex.org/W1564740653,10411135,Q1,,1,1,Q1,Q1
https://openalex.org/W1565299957,00036951,Q1,,1,1,Q1,Q1
https://openalex.org/W1565350176,13861425,Q2,,2,2,Q2,Q2
https://openalex.org/W1568032225,03603199,Q1,,1,1,Q1,Q1
https://openalex.org/W1572684301,00220248,Q1,,2,2,Q2,Q2
https://openalex.org/W1572957767,15361055,Q3,,3,3,Q3,Q3
https://openalex.org/W157342397,16113683,Q3,,2,2,Q2,Q2
https://openalex.org/W1575765717,00134651,Q1,,1,1,Q1,Q1
https://openalex.org/W1576614782,10637788,Q3,,3,3,Q3,Q3
https://openalex.org/W1577834615,0969806X,Q3,,2,2,Q2,Q2
https://openalex.org/W1579106588,00295450,Q2,,2,2,Q2,Q2
https://openalex.org/W1579870180,00036951,Q1,,1,1,Q1,Q1
https://openalex.org/W1580758945,01689002,Q1,,1,1,Q1,Q1
https://openalex.org/W1580865117,16005368,Q3,,4,4,Q4,Q4
https://openalex.org/W1583532932,00486604,Q2,,2,2,Q2,Q2
https://openalex.org/W1583836408,00036951,Q1,,1,1,Q1,Q1
https://openalex.org/W1585150936,09532048,Q1,,1,1,Q1,Q1
https://openalex.org/W1586944606,00134651,Q1,,1,1,Q1,Q1
https://openalex.org/W1589304156,00486604,Q2,,2,2,Q2,Q2
https://openalex.org/W1590692192,01672738,Q1,,1,1,Q1,Q1
https://openalex.org/W1590705932,00189499,Q3,,2,2,Q2,Q2
https://openalex.org/W1592717704,16113683,Q3,,2,2,Q2,Q2
https://openalex.org/W1594318248,14786435,Q1,,1,1,Q1,Q1
https://openalex.org/W1594428987,00134651,Q1,,1,1,Q1,Q1
https://openalex.org/W1595711726,00295450,Q2,,2,2,Q2,Q2
https://openalex.org/W1598494297,10411135,Q1,,1,1,Q1,Q1
https://openalex.org/W1598658445,00295450,Q2,,2,2,Q2,Q2
https://openalex.org/W1602749216,00218979,Q1,,1,1,Q1,Q1
https://openalex.org/W1603698963,00036951,Q1,,1,1,Q1,Q1
https://openalex.org/W1604185415,12303402,Q3,,3,3,Q3,Q3
https://openalex.org/W160455279,01694332,-,,5,5,Unranked,Unranked
https://openalex.org/W160854135,00295450,Q2,,2,2,Q2,Q2
https://openalex.org/W160985220,00431648,Q1,,1,1,Q1,Q1
https://openalex.org/W1609957617,03759601,Q2,,2,2,Q2,Q2
https://openalex.org/W1610783035,00036951,Q1,,1,1,Q1,Q1
https://openalex.org/W1611381578,01689002,Q1,,1,1,Q1,Q1
https://openalex.org/W1612981304,00036951,Q1,,1,1,Q1,Q1
https://openalex.org/W161356384,0256307X,Q3,,3,3,Q3,Q3
https://openalex.org/W1614034329,00036951,Q1,,1,1,Q1,Q1
https://openalex.org/W1620480936,00036951,Q1,,1,1,Q1,Q1
https://openalex.org/W1630368717,00036951,Q1,,1,1,Q1,Q1
https://openalex.org/W1630983000,00218979,Q1,,1,1,Q1,Q1
https://openalex.org/W1631106469,00486604,Q2,,2,2,Q2,Q2
https://openalex.org/W1631211130,00036951,Q1,,1,1,Q1,Q1
https://openalex.org/W1634268500,00218286,Q4,,4,4,Q4,Q4
https://openalex.org/W1635696629,00036951,Q1,,1,1,Q1,Q1
https://openalex.org/W1637470034,00036951,Q1,,1,1,Q1,Q1
https://openalex.org/W1640259142,00303992,Q2,,2,2,Q2,Q2
https://openalex.org/W1644022506,00036951,Q1,,1,1,Q1,Q1
https://openalex.org/W1644876692,00218979,Q1,,1,1,Q1,Q1
https://openalex.org/W1646610063,00218979,Q1,,1,1,Q1,Q1
https://openalex.org/W1646998796,07342101,Q1,,2,2,Q2,Q2
https://openalex.org/W1647194565,00036951,Q1,,1,1,Q1,Q1
https://openalex.org/W1648329077,00036951,Q1,,1,1,Q1,Q1
https://openalex.org/W1648440534,00036951,Q1,,1,1,Q1,Q1
https://openalex.org/W1648731970,00218979,Q1,,1,1,Q1,Q1
https://openalex.org/W1650473584,07921241,Q3,,4,4,Q4,Q4
https://openalex.org/W1650811462,09462171,Q1,,1,1,Q1,Q1
https://openalex.org/W1651599214,00218979,Q1,,1,1,Q1,Q1
https://openalex.org/W1652365349,00036951,Q1,,1,1,Q1,Q1
https://openalex.org/W1652385935,00036951,Q1,,1,1,Q1,Q1
https://openalex.org/W1657127519,00218979,Q1,,1,1,Q1,Q1
https://openalex.org/W1658215557,00036951,Q1,,1,1,Q1,Q1
https://openalex.org/W1659194817,00218979,Q1,,1,1,Q1,Q1
https://openalex.org/W1661580359,00295450,Q2,,2,2,Q2,Q2
https://openalex.org/W1664702837,00036951,Q1,,1,1,Q1,Q1
https://openalex.org/W1665712030,00218979,Q1,,1,1,Q1,Q1
https://openalex.org/W1669196377,00223093,Q1,,2,2,Q2,Q2
https://openalex.org/W1670216214,00218979,Q1,,1,1,Q1,Q1
https://openalex.org/W1670482132,00036951,Q1,,1,1,Q1,Q1
https://openalex.org/W1670701446,00036951,Q1,,1,1,Q1,Q1
https://openalex.org/W1672289835,0256307X,Q3,,3,3,Q3,Q3
https://openalex.org/W1673196714,00036951,Q1,,1,1,Q1,Q1
https://openalex.org/W1674431876,00036951,Q1,,1,1,Q1,Q1
https://openalex.org/W1674845098,00218979,Q1,,1,1,Q1,Q1
https://openalex.org/W1675043594,00036951,Q1,,1,1,Q1,Q1
https://openalex.org/W1680467648,00218979,Q1,,1,1,Q1,Q1
https://openalex.org/W1682711,08968446,Q1,,1,1,Q1,Q1
https://openalex.org/W1689805600,07338724,Q1,,1,1,Q1,Q1
https://openalex.org/W170262014,15361055,Q3,,3,3,Q3,Q3
https://openalex.org/W1710455806,13886150,Q3,,2,2,Q2,Q2
https://openalex.org/W1724111454,15361365,Q3,,1,2,Q1,Q2
https://openalex.org/W1737888242,00046361,Q1,,1,1,Q1,Q1
https://openalex.org/W1742829186,00036951,Q1,,1,1,Q1,Q1
https://openalex.org/W1762046092,02955075,Q1,,2,2,Q2,Q2
https://openalex.org/W1780229370,01413910,Q1,,1,1,Q1,Q1
https://openalex.org/W1789667858,00134651,Q1,,1,1,Q1,Q1
https://openalex.org/W179971942,00218286,Q4,,4,4,Q4,Q4
https://openalex.org/W1823600343,13886150,Q3,,2,2,Q2,Q2
https://openalex.org/W1824574472,13886150,Q3,,2,2,Q2,Q2
https://openalex.org/W1834237005,01469592,Q1,,1,1,Q1,Q1
https://openalex.org/W1836756240,07338724,Q1,,1,1,Q1,Q1
https://openalex.org/W1849217925,1536383X,Q3,,3,3,Q3,Q3
https://openalex.org/W1853428966,09532048,Q1,,1,1,Q1,Q1
https://openalex.org/W1859943168,07338724,Q1,,1,1,Q1,Q1
https://openalex.org/W1864726871,07338724,Q1,,1,1,Q1,Q1
https://openalex.org/W18685896,00218286,Q4,,4,4,Q4,Q4
https://openalex.org/W1868640023,09491775,Q2,,2,2,Q2,Q2
https://openalex.org/W1881150612,03759601,Q2,,2,2,Q2,Q2
https://openalex.org/W1888972438,14639076,Q1,,1,1,Q1,Q1
https://openalex.org/W1898829063,00295450,Q2,,2,2,Q2,Q2
https://openalex.org/W1900120385,00913286,Q2,,2,2,Q2,Q2
https://openalex.org/W1901358747,14639076,Q1,,1,1,Q1,Q1
https://openalex.org/W1901427674,00036951,Q1,,1,1,Q1,Q1
https://openalex.org/W1904324197,01672738,Q1,,1,1,Q1,Q1
https://openalex.org/W1906163784,00189197,Q1,,1,1,Q1,Q1
https://openalex.org/W1911040782,00913286,Q2,,2,2,Q2,Q2
https://openalex.org/W1915461661,12860042,Q2,,2,2,Q2,Q2
https://openalex.org/W1917409578,00295450,Q2,,2,2,Q2,Q2
https://openalex.org/W1924220061,07338724,Q1,,1,1,Q1,Q1
https://openalex.org/W1925684133,00295450,Q2,,2,2,Q2,Q2
https://openalex.org/W1926380515,07338724,Q1,,1,1,Q1,Q1
https://openalex.org/W1927690984,07338724,Q1,,1,1,Q1,Q1
https://openalex.org/W1937100563,00486604,Q2,,2,2,Q2,Q2
https://openalex.org/W1941811967,10298479,Q1,,1,1,Q1,Q1
https://openalex.org/W1951983278,10944087,Q1,,1,1,Q1,Q1
https://openalex.org/W1954012788,07338724,Q1,,1,1,Q1,Q1
https://openalex.org/W1955170739,14639076,Q1,,1,1,Q1,Q1
https://openalex.org/W1956187071,00134651,Q1,,1,1,Q1,Q1
https://openalex.org/W1959260624,07338724,Q1,,1,1,Q1,Q1
https://openalex.org/W1963505769,03783812,Q2,,1,1,Q1,Q1
https://openalex.org/W1963580598,00179310,Q1,,1,1,Q1,Q1
https://openalex.org/W1963601367,09215093,Q1,,1,1,Q1,Q1
https://openalex.org/W1963613586,09280707,Q2,,2,2,Q2,Q2
https://openalex.org/W1963634671,14639076,Q1,,1,1,Q1,Q1
https://openalex.org/W1963634913,01689002,Q1,,1,1,Q1,Q1
https://openalex.org/W1963658640,15287483,Q1,,1,1,Q1,Q1
https://openalex.org/W1963692091,00304018,Q1,,2,2,Q2,Q2
https://openalex.org/W1963699033,03784371,Q2,,2,2,Q2,Q2
https://openalex.org/W1963742829,09215093,Q1,,1,1,Q1,Q1
https://openalex.org/W1963753319,00295515,Q1,,1,1,Q1,Q1
https://openalex.org/W1963760777,00214922,-,,5,3,Unranked,Q3
https://openalex.org/W1963770274,09698043,Q1,,2,2,Q2,Q2
https://openalex.org/W1963773728,09215093,Q1,,1,1,Q1,Q1
https://openalex.org/W1963833111,00304018,Q1,,2,2,Q2,Q2
https://openalex.org/W1963837376,10710922,Q3,,2,2,Q2,Q2
https://openalex.org/W1963911638,09323414,Q3,,3,3,Q3,Q3
https://openalex.org/W1963921579,00431648,Q1,,1,1,Q1,Q1
https://openalex.org/W1963941425,09215107,Q2,,2,2,Q2,Q2
https://openalex.org/W1963955532,03048853,Q2,,2,2,Q2,Q2
https://openalex.org/W1963961917,0301679X,Q2,,1,1,Q1,Q1
https://openalex.org/W1963964608,02540584,Q2,,2,2,Q2,Q2
https://openalex.org/W1963993938,00220248,Q1,,2,2,Q2,Q2
https://openalex.org/W1964044995,09698043,Q1,,2,2,Q2,Q2
https://openalex.org/W1964048255,09244247,Q1,,1,1,Q1,Q1
https://openalex.org/W1964055655,00223115,Q2,,2,2,Q2,Q2
https://openalex.org/W1964061356,03048853,Q2,,2,2,Q2,Q2
https://openalex.org/W1964068298,09259635,Q1,,1,1,Q1,Q1
https://openalex.org/W1964132302,01469592,Q1,,1,1,Q1,Q1
https://openalex.org/W1964146911,03603016,Q1,,1,1,Q1,Q1
https://openalex.org/W1964171951,09226435,Q3,,2,3,Q2,Q3
https://openalex.org/W1964178483,09214526,Q2,,2,2,Q2,Q2
https://openalex.org/W1964190830,09215093,Q1,,1,1,Q1,Q1
https://openalex.org/W1964197971,03048853,Q2,,2,2,Q2,Q2
https://openalex.org/W1964201760,13861425,Q2,,2,2,Q2,Q2
https://openalex.org/W1964225512,00046280,Q1,,1,1,Q1,Q1
https://openalex.org/W1964227595,09214526,Q2,,2,2,Q2,Q2
https://openalex.org/W1964299536,00381101,Q2,,2,2,Q2,Q2
https://openalex.org/W1964305468,02578972,Q1,,1,1,Q1,Q1
https://openalex.org/W1964310801,00036951,Q1,,1,1,Q1,Q1
https://openalex.org/W1964321902,09253467,Q2,,2,2,Q2,Q2
https://openalex.org/W1964331476,02578972,Q1,,1,1,Q1,Q1
https://openalex.org/W1964349382,00262714,Q2,,2,2,Q2,Q2
https://openalex.org/W1964390948,09244247,Q1,,1,1,Q1,Q1
https://openalex.org/W1964413735,01694332,-,,5,5,Unranked,Unranked
https://openalex.org/W1964416534,00346748,Q1,,1,1,Q1,Q1
https://openalex.org/W1964445203,07234864,Q2,,1,1,Q1,Q1
https://openalex.org/W1964460405,00220248,Q1,,2,2,Q2,Q2
https://openalex.org/W1964461262,0022460X,Q1,,1,1,Q1,Q1
https://openalex.org/W1964470898,02578972,Q1,,1,1,Q1,Q1
https://openalex.org/W1964480609,01694332,-,,5,5,Unranked,Unranked
https://openalex.org/W1964489900,01694243,Q2,,3,3,Q3,Q3
https://openalex.org/W1964518731,07437463,Q1,,1,1,Q1,Q1
https://openalex.org/W1964520850,00036951,Q1,,1,1,Q1,Q1
https://openalex.org/W1964531108,13596462,Q1,,1,1,Q1,Q1
https://openalex.org/W1964534532,00223115,Q2,,2,2,Q2,Q2
https://openalex.org/W1964550998,14346001,Q1,,1,2,Q1,Q2
https://openalex.org/W1964554807,09259635,Q1,,1,1,Q1,Q1
https://openalex.org/W1964560950,09215093,Q1,,1,1,Q1,Q1
https://openalex.org/W1964572873,02578972,Q1,,1,1,Q1,Q1
https://openalex.org/W1964580509,01694332,-,,5,5,Unranked,Unranked
https://openalex.org/W1964588773,02578972,Q1,,1,1,Q1,Q1
https://openalex.org/W1964594475,00218979,Q1,,1,1,Q1,Q1
https://openalex.org/W1964601848,00318949,Q3,,3,3,Q3,Q3
https://openalex.org/W1964607906,0969806X,Q3,,2,2,Q2,Q2
https://openalex.org/W1964623129,09244247,Q1,,1,1,Q1,Q1
https://openalex.org/W1964639408,00018686,Q1,,1,1,Q1,Q1
https://openalex.org/W1964640021,00214922,-,,5,3,Unranked,Q3
https://openalex.org/W1964679921,00223131,Q3,,3,3,Q3,Q3
https://openalex.org/W1964736250,0969806X,Q3,,2,2,Q2,Q2
https://openalex.org/W1964753815,00913286,Q2,,2,2,Q2,Q2
https://openalex.org/W1964791752,09570233,Q1,,1,1,Q1,Q1
https://openalex.org/W1964796755,09259635,Q1,,1,1,Q1,Q1
https://openalex.org/W1964838452,00406090,Q2,,2,2,Q2,Q2
https://openalex.org/W1964844120,01413910,Q1,,1,1,Q1,Q1
https://openalex.org/W1964878902,00295493,Q2,,2,2,Q2,Q2
https://openalex.org/W1964885760,00222313,Q1,,2,2,Q2,Q2
https://openalex.org/W1964887776,13504177,Q1,,1,1,Q1,Q1
https://openalex.org/W1964889262,00346748,Q1,,1,1,Q1,Q1
https://openalex.org/W1964899978,09205071,Q2,,3,3,Q3,Q3
https://openalex.org/W1964923692,00223131,Q3,,3,3,Q3,Q3
https://openalex.org/W1964940269,0301679X,Q2,,1,1,Q1,Q1
https://openalex.org/W1964946463,02578972,Q1,,1,1,Q1,Q1
https://openalex.org/W1964954857,00346748,Q1,,1,1,Q1,Q1
https://openalex.org/W1964960768,01689002,Q1,,1,1,Q1,Q1
https://openalex.org/W1964972398,07234864,Q2,,1,1,Q1,Q1
https://openalex.org/W1964983666,09277757,-,,5,5,Unranked,Unranked
https://openalex.org/W1965033244,09215093,Q1,,1,1,Q1,Q1
https://openalex.org/W1965042932,00207608,Q2,,2,2,Q2,Q2
https://openalex.org/W1965045198,03783812,Q2,,1,1,Q1,Q1
https://openalex.org/W1965046380,0168583X,Q2,,2,2,Q2,Q2
https://openalex.org/W1965056810,05848547,Q1,,1,1,Q1,Q1
https://openalex.org/W1965070249,03048853,Q2,,2,2,Q2,Q2
https://openalex.org/W1965075225,09214534,Q2,,2,2,Q2,Q2
https://openalex.org/W1965139859,09244247,Q1,,1,1,Q1,Q1
https://openalex.org/W1965163287,01689002,Q1,,1,1,Q1,Q1
https://openalex.org/W1965176136,09214534,Q2,,2,2,Q2,Q2
https://openalex.org/W1965183335,02578972,Q1,,1,1,Q1,Q1
https://openalex.org/W1965210458,00223093,Q1,,2,2,Q2,Q2
https://openalex.org/W1965260807,09215093,Q1,,1,1,Q1,Q1
https://openalex.org/W1965270494,04493060,Q2,,2,2,Q2,Q2
https://openalex.org/W1965270811,03603199,Q1,,1,1,Q1,Q1
https://openalex.org/W1965345786,0022460X,Q1,,1,1,Q1,Q1
https://openalex.org/W1965401196,00036951,Q1,,1,1,Q1,Q1
https://openalex.org/W1965425459,00223697,Q2,,2,2,Q2,Q2
https://openalex.org/W1965530784,00220248,Q1,,2,2,Q2,Q2
https://openalex.org/W1965566921,09214534,Q2,,2,2,Q2,Q2
https://openalex.org/W1965588286,09244247,Q1,,1,1,Q1,Q1
https://openalex.org/W1965589328,02681242,Q1,,1,1,Q1,Q1
https://openalex.org/W1965701811,00036951,Q1,,1,1,Q1,Q1
https://openalex.org/W1965739188,09532048,Q1,,1,1,Q1,Q1
https://openalex.org/W1965812022,09467076,Q3,,3,3,Q3,Q3
https://openalex.org/W1965861632,10238883,Q2,,1,1,Q1,Q1
https://openalex.org/W1965863052,12860042,Q2,,2,2,Q2,Q2
https://openalex.org/W1965866284,07437463,Q1,,1,1,Q1,Q1
https://openalex.org/W1965870800,13873806,Q1,,1,1,Q1,Q1
https://openalex.org/W1965881000,09244247,Q1,,1,1,Q1,Q1
https://openalex.org/W1965891051,02670836,Q2,,2,2,Q2,Q2
https://openalex.org/W1965953894,00220248,Q1,,2,2,Q2,Q2
https://openalex.org/W1965954530,01689002,Q1,,1,1,Q1,Q1
https://openalex.org/W1965962220,1068820X,Q4,,4,4,Q4,Q4
https://openalex.org/W1965996208,0041624X,Q2,,1,1,Q1,Q1
https://openalex.org/W1966043962,15306984,Q1,,1,1,Q1,Q1
https://openalex.org/W1966050163,13853449,Q2,,2,2,Q2,Q2
https://openalex.org/W1966059657,00179310,Q1,,1,1,Q1,Q1
https://openalex.org/W1966070544,09215093,Q1,,1,1,Q1,Q1
https://openalex.org/W1966108608,01422421,Q2,,2,2,Q2,Q2
https://openalex.org/W1966122951,00346748,Q1,,1,1,Q1,Q1
https://openalex.org/W1966138258,15306984,Q1,,1,1,Q1,Q1
https://openalex.org/W1966142492,09638695,Q2,,1,1,Q1,Q1
https://openalex.org/W1966170320,03068919,Q2,,3,3,Q3,Q3
https://openalex.org/W1966253027,00214922,-,,5,3,Unranked,Q3
https://openalex.org/W1966260016,15421406,Q3,,3,3,Q3,Q3
https://openalex.org/W1966294510,09570233,Q1,,1,1,Q1,Q1
https://openalex.org/W1966326041,00387010,Q3,,3,3,Q3,Q3
https://openalex.org/W1966331561,09259635,Q1,,1,1,Q1,Q1
https://openalex.org/W1966341590,03048853,Q2,,2,2,Q2,Q2
https://openalex.org/W1966344776,01457632,Q2,,2,2,Q2,Q2
https://openalex.org/W1966348926,15287483,Q1,,1,1,Q1,Q1
https://openalex.org/W1966383422,09215093,Q1,,1,1,Q1,Q1
https://openalex.org/W1966413776,10637737,Q3,,3,3,Q3,Q3
https://openalex.org/W1966435395,0167577X,Q2,,2,2,Q2,Q2
https://openalex.org/W1966445948,00223093,Q1,,2,2,Q2,Q2
https://openalex.org/W1966457514,00220248,Q1,,2,2,Q2,Q2
https://openalex.org/W1966484797,00346748,Q1,,1,1,Q1,Q1
https://openalex.org/W1966502237,09215093,Q1,,1,1,Q1,Q1
https://openalex.org/W1966502515,15671739,Q2,,2,2,Q2,Q2
https://openalex.org/W1966536618,00318949,Q3,,3,3,Q3,Q3
https://openalex.org/W1966560110,03784371,Q2,,2,2,Q2,Q2
https://openalex.org/W1966753246,00431648,Q1,,1,1,Q1,Q1
https://openalex.org/W1966762302,00325899,Q3,,3,3,Q3,Q3
https://openalex.org/W1966783641,08952477,Q2,,3,3,Q3,Q3
https://openalex.org/W1966815625,00262714,Q2,,2,2,Q2,Q2
https://openalex.org/W1966827339,02630346,Q2,,1,2,Q1,Q2
https://openalex.org/W1966853796,0168583X,Q2,,2,2,Q2,Q2
https://openalex.org/W1966870635,01448420,Q3,,2,2,Q2,Q2
https://openalex.org/W1966871092,0969806X,Q3,,2,2,Q2,Q2
https://openalex.org/W1966884955,1063780X,Q2,,2,3,Q2,Q3
https://openalex.org/W1966913945,00220248,Q1,,2,2,Q2,Q2
https://openalex.org/W1966928676,00318949,Q3,,3,3,Q3,Q3
https://openalex.org/W1966953491,13596462,Q1,,1,1,Q1,Q1
https://openalex.org/W1966960637,00346748,Q1,,1,1,Q1,Q1
https://openalex.org/W1966963046,00406090,Q2,,2,2,Q2,Q2
https://openalex.org/W1966978405,09215107,Q2,,2,2,Q2,Q2
https://openalex.org/W1966994140,03015629,Q1,,1,1,Q1,Q1
https://openalex.org/W1967016199,00220248,Q1,,2,2,Q2,Q2
https://openalex.org/W1967018403,09532048,Q1,,1,1,Q1,Q1
https://openalex.org/W1967027992,09277757,-,,5,5,Unranked,Unranked
https://openalex.org/W1967066794,13886150,Q3,,2,2,Q2,Q2
https://openalex.org/W1967092455,00222313,Q1,,2,2,Q2,Q2
https://openalex.org/W1967139520,01438166,Q2,,1,1,Q1,Q1
https://openalex.org/W1967150387,03048853,Q2,,2,2,Q2,Q2
https://openalex.org/W1967152110,00223093,Q1,,2,2,Q2,Q2
https://openalex.org/W1967165782,01672738,Q1,,1,1,Q1,Q1
https://openalex.org/W1967198710,00223115,Q2,,2,2,Q2,Q2
https://openalex.org/W1967206843,0167577X,Q2,,2,2,Q2,Q2
https://openalex.org/W1967240803,10735615,Q1,,1,1,Q1,Q1
https://openalex.org/W1967314980,08968446,Q1,,1,1,Q1,Q1
https://openalex.org/W1967319803,09214534,Q2,,2,2,Q2,Q2
https://openalex.org/W1967332484,09600779,-,,5,5,Unranked,Unranked
https://openalex.org/W1967347444,00220248,Q1,,2,2,Q2,Q2
https://openalex.org/W1967382504,00346748,Q1,,1,1,Q1,Q1
https://openalex.org/W1967383412,00105082,Q4,,3,3,Q3,Q3
https://openalex.org/W1967403039,12860042,Q2,,2,2,Q2,Q2
https://openalex.org/W1967437387,03759474,Q1,,1,1,Q1,Q1
https://openalex.org/W1967445897,09244247,Q1,,1,1,Q1,Q1
https://openalex.org/W1967522676,00260673,Q4,,4,4,Q4,Q4
https://openalex.org/W1967556377,00304018,Q1,,2,2,Q2,Q2
https://openalex.org/W1967619115,10944087,Q1,,1,1,Q1,Q1
https://openalex.org/W1967622278,00346748,Q1,,1,1,Q1,Q1
https://openalex.org/W1967650174,03682048,Q1,,1,1,Q1,Q1
https://openalex.org/W1967661949,00214922,-,,5,3,Unranked,Q3
https://openalex.org/W1967681347,00134651,Q1,,1,1,Q1,Q1
https://openalex.org/W1967692887,00223131,Q3,,3,3,Q3,Q3
https://openalex.org/W1967704265,01694332,-,,5,5,Unranked,Unranked
https://openalex.org/W1967718609,02578972,Q1,,1,1,Q1,Q1
https://openalex.org/W1967735691,09215093,Q1,,1,1,Q1,Q1
https://openalex.org/W1967750087,00913286,Q2,,2,2,Q2,Q2
https://openalex.org/W1967775281,00189456,Q2,,1,1,Q1,Q1
https://openalex.org/W1967775615,00189375,Q1,,2,2,Q2,Q2
https://openalex.org/W1967812648,09244247,Q1,,1,1,Q1,Q1
https://openalex.org/W1967818218,00406090,Q2,,2,2,Q2,Q2
https://openalex.org/W1967818925,09280707,Q2,,2,2,Q2,Q2
https://openalex.org/W1967827409,03603016,Q1,,1,1,Q1,Q1
https://openalex.org/W1967856827,00346748,Q1,,1,1,Q1,Q1
https://openalex.org/W1967860106,09214534,Q2,,2,2,Q2,Q2
https://openalex.org/W1967878100,00346748,Q1,,1,1,Q1,Q1
https://openalex.org/W1967934089,00222313,Q1,,2,2,Q2,Q2
https://openalex.org/W1967948329,10445803,Q2,,1,1,Q1,Q1
https://openalex.org/W1967951010,0195928X,Q2,,3,3,Q3,Q3
https://openalex.org/W1967975361,02649381,Q1,,1,1,Q1,Q1
https://openalex.org/W1968055873,09254005,Q1,,1,1,Q1,Q1
https://openalex.org/W1968092323,09244247,Q1,,1,1,Q1,Q1
https://openalex.org/W1968105621,09090495,Q2,,1,1,Q1,Q1
https://openalex.org/W1968108850,02578972,Q1,,1,1,Q1,Q1
https://openalex.org/W1968116880,03048853,Q2,,2,2,Q2,Q2
https://openalex.org/W1968196855,00223115,Q2,,2,2,Q2,Q2
https://openalex.org/W1968261728,00223115,Q2,,2,2,Q2,Q2
https://openalex.org/W1968285762,09570233,Q1,,1,1,Q1,Q1
https://openalex.org/W1968299953,00220248,Q1,,2,2,Q2,Q2
https://openalex.org/W1968303108,12900729,Q2,,1,1,Q1,Q1
https://openalex.org/W1968308635,0041624X,Q2,,1,1,Q1,Q1
https://openalex.org/W1968311518,03048853,Q2,,2,2,Q2,Q2
https://openalex.org/W1968350809,00222313,Q1,,2,2,Q2,Q2
https://openalex.org/W1968354752,09214534,Q2,,2,2,Q2,Q2
https://openalex.org/W1968358284,13869477,Q2,,2,2,Q2,Q2
https://openalex.org/W1968376009,01413910,Q1,,1,1,Q1,Q1
https://openalex.org/W1968380491,03615235,Q1,,2,2,Q2,Q2
https://openalex.org/W1968411121,02578972,Q1,,1,1,Q1,Q1
https://openalex.org/W1968456274,09253467,Q2,,2,2,Q2,Q2
https://openalex.org/W1968473124,13504177,Q1,,1,1,Q1,Q1
https://openalex.org/W1968477086,13621718,Q2,,1,1,Q1,Q1
https://openalex.org/W1968479965,00406031,Q2,,2,2,Q2,Q2
https://openalex.org/W1968501422,00134651,Q1,,1,1,Q1,Q1
https://openalex.org/W1968526232,00220248,Q1,,2,2,Q2,Q2
https://openalex.org/W1968534210,00207403,Q1,,1,1,Q1,Q1
https://openalex.org/W1968540490,01694332,-,,5,5,Unranked,Unranked
https://openalex.org/W1968583026,0041624X,Q2,,1,1,Q1,Q1
https://openalex.org/W1968592844,09254005,Q1,,1,1,Q1,Q1
https://openalex.org/W1968625729,03759474,Q1,,1,1,Q1,Q1
https://openalex.org/W1968634812,15306984,Q1,,1,1,Q1,Q1
https://openalex.org/W1968648774,0167577X,Q2,,2,2,Q2,Q2
https://openalex.org/W1968672758,00406090,Q2,,2,2,Q2,Q2
https://openalex.org/W1968674388,00014966,Q1,,1,1,Q1,Q1
https://openalex.org/W1968740363,03043843,Q3,,3,3,Q3,Q3
https://openalex.org/W1968768459,02578972,Q1,,1,1,Q1,Q1
https://openalex.org/W1968815752,10944087,Q1,,1,1,Q1,Q1
https://openalex.org/W1968849469,01413910,Q1,,1,1,Q1,Q1
https://openalex.org/W1968856712,03615235,Q1,,2,2,Q2,Q2
https://openalex.org/W1968898101,00214922,-,,5,3,Unranked,Q3
https://openalex.org/W1968941122,09532048,Q1,,1,1,Q1,Q1
https://openalex.org/W1968947484,10944087,Q1,,1,1,Q1,Q1
https://openalex.org/W1968960379,0969806X,Q3,,2,2,Q2,Q2
https://openalex.org/W1968963588,10637834,Q3,,3,3,Q3,Q3
https://openalex.org/W1968965619,03048853,Q2,,2,2,Q2,Q2
https://openalex.org/W1969005153,00406090,Q2,,2,2,Q2,Q2
https://openalex.org/W1969060821,00346748,Q1,,1,1,Q1,Q1
https://openalex.org/W1969071281,00346748,Q1,,1,1,Q1,Q1
https://openalex.org/W1969125710,00112275,Q1,,2,2,Q2,Q2
https://openalex.org/W1969139047,01694332,-,,5,5,Unranked,Unranked
https://openalex.org/W1969159563,01694332,-,,5,5,Unranked,Unranked
https://openalex.org/W1969184294,02578972,Q1,,1,1,Q1,Q1
https://openalex.org/W1969192373,00406090,Q2,,2,2,Q2,Q2
https://openalex.org/W1969244450,03796779,Q2,,2,2,Q2,Q2
https://openalex.org/W1969258951,03048853,Q2,,2,2,Q2,Q2
https://openalex.org/W1969295364,00223727,Q1,,1,1,Q1,Q1
https://openalex.org/W1969321078,10944087,Q1,,1,1,Q1,Q1
https://openalex.org/W1969345033,03048853,Q2,,2,2,Q2,Q2
https://openalex.org/W1969369546,09215107,Q2,,2,2,Q2,Q2
https://openalex.org/W1969388235,00346748,Q1,,1,1,Q1,Q1
https://openalex.org/W1969421004,09215093,Q1,,1,1,Q1,Q1
https://openalex.org/W1969453632,01413910,Q1,,1,1,Q1,Q1
https://openalex.org/W1969457561,09555986,Q3,,2,2,Q2,Q2
https://openalex.org/W1969476651,10712836,Q4,,3,3,Q3,Q3
https://openalex.org/W1969485212,15287483,Q1,,1,1,Q1,Q1
https://openalex.org/W1969496741,03048853,Q2,,2,2,Q2,Q2
https://openalex.org/W1969528458,09214534,Q2,,2,2,Q2,Q2
https://openalex.org/W1969538205,09215107,Q2,,2,2,Q2,Q2
https://openalex.org/W1969547333,00303992,Q2,,2,2,Q2,Q2
https://openalex.org/W1969559299,09214526,Q2,,2,2,Q2,Q2
https://openalex.org/W1969562832,00223115,Q2,,2,2,Q2,Q2
https://openalex.org/W1969597494,01469592,Q1,,1,1,Q1,Q1
https://openalex.org/W1969607117,10637818,Q4,,2,2,Q2,Q2
https://openalex.org/W1969625108,00406090,Q2,,2,2,Q2,Q2
https://openalex.org/W1969625264,14328488,Q2,,2,2,Q2,Q2
https://openalex.org/W1969746031,01694243,Q2,,3,3,Q3,Q3
https://openalex.org/W1969775367,0022460X,Q1,,1,1,Q1,Q1
https://openalex.org/W1969780801,03048853,Q2,,2,2,Q2,Q2
https://openalex.org/W1969798766,00220248,Q1,,2,2,Q2,Q2
https://openalex.org/W1969809047,08952477,Q2,,3,3,Q3,Q3
https://openalex.org/W1969810093,12860042,Q2,,2,2,Q2,Q2
https://openalex.org/W1969811909,01694332,-,,5,5,Unranked,Unranked
https://openalex.org/W1969814828,07437463,Q1,,1,1,Q1,Q1
https://openalex.org/W1969825292,10735615,Q1,,1,1,Q1,Q1
https://openalex.org/W1969845967,00214922,-,,5,3,Unranked,Q3
https://openalex.org/W1969869059,00346748,Q1,,1,1,Q1,Q1
https://openalex.org/W1969899370,02578972,Q1,,1,1,Q1,Q1
https://openalex.org/W1969936601,00223115,Q2,,2,2,Q2,Q2
https://openalex.org/W1969988718,00223115,Q2,,2,2,Q2,Q2
https://openalex.org/W1969991222,07234864,Q2,,1,1,Q1,Q1
https://openalex.org/W1970005229,03048853,Q2,,2,2,Q2,Q2
https://openalex.org/W1970025076,00214922,-,,5,3,Unranked,Q3
https://openalex.org/W1970050943,03015629,Q1,,1,1,Q1,Q1
https://openalex.org/W1970100615,09259635,Q1,,1,1,Q1,Q1
https://openalex.org/W1970117105,02540584,Q2,,2,2,Q2,Q2
https://openalex.org/W1970150609,0167577X,Q2,,2,2,Q2,Q2
https://openalex.org/W1970162999,03048853,Q2,,2,2,Q2,Q2
https://openalex.org/W1970166927,0168583X,Q2,,2,2,Q2,Q2
https://openalex.org/W1970167657,14381656,Q2,,1,1,Q1,Q1
https://openalex.org/W1970176992,13886150,Q3,,2,2,Q2,Q2
https://openalex.org/W1970178936,02578972,Q1,,1,1,Q1,Q1
https://openalex.org/W1970184358,03043991,Q1,,1,1,Q1,Q1
https://openalex.org/W1970234808,14639076,Q1,,1,1,Q1,Q1
https://openalex.org/W1970237011,00218979,Q1,,1,1,Q1,Q1
https://openalex.org/W1970245897,10944087,Q1,,1,1,Q1,Q1
https://openalex.org/W1970279576,00220248,Q1,,2,2,Q2,Q2
https://openalex.org/W1970331354,02630346,Q2,,1,2,Q1,Q2
https://openalex.org/W1970430570,00036951,Q1,,1,1,Q1,Q1
https://openalex.org/W1970443141,00913286,Q2,,2,2,Q2,Q2
https://openalex.org/W1970459398,00214922,-,,5,3,Unranked,Q3
https://openalex.org/W1970477433,10402004,Q2,,2,2,Q2,Q2
https://openalex.org/W1970483766,01694332,-,,5,5,Unranked,Unranked
https://openalex.org/W1970485075,08876266,Q1,,1,1,Q1,Q1
https://openalex.org/W1970485991,09244247,Q1,,1,1,Q1,Q1
https://openalex.org/W1970487614,09244247,Q1,,1,1,Q1,Q1
https://openalex.org/W1970510345,02540584,Q2,,2,2,Q2,Q2
https://openalex.org/W1970515213,15334880,Q1,,3,3,Q3,Q3
https://openalex.org/W1970519974,1530437X,Q1,,2,2,Q2,Q2
https://openalex.org/W1970532503,01672738,Q1,,1,1,Q1,Q1
https://openalex.org/W1970541203,07234864,Q2,,1,1,Q1,Q1
https://openalex.org/W1970551236,02649381,Q1,,1,1,Q1,Q1
https://openalex.org/W1970568842,0042207X,Q2,,2,2,Q2,Q2
https://openalex.org/W1970582879,0168583X,Q2,,2,2,Q2,Q2
https://openalex.org/W1970590894,00014966,Q1,,1,1,Q1,Q1
https://openalex.org/W1970609340,02578972,Q1,,1,1,Q1,Q1
https://openalex.org/W1970628520,0167577X,Q2,,2,2,Q2,Q2
https://openalex.org/W1970640841,09254005,Q1,,1,1,Q1,Q1
https://openalex.org/W1970648865,0041624X,Q2,,1,1,Q1,Q1
https://openalex.org/W1970650419,09532048,Q1,,1,1,Q1,Q1
https://openalex.org/W1970652171,00214922,-,,5,3,Unranked,Q3
https://openalex.org/W1970660360,13861425,Q2,,2,2,Q2,Q2
https://openalex.org/W1970668219,10106030,Q2,,2,2,Q2,Q2
https://openalex.org/W1970737246,00219606,Q1,,1,1,Q1,Q1
https://openalex.org/W1970777793,12932558,Q2,,2,2,Q2,Q2
https://openalex.org/W1970778883,02578972,Q1,,1,1,Q1,Q1
https://openalex.org/W1970779521,10106030,Q2,,2,2,Q2,Q2
https://openalex.org/W1970784552,00037028,Q1,,2,2,Q2,Q2
https://openalex.org/W1970800856,01694332,-,,5,5,Unranked,Unranked
https://openalex.org/W1970805093,09215093,Q1,,1,1,Q1,Q1
https://openalex.org/W1970869001,00214922,-,,5,3,Unranked,Q3
https://openalex.org/W1970898616,00295493,Q2,,2,2,Q2,Q2
https://openalex.org/W1970985060,09215107,Q2,,2,2,Q2,Q2
https://openalex.org/W1971000486,09259635,Q1,,1,1,Q1,Q1
https://openalex.org/W1971060988,13886150,Q3,,2,2,Q2,Q2
https://openalex.org/W1971079755,00189197,Q1,,1,1,Q1,Q1
https://openalex.org/W1971093387,1546542X,-,,2,2,Q2,Q2
https://openalex.org/W1971101428,0167577X,Q2,,2,2,Q2,Q2
https://openalex.org/W1971105912,00338443,Q4,,3,3,Q3,Q3
https://openalex.org/W1971109323,03048853,Q2,,2,2,Q2,Q2
https://openalex.org/W1971125734,02731177,-,,5,5,Unranked,Unranked
https://openalex.org/W1971125874,0168583X,Q2,,2,2,Q2,Q2
https://openalex.org/W1971129381,00255408,Q2,,2,2,Q2,Q2
https://openalex.org/W1971165144,0301679X,Q2,,1,1,Q1,Q1
https://openalex.org/W1971225612,13596462,Q1,,1,1,Q1,Q1
https://openalex.org/W1971249043,00406090,Q2,,2,2,Q2,Q2
https://openalex.org/W1971255610,07342101,Q1,,2,2,Q2,Q2
https://openalex.org/W1971290298,10735623,Q1,,1,1,Q1,Q1
https://openalex.org/W1971308762,01430807,Q3,,2,2,Q2,Q2
https://openalex.org/W1971327552,00036951,Q1,,1,1,Q1,Q1
https://openalex.org/W1971349164,00223727,Q1,,1,1,Q1,Q1
https://openalex.org/W1971353140,09244247,Q1,,1,1,Q1,Q1
https://openalex.org/W1971387291,10833668,Q1,,1,1,Q1,Q1
https://openalex.org/W1971418748,00406090,Q2,,2,2,Q2,Q2
https://openalex.org/W1971438579,13504487,Q2,,2,2,Q2,Q2
https://openalex.org/W1971441729,09532048,Q1,,1,1,Q1,Q1
https://openalex.org/W1971442898,10637842,Q3,,3,3,Q3,Q3
https://openalex.org/W1971444265,00214922,-,,5,3,Unranked,Q3
https://openalex.org/W1971483289,00179310,Q1,,1,1,Q1,Q1
https://openalex.org/W1971488570,09532048,Q1,,1,1,Q1,Q1
https://openalex.org/W1971503055,00223093,Q1,,2,2,Q2,Q2
https://openalex.org/W1971523266,09253467,Q2,,2,2,Q2,Q2
https://openalex.org/W1971534482,09698043,Q1,,2,2,Q2,Q2
https://openalex.org/W1971580511,10637842,Q3,,3,3,Q3,Q3
https://openalex.org/W1971595723,09244247,Q1,,1,1,Q1,Q1
https://openalex.org/W1971605755,0168583X,Q2,,2,2,Q2,Q2
https://openalex.org/W1971630451,02731177,-,,5,5,Unranked,Unranked
https://openalex.org/W1971631886,00150193,Q3,,3,3,Q3,Q3
https://openalex.org/W1971715666,03048853,Q2,,2,2,Q2,Q2
https://openalex.org/W1971716174,02578972,Q1,,1,1,Q1,Q1
https://openalex.org/W1971752910,00346748,Q1,,1,1,Q1,Q1
https://openalex.org/W1971792166,0042207X,Q2,,2,2,Q2,Q2
https://openalex.org/W1971807616,09532048,Q1,,1,1,Q1,Q1
https://openalex.org/W1971816808,0167577X,Q2,,2,2,Q2,Q2
https://openalex.org/W1971827935,1068820X,Q4,,4,4,Q4,Q4
https://openalex.org/W1971836047,01469592,Q1,,1,1,Q1,Q1
https://openalex.org/W1971837341,09215107,Q2,,2,2,Q2,Q2
https://openalex.org/W1971842590,0969806X,Q3,,2,2,Q2,Q2
https://openalex.org/W1971842635,15306984,Q1,,1,1,Q1,Q1
https://openalex.org/W1971858756,00320633,Q2,,2,2,Q2,Q2
https://openalex.org/W1971859237,00223727,Q1,,1,1,Q1,Q1
https://openalex.org/W1971862384,00134651,Q1,,1,1,Q1,Q1
https://openalex.org/W1971897411,00214922,-,,5,3,Unranked,Q3
https://openalex.org/W1971909673,07437463,Q1,,1,1,Q1,Q1
https://openalex.org/W1971943225,03048853,Q2,,2,2,Q2,Q2
https://openalex.org/W1971952711,02578972,Q1,,1,1,Q1,Q1
https://openalex.org/W1971953196,09698043,Q1,,2,2,Q2,Q2
https://openalex.org/W1971982915,09254005,Q1,,1,1,Q1,Q1
https://openalex.org/W1972002213,08952477,Q2,,3,3,Q3,Q3
https://openalex.org/W1972011884,14639076,Q1,,1,1,Q1,Q1
https://openalex.org/W1972023104,02670836,Q2,,2,2,Q2,Q2
https://openalex.org/W1972081879,09335137,Q3,,3,3,Q3,Q3
https://openalex.org/W1972126498,09698043,Q1,,2,2,Q2,Q2
https://openalex.org/W1972147426,13871811,Q1,,1,1,Q1,Q1
https://openalex.org/W1972162596,09215107,Q2,,2,2,Q2,Q2
https://openalex.org/W1972172013,00036951,Q1,,1,1,Q1,Q1
https://openalex.org/W1972179821,00036951,Q1,,1,1,Q1,Q1
https://openalex.org/W1972208125,14226944,Q4,,4,4,Q4,Q4
https://openalex.org/W1972227203,02731177,-,,5,5,Unranked,Unranked
https://openalex.org/W1972257716,00406031,Q2,,2,2,Q2,Q2
https://openalex.org/W1972274570,12900729,Q2,,1,1,Q1,Q1
https://openalex.org/W1972287108,00262714,Q2,,2,2,Q2,Q2
https://openalex.org/W1972291951,02578972,Q1,,1,1,Q1,Q1
https://openalex.org/W1972320612,00255408,Q2,,2,2,Q2,Q2
https://openalex.org/W1972332562,0030400X,Q3,,3,3,Q3,Q3
https://openalex.org/W1972341053,15287483,Q1,,1,1,Q1,Q1
https://openalex.org/W1972353025,17425468,-,,3,3,Q3,Q3
https://openalex.org/W1972362419,01694332,-,,5,5,Unranked,Unranked
https://openalex.org/W1972370052,00223115,Q2,,2,2,Q2,Q2
https://openalex.org/W1972416506,13504495,Q2,,2,2,Q2,Q2
https://openalex.org/W1972418633,09215107,Q2,,2,2,Q2,Q2
https://openalex.org/W1972426402,00220248,Q1,,2,2,Q2,Q2
https://openalex.org/W1972477262,02578972,Q1,,1,1,Q1,Q1
https://openalex.org/W1972494379,02540584,Q2,,2,2,Q2,Q2
https://openalex.org/W1972503451,10637826,Q3,,3,3,Q3,Q3
https://openalex.org/W1972532334,00112275,Q1,,2,2,Q2,Q2
https://openalex.org/W1972564677,03043886,Q3,,2,2,Q2,Q2
https://openalex.org/W1972584357,00036951,Q1,,1,1,Q1,Q1
https://openalex.org/W1972612640,00218979,Q1,,1,1,Q1,Q1
https://openalex.org/W1972628541,01694332,-,,5,5,Unranked,Unranked
https://openalex.org/W1972632641,01689002,Q1,,1,1,Q1,Q1
https://openalex.org/W1972659350,00029505,Q2,,2,2,Q2,Q2
https://openalex.org/W1972690758,00304018,Q1,,2,2,Q2,Q2
https://openalex.org/W1972706757,0022460X,Q1,,1,1,Q1,Q1
https://openalex.org/W1972715072,02540584,Q2,,2,2,Q2,Q2
https://openalex.org/W1972716312,00143057,Q2,,1,1,Q1,Q1
https://openalex.org/W1972736845,09215107,Q2,,2,2,Q2,Q2
https://openalex.org/W1972758711,00036951,Q1,,1,1,Q1,Q1
https://openalex.org/W1972761277,00406031,Q2,,2,2,Q2,Q2
https://openalex.org/W1972766610,00936413,Q2,,2,2,Q2,Q2
https://openalex.org/W1972773573,10637788,Q3,,3,3,Q3,Q3
https://openalex.org/W1972782754,00218979,Q1,,1,1,Q1,Q1
https://openalex.org/W1972816480,00223115,Q2,,2,2,Q2,Q2
https://openalex.org/W1972824757,00150193,Q3,,3,3,Q3,Q3
https://openalex.org/W1972924628,03048853,Q2,,2,2,Q2,Q2
https://openalex.org/W1972994134,07437463,Q1,,1,1,Q1,Q1
https://openalex.org/W1973012575,03015629,Q1,,1,1,Q1,Q1
https://openalex.org/W1973021083,13697021,Q2,,1,1,Q1,Q1
https://openalex.org/W1973085270,10735623,Q1,,1,1,Q1,Q1
https://openalex.org/W1973100279,09214534,Q2,,2,2,Q2,Q2
https://openalex.org/W1973130520,09244247,Q1,,1,1,Q1,Q1
https://openalex.org/W1973145872,0042207X,Q2,,2,2,Q2,Q2
https://openalex.org/W1973147832,1042346X,Q2,,2,2,Q2,Q2
https://openalex.org/W1973149877,00223093,Q1,,2,2,Q2,Q2
https://openalex.org/W1973170189,03615235,Q1,,2,2,Q2,Q2
https://openalex.org/W1973186112,10980121,Q1,,1,1,Q1,Q1
https://openalex.org/W1973217557,09244247,Q1,,1,1,Q1,Q1
https://openalex.org/W1973249221,01413910,Q1,,1,1,Q1,Q1
https://openalex.org/W1973272602,02578972,Q1,,1,1,Q1,Q1
https://openalex.org/W1973273431,0042207X,Q2,,2,2,Q2,Q2
https://openalex.org/W1973301715,00406090,Q2,,2,2,Q2,Q2
https://openalex.org/W1973308318,01448420,Q3,,2,2,Q2,Q2
https://openalex.org/W1973334713,01694332,-,,5,5,Unranked,Unranked
https://openalex.org/W1973355953,09215093,Q1,,1,1,Q1,Q1
https://openalex.org/W1973364117,03043843,Q3,,3,3,Q3,Q3
https://openalex.org/W1973368436,00036951,Q1,,1,1,Q1,Q1
https://openalex.org/W1973400841,13861425,Q2,,2,2,Q2,Q2
https://openalex.org/W1973451592,01413910,Q1,,1,1,Q1,Q1
https://openalex.org/W1973471052,03796779,Q2,,2,2,Q2,Q2
https://openalex.org/W1973526314,09277757,-,,5,5,Unranked,Unranked
https://openalex.org/W1973530791,07437463,Q1,,1,1,Q1,Q1
https://openalex.org/W1973540788,0195928X,Q2,,3,3,Q3,Q3
https://openalex.org/W1973549063,13492543,-,,4,4,Q4,Q4
https://openalex.org/W1973574723,09570233,Q1,,1,1,Q1,Q1
https://openalex.org/W1973575109,00406090,Q2,,2,2,Q2,Q2
https://openalex.org/W1973585720,00386308,Q2,,1,1,Q1,Q1
https://openalex.org/W1973587456,00431648,Q1,,1,1,Q1,Q1
https://openalex.org/W1973609419,00223093,Q1,,2,2,Q2,Q2
https://openalex.org/W1973621120,00102180,Q1,,1,1,Q1,Q1
https://openalex.org/W1973625665,14381656,Q2,,1,1,Q1,Q1
https://openalex.org/W1973667087,00036951,Q1,,1,1,Q1,Q1
https://openalex.org/W1973703452,09244247,Q1,,1,1,Q1,Q1
https://openalex.org/W1973727014,03615235,Q1,,2,2,Q2,Q2
https://openalex.org/W1973728700,10106030,Q2,,2,2,Q2,Q2
https://openalex.org/W1973770730,09570233,Q1,,1,1,Q1,Q1
https://openalex.org/W1973796593,09253467,Q2,,2,2,Q2,Q2
https://openalex.org/W1973821162,0168583X,Q2,,2,2,Q2,Q2
https://openalex.org/W1973824067,00220248,Q1,,2,2,Q2,Q2
https://openalex.org/W1973840168,00036951,Q1,,1,1,Q1,Q1
https://openalex.org/W1973870392,00029505,Q2,,2,2,Q2,Q2
https://openalex.org/W1973952900,00218979,Q1,,1,1,Q1,Q1
https://openalex.org/W1973968829,08876266,Q1,,1,1,Q1,Q1
https://openalex.org/W1973977277,09215093,Q1,,1,1,Q1,Q1
https://openalex.org/W1973981862,00036951,Q1,,1,1,Q1,Q1
https://openalex.org/W1973984610,00304018,Q1,,2,2,Q2,Q2
https://openalex.org/W1973992861,00218979,Q1,,1,1,Q1,Q1
https://openalex.org/W1974015612,00303992,Q2,,2,2,Q2,Q2
https://openalex.org/W1974036580,09277757,-,,5,5,Unranked,Unranked
https://openalex.org/W1974051732,00218979,Q1,,1,1,Q1,Q1
https://openalex.org/W1974057737,01694332,-,,5,5,Unranked,Unranked
https://openalex.org/W1974218220,00346748,Q1,,1,1,Q1,Q1
https://openalex.org/W1974254860,09284931,Q2,,2,2,Q2,Q2
https://openalex.org/W1974276939,0167577X,Q2,,2,2,Q2,Q2
https://openalex.org/W1974313395,0889311X,Q3,,1,2,Q1,Q2
https://openalex.org/W1974316857,0969806X,Q3,,2,2,Q2,Q2
https://openalex.org/W1974319338,09254005,Q1,,1,1,Q1,Q1
https://openalex.org/W1974321494,09215107,Q2,,2,2,Q2,Q2
https://openalex.org/W1974323691,01448420,Q3,,2,2,Q2,Q2
https://openalex.org/W1974336335,03048853,Q2,,2,2,Q2,Q2
https://openalex.org/W1974350994,15989623,Q3,,2,2,Q2,Q2
https://openalex.org/W1974367481,00346748,Q1,,1,1,Q1,Q1
https://openalex.org/W1974371148,01694332,-,,5,5,Unranked,Unranked
https://openalex.org/W1974421316,00255408,Q2,,2,2,Q2,Q2
https://openalex.org/W1974440190,00936413,Q2,,2,2,Q2,Q2
https://openalex.org/W1974461383,09532048,Q1,,1,1,Q1,Q1
https://openalex.org/W1974462830,00223093,Q1,,2,2,Q2,Q2
https://openalex.org/W1974483979,0301679X,Q2,,1,1,Q1,Q1
https://openalex.org/W1974516170,01469592,Q1,,1,1,Q1,Q1
https://openalex.org/W1974522274,09277757,-,,5,5,Unranked,Unranked
https://openalex.org/W1974526194,00295493,Q2,,2,2,Q2,Q2
https://openalex.org/W1974540896,09244247,Q1,,1,1,Q1,Q1
https://openalex.org/W1974575432,00214922,-,,5,3,Unranked,Q3
https://openalex.org/W1974684490,0167577X,Q2,,2,2,Q2,Q2
https://openalex.org/W1974701479,09270256,Q2,,1,1,Q1,Q1
https://openalex.org/W1974721853,00218979,Q1,,1,1,Q1,Q1
https://openalex.org/W1974724727,00406031,Q2,,2,2,Q2,Q2
https://openalex.org/W1974735496,01672738,Q1,,1,1,Q1,Q1
https://openalex.org/W1974749693,09254005,Q1,,1,1,Q1,Q1
https://openalex.org/W1974760155,00295493,Q2,,2,2,Q2,Q2
https://openalex.org/W1974787314,09215093,Q1,,1,1,Q1,Q1
https://openalex.org/W1974788729,15306984,Q1,,1,1,Q1,Q1
https://openalex.org/W1974819891,03048853,Q2,,2,2,Q2,Q2
https://openalex.org/W1974829601,15989623,Q3,,2,2,Q2,Q2
https://openalex.org/W1974838924,09205071,Q2,,3,3,Q3,Q3
https://openalex.org/W1974842162,09214534,Q2,,2,2,Q2,Q2
https://openalex.org/W1974852036,01689002,Q1,,1,1,Q1,Q1
https://openalex.org/W1974892609,03796779,Q2,,2,2,Q2,Q2
https://openalex.org/W1974906035,09214526,Q2,,2,2,Q2,Q2
https://openalex.org/W1974912807,00406090,Q2,,2,2,Q2,Q2
https://openalex.org/W1974919480,09280707,Q2,,2,2,Q2,Q2
https://openalex.org/W1974949857,00036951,Q1,,1,1,Q1,Q1
https://openalex.org/W1974967019,10502947,Q1,,1,1,Q1,Q1
https://openalex.org/W1974970547,09698043,Q1,,2,2,Q2,Q2
https://openalex.org/W1974973413,10992871,Q4,,3,3,Q3,Q3
https://openalex.org/W1974991624,03048853,Q2,,2,2,Q2,Q2
https://openalex.org/W1975011977,16122011,-,,1,1,Q1,Q1
https://openalex.org/W1975016526,01672738,Q1,,1,1,Q1,Q1
https://openalex.org/W1975037952,02681242,Q1,,1,1,Q1,Q1
https://openalex.org/W1975074800,0168583X,Q2,,2,2,Q2,Q2
https://openalex.org/W1975124485,00319007,Q1,,1,1,Q1,Q1
https://openalex.org/W1975140429,00220248,Q1,,2,2,Q2,Q2
https://openalex.org/W1975153581,09215093,Q1,,1,1,Q1,Q1
https://openalex.org/W1975168108,00223115,Q2,,2,2,Q2,Q2
https://openalex.org/W1975177997,10637850,Q3,,3,3,Q3,Q3
https://openalex.org/W1975192646,01694243,Q2,,3,3,Q3,Q3
https://openalex.org/W1975203882,00214922,-,,5,3,Unranked,Q3
https://openalex.org/W1975207172,14690667,Q3,,2,2,Q2,Q2
https://openalex.org/W1975210769,00036951,Q1,,1,1,Q1,Q1
https://openalex.org/W1975239148,02731177,-,,5,5,Unranked,Unranked
https://openalex.org/W1975259723,09698043,Q1,,2,2,Q2,Q2
https://openalex.org/W1975284500,01694332,-,,5,5,Unranked,Unranked
https://openalex.org/W1975289674,10944087,Q1,,1,1,Q1,Q1
https://openalex.org/W1975302407,03048853,Q2,,2,2,Q2,Q2
https://openalex.org/W1975323444,00223131,Q3,,3,3,Q3,Q3
https://openalex.org/W1975326927,00220248,Q1,,2,2,Q2,Q2
https://openalex.org/W1975365302,00223093,Q1,,2,2,Q2,Q2
https://openalex.org/W1975385282,09650393,Q1,,1,1,Q1,Q1
https://openalex.org/W1975437340,00224596,Q2,,2,2,Q2,Q2
https://openalex.org/W1975439129,00219037,Q4,,4,4,Q4,Q4
https://openalex.org/W1975441729,00220248,Q1,,2,2,Q2,Q2
https://openalex.org/W1975458642,00134651,Q1,,1,1,Q1,Q1
https://openalex.org/W1975502309,00218979,Q1,,1,1,Q1,Q1
https://openalex.org/W1975517314,10980121,Q1,,1,1,Q1,Q1
https://openalex.org/W1975550999,0167577X,Q2,,2,2,Q2,Q2
https://openalex.org/W1975559552,03048853,Q2,,2,2,Q2,Q2
https://openalex.org/W1975573488,02681242,Q1,,1,1,Q1,Q1
https://openalex.org/W1975588655,00223115,Q2,,2,2,Q2,Q2
https://openalex.org/W1975596561,02578972,Q1,,1,1,Q1,Q1
https://openalex.org/W1975603152,00262714,Q2,,2,2,Q2,Q2
https://openalex.org/W1975603636,13506501,Q2,,2,2,Q2,Q2
https://openalex.org/W1975606580,03048853,Q2,,2,2,Q2,Q2
https://openalex.org/W1975668651,00036951,Q1,,1,1,Q1,Q1
https://openalex.org/W1975679027,00406090,Q2,,2,2,Q2,Q2
https://openalex.org/W1975684227,03048853,Q2,,2,2,Q2,Q2
https://openalex.org/W1975699977,02540584,Q2,,2,2,Q2,Q2
https://openalex.org/W1975702971,10445803,Q2,,1,1,Q1,Q1
https://openalex.org/W1975704564,00220248,Q1,,2,2,Q2,Q2
https://openalex.org/W1975707380,09215093,Q1,,1,1,Q1,Q1
https://openalex.org/W1975734864,0022460X,Q1,,1,1,Q1,Q1
https://openalex.org/W1975736355,09491775,Q2,,2,2,Q2,Q2
https://openalex.org/W1975742293,00204412,Q4,,3,3,Q3,Q3
https://openalex.org/W1975745513,1077260X,Q1,,1,1,Q1,Q1
https://openalex.org/W1975779337,00346748,Q1,,1,1,Q1,Q1
https://openalex.org/W1975792350,00406090,Q2,,2,2,Q2,Q2
https://openalex.org/W1975793472,09254005,Q1,,1,1,Q1,Q1
https://openalex.org/W1975867981,0167577X,Q2,,2,2,Q2,Q2
https://openalex.org/W1975899884,00036951,Q1,,1,1,Q1,Q1
https://openalex.org/W1975980236,09253467,Q2,,2,2,Q2,Q2
https://openalex.org/W1975988718,00223697,Q2,,2,2,Q2,Q2
https://openalex.org/W1976007883,00036951,Q1,,1,1,Q1,Q1
https://openalex.org/W1976040629,01430807,Q3,,2,2,Q2,Q2
https://openalex.org/W1976068894,03048853,Q2,,2,2,Q2,Q2
https://openalex.org/W1976101875,09254005,Q1,,1,1,Q1,Q1
https://openalex.org/W1976116594,09214534,Q2,,2,2,Q2,Q2
https://openalex.org/W1976152090,13861425,Q2,,2,2,Q2,Q2
https://openalex.org/W1976163349,00220248,Q1,,2,2,Q2,Q2
https://openalex.org/W1976182127,00223115,Q2,,2,2,Q2,Q2
https://openalex.org/W1976198562,08968446,Q1,,1,1,Q1,Q1
https://openalex.org/W1976201796,09215107,Q2,,2,2,Q2,Q2
https://openalex.org/W1976255400,00207683,Q1,,1,1,Q1,Q1
https://openalex.org/W1976276170,00134651,Q1,,1,1,Q1,Q1
https://openalex.org/W1976291217,00036951,Q1,,1,1,Q1,Q1
https://openalex.org/W1976301277,00319007,Q1,,1,1,Q1,Q1
https://openalex.org/W1976311743,00179310,Q1,,1,1,Q1,Q1
https://openalex.org/W1976320478,00036951,Q1,,1,1,Q1,Q1
https://openalex.org/W1976361453,09215093,Q1,,1,1,Q1,Q1
https://openalex.org/W1976414290,0969806X,Q3,,2,2,Q2,Q2
https://openalex.org/W1976415096,09277757,-,,5,5,Unranked,Unranked
https://openalex.org/W1976423683,0167577X,Q2,,2,2,Q2,Q2
https://openalex.org/W1976432462,03015629,Q1,,1,1,Q1,Q1
https://openalex.org/W1976436957,00303992,Q2,,2,2,Q2,Q2
https://openalex.org/W1976479452,00214922,-,,5,3,Unranked,Q3
https://openalex.org/W1976481531,05848547,Q1,,1,1,Q1,Q1
https://openalex.org/W1976481674,07342101,Q1,,2,2,Q2,Q2
https://openalex.org/W1976495182,00262714,Q2,,2,2,Q2,Q2
https://openalex.org/W1976567291,00036951,Q1,,1,1,Q1,Q1
https://openalex.org/W1976579374,01448420,Q3,,2,2,Q2,Q2
https://openalex.org/W1976579391,00406090,Q2,,2,2,Q2,Q2
https://openalex.org/W1976635566,07437463,Q1,,1,1,Q1,Q1
https://openalex.org/W1976660667,00406090,Q2,,2,2,Q2,Q2
https://openalex.org/W1976674100,03759474,Q1,,1,1,Q1,Q1
https://openalex.org/W1976774076,00018686,Q1,,1,1,Q1,Q1
https://openalex.org/W1976792951,15306984,Q1,,1,1,Q1,Q1
https://openalex.org/W1976798160,09244247,Q1,,1,1,Q1,Q1
https://openalex.org/W1976822956,09244247,Q1,,1,1,Q1,Q1
https://openalex.org/W1976851010,10706631,Q1,,1,1,Q1,Q1
https://openalex.org/W1976877091,00223093,Q1,,2,2,Q2,Q2
https://openalex.org/W1976903386,00319007,Q1,,1,1,Q1,Q1
https://openalex.org/W1976916174,01689002,Q1,,1,1,Q1,Q1
https://openalex.org/W1976943059,09214526,Q2,,2,2,Q2,Q2
https://openalex.org/W1977001896,0167577X,Q2,,2,2,Q2,Q2
https://openalex.org/W1977018108,02731177,-,,5,5,Unranked,Unranked
https://openalex.org/W1977039652,00214876,Q3,,3,3,Q3,Q3
https://openalex.org/W1977118002,13861425,Q2,,2,2,Q2,Q2
https://openalex.org/W1977126050,09277757,-,,5,5,Unranked,Unranked
https://openalex.org/W1977143850,00223093,Q1,,2,2,Q2,Q2
https://openalex.org/W1977176886,00036951,Q1,,1,1,Q1,Q1
https://openalex.org/W1977180107,02321300,Q3,,3,3,Q3,Q3
https://openalex.org/W1977194182,00262714,Q2,,2,2,Q2,Q2
https://openalex.org/W1977202825,00218979,Q1,,1,1,Q1,Q1
https://openalex.org/W1977209314,00150193,Q3,,3,3,Q3,Q3
https://openalex.org/W1977247126,07424787,Q1,,2,2,Q2,Q2
https://openalex.org/W1977281293,03048853,Q2,,2,2,Q2,Q2
https://openalex.org/W1977311623,0167577X,Q2,,2,2,Q2,Q2
https://openalex.org/W1977344710,00223727,Q1,,1,1,Q1,Q1
https://openalex.org/W1977404976,03784371,Q2,,2,2,Q2,Q2
https://openalex.org/W1977409929,09253467,Q2,,2,2,Q2,Q2
https://openalex.org/W1977418782,00214922,-,,5,3,Unranked,Q3
https://openalex.org/W1977422853,10944087,Q1,,1,1,Q1,Q1
https://openalex.org/W1977441581,09570233,Q1,,1,1,Q1,Q1
https://openalex.org/W1977444832,00220248,Q1,,2,2,Q2,Q2
https://openalex.org/W1977455932,09698043,Q1,,2,2,Q2,Q2
https://openalex.org/W1977492106,00102180,Q1,,1,1,Q1,Q1
https://openalex.org/W1977517064,07234864,Q2,,1,1,Q1,Q1
https://openalex.org/W1977525553,00036951,Q1,,1,1,Q1,Q1
https://openalex.org/W1977580072,13672630,Q1,,1,1,Q1,Q1
https://openalex.org/W1977583664,00223093,Q1,,2,2,Q2,Q2
https://openalex.org/W1977608084,00220248,Q1,,2,2,Q2,Q2
https://openalex.org/W1977680756,00104655,Q1,,1,1,Q1,Q1
https://openalex.org/W1977736474,0030400X,Q3,,3,3,Q3,Q3
https://openalex.org/W1977737520,00346748,Q1,,1,1,Q1,Q1
https://openalex.org/W1977739121,10907807,Q1,,1,1,Q1,Q1
https://openalex.org/W1977776896,00134651,Q1,,1,1,Q1,Q1
https://openalex.org/W1977786794,09215093,Q1,,1,1,Q1,Q1
https://openalex.org/W1977797071,02578972,Q1,,1,1,Q1,Q1
https://openalex.org/W1977817196,08952477,Q2,,3,3,Q3,Q3
https://openalex.org/W1977819974,03048853,Q2,,2,2,Q2,Q2
https://openalex.org/W1977848209,02540584,Q2,,2,2,Q2,Q2
https://openalex.org/W1977867342,02632241,Q3,,2,2,Q2,Q2
https://openalex.org/W1977905797,00406090,Q2,,2,2,Q2,Q2
https://openalex.org/W1977911496,13621718,Q2,,1,1,Q1,Q1
https://openalex.org/W1977914772,09215107,Q2,,2,2,Q2,Q2
https://openalex.org/W1977939829,0168583X,Q2,,2,2,Q2,Q2
https://openalex.org/W1977958415,09215093,Q1,,1,1,Q1,Q1
https://openalex.org/W1977971252,15287483,Q1,,1,1,Q1,Q1
https://openalex.org/W1977999772,03048853,Q2,,2,2,Q2,Q2
https://openalex.org/W1978014442,10032169,Q4,,3,3,Q3,Q3
https://openalex.org/W1978025846,00220248,Q1,,2,2,Q2,Q2
https://openalex.org/W1978041144,09244247,Q1,,1,1,Q1,Q1
https://openalex.org/W1978073298,13596462,Q1,,1,1,Q1,Q1
https://openalex.org/W1978073831,00220248,Q1,,2,2,Q2,Q2
https://openalex.org/W1978092554,03048853,Q2,,2,2,Q2,Q2
https://openalex.org/W1978095197,00406090,Q2,,2,2,Q2,Q2
https://openalex.org/W1978100238,09215093,Q1,,1,1,Q1,Q1
https://openalex.org/W1978109997,00036951,Q1,,1,1,Q1,Q1
https://openalex.org/W1978160175,02578972,Q1,,1,1,Q1,Q1
https://openalex.org/W1978182018,02731177,-,,5,5,Unranked,Unranked
https://openalex.org/W1978241684,10298479,Q1,,1,1,Q1,Q1
https://openalex.org/W1978242915,10847529,Q1,,1,1,Q1,Q1
https://openalex.org/W1978248521,00223115,Q2,,2,2,Q2,Q2
https://openalex.org/W1978254363,01672738,Q1,,1,1,Q1,Q1
https://openalex.org/W1978256835,02578972,Q1,,1,1,Q1,Q1
https://openalex.org/W1978257880,07413335,Q1,,1,1,Q1,Q1
https://openalex.org/W1978307855,01291831,Q2,,3,3,Q3,Q3
https://openalex.org/W1978359323,0042207X,Q2,,2,2,Q2,Q2
https://openalex.org/W1978367342,01469592,Q1,,1,1,Q1,Q1
https://openalex.org/W1978386580,07342101,Q1,,2,2,Q2,Q2
https://openalex.org/W1978386917,00346748,Q1,,1,1,Q1,Q1
https://openalex.org/W1978424661,0042207X,Q2,,2,2,Q2,Q2
https://openalex.org/W1978434632,01672738,Q1,,1,1,Q1,Q1
https://openalex.org/W1978470595,02540584,Q2,,2,2,Q2,Q2
https://openalex.org/W1978490973,01672738,Q1,,1,1,Q1,Q1
https://openalex.org/W1978530347,0022460X,Q1,,1,1,Q1,Q1
https://openalex.org/W1978573848,13565362,Q3,,4,4,Q4,Q4
https://openalex.org/W1978590004,00222313,Q1,,2,2,Q2,Q2
https://openalex.org/W1978602175,02578972,Q1,,1,1,Q1,Q1
https://openalex.org/W1978626413,07424787,Q1,,2,2,Q2,Q2
https://openalex.org/W1978670568,08952477,Q2,,3,3,Q3,Q3
https://openalex.org/W1978672391,00143057,Q2,,1,1,Q1,Q1
https://openalex.org/W1978677005,13876473,Q2,,2,2,Q2,Q2
https://openalex.org/W1978692278,0042207X,Q2,,2,2,Q2,Q2
https://openalex.org/W1978767556,09254005,Q1,,1,1,Q1,Q1
https://openalex.org/W1978806918,09698043,Q1,,2,2,Q2,Q2
https://openalex.org/W1978813456,09244247,Q1,,1,1,Q1,Q1
https://openalex.org/W1978842082,00037028,Q1,,2,2,Q2,Q2
https://openalex.org/W1978888375,13596462,Q1,,1,1,Q1,Q1
https://openalex.org/W1978896691,00214876,Q3,,3,3,Q3,Q3
https://openalex.org/W1978917075,09215093,Q1,,1,1,Q1,Q1
https://openalex.org/W1978926284,13596462,Q1,,1,1,Q1,Q1
https://openalex.org/W1978937716,0003682X,Q2,,1,1,Q1,Q1
https://openalex.org/W1978943158,01689002,Q1,,1,1,Q1,Q1
https://openalex.org/W1978983484,00036951,Q1,,1,1,Q1,Q1
https://openalex.org/W1978990849,00134651,Q1,,1,1,Q1,Q1
https://openalex.org/W1978997629,09214534,Q2,,2,2,Q2,Q2
https://openalex.org/W1979009188,00143057,Q2,,1,1,Q1,Q1
https://openalex.org/W1979024493,00346748,Q1,,1,1,Q1,Q1
https://openalex.org/W1979044326,0969806X,Q3,,2,2,Q2,Q2
https://openalex.org/W1979048724,09600779,-,,5,5,Unranked,Unranked
https://openalex.org/W1979060194,09698043,Q1,,2,2,Q2,Q2
https://openalex.org/W1979060235,10238883,Q2,,1,1,Q1,Q1
https://openalex.org/W1979085721,01677322,Q2,,2,2,Q2,Q2
https://openalex.org/W1979092461,00406031,Q2,,2,2,Q2,Q2
https://openalex.org/W1979106136,09215093,Q1,,1,1,Q1,Q1
https://openalex.org/W1979106852,09650393,Q1,,1,1,Q1,Q1
https://openalex.org/W1979117316,09254005,Q1,,1,1,Q1,Q1
https://openalex.org/W1979221508,01469592,Q1,,1,1,Q1,Q1
https://openalex.org/W1979263688,03019322,Q1,,1,1,Q1,Q1
https://openalex.org/W1979266741,00036951,Q1,,1,1,Q1,Q1
https://openalex.org/W1979283237,00220248,Q1,,2,2,Q2,Q2
https://openalex.org/W1979298473,09253467,Q2,,2,2,Q2,Q2
https://openalex.org/W1979300756,00036951,Q1,,1,1,Q1,Q1
https://openalex.org/W1979326512,15287483,Q1,,1,1,Q1,Q1
https://openalex.org/W1979348943,00223093,Q1,,2,2,Q2,Q2
https://openalex.org/W1979369055,00220248,Q1,,2,2,Q2,Q2
https://openalex.org/W1979376205,00218979,Q1,,1,1,Q1,Q1
https://openalex.org/W1979390857,1070664X,Q1,,1,1,Q1,Q1
https://openalex.org/W1979438845,00224596,Q2,,2,2,Q2,Q2
https://openalex.org/W1979469869,00223727,Q1,,1,1,Q1,Q1
https://openalex.org/W1979473941,02578972,Q1,,1,1,Q1,Q1
https://openalex.org/W1979486043,05848547,Q1,,1,1,Q1,Q1
https://openalex.org/W1979490332,00346748,Q1,,1,1,Q1,Q1
https://openalex.org/W1979508699,00218979,Q1,,1,1,Q1,Q1
https://openalex.org/W1979525250,0167577X,Q2,,2,2,Q2,Q2
https://openalex.org/W1979530264,01694332,-,,5,5,Unranked,Unranked
https://openalex.org/W1979534313,01469592,Q1,,1,1,Q1,Q1
https://openalex.org/W1979568104,09259635,Q1,,1,1,Q1,Q1
https://openalex.org/W1979577846,13873806,Q1,,1,1,Q1,Q1
https://openalex.org/W1979672734,00304018,Q1,,2,2,Q2,Q2
https://openalex.org/W1979681423,01469592,Q1,,1,1,Q1,Q1
https://openalex.org/W1979705567,13861425,Q2,,2,2,Q2,Q2
https://openalex.org/W1979720533,00223093,Q1,,2,2,Q2,Q2
https://openalex.org/W1979746435,09555986,Q3,,2,2,Q2,Q2
https://openalex.org/W1979750937,13698001,Q2,,2,2,Q2,Q2
https://openalex.org/W1979770517,00102180,Q1,,1,1,Q1,Q1
https://openalex.org/W1979786638,00104655,Q1,,1,1,Q1,Q1
https://openalex.org/W1979788493,00218979,Q1,,1,1,Q1,Q1
https://openalex.org/W1979796238,01694332,-,,5,5,Unranked,Unranked
https://openalex.org/W1979802922,0969806X,Q3,,2,2,Q2,Q2
https://openalex.org/W1979823450,10445803,Q2,,1,1,Q1,Q1
https://openalex.org/W1979913613,00223727,Q1,,1,1,Q1,Q1
https://openalex.org/W1979939136,01672738,Q1,,1,1,Q1,Q1
https://openalex.org/W1979957541,0195928X,Q2,,3,3,Q3,Q3
https://openalex.org/W1979988465,09244247,Q1,,1,1,Q1,Q1
https://openalex.org/W1980008341,00913286,Q2,,2,2,Q2,Q2
https://openalex.org/W1980014995,0142727X,Q1,,1,1,Q1,Q1
https://openalex.org/W1980018282,15989623,Q3,,2,2,Q2,Q2
https://openalex.org/W1980039752,00406090,Q2,,2,2,Q2,Q2
https://openalex.org/W1980090048,0969806X,Q3,,2,2,Q2,Q2
https://openalex.org/W1980107322,00219614,Q2,,1,1,Q1,Q1
https://openalex.org/W1980143028,13504487,Q2,,2,2,Q2,Q2
https://openalex.org/W1980189458,0167577X,Q2,,2,2,Q2,Q2
https://openalex.org/W1980211920,00220248,Q1,,2,2,Q2,Q2
https://openalex.org/W1980261097,00220248,Q1,,2,2,Q2,Q2
https://openalex.org/W1980291485,01413910,Q1,,1,1,Q1,Q1
https://openalex.org/W1980321970,00913286,Q2,,2,2,Q2,Q2
https://openalex.org/W1980330658,13596462,Q1,,1,1,Q1,Q1
https://openalex.org/W1980337840,0256307X,Q3,,3,3,Q3,Q3
https://openalex.org/W1980337989,03682048,Q1,,1,1,Q1,Q1
https://openalex.org/W1980341610,09215107,Q2,,2,2,Q2,Q2
https://openalex.org/W1980365860,00262714,Q2,,2,2,Q2,Q2
https://openalex.org/W1980375355,00431648,Q1,,1,1,Q1,Q1
https://openalex.org/W1980375589,00046256,Q1,,1,1,Q1,Q1
https://openalex.org/W1980376652,01689002,Q1,,1,1,Q1,Q1
https://openalex.org/W1980380984,02632241,Q3,,2,2,Q2,Q2
https://openalex.org/W1980385723,00406090,Q2,,2,2,Q2,Q2
https://openalex.org/W1980415388,02578972,Q1,,1,1,Q1,Q1
https://openalex.org/W1980444624,02540584,Q2,,2,2,Q2,Q2
https://openalex.org/W1980451291,00325899,Q3,,3,3,Q3,Q3
https://openalex.org/W1980488263,00036951,Q1,,1,1,Q1,Q1
https://openalex.org/W1980513741,09574522,Q2,,2,2,Q2,Q2
https://openalex.org/W1980525257,09698043,Q1,,2,2,Q2,Q2
https://openalex.org/W1980579429,03048853,Q2,,2,2,Q2,Q2
https://openalex.org/W1980586597,09215093,Q1,,1,1,Q1,Q1
https://openalex.org/W1980614812,13886150,Q3,,2,2,Q2,Q2
https://openalex.org/W1980629160,02731177,-,,5,5,Unranked,Unranked
https://openalex.org/W1980632655,00220248,Q1,,2,2,Q2,Q2
https://openalex.org/W1980646662,00913286,Q2,,2,2,Q2,Q2
https://openalex.org/W1980657423,10411135,Q1,,1,1,Q1,Q1
https://openalex.org/W1980685560,13861425,Q2,,2,2,Q2,Q2
https://openalex.org/W1980703364,00214922,-,,5,3,Unranked,Q3
https://openalex.org/W1980726718,00134651,Q1,,1,1,Q1,Q1
https://openalex.org/W1980734832,10637737,Q3,,3,3,Q3,Q3
https://openalex.org/W1980746585,03048853,Q2,,2,2,Q2,Q2
https://openalex.org/W1980775038,03048853,Q2,,2,2,Q2,Q2
https://openalex.org/W1980780419,00223093,Q1,,2,2,Q2,Q2
https://openalex.org/W1980785726,0022460X,Q1,,1,1,Q1,Q1
https://openalex.org/W1980802698,00214922,-,,5,3,Unranked,Q3
https://openalex.org/W1980805120,00036951,Q1,,1,1,Q1,Q1
https://openalex.org/W1980837067,09641726,Q1,,1,1,Q1,Q1
https://openalex.org/W1980837299,10980121,Q1,,1,1,Q1,Q1
https://openalex.org/W1980862947,0301679X,Q2,,1,1,Q1,Q1
https://openalex.org/W1980864608,00218979,Q1,,1,1,Q1,Q1
https://openalex.org/W1980885401,0042207X,Q2,,2,2,Q2,Q2
https://openalex.org/W1980902340,10637788,Q3,,3,3,Q3,Q3
https://openalex.org/W1980907980,09214534,Q2,,2,2,Q2,Q2
https://openalex.org/W1980907987,01413910,Q1,,1,1,Q1,Q1
https://openalex.org/W1980920055,00406090,Q2,,2,2,Q2,Q2
https://openalex.org/W1980949960,09215093,Q1,,1,1,Q1,Q1
https://openalex.org/W1980980838,01413910,Q1,,1,1,Q1,Q1
https://openalex.org/W1980981946,10106030,Q2,,2,2,Q2,Q2
https://openalex.org/W1980995010,0168583X,Q2,,2,2,Q2,Q2
https://openalex.org/W1981011214,09215093,Q1,,1,1,Q1,Q1
https://openalex.org/W1981021334,00214922,-,,5,3,Unranked,Q3
https://openalex.org/W1981041638,00223093,Q1,,2,2,Q2,Q2
https://openalex.org/W1981048312,13869477,Q2,,2,2,Q2,Q2
https://openalex.org/W1981054337,00029505,Q2,,2,2,Q2,Q2
https://openalex.org/W1981077083,09254005,Q1,,1,1,Q1,Q1
https://openalex.org/W1981093227,09477047,Q3,,2,2,Q2,Q2
https://openalex.org/W1981097521,00134651,Q1,,1,1,Q1,Q1
https://openalex.org/W1981103359,01679317,Q1,,2,2,Q2,Q2
https://openalex.org/W1981252345,09277056,Q2,,2,2,Q2,Q2
https://openalex.org/W1981281858,01672738,Q1,,1,1,Q1,Q1
https://openalex.org/W1981369213,02578972,Q1,,1,1,Q1,Q1
https://openalex.org/W1981378237,07437463,Q1,,1,1,Q1,Q1
https://openalex.org/W1981385755,13596462,Q1,,1,1,Q1,Q1
https://openalex.org/W1981414702,08952477,Q2,,3,3,Q3,Q3
https://openalex.org/W1981415265,10735615,Q1,,1,1,Q1,Q1
https://openalex.org/W1981452559,00046280,Q1,,1,1,Q1,Q1
https://openalex.org/W1981521910,09215093,Q1,,1,1,Q1,Q1
https://openalex.org/W1981522577,09244247,Q1,,1,1,Q1,Q1
https://openalex.org/W1981553177,09215093,Q1,,1,1,Q1,Q1
https://openalex.org/W1981589770,00214922,-,,5,3,Unranked,Q3
https://openalex.org/W1981591481,08952477,Q2,,3,3,Q3,Q3
https://openalex.org/W1981601210,01689002,Q1,,1,1,Q1,Q1
https://openalex.org/W1981618694,0969806X,Q3,,2,2,Q2,Q2
https://openalex.org/W1981628228,00224073,Q1,,1,1,Q1,Q1
https://openalex.org/W1981646881,00381101,Q2,,2,2,Q2,Q2
https://openalex.org/W1981666792,00036951,Q1,,1,1,Q1,Q1
https://openalex.org/W1981674607,14639076,Q1,,1,1,Q1,Q1
https://openalex.org/W1981677096,07413335,Q1,,1,1,Q1,Q1
https://openalex.org/W1981684741,09277056,Q2,,2,2,Q2,Q2
https://openalex.org/W1981692409,00134651,Q1,,1,1,Q1,Q1
https://openalex.org/W1981699083,00219606,Q1,,1,1,Q1,Q1
https://openalex.org/W1981729015,01694332,-,,5,5,Unranked,Unranked
https://openalex.org/W1981739341,00406090,Q2,,2,2,Q2,Q2
https://openalex.org/W1981776935,08952477,Q2,,3,3,Q3,Q3
https://openalex.org/W1981798620,00214922,-,,5,3,Unranked,Q3
https://openalex.org/W1981864788,02578972,Q1,,1,1,Q1,Q1
https://openalex.org/W1981878993,00214922,-,,5,3,Unranked,Q3
https://openalex.org/W1981924470,09215093,Q1,,1,1,Q1,Q1
https://openalex.org/W1981939911,02670836,Q2,,2,2,Q2,Q2
https://openalex.org/W1981944019,02540584,Q2,,2,2,Q2,Q2
https://openalex.org/W1981949726,01672738,Q1,,1,1,Q1,Q1
https://openalex.org/W1981966109,00346748,Q1,,1,1,Q1,Q1
https://openalex.org/W1982011469,0042207X,Q2,,2,2,Q2,Q2
https://openalex.org/W1982028330,03048853,Q2,,2,2,Q2,Q2
https://openalex.org/W1982028637,00036951,Q1,,1,1,Q1,Q1
https://openalex.org/W1982048157,03048853,Q2,,2,2,Q2,Q2
https://openalex.org/W1982050990,09698043,Q1,,2,2,Q2,Q2
https://openalex.org/W1982079432,03603199,Q1,,1,1,Q1,Q1
https://openalex.org/W1982088653,02681242,Q1,,1,1,Q1,Q1
https://openalex.org/W1982102773,09244247,Q1,,1,1,Q1,Q1
https://openalex.org/W1982154116,13873806,Q1,,1,1,Q1,Q1
https://openalex.org/W1982171908,09214534,Q2,,2,2,Q2,Q2
https://openalex.org/W1982172381,00295493,Q2,,2,2,Q2,Q2
https://openalex.org/W1982172827,00046256,Q1,,1,1,Q1,Q1
https://openalex.org/W1982183989,01413910,Q1,,1,1,Q1,Q1
https://openalex.org/W1982194312,01694332,-,,5,5,Unranked,Unranked
https://openalex.org/W1982200980,00406031,Q2,,2,2,Q2,Q2
https://openalex.org/W1982204499,10411135,Q1,,1,1,Q1,Q1
https://openalex.org/W1982206662,0168583X,Q2,,2,2,Q2,Q2
https://openalex.org/W1982285495,00406090,Q2,,2,2,Q2,Q2
https://openalex.org/W1982312477,00295515,Q1,,1,1,Q1,Q1
https://openalex.org/W1982328680,00223115,Q2,,2,2,Q2,Q2
https://openalex.org/W1982329048,0042207X,Q2,,2,2,Q2,Q2
https://openalex.org/W1982361996,02578972,Q1,,1,1,Q1,Q1
https://openalex.org/W1982375327,10980121,Q1,,1,1,Q1,Q1
https://openalex.org/W1982382706,00037028,Q1,,2,2,Q2,Q2
https://openalex.org/W1982386189,03048853,Q2,,2,2,Q2,Q2
https://openalex.org/W1982447702,08631042,Q3,,2,2,Q2,Q2
https://openalex.org/W1982460892,15671739,Q2,,2,2,Q2,Q2
https://openalex.org/W1982538081,0167577X,Q2,,2,2,Q2,Q2
https://openalex.org/W1982569681,00189456,Q2,,1,1,Q1,Q1
https://openalex.org/W1982578985,13861425,Q2,,2,2,Q2,Q2
https://openalex.org/W1982609955,15671739,Q2,,2,2,Q2,Q2
https://openalex.org/W1982619089,00014966,Q1,,1,1,Q1,Q1
https://openalex.org/W1982621330,00214922,-,,5,3,Unranked,Q3
https://openalex.org/W1982640634,09254005,Q1,,1,1,Q1,Q1
https://openalex.org/W1982646499,07496036,Q3,,2,2,Q2,Q2
https://openalex.org/W1982659627,02540584,Q2,,2,2,Q2,Q2
https://openalex.org/W1982699963,00036951,Q1,,1,1,Q1,Q1
https://openalex.org/W1982701319,03603199,Q1,,1,1,Q1,Q1
https://openalex.org/W1982738218,09253467,Q2,,2,2,Q2,Q2
https://openalex.org/W1982767223,01438166,Q2,,1,1,Q1,Q1
https://openalex.org/W1982784630,00406090,Q2,,2,2,Q2,Q2
https://openalex.org/W1982784675,09295607,Q2,,2,2,Q2,Q2
https://openalex.org/W1982805719,00406031,Q2,,2,2,Q2,Q2
https://openalex.org/W1982815629,00207683,Q1,,1,1,Q1,Q1
https://openalex.org/W1982828557,09276505,Q2,,1,1,Q1,Q1
https://openalex.org/W1982833462,13698001,Q2,,2,2,Q2,Q2
https://openalex.org/W1982852914,09259635,Q1,,1,1,Q1,Q1
https://openalex.org/W1982875391,00255408,Q2,,2,2,Q2,Q2
https://openalex.org/W1982894765,03048853,Q2,,2,2,Q2,Q2
https://openalex.org/W1982910440,00218979,Q1,,1,1,Q1,Q1
https://openalex.org/W1983016242,02578972,Q1,,1,1,Q1,Q1
https://openalex.org/W1983047065,09215093,Q1,,1,1,Q1,Q1
https://openalex.org/W1983120920,03701972,Q2,,2,2,Q2,Q2
https://openalex.org/W1983130555,00214922,-,,5,3,Unranked,Q3
https://openalex.org/W1983150817,12900729,Q2,,1,1,Q1,Q1
https://openalex.org/W1983155804,01694332,-,,5,5,Unranked,Unranked
https://openalex.org/W1983189280,03048853,Q2,,2,2,Q2,Q2
https://openalex.org/W1983199593,09254005,Q1,,1,1,Q1,Q1
https://openalex.org/W1983202286,13504487,Q2,,2,2,Q2,Q2
https://openalex.org/W1983207513,01469592,Q1,,1,1,Q1,Q1
https://openalex.org/W1983214066,00913286,Q2,,2,2,Q2,Q2
https://openalex.org/W1983265032,01672738,Q1,,1,1,Q1,Q1
https://openalex.org/W1983295594,00214922,-,,5,3,Unranked,Q3
https://openalex.org/W1983295907,00396028,Q1,,1,1,Q1,Q1
https://openalex.org/W1983296324,0030400X,Q3,,3,3,Q3,Q3
https://openalex.org/W1983340834,0167577X,Q2,,2,2,Q2,Q2
https://openalex.org/W1983344364,01677322,Q2,,2,2,Q2,Q2
https://openalex.org/W1983353108,08631042,Q3,,2,2,Q2,Q2
https://openalex.org/W1983372281,02540584,Q2,,2,2,Q2,Q2
https://openalex.org/W1983378324,00036951,Q1,,1,1,Q1,Q1
https://openalex.org/W1983384457,01469592,Q1,,1,1,Q1,Q1
https://openalex.org/W1983395965,09254005,Q1,,1,1,Q1,Q1
https://openalex.org/W1983419621,10599630,Q2,,2,2,Q2,Q2
https://openalex.org/W1983426018,02681242,Q1,,1,1,Q1,Q1
https://openalex.org/W1983444941,10735623,Q1,,1,1,Q1,Q1
https://openalex.org/W1983461099,01689002,Q1,,1,1,Q1,Q1
https://openalex.org/W1983484903,00223727,Q1,,1,1,Q1,Q1
https://openalex.org/W1983489375,09277765,Q3,,1,1,Q1,Q1
https://openalex.org/W1983489565,08927057,Q3,,3,3,Q3,Q3
https://openalex.org/W1983505199,00036951,Q1,,1,1,Q1,Q1
https://openalex.org/W1983510180,10637842,Q3,,3,3,Q3,Q3
https://openalex.org/W1983512707,0167577X,Q2,,2,2,Q2,Q2
https://openalex.org/W1983516417,01457632,Q2,,2,2,Q2,Q2
https://openalex.org/W1983527150,03682048,Q1,,1,1,Q1,Q1
https://openalex.org/W1983590135,15698025,-,,3,3,Q3,Q3
https://openalex.org/W1983598278,09244247,Q1,,1,1,Q1,Q1
https://openalex.org/W1983601094,00036951,Q1,,1,1,Q1,Q1
https://openalex.org/W1983603805,09244247,Q1,,1,1,Q1,Q1
https://openalex.org/W1983620707,00303992,Q2,,2,2,Q2,Q2
https://openalex.org/W1983645327,02578972,Q1,,1,1,Q1,Q1
https://openalex.org/W1983672220,00214922,-,,5,3,Unranked,Q3
https://openalex.org/W1983702175,00431648,Q1,,1,1,Q1,Q1
https://openalex.org/W1983707542,02540584,Q2,,2,2,Q2,Q2
https://openalex.org/W1983731832,00262714,Q2,,2,2,Q2,Q2
https://openalex.org/W1983752386,01694332,-,,5,5,Unranked,Unranked
https://openalex.org/W1983761642,00220248,Q1,,2,2,Q2,Q2
https://openalex.org/W1983784824,01469592,Q1,,1,1,Q1,Q1
https://openalex.org/W1983839542,15334880,Q1,,3,3,Q3,Q3
https://openalex.org/W1983841015,00303992,Q2,,2,2,Q2,Q2
https://openalex.org/W1983908450,14346001,Q1,,1,2,Q1,Q2
https://openalex.org/W1983922276,00112275,Q1,,2,2,Q2,Q2
https://openalex.org/W1983928984,0167577X,Q2,,2,2,Q2,Q2
https://openalex.org/W1983947592,00431648,Q1,,1,1,Q1,Q1
https://openalex.org/W1983957054,0167577X,Q2,,2,2,Q2,Q2
https://openalex.org/W1983975954,00222313,Q1,,2,2,Q2,Q2
https://openalex.org/W1983997865,13886150,Q3,,2,2,Q2,Q2
https://openalex.org/W1983999025,09253467,Q2,,2,2,Q2,Q2
https://openalex.org/W1984047110,00223115,Q2,,2,2,Q2,Q2
https://openalex.org/W1984051903,00223093,Q1,,2,2,Q2,Q2
https://openalex.org/W1984064497,00189480,Q1,,1,1,Q1,Q1
https://openalex.org/W1984075407,13886150,Q3,,2,2,Q2,Q2
https://openalex.org/W1984086254,00223727,Q1,,1,1,Q1,Q1
https://openalex.org/W1984090180,00134651,Q1,,1,1,Q1,Q1
https://openalex.org/W1984119905,00406090,Q2,,2,2,Q2,Q2
https://openalex.org/W1984206365,00220248,Q1,,2,2,Q2,Q2
https://openalex.org/W1984258309,00406090,Q2,,2,2,Q2,Q2
https://openalex.org/W1984269369,09284931,Q2,,2,2,Q2,Q2
https://openalex.org/W1984309384,09277757,-,,5,5,Unranked,Unranked
https://openalex.org/W1984310761,00189197,Q1,,1,1,Q1,Q1
https://openalex.org/W1984321911,02681242,Q1,,1,1,Q1,Q1
https://openalex.org/W1984334247,07342101,Q1,,2,2,Q2,Q2
https://openalex.org/W1984335303,0167577X,Q2,,2,2,Q2,Q2
https://openalex.org/W1984355041,01672738,Q1,,1,1,Q1,Q1
https://openalex.org/W1984386167,13504495,Q2,,2,2,Q2,Q2
https://openalex.org/W1984395794,0301679X,Q2,,1,1,Q1,Q1
https://openalex.org/W1984476273,02731177,-,,5,5,Unranked,Unranked
https://openalex.org/W1984478808,09254005,Q1,,1,1,Q1,Q1
https://openalex.org/W1984494593,00406090,Q2,,2,2,Q2,Q2
https://openalex.org/W1984512164,01679317,Q1,,2,2,Q2,Q2
https://openalex.org/W1984515078,02578972,Q1,,1,1,Q1,Q1
https://openalex.org/W1984517307,01694332,-,,5,5,Unranked,Unranked
https://openalex.org/W1984559171,01469592,Q1,,1,1,Q1,Q1
https://openalex.org/W1984583198,0004640X,Q3,,3,3,Q3,Q3
https://openalex.org/W1984643222,09698043,Q1,,2,2,Q2,Q2
https://openalex.org/W1984653312,00214922,-,,5,3,Unranked,Q3
https://openalex.org/W1984668845,00218979,Q1,,1,1,Q1,Q1
https://openalex.org/W1984678461,00396028,Q1,,1,1,Q1,Q1
https://openalex.org/W1984679514,02578972,Q1,,1,1,Q1,Q1
https://openalex.org/W1984720378,01689002,Q1,,1,1,Q1,Q1
https://openalex.org/W1984758857,01694332,-,,5,5,Unranked,Unranked
https://openalex.org/W1984779255,09214534,Q2,,2,2,Q2,Q2
https://openalex.org/W1984784477,0168583X,Q2,,2,2,Q2,Q2
https://openalex.org/W1984788187,10735615,Q1,,1,1,Q1,Q1
https://openalex.org/W1984804811,13596462,Q1,,1,1,Q1,Q1
https://openalex.org/W1984819025,01694332,-,,5,5,Unranked,Unranked
https://openalex.org/W1984864776,00221481,Q1,,1,1,Q1,Q1
https://openalex.org/W1984890697,10400400,Q3,,3,3,Q3,Q3
https://openalex.org/W1984901848,03759474,Q1,,1,1,Q1,Q1
https://openalex.org/W1984920064,0022460X,Q1,,1,1,Q1,Q1
https://openalex.org/W1984940980,01694332,-,,5,5,Unranked,Unranked
https://openalex.org/W1984942863,09215093,Q1,,1,1,Q1,Q1
https://openalex.org/W1984955996,09215093,Q1,,1,1,Q1,Q1
https://openalex.org/W1984991322,02578972,Q1,,1,1,Q1,Q1
https://openalex.org/W1985017516,09462171,Q1,,1,1,Q1,Q1
https://openalex.org/W1985025812,01689002,Q1,,1,1,Q1,Q1
https://openalex.org/W1985051958,00214922,-,,5,3,Unranked,Q3
https://openalex.org/W1985081757,0167577X,Q2,,2,2,Q2,Q2
https://openalex.org/W1985088433,14328488,Q2,,2,2,Q2,Q2
https://openalex.org/W1985137656,03603199,Q1,,1,1,Q1,Q1
https://openalex.org/W1985141798,00223115,Q2,,2,2,Q2,Q2
https://openalex.org/W1985163322,00014966,Q1,,1,1,Q1,Q1
https://openalex.org/W1985186984,00036951,Q1,,1,1,Q1,Q1
https://openalex.org/W1985188498,00218979,Q1,,1,1,Q1,Q1
https://openalex.org/W1985201386,07342101,Q1,,2,2,Q2,Q2
https://openalex.org/W1985247623,09215093,Q1,,1,1,Q1,Q1
https://openalex.org/W1985248507,0042207X,Q2,,2,2,Q2,Q2
https://openalex.org/W1985286924,15287483,Q1,,1,1,Q1,Q1
https://openalex.org/W1985300367,0167577X,Q2,,2,2,Q2,Q2
https://openalex.org/W1985303710,09215093,Q1,,1,1,Q1,Q1
https://openalex.org/W1985305144,0168583X,Q2,,2,2,Q2,Q2
https://openalex.org/W1985325394,02578972,Q1,,1,1,Q1,Q1
https://openalex.org/W1985327839,10944087,Q1,,1,1,Q1,Q1
https://openalex.org/W1985355694,13861425,Q2,,2,2,Q2,Q2
https://openalex.org/W1985385095,00406090,Q2,,2,2,Q2,Q2
https://openalex.org/W1985420085,00303992,Q2,,2,2,Q2,Q2
https://openalex.org/W1985509320,08952477,Q2,,3,3,Q3,Q3
https://openalex.org/W1985512634,01694332,-,,5,5,Unranked,Unranked
https://openalex.org/W1985517539,02578972,Q1,,1,1,Q1,Q1
https://openalex.org/W1985545322,09538984,Q1,,1,1,Q1,Q1
https://openalex.org/W1985560412,0022460X,Q1,,1,1,Q1,Q1
https://openalex.org/W1985570210,10741542,Q3,,3,3,Q3,Q3
https://openalex.org/W1985580506,00223115,Q2,,2,2,Q2,Q2
https://openalex.org/W1985603752,14381656,Q2,,1,1,Q1,Q1
https://openalex.org/W1985607328,00222313,Q1,,2,2,Q2,Q2
https://openalex.org/W1985622385,03603199,Q1,,1,1,Q1,Q1
https://openalex.org/W1985656731,07437463,Q1,,1,1,Q1,Q1
https://openalex.org/W1985659949,10944087,Q1,,1,1,Q1,Q1
https://openalex.org/W1985701606,00219614,Q2,,1,1,Q1,Q1
https://openalex.org/W1985728424,00406090,Q2,,2,2,Q2,Q2
https://openalex.org/W1985807389,10735623,Q1,,1,1,Q1,Q1
https://openalex.org/W1985847574,00214922,-,,5,3,Unranked,Q3
https://openalex.org/W1985855083,00219606,Q1,,1,1,Q1,Q1
https://openalex.org/W1985881042,00223115,Q2,,2,2,Q2,Q2
https://openalex.org/W1985890390,09244247,Q1,,1,1,Q1,Q1
https://openalex.org/W1985911004,09698043,Q1,,2,2,Q2,Q2
https://openalex.org/W1985925293,00218936,Q1,,1,1,Q1,Q1
https://openalex.org/W1985929968,02731177,-,,5,5,Unranked,Unranked
https://openalex.org/W1985939985,14381656,Q2,,1,1,Q1,Q1
https://openalex.org/W1986005039,00102180,Q1,,1,1,Q1,Q1
https://openalex.org/W1986031162,00431648,Q1,,1,1,Q1,Q1
https://openalex.org/W1986050182,09215107,Q2,,2,2,Q2,Q2
https://openalex.org/W1986082040,10106030,Q2,,2,2,Q2,Q2
https://openalex.org/W1986083407,10681302,Q4,,4,4,Q4,Q4
https://openalex.org/W1986089708,10741542,Q3,,3,3,Q3,Q3
https://openalex.org/W1986111160,00406090,Q2,,2,2,Q2,Q2
https://openalex.org/W1986111711,00036951,Q1,,1,1,Q1,Q1
https://openalex.org/W1986118913,09570233,Q1,,1,1,Q1,Q1
https://openalex.org/W1986124901,10735623,Q1,,1,1,Q1,Q1
https://openalex.org/W1986132751,10599630,Q2,,2,2,Q2,Q2
https://openalex.org/W1986173697,0030400X,Q3,,3,3,Q3,Q3
https://openalex.org/W1986188331,14644193,Q4,,3,3,Q3,Q3
https://openalex.org/W1986199174,00114626,Q3,,3,4,Q3,Q4
https://openalex.org/W1986220034,00213640,Q2,,2,2,Q2,Q2
https://openalex.org/W1986225089,09477047,Q3,,2,2,Q2,Q2
https://openalex.org/W1986226253,00150193,Q3,,3,3,Q3,Q3
https://openalex.org/W1986244881,15287483,Q1,,1,1,Q1,Q1
https://openalex.org/W1986245986,00346748,Q1,,1,1,Q1,Q1
https://openalex.org/W1986247052,09215093,Q1,,1,1,Q1,Q1
https://openalex.org/W1986247455,10400400,Q3,,3,3,Q3,Q3
https://openalex.org/W1986253778,10637834,Q3,,3,3,Q3,Q3
https://openalex.org/W1986275145,02540584,Q2,,2,2,Q2,Q2
https://openalex.org/W1986278891,05717256,Q3,,4,4,Q4,Q4
https://openalex.org/W1986294046,00223093,Q1,,2,2,Q2,Q2
https://openalex.org/W1986308974,02578972,Q1,,1,1,Q1,Q1
https://openalex.org/W1986340089,13886150,Q3,,2,2,Q2,Q2
https://openalex.org/W1986349222,00223115,Q2,,2,2,Q2,Q2
https://openalex.org/W1986384819,01469592,Q1,,1,1,Q1,Q1
https://openalex.org/W1986419169,01689002,Q1,,1,1,Q1,Q1
https://openalex.org/W1986438869,0041624X,Q2,,1,1,Q1,Q1
https://openalex.org/W1986484545,00220248,Q1,,2,2,Q2,Q2
https://openalex.org/W1986490389,00220248,Q1,,2,2,Q2,Q2
https://openalex.org/W1986530585,0168583X,Q2,,2,2,Q2,Q2
https://openalex.org/W1986576072,00092614,Q1,,1,1,Q1,Q1
https://openalex.org/W1986591809,09215093,Q1,,1,1,Q1,Q1
https://openalex.org/W1986602325,10944087,Q1,,1,1,Q1,Q1
https://openalex.org/W1986608200,02578972,Q1,,1,1,Q1,Q1
https://openalex.org/W1986636539,00223727,Q1,,1,1,Q1,Q1
https://openalex.org/W1986639812,09090495,Q2,,1,1,Q1,Q1
https://openalex.org/W1986646988,10445803,Q2,,1,1,Q1,Q1
https://openalex.org/W1986668162,03797112,Q3,,2,2,Q2,Q2
https://openalex.org/W1986674614,09215093,Q1,,1,1,Q1,Q1
https://openalex.org/W1986697794,00218979,Q1,,1,1,Q1,Q1
https://openalex.org/W1986742612,00220248,Q1,,2,2,Q2,Q2
https://openalex.org/W1986746031,00295493,Q2,,2,2,Q2,Q2
https://openalex.org/W1986784344,00396028,Q1,,1,1,Q1,Q1
https://openalex.org/W1986793540,10179909,Q3,,3,3,Q3,Q3
https://openalex.org/W1986798237,10637826,Q3,,3,3,Q3,Q3
https://openalex.org/W1986800513,00223727,Q1,,1,1,Q1,Q1
https://openalex.org/W1986813738,00262714,Q2,,2,2,Q2,Q2
https://openalex.org/W1986814904,09254005,Q1,,1,1,Q1,Q1
https://openalex.org/W1986818583,00406031,Q2,,2,2,Q2,Q2
https://openalex.org/W1986832775,00036951,Q1,,1,1,Q1,Q1
https://openalex.org/W1986847664,09600779,-,,5,5,Unranked,Unranked
https://openalex.org/W1986854664,03615235,Q1,,2,2,Q2,Q2
https://openalex.org/W1986857302,00112275,Q1,,2,2,Q2,Q2
https://openalex.org/W1986858887,00214876,Q3,,3,3,Q3,Q3
https://openalex.org/W1986898324,00214922,-,,5,3,Unranked,Q3
https://openalex.org/W1986933105,00431648,Q1,,1,1,Q1,Q1
https://openalex.org/W1986943511,00036951,Q1,,1,1,Q1,Q1
https://openalex.org/W1986950825,13873806,Q1,,1,1,Q1,Q1
https://openalex.org/W1986953724,01689002,Q1,,1,1,Q1,Q1
https://openalex.org/W1986959673,00304018,Q1,,2,2,Q2,Q2
https://openalex.org/W1987000611,03702693,Q1,,1,1,Q1,Q1
https://openalex.org/W1987040250,00223093,Q1,,2,2,Q2,Q2
https://openalex.org/W1987051001,01689002,Q1,,1,1,Q1,Q1
https://openalex.org/W1987090787,01694332,-,,5,5,Unranked,Unranked
https://openalex.org/W1987092410,13869477,Q2,,2,2,Q2,Q2
https://openalex.org/W1987116633,00396028,Q1,,1,1,Q1,Q1
https://openalex.org/W1987135939,10238883,Q2,,1,1,Q1,Q1
https://openalex.org/W1987173006,0168583X,Q2,,2,2,Q2,Q2
https://openalex.org/W1987203257,03603199,Q1,,1,1,Q1,Q1
https://openalex.org/W1987212361,13506501,Q2,,2,2,Q2,Q2
https://openalex.org/W1987220282,00406090,Q2,,2,2,Q2,Q2
https://openalex.org/W1987221981,0256307X,Q3,,3,3,Q3,Q3
https://openalex.org/W1987253153,10706631,Q1,,1,1,Q1,Q1
https://openalex.org/W1987254424,00036951,Q1,,1,1,Q1,Q1
https://openalex.org/W1987254868,09254005,Q1,,1,1,Q1,Q1
https://openalex.org/W1987259617,01413910,Q1,,1,1,Q1,Q1
https://openalex.org/W1987261723,00189197,Q1,,1,1,Q1,Q1
https://openalex.org/W1987266183,00036951,Q1,,1,1,Q1,Q1
https://openalex.org/W1987289357,09244247,Q1,,1,1,Q1,Q1
https://openalex.org/W1987304833,03043886,Q3,,2,2,Q2,Q2
https://openalex.org/W1987355831,01672738,Q1,,1,1,Q1,Q1
https://openalex.org/W1987356675,09277757,-,,5,5,Unranked,Unranked
https://openalex.org/W1987364548,00406090,Q2,,2,2,Q2,Q2
https://openalex.org/W1987370571,01413910,Q1,,1,1,Q1,Q1
https://openalex.org/W1987398058,00304018,Q1,,2,2,Q2,Q2
https://openalex.org/W1987401354,01448420,Q3,,2,2,Q2,Q2
https://openalex.org/W1987413306,0168583X,Q2,,2,2,Q2,Q2
https://openalex.org/W1987441881,0042207X,Q2,,2,2,Q2,Q2
https://openalex.org/W1987454880,00381098,Q1,,1,2,Q1,Q2
https://openalex.org/W1987461087,10741542,Q3,,3,3,Q3,Q3
https://openalex.org/W1987462745,07403224,Q1,,1,1,Q1,Q1
https://openalex.org/W1987472707,09215107,Q2,,2,2,Q2,Q2
https://openalex.org/W1987487412,00381098,Q1,,1,2,Q1,Q2
https://openalex.org/W1987499599,00036951,Q1,,1,1,Q1,Q1
https://openalex.org/W1987511918,00220248,Q1,,2,2,Q2,Q2
https://openalex.org/W198751673,00112275,Q1,,2,2,Q2,Q2
https://openalex.org/W1987540483,00036951,Q1,,1,1,Q1,Q1
https://openalex.org/W1987550924,00189197,Q1,,1,1,Q1,Q1
https://openalex.org/W1987616576,00670049,Q1,,1,1,Q1,Q1
https://openalex.org/W1987622370,09540911,Q3,,3,3,Q3,Q3
https://openalex.org/W1987666862,00381101,Q2,,2,2,Q2,Q2
https://openalex.org/W1987669192,03048853,Q2,,2,2,Q2,Q2
https://openalex.org/W1987672880,03797112,Q3,,2,2,Q2,Q2
https://openalex.org/W1987723353,09215093,Q1,,1,1,Q1,Q1
https://openalex.org/W1987731399,13869477,Q2,,2,2,Q2,Q2
https://openalex.org/W1987738131,09215093,Q1,,1,1,Q1,Q1
https://openalex.org/W1987830227,03044289,Q4,,3,3,Q3,Q3
https://openalex.org/W1987847925,00318949,Q3,,3,3,Q3,Q3
https://openalex.org/W1987881422,00295515,Q1,,1,1,Q1,Q1
https://openalex.org/W1987883819,13886150,Q3,,2,2,Q2,Q2
https://openalex.org/W1987889117,10944087,Q1,,1,1,Q1,Q1
https://openalex.org/W1987900176,0167577X,Q2,,2,2,Q2,Q2
https://openalex.org/W1987925546,07403224,Q1,,1,1,Q1,Q1
https://openalex.org/W1987954476,13880764,Q2,,2,2,Q2,Q2
https://openalex.org/W1987964835,00406090,Q2,,2,2,Q2,Q2
https://openalex.org/W1987980046,01679295,Q3,,3,3,Q3,Q3
https://openalex.org/W1988015799,00223697,Q2,,2,2,Q2,Q2
https://openalex.org/W1988021619,00220248,Q1,,2,2,Q2,Q2
https://openalex.org/W1988038120,09214526,Q2,,2,2,Q2,Q2
https://openalex.org/W1988039051,00223115,Q2,,2,2,Q2,Q2
https://openalex.org/W1988061088,00223115,Q2,,2,2,Q2,Q2
https://openalex.org/W1988061669,13504177,Q1,,1,1,Q1,Q1
https://openalex.org/W1988119890,0042207X,Q2,,2,2,Q2,Q2
https://openalex.org/W1988129206,03783812,Q2,,1,1,Q1,Q1
https://openalex.org/W1988142783,01469592,Q1,,1,1,Q1,Q1
https://openalex.org/W1988148726,01689002,Q1,,1,1,Q1,Q1
https://openalex.org/W1988155290,10489002,Q1,,1,1,Q1,Q1
https://openalex.org/W1988158225,00224596,Q2,,2,2,Q2,Q2
https://openalex.org/W1988175638,09630252,Q1,,1,1,Q1,Q1
https://openalex.org/W1988266455,02578972,Q1,,1,1,Q1,Q1
https://openalex.org/W1988271984,03784371,Q2,,2,2,Q2,Q2
https://openalex.org/W1988304748,13504487,Q2,,2,2,Q2,Q2
https://openalex.org/W1988324970,00223093,Q1,,2,2,Q2,Q2
https://openalex.org/W1988335746,09467076,Q3,,3,3,Q3,Q3
https://openalex.org/W1988338096,10459243,Q1,,2,2,Q2,Q2
https://openalex.org/W1988361770,01694332,-,,5,5,Unranked,Unranked
https://openalex.org/W1988372120,13504487,Q2,,2,2,Q2,Q2
https://openalex.org/W1988417423,09254005,Q1,,1,1,Q1,Q1
https://openalex.org/W1988422239,00431648,Q1,,1,1,Q1,Q1
https://openalex.org/W1988441625,13853449,Q2,,2,2,Q2,Q2
https://openalex.org/W1988455138,00214922,-,,5,3,Unranked,Q3
https://openalex.org/W1988466565,00406090,Q2,,2,2,Q2,Q2
https://openalex.org/W1988476791,00320633,Q2,,2,2,Q2,Q2
https://openalex.org/W1988524829,0969806X,Q3,,2,2,Q2,Q2
https://openalex.org/W1988534187,09214534,Q2,,2,2,Q2,Q2
https://openalex.org/W1988555605,0042207X,Q2,,2,2,Q2,Q2
https://openalex.org/W1988562269,00092614,Q1,,1,1,Q1,Q1
https://openalex.org/W1988580426,09215093,Q1,,1,1,Q1,Q1
https://openalex.org/W1988610322,00036951,Q1,,1,1,Q1,Q1
https://openalex.org/W1988612706,09467076,Q3,,3,3,Q3,Q3
https://openalex.org/W1988642774,09232958,Q3,,2,2,Q2,Q2
https://openalex.org/W1988643366,15989623,Q3,,2,2,Q2,Q2
https://openalex.org/W1988659710,07437463,Q1,,1,1,Q1,Q1
https://openalex.org/W1988667494,09215093,Q1,,1,1,Q1,Q1
https://openalex.org/W1988671194,09214534,Q2,,2,2,Q2,Q2
https://openalex.org/W1988675918,01694332,-,,5,5,Unranked,Unranked
https://openalex.org/W1988682708,0167577X,Q2,,2,2,Q2,Q2
https://openalex.org/W1988720806,09641726,Q1,,1,1,Q1,Q1
https://openalex.org/W1988730560,09215093,Q1,,1,1,Q1,Q1
https://openalex.org/W1988732606,10106030,Q2,,2,2,Q2,Q2
https://openalex.org/W1988737899,00134651,Q1,,1,1,Q1,Q1
https://openalex.org/W1988782451,03048853,Q2,,2,2,Q2,Q2
https://openalex.org/W1988812704,03048853,Q2,,2,2,Q2,Q2
https://openalex.org/W1988874974,0041624X,Q2,,1,1,Q1,Q1
https://openalex.org/W1988885037,00406090,Q2,,2,2,Q2,Q2
https://openalex.org/W1988902200,00218979,Q1,,1,1,Q1,Q1
https://openalex.org/W1988922702,00218979,Q1,,1,1,Q1,Q1
https://openalex.org/W1988928075,09215093,Q1,,1,1,Q1,Q1
https://openalex.org/W1988948014,00037028,Q1,,2,2,Q2,Q2
https://openalex.org/W1988963223,00112275,Q1,,2,2,Q2,Q2
https://openalex.org/W1988963525,09259635,Q1,,1,1,Q1,Q1
https://openalex.org/W1988975136,09215093,Q1,,1,1,Q1,Q1
https://openalex.org/W1988990613,0042207X,Q2,,2,2,Q2,Q2
https://openalex.org/W1988992033,10238883,Q2,,1,1,Q1,Q1
https://openalex.org/W1989002170,00223115,Q2,,2,2,Q2,Q2
https://openalex.org/W1989003133,00046361,Q1,,1,1,Q1,Q1
https://openalex.org/W1989016433,00134651,Q1,,1,1,Q1,Q1
https://openalex.org/W1989023720,0167577X,Q2,,2,2,Q2,Q2
https://openalex.org/W1989040917,0167577X,Q2,,2,2,Q2,Q2
https://openalex.org/W1989054437,02578972,Q1,,1,1,Q1,Q1
https://openalex.org/W1989105771,03044289,Q4,,3,3,Q3,Q3
https://openalex.org/W1989136167,00223093,Q1,,2,2,Q2,Q2
https://openalex.org/W1989192075,00036951,Q1,,1,1,Q1,Q1
https://openalex.org/W1989264422,16122011,-,,1,1,Q1,Q1
https://openalex.org/W1989266808,09253467,Q2,,2,2,Q2,Q2
https://openalex.org/W1989267639,15306984,Q1,,1,1,Q1,Q1
https://openalex.org/W1989321438,0142727X,Q1,,1,1,Q1,Q1
https://openalex.org/W1989336321,00223093,Q1,,2,2,Q2,Q2
https://openalex.org/W1989380830,15306984,Q1,,1,1,Q1,Q1
https://openalex.org/W1989386794,00346748,Q1,,1,1,Q1,Q1
https://openalex.org/W1989422344,0168583X,Q2,,2,2,Q2,Q2
https://openalex.org/W1989438933,10445803,Q2,,1,1,Q1,Q1
https://openalex.org/W1989498545,00223115,Q2,,2,2,Q2,Q2
https://openalex.org/W1989502953,00223697,Q2,,2,2,Q2,Q2
https://openalex.org/W1989505588,00034916,Q1,,1,1,Q1,Q1
https://openalex.org/W1989520921,00406090,Q2,,2,2,Q2,Q2
https://openalex.org/W1989530384,00220248,Q1,,2,2,Q2,Q2
https://openalex.org/W1989544678,09244247,Q1,,1,1,Q1,Q1
https://openalex.org/W1989553453,00014966,Q1,,1,1,Q1,Q1
https://openalex.org/W1989589449,00396028,Q1,,1,1,Q1,Q1
https://openalex.org/W1989669908,00112275,Q1,,2,2,Q2,Q2
https://openalex.org/W1989674003,00406090,Q2,,2,2,Q2,Q2
https://openalex.org/W1989691627,09214534,Q2,,2,2,Q2,Q2
https://openalex.org/W1989729413,01672738,Q1,,1,1,Q1,Q1
https://openalex.org/W1989751194,02670844,Q3,,3,3,Q3,Q3
https://openalex.org/W1989794734,00214922,-,,5,3,Unranked,Q3
https://openalex.org/W1989820922,00105082,Q4,,3,3,Q3,Q3
https://openalex.org/W1989843937,00381101,Q2,,2,2,Q2,Q2
https://openalex.org/W1989884507,00179310,Q1,,1,1,Q1,Q1
https://openalex.org/W1989886875,0168583X,Q2,,2,2,Q2,Q2
https://openalex.org/W1989922663,14346060,Q1,,2,2,Q2,Q2
https://openalex.org/W1989936464,00220248,Q1,,2,2,Q2,Q2
https://openalex.org/W1989938145,03048853,Q2,,2,2,Q2,Q2
https://openalex.org/W1989957864,00319104,Q3,,3,3,Q3,Q3
https://openalex.org/W1990010325,13504177,Q1,,1,1,Q1,Q1
https://openalex.org/W1990016397,09244247,Q1,,1,1,Q1,Q1
https://openalex.org/W1990035959,00218979,Q1,,1,1,Q1,Q1
https://openalex.org/W1990038949,00406090,Q2,,2,2,Q2,Q2
https://openalex.org/W1990090565,02578972,Q1,,1,1,Q1,Q1
https://openalex.org/W1990107269,07437463,Q1,,1,1,Q1,Q1
https://openalex.org/W1990118693,02540584,Q2,,2,2,Q2,Q2
https://openalex.org/W1990130619,00406090,Q2,,2,2,Q2,Q2
https://openalex.org/W1990152851,00431648,Q1,,1,1,Q1,Q1
https://openalex.org/W1990162791,02578972,Q1,,1,1,Q1,Q1
https://openalex.org/W1990162907,00220248,Q1,,2,2,Q2,Q2
https://openalex.org/W1990182651,01694332,-,,5,5,Unranked,Unranked
https://openalex.org/W1990198798,13698001,Q2,,2,2,Q2,Q2
https://openalex.org/W1990205944,01689002,Q1,,1,1,Q1,Q1
https://openalex.org/W1990214982,03043843,Q3,,3,3,Q3,Q3
https://openalex.org/W1990216715,00036951,Q1,,1,1,Q1,Q1
https://openalex.org/W1990232816,02636174,Q3,,3,3,Q3,Q3
https://openalex.org/W1990233377,10984402,Q2,,1,1,Q1,Q1
https://openalex.org/W1990234393,02578972,Q1,,1,1,Q1,Q1
https://openalex.org/W1990241050,01469592,Q1,,1,1,Q1,Q1
https://openalex.org/W1990255851,02670844,Q3,,3,3,Q3,Q3
https://openalex.org/W1990287392,13504487,Q2,,2,2,Q2,Q2
https://openalex.org/W1990339575,02731177,-,,5,5,Unranked,Unranked
https://openalex.org/W1990348138,01679317,Q1,,2,2,Q2,Q2
https://openalex.org/W1990351265,09254005,Q1,,1,1,Q1,Q1
https://openalex.org/W1990381998,00214922,-,,5,3,Unranked,Q3
https://openalex.org/W1990472541,00223727,Q1,,1,1,Q1,Q1
https://openalex.org/W1990481039,09215093,Q1,,1,1,Q1,Q1
https://openalex.org/W1990483191,02681242,Q1,,1,1,Q1,Q1
https://openalex.org/W1990484421,01694332,-,,5,5,Unranked,Unranked
https://openalex.org/W1990490451,09259635,Q1,,1,1,Q1,Q1
https://openalex.org/W1990515160,09284931,Q2,,2,2,Q2,Q2
https://openalex.org/W1990536004,10735623,Q1,,1,1,Q1,Q1
https://openalex.org/W1990541360,00223115,Q2,,2,2,Q2,Q2
https://openalex.org/W1990558269,00406090,Q2,,2,2,Q2,Q2
https://openalex.org/W1990572521,00029505,Q2,,2,2,Q2,Q2
https://openalex.org/W1990576940,02578972,Q1,,1,1,Q1,Q1
https://openalex.org/W1990595493,00213640,Q2,,2,2,Q2,Q2
https://openalex.org/W1990617024,00036951,Q1,,1,1,Q1,Q1
https://openalex.org/W1990662975,07342101,Q1,,2,2,Q2,Q2
https://openalex.org/W1990686646,00150193,Q3,,3,3,Q3,Q3
https://openalex.org/W1990691014,00346748,Q1,,1,1,Q1,Q1
https://openalex.org/W1990754976,0022460X,Q1,,1,1,Q1,Q1
https://openalex.org/W1990773504,1070664X,Q1,,1,1,Q1,Q1
https://openalex.org/W1990809898,09214526,Q2,,2,2,Q2,Q2
https://openalex.org/W1990826350,01422421,Q2,,2,2,Q2,Q2
https://openalex.org/W1990839298,03048853,Q2,,2,2,Q2,Q2
https://openalex.org/W1990865040,13861425,Q2,,2,2,Q2,Q2
https://openalex.org/W1990874413,00222313,Q1,,2,2,Q2,Q2
https://openalex.org/W1990879618,10106030,Q2,,2,2,Q2,Q2
https://openalex.org/W1990915476,09259635,Q1,,1,1,Q1,Q1
https://openalex.org/W1990919340,00218979,Q1,,1,1,Q1,Q1
https://openalex.org/W1990944122,00304018,Q1,,2,2,Q2,Q2
https://openalex.org/W1990946830,00431648,Q1,,1,1,Q1,Q1
https://openalex.org/W1990948104,01448420,Q3,,2,2,Q2,Q2
https://openalex.org/W1990993887,09254005,Q1,,1,1,Q1,Q1
https://openalex.org/W1991025170,00431648,Q1,,1,1,Q1,Q1
https://openalex.org/W1991033992,02578972,Q1,,1,1,Q1,Q1
https://openalex.org/W1991049354,00431648,Q1,,1,1,Q1,Q1
https://openalex.org/W1991061480,02578972,Q1,,1,1,Q1,Q1
https://openalex.org/W1991087434,14761122,Q1,,1,1,Q1,Q1
https://openalex.org/W1991106975,00346748,Q1,,1,1,Q1,Q1
https://openalex.org/W1991110991,03759474,Q1,,1,1,Q1,Q1
https://openalex.org/W1991159087,09215093,Q1,,1,1,Q1,Q1
https://openalex.org/W1991160793,0167577X,Q2,,2,2,Q2,Q2
https://openalex.org/W1991190654,13886150,Q3,,2,2,Q2,Q2
https://openalex.org/W1991226948,10106030,Q2,,2,2,Q2,Q2
https://openalex.org/W1991229328,00219037,Q4,,4,4,Q4,Q4
https://openalex.org/W1991230964,1387974X,Q2,,3,3,Q3,Q3
https://openalex.org/W1991270397,00218979,Q1,,1,1,Q1,Q1
https://openalex.org/W1991271868,10445803,Q2,,1,1,Q1,Q1
https://openalex.org/W1991293657,00036951,Q1,,1,1,Q1,Q1
https://openalex.org/W1991302676,10298479,Q1,,1,1,Q1,Q1
https://openalex.org/W1991329634,00036951,Q1,,1,1,Q1,Q1
https://openalex.org/W1991344435,0167577X,Q2,,2,2,Q2,Q2
https://openalex.org/W1991350799,09254005,Q1,,1,1,Q1,Q1
https://openalex.org/W1991353080,00319007,Q1,,1,1,Q1,Q1
https://openalex.org/W1991368625,00219037,Q4,,4,4,Q4,Q4
https://openalex.org/W1991375590,00214922,-,,5,3,Unranked,Q3
https://openalex.org/W1991391192,09215093,Q1,,1,1,Q1,Q1
https://openalex.org/W1991404037,00036951,Q1,,1,1,Q1,Q1
https://openalex.org/W1991413783,13869477,Q2,,2,2,Q2,Q2
https://openalex.org/W1991421648,1364503X,Q2,,1,1,Q1,Q1
https://openalex.org/W1991491644,01689002,Q1,,1,1,Q1,Q1
https://openalex.org/W1991493434,00262714,Q2,,2,2,Q2,Q2
https://openalex.org/W1991495407,02681242,Q1,,1,1,Q1,Q1
https://openalex.org/W1991496373,09254005,Q1,,1,1,Q1,Q1
https://openalex.org/W1991497689,02578972,Q1,,1,1,Q1,Q1
https://openalex.org/W1991524078,05848547,Q1,,1,1,Q1,Q1
https://openalex.org/W1991564281,02630346,Q2,,1,2,Q1,Q2
https://openalex.org/W1991619344,00046256,Q1,,1,1,Q1,Q1
https://openalex.org/W1991620319,00036951,Q1,,1,1,Q1,Q1
https://openalex.org/W1991644253,07342101,Q1,,2,2,Q2,Q2
https://openalex.org/W1991663872,00381098,Q1,,1,2,Q1,Q2
https://openalex.org/W1991667703,01694332,-,,5,5,Unranked,Unranked
https://openalex.org/W1991673771,00036951,Q1,,1,1,Q1,Q1
https://openalex.org/W1991687205,03603199,Q1,,1,1,Q1,Q1
https://openalex.org/W1991691023,01469592,Q1,,1,1,Q1,Q1
https://openalex.org/W1991699007,13492543,-,,4,4,Q4,Q4
https://openalex.org/W1991768612,03930440,Q2,,2,2,Q2,Q2
https://openalex.org/W1991805080,0167577X,Q2,,2,2,Q2,Q2
https://openalex.org/W1991857099,02678292,Q2,,2,2,Q2,Q2
https://openalex.org/W1991884049,01430807,Q3,,2,2,Q2,Q2
https://openalex.org/W1991900098,09215093,Q1,,1,1,Q1,Q1
https://openalex.org/W1991922873,01438166,Q2,,1,1,Q1,Q1
https://openalex.org/W1991936294,01694332,-,,5,5,Unranked,Unranked
https://openalex.org/W1991997877,09603409,Q3,,2,3,Q2,Q3
https://openalex.org/W1992001497,15287483,Q1,,1,1,Q1,Q1
https://openalex.org/W1992024062,03615235,Q1,,2,2,Q2,Q2
https://openalex.org/W1992072039,01689002,Q1,,1,1,Q1,Q1
https://openalex.org/W1992079359,10106030,Q2,,2,2,Q2,Q2
https://openalex.org/W1992092679,00092614,Q1,,1,1,Q1,Q1
https://openalex.org/W1992109984,08853010,Q1,,1,1,Q1,Q1
https://openalex.org/W1992113014,00214922,-,,5,3,Unranked,Q3
https://openalex.org/W1992132501,03048853,Q2,,2,2,Q2,Q2
https://openalex.org/W1992133840,09280707,Q2,,2,2,Q2,Q2
https://openalex.org/W1992139567,00036951,Q1,,1,1,Q1,Q1
https://openalex.org/W1992160532,00457825,Q1,,1,1,Q1,Q1
https://openalex.org/W1992161235,10735623,Q1,,1,1,Q1,Q1
https://openalex.org/W1992179461,02578972,Q1,,1,1,Q1,Q1
https://openalex.org/W1992203239,1387974X,Q2,,3,3,Q3,Q3
https://openalex.org/W1992225026,00179310,Q1,,1,1,Q1,Q1
https://openalex.org/W1992226557,09214526,Q2,,2,2,Q2,Q2
https://openalex.org/W1992230774,09534075,Q1,,1,1,Q1,Q1
https://openalex.org/W1992233724,10238883,Q2,,1,1,Q1,Q1
https://openalex.org/W1992288933,03048853,Q2,,2,2,Q2,Q2
https://openalex.org/W1992321264,0042207X,Q2,,2,2,Q2,Q2
https://openalex.org/W1992354885,14639076,Q1,,1,1,Q1,Q1
https://openalex.org/W1992372442,00191035,Q1,,1,1,Q1,Q1
https://openalex.org/W1992379499,03783812,Q2,,1,1,Q1,Q1
https://openalex.org/W1992379666,09295607,Q2,,2,2,Q2,Q2
https://openalex.org/W1992381066,13869477,Q2,,2,2,Q2,Q2
https://openalex.org/W1992391703,02578972,Q1,,1,1,Q1,Q1
https://openalex.org/W1992409601,09543899,Q2,,1,1,Q1,Q1
https://openalex.org/W1992462665,00223697,Q2,,2,2,Q2,Q2
https://openalex.org/W1992471251,03682048,Q1,,1,1,Q1,Q1
https://openalex.org/W1992477694,09532048,Q1,,1,1,Q1,Q1
https://openalex.org/W1992524817,09259635,Q1,,1,1,Q1,Q1
https://openalex.org/W1992563914,07403224,Q1,,1,1,Q1,Q1
https://openalex.org/W1992569509,09254005,Q1,,1,1,Q1,Q1
https://openalex.org/W1992597630,00220248,Q1,,2,2,Q2,Q2
https://openalex.org/W1992598116,09215093,Q1,,1,1,Q1,Q1
https://openalex.org/W1992605671,14786435,Q1,,1,1,Q1,Q1
https://openalex.org/W1992614307,03048853,Q2,,2,2,Q2,Q2
https://openalex.org/W1992621371,00036951,Q1,,1,1,Q1,Q1
https://openalex.org/W1992631758,02670844,Q3,,3,3,Q3,Q3
https://openalex.org/W1992736123,00220248,Q1,,2,2,Q2,Q2
https://openalex.org/W1992742613,09244247,Q1,,1,1,Q1,Q1
https://openalex.org/W1992751494,00214922,-,,5,3,Unranked,Q3
https://openalex.org/W1992758031,00304018,Q1,,2,2,Q2,Q2
https://openalex.org/W1992768959,01694332,-,,5,5,Unranked,Unranked
https://openalex.org/W1992769945,10637826,Q3,,3,3,Q3,Q3
https://openalex.org/W1992777504,09698043,Q1,,2,2,Q2,Q2
https://openalex.org/W1992784078,1042346X,Q2,,2,2,Q2,Q2
https://openalex.org/W1992791281,03048853,Q2,,2,2,Q2,Q2
https://openalex.org/W1992794118,02649381,Q1,,1,1,Q1,Q1
https://openalex.org/W1992801370,02578972,Q1,,1,1,Q1,Q1
https://openalex.org/W1992805850,10710922,Q3,,2,2,Q2,Q2
https://openalex.org/W1992815427,09215107,Q2,,2,2,Q2,Q2
https://openalex.org/W1992817704,00222852,Q2,,2,2,Q2,Q2
https://openalex.org/W1992832443,00220248,Q1,,2,2,Q2,Q2
https://openalex.org/W1992840026,09570233,Q1,,1,1,Q1,Q1
https://openalex.org/W1992857308,00406090,Q2,,2,2,Q2,Q2
https://openalex.org/W1992860421,00214922,-,,5,3,Unranked,Q3
https://openalex.org/W1992864469,02578972,Q1,,1,1,Q1,Q1
https://openalex.org/W1992896924,02540584,Q2,,2,2,Q2,Q2
https://openalex.org/W1992933728,02540584,Q2,,2,2,Q2,Q2
https://openalex.org/W1992963686,09244247,Q1,,1,1,Q1,Q1
https://openalex.org/W1993010377,00214922,-,,5,3,Unranked,Q3
https://openalex.org/W1993011610,00304018,Q1,,2,2,Q2,Q2
https://openalex.org/W1993017421,00220248,Q1,,2,2,Q2,Q2
https://openalex.org/W1993026503,00406090,Q2,,2,2,Q2,Q2
https://openalex.org/W1993038675,00220248,Q1,,2,2,Q2,Q2
https://openalex.org/W1993045571,00223093,Q1,,2,2,Q2,Q2
https://openalex.org/W1993045959,10411135,Q1,,1,1,Q1,Q1
https://openalex.org/W1993048317,09280707,Q2,,2,2,Q2,Q2
https://openalex.org/W1993057053,00406031,Q2,,2,2,Q2,Q2
https://openalex.org/W1993069112,01413910,Q1,,1,1,Q1,Q1
https://openalex.org/W1993118836,07342101,Q1,,2,2,Q2,Q2
https://openalex.org/W1993121107,00406090,Q2,,2,2,Q2,Q2
https://openalex.org/W1993134770,07342101,Q1,,2,2,Q2,Q2
https://openalex.org/W1993207430,09214534,Q2,,2,2,Q2,Q2
https://openalex.org/W1993221339,13873806,Q1,,1,1,Q1,Q1
https://openalex.org/W1993231437,00214922,-,,5,3,Unranked,Q3
https://openalex.org/W1993233277,00220248,Q1,,2,2,Q2,Q2
https://openalex.org/W1993267241,03048853,Q2,,2,2,Q2,Q2
https://openalex.org/W1993271523,00346748,Q1,,1,1,Q1,Q1
https://openalex.org/W1993301736,0168583X,Q2,,2,2,Q2,Q2
https://openalex.org/W1993314023,02578972,Q1,,1,1,Q1,Q1
https://openalex.org/W1993346984,01413910,Q1,,1,1,Q1,Q1
https://openalex.org/W1993361248,07342101,Q1,,2,2,Q2,Q2
https://openalex.org/W1993364475,00220248,Q1,,2,2,Q2,Q2
https://openalex.org/W1993379430,09277757,-,,5,5,Unranked,Unranked
https://openalex.org/W1993455144,01469592,Q1,,1,1,Q1,Q1
https://openalex.org/W1993460282,10709622,Q3,,3,3,Q3,Q3
https://openalex.org/W1993462559,00223115,Q2,,2,2,Q2,Q2
https://openalex.org/W1993465984,00431648,Q1,,1,1,Q1,Q1
https://openalex.org/W1993480968,00134651,Q1,,1,1,Q1,Q1
https://openalex.org/W1993481892,00221481,Q1,,1,1,Q1,Q1
https://openalex.org/W1993486389,00214922,-,,5,3,Unranked,Q3
https://openalex.org/W1993487163,0301679X,Q2,,1,1,Q1,Q1
https://openalex.org/W1993487862,10735615,Q1,,1,1,Q1,Q1
https://openalex.org/W1993490107,00046256,Q1,,1,1,Q1,Q1
https://openalex.org/W1993499806,07437463,Q1,,1,1,Q1,Q1
https://openalex.org/W1993501826,00223697,Q2,,2,2,Q2,Q2
https://openalex.org/W1993503237,00214922,-,,5,3,Unranked,Q3
https://openalex.org/W1993519757,00223697,Q2,,2,2,Q2,Q2
https://openalex.org/W1993522842,10489002,Q1,,1,1,Q1,Q1
https://openalex.org/W1993537299,00154628,Q4,,3,3,Q3,Q3
https://openalex.org/W1993547705,00406090,Q2,,2,2,Q2,Q2
https://openalex.org/W1993595468,00472689,Q1,,1,1,Q1,Q1
https://openalex.org/W1993596210,09214534,Q2,,2,2,Q2,Q2
https://openalex.org/W1993605077,1070664X,Q1,,1,1,Q1,Q1
https://openalex.org/W1993611976,01448420,Q3,,2,2,Q2,Q2
https://openalex.org/W1993637869,00036951,Q1,,1,1,Q1,Q1
https://openalex.org/W1993690808,03615235,Q1,,2,2,Q2,Q2
https://openalex.org/W1993760114,02731177,-,,5,5,Unranked,Unranked
https://openalex.org/W1993761453,10637818,Q4,,2,2,Q2,Q2
https://openalex.org/W1993896917,00406090,Q2,,2,2,Q2,Q2
https://openalex.org/W1993901743,09538984,Q1,,1,1,Q1,Q1
https://openalex.org/W1993908242,03048853,Q2,,2,2,Q2,Q2
https://openalex.org/W1993919621,03701972,Q2,,2,2,Q2,Q2
https://openalex.org/W1993932438,00223115,Q2,,2,2,Q2,Q2
https://openalex.org/W1993932500,01689002,Q1,,1,1,Q1,Q1
https://openalex.org/W1993956100,07342101,Q1,,2,2,Q2,Q2
https://openalex.org/W1993970871,09280707,Q2,,2,2,Q2,Q2
https://openalex.org/W1993990570,10111344,Q1,,2,2,Q2,Q2
https://openalex.org/W1993991527,00319007,Q1,,1,1,Q1,Q1
https://openalex.org/W1994021556,00406031,Q2,,2,2,Q2,Q2
https://openalex.org/W1994038295,00223115,Q2,,2,2,Q2,Q2
https://openalex.org/W1994059080,13504495,Q2,,2,2,Q2,Q2
https://openalex.org/W1994067066,14690667,Q3,,2,2,Q2,Q2
https://openalex.org/W1994076660,09215107,Q2,,2,2,Q2,Q2
https://openalex.org/W1994086285,01679317,Q1,,2,2,Q2,Q2
https://openalex.org/W1994086993,0022460X,Q1,,1,1,Q1,Q1
https://openalex.org/W1994102213,09927689,Q2,,2,2,Q2,Q2
https://openalex.org/W1994111323,09215093,Q1,,1,1,Q1,Q1
https://openalex.org/W1994130870,10944087,Q1,,1,1,Q1,Q1
https://openalex.org/W1994141880,03603199,Q1,,1,1,Q1,Q1
https://openalex.org/W1994177628,00304018,Q1,,2,2,Q2,Q2
https://openalex.org/W1994214871,09215093,Q1,,1,1,Q1,Q1
https://openalex.org/W1994231322,00218979,Q1,,1,1,Q1,Q1
https://openalex.org/W1994231374,00457825,Q1,,1,1,Q1,Q1
https://openalex.org/W1994241711,09538984,Q1,,1,1,Q1,Q1
https://openalex.org/W1994268173,13861425,Q2,,2,2,Q2,Q2
https://openalex.org/W1994274434,14328488,Q2,,2,2,Q2,Q2
https://openalex.org/W1994277358,00220248,Q1,,2,2,Q2,Q2
https://openalex.org/W1994277738,05848547,Q1,,1,1,Q1,Q1
https://openalex.org/W1994283166,03048853,Q2,,2,2,Q2,Q2
https://openalex.org/W1994305951,09254005,Q1,,1,1,Q1,Q1
https://openalex.org/W1994312920,01672738,Q1,,1,1,Q1,Q1
https://openalex.org/W1994375732,01672738,Q1,,1,1,Q1,Q1
https://openalex.org/W1994521925,02578972,Q1,,1,1,Q1,Q1
https://openalex.org/W1994553703,0301679X,Q2,,1,1,Q1,Q1
https://openalex.org/W1994555205,03048853,Q2,,2,2,Q2,Q2
https://openalex.org/W1994560643,00405779,Q4,,3,3,Q3,Q3
https://openalex.org/W1994615961,01689002,Q1,,1,1,Q1,Q1
https://openalex.org/W1994675729,00223727,Q1,,1,1,Q1,Q1
https://openalex.org/W1994676677,00036951,Q1,,1,1,Q1,Q1
https://openalex.org/W1994678929,03784371,Q2,,2,2,Q2,Q2
https://openalex.org/W1994695309,00220248,Q1,,2,2,Q2,Q2
https://openalex.org/W1994730112,00036951,Q1,,1,1,Q1,Q1
https://openalex.org/W1994737492,09215093,Q1,,1,1,Q1,Q1
https://openalex.org/W1994739164,13504487,Q2,,2,2,Q2,Q2
https://openalex.org/W1994752575,00406090,Q2,,2,2,Q2,Q2
https://openalex.org/W1994802847,00214922,-,,5,3,Unranked,Q3
https://openalex.org/W1994804643,09259635,Q1,,1,1,Q1,Q1
https://openalex.org/W1994811603,00220248,Q1,,2,2,Q2,Q2
https://openalex.org/W1994819269,00223093,Q1,,2,2,Q2,Q2
https://openalex.org/W1994844570,08952477,Q2,,3,3,Q3,Q3
https://openalex.org/W1994844797,03048853,Q2,,2,2,Q2,Q2
https://openalex.org/W1994863412,00224596,Q2,,2,2,Q2,Q2
https://openalex.org/W1994901815,00406090,Q2,,2,2,Q2,Q2
https://openalex.org/W1994902926,01689002,Q1,,1,1,Q1,Q1
https://openalex.org/W1994906980,13869477,Q2,,2,2,Q2,Q2
https://openalex.org/W1994911248,02731177,-,,5,5,Unranked,Unranked
https://openalex.org/W1994942488,02670836,Q2,,2,2,Q2,Q2
https://openalex.org/W1994947364,09215093,Q1,,1,1,Q1,Q1
https://openalex.org/W1994947853,00036951,Q1,,1,1,Q1,Q1
https://openalex.org/W1994986915,00262714,Q2,,2,2,Q2,Q2
https://openalex.org/W1994995648,00036951,Q1,,1,1,Q1,Q1
https://openalex.org/W1994999501,0167577X,Q2,,2,2,Q2,Q2
https://openalex.org/W1995066799,10847529,Q1,,1,1,Q1,Q1
https://openalex.org/W1995086383,00220248,Q1,,2,2,Q2,Q2
https://openalex.org/W1995092870,09698043,Q1,,2,2,Q2,Q2
https://openalex.org/W1995165923,00295493,Q2,,2,2,Q2,Q2
https://openalex.org/W1995167258,15297853,Q3,,2,2,Q2,Q2
https://openalex.org/W1995199179,00036951,Q1,,1,1,Q1,Q1
https://openalex.org/W1995234790,00036951,Q1,,1,1,Q1,Q1
https://openalex.org/W1995250540,09276505,Q2,,1,1,Q1,Q1
https://openalex.org/W1995254978,00223115,Q2,,2,2,Q2,Q2
https://openalex.org/W1995268692,00220248,Q1,,2,2,Q2,Q2
https://openalex.org/W1995289135,01469592,Q1,,1,1,Q1,Q1
https://openalex.org/W1995317217,00223093,Q1,,2,2,Q2,Q2
https://openalex.org/W1995345445,00319007,Q1,,1,1,Q1,Q1
https://openalex.org/W1995347993,00222313,Q1,,2,2,Q2,Q2
https://openalex.org/W1995382460,00406090,Q2,,2,2,Q2,Q2
https://openalex.org/W1995393884,13886150,Q3,,2,2,Q2,Q2
https://openalex.org/W1995413336,00431648,Q1,,1,1,Q1,Q1
https://openalex.org/W1995429333,0018926X,Q1,,1,1,Q1,Q1
https://openalex.org/W1995465842,01689002,Q1,,1,1,Q1,Q1
https://openalex.org/W1995470628,09215107,Q2,,2,2,Q2,Q2
https://openalex.org/W1995480027,13886150,Q3,,2,2,Q2,Q2
https://openalex.org/W1995496755,0168583X,Q2,,2,2,Q2,Q2
https://openalex.org/W1995499811,09254005,Q1,,1,1,Q1,Q1
https://openalex.org/W1995512769,07342101,Q1,,2,2,Q2,Q2
https://openalex.org/W1995539387,09244247,Q1,,1,1,Q1,Q1
https://openalex.org/W1995579883,13873806,Q1,,1,1,Q1,Q1
https://openalex.org/W1995581223,09532048,Q1,,1,1,Q1,Q1
https://openalex.org/W1995582569,01652125,Q2,,2,2,Q2,Q2
https://openalex.org/W1995600819,00318949,Q3,,3,3,Q3,Q3
https://openalex.org/W1995611791,01689002,Q1,,1,1,Q1,Q1
https://openalex.org/W1995612532,09244247,Q1,,1,1,Q1,Q1
https://openalex.org/W1995622101,00319007,Q1,,1,1,Q1,Q1
https://openalex.org/W1995653958,00218979,Q1,,1,1,Q1,Q1
https://openalex.org/W1995663671,01413910,Q1,,1,1,Q1,Q1
https://openalex.org/W1995698367,03048853,Q2,,2,2,Q2,Q2
https://openalex.org/W1995704359,09253467,Q2,,2,2,Q2,Q2
https://openalex.org/W1995716179,05704928,Q1,,1,1,Q1,Q1
https://openalex.org/W1995720470,00218979,Q1,,1,1,Q1,Q1
https://openalex.org/W1995721591,00036951,Q1,,1,1,Q1,Q1
https://openalex.org/W1995725505,09277757,-,,5,5,Unranked,Unranked
https://openalex.org/W1995730659,07437463,Q1,,1,1,Q1,Q1
https://openalex.org/W1995735187,08952477,Q2,,3,3,Q3,Q3
https://openalex.org/W1995778190,14668033,Q1,,1,1,Q1,Q1
https://openalex.org/W1995778514,14786435,Q1,,1,1,Q1,Q1
https://openalex.org/W1995808715,02578972,Q1,,1,1,Q1,Q1
https://openalex.org/W1995833115,09641726,Q1,,1,1,Q1,Q1
https://openalex.org/W1995869801,00112275,Q1,,2,2,Q2,Q2
https://openalex.org/W1995913846,13596462,Q1,,1,1,Q1,Q1
https://openalex.org/W1995922049,02578972,Q1,,1,1,Q1,Q1
https://openalex.org/W1995949029,00036951,Q1,,1,1,Q1,Q1
https://openalex.org/W1995950143,00262714,Q2,,2,2,Q2,Q2
https://openalex.org/W1995959759,03048853,Q2,,2,2,Q2,Q2
https://openalex.org/W1995986685,02681242,Q1,,1,1,Q1,Q1
https://openalex.org/W1995996782,0168583X,Q2,,2,2,Q2,Q2
https://openalex.org/W1996012555,09280707,Q2,,2,2,Q2,Q2
https://openalex.org/W1996027002,02578972,Q1,,1,1,Q1,Q1
https://openalex.org/W1996047994,01469592,Q1,,1,1,Q1,Q1
https://openalex.org/W1996062406,02670836,Q2,,2,2,Q2,Q2
https://openalex.org/W1996108886,01469592,Q1,,1,1,Q1,Q1
https://openalex.org/W1996131522,00406090,Q2,,2,2,Q2,Q2
https://openalex.org/W1996142180,0022460X,Q1,,1,1,Q1,Q1
https://openalex.org/W1996169616,01689002,Q1,,1,1,Q1,Q1
https://openalex.org/W1996216916,13886150,Q3,,2,2,Q2,Q2
https://openalex.org/W1996226399,00303992,Q2,,2,2,Q2,Q2
https://openalex.org/W1996228804,09254005,Q1,,1,1,Q1,Q1
https://openalex.org/W1996240186,09532048,Q1,,1,1,Q1,Q1
https://openalex.org/W1996250967,00036951,Q1,,1,1,Q1,Q1
https://openalex.org/W1996251975,01422421,Q2,,2,2,Q2,Q2
https://openalex.org/W1996275032,02578972,Q1,,1,1,Q1,Q1
https://openalex.org/W1996283388,01689002,Q1,,1,1,Q1,Q1
https://openalex.org/W1996289279,10980121,Q1,,1,1,Q1,Q1
https://openalex.org/W1996296942,03603016,Q1,,1,1,Q1,Q1
https://openalex.org/W1996298437,01469592,Q1,,1,1,Q1,Q1
https://openalex.org/W1996310520,03048853,Q2,,2,2,Q2,Q2
https://openalex.org/W1996321280,01694332,-,,5,5,Unranked,Unranked
https://openalex.org/W1996343147,00036951,Q1,,1,1,Q1,Q1
https://openalex.org/W1996345213,07342101,Q1,,2,2,Q2,Q2
https://openalex.org/W1996349630,03796779,Q2,,2,2,Q2,Q2
https://openalex.org/W1996363721,03048853,Q2,,2,2,Q2,Q2
https://openalex.org/W1996376207,00406090,Q2,,2,2,Q2,Q2
https://openalex.org/W1996432942,09641726,Q1,,1,1,Q1,Q1
https://openalex.org/W1996482239,09335137,Q3,,3,3,Q3,Q3
https://openalex.org/W1996487727,15306984,Q1,,1,1,Q1,Q1
https://openalex.org/W1996508531,09215093,Q1,,1,1,Q1,Q1
https://openalex.org/W1996531731,00036951,Q1,,1,1,Q1,Q1
https://openalex.org/W1996537636,0168583X,Q2,,2,2,Q2,Q2
https://openalex.org/W1996538313,02670836,Q2,,2,2,Q2,Q2
https://openalex.org/W1996584563,00092614,Q1,,1,1,Q1,Q1
https://openalex.org/W1996598707,00406090,Q2,,2,2,Q2,Q2
https://openalex.org/W1996602776,10111344,Q1,,2,2,Q2,Q2
https://openalex.org/W1996625745,00431648,Q1,,1,1,Q1,Q1
https://openalex.org/W1996626426,00036951,Q1,,1,1,Q1,Q1
https://openalex.org/W1996677537,00406090,Q2,,2,2,Q2,Q2
https://openalex.org/W1996688902,00036951,Q1,,1,1,Q1,Q1
https://openalex.org/W1996705566,09244247,Q1,,1,1,Q1,Q1
https://openalex.org/W1996807490,03048853,Q2,,2,2,Q2,Q2
https://openalex.org/W1996832426,13886150,Q3,,2,2,Q2,Q2
https://openalex.org/W1996860687,00014966,Q1,,1,1,Q1,Q1
https://openalex.org/W1996899765,09462171,Q1,,1,1,Q1,Q1
https://openalex.org/W1996916821,02578972,Q1,,1,1,Q1,Q1
https://openalex.org/W1996968552,13861425,Q2,,2,2,Q2,Q2
https://openalex.org/W1996990381,03043843,Q3,,3,3,Q3,Q3
https://openalex.org/W1997000634,00036951,Q1,,1,1,Q1,Q1
https://openalex.org/W1997005054,00346748,Q1,,1,1,Q1,Q1
https://openalex.org/W1997026590,00014966,Q1,,1,1,Q1,Q1
https://openalex.org/W1997054359,0167577X,Q2,,2,2,Q2,Q2
https://openalex.org/W1997055131,0301679X,Q2,,1,1,Q1,Q1
https://openalex.org/W1997059074,01689002,Q1,,1,1,Q1,Q1
https://openalex.org/W1997062321,00220248,Q1,,2,2,Q2,Q2
https://openalex.org/W1997075117,00143057,Q2,,1,1,Q1,Q1
https://openalex.org/W1997083329,13869477,Q2,,2,2,Q2,Q2
https://openalex.org/W1997108148,01689002,Q1,,1,1,Q1,Q1
https://openalex.org/W1997118213,03048853,Q2,,2,2,Q2,Q2
https://openalex.org/W1997143105,00442275,Q3,,2,2,Q2,Q2
https://openalex.org/W1997165736,09698043,Q1,,2,2,Q2,Q2
https://openalex.org/W1997168016,12932558,Q2,,2,2,Q2,Q2
https://openalex.org/W1997168115,03048853,Q2,,2,2,Q2,Q2
https://openalex.org/W1997173697,09467076,Q3,,3,3,Q3,Q3
https://openalex.org/W1997188484,00406031,Q2,,2,2,Q2,Q2
https://openalex.org/W1997341220,00218979,Q1,,1,1,Q1,Q1
https://openalex.org/W1997352809,00406031,Q2,,2,2,Q2,Q2
https://openalex.org/W1997370072,16005368,Q3,,4,4,Q4,Q4
https://openalex.org/W1997388490,09254005,Q1,,1,1,Q1,Q1
https://openalex.org/W1997401709,03784371,Q2,,2,2,Q2,Q2
https://openalex.org/W1997419442,02731177,-,,5,5,Unranked,Unranked
https://openalex.org/W1997438983,01679317,Q1,,2,2,Q2,Q2
https://openalex.org/W1997452924,0167577X,Q2,,2,2,Q2,Q2
https://openalex.org/W1997461732,13504487,Q2,,2,2,Q2,Q2
https://openalex.org/W1997466467,03682048,Q1,,1,1,Q1,Q1
https://openalex.org/W1997472384,01672738,Q1,,1,1,Q1,Q1
https://openalex.org/W1997485243,00304018,Q1,,2,2,Q2,Q2
https://openalex.org/W1997507261,09244247,Q1,,1,1,Q1,Q1
https://openalex.org/W1997535082,00396028,Q1,,1,1,Q1,Q1
https://openalex.org/W1997545770,02540584,Q2,,2,2,Q2,Q2
https://openalex.org/W1997566215,00295515,Q1,,1,1,Q1,Q1
https://openalex.org/W1997613547,09215093,Q1,,1,1,Q1,Q1
https://openalex.org/W1997633861,00223131,Q3,,3,3,Q3,Q3
https://openalex.org/W1997687999,09215107,Q2,,2,2,Q2,Q2
https://openalex.org/W1997689272,02670836,Q2,,2,2,Q2,Q2
https://openalex.org/W1997706368,00092614,Q1,,1,1,Q1,Q1
https://openalex.org/W1997729018,0167577X,Q2,,2,2,Q2,Q2
https://openalex.org/W1997730085,00381101,Q2,,2,2,Q2,Q2
https://openalex.org/W1997754466,09253467,Q2,,2,2,Q2,Q2
https://openalex.org/W1997775795,00105082,Q4,,3,3,Q3,Q3
https://openalex.org/W1997799711,09254005,Q1,,1,1,Q1,Q1
https://openalex.org/W1997895645,01672738,Q1,,1,1,Q1,Q1
https://openalex.org/W1997909165,0003682X,Q2,,1,1,Q1,Q1
https://openalex.org/W1997934683,01694332,-,,5,5,Unranked,Unranked
https://openalex.org/W1997943040,09215093,Q1,,1,1,Q1,Q1
https://openalex.org/W1997999646,01672738,Q1,,1,1,Q1,Q1
https://openalex.org/W1998006268,13596462,Q1,,1,1,Q1,Q1
https://openalex.org/W1998011404,03759474,Q1,,1,1,Q1,Q1
https://openalex.org/W1998030512,02578972,Q1,,1,1,Q1,Q1
https://openalex.org/W1998055149,00036951,Q1,,1,1,Q1,Q1
https://openalex.org/W1998073692,09253467,Q2,,2,2,Q2,Q2
https://openalex.org/W1998075390,10518223,Q2,,3,3,Q3,Q3
https://openalex.org/W1998103094,12900729,Q2,,1,1,Q1,Q1
https://openalex.org/W1998132271,09532048,Q1,,1,1,Q1,Q1
https://openalex.org/W1998151476,01689002,Q1,,1,1,Q1,Q1
https://openalex.org/W1998175859,00304018,Q1,,2,2,Q2,Q2
https://openalex.org/W1998189134,00222313,Q1,,2,2,Q2,Q2
https://openalex.org/W1998209493,10518223,Q2,,3,3,Q3,Q3
https://openalex.org/W1998250845,03603199,Q1,,1,1,Q1,Q1
https://openalex.org/W1998269210,01689002,Q1,,1,1,Q1,Q1
https://openalex.org/W1998286649,09215093,Q1,,1,1,Q1,Q1
https://openalex.org/W1998295485,09555986,Q3,,2,2,Q2,Q2
https://openalex.org/W1998300739,01422421,Q2,,2,2,Q2,Q2
https://openalex.org/W1998308285,00406031,Q2,,2,2,Q2,Q2
https://openalex.org/W1998321261,00346748,Q1,,1,1,Q1,Q1
https://openalex.org/W1998337598,00014966,Q1,,1,1,Q1,Q1
https://openalex.org/W1998339504,02681242,Q1,,1,1,Q1,Q1
https://openalex.org/W1998350033,03043886,Q3,,2,2,Q2,Q2
https://openalex.org/W1998379171,00036951,Q1,,1,1,Q1,Q1
https://openalex.org/W1998460311,00220248,Q1,,2,2,Q2,Q2
https://openalex.org/W1998476700,02731177,-,,5,5,Unranked,Unranked
https://openalex.org/W1998492857,00406031,Q2,,2,2,Q2,Q2
https://openalex.org/W1998507953,00406090,Q2,,2,2,Q2,Q2
https://openalex.org/W1998519244,09244247,Q1,,1,1,Q1,Q1
https://openalex.org/W1998551642,0042207X,Q2,,2,2,Q2,Q2
https://openalex.org/W1998560893,00220248,Q1,,2,2,Q2,Q2
https://openalex.org/W1998568589,0167577X,Q2,,2,2,Q2,Q2
https://openalex.org/W1998597019,00218979,Q1,,1,1,Q1,Q1
https://openalex.org/W1998606536,10637826,Q3,,3,3,Q3,Q3
https://openalex.org/W1998608664,00346748,Q1,,1,1,Q1,Q1
https://openalex.org/W1998619809,07437463,Q1,,1,1,Q1,Q1
https://openalex.org/W1998622507,00036951,Q1,,1,1,Q1,Q1
https://openalex.org/W1998650092,00255408,Q2,,2,2,Q2,Q2
https://openalex.org/W1998656362,00218936,Q1,,1,1,Q1,Q1
https://openalex.org/W1998675969,1063780X,Q2,,2,3,Q2,Q3
https://openalex.org/W1998676553,0003682X,Q2,,1,1,Q1,Q1
https://openalex.org/W1998679668,00381101,Q2,,2,2,Q2,Q2
https://openalex.org/W1998728515,07413335,Q1,,1,1,Q1,Q1
https://openalex.org/W1998729620,02540584,Q2,,2,2,Q2,Q2
https://openalex.org/W1998735791,15306984,Q1,,1,1,Q1,Q1
https://openalex.org/W1998784189,08952477,Q2,,3,3,Q3,Q3
https://openalex.org/W1998835502,03048853,Q2,,2,2,Q2,Q2
https://openalex.org/W1998858533,02670844,Q3,,3,3,Q3,Q3
https://openalex.org/W1998869443,0042207X,Q2,,2,2,Q2,Q2
https://openalex.org/W1998938717,00220248,Q1,,2,2,Q2,Q2
https://openalex.org/W1998986614,13596462,Q1,,1,1,Q1,Q1
https://openalex.org/W1999013461,00223697,Q2,,2,2,Q2,Q2
https://openalex.org/W1999043273,15287483,Q1,,1,1,Q1,Q1
https://openalex.org/W1999044916,02540584,Q2,,2,2,Q2,Q2
https://openalex.org/W1999049421,0167577X,Q2,,2,2,Q2,Q2
https://openalex.org/W1999071249,01694332,-,,5,5,Unranked,Unranked
https://openalex.org/W1999076113,00219614,Q2,,1,1,Q1,Q1
https://openalex.org/W1999116469,00102180,Q1,,1,1,Q1,Q1
https://openalex.org/W1999126191,0301679X,Q2,,1,1,Q1,Q1
https://openalex.org/W1999129435,00036951,Q1,,1,1,Q1,Q1
https://openalex.org/W1999184772,09253467,Q2,,2,2,Q2,Q2
https://openalex.org/W1999184820,09254005,Q1,,1,1,Q1,Q1
https://openalex.org/W1999194160,03048853,Q2,,2,2,Q2,Q2
https://openalex.org/W1999199808,00037028,Q1,,2,2,Q2,Q2
https://openalex.org/W1999200127,0168583X,Q2,,2,2,Q2,Q2
https://openalex.org/W1999203245,09090495,Q2,,1,1,Q1,Q1
https://openalex.org/W1999239158,00304018,Q1,,2,2,Q2,Q2
https://openalex.org/W1999270308,01672738,Q1,,1,1,Q1,Q1
https://openalex.org/W1999273684,0022460X,Q1,,1,1,Q1,Q1
https://openalex.org/W1999282113,00189197,Q1,,1,1,Q1,Q1
https://openalex.org/W1999335485,01672738,Q1,,1,1,Q1,Q1
https://openalex.org/W1999364990,00431648,Q1,,1,1,Q1,Q1
https://openalex.org/W1999432067,01694332,-,,5,5,Unranked,Unranked
https://openalex.org/W1999450096,03701972,Q2,,2,2,Q2,Q2
https://openalex.org/W1999490689,13596462,Q1,,1,1,Q1,Q1
https://openalex.org/W1999493972,13672630,Q1,,1,1,Q1,Q1
https://openalex.org/W1999505616,03048853,Q2,,2,2,Q2,Q2
https://openalex.org/W1999508478,02578972,Q1,,1,1,Q1,Q1
https://openalex.org/W1999519949,13621718,Q2,,1,1,Q1,Q1
https://openalex.org/W1999570774,00219606,Q1,,1,1,Q1,Q1
https://openalex.org/W1999605267,00220248,Q1,,2,2,Q2,Q2
https://openalex.org/W1999630782,03048853,Q2,,2,2,Q2,Q2
https://openalex.org/W1999633146,13886150,Q3,,2,2,Q2,Q2
https://openalex.org/W1999637899,09215093,Q1,,1,1,Q1,Q1
https://openalex.org/W1999645211,09254005,Q1,,1,1,Q1,Q1
https://openalex.org/W1999674223,00223115,Q2,,2,2,Q2,Q2
https://openalex.org/W1999686981,01689002,Q1,,1,1,Q1,Q1
https://openalex.org/W1999722406,00220248,Q1,,2,2,Q2,Q2
https://openalex.org/W1999738886,03796779,Q2,,2,2,Q2,Q2
https://openalex.org/W1999751944,00223115,Q2,,2,2,Q2,Q2
https://openalex.org/W1999764718,09215093,Q1,,1,1,Q1,Q1
https://openalex.org/W1999776108,09540911,Q3,,3,3,Q3,Q3
https://openalex.org/W1999792410,00220248,Q1,,2,2,Q2,Q2
https://openalex.org/W1999802611,01679317,Q1,,2,2,Q2,Q2
https://openalex.org/W1999831814,01469592,Q1,,1,1,Q1,Q1
https://openalex.org/W1999922275,00220248,Q1,,2,2,Q2,Q2
https://openalex.org/W1999949150,00406090,Q2,,2,2,Q2,Q2
https://openalex.org/W1999950252,01689002,Q1,,1,1,Q1,Q1
https://openalex.org/W1999956570,00046361,Q1,,1,1,Q1,Q1
https://openalex.org/W1999963692,13853449,Q2,,2,2,Q2,Q2
https://openalex.org/W1999974153,09215093,Q1,,1,1,Q1,Q1
https://openalex.org/W2000046709,09214526,Q2,,2,2,Q2,Q2
https://openalex.org/W2000065002,0168583X,Q2,,2,2,Q2,Q2
https://openalex.org/W2000109557,00319007,Q1,,1,1,Q1,Q1
https://openalex.org/W2000122399,09253467,Q2,,2,2,Q2,Q2
https://openalex.org/W2000164285,09254005,Q1,,1,1,Q1,Q1
https://openalex.org/W2000167035,09280707,Q2,,2,2,Q2,Q2
https://openalex.org/W2000169999,00036951,Q1,,1,1,Q1,Q1
https://openalex.org/W2000207514,00214922,-,,5,3,Unranked,Q3
https://openalex.org/W2000247827,00913286,Q2,,2,2,Q2,Q2
https://openalex.org/W2000264157,14761122,Q1,,1,1,Q1,Q1
https://openalex.org/W2000267234,00213640,Q2,,2,2,Q2,Q2
https://openalex.org/W2000290718,09215093,Q1,,1,1,Q1,Q1
https://openalex.org/W2000333166,09254005,Q1,,1,1,Q1,Q1
https://openalex.org/W2000336794,0969806X,Q3,,2,2,Q2,Q2
https://openalex.org/W2000343655,01469592,Q1,,1,1,Q1,Q1
https://openalex.org/W2000391003,13869477,Q2,,2,2,Q2,Q2
https://openalex.org/W2000420765,10106030,Q2,,2,2,Q2,Q2
https://openalex.org/W2000465353,13871811,Q1,,1,1,Q1,Q1
https://openalex.org/W2000469202,10637869,Q3,,2,2,Q2,Q2
https://openalex.org/W2000497551,00913286,Q2,,2,2,Q2,Q2
https://openalex.org/W2000498672,00134651,Q1,,1,1,Q1,Q1
https://openalex.org/W2000513803,00223727,Q1,,1,1,Q1,Q1
https://openalex.org/W2000518700,07437463,Q1,,1,1,Q1,Q1
https://openalex.org/W2000518733,09698043,Q1,,2,2,Q2,Q2
https://openalex.org/W2000520972,00036951,Q1,,1,1,Q1,Q1
https://openalex.org/W2000522077,00262714,Q2,,2,2,Q2,Q2
https://openalex.org/W2000566185,02540584,Q2,,2,2,Q2,Q2
https://openalex.org/W2000583532,09090495,Q2,,1,1,Q1,Q1
https://openalex.org/W2000594452,01694332,-,,5,5,Unranked,Unranked
https://openalex.org/W2000601797,09280707,Q2,,2,2,Q2,Q2
https://openalex.org/W2000613160,00295493,Q2,,2,2,Q2,Q2
https://openalex.org/W2000638520,00092614,Q1,,1,1,Q1,Q1
https://openalex.org/W2000672302,00431648,Q1,,1,1,Q1,Q1
https://openalex.org/W2000687866,00223727,Q1,,1,1,Q1,Q1
https://openalex.org/W2000701059,09215107,Q2,,2,2,Q2,Q2
https://openalex.org/W2000711561,03615235,Q1,,2,2,Q2,Q2
https://openalex.org/W2000725428,00036951,Q1,,1,1,Q1,Q1
https://openalex.org/W2000748516,01672738,Q1,,1,1,Q1,Q1
https://openalex.org/W2000771599,01694332,-,,5,5,Unranked,Unranked
https://openalex.org/W2000775715,09244247,Q1,,1,1,Q1,Q1
https://openalex.org/W2000778035,10106030,Q2,,2,2,Q2,Q2
https://openalex.org/W2000805062,00036951,Q1,,1,1,Q1,Q1
https://openalex.org/W2000841098,00214922,-,,5,3,Unranked,Q3
https://openalex.org/W2000857097,00214922,-,,5,3,Unranked,Q3
https://openalex.org/W2000873464,00112275,Q1,,2,2,Q2,Q2
https://openalex.org/W2000953562,02578972,Q1,,1,1,Q1,Q1
https://openalex.org/W2000958968,09532048,Q1,,1,1,Q1,Q1
https://openalex.org/W2000972433,00406031,Q2,,2,2,Q2,Q2
https://openalex.org/W2000980954,02670844,Q3,,3,3,Q3,Q3
https://openalex.org/W2000987978,09270256,Q2,,1,1,Q1,Q1
https://openalex.org/W2001002350,13886150,Q3,,2,2,Q2,Q2
https://openalex.org/W2001004098,00381098,Q1,,1,2,Q1,Q2
https://openalex.org/W2001027389,15306984,Q1,,1,1,Q1,Q1
https://openalex.org/W2001028259,00220248,Q1,,2,2,Q2,Q2
https://openalex.org/W2001067604,01689002,Q1,,1,1,Q1,Q1
https://openalex.org/W2001079569,01672738,Q1,,1,1,Q1,Q1
https://openalex.org/W2001080294,00223093,Q1,,2,2,Q2,Q2
https://openalex.org/W2001087222,09214534,Q2,,2,2,Q2,Q2
https://openalex.org/W2001089552,09215107,Q2,,2,2,Q2,Q2
https://openalex.org/W2001089641,13869477,Q2,,2,2,Q2,Q2
https://openalex.org/W2001123875,09462171,Q1,,1,1,Q1,Q1
https://openalex.org/W2001189781,00214922,-,,5,3,Unranked,Q3
https://openalex.org/W2001203710,01694332,-,,5,5,Unranked,Unranked
https://openalex.org/W2001215833,10445803,Q2,,1,1,Q1,Q1
https://openalex.org/W2001216005,00304018,Q1,,2,2,Q2,Q2
https://openalex.org/W2001233048,02632241,Q3,,2,2,Q2,Q2
https://openalex.org/W2001236319,00223697,Q2,,2,2,Q2,Q2
https://openalex.org/W2001299817,09532048,Q1,,1,1,Q1,Q1
https://openalex.org/W2001314463,00222313,Q1,,2,2,Q2,Q2
https://openalex.org/W2001329369,0167577X,Q2,,2,2,Q2,Q2
https://openalex.org/W2001330181,00036951,Q1,,1,1,Q1,Q1
https://openalex.org/W2001341462,00223115,Q2,,2,2,Q2,Q2
https://openalex.org/W2001345859,00346748,Q1,,1,1,Q1,Q1
https://openalex.org/W2001350593,13853449,Q2,,2,2,Q2,Q2
https://openalex.org/W2001371194,00214922,-,,5,3,Unranked,Q3
https://openalex.org/W2001375459,09532048,Q1,,1,1,Q1,Q1
https://openalex.org/W2001389068,10735615,Q1,,1,1,Q1,Q1
https://openalex.org/W2001390633,09244247,Q1,,1,1,Q1,Q1
https://openalex.org/W2001391385,00223115,Q2,,2,2,Q2,Q2
https://openalex.org/W2001423819,00406090,Q2,,2,2,Q2,Q2
https://openalex.org/W2001439444,09244247,Q1,,1,1,Q1,Q1
https://openalex.org/W2001486982,09698043,Q1,,2,2,Q2,Q2
https://openalex.org/W2001541142,14786435,Q1,,1,1,Q1,Q1
https://openalex.org/W2001557989,00406090,Q2,,2,2,Q2,Q2
https://openalex.org/W2001563077,01413910,Q1,,1,1,Q1,Q1
https://openalex.org/W2001594901,09570233,Q1,,1,1,Q1,Q1
https://openalex.org/W2001629794,0168583X,Q2,,2,2,Q2,Q2
https://openalex.org/W2001641473,02321300,Q3,,3,3,Q3,Q3
https://openalex.org/W2001643053,00036951,Q1,,1,1,Q1,Q1
https://openalex.org/W2001700283,00262714,Q2,,2,2,Q2,Q2
https://openalex.org/W2001715365,00255408,Q2,,2,2,Q2,Q2
https://openalex.org/W2001734297,00214922,-,,5,3,Unranked,Q3
https://openalex.org/W2001764893,0004637X,Q1,,1,1,Q1,Q1
https://openalex.org/W2001792903,09215093,Q1,,1,1,Q1,Q1
https://openalex.org/W2001796215,00220248,Q1,,2,2,Q2,Q2
https://openalex.org/W2001797236,14328488,Q2,,2,2,Q2,Q2
https://openalex.org/W2001806288,0022460X,Q1,,1,1,Q1,Q1
https://openalex.org/W2001827845,00214922,-,,5,3,Unranked,Q3
https://openalex.org/W2001842539,01694332,-,,5,5,Unranked,Unranked
https://openalex.org/W2001864223,00036951,Q1,,1,1,Q1,Q1
https://openalex.org/W2001904152,10637826,Q3,,3,3,Q3,Q3
https://openalex.org/W2001906307,10407782,Q2,,1,1,Q1,Q1
https://openalex.org/W2001914777,07437463,Q1,,1,1,Q1,Q1
https://openalex.org/W2001954559,09600779,-,,5,5,Unranked,Unranked
https://openalex.org/W2001972694,03759474,Q1,,1,1,Q1,Q1
https://openalex.org/W2001990028,14761122,Q1,,1,1,Q1,Q1
https://openalex.org/W2002011832,00223093,Q1,,2,2,Q2,Q2
https://openalex.org/W2002039386,09215093,Q1,,1,1,Q1,Q1
https://openalex.org/W2002083040,03701972,Q2,,2,2,Q2,Q2
https://openalex.org/W2002102927,00223131,Q3,,3,3,Q3,Q3
https://openalex.org/W2002108619,00319007,Q1,,1,1,Q1,Q1
https://openalex.org/W2002112596,02578972,Q1,,1,1,Q1,Q1
https://openalex.org/W2002152614,09214534,Q2,,2,2,Q2,Q2
https://openalex.org/W2002176921,0022460X,Q1,,1,1,Q1,Q1
https://openalex.org/W2002202043,00036951,Q1,,1,1,Q1,Q1
https://openalex.org/W2002253877,09244247,Q1,,1,1,Q1,Q1
https://openalex.org/W2002288482,00406031,Q2,,2,2,Q2,Q2
https://openalex.org/W2002300231,01689002,Q1,,1,1,Q1,Q1
https://openalex.org/W2002313889,0168583X,Q2,,2,2,Q2,Q2
https://openalex.org/W2002331471,15287483,Q1,,1,1,Q1,Q1
https://openalex.org/W2002343247,09215093,Q1,,1,1,Q1,Q1
https://openalex.org/W2002347156,00036951,Q1,,1,1,Q1,Q1
https://openalex.org/W2002367197,00406090,Q2,,2,2,Q2,Q2
https://openalex.org/W2002377106,00319007,Q1,,1,1,Q1,Q1
https://openalex.org/W2002406170,0969806X,Q3,,2,2,Q2,Q2
https://openalex.org/W2002462246,10637834,Q3,,3,3,Q3,Q3
https://openalex.org/W2002485670,00222291,Q1,,2,2,Q2,Q2
https://openalex.org/W2002503495,01694332,-,,5,5,Unranked,Unranked
https://openalex.org/W2002519627,09215093,Q1,,1,1,Q1,Q1
https://openalex.org/W2002554652,00134651,Q1,,1,1,Q1,Q1
https://openalex.org/W2002557606,10735623,Q1,,1,1,Q1,Q1
https://openalex.org/W2002569123,0022460X,Q1,,1,1,Q1,Q1
https://openalex.org/W2002573822,00346748,Q1,,1,1,Q1,Q1
https://openalex.org/W2002595427,02670844,Q3,,3,3,Q3,Q3
https://openalex.org/W2002605890,00223697,Q2,,2,2,Q2,Q2
https://openalex.org/W2002638274,09215093,Q1,,1,1,Q1,Q1
https://openalex.org/W2002657908,00223115,Q2,,2,2,Q2,Q2
https://openalex.org/W2002679219,10637397,Q4,,4,4,Q4,Q4
https://openalex.org/W2002692661,00143057,Q2,,1,1,Q1,Q1
https://openalex.org/W2002809092,00262714,Q2,,2,2,Q2,Q2
https://openalex.org/W2002832408,00255408,Q2,,2,2,Q2,Q2
https://openalex.org/W2002838141,09254005,Q1,,1,1,Q1,Q1
https://openalex.org/W2002909594,00344885,Q1,,1,1,Q1,Q1
https://openalex.org/W2002978127,01694332,-,,5,5,Unranked,Unranked
https://openalex.org/W2003005493,00214876,Q3,,3,3,Q3,Q3
https://openalex.org/W2003028339,00262714,Q2,,2,2,Q2,Q2
https://openalex.org/W2003038156,12860042,Q2,,2,2,Q2,Q2
https://openalex.org/W2003054713,07496036,Q3,,2,2,Q2,Q2
https://openalex.org/W2003058486,00913286,Q2,,2,2,Q2,Q2
https://openalex.org/W2003088075,01672738,Q1,,1,1,Q1,Q1
https://openalex.org/W2003095642,02578972,Q1,,1,1,Q1,Q1
https://openalex.org/W2003100687,09215093,Q1,,1,1,Q1,Q1
https://openalex.org/W2003102990,10907807,Q1,,1,1,Q1,Q1
https://openalex.org/W2003127346,00406090,Q2,,2,2,Q2,Q2
https://openalex.org/W2003154993,09215093,Q1,,1,1,Q1,Q1
https://openalex.org/W2003167667,02632241,Q3,,2,2,Q2,Q2
https://openalex.org/W2003180130,00092614,Q1,,1,1,Q1,Q1
https://openalex.org/W2003193361,00319007,Q1,,1,1,Q1,Q1
https://openalex.org/W2003208039,00406031,Q2,,2,2,Q2,Q2
https://openalex.org/W2003256189,00304018,Q1,,2,2,Q2,Q2
https://openalex.org/W2003259848,03603199,Q1,,1,1,Q1,Q1
https://openalex.org/W2003272086,10710922,Q3,,2,2,Q2,Q2
https://openalex.org/W2003273521,02731177,-,,5,5,Unranked,Unranked
https://openalex.org/W2003284171,09259635,Q1,,1,1,Q1,Q1
https://openalex.org/W2003319140,10627995,Q2,,1,1,Q1,Q1
https://openalex.org/W2003320868,09477411,Q3,,2,2,Q2,Q2
https://openalex.org/W2003341880,00036951,Q1,,1,1,Q1,Q1
https://openalex.org/W2003363293,00218979,Q1,,1,1,Q1,Q1
https://openalex.org/W2003363359,0256307X,Q3,,3,3,Q3,Q3
https://openalex.org/W2003393269,07437463,Q1,,1,1,Q1,Q1
https://openalex.org/W2003406260,09214534,Q2,,2,2,Q2,Q2
https://openalex.org/W2003455281,00224596,Q2,,2,2,Q2,Q2
https://openalex.org/W2003466575,00338443,Q4,,3,3,Q3,Q3
https://openalex.org/W2003467492,01694332,-,,5,5,Unranked,Unranked
https://openalex.org/W2003490265,09462171,Q1,,1,1,Q1,Q1
https://openalex.org/W2003497287,0168583X,Q2,,2,2,Q2,Q2
https://openalex.org/W2003506473,03048853,Q2,,2,2,Q2,Q2
https://openalex.org/W2003515389,00214922,-,,5,3,Unranked,Q3
https://openalex.org/W2003533306,03048853,Q2,,2,2,Q2,Q2
https://openalex.org/W2003538337,09215093,Q1,,1,1,Q1,Q1
https://openalex.org/W2003599799,02540584,Q2,,2,2,Q2,Q2
https://openalex.org/W2003609026,00220248,Q1,,2,2,Q2,Q2
https://openalex.org/W2003624401,09215107,Q2,,2,2,Q2,Q2
https://openalex.org/W2003626460,00223727,Q1,,1,1,Q1,Q1
https://openalex.org/W2003666482,02681242,Q1,,1,1,Q1,Q1
https://openalex.org/W2003706528,00304018,Q1,,2,2,Q2,Q2
https://openalex.org/W2003707279,01448420,Q3,,2,2,Q2,Q2
https://openalex.org/W2003729354,09570233,Q1,,1,1,Q1,Q1
https://openalex.org/W2003770553,00396028,Q1,,1,1,Q1,Q1
https://openalex.org/W2003849644,01457632,Q2,,2,2,Q2,Q2
https://openalex.org/W2003870373,01457632,Q2,,2,2,Q2,Q2
https://openalex.org/W2003872820,15287483,Q1,,1,1,Q1,Q1
https://openalex.org/W2003896135,05848547,Q1,,1,1,Q1,Q1
https://openalex.org/W2003898064,09277765,Q3,,1,1,Q1,Q1
https://openalex.org/W2003898720,02321300,Q3,,3,3,Q3,Q3
https://openalex.org/W2003905498,10735623,Q1,,1,1,Q1,Q1
https://openalex.org/W2003918437,00380938,Q2,,2,2,Q2,Q2
https://openalex.org/W2003924849,13869477,Q2,,2,2,Q2,Q2
https://openalex.org/W2003940159,00036951,Q1,,1,1,Q1,Q1
https://openalex.org/W2003948146,00214922,-,,5,3,Unranked,Q3
https://openalex.org/W2003971975,09538984,Q1,,1,1,Q1,Q1
https://openalex.org/W2004021546,00381101,Q2,,2,2,Q2,Q2
https://openalex.org/W2004026693,0167577X,Q2,,2,2,Q2,Q2
https://openalex.org/W2004084798,00112275,Q1,,2,2,Q2,Q2
https://openalex.org/W2004127446,09215093,Q1,,1,1,Q1,Q1
https://openalex.org/W2004165949,03048853,Q2,,2,2,Q2,Q2
https://openalex.org/W2004168537,09244247,Q1,,1,1,Q1,Q1
https://openalex.org/W2004170475,0041624X,Q2,,1,1,Q1,Q1
https://openalex.org/W2004173666,16122011,-,,1,1,Q1,Q1
https://openalex.org/W2004175434,00219614,Q2,,1,1,Q1,Q1
https://openalex.org/W2004196744,00406090,Q2,,2,2,Q2,Q2
https://openalex.org/W2004196905,07437463,Q1,,1,1,Q1,Q1
https://openalex.org/W2004271163,0042207X,Q2,,2,2,Q2,Q2
https://openalex.org/W2004316313,10637842,Q3,,3,3,Q3,Q3
https://openalex.org/W2004363704,00036951,Q1,,1,1,Q1,Q1
https://openalex.org/W2004381927,03048853,Q2,,2,2,Q2,Q2
https://openalex.org/W2004394994,02578972,Q1,,1,1,Q1,Q1
https://openalex.org/W2004408339,00114626,Q3,,3,4,Q3,Q4
https://openalex.org/W2004408377,09600779,-,,5,5,Unranked,Unranked
https://openalex.org/W2004415344,0256307X,Q3,,3,3,Q3,Q3
https://openalex.org/W2004416417,07234864,Q2,,1,1,Q1,Q1
https://openalex.org/W2004424787,09215093,Q1,,1,1,Q1,Q1
https://openalex.org/W2004427721,09215093,Q1,,1,1,Q1,Q1
https://openalex.org/W2004452350,00036951,Q1,,1,1,Q1,Q1
https://openalex.org/W2004452652,09277765,Q3,,1,1,Q1,Q1
https://openalex.org/W2004479291,00406090,Q2,,2,2,Q2,Q2
https://openalex.org/W2004479880,00406090,Q2,,2,2,Q2,Q2
https://openalex.org/W2004542409,13869477,Q2,,2,2,Q2,Q2
https://openalex.org/W2004575953,0889311X,Q3,,1,2,Q1,Q2
https://openalex.org/W2004604610,02578972,Q1,,1,1,Q1,Q1
https://openalex.org/W2004617275,01694332,-,,5,5,Unranked,Unranked
https://openalex.org/W2004622293,00218979,Q1,,1,1,Q1,Q1
https://openalex.org/W2004623577,00218979,Q1,,1,1,Q1,Q1
https://openalex.org/W2004627707,00220248,Q1,,2,2,Q2,Q2
https://openalex.org/W2004710925,10407278,Q3,,3,3,Q3,Q3
https://openalex.org/W2004795473,01672738,Q1,,1,1,Q1,Q1
https://openalex.org/W2004799068,0167577X,Q2,,2,2,Q2,Q2
https://openalex.org/W2004799387,00046361,Q1,,1,1,Q1,Q1
https://openalex.org/W2004814930,03048853,Q2,,2,2,Q2,Q2
https://openalex.org/W2004824821,14381656,Q2,,1,1,Q1,Q1
https://openalex.org/W2004937752,01689002,Q1,,1,1,Q1,Q1
https://openalex.org/W2004973637,1068820X,Q4,,4,4,Q4,Q4
https://openalex.org/W2004982301,00105082,Q4,,3,3,Q3,Q3
https://openalex.org/W2005012334,0969806X,Q3,,2,2,Q2,Q2
https://openalex.org/W2005036136,09698043,Q1,,2,2,Q2,Q2
https://openalex.org/W2005038258,13438875,Q3,,3,3,Q3,Q3
https://openalex.org/W2005039186,00346748,Q1,,1,1,Q1,Q1
https://openalex.org/W2005101680,0022460X,Q1,,1,1,Q1,Q1
https://openalex.org/W2005138339,02578972,Q1,,1,1,Q1,Q1
https://openalex.org/W2005156886,01469592,Q1,,1,1,Q1,Q1
https://openalex.org/W2005176453,03797112,Q3,,2,2,Q2,Q2
https://openalex.org/W2005195212,00218979,Q1,,1,1,Q1,Q1
https://openalex.org/W2005222636,02731177,-,,5,5,Unranked,Unranked
https://openalex.org/W2005245560,01694332,-,,5,5,Unranked,Unranked
https://openalex.org/W2005269566,01694332,-,,5,5,Unranked,Unranked
https://openalex.org/W2005325615,01448420,Q3,,2,2,Q2,Q2
https://openalex.org/W2005328109,0167577X,Q2,,2,2,Q2,Q2
https://openalex.org/W2005344367,09254005,Q1,,1,1,Q1,Q1
https://openalex.org/W2005389400,02321300,Q3,,3,3,Q3,Q3
https://openalex.org/W2005469849,10637761,Q3,,2,2,Q2,Q2
https://openalex.org/W2005478386,02578972,Q1,,1,1,Q1,Q1
https://openalex.org/W2005497102,00936413,Q2,,2,2,Q2,Q2
https://openalex.org/W2005506136,08952477,Q2,,3,3,Q3,Q3
https://openalex.org/W2005557407,1530437X,Q1,,2,2,Q2,Q2
https://openalex.org/W2005610844,03048853,Q2,,2,2,Q2,Q2
https://openalex.org/W2005638048,00222852,Q2,,2,2,Q2,Q2
https://openalex.org/W2005642165,00304018,Q1,,2,2,Q2,Q2
https://openalex.org/W2005682134,00036951,Q1,,1,1,Q1,Q1
https://openalex.org/W2005689344,10283358,Q3,,3,3,Q3,Q3
https://openalex.org/W2005690929,00346748,Q1,,1,1,Q1,Q1
https://openalex.org/W2005691641,10992871,Q4,,3,3,Q3,Q3
https://openalex.org/W2005722893,00214922,-,,5,3,Unranked,Q3
https://openalex.org/W2005737108,00295515,Q1,,1,1,Q1,Q1
https://openalex.org/W2005759923,01689002,Q1,,1,1,Q1,Q1
https://openalex.org/W2005761794,01469592,Q1,,1,1,Q1,Q1
https://openalex.org/W2005767028,19325150,Q2,,3,3,Q3,Q3
https://openalex.org/W2005790189,03043843,Q3,,3,3,Q3,Q3
https://openalex.org/W2005791949,0168583X,Q2,,2,2,Q2,Q2
https://openalex.org/W2005796610,09215093,Q1,,1,1,Q1,Q1
https://openalex.org/W2005813506,0167577X,Q2,,2,2,Q2,Q2
https://openalex.org/W2005833289,13861425,Q2,,2,2,Q2,Q2
https://openalex.org/W2005857531,00218979,Q1,,1,1,Q1,Q1
https://openalex.org/W2005858258,09570233,Q1,,1,1,Q1,Q1
https://openalex.org/W2005860892,01469592,Q1,,1,1,Q1,Q1
https://openalex.org/W2005863194,00318949,Q3,,3,3,Q3,Q3
https://openalex.org/W2005890599,00260673,Q4,,4,4,Q4,Q4
https://openalex.org/W2005893408,00219614,Q2,,1,1,Q1,Q1
https://openalex.org/W2005911633,00406090,Q2,,2,2,Q2,Q2
https://openalex.org/W2005929186,09215107,Q2,,2,2,Q2,Q2
https://openalex.org/W2005944655,09277757,-,,5,5,Unranked,Unranked
https://openalex.org/W2005951398,00036951,Q1,,1,1,Q1,Q1
https://openalex.org/W2005977088,00036951,Q1,,1,1,Q1,Q1
https://openalex.org/W2005991292,00143057,Q2,,1,1,Q1,Q1
https://openalex.org/W2005997606,13886150,Q3,,2,2,Q2,Q2
https://openalex.org/W2006006605,00223115,Q2,,2,2,Q2,Q2
https://openalex.org/W2006018613,01672738,Q1,,1,1,Q1,Q1
https://openalex.org/W2006025875,03682048,Q1,,1,1,Q1,Q1
https://openalex.org/W2006140691,02540584,Q2,,2,2,Q2,Q2
https://openalex.org/W2006149540,01672738,Q1,,1,1,Q1,Q1
https://openalex.org/W2006181193,1063780X,Q2,,2,3,Q2,Q3
https://openalex.org/W2006199676,00214922,-,,5,3,Unranked,Q3
https://openalex.org/W2006199687,00036951,Q1,,1,1,Q1,Q1
https://openalex.org/W2006228666,00036951,Q1,,1,1,Q1,Q1
https://openalex.org/W2006247390,13621718,Q2,,1,1,Q1,Q1
https://openalex.org/W2006247735,02578972,Q1,,1,1,Q1,Q1
https://openalex.org/W2006253851,02731177,-,,5,5,Unranked,Unranked
https://openalex.org/W2006266042,00220248,Q1,,2,2,Q2,Q2
https://openalex.org/W2006272015,00913286,Q2,,2,2,Q2,Q2
https://openalex.org/W2006330778,00036951,Q1,,1,1,Q1,Q1
https://openalex.org/W2006358741,10637737,Q3,,3,3,Q3,Q3
https://openalex.org/W2006362218,03048853,Q2,,2,2,Q2,Q2
https://openalex.org/W2006376447,13861425,Q2,,2,2,Q2,Q2
https://openalex.org/W2006386309,13869477,Q2,,2,2,Q2,Q2
https://openalex.org/W2006408066,00346748,Q1,,1,1,Q1,Q1
https://openalex.org/W2006441557,15989623,Q3,,2,2,Q2,Q2
https://openalex.org/W2006459740,09280707,Q2,,2,2,Q2,Q2
https://openalex.org/W2006469220,01694332,-,,5,5,Unranked,Unranked
https://openalex.org/W2006472023,07496036,Q3,,2,2,Q2,Q2
https://openalex.org/W2006473460,13861425,Q2,,2,2,Q2,Q2
https://openalex.org/W2006473770,01689002,Q1,,1,1,Q1,Q1
https://openalex.org/W2006553785,09215093,Q1,,1,1,Q1,Q1
https://openalex.org/W2006568995,01689002,Q1,,1,1,Q1,Q1
https://openalex.org/W2006579939,00431648,Q1,,1,1,Q1,Q1
https://openalex.org/W2006584218,00218979,Q1,,1,1,Q1,Q1
https://openalex.org/W2006632501,00036951,Q1,,1,1,Q1,Q1
https://openalex.org/W2006645413,00036951,Q1,,1,1,Q1,Q1
https://openalex.org/W2006657867,00381101,Q2,,2,2,Q2,Q2
https://openalex.org/W2006661034,01679317,Q1,,2,2,Q2,Q2
https://openalex.org/W2006664652,00218979,Q1,,1,1,Q1,Q1
https://openalex.org/W2006677880,09215093,Q1,,1,1,Q1,Q1
https://openalex.org/W2006683907,00796700,Q1,,1,1,Q1,Q1
https://openalex.org/W2006708965,15287483,Q1,,1,1,Q1,Q1
https://openalex.org/W2006709619,00134651,Q1,,1,1,Q1,Q1
https://openalex.org/W2006713953,03043991,Q1,,1,1,Q1,Q1
https://openalex.org/W2006717173,09532048,Q1,,1,1,Q1,Q1
https://openalex.org/W2006728661,01694332,-,,5,5,Unranked,Unranked
https://openalex.org/W2006730244,00220248,Q1,,2,2,Q2,Q2
https://openalex.org/W2006738104,00179310,Q1,,1,1,Q1,Q1
https://openalex.org/W2006746889,09698043,Q1,,2,2,Q2,Q2
https://openalex.org/W2006783014,10944087,Q1,,1,1,Q1,Q1
https://openalex.org/W2006784892,03048853,Q2,,2,2,Q2,Q2
https://openalex.org/W2006787313,01610457,Q3,,2,2,Q2,Q2
https://openalex.org/W2006796452,07437463,Q1,,1,1,Q1,Q1
https://openalex.org/W2006831958,00318655,-,,5,5,Unranked,Unranked
https://openalex.org/W2006866362,00406090,Q2,,2,2,Q2,Q2
https://openalex.org/W2006876712,01694332,-,,5,5,Unranked,Unranked
https://openalex.org/W2006921507,02578972,Q1,,1,1,Q1,Q1
https://openalex.org/W2006944210,00218979,Q1,,1,1,Q1,Q1
https://openalex.org/W2007054406,00255408,Q2,,2,2,Q2,Q2
https://openalex.org/W2007096905,07342101,Q1,,2,2,Q2,Q2
https://openalex.org/W2007129367,09698043,Q1,,2,2,Q2,Q2
https://openalex.org/W2007149764,00255408,Q2,,2,2,Q2,Q2
https://openalex.org/W2007178197,03701573,Q1,,1,1,Q1,Q1
https://openalex.org/W2007199639,00338443,Q4,,3,3,Q3,Q3
https://openalex.org/W2007204475,00220248,Q1,,2,2,Q2,Q2
https://openalex.org/W2007210538,00936413,Q2,,2,2,Q2,Q2
https://openalex.org/W2007214514,1042346X,Q2,,2,2,Q2,Q2
https://openalex.org/W2007225979,10637818,Q4,,2,2,Q2,Q2
https://openalex.org/W2007231594,00014966,Q1,,1,1,Q1,Q1
https://openalex.org/W2007255012,00223697,Q2,,2,2,Q2,Q2
https://openalex.org/W2007275731,00214922,-,,5,3,Unranked,Q3
https://openalex.org/W2007289284,03048853,Q2,,2,2,Q2,Q2
https://openalex.org/W2007303818,01457632,Q2,,2,2,Q2,Q2
https://openalex.org/W2007303933,05848547,Q1,,1,1,Q1,Q1
https://openalex.org/W2007347365,07437463,Q1,,1,1,Q1,Q1
https://openalex.org/W2007347713,01422421,Q2,,2,2,Q2,Q2
https://openalex.org/W2007392193,07342101,Q1,,2,2,Q2,Q2
https://openalex.org/W2007444997,07342101,Q1,,2,2,Q2,Q2
https://openalex.org/W2007454744,00214922,-,,5,3,Unranked,Q3
https://openalex.org/W2007493681,00295493,Q2,,2,2,Q2,Q2
https://openalex.org/W2007494802,10489002,Q1,,1,1,Q1,Q1
https://openalex.org/W2007495065,00029505,Q2,,2,2,Q2,Q2
https://openalex.org/W2007497419,09215093,Q1,,1,1,Q1,Q1
https://openalex.org/W2007498348,09215107,Q2,,2,2,Q2,Q2
https://openalex.org/W2007498636,10221344,Q2,,2,2,Q2,Q2
https://openalex.org/W2007511248,10944087,Q1,,1,1,Q1,Q1
https://openalex.org/W2007521175,00214922,-,,5,3,Unranked,Q3
https://openalex.org/W2007524006,09254005,Q1,,1,1,Q1,Q1
https://openalex.org/W2007524090,01679317,Q1,,2,2,Q2,Q2
https://openalex.org/W2007547200,03603199,Q1,,1,1,Q1,Q1
https://openalex.org/W2007552059,00346748,Q1,,1,1,Q1,Q1
https://openalex.org/W2007559485,03783812,Q2,,1,1,Q1,Q1
https://openalex.org/W2007578397,07437463,Q1,,1,1,Q1,Q1
https://openalex.org/W2007614254,0004637X,Q1,,1,1,Q1,Q1
https://openalex.org/W2007627755,00387010,Q3,,3,3,Q3,Q3
https://openalex.org/W2007698582,00036951,Q1,,1,1,Q1,Q1
https://openalex.org/W2007700317,09215093,Q1,,1,1,Q1,Q1
https://openalex.org/W2007762999,0195928X,Q2,,3,3,Q3,Q3
https://openalex.org/W2007765958,00036951,Q1,,1,1,Q1,Q1
https://openalex.org/W2007789395,00220248,Q1,,2,2,Q2,Q2
https://openalex.org/W2007814395,00134651,Q1,,1,1,Q1,Q1
https://openalex.org/W2007816741,01430807,Q3,,2,2,Q2,Q2
https://openalex.org/W2007825104,09380108,Q4,,2,3,Q2,Q3
https://openalex.org/W2007855262,01694332,-,,5,5,Unranked,Unranked
https://openalex.org/W2007886960,00338443,Q4,,3,3,Q3,Q3
https://openalex.org/W2007896057,00406090,Q2,,2,2,Q2,Q2
https://openalex.org/W2007902613,09532048,Q1,,1,1,Q1,Q1
https://openalex.org/W2007909984,15671739,Q2,,2,2,Q2,Q2
https://openalex.org/W2007914804,00319007,Q1,,1,1,Q1,Q1
https://openalex.org/W2007974831,00218979,Q1,,1,1,Q1,Q1
https://openalex.org/W2007996131,00036951,Q1,,1,1,Q1,Q1
https://openalex.org/W2008022099,01413910,Q1,,1,1,Q1,Q1
https://openalex.org/W2008035124,13876473,Q2,,2,2,Q2,Q2
https://openalex.org/W2008058337,09574522,Q2,,2,2,Q2,Q2
https://openalex.org/W2008062583,0195928X,Q2,,3,3,Q3,Q3
https://openalex.org/W2008064771,00143057,Q2,,1,1,Q1,Q1
https://openalex.org/W2008075146,00406031,Q2,,2,2,Q2,Q2
https://openalex.org/W2008085346,00346748,Q1,,1,1,Q1,Q1
https://openalex.org/W2008100644,00381101,Q2,,2,2,Q2,Q2
https://openalex.org/W2008107162,00036951,Q1,,1,1,Q1,Q1
https://openalex.org/W2008132782,08878722,Q2,,2,2,Q2,Q2
https://openalex.org/W2008162456,13861425,Q2,,2,2,Q2,Q2
https://openalex.org/W2008167646,00221481,Q1,,1,1,Q1,Q1
https://openalex.org/W2008172425,00112275,Q1,,2,2,Q2,Q2
https://openalex.org/W2008175199,09280707,Q2,,2,2,Q2,Q2
https://openalex.org/W2008211223,07496036,Q3,,2,2,Q2,Q2
https://openalex.org/W2008226305,09214526,Q2,,2,2,Q2,Q2
https://openalex.org/W2008254450,01915665,Q3,,3,3,Q3,Q3
https://openalex.org/W2008257132,00214922,-,,5,3,Unranked,Q3
https://openalex.org/W2008260797,01689002,Q1,,1,1,Q1,Q1
https://openalex.org/W2008304097,09698043,Q1,,2,2,Q2,Q2
https://openalex.org/W2008305671,00994480,Q4,,4,3,Q4,Q3
https://openalex.org/W2008366225,0168583X,Q2,,2,2,Q2,Q2
https://openalex.org/W2008373243,00036951,Q1,,1,1,Q1,Q1
https://openalex.org/W2008388933,10735623,Q1,,1,1,Q1,Q1
https://openalex.org/W2008418655,10407278,Q3,,3,3,Q3,Q3
https://openalex.org/W2008448080,00354511,Q2,,2,2,Q2,Q2
https://openalex.org/W2008457920,16122011,-,,1,1,Q1,Q1
https://openalex.org/W2008484997,03048853,Q2,,2,2,Q2,Q2
https://openalex.org/W2008492245,03682048,Q1,,1,1,Q1,Q1
https://openalex.org/W2008508411,00084204,Q2,,3,3,Q3,Q3
https://openalex.org/W2008543543,01689002,Q1,,1,1,Q1,Q1
https://openalex.org/W2008545774,00220248,Q1,,2,2,Q2,Q2
https://openalex.org/W2008576878,15297853,Q3,,2,2,Q2,Q2
https://openalex.org/W2008586295,09254005,Q1,,1,1,Q1,Q1
https://openalex.org/W2008595173,00219037,Q4,,4,4,Q4,Q4
https://openalex.org/W2008604399,00346748,Q1,,1,1,Q1,Q1
https://openalex.org/W2008647002,03701972,Q2,,2,2,Q2,Q2
https://openalex.org/W2008647311,15287483,Q1,,1,1,Q1,Q1
https://openalex.org/W2008673515,10637842,Q3,,3,3,Q3,Q3
https://openalex.org/W2008718448,09215093,Q1,,1,1,Q1,Q1
https://openalex.org/W2008728251,1042346X,Q2,,2,2,Q2,Q2
https://openalex.org/W2008752928,00179310,Q1,,1,1,Q1,Q1
https://openalex.org/W2008752931,09532048,Q1,,1,1,Q1,Q1
https://openalex.org/W2008753186,00214922,-,,5,3,Unranked,Q3
https://openalex.org/W2008759776,0022460X,Q1,,1,1,Q1,Q1
https://openalex.org/W2008822306,07342101,Q1,,2,2,Q2,Q2
https://openalex.org/W2008837176,02578972,Q1,,1,1,Q1,Q1
https://openalex.org/W2008897656,09462171,Q1,,1,1,Q1,Q1
https://openalex.org/W2008951212,00346748,Q1,,1,1,Q1,Q1
https://openalex.org/W2008953997,09698043,Q1,,2,2,Q2,Q2
https://openalex.org/W2008956994,01413910,Q1,,1,1,Q1,Q1
https://openalex.org/W2008995330,00220248,Q1,,2,2,Q2,Q2
https://openalex.org/W2009013702,00223115,Q2,,2,2,Q2,Q2
https://openalex.org/W2009015430,09214526,Q2,,2,2,Q2,Q2
https://openalex.org/W2009015538,0301679X,Q2,,1,1,Q1,Q1
https://openalex.org/W2009039852,09244247,Q1,,1,1,Q1,Q1
https://openalex.org/W2009046263,00913286,Q2,,2,2,Q2,Q2
https://openalex.org/W2009056621,09259635,Q1,,1,1,Q1,Q1
https://openalex.org/W2009074710,03048853,Q2,,2,2,Q2,Q2
https://openalex.org/W2009101171,01694332,-,,5,5,Unranked,Unranked
https://openalex.org/W2009107297,01689002,Q1,,1,1,Q1,Q1
https://openalex.org/W2009107350,00222313,Q1,,2,2,Q2,Q2
https://openalex.org/W2009110279,00218979,Q1,,1,1,Q1,Q1
https://openalex.org/W2009122872,10735623,Q1,,1,1,Q1,Q1
https://openalex.org/W2009126753,00223115,Q2,,2,2,Q2,Q2
https://openalex.org/W2009135853,13861425,Q2,,2,2,Q2,Q2
https://openalex.org/W2009141981,09538984,Q1,,1,1,Q1,Q1
https://openalex.org/W2009144376,00224596,Q2,,2,2,Q2,Q2
https://openalex.org/W2009144863,13596462,Q1,,1,1,Q1,Q1
https://openalex.org/W2009152498,00406090,Q2,,2,2,Q2,Q2
https://openalex.org/W2009170392,14761122,Q1,,1,1,Q1,Q1
https://openalex.org/W2009253416,07437463,Q1,,1,1,Q1,Q1
https://openalex.org/W2009254015,02578972,Q1,,1,1,Q1,Q1
https://openalex.org/W2009261305,00255408,Q2,,2,2,Q2,Q2
https://openalex.org/W2009262754,00406090,Q2,,2,2,Q2,Q2
https://openalex.org/W2009265251,01672738,Q1,,1,1,Q1,Q1
https://openalex.org/W2009273859,10735615,Q1,,1,1,Q1,Q1
https://openalex.org/W2009278140,00913286,Q2,,2,2,Q2,Q2
https://openalex.org/W2009300342,00319007,Q1,,1,1,Q1,Q1
https://openalex.org/W2009305581,00214922,-,,5,3,Unranked,Q3
https://openalex.org/W2009327480,01689002,Q1,,1,1,Q1,Q1
https://openalex.org/W2009329228,00220248,Q1,,2,2,Q2,Q2
https://openalex.org/W2009340961,01679317,Q1,,2,2,Q2,Q2
https://openalex.org/W2009366125,01679317,Q1,,2,2,Q2,Q2
https://openalex.org/W2009374609,09477411,Q3,,2,2,Q2,Q2
https://openalex.org/W2009416123,15671739,Q2,,2,2,Q2,Q2
https://openalex.org/W2009434438,02540584,Q2,,2,2,Q2,Q2
https://openalex.org/W2009434510,02578972,Q1,,1,1,Q1,Q1
https://openalex.org/W2009478405,13596462,Q1,,1,1,Q1,Q1
https://openalex.org/W2009498862,10637761,Q3,,2,2,Q2,Q2
https://openalex.org/W2009561975,01689002,Q1,,1,1,Q1,Q1
https://openalex.org/W2009614945,13853449,Q2,,2,2,Q2,Q2
https://openalex.org/W2009619460,13886150,Q3,,2,2,Q2,Q2
https://openalex.org/W2009625272,02578972,Q1,,1,1,Q1,Q1
https://openalex.org/W2009633022,01679317,Q1,,2,2,Q2,Q2
https://openalex.org/W2009633060,10637842,Q3,,3,3,Q3,Q3
https://openalex.org/W2009663597,03048853,Q2,,2,2,Q2,Q2
https://openalex.org/W2009672853,03702693,Q1,,1,1,Q1,Q1
https://openalex.org/W2009689975,09253467,Q2,,2,2,Q2,Q2
https://openalex.org/W2009797291,00223115,Q2,,2,2,Q2,Q2
https://openalex.org/W2009829202,00134651,Q1,,1,1,Q1,Q1
https://openalex.org/W2009863936,10980121,Q1,,1,1,Q1,Q1
https://openalex.org/W2009938630,01694332,-,,5,5,Unranked,Unranked
https://openalex.org/W2009957697,0969806X,Q3,,2,2,Q2,Q2
https://openalex.org/W2009958617,09254005,Q1,,1,1,Q1,Q1
https://openalex.org/W2009981887,13886150,Q3,,2,2,Q2,Q2
https://openalex.org/W2009985906,00218979,Q1,,1,1,Q1,Q1
https://openalex.org/W2009988016,00223093,Q1,,2,2,Q2,Q2
https://openalex.org/W2009993174,09538984,Q1,,1,1,Q1,Q1
https://openalex.org/W2009997811,13504487,Q2,,2,2,Q2,Q2
https://openalex.org/W2010022447,10685200,-,,5,5,Unranked,Unranked
https://openalex.org/W2010066319,03068919,Q2,,3,3,Q3,Q3
https://openalex.org/W2010105377,00255408,Q2,,2,2,Q2,Q2
https://openalex.org/W2010127808,02578972,Q1,,1,1,Q1,Q1
https://openalex.org/W2010128441,01694332,-,,5,5,Unranked,Unranked
https://openalex.org/W2010163716,00380946,Q4,,3,3,Q3,Q3
https://openalex.org/W2010202166,00223131,Q3,,3,3,Q3,Q3
https://openalex.org/W2010211171,00406031,Q2,,2,2,Q2,Q2
https://openalex.org/W2010238589,00036951,Q1,,1,1,Q1,Q1
https://openalex.org/W2010265821,10637818,Q4,,2,2,Q2,Q2
https://openalex.org/W2010285731,09244247,Q1,,1,1,Q1,Q1
https://openalex.org/W2010291688,09462171,Q1,,1,1,Q1,Q1
https://openalex.org/W2010300640,03048853,Q2,,2,2,Q2,Q2
https://openalex.org/W2010339309,09270256,Q2,,1,1,Q1,Q1
https://openalex.org/W2010342087,00214922,-,,5,3,Unranked,Q3
https://openalex.org/W2010394319,00406090,Q2,,2,2,Q2,Q2
https://openalex.org/W2010413905,01689002,Q1,,1,1,Q1,Q1
https://openalex.org/W2010437401,00014966,Q1,,1,1,Q1,Q1
https://openalex.org/W2010475195,00219606,Q1,,1,1,Q1,Q1
https://openalex.org/W2010492293,15671739,Q2,,2,2,Q2,Q2
https://openalex.org/W2010507005,1530437X,Q1,,2,2,Q2,Q2
https://openalex.org/W2010548818,10637761,Q3,,2,2,Q2,Q2
https://openalex.org/W2010592930,00406090,Q2,,2,2,Q2,Q2
https://openalex.org/W2010634953,00218979,Q1,,1,1,Q1,Q1
https://openalex.org/W2010685772,01672738,Q1,,1,1,Q1,Q1
https://openalex.org/W2010712781,09650393,Q1,,1,1,Q1,Q1
https://openalex.org/W2010730004,09259635,Q1,,1,1,Q1,Q1
https://openalex.org/W2010732530,10090630,Q4,,3,3,Q3,Q3
https://openalex.org/W2010753433,03603199,Q1,,1,1,Q1,Q1
https://openalex.org/W2010768525,00406090,Q2,,2,2,Q2,Q2
https://openalex.org/W2010770382,00406090,Q2,,2,2,Q2,Q2
https://openalex.org/W2010787754,09214526,Q2,,2,2,Q2,Q2
https://openalex.org/W2010840004,02578972,Q1,,1,1,Q1,Q1
https://openalex.org/W2010851298,01413910,Q1,,1,1,Q1,Q1
https://openalex.org/W2010857669,00143057,Q2,,1,1,Q1,Q1
https://openalex.org/W2010905534,00218979,Q1,,1,1,Q1,Q1
https://openalex.org/W2010940110,05848547,Q1,,1,1,Q1,Q1
https://openalex.org/W2010966387,00223115,Q2,,2,2,Q2,Q2
https://openalex.org/W2011039115,00036951,Q1,,1,1,Q1,Q1
https://openalex.org/W2011087989,02540584,Q2,,2,2,Q2,Q2
https://openalex.org/W2011091862,13504177,Q1,,1,1,Q1,Q1
https://openalex.org/W2011109169,0969806X,Q3,,2,2,Q2,Q2
https://openalex.org/W2011128061,00214922,-,,5,3,Unranked,Q3
https://openalex.org/W2011132424,09977546,Q2,,2,2,Q2,Q2
https://openalex.org/W2011135114,00214922,-,,5,3,Unranked,Q3
https://openalex.org/W2011178407,00218979,Q1,,1,1,Q1,Q1
https://openalex.org/W2011202449,03048853,Q2,,2,2,Q2,Q2
https://openalex.org/W2011282946,00223115,Q2,,2,2,Q2,Q2
https://openalex.org/W2011311089,0301679X,Q2,,1,1,Q1,Q1
https://openalex.org/W2011350646,01689002,Q1,,1,1,Q1,Q1
https://openalex.org/W2011367356,02731177,-,,5,5,Unranked,Unranked
https://openalex.org/W2011382515,00325899,Q3,,3,3,Q3,Q3
https://openalex.org/W2011433746,07234864,Q2,,1,1,Q1,Q1
https://openalex.org/W2011445060,00346748,Q1,,1,1,Q1,Q1
https://openalex.org/W2011446341,00304018,Q1,,2,2,Q2,Q2
https://openalex.org/W2011492678,09215093,Q1,,1,1,Q1,Q1
https://openalex.org/W2011494251,10944087,Q1,,1,1,Q1,Q1
https://openalex.org/W2011502189,00222313,Q1,,2,2,Q2,Q2
https://openalex.org/W2011508565,00223727,Q1,,1,1,Q1,Q1
https://openalex.org/W2011552210,0042207X,Q2,,2,2,Q2,Q2
https://openalex.org/W2011566637,10411135,Q1,,1,1,Q1,Q1
https://openalex.org/W2011567508,09214534,Q2,,2,2,Q2,Q2
https://openalex.org/W2011569213,00220248,Q1,,2,2,Q2,Q2
https://openalex.org/W2011575375,09254005,Q1,,1,1,Q1,Q1
https://openalex.org/W2011581020,09277757,-,,5,5,Unranked,Unranked
https://openalex.org/W2011610884,01469592,Q1,,1,1,Q1,Q1
https://openalex.org/W2011624920,0167577X,Q2,,2,2,Q2,Q2
https://openalex.org/W2011636687,00224596,Q2,,2,2,Q2,Q2
https://openalex.org/W2011651720,02578972,Q1,,1,1,Q1,Q1
https://openalex.org/W2011669715,00381101,Q2,,2,2,Q2,Q2
https://openalex.org/W2011727357,00036951,Q1,,1,1,Q1,Q1
https://openalex.org/W2011770195,10980121,Q1,,1,1,Q1,Q1
https://openalex.org/W2011811922,13861425,Q2,,2,2,Q2,Q2
https://openalex.org/W2011819542,09214534,Q2,,2,2,Q2,Q2
https://openalex.org/W2011829769,02578972,Q1,,1,1,Q1,Q1
https://openalex.org/W2011860362,02681242,Q1,,1,1,Q1,Q1
https://openalex.org/W2011961612,02578972,Q1,,1,1,Q1,Q1
https://openalex.org/W2011971367,10238883,Q2,,1,1,Q1,Q1
https://openalex.org/W2011976804,00406090,Q2,,2,2,Q2,Q2
https://openalex.org/W2011977162,09254005,Q1,,1,1,Q1,Q1
https://openalex.org/W2011980185,13861425,Q2,,2,2,Q2,Q2
https://openalex.org/W2012002356,01694332,-,,5,5,Unranked,Unranked
https://openalex.org/W2012008547,00036951,Q1,,1,1,Q1,Q1
https://openalex.org/W2012024662,09214534,Q2,,2,2,Q2,Q2
https://openalex.org/W2012051860,09090495,Q2,,1,1,Q1,Q1
https://openalex.org/W2012093358,01469592,Q1,,1,1,Q1,Q1
https://openalex.org/W2012113238,00406031,Q2,,2,2,Q2,Q2
https://openalex.org/W2012120731,10106030,Q2,,2,2,Q2,Q2
https://openalex.org/W2012184652,00406090,Q2,,2,2,Q2,Q2
https://openalex.org/W2012197347,14226944,Q4,,4,4,Q4,Q4
https://openalex.org/W2012200312,0195928X,Q2,,3,3,Q3,Q3
https://openalex.org/W2012226383,00179310,Q1,,1,1,Q1,Q1
https://openalex.org/W2012229490,10637850,Q3,,3,3,Q3,Q3
https://openalex.org/W2012274026,10992871,Q4,,3,3,Q3,Q3
https://openalex.org/W2012290020,0041624X,Q2,,1,1,Q1,Q1
https://openalex.org/W2012311673,02670836,Q2,,2,2,Q2,Q2
https://openalex.org/W2012375917,00223115,Q2,,2,2,Q2,Q2
https://openalex.org/W2012400594,0042207X,Q2,,2,2,Q2,Q2
https://openalex.org/W2012421709,09244247,Q1,,1,1,Q1,Q1
https://openalex.org/W2012425210,00223115,Q2,,2,2,Q2,Q2
https://openalex.org/W2012434875,00214922,-,,5,3,Unranked,Q3
https://openalex.org/W2012435582,0969806X,Q3,,2,2,Q2,Q2
https://openalex.org/W2012578920,00223115,Q2,,2,2,Q2,Q2
https://openalex.org/W2012621735,09641726,Q1,,1,1,Q1,Q1
https://openalex.org/W2012642778,05704928,Q1,,1,1,Q1,Q1
https://openalex.org/W2012691487,1068820X,Q4,,4,4,Q4,Q4
https://openalex.org/W2012713192,0167577X,Q2,,2,2,Q2,Q2
https://openalex.org/W2012721767,09335137,Q3,,3,3,Q3,Q3
https://openalex.org/W2012738253,00105082,Q4,,3,3,Q3,Q3
https://openalex.org/W2012761514,00036951,Q1,,1,1,Q1,Q1
https://openalex.org/W2012762490,10637834,Q3,,3,3,Q3,Q3
https://openalex.org/W2012838084,00406090,Q2,,2,2,Q2,Q2
https://openalex.org/W2012855752,09277757,-,,5,5,Unranked,Unranked
https://openalex.org/W2012865856,09214534,Q2,,2,2,Q2,Q2
https://openalex.org/W2012911526,00214922,-,,5,3,Unranked,Q3
https://openalex.org/W2012919969,00036951,Q1,,1,1,Q1,Q1
https://openalex.org/W2012932784,10637729,Q3,,3,3,Q3,Q3
https://openalex.org/W2012935592,00220248,Q1,,2,2,Q2,Q2
https://openalex.org/W2012943477,00220248,Q1,,2,2,Q2,Q2
https://openalex.org/W2012965261,00431648,Q1,,1,1,Q1,Q1
https://openalex.org/W2012991357,00143057,Q2,,1,1,Q1,Q1
https://openalex.org/W2012996333,13698001,Q2,,2,2,Q2,Q2
https://openalex.org/W2013044332,01672738,Q1,,1,1,Q1,Q1
https://openalex.org/W2013053295,09698043,Q1,,2,2,Q2,Q2
https://openalex.org/W2013082206,03048853,Q2,,2,2,Q2,Q2
https://openalex.org/W2013140941,09698043,Q1,,2,2,Q2,Q2
https://openalex.org/W2013164146,14690667,Q3,,2,2,Q2,Q2
https://openalex.org/W2013177409,13698001,Q2,,2,2,Q2,Q2
https://openalex.org/W2013200487,0168583X,Q2,,2,2,Q2,Q2
https://openalex.org/W2013223334,02578972,Q1,,1,1,Q1,Q1
https://openalex.org/W2013225066,10106030,Q2,,2,2,Q2,Q2
https://openalex.org/W2013251079,00303992,Q2,,2,2,Q2,Q2
https://openalex.org/W2013269955,09253467,Q2,,2,2,Q2,Q2
https://openalex.org/W2013277062,07342101,Q1,,2,2,Q2,Q2
https://openalex.org/W2013279986,00014966,Q1,,1,1,Q1,Q1
https://openalex.org/W2013298420,00406090,Q2,,2,2,Q2,Q2
https://openalex.org/W2013315531,03796779,Q2,,2,2,Q2,Q2
https://openalex.org/W2013324387,00255408,Q2,,2,2,Q2,Q2
https://openalex.org/W2013359156,09215093,Q1,,1,1,Q1,Q1
https://openalex.org/W2013398801,00431648,Q1,,1,1,Q1,Q1
https://openalex.org/W2013398954,09215093,Q1,,1,1,Q1,Q1
https://openalex.org/W2013415566,00406090,Q2,,2,2,Q2,Q2
https://openalex.org/W2013417929,09215093,Q1,,1,1,Q1,Q1
https://openalex.org/W2013431384,0022460X,Q1,,1,1,Q1,Q1
https://openalex.org/W2013508677,15311309,Q1,,1,1,Q1,Q1
https://openalex.org/W2013543182,02179792,Q3,,3,3,Q3,Q3
https://openalex.org/W2013545352,00143057,Q2,,1,1,Q1,Q1
https://openalex.org/W2013558113,00014966,Q1,,1,1,Q1,Q1
https://openalex.org/W2013559220,09215093,Q1,,1,1,Q1,Q1
https://openalex.org/W2013564334,09090495,Q2,,1,1,Q1,Q1
https://openalex.org/W2013570056,09244247,Q1,,1,1,Q1,Q1
https://openalex.org/W2013572618,03346455,Q3,,4,4,Q4,Q4
https://openalex.org/W2013572715,00134651,Q1,,1,1,Q1,Q1
https://openalex.org/W2013586776,01689002,Q1,,1,1,Q1,Q1
https://openalex.org/W2013665647,08940886,-,,3,4,Q3,Q4
https://openalex.org/W2013665903,00036951,Q1,,1,1,Q1,Q1
https://openalex.org/W2013671697,03048853,Q2,,2,2,Q2,Q2
https://openalex.org/W2013672946,14381656,Q2,,1,1,Q1,Q1
https://openalex.org/W2013716784,03044289,Q4,,3,3,Q3,Q3
https://openalex.org/W2013716885,00036951,Q1,,1,1,Q1,Q1
https://openalex.org/W2013798101,0168583X,Q2,,2,2,Q2,Q2
https://openalex.org/W2013805053,09244247,Q1,,1,1,Q1,Q1
https://openalex.org/W2013827506,07437463,Q1,,1,1,Q1,Q1
https://openalex.org/W2013859371,00046256,Q1,,1,1,Q1,Q1
https://openalex.org/W2013886370,09215093,Q1,,1,1,Q1,Q1
https://openalex.org/W2013887513,02731177,-,,5,5,Unranked,Unranked
https://openalex.org/W2013898831,13861425,Q2,,2,2,Q2,Q2
https://openalex.org/W2013906301,00223727,Q1,,1,1,Q1,Q1
https://openalex.org/W2013919539,00223115,Q2,,2,2,Q2,Q2
https://openalex.org/W2013927912,01679317,Q1,,2,2,Q2,Q2
https://openalex.org/W2013931911,00036951,Q1,,1,1,Q1,Q1
https://openalex.org/W2013969239,00406090,Q2,,2,2,Q2,Q2
https://openalex.org/W2013977266,00406090,Q2,,2,2,Q2,Q2
https://openalex.org/W2014037712,09570233,Q1,,1,1,Q1,Q1
https://openalex.org/W2014055724,03796779,Q2,,2,2,Q2,Q2
https://openalex.org/W2014076227,01469592,Q1,,1,1,Q1,Q1
https://openalex.org/W2014103770,02578972,Q1,,1,1,Q1,Q1
https://openalex.org/W2014105953,10739149,Q3,,3,3,Q3,Q3
https://openalex.org/W2014165731,01694243,Q2,,3,3,Q3,Q3
https://openalex.org/W2014167483,00220248,Q1,,2,2,Q2,Q2
https://openalex.org/W2014206463,09277757,-,,5,5,Unranked,Unranked
https://openalex.org/W2014223910,14639076,Q1,,1,1,Q1,Q1
https://openalex.org/W2014225055,02578972,Q1,,1,1,Q1,Q1
https://openalex.org/W2014232696,02678292,Q2,,2,2,Q2,Q2
https://openalex.org/W2014236847,00406090,Q2,,2,2,Q2,Q2
https://openalex.org/W2014241210,15989623,Q3,,2,2,Q2,Q2
https://openalex.org/W2014243906,02578972,Q1,,1,1,Q1,Q1
https://openalex.org/W2014255583,10111344,Q1,,2,2,Q2,Q2
https://openalex.org/W2014319528,03615235,Q1,,2,2,Q2,Q2
https://openalex.org/W2014348155,10090630,Q4,,3,3,Q3,Q3
https://openalex.org/W2014350913,10106030,Q2,,2,2,Q2,Q2
https://openalex.org/W2014361591,09215093,Q1,,1,1,Q1,Q1
https://openalex.org/W2014374776,00112275,Q1,,2,2,Q2,Q2
https://openalex.org/W2014435309,0167577X,Q2,,2,2,Q2,Q2
https://openalex.org/W2014440116,14761122,Q1,,1,1,Q1,Q1
https://openalex.org/W2014444587,01413910,Q1,,1,1,Q1,Q1
https://openalex.org/W2014496335,02321300,Q3,,3,3,Q3,Q3
https://openalex.org/W2014509058,00134651,Q1,,1,1,Q1,Q1
https://openalex.org/W2014558005,03615235,Q1,,2,2,Q2,Q2
https://openalex.org/W2014621858,02578972,Q1,,1,1,Q1,Q1
https://openalex.org/W2014635162,16122011,-,,1,1,Q1,Q1
https://openalex.org/W2014647129,00219991,Q1,,1,1,Q1,Q1
https://openalex.org/W2014698619,09215093,Q1,,1,1,Q1,Q1
https://openalex.org/W2014742406,00406031,Q2,,2,2,Q2,Q2
https://openalex.org/W2014752774,02731177,-,,5,5,Unranked,Unranked
https://openalex.org/W2014753217,00295493,Q2,,2,2,Q2,Q2
https://openalex.org/W2014789438,00431648,Q1,,1,1,Q1,Q1
https://openalex.org/W2014803781,09650393,Q1,,1,1,Q1,Q1
https://openalex.org/W2014808349,0969806X,Q3,,2,2,Q2,Q2
https://openalex.org/W2014816269,00295515,Q1,,1,1,Q1,Q1
https://openalex.org/W2014868647,09215093,Q1,,1,1,Q1,Q1
https://openalex.org/W2014873123,00406090,Q2,,2,2,Q2,Q2
https://openalex.org/W2014892603,09215093,Q1,,1,1,Q1,Q1
https://openalex.org/W2014900211,02670836,Q2,,2,2,Q2,Q2
https://openalex.org/W2014903806,00134651,Q1,,1,1,Q1,Q1
https://openalex.org/W2014930189,00036951,Q1,,1,1,Q1,Q1
https://openalex.org/W2014977380,02578972,Q1,,1,1,Q1,Q1
https://openalex.org/W2014993640,00190578,Q3,,1,2,Q1,Q2
https://openalex.org/W2015058125,09244247,Q1,,1,1,Q1,Q1
https://openalex.org/W2015134762,00431648,Q1,,1,1,Q1,Q1
https://openalex.org/W2015151639,09532048,Q1,,1,1,Q1,Q1
https://openalex.org/W2015169454,01694332,-,,5,5,Unranked,Unranked
https://openalex.org/W2015183263,08927022,Q2,,2,2,Q2,Q2
https://openalex.org/W2015185898,07403224,Q1,,1,1,Q1,Q1
https://openalex.org/W2015201925,10685200,-,,5,5,Unranked,Unranked
https://openalex.org/W2015204488,02731177,-,,5,5,Unranked,Unranked
https://openalex.org/W2015246980,0256307X,Q3,,3,3,Q3,Q3
https://openalex.org/W2015291332,10627995,Q2,,1,1,Q1,Q1
https://openalex.org/W2015296733,08876266,Q1,,1,1,Q1,Q1
https://openalex.org/W2015301409,09277757,-,,5,5,Unranked,Unranked
https://openalex.org/W2015318049,10980121,Q1,,1,1,Q1,Q1
https://openalex.org/W2015334121,03701972,Q2,,2,2,Q2,Q2
https://openalex.org/W2015348144,00036951,Q1,,1,1,Q1,Q1
https://openalex.org/W2015351052,00406090,Q2,,2,2,Q2,Q2
https://openalex.org/W2015358297,13886150,Q3,,2,2,Q2,Q2
https://openalex.org/W2015376152,00913286,Q2,,2,2,Q2,Q2
https://openalex.org/W2015430514,15306984,Q1,,1,1,Q1,Q1
https://openalex.org/W2015445137,00406090,Q2,,2,2,Q2,Q2
https://openalex.org/W2015536615,00223115,Q2,,2,2,Q2,Q2
https://openalex.org/W2015569897,00913286,Q2,,2,2,Q2,Q2
https://openalex.org/W2015585119,00304018,Q1,,2,2,Q2,Q2
https://openalex.org/W2015586263,03048853,Q2,,2,2,Q2,Q2
https://openalex.org/W2015589260,00346748,Q1,,1,1,Q1,Q1
https://openalex.org/W2015600171,00319007,Q1,,1,1,Q1,Q1
https://openalex.org/W2015607796,09254005,Q1,,1,1,Q1,Q1
https://openalex.org/W2015617511,00223115,Q2,,2,2,Q2,Q2
https://openalex.org/W2015666748,0168583X,Q2,,2,2,Q2,Q2
https://openalex.org/W2015696155,01689002,Q1,,1,1,Q1,Q1
https://openalex.org/W2015741427,00220248,Q1,,2,2,Q2,Q2
https://openalex.org/W2015755847,00224073,Q1,,1,1,Q1,Q1
https://openalex.org/W2015775422,10502947,Q1,,1,1,Q1,Q1
https://openalex.org/W2015778469,10518223,Q2,,3,3,Q3,Q3
https://openalex.org/W2015810641,00319007,Q1,,1,1,Q1,Q1
https://openalex.org/W2015872659,09280707,Q2,,2,2,Q2,Q2
https://openalex.org/W2015911349,09277757,-,,5,5,Unranked,Unranked
https://openalex.org/W2015916274,03048853,Q2,,2,2,Q2,Q2
https://openalex.org/W2015930517,00036951,Q1,,1,1,Q1,Q1
https://openalex.org/W2015958601,09638695,Q2,,1,1,Q1,Q1
https://openalex.org/W2015984757,09570233,Q1,,1,1,Q1,Q1
https://openalex.org/W2016001661,0041624X,Q2,,1,1,Q1,Q1
https://openalex.org/W2016015513,00220248,Q1,,2,2,Q2,Q2
https://openalex.org/W2016082976,09650393,Q1,,1,1,Q1,Q1
https://openalex.org/W2016099507,09532048,Q1,,1,1,Q1,Q1
https://openalex.org/W2016104274,02540584,Q2,,2,2,Q2,Q2
https://openalex.org/W2016161475,00406090,Q2,,2,2,Q2,Q2
https://openalex.org/W2016161533,10735623,Q1,,1,1,Q1,Q1
https://openalex.org/W2016190132,00036951,Q1,,1,1,Q1,Q1
https://openalex.org/W2016193572,12860042,Q2,,2,2,Q2,Q2
https://openalex.org/W2016216784,09254005,Q1,,1,1,Q1,Q1
https://openalex.org/W2016232125,01466410,Q1,,1,1,Q1,Q1
https://openalex.org/W2016251026,00036951,Q1,,1,1,Q1,Q1
https://openalex.org/W2016264502,0042207X,Q2,,2,2,Q2,Q2
https://openalex.org/W2016265654,00112275,Q1,,2,2,Q2,Q2
https://openalex.org/W2016273475,0168583X,Q2,,2,2,Q2,Q2
https://openalex.org/W2016278206,09259635,Q1,,1,1,Q1,Q1
https://openalex.org/W2016311967,13565362,Q3,,4,4,Q4,Q4
https://openalex.org/W2016351162,09532048,Q1,,1,1,Q1,Q1
https://openalex.org/W2016384315,01689002,Q1,,1,1,Q1,Q1
https://openalex.org/W2016516069,00220248,Q1,,2,2,Q2,Q2
https://openalex.org/W2016575858,09600779,-,,5,5,Unranked,Unranked
https://openalex.org/W2016579768,08876266,Q1,,1,1,Q1,Q1
https://openalex.org/W2016581499,00220248,Q1,,2,2,Q2,Q2
https://openalex.org/W2016615877,02540584,Q2,,2,2,Q2,Q2
https://openalex.org/W2016616430,02540584,Q2,,2,2,Q2,Q2
https://openalex.org/W2016617147,10411135,Q1,,1,1,Q1,Q1
https://openalex.org/W2016627724,09215107,Q2,,2,2,Q2,Q2
https://openalex.org/W2016672611,00220248,Q1,,2,2,Q2,Q2
https://openalex.org/W2016701260,01469592,Q1,,1,1,Q1,Q1
https://openalex.org/W2016714095,00036951,Q1,,1,1,Q1,Q1
https://openalex.org/W2016744063,00406090,Q2,,2,2,Q2,Q2
https://openalex.org/W2016767267,03048853,Q2,,2,2,Q2,Q2
https://openalex.org/W2016779429,00214922,-,,5,3,Unranked,Q3
https://openalex.org/W2016781791,00346748,Q1,,1,1,Q1,Q1
https://openalex.org/W2016785432,07437463,Q1,,1,1,Q1,Q1
https://openalex.org/W2016790912,00218979,Q1,,1,1,Q1,Q1
https://openalex.org/W2016812692,10489002,Q1,,1,1,Q1,Q1
https://openalex.org/W2016819464,00214922,-,,5,3,Unranked,Q3
https://openalex.org/W2016826118,00406031,Q2,,2,2,Q2,Q2
https://openalex.org/W2016830275,0022460X,Q1,,1,1,Q1,Q1
https://openalex.org/W2016876313,01689002,Q1,,1,1,Q1,Q1
https://openalex.org/W2016950551,00036951,Q1,,1,1,Q1,Q1
https://openalex.org/W2016975718,01689002,Q1,,1,1,Q1,Q1
https://openalex.org/W2016982258,01689002,Q1,,1,1,Q1,Q1
https://openalex.org/W2016982761,09215107,Q2,,2,2,Q2,Q2
https://openalex.org/W2016984702,00112275,Q1,,2,2,Q2,Q2
https://openalex.org/W2016990585,01438166,Q2,,1,1,Q1,Q1
https://openalex.org/W2017001771,09215093,Q1,,1,1,Q1,Q1
https://openalex.org/W2017050436,01689002,Q1,,1,1,Q1,Q1
https://openalex.org/W2017089700,00406090,Q2,,2,2,Q2,Q2
https://openalex.org/W2017116874,00223115,Q2,,2,2,Q2,Q2
https://openalex.org/W2017165072,02540584,Q2,,2,2,Q2,Q2
https://openalex.org/W2017168826,09532048,Q1,,1,1,Q1,Q1
https://openalex.org/W2017188292,09698043,Q1,,2,2,Q2,Q2
https://openalex.org/W2017201297,00256455,Q3,,2,2,Q2,Q2
https://openalex.org/W2017253678,14328488,Q2,,2,2,Q2,Q2
https://openalex.org/W2017261935,10648887,Q4,,3,3,Q3,Q3
https://openalex.org/W2017283927,09214526,Q2,,2,2,Q2,Q2
https://openalex.org/W2017300404,03048853,Q2,,2,2,Q2,Q2
https://openalex.org/W2017305823,0301634X,Q2,,2,2,Q2,Q2
https://openalex.org/W2017360868,09570233,Q1,,1,1,Q1,Q1
https://openalex.org/W2017383109,01672738,Q1,,1,1,Q1,Q1
https://openalex.org/W2017398201,00223093,Q1,,2,2,Q2,Q2
https://openalex.org/W2017414185,00222291,Q1,,2,2,Q2,Q2
https://openalex.org/W2017422825,00036951,Q1,,1,1,Q1,Q1
https://openalex.org/W2017460512,00223093,Q1,,2,2,Q2,Q2
https://openalex.org/W2017507342,00036951,Q1,,1,1,Q1,Q1
https://openalex.org/W2017534991,09277056,Q2,,2,2,Q2,Q2
https://openalex.org/W2017546915,00036951,Q1,,1,1,Q1,Q1
https://openalex.org/W2017547618,13504487,Q2,,2,2,Q2,Q2
https://openalex.org/W2017583868,00224596,Q2,,2,2,Q2,Q2
https://openalex.org/W2017634376,00014966,Q1,,1,1,Q1,Q1
https://openalex.org/W2017648314,00319007,Q1,,1,1,Q1,Q1
https://openalex.org/W2017673066,03048853,Q2,,2,2,Q2,Q2
https://openalex.org/W2017686793,10706631,Q1,,1,1,Q1,Q1
https://openalex.org/W2017705349,00224596,Q2,,2,2,Q2,Q2
https://openalex.org/W2017710951,09638695,Q2,,1,1,Q1,Q1
https://openalex.org/W2017732647,09254005,Q1,,1,1,Q1,Q1
https://openalex.org/W2017773564,00222852,Q2,,2,2,Q2,Q2
https://openalex.org/W2017811777,09462171,Q1,,1,1,Q1,Q1
https://openalex.org/W2017840224,09254005,Q1,,1,1,Q1,Q1
https://openalex.org/W2017852426,09254005,Q1,,1,1,Q1,Q1
https://openalex.org/W2017867153,0042207X,Q2,,2,2,Q2,Q2
https://openalex.org/W2017906246,01469592,Q1,,1,1,Q1,Q1
https://openalex.org/W2017908103,01689002,Q1,,1,1,Q1,Q1
https://openalex.org/W2017922349,01689002,Q1,,1,1,Q1,Q1
https://openalex.org/W2017932469,00431648,Q1,,1,1,Q1,Q1
https://openalex.org/W2017940216,02578972,Q1,,1,1,Q1,Q1
https://openalex.org/W2017972477,07342101,Q1,,2,2,Q2,Q2
https://openalex.org/W2018011664,02670836,Q2,,2,2,Q2,Q2
https://openalex.org/W2018104303,00224596,Q2,,2,2,Q2,Q2
https://openalex.org/W2018108163,01672738,Q1,,1,1,Q1,Q1
https://openalex.org/W2018118724,02578972,Q1,,1,1,Q1,Q1
https://openalex.org/W2018120364,13621718,Q2,,1,1,Q1,Q1
https://openalex.org/W2018122698,01689002,Q1,,1,1,Q1,Q1
https://openalex.org/W2018123857,15989623,Q3,,2,2,Q2,Q2
https://openalex.org/W2018152340,02578972,Q1,,1,1,Q1,Q1
https://openalex.org/W2018162724,00189197,Q1,,1,1,Q1,Q1
https://openalex.org/W2018180565,01694332,-,,5,5,Unranked,Unranked
https://openalex.org/W2018182802,00381098,Q1,,1,2,Q1,Q2
https://openalex.org/W2018189545,02731177,-,,5,5,Unranked,Unranked
https://openalex.org/W2018222658,07424787,Q1,,2,2,Q2,Q2
https://openalex.org/W2018247323,00214922,-,,5,3,Unranked,Q3
https://openalex.org/W2018266057,00218979,Q1,,1,1,Q1,Q1
https://openalex.org/W2018278001,09254005,Q1,,1,1,Q1,Q1
https://openalex.org/W2018311700,13873806,Q1,,1,1,Q1,Q1
https://openalex.org/W2018337685,03048853,Q2,,2,2,Q2,Q2
https://openalex.org/W2018399114,09277757,-,,5,5,Unranked,Unranked
https://openalex.org/W2018426162,00214922,-,,5,3,Unranked,Q3
https://openalex.org/W2018483413,09214534,Q2,,2,2,Q2,Q2
https://openalex.org/W2018500775,01457632,Q2,,2,2,Q2,Q2
https://openalex.org/W2018505270,0042207X,Q2,,2,2,Q2,Q2
https://openalex.org/W2018541239,02540584,Q2,,2,2,Q2,Q2
https://openalex.org/W2018569007,01672738,Q1,,1,1,Q1,Q1
https://openalex.org/W2018631607,09277765,Q3,,1,1,Q1,Q1
https://openalex.org/W2018635851,00406031,Q2,,2,2,Q2,Q2
https://openalex.org/W2018638467,09215093,Q1,,1,1,Q1,Q1
https://openalex.org/W2018689929,09215093,Q1,,1,1,Q1,Q1
https://openalex.org/W2018747096,02578972,Q1,,1,1,Q1,Q1
https://openalex.org/W2018803765,09254005,Q1,,1,1,Q1,Q1
https://openalex.org/W2018808647,07496036,Q3,,2,2,Q2,Q2
https://openalex.org/W2018810558,10840184,Q2,,2,2,Q2,Q2
https://openalex.org/W2018823140,00319007,Q1,,1,1,Q1,Q1
https://openalex.org/W2018827373,08878722,Q2,,2,2,Q2,Q2
https://openalex.org/W2018830413,09215093,Q1,,1,1,Q1,Q1
https://openalex.org/W2018853868,00223727,Q1,,1,1,Q1,Q1
https://openalex.org/W2018887851,09215093,Q1,,1,1,Q1,Q1
https://openalex.org/W2018934541,00221120,Q1,,1,1,Q1,Q1
https://openalex.org/W2018992826,09215107,Q2,,2,2,Q2,Q2
https://openalex.org/W2018992849,02578972,Q1,,1,1,Q1,Q1
https://openalex.org/W2018996598,00036951,Q1,,1,1,Q1,Q1
https://openalex.org/W2018997614,00218979,Q1,,1,1,Q1,Q1
https://openalex.org/W2018998409,00406090,Q2,,2,2,Q2,Q2
https://openalex.org/W2019009433,09277757,-,,5,5,Unranked,Unranked
https://openalex.org/W2019030062,09698043,Q1,,2,2,Q2,Q2
https://openalex.org/W2019041654,14346044,Q1,,1,1,Q1,Q1
https://openalex.org/W2019052007,09254005,Q1,,1,1,Q1,Q1
https://openalex.org/W2019054945,00406090,Q2,,2,2,Q2,Q2
https://openalex.org/W2019087579,02578972,Q1,,1,1,Q1,Q1
https://openalex.org/W2019096337,09244247,Q1,,1,1,Q1,Q1
https://openalex.org/W2019097961,03603199,Q1,,1,1,Q1,Q1
https://openalex.org/W2019136119,0350820X,Q4,,3,3,Q3,Q3
https://openalex.org/W2019140731,00223093,Q1,,2,2,Q2,Q2
https://openalex.org/W2019144458,00112275,Q1,,2,2,Q2,Q2
https://openalex.org/W2019181000,00381098,Q1,,1,2,Q1,Q2
https://openalex.org/W2019193855,13886150,Q3,,2,2,Q2,Q2
https://openalex.org/W2019199626,15306984,Q1,,1,1,Q1,Q1
https://openalex.org/W2019211897,00262714,Q2,,2,2,Q2,Q2
https://openalex.org/W2019225412,09215107,Q2,,2,2,Q2,Q2
https://openalex.org/W2019265745,02578972,Q1,,1,1,Q1,Q1
https://openalex.org/W2019272083,03603199,Q1,,1,1,Q1,Q1
https://openalex.org/W2019324426,09650393,Q1,,1,1,Q1,Q1
https://openalex.org/W2019337254,00214922,-,,5,3,Unranked,Q3
https://openalex.org/W2019344235,01694332,-,,5,5,Unranked,Unranked
https://openalex.org/W2019345172,00214922,-,,5,3,Unranked,Q3
https://openalex.org/W2019362655,00223093,Q1,,2,2,Q2,Q2
https://openalex.org/W2019461571,0168583X,Q2,,2,2,Q2,Q2
https://openalex.org/W2019462069,0969806X,Q3,,2,2,Q2,Q2
https://openalex.org/W2019468313,13565362,Q3,,4,4,Q4,Q4
https://openalex.org/W2019480363,00220248,Q1,,2,2,Q2,Q2
https://openalex.org/W2019489593,00406090,Q2,,2,2,Q2,Q2
https://openalex.org/W2019505797,00014966,Q1,,1,1,Q1,Q1
https://openalex.org/W2019520466,00014966,Q1,,1,1,Q1,Q1
https://openalex.org/W2019543258,02540584,Q2,,2,2,Q2,Q2
https://openalex.org/W2019557817,14328488,Q2,,2,2,Q2,Q2
https://openalex.org/W2019571328,01672738,Q1,,1,1,Q1,Q1
https://openalex.org/W2019573920,02630346,Q2,,1,2,Q1,Q2
https://openalex.org/W2019578891,09277757,-,,5,5,Unranked,Unranked
https://openalex.org/W2019587950,10710922,Q3,,2,2,Q2,Q2
https://openalex.org/W2019608200,00214922,-,,5,3,Unranked,Q3
https://openalex.org/W2019608623,0301679X,Q2,,1,1,Q1,Q1
https://openalex.org/W2019652440,13886150,Q3,,2,2,Q2,Q2
https://openalex.org/W2019654956,03759474,Q1,,1,1,Q1,Q1
https://openalex.org/W2019715377,07437463,Q1,,1,1,Q1,Q1
https://openalex.org/W2019776921,10411135,Q1,,1,1,Q1,Q1
https://openalex.org/W2019818421,00319007,Q1,,1,1,Q1,Q1
https://openalex.org/W2019958172,13504487,Q2,,2,2,Q2,Q2
https://openalex.org/W2019993284,03048853,Q2,,2,2,Q2,Q2
https://openalex.org/W2020009307,01413910,Q1,,1,1,Q1,Q1
https://openalex.org/W2020012019,10637761,Q3,,2,2,Q2,Q2
https://openalex.org/W2020020255,02731177,-,,5,5,Unranked,Unranked
https://openalex.org/W2020057753,09698043,Q1,,2,2,Q2,Q2
https://openalex.org/W2020066244,00223115,Q2,,2,2,Q2,Q2
https://openalex.org/W2020106423,09215093,Q1,,1,1,Q1,Q1
https://openalex.org/W2020181145,09698043,Q1,,2,2,Q2,Q2
https://openalex.org/W2020189750,01694332,-,,5,5,Unranked,Unranked
https://openalex.org/W2020206672,15306984,Q1,,1,1,Q1,Q1
https://openalex.org/W2020215348,01689002,Q1,,1,1,Q1,Q1
https://openalex.org/W2020215586,01448420,Q3,,2,2,Q2,Q2
https://openalex.org/W2020228846,09574522,Q2,,2,2,Q2,Q2
https://openalex.org/W2020256670,15306984,Q1,,1,1,Q1,Q1
https://openalex.org/W2020262770,09244247,Q1,,1,1,Q1,Q1
https://openalex.org/W2020263389,03048853,Q2,,2,2,Q2,Q2
https://openalex.org/W2020310908,00036951,Q1,,1,1,Q1,Q1
https://openalex.org/W2020313895,00406090,Q2,,2,2,Q2,Q2
https://openalex.org/W2020340735,00406090,Q2,,2,2,Q2,Q2
https://openalex.org/W2020382738,0256307X,Q3,,3,3,Q3,Q3
https://openalex.org/W2020397665,00406090,Q2,,2,2,Q2,Q2
https://openalex.org/W2020406107,07342101,Q1,,2,2,Q2,Q2
https://openalex.org/W2020446215,00218979,Q1,,1,1,Q1,Q1
https://openalex.org/W2020473053,09259635,Q1,,1,1,Q1,Q1
https://openalex.org/W2020490680,00220248,Q1,,2,2,Q2,Q2
https://openalex.org/W2020506041,0167577X,Q2,,2,2,Q2,Q2
https://openalex.org/W2020506659,01413910,Q1,,1,1,Q1,Q1
https://openalex.org/W2020517334,00220248,Q1,,2,2,Q2,Q2
https://openalex.org/W2020542632,00319007,Q1,,1,1,Q1,Q1
https://openalex.org/W2020545154,01469592,Q1,,1,1,Q1,Q1
https://openalex.org/W2020621290,1070664X,Q1,,1,1,Q1,Q1
https://openalex.org/W2020622612,09467076,Q3,,3,3,Q3,Q3
https://openalex.org/W2020666554,00112275,Q1,,2,2,Q2,Q2
https://openalex.org/W2020731414,13869477,Q2,,2,2,Q2,Q2
https://openalex.org/W2020770884,00218979,Q1,,1,1,Q1,Q1
https://openalex.org/W2020776524,00406090,Q2,,2,2,Q2,Q2
https://openalex.org/W2020804545,00036951,Q1,,1,1,Q1,Q1
https://openalex.org/W2020805274,01694332,-,,5,5,Unranked,Unranked
https://openalex.org/W2020817673,0042207X,Q2,,2,2,Q2,Q2
https://openalex.org/W2020833100,00036951,Q1,,1,1,Q1,Q1
https://openalex.org/W2020901638,00381101,Q2,,2,2,Q2,Q2
https://openalex.org/W2020907043,01469592,Q1,,1,1,Q1,Q1
https://openalex.org/W2020948387,02578972,Q1,,1,1,Q1,Q1
https://openalex.org/W2020978282,13869477,Q2,,2,2,Q2,Q2
https://openalex.org/W2020998519,09532048,Q1,,1,1,Q1,Q1
https://openalex.org/W2021000452,00036951,Q1,,1,1,Q1,Q1
https://openalex.org/W2021009283,03930440,Q2,,2,2,Q2,Q2
https://openalex.org/W2021024448,00214876,Q3,,3,3,Q3,Q3
https://openalex.org/W2021037654,00346748,Q1,,1,1,Q1,Q1
https://openalex.org/W2021044285,02731177,-,,5,5,Unranked,Unranked
https://openalex.org/W2021077343,02731177,-,,5,5,Unranked,Unranked
https://openalex.org/W2021081415,09491775,Q2,,2,2,Q2,Q2
https://openalex.org/W2021113773,00406090,Q2,,2,2,Q2,Q2
https://openalex.org/W2021123676,00220248,Q1,,2,2,Q2,Q2
https://openalex.org/W2021143663,03048853,Q2,,2,2,Q2,Q2
https://openalex.org/W2021160745,09253467,Q2,,2,2,Q2,Q2
https://openalex.org/W2021242432,02578972,Q1,,1,1,Q1,Q1
https://openalex.org/W2021251307,09532048,Q1,,1,1,Q1,Q1
https://openalex.org/W2021258676,09215093,Q1,,1,1,Q1,Q1
https://openalex.org/W2021303805,13886150,Q3,,2,2,Q2,Q2
https://openalex.org/W2021329885,0041624X,Q2,,1,1,Q1,Q1
https://openalex.org/W2021348431,13880764,Q2,,2,2,Q2,Q2
https://openalex.org/W2021354557,00913286,Q2,,2,2,Q2,Q2
https://openalex.org/W2021358382,0969806X,Q3,,2,2,Q2,Q2
https://openalex.org/W2021388710,0969806X,Q3,,2,2,Q2,Q2
https://openalex.org/W2021392135,02578972,Q1,,1,1,Q1,Q1
https://openalex.org/W2021393895,02183013,Q2,,2,2,Q2,Q2
https://openalex.org/W2021397605,01689002,Q1,,1,1,Q1,Q1
https://openalex.org/W2021427681,0168583X,Q2,,2,2,Q2,Q2
https://openalex.org/W2021480700,08853010,Q1,,1,1,Q1,Q1
https://openalex.org/W2021493393,09254005,Q1,,1,1,Q1,Q1
https://openalex.org/W2021497256,09215093,Q1,,1,1,Q1,Q1
https://openalex.org/W2021529388,01679317,Q1,,2,2,Q2,Q2
https://openalex.org/W2021555739,09244247,Q1,,1,1,Q1,Q1
https://openalex.org/W2021570997,09698043,Q1,,2,2,Q2,Q2
https://openalex.org/W2021613242,09254005,Q1,,1,1,Q1,Q1
https://openalex.org/W2021622521,15989623,Q3,,2,2,Q2,Q2
https://openalex.org/W2021624136,02321300,Q3,,3,3,Q3,Q3
https://openalex.org/W2021626461,00036951,Q1,,1,1,Q1,Q1
https://openalex.org/W2021641672,00036951,Q1,,1,1,Q1,Q1
https://openalex.org/W2021679165,01694332,-,,5,5,Unranked,Unranked
https://openalex.org/W2021693026,09277757,-,,5,5,Unranked,Unranked
https://openalex.org/W2021707345,00223115,Q2,,2,2,Q2,Q2
https://openalex.org/W2021720751,09698043,Q1,,2,2,Q2,Q2
https://openalex.org/W2021840152,0168583X,Q2,,2,2,Q2,Q2
https://openalex.org/W2021846518,07413335,Q1,,1,1,Q1,Q1
https://openalex.org/W2021875342,10994300,Q3,,2,2,Q2,Q2
https://openalex.org/W2021909294,13697021,Q2,,1,1,Q1,Q1
https://openalex.org/W2021960766,01689002,Q1,,1,1,Q1,Q1
https://openalex.org/W2022046290,0167577X,Q2,,2,2,Q2,Q2
https://openalex.org/W2022057697,0167577X,Q2,,2,2,Q2,Q2
https://openalex.org/W2022117085,00381101,Q2,,2,2,Q2,Q2
https://openalex.org/W2022117876,09215107,Q2,,2,2,Q2,Q2
https://openalex.org/W2022130198,00224596,Q2,,2,2,Q2,Q2
https://openalex.org/W2022138291,00214922,-,,5,3,Unranked,Q3
https://openalex.org/W2022159120,03010104,Q1,,2,2,Q2,Q2
https://openalex.org/W2022167083,00396028,Q1,,1,1,Q1,Q1
https://openalex.org/W2022178277,0022460X,Q1,,1,1,Q1,Q1
https://openalex.org/W2022277085,00220248,Q1,,2,2,Q2,Q2
https://openalex.org/W2022286246,09214534,Q2,,2,2,Q2,Q2
https://openalex.org/W2022288277,09244247,Q1,,1,1,Q1,Q1
https://openalex.org/W2022289309,00406090,Q2,,2,2,Q2,Q2
https://openalex.org/W2022293533,07437463,Q1,,1,1,Q1,Q1
https://openalex.org/W2022305649,09215107,Q2,,2,2,Q2,Q2
https://openalex.org/W2022340530,10637826,Q3,,3,3,Q3,Q3
https://openalex.org/W2022362888,01694332,-,,5,5,Unranked,Unranked
https://openalex.org/W2022394093,03603016,Q1,,1,1,Q1,Q1
https://openalex.org/W2022402284,0256307X,Q3,,3,3,Q3,Q3
https://openalex.org/W2022417392,01679317,Q1,,2,2,Q2,Q2
https://openalex.org/W2022432712,03702693,Q1,,1,1,Q1,Q1
https://openalex.org/W2022457718,01694332,-,,5,5,Unranked,Unranked
https://openalex.org/W2022499657,13886150,Q3,,2,2,Q2,Q2
https://openalex.org/W2022508831,00214922,-,,5,3,Unranked,Q3
https://openalex.org/W2022527369,07424787,Q1,,2,2,Q2,Q2
https://openalex.org/W2022560398,00223115,Q2,,2,2,Q2,Q2
https://openalex.org/W2022560476,09467076,Q3,,3,3,Q3,Q3
https://openalex.org/W2022588460,09254005,Q1,,1,1,Q1,Q1
https://openalex.org/W2022588488,00036951,Q1,,1,1,Q1,Q1
https://openalex.org/W2022597570,02681242,Q1,,1,1,Q1,Q1
https://openalex.org/W2022598891,00223093,Q1,,2,2,Q2,Q2
https://openalex.org/W2022616270,09638695,Q2,,1,1,Q1,Q1
https://openalex.org/W2022637140,00036951,Q1,,1,1,Q1,Q1
https://openalex.org/W2022756527,01694332,-,,5,5,Unranked,Unranked
https://openalex.org/W2022764495,0011748X,Q4,,4,4,Q4,Q4
https://openalex.org/W2022774854,03048853,Q2,,2,2,Q2,Q2
https://openalex.org/W2022779073,09215093,Q1,,1,1,Q1,Q1
https://openalex.org/W2022849471,00406031,Q2,,2,2,Q2,Q2
https://openalex.org/W2022866051,03015629,Q1,,1,1,Q1,Q1
https://openalex.org/W2022894628,02540584,Q2,,2,2,Q2,Q2
https://openalex.org/W2022936793,15311309,Q1,,1,1,Q1,Q1
https://openalex.org/W2022947725,09600779,-,,5,5,Unranked,Unranked
https://openalex.org/W2022968340,00220248,Q1,,2,2,Q2,Q2
https://openalex.org/W2022980205,01694332,-,,5,5,Unranked,Unranked
https://openalex.org/W2023004469,10627995,Q2,,1,1,Q1,Q1
https://openalex.org/W2023009387,00295493,Q2,,2,2,Q2,Q2
https://openalex.org/W2023014590,00220248,Q1,,2,2,Q2,Q2
https://openalex.org/W2023015186,01672738,Q1,,1,1,Q1,Q1
https://openalex.org/W2023029671,07437463,Q1,,1,1,Q1,Q1
https://openalex.org/W2023038095,00218979,Q1,,1,1,Q1,Q1
https://openalex.org/W2023087208,10637397,Q4,,4,4,Q4,Q4
https://openalex.org/W2023107152,02670836,Q2,,2,2,Q2,Q2
https://openalex.org/W2023107509,10637397,Q4,,4,4,Q4,Q4
https://openalex.org/W2023110166,03603016,Q1,,1,1,Q1,Q1
https://openalex.org/W2023171756,10637826,Q3,,3,3,Q3,Q3
https://openalex.org/W2023175813,02578972,Q1,,1,1,Q1,Q1
https://openalex.org/W2023195153,01413910,Q1,,1,1,Q1,Q1
https://openalex.org/W2023197383,01694332,-,,5,5,Unranked,Unranked
https://openalex.org/W2023199259,15671739,Q2,,2,2,Q2,Q2
https://openalex.org/W2023214027,00218979,Q1,,1,1,Q1,Q1
https://openalex.org/W2023249819,09277765,Q3,,1,1,Q1,Q1
https://openalex.org/W2023295713,09600779,-,,5,5,Unranked,Unranked
https://openalex.org/W2023340812,00346748,Q1,,1,1,Q1,Q1
https://openalex.org/W2023341766,01448420,Q3,,2,2,Q2,Q2
https://openalex.org/W2023355037,0018151X,Q4,,4,3,Q4,Q3
https://openalex.org/W2023366002,10712836,Q4,,3,3,Q3,Q3
https://openalex.org/W2023378981,09467076,Q3,,3,3,Q3,Q3
https://openalex.org/W2023394307,0003682X,Q2,,1,1,Q1,Q1
https://openalex.org/W2023403608,00431648,Q1,,1,1,Q1,Q1
https://openalex.org/W2023421765,09477411,Q3,,2,2,Q2,Q2
https://openalex.org/W2023430882,18626300,Q2,,2,2,Q2,Q2
https://openalex.org/W2023461656,03048853,Q2,,2,2,Q2,Q2
https://openalex.org/W2023473096,0168583X,Q2,,2,2,Q2,Q2
https://openalex.org/W2023476682,09259635,Q1,,1,1,Q1,Q1
https://openalex.org/W2023501186,00220248,Q1,,2,2,Q2,Q2
https://openalex.org/W2023524519,03048853,Q2,,2,2,Q2,Q2
https://openalex.org/W2023530121,09254005,Q1,,1,1,Q1,Q1
https://openalex.org/W2023532136,0167577X,Q2,,2,2,Q2,Q2
https://openalex.org/W2023532198,09215107,Q2,,2,2,Q2,Q2
https://openalex.org/W2023532739,01694332,-,,5,5,Unranked,Unranked
https://openalex.org/W2023546510,10445803,Q2,,1,1,Q1,Q1
https://openalex.org/W2023555763,00262714,Q2,,2,2,Q2,Q2
https://openalex.org/W2023569102,00406090,Q2,,2,2,Q2,Q2
https://openalex.org/W2023636394,09477411,Q3,,2,2,Q2,Q2
https://openalex.org/W2023668911,03048853,Q2,,2,2,Q2,Q2
https://openalex.org/W2023684749,10980121,Q1,,1,1,Q1,Q1
https://openalex.org/W2023696103,00346748,Q1,,1,1,Q1,Q1
https://openalex.org/W2023701655,0256307X,Q3,,3,3,Q3,Q3
https://openalex.org/W2023724773,03615235,Q1,,2,2,Q2,Q2
https://openalex.org/W2023733445,03043886,Q3,,2,2,Q2,Q2
https://openalex.org/W2023740772,10984402,Q2,,1,1,Q1,Q1
https://openalex.org/W2023741822,00406090,Q2,,2,2,Q2,Q2
https://openalex.org/W2023748309,07437463,Q1,,1,1,Q1,Q1
https://openalex.org/W2023752277,0167577X,Q2,,2,2,Q2,Q2
https://openalex.org/W2023785339,00014966,Q1,,1,1,Q1,Q1
https://openalex.org/W2023802330,01469592,Q1,,1,1,Q1,Q1
https://openalex.org/W2023823392,09532048,Q1,,1,1,Q1,Q1
https://openalex.org/W2023869841,10984402,Q2,,1,1,Q1,Q1
https://openalex.org/W2023902375,00036951,Q1,,1,1,Q1,Q1
https://openalex.org/W2023940095,09698043,Q1,,2,2,Q2,Q2
https://openalex.org/W2023945055,00406090,Q2,,2,2,Q2,Q2
https://openalex.org/W2023954036,0003682X,Q2,,1,1,Q1,Q1
https://openalex.org/W2023958852,08927057,Q3,,3,3,Q3,Q3
https://openalex.org/W2023964978,09215093,Q1,,1,1,Q1,Q1
https://openalex.org/W2024020268,00114626,Q3,,3,4,Q3,Q4
https://openalex.org/W2024025015,00319007,Q1,,1,1,Q1,Q1
https://openalex.org/W2024039665,03048853,Q2,,2,2,Q2,Q2
https://openalex.org/W2024046134,00431648,Q1,,1,1,Q1,Q1
https://openalex.org/W2024050813,09254005,Q1,,1,1,Q1,Q1
https://openalex.org/W2024089697,00220248,Q1,,2,2,Q2,Q2
https://openalex.org/W2024115582,00029505,Q2,,2,2,Q2,Q2
https://openalex.org/W2024128498,09254005,Q1,,1,1,Q1,Q1
https://openalex.org/W2024139087,00223115,Q2,,2,2,Q2,Q2
https://openalex.org/W2024152751,0003682X,Q2,,1,1,Q1,Q1
https://openalex.org/W2024157212,00134651,Q1,,1,1,Q1,Q1
https://openalex.org/W2024161119,00214876,Q3,,3,3,Q3,Q3
https://openalex.org/W2024168828,00304018,Q1,,2,2,Q2,Q2
https://openalex.org/W2024170526,01694332,-,,5,5,Unranked,Unranked
https://openalex.org/W2024173163,09214526,Q2,,2,2,Q2,Q2
https://openalex.org/W2024228897,07413335,Q1,,1,1,Q1,Q1
https://openalex.org/W2024276135,10637818,Q4,,2,2,Q2,Q2
https://openalex.org/W2024284379,00220248,Q1,,2,2,Q2,Q2
https://openalex.org/W2024307670,03048853,Q2,,2,2,Q2,Q2
https://openalex.org/W2024347357,0041624X,Q2,,1,1,Q1,Q1
https://openalex.org/W2024354579,00319007,Q1,,1,1,Q1,Q1
https://openalex.org/W2024371539,0042207X,Q2,,2,2,Q2,Q2
https://openalex.org/W2024394241,09244247,Q1,,1,1,Q1,Q1
https://openalex.org/W2024443526,02670836,Q2,,2,2,Q2,Q2
https://openalex.org/W2024449503,00179310,Q1,,1,1,Q1,Q1
https://openalex.org/W2024454084,03048853,Q2,,2,2,Q2,Q2
https://openalex.org/W2024460639,00036951,Q1,,1,1,Q1,Q1
https://openalex.org/W2024492271,15306984,Q1,,1,1,Q1,Q1
https://openalex.org/W2024510630,02681242,Q1,,1,1,Q1,Q1
https://openalex.org/W2024555986,00346748,Q1,,1,1,Q1,Q1
https://openalex.org/W2024569404,01689002,Q1,,1,1,Q1,Q1
https://openalex.org/W2024577144,00304018,Q1,,2,2,Q2,Q2
https://openalex.org/W2024579191,02578972,Q1,,1,1,Q1,Q1
https://openalex.org/W2024598524,00036951,Q1,,1,1,Q1,Q1
https://openalex.org/W2024605232,01469592,Q1,,1,1,Q1,Q1
https://openalex.org/W2024628797,00179310,Q1,,1,1,Q1,Q1
https://openalex.org/W2024641842,00220248,Q1,,2,2,Q2,Q2
https://openalex.org/W2024643392,13504487,Q2,,2,2,Q2,Q2
https://openalex.org/W2024649835,01689002,Q1,,1,1,Q1,Q1
https://openalex.org/W2024650096,07437463,Q1,,1,1,Q1,Q1
https://openalex.org/W2024671702,07437463,Q1,,1,1,Q1,Q1
https://openalex.org/W2024674058,01677322,Q2,,2,2,Q2,Q2
https://openalex.org/W2024677324,13698001,Q2,,2,2,Q2,Q2
https://openalex.org/W2024688863,0167577X,Q2,,2,2,Q2,Q2
https://openalex.org/W2024694659,0167577X,Q2,,2,2,Q2,Q2
https://openalex.org/W2024696427,02578972,Q1,,1,1,Q1,Q1
https://openalex.org/W2024714309,08952477,Q2,,3,3,Q3,Q3
https://openalex.org/W2024722060,01694332,-,,5,5,Unranked,Unranked
https://openalex.org/W2024740911,13596462,Q1,,1,1,Q1,Q1
https://openalex.org/W2024758735,13871811,Q1,,1,1,Q1,Q1
https://openalex.org/W2024776624,0167577X,Q2,,2,2,Q2,Q2
https://openalex.org/W2024780960,02731177,-,,5,5,Unranked,Unranked
https://openalex.org/W2024788020,09215093,Q1,,1,1,Q1,Q1
https://openalex.org/W2024792070,00319015,Q1,,1,1,Q1,Q1
https://openalex.org/W2024819638,00214922,-,,5,3,Unranked,Q3
https://openalex.org/W2024820692,0042207X,Q2,,2,2,Q2,Q2
https://openalex.org/W2024838332,02670836,Q2,,2,2,Q2,Q2
https://openalex.org/W2024842731,02540584,Q2,,2,2,Q2,Q2
https://openalex.org/W2024848410,00223115,Q2,,2,2,Q2,Q2
https://openalex.org/W2024870344,09698043,Q1,,2,2,Q2,Q2
https://openalex.org/W2024914714,0256307X,Q3,,3,3,Q3,Q3
https://openalex.org/W2024915938,10402004,Q2,,2,2,Q2,Q2
https://openalex.org/W2024972900,09244247,Q1,,1,1,Q1,Q1
https://openalex.org/W2024976260,00189197,Q1,,1,1,Q1,Q1
https://openalex.org/W2024980571,01694332,-,,5,5,Unranked,Unranked
https://openalex.org/W2024981443,13504495,Q2,,2,2,Q2,Q2
https://openalex.org/W2024983953,00036951,Q1,,1,1,Q1,Q1
https://openalex.org/W2024997476,09215107,Q2,,2,2,Q2,Q2
https://openalex.org/W2025015069,09698043,Q1,,2,2,Q2,Q2
https://openalex.org/W2025026129,09215093,Q1,,1,1,Q1,Q1
https://openalex.org/W2025047199,01689002,Q1,,1,1,Q1,Q1
https://openalex.org/W2025069551,09280707,Q2,,2,2,Q2,Q2
https://openalex.org/W2025070343,00406090,Q2,,2,2,Q2,Q2
https://openalex.org/W2025093054,01689002,Q1,,1,1,Q1,Q1
https://openalex.org/W2025128733,00221120,Q1,,1,1,Q1,Q1
https://openalex.org/W2025157589,09244247,Q1,,1,1,Q1,Q1
https://openalex.org/W2025160655,0168583X,Q2,,2,2,Q2,Q2
https://openalex.org/W2025198030,10090630,Q4,,3,3,Q3,Q3
https://openalex.org/W2025244013,02578972,Q1,,1,1,Q1,Q1
https://openalex.org/W2025250752,00220248,Q1,,2,2,Q2,Q2
https://openalex.org/W2025256529,0167577X,Q2,,2,2,Q2,Q2
https://openalex.org/W2025285243,02731177,-,,5,5,Unranked,Unranked
https://openalex.org/W2025319776,02578972,Q1,,1,1,Q1,Q1
https://openalex.org/W2025320385,01694332,-,,5,5,Unranked,Unranked
https://openalex.org/W2025365454,01689002,Q1,,1,1,Q1,Q1
https://openalex.org/W2025426445,08946507,Q2,,2,2,Q2,Q2
https://openalex.org/W2025431346,00406031,Q2,,2,2,Q2,Q2
https://openalex.org/W2025451421,01652125,Q2,,2,2,Q2,Q2
https://openalex.org/W2025467603,02540584,Q2,,2,2,Q2,Q2
https://openalex.org/W2025469091,13853449,Q2,,2,2,Q2,Q2
https://openalex.org/W2025487864,00346748,Q1,,1,1,Q1,Q1
https://openalex.org/W2025503022,13871811,Q1,,1,1,Q1,Q1
https://openalex.org/W2025524094,00220248,Q1,,2,2,Q2,Q2
https://openalex.org/W2025536947,02681242,Q1,,1,1,Q1,Q1
https://openalex.org/W2025542794,09570233,Q1,,1,1,Q1,Q1
https://openalex.org/W2025570563,13861425,Q2,,2,2,Q2,Q2
https://openalex.org/W2025590733,00143057,Q2,,1,1,Q1,Q1
https://openalex.org/W2025630314,02578972,Q1,,1,1,Q1,Q1
https://openalex.org/W2025651847,0167577X,Q2,,2,2,Q2,Q2
https://openalex.org/W2025732790,00220248,Q1,,2,2,Q2,Q2
https://openalex.org/W2025747204,0969806X,Q3,,2,2,Q2,Q2
https://openalex.org/W2025788079,01422421,Q2,,2,2,Q2,Q2
https://openalex.org/W2025796171,09244247,Q1,,1,1,Q1,Q1
https://openalex.org/W2025806008,09570233,Q1,,1,1,Q1,Q1
https://openalex.org/W2025821708,05848547,Q1,,1,1,Q1,Q1
https://openalex.org/W2025862840,09244247,Q1,,1,1,Q1,Q1
https://openalex.org/W2025866608,09214526,Q2,,2,2,Q2,Q2
https://openalex.org/W2025870591,00224073,Q1,,1,1,Q1,Q1
https://openalex.org/W2025877895,13504177,Q1,,1,1,Q1,Q1
https://openalex.org/W2025910892,00218979,Q1,,1,1,Q1,Q1
https://openalex.org/W2025940683,15306984,Q1,,1,1,Q1,Q1
https://openalex.org/W2025964674,10637826,Q3,,3,3,Q3,Q3
https://openalex.org/W2026011241,0042207X,Q2,,2,2,Q2,Q2
https://openalex.org/W2026041024,09462171,Q1,,1,1,Q1,Q1
https://openalex.org/W2026065549,00223115,Q2,,2,2,Q2,Q2
https://openalex.org/W2026092574,01689002,Q1,,1,1,Q1,Q1
https://openalex.org/W2026109059,02540584,Q2,,2,2,Q2,Q2
https://openalex.org/W2026126293,01413910,Q1,,1,1,Q1,Q1
https://openalex.org/W2026149334,10599630,Q2,,2,2,Q2,Q2
https://openalex.org/W2026241538,00346748,Q1,,1,1,Q1,Q1
https://openalex.org/W2026288322,01679317,Q1,,2,2,Q2,Q2
https://openalex.org/W2026294671,16128850,-,,2,2,Q2,Q2
https://openalex.org/W2026303019,02578972,Q1,,1,1,Q1,Q1
https://openalex.org/W2026326726,12860042,Q2,,2,2,Q2,Q2
https://openalex.org/W2026383582,00134651,Q1,,1,1,Q1,Q1
https://openalex.org/W2026388124,09277757,-,,5,5,Unranked,Unranked
https://openalex.org/W2026437761,00223115,Q2,,2,2,Q2,Q2
https://openalex.org/W2026460968,13886150,Q3,,2,2,Q2,Q2
https://openalex.org/W2026478926,00036951,Q1,,1,1,Q1,Q1
https://openalex.org/W2026516412,0168583X,Q2,,2,2,Q2,Q2
https://openalex.org/W2026517539,00036951,Q1,,1,1,Q1,Q1
https://openalex.org/W2026527996,09638695,Q2,,1,1,Q1,Q1
https://openalex.org/W2026562142,08837694,Q1,,1,1,Q1,Q1
https://openalex.org/W2026562820,0167577X,Q2,,2,2,Q2,Q2
https://openalex.org/W2026580394,09684328,-,,5,5,Unranked,Unranked
https://openalex.org/W2026592387,09215107,Q2,,2,2,Q2,Q2
https://openalex.org/W2026618739,09214526,Q2,,2,2,Q2,Q2
https://openalex.org/W2026647067,09570233,Q1,,1,1,Q1,Q1
https://openalex.org/W2026647087,01694332,-,,5,5,Unranked,Unranked
https://openalex.org/W2026662404,07342101,Q1,,2,2,Q2,Q2
https://openalex.org/W2026712464,09214526,Q2,,2,2,Q2,Q2
https://openalex.org/W2026771604,00112275,Q1,,2,2,Q2,Q2
https://openalex.org/W2026786751,00222852,Q2,,2,2,Q2,Q2
https://openalex.org/W2026811174,00179310,Q1,,1,1,Q1,Q1
https://openalex.org/W2026857033,00346748,Q1,,1,1,Q1,Q1
https://openalex.org/W2026881562,02578972,Q1,,1,1,Q1,Q1
https://openalex.org/W2026890775,00214922,-,,5,3,Unranked,Q3
https://openalex.org/W2026960831,00223093,Q1,,2,2,Q2,Q2
https://openalex.org/W2026986874,00346748,Q1,,1,1,Q1,Q1
https://openalex.org/W2027019256,02578972,Q1,,1,1,Q1,Q1
https://openalex.org/W2027038067,0969806X,Q3,,2,2,Q2,Q2
https://openalex.org/W2027042409,0167577X,Q2,,2,2,Q2,Q2
https://openalex.org/W2027062655,10984402,Q2,,1,1,Q1,Q1
https://openalex.org/W2027110841,00431648,Q1,,1,1,Q1,Q1
https://openalex.org/W2027127333,08631042,Q3,,2,2,Q2,Q2
https://openalex.org/W2027127440,09215107,Q2,,2,2,Q2,Q2
https://openalex.org/W2027131731,00036951,Q1,,1,1,Q1,Q1
https://openalex.org/W2027257882,00913286,Q2,,2,2,Q2,Q2
https://openalex.org/W2027259823,00406090,Q2,,2,2,Q2,Q2
https://openalex.org/W2027284162,08853010,Q1,,1,1,Q1,Q1
https://openalex.org/W2027301790,09600779,-,,5,5,Unranked,Unranked
https://openalex.org/W2027307213,0022460X,Q1,,1,1,Q1,Q1
https://openalex.org/W2027314405,03048853,Q2,,2,2,Q2,Q2
https://openalex.org/W2027337903,13853449,Q2,,2,2,Q2,Q2
https://openalex.org/W2027341219,00220248,Q1,,2,2,Q2,Q2
https://openalex.org/W2027350405,09698043,Q1,,2,2,Q2,Q2
https://openalex.org/W2027356522,00223115,Q2,,2,2,Q2,Q2
https://openalex.org/W2027380607,09215093,Q1,,1,1,Q1,Q1
https://openalex.org/W2027499430,09477047,Q3,,2,2,Q2,Q2
https://openalex.org/W2027512131,00213640,Q2,,2,2,Q2,Q2
https://openalex.org/W2027530743,00304018,Q1,,2,2,Q2,Q2
https://openalex.org/W2027561631,00406090,Q2,,2,2,Q2,Q2
https://openalex.org/W2027588434,09214526,Q2,,2,2,Q2,Q2
https://openalex.org/W2027598109,01689002,Q1,,1,1,Q1,Q1
https://openalex.org/W2027663796,02578972,Q1,,1,1,Q1,Q1
https://openalex.org/W2027686644,00218979,Q1,,1,1,Q1,Q1
https://openalex.org/W2027709675,09215093,Q1,,1,1,Q1,Q1
https://openalex.org/W2027718426,00036951,Q1,,1,1,Q1,Q1
https://openalex.org/W2027783435,02670836,Q2,,2,2,Q2,Q2
https://openalex.org/W2027794924,09641726,Q1,,1,1,Q1,Q1
https://openalex.org/W2027796851,00223093,Q1,,2,2,Q2,Q2
https://openalex.org/W2027823196,13596462,Q1,,1,1,Q1,Q1
https://openalex.org/W2027858387,1042346X,Q2,,2,2,Q2,Q2
https://openalex.org/W2027865206,00406090,Q2,,2,2,Q2,Q2
https://openalex.org/W2027891272,00036951,Q1,,1,1,Q1,Q1
https://openalex.org/W2027907052,00084204,Q2,,3,3,Q3,Q3
https://openalex.org/W2027914542,00036951,Q1,,1,1,Q1,Q1
https://openalex.org/W2027952318,00112275,Q1,,2,2,Q2,Q2
https://openalex.org/W2027970644,09244247,Q1,,1,1,Q1,Q1
https://openalex.org/W2027992720,03048853,Q2,,2,2,Q2,Q2
https://openalex.org/W2028035706,00214876,Q3,,3,3,Q3,Q3
https://openalex.org/W2028048238,13886150,Q3,,2,2,Q2,Q2
https://openalex.org/W2028076224,0042207X,Q2,,2,2,Q2,Q2
https://openalex.org/W2028107790,15671739,Q2,,2,2,Q2,Q2
https://openalex.org/W2028126696,00406031,Q2,,2,2,Q2,Q2
https://openalex.org/W2028130379,01469592,Q1,,1,1,Q1,Q1
https://openalex.org/W2028136493,00431648,Q1,,1,1,Q1,Q1
https://openalex.org/W2028137847,00223093,Q1,,2,2,Q2,Q2
https://openalex.org/W2028140396,09254005,Q1,,1,1,Q1,Q1
https://openalex.org/W2028230508,01672738,Q1,,1,1,Q1,Q1
https://openalex.org/W2028234081,14381656,Q2,,1,1,Q1,Q1
https://openalex.org/W2028244444,00381101,Q2,,2,2,Q2,Q2
https://openalex.org/W2028287246,00304018,Q1,,2,2,Q2,Q2
https://openalex.org/W2028288460,09532048,Q1,,1,1,Q1,Q1
https://openalex.org/W2028307281,02578972,Q1,,1,1,Q1,Q1
https://openalex.org/W2028326960,13886150,Q3,,2,2,Q2,Q2
https://openalex.org/W2028327480,00406031,Q2,,2,2,Q2,Q2
https://openalex.org/W2028375009,00223115,Q2,,2,2,Q2,Q2
https://openalex.org/W2028393116,00406090,Q2,,2,2,Q2,Q2
https://openalex.org/W2028398345,13504495,Q2,,2,2,Q2,Q2
https://openalex.org/W2028426437,13544063,Q3,,3,3,Q3,Q3
https://openalex.org/W2028462573,00406090,Q2,,2,2,Q2,Q2
https://openalex.org/W2028466728,00295493,Q2,,2,2,Q2,Q2
https://openalex.org/W2028482365,00036951,Q1,,1,1,Q1,Q1
https://openalex.org/W2028499649,00179310,Q1,,1,1,Q1,Q1
https://openalex.org/W2028518975,00406090,Q2,,2,2,Q2,Q2
https://openalex.org/W2028547660,13504177,Q1,,1,1,Q1,Q1
https://openalex.org/W2028610374,0168583X,Q2,,2,2,Q2,Q2
https://openalex.org/W2028622630,09214534,Q2,,2,2,Q2,Q2
https://openalex.org/W2028646808,00442275,Q3,,2,2,Q2,Q2
https://openalex.org/W2028664116,13886150,Q3,,2,2,Q2,Q2
https://openalex.org/W2028672012,00222313,Q1,,2,2,Q2,Q2
https://openalex.org/W2028700242,00406090,Q2,,2,2,Q2,Q2
https://openalex.org/W2028740770,00303992,Q2,,2,2,Q2,Q2
https://openalex.org/W2028742200,00214922,-,,5,3,Unranked,Q3
https://openalex.org/W2028772007,14685248,Q2,,1,1,Q1,Q1
https://openalex.org/W2028779388,10489002,Q1,,1,1,Q1,Q1
https://openalex.org/W2028784141,09597174,-,,5,5,Unranked,Unranked
https://openalex.org/W2028790496,07437463,Q1,,1,1,Q1,Q1
https://openalex.org/W2028793233,00189499,Q3,,2,2,Q2,Q2
https://openalex.org/W2028868242,10735615,Q1,,1,1,Q1,Q1
https://openalex.org/W2028909196,00304018,Q1,,2,2,Q2,Q2
https://openalex.org/W2028927647,0969806X,Q3,,2,2,Q2,Q2
https://openalex.org/W2028960375,00036951,Q1,,1,1,Q1,Q1
https://openalex.org/W2028967364,08952477,Q2,,3,3,Q3,Q3
https://openalex.org/W2028983874,09259635,Q1,,1,1,Q1,Q1
https://openalex.org/W2029007937,00046280,Q1,,1,1,Q1,Q1
https://openalex.org/W2029035748,00222313,Q1,,2,2,Q2,Q2
https://openalex.org/W2029087269,09215093,Q1,,1,1,Q1,Q1
https://openalex.org/W2029148142,09215093,Q1,,1,1,Q1,Q1
https://openalex.org/W2029174233,00214922,-,,5,3,Unranked,Q3
https://openalex.org/W2029193787,01469592,Q1,,1,1,Q1,Q1
https://openalex.org/W2029206318,02578972,Q1,,1,1,Q1,Q1
https://openalex.org/W2029208758,15273342,Q1,,2,2,Q2,Q2
https://openalex.org/W2029213287,00913286,Q2,,2,2,Q2,Q2
https://openalex.org/W2029213806,01672738,Q1,,1,1,Q1,Q1
https://openalex.org/W2029222111,00406090,Q2,,2,2,Q2,Q2
https://openalex.org/W2029229375,09215107,Q2,,2,2,Q2,Q2
https://openalex.org/W2029268269,01448420,Q3,,2,2,Q2,Q2
https://openalex.org/W2029270859,08853010,Q1,,1,1,Q1,Q1
https://openalex.org/W2029289940,13880764,Q2,,2,2,Q2,Q2
https://openalex.org/W2029370892,01672738,Q1,,1,1,Q1,Q1
https://openalex.org/W2029377637,13861425,Q2,,2,2,Q2,Q2
https://openalex.org/W2029381763,00214922,-,,5,3,Unranked,Q3
https://openalex.org/W2029400402,00036951,Q1,,1,1,Q1,Q1
https://openalex.org/W2029409210,00255408,Q2,,2,2,Q2,Q2
https://openalex.org/W2029439161,09214534,Q2,,2,2,Q2,Q2
https://openalex.org/W2029441260,01469592,Q1,,1,1,Q1,Q1
https://openalex.org/W2029450377,09214534,Q2,,2,2,Q2,Q2
https://openalex.org/W2029464186,03044289,Q4,,3,3,Q3,Q3
https://openalex.org/W2029564355,00218979,Q1,,1,1,Q1,Q1
https://openalex.org/W2029571874,0256307X,Q3,,3,3,Q3,Q3
https://openalex.org/W2029609835,02670836,Q2,,2,2,Q2,Q2
https://openalex.org/W2029620658,0167577X,Q2,,2,2,Q2,Q2
https://openalex.org/W2029620962,03048853,Q2,,2,2,Q2,Q2
https://openalex.org/W2029621658,10502947,Q1,,1,1,Q1,Q1
https://openalex.org/W2029625058,02649381,Q1,,1,1,Q1,Q1
https://openalex.org/W2029628930,09276440,Q3,,3,3,Q3,Q3
https://openalex.org/W2029662794,15306984,Q1,,1,1,Q1,Q1
https://openalex.org/W2029668971,03048853,Q2,,2,2,Q2,Q2
https://openalex.org/W2029696918,09574522,Q2,,2,2,Q2,Q2
https://openalex.org/W2029707518,03048853,Q2,,2,2,Q2,Q2
https://openalex.org/W2029726473,07424787,Q1,,2,2,Q2,Q2
https://openalex.org/W2029732642,09650393,Q1,,1,1,Q1,Q1
https://openalex.org/W2029773028,00223115,Q2,,2,2,Q2,Q2
https://openalex.org/W2029823229,02681242,Q1,,1,1,Q1,Q1
https://openalex.org/W2029824029,00386308,Q2,,1,1,Q1,Q1
https://openalex.org/W2029829396,00406090,Q2,,2,2,Q2,Q2
https://openalex.org/W2029860864,09277765,Q3,,1,1,Q1,Q1
https://openalex.org/W2029876415,09214534,Q2,,2,2,Q2,Q2
https://openalex.org/W2029878058,03048853,Q2,,2,2,Q2,Q2
https://openalex.org/W2029904391,09253467,Q2,,2,2,Q2,Q2
https://openalex.org/W2029941455,01438166,Q2,,1,1,Q1,Q1
https://openalex.org/W2029945242,00220248,Q1,,2,2,Q2,Q2
https://openalex.org/W2029965530,09215093,Q1,,1,1,Q1,Q1
https://openalex.org/W2029982679,12860042,Q2,,2,2,Q2,Q2
https://openalex.org/W2029984012,09259635,Q1,,1,1,Q1,Q1
https://openalex.org/W2029985649,0167577X,Q2,,2,2,Q2,Q2
https://openalex.org/W2029990143,00406031,Q2,,2,2,Q2,Q2
https://openalex.org/W2029990292,0041624X,Q2,,1,1,Q1,Q1
https://openalex.org/W2030014575,00037028,Q1,,2,2,Q2,Q2
https://openalex.org/W2030031510,03615235,Q1,,2,2,Q2,Q2
https://openalex.org/W2030039640,14319276,Q3,,3,3,Q3,Q3
https://openalex.org/W2030042996,0041624X,Q2,,1,1,Q1,Q1
https://openalex.org/W2030061131,00220248,Q1,,2,2,Q2,Q2
https://openalex.org/W2030116619,00295493,Q2,,2,2,Q2,Q2
https://openalex.org/W2030125537,13873806,Q1,,1,1,Q1,Q1
https://openalex.org/W2030131204,00295493,Q2,,2,2,Q2,Q2
https://openalex.org/W2030139140,01689002,Q1,,1,1,Q1,Q1
https://openalex.org/W2030167801,08952477,Q2,,3,3,Q3,Q3
https://openalex.org/W2030179157,02578972,Q1,,1,1,Q1,Q1
https://openalex.org/W2030213769,02578972,Q1,,1,1,Q1,Q1
https://openalex.org/W2030257127,00319007,Q1,,1,1,Q1,Q1
https://openalex.org/W2030267388,09538984,Q1,,1,1,Q1,Q1
https://openalex.org/W2030315532,01689002,Q1,,1,1,Q1,Q1
https://openalex.org/W2030317124,09215093,Q1,,1,1,Q1,Q1
https://openalex.org/W2030365433,01689002,Q1,,1,1,Q1,Q1
https://openalex.org/W2030388819,03043886,Q3,,2,2,Q2,Q2
https://openalex.org/W2030438995,0042207X,Q2,,2,2,Q2,Q2
https://openalex.org/W2030443384,13886150,Q3,,2,2,Q2,Q2
https://openalex.org/W2030492601,09570233,Q1,,1,1,Q1,Q1
https://openalex.org/W2030557707,02578972,Q1,,1,1,Q1,Q1
https://openalex.org/W2030571677,0167577X,Q2,,2,2,Q2,Q2
https://openalex.org/W2030573869,09698043,Q1,,2,2,Q2,Q2
https://openalex.org/W2030593441,03048853,Q2,,2,2,Q2,Q2
https://openalex.org/W2030600073,09215093,Q1,,1,1,Q1,Q1
https://openalex.org/W2030607209,03048853,Q2,,2,2,Q2,Q2
https://openalex.org/W2030613993,10980121,Q1,,1,1,Q1,Q1
https://openalex.org/W2030615608,0022460X,Q1,,1,1,Q1,Q1
https://openalex.org/W2030672986,0167577X,Q2,,2,2,Q2,Q2
https://openalex.org/W2030684014,03015629,Q1,,1,1,Q1,Q1
https://openalex.org/W2030706404,15306984,Q1,,1,1,Q1,Q1
https://openalex.org/W2030715662,1536383X,Q3,,3,3,Q3,Q3
https://openalex.org/W2030726248,01694332,-,,5,5,Unranked,Unranked
https://openalex.org/W2030748990,00220248,Q1,,2,2,Q2,Q2
https://openalex.org/W2030762075,00214922,-,,5,3,Unranked,Q3
https://openalex.org/W2030767573,01672738,Q1,,1,1,Q1,Q1
https://openalex.org/W2030784087,0022460X,Q1,,1,1,Q1,Q1
https://openalex.org/W2030805600,0969806X,Q3,,2,2,Q2,Q2
https://openalex.org/W2030859861,02578972,Q1,,1,1,Q1,Q1
https://openalex.org/W2030870071,01689002,Q1,,1,1,Q1,Q1
https://openalex.org/W2030910079,00143057,Q2,,1,1,Q1,Q1
https://openalex.org/W2030916571,13886150,Q3,,2,2,Q2,Q2
https://openalex.org/W2030930284,09467076,Q3,,3,3,Q3,Q3
https://openalex.org/W2030946233,10637737,Q3,,3,3,Q3,Q3
https://openalex.org/W2030968316,01689002,Q1,,1,1,Q1,Q1
https://openalex.org/W2030993455,09259635,Q1,,1,1,Q1,Q1
https://openalex.org/W2031023373,00036951,Q1,,1,1,Q1,Q1
https://openalex.org/W2031038073,13596462,Q1,,1,1,Q1,Q1
https://openalex.org/W2031057635,00214922,-,,5,3,Unranked,Q3
https://openalex.org/W2031069303,02731177,-,,5,5,Unranked,Unranked
https://openalex.org/W2031079681,0301679X,Q2,,1,1,Q1,Q1
https://openalex.org/W2031098243,01689002,Q1,,1,1,Q1,Q1
https://openalex.org/W2031151956,00255408,Q2,,2,2,Q2,Q2
https://openalex.org/W2031193158,12860042,Q2,,2,2,Q2,Q2
https://openalex.org/W2031221755,02578972,Q1,,1,1,Q1,Q1
https://openalex.org/W2031244774,16122011,-,,1,1,Q1,Q1
https://openalex.org/W2031260060,00319007,Q1,,1,1,Q1,Q1
https://openalex.org/W2031276387,02578972,Q1,,1,1,Q1,Q1
https://openalex.org/W2031319741,14328488,Q2,,2,2,Q2,Q2
https://openalex.org/W2031337162,02649381,Q1,,1,1,Q1,Q1
https://openalex.org/W2031340066,09215093,Q1,,1,1,Q1,Q1
https://openalex.org/W2031346877,00218979,Q1,,1,1,Q1,Q1
https://openalex.org/W2031355154,15671739,Q2,,2,2,Q2,Q2
https://openalex.org/W2031357559,09215093,Q1,,1,1,Q1,Q1
https://openalex.org/W2031403064,10445803,Q2,,1,1,Q1,Q1
https://openalex.org/W2031451983,02731177,-,,5,5,Unranked,Unranked
https://openalex.org/W2031467840,09215093,Q1,,1,1,Q1,Q1
https://openalex.org/W2031469753,07234864,Q2,,1,1,Q1,Q1
https://openalex.org/W2031489991,01448420,Q3,,2,2,Q2,Q2
https://openalex.org/W2031492351,0022460X,Q1,,1,1,Q1,Q1
https://openalex.org/W2031507102,08968446,Q1,,1,1,Q1,Q1
https://openalex.org/W2031586675,13861425,Q2,,2,2,Q2,Q2
https://openalex.org/W2031596627,09254005,Q1,,1,1,Q1,Q1
https://openalex.org/W2031604108,01689002,Q1,,1,1,Q1,Q1
https://openalex.org/W2031604910,13886150,Q3,,2,2,Q2,Q2
https://openalex.org/W2031623719,13492543,-,,4,4,Q4,Q4
https://openalex.org/W2031626250,01689002,Q1,,1,1,Q1,Q1
https://openalex.org/W2031628319,00406090,Q2,,2,2,Q2,Q2
https://openalex.org/W2031767373,01448420,Q3,,2,2,Q2,Q2
https://openalex.org/W2031783316,09215107,Q2,,2,2,Q2,Q2
https://openalex.org/W2031834837,01448420,Q3,,2,2,Q2,Q2
https://openalex.org/W2031853731,03603016,Q1,,1,1,Q1,Q1
https://openalex.org/W2031952295,00214922,-,,5,3,Unranked,Q3
https://openalex.org/W2031985682,02578972,Q1,,1,1,Q1,Q1
https://openalex.org/W2032004409,09254005,Q1,,1,1,Q1,Q1
https://openalex.org/W2032007266,09698043,Q1,,2,2,Q2,Q2
https://openalex.org/W2032030934,00381098,Q1,,1,2,Q1,Q2
https://openalex.org/W2032047527,00214922,-,,5,3,Unranked,Q3
https://openalex.org/W2032064671,07437463,Q1,,1,1,Q1,Q1
https://openalex.org/W2032078745,00346748,Q1,,1,1,Q1,Q1
https://openalex.org/W2032093676,09214534,Q2,,2,2,Q2,Q2
https://openalex.org/W2032095364,03048853,Q2,,2,2,Q2,Q2
https://openalex.org/W2032096096,02578972,Q1,,1,1,Q1,Q1
https://openalex.org/W2032110093,09215093,Q1,,1,1,Q1,Q1
https://openalex.org/W2032114456,0041624X,Q2,,1,1,Q1,Q1
https://openalex.org/W2032134111,0969806X,Q3,,2,2,Q2,Q2
https://openalex.org/W2032137667,09215093,Q1,,1,1,Q1,Q1
https://openalex.org/W2032140493,09254005,Q1,,1,1,Q1,Q1
https://openalex.org/W2032148106,00046256,Q1,,1,1,Q1,Q1
https://openalex.org/W2032181633,00220434,Q2,,2,2,Q2,Q2
https://openalex.org/W2032215863,10984402,Q2,,1,1,Q1,Q1
https://openalex.org/W2032221908,10618309,Q4,,4,4,Q4,Q4
https://openalex.org/W2032227193,09467076,Q3,,3,3,Q3,Q3
https://openalex.org/W2032260911,10637745,Q4,,3,3,Q3,Q3
https://openalex.org/W2032291400,00207403,Q1,,1,1,Q1,Q1
https://openalex.org/W2032298615,02540584,Q2,,2,2,Q2,Q2
https://openalex.org/W2032306765,00223115,Q2,,2,2,Q2,Q2
https://openalex.org/W2032315288,00262714,Q2,,2,2,Q2,Q2
https://openalex.org/W2032363512,00214922,-,,5,3,Unranked,Q3
https://openalex.org/W2032443695,00223093,Q1,,2,2,Q2,Q2
https://openalex.org/W2032451157,02731177,-,,5,5,Unranked,Unranked
https://openalex.org/W2032462894,08876266,Q1,,1,1,Q1,Q1
https://openalex.org/W2032464335,07342101,Q1,,2,2,Q2,Q2
https://openalex.org/W2032474591,09977538,Q1,,1,1,Q1,Q1
https://openalex.org/W2032480515,01694332,-,,5,5,Unranked,Unranked
https://openalex.org/W2032493983,00262714,Q2,,2,2,Q2,Q2
https://openalex.org/W2032499631,01469592,Q1,,1,1,Q1,Q1
https://openalex.org/W2032530079,09215093,Q1,,1,1,Q1,Q1
https://openalex.org/W2032571824,00406090,Q2,,2,2,Q2,Q2
https://openalex.org/W2032596581,09215107,Q2,,2,2,Q2,Q2
https://openalex.org/W2032624718,09244247,Q1,,1,1,Q1,Q1
https://openalex.org/W2032624812,03615235,Q1,,2,2,Q2,Q2
https://openalex.org/W2032628303,00346748,Q1,,1,1,Q1,Q1
https://openalex.org/W2032632707,00295493,Q2,,2,2,Q2,Q2
https://openalex.org/W2032638379,09381287,Q3,,2,2,Q2,Q2
https://openalex.org/W2032702882,0004637X,Q1,,1,1,Q1,Q1
https://openalex.org/W2032728578,09630252,Q1,,1,1,Q1,Q1
https://openalex.org/W2032750498,00218979,Q1,,1,1,Q1,Q1
https://openalex.org/W2032844589,03048853,Q2,,2,2,Q2,Q2
https://openalex.org/W2032890731,03603199,Q1,,1,1,Q1,Q1
https://openalex.org/W2032900256,00406090,Q2,,2,2,Q2,Q2
https://openalex.org/W2032903384,00381098,Q1,,1,2,Q1,Q2
https://openalex.org/W2033022585,00046264,Q2,,2,2,Q2,Q2
https://openalex.org/W2033032011,00346748,Q1,,1,1,Q1,Q1
https://openalex.org/W2033046211,19325150,Q2,,3,3,Q3,Q3
https://openalex.org/W2033074112,01469592,Q1,,1,1,Q1,Q1
https://openalex.org/W2033081219,09570233,Q1,,1,1,Q1,Q1
https://openalex.org/W2033082592,01672738,Q1,,1,1,Q1,Q1
https://openalex.org/W2033103520,00220248,Q1,,2,2,Q2,Q2
https://openalex.org/W2033115647,09500340,Q2,,2,2,Q2,Q2
https://openalex.org/W2033158020,01438166,Q2,,1,1,Q1,Q1
https://openalex.org/W2033164011,02681242,Q1,,1,1,Q1,Q1
https://openalex.org/W2033169179,0168583X,Q2,,2,2,Q2,Q2
https://openalex.org/W2033177746,00406031,Q2,,2,2,Q2,Q2
https://openalex.org/W2033177750,13873806,Q1,,1,1,Q1,Q1
https://openalex.org/W2033190941,09253467,Q2,,2,2,Q2,Q2
https://openalex.org/W2033250968,02681242,Q1,,1,1,Q1,Q1
https://openalex.org/W2033257588,09215093,Q1,,1,1,Q1,Q1
https://openalex.org/W2033257965,02578972,Q1,,1,1,Q1,Q1
https://openalex.org/W2033277746,00913286,Q2,,2,2,Q2,Q2
https://openalex.org/W2033295090,10685200,-,,5,5,Unranked,Unranked
https://openalex.org/W2033378543,00046337,Q3,,2,2,Q2,Q2
https://openalex.org/W2033383338,13506501,Q2,,2,2,Q2,Q2
https://openalex.org/W2033427359,00295515,Q1,,1,1,Q1,Q1
https://openalex.org/W2033439045,09543899,Q2,,1,1,Q1,Q1
https://openalex.org/W2033455937,01689002,Q1,,1,1,Q1,Q1
https://openalex.org/W2033469793,09570233,Q1,,1,1,Q1,Q1
https://openalex.org/W2033531129,00017701,Q2,,2,2,Q2,Q2
https://openalex.org/W2033541133,10090630,Q4,,3,3,Q3,Q3
https://openalex.org/W2033628933,05848547,Q1,,1,1,Q1,Q1
https://openalex.org/W2033641417,02670836,Q2,,2,2,Q2,Q2
https://openalex.org/W2033642028,15421406,Q3,,3,3,Q3,Q3
https://openalex.org/W2033664841,0168583X,Q2,,2,2,Q2,Q2
https://openalex.org/W2033666554,02670836,Q2,,2,2,Q2,Q2
https://openalex.org/W2033670035,02540584,Q2,,2,2,Q2,Q2
https://openalex.org/W2033699739,00143057,Q2,,1,1,Q1,Q1
https://openalex.org/W2033699910,09254005,Q1,,1,1,Q1,Q1
https://openalex.org/W2033705750,02578972,Q1,,1,1,Q1,Q1
https://openalex.org/W2033724763,01469592,Q1,,1,1,Q1,Q1
https://openalex.org/W2033744598,03603016,Q1,,1,1,Q1,Q1
https://openalex.org/W2033789963,09215093,Q1,,1,1,Q1,Q1
https://openalex.org/W2033815287,01689002,Q1,,1,1,Q1,Q1
https://openalex.org/W2033842563,00406090,Q2,,2,2,Q2,Q2
https://openalex.org/W2033845334,14381656,Q2,,1,1,Q1,Q1
https://openalex.org/W2033873585,02731177,-,,5,5,Unranked,Unranked
https://openalex.org/W2033949251,00207683,Q1,,1,1,Q1,Q1
https://openalex.org/W2033951965,09215093,Q1,,1,1,Q1,Q1
https://openalex.org/W2033987221,01469592,Q1,,1,1,Q1,Q1
https://openalex.org/W2034004063,03784371,Q2,,2,2,Q2,Q2
https://openalex.org/W2034056656,09532048,Q1,,1,1,Q1,Q1
https://openalex.org/W2034060670,01413910,Q1,,1,1,Q1,Q1
https://openalex.org/W2034071500,00214922,-,,5,3,Unranked,Q3
https://openalex.org/W2034076919,00262714,Q2,,2,2,Q2,Q2
https://openalex.org/W2034089924,00218979,Q1,,1,1,Q1,Q1
https://openalex.org/W2034101366,00406090,Q2,,2,2,Q2,Q2
https://openalex.org/W2034123202,09214534,Q2,,2,2,Q2,Q2
https://openalex.org/W2034177518,00913286,Q2,,2,2,Q2,Q2
https://openalex.org/W2034179677,00036951,Q1,,1,1,Q1,Q1
https://openalex.org/W2034283868,00036951,Q1,,1,1,Q1,Q1
https://openalex.org/W2034338764,00218979,Q1,,1,1,Q1,Q1
https://openalex.org/W2034355868,09638695,Q2,,1,1,Q1,Q1
https://openalex.org/W2034428156,10402004,Q2,,2,2,Q2,Q2
https://openalex.org/W2034441404,0167577X,Q2,,2,2,Q2,Q2
https://openalex.org/W2034494167,10106030,Q2,,2,2,Q2,Q2
https://openalex.org/W2034495437,02670836,Q2,,2,2,Q2,Q2
https://openalex.org/W2034525965,00036951,Q1,,1,1,Q1,Q1
https://openalex.org/W2034534291,07437463,Q1,,1,1,Q1,Q1
https://openalex.org/W2034539222,02731177,-,,5,5,Unranked,Unranked
https://openalex.org/W2034559120,09214534,Q2,,2,2,Q2,Q2
https://openalex.org/W2034589318,0167577X,Q2,,2,2,Q2,Q2
https://openalex.org/W2034593619,00220248,Q1,,2,2,Q2,Q2
https://openalex.org/W2034652713,09214526,Q2,,2,2,Q2,Q2
https://openalex.org/W2034660959,09698043,Q1,,2,2,Q2,Q2
https://openalex.org/W2034687774,09532048,Q1,,1,1,Q1,Q1
https://openalex.org/W2034689115,00223115,Q2,,2,2,Q2,Q2
https://openalex.org/W2034704424,13506501,Q2,,2,2,Q2,Q2
https://openalex.org/W2034736893,09254005,Q1,,1,1,Q1,Q1
https://openalex.org/W2034745212,10400400,Q3,,3,3,Q3,Q3
https://openalex.org/W2034749686,09254005,Q1,,1,1,Q1,Q1
https://openalex.org/W2034760401,00295493,Q2,,2,2,Q2,Q2
https://openalex.org/W2034765280,03048853,Q2,,2,2,Q2,Q2
https://openalex.org/W2034771367,15311309,Q1,,1,1,Q1,Q1
https://openalex.org/W2034779220,09215093,Q1,,1,1,Q1,Q1
https://openalex.org/W2034791391,02540584,Q2,,2,2,Q2,Q2
https://openalex.org/W2034792861,09534075,Q1,,1,1,Q1,Q1
https://openalex.org/W2034799847,00029505,Q2,,2,2,Q2,Q2
https://openalex.org/W2034814199,00223115,Q2,,2,2,Q2,Q2
https://openalex.org/W2034886541,00304018,Q1,,2,2,Q2,Q2
https://openalex.org/W2034892493,10090630,Q4,,3,3,Q3,Q3
https://openalex.org/W2034897232,00223727,Q1,,1,1,Q1,Q1
https://openalex.org/W2034905577,03048853,Q2,,2,2,Q2,Q2
https://openalex.org/W2034916347,00325899,Q3,,3,3,Q3,Q3
https://openalex.org/W2034927557,00218979,Q1,,1,1,Q1,Q1
https://openalex.org/W2034956600,10685200,-,,5,5,Unranked,Unranked
https://openalex.org/W2034984729,02578972,Q1,,1,1,Q1,Q1
https://openalex.org/W2035000887,0042207X,Q2,,2,2,Q2,Q2
https://openalex.org/W2035041508,00406090,Q2,,2,2,Q2,Q2
https://openalex.org/W2035049897,00214922,-,,5,3,Unranked,Q3
https://openalex.org/W2035065351,09259635,Q1,,1,1,Q1,Q1
https://openalex.org/W2035087080,00223093,Q1,,2,2,Q2,Q2
https://openalex.org/W2035091945,00214922,-,,5,3,Unranked,Q3
https://openalex.org/W2035122257,00214922,-,,5,3,Unranked,Q3
https://openalex.org/W2035255520,03048853,Q2,,2,2,Q2,Q2
https://openalex.org/W2035273204,00262714,Q2,,2,2,Q2,Q2
https://openalex.org/W2035278819,00406090,Q2,,2,2,Q2,Q2
https://openalex.org/W2035286859,10637826,Q3,,3,3,Q3,Q3
https://openalex.org/W2035296100,00134651,Q1,,1,1,Q1,Q1
https://openalex.org/W2035316821,09244247,Q1,,1,1,Q1,Q1
https://openalex.org/W2035334347,0022460X,Q1,,1,1,Q1,Q1
https://openalex.org/W2035338932,00913286,Q2,,2,2,Q2,Q2
https://openalex.org/W2035372330,0969806X,Q3,,2,2,Q2,Q2
https://openalex.org/W2035381027,01689002,Q1,,1,1,Q1,Q1
https://openalex.org/W2035408777,00220248,Q1,,2,2,Q2,Q2
https://openalex.org/W2035424170,00218979,Q1,,1,1,Q1,Q1
https://openalex.org/W2035430053,0301679X,Q2,,1,1,Q1,Q1
https://openalex.org/W2035430647,15365379,Q2,,2,2,Q2,Q2
https://openalex.org/W2035449306,00406090,Q2,,2,2,Q2,Q2
https://openalex.org/W2035460142,09254005,Q1,,1,1,Q1,Q1
https://openalex.org/W2035469630,09532048,Q1,,1,1,Q1,Q1
https://openalex.org/W2035497656,09698043,Q1,,2,2,Q2,Q2
https://openalex.org/W2035499845,00134651,Q1,,1,1,Q1,Q1
https://openalex.org/W2035510587,00431648,Q1,,1,1,Q1,Q1
https://openalex.org/W2035514682,00457825,Q1,,1,1,Q1,Q1
https://openalex.org/W2035530266,15306984,Q1,,1,1,Q1,Q1
https://openalex.org/W2035550644,02578972,Q1,,1,1,Q1,Q1
https://openalex.org/W2035551428,03603199,Q1,,1,1,Q1,Q1
https://openalex.org/W2035553326,09215093,Q1,,1,1,Q1,Q1
https://openalex.org/W2035553922,00036951,Q1,,1,1,Q1,Q1
https://openalex.org/W2035554410,0167577X,Q2,,2,2,Q2,Q2
https://openalex.org/W2035582439,02670836,Q2,,2,2,Q2,Q2
https://openalex.org/W2035634688,00036951,Q1,,1,1,Q1,Q1
https://openalex.org/W2035644730,10238883,Q2,,1,1,Q1,Q1
https://openalex.org/W2035658969,09630252,Q1,,1,1,Q1,Q1
https://openalex.org/W2035666967,09215093,Q1,,1,1,Q1,Q1
https://openalex.org/W2035678983,01413910,Q1,,1,1,Q1,Q1
https://openalex.org/W2035691459,1530437X,Q1,,2,2,Q2,Q2
https://openalex.org/W2035723861,00214922,-,,5,3,Unranked,Q3
https://openalex.org/W2035756840,00143057,Q2,,1,1,Q1,Q1
https://openalex.org/W2035777734,0042207X,Q2,,2,2,Q2,Q2
https://openalex.org/W2035783852,03759601,Q2,,2,2,Q2,Q2
https://openalex.org/W2035843279,09215107,Q2,,2,2,Q2,Q2
https://openalex.org/W2035855784,01469592,Q1,,1,1,Q1,Q1
https://openalex.org/W2035882306,09698043,Q1,,2,2,Q2,Q2
https://openalex.org/W2035889881,00218979,Q1,,1,1,Q1,Q1
https://openalex.org/W2035909180,02578972,Q1,,1,1,Q1,Q1
https://openalex.org/W2035912055,00218979,Q1,,1,1,Q1,Q1
https://openalex.org/W2035963947,01689002,Q1,,1,1,Q1,Q1
https://openalex.org/W2035997187,13504487,Q2,,2,2,Q2,Q2
https://openalex.org/W2036001589,03759474,Q1,,1,1,Q1,Q1
https://openalex.org/W2036007150,00214922,-,,5,3,Unranked,Q3
https://openalex.org/W2036022014,00134651,Q1,,1,1,Q1,Q1
https://openalex.org/W2036050716,01423312,Q3,,2,2,Q2,Q2
https://openalex.org/W2036065302,09215093,Q1,,1,1,Q1,Q1
https://openalex.org/W2036065504,10735615,Q1,,1,1,Q1,Q1
https://openalex.org/W2036095166,01689002,Q1,,1,1,Q1,Q1
https://openalex.org/W2036102559,09638695,Q2,,1,1,Q1,Q1
https://openalex.org/W2036136596,17935350,-,,4,4,Q4,Q4
https://openalex.org/W2036167676,03048853,Q2,,2,2,Q2,Q2
https://openalex.org/W2036181738,00036951,Q1,,1,1,Q1,Q1
https://openalex.org/W2036211684,00406090,Q2,,2,2,Q2,Q2
https://openalex.org/W2036219181,02540584,Q2,,2,2,Q2,Q2
https://openalex.org/W2036226227,00220248,Q1,,2,2,Q2,Q2
https://openalex.org/W2036268927,00223115,Q2,,2,2,Q2,Q2
https://openalex.org/W2036273354,00214922,-,,5,3,Unranked,Q3
https://openalex.org/W2036295447,00406031,Q2,,2,2,Q2,Q2
https://openalex.org/W2036301720,00381101,Q2,,2,2,Q2,Q2
https://openalex.org/W2036304321,0022460X,Q1,,1,1,Q1,Q1
https://openalex.org/W2036383891,10944087,Q1,,1,1,Q1,Q1
https://openalex.org/W2036434841,09641726,Q1,,1,1,Q1,Q1
https://openalex.org/W2036449612,00014966,Q1,,1,1,Q1,Q1
https://openalex.org/W2036455640,14226944,Q4,,4,4,Q4,Q4
https://openalex.org/W2036509960,09215093,Q1,,1,1,Q1,Q1
https://openalex.org/W2036526138,03048853,Q2,,2,2,Q2,Q2
https://openalex.org/W2036530096,07437463,Q1,,1,1,Q1,Q1
https://openalex.org/W2036556364,03796779,Q2,,2,2,Q2,Q2
https://openalex.org/W2036575956,00036951,Q1,,1,1,Q1,Q1
https://openalex.org/W2036618639,00214922,-,,5,3,Unranked,Q3
https://openalex.org/W2036630902,15306984,Q1,,1,1,Q1,Q1
https://openalex.org/W2036632499,08853010,Q1,,1,1,Q1,Q1
https://openalex.org/W2036633539,10735623,Q1,,1,1,Q1,Q1
https://openalex.org/W2036643557,00406090,Q2,,2,2,Q2,Q2
https://openalex.org/W2036744031,01679317,Q1,,2,2,Q2,Q2
https://openalex.org/W2036744107,09215093,Q1,,1,1,Q1,Q1
https://openalex.org/W2036771019,00304018,Q1,,2,2,Q2,Q2
https://openalex.org/W2036789171,00214922,-,,5,3,Unranked,Q3
https://openalex.org/W2036803420,09215093,Q1,,1,1,Q1,Q1
https://openalex.org/W2036838842,00036951,Q1,,1,1,Q1,Q1
https://openalex.org/W2036849643,09259635,Q1,,1,1,Q1,Q1
https://openalex.org/W2036897232,00255408,Q2,,2,2,Q2,Q2
https://openalex.org/W2036901168,00431648,Q1,,1,1,Q1,Q1
https://openalex.org/W2036905098,09215107,Q2,,2,2,Q2,Q2
https://openalex.org/W2036909526,03043886,Q3,,2,2,Q2,Q2
https://openalex.org/W2036923269,09244247,Q1,,1,1,Q1,Q1
https://openalex.org/W2036925427,0041624X,Q2,,1,1,Q1,Q1
https://openalex.org/W2036926586,03603016,Q1,,1,1,Q1,Q1
https://openalex.org/W2036943881,02670836,Q2,,2,2,Q2,Q2
https://openalex.org/W2036994069,02540584,Q2,,2,2,Q2,Q2
https://openalex.org/W2037084237,09638695,Q2,,1,1,Q1,Q1
https://openalex.org/W2037106096,09244247,Q1,,1,1,Q1,Q1
https://openalex.org/W2037117559,00346748,Q1,,1,1,Q1,Q1
https://openalex.org/W2037130259,09215093,Q1,,1,1,Q1,Q1
https://openalex.org/W2037137041,00223093,Q1,,2,2,Q2,Q2
https://openalex.org/W2037148882,13861425,Q2,,2,2,Q2,Q2
https://openalex.org/W2037208507,09277757,-,,5,5,Unranked,Unranked
https://openalex.org/W2037213558,01672738,Q1,,1,1,Q1,Q1
https://openalex.org/W2037241311,15671739,Q2,,2,2,Q2,Q2
https://openalex.org/W2037272716,00036951,Q1,,1,1,Q1,Q1
https://openalex.org/W2037273084,00221481,Q1,,1,1,Q1,Q1
https://openalex.org/W2037290255,00036951,Q1,,1,1,Q1,Q1
https://openalex.org/W2037290602,00036951,Q1,,1,1,Q1,Q1
https://openalex.org/W2037304261,01469592,Q1,,1,1,Q1,Q1
https://openalex.org/W2037340817,14786435,Q1,,1,1,Q1,Q1
https://openalex.org/W2037389823,02578972,Q1,,1,1,Q1,Q1
https://openalex.org/W2037442337,02670836,Q2,,2,2,Q2,Q2
https://openalex.org/W2037450301,0018926X,Q1,,1,1,Q1,Q1
https://openalex.org/W2037452192,03615235,Q1,,2,2,Q2,Q2
https://openalex.org/W2037455715,0167577X,Q2,,2,2,Q2,Q2
https://openalex.org/W2037467488,02321300,Q3,,3,3,Q3,Q3
https://openalex.org/W2037502710,09276440,Q3,,3,3,Q3,Q3
https://openalex.org/W2037506295,00406090,Q2,,2,2,Q2,Q2
https://openalex.org/W2037524002,00295493,Q2,,2,2,Q2,Q2
https://openalex.org/W2037544296,00036951,Q1,,1,1,Q1,Q1
https://openalex.org/W2037550537,09215107,Q2,,2,2,Q2,Q2
https://openalex.org/W2037566188,00913286,Q2,,2,2,Q2,Q2
https://openalex.org/W2037591661,02731177,-,,5,5,Unranked,Unranked
https://openalex.org/W2037613706,00223115,Q2,,2,2,Q2,Q2
https://openalex.org/W2037626325,09090495,Q2,,1,1,Q1,Q1
https://openalex.org/W2037634404,08876266,Q1,,1,1,Q1,Q1
https://openalex.org/W2037666508,07342101,Q1,,2,2,Q2,Q2
https://openalex.org/W2037733696,03603199,Q1,,1,1,Q1,Q1
https://openalex.org/W2037759092,02578972,Q1,,1,1,Q1,Q1
https://openalex.org/W2037759387,03048853,Q2,,2,2,Q2,Q2
https://openalex.org/W2037780235,03048853,Q2,,2,2,Q2,Q2
https://openalex.org/W2037839538,0168583X,Q2,,2,2,Q2,Q2
https://openalex.org/W2037860377,0167577X,Q2,,2,2,Q2,Q2
https://openalex.org/W2037889926,0167577X,Q2,,2,2,Q2,Q2
https://openalex.org/W2037896170,09641726,Q1,,1,1,Q1,Q1
https://openalex.org/W2037914362,00036951,Q1,,1,1,Q1,Q1
https://openalex.org/W2037926050,09698043,Q1,,2,2,Q2,Q2
https://openalex.org/W2037967917,00913286,Q2,,2,2,Q2,Q2
https://openalex.org/W2037969096,00218979,Q1,,1,1,Q1,Q1
https://openalex.org/W2037985187,03048853,Q2,,2,2,Q2,Q2
https://openalex.org/W2038040945,03043886,Q3,,2,2,Q2,Q2
https://openalex.org/W2038041486,00319007,Q1,,1,1,Q1,Q1
https://openalex.org/W2038072674,00225096,Q1,,1,1,Q1,Q1
https://openalex.org/W2038075025,09259635,Q1,,1,1,Q1,Q1
https://openalex.org/W2038081197,08952477,Q2,,3,3,Q3,Q3
https://openalex.org/W2038087370,09532048,Q1,,1,1,Q1,Q1
https://openalex.org/W2038096134,09215107,Q2,,2,2,Q2,Q2
https://openalex.org/W2038107483,00406090,Q2,,2,2,Q2,Q2
https://openalex.org/W2038108303,0167577X,Q2,,2,2,Q2,Q2
https://openalex.org/W2038119685,10627995,Q2,,1,1,Q1,Q1
https://openalex.org/W2038132090,00105082,Q4,,3,3,Q3,Q3
https://openalex.org/W2038134095,00214922,-,,5,3,Unranked,Q3
https://openalex.org/W2038186500,03701972,Q2,,2,2,Q2,Q2
https://openalex.org/W2038206515,00036951,Q1,,1,1,Q1,Q1
https://openalex.org/W2038208785,00406031,Q2,,2,2,Q2,Q2
https://openalex.org/W2038233508,07403224,Q1,,1,1,Q1,Q1
https://openalex.org/W2038275149,09214534,Q2,,2,2,Q2,Q2
https://openalex.org/W2038275787,00214922,-,,5,3,Unranked,Q3
https://openalex.org/W2038303625,09259635,Q1,,1,1,Q1,Q1
https://openalex.org/W2038308268,0167577X,Q2,,2,2,Q2,Q2
https://openalex.org/W2038325841,07342101,Q1,,2,2,Q2,Q2
https://openalex.org/W2038336535,00214922,-,,5,3,Unranked,Q3
https://openalex.org/W2038349210,02578972,Q1,,1,1,Q1,Q1
https://openalex.org/W2038364761,10980121,Q1,,1,1,Q1,Q1
https://openalex.org/W2038398679,0142727X,Q1,,1,1,Q1,Q1
https://openalex.org/W2038415639,00218979,Q1,,1,1,Q1,Q1
https://openalex.org/W2038419893,0018151X,Q4,,4,3,Q4,Q3
https://openalex.org/W2038443111,09244247,Q1,,1,1,Q1,Q1
https://openalex.org/W2038469225,01689002,Q1,,1,1,Q1,Q1
https://openalex.org/W2038472934,09927689,Q2,,2,2,Q2,Q2
https://openalex.org/W2038489601,00189197,Q1,,1,1,Q1,Q1
https://openalex.org/W2038494762,01689002,Q1,,1,1,Q1,Q1
https://openalex.org/W2038495010,10627995,Q2,,1,1,Q1,Q1
https://openalex.org/W2038529422,15421406,Q3,,3,3,Q3,Q3
https://openalex.org/W2038531151,00255408,Q2,,2,2,Q2,Q2
https://openalex.org/W2038537021,09215093,Q1,,1,1,Q1,Q1
https://openalex.org/W2038542723,09253467,Q2,,2,2,Q2,Q2
https://openalex.org/W2038544391,00036951,Q1,,1,1,Q1,Q1
https://openalex.org/W2038547375,01689002,Q1,,1,1,Q1,Q1
https://openalex.org/W2038573448,09254005,Q1,,1,1,Q1,Q1
https://openalex.org/W2038579326,14346001,Q1,,1,2,Q1,Q2
https://openalex.org/W2038615618,0041624X,Q2,,1,1,Q1,Q1
https://openalex.org/W2038626199,10459243,Q1,,2,2,Q2,Q2
https://openalex.org/W2038639469,00936413,Q2,,2,2,Q2,Q2
https://openalex.org/W2038678243,00036951,Q1,,1,1,Q1,Q1
https://openalex.org/W2038696884,13869477,Q2,,2,2,Q2,Q2
https://openalex.org/W2038732027,08957959,Q3,,2,2,Q2,Q2
https://openalex.org/W2038735554,09277757,-,,5,5,Unranked,Unranked
https://openalex.org/W2038745632,00223131,Q3,,3,3,Q3,Q3
https://openalex.org/W2038754814,0167577X,Q2,,2,2,Q2,Q2
https://openalex.org/W2038790078,09215093,Q1,,1,1,Q1,Q1
https://openalex.org/W2038802257,01689002,Q1,,1,1,Q1,Q1
https://openalex.org/W2038809396,1070664X,Q1,,1,1,Q1,Q1
https://openalex.org/W2038814261,09253467,Q2,,2,2,Q2,Q2
https://openalex.org/W2038822968,00222313,Q1,,2,2,Q2,Q2
https://openalex.org/W2038842077,09698043,Q1,,2,2,Q2,Q2
https://openalex.org/W2038852699,00219614,Q2,,1,1,Q1,Q1
https://openalex.org/W2038853836,00134651,Q1,,1,1,Q1,Q1
https://openalex.org/W2038918365,00214922,-,,5,3,Unranked,Q3
https://openalex.org/W2038934948,0042207X,Q2,,2,2,Q2,Q2
https://openalex.org/W2038937427,10445803,Q2,,1,1,Q1,Q1
https://openalex.org/W2038937902,03048853,Q2,,2,2,Q2,Q2
https://openalex.org/W2038941144,15989623,Q3,,2,2,Q2,Q2
https://openalex.org/W2038992102,0167577X,Q2,,2,2,Q2,Q2
https://openalex.org/W2038996389,01672738,Q1,,1,1,Q1,Q1
https://openalex.org/W2038996686,09214534,Q2,,2,2,Q2,Q2
https://openalex.org/W2039054755,00223115,Q2,,2,2,Q2,Q2
https://openalex.org/W2039081858,07437463,Q1,,1,1,Q1,Q1
https://openalex.org/W2039084190,00346748,Q1,,1,1,Q1,Q1
https://openalex.org/W2039092867,09295607,Q2,,2,2,Q2,Q2
https://openalex.org/W2039117887,1068820X,Q4,,4,4,Q4,Q4
https://openalex.org/W2039137594,10980121,Q1,,1,1,Q1,Q1
https://openalex.org/W2039139127,10706631,Q1,,1,1,Q1,Q1
https://openalex.org/W2039169121,00143057,Q2,,1,1,Q1,Q1
https://openalex.org/W2039187095,00143057,Q2,,1,1,Q1,Q1
https://openalex.org/W2039196003,03615235,Q1,,2,2,Q2,Q2
https://openalex.org/W2039218525,03048853,Q2,,2,2,Q2,Q2
https://openalex.org/W2039232041,10980121,Q1,,1,1,Q1,Q1
https://openalex.org/W2039234555,01689002,Q1,,1,1,Q1,Q1
https://openalex.org/W2039248771,09600779,-,,5,5,Unranked,Unranked
https://openalex.org/W2039281362,00220248,Q1,,2,2,Q2,Q2
https://openalex.org/W2039283456,00406090,Q2,,2,2,Q2,Q2
https://openalex.org/W2039319411,00223115,Q2,,2,2,Q2,Q2
https://openalex.org/W2039324575,10238883,Q2,,1,1,Q1,Q1
https://openalex.org/W2039329978,09698043,Q1,,2,2,Q2,Q2
https://openalex.org/W2039350511,03615235,Q1,,2,2,Q2,Q2
https://openalex.org/W2039352431,00218979,Q1,,1,1,Q1,Q1
https://openalex.org/W2039358345,02731177,-,,5,5,Unranked,Unranked
https://openalex.org/W2039358853,0969806X,Q3,,2,2,Q2,Q2
https://openalex.org/W2039396329,10402004,Q2,,2,2,Q2,Q2
https://openalex.org/W2039437148,00224073,Q1,,1,1,Q1,Q1
https://openalex.org/W2039453242,00204412,Q4,,3,3,Q3,Q3
https://openalex.org/W2039462706,03048853,Q2,,2,2,Q2,Q2
https://openalex.org/W2039496401,09214534,Q2,,2,2,Q2,Q2
https://openalex.org/W2039551139,0301679X,Q2,,1,1,Q1,Q1
https://openalex.org/W2039572911,00036951,Q1,,1,1,Q1,Q1
https://openalex.org/W2039577473,00406090,Q2,,2,2,Q2,Q2
https://openalex.org/W2039587599,10709622,Q3,,3,3,Q3,Q3
https://openalex.org/W2039669895,00189197,Q1,,1,1,Q1,Q1
https://openalex.org/W2039673118,02578972,Q1,,1,1,Q1,Q1
https://openalex.org/W2039695599,0167577X,Q2,,2,2,Q2,Q2
https://openalex.org/W2039730853,03048853,Q2,,2,2,Q2,Q2
https://openalex.org/W2039744924,08968446,Q1,,1,1,Q1,Q1
https://openalex.org/W2039771160,00036951,Q1,,1,1,Q1,Q1
https://openalex.org/W2039791119,09259635,Q1,,1,1,Q1,Q1
https://openalex.org/W2039817120,00036951,Q1,,1,1,Q1,Q1
https://openalex.org/W2039823132,00319007,Q1,,1,1,Q1,Q1
https://openalex.org/W2039828697,15306984,Q1,,1,1,Q1,Q1
https://openalex.org/W2039850251,15287483,Q1,,1,1,Q1,Q1
https://openalex.org/W2039868992,00431648,Q1,,1,1,Q1,Q1
https://openalex.org/W2039880408,0168583X,Q2,,2,2,Q2,Q2
https://openalex.org/W2039899738,01689002,Q1,,1,1,Q1,Q1
https://openalex.org/W2039917290,00014966,Q1,,1,1,Q1,Q1
https://openalex.org/W2039939047,00218979,Q1,,1,1,Q1,Q1
https://openalex.org/W2039951172,00406090,Q2,,2,2,Q2,Q2
https://openalex.org/W2039978460,02578972,Q1,,1,1,Q1,Q1
https://openalex.org/W2039980666,0004640X,Q3,,3,3,Q3,Q3
https://openalex.org/W2039981386,0301679X,Q2,,1,1,Q1,Q1
https://openalex.org/W2039987350,01689002,Q1,,1,1,Q1,Q1
https://openalex.org/W2040035232,09540911,Q3,,3,3,Q3,Q3
https://openalex.org/W2040060124,00304018,Q1,,2,2,Q2,Q2
https://openalex.org/W2040064540,15365379,Q2,,2,2,Q2,Q2
https://openalex.org/W2040098802,13886150,Q3,,2,2,Q2,Q2
https://openalex.org/W2040118506,00220248,Q1,,2,2,Q2,Q2
https://openalex.org/W2040125537,02681242,Q1,,1,1,Q1,Q1
https://openalex.org/W2040168282,14639076,Q1,,1,1,Q1,Q1
https://openalex.org/W2040175168,00214922,-,,5,3,Unranked,Q3
https://openalex.org/W2040180369,00406090,Q2,,2,2,Q2,Q2
https://openalex.org/W2040245897,00431648,Q1,,1,1,Q1,Q1
https://openalex.org/W2040253711,09215093,Q1,,1,1,Q1,Q1
https://openalex.org/W2040286497,01689002,Q1,,1,1,Q1,Q1
https://openalex.org/W2040301322,03048853,Q2,,2,2,Q2,Q2
https://openalex.org/W2040306729,14328488,Q2,,2,2,Q2,Q2
https://openalex.org/W2040326961,02731177,-,,5,5,Unranked,Unranked
https://openalex.org/W2040335970,01438166,Q2,,1,1,Q1,Q1
https://openalex.org/W2040342958,03615235,Q1,,2,2,Q2,Q2
https://openalex.org/W2040364532,09244247,Q1,,1,1,Q1,Q1
https://openalex.org/W2040399952,10637842,Q3,,3,3,Q3,Q3
https://openalex.org/W2040432016,00319007,Q1,,1,1,Q1,Q1
https://openalex.org/W2040433765,03701972,Q2,,2,2,Q2,Q2
https://openalex.org/W2040457427,10735615,Q1,,1,1,Q1,Q1
https://openalex.org/W2040475417,01689002,Q1,,1,1,Q1,Q1
https://openalex.org/W2040501964,09284931,Q2,,2,2,Q2,Q2
https://openalex.org/W2040509461,03048853,Q2,,2,2,Q2,Q2
https://openalex.org/W2040525616,00255408,Q2,,2,2,Q2,Q2
https://openalex.org/W2040530484,09244247,Q1,,1,1,Q1,Q1
https://openalex.org/W2040541817,0003682X,Q2,,1,1,Q1,Q1
https://openalex.org/W2040544594,01672738,Q1,,1,1,Q1,Q1
https://openalex.org/W2040549685,09462171,Q1,,1,1,Q1,Q1
https://openalex.org/W2040595288,00214922,-,,5,3,Unranked,Q3
https://openalex.org/W2040599531,13504177,Q1,,1,1,Q1,Q1
https://openalex.org/W2040609670,01469592,Q1,,1,1,Q1,Q1
https://openalex.org/W2040648121,13861425,Q2,,2,2,Q2,Q2
https://openalex.org/W2040667558,10637788,Q3,,3,3,Q3,Q3
https://openalex.org/W2040673838,10238883,Q2,,1,1,Q1,Q1
https://openalex.org/W2040704661,09254005,Q1,,1,1,Q1,Q1
https://openalex.org/W2040777444,00218979,Q1,,1,1,Q1,Q1
https://openalex.org/W2040781715,00406090,Q2,,2,2,Q2,Q2
https://openalex.org/W2040784147,09215093,Q1,,1,1,Q1,Q1
https://openalex.org/W2040825354,03682048,Q1,,1,1,Q1,Q1
https://openalex.org/W2040829604,09215093,Q1,,1,1,Q1,Q1
https://openalex.org/W2040838330,0969806X,Q3,,2,2,Q2,Q2
https://openalex.org/W2040845161,13504487,Q2,,2,2,Q2,Q2
https://openalex.org/W2040853580,08878722,Q2,,2,2,Q2,Q2
https://openalex.org/W2040860321,01689002,Q1,,1,1,Q1,Q1
https://openalex.org/W2040861425,09574522,Q2,,2,2,Q2,Q2
https://openalex.org/W2040863440,00222488,Q2,,2,2,Q2,Q2
https://openalex.org/W2040867436,00092614,Q1,,1,1,Q1,Q1
https://openalex.org/W2040871850,10735623,Q1,,1,1,Q1,Q1
https://openalex.org/W2040878811,09244247,Q1,,1,1,Q1,Q1
https://openalex.org/W2040905558,09215093,Q1,,1,1,Q1,Q1
https://openalex.org/W2040912997,02731177,-,,5,5,Unranked,Unranked
https://openalex.org/W2040916463,02731177,-,,5,5,Unranked,Unranked
https://openalex.org/W2040933348,01689002,Q1,,1,1,Q1,Q1
https://openalex.org/W2040966039,01694332,-,,5,5,Unranked,Unranked
https://openalex.org/W2040985949,00406090,Q2,,2,2,Q2,Q2
https://openalex.org/W2041000833,03048853,Q2,,2,2,Q2,Q2
https://openalex.org/W2041001805,00304018,Q1,,2,2,Q2,Q2
https://openalex.org/W2041006637,0041624X,Q2,,1,1,Q1,Q1
https://openalex.org/W2041014993,00036951,Q1,,1,1,Q1,Q1
https://openalex.org/W2041030650,00406090,Q2,,2,2,Q2,Q2
https://openalex.org/W2041065105,01469592,Q1,,1,1,Q1,Q1
https://openalex.org/W2041080074,02731177,-,,5,5,Unranked,Unranked
https://openalex.org/W2041088253,00092614,Q1,,1,1,Q1,Q1
https://openalex.org/W2041132840,09215093,Q1,,1,1,Q1,Q1
https://openalex.org/W2041152504,00214922,-,,5,3,Unranked,Q3
https://openalex.org/W2041153259,01469592,Q1,,1,1,Q1,Q1
https://openalex.org/W2041250209,0301679X,Q2,,1,1,Q1,Q1
https://openalex.org/W2041279086,09254005,Q1,,1,1,Q1,Q1
https://openalex.org/W2041293347,00036951,Q1,,1,1,Q1,Q1
https://openalex.org/W2041347845,03615235,Q1,,2,2,Q2,Q2
https://openalex.org/W2041439904,00218979,Q1,,1,1,Q1,Q1
https://openalex.org/W2041447815,09270256,Q2,,1,1,Q1,Q1
https://openalex.org/W2041458813,00220248,Q1,,2,2,Q2,Q2
https://openalex.org/W2041472796,09214534,Q2,,2,2,Q2,Q2
https://openalex.org/W2041491509,13596462,Q1,,1,1,Q1,Q1
https://openalex.org/W2041507236,09280707,Q2,,2,2,Q2,Q2
https://openalex.org/W2041520394,09215093,Q1,,1,1,Q1,Q1
https://openalex.org/W2041526880,00406090,Q2,,2,2,Q2,Q2
https://openalex.org/W2041538052,00223131,Q3,,3,3,Q3,Q3
https://openalex.org/W2041565815,00304018,Q1,,2,2,Q2,Q2
https://openalex.org/W2041650869,00223131,Q3,,3,3,Q3,Q3
https://openalex.org/W2041683893,00262714,Q2,,2,2,Q2,Q2
https://openalex.org/W2041725934,00223697,Q2,,2,2,Q2,Q2
https://openalex.org/W2041744041,13861425,Q2,,2,2,Q2,Q2
https://openalex.org/W2041779802,00220248,Q1,,2,2,Q2,Q2
https://openalex.org/W2041780804,0022460X,Q1,,1,1,Q1,Q1
https://openalex.org/W2041789911,13504487,Q2,,2,2,Q2,Q2
https://openalex.org/W2041794428,00223115,Q2,,2,2,Q2,Q2
https://openalex.org/W2041798786,08952477,Q2,,3,3,Q3,Q3
https://openalex.org/W2041802707,00223093,Q1,,2,2,Q2,Q2
https://openalex.org/W2041819273,00218979,Q1,,1,1,Q1,Q1
https://openalex.org/W2041821283,00214922,-,,5,3,Unranked,Q3
https://openalex.org/W2041832050,10980121,Q1,,1,1,Q1,Q1
https://openalex.org/W2041836557,09215093,Q1,,1,1,Q1,Q1
https://openalex.org/W2041837327,00381101,Q2,,2,2,Q2,Q2
https://openalex.org/W2041857100,09259635,Q1,,1,1,Q1,Q1
https://openalex.org/W2041875712,13886150,Q3,,2,2,Q2,Q2
https://openalex.org/W2041913650,03603199,Q1,,1,1,Q1,Q1
https://openalex.org/W2041937363,00037028,Q1,,2,2,Q2,Q2
https://openalex.org/W2041958404,05717256,Q3,,4,4,Q4,Q4
https://openalex.org/W2041961436,09215093,Q1,,1,1,Q1,Q1
https://openalex.org/W2041971878,0167577X,Q2,,2,2,Q2,Q2
https://openalex.org/W2041986503,00223115,Q2,,2,2,Q2,Q2
https://openalex.org/W2042011111,00386308,Q2,,1,1,Q1,Q1
https://openalex.org/W2042013343,09254005,Q1,,1,1,Q1,Q1
https://openalex.org/W2042019003,00223131,Q3,,3,3,Q3,Q3
https://openalex.org/W2042067517,00037028,Q1,,2,2,Q2,Q2
https://openalex.org/W2042079261,09215093,Q1,,1,1,Q1,Q1
https://openalex.org/W2042091015,03048853,Q2,,2,2,Q2,Q2
https://openalex.org/W2042094046,0041624X,Q2,,1,1,Q1,Q1
https://openalex.org/W2042098488,09090495,Q2,,1,1,Q1,Q1
https://openalex.org/W2042146439,01689002,Q1,,1,1,Q1,Q1
https://openalex.org/W2042174920,00223115,Q2,,2,2,Q2,Q2
https://openalex.org/W2042182215,0167577X,Q2,,2,2,Q2,Q2
https://openalex.org/W2042271384,02321300,Q3,,3,3,Q3,Q3
https://openalex.org/W2042277246,10876596,Q4,,3,3,Q3,Q3
https://openalex.org/W2042289481,02540584,Q2,,2,2,Q2,Q2
https://openalex.org/W2042303160,01694332,-,,5,5,Unranked,Unranked
https://openalex.org/W2042308780,13871811,Q1,,1,1,Q1,Q1
https://openalex.org/W2042325328,09254005,Q1,,1,1,Q1,Q1
https://openalex.org/W2042328066,10944087,Q1,,1,1,Q1,Q1
https://openalex.org/W2042338982,00046361,Q1,,1,1,Q1,Q1
https://openalex.org/W2042350662,08878722,Q2,,2,2,Q2,Q2
https://openalex.org/W2042357498,0168583X,Q2,,2,2,Q2,Q2
https://openalex.org/W2042395163,09214526,Q2,,2,2,Q2,Q2
https://openalex.org/W2042414196,00223115,Q2,,2,2,Q2,Q2
https://openalex.org/W2042420942,00014966,Q1,,1,1,Q1,Q1
https://openalex.org/W2042421444,03048853,Q2,,2,2,Q2,Q2
https://openalex.org/W2042429866,13596462,Q1,,1,1,Q1,Q1
https://openalex.org/W2042462613,03048853,Q2,,2,2,Q2,Q2
https://openalex.org/W2042523982,13504487,Q2,,2,2,Q2,Q2
https://openalex.org/W2042580992,01689002,Q1,,1,1,Q1,Q1
https://openalex.org/W2042586013,0042207X,Q2,,2,2,Q2,Q2
https://openalex.org/W2042604247,00381098,Q1,,1,2,Q1,Q2
https://openalex.org/W2042630060,01694332,-,,5,5,Unranked,Unranked
https://openalex.org/W2042637956,03048853,Q2,,2,2,Q2,Q2
https://openalex.org/W2042641418,03048853,Q2,,2,2,Q2,Q2
https://openalex.org/W2042677129,00223093,Q1,,2,2,Q2,Q2
https://openalex.org/W2042694810,00036951,Q1,,1,1,Q1,Q1
https://openalex.org/W2042696400,16122011,-,,1,1,Q1,Q1
https://openalex.org/W2042737352,00319007,Q1,,1,1,Q1,Q1
https://openalex.org/W2042753245,10411135,Q1,,1,1,Q1,Q1
https://openalex.org/W2042781655,0022460X,Q1,,1,1,Q1,Q1
https://openalex.org/W2042787375,0042207X,Q2,,2,2,Q2,Q2
https://openalex.org/W2042800369,10710922,Q3,,2,2,Q2,Q2
https://openalex.org/W2042832716,00214922,-,,5,3,Unranked,Q3
https://openalex.org/W2042904585,01469592,Q1,,1,1,Q1,Q1
https://openalex.org/W2042915049,00223115,Q2,,2,2,Q2,Q2
https://openalex.org/W2042924036,03603199,Q1,,1,1,Q1,Q1
https://openalex.org/W2042932373,00036951,Q1,,1,1,Q1,Q1
https://openalex.org/W2042938446,09244247,Q1,,1,1,Q1,Q1
https://openalex.org/W2042960022,07496036,Q3,,2,2,Q2,Q2
https://openalex.org/W2042982549,00036951,Q1,,1,1,Q1,Q1
https://openalex.org/W2042987635,01430807,Q3,,2,2,Q2,Q2
https://openalex.org/W2043006379,09277765,Q3,,1,1,Q1,Q1
https://openalex.org/W2043017445,10518223,Q2,,3,3,Q3,Q3
https://openalex.org/W2043031551,01694332,-,,5,5,Unranked,Unranked
https://openalex.org/W2043035665,09570233,Q1,,1,1,Q1,Q1
https://openalex.org/W2043049240,0167577X,Q2,,2,2,Q2,Q2
https://openalex.org/W2043058378,00223727,Q1,,1,1,Q1,Q1
https://openalex.org/W2043081401,0168583X,Q2,,2,2,Q2,Q2
https://openalex.org/W2043121425,03048853,Q2,,2,2,Q2,Q2
https://openalex.org/W2043127118,00255408,Q2,,2,2,Q2,Q2
https://openalex.org/W2043132961,09090495,Q2,,1,1,Q1,Q1
https://openalex.org/W2043170318,01448420,Q3,,2,2,Q2,Q2
https://openalex.org/W2043170818,10946969,Q3,,3,3,Q3,Q3
https://openalex.org/W2043189302,00381098,Q1,,1,2,Q1,Q2
https://openalex.org/W2043190021,01438166,Q2,,1,1,Q1,Q1
https://openalex.org/W2043223280,07234864,Q2,,1,1,Q1,Q1
https://openalex.org/W2043230514,09259635,Q1,,1,1,Q1,Q1
https://openalex.org/W2043236713,09214526,Q2,,2,2,Q2,Q2
https://openalex.org/W2043243985,03043886,Q3,,2,2,Q2,Q2
https://openalex.org/W2043251236,0042207X,Q2,,2,2,Q2,Q2
https://openalex.org/W2043295588,00295493,Q2,,2,2,Q2,Q2
https://openalex.org/W2043336201,0167577X,Q2,,2,2,Q2,Q2
https://openalex.org/W2043360919,00220248,Q1,,2,2,Q2,Q2
https://openalex.org/W2043366422,0301679X,Q2,,1,1,Q1,Q1
https://openalex.org/W2043398630,09214534,Q2,,2,2,Q2,Q2
https://openalex.org/W2043422810,00431648,Q1,,1,1,Q1,Q1
https://openalex.org/W2043444091,00220248,Q1,,2,2,Q2,Q2
https://openalex.org/W2043478561,01694332,-,,5,5,Unranked,Unranked
https://openalex.org/W2043493337,13504487,Q2,,2,2,Q2,Q2
https://openalex.org/W2043511763,09254005,Q1,,1,1,Q1,Q1
https://openalex.org/W2043533709,01413910,Q1,,1,1,Q1,Q1
https://openalex.org/W2043544445,0301679X,Q2,,1,1,Q1,Q1
https://openalex.org/W2043578637,10741542,Q3,,3,3,Q3,Q3
https://openalex.org/W2043582275,03048853,Q2,,2,2,Q2,Q2
https://openalex.org/W2043592110,09215093,Q1,,1,1,Q1,Q1
https://openalex.org/W2043597577,00179310,Q1,,1,1,Q1,Q1
https://openalex.org/W2043599916,02731177,-,,5,5,Unranked,Unranked
https://openalex.org/W2043601896,01413910,Q1,,1,1,Q1,Q1
https://openalex.org/W2043646180,08957959,Q3,,2,2,Q2,Q2
https://openalex.org/W2043656223,0969806X,Q3,,2,2,Q2,Q2
https://openalex.org/W2043723829,0168583X,Q2,,2,2,Q2,Q2
https://openalex.org/W2043738095,0168583X,Q2,,2,2,Q2,Q2
https://openalex.org/W2043767820,0041624X,Q2,,1,1,Q1,Q1
https://openalex.org/W2043800561,00036951,Q1,,1,1,Q1,Q1
https://openalex.org/W2043815251,00255408,Q2,,2,2,Q2,Q2
https://openalex.org/W2043823137,00304018,Q1,,2,2,Q2,Q2
https://openalex.org/W2043860137,01672738,Q1,,1,1,Q1,Q1
https://openalex.org/W2043888465,00431648,Q1,,1,1,Q1,Q1
https://openalex.org/W2043901878,01694332,-,,5,5,Unranked,Unranked
https://openalex.org/W2043902072,02678292,Q2,,2,2,Q2,Q2
https://openalex.org/W2043967473,00223115,Q2,,2,2,Q2,Q2
https://openalex.org/W2044005913,14346001,Q1,,1,2,Q1,Q2
https://openalex.org/W2044019772,09574522,Q2,,2,2,Q2,Q2
https://openalex.org/W2044071913,0168583X,Q2,,2,2,Q2,Q2
https://openalex.org/W2044169958,00406090,Q2,,2,2,Q2,Q2
https://openalex.org/W2044179755,09641726,Q1,,1,1,Q1,Q1
https://openalex.org/W2044208706,00014966,Q1,,1,1,Q1,Q1
https://openalex.org/W2044212668,12900729,Q2,,1,1,Q1,Q1
https://openalex.org/W2044225838,00214922,-,,5,3,Unranked,Q3
https://openalex.org/W2044232649,09641726,Q1,,1,1,Q1,Q1
https://openalex.org/W2044266796,0168583X,Q2,,2,2,Q2,Q2
https://openalex.org/W2044280062,14639076,Q1,,1,1,Q1,Q1
https://openalex.org/W2044282068,10238883,Q2,,1,1,Q1,Q1
https://openalex.org/W2044289343,00092614,Q1,,1,1,Q1,Q1
https://openalex.org/W2044333153,09232958,Q3,,2,2,Q2,Q2
https://openalex.org/W2044338224,01672738,Q1,,1,1,Q1,Q1
https://openalex.org/W2044344196,00295515,Q1,,1,1,Q1,Q1
https://openalex.org/W2044350158,00304018,Q1,,2,2,Q2,Q2
https://openalex.org/W2044484209,1042346X,Q2,,2,2,Q2,Q2
https://openalex.org/W2044486069,09215107,Q2,,2,2,Q2,Q2
https://openalex.org/W2044495576,02578972,Q1,,1,1,Q1,Q1
https://openalex.org/W2044512884,0256307X,Q3,,3,3,Q3,Q3
https://openalex.org/W2044567729,1070664X,Q1,,1,1,Q1,Q1
https://openalex.org/W2044619291,02578972,Q1,,1,1,Q1,Q1
https://openalex.org/W2044627885,09254005,Q1,,1,1,Q1,Q1
https://openalex.org/W2044646058,00214922,-,,5,3,Unranked,Q3
https://openalex.org/W2044664769,09254005,Q1,,1,1,Q1,Q1
https://openalex.org/W2044666037,00431648,Q1,,1,1,Q1,Q1
https://openalex.org/W2044669640,00670049,Q1,,1,1,Q1,Q1
https://openalex.org/W2044684779,01694332,-,,5,5,Unranked,Unranked
https://openalex.org/W2044713689,09214534,Q2,,2,2,Q2,Q2
https://openalex.org/W2044740621,13876473,Q2,,2,2,Q2,Q2
https://openalex.org/W2044744916,02578972,Q1,,1,1,Q1,Q1
https://openalex.org/W2044750536,09650393,Q1,,1,1,Q1,Q1
https://openalex.org/W2044762723,09215093,Q1,,1,1,Q1,Q1
https://openalex.org/W2044766499,09244247,Q1,,1,1,Q1,Q1
https://openalex.org/W2044775763,03615235,Q1,,2,2,Q2,Q2
https://openalex.org/W2044800808,00223727,Q1,,1,1,Q1,Q1
https://openalex.org/W2044824135,03770257,Q1,,1,1,Q1,Q1
https://openalex.org/W2044828254,00218979,Q1,,1,1,Q1,Q1
https://openalex.org/W2044846267,09538984,Q1,,1,1,Q1,Q1
https://openalex.org/W2044852204,0022460X,Q1,,1,1,Q1,Q1
https://openalex.org/W2044880341,00218979,Q1,,1,1,Q1,Q1
https://openalex.org/W2044901118,13504177,Q1,,1,1,Q1,Q1
https://openalex.org/W2044905256,00223131,Q3,,3,3,Q3,Q3
https://openalex.org/W2044922732,00220248,Q1,,2,2,Q2,Q2
https://openalex.org/W2044975289,02731177,-,,5,5,Unranked,Unranked
https://openalex.org/W2044989557,13886150,Q3,,2,2,Q2,Q2
https://openalex.org/W2044991376,02578972,Q1,,1,1,Q1,Q1
https://openalex.org/W2045006982,09532048,Q1,,1,1,Q1,Q1
https://openalex.org/W2045022555,00218979,Q1,,1,1,Q1,Q1
https://openalex.org/W2045029943,0022460X,Q1,,1,1,Q1,Q1
https://openalex.org/W2045041839,00179310,Q1,,1,1,Q1,Q1
https://openalex.org/W2045042689,0022460X,Q1,,1,1,Q1,Q1
https://openalex.org/W2045049933,01694332,-,,5,5,Unranked,Unranked
https://openalex.org/W2045051250,09467076,Q3,,3,3,Q3,Q3
https://openalex.org/W2045091437,01694332,-,,5,5,Unranked,Unranked
https://openalex.org/W2045093704,00346748,Q1,,1,1,Q1,Q1
https://openalex.org/W2045099983,00406090,Q2,,2,2,Q2,Q2
https://openalex.org/W2045101163,0004637X,Q1,,1,1,Q1,Q1
https://openalex.org/W2045110054,00036951,Q1,,1,1,Q1,Q1
https://openalex.org/W2045143300,07342101,Q1,,2,2,Q2,Q2
https://openalex.org/W2045147839,01694332,-,,5,5,Unranked,Unranked
https://openalex.org/W2045212172,01422421,Q2,,2,2,Q2,Q2
https://openalex.org/W2045231011,0168583X,Q2,,2,2,Q2,Q2
https://openalex.org/W2045248665,00223115,Q2,,2,2,Q2,Q2
https://openalex.org/W2045271780,01457632,Q2,,2,2,Q2,Q2
https://openalex.org/W2045342053,00406031,Q2,,2,2,Q2,Q2
https://openalex.org/W2045357845,01413910,Q1,,1,1,Q1,Q1
https://openalex.org/W2045362281,01689002,Q1,,1,1,Q1,Q1
https://openalex.org/W2045422879,0350820X,Q4,,3,3,Q3,Q3
https://openalex.org/W2045424359,01469592,Q1,,1,1,Q1,Q1
https://openalex.org/W2045433571,14761122,Q1,,1,1,Q1,Q1
https://openalex.org/W2045458580,00143057,Q2,,1,1,Q1,Q1
https://openalex.org/W2045503625,07413335,Q1,,1,1,Q1,Q1
https://openalex.org/W2045559031,00406090,Q2,,2,2,Q2,Q2
https://openalex.org/W2045563884,09259635,Q1,,1,1,Q1,Q1
https://openalex.org/W2045573210,00457825,Q1,,1,1,Q1,Q1
https://openalex.org/W2045578705,02670836,Q2,,2,2,Q2,Q2
https://openalex.org/W2045581366,00112275,Q1,,2,2,Q2,Q2
https://openalex.org/W2045647812,09277757,-,,5,5,Unranked,Unranked
https://openalex.org/W2045648862,00092614,Q1,,1,1,Q1,Q1
https://openalex.org/W2045670515,09214526,Q2,,2,2,Q2,Q2
https://openalex.org/W2045683825,00223115,Q2,,2,2,Q2,Q2
https://openalex.org/W2045701913,00255408,Q2,,2,2,Q2,Q2
https://openalex.org/W2045704303,03048853,Q2,,2,2,Q2,Q2
https://openalex.org/W2045724965,01689002,Q1,,1,1,Q1,Q1
https://openalex.org/W2045730249,02578972,Q1,,1,1,Q1,Q1
https://openalex.org/W2045761804,01469592,Q1,,1,1,Q1,Q1
https://openalex.org/W2045770788,08876266,Q1,,1,1,Q1,Q1
https://openalex.org/W2045778053,13504177,Q1,,1,1,Q1,Q1
https://openalex.org/W2045802182,02632241,Q3,,2,2,Q2,Q2
https://openalex.org/W2045804762,00114626,Q3,,3,4,Q3,Q4
https://openalex.org/W2045807279,01413910,Q1,,1,1,Q1,Q1
https://openalex.org/W2045855668,01679317,Q1,,2,2,Q2,Q2
https://openalex.org/W2045887253,00220248,Q1,,2,2,Q2,Q2
https://openalex.org/W2045930316,00214922,-,,5,3,Unranked,Q3
https://openalex.org/W2045942281,00318949,Q3,,3,3,Q3,Q3
https://openalex.org/W2045960802,00431648,Q1,,1,1,Q1,Q1
https://openalex.org/W2046020228,05848547,Q1,,1,1,Q1,Q1
https://openalex.org/W2046107700,00358711,Q1,,1,1,Q1,Q1
https://openalex.org/W2046111316,00262714,Q2,,2,2,Q2,Q2
https://openalex.org/W2046182519,01677322,Q2,,2,2,Q2,Q2
https://openalex.org/W2046202463,15297853,Q3,,2,2,Q2,Q2
https://openalex.org/W2046221646,00036951,Q1,,1,1,Q1,Q1
https://openalex.org/W2046225118,12900729,Q2,,1,1,Q1,Q1
https://openalex.org/W2046241711,09215107,Q2,,2,2,Q2,Q2
https://openalex.org/W2046283758,00219614,Q2,,1,1,Q1,Q1
https://openalex.org/W2046312553,00406090,Q2,,2,2,Q2,Q2
https://openalex.org/W2046343512,0167577X,Q2,,2,2,Q2,Q2
https://openalex.org/W2046349296,03615235,Q1,,2,2,Q2,Q2
https://openalex.org/W2046360212,15989623,Q3,,2,2,Q2,Q2
https://openalex.org/W2046401826,09574522,Q2,,2,2,Q2,Q2
https://openalex.org/W2046409942,00223093,Q1,,2,2,Q2,Q2
https://openalex.org/W2046421922,01672738,Q1,,1,1,Q1,Q1
https://openalex.org/W2046428693,09244247,Q1,,1,1,Q1,Q1
https://openalex.org/W2046431348,00223115,Q2,,2,2,Q2,Q2
https://openalex.org/W2046435456,00406090,Q2,,2,2,Q2,Q2
https://openalex.org/W2046501452,01413910,Q1,,1,1,Q1,Q1
https://openalex.org/W2046512008,00406090,Q2,,2,2,Q2,Q2
https://openalex.org/W2046540109,01469592,Q1,,1,1,Q1,Q1
https://openalex.org/W2046541974,00143057,Q2,,1,1,Q1,Q1
https://openalex.org/W2046548678,01689002,Q1,,1,1,Q1,Q1
https://openalex.org/W2046556717,0969806X,Q3,,2,2,Q2,Q2
https://openalex.org/W2046557673,03615235,Q1,,2,2,Q2,Q2
https://openalex.org/W2046574871,10944087,Q1,,1,1,Q1,Q1
https://openalex.org/W2046644477,0042207X,Q2,,2,2,Q2,Q2
https://openalex.org/W2046653150,00304018,Q1,,2,2,Q2,Q2
https://openalex.org/W2046681961,03048853,Q2,,2,2,Q2,Q2
https://openalex.org/W2046693208,00223115,Q2,,2,2,Q2,Q2
https://openalex.org/W2046709975,00134651,Q1,,1,1,Q1,Q1
https://openalex.org/W2046745242,01438166,Q2,,1,1,Q1,Q1
https://openalex.org/W2046761693,10637834,Q3,,3,3,Q3,Q3
https://openalex.org/W2046762144,01679317,Q1,,2,2,Q2,Q2
https://openalex.org/W2046798514,00207403,Q1,,1,1,Q1,Q1
https://openalex.org/W2046800161,00406031,Q2,,2,2,Q2,Q2
https://openalex.org/W2046800625,03048853,Q2,,2,2,Q2,Q2
https://openalex.org/W2046805284,02578972,Q1,,1,1,Q1,Q1
https://openalex.org/W2046865317,00036951,Q1,,1,1,Q1,Q1
https://openalex.org/W2046867523,03615235,Q1,,2,2,Q2,Q2
https://openalex.org/W2046907946,00223115,Q2,,2,2,Q2,Q2
https://openalex.org/W2046951692,09214534,Q2,,2,2,Q2,Q2
https://openalex.org/W2046960270,02578972,Q1,,1,1,Q1,Q1
https://openalex.org/W2046973959,01413910,Q1,,1,1,Q1,Q1
https://openalex.org/W2047066516,00036951,Q1,,1,1,Q1,Q1
https://openalex.org/W2047131860,01689002,Q1,,1,1,Q1,Q1
https://openalex.org/W2047134067,14761122,Q1,,1,1,Q1,Q1
https://openalex.org/W2047158255,01679317,Q1,,2,2,Q2,Q2
https://openalex.org/W2047168861,13886150,Q3,,2,2,Q2,Q2
https://openalex.org/W2047179789,00346748,Q1,,1,1,Q1,Q1
https://openalex.org/W2047223247,00214922,-,,5,3,Unranked,Q3
https://openalex.org/W2047284113,00220434,Q2,,2,2,Q2,Q2
https://openalex.org/W2047332035,00381101,Q2,,2,2,Q2,Q2
https://openalex.org/W2047346815,00319015,Q1,,1,1,Q1,Q1
https://openalex.org/W2047347910,00381101,Q2,,2,2,Q2,Q2
https://openalex.org/W2047358020,00346748,Q1,,1,1,Q1,Q1
https://openalex.org/W2047368343,09254005,Q1,,1,1,Q1,Q1
https://openalex.org/W2047369893,02540584,Q2,,2,2,Q2,Q2
https://openalex.org/W2047376149,13672630,Q1,,1,1,Q1,Q1
https://openalex.org/W2047422969,09277757,-,,5,5,Unranked,Unranked
https://openalex.org/W2047428733,09698043,Q1,,2,2,Q2,Q2
https://openalex.org/W2047438302,00218979,Q1,,1,1,Q1,Q1
https://openalex.org/W2047440981,0167577X,Q2,,2,2,Q2,Q2
https://openalex.org/W2047470491,14394235,Q1,,1,1,Q1,Q1
https://openalex.org/W2047477992,01694332,-,,5,5,Unranked,Unranked
https://openalex.org/W2047478246,02681242,Q1,,1,1,Q1,Q1
https://openalex.org/W2047495192,0042207X,Q2,,2,2,Q2,Q2
https://openalex.org/W2047506253,08952477,Q2,,3,3,Q3,Q3
https://openalex.org/W2047507593,00381098,Q1,,1,2,Q1,Q2
https://openalex.org/W2047517083,09574522,Q2,,2,2,Q2,Q2
https://openalex.org/W2047568851,10980121,Q1,,1,1,Q1,Q1
https://openalex.org/W2047652367,01672738,Q1,,1,1,Q1,Q1
https://openalex.org/W2047681004,01469592,Q1,,1,1,Q1,Q1
https://openalex.org/W2047701345,00223093,Q1,,2,2,Q2,Q2
https://openalex.org/W2047769589,01469592,Q1,,1,1,Q1,Q1
https://openalex.org/W2047788204,09641726,Q1,,1,1,Q1,Q1
https://openalex.org/W2047798674,15287483,Q1,,1,1,Q1,Q1
https://openalex.org/W2047812281,09214534,Q2,,2,2,Q2,Q2
https://openalex.org/W2047824250,13697021,Q2,,1,1,Q1,Q1
https://openalex.org/W2047832631,00214922,-,,5,3,Unranked,Q3
https://openalex.org/W2047834979,10735615,Q1,,1,1,Q1,Q1
https://openalex.org/W2047844505,09259635,Q1,,1,1,Q1,Q1
https://openalex.org/W2047851121,10400400,Q3,,3,3,Q3,Q3
https://openalex.org/W2047851816,07342101,Q1,,2,2,Q2,Q2
https://openalex.org/W2047867679,00913286,Q2,,2,2,Q2,Q2
https://openalex.org/W2047882353,1546542X,-,,2,2,Q2,Q2
https://openalex.org/W2047887156,02540584,Q2,,2,2,Q2,Q2
https://openalex.org/W2047909616,00220248,Q1,,2,2,Q2,Q2
https://openalex.org/W2047929402,01679317,Q1,,2,2,Q2,Q2
https://openalex.org/W2047936816,09698043,Q1,,2,2,Q2,Q2
https://openalex.org/W2047939155,00214922,-,,5,3,Unranked,Q3
https://openalex.org/W2047960727,00036951,Q1,,1,1,Q1,Q1
https://openalex.org/W2047991286,09254005,Q1,,1,1,Q1,Q1
https://openalex.org/W2048031087,13504177,Q1,,1,1,Q1,Q1
https://openalex.org/W2048035266,01422421,Q2,,2,2,Q2,Q2
https://openalex.org/W2048043687,00134651,Q1,,1,1,Q1,Q1
https://openalex.org/W2048059430,01438166,Q2,,1,1,Q1,Q1
https://openalex.org/W2048064556,00218979,Q1,,1,1,Q1,Q1
https://openalex.org/W2048073103,00014966,Q1,,1,1,Q1,Q1
https://openalex.org/W2048113522,07413335,Q1,,1,1,Q1,Q1
https://openalex.org/W2048121689,00214922,-,,5,3,Unranked,Q3
https://openalex.org/W2048163723,09215107,Q2,,2,2,Q2,Q2
https://openalex.org/W2048171087,01469592,Q1,,1,1,Q1,Q1
https://openalex.org/W2048207682,03048853,Q2,,2,2,Q2,Q2
https://openalex.org/W2048246719,02731177,-,,5,5,Unranked,Unranked
https://openalex.org/W2048257224,13873806,Q1,,1,1,Q1,Q1
https://openalex.org/W2048261262,01700839,Q2,,2,2,Q2,Q2
https://openalex.org/W2048267229,10709622,Q3,,3,3,Q3,Q3
https://openalex.org/W2048303125,02670836,Q2,,2,2,Q2,Q2
https://openalex.org/W2048313079,00224596,Q2,,2,2,Q2,Q2
https://openalex.org/W2048364338,00223115,Q2,,2,2,Q2,Q2
https://openalex.org/W2048376067,01469592,Q1,,1,1,Q1,Q1
https://openalex.org/W2048381573,09205071,Q2,,3,3,Q3,Q3
https://openalex.org/W2048392047,03048853,Q2,,2,2,Q2,Q2
https://openalex.org/W2048415318,08968446,Q1,,1,1,Q1,Q1
https://openalex.org/W2048440440,01694332,-,,5,5,Unranked,Unranked
https://openalex.org/W2048464293,01438166,Q2,,1,1,Q1,Q1
https://openalex.org/W2048477820,03048853,Q2,,2,2,Q2,Q2
https://openalex.org/W2048495677,03048853,Q2,,2,2,Q2,Q2
https://openalex.org/W2048504398,0301679X,Q2,,1,1,Q1,Q1
https://openalex.org/W2048510487,09379347,Q3,,3,3,Q3,Q3
https://openalex.org/W2048512167,0168583X,Q2,,2,2,Q2,Q2
https://openalex.org/W2048531390,00304018,Q1,,2,2,Q2,Q2
https://openalex.org/W2048543264,00319007,Q1,,1,1,Q1,Q1
https://openalex.org/W2048622266,00036951,Q1,,1,1,Q1,Q1
https://openalex.org/W2048622693,00222313,Q1,,2,2,Q2,Q2
https://openalex.org/W2048632879,13504495,Q2,,2,2,Q2,Q2
https://openalex.org/W2048719990,13861425,Q2,,2,2,Q2,Q2
https://openalex.org/W2048721745,00431648,Q1,,1,1,Q1,Q1
https://openalex.org/W2048724053,00046256,Q1,,1,1,Q1,Q1
https://openalex.org/W2048755628,01694332,-,,5,5,Unranked,Unranked
https://openalex.org/W2048806075,01413910,Q1,,1,1,Q1,Q1
https://openalex.org/W2048848279,00381101,Q2,,2,2,Q2,Q2
https://openalex.org/W2048877655,03048853,Q2,,2,2,Q2,Q2
https://openalex.org/W2048920792,09215093,Q1,,1,1,Q1,Q1
https://openalex.org/W2048949653,09570233,Q1,,1,1,Q1,Q1
https://openalex.org/W2049015318,0167577X,Q2,,2,2,Q2,Q2
https://openalex.org/W2049022183,01689002,Q1,,1,1,Q1,Q1
https://openalex.org/W2049027774,13886150,Q3,,2,2,Q2,Q2
https://openalex.org/W2049057159,00406090,Q2,,2,2,Q2,Q2
https://openalex.org/W2049132891,00220248,Q1,,2,2,Q2,Q2
https://openalex.org/W2049142540,13438875,Q3,,3,3,Q3,Q3
https://openalex.org/W2049156470,02578972,Q1,,1,1,Q1,Q1
https://openalex.org/W2049208768,09244247,Q1,,1,1,Q1,Q1
https://openalex.org/W2049214686,03682048,Q1,,1,1,Q1,Q1
https://openalex.org/W2049228984,0167577X,Q2,,2,2,Q2,Q2
https://openalex.org/W2049234337,00303992,Q2,,2,2,Q2,Q2
https://openalex.org/W2049259509,00220248,Q1,,2,2,Q2,Q2
https://openalex.org/W2049275588,1068820X,Q4,,4,4,Q4,Q4
https://openalex.org/W2049295367,15671739,Q2,,2,2,Q2,Q2
https://openalex.org/W2049299105,09335137,Q3,,3,3,Q3,Q3
https://openalex.org/W2049303490,00029505,Q2,,2,2,Q2,Q2
https://openalex.org/W2049319525,01689002,Q1,,1,1,Q1,Q1
https://openalex.org/W2049443774,02630346,Q2,,1,2,Q1,Q2
https://openalex.org/W2049465314,01694332,-,,5,5,Unranked,Unranked
https://openalex.org/W2049508707,09215093,Q1,,1,1,Q1,Q1
https://openalex.org/W2049545875,09215093,Q1,,1,1,Q1,Q1
https://openalex.org/W2049549618,09215107,Q2,,2,2,Q2,Q2
https://openalex.org/W2049555392,0969806X,Q3,,2,2,Q2,Q2
https://openalex.org/W2049575973,02578972,Q1,,1,1,Q1,Q1
https://openalex.org/W2049589996,01422421,Q2,,2,2,Q2,Q2
https://openalex.org/W2049613423,00380946,Q4,,3,3,Q3,Q3
https://openalex.org/W2049621032,02540584,Q2,,2,2,Q2,Q2
https://openalex.org/W2049631960,02578972,Q1,,1,1,Q1,Q1
https://openalex.org/W2049644118,03796779,Q2,,2,2,Q2,Q2
https://openalex.org/W2049647433,03701972,Q2,,2,2,Q2,Q2
https://openalex.org/W2049682877,00220248,Q1,,2,2,Q2,Q2
https://openalex.org/W2049691908,00319104,Q3,,3,3,Q3,Q3
https://openalex.org/W2049703964,0167577X,Q2,,2,2,Q2,Q2
https://openalex.org/W2049709928,09215093,Q1,,1,1,Q1,Q1
https://openalex.org/W2049727140,10637826,Q3,,3,3,Q3,Q3
https://openalex.org/W2049737660,07496036,Q3,,2,2,Q2,Q2
https://openalex.org/W2049739057,10944087,Q1,,1,1,Q1,Q1
https://openalex.org/W2049742885,15306984,Q1,,1,1,Q1,Q1
https://openalex.org/W2049776283,00406090,Q2,,2,2,Q2,Q2
https://openalex.org/W2049821127,02630346,Q2,,1,2,Q1,Q2
https://openalex.org/W2049830748,00214922,-,,5,3,Unranked,Q3
https://openalex.org/W2049837416,02540584,Q2,,2,2,Q2,Q2
https://openalex.org/W2049901440,0167577X,Q2,,2,2,Q2,Q2
https://openalex.org/W2049950497,09641726,Q1,,1,1,Q1,Q1
https://openalex.org/W2049973689,00381101,Q2,,2,2,Q2,Q2
https://openalex.org/W2049995771,01689002,Q1,,1,1,Q1,Q1
https://openalex.org/W2050011712,01413910,Q1,,1,1,Q1,Q1
https://openalex.org/W2050018238,02670844,Q3,,3,3,Q3,Q3
https://openalex.org/W2050022490,00218979,Q1,,1,1,Q1,Q1
https://openalex.org/W2050023060,09270256,Q2,,1,1,Q1,Q1
https://openalex.org/W2050039952,09244247,Q1,,1,1,Q1,Q1
https://openalex.org/W2050087788,07437463,Q1,,1,1,Q1,Q1
https://openalex.org/W2050108301,00036951,Q1,,1,1,Q1,Q1
https://openalex.org/W2050123835,0969806X,Q3,,2,2,Q2,Q2
https://openalex.org/W2050159812,00406090,Q2,,2,2,Q2,Q2
https://openalex.org/W2050166677,09254005,Q1,,1,1,Q1,Q1
https://openalex.org/W2050242627,02578972,Q1,,1,1,Q1,Q1
https://openalex.org/W2050296112,00381101,Q2,,2,2,Q2,Q2
https://openalex.org/W2050298883,09698043,Q1,,2,2,Q2,Q2
https://openalex.org/W2050314583,00262714,Q2,,2,2,Q2,Q2
https://openalex.org/W2050353107,00223115,Q2,,2,2,Q2,Q2
https://openalex.org/W2050369652,02681242,Q1,,1,1,Q1,Q1
https://openalex.org/W2050373261,13886150,Q3,,2,2,Q2,Q2
https://openalex.org/W2050380148,13596462,Q1,,1,1,Q1,Q1
https://openalex.org/W2050381270,10980121,Q1,,1,1,Q1,Q1
https://openalex.org/W2050394669,01689002,Q1,,1,1,Q1,Q1
https://openalex.org/W2050395743,00223093,Q1,,2,2,Q2,Q2
https://openalex.org/W2050398580,03796779,Q2,,2,2,Q2,Q2
https://openalex.org/W2050403980,00222348,Q2,,3,3,Q3,Q3
https://openalex.org/W2050413341,01679317,Q1,,2,2,Q2,Q2
https://openalex.org/W2050439704,00346748,Q1,,1,1,Q1,Q1
https://openalex.org/W2050440292,01694332,-,,5,5,Unranked,Unranked
https://openalex.org/W2050470329,00223115,Q2,,2,2,Q2,Q2
https://openalex.org/W2050470816,00933813,Q2,,2,2,Q2,Q2
https://openalex.org/W2050508093,03048853,Q2,,2,2,Q2,Q2
https://openalex.org/W2050549953,01694332,-,,5,5,Unranked,Unranked
https://openalex.org/W2050608355,13504495,Q2,,2,2,Q2,Q2
https://openalex.org/W2050647362,00134651,Q1,,1,1,Q1,Q1
https://openalex.org/W2050664219,09253467,Q2,,2,2,Q2,Q2
https://openalex.org/W2050676929,09244247,Q1,,1,1,Q1,Q1
https://openalex.org/W2050733494,19325150,Q2,,3,3,Q3,Q3
https://openalex.org/W2050753688,09215093,Q1,,1,1,Q1,Q1
https://openalex.org/W2050775889,00406090,Q2,,2,2,Q2,Q2
https://openalex.org/W2050781105,09215093,Q1,,1,1,Q1,Q1
https://openalex.org/W2050875056,09214526,Q2,,2,2,Q2,Q2
https://openalex.org/W2050891825,0168583X,Q2,,2,2,Q2,Q2
https://openalex.org/W2050900122,00223115,Q2,,2,2,Q2,Q2
https://openalex.org/W2050903427,00406090,Q2,,2,2,Q2,Q2
https://openalex.org/W2050920231,00262714,Q2,,2,2,Q2,Q2
https://openalex.org/W2050933569,0969806X,Q3,,2,2,Q2,Q2
https://openalex.org/W2051010565,00222291,Q1,,2,2,Q2,Q2
https://openalex.org/W2051018739,02670836,Q2,,2,2,Q2,Q2
https://openalex.org/W2051036599,00218979,Q1,,1,1,Q1,Q1
https://openalex.org/W2051039366,0167577X,Q2,,2,2,Q2,Q2
https://openalex.org/W2051069966,00220248,Q1,,2,2,Q2,Q2
https://openalex.org/W2051129275,10179909,Q3,,3,3,Q3,Q3
https://openalex.org/W2051135743,01469592,Q1,,1,1,Q1,Q1
https://openalex.org/W2051144451,13869477,Q2,,2,2,Q2,Q2
https://openalex.org/W2051145362,00223115,Q2,,2,2,Q2,Q2
https://openalex.org/W2051187617,01694332,-,,5,5,Unranked,Unranked
https://openalex.org/W2051198730,07437463,Q1,,1,1,Q1,Q1
https://openalex.org/W2051240229,00406031,Q2,,2,2,Q2,Q2
https://openalex.org/W2051265170,00406090,Q2,,2,2,Q2,Q2
https://openalex.org/W2051280366,09214534,Q2,,2,2,Q2,Q2
https://openalex.org/W2051295812,00406090,Q2,,2,2,Q2,Q2
https://openalex.org/W2051304203,00796816,Q1,,1,1,Q1,Q1
https://openalex.org/W2051307870,0042207X,Q2,,2,2,Q2,Q2
https://openalex.org/W2051321860,02632241,Q3,,2,2,Q2,Q2
https://openalex.org/W2051328807,15287483,Q1,,1,1,Q1,Q1
https://openalex.org/W2051337816,02321300,Q3,,3,3,Q3,Q3
https://openalex.org/W2051370108,09259635,Q1,,1,1,Q1,Q1
https://openalex.org/W2051378339,1387974X,Q2,,3,3,Q3,Q3
https://openalex.org/W2051484756,01694332,-,,5,5,Unranked,Unranked
https://openalex.org/W2051487306,0004637X,Q1,,1,1,Q1,Q1
https://openalex.org/W2051489295,00220248,Q1,,2,2,Q2,Q2
https://openalex.org/W2051520127,01672738,Q1,,1,1,Q1,Q1
https://openalex.org/W2051580541,00406031,Q2,,2,2,Q2,Q2
https://openalex.org/W2051583706,00223115,Q2,,2,2,Q2,Q2
https://openalex.org/W2051589013,02630346,Q2,,1,2,Q1,Q2
https://openalex.org/W2051658650,09462171,Q1,,1,1,Q1,Q1
https://openalex.org/W2051664837,09534075,Q1,,1,1,Q1,Q1
https://openalex.org/W2051670586,1068820X,Q4,,4,4,Q4,Q4
https://openalex.org/W2051696828,10637729,Q3,,3,3,Q3,Q3
https://openalex.org/W2051759825,00381101,Q2,,2,2,Q2,Q2
https://openalex.org/W2051826263,0018926X,Q1,,1,1,Q1,Q1
https://openalex.org/W2051826609,03048853,Q2,,2,2,Q2,Q2
https://openalex.org/W2051830418,00319104,Q3,,3,3,Q3,Q3
https://openalex.org/W2051834928,13590294,Q1,,1,1,Q1,Q1
https://openalex.org/W2051841889,00222313,Q1,,2,2,Q2,Q2
https://openalex.org/W2051872511,09259635,Q1,,1,1,Q1,Q1
https://openalex.org/W2051919043,01004670,Q4,,4,4,Q4,Q4
https://openalex.org/W2051928860,02578972,Q1,,1,1,Q1,Q1
https://openalex.org/W2051949853,03048853,Q2,,2,2,Q2,Q2
https://openalex.org/W2051969785,09254005,Q1,,1,1,Q1,Q1
https://openalex.org/W2051992188,01694332,-,,5,5,Unranked,Unranked
https://openalex.org/W2051994373,13886150,Q3,,2,2,Q2,Q2
https://openalex.org/W2052009153,03048853,Q2,,2,2,Q2,Q2
https://openalex.org/W2052044855,00214922,-,,5,3,Unranked,Q3
https://openalex.org/W2052062564,10411135,Q1,,1,1,Q1,Q1
https://openalex.org/W2052080707,01694332,-,,5,5,Unranked,Unranked
https://openalex.org/W2052102973,00346748,Q1,,1,1,Q1,Q1
https://openalex.org/W2052114723,00406090,Q2,,2,2,Q2,Q2
https://openalex.org/W2052146785,09214534,Q2,,2,2,Q2,Q2
https://openalex.org/W2052257873,07342101,Q1,,2,2,Q2,Q2
https://openalex.org/W2052274055,02578972,Q1,,1,1,Q1,Q1
https://openalex.org/W2052275065,09214526,Q2,,2,2,Q2,Q2
https://openalex.org/W2052289884,00014966,Q1,,1,1,Q1,Q1
https://openalex.org/W2052308106,00214922,-,,5,3,Unranked,Q3
https://openalex.org/W2052314319,09244247,Q1,,1,1,Q1,Q1
https://openalex.org/W2052322417,09538984,Q1,,1,1,Q1,Q1
https://openalex.org/W2052323447,00112275,Q1,,2,2,Q2,Q2
https://openalex.org/W2052344985,00346748,Q1,,1,1,Q1,Q1
https://openalex.org/W2052367290,01469592,Q1,,1,1,Q1,Q1
https://openalex.org/W2052370558,03603016,Q1,,1,1,Q1,Q1
https://openalex.org/W2052371168,10221352,Q1,,1,1,Q1,Q1
https://openalex.org/W2052371446,09500340,Q2,,2,2,Q2,Q2
https://openalex.org/W2052391856,00218979,Q1,,1,1,Q1,Q1
https://openalex.org/W2052396345,03068919,Q2,,3,3,Q3,Q3
https://openalex.org/W2052408803,02670844,Q3,,3,3,Q3,Q3
https://openalex.org/W2052426117,00318949,Q3,,3,3,Q3,Q3
https://openalex.org/W2052433093,08952477,Q2,,3,3,Q3,Q3
https://openalex.org/W2052436763,03759474,Q1,,1,1,Q1,Q1
https://openalex.org/W2052441578,09462171,Q1,,1,1,Q1,Q1
https://openalex.org/W2052467619,0301679X,Q2,,1,1,Q1,Q1
https://openalex.org/W2052471991,09254005,Q1,,1,1,Q1,Q1
https://openalex.org/W2052482748,01694332,-,,5,5,Unranked,Unranked
https://openalex.org/W2052546058,00346748,Q1,,1,1,Q1,Q1
https://openalex.org/W2052599429,13873806,Q1,,1,1,Q1,Q1
https://openalex.org/W2052603397,01689002,Q1,,1,1,Q1,Q1
https://openalex.org/W2052607875,02540584,Q2,,2,2,Q2,Q2
https://openalex.org/W2052631418,00380938,Q2,,2,2,Q2,Q2
https://openalex.org/W2052664044,00112275,Q1,,2,2,Q2,Q2
https://openalex.org/W2052695701,09379347,Q3,,3,3,Q3,Q3
https://openalex.org/W2052696411,00346748,Q1,,1,1,Q1,Q1
https://openalex.org/W2052736029,09379347,Q3,,3,3,Q3,Q3
https://openalex.org/W2052758097,00036951,Q1,,1,1,Q1,Q1
https://openalex.org/W2052816072,03048853,Q2,,2,2,Q2,Q2
https://openalex.org/W2052816345,07437463,Q1,,1,1,Q1,Q1
https://openalex.org/W2052843704,10944087,Q1,,1,1,Q1,Q1
https://openalex.org/W2052846263,0167577X,Q2,,2,2,Q2,Q2
https://openalex.org/W2052851012,02578972,Q1,,1,1,Q1,Q1
https://openalex.org/W2052851480,09254005,Q1,,1,1,Q1,Q1
https://openalex.org/W2052884269,09698043,Q1,,2,2,Q2,Q2
https://openalex.org/W2052908004,01469592,Q1,,1,1,Q1,Q1
https://openalex.org/W2052920521,00387010,Q3,,3,3,Q3,Q3
https://openalex.org/W2052926308,01413910,Q1,,1,1,Q1,Q1
https://openalex.org/W2052935118,00304018,Q1,,2,2,Q2,Q2
https://openalex.org/W2052942271,13504487,Q2,,2,2,Q2,Q2
https://openalex.org/W2052964683,13596462,Q1,,1,1,Q1,Q1
https://openalex.org/W2052973229,00220434,Q2,,2,2,Q2,Q2
https://openalex.org/W2052983175,03048853,Q2,,2,2,Q2,Q2
https://openalex.org/W2052993039,01677322,Q2,,2,2,Q2,Q2
https://openalex.org/W2052999134,02955075,Q1,,2,2,Q2,Q2
https://openalex.org/W2053022976,0041624X,Q2,,1,1,Q1,Q1
https://openalex.org/W2053037799,00220248,Q1,,2,2,Q2,Q2
https://openalex.org/W2053139295,09277765,Q3,,1,1,Q1,Q1
https://openalex.org/W2053139801,01689002,Q1,,1,1,Q1,Q1
https://openalex.org/W2053151289,00109525,Q4,,4,4,Q4,Q4
https://openalex.org/W2053174876,0167577X,Q2,,2,2,Q2,Q2
https://openalex.org/W2053176753,00214922,-,,5,3,Unranked,Q3
https://openalex.org/W2053180128,09090495,Q2,,1,1,Q1,Q1
https://openalex.org/W2053186614,02731177,-,,5,5,Unranked,Unranked
https://openalex.org/W2053188046,00092614,Q1,,1,1,Q1,Q1
https://openalex.org/W2053192327,03048853,Q2,,2,2,Q2,Q2
https://openalex.org/W2053207179,09215093,Q1,,1,1,Q1,Q1
https://openalex.org/W2053272809,0168583X,Q2,,2,2,Q2,Q2
https://openalex.org/W2053273370,0195928X,Q2,,3,3,Q3,Q3
https://openalex.org/W2053292199,09467076,Q3,,3,3,Q3,Q3
https://openalex.org/W2053325453,09570233,Q1,,1,1,Q1,Q1
https://openalex.org/W2053354363,00223093,Q1,,2,2,Q2,Q2
https://openalex.org/W2053356477,09254005,Q1,,1,1,Q1,Q1
https://openalex.org/W2053369391,00796700,Q1,,1,1,Q1,Q1
https://openalex.org/W2053370043,00223115,Q2,,2,2,Q2,Q2
https://openalex.org/W2053405191,13698001,Q2,,2,2,Q2,Q2
https://openalex.org/W2053437926,00319007,Q1,,1,1,Q1,Q1
https://openalex.org/W2053443646,00346748,Q1,,1,1,Q1,Q1
https://openalex.org/W2053450195,00406090,Q2,,2,2,Q2,Q2
https://openalex.org/W2053491109,00046256,Q1,,1,1,Q1,Q1
https://openalex.org/W2053567487,03759601,Q2,,2,2,Q2,Q2
https://openalex.org/W2053586448,09214534,Q2,,2,2,Q2,Q2
https://openalex.org/W2053595032,00406090,Q2,,2,2,Q2,Q2
https://openalex.org/W2053618601,00346748,Q1,,1,1,Q1,Q1
https://openalex.org/W2053624516,0168583X,Q2,,2,2,Q2,Q2
https://openalex.org/W2053632867,09214526,Q2,,2,2,Q2,Q2
https://openalex.org/W2053643096,13504487,Q2,,2,2,Q2,Q2
https://openalex.org/W2053645648,00214922,-,,5,3,Unranked,Q3
https://openalex.org/W2053664219,0030400X,Q3,,3,3,Q3,Q3
https://openalex.org/W2053708906,03048853,Q2,,2,2,Q2,Q2
https://openalex.org/W2053733176,09253467,Q2,,2,2,Q2,Q2
https://openalex.org/W2053820783,14690667,Q3,,2,2,Q2,Q2
https://openalex.org/W2053848410,0256307X,Q3,,3,3,Q3,Q3
https://openalex.org/W2053857025,00380938,Q2,,2,2,Q2,Q2
https://openalex.org/W2053857401,13698001,Q2,,2,2,Q2,Q2
https://openalex.org/W2053893011,00295493,Q2,,2,2,Q2,Q2
https://openalex.org/W2053915652,01469592,Q1,,1,1,Q1,Q1
https://openalex.org/W2053940608,01469592,Q1,,1,1,Q1,Q1
https://openalex.org/W2053941193,09600779,-,,5,5,Unranked,Unranked
https://openalex.org/W2053942657,0167577X,Q2,,2,2,Q2,Q2
https://openalex.org/W2054009924,13861425,Q2,,2,2,Q2,Q2
https://openalex.org/W2054018666,00318949,Q3,,3,3,Q3,Q3
https://openalex.org/W2054022676,0167577X,Q2,,2,2,Q2,Q2
https://openalex.org/W2054030378,12860042,Q2,,2,2,Q2,Q2
https://openalex.org/W2054039184,00036951,Q1,,1,1,Q1,Q1
https://openalex.org/W2054053623,00346748,Q1,,1,1,Q1,Q1
https://openalex.org/W2054061617,09244247,Q1,,1,1,Q1,Q1
https://openalex.org/W2054079395,02670836,Q2,,2,2,Q2,Q2
https://openalex.org/W2054104455,01689002,Q1,,1,1,Q1,Q1
https://openalex.org/W2054124916,09215093,Q1,,1,1,Q1,Q1
https://openalex.org/W2054188671,09638695,Q2,,1,1,Q1,Q1
https://openalex.org/W2054208058,09215107,Q2,,2,2,Q2,Q2
https://openalex.org/W2054210025,09214534,Q2,,2,2,Q2,Q2
https://openalex.org/W2054290933,08837694,Q1,,1,1,Q1,Q1
https://openalex.org/W2054337159,03048853,Q2,,2,2,Q2,Q2
https://openalex.org/W2054343840,02649381,Q1,,1,1,Q1,Q1
https://openalex.org/W2054365545,07424787,Q1,,2,2,Q2,Q2
https://openalex.org/W2054372654,15311309,Q1,,1,1,Q1,Q1
https://openalex.org/W2054380061,00406090,Q2,,2,2,Q2,Q2
https://openalex.org/W2054407221,07437463,Q1,,1,1,Q1,Q1
https://openalex.org/W2054442161,00143057,Q2,,1,1,Q1,Q1
https://openalex.org/W2054451186,13438875,Q3,,3,3,Q3,Q3
https://openalex.org/W2054465074,13438875,Q3,,3,3,Q3,Q3
https://openalex.org/W2054483166,01679317,Q1,,2,2,Q2,Q2
https://openalex.org/W2054509826,09214534,Q2,,2,2,Q2,Q2
https://openalex.org/W2054528589,0301679X,Q2,,1,1,Q1,Q1
https://openalex.org/W2054587513,10735623,Q1,,1,1,Q1,Q1
https://openalex.org/W2054602567,01469592,Q1,,1,1,Q1,Q1
https://openalex.org/W2054602857,09254005,Q1,,1,1,Q1,Q1
https://openalex.org/W2054630145,02731177,-,,5,5,Unranked,Unranked
https://openalex.org/W2054640226,00143057,Q2,,1,1,Q1,Q1
https://openalex.org/W2054640250,09214526,Q2,,2,2,Q2,Q2
https://openalex.org/W2054645040,01694332,-,,5,5,Unranked,Unranked
https://openalex.org/W2054653408,00406090,Q2,,2,2,Q2,Q2
https://openalex.org/W2054679804,0301679X,Q2,,1,1,Q1,Q1
https://openalex.org/W2054689886,02540584,Q2,,2,2,Q2,Q2
https://openalex.org/W2054691195,09244247,Q1,,1,1,Q1,Q1
https://openalex.org/W2054693968,13861425,Q2,,2,2,Q2,Q2
https://openalex.org/W2054757495,09215093,Q1,,1,1,Q1,Q1
https://openalex.org/W2054760546,00406090,Q2,,2,2,Q2,Q2
https://openalex.org/W2054764759,00223115,Q2,,2,2,Q2,Q2
https://openalex.org/W2054768239,03048853,Q2,,2,2,Q2,Q2
https://openalex.org/W2054789768,09214526,Q2,,2,2,Q2,Q2
https://openalex.org/W2054815747,01689002,Q1,,1,1,Q1,Q1
https://openalex.org/W2054818108,09214526,Q2,,2,2,Q2,Q2
https://openalex.org/W2054826369,0167577X,Q2,,2,2,Q2,Q2
https://openalex.org/W2054882020,00214922,-,,5,3,Unranked,Q3
https://openalex.org/W2054891174,10221352,Q1,,1,1,Q1,Q1
https://openalex.org/W2054901653,01676636,Q1,,1,1,Q1,Q1
https://openalex.org/W2054950764,12900729,Q2,,1,1,Q1,Q1
https://openalex.org/W2054951604,10944087,Q1,,1,1,Q1,Q1
https://openalex.org/W2054968453,03796779,Q2,,2,2,Q2,Q2
https://openalex.org/W2054985405,01694332,-,,5,5,Unranked,Unranked
https://openalex.org/W2055048832,01413910,Q1,,1,1,Q1,Q1
https://openalex.org/W2055057073,07342101,Q1,,2,2,Q2,Q2
https://openalex.org/W2055076893,09244247,Q1,,1,1,Q1,Q1
https://openalex.org/W2055114133,09215093,Q1,,1,1,Q1,Q1
https://openalex.org/W2055166488,09244247,Q1,,1,1,Q1,Q1
https://openalex.org/W2055180672,00346748,Q1,,1,1,Q1,Q1
https://openalex.org/W2055180874,0168583X,Q2,,2,2,Q2,Q2
https://openalex.org/W2055187674,03043843,Q3,,3,3,Q3,Q3
https://openalex.org/W2055206109,0301679X,Q2,,1,1,Q1,Q1
https://openalex.org/W2055222462,10980121,Q1,,1,1,Q1,Q1
https://openalex.org/W2055226067,00318655,-,,5,5,Unranked,Unranked
https://openalex.org/W2055246030,0168583X,Q2,,2,2,Q2,Q2
https://openalex.org/W2055261628,03603199,Q1,,1,1,Q1,Q1
https://openalex.org/W2055303866,00214922,-,,5,3,Unranked,Q3
https://openalex.org/W2055307049,0142727X,Q1,,1,1,Q1,Q1
https://openalex.org/W2055307846,15306984,Q1,,1,1,Q1,Q1
https://openalex.org/W2055318287,00224596,Q2,,2,2,Q2,Q2
https://openalex.org/W2055319400,0168583X,Q2,,2,2,Q2,Q2
https://openalex.org/W2055322472,0018926X,Q1,,1,1,Q1,Q1
https://openalex.org/W2055346483,03048853,Q2,,2,2,Q2,Q2
https://openalex.org/W2055384254,02540584,Q2,,2,2,Q2,Q2
https://openalex.org/W2055425492,01413910,Q1,,1,1,Q1,Q1
https://openalex.org/W2055437022,0301679X,Q2,,1,1,Q1,Q1
https://openalex.org/W2055480851,03044289,Q4,,3,3,Q3,Q3
https://openalex.org/W2055497894,00219614,Q2,,1,1,Q1,Q1
https://openalex.org/W2055508681,1059910X,Q1,,2,2,Q2,Q2
https://openalex.org/W2055513433,02955075,Q1,,2,2,Q2,Q2
https://openalex.org/W2055538364,03615235,Q1,,2,2,Q2,Q2
https://openalex.org/W2055545994,01694332,-,,5,5,Unranked,Unranked
https://openalex.org/W2055548056,00220248,Q1,,2,2,Q2,Q2
https://openalex.org/W2055599478,00214922,-,,5,3,Unranked,Q3
https://openalex.org/W2055644198,09284931,Q2,,2,2,Q2,Q2
https://openalex.org/W2055662938,00220248,Q1,,2,2,Q2,Q2
https://openalex.org/W2055664254,00036951,Q1,,1,1,Q1,Q1
https://openalex.org/W2055704032,00396028,Q1,,1,1,Q1,Q1
https://openalex.org/W2055742261,09215093,Q1,,1,1,Q1,Q1
https://openalex.org/W2055800246,03784371,Q2,,2,2,Q2,Q2
https://openalex.org/W2055806022,13596462,Q1,,1,1,Q1,Q1
https://openalex.org/W2055812724,03048853,Q2,,2,2,Q2,Q2
https://openalex.org/W2055849823,00406090,Q2,,2,2,Q2,Q2
https://openalex.org/W2055860232,00036951,Q1,,1,1,Q1,Q1
https://openalex.org/W2055880683,00431648,Q1,,1,1,Q1,Q1
https://openalex.org/W2055904040,0168583X,Q2,,2,2,Q2,Q2
https://openalex.org/W2055941859,10502947,Q1,,1,1,Q1,Q1
https://openalex.org/W2055983974,07424787,Q1,,2,2,Q2,Q2
https://openalex.org/W2055998369,00406090,Q2,,2,2,Q2,Q2
https://openalex.org/W2056026492,09244247,Q1,,1,1,Q1,Q1
https://openalex.org/W2056031103,0022460X,Q1,,1,1,Q1,Q1
https://openalex.org/W2056063878,01694332,-,,5,5,Unranked,Unranked
https://openalex.org/W2056084014,00406090,Q2,,2,2,Q2,Q2
https://openalex.org/W2056097911,13861425,Q2,,2,2,Q2,Q2
https://openalex.org/W2056107669,09214526,Q2,,2,2,Q2,Q2
https://openalex.org/W2056111598,14639076,Q1,,1,1,Q1,Q1
https://openalex.org/W2056124846,00223115,Q2,,2,2,Q2,Q2
https://openalex.org/W2056164159,02578972,Q1,,1,1,Q1,Q1
https://openalex.org/W2056197408,00406090,Q2,,2,2,Q2,Q2
https://openalex.org/W2056212252,00014966,Q1,,1,1,Q1,Q1
https://openalex.org/W2056274458,13861425,Q2,,2,2,Q2,Q2
https://openalex.org/W2056334023,09214526,Q2,,2,2,Q2,Q2
https://openalex.org/W2056363356,10980121,Q1,,1,1,Q1,Q1
https://openalex.org/W2056443841,00036951,Q1,,1,1,Q1,Q1
https://openalex.org/W2056454254,0042207X,Q2,,2,2,Q2,Q2
https://openalex.org/W2056489344,09090495,Q2,,1,1,Q1,Q1
https://openalex.org/W2056490572,02731177,-,,5,5,Unranked,Unranked
https://openalex.org/W2056498564,09284931,Q2,,2,2,Q2,Q2
https://openalex.org/W2056538076,10238883,Q2,,1,1,Q1,Q1
https://openalex.org/W2056588010,03048853,Q2,,2,2,Q2,Q2
https://openalex.org/W2056599460,09254005,Q1,,1,1,Q1,Q1
https://openalex.org/W2056628816,00036951,Q1,,1,1,Q1,Q1
https://openalex.org/W2056682775,10106030,Q2,,2,2,Q2,Q2
https://openalex.org/W2056686202,00406031,Q2,,2,2,Q2,Q2
https://openalex.org/W2056719748,00189197,Q1,,1,1,Q1,Q1
https://openalex.org/W2056722368,00295493,Q2,,2,2,Q2,Q2
https://openalex.org/W2056726333,01677322,Q2,,2,2,Q2,Q2
https://openalex.org/W2056728756,09214534,Q2,,2,2,Q2,Q2
https://openalex.org/W2056774784,09244247,Q1,,1,1,Q1,Q1
https://openalex.org/W2056775934,09698043,Q1,,2,2,Q2,Q2
https://openalex.org/W2056850273,00220434,Q2,,2,2,Q2,Q2
https://openalex.org/W2056857254,00319007,Q1,,1,1,Q1,Q1
https://openalex.org/W2056866137,02731177,-,,5,5,Unranked,Unranked
https://openalex.org/W2056885995,00223093,Q1,,2,2,Q2,Q2
https://openalex.org/W2056952605,01004670,Q4,,4,4,Q4,Q4
https://openalex.org/W2057005328,10459243,Q1,,2,2,Q2,Q2
https://openalex.org/W2057038182,00218979,Q1,,1,1,Q1,Q1
https://openalex.org/W2057043360,09259635,Q1,,1,1,Q1,Q1
https://openalex.org/W2057064719,13596462,Q1,,1,1,Q1,Q1
https://openalex.org/W2057083643,05704928,Q1,,1,1,Q1,Q1
https://openalex.org/W2057117706,14757516,Q2,,2,2,Q2,Q2
https://openalex.org/W2057117710,03048853,Q2,,2,2,Q2,Q2
https://openalex.org/W2057131056,00218979,Q1,,1,1,Q1,Q1
https://openalex.org/W2057139833,09215093,Q1,,1,1,Q1,Q1
https://openalex.org/W2057176325,15306984,Q1,,1,1,Q1,Q1
https://openalex.org/W2057212519,09340866,Q3,,3,2,Q3,Q2
https://openalex.org/W2057225621,00223115,Q2,,2,2,Q2,Q2
https://openalex.org/W2057226244,02681242,Q1,,1,1,Q1,Q1
https://openalex.org/W2057233789,00223697,Q2,,2,2,Q2,Q2
https://openalex.org/W2057254166,00036951,Q1,,1,1,Q1,Q1
https://openalex.org/W2057343358,00214922,-,,5,3,Unranked,Q3
https://openalex.org/W2057362644,01469592,Q1,,1,1,Q1,Q1
https://openalex.org/W2057377559,00036951,Q1,,1,1,Q1,Q1
https://openalex.org/W2057394529,00223697,Q2,,2,2,Q2,Q2
https://openalex.org/W2057398991,00381098,Q1,,1,2,Q1,Q2
https://openalex.org/W2057458713,07496036,Q3,,2,2,Q2,Q2
https://openalex.org/W2057476394,09270256,Q2,,1,1,Q1,Q1
https://openalex.org/W2057496727,09215093,Q1,,1,1,Q1,Q1
https://openalex.org/W2057504737,0256307X,Q3,,3,3,Q3,Q3
https://openalex.org/W2057516428,00036951,Q1,,1,1,Q1,Q1
https://openalex.org/W2057550866,09641726,Q1,,1,1,Q1,Q1
https://openalex.org/W2057601381,00381101,Q2,,2,2,Q2,Q2
https://openalex.org/W2057625109,00319007,Q1,,1,1,Q1,Q1
https://openalex.org/W2057639911,03783812,Q2,,1,1,Q1,Q1
https://openalex.org/W2057642100,02731177,-,,5,5,Unranked,Unranked
https://openalex.org/W2057676506,09215093,Q1,,1,1,Q1,Q1
https://openalex.org/W2057696777,09214526,Q2,,2,2,Q2,Q2
https://openalex.org/W2057702244,09254005,Q1,,1,1,Q1,Q1
https://openalex.org/W2057705347,00304018,Q1,,2,2,Q2,Q2
https://openalex.org/W2057707661,00143057,Q2,,1,1,Q1,Q1
https://openalex.org/W2057735212,09277757,-,,5,5,Unranked,Unranked
https://openalex.org/W2057743526,00207683,Q1,,1,1,Q1,Q1
https://openalex.org/W2057761385,00913286,Q2,,2,2,Q2,Q2
https://openalex.org/W2057786091,00218979,Q1,,1,1,Q1,Q1
https://openalex.org/W2057815685,00406090,Q2,,2,2,Q2,Q2
https://openalex.org/W2057826157,13886150,Q3,,2,2,Q2,Q2
https://openalex.org/W2057830813,00214922,-,,5,3,Unranked,Q3
https://openalex.org/W2057850797,03048853,Q2,,2,2,Q2,Q2
https://openalex.org/W2057867941,09215107,Q2,,2,2,Q2,Q2
https://openalex.org/W2057910809,15421406,Q3,,3,3,Q3,Q3
https://openalex.org/W2057939562,02578972,Q1,,1,1,Q1,Q1
https://openalex.org/W2057982115,00220248,Q1,,2,2,Q2,Q2
https://openalex.org/W2057983181,01694332,-,,5,5,Unranked,Unranked
https://openalex.org/W2058014159,13697021,Q2,,1,1,Q1,Q1
https://openalex.org/W2058069165,03784371,Q2,,2,2,Q2,Q2
https://openalex.org/W2058085399,14381656,Q2,,1,1,Q1,Q1
https://openalex.org/W2058162254,03048853,Q2,,2,2,Q2,Q2
https://openalex.org/W2058177162,00457825,Q1,,1,1,Q1,Q1
https://openalex.org/W2058183930,0167577X,Q2,,2,2,Q2,Q2
https://openalex.org/W2058193154,00036951,Q1,,1,1,Q1,Q1
https://openalex.org/W2058224368,01689002,Q1,,1,1,Q1,Q1
https://openalex.org/W2058239152,00214922,-,,5,3,Unranked,Q3
https://openalex.org/W2058251845,00179310,Q1,,1,1,Q1,Q1
https://openalex.org/W2058274946,09254005,Q1,,1,1,Q1,Q1
https://openalex.org/W2058283199,00381101,Q2,,2,2,Q2,Q2
https://openalex.org/W2058283342,0022460X,Q1,,1,1,Q1,Q1
https://openalex.org/W2058292898,01672738,Q1,,1,1,Q1,Q1
https://openalex.org/W2058298636,00346748,Q1,,1,1,Q1,Q1
https://openalex.org/W2058319567,0167577X,Q2,,2,2,Q2,Q2
https://openalex.org/W2058321898,13861425,Q2,,2,2,Q2,Q2
https://openalex.org/W2058323200,00431648,Q1,,1,1,Q1,Q1
https://openalex.org/W2058331422,00255408,Q2,,2,2,Q2,Q2
https://openalex.org/W2058350317,09214526,Q2,,2,2,Q2,Q2
https://openalex.org/W2058361874,09215107,Q2,,2,2,Q2,Q2
https://openalex.org/W2058408813,00134651,Q1,,1,1,Q1,Q1
https://openalex.org/W2058434538,02670836,Q2,,2,2,Q2,Q2
https://openalex.org/W2058469554,00431648,Q1,,1,1,Q1,Q1
https://openalex.org/W2058469879,01694332,-,,5,5,Unranked,Unranked
https://openalex.org/W2058474103,07413335,Q1,,1,1,Q1,Q1
https://openalex.org/W2058479651,01413910,Q1,,1,1,Q1,Q1
https://openalex.org/W2058517913,00220248,Q1,,2,2,Q2,Q2
https://openalex.org/W2058528521,02578972,Q1,,1,1,Q1,Q1
https://openalex.org/W2058534376,07342101,Q1,,2,2,Q2,Q2
https://openalex.org/W2058566622,09215093,Q1,,1,1,Q1,Q1
https://openalex.org/W2058567210,00262714,Q2,,2,2,Q2,Q2
https://openalex.org/W2058576051,00406090,Q2,,2,2,Q2,Q2
https://openalex.org/W2058586789,01469592,Q1,,1,1,Q1,Q1
https://openalex.org/W2058610237,08631042,Q3,,2,2,Q2,Q2
https://openalex.org/W2058637166,13880764,Q2,,2,2,Q2,Q2
https://openalex.org/W2058646769,13504487,Q2,,2,2,Q2,Q2
https://openalex.org/W2058673741,00431648,Q1,,1,1,Q1,Q1
https://openalex.org/W2058681559,00223115,Q2,,2,2,Q2,Q2
https://openalex.org/W2058681673,1351010X,Q2,,3,3,Q3,Q3
https://openalex.org/W2058698745,09244247,Q1,,1,1,Q1,Q1
https://openalex.org/W2058706915,09277757,-,,5,5,Unranked,Unranked
https://openalex.org/W2058719912,03048853,Q2,,2,2,Q2,Q2
https://openalex.org/W2058726071,00304018,Q1,,2,2,Q2,Q2
https://openalex.org/W2058730804,15421406,Q3,,3,3,Q3,Q3
https://openalex.org/W2058737562,10847529,Q1,,1,1,Q1,Q1
https://openalex.org/W2058763084,00036951,Q1,,1,1,Q1,Q1
https://openalex.org/W2058763278,01689002,Q1,,1,1,Q1,Q1
https://openalex.org/W2058814279,00346748,Q1,,1,1,Q1,Q1
https://openalex.org/W2058831110,00220248,Q1,,2,2,Q2,Q2
https://openalex.org/W2058907097,09215093,Q1,,1,1,Q1,Q1
https://openalex.org/W2058911736,00670049,Q1,,1,1,Q1,Q1
https://openalex.org/W2058927922,10411135,Q1,,1,1,Q1,Q1
https://openalex.org/W2058952621,14764865,Q3,,3,3,Q3,Q3
https://openalex.org/W2058960342,0168583X,Q2,,2,2,Q2,Q2
https://openalex.org/W2058993683,00223115,Q2,,2,2,Q2,Q2
https://openalex.org/W2059033022,01469592,Q1,,1,1,Q1,Q1
https://openalex.org/W2059061786,00913286,Q2,,2,2,Q2,Q2
https://openalex.org/W2059088237,15287483,Q1,,1,1,Q1,Q1
https://openalex.org/W2059121222,13886150,Q3,,2,2,Q2,Q2
https://openalex.org/W2059157815,15729575,Q3,,3,3,Q3,Q3
https://openalex.org/W2059163024,01689002,Q1,,1,1,Q1,Q1
https://openalex.org/W2059163751,01679317,Q1,,2,2,Q2,Q2
https://openalex.org/W2059176021,13596462,Q1,,1,1,Q1,Q1
https://openalex.org/W2059192273,00214922,-,,5,3,Unranked,Q3
https://openalex.org/W2059209464,13504177,Q1,,1,1,Q1,Q1
https://openalex.org/W2059217589,03682048,Q1,,1,1,Q1,Q1
https://openalex.org/W2059240961,03603199,Q1,,1,1,Q1,Q1
https://openalex.org/W2059248033,09244247,Q1,,1,1,Q1,Q1
https://openalex.org/W2059252865,01689002,Q1,,1,1,Q1,Q1
https://openalex.org/W2059271484,01689002,Q1,,1,1,Q1,Q1
https://openalex.org/W2059280371,03759474,Q1,,1,1,Q1,Q1
https://openalex.org/W2059361006,09532048,Q1,,1,1,Q1,Q1
https://openalex.org/W2059375702,01689002,Q1,,1,1,Q1,Q1
https://openalex.org/W2059392292,00036951,Q1,,1,1,Q1,Q1
https://openalex.org/W2059398222,13861425,Q2,,2,2,Q2,Q2
https://openalex.org/W2059413398,15306984,Q1,,1,1,Q1,Q1
https://openalex.org/W2059494393,0969806X,Q3,,2,2,Q2,Q2
https://openalex.org/W2059563691,00218979,Q1,,1,1,Q1,Q1
https://openalex.org/W2059571025,09641726,Q1,,1,1,Q1,Q1
https://openalex.org/W2059600955,00220248,Q1,,2,2,Q2,Q2
https://openalex.org/W2059624322,00036951,Q1,,1,1,Q1,Q1
https://openalex.org/W2059627073,10992871,Q4,,3,3,Q3,Q3
https://openalex.org/W2059641171,09253467,Q2,,2,2,Q2,Q2
https://openalex.org/W2059651922,03048853,Q2,,2,2,Q2,Q2
https://openalex.org/W2059652919,01689002,Q1,,1,1,Q1,Q1
https://openalex.org/W2059654458,00214922,-,,5,3,Unranked,Q3
https://openalex.org/W2059688664,0167577X,Q2,,2,2,Q2,Q2
https://openalex.org/W2059693923,00014966,Q1,,1,1,Q1,Q1
https://openalex.org/W2059708371,09259635,Q1,,1,1,Q1,Q1
https://openalex.org/W2059755088,00222313,Q1,,2,2,Q2,Q2
https://openalex.org/W2059811001,0167577X,Q2,,2,2,Q2,Q2
https://openalex.org/W2059852074,00214922,-,,5,3,Unranked,Q3
https://openalex.org/W2059861905,1616301X,Q1,,1,1,Q1,Q1
https://openalex.org/W2059880095,00406090,Q2,,2,2,Q2,Q2
https://openalex.org/W2059880511,13886150,Q3,,2,2,Q2,Q2
https://openalex.org/W2059889652,0168583X,Q2,,2,2,Q2,Q2
https://openalex.org/W2059893252,09277757,-,,5,5,Unranked,Unranked
https://openalex.org/W2059939563,00150193,Q3,,3,3,Q3,Q3
https://openalex.org/W2059988537,09214526,Q2,,2,2,Q2,Q2
https://openalex.org/W2060000763,00304018,Q1,,2,2,Q2,Q2
https://openalex.org/W2060095353,00295493,Q2,,2,2,Q2,Q2
https://openalex.org/W2060096354,02578972,Q1,,1,1,Q1,Q1
https://openalex.org/W2060099529,09244247,Q1,,1,1,Q1,Q1
https://openalex.org/W2060103790,13861425,Q2,,2,2,Q2,Q2
https://openalex.org/W2060109581,07437463,Q1,,1,1,Q1,Q1
https://openalex.org/W2060115905,01689002,Q1,,1,1,Q1,Q1
https://openalex.org/W2060142084,00406090,Q2,,2,2,Q2,Q2
https://openalex.org/W2060143089,09254005,Q1,,1,1,Q1,Q1
https://openalex.org/W2060147328,00223727,Q1,,1,1,Q1,Q1
https://openalex.org/W2060152846,00223093,Q1,,2,2,Q2,Q2
https://openalex.org/W2060168813,00092614,Q1,,1,1,Q1,Q1
https://openalex.org/W2060200334,00036951,Q1,,1,1,Q1,Q1
https://openalex.org/W2060200491,09698043,Q1,,2,2,Q2,Q2
https://openalex.org/W2060220878,0022460X,Q1,,1,1,Q1,Q1
https://openalex.org/W2060244273,03048853,Q2,,2,2,Q2,Q2
https://openalex.org/W2060263779,10637826,Q3,,3,3,Q3,Q3
https://openalex.org/W2060270634,01689002,Q1,,1,1,Q1,Q1
https://openalex.org/W2060292680,09532048,Q1,,1,1,Q1,Q1
https://openalex.org/W2060295224,01679317,Q1,,2,2,Q2,Q2
https://openalex.org/W2060339929,01422421,Q2,,2,2,Q2,Q2
https://openalex.org/W2060356038,00036951,Q1,,1,1,Q1,Q1
https://openalex.org/W2060390453,15306984,Q1,,1,1,Q1,Q1
https://openalex.org/W2060417726,03043886,Q3,,2,2,Q2,Q2
https://openalex.org/W2060421627,00223727,Q1,,1,1,Q1,Q1
https://openalex.org/W2060426303,00224596,Q2,,2,2,Q2,Q2
https://openalex.org/W2060476130,09574522,Q2,,2,2,Q2,Q2
https://openalex.org/W2060476554,00381098,Q1,,1,2,Q1,Q2
https://openalex.org/W2060485063,09538984,Q1,,1,1,Q1,Q1
https://openalex.org/W2060488640,00223115,Q2,,2,2,Q2,Q2
https://openalex.org/W2060508408,13596462,Q1,,1,1,Q1,Q1
https://openalex.org/W2060533155,13697021,Q2,,1,1,Q1,Q1
https://openalex.org/W2060587122,10980121,Q1,,1,1,Q1,Q1
https://openalex.org/W2060623950,03759474,Q1,,1,1,Q1,Q1
https://openalex.org/W2060680015,10944087,Q1,,1,1,Q1,Q1
https://openalex.org/W2060700076,13504487,Q2,,2,2,Q2,Q2
https://openalex.org/W2060708488,02670836,Q2,,2,2,Q2,Q2
https://openalex.org/W2060725615,10735623,Q1,,1,1,Q1,Q1
https://openalex.org/W2060768284,00036951,Q1,,1,1,Q1,Q1
https://openalex.org/W2060791191,02578972,Q1,,1,1,Q1,Q1
https://openalex.org/W2060797843,03759474,Q1,,1,1,Q1,Q1
https://openalex.org/W2060820580,00046361,Q1,,1,1,Q1,Q1
https://openalex.org/W2060823523,09277757,-,,5,5,Unranked,Unranked
https://openalex.org/W2060834648,01694332,-,,5,5,Unranked,Unranked
https://openalex.org/W2060894336,00014966,Q1,,1,1,Q1,Q1
https://openalex.org/W2060929800,01448420,Q3,,2,2,Q2,Q2
https://openalex.org/W2060945782,00220248,Q1,,2,2,Q2,Q2
https://openalex.org/W2060995784,09534075,Q1,,1,1,Q1,Q1
https://openalex.org/W2060998167,10741542,Q3,,3,3,Q3,Q3
https://openalex.org/W2061008376,13596462,Q1,,1,1,Q1,Q1
https://openalex.org/W2061020031,02668920,Q2,,1,1,Q1,Q1
https://openalex.org/W2061027681,01672738,Q1,,1,1,Q1,Q1
https://openalex.org/W2061045175,00346748,Q1,,1,1,Q1,Q1
https://openalex.org/W2061120025,13698001,Q2,,2,2,Q2,Q2
https://openalex.org/W2061131413,09214534,Q2,,2,2,Q2,Q2
https://openalex.org/W2061143641,01469592,Q1,,1,1,Q1,Q1
https://openalex.org/W2061154587,01694332,-,,5,5,Unranked,Unranked
https://openalex.org/W2061156151,00213640,Q2,,2,2,Q2,Q2
https://openalex.org/W2061162207,01672738,Q1,,1,1,Q1,Q1
https://openalex.org/W2061187342,09215093,Q1,,1,1,Q1,Q1
https://openalex.org/W2061188733,00214922,-,,5,3,Unranked,Q3
https://openalex.org/W2061190722,10445803,Q2,,1,1,Q1,Q1
https://openalex.org/W2061200992,0167577X,Q2,,2,2,Q2,Q2
https://openalex.org/W2061228139,01469592,Q1,,1,1,Q1,Q1
https://openalex.org/W2061248826,01677322,Q2,,2,2,Q2,Q2
https://openalex.org/W2061386930,01689002,Q1,,1,1,Q1,Q1
https://openalex.org/W2061402892,03603199,Q1,,1,1,Q1,Q1
https://openalex.org/W2061408046,09259635,Q1,,1,1,Q1,Q1
https://openalex.org/W2061434322,09277757,-,,5,5,Unranked,Unranked
https://openalex.org/W2061434697,0022460X,Q1,,1,1,Q1,Q1
https://openalex.org/W2061580702,00431648,Q1,,1,1,Q1,Q1
https://openalex.org/W2061594939,01004670,Q4,,4,4,Q4,Q4
https://openalex.org/W2061605092,13886150,Q3,,2,2,Q2,Q2
https://openalex.org/W2061656129,00214922,-,,5,3,Unranked,Q3
https://openalex.org/W2061687171,15671739,Q2,,2,2,Q2,Q2
https://openalex.org/W2061699165,13861425,Q2,,2,2,Q2,Q2
https://openalex.org/W2061718428,03048853,Q2,,2,2,Q2,Q2
https://openalex.org/W2061737300,01679295,Q3,,3,3,Q3,Q3
https://openalex.org/W2061769345,09600779,-,,5,5,Unranked,Unranked
https://openalex.org/W2061779482,10637818,Q4,,2,2,Q2,Q2
https://openalex.org/W2061807023,00214922,-,,5,3,Unranked,Q3
https://openalex.org/W2061815351,09650393,Q1,,1,1,Q1,Q1
https://openalex.org/W2061829922,00220248,Q1,,2,2,Q2,Q2
https://openalex.org/W2061835922,0042207X,Q2,,2,2,Q2,Q2
https://openalex.org/W2061843218,01672738,Q1,,1,1,Q1,Q1
https://openalex.org/W2061848226,00223115,Q2,,2,2,Q2,Q2
https://openalex.org/W2061871420,00220248,Q1,,2,2,Q2,Q2
https://openalex.org/W2061882567,00134651,Q1,,1,1,Q1,Q1
https://openalex.org/W2061887836,10637826,Q3,,3,3,Q3,Q3
https://openalex.org/W2061965518,07413335,Q1,,1,1,Q1,Q1
https://openalex.org/W2061988581,13504495,Q2,,2,2,Q2,Q2
https://openalex.org/W2061990519,09277757,-,,5,5,Unranked,Unranked
https://openalex.org/W2062005012,00346748,Q1,,1,1,Q1,Q1
https://openalex.org/W2062039856,07437463,Q1,,1,1,Q1,Q1
https://openalex.org/W2062050067,09244247,Q1,,1,1,Q1,Q1
https://openalex.org/W2062075753,0167577X,Q2,,2,2,Q2,Q2
https://openalex.org/W2062094841,00304018,Q1,,2,2,Q2,Q2
https://openalex.org/W2062096191,01469592,Q1,,1,1,Q1,Q1
https://openalex.org/W2062118644,00346748,Q1,,1,1,Q1,Q1
https://openalex.org/W2062149188,00406090,Q2,,2,2,Q2,Q2
https://openalex.org/W2062153626,01689002,Q1,,1,1,Q1,Q1
https://openalex.org/W2062172589,0041624X,Q2,,1,1,Q1,Q1
https://openalex.org/W2062179833,03784371,Q2,,2,2,Q2,Q2
https://openalex.org/W2062186493,09254005,Q1,,1,1,Q1,Q1
https://openalex.org/W2062214142,00913286,Q2,,2,2,Q2,Q2
https://openalex.org/W2062285223,00431648,Q1,,1,1,Q1,Q1
https://openalex.org/W2062293683,00223727,Q1,,1,1,Q1,Q1
https://openalex.org/W2062326996,00346748,Q1,,1,1,Q1,Q1
https://openalex.org/W2062337544,0168583X,Q2,,2,2,Q2,Q2
https://openalex.org/W2062359274,0167577X,Q2,,2,2,Q2,Q2
https://openalex.org/W2062372393,00222313,Q1,,2,2,Q2,Q2
https://openalex.org/W2062400696,0022460X,Q1,,1,1,Q1,Q1
https://openalex.org/W2062404352,03615235,Q1,,2,2,Q2,Q2
https://openalex.org/W2062417302,09215107,Q2,,2,2,Q2,Q2
https://openalex.org/W2062421885,00143057,Q2,,1,1,Q1,Q1
https://openalex.org/W2062448001,07342101,Q1,,2,2,Q2,Q2
https://openalex.org/W2062476748,09215107,Q2,,2,2,Q2,Q2
https://openalex.org/W2062484211,13886150,Q3,,2,2,Q2,Q2
https://openalex.org/W2062507222,00223115,Q2,,2,2,Q2,Q2
https://openalex.org/W2062510896,02540584,Q2,,2,2,Q2,Q2
https://openalex.org/W2062585406,0022460X,Q1,,1,1,Q1,Q1
https://openalex.org/W2062603488,00223115,Q2,,2,2,Q2,Q2
https://openalex.org/W2062618460,00406090,Q2,,2,2,Q2,Q2
https://openalex.org/W2062668014,01689002,Q1,,1,1,Q1,Q1
https://openalex.org/W2062724207,09215093,Q1,,1,1,Q1,Q1
https://openalex.org/W2062760860,03048853,Q2,,2,2,Q2,Q2
https://openalex.org/W2062768165,13596462,Q1,,1,1,Q1,Q1
https://openalex.org/W2062776687,14328488,Q2,,2,2,Q2,Q2
https://openalex.org/W2062801391,02578972,Q1,,1,1,Q1,Q1
https://openalex.org/W2062814891,03783812,Q2,,1,1,Q1,Q1
https://openalex.org/W2062828132,0256307X,Q3,,3,3,Q3,Q3
https://openalex.org/W2062874401,02578972,Q1,,1,1,Q1,Q1
https://openalex.org/W2062913004,01689002,Q1,,1,1,Q1,Q1
https://openalex.org/W2062916186,0042207X,Q2,,2,2,Q2,Q2
https://openalex.org/W2062931712,00154628,Q4,,3,3,Q3,Q3
https://openalex.org/W2062937581,1059910X,Q1,,2,2,Q2,Q2
https://openalex.org/W2062942651,03783812,Q2,,1,1,Q1,Q1
https://openalex.org/W2062945372,0042207X,Q2,,2,2,Q2,Q2
https://openalex.org/W2062949177,09641726,Q1,,1,1,Q1,Q1
https://openalex.org/W2062956794,0256307X,Q3,,3,3,Q3,Q3
https://openalex.org/W2062978516,13869477,Q2,,2,2,Q2,Q2
https://openalex.org/W2062991127,00014966,Q1,,1,1,Q1,Q1
https://openalex.org/W2063085592,10637834,Q3,,3,3,Q3,Q3
https://openalex.org/W2063127484,0167577X,Q2,,2,2,Q2,Q2
https://openalex.org/W2063137155,09532048,Q1,,1,1,Q1,Q1
https://openalex.org/W2063153990,09532048,Q1,,1,1,Q1,Q1
https://openalex.org/W2063168393,09254005,Q1,,1,1,Q1,Q1
https://openalex.org/W2063178361,00396028,Q1,,1,1,Q1,Q1
https://openalex.org/W2063182342,02540584,Q2,,2,2,Q2,Q2
https://openalex.org/W2063193349,13861425,Q2,,2,2,Q2,Q2
https://openalex.org/W2063199642,01689002,Q1,,1,1,Q1,Q1
https://openalex.org/W2063210149,00214922,-,,5,3,Unranked,Q3
https://openalex.org/W2063217264,14381656,Q2,,1,1,Q1,Q1
https://openalex.org/W2063232778,00046280,Q1,,1,1,Q1,Q1
https://openalex.org/W2063245534,01689002,Q1,,1,1,Q1,Q1
https://openalex.org/W2063257374,02681242,Q1,,1,1,Q1,Q1
https://openalex.org/W2063280307,0167577X,Q2,,2,2,Q2,Q2
https://openalex.org/W2063282468,10637710,Q3,,2,2,Q2,Q2
https://openalex.org/W2063287215,00221120,Q1,,1,1,Q1,Q1
https://openalex.org/W2063298667,00220248,Q1,,2,2,Q2,Q2
https://openalex.org/W2063303158,09215093,Q1,,1,1,Q1,Q1
https://openalex.org/W2063312893,00406090,Q2,,2,2,Q2,Q2
https://openalex.org/W2063314619,01694332,-,,5,5,Unranked,Unranked
https://openalex.org/W2063326705,09215093,Q1,,1,1,Q1,Q1
https://openalex.org/W2063337136,00221481,Q1,,1,1,Q1,Q1
https://openalex.org/W2063365431,00223115,Q2,,2,2,Q2,Q2
https://openalex.org/W2063421588,00220248,Q1,,2,2,Q2,Q2
https://openalex.org/W2063425223,09277757,-,,5,5,Unranked,Unranked
https://openalex.org/W2063429094,01672738,Q1,,1,1,Q1,Q1
https://openalex.org/W2063429776,15365379,Q2,,2,2,Q2,Q2
https://openalex.org/W2063441257,02578972,Q1,,1,1,Q1,Q1
https://openalex.org/W2063452931,09698043,Q1,,2,2,Q2,Q2
https://openalex.org/W2063469825,00143057,Q2,,1,1,Q1,Q1
https://openalex.org/W2063491259,0301679X,Q2,,1,1,Q1,Q1
https://openalex.org/W2063514903,01677322,Q2,,2,2,Q2,Q2
https://openalex.org/W2063520571,10944087,Q1,,1,1,Q1,Q1
https://openalex.org/W2063521795,02578972,Q1,,1,1,Q1,Q1
https://openalex.org/W2063546936,00046280,Q1,,1,1,Q1,Q1
https://openalex.org/W2063600723,07424787,Q1,,2,2,Q2,Q2
https://openalex.org/W2063632489,0042207X,Q2,,2,2,Q2,Q2
https://openalex.org/W2063651974,09215093,Q1,,1,1,Q1,Q1
https://openalex.org/W2063652781,09253467,Q2,,2,2,Q2,Q2
https://openalex.org/W2063692417,01689002,Q1,,1,1,Q1,Q1
https://openalex.org/W2063697937,00304018,Q1,,2,2,Q2,Q2
https://openalex.org/W2063699433,14381656,Q2,,1,1,Q1,Q1
https://openalex.org/W2063724952,0042207X,Q2,,2,2,Q2,Q2
https://openalex.org/W2063730160,00014966,Q1,,1,1,Q1,Q1
https://openalex.org/W2063733312,00346748,Q1,,1,1,Q1,Q1
https://openalex.org/W2063757082,00036951,Q1,,1,1,Q1,Q1
https://openalex.org/W2063768547,00150193,Q3,,3,3,Q3,Q3
https://openalex.org/W2063774228,02578972,Q1,,1,1,Q1,Q1
https://openalex.org/W2063783966,09214526,Q2,,2,2,Q2,Q2
https://openalex.org/W2063790017,15287483,Q1,,1,1,Q1,Q1
https://openalex.org/W2063794158,01672738,Q1,,1,1,Q1,Q1
https://openalex.org/W2063817922,01413910,Q1,,1,1,Q1,Q1
https://openalex.org/W2063857201,13876473,Q2,,2,2,Q2,Q2
https://openalex.org/W2063859337,01678442,Q1,,1,1,Q1,Q1
https://openalex.org/W2063866672,00346748,Q1,,1,1,Q1,Q1
https://openalex.org/W2063893062,00431648,Q1,,1,1,Q1,Q1
https://openalex.org/W2063893484,00431648,Q1,,1,1,Q1,Q1
https://openalex.org/W2063968377,00036951,Q1,,1,1,Q1,Q1
https://openalex.org/W2064053230,00220248,Q1,,2,2,Q2,Q2
https://openalex.org/W2064064047,02578972,Q1,,1,1,Q1,Q1
https://openalex.org/W2064075188,14328488,Q2,,2,2,Q2,Q2
https://openalex.org/W2064103964,00014966,Q1,,1,1,Q1,Q1
https://openalex.org/W2064124664,00304018,Q1,,2,2,Q2,Q2
https://openalex.org/W2064126978,0030400X,Q3,,3,3,Q3,Q3
https://openalex.org/W2064143292,01689002,Q1,,1,1,Q1,Q1
https://openalex.org/W2064225514,0042207X,Q2,,2,2,Q2,Q2
https://openalex.org/W2064263213,09698043,Q1,,2,2,Q2,Q2
https://openalex.org/W2064265459,00218979,Q1,,1,1,Q1,Q1
https://openalex.org/W2064299108,0041624X,Q2,,1,1,Q1,Q1
https://openalex.org/W2064346636,09215093,Q1,,1,1,Q1,Q1
https://openalex.org/W2064353657,09698043,Q1,,2,2,Q2,Q2
https://openalex.org/W2064361176,0195928X,Q2,,3,3,Q3,Q3
https://openalex.org/W2064374060,00036951,Q1,,1,1,Q1,Q1
https://openalex.org/W2064393500,09214526,Q2,,2,2,Q2,Q2
https://openalex.org/W2064395133,02578972,Q1,,1,1,Q1,Q1
https://openalex.org/W2064480523,09215093,Q1,,1,1,Q1,Q1
https://openalex.org/W2064509660,02632241,Q3,,2,2,Q2,Q2
https://openalex.org/W2064520600,00036951,Q1,,1,1,Q1,Q1
https://openalex.org/W2064522256,00913286,Q2,,2,2,Q2,Q2
https://openalex.org/W2064538346,09214534,Q2,,2,2,Q2,Q2
https://openalex.org/W2064546685,09638695,Q2,,1,1,Q1,Q1
https://openalex.org/W2064592389,00220248,Q1,,2,2,Q2,Q2
https://openalex.org/W2064615311,02681242,Q1,,1,1,Q1,Q1
https://openalex.org/W2064615864,0256307X,Q3,,3,3,Q3,Q3
https://openalex.org/W2064666819,01448420,Q3,,2,2,Q2,Q2
https://openalex.org/W2064676046,09698043,Q1,,2,2,Q2,Q2
https://openalex.org/W2064676400,09277765,Q3,,1,1,Q1,Q1
https://openalex.org/W2064680786,09467076,Q3,,3,3,Q3,Q3
https://openalex.org/W2064688552,00036951,Q1,,1,1,Q1,Q1
https://openalex.org/W2064701513,09214534,Q2,,2,2,Q2,Q2
https://openalex.org/W2064739642,09270256,Q2,,1,1,Q1,Q1
https://openalex.org/W2064745049,00223093,Q1,,2,2,Q2,Q2
https://openalex.org/W2064779979,0167577X,Q2,,2,2,Q2,Q2
https://openalex.org/W2064780914,07496036,Q3,,2,2,Q2,Q2
https://openalex.org/W2064785254,03048853,Q2,,2,2,Q2,Q2
https://openalex.org/W2064802696,09215093,Q1,,1,1,Q1,Q1
https://openalex.org/W2064830069,00029505,Q2,,2,2,Q2,Q2
https://openalex.org/W2064856938,13880764,Q2,,2,2,Q2,Q2
https://openalex.org/W2064856940,09244247,Q1,,1,1,Q1,Q1
https://openalex.org/W2064880252,00406090,Q2,,2,2,Q2,Q2
https://openalex.org/W2064896272,09244247,Q1,,1,1,Q1,Q1
https://openalex.org/W2064901780,10833668,Q1,,1,1,Q1,Q1
https://openalex.org/W2064906793,0167577X,Q2,,2,2,Q2,Q2
https://openalex.org/W2064907407,09215093,Q1,,1,1,Q1,Q1
https://openalex.org/W2064912428,08952477,Q2,,3,3,Q3,Q3
https://openalex.org/W2064924096,0168583X,Q2,,2,2,Q2,Q2
https://openalex.org/W2064939026,00406090,Q2,,2,2,Q2,Q2
https://openalex.org/W2064972256,03048853,Q2,,2,2,Q2,Q2
https://openalex.org/W2065017290,09280707,Q2,,2,2,Q2,Q2
https://openalex.org/W2065023191,13861425,Q2,,2,2,Q2,Q2
https://openalex.org/W2065041380,01679317,Q1,,2,2,Q2,Q2
https://openalex.org/W2065054988,13596462,Q1,,1,1,Q1,Q1
https://openalex.org/W2065075593,03048853,Q2,,2,2,Q2,Q2
https://openalex.org/W2065107186,03048853,Q2,,2,2,Q2,Q2
https://openalex.org/W2065120828,00223115,Q2,,2,2,Q2,Q2
https://openalex.org/W2065140801,13504177,Q1,,1,1,Q1,Q1
https://openalex.org/W2065160861,01694332,-,,5,5,Unranked,Unranked
https://openalex.org/W2065169292,00406090,Q2,,2,2,Q2,Q2
https://openalex.org/W2065223500,00218979,Q1,,1,1,Q1,Q1
https://openalex.org/W2065232399,07437463,Q1,,1,1,Q1,Q1
https://openalex.org/W2065247906,0031921X,-,,5,5,Unranked,Unranked
https://openalex.org/W2065257679,03615235,Q1,,2,2,Q2,Q2
https://openalex.org/W2065266387,10735623,Q1,,1,1,Q1,Q1
https://openalex.org/W2065272323,07437463,Q1,,1,1,Q1,Q1
https://openalex.org/W2065275195,02578972,Q1,,1,1,Q1,Q1
https://openalex.org/W2065295624,09638695,Q2,,1,1,Q1,Q1
https://openalex.org/W2065300309,07437463,Q1,,1,1,Q1,Q1
https://openalex.org/W2065300653,0256307X,Q3,,3,3,Q3,Q3
https://openalex.org/W2065314195,00222348,Q2,,3,3,Q3,Q3
https://openalex.org/W2065317223,00325899,Q3,,3,3,Q3,Q3
https://openalex.org/W2065319157,00223115,Q2,,2,2,Q2,Q2
https://openalex.org/W2065333756,00406090,Q2,,2,2,Q2,Q2
https://openalex.org/W2065333863,00406090,Q2,,2,2,Q2,Q2
https://openalex.org/W2065342743,03048853,Q2,,2,2,Q2,Q2
https://openalex.org/W2065353793,02578972,Q1,,1,1,Q1,Q1
https://openalex.org/W2065374622,19325150,Q2,,3,3,Q3,Q3
https://openalex.org/W2065385185,01694332,-,,5,5,Unranked,Unranked
https://openalex.org/W2065388362,00406090,Q2,,2,2,Q2,Q2
https://openalex.org/W2065409161,01689002,Q1,,1,1,Q1,Q1
https://openalex.org/W2065415938,10445803,Q2,,1,1,Q1,Q1
https://openalex.org/W2065419352,01469592,Q1,,1,1,Q1,Q1
https://openalex.org/W2065452341,00944289,Q1,,2,2,Q2,Q2
https://openalex.org/W2065461381,09538984,Q1,,1,1,Q1,Q1
https://openalex.org/W2065491199,0168583X,Q2,,2,2,Q2,Q2
https://openalex.org/W2065496500,00036951,Q1,,1,1,Q1,Q1
https://openalex.org/W2065539635,00214922,-,,5,3,Unranked,Q3
https://openalex.org/W2065573913,00029505,Q2,,2,2,Q2,Q2
https://openalex.org/W2065583386,13504177,Q1,,1,1,Q1,Q1
https://openalex.org/W2065595161,00218979,Q1,,1,1,Q1,Q1
https://openalex.org/W2065606630,02321300,Q3,,3,3,Q3,Q3
https://openalex.org/W2065608726,00214922,-,,5,3,Unranked,Q3
https://openalex.org/W2065687573,13886150,Q3,,2,2,Q2,Q2
https://openalex.org/W2065691914,09462171,Q1,,1,1,Q1,Q1
https://openalex.org/W2065727422,00319007,Q1,,1,1,Q1,Q1
https://openalex.org/W2065783404,00406031,Q2,,2,2,Q2,Q2
https://openalex.org/W2065816458,00036951,Q1,,1,1,Q1,Q1
https://openalex.org/W2065882669,10833668,Q1,,1,1,Q1,Q1
https://openalex.org/W2065922993,03603199,Q1,,1,1,Q1,Q1
https://openalex.org/W2065924582,01438166,Q2,,1,1,Q1,Q1
https://openalex.org/W2065938702,09254005,Q1,,1,1,Q1,Q1
https://openalex.org/W2065944258,00036951,Q1,,1,1,Q1,Q1
https://openalex.org/W2065961442,00221120,Q1,,1,1,Q1,Q1
https://openalex.org/W2065973252,10445803,Q2,,1,1,Q1,Q1
https://openalex.org/W2065986159,00036951,Q1,,1,1,Q1,Q1
https://openalex.org/W2066013655,02578972,Q1,,1,1,Q1,Q1
https://openalex.org/W2066015584,01672738,Q1,,1,1,Q1,Q1
https://openalex.org/W2066078982,00134651,Q1,,1,1,Q1,Q1
https://openalex.org/W2066111431,02731177,-,,5,5,Unranked,Unranked
https://openalex.org/W2066128637,09270256,Q2,,1,1,Q1,Q1
https://openalex.org/W2066150731,00319015,Q1,,1,1,Q1,Q1
https://openalex.org/W2066151269,09215093,Q1,,1,1,Q1,Q1
https://openalex.org/W2066175367,00222313,Q1,,2,2,Q2,Q2
https://openalex.org/W2066180707,00222313,Q1,,2,2,Q2,Q2
https://openalex.org/W2066183351,00346748,Q1,,1,1,Q1,Q1
https://openalex.org/W2066234056,09600779,-,,5,5,Unranked,Unranked
https://openalex.org/W2066234098,10637761,Q3,,2,2,Q2,Q2
https://openalex.org/W2066316269,02578972,Q1,,1,1,Q1,Q1
https://openalex.org/W2066343308,13596462,Q1,,1,1,Q1,Q1
https://openalex.org/W2066395380,01672738,Q1,,1,1,Q1,Q1
https://openalex.org/W2066411102,09214534,Q2,,2,2,Q2,Q2
https://openalex.org/W2066465375,00406090,Q2,,2,2,Q2,Q2
https://openalex.org/W2066487327,09215093,Q1,,1,1,Q1,Q1
https://openalex.org/W2066496662,10599630,Q2,,2,2,Q2,Q2
https://openalex.org/W2066519941,00406090,Q2,,2,2,Q2,Q2
https://openalex.org/W2066569978,00262714,Q2,,2,2,Q2,Q2
https://openalex.org/W2066597081,01672738,Q1,,1,1,Q1,Q1
https://openalex.org/W2066617531,00222313,Q1,,2,2,Q2,Q2
https://openalex.org/W2066722513,03048853,Q2,,2,2,Q2,Q2
https://openalex.org/W2066737572,00220248,Q1,,2,2,Q2,Q2
https://openalex.org/W2066759752,00304026,Q3,,3,3,Q3,Q3
https://openalex.org/W2066804405,03048853,Q2,,2,2,Q2,Q2
https://openalex.org/W2066816539,09214534,Q2,,2,2,Q2,Q2
https://openalex.org/W2066822959,01469592,Q1,,1,1,Q1,Q1
https://openalex.org/W2066879948,03603199,Q1,,1,1,Q1,Q1
https://openalex.org/W2066892855,09491775,Q2,,2,2,Q2,Q2
https://openalex.org/W2066901442,00179310,Q1,,1,1,Q1,Q1
https://openalex.org/W2066920787,00223093,Q1,,2,2,Q2,Q2
https://openalex.org/W2066982837,00092614,Q1,,1,1,Q1,Q1
https://openalex.org/W2067001476,00207683,Q1,,1,1,Q1,Q1
https://openalex.org/W2067001666,07342101,Q1,,2,2,Q2,Q2
https://openalex.org/W2067007933,03603199,Q1,,1,1,Q1,Q1
https://openalex.org/W2067087072,0031921X,-,,5,5,Unranked,Unranked
https://openalex.org/W2067097399,00036951,Q1,,1,1,Q1,Q1
https://openalex.org/W2067110564,09214534,Q2,,2,2,Q2,Q2
https://openalex.org/W2067126866,01672738,Q1,,1,1,Q1,Q1
https://openalex.org/W2067137455,13596462,Q1,,1,1,Q1,Q1
https://openalex.org/W2067171516,00346748,Q1,,1,1,Q1,Q1
https://openalex.org/W2067192410,10637850,Q3,,3,3,Q3,Q3
https://openalex.org/W2067208076,01689002,Q1,,1,1,Q1,Q1
https://openalex.org/W2067223246,00295515,Q1,,1,1,Q1,Q1
https://openalex.org/W2067274904,03615235,Q1,,2,2,Q2,Q2
https://openalex.org/W2067281891,09641726,Q1,,1,1,Q1,Q1
https://openalex.org/W2067292774,09574522,Q2,,2,2,Q2,Q2
https://openalex.org/W2067312181,0256307X,Q3,,3,3,Q3,Q3
https://openalex.org/W2067317296,15477037,Q3,,3,3,Q3,Q3
https://openalex.org/W2067325592,02578972,Q1,,1,1,Q1,Q1
https://openalex.org/W2067328858,02321300,Q3,,3,3,Q3,Q3
https://openalex.org/W2067334413,02578972,Q1,,1,1,Q1,Q1
https://openalex.org/W2067412753,03701972,Q2,,2,2,Q2,Q2
https://openalex.org/W2067420514,01689002,Q1,,1,1,Q1,Q1
https://openalex.org/W2067542275,13647830,Q2,,1,1,Q1,Q1
https://openalex.org/W2067566454,00223115,Q2,,2,2,Q2,Q2
https://openalex.org/W2067588101,09244247,Q1,,1,1,Q1,Q1
https://openalex.org/W2067594967,09244247,Q1,,1,1,Q1,Q1
https://openalex.org/W2067598746,00381098,Q1,,1,2,Q1,Q2
https://openalex.org/W2067617432,0003682X,Q2,,1,1,Q1,Q1
https://openalex.org/W2067621315,05704928,Q1,,1,1,Q1,Q1
https://openalex.org/W2067666256,00406090,Q2,,2,2,Q2,Q2
https://openalex.org/W2067678592,10267735,Q3,,3,3,Q3,Q3
https://openalex.org/W2067692736,00046361,Q1,,1,1,Q1,Q1
https://openalex.org/W2067703849,01448420,Q3,,2,2,Q2,Q2
https://openalex.org/W2067717252,00223093,Q1,,2,2,Q2,Q2
https://openalex.org/W2067774897,09215093,Q1,,1,1,Q1,Q1
https://openalex.org/W2067793161,10090630,Q4,,3,3,Q3,Q3
https://openalex.org/W2067801489,00218979,Q1,,1,1,Q1,Q1
https://openalex.org/W2067822420,01694332,-,,5,5,Unranked,Unranked
https://openalex.org/W2067828417,03796779,Q2,,2,2,Q2,Q2
https://openalex.org/W2067844099,01694332,-,,5,5,Unranked,Unranked
https://openalex.org/W2067855823,10637834,Q3,,3,3,Q3,Q3
https://openalex.org/W2067870902,00223727,Q1,,1,1,Q1,Q1
https://openalex.org/W2067881911,02540584,Q2,,2,2,Q2,Q2
https://openalex.org/W2067922266,15287483,Q1,,1,1,Q1,Q1
https://openalex.org/W2067995126,1061933X,Q4,,3,3,Q3,Q3
https://openalex.org/W2068018094,09244247,Q1,,1,1,Q1,Q1
https://openalex.org/W2068027694,03048853,Q2,,2,2,Q2,Q2
https://openalex.org/W2068040013,0195928X,Q2,,3,3,Q3,Q3
https://openalex.org/W2068047953,10944087,Q1,,1,1,Q1,Q1
https://openalex.org/W2068053786,00036951,Q1,,1,1,Q1,Q1
https://openalex.org/W2068107571,01672738,Q1,,1,1,Q1,Q1
https://openalex.org/W2068108194,0168583X,Q2,,2,2,Q2,Q2
https://openalex.org/W2068108413,00431648,Q1,,1,1,Q1,Q1
https://openalex.org/W2068132026,09244247,Q1,,1,1,Q1,Q1
https://openalex.org/W2068172311,00431648,Q1,,1,1,Q1,Q1
https://openalex.org/W2068172546,0168583X,Q2,,2,2,Q2,Q2
https://openalex.org/W2068175053,02578972,Q1,,1,1,Q1,Q1
https://openalex.org/W2068224777,00406090,Q2,,2,2,Q2,Q2
https://openalex.org/W2068228723,00046337,Q3,,2,2,Q2,Q2
https://openalex.org/W2068280212,09254005,Q1,,1,1,Q1,Q1
https://openalex.org/W2068327558,07424787,Q1,,2,2,Q2,Q2
https://openalex.org/W2068330657,0004637X,Q1,,1,1,Q1,Q1
https://openalex.org/W2068330745,09491775,Q2,,2,2,Q2,Q2
https://openalex.org/W2068343952,01694332,-,,5,5,Unranked,Unranked
https://openalex.org/W2068347406,00431648,Q1,,1,1,Q1,Q1
https://openalex.org/W2068375863,00406090,Q2,,2,2,Q2,Q2
https://openalex.org/W2068403983,09259635,Q1,,1,1,Q1,Q1
https://openalex.org/W2068455118,0167577X,Q2,,2,2,Q2,Q2
https://openalex.org/W2068471365,00406090,Q2,,2,2,Q2,Q2
https://openalex.org/W2068492161,00346748,Q1,,1,1,Q1,Q1
https://openalex.org/W2068503525,07437463,Q1,,1,1,Q1,Q1
https://openalex.org/W2068504708,00222313,Q1,,2,2,Q2,Q2
https://openalex.org/W2068510155,01689002,Q1,,1,1,Q1,Q1
https://openalex.org/W2068511851,10710922,Q3,,2,2,Q2,Q2
https://openalex.org/W2068522195,09244247,Q1,,1,1,Q1,Q1
https://openalex.org/W2068523659,07424787,Q1,,2,2,Q2,Q2
https://openalex.org/W2068524102,09214526,Q2,,2,2,Q2,Q2
https://openalex.org/W2068530185,0167577X,Q2,,2,2,Q2,Q2
https://openalex.org/W2068534050,02731177,-,,5,5,Unranked,Unranked
https://openalex.org/W2068548870,0168583X,Q2,,2,2,Q2,Q2
https://openalex.org/W2068555125,14328488,Q2,,2,2,Q2,Q2
https://openalex.org/W2068564348,09277757,-,,5,5,Unranked,Unranked
https://openalex.org/W2068566843,01469592,Q1,,1,1,Q1,Q1
https://openalex.org/W2068633893,09215093,Q1,,1,1,Q1,Q1
https://openalex.org/W2068655880,02578972,Q1,,1,1,Q1,Q1
https://openalex.org/W2068656422,07342101,Q1,,2,2,Q2,Q2
https://openalex.org/W2068664175,01689002,Q1,,1,1,Q1,Q1
https://openalex.org/W2068672997,00406031,Q2,,2,2,Q2,Q2
https://openalex.org/W2068679543,00220248,Q1,,2,2,Q2,Q2
https://openalex.org/W2068690468,13621718,Q2,,1,1,Q1,Q1
https://openalex.org/W2068708113,0167577X,Q2,,2,2,Q2,Q2
https://openalex.org/W2068739955,02731177,-,,5,5,Unranked,Unranked
https://openalex.org/W2068752669,03701972,Q2,,2,2,Q2,Q2
https://openalex.org/W2068801018,03702693,Q1,,1,1,Q1,Q1
https://openalex.org/W2068806174,00325899,Q3,,3,3,Q3,Q3
https://openalex.org/W2068834798,09284931,Q2,,2,2,Q2,Q2
https://openalex.org/W2068847601,00406090,Q2,,2,2,Q2,Q2
https://openalex.org/W2068910694,00214922,-,,5,3,Unranked,Q3
https://openalex.org/W2068918898,08631042,Q3,,2,2,Q2,Q2
https://openalex.org/W2068920283,02578972,Q1,,1,1,Q1,Q1
https://openalex.org/W2068934611,10833668,Q1,,1,1,Q1,Q1
https://openalex.org/W2068937675,0167577X,Q2,,2,2,Q2,Q2
https://openalex.org/W2068941551,03615235,Q1,,2,2,Q2,Q2
https://openalex.org/W2068957096,00134651,Q1,,1,1,Q1,Q1
https://openalex.org/W2068979445,00220248,Q1,,2,2,Q2,Q2
https://openalex.org/W2068981283,00214922,-,,5,3,Unranked,Q3
https://openalex.org/W2068993459,00223697,Q2,,2,2,Q2,Q2
https://openalex.org/W2069002611,00431648,Q1,,1,1,Q1,Q1
https://openalex.org/W2069021800,01694332,-,,5,5,Unranked,Unranked
https://openalex.org/W2069035205,00218936,Q1,,1,1,Q1,Q1
https://openalex.org/W2069055920,00346748,Q1,,1,1,Q1,Q1
https://openalex.org/W2069067540,02540584,Q2,,2,2,Q2,Q2
https://openalex.org/W2069076028,13876473,Q2,,2,2,Q2,Q2
https://openalex.org/W2069114579,00189480,Q1,,1,1,Q1,Q1
https://openalex.org/W2069139957,03796779,Q2,,2,2,Q2,Q2
https://openalex.org/W2069177350,0041624X,Q2,,1,1,Q1,Q1
https://openalex.org/W2069207730,07234864,Q2,,1,1,Q1,Q1
https://openalex.org/W2069234288,00109525,Q4,,4,4,Q4,Q4
https://openalex.org/W2069249491,0969806X,Q3,,2,2,Q2,Q2
https://openalex.org/W2069250188,09538984,Q1,,1,1,Q1,Q1
https://openalex.org/W2069254723,03048853,Q2,,2,2,Q2,Q2
https://openalex.org/W2069304581,00218979,Q1,,1,1,Q1,Q1
https://openalex.org/W2069390439,09215093,Q1,,1,1,Q1,Q1
https://openalex.org/W2069398132,00224596,Q2,,2,2,Q2,Q2
https://openalex.org/W2069435200,00036951,Q1,,1,1,Q1,Q1
https://openalex.org/W2069450309,00134651,Q1,,1,1,Q1,Q1
https://openalex.org/W2069483642,15306984,Q1,,1,1,Q1,Q1
https://openalex.org/W2069494658,00223115,Q2,,2,2,Q2,Q2
https://openalex.org/W2069498150,0041624X,Q2,,1,1,Q1,Q1
https://openalex.org/W2069501190,15287483,Q1,,1,1,Q1,Q1
https://openalex.org/W2069505126,00223093,Q1,,2,2,Q2,Q2
https://openalex.org/W2069512144,03603199,Q1,,1,1,Q1,Q1
https://openalex.org/W2069515275,13698001,Q2,,2,2,Q2,Q2
https://openalex.org/W2069523212,00223115,Q2,,2,2,Q2,Q2
https://openalex.org/W2069531051,00112275,Q1,,2,2,Q2,Q2
https://openalex.org/W2069541333,1063780X,Q2,,2,3,Q2,Q3
https://openalex.org/W2069558716,01677322,Q2,,2,2,Q2,Q2
https://openalex.org/W2069566922,00104655,Q1,,1,1,Q1,Q1
https://openalex.org/W2069569132,00406090,Q2,,2,2,Q2,Q2
https://openalex.org/W2069596171,09254005,Q1,,1,1,Q1,Q1
https://openalex.org/W2069603878,09090495,Q2,,1,1,Q1,Q1
https://openalex.org/W2069604422,00406031,Q2,,2,2,Q2,Q2
https://openalex.org/W2069613412,00381098,Q1,,1,2,Q1,Q2
https://openalex.org/W2069622904,00406090,Q2,,2,2,Q2,Q2
https://openalex.org/W2069681874,00262714,Q2,,2,2,Q2,Q2
https://openalex.org/W2069698582,00036951,Q1,,1,1,Q1,Q1
https://openalex.org/W2069713468,13869477,Q2,,2,2,Q2,Q2
https://openalex.org/W2069720258,10238883,Q2,,1,1,Q1,Q1
https://openalex.org/W2069723318,00406090,Q2,,2,2,Q2,Q2
https://openalex.org/W2069741972,07437463,Q1,,1,1,Q1,Q1
https://openalex.org/W2069766283,02578972,Q1,,1,1,Q1,Q1
https://openalex.org/W2069767877,00303992,Q2,,2,2,Q2,Q2
https://openalex.org/W2069835061,02578972,Q1,,1,1,Q1,Q1
https://openalex.org/W2069847736,09215093,Q1,,1,1,Q1,Q1
https://openalex.org/W2069851089,0256307X,Q3,,3,3,Q3,Q3
https://openalex.org/W2069862578,00218979,Q1,,1,1,Q1,Q1
https://openalex.org/W2069943505,09244247,Q1,,1,1,Q1,Q1
https://openalex.org/W2069945464,00223093,Q1,,2,2,Q2,Q2
https://openalex.org/W2069976035,09244247,Q1,,1,1,Q1,Q1
https://openalex.org/W2070012484,03048853,Q2,,2,2,Q2,Q2
https://openalex.org/W2070012851,02649381,Q1,,1,1,Q1,Q1
https://openalex.org/W2070037514,09254005,Q1,,1,1,Q1,Q1
https://openalex.org/W2070063382,00406090,Q2,,2,2,Q2,Q2
https://openalex.org/W2070103352,09215093,Q1,,1,1,Q1,Q1
https://openalex.org/W2070119334,00381098,Q1,,1,2,Q1,Q2
https://openalex.org/W2070153645,00214922,-,,5,3,Unranked,Q3
https://openalex.org/W2070202087,02578972,Q1,,1,1,Q1,Q1
https://openalex.org/W2070209317,0042207X,Q2,,2,2,Q2,Q2
https://openalex.org/W2070216078,09491775,Q2,,2,2,Q2,Q2
https://openalex.org/W2070219680,00143057,Q2,,1,1,Q1,Q1
https://openalex.org/W2070222103,00014966,Q1,,1,1,Q1,Q1
https://openalex.org/W2070232132,00218979,Q1,,1,1,Q1,Q1
https://openalex.org/W2070233043,02578972,Q1,,1,1,Q1,Q1
https://openalex.org/W2070239340,0167577X,Q2,,2,2,Q2,Q2
https://openalex.org/W2070246554,10090630,Q4,,3,3,Q3,Q3
https://openalex.org/W2070248161,00219614,Q2,,1,1,Q1,Q1
https://openalex.org/W2070255970,02578972,Q1,,1,1,Q1,Q1
https://openalex.org/W2070291023,00223093,Q1,,2,2,Q2,Q2
https://openalex.org/W2070301753,03048853,Q2,,2,2,Q2,Q2
https://openalex.org/W2070385443,00406090,Q2,,2,2,Q2,Q2
https://openalex.org/W2070387854,00036951,Q1,,1,1,Q1,Q1
https://openalex.org/W2070427912,00406031,Q2,,2,2,Q2,Q2
https://openalex.org/W2070440101,00223131,Q3,,3,3,Q3,Q3
https://openalex.org/W2070446573,13869477,Q2,,2,2,Q2,Q2
https://openalex.org/W2070480260,01672738,Q1,,1,1,Q1,Q1
https://openalex.org/W2070488730,00406090,Q2,,2,2,Q2,Q2
https://openalex.org/W2070512233,13886150,Q3,,2,2,Q2,Q2
https://openalex.org/W2070514681,00220248,Q1,,2,2,Q2,Q2
https://openalex.org/W2070547974,09244247,Q1,,1,1,Q1,Q1
https://openalex.org/W2070551974,09277765,Q3,,1,1,Q1,Q1
https://openalex.org/W2070553470,10735623,Q1,,1,1,Q1,Q1
https://openalex.org/W2070599593,09254005,Q1,,1,1,Q1,Q1
https://openalex.org/W2070601736,10735615,Q1,,1,1,Q1,Q1
https://openalex.org/W2070626478,00406090,Q2,,2,2,Q2,Q2
https://openalex.org/W2070639316,00255408,Q2,,2,2,Q2,Q2
https://openalex.org/W2070642182,13886150,Q3,,2,2,Q2,Q2
https://openalex.org/W2070649915,00036951,Q1,,1,1,Q1,Q1
https://openalex.org/W2070672219,0969806X,Q3,,2,2,Q2,Q2
https://openalex.org/W2070694493,09215093,Q1,,1,1,Q1,Q1
https://openalex.org/W2070695530,03603199,Q1,,1,1,Q1,Q1
https://openalex.org/W2070726976,0042207X,Q2,,2,2,Q2,Q2
https://openalex.org/W2070829350,0042207X,Q2,,2,2,Q2,Q2
https://openalex.org/W2070842441,00036951,Q1,,1,1,Q1,Q1
https://openalex.org/W2070864912,00319104,Q3,,3,3,Q3,Q3
https://openalex.org/W2070877016,00134651,Q1,,1,1,Q1,Q1
https://openalex.org/W2070890255,01672738,Q1,,1,1,Q1,Q1
https://openalex.org/W2070896555,09532048,Q1,,1,1,Q1,Q1
https://openalex.org/W2070898661,03783812,Q2,,1,1,Q1,Q1
https://openalex.org/W2070905051,01689002,Q1,,1,1,Q1,Q1
https://openalex.org/W2070956690,05717256,Q3,,4,4,Q4,Q4
https://openalex.org/W2071019301,00406090,Q2,,2,2,Q2,Q2
https://openalex.org/W2071025713,09254005,Q1,,1,1,Q1,Q1
https://openalex.org/W2071049860,00346748,Q1,,1,1,Q1,Q1
https://openalex.org/W2071051974,09270256,Q2,,1,1,Q1,Q1
https://openalex.org/W2071071612,15287483,Q1,,1,1,Q1,Q1
https://openalex.org/W2071074154,00218979,Q1,,1,1,Q1,Q1
https://openalex.org/W2071074840,02578972,Q1,,1,1,Q1,Q1
https://openalex.org/W2071096128,13886150,Q3,,2,2,Q2,Q2
https://openalex.org/W2071098290,16128850,-,,2,2,Q2,Q2
https://openalex.org/W2071098568,00381098,Q1,,1,2,Q1,Q2
https://openalex.org/W2071134710,02578972,Q1,,1,1,Q1,Q1
https://openalex.org/W2071135922,00036951,Q1,,1,1,Q1,Q1
https://openalex.org/W2071149754,15306984,Q1,,1,1,Q1,Q1
https://openalex.org/W2071150628,00134651,Q1,,1,1,Q1,Q1
https://openalex.org/W2071153218,01679317,Q1,,2,2,Q2,Q2
https://openalex.org/W2071172848,01694332,-,,5,5,Unranked,Unranked
https://openalex.org/W2071200816,00036951,Q1,,1,1,Q1,Q1
https://openalex.org/W2071212412,09215093,Q1,,1,1,Q1,Q1
https://openalex.org/W2071256331,01689002,Q1,,1,1,Q1,Q1
https://openalex.org/W2071357493,09214534,Q2,,2,2,Q2,Q2
https://openalex.org/W2071373119,09698043,Q1,,2,2,Q2,Q2
https://openalex.org/W2071387449,00214922,-,,5,3,Unranked,Q3
https://openalex.org/W2071406285,03783812,Q2,,1,1,Q1,Q1
https://openalex.org/W2071408716,00214922,-,,5,3,Unranked,Q3
https://openalex.org/W2071415708,01469592,Q1,,1,1,Q1,Q1
https://openalex.org/W2071421279,10106030,Q2,,2,2,Q2,Q2
https://openalex.org/W2071521257,01468030,Q3,,3,3,Q3,Q3
https://openalex.org/W2071529921,03048853,Q2,,2,2,Q2,Q2
https://openalex.org/W2071536022,0167577X,Q2,,2,2,Q2,Q2
https://openalex.org/W2071596398,00223727,Q1,,1,1,Q1,Q1
https://openalex.org/W2071616119,00346748,Q1,,1,1,Q1,Q1
https://openalex.org/W2071643928,01672738,Q1,,1,1,Q1,Q1
https://openalex.org/W2071644830,08952477,Q2,,3,3,Q3,Q3
https://openalex.org/W2071657191,02578972,Q1,,1,1,Q1,Q1
https://openalex.org/W2071667288,00092614,Q1,,1,1,Q1,Q1
https://openalex.org/W2071673800,09600779,-,,5,5,Unranked,Unranked
https://openalex.org/W2071676220,01689002,Q1,,1,1,Q1,Q1
https://openalex.org/W2071690860,09215107,Q2,,2,2,Q2,Q2
https://openalex.org/W2071724445,00036951,Q1,,1,1,Q1,Q1
https://openalex.org/W2071727553,07496036,Q3,,2,2,Q2,Q2
https://openalex.org/W2071738427,02630346,Q2,,1,2,Q1,Q2
https://openalex.org/W2071758869,00223093,Q1,,2,2,Q2,Q2
https://openalex.org/W2071766332,10179909,Q3,,3,3,Q3,Q3
https://openalex.org/W2071804967,00207683,Q1,,1,1,Q1,Q1
https://openalex.org/W2071805500,09215093,Q1,,1,1,Q1,Q1
https://openalex.org/W2071819932,07342101,Q1,,2,2,Q2,Q2
https://openalex.org/W2071839081,15361055,Q3,,3,3,Q3,Q3
https://openalex.org/W2071842414,01438166,Q2,,1,1,Q1,Q1
https://openalex.org/W2071855708,0003682X,Q2,,1,1,Q1,Q1
https://openalex.org/W2071888720,00036951,Q1,,1,1,Q1,Q1
https://openalex.org/W2071925616,09259635,Q1,,1,1,Q1,Q1
https://openalex.org/W2071943707,0042207X,Q2,,2,2,Q2,Q2
https://openalex.org/W2071952246,07437463,Q1,,1,1,Q1,Q1
https://openalex.org/W2071961987,00223115,Q2,,2,2,Q2,Q2
https://openalex.org/W2071975806,0041624X,Q2,,1,1,Q1,Q1
https://openalex.org/W2071993693,02681242,Q1,,1,1,Q1,Q1
https://openalex.org/W2071996613,00036951,Q1,,1,1,Q1,Q1
https://openalex.org/W2072074127,05848547,Q1,,1,1,Q1,Q1
https://openalex.org/W2072088081,00223697,Q2,,2,2,Q2,Q2
https://openalex.org/W2072093928,09244247,Q1,,1,1,Q1,Q1
https://openalex.org/W2072117430,00037028,Q1,,2,2,Q2,Q2
https://openalex.org/W2072134504,00214922,-,,5,3,Unranked,Q3
https://openalex.org/W2072183949,10984402,Q2,,1,1,Q1,Q1
https://openalex.org/W2072209658,00134651,Q1,,1,1,Q1,Q1
https://openalex.org/W2072237880,00036951,Q1,,1,1,Q1,Q1
https://openalex.org/W2072240619,00346748,Q1,,1,1,Q1,Q1
https://openalex.org/W2072262377,00218979,Q1,,1,1,Q1,Q1
https://openalex.org/W2072302724,01694332,-,,5,5,Unranked,Unranked
https://openalex.org/W2072304582,00406090,Q2,,2,2,Q2,Q2
https://openalex.org/W2072313068,01448420,Q3,,2,2,Q2,Q2
https://openalex.org/W2072421864,09277765,Q3,,1,1,Q1,Q1
https://openalex.org/W2072429040,03603199,Q1,,1,1,Q1,Q1
https://openalex.org/W2072473453,07351933,Q2,,1,1,Q1,Q1
https://openalex.org/W2072504933,10402004,Q2,,2,2,Q2,Q2
https://openalex.org/W2072525245,01413910,Q1,,1,1,Q1,Q1
https://openalex.org/W2072588228,07496036,Q3,,2,2,Q2,Q2
https://openalex.org/W2072665989,09244247,Q1,,1,1,Q1,Q1
https://openalex.org/W2072710114,00396028,Q1,,1,1,Q1,Q1
https://openalex.org/W2072738940,03702693,Q1,,1,1,Q1,Q1
https://openalex.org/W2072752765,10840184,Q2,,2,2,Q2,Q2
https://openalex.org/W2072781393,02670836,Q2,,2,2,Q2,Q2
https://openalex.org/W2072796356,00134651,Q1,,1,1,Q1,Q1
https://openalex.org/W2072806971,00431648,Q1,,1,1,Q1,Q1
https://openalex.org/W2072878185,00218979,Q1,,1,1,Q1,Q1
https://openalex.org/W2072879277,0969806X,Q3,,2,2,Q2,Q2
https://openalex.org/W2072942599,09215093,Q1,,1,1,Q1,Q1
https://openalex.org/W2072979163,01469592,Q1,,1,1,Q1,Q1
https://openalex.org/W2073006468,09214534,Q2,,2,2,Q2,Q2
https://openalex.org/W2073023360,00014966,Q1,,1,1,Q1,Q1
https://openalex.org/W2073046487,09638695,Q2,,1,1,Q1,Q1
https://openalex.org/W2073051382,0167577X,Q2,,2,2,Q2,Q2
https://openalex.org/W2073064451,00036951,Q1,,1,1,Q1,Q1
https://openalex.org/W2073084075,0167577X,Q2,,2,2,Q2,Q2
https://openalex.org/W2073102331,13873806,Q1,,1,1,Q1,Q1
https://openalex.org/W2073118498,03796779,Q2,,2,2,Q2,Q2
https://openalex.org/W2073138527,00036951,Q1,,1,1,Q1,Q1
https://openalex.org/W2073154658,10238883,Q2,,1,1,Q1,Q1
https://openalex.org/W2073184320,00431648,Q1,,1,1,Q1,Q1
https://openalex.org/W2073190199,03784371,Q2,,2,2,Q2,Q2
https://openalex.org/W2073190419,02670836,Q2,,2,2,Q2,Q2
https://openalex.org/W2073237688,00431648,Q1,,1,1,Q1,Q1
https://openalex.org/W2073253072,10992871,Q4,,3,3,Q3,Q3
https://openalex.org/W2073327006,01469592,Q1,,1,1,Q1,Q1
https://openalex.org/W2073344293,09215107,Q2,,2,2,Q2,Q2
https://openalex.org/W2073356784,01679317,Q1,,2,2,Q2,Q2
https://openalex.org/W2073367030,13698001,Q2,,2,2,Q2,Q2
https://openalex.org/W2073391912,1042346X,Q2,,2,2,Q2,Q2
https://openalex.org/W2073401373,00014966,Q1,,1,1,Q1,Q1
https://openalex.org/W2073410270,01672738,Q1,,1,1,Q1,Q1
https://openalex.org/W2073436270,00220248,Q1,,2,2,Q2,Q2
https://openalex.org/W2073513253,01679317,Q1,,2,2,Q2,Q2
https://openalex.org/W2073515077,01413910,Q1,,1,1,Q1,Q1
https://openalex.org/W2073516706,14346001,Q1,,1,2,Q1,Q2
https://openalex.org/W2073552381,03615235,Q1,,2,2,Q2,Q2
https://openalex.org/W2073595774,01672738,Q1,,1,1,Q1,Q1
https://openalex.org/W2073600150,00346748,Q1,,1,1,Q1,Q1
https://openalex.org/W2073601846,09277757,-,,5,5,Unranked,Unranked
https://openalex.org/W2073606477,0041624X,Q2,,1,1,Q1,Q1
https://openalex.org/W2073618707,0168583X,Q2,,2,2,Q2,Q2
https://openalex.org/W2073650718,0041624X,Q2,,1,1,Q1,Q1
https://openalex.org/W2073658679,03048853,Q2,,2,2,Q2,Q2
https://openalex.org/W2073670730,0256307X,Q3,,3,3,Q3,Q3
https://openalex.org/W2073670900,10599630,Q2,,2,2,Q2,Q2
https://openalex.org/W2073679928,01672738,Q1,,1,1,Q1,Q1
https://openalex.org/W2073694447,09638695,Q2,,1,1,Q1,Q1
https://openalex.org/W2073698388,00406090,Q2,,2,2,Q2,Q2
https://openalex.org/W2073715775,00218979,Q1,,1,1,Q1,Q1
https://openalex.org/W2073749991,0969806X,Q3,,2,2,Q2,Q2
https://openalex.org/W2073785980,19325150,Q2,,3,3,Q3,Q3
https://openalex.org/W2073816888,00406090,Q2,,2,2,Q2,Q2
https://openalex.org/W2073855249,00036951,Q1,,1,1,Q1,Q1
https://openalex.org/W2073855934,03068919,Q2,,3,3,Q3,Q3
https://openalex.org/W2073892425,03048853,Q2,,2,2,Q2,Q2
https://openalex.org/W2073896194,00406031,Q2,,2,2,Q2,Q2
https://openalex.org/W2073958354,07342101,Q1,,2,2,Q2,Q2
https://openalex.org/W2073972836,00222313,Q1,,2,2,Q2,Q2
https://openalex.org/W2074014515,0301679X,Q2,,1,1,Q1,Q1
https://openalex.org/W2074017144,09215093,Q1,,1,1,Q1,Q1
https://openalex.org/W2074035455,00036951,Q1,,1,1,Q1,Q1
https://openalex.org/W2074045706,01694243,Q2,,3,3,Q3,Q3
https://openalex.org/W2074061822,10411135,Q1,,1,1,Q1,Q1
https://openalex.org/W2074062294,09555986,Q3,,2,2,Q2,Q2
https://openalex.org/W2074079872,00262714,Q2,,2,2,Q2,Q2
https://openalex.org/W2074107829,00319104,Q3,,3,3,Q3,Q3
https://openalex.org/W2074151739,03048853,Q2,,2,2,Q2,Q2
https://openalex.org/W2074160801,0969806X,Q3,,2,2,Q2,Q2
https://openalex.org/W2074179523,05848547,Q1,,1,1,Q1,Q1
https://openalex.org/W2074189409,00036951,Q1,,1,1,Q1,Q1
https://openalex.org/W2074197358,09205071,Q2,,3,3,Q3,Q3
https://openalex.org/W2074199203,02670844,Q3,,3,3,Q3,Q3
https://openalex.org/W2074211099,03048853,Q2,,2,2,Q2,Q2
https://openalex.org/W2074216680,09532048,Q1,,1,1,Q1,Q1
https://openalex.org/W2074220336,00295493,Q2,,2,2,Q2,Q2
https://openalex.org/W2074226081,00318949,Q3,,3,3,Q3,Q3
https://openalex.org/W2074254516,10741542,Q3,,3,3,Q3,Q3
https://openalex.org/W2074259714,0167577X,Q2,,2,2,Q2,Q2
https://openalex.org/W2074272514,13596462,Q1,,1,1,Q1,Q1
https://openalex.org/W2074272579,00134651,Q1,,1,1,Q1,Q1
https://openalex.org/W2074281780,00346748,Q1,,1,1,Q1,Q1
https://openalex.org/W2074293258,00262714,Q2,,2,2,Q2,Q2
https://openalex.org/W2074351621,02578972,Q1,,1,1,Q1,Q1
https://openalex.org/W2074375448,09259635,Q1,,1,1,Q1,Q1
https://openalex.org/W2074386274,00431648,Q1,,1,1,Q1,Q1
https://openalex.org/W2074389530,01672738,Q1,,1,1,Q1,Q1
https://openalex.org/W2074402601,02731177,-,,5,5,Unranked,Unranked
https://openalex.org/W2074416268,09574522,Q2,,2,2,Q2,Q2
https://openalex.org/W2074443137,09698043,Q1,,2,2,Q2,Q2
https://openalex.org/W2074447729,09215093,Q1,,1,1,Q1,Q1
https://openalex.org/W2074450050,15287483,Q1,,1,1,Q1,Q1
https://openalex.org/W2074450604,01469592,Q1,,1,1,Q1,Q1
https://openalex.org/W2074488693,00220248,Q1,,2,2,Q2,Q2
https://openalex.org/W2074497266,00036951,Q1,,1,1,Q1,Q1
https://openalex.org/W2074498159,13861425,Q2,,2,2,Q2,Q2
https://openalex.org/W2074498829,09090495,Q2,,1,1,Q1,Q1
https://openalex.org/W2074522996,0004637X,Q1,,1,1,Q1,Q1
https://openalex.org/W2074526102,00036951,Q1,,1,1,Q1,Q1
https://openalex.org/W2074537052,09244247,Q1,,1,1,Q1,Q1
https://openalex.org/W2074551564,00220248,Q1,,2,2,Q2,Q2
https://openalex.org/W2074565299,00346748,Q1,,1,1,Q1,Q1
https://openalex.org/W2074588914,0969806X,Q3,,2,2,Q2,Q2
https://openalex.org/W2074590213,00431648,Q1,,1,1,Q1,Q1
https://openalex.org/W2074619361,09244247,Q1,,1,1,Q1,Q1
https://openalex.org/W2074619619,00406031,Q2,,2,2,Q2,Q2
https://openalex.org/W2074625851,01679317,Q1,,2,2,Q2,Q2
https://openalex.org/W2074638505,09532048,Q1,,1,1,Q1,Q1
https://openalex.org/W2074641733,13853449,Q2,,2,2,Q2,Q2
https://openalex.org/W2074736353,00214922,-,,5,3,Unranked,Q3
https://openalex.org/W2074740351,10238883,Q2,,1,1,Q1,Q1
https://openalex.org/W2074750843,00134651,Q1,,1,1,Q1,Q1
https://openalex.org/W2074806323,00223115,Q2,,2,2,Q2,Q2
https://openalex.org/W2074814871,00214922,-,,5,3,Unranked,Q3
https://openalex.org/W2074829883,09270256,Q2,,1,1,Q1,Q1
https://openalex.org/W2074850841,03048853,Q2,,2,2,Q2,Q2
https://openalex.org/W2074905782,00134651,Q1,,1,1,Q1,Q1
https://openalex.org/W2074906953,09244247,Q1,,1,1,Q1,Q1
https://openalex.org/W2074938615,01672738,Q1,,1,1,Q1,Q1
https://openalex.org/W2074945675,00220248,Q1,,2,2,Q2,Q2
https://openalex.org/W2074992511,00346748,Q1,,1,1,Q1,Q1
https://openalex.org/W2075037158,09570233,Q1,,1,1,Q1,Q1
https://openalex.org/W2075046308,09698043,Q1,,2,2,Q2,Q2
https://openalex.org/W2075048595,03048853,Q2,,2,2,Q2,Q2
https://openalex.org/W2075068983,03759474,Q1,,1,1,Q1,Q1
https://openalex.org/W2075075061,03048853,Q2,,2,2,Q2,Q2
https://openalex.org/W2075082608,01679317,Q1,,2,2,Q2,Q2
https://openalex.org/W2075104983,00092614,Q1,,1,1,Q1,Q1
https://openalex.org/W2075119951,05704928,Q1,,1,1,Q1,Q1
https://openalex.org/W2075123534,09214526,Q2,,2,2,Q2,Q2
https://openalex.org/W2075159007,13873806,Q1,,1,1,Q1,Q1
https://openalex.org/W2075179806,09214534,Q2,,2,2,Q2,Q2
https://openalex.org/W2075217766,13504177,Q1,,1,1,Q1,Q1
https://openalex.org/W2075249636,10445803,Q2,,1,1,Q1,Q1
https://openalex.org/W2075261541,1070664X,Q1,,1,1,Q1,Q1
https://openalex.org/W2075271732,09532048,Q1,,1,1,Q1,Q1
https://openalex.org/W2075276144,02578972,Q1,,1,1,Q1,Q1
https://openalex.org/W2075278013,09295607,Q2,,2,2,Q2,Q2
https://openalex.org/W2075314289,00381101,Q2,,2,2,Q2,Q2
https://openalex.org/W2075335925,13853449,Q2,,2,2,Q2,Q2
https://openalex.org/W2075343509,00218979,Q1,,1,1,Q1,Q1
https://openalex.org/W2075387966,10637710,Q3,,2,2,Q2,Q2
https://openalex.org/W2075458281,00014966,Q1,,1,1,Q1,Q1
https://openalex.org/W2075528041,10106030,Q2,,2,2,Q2,Q2
https://openalex.org/W2075552239,03603199,Q1,,1,1,Q1,Q1
https://openalex.org/W2075573295,01672738,Q1,,1,1,Q1,Q1
https://openalex.org/W2075574942,00214922,-,,5,3,Unranked,Q3
https://openalex.org/W2075581939,09467076,Q3,,3,3,Q3,Q3
https://openalex.org/W2075593892,10445803,Q2,,1,1,Q1,Q1
https://openalex.org/W2075607127,10944087,Q1,,1,1,Q1,Q1
https://openalex.org/W2075633074,09253467,Q2,,2,2,Q2,Q2
https://openalex.org/W2075636260,00262714,Q2,,2,2,Q2,Q2
https://openalex.org/W2075647469,01700839,Q2,,2,2,Q2,Q2
https://openalex.org/W2075667972,00381098,Q1,,1,2,Q1,Q2
https://openalex.org/W2075688675,02649381,Q1,,1,1,Q1,Q1
https://openalex.org/W2075704623,00223697,Q2,,2,2,Q2,Q2
https://openalex.org/W2075715659,09532048,Q1,,1,1,Q1,Q1
https://openalex.org/W2075757500,13492543,-,,4,4,Q4,Q4
https://openalex.org/W2075770302,00036951,Q1,,1,1,Q1,Q1
https://openalex.org/W2075783904,08952477,Q2,,3,3,Q3,Q3
https://openalex.org/W2075827306,09244247,Q1,,1,1,Q1,Q1
https://openalex.org/W2075889302,01652125,Q2,,2,2,Q2,Q2
https://openalex.org/W2075904488,14786435,Q1,,1,1,Q1,Q1
https://openalex.org/W2075942859,03048853,Q2,,2,2,Q2,Q2
https://openalex.org/W2075990247,07234864,Q2,,1,1,Q1,Q1
https://openalex.org/W2076013791,00189197,Q1,,1,1,Q1,Q1
https://openalex.org/W2076014404,00214922,-,,5,3,Unranked,Q3
https://openalex.org/W2076015863,00220248,Q1,,2,2,Q2,Q2
https://openalex.org/W2076016288,01694332,-,,5,5,Unranked,Unranked
https://openalex.org/W2076077968,09277765,Q3,,1,1,Q1,Q1
https://openalex.org/W2076079773,01689002,Q1,,1,1,Q1,Q1
https://openalex.org/W2076098908,09215093,Q1,,1,1,Q1,Q1
https://openalex.org/W2076117654,10221352,Q1,,1,1,Q1,Q1
https://openalex.org/W2076145153,00114626,Q3,,3,4,Q3,Q4
https://openalex.org/W2076177390,09215093,Q1,,1,1,Q1,Q1
https://openalex.org/W2076202572,00318949,Q3,,3,3,Q3,Q3
https://openalex.org/W2076231209,00213640,Q2,,2,2,Q2,Q2
https://openalex.org/W2076238271,03048853,Q2,,2,2,Q2,Q2
https://openalex.org/W2076266403,01438166,Q2,,1,1,Q1,Q1
https://openalex.org/W2076280038,09244247,Q1,,1,1,Q1,Q1
https://openalex.org/W2076296357,00214876,Q3,,3,3,Q3,Q3
https://openalex.org/W2076361909,00223115,Q2,,2,2,Q2,Q2
https://openalex.org/W2076383226,09244247,Q1,,1,1,Q1,Q1
https://openalex.org/W2076389414,0168583X,Q2,,2,2,Q2,Q2
https://openalex.org/W2076401220,03010104,Q1,,2,2,Q2,Q2
https://openalex.org/W2076427366,00220248,Q1,,2,2,Q2,Q2
https://openalex.org/W2076484032,00036951,Q1,,1,1,Q1,Q1
https://openalex.org/W2076498075,01672738,Q1,,1,1,Q1,Q1
https://openalex.org/W2076499135,00218979,Q1,,1,1,Q1,Q1
https://openalex.org/W2076500367,01694332,-,,5,5,Unranked,Unranked
https://openalex.org/W2076500914,01689002,Q1,,1,1,Q1,Q1
https://openalex.org/W2076525477,02731177,-,,5,5,Unranked,Unranked
https://openalex.org/W2076561101,02731177,-,,5,5,Unranked,Unranked
https://openalex.org/W2076594225,08853010,Q1,,1,1,Q1,Q1
https://openalex.org/W2076606880,00381101,Q2,,2,2,Q2,Q2
https://openalex.org/W2076633458,03048853,Q2,,2,2,Q2,Q2
https://openalex.org/W2076637909,03784371,Q2,,2,2,Q2,Q2
https://openalex.org/W2076662202,0256307X,Q3,,3,3,Q3,Q3
https://openalex.org/W2076675401,13544063,Q3,,3,3,Q3,Q3
https://openalex.org/W2076689625,01694332,-,,5,5,Unranked,Unranked
https://openalex.org/W2076690983,00304018,Q1,,2,2,Q2,Q2
https://openalex.org/W2076725394,10627995,Q2,,1,1,Q1,Q1
https://openalex.org/W2076754735,09214526,Q2,,2,2,Q2,Q2
https://openalex.org/W2076777289,0168583X,Q2,,2,2,Q2,Q2
https://openalex.org/W2076808510,07342101,Q1,,2,2,Q2,Q2
https://openalex.org/W2076843577,13596462,Q1,,1,1,Q1,Q1
https://openalex.org/W2076881586,01694332,-,,5,5,Unranked,Unranked
https://openalex.org/W2076882216,12928941,Q1,,2,2,Q2,Q2
https://openalex.org/W2076927135,01694243,Q2,,3,3,Q3,Q3
https://openalex.org/W2076956468,09215093,Q1,,1,1,Q1,Q1
https://openalex.org/W2076965875,00346748,Q1,,1,1,Q1,Q1
https://openalex.org/W2076966972,00472689,Q1,,1,1,Q1,Q1
https://openalex.org/W2076981808,03048853,Q2,,2,2,Q2,Q2
https://openalex.org/W2077004980,08853010,Q1,,1,1,Q1,Q1
https://openalex.org/W2077012117,00092614,Q1,,1,1,Q1,Q1
https://openalex.org/W2077033397,01689002,Q1,,1,1,Q1,Q1
https://openalex.org/W2077034643,09280707,Q2,,2,2,Q2,Q2
https://openalex.org/W2077054326,00220248,Q1,,2,2,Q2,Q2
https://openalex.org/W2077064255,01694332,-,,5,5,Unranked,Unranked
https://openalex.org/W2077104443,0041624X,Q2,,1,1,Q1,Q1
https://openalex.org/W2077106063,00223697,Q2,,2,2,Q2,Q2
https://openalex.org/W2077110826,09215093,Q1,,1,1,Q1,Q1
https://openalex.org/W2077118386,14786435,Q1,,1,1,Q1,Q1
https://openalex.org/W2077125422,00036951,Q1,,1,1,Q1,Q1
https://openalex.org/W2077153866,09500340,Q2,,2,2,Q2,Q2
https://openalex.org/W2077155370,09215093,Q1,,1,1,Q1,Q1
https://openalex.org/W2077176874,00380938,Q2,,2,2,Q2,Q2
https://openalex.org/W2077188394,09574522,Q2,,2,2,Q2,Q2
https://openalex.org/W2077207263,10637850,Q3,,3,3,Q3,Q3
https://openalex.org/W2077209418,00223115,Q2,,2,2,Q2,Q2
https://openalex.org/W2077222229,15297853,Q3,,2,2,Q2,Q2
https://openalex.org/W2077252184,00223131,Q3,,3,3,Q3,Q3
https://openalex.org/W2077282488,02540584,Q2,,2,2,Q2,Q2
https://openalex.org/W2077301210,03797112,Q3,,2,2,Q2,Q2
https://openalex.org/W2077349804,10944087,Q1,,1,1,Q1,Q1
https://openalex.org/W2077356234,01694332,-,,5,5,Unranked,Unranked
https://openalex.org/W2077364653,00036951,Q1,,1,1,Q1,Q1
https://openalex.org/W2077382583,00036951,Q1,,1,1,Q1,Q1
https://openalex.org/W2077413643,00220248,Q1,,2,2,Q2,Q2
https://openalex.org/W2077431829,01672738,Q1,,1,1,Q1,Q1
https://openalex.org/W2077446133,13698001,Q2,,2,2,Q2,Q2
https://openalex.org/W2077503857,00218979,Q1,,1,1,Q1,Q1
https://openalex.org/W2077506160,00406090,Q2,,2,2,Q2,Q2
https://openalex.org/W2077566993,00214922,-,,5,3,Unranked,Q3
https://openalex.org/W2077574071,01679317,Q1,,2,2,Q2,Q2
https://openalex.org/W2077612780,13504487,Q2,,2,2,Q2,Q2
https://openalex.org/W2077649468,01679317,Q1,,2,2,Q2,Q2
https://openalex.org/W2077652289,00036951,Q1,,1,1,Q1,Q1
https://openalex.org/W2077654815,09477047,Q3,,2,2,Q2,Q2
https://openalex.org/W2077685582,14668033,Q1,,1,1,Q1,Q1
https://openalex.org/W2077701441,00406090,Q2,,2,2,Q2,Q2
https://openalex.org/W2077730374,09600779,-,,5,5,Unranked,Unranked
https://openalex.org/W2077731657,09215093,Q1,,1,1,Q1,Q1
https://openalex.org/W2077737772,00406090,Q2,,2,2,Q2,Q2
https://openalex.org/W2077749534,09491775,Q2,,2,2,Q2,Q2
https://openalex.org/W2077757824,03048853,Q2,,2,2,Q2,Q2
https://openalex.org/W2077762263,10735623,Q1,,1,1,Q1,Q1
https://openalex.org/W2077799365,02578972,Q1,,1,1,Q1,Q1
https://openalex.org/W2077814666,02540584,Q2,,2,2,Q2,Q2
https://openalex.org/W2077817606,0167577X,Q2,,2,2,Q2,Q2
https://openalex.org/W2077829113,00304018,Q1,,2,2,Q2,Q2
https://openalex.org/W2077848488,09254005,Q1,,1,1,Q1,Q1
https://openalex.org/W2077856809,03783812,Q2,,1,1,Q1,Q1
https://openalex.org/W2077913045,00346748,Q1,,1,1,Q1,Q1
https://openalex.org/W2077916969,0301679X,Q2,,1,1,Q1,Q1
https://openalex.org/W2077928453,00014966,Q1,,1,1,Q1,Q1
https://openalex.org/W2077968916,09215107,Q2,,2,2,Q2,Q2
https://openalex.org/W2077999097,03702693,Q1,,1,1,Q1,Q1
https://openalex.org/W2078008009,09462171,Q1,,1,1,Q1,Q1
https://openalex.org/W2078018591,0042207X,Q2,,2,2,Q2,Q2
https://openalex.org/W2078061764,00112275,Q1,,2,2,Q2,Q2
https://openalex.org/W2078068387,02681242,Q1,,1,1,Q1,Q1
https://openalex.org/W2078167494,09277757,-,,5,5,Unranked,Unranked
https://openalex.org/W2078171728,01694332,-,,5,5,Unranked,Unranked
https://openalex.org/W2078223509,13886150,Q3,,2,2,Q2,Q2
https://openalex.org/W2078228615,09244247,Q1,,1,1,Q1,Q1
https://openalex.org/W2078244658,0022460X,Q1,,1,1,Q1,Q1
https://openalex.org/W2078253258,00036951,Q1,,1,1,Q1,Q1
https://openalex.org/W2078289325,00406090,Q2,,2,2,Q2,Q2
https://openalex.org/W2078296544,00223115,Q2,,2,2,Q2,Q2
https://openalex.org/W2078297861,09253467,Q2,,2,2,Q2,Q2
https://openalex.org/W2078299139,09638695,Q2,,1,1,Q1,Q1
https://openalex.org/W2078353515,03603199,Q1,,1,1,Q1,Q1
https://openalex.org/W2078360154,09277757,-,,5,5,Unranked,Unranked
https://openalex.org/W2078375571,13861425,Q2,,2,2,Q2,Q2
https://openalex.org/W2078386533,01689002,Q1,,1,1,Q1,Q1
https://openalex.org/W2078437092,01689002,Q1,,1,1,Q1,Q1
https://openalex.org/W2078439761,0167577X,Q2,,2,2,Q2,Q2
https://openalex.org/W2078467372,00318949,Q3,,3,3,Q3,Q3
https://openalex.org/W2078489547,00220248,Q1,,2,2,Q2,Q2
https://openalex.org/W2078518204,00219606,Q1,,1,1,Q1,Q1
https://openalex.org/W2078518526,00220248,Q1,,2,2,Q2,Q2
https://openalex.org/W2078524420,13886150,Q3,,2,2,Q2,Q2
https://openalex.org/W2078529394,09277757,-,,5,5,Unranked,Unranked
https://openalex.org/W2078587696,08952477,Q2,,3,3,Q3,Q3
https://openalex.org/W2078606652,03048853,Q2,,2,2,Q2,Q2
https://openalex.org/W2078637033,0003682X,Q2,,1,1,Q1,Q1
https://openalex.org/W2078653494,0301679X,Q2,,1,1,Q1,Q1
https://openalex.org/W2078669099,15306984,Q1,,1,1,Q1,Q1
https://openalex.org/W2078708976,00223115,Q2,,2,2,Q2,Q2
https://openalex.org/W2078762666,00406090,Q2,,2,2,Q2,Q2
https://openalex.org/W2078773407,0030400X,Q3,,3,3,Q3,Q3
https://openalex.org/W2078778360,13596462,Q1,,1,1,Q1,Q1
https://openalex.org/W2078791604,00220248,Q1,,2,2,Q2,Q2
https://openalex.org/W2078805281,0042207X,Q2,,2,2,Q2,Q2
https://openalex.org/W2078827871,09254005,Q1,,1,1,Q1,Q1
https://openalex.org/W2078885310,1070664X,Q1,,1,1,Q1,Q1
https://openalex.org/W2078887477,13869477,Q2,,2,2,Q2,Q2
https://openalex.org/W2078901646,01694332,-,,5,5,Unranked,Unranked
https://openalex.org/W2078923851,0168583X,Q2,,2,2,Q2,Q2
https://openalex.org/W2078927970,00036951,Q1,,1,1,Q1,Q1
https://openalex.org/W2078942377,00223115,Q2,,2,2,Q2,Q2
https://openalex.org/W2079072632,10637818,Q4,,2,2,Q2,Q2
https://openalex.org/W2079133493,09574522,Q2,,2,2,Q2,Q2
https://openalex.org/W2079134785,0167577X,Q2,,2,2,Q2,Q2
https://openalex.org/W2079136477,0301679X,Q2,,1,1,Q1,Q1
https://openalex.org/W2079196788,00218979,Q1,,1,1,Q1,Q1
https://openalex.org/W2079240819,0022460X,Q1,,1,1,Q1,Q1
https://openalex.org/W2079251801,03048853,Q2,,2,2,Q2,Q2
https://openalex.org/W2079304374,14394235,Q1,,1,1,Q1,Q1
https://openalex.org/W2079343959,01689002,Q1,,1,1,Q1,Q1
https://openalex.org/W2079392966,08927057,Q3,,3,3,Q3,Q3
https://openalex.org/W2079410769,00406031,Q2,,2,2,Q2,Q2
https://openalex.org/W2079415088,00218979,Q1,,1,1,Q1,Q1
https://openalex.org/W2079428297,00295515,Q1,,1,1,Q1,Q1
https://openalex.org/W2079444839,00046361,Q1,,1,1,Q1,Q1
https://openalex.org/W2079479432,00220248,Q1,,2,2,Q2,Q2
https://openalex.org/W2079493868,00220248,Q1,,2,2,Q2,Q2
https://openalex.org/W2079498589,09254005,Q1,,1,1,Q1,Q1
https://openalex.org/W2079513050,09244247,Q1,,1,1,Q1,Q1
https://openalex.org/W2079533268,13504487,Q2,,2,2,Q2,Q2
https://openalex.org/W2079548803,10221352,Q1,,1,1,Q1,Q1
https://openalex.org/W2079551693,00223093,Q1,,2,2,Q2,Q2
https://openalex.org/W2079562280,09277056,Q2,,2,2,Q2,Q2
https://openalex.org/W2079598812,00036951,Q1,,1,1,Q1,Q1
https://openalex.org/W2079609894,00218979,Q1,,1,1,Q1,Q1
https://openalex.org/W2079723611,09215093,Q1,,1,1,Q1,Q1
https://openalex.org/W2079738594,15306984,Q1,,1,1,Q1,Q1
https://openalex.org/W2079776398,13504495,Q2,,2,2,Q2,Q2
https://openalex.org/W2079792383,13886150,Q3,,2,2,Q2,Q2
https://openalex.org/W2079800579,03048853,Q2,,2,2,Q2,Q2
https://openalex.org/W2079810317,01689002,Q1,,1,1,Q1,Q1
https://openalex.org/W2079815477,03048853,Q2,,2,2,Q2,Q2
https://openalex.org/W2079834734,00223093,Q1,,2,2,Q2,Q2
https://openalex.org/W2079838551,00220248,Q1,,2,2,Q2,Q2
https://openalex.org/W2079861052,01469592,Q1,,1,1,Q1,Q1
https://openalex.org/W2079891472,00431648,Q1,,1,1,Q1,Q1
https://openalex.org/W2079891503,00220248,Q1,,2,2,Q2,Q2
https://openalex.org/W2079921412,00381101,Q2,,2,2,Q2,Q2
https://openalex.org/W2079933654,08952477,Q2,,3,3,Q3,Q3
https://openalex.org/W2079964288,00320633,Q2,,2,2,Q2,Q2
https://openalex.org/W2080023182,09532048,Q1,,1,1,Q1,Q1
https://openalex.org/W2080043475,01469592,Q1,,1,1,Q1,Q1
https://openalex.org/W2080082476,10710922,Q3,,2,2,Q2,Q2
https://openalex.org/W2080088846,08952477,Q2,,3,3,Q3,Q3
https://openalex.org/W2080100604,15671739,Q2,,2,2,Q2,Q2
https://openalex.org/W2080103400,09215093,Q1,,1,1,Q1,Q1
https://openalex.org/W2080104052,00036951,Q1,,1,1,Q1,Q1
https://openalex.org/W2080124723,01694332,-,,5,5,Unranked,Unranked
https://openalex.org/W2080128283,01438166,Q2,,1,1,Q1,Q1
https://openalex.org/W2080131873,0168583X,Q2,,2,2,Q2,Q2
https://openalex.org/W2080151533,10637850,Q3,,3,3,Q3,Q3
https://openalex.org/W2080161778,00014966,Q1,,1,1,Q1,Q1
https://openalex.org/W2080185476,10735623,Q1,,1,1,Q1,Q1
https://openalex.org/W2080210760,03615235,Q1,,2,2,Q2,Q2
https://openalex.org/W2080211147,00346748,Q1,,1,1,Q1,Q1
https://openalex.org/W2080262525,09215093,Q1,,1,1,Q1,Q1
https://openalex.org/W2080266683,13504177,Q1,,1,1,Q1,Q1
https://openalex.org/W2080300002,0041624X,Q2,,1,1,Q1,Q1
https://openalex.org/W2080301040,10980121,Q1,,1,1,Q1,Q1
https://openalex.org/W2080308497,10735615,Q1,,1,1,Q1,Q1
https://openalex.org/W2080314930,00406090,Q2,,2,2,Q2,Q2
https://openalex.org/W2080358701,00223727,Q1,,1,1,Q1,Q1
https://openalex.org/W2080372666,01689002,Q1,,1,1,Q1,Q1
https://openalex.org/W2080400119,13861425,Q2,,2,2,Q2,Q2
https://openalex.org/W2080402948,09214534,Q2,,2,2,Q2,Q2
https://openalex.org/W2080408869,0030400X,Q3,,3,3,Q3,Q3
https://openalex.org/W2080428604,10833668,Q1,,1,1,Q1,Q1
https://openalex.org/W2080442329,13596462,Q1,,1,1,Q1,Q1
https://openalex.org/W2080471427,00255408,Q2,,2,2,Q2,Q2
https://openalex.org/W2080482296,0256307X,Q3,,3,3,Q3,Q3
https://openalex.org/W2080483437,02540584,Q2,,2,2,Q2,Q2
https://openalex.org/W2080487037,0969806X,Q3,,2,2,Q2,Q2
https://openalex.org/W2080494212,14394235,Q1,,1,1,Q1,Q1
https://openalex.org/W2080519630,03682048,Q1,,1,1,Q1,Q1
https://openalex.org/W2080577972,00431648,Q1,,1,1,Q1,Q1
https://openalex.org/W2080583172,02578972,Q1,,1,1,Q1,Q1
https://openalex.org/W2080618638,00223131,Q3,,3,3,Q3,Q3
https://openalex.org/W2080654216,10946969,Q3,,3,3,Q3,Q3
https://openalex.org/W2080658292,00346748,Q1,,1,1,Q1,Q1
https://openalex.org/W2080687572,03043843,Q3,,3,3,Q3,Q3
https://openalex.org/W2080756222,13861425,Q2,,2,2,Q2,Q2
https://openalex.org/W2080816730,09259635,Q1,,1,1,Q1,Q1
https://openalex.org/W2080866935,00381101,Q2,,2,2,Q2,Q2
https://openalex.org/W2080867500,00222348,Q2,,3,3,Q3,Q3
https://openalex.org/W2080894391,00406090,Q2,,2,2,Q2,Q2
https://openalex.org/W2080903172,02578972,Q1,,1,1,Q1,Q1
https://openalex.org/W2080945138,09254005,Q1,,1,1,Q1,Q1
https://openalex.org/W2080951589,08876266,Q1,,1,1,Q1,Q1
https://openalex.org/W2080955475,10267735,Q3,,3,3,Q3,Q3
https://openalex.org/W2080959034,07234864,Q2,,1,1,Q1,Q1
https://openalex.org/W2080991905,00036951,Q1,,1,1,Q1,Q1
https://openalex.org/W2081045405,00223131,Q3,,3,3,Q3,Q3
https://openalex.org/W2081048491,09254005,Q1,,1,1,Q1,Q1
https://openalex.org/W2081066488,09215093,Q1,,1,1,Q1,Q1
https://openalex.org/W2081108573,10637842,Q3,,3,3,Q3,Q3
https://openalex.org/W2081109901,03048853,Q2,,2,2,Q2,Q2
https://openalex.org/W2081149204,01413910,Q1,,1,1,Q1,Q1
https://openalex.org/W2081185180,00036951,Q1,,1,1,Q1,Q1
https://openalex.org/W2081202693,00223115,Q2,,2,2,Q2,Q2
https://openalex.org/W2081286339,09215107,Q2,,2,2,Q2,Q2
https://openalex.org/W2081288400,09215093,Q1,,1,1,Q1,Q1
https://openalex.org/W2081307013,09215093,Q1,,1,1,Q1,Q1
https://openalex.org/W2081312181,07342101,Q1,,2,2,Q2,Q2
https://openalex.org/W2081324544,00913286,Q2,,2,2,Q2,Q2
https://openalex.org/W2081390546,03015629,Q1,,1,1,Q1,Q1
https://openalex.org/W2081396625,13880764,Q2,,2,2,Q2,Q2
https://openalex.org/W2081499511,15306984,Q1,,1,1,Q1,Q1
https://openalex.org/W2081594547,00380938,Q2,,2,2,Q2,Q2
https://openalex.org/W2081605592,09254005,Q1,,1,1,Q1,Q1
https://openalex.org/W2081615710,09276440,Q3,,3,3,Q3,Q3
https://openalex.org/W2081622096,19325150,Q2,,3,3,Q3,Q3
https://openalex.org/W2081637506,02578972,Q1,,1,1,Q1,Q1
https://openalex.org/W2081641611,07437463,Q1,,1,1,Q1,Q1
https://openalex.org/W2081680605,03048853,Q2,,2,2,Q2,Q2
https://openalex.org/W2081705147,09215093,Q1,,1,1,Q1,Q1
https://openalex.org/W2081752738,14328488,Q2,,2,2,Q2,Q2
https://openalex.org/W2081762978,00406090,Q2,,2,2,Q2,Q2
https://openalex.org/W2081766666,02578972,Q1,,1,1,Q1,Q1
https://openalex.org/W2081808910,07437463,Q1,,1,1,Q1,Q1
https://openalex.org/W2081818426,13871811,Q1,,1,1,Q1,Q1
https://openalex.org/W2081831959,00406090,Q2,,2,2,Q2,Q2
https://openalex.org/W2081852225,09244247,Q1,,1,1,Q1,Q1
https://openalex.org/W2081858659,09215107,Q2,,2,2,Q2,Q2
https://openalex.org/W2081875486,13886150,Q3,,2,2,Q2,Q2
https://openalex.org/W2081878151,09254005,Q1,,1,1,Q1,Q1
https://openalex.org/W2081906361,00143057,Q2,,1,1,Q1,Q1
https://openalex.org/W2081916758,0042207X,Q2,,2,2,Q2,Q2
https://openalex.org/W2081947532,09570233,Q1,,1,1,Q1,Q1
https://openalex.org/W2081958721,03048853,Q2,,2,2,Q2,Q2
https://openalex.org/W2081979069,00224073,Q1,,1,1,Q1,Q1
https://openalex.org/W2082043196,09254005,Q1,,1,1,Q1,Q1
https://openalex.org/W2082052549,13886150,Q3,,2,2,Q2,Q2
https://openalex.org/W2082055928,00134651,Q1,,1,1,Q1,Q1
https://openalex.org/W2082072268,00295515,Q1,,1,1,Q1,Q1
https://openalex.org/W2082080728,01422421,Q2,,2,2,Q2,Q2
https://openalex.org/W2082087717,01689002,Q1,,1,1,Q1,Q1
https://openalex.org/W2082114529,09254005,Q1,,1,1,Q1,Q1
https://openalex.org/W2082128534,02670836,Q2,,2,2,Q2,Q2
https://openalex.org/W2082203175,00014966,Q1,,1,1,Q1,Q1
https://openalex.org/W2082227743,09214534,Q2,,2,2,Q2,Q2
https://openalex.org/W2082294038,13886150,Q3,,2,2,Q2,Q2
https://openalex.org/W2082309263,00406090,Q2,,2,2,Q2,Q2
https://openalex.org/W2082332616,02578972,Q1,,1,1,Q1,Q1
https://openalex.org/W2082336785,16005368,Q3,,4,4,Q4,Q4
https://openalex.org/W2082381296,01694332,-,,5,5,Unranked,Unranked
https://openalex.org/W2082437135,00218979,Q1,,1,1,Q1,Q1
https://openalex.org/W2082441598,09215107,Q2,,2,2,Q2,Q2
https://openalex.org/W2082443418,0022460X,Q1,,1,1,Q1,Q1
https://openalex.org/W2082456092,09574522,Q2,,2,2,Q2,Q2
https://openalex.org/W2082473760,10411135,Q1,,1,1,Q1,Q1
https://openalex.org/W2082546084,01469592,Q1,,1,1,Q1,Q1
https://openalex.org/W2082585855,10637818,Q4,,2,2,Q2,Q2
https://openalex.org/W2082610506,01469592,Q1,,1,1,Q1,Q1
https://openalex.org/W2082659611,09215093,Q1,,1,1,Q1,Q1
https://openalex.org/W2082660120,01694332,-,,5,5,Unranked,Unranked
https://openalex.org/W2082674913,03615235,Q1,,2,2,Q2,Q2
https://openalex.org/W2082687430,00220248,Q1,,2,2,Q2,Q2
https://openalex.org/W2082693388,01694332,-,,5,5,Unranked,Unranked
https://openalex.org/W2082749356,03048853,Q2,,2,2,Q2,Q2
https://openalex.org/W2082771480,01689002,Q1,,1,1,Q1,Q1
https://openalex.org/W2082776059,09244247,Q1,,1,1,Q1,Q1
https://openalex.org/W2082792213,00036951,Q1,,1,1,Q1,Q1
https://openalex.org/W2082832574,09215093,Q1,,1,1,Q1,Q1
https://openalex.org/W2082885157,00179310,Q1,,1,1,Q1,Q1
https://openalex.org/W2082900274,03783812,Q2,,1,1,Q1,Q1
https://openalex.org/W2082916721,09276505,Q2,,1,1,Q1,Q1
https://openalex.org/W2082927707,03603199,Q1,,1,1,Q1,Q1
https://openalex.org/W2082942279,00406090,Q2,,2,2,Q2,Q2
https://openalex.org/W2082956959,09284931,Q2,,2,2,Q2,Q2
https://openalex.org/W2082970665,01423312,Q3,,2,2,Q2,Q2
https://openalex.org/W2082977536,00406090,Q2,,2,2,Q2,Q2
https://openalex.org/W2083036450,00036951,Q1,,1,1,Q1,Q1
https://openalex.org/W2083054364,10400400,Q3,,3,3,Q3,Q3
https://openalex.org/W2083064279,10944087,Q1,,1,1,Q1,Q1
https://openalex.org/W2083086133,02578972,Q1,,1,1,Q1,Q1
https://openalex.org/W2083118989,19325150,Q2,,3,3,Q3,Q3
https://openalex.org/W2083147785,09254005,Q1,,1,1,Q1,Q1
https://openalex.org/W2083181915,13876473,Q2,,2,2,Q2,Q2
https://openalex.org/W2083190144,01689002,Q1,,1,1,Q1,Q1
https://openalex.org/W2083228315,00431648,Q1,,1,1,Q1,Q1
https://openalex.org/W2083228528,08876266,Q1,,1,1,Q1,Q1
https://openalex.org/W2083244549,00304018,Q1,,2,2,Q2,Q2
https://openalex.org/W2083247300,10267735,Q3,,3,3,Q3,Q3
https://openalex.org/W2083272667,00036951,Q1,,1,1,Q1,Q1
https://openalex.org/W2083282690,09500839,Q1,,1,1,Q1,Q1
https://openalex.org/W2083292850,01677322,Q2,,2,2,Q2,Q2
https://openalex.org/W2083305595,09215093,Q1,,1,1,Q1,Q1
https://openalex.org/W2083314534,09491775,Q2,,2,2,Q2,Q2
https://openalex.org/W2083351080,00220248,Q1,,2,2,Q2,Q2
https://openalex.org/W2083370103,02578972,Q1,,1,1,Q1,Q1
https://openalex.org/W2083384595,13861425,Q2,,2,2,Q2,Q2
https://openalex.org/W2083416734,02670836,Q2,,2,2,Q2,Q2
https://openalex.org/W2083452972,09232958,Q3,,2,2,Q2,Q2
https://openalex.org/W2083464696,00223727,Q1,,1,1,Q1,Q1
https://openalex.org/W2083470013,00223131,Q3,,3,3,Q3,Q3
https://openalex.org/W2083485151,02540584,Q2,,2,2,Q2,Q2
https://openalex.org/W2083549960,03759601,Q2,,2,2,Q2,Q2
https://openalex.org/W2083559991,15671739,Q2,,2,2,Q2,Q2
https://openalex.org/W2083599293,00223115,Q2,,2,2,Q2,Q2
https://openalex.org/W2083600942,00381101,Q2,,2,2,Q2,Q2
https://openalex.org/W2083617708,02670836,Q2,,2,2,Q2,Q2
https://openalex.org/W2083636783,10944087,Q1,,1,1,Q1,Q1
https://openalex.org/W2083655592,01689002,Q1,,1,1,Q1,Q1
https://openalex.org/W2083667500,10735623,Q1,,1,1,Q1,Q1
https://openalex.org/W2083699080,01694332,-,,5,5,Unranked,Unranked
https://openalex.org/W2083789669,09254005,Q1,,1,1,Q1,Q1
https://openalex.org/W2083808545,10944087,Q1,,1,1,Q1,Q1
https://openalex.org/W2083814618,09253467,Q2,,2,2,Q2,Q2
https://openalex.org/W2083818882,09254005,Q1,,1,1,Q1,Q1
https://openalex.org/W2083829400,09254005,Q1,,1,1,Q1,Q1
https://openalex.org/W2083829810,13596462,Q1,,1,1,Q1,Q1
https://openalex.org/W2083833685,0022460X,Q1,,1,1,Q1,Q1
https://openalex.org/W2083852610,00036951,Q1,,1,1,Q1,Q1
https://openalex.org/W2083855828,13698001,Q2,,2,2,Q2,Q2
https://openalex.org/W2083866695,00406031,Q2,,2,2,Q2,Q2
https://openalex.org/W2083892047,03701972,Q2,,2,2,Q2,Q2
https://openalex.org/W2083901230,09277765,Q3,,1,1,Q1,Q1
https://openalex.org/W2083935495,00036951,Q1,,1,1,Q1,Q1
https://openalex.org/W2083979128,00304018,Q1,,2,2,Q2,Q2
https://openalex.org/W2084029568,01672738,Q1,,1,1,Q1,Q1
https://openalex.org/W2084065582,00036951,Q1,,1,1,Q1,Q1
https://openalex.org/W2084068214,01672738,Q1,,1,1,Q1,Q1
https://openalex.org/W2084069635,05848547,Q1,,1,1,Q1,Q1
https://openalex.org/W2084083486,01694332,-,,5,5,Unranked,Unranked
https://openalex.org/W2084090416,09462171,Q1,,1,1,Q1,Q1
https://openalex.org/W2084110757,13886150,Q3,,2,2,Q2,Q2
https://openalex.org/W2084167683,09698043,Q1,,2,2,Q2,Q2
https://openalex.org/W2084183429,0217751X,Q2,,2,2,Q2,Q2
https://openalex.org/W2084189204,07496036,Q3,,2,2,Q2,Q2
https://openalex.org/W2084235660,01469592,Q1,,1,1,Q1,Q1
https://openalex.org/W2084249910,09244247,Q1,,1,1,Q1,Q1
https://openalex.org/W2084249996,00913286,Q2,,2,2,Q2,Q2
https://openalex.org/W2084259986,00223697,Q2,,2,2,Q2,Q2
https://openalex.org/W2084271368,02540584,Q2,,2,2,Q2,Q2
https://openalex.org/W2084272853,01469592,Q1,,1,1,Q1,Q1
https://openalex.org/W2084277917,09280707,Q2,,2,2,Q2,Q2
https://openalex.org/W2084280234,13504487,Q2,,2,2,Q2,Q2
https://openalex.org/W2084296622,09570233,Q1,,1,1,Q1,Q1
https://openalex.org/W2084353158,02540584,Q2,,2,2,Q2,Q2
https://openalex.org/W2084447646,0022460X,Q1,,1,1,Q1,Q1
https://openalex.org/W2084450590,00406090,Q2,,2,2,Q2,Q2
https://openalex.org/W2084456310,14381656,Q2,,1,1,Q1,Q1
https://openalex.org/W2084478014,09500340,Q2,,2,2,Q2,Q2
https://openalex.org/W2084505402,00036951,Q1,,1,1,Q1,Q1
https://openalex.org/W2084507060,03615235,Q1,,2,2,Q2,Q2
https://openalex.org/W2084510386,07413335,Q1,,1,1,Q1,Q1
https://openalex.org/W2084565953,00346748,Q1,,1,1,Q1,Q1
https://openalex.org/W2084589605,00214922,-,,5,3,Unranked,Q3
https://openalex.org/W2084590588,01430807,Q3,,2,2,Q2,Q2
https://openalex.org/W2084594240,03048853,Q2,,2,2,Q2,Q2
https://openalex.org/W2084601625,03759601,Q2,,2,2,Q2,Q2
https://openalex.org/W2084613433,13590294,Q1,,1,1,Q1,Q1
https://openalex.org/W2084661957,01672738,Q1,,1,1,Q1,Q1
https://openalex.org/W2084680873,00913286,Q2,,2,2,Q2,Q2
https://openalex.org/W2084758967,09698043,Q1,,2,2,Q2,Q2
https://openalex.org/W2084798416,02751062,Q4,,4,4,Q4,Q4
https://openalex.org/W2084802540,13596462,Q1,,1,1,Q1,Q1
https://openalex.org/W2084807859,02179849,Q3,,3,3,Q3,Q3
https://openalex.org/W2084841380,02578972,Q1,,1,1,Q1,Q1
https://openalex.org/W2084849398,00223727,Q1,,1,1,Q1,Q1
https://openalex.org/W2084859264,09574522,Q2,,2,2,Q2,Q2
https://openalex.org/W2084860310,0022460X,Q1,,1,1,Q1,Q1
https://openalex.org/W2084865830,09259635,Q1,,1,1,Q1,Q1
https://openalex.org/W2084866529,01689002,Q1,,1,1,Q1,Q1
https://openalex.org/W2084878781,02578972,Q1,,1,1,Q1,Q1
https://openalex.org/W2084887132,09244247,Q1,,1,1,Q1,Q1
https://openalex.org/W2084910612,00406090,Q2,,2,2,Q2,Q2
https://openalex.org/W2084999896,00223093,Q1,,2,2,Q2,Q2
https://openalex.org/W2085012098,14381656,Q2,,1,1,Q1,Q1
https://openalex.org/W2085065236,09253467,Q2,,2,2,Q2,Q2
https://openalex.org/W2085094339,01694332,-,,5,5,Unranked,Unranked
https://openalex.org/W2085102823,02578972,Q1,,1,1,Q1,Q1
https://openalex.org/W2085109558,01689002,Q1,,1,1,Q1,Q1
https://openalex.org/W2085115713,09215107,Q2,,2,2,Q2,Q2
https://openalex.org/W2085125184,0168583X,Q2,,2,2,Q2,Q2
https://openalex.org/W2085142560,13886150,Q3,,2,2,Q2,Q2
https://openalex.org/W2085171411,09215093,Q1,,1,1,Q1,Q1
https://openalex.org/W2085178843,14346044,Q1,,1,1,Q1,Q1
https://openalex.org/W2085182481,00222348,Q2,,3,3,Q3,Q3
https://openalex.org/W2085185766,00036951,Q1,,1,1,Q1,Q1
https://openalex.org/W2085190601,09254005,Q1,,1,1,Q1,Q1
https://openalex.org/W2085203511,07342101,Q1,,2,2,Q2,Q2
https://openalex.org/W2085243584,03043886,Q3,,2,2,Q2,Q2
https://openalex.org/W2085244857,00223115,Q2,,2,2,Q2,Q2
https://openalex.org/W2085268670,00222291,Q1,,2,2,Q2,Q2
https://openalex.org/W2085287463,15989623,Q3,,2,2,Q2,Q2
https://openalex.org/W2085332746,0042207X,Q2,,2,2,Q2,Q2
https://openalex.org/W2085346120,09277757,-,,5,5,Unranked,Unranked
https://openalex.org/W2085427032,13698001,Q2,,2,2,Q2,Q2
https://openalex.org/W2085464836,00346748,Q1,,1,1,Q1,Q1
https://openalex.org/W2085467316,09254005,Q1,,1,1,Q1,Q1
https://openalex.org/W2085471916,00406090,Q2,,2,2,Q2,Q2
https://openalex.org/W2085507657,13504177,Q1,,1,1,Q1,Q1
https://openalex.org/W2085514413,09254005,Q1,,1,1,Q1,Q1
https://openalex.org/W2085533270,00346748,Q1,,1,1,Q1,Q1
https://openalex.org/W2085534789,00150193,Q3,,3,3,Q3,Q3
https://openalex.org/W2085605867,09277757,-,,5,5,Unranked,Unranked
https://openalex.org/W2085646932,02540584,Q2,,2,2,Q2,Q2
https://openalex.org/W2085659603,09215093,Q1,,1,1,Q1,Q1
https://openalex.org/W2085674196,01469592,Q1,,1,1,Q1,Q1
https://openalex.org/W2085674708,09215107,Q2,,2,2,Q2,Q2
https://openalex.org/W2085676568,09340866,Q3,,3,2,Q3,Q2
https://openalex.org/W2085683544,13886150,Q3,,2,2,Q2,Q2
https://openalex.org/W2085710357,13861425,Q2,,2,2,Q2,Q2
https://openalex.org/W2085723687,09277757,-,,5,5,Unranked,Unranked
https://openalex.org/W2085778699,03048853,Q2,,2,2,Q2,Q2
https://openalex.org/W2085829489,00346748,Q1,,1,1,Q1,Q1
https://openalex.org/W2085884504,00338443,Q4,,3,3,Q3,Q3
https://openalex.org/W2085916871,13504487,Q2,,2,2,Q2,Q2
https://openalex.org/W2085924277,03784371,Q2,,2,2,Q2,Q2
https://openalex.org/W2085926291,10980121,Q1,,1,1,Q1,Q1
https://openalex.org/W2085927614,09215093,Q1,,1,1,Q1,Q1
https://openalex.org/W2085942634,09214534,Q2,,2,2,Q2,Q2
https://openalex.org/W2085961917,01694332,-,,5,5,Unranked,Unranked
https://openalex.org/W2085976646,09254005,Q1,,1,1,Q1,Q1
https://openalex.org/W2085992995,09698043,Q1,,2,2,Q2,Q2
https://openalex.org/W2085998854,00223093,Q1,,2,2,Q2,Q2
https://openalex.org/W2086004564,13504487,Q2,,2,2,Q2,Q2
https://openalex.org/W2086041849,10637737,Q3,,3,3,Q3,Q3
https://openalex.org/W2086044788,00109525,Q4,,4,4,Q4,Q4
https://openalex.org/W2086046928,10980121,Q1,,1,1,Q1,Q1
https://openalex.org/W2086056680,00214922,-,,5,3,Unranked,Q3
https://openalex.org/W2086076908,00295515,Q1,,1,1,Q1,Q1
https://openalex.org/W2086088064,00143057,Q2,,1,1,Q1,Q1
https://openalex.org/W2086096902,0042207X,Q2,,2,2,Q2,Q2
https://openalex.org/W2086099989,02670836,Q2,,2,2,Q2,Q2
https://openalex.org/W2086132749,09253467,Q2,,2,2,Q2,Q2
https://openalex.org/W2086137108,00358711,Q1,,1,1,Q1,Q1
https://openalex.org/W2086165985,01694332,-,,5,5,Unranked,Unranked
https://openalex.org/W2086170640,00218979,Q1,,1,1,Q1,Q1
https://openalex.org/W2086171044,03048853,Q2,,2,2,Q2,Q2
https://openalex.org/W2086173745,00214922,-,,5,3,Unranked,Q3
https://openalex.org/W2086173891,09214526,Q2,,2,2,Q2,Q2
https://openalex.org/W2086184678,13861425,Q2,,2,2,Q2,Q2
https://openalex.org/W2086242611,14685248,Q2,,1,1,Q1,Q1
https://openalex.org/W2086291720,13880764,Q2,,2,2,Q2,Q2
https://openalex.org/W2086314161,00218979,Q1,,1,1,Q1,Q1
https://openalex.org/W2086331190,01694243,Q2,,3,3,Q3,Q3
https://openalex.org/W2086376080,09244247,Q1,,1,1,Q1,Q1
https://openalex.org/W2086376859,09253467,Q2,,2,2,Q2,Q2
https://openalex.org/W2086383391,00406090,Q2,,2,2,Q2,Q2
https://openalex.org/W2086383443,00319007,Q1,,1,1,Q1,Q1
https://openalex.org/W2086387989,00036951,Q1,,1,1,Q1,Q1
https://openalex.org/W2086399296,09215093,Q1,,1,1,Q1,Q1
https://openalex.org/W2086399830,00913286,Q2,,2,2,Q2,Q2
https://openalex.org/W2086404080,09214534,Q2,,2,2,Q2,Q2
https://openalex.org/W2086413118,00304018,Q1,,2,2,Q2,Q2
https://openalex.org/W2086415304,09277765,Q3,,1,1,Q1,Q1
https://openalex.org/W2086461725,0018926X,Q1,,1,1,Q1,Q1
https://openalex.org/W2086467596,00046280,Q1,,1,1,Q1,Q1
https://openalex.org/W2086494914,00223697,Q2,,2,2,Q2,Q2
https://openalex.org/W2086507630,03048853,Q2,,2,2,Q2,Q2
https://openalex.org/W2086512499,00220248,Q1,,2,2,Q2,Q2
https://openalex.org/W2086513375,09215093,Q1,,1,1,Q1,Q1
https://openalex.org/W2086516808,03043886,Q3,,2,2,Q2,Q2
https://openalex.org/W2086560207,00223115,Q2,,2,2,Q2,Q2
https://openalex.org/W2086576485,1070664X,Q1,,1,1,Q1,Q1
https://openalex.org/W2086584806,0042207X,Q2,,2,2,Q2,Q2
https://openalex.org/W2086602864,01679295,Q3,,3,3,Q3,Q3
https://openalex.org/W2086630325,13869477,Q2,,2,2,Q2,Q2
https://openalex.org/W2086655532,09090495,Q2,,1,1,Q1,Q1
https://openalex.org/W2086675670,01689002,Q1,,1,1,Q1,Q1
https://openalex.org/W2086680673,01694332,-,,5,5,Unranked,Unranked
https://openalex.org/W2086702789,00214922,-,,5,3,Unranked,Q3
https://openalex.org/W2086711153,00406090,Q2,,2,2,Q2,Q2
https://openalex.org/W2086724328,01469592,Q1,,1,1,Q1,Q1
https://openalex.org/W2086793793,00018686,Q1,,1,1,Q1,Q1
https://openalex.org/W2086794939,09254005,Q1,,1,1,Q1,Q1
https://openalex.org/W2086799379,00381101,Q2,,2,2,Q2,Q2
https://openalex.org/W2086807296,02649381,Q1,,1,1,Q1,Q1
https://openalex.org/W2086839989,03043886,Q3,,2,2,Q2,Q2
https://openalex.org/W2086842132,09284931,Q2,,2,2,Q2,Q2
https://openalex.org/W2086849775,00381101,Q2,,2,2,Q2,Q2
https://openalex.org/W2086865690,00189197,Q1,,1,1,Q1,Q1
https://openalex.org/W2086871640,03615235,Q1,,2,2,Q2,Q2
https://openalex.org/W2086881677,00406090,Q2,,2,2,Q2,Q2
https://openalex.org/W2086887967,10944087,Q1,,1,1,Q1,Q1
https://openalex.org/W2086889582,01694332,-,,5,5,Unranked,Unranked
https://openalex.org/W2086891510,00223093,Q1,,2,2,Q2,Q2
https://openalex.org/W2086911320,00406090,Q2,,2,2,Q2,Q2
https://openalex.org/W2086920034,01413910,Q1,,1,1,Q1,Q1
https://openalex.org/W2086920118,02578972,Q1,,1,1,Q1,Q1
https://openalex.org/W2086920456,09254005,Q1,,1,1,Q1,Q1
https://openalex.org/W2086993312,00143057,Q2,,1,1,Q1,Q1
https://openalex.org/W2087038959,09215093,Q1,,1,1,Q1,Q1
https://openalex.org/W2087047914,00214922,-,,5,3,Unranked,Q3
https://openalex.org/W2087070694,00036951,Q1,,1,1,Q1,Q1
https://openalex.org/W2087072434,00214876,Q3,,3,3,Q3,Q3
https://openalex.org/W2087075256,02578972,Q1,,1,1,Q1,Q1
https://openalex.org/W2087081824,00214922,-,,5,3,Unranked,Q3
https://openalex.org/W2087083116,00346748,Q1,,1,1,Q1,Q1
https://openalex.org/W2087157281,09477411,Q3,,2,2,Q2,Q2
https://openalex.org/W2087193594,10735623,Q1,,1,1,Q1,Q1
https://openalex.org/W2087242865,09215107,Q2,,2,2,Q2,Q2
https://openalex.org/W2087245942,01413910,Q1,,1,1,Q1,Q1
https://openalex.org/W2087250392,09214534,Q2,,2,2,Q2,Q2
https://openalex.org/W2087260500,00213640,Q2,,2,2,Q2,Q2
https://openalex.org/W2087274985,00304018,Q1,,2,2,Q2,Q2
https://openalex.org/W2087283376,09215093,Q1,,1,1,Q1,Q1
https://openalex.org/W2087289216,01679295,Q3,,3,3,Q3,Q3
https://openalex.org/W2087289892,10445803,Q2,,1,1,Q1,Q1
https://openalex.org/W2087290979,09467076,Q3,,3,3,Q3,Q3
https://openalex.org/W2087386561,09254005,Q1,,1,1,Q1,Q1
https://openalex.org/W2087440485,15287483,Q1,,1,1,Q1,Q1
https://openalex.org/W2087474479,00223115,Q2,,2,2,Q2,Q2
https://openalex.org/W2087518336,00218979,Q1,,1,1,Q1,Q1
https://openalex.org/W2087523698,08853010,Q1,,1,1,Q1,Q1
https://openalex.org/W2087553554,13886150,Q3,,2,2,Q2,Q2
https://openalex.org/W2087587598,00214922,-,,5,3,Unranked,Q3
https://openalex.org/W2087668142,0167577X,Q2,,2,2,Q2,Q2
https://openalex.org/W2087675802,0256307X,Q3,,3,3,Q3,Q3
https://openalex.org/W2087680822,03048853,Q2,,2,2,Q2,Q2
https://openalex.org/W2087682659,03603199,Q1,,1,1,Q1,Q1
https://openalex.org/W2087778607,00143057,Q2,,1,1,Q1,Q1
https://openalex.org/W2087832596,02578972,Q1,,1,1,Q1,Q1
https://openalex.org/W2087837969,00220248,Q1,,2,2,Q2,Q2
https://openalex.org/W2087840242,00222291,Q1,,2,2,Q2,Q2
https://openalex.org/W2087887558,08853010,Q1,,1,1,Q1,Q1
https://openalex.org/W2087894038,09277765,Q3,,1,1,Q1,Q1
https://openalex.org/W2087906232,15989623,Q3,,2,2,Q2,Q2
https://openalex.org/W2087917973,00223093,Q1,,2,2,Q2,Q2
https://openalex.org/W2087926846,13596462,Q1,,1,1,Q1,Q1
https://openalex.org/W2087953209,09244247,Q1,,1,1,Q1,Q1
https://openalex.org/W2087957428,03043991,Q1,,1,1,Q1,Q1
https://openalex.org/W2087961536,00037028,Q1,,2,2,Q2,Q2
https://openalex.org/W2087973591,00224596,Q2,,2,2,Q2,Q2
https://openalex.org/W2087992648,10710922,Q3,,2,2,Q2,Q2
https://openalex.org/W2088005915,03048853,Q2,,2,2,Q2,Q2
https://openalex.org/W2088025341,00220248,Q1,,2,2,Q2,Q2
https://openalex.org/W2088080187,00214922,-,,5,3,Unranked,Q3
https://openalex.org/W2088087819,01694332,-,,5,5,Unranked,Unranked
https://openalex.org/W2088103773,02678292,Q2,,2,2,Q2,Q2
https://openalex.org/W2088115901,15477037,Q3,,3,3,Q3,Q3
https://openalex.org/W2088119298,09215107,Q2,,2,2,Q2,Q2
https://openalex.org/W2088123203,13869477,Q2,,2,2,Q2,Q2
https://openalex.org/W2088127702,03048853,Q2,,2,2,Q2,Q2
https://openalex.org/W2088128304,00214922,-,,5,3,Unranked,Q3
https://openalex.org/W2088141778,00223131,Q3,,3,3,Q3,Q3
https://openalex.org/W2088147148,01679317,Q1,,2,2,Q2,Q2
https://openalex.org/W2088147284,09277757,-,,5,5,Unranked,Unranked
https://openalex.org/W2088155539,13869477,Q2,,2,2,Q2,Q2
https://openalex.org/W2088164542,09215093,Q1,,1,1,Q1,Q1
https://openalex.org/W2088213813,00112275,Q1,,2,2,Q2,Q2
https://openalex.org/W2088220531,02681242,Q1,,1,1,Q1,Q1
https://openalex.org/W2088231820,0168583X,Q2,,2,2,Q2,Q2
https://openalex.org/W2088235146,00223115,Q2,,2,2,Q2,Q2
https://openalex.org/W2088252249,01689002,Q1,,1,1,Q1,Q1
https://openalex.org/W2088252517,00406090,Q2,,2,2,Q2,Q2
https://openalex.org/W2088275373,00346748,Q1,,1,1,Q1,Q1
https://openalex.org/W2088286970,10637788,Q3,,3,3,Q3,Q3
https://openalex.org/W2088293200,03615235,Q1,,2,2,Q2,Q2
https://openalex.org/W2088296085,00406090,Q2,,2,2,Q2,Q2
https://openalex.org/W2088323654,10411135,Q1,,1,1,Q1,Q1
https://openalex.org/W2088333467,10637788,Q3,,3,3,Q3,Q3
https://openalex.org/W2088341452,09214534,Q2,,2,2,Q2,Q2
https://openalex.org/W2088346465,10637850,Q3,,3,3,Q3,Q3
https://openalex.org/W2088354143,05848547,Q1,,1,1,Q1,Q1
https://openalex.org/W2088354310,08952477,Q2,,3,3,Q3,Q3
https://openalex.org/W2088383472,09215093,Q1,,1,1,Q1,Q1
https://openalex.org/W2088390073,03048853,Q2,,2,2,Q2,Q2
https://openalex.org/W2088427126,10637710,Q3,,2,2,Q2,Q2
https://openalex.org/W2088438563,01694332,-,,5,5,Unranked,Unranked
https://openalex.org/W2088458015,09215093,Q1,,1,1,Q1,Q1
https://openalex.org/W2088458504,13886150,Q3,,2,2,Q2,Q2
https://openalex.org/W2088462545,09254005,Q1,,1,1,Q1,Q1
https://openalex.org/W2088481038,00406090,Q2,,2,2,Q2,Q2
https://openalex.org/W2088485772,07403224,Q1,,1,1,Q1,Q1
https://openalex.org/W2088496154,00220248,Q1,,2,2,Q2,Q2
https://openalex.org/W2088553534,00219614,Q2,,1,1,Q1,Q1
https://openalex.org/W2088566121,00431648,Q1,,1,1,Q1,Q1
https://openalex.org/W2088570563,09214526,Q2,,2,2,Q2,Q2
https://openalex.org/W2088580587,01469592,Q1,,1,1,Q1,Q1
https://openalex.org/W2088593378,15989623,Q3,,2,2,Q2,Q2
https://openalex.org/W2088608843,02540584,Q2,,2,2,Q2,Q2
https://openalex.org/W2088635565,00223131,Q3,,3,3,Q3,Q3
https://openalex.org/W2088640952,09215093,Q1,,1,1,Q1,Q1
https://openalex.org/W2088662394,08952477,Q2,,3,3,Q3,Q3
https://openalex.org/W2088669691,07437463,Q1,,1,1,Q1,Q1
https://openalex.org/W2088670937,07342101,Q1,,2,2,Q2,Q2
https://openalex.org/W2088700017,02578972,Q1,,1,1,Q1,Q1
https://openalex.org/W2088701554,01694332,-,,5,5,Unranked,Unranked
https://openalex.org/W2088702951,09254005,Q1,,1,1,Q1,Q1
https://openalex.org/W2088706157,03702693,Q1,,1,1,Q1,Q1
https://openalex.org/W2088764141,00406090,Q2,,2,2,Q2,Q2
https://openalex.org/W2088793717,00218979,Q1,,1,1,Q1,Q1
https://openalex.org/W2088799753,00046361,Q1,,1,1,Q1,Q1
https://openalex.org/W2088845149,0041624X,Q2,,1,1,Q1,Q1
https://openalex.org/W2088853967,03048853,Q2,,2,2,Q2,Q2
https://openalex.org/W2088855477,00223727,Q1,,1,1,Q1,Q1
https://openalex.org/W2088909035,08631042,Q3,,2,2,Q2,Q2
https://openalex.org/W2088915457,00014966,Q1,,1,1,Q1,Q1
https://openalex.org/W2088947663,09244247,Q1,,1,1,Q1,Q1
https://openalex.org/W2088951412,02731177,-,,5,5,Unranked,Unranked
https://openalex.org/W2088976098,00112275,Q1,,2,2,Q2,Q2
https://openalex.org/W2088980238,01448420,Q3,,2,2,Q2,Q2
https://openalex.org/W2089003825,15273342,Q1,,2,2,Q2,Q2
https://openalex.org/W2089014874,09214526,Q2,,2,2,Q2,Q2
https://openalex.org/W2089073874,00319201,Q1,,1,1,Q1,Q1
https://openalex.org/W2089088356,00036951,Q1,,1,1,Q1,Q1
https://openalex.org/W2089102566,00218979,Q1,,1,1,Q1,Q1
https://openalex.org/W2089119314,00406090,Q2,,2,2,Q2,Q2
https://openalex.org/W2089145508,00319120,-,,3,3,Q3,Q3
https://openalex.org/W2089160892,14639076,Q1,,1,1,Q1,Q1
https://openalex.org/W2089169404,13596462,Q1,,1,1,Q1,Q1
https://openalex.org/W2089170661,00406090,Q2,,2,2,Q2,Q2
https://openalex.org/W2089185031,00406090,Q2,,2,2,Q2,Q2
https://openalex.org/W2089208306,00014966,Q1,,1,1,Q1,Q1
https://openalex.org/W2089216385,10402004,Q2,,2,2,Q2,Q2
https://openalex.org/W2089217974,0041624X,Q2,,1,1,Q1,Q1
https://openalex.org/W2089244791,00406090,Q2,,2,2,Q2,Q2
https://openalex.org/W2089256214,0167577X,Q2,,2,2,Q2,Q2
https://openalex.org/W2089263064,0041624X,Q2,,1,1,Q1,Q1
https://openalex.org/W2089263398,01700839,Q2,,2,2,Q2,Q2
https://openalex.org/W2089277583,03048853,Q2,,2,2,Q2,Q2
https://openalex.org/W2089295582,00406031,Q2,,2,2,Q2,Q2
https://openalex.org/W2089315312,00346748,Q1,,1,1,Q1,Q1
https://openalex.org/W2089335516,00303992,Q2,,2,2,Q2,Q2
https://openalex.org/W2089361253,00406090,Q2,,2,2,Q2,Q2
https://openalex.org/W2089390889,01694332,-,,5,5,Unranked,Unranked
https://openalex.org/W2089417309,08952477,Q2,,3,3,Q3,Q3
https://openalex.org/W2089435826,14381656,Q2,,1,1,Q1,Q1
https://openalex.org/W2089440456,09215093,Q1,,1,1,Q1,Q1
https://openalex.org/W2089446008,09215093,Q1,,1,1,Q1,Q1
https://openalex.org/W2089455468,07437463,Q1,,1,1,Q1,Q1
https://openalex.org/W2089458241,0256307X,Q3,,3,3,Q3,Q3
https://openalex.org/W2089470378,1068820X,Q4,,4,4,Q4,Q4
https://openalex.org/W2089491814,03048853,Q2,,2,2,Q2,Q2
https://openalex.org/W2089494987,01448420,Q3,,2,2,Q2,Q2
https://openalex.org/W2089504209,00220248,Q1,,2,2,Q2,Q2
https://openalex.org/W2089525620,01469592,Q1,,1,1,Q1,Q1
https://openalex.org/W2089535361,03615235,Q1,,2,2,Q2,Q2
https://openalex.org/W2089559887,00105082,Q4,,3,3,Q3,Q3
https://openalex.org/W2089592039,01672738,Q1,,1,1,Q1,Q1
https://openalex.org/W2089602571,00214922,-,,5,3,Unranked,Q3
https://openalex.org/W2089608290,00220248,Q1,,2,2,Q2,Q2
https://openalex.org/W2089611090,00222313,Q1,,2,2,Q2,Q2
https://openalex.org/W2089633814,00214922,-,,5,3,Unranked,Q3
https://openalex.org/W2089639820,00214922,-,,5,3,Unranked,Q3
https://openalex.org/W2089647937,00220248,Q1,,2,2,Q2,Q2
https://openalex.org/W2089663527,03048853,Q2,,2,2,Q2,Q2
https://openalex.org/W2089686152,07351933,Q2,,1,1,Q1,Q1
https://openalex.org/W2089765762,00029505,Q2,,2,2,Q2,Q2
https://openalex.org/W2089810077,1042346X,Q2,,2,2,Q2,Q2
https://openalex.org/W2089819583,09214526,Q2,,2,2,Q2,Q2
https://openalex.org/W2089822504,00179310,Q1,,1,1,Q1,Q1
https://openalex.org/W2089826915,01413910,Q1,,1,1,Q1,Q1
https://openalex.org/W2089858722,0256307X,Q3,,3,3,Q3,Q3
https://openalex.org/W2089873039,08927022,Q2,,2,2,Q2,Q2
https://openalex.org/W2089893371,03701972,Q2,,2,2,Q2,Q2
https://openalex.org/W2089896262,13698001,Q2,,2,2,Q2,Q2
https://openalex.org/W2089902718,02670836,Q2,,2,2,Q2,Q2
https://openalex.org/W2089915542,00223093,Q1,,2,2,Q2,Q2
https://openalex.org/W2089926308,00406090,Q2,,2,2,Q2,Q2
https://openalex.org/W2089953231,00219037,Q4,,4,4,Q4,Q4
https://openalex.org/W2089983838,14639076,Q1,,1,1,Q1,Q1
https://openalex.org/W2089987126,01679317,Q1,,2,2,Q2,Q2
https://openalex.org/W2090061636,02578972,Q1,,1,1,Q1,Q1
https://openalex.org/W2090063069,00262714,Q2,,2,2,Q2,Q2
https://openalex.org/W2090068479,09254005,Q1,,1,1,Q1,Q1
https://openalex.org/W2090095788,01448420,Q3,,2,2,Q2,Q2
https://openalex.org/W2090111048,13698001,Q2,,2,2,Q2,Q2
https://openalex.org/W2090126580,00406090,Q2,,2,2,Q2,Q2
https://openalex.org/W2090158752,0018926X,Q1,,1,1,Q1,Q1
https://openalex.org/W2090206995,01694332,-,,5,5,Unranked,Unranked
https://openalex.org/W2090211676,01422421,Q2,,2,2,Q2,Q2
https://openalex.org/W2090225584,03048853,Q2,,2,2,Q2,Q2
https://openalex.org/W2090244999,00036951,Q1,,1,1,Q1,Q1
https://openalex.org/W2090266501,00223727,Q1,,1,1,Q1,Q1
https://openalex.org/W2090296797,00406090,Q2,,2,2,Q2,Q2
https://openalex.org/W2090316456,15306984,Q1,,1,1,Q1,Q1
https://openalex.org/W2090323211,00406090,Q2,,2,2,Q2,Q2
https://openalex.org/W2090361327,01413910,Q1,,1,1,Q1,Q1
https://openalex.org/W2090371490,01689002,Q1,,1,1,Q1,Q1
https://openalex.org/W2090424871,01689002,Q1,,1,1,Q1,Q1
https://openalex.org/W2090437031,00037028,Q1,,2,2,Q2,Q2
https://openalex.org/W2090464088,01679317,Q1,,2,2,Q2,Q2
https://openalex.org/W2090471395,09215093,Q1,,1,1,Q1,Q1
https://openalex.org/W2090489054,09650393,Q1,,1,1,Q1,Q1
https://openalex.org/W2090509483,02578972,Q1,,1,1,Q1,Q1
https://openalex.org/W2090511274,0168583X,Q2,,2,2,Q2,Q2
https://openalex.org/W2090569582,09215093,Q1,,1,1,Q1,Q1
https://openalex.org/W2090580333,01672738,Q1,,1,1,Q1,Q1
https://openalex.org/W2090586721,02578972,Q1,,1,1,Q1,Q1
https://openalex.org/W2090589234,0042207X,Q2,,2,2,Q2,Q2
https://openalex.org/W2090601047,10944087,Q1,,1,1,Q1,Q1
https://openalex.org/W2090602403,00406090,Q2,,2,2,Q2,Q2
https://openalex.org/W2090692649,09532048,Q1,,1,1,Q1,Q1
https://openalex.org/W2090694591,09244247,Q1,,1,1,Q1,Q1
https://openalex.org/W2090705039,02578972,Q1,,1,1,Q1,Q1
https://openalex.org/W2090715225,0022460X,Q1,,1,1,Q1,Q1
https://openalex.org/W2090725078,00037028,Q1,,2,2,Q2,Q2
https://openalex.org/W2090735103,09570233,Q1,,1,1,Q1,Q1
https://openalex.org/W2090765264,01679295,Q3,,3,3,Q3,Q3
https://openalex.org/W2090768862,00346748,Q1,,1,1,Q1,Q1
https://openalex.org/W2090798632,07351933,Q2,,1,1,Q1,Q1
https://openalex.org/W2090901717,13504177,Q1,,1,1,Q1,Q1
https://openalex.org/W2090930879,03010104,Q1,,2,2,Q2,Q2
https://openalex.org/W2090938051,00406090,Q2,,2,2,Q2,Q2
https://openalex.org/W2091011895,02681242,Q1,,1,1,Q1,Q1
https://openalex.org/W2091034794,0031921X,-,,5,5,Unranked,Unranked
https://openalex.org/W2091048847,00143057,Q2,,1,1,Q1,Q1
https://openalex.org/W2091113069,13861425,Q2,,2,2,Q2,Q2
https://openalex.org/W2091226421,0168583X,Q2,,2,2,Q2,Q2
https://openalex.org/W2091252009,09215093,Q1,,1,1,Q1,Q1
https://openalex.org/W2091265296,00223697,Q2,,2,2,Q2,Q2
https://openalex.org/W2091266778,00223727,Q1,,1,1,Q1,Q1
https://openalex.org/W2091282015,00223093,Q1,,2,2,Q2,Q2
https://openalex.org/W2091290607,03048853,Q2,,2,2,Q2,Q2
https://openalex.org/W2091318492,09214534,Q2,,2,2,Q2,Q2
https://openalex.org/W2091347710,02578972,Q1,,1,1,Q1,Q1
https://openalex.org/W2091351795,03044289,Q4,,3,3,Q3,Q3
https://openalex.org/W2091366647,00220248,Q1,,2,2,Q2,Q2
https://openalex.org/W2091377221,01694332,-,,5,5,Unranked,Unranked
https://openalex.org/W2091379768,09534075,Q1,,1,1,Q1,Q1
https://openalex.org/W2091381030,14346001,Q1,,1,2,Q1,Q2
https://openalex.org/W2091455236,02578972,Q1,,1,1,Q1,Q1
https://openalex.org/W2091461482,03068919,Q2,,3,3,Q3,Q3
https://openalex.org/W2091480095,00406090,Q2,,2,2,Q2,Q2
https://openalex.org/W2091480601,01469592,Q1,,1,1,Q1,Q1
https://openalex.org/W2091521092,13871811,Q1,,1,1,Q1,Q1
https://openalex.org/W2091525677,03615235,Q1,,2,2,Q2,Q2
https://openalex.org/W2091552196,00220248,Q1,,2,2,Q2,Q2
https://openalex.org/W2091590188,09253467,Q2,,2,2,Q2,Q2
https://openalex.org/W2091595569,15421406,Q3,,3,3,Q3,Q3
https://openalex.org/W2091609388,13853449,Q2,,2,2,Q2,Q2
https://openalex.org/W2091609911,10637869,Q3,,2,2,Q2,Q2
https://openalex.org/W2091621490,09570233,Q1,,1,1,Q1,Q1
https://openalex.org/W2091650002,01915665,Q3,,3,3,Q3,Q3
https://openalex.org/W2091684725,0168583X,Q2,,2,2,Q2,Q2
https://openalex.org/W2091702307,01448420,Q3,,2,2,Q2,Q2
https://openalex.org/W2091725627,00102180,Q1,,1,1,Q1,Q1
https://openalex.org/W2091732911,15989623,Q3,,2,2,Q2,Q2
https://openalex.org/W2091753518,00472689,Q1,,1,1,Q1,Q1
https://openalex.org/W2091764386,09532048,Q1,,1,1,Q1,Q1
https://openalex.org/W2091772469,00223093,Q1,,2,2,Q2,Q2
https://openalex.org/W2091833199,00304026,Q3,,3,3,Q3,Q3
https://openalex.org/W2091838557,00346748,Q1,,1,1,Q1,Q1
https://openalex.org/W2091846574,0256307X,Q3,,3,3,Q3,Q3
https://openalex.org/W2091846792,13869477,Q2,,2,2,Q2,Q2
https://openalex.org/W2091863793,00346748,Q1,,1,1,Q1,Q1
https://openalex.org/W2091869458,05848547,Q1,,1,1,Q1,Q1
https://openalex.org/W2091897979,09500839,Q1,,1,1,Q1,Q1
https://openalex.org/W2091917771,00223093,Q1,,2,2,Q2,Q2
https://openalex.org/W2091923168,09254005,Q1,,1,1,Q1,Q1
https://openalex.org/W2091926171,00381098,Q1,,1,2,Q1,Q2
https://openalex.org/W2091962381,03048853,Q2,,2,2,Q2,Q2
https://openalex.org/W2091987732,02540584,Q2,,2,2,Q2,Q2
https://openalex.org/W2092025651,02578972,Q1,,1,1,Q1,Q1
https://openalex.org/W2092054374,00036951,Q1,,1,1,Q1,Q1
https://openalex.org/W2092054549,10735615,Q1,,1,1,Q1,Q1
https://openalex.org/W2092073653,00346748,Q1,,1,1,Q1,Q1
https://openalex.org/W2092080303,00304018,Q1,,2,2,Q2,Q2
https://openalex.org/W2092105090,10221352,Q1,,1,1,Q1,Q1
https://openalex.org/W2092142986,00406090,Q2,,2,2,Q2,Q2
https://openalex.org/W2092173895,00220248,Q1,,2,2,Q2,Q2
https://openalex.org/W2092235621,10681302,Q4,,4,4,Q4,Q4
https://openalex.org/W2092273310,01422421,Q2,,2,2,Q2,Q2
https://openalex.org/W2092277656,07342101,Q1,,2,2,Q2,Q2
https://openalex.org/W2092295696,09215107,Q2,,2,2,Q2,Q2
https://openalex.org/W2092318691,01672738,Q1,,1,1,Q1,Q1
https://openalex.org/W2092323125,10238883,Q2,,1,1,Q1,Q1
https://openalex.org/W2092387153,02731177,-,,5,5,Unranked,Unranked
https://openalex.org/W2092402968,00319007,Q1,,1,1,Q1,Q1
https://openalex.org/W2092476044,08952477,Q2,,3,3,Q3,Q3
https://openalex.org/W2092505430,00262714,Q2,,2,2,Q2,Q2
https://openalex.org/W2092511178,00029505,Q2,,2,2,Q2,Q2
https://openalex.org/W2092512371,09215093,Q1,,1,1,Q1,Q1
https://openalex.org/W2092552633,02578972,Q1,,1,1,Q1,Q1
https://openalex.org/W2092601079,10502947,Q1,,1,1,Q1,Q1
https://openalex.org/W2092607726,03759601,Q2,,2,2,Q2,Q2
https://openalex.org/W2092655932,00219614,Q2,,1,1,Q1,Q1
https://openalex.org/W2092699924,03048853,Q2,,2,2,Q2,Q2
https://openalex.org/W2092708110,01689002,Q1,,1,1,Q1,Q1
https://openalex.org/W2092737610,03615235,Q1,,2,2,Q2,Q2
https://openalex.org/W2092785015,09284931,Q2,,2,2,Q2,Q2
https://openalex.org/W2092825838,07437463,Q1,,1,1,Q1,Q1
https://openalex.org/W2092857175,0042207X,Q2,,2,2,Q2,Q2
https://openalex.org/W2092872563,07315171,Q3,,3,3,Q3,Q3
https://openalex.org/W2092935192,00223093,Q1,,2,2,Q2,Q2
https://openalex.org/W2092943301,13596462,Q1,,1,1,Q1,Q1
https://openalex.org/W2092966826,07413335,Q1,,1,1,Q1,Q1
https://openalex.org/W2092971416,00036951,Q1,,1,1,Q1,Q1
https://openalex.org/W2093020292,13492543,-,,4,4,Q4,Q4
https://openalex.org/W2093033364,00102180,Q1,,1,1,Q1,Q1
https://openalex.org/W2093065973,0167577X,Q2,,2,2,Q2,Q2
https://openalex.org/W2093068410,03615235,Q1,,2,2,Q2,Q2
https://openalex.org/W2093104874,09254005,Q1,,1,1,Q1,Q1
https://openalex.org/W2093118085,09215093,Q1,,1,1,Q1,Q1
https://openalex.org/W2093144349,00223093,Q1,,2,2,Q2,Q2
https://openalex.org/W2093149376,09698043,Q1,,2,2,Q2,Q2
https://openalex.org/W2093152013,15671739,Q2,,2,2,Q2,Q2
https://openalex.org/W2093154563,09215093,Q1,,1,1,Q1,Q1
https://openalex.org/W2093165461,08952477,Q2,,3,3,Q3,Q3
https://openalex.org/W2093178813,09215093,Q1,,1,1,Q1,Q1
https://openalex.org/W2093200275,01689002,Q1,,1,1,Q1,Q1
https://openalex.org/W2093200907,0022460X,Q1,,1,1,Q1,Q1
https://openalex.org/W2093250301,00224596,Q2,,2,2,Q2,Q2
https://openalex.org/W2093260848,02578972,Q1,,1,1,Q1,Q1
https://openalex.org/W2093271929,09253467,Q2,,2,2,Q2,Q2
https://openalex.org/W2093398973,09215107,Q2,,2,2,Q2,Q2
https://openalex.org/W2093415214,09254005,Q1,,1,1,Q1,Q1
https://openalex.org/W2093452539,00029505,Q2,,2,2,Q2,Q2
https://openalex.org/W2093478550,02578972,Q1,,1,1,Q1,Q1
https://openalex.org/W2093484608,09244247,Q1,,1,1,Q1,Q1
https://openalex.org/W2093492290,00104655,Q1,,1,1,Q1,Q1
https://openalex.org/W2093530224,00406031,Q2,,2,2,Q2,Q2
https://openalex.org/W2093542089,01689002,Q1,,1,1,Q1,Q1
https://openalex.org/W2093592806,0042207X,Q2,,2,2,Q2,Q2
https://openalex.org/W2093596687,03759601,Q2,,2,2,Q2,Q2
https://openalex.org/W2093609607,0042207X,Q2,,2,2,Q2,Q2
https://openalex.org/W2093613067,00318949,Q3,,3,3,Q3,Q3
https://openalex.org/W2093623359,00036951,Q1,,1,1,Q1,Q1
https://openalex.org/W2093658629,02177323,Q2,,2,2,Q2,Q2
https://openalex.org/W2093697867,00105082,Q4,,3,3,Q3,Q3
https://openalex.org/W2093727986,01689002,Q1,,1,1,Q1,Q1
https://openalex.org/W2093756540,01689002,Q1,,1,1,Q1,Q1
https://openalex.org/W2093786675,00223115,Q2,,2,2,Q2,Q2
https://openalex.org/W2093791520,00046361,Q1,,1,1,Q1,Q1
https://openalex.org/W2093805851,00214922,-,,5,3,Unranked,Q3
https://openalex.org/W2093820828,00112275,Q1,,2,2,Q2,Q2
https://openalex.org/W2093848888,10221352,Q1,,1,1,Q1,Q1
https://openalex.org/W2093863689,00214922,-,,5,3,Unranked,Q3
https://openalex.org/W2093869318,00406090,Q2,,2,2,Q2,Q2
https://openalex.org/W2093897997,00046337,Q3,,2,2,Q2,Q2
https://openalex.org/W2093907594,09215093,Q1,,1,1,Q1,Q1
https://openalex.org/W2093915827,01495739,Q1,,2,2,Q2,Q2
https://openalex.org/W2093916000,00036951,Q1,,1,1,Q1,Q1
https://openalex.org/W2093925061,00319007,Q1,,1,1,Q1,Q1
https://openalex.org/W2093995018,09244247,Q1,,1,1,Q1,Q1
https://openalex.org/W2094014163,02578972,Q1,,1,1,Q1,Q1
https://openalex.org/W2094038576,00220248,Q1,,2,2,Q2,Q2
https://openalex.org/W2094046344,07496036,Q3,,2,2,Q2,Q2
https://openalex.org/W2094063693,00346748,Q1,,1,1,Q1,Q1
https://openalex.org/W2094099110,01689002,Q1,,1,1,Q1,Q1
https://openalex.org/W2094103933,00220248,Q1,,2,2,Q2,Q2
https://openalex.org/W2094104267,00207683,Q1,,1,1,Q1,Q1
https://openalex.org/W2094127046,09270256,Q2,,1,1,Q1,Q1
https://openalex.org/W2094135005,09244247,Q1,,1,1,Q1,Q1
https://openalex.org/W2094154000,0042207X,Q2,,2,2,Q2,Q2
https://openalex.org/W2094166440,09698043,Q1,,2,2,Q2,Q2
https://openalex.org/W2094182668,09244247,Q1,,1,1,Q1,Q1
https://openalex.org/W2094184649,09215093,Q1,,1,1,Q1,Q1
https://openalex.org/W2094192824,03759474,Q1,,1,1,Q1,Q1
https://openalex.org/W2094213022,00224073,Q1,,1,1,Q1,Q1
https://openalex.org/W2094233569,13873806,Q1,,1,1,Q1,Q1
https://openalex.org/W2094234769,00218979,Q1,,1,1,Q1,Q1
https://openalex.org/W2094279554,00220248,Q1,,2,2,Q2,Q2
https://openalex.org/W2094297961,09254005,Q1,,1,1,Q1,Q1
https://openalex.org/W2094314570,09215093,Q1,,1,1,Q1,Q1
https://openalex.org/W2094330481,09538984,Q1,,1,1,Q1,Q1
https://openalex.org/W2094387215,01672738,Q1,,1,1,Q1,Q1
https://openalex.org/W2094394154,01672738,Q1,,1,1,Q1,Q1
https://openalex.org/W2094406279,00143057,Q2,,1,1,Q1,Q1
https://openalex.org/W2094453337,00346748,Q1,,1,1,Q1,Q1
https://openalex.org/W2094485367,00134651,Q1,,1,1,Q1,Q1
https://openalex.org/W2094500954,10735615,Q1,,1,1,Q1,Q1
https://openalex.org/W2094534516,02632241,Q3,,2,2,Q2,Q2
https://openalex.org/W2094540860,09277765,Q3,,1,1,Q1,Q1
https://openalex.org/W2094547570,10944087,Q1,,1,1,Q1,Q1
https://openalex.org/W2094565156,05848547,Q1,,1,1,Q1,Q1
https://openalex.org/W2094589797,01694332,-,,5,5,Unranked,Unranked
https://openalex.org/W2094611334,01689002,Q1,,1,1,Q1,Q1
https://openalex.org/W2094626896,0042207X,Q2,,2,2,Q2,Q2
https://openalex.org/W2094633885,03048853,Q2,,2,2,Q2,Q2
https://openalex.org/W2094649173,07342101,Q1,,2,2,Q2,Q2
https://openalex.org/W2094676139,09215093,Q1,,1,1,Q1,Q1
https://openalex.org/W2094684856,00381101,Q2,,2,2,Q2,Q2
https://openalex.org/W2094687263,09570233,Q1,,1,1,Q1,Q1
https://openalex.org/W2094694860,01469592,Q1,,1,1,Q1,Q1
https://openalex.org/W2094695332,00207683,Q1,,1,1,Q1,Q1
https://openalex.org/W2094697912,00406090,Q2,,2,2,Q2,Q2
https://openalex.org/W2094713139,03796779,Q2,,2,2,Q2,Q2
https://openalex.org/W2094729412,00442275,Q3,,2,2,Q2,Q2
https://openalex.org/W2094741775,14639076,Q1,,1,1,Q1,Q1
https://openalex.org/W2094754748,01610457,Q3,,2,2,Q2,Q2
https://openalex.org/W2094824113,09280707,Q2,,2,2,Q2,Q2
https://openalex.org/W2094828896,00358711,Q1,,1,1,Q1,Q1
https://openalex.org/W2094851876,00406031,Q2,,2,2,Q2,Q2
https://openalex.org/W2094907091,13596462,Q1,,1,1,Q1,Q1
https://openalex.org/W2094907106,09570233,Q1,,1,1,Q1,Q1
https://openalex.org/W2094931963,00304018,Q1,,2,2,Q2,Q2
https://openalex.org/W2094977568,01448420,Q3,,2,2,Q2,Q2
https://openalex.org/W2094978299,01430807,Q3,,2,2,Q2,Q2
https://openalex.org/W2094981964,00218979,Q1,,1,1,Q1,Q1
https://openalex.org/W2095022378,00381101,Q2,,2,2,Q2,Q2
https://openalex.org/W2095032695,0167577X,Q2,,2,2,Q2,Q2
https://openalex.org/W2095042024,03048853,Q2,,2,2,Q2,Q2
https://openalex.org/W2095042441,09277757,-,,5,5,Unranked,Unranked
https://openalex.org/W2095053925,10735623,Q1,,1,1,Q1,Q1
https://openalex.org/W2095092696,10620125,Q4,,4,4,Q4,Q4
https://openalex.org/W2095097012,09638695,Q2,,1,1,Q1,Q1
https://openalex.org/W2095109871,02540584,Q2,,2,2,Q2,Q2
https://openalex.org/W2095146512,1061933X,Q4,,3,3,Q3,Q3
https://openalex.org/W2095175524,00214922,-,,5,3,Unranked,Q3
https://openalex.org/W2095204921,09543899,Q2,,1,1,Q1,Q1
https://openalex.org/W2095218739,02670844,Q3,,3,3,Q3,Q3
https://openalex.org/W2095222946,00036951,Q1,,1,1,Q1,Q1
https://openalex.org/W2095243979,09215093,Q1,,1,1,Q1,Q1
https://openalex.org/W2095257151,07437463,Q1,,1,1,Q1,Q1
https://openalex.org/W2095309878,03048853,Q2,,2,2,Q2,Q2
https://openalex.org/W2095349746,02731177,-,,5,5,Unranked,Unranked
https://openalex.org/W2095387548,01689002,Q1,,1,1,Q1,Q1
https://openalex.org/W2095401676,03048853,Q2,,2,2,Q2,Q2
https://openalex.org/W2095431617,00218979,Q1,,1,1,Q1,Q1
https://openalex.org/W2095435283,13596462,Q1,,1,1,Q1,Q1
https://openalex.org/W2095442865,10445803,Q2,,1,1,Q1,Q1
https://openalex.org/W2095477372,09244247,Q1,,1,1,Q1,Q1
https://openalex.org/W2095477661,13590294,Q1,,1,1,Q1,Q1
https://openalex.org/W2095494427,03043886,Q3,,2,2,Q2,Q2
https://openalex.org/W2095502237,02578972,Q1,,1,1,Q1,Q1
https://openalex.org/W2095543747,0142727X,Q1,,1,1,Q1,Q1
https://openalex.org/W2095577929,00214922,-,,5,3,Unranked,Q3
https://openalex.org/W2095591117,01469592,Q1,,1,1,Q1,Q1
https://openalex.org/W2095618862,00189480,Q1,,1,1,Q1,Q1
https://openalex.org/W2095628615,08837694,Q1,,1,1,Q1,Q1
https://openalex.org/W2095635018,10627995,Q2,,1,1,Q1,Q1
https://openalex.org/W2095647783,1110662X,Q3,,3,3,Q3,Q3
https://openalex.org/W2095662174,10411135,Q1,,1,1,Q1,Q1
https://openalex.org/W2095700319,10518223,Q2,,3,3,Q3,Q3
https://openalex.org/W2095748447,00189375,Q1,,2,2,Q2,Q2
https://openalex.org/W2095836949,02955075,Q1,,2,2,Q2,Q2
https://openalex.org/W2095837801,0018926X,Q1,,1,1,Q1,Q1
https://openalex.org/W2095977898,00189480,Q1,,1,1,Q1,Q1
https://openalex.org/W2096028134,00406090,Q2,,2,2,Q2,Q2
https://openalex.org/W2096063654,09244247,Q1,,1,1,Q1,Q1
https://openalex.org/W2096096172,15311309,Q1,,1,1,Q1,Q1
https://openalex.org/W2096214845,00207403,Q1,,1,1,Q1,Q1
https://openalex.org/W2096268120,10944087,Q1,,1,1,Q1,Q1
https://openalex.org/W2096358237,09214526,Q2,,2,2,Q2,Q2
https://openalex.org/W2096374411,0033068X,Q2,,1,1,Q1,Q1
https://openalex.org/W2096417831,02630346,Q2,,1,2,Q1,Q2
https://openalex.org/W2096540247,10411135,Q1,,1,1,Q1,Q1
https://openalex.org/W2096547585,10411135,Q1,,1,1,Q1,Q1
https://openalex.org/W2096615301,00221481,Q1,,1,1,Q1,Q1
https://openalex.org/W2096661870,00358711,Q1,,1,1,Q1,Q1
https://openalex.org/W2096836793,10411135,Q1,,1,1,Q1,Q1
https://openalex.org/W2096921744,10411135,Q1,,1,1,Q1,Q1
https://openalex.org/W2096953631,0018926X,Q1,,1,1,Q1,Q1
https://openalex.org/W2096970684,10411135,Q1,,1,1,Q1,Q1
https://openalex.org/W2096992702,01689002,Q1,,1,1,Q1,Q1
https://openalex.org/W2097068471,09467076,Q3,,3,3,Q3,Q3
https://openalex.org/W2097070605,15311309,Q1,,1,1,Q1,Q1
https://openalex.org/W2097082064,14639076,Q1,,1,1,Q1,Q1
https://openalex.org/W2097186256,10847529,Q1,,1,1,Q1,Q1
https://openalex.org/W2097279391,10411135,Q1,,1,1,Q1,Q1
https://openalex.org/W2097313311,00036951,Q1,,1,1,Q1,Q1
https://openalex.org/W2097322765,15306984,Q1,,1,1,Q1,Q1
https://openalex.org/W2097388323,01469592,Q1,,1,1,Q1,Q1
https://openalex.org/W2097451022,01677322,Q2,,2,2,Q2,Q2
https://openalex.org/W2097535968,00189480,Q1,,1,1,Q1,Q1
https://openalex.org/W2097567644,10411135,Q1,,1,1,Q1,Q1
https://openalex.org/W2097581470,14394235,Q1,,1,1,Q1,Q1
https://openalex.org/W2097706255,10411135,Q1,,1,1,Q1,Q1
https://openalex.org/W2097777167,14346001,Q1,,1,2,Q1,Q2
https://openalex.org/W2097804638,00406090,Q2,,2,2,Q2,Q2
https://openalex.org/W2097914991,00223115,Q2,,2,2,Q2,Q2
https://openalex.org/W2097953344,00150193,Q3,,3,3,Q3,Q3
https://openalex.org/W2098097744,01448420,Q3,,2,2,Q2,Q2
https://openalex.org/W2098106483,00381101,Q2,,2,2,Q2,Q2
https://openalex.org/W2098181021,14644193,Q4,,3,3,Q3,Q3
https://openalex.org/W2098362561,10411135,Q1,,1,1,Q1,Q1
https://openalex.org/W2098386654,0018926X,Q1,,1,1,Q1,Q1
https://openalex.org/W2098514166,10411135,Q1,,1,1,Q1,Q1
https://openalex.org/W2098584216,10411135,Q1,,1,1,Q1,Q1
https://openalex.org/W2098620608,15306984,Q1,,1,1,Q1,Q1
https://openalex.org/W2098670417,07338724,Q1,,1,1,Q1,Q1
https://openalex.org/W2098717004,09254005,Q1,,1,1,Q1,Q1
https://openalex.org/W2098733017,00189499,Q3,,2,2,Q2,Q2
https://openalex.org/W2098755171,10411135,Q1,,1,1,Q1,Q1
https://openalex.org/W2098796716,00189480,Q1,,1,1,Q1,Q1
https://openalex.org/W2098842602,01469592,Q1,,1,1,Q1,Q1
https://openalex.org/W2098893282,00189499,Q3,,2,2,Q2,Q2
https://openalex.org/W2098906274,13504177,Q1,,1,1,Q1,Q1
https://openalex.org/W2098953432,10407782,Q2,,1,1,Q1,Q1
https://openalex.org/W2098975172,01422421,Q2,,2,2,Q2,Q2
https://openalex.org/W2099089211,00431648,Q1,,1,1,Q1,Q1
https://openalex.org/W2099090596,09570233,Q1,,1,1,Q1,Q1
https://openalex.org/W2099108492,1077260X,Q1,,1,1,Q1,Q1
https://openalex.org/W2099122278,00218979,Q1,,1,1,Q1,Q1
https://openalex.org/W2099134052,00143057,Q2,,1,1,Q1,Q1
https://openalex.org/W2099144072,10518223,Q2,,3,3,Q3,Q3
https://openalex.org/W2099196634,00046361,Q1,,1,1,Q1,Q1
https://openalex.org/W2099197630,00189480,Q1,,1,1,Q1,Q1
https://openalex.org/W2099212446,01672738,Q1,,1,1,Q1,Q1
https://openalex.org/W2099258829,01422421,Q2,,2,2,Q2,Q2
https://openalex.org/W2099285497,00189375,Q1,,2,2,Q2,Q2
https://openalex.org/W2099286543,01469592,Q1,,1,1,Q1,Q1
https://openalex.org/W2099294424,01413910,Q1,,1,1,Q1,Q1
https://openalex.org/W2099306952,00406090,Q2,,2,2,Q2,Q2
https://openalex.org/W2099342720,0018926X,Q1,,1,1,Q1,Q1
https://openalex.org/W2099348412,00189499,Q3,,2,2,Q2,Q2
https://openalex.org/W2099372105,00102180,Q1,,1,1,Q1,Q1
https://openalex.org/W2099389070,02540584,Q2,,2,2,Q2,Q2
https://openalex.org/W2099454652,15311309,Q1,,1,1,Q1,Q1
https://openalex.org/W2099586872,03783812,Q2,,1,1,Q1,Q1
https://openalex.org/W2099601724,09538984,Q1,,1,1,Q1,Q1
https://openalex.org/W2099654727,00406031,Q2,,2,2,Q2,Q2
https://openalex.org/W2099660645,10411135,Q1,,1,1,Q1,Q1
https://openalex.org/W2099665061,0041624X,Q2,,1,1,Q1,Q1
https://openalex.org/W2099669169,00319007,Q1,,1,1,Q1,Q1
https://openalex.org/W2099713818,10518223,Q2,,3,3,Q3,Q3
https://openalex.org/W2099720412,01448420,Q3,,2,2,Q2,Q2
https://openalex.org/W2099783247,10518223,Q2,,3,3,Q3,Q3
https://openalex.org/W2099788773,0018926X,Q1,,1,1,Q1,Q1
https://openalex.org/W2099827260,00933813,Q2,,2,2,Q2,Q2
https://openalex.org/W2099840483,1530437X,Q1,,2,2,Q2,Q2
https://openalex.org/W2099879925,02649381,Q1,,1,1,Q1,Q1
https://openalex.org/W2099880188,09927689,Q2,,2,2,Q2,Q2
https://openalex.org/W2099972875,03603016,Q1,,1,1,Q1,Q1
https://openalex.org/W2100037251,10518223,Q2,,3,3,Q3,Q3
https://openalex.org/W2100051407,09698043,Q1,,2,2,Q2,Q2
https://openalex.org/W2100075029,00046361,Q1,,1,1,Q1,Q1
https://openalex.org/W2100109243,10411135,Q1,,1,1,Q1,Q1
https://openalex.org/W2100134858,03048853,Q2,,2,2,Q2,Q2
https://openalex.org/W2100235933,04493060,Q2,,2,2,Q2,Q2
https://openalex.org/W2100252004,0168583X,Q2,,2,2,Q2,Q2
https://openalex.org/W2100269559,13861425,Q2,,2,2,Q2,Q2
https://openalex.org/W2100284506,09254005,Q1,,1,1,Q1,Q1
https://openalex.org/W2100415451,00189480,Q1,,1,1,Q1,Q1
https://openalex.org/W2100533156,10847529,Q1,,1,1,Q1,Q1
https://openalex.org/W2100553252,03603199,Q1,,1,1,Q1,Q1
https://openalex.org/W2100642045,03701972,Q2,,2,2,Q2,Q2
https://openalex.org/W2100721987,01689002,Q1,,1,1,Q1,Q1
https://openalex.org/W2100740807,01422421,Q2,,2,2,Q2,Q2
https://openalex.org/W2100796028,10944087,Q1,,1,1,Q1,Q1
https://openalex.org/W2100803708,10411135,Q1,,1,1,Q1,Q1
https://openalex.org/W2100883746,02578972,Q1,,1,1,Q1,Q1
https://openalex.org/W2100903794,00214922,-,,5,3,Unranked,Q3
https://openalex.org/W2100921402,01689002,Q1,,1,1,Q1,Q1
https://openalex.org/W2100969718,01672789,Q1,,1,1,Q1,Q1
https://openalex.org/W2101096076,00933813,Q2,,2,2,Q2,Q2
https://openalex.org/W2101115310,09254005,Q1,,1,1,Q1,Q1
https://openalex.org/W2101149668,09090495,Q2,,1,1,Q1,Q1
https://openalex.org/W2101290116,19325150,Q2,,3,3,Q3,Q3
https://openalex.org/W2101429281,10944087,Q1,,1,1,Q1,Q1
https://openalex.org/W2101445835,00189499,Q3,,2,2,Q2,Q2
https://openalex.org/W2101477460,10411135,Q1,,1,1,Q1,Q1
https://openalex.org/W2101551635,09244247,Q1,,1,1,Q1,Q1
https://openalex.org/W2101659169,14639076,Q1,,1,1,Q1,Q1
https://openalex.org/W2101723726,10411135,Q1,,1,1,Q1,Q1
https://openalex.org/W2101796642,12860042,Q2,,2,2,Q2,Q2
https://openalex.org/W2101839945,02678292,Q2,,2,2,Q2,Q2
https://openalex.org/W2101880347,08631042,Q3,,2,2,Q2,Q2
https://openalex.org/W2101887221,00189480,Q1,,1,1,Q1,Q1
https://openalex.org/W2101908619,0969806X,Q3,,2,2,Q2,Q2
https://openalex.org/W2101915666,10411135,Q1,,1,1,Q1,Q1
https://openalex.org/W2101970691,09244247,Q1,,1,1,Q1,Q1
https://openalex.org/W2102054489,10411135,Q1,,1,1,Q1,Q1
https://openalex.org/W2102110464,10411135,Q1,,1,1,Q1,Q1
https://openalex.org/W2102115392,01469592,Q1,,1,1,Q1,Q1
https://openalex.org/W2102144716,00223727,Q1,,1,1,Q1,Q1
https://openalex.org/W2102334418,01694332,-,,5,5,Unranked,Unranked
https://openalex.org/W2102395644,1530437X,Q1,,2,2,Q2,Q2
https://openalex.org/W2102401615,08876266,Q1,,1,1,Q1,Q1
https://openalex.org/W2102467070,02731177,-,,5,5,Unranked,Unranked
https://openalex.org/W2102479886,13886150,Q3,,2,2,Q2,Q2
https://openalex.org/W2102613935,0018926X,Q1,,1,1,Q1,Q1
https://openalex.org/W2102640469,08876266,Q1,,1,1,Q1,Q1
https://openalex.org/W2102661667,10944087,Q1,,1,1,Q1,Q1
https://openalex.org/W2102684648,10411135,Q1,,1,1,Q1,Q1
https://openalex.org/W2102695175,04493060,Q2,,2,2,Q2,Q2
https://openalex.org/W2102908626,0018926X,Q1,,1,1,Q1,Q1
https://openalex.org/W2103018880,00189499,Q3,,2,2,Q2,Q2
https://openalex.org/W2103044384,10411135,Q1,,1,1,Q1,Q1
https://openalex.org/W2103052993,00406031,Q2,,2,2,Q2,Q2
https://openalex.org/W2103103439,0167577X,Q2,,2,2,Q2,Q2
https://openalex.org/W2103125401,10411135,Q1,,1,1,Q1,Q1
https://openalex.org/W2103188651,09244247,Q1,,1,1,Q1,Q1
https://openalex.org/W2103229376,1077260X,Q1,,1,1,Q1,Q1
https://openalex.org/W2103297853,07338724,Q1,,1,1,Q1,Q1
https://openalex.org/W2103317147,01694332,-,,5,5,Unranked,Unranked
https://openalex.org/W2103363136,10518223,Q2,,3,3,Q3,Q3
https://openalex.org/W2103379486,1077260X,Q1,,1,1,Q1,Q1
https://openalex.org/W2103396266,1059910X,Q1,,2,2,Q2,Q2
https://openalex.org/W2103399066,00295450,Q2,,2,2,Q2,Q2
https://openalex.org/W2103399824,1530437X,Q1,,2,2,Q2,Q2
https://openalex.org/W2103432179,10411135,Q1,,1,1,Q1,Q1
https://openalex.org/W2103432434,0018926X,Q1,,1,1,Q1,Q1
https://openalex.org/W2103469352,09215093,Q1,,1,1,Q1,Q1
https://openalex.org/W2103524055,00046361,Q1,,1,1,Q1,Q1
https://openalex.org/W2103660538,00295922,Q3,,3,3,Q3,Q3
https://openalex.org/W2103669578,10411135,Q1,,1,1,Q1,Q1
https://openalex.org/W2103692171,00218979,Q1,,1,1,Q1,Q1
https://openalex.org/W2103736161,00933813,Q2,,2,2,Q2,Q2
https://openalex.org/W2103878568,10411135,Q1,,1,1,Q1,Q1
https://openalex.org/W2103902597,0022460X,Q1,,1,1,Q1,Q1
https://openalex.org/W2103942093,00189456,Q2,,1,1,Q1,Q1
https://openalex.org/W2103957976,00223115,Q2,,2,2,Q2,Q2
https://openalex.org/W2103963789,16122011,-,,1,1,Q1,Q1
https://openalex.org/W2103973868,00933813,Q2,,2,2,Q2,Q2
https://openalex.org/W2103977402,1077260X,Q1,,1,1,Q1,Q1
https://openalex.org/W2104078343,03701972,Q2,,2,2,Q2,Q2
https://openalex.org/W2104150650,08927022,Q2,,2,2,Q2,Q2
https://openalex.org/W2104162763,09977538,Q1,,1,1,Q1,Q1
https://openalex.org/W2104163236,10518223,Q2,,3,3,Q3,Q3
https://openalex.org/W2104186443,01413910,Q1,,1,1,Q1,Q1
https://openalex.org/W2104199008,1070664X,Q1,,1,1,Q1,Q1
https://openalex.org/W2104259982,00189499,Q3,,2,2,Q2,Q2
https://openalex.org/W2104409607,10411135,Q1,,1,1,Q1,Q1
https://openalex.org/W2104532211,15311309,Q1,,1,1,Q1,Q1
https://openalex.org/W2104662669,0018926X,Q1,,1,1,Q1,Q1
https://openalex.org/W2104779783,00295493,Q2,,2,2,Q2,Q2
https://openalex.org/W2104930742,03603016,Q1,,1,1,Q1,Q1
https://openalex.org/W2104940760,00396028,Q1,,1,1,Q1,Q1
https://openalex.org/W2104953195,03048853,Q2,,2,2,Q2,Q2
https://openalex.org/W2105041155,00189499,Q3,,2,2,Q2,Q2
https://openalex.org/W2105190970,00189499,Q3,,2,2,Q2,Q2
https://openalex.org/W2105198505,07234864,Q2,,1,1,Q1,Q1
https://openalex.org/W2105264150,10411135,Q1,,1,1,Q1,Q1
https://openalex.org/W2105265649,00189456,Q2,,1,1,Q1,Q1
https://openalex.org/W2105305542,00406090,Q2,,2,2,Q2,Q2
https://openalex.org/W2105440798,09259635,Q1,,1,1,Q1,Q1
https://openalex.org/W2105615024,07338724,Q1,,1,1,Q1,Q1
https://openalex.org/W2105755520,09684328,-,,5,5,Unranked,Unranked
https://openalex.org/W2105810336,09254005,Q1,,1,1,Q1,Q1
https://openalex.org/W2105817414,15311309,Q1,,1,1,Q1,Q1
https://openalex.org/W2105897301,10944087,Q1,,1,1,Q1,Q1
https://openalex.org/W2105962147,00319007,Q1,,1,1,Q1,Q1
https://openalex.org/W2105986470,01448420,Q3,,2,2,Q2,Q2
https://openalex.org/W2105989691,10710922,Q3,,2,2,Q2,Q2
https://openalex.org/W2106016104,07342101,Q1,,2,2,Q2,Q2
https://openalex.org/W2106114676,07338724,Q1,,1,1,Q1,Q1
https://openalex.org/W2106115164,10984402,Q2,,1,1,Q1,Q1
https://openalex.org/W2106118184,09214526,Q2,,2,2,Q2,Q2
https://openalex.org/W2106160682,10411135,Q1,,1,1,Q1,Q1
https://openalex.org/W2106192202,10411135,Q1,,1,1,Q1,Q1
https://openalex.org/W2106222617,14319276,Q3,,3,3,Q3,Q3
https://openalex.org/W2106295584,19325150,Q2,,3,3,Q3,Q3
https://openalex.org/W2106325087,00933813,Q2,,2,2,Q2,Q2
https://openalex.org/W2106328847,03603016,Q1,,1,1,Q1,Q1
https://openalex.org/W2106563106,10411135,Q1,,1,1,Q1,Q1
https://openalex.org/W2106566366,14394235,Q1,,1,1,Q1,Q1
https://openalex.org/W2106619646,00214922,-,,5,3,Unranked,Q3
https://openalex.org/W2106662124,10637834,Q3,,3,3,Q3,Q3
https://openalex.org/W2106692257,07338724,Q1,,1,1,Q1,Q1
https://openalex.org/W2106762334,00189456,Q2,,1,1,Q1,Q1
https://openalex.org/W2106769307,0167577X,Q2,,2,2,Q2,Q2
https://openalex.org/W2106775886,10459243,Q1,,2,2,Q2,Q2
https://openalex.org/W2106788069,01694332,-,,5,5,Unranked,Unranked
https://openalex.org/W2106819773,00223093,Q1,,2,2,Q2,Q2
https://openalex.org/W2106889792,01469592,Q1,,1,1,Q1,Q1
https://openalex.org/W2106899029,00220434,Q2,,2,2,Q2,Q2
https://openalex.org/W2106910892,0969806X,Q3,,2,2,Q2,Q2
https://openalex.org/W2106969070,02681242,Q1,,1,1,Q1,Q1
https://openalex.org/W2106984538,01469592,Q1,,1,1,Q1,Q1
https://openalex.org/W2107030948,00092614,Q1,,1,1,Q1,Q1
https://openalex.org/W2107103737,14381656,Q2,,1,1,Q1,Q1
https://openalex.org/W2107216810,00913286,Q2,,2,2,Q2,Q2
https://openalex.org/W2107235009,10518223,Q2,,3,3,Q3,Q3
https://openalex.org/W2107270802,0018926X,Q1,,1,1,Q1,Q1
https://openalex.org/W2107361222,00189499,Q3,,2,2,Q2,Q2
https://openalex.org/W2107610631,10411135,Q1,,1,1,Q1,Q1
https://openalex.org/W2107656487,00304018,Q1,,2,2,Q2,Q2
https://openalex.org/W2107661340,00046361,Q1,,1,1,Q1,Q1
https://openalex.org/W2107690599,10411135,Q1,,1,1,Q1,Q1
https://openalex.org/W2107772757,03783812,Q2,,1,1,Q1,Q1
https://openalex.org/W2107898651,09698043,Q1,,2,2,Q2,Q2
https://openalex.org/W2108193924,02681242,Q1,,1,1,Q1,Q1
https://openalex.org/W2108344803,00933813,Q2,,2,2,Q2,Q2
https://openalex.org/W2108590514,00029505,Q2,,2,2,Q2,Q2
https://openalex.org/W2108612710,00933813,Q2,,2,2,Q2,Q2
https://openalex.org/W2108656091,10411135,Q1,,1,1,Q1,Q1
https://openalex.org/W2108766839,0168583X,Q2,,2,2,Q2,Q2
https://openalex.org/W2108785630,00222313,Q1,,2,2,Q2,Q2
https://openalex.org/W2108818634,08878722,Q2,,2,2,Q2,Q2
https://openalex.org/W2108863595,00189499,Q3,,2,2,Q2,Q2
https://openalex.org/W2108952545,14248220,Q2,,2,2,Q2,Q2
https://openalex.org/W2108968242,09244247,Q1,,1,1,Q1,Q1
https://openalex.org/W2108985005,10411135,Q1,,1,1,Q1,Q1
https://openalex.org/W2109039011,01672738,Q1,,1,1,Q1,Q1
https://openalex.org/W2109118662,07338724,Q1,,1,1,Q1,Q1
https://openalex.org/W2109119659,01679317,Q1,,2,2,Q2,Q2
https://openalex.org/W2109255839,08853010,Q1,,1,1,Q1,Q1
https://openalex.org/W2109382867,13506501,Q2,,2,2,Q2,Q2
https://openalex.org/W2109553339,09253467,Q2,,2,2,Q2,Q2
https://openalex.org/W2109595415,01469592,Q1,,1,1,Q1,Q1
https://openalex.org/W2109602950,1077260X,Q1,,1,1,Q1,Q1
https://openalex.org/W2109680922,08853010,Q1,,1,1,Q1,Q1
https://openalex.org/W2109844419,0018926X,Q1,,1,1,Q1,Q1
https://openalex.org/W2109860778,09090495,Q2,,1,1,Q1,Q1
https://openalex.org/W2109877947,00304018,Q1,,2,2,Q2,Q2
https://openalex.org/W2109941998,15306984,Q1,,1,1,Q1,Q1
https://openalex.org/W2109963714,13596462,Q1,,1,1,Q1,Q1
https://openalex.org/W2110204305,02578972,Q1,,1,1,Q1,Q1
https://openalex.org/W2110215105,00189499,Q3,,2,2,Q2,Q2
https://openalex.org/W2110284135,07342101,Q1,,2,2,Q2,Q2
https://openalex.org/W2110388790,0969806X,Q3,,2,2,Q2,Q2
https://openalex.org/W2110426805,07338724,Q1,,1,1,Q1,Q1
https://openalex.org/W2110434860,09244247,Q1,,1,1,Q1,Q1
https://openalex.org/W2110499332,00189499,Q3,,2,2,Q2,Q2
https://openalex.org/W2110591755,02578972,Q1,,1,1,Q1,Q1
https://openalex.org/W2110729401,00381101,Q2,,2,2,Q2,Q2
https://openalex.org/W2110790298,10709622,Q3,,3,3,Q3,Q3
https://openalex.org/W2110790557,10944087,Q1,,1,1,Q1,Q1
https://openalex.org/W2110929196,00189499,Q3,,2,2,Q2,Q2
https://openalex.org/W2111008246,10518223,Q2,,3,3,Q3,Q3
https://openalex.org/W2111049089,00255408,Q2,,2,2,Q2,Q2
https://openalex.org/W2111082166,00189480,Q1,,1,1,Q1,Q1
https://openalex.org/W2111291290,00189456,Q2,,1,1,Q1,Q1
https://openalex.org/W2111331509,00295515,Q1,,1,1,Q1,Q1
https://openalex.org/W2111412823,01422421,Q2,,2,2,Q2,Q2
https://openalex.org/W2111642684,00189480,Q1,,1,1,Q1,Q1
https://openalex.org/W2111649096,10411135,Q1,,1,1,Q1,Q1
https://openalex.org/W2111653384,16122011,-,,1,1,Q1,Q1
https://openalex.org/W2111723666,08876266,Q1,,1,1,Q1,Q1
https://openalex.org/W2111890583,10411135,Q1,,1,1,Q1,Q1
https://openalex.org/W2111995713,13886150,Q3,,2,2,Q2,Q2
https://openalex.org/W2112042099,00189456,Q2,,1,1,Q1,Q1
https://openalex.org/W2112067278,10944087,Q1,,1,1,Q1,Q1
https://openalex.org/W2112096695,14639076,Q1,,1,1,Q1,Q1
https://openalex.org/W2112102749,10411135,Q1,,1,1,Q1,Q1
https://openalex.org/W2112247249,10411135,Q1,,1,1,Q1,Q1
https://openalex.org/W2112347820,0018926X,Q1,,1,1,Q1,Q1
https://openalex.org/W2112348376,09641726,Q1,,1,1,Q1,Q1
https://openalex.org/W2112449684,00189480,Q1,,1,1,Q1,Q1
https://openalex.org/W2112456858,00223727,Q1,,1,1,Q1,Q1
https://openalex.org/W2112515560,10411135,Q1,,1,1,Q1,Q1
https://openalex.org/W2112589748,09641726,Q1,,1,1,Q1,Q1
https://openalex.org/W2112627985,00189456,Q2,,1,1,Q1,Q1
https://openalex.org/W2112651523,10411135,Q1,,1,1,Q1,Q1
https://openalex.org/W2112720516,10411135,Q1,,1,1,Q1,Q1
https://openalex.org/W2112746504,09244247,Q1,,1,1,Q1,Q1
https://openalex.org/W2112759968,10847529,Q1,,1,1,Q1,Q1
https://openalex.org/W2112804601,10099271,-,,3,3,Q3,Q3
https://openalex.org/W2112817167,00262714,Q2,,2,2,Q2,Q2
https://openalex.org/W2112875489,00189499,Q3,,2,2,Q2,Q2
https://openalex.org/W2113030412,10411135,Q1,,1,1,Q1,Q1
https://openalex.org/W2113051574,09570233,Q1,,1,1,Q1,Q1
https://openalex.org/W2113065823,08837694,Q1,,1,1,Q1,Q1
https://openalex.org/W2113103930,10411135,Q1,,1,1,Q1,Q1
https://openalex.org/W2113215469,00189499,Q3,,2,2,Q2,Q2
https://openalex.org/W2113247382,01672738,Q1,,1,1,Q1,Q1
https://openalex.org/W2113278580,00189499,Q3,,2,2,Q2,Q2
https://openalex.org/W2113384300,01413910,Q1,,1,1,Q1,Q1
https://openalex.org/W2113440953,00189499,Q3,,2,2,Q2,Q2
https://openalex.org/W2113498163,13861425,Q2,,2,2,Q2,Q2
https://openalex.org/W2113529146,09254005,Q1,,1,1,Q1,Q1
https://openalex.org/W2113570605,09244247,Q1,,1,1,Q1,Q1
https://openalex.org/W2113585385,00346748,Q1,,1,1,Q1,Q1
https://openalex.org/W2113599779,00046361,Q1,,1,1,Q1,Q1
https://openalex.org/W2113615581,00189480,Q1,,1,1,Q1,Q1
https://openalex.org/W2113665876,00358711,Q1,,1,1,Q1,Q1
https://openalex.org/W2113690387,14761122,Q1,,1,1,Q1,Q1
https://openalex.org/W2113720941,09215093,Q1,,1,1,Q1,Q1
https://openalex.org/W2113723053,10411135,Q1,,1,1,Q1,Q1
https://openalex.org/W2113849513,08853010,Q1,,1,1,Q1,Q1
https://openalex.org/W2113881026,00046361,Q1,,1,1,Q1,Q1
https://openalex.org/W2113952972,10411135,Q1,,1,1,Q1,Q1
https://openalex.org/W2114025793,07338724,Q1,,1,1,Q1,Q1
https://openalex.org/W2114037072,08853010,Q1,,1,1,Q1,Q1
https://openalex.org/W2114046243,0168583X,Q2,,2,2,Q2,Q2
https://openalex.org/W2114074707,13672630,Q1,,1,1,Q1,Q1
https://openalex.org/W2114435590,00102202,Q3,,2,2,Q2,Q2
https://openalex.org/W2114474971,00218979,Q1,,1,1,Q1,Q1
https://openalex.org/W2114496435,00036951,Q1,,1,1,Q1,Q1
https://openalex.org/W2114505741,02731177,-,,5,5,Unranked,Unranked
https://openalex.org/W2114568782,07338724,Q1,,1,1,Q1,Q1
https://openalex.org/W2114569052,00189480,Q1,,1,1,Q1,Q1
https://openalex.org/W2114585023,00224596,Q2,,2,2,Q2,Q2
https://openalex.org/W2114644207,07338724,Q1,,1,1,Q1,Q1
https://openalex.org/W2114673631,00381101,Q2,,2,2,Q2,Q2
https://openalex.org/W2114765241,09532048,Q1,,1,1,Q1,Q1
https://openalex.org/W2114780852,1530437X,Q1,,2,2,Q2,Q2
https://openalex.org/W2114820065,00046280,Q1,,1,1,Q1,Q1
https://openalex.org/W2114854120,03759601,Q2,,2,2,Q2,Q2
https://openalex.org/W2114878814,01448420,Q3,,2,2,Q2,Q2
https://openalex.org/W2114903573,00933813,Q2,,2,2,Q2,Q2
https://openalex.org/W2115151142,07338724,Q1,,1,1,Q1,Q1
https://openalex.org/W2115188477,10411135,Q1,,1,1,Q1,Q1
https://openalex.org/W2115203688,1530437X,Q1,,2,2,Q2,Q2
https://openalex.org/W2115266882,03043991,Q1,,1,1,Q1,Q1
https://openalex.org/W2115274602,00036951,Q1,,1,1,Q1,Q1
https://openalex.org/W2115307962,10411135,Q1,,1,1,Q1,Q1
https://openalex.org/W2115338679,07338724,Q1,,1,1,Q1,Q1
https://openalex.org/W2115400553,19448201,Q1,,1,1,Q1,Q1
https://openalex.org/W2115403020,12932558,Q2,,2,2,Q2,Q2
https://openalex.org/W2115476000,10518223,Q2,,3,3,Q3,Q3
https://openalex.org/W2115505625,10411135,Q1,,1,1,Q1,Q1
https://openalex.org/W2115571526,10411135,Q1,,1,1,Q1,Q1
https://openalex.org/W2115580709,09259635,Q1,,1,1,Q1,Q1
https://openalex.org/W2115607977,0018926X,Q1,,1,1,Q1,Q1
https://openalex.org/W2115686354,10411135,Q1,,1,1,Q1,Q1
https://openalex.org/W2115711236,10411135,Q1,,1,1,Q1,Q1
https://openalex.org/W2115732612,10411135,Q1,,1,1,Q1,Q1
https://openalex.org/W2115776698,10411135,Q1,,1,1,Q1,Q1
https://openalex.org/W2115814123,10411135,Q1,,1,1,Q1,Q1
https://openalex.org/W2115906517,00214922,-,,5,3,Unranked,Q3
https://openalex.org/W2115997369,10411135,Q1,,1,1,Q1,Q1
https://openalex.org/W2116051803,14613484,Q4,,3,3,Q3,Q3
https://openalex.org/W2116057887,15311309,Q1,,1,1,Q1,Q1
https://openalex.org/W2116059383,10411135,Q1,,1,1,Q1,Q1
https://openalex.org/W2116078997,00189456,Q2,,1,1,Q1,Q1
https://openalex.org/W2116281751,09259635,Q1,,1,1,Q1,Q1
https://openalex.org/W2116304096,08837694,Q1,,1,1,Q1,Q1
https://openalex.org/W2116469548,10411135,Q1,,1,1,Q1,Q1
https://openalex.org/W2116526976,00214922,-,,5,3,Unranked,Q3
https://openalex.org/W2116577624,10411135,Q1,,1,1,Q1,Q1
https://openalex.org/W2116678374,10411135,Q1,,1,1,Q1,Q1
https://openalex.org/W2116810716,1530437X,Q1,,2,2,Q2,Q2
https://openalex.org/W2116898137,10411135,Q1,,1,1,Q1,Q1
https://openalex.org/W2116928373,00318655,-,,5,5,Unranked,Unranked
https://openalex.org/W2116939795,00218979,Q1,,1,1,Q1,Q1
https://openalex.org/W2116976550,13886150,Q3,,2,2,Q2,Q2
https://openalex.org/W2117010289,00046361,Q1,,1,1,Q1,Q1
https://openalex.org/W2117018945,00189499,Q3,,2,2,Q2,Q2
https://openalex.org/W2117114697,02630346,Q2,,1,2,Q1,Q2
https://openalex.org/W2117121456,00102202,Q3,,2,2,Q2,Q2
https://openalex.org/W2117179983,02321300,Q3,,3,3,Q3,Q3
https://openalex.org/W2117270682,13506501,Q2,,2,2,Q2,Q2
https://openalex.org/W2117289165,10518223,Q2,,3,3,Q3,Q3
https://openalex.org/W2117299035,07403224,Q1,,1,1,Q1,Q1
https://openalex.org/W2117501265,00189480,Q1,,1,1,Q1,Q1
https://openalex.org/W2117533019,10411135,Q1,,1,1,Q1,Q1
https://openalex.org/W2117713663,00189456,Q2,,1,1,Q1,Q1
https://openalex.org/W2117752842,08857156,Q3,,3,3,Q3,Q3
https://openalex.org/W2117863352,09232958,Q3,,2,2,Q2,Q2
https://openalex.org/W2117871570,17277191,Q4,,3,3,Q3,Q3
https://openalex.org/W2117920026,00396028,Q1,,1,1,Q1,Q1
https://openalex.org/W2117967319,13645021,Q1,,1,1,Q1,Q1
https://openalex.org/W2118048003,10735623,Q1,,1,1,Q1,Q1
https://openalex.org/W2118074374,02731177,-,,5,5,Unranked,Unranked
https://openalex.org/W2118114075,13506501,Q2,,2,2,Q2,Q2
https://openalex.org/W2118196872,10411135,Q1,,1,1,Q1,Q1
https://openalex.org/W2118212211,1077260X,Q1,,1,1,Q1,Q1
https://openalex.org/W2118289843,1077260X,Q1,,1,1,Q1,Q1
https://openalex.org/W2118335807,00933813,Q2,,2,2,Q2,Q2
https://openalex.org/W2118405920,00406090,Q2,,2,2,Q2,Q2
https://openalex.org/W2118416399,00189375,Q1,,2,2,Q2,Q2
https://openalex.org/W2118501658,10411135,Q1,,1,1,Q1,Q1
https://openalex.org/W2118578051,00214922,-,,5,3,Unranked,Q3
https://openalex.org/W2118596110,01448420,Q3,,2,2,Q2,Q2
https://openalex.org/W2118665250,00223697,Q2,,2,2,Q2,Q2
https://openalex.org/W2118692325,14319276,Q3,,3,3,Q3,Q3
https://openalex.org/W2118780041,15306984,Q1,,1,1,Q1,Q1
https://openalex.org/W2118794690,10411135,Q1,,1,1,Q1,Q1
https://openalex.org/W2118797653,08946507,Q2,,2,2,Q2,Q2
https://openalex.org/W2118843423,09570233,Q1,,1,1,Q1,Q1
https://openalex.org/W2118914569,08876266,Q1,,1,1,Q1,Q1
https://openalex.org/W2119083186,01422421,Q2,,2,2,Q2,Q2
https://openalex.org/W2119232582,01694332,-,,5,5,Unranked,Unranked
https://openalex.org/W2119239259,05848547,Q1,,1,1,Q1,Q1
https://openalex.org/W2119285772,10459243,Q1,,2,2,Q2,Q2
https://openalex.org/W2119301985,0018926X,Q1,,1,1,Q1,Q1
https://openalex.org/W2119351962,01694332,-,,5,5,Unranked,Unranked
https://openalex.org/W2119387768,00189456,Q2,,1,1,Q1,Q1
https://openalex.org/W2119402282,09491775,Q2,,2,2,Q2,Q2
https://openalex.org/W2119838063,09254005,Q1,,1,1,Q1,Q1
https://openalex.org/W2119884792,08853010,Q1,,1,1,Q1,Q1
https://openalex.org/W2119903674,00406090,Q2,,2,2,Q2,Q2
https://openalex.org/W2119930115,00933813,Q2,,2,2,Q2,Q2
https://openalex.org/W2119942312,0018926X,Q1,,1,1,Q1,Q1
https://openalex.org/W2120027495,00933813,Q2,,2,2,Q2,Q2
https://openalex.org/W2120115305,01689002,Q1,,1,1,Q1,Q1
https://openalex.org/W2120122723,07424787,Q1,,2,2,Q2,Q2
https://openalex.org/W2120145333,09215093,Q1,,1,1,Q1,Q1
https://openalex.org/W2120169060,01672738,Q1,,1,1,Q1,Q1
https://openalex.org/W2120217981,01469592,Q1,,1,1,Q1,Q1
https://openalex.org/W2120316412,02731177,-,,5,5,Unranked,Unranked
https://openalex.org/W2120403708,00046361,Q1,,1,1,Q1,Q1
https://openalex.org/W2120569853,13886150,Q3,,2,2,Q2,Q2
https://openalex.org/W2120618236,10411135,Q1,,1,1,Q1,Q1
https://openalex.org/W2120770356,13596462,Q1,,1,1,Q1,Q1
https://openalex.org/W2120772627,16005368,Q3,,4,4,Q4,Q4
https://openalex.org/W2120776587,00223727,Q1,,1,1,Q1,Q1
https://openalex.org/W2120961579,00189480,Q1,,1,1,Q1,Q1
https://openalex.org/W2120990971,12860042,Q2,,2,2,Q2,Q2
https://openalex.org/W2121114935,02578972,Q1,,1,1,Q1,Q1
https://openalex.org/W2121160272,02536102,Q3,,3,3,Q3,Q3
https://openalex.org/W2121200866,00134651,Q1,,1,1,Q1,Q1
https://openalex.org/W2121307218,00189499,Q3,,2,2,Q2,Q2
https://openalex.org/W2121312038,13596462,Q1,,1,1,Q1,Q1
https://openalex.org/W2121351108,1077260X,Q1,,1,1,Q1,Q1
https://openalex.org/W2121439493,0011748X,Q4,,4,4,Q4,Q4
https://openalex.org/W2121455705,01689002,Q1,,1,1,Q1,Q1
https://openalex.org/W2121537905,09090495,Q2,,1,1,Q1,Q1
https://openalex.org/W2121583528,00134651,Q1,,1,1,Q1,Q1
https://openalex.org/W2121614857,00223093,Q1,,2,2,Q2,Q2
https://openalex.org/W2121620178,10411135,Q1,,1,1,Q1,Q1
https://openalex.org/W2121628798,10411135,Q1,,1,1,Q1,Q1
https://openalex.org/W2121714904,10411135,Q1,,1,1,Q1,Q1
https://openalex.org/W2121734355,10411135,Q1,,1,1,Q1,Q1
https://openalex.org/W2121846110,01448420,Q3,,2,2,Q2,Q2
https://openalex.org/W2121881048,13886150,Q3,,2,2,Q2,Q2
https://openalex.org/W2121905172,00189456,Q2,,1,1,Q1,Q1
https://openalex.org/W2121966552,00189499,Q3,,2,2,Q2,Q2
https://openalex.org/W2122059335,13861425,Q2,,2,2,Q2,Q2
https://openalex.org/W2122076170,0031921X,-,,5,5,Unranked,Unranked
https://openalex.org/W2122359483,03701972,Q2,,2,2,Q2,Q2
https://openalex.org/W2122462083,09254005,Q1,,1,1,Q1,Q1
https://openalex.org/W2122650326,13645021,Q1,,1,1,Q1,Q1
https://openalex.org/W2122672934,10518223,Q2,,3,3,Q3,Q3
https://openalex.org/W2122712824,01672738,Q1,,1,1,Q1,Q1
https://openalex.org/W2122733906,10518223,Q2,,3,3,Q3,Q3
https://openalex.org/W2122794872,02632241,Q3,,2,2,Q2,Q2
https://openalex.org/W2122804365,01039733,Q3,,3,3,Q3,Q3
https://openalex.org/W2122829875,13672630,Q1,,1,1,Q1,Q1
https://openalex.org/W2122850646,09244247,Q1,,1,1,Q1,Q1
https://openalex.org/W2122863899,13886150,Q3,,2,2,Q2,Q2
https://openalex.org/W2122869281,00189456,Q2,,1,1,Q1,Q1
https://openalex.org/W2122926313,01672738,Q1,,1,1,Q1,Q1
https://openalex.org/W2122966714,0018926X,Q1,,1,1,Q1,Q1
https://openalex.org/W2123259858,0018926X,Q1,,1,1,Q1,Q1
https://openalex.org/W2123261655,00189456,Q2,,1,1,Q1,Q1
https://openalex.org/W2123301562,08946507,Q2,,2,2,Q2,Q2
https://openalex.org/W2123303885,00218979,Q1,,1,1,Q1,Q1
https://openalex.org/W2123319437,13886150,Q3,,2,2,Q2,Q2
https://openalex.org/W2123412203,13853449,Q2,,2,2,Q2,Q2
https://openalex.org/W2123523440,10411135,Q1,,1,1,Q1,Q1
https://openalex.org/W2123535088,09277757,-,,5,5,Unranked,Unranked
https://openalex.org/W2123549742,00189480,Q1,,1,1,Q1,Q1
https://openalex.org/W2123606204,01672738,Q1,,1,1,Q1,Q1
https://openalex.org/W2123632534,07338724,Q1,,1,1,Q1,Q1
https://openalex.org/W2123670421,00218936,Q1,,1,1,Q1,Q1
https://openalex.org/W2123744979,02578972,Q1,,1,1,Q1,Q1
https://openalex.org/W2123749971,00104655,Q1,,1,1,Q1,Q1
https://openalex.org/W2123770779,00189456,Q2,,1,1,Q1,Q1
https://openalex.org/W2123792040,01689002,Q1,,1,1,Q1,Q1
https://openalex.org/W2123832636,00223727,Q1,,1,1,Q1,Q1
https://openalex.org/W2123934957,01689002,Q1,,1,1,Q1,Q1
https://openalex.org/W2123986956,10411135,Q1,,1,1,Q1,Q1
https://openalex.org/W2124156772,00431648,Q1,,1,1,Q1,Q1
https://openalex.org/W2124279468,00189499,Q3,,2,2,Q2,Q2
https://openalex.org/W2124334783,0168583X,Q2,,2,2,Q2,Q2
https://openalex.org/W2124399691,00262714,Q2,,2,2,Q2,Q2
https://openalex.org/W2124457782,10411135,Q1,,1,1,Q1,Q1
https://openalex.org/W2124480613,09244247,Q1,,1,1,Q1,Q1
https://openalex.org/W2124803643,02681242,Q1,,1,1,Q1,Q1
https://openalex.org/W2124814866,0022460X,Q1,,1,1,Q1,Q1
https://openalex.org/W2124833255,0092640X,Q1,,1,1,Q1,Q1
https://openalex.org/W2124880761,10411135,Q1,,1,1,Q1,Q1
https://openalex.org/W2125105500,08853010,Q1,,1,1,Q1,Q1
https://openalex.org/W2125119256,09259635,Q1,,1,1,Q1,Q1
https://openalex.org/W2125148222,00189456,Q2,,1,1,Q1,Q1
https://openalex.org/W2125170170,00189480,Q1,,1,1,Q1,Q1
https://openalex.org/W2125207727,01422421,Q2,,2,2,Q2,Q2
https://openalex.org/W2125221525,09927689,Q2,,2,2,Q2,Q2
https://openalex.org/W2125231819,00037028,Q1,,2,2,Q2,Q2
https://openalex.org/W2125292717,10411135,Q1,,1,1,Q1,Q1
https://openalex.org/W2125394499,00189480,Q1,,1,1,Q1,Q1
https://openalex.org/W2125444774,15311309,Q1,,1,1,Q1,Q1
https://openalex.org/W2125456562,10518223,Q2,,3,3,Q3,Q3
https://openalex.org/W2125471155,08857156,Q3,,3,3,Q3,Q3
https://openalex.org/W2125538129,0018926X,Q1,,1,1,Q1,Q1
https://openalex.org/W2125543421,00406031,Q2,,2,2,Q2,Q2
https://openalex.org/W2125614638,10411135,Q1,,1,1,Q1,Q1
https://openalex.org/W2125787666,00406090,Q2,,2,2,Q2,Q2
https://openalex.org/W2125848976,0168583X,Q2,,2,2,Q2,Q2
https://openalex.org/W2125867445,00189375,Q1,,2,2,Q2,Q2
https://openalex.org/W2125873251,00223093,Q1,,2,2,Q2,Q2
https://openalex.org/W2126007715,00406090,Q2,,2,2,Q2,Q2
https://openalex.org/W2126126376,10411135,Q1,,1,1,Q1,Q1
https://openalex.org/W2126165571,1530437X,Q1,,2,2,Q2,Q2
https://openalex.org/W2126199716,13876473,Q2,,2,2,Q2,Q2
https://openalex.org/W2126234612,08952477,Q2,,3,3,Q3,Q3
https://openalex.org/W2126436001,02578972,Q1,,1,1,Q1,Q1
https://openalex.org/W2126572487,10411135,Q1,,1,1,Q1,Q1
https://openalex.org/W2126595585,07338724,Q1,,1,1,Q1,Q1
https://openalex.org/W2126628768,00134651,Q1,,1,1,Q1,Q1
https://openalex.org/W2126811283,08946507,Q2,,2,2,Q2,Q2
https://openalex.org/W2126898414,00381101,Q2,,2,2,Q2,Q2
https://openalex.org/W2126910534,04493060,Q2,,2,2,Q2,Q2
https://openalex.org/W2126941225,07338724,Q1,,1,1,Q1,Q1
https://openalex.org/W2127061709,10411135,Q1,,1,1,Q1,Q1
https://openalex.org/W2127084584,07338724,Q1,,1,1,Q1,Q1
https://openalex.org/W2127153809,07338724,Q1,,1,1,Q1,Q1
https://openalex.org/W2127160187,09254005,Q1,,1,1,Q1,Q1
https://openalex.org/W2127186317,1530437X,Q1,,2,2,Q2,Q2
https://openalex.org/W2127253295,09244247,Q1,,1,1,Q1,Q1
https://openalex.org/W2127300181,00358711,Q1,,1,1,Q1,Q1
https://openalex.org/W2127348206,00431648,Q1,,1,1,Q1,Q1
https://openalex.org/W2127368098,10411135,Q1,,1,1,Q1,Q1
https://openalex.org/W2127386185,1077260X,Q1,,1,1,Q1,Q1
https://openalex.org/W2127567453,10411135,Q1,,1,1,Q1,Q1
https://openalex.org/W2127584786,07338724,Q1,,1,1,Q1,Q1
https://openalex.org/W2127617120,00189456,Q2,,1,1,Q1,Q1
https://openalex.org/W2127649615,10411135,Q1,,1,1,Q1,Q1
https://openalex.org/W2127656637,01672738,Q1,,1,1,Q1,Q1
https://openalex.org/W2127664486,00933813,Q2,,2,2,Q2,Q2
https://openalex.org/W2127734179,02540584,Q2,,2,2,Q2,Q2
https://openalex.org/W2127753845,09600779,-,,5,5,Unranked,Unranked
https://openalex.org/W2127770842,10411135,Q1,,1,1,Q1,Q1
https://openalex.org/W2127837631,00189456,Q2,,1,1,Q1,Q1
https://openalex.org/W2127846921,0018926X,Q1,,1,1,Q1,Q1
https://openalex.org/W2127894011,00933813,Q2,,2,2,Q2,Q2
https://openalex.org/W2127896845,10459243,Q1,,2,2,Q2,Q2
https://openalex.org/W2127947576,10411135,Q1,,1,1,Q1,Q1
https://openalex.org/W2127993798,00319007,Q1,,1,1,Q1,Q1
https://openalex.org/W2127998931,01469592,Q1,,1,1,Q1,Q1
https://openalex.org/W2128040104,01672738,Q1,,1,1,Q1,Q1
https://openalex.org/W2128173552,10944087,Q1,,1,1,Q1,Q1
https://openalex.org/W2128304866,1059910X,Q1,,2,2,Q2,Q2
https://openalex.org/W2128355611,0018926X,Q1,,1,1,Q1,Q1
https://openalex.org/W2128431127,07338724,Q1,,1,1,Q1,Q1
https://openalex.org/W2128443345,10411135,Q1,,1,1,Q1,Q1
https://openalex.org/W2128452781,0003682X,Q2,,1,1,Q1,Q1
https://openalex.org/W2128610987,00381101,Q2,,2,2,Q2,Q2
https://openalex.org/W2128778775,00214922,-,,5,3,Unranked,Q3
https://openalex.org/W2128784235,0018926X,Q1,,1,1,Q1,Q1
https://openalex.org/W2128788183,10518223,Q2,,3,3,Q3,Q3
https://openalex.org/W2128792901,10518223,Q2,,3,3,Q3,Q3
https://openalex.org/W2128805003,00112275,Q1,,2,2,Q2,Q2
https://openalex.org/W2128816173,07338724,Q1,,1,1,Q1,Q1
https://openalex.org/W2128834752,03759474,Q1,,1,1,Q1,Q1
https://openalex.org/W2128867653,10518223,Q2,,3,3,Q3,Q3
https://openalex.org/W2129017435,08946507,Q2,,2,2,Q2,Q2
https://openalex.org/W2129125693,10411135,Q1,,1,1,Q1,Q1
https://openalex.org/W2129189445,00189499,Q3,,2,2,Q2,Q2
https://openalex.org/W2129276788,08946507,Q2,,2,2,Q2,Q2
https://openalex.org/W2129290530,08946507,Q2,,2,2,Q2,Q2
https://openalex.org/W2129331292,00046361,Q1,,1,1,Q1,Q1
https://openalex.org/W2129384614,08631042,Q3,,2,2,Q2,Q2
https://openalex.org/W2129408918,07338724,Q1,,1,1,Q1,Q1
https://openalex.org/W2129490180,09641726,Q1,,1,1,Q1,Q1
https://openalex.org/W2129515233,14761122,Q1,,1,1,Q1,Q1
https://openalex.org/W2129549043,1077260X,Q1,,1,1,Q1,Q1
https://openalex.org/W2129563491,10518223,Q2,,3,3,Q3,Q3
https://openalex.org/W2129584562,09244247,Q1,,1,1,Q1,Q1
https://openalex.org/W2129693116,00189197,Q1,,1,1,Q1,Q1
https://openalex.org/W2129733029,13504177,Q1,,1,1,Q1,Q1
https://openalex.org/W2129792970,09254005,Q1,,1,1,Q1,Q1
https://openalex.org/W2129844579,02578972,Q1,,1,1,Q1,Q1
https://openalex.org/W2129923899,10411135,Q1,,1,1,Q1,Q1
https://openalex.org/W2130017956,02731177,-,,5,5,Unranked,Unranked
https://openalex.org/W2130035118,00913286,Q2,,2,2,Q2,Q2
https://openalex.org/W2130051109,00406090,Q2,,2,2,Q2,Q2
https://openalex.org/W2130073201,02731177,-,,5,5,Unranked,Unranked
https://openalex.org/W2130086491,0018926X,Q1,,1,1,Q1,Q1
https://openalex.org/W2130265855,09215107,Q2,,2,2,Q2,Q2
https://openalex.org/W2130334051,00486604,Q2,,2,2,Q2,Q2
https://openalex.org/W2130390753,09244247,Q1,,1,1,Q1,Q1
https://openalex.org/W2130439401,00913286,Q2,,2,2,Q2,Q2
https://openalex.org/W2130449366,00218464,Q3,,2,2,Q2,Q2
https://openalex.org/W2130454105,00207608,Q2,,2,2,Q2,Q2
https://openalex.org/W2130504328,00092614,Q1,,1,1,Q1,Q1
https://openalex.org/W2130538054,07338724,Q1,,1,1,Q1,Q1
https://openalex.org/W2130544958,13886150,Q3,,2,2,Q2,Q2
https://openalex.org/W2130713745,00223131,Q3,,3,3,Q3,Q3
https://openalex.org/W2130726815,00189480,Q1,,1,1,Q1,Q1
https://openalex.org/W2130750542,00112275,Q1,,2,2,Q2,Q2
https://openalex.org/W2130783930,14381656,Q2,,1,1,Q1,Q1
https://openalex.org/W2130808090,00189480,Q1,,1,1,Q1,Q1
https://openalex.org/W2130840190,10411135,Q1,,1,1,Q1,Q1
https://openalex.org/W2130948069,10627995,Q2,,1,1,Q1,Q1
https://openalex.org/W2130950493,07351933,Q2,,1,1,Q1,Q1
https://openalex.org/W2130986476,10411135,Q1,,1,1,Q1,Q1
https://openalex.org/W2131027025,10459243,Q1,,2,2,Q2,Q2
https://openalex.org/W2131027063,00189499,Q3,,2,2,Q2,Q2
https://openalex.org/W2131034306,00214922,-,,5,3,Unranked,Q3
https://openalex.org/W2131100802,00189456,Q2,,1,1,Q1,Q1
https://openalex.org/W2131113911,03048853,Q2,,2,2,Q2,Q2
https://openalex.org/W2131125685,0167577X,Q2,,2,2,Q2,Q2
https://openalex.org/W2131231387,10980121,Q1,,1,1,Q1,Q1
https://openalex.org/W2131281028,00189456,Q2,,1,1,Q1,Q1
https://openalex.org/W2131300322,02731177,-,,5,5,Unranked,Unranked
https://openalex.org/W2131333514,10984402,Q2,,1,1,Q1,Q1
https://openalex.org/W2131354430,07338724,Q1,,1,1,Q1,Q1
https://openalex.org/W2131389824,09259635,Q1,,1,1,Q1,Q1
https://openalex.org/W2131497389,15311309,Q1,,1,1,Q1,Q1
https://openalex.org/W2131553519,00431648,Q1,,1,1,Q1,Q1
https://openalex.org/W2131569107,10411135,Q1,,1,1,Q1,Q1
https://openalex.org/W2131569210,07338724,Q1,,1,1,Q1,Q1
https://openalex.org/W2131624610,09244247,Q1,,1,1,Q1,Q1
https://openalex.org/W2131827352,10518223,Q2,,3,3,Q3,Q3
https://openalex.org/W2131917008,15306984,Q1,,1,1,Q1,Q1
https://openalex.org/W2132258786,00189499,Q3,,2,2,Q2,Q2
https://openalex.org/W2132289945,00913286,Q2,,2,2,Q2,Q2
https://openalex.org/W2132303125,02705214,Q4,,4,4,Q4,Q4
https://openalex.org/W2132350764,00112275,Q1,,2,2,Q2,Q2
https://openalex.org/W2132387933,00189499,Q3,,2,2,Q2,Q2
https://openalex.org/W2132432746,00223727,Q1,,1,1,Q1,Q1
https://openalex.org/W2132757323,00223093,Q1,,2,2,Q2,Q2
https://openalex.org/W2132765228,01422421,Q2,,2,2,Q2,Q2
https://openalex.org/W2132778177,10411135,Q1,,1,1,Q1,Q1
https://openalex.org/W2132792282,09543899,Q2,,1,1,Q1,Q1
https://openalex.org/W2132830882,10411135,Q1,,1,1,Q1,Q1
https://openalex.org/W2132994514,00222313,Q1,,2,2,Q2,Q2
https://openalex.org/W2133003977,10411135,Q1,,1,1,Q1,Q1
https://openalex.org/W2133022257,0004637X,Q1,,1,1,Q1,Q1
https://openalex.org/W2133131619,00189499,Q3,,2,2,Q2,Q2
https://openalex.org/W2133139851,01422421,Q2,,2,2,Q2,Q2
https://openalex.org/W2133214344,00189480,Q1,,1,1,Q1,Q1
https://openalex.org/W2133244545,02630346,Q2,,1,2,Q1,Q2
https://openalex.org/W2133248018,09254005,Q1,,1,1,Q1,Q1
https://openalex.org/W2133333248,00189499,Q3,,2,2,Q2,Q2
https://openalex.org/W2133335508,01422421,Q2,,2,2,Q2,Q2
https://openalex.org/W2133388993,00143057,Q2,,1,1,Q1,Q1
https://openalex.org/W2133452725,00189499,Q3,,2,2,Q2,Q2
https://openalex.org/W2133466271,09467076,Q3,,3,3,Q3,Q3
https://openalex.org/W2133479954,00046361,Q1,,1,1,Q1,Q1
https://openalex.org/W2133515245,00220434,Q2,,2,2,Q2,Q2
https://openalex.org/W2133553076,01689002,Q1,,1,1,Q1,Q1
https://openalex.org/W2133653396,10833668,Q1,,1,1,Q1,Q1
https://openalex.org/W2133780269,01422421,Q2,,2,2,Q2,Q2
https://openalex.org/W2133828579,09215093,Q1,,1,1,Q1,Q1
https://openalex.org/W2133863585,10411135,Q1,,1,1,Q1,Q1
https://openalex.org/W2133869390,0018926X,Q1,,1,1,Q1,Q1
https://openalex.org/W2133921737,10518223,Q2,,3,3,Q3,Q3
https://openalex.org/W2133946178,0167577X,Q2,,2,2,Q2,Q2
https://openalex.org/W2133949899,00046361,Q1,,1,1,Q1,Q1
https://openalex.org/W2133966783,09254005,Q1,,1,1,Q1,Q1
https://openalex.org/W2134093418,01469592,Q1,,1,1,Q1,Q1
https://openalex.org/W2134093661,02731177,-,,5,5,Unranked,Unranked
https://openalex.org/W2134117857,15311309,Q1,,1,1,Q1,Q1
https://openalex.org/W2134147052,1530437X,Q1,,2,2,Q2,Q2
https://openalex.org/W2134224362,10411135,Q1,,1,1,Q1,Q1
https://openalex.org/W2134251581,10637834,Q3,,3,3,Q3,Q3
https://openalex.org/W2134288582,02578972,Q1,,1,1,Q1,Q1
https://openalex.org/W2134356156,00189375,Q1,,2,2,Q2,Q2
https://openalex.org/W2134394145,07338724,Q1,,1,1,Q1,Q1
https://openalex.org/W2134545141,15311309,Q1,,1,1,Q1,Q1
https://openalex.org/W2134639617,00134651,Q1,,1,1,Q1,Q1
https://openalex.org/W2134694114,00189480,Q1,,1,1,Q1,Q1
https://openalex.org/W2134728768,00046361,Q1,,1,1,Q1,Q1
https://openalex.org/W2134743831,00224596,Q2,,2,2,Q2,Q2
https://openalex.org/W2134751042,13886150,Q3,,2,2,Q2,Q2
https://openalex.org/W2135030244,00189499,Q3,,2,2,Q2,Q2
https://openalex.org/W2135084465,10411135,Q1,,1,1,Q1,Q1
https://openalex.org/W2135112550,00112275,Q1,,2,2,Q2,Q2
https://openalex.org/W2135127188,03015629,Q1,,1,1,Q1,Q1
https://openalex.org/W2135143175,10411135,Q1,,1,1,Q1,Q1
https://openalex.org/W2135196653,10411135,Q1,,1,1,Q1,Q1
https://openalex.org/W2135278028,00189456,Q2,,1,1,Q1,Q1
https://openalex.org/W2135280894,10411135,Q1,,1,1,Q1,Q1
https://openalex.org/W2135422649,09491775,Q2,,2,2,Q2,Q2
https://openalex.org/W2135429325,1077260X,Q1,,1,1,Q1,Q1
https://openalex.org/W2135455531,1530437X,Q1,,2,2,Q2,Q2
https://openalex.org/W2135623347,0018926X,Q1,,1,1,Q1,Q1
https://openalex.org/W2135724729,00179310,Q1,,1,1,Q1,Q1
https://openalex.org/W2135726444,07338724,Q1,,1,1,Q1,Q1
https://openalex.org/W2135808377,00134651,Q1,,1,1,Q1,Q1
https://openalex.org/W2135857960,00189480,Q1,,1,1,Q1,Q1
https://openalex.org/W2135881250,15306984,Q1,,1,1,Q1,Q1
https://openalex.org/W2135885720,13861425,Q2,,2,2,Q2,Q2
https://openalex.org/W2135956691,09215093,Q1,,1,1,Q1,Q1
https://openalex.org/W2136006081,01689002,Q1,,1,1,Q1,Q1
https://openalex.org/W2136081102,10411135,Q1,,1,1,Q1,Q1
https://openalex.org/W2136096171,00189480,Q1,,1,1,Q1,Q1
https://openalex.org/W2136375713,00431648,Q1,,1,1,Q1,Q1
https://openalex.org/W2136508238,07338724,Q1,,1,1,Q1,Q1
https://openalex.org/W2136533006,10411135,Q1,,1,1,Q1,Q1
https://openalex.org/W2136543207,10411135,Q1,,1,1,Q1,Q1
https://openalex.org/W2136721217,0018926X,Q1,,1,1,Q1,Q1
https://openalex.org/W2136744055,10518223,Q2,,3,3,Q3,Q3
https://openalex.org/W2136748169,00933813,Q2,,2,2,Q2,Q2
https://openalex.org/W2136871847,00046361,Q1,,1,1,Q1,Q1
https://openalex.org/W2136912465,00189499,Q3,,2,2,Q2,Q2
https://openalex.org/W2136999311,10411135,Q1,,1,1,Q1,Q1
https://openalex.org/W2137040382,07338724,Q1,,1,1,Q1,Q1
https://openalex.org/W2137131519,00406090,Q2,,2,2,Q2,Q2
https://openalex.org/W2137424097,15306984,Q1,,1,1,Q1,Q1
https://openalex.org/W2137451617,02578972,Q1,,1,1,Q1,Q1
https://openalex.org/W2137519180,09977546,Q2,,2,2,Q2,Q2
https://openalex.org/W2137566471,10518223,Q2,,3,3,Q3,Q3
https://openalex.org/W2137581951,08853010,Q1,,1,1,Q1,Q1
https://openalex.org/W2137586238,00223093,Q1,,2,2,Q2,Q2
https://openalex.org/W2137705579,10411135,Q1,,1,1,Q1,Q1
https://openalex.org/W2137795331,01689002,Q1,,1,1,Q1,Q1
https://openalex.org/W2137900628,10411135,Q1,,1,1,Q1,Q1
https://openalex.org/W2137958142,09244247,Q1,,1,1,Q1,Q1
https://openalex.org/W2138006290,10411135,Q1,,1,1,Q1,Q1
https://openalex.org/W2138022589,10706631,Q1,,1,1,Q1,Q1
https://openalex.org/W2138042393,02321300,Q3,,3,3,Q3,Q3
https://openalex.org/W2138051403,1059910X,Q1,,2,2,Q2,Q2
https://openalex.org/W2138371578,0018926X,Q1,,1,1,Q1,Q1
https://openalex.org/W2138439142,10411135,Q1,,1,1,Q1,Q1
https://openalex.org/W2138480395,09215093,Q1,,1,1,Q1,Q1
https://openalex.org/W2138514425,10411135,Q1,,1,1,Q1,Q1
https://openalex.org/W2138534553,09354956,Q1,,1,1,Q1,Q1
https://openalex.org/W2138553396,10411135,Q1,,1,1,Q1,Q1
https://openalex.org/W2138591168,10518223,Q2,,3,3,Q3,Q3
https://openalex.org/W2138613707,00406090,Q2,,2,2,Q2,Q2
https://openalex.org/W2138638744,10099271,-,,3,3,Q3,Q3
https://openalex.org/W2138726026,03701573,Q1,,1,1,Q1,Q1
https://openalex.org/W2138744320,10459243,Q1,,2,2,Q2,Q2
https://openalex.org/W2138784136,0018926X,Q1,,1,1,Q1,Q1
https://openalex.org/W2138807665,00189499,Q3,,2,2,Q2,Q2
https://openalex.org/W2138808433,00933813,Q2,,2,2,Q2,Q2
https://openalex.org/W2138814605,10980121,Q1,,1,1,Q1,Q1
https://openalex.org/W2138981249,00179310,Q1,,1,1,Q1,Q1
https://openalex.org/W2139190040,09259635,Q1,,1,1,Q1,Q1
https://openalex.org/W2139201303,09214526,Q2,,2,2,Q2,Q2
https://openalex.org/W2139203658,10946969,Q3,,3,3,Q3,Q3
https://openalex.org/W2139251354,10411135,Q1,,1,1,Q1,Q1
https://openalex.org/W2139257623,13873806,Q1,,1,1,Q1,Q1
https://openalex.org/W2139277671,03796779,Q2,,2,2,Q2,Q2
https://openalex.org/W2139314297,00150193,Q3,,3,3,Q3,Q3
https://openalex.org/W2139386000,00036951,Q1,,1,1,Q1,Q1
https://openalex.org/W2139463260,00381101,Q2,,2,2,Q2,Q2
https://openalex.org/W2139548050,00189456,Q2,,1,1,Q1,Q1
https://openalex.org/W2139704431,10411135,Q1,,1,1,Q1,Q1
https://openalex.org/W2139717774,00933813,Q2,,2,2,Q2,Q2
https://openalex.org/W2139892676,01672738,Q1,,1,1,Q1,Q1
https://openalex.org/W2139902814,1530437X,Q1,,2,2,Q2,Q2
https://openalex.org/W2139916087,10411135,Q1,,1,1,Q1,Q1
https://openalex.org/W2140141628,10518223,Q2,,3,3,Q3,Q3
https://openalex.org/W2140163936,00189480,Q1,,1,1,Q1,Q1
https://openalex.org/W2140310735,00189499,Q3,,2,2,Q2,Q2
https://openalex.org/W2140316896,10411135,Q1,,1,1,Q1,Q1
https://openalex.org/W2140370176,00406090,Q2,,2,2,Q2,Q2
https://openalex.org/W2140423470,07338724,Q1,,1,1,Q1,Q1
https://openalex.org/W2140456241,09215107,Q2,,2,2,Q2,Q2
https://openalex.org/W2140462377,02540584,Q2,,2,2,Q2,Q2
https://openalex.org/W2140476481,10833668,Q1,,1,1,Q1,Q1
https://openalex.org/W2140477756,00046361,Q1,,1,1,Q1,Q1
https://openalex.org/W2140483993,00381098,Q1,,1,2,Q1,Q2
https://openalex.org/W2140517520,09270256,Q2,,1,1,Q1,Q1
https://openalex.org/W2140567388,09244247,Q1,,1,1,Q1,Q1
https://openalex.org/W2140614738,03783812,Q2,,1,1,Q1,Q1
https://openalex.org/W2140697979,10411135,Q1,,1,1,Q1,Q1
https://openalex.org/W2140721799,08876266,Q1,,1,1,Q1,Q1
https://openalex.org/W2140746131,15365379,Q2,,2,2,Q2,Q2
https://openalex.org/W2140879096,00318655,-,,5,5,Unranked,Unranked
https://openalex.org/W2140943067,07413335,Q1,,1,1,Q1,Q1
https://openalex.org/W2141053503,02678292,Q2,,2,2,Q2,Q2
https://openalex.org/W2141058262,10411135,Q1,,1,1,Q1,Q1
https://openalex.org/W2141157686,07338724,Q1,,1,1,Q1,Q1
https://openalex.org/W2141209263,14381656,Q2,,1,1,Q1,Q1
https://openalex.org/W2141227616,09277765,Q3,,1,1,Q1,Q1
https://openalex.org/W2141244045,07338724,Q1,,1,1,Q1,Q1
https://openalex.org/W2141262697,07338724,Q1,,1,1,Q1,Q1
https://openalex.org/W2141403400,01448420,Q3,,2,2,Q2,Q2
https://openalex.org/W2141437564,09254005,Q1,,1,1,Q1,Q1
https://openalex.org/W2141607739,02678292,Q2,,2,2,Q2,Q2
https://openalex.org/W2141694259,10411135,Q1,,1,1,Q1,Q1
https://openalex.org/W2141709018,01689002,Q1,,1,1,Q1,Q1
https://openalex.org/W2141742278,00223697,Q2,,2,2,Q2,Q2
https://openalex.org/W2141748677,00189375,Q1,,2,2,Q2,Q2
https://openalex.org/W2141801631,07338724,Q1,,1,1,Q1,Q1
https://openalex.org/W2141809741,00295922,Q3,,3,3,Q3,Q3
https://openalex.org/W2141813817,10599630,Q2,,2,2,Q2,Q2
https://openalex.org/W2141828787,0018926X,Q1,,1,1,Q1,Q1
https://openalex.org/W2141854445,14735504,Q2,,2,2,Q2,Q2
https://openalex.org/W2141869528,00189375,Q1,,2,2,Q2,Q2
https://openalex.org/W2141880460,15421406,Q3,,3,3,Q3,Q3
https://openalex.org/W2141896573,10411135,Q1,,1,1,Q1,Q1
https://openalex.org/W2141936037,0301679X,Q2,,1,1,Q1,Q1
https://openalex.org/W2141959532,14346060,Q1,,2,2,Q2,Q2
https://openalex.org/W2141974387,10518223,Q2,,3,3,Q3,Q3
https://openalex.org/W2142027745,00134651,Q1,,1,1,Q1,Q1
https://openalex.org/W2142144339,10411135,Q1,,1,1,Q1,Q1
https://openalex.org/W2142147488,03759474,Q1,,1,1,Q1,Q1
https://openalex.org/W2142163515,10411135,Q1,,1,1,Q1,Q1
https://openalex.org/W2142193876,01694332,-,,5,5,Unranked,Unranked
https://openalex.org/W2142226448,00189456,Q2,,1,1,Q1,Q1
https://openalex.org/W2142259768,10411135,Q1,,1,1,Q1,Q1
https://openalex.org/W2142338222,00933813,Q2,,2,2,Q2,Q2
https://openalex.org/W2142367234,10411135,Q1,,1,1,Q1,Q1
https://openalex.org/W2142382095,00304018,Q1,,2,2,Q2,Q2
https://openalex.org/W2142512990,00431648,Q1,,1,1,Q1,Q1
https://openalex.org/W2142539937,09277757,-,,5,5,Unranked,Unranked
https://openalex.org/W2142594327,10411135,Q1,,1,1,Q1,Q1
https://openalex.org/W2142752378,10518223,Q2,,3,3,Q3,Q3
https://openalex.org/W2142798160,0301679X,Q2,,1,1,Q1,Q1
https://openalex.org/W2142908351,01689002,Q1,,1,1,Q1,Q1
https://openalex.org/W2142984111,00189375,Q1,,2,2,Q2,Q2
https://openalex.org/W2143090059,00396028,Q1,,1,1,Q1,Q1
https://openalex.org/W2143107305,00224596,Q2,,2,2,Q2,Q2
https://openalex.org/W2143218577,10411135,Q1,,1,1,Q1,Q1
https://openalex.org/W2143241639,10518223,Q2,,3,3,Q3,Q3
https://openalex.org/W2143300129,00223093,Q1,,2,2,Q2,Q2
https://openalex.org/W2143321971,0969806X,Q3,,2,2,Q2,Q2
https://openalex.org/W2143347850,00189499,Q3,,2,2,Q2,Q2
https://openalex.org/W2143394828,09253467,Q2,,2,2,Q2,Q2
https://openalex.org/W2143414737,07338724,Q1,,1,1,Q1,Q1
https://openalex.org/W2143424306,10411135,Q1,,1,1,Q1,Q1
https://openalex.org/W2143465653,00189499,Q3,,2,2,Q2,Q2
https://openalex.org/W2143475161,10411135,Q1,,1,1,Q1,Q1
https://openalex.org/W2143615024,04493060,Q2,,2,2,Q2,Q2
https://openalex.org/W2143639859,02540584,Q2,,2,2,Q2,Q2
https://openalex.org/W2143695565,07338724,Q1,,1,1,Q1,Q1
https://openalex.org/W2143765952,10944087,Q1,,1,1,Q1,Q1
https://openalex.org/W2143780446,00189499,Q3,,2,2,Q2,Q2
https://openalex.org/W2143784206,01689002,Q1,,1,1,Q1,Q1
https://openalex.org/W2143843718,16122011,-,,1,1,Q1,Q1
https://openalex.org/W2143919853,16122011,-,,1,1,Q1,Q1
https://openalex.org/W2143927851,13233580,Q2,,2,2,Q2,Q2
https://openalex.org/W2144043170,00189499,Q3,,2,2,Q2,Q2
https://openalex.org/W2144252732,13596462,Q1,,1,1,Q1,Q1
https://openalex.org/W2144344862,14248220,Q2,,2,2,Q2,Q2
https://openalex.org/W2144351619,10411135,Q1,,1,1,Q1,Q1
https://openalex.org/W2144355125,00189480,Q1,,1,1,Q1,Q1
https://openalex.org/W2144385752,10411135,Q1,,1,1,Q1,Q1
https://openalex.org/W2144570625,0168583X,Q2,,2,2,Q2,Q2
https://openalex.org/W2144586792,10411135,Q1,,1,1,Q1,Q1
https://openalex.org/W2144599919,00189499,Q3,,2,2,Q2,Q2
https://openalex.org/W2144610118,00396028,Q1,,1,1,Q1,Q1
https://openalex.org/W2144644871,13596462,Q1,,1,1,Q1,Q1
https://openalex.org/W2144700238,00189499,Q3,,2,2,Q2,Q2
https://openalex.org/W2144767322,10518223,Q2,,3,3,Q3,Q3
https://openalex.org/W2144775631,10411135,Q1,,1,1,Q1,Q1
https://openalex.org/W2144822874,23915471,-,,3,3,Q3,Q3
https://openalex.org/W2144844507,00179310,Q1,,1,1,Q1,Q1
https://openalex.org/W2144887876,15311309,Q1,,1,1,Q1,Q1
https://openalex.org/W2144891587,09277757,-,,5,5,Unranked,Unranked
https://openalex.org/W2144925341,00046361,Q1,,1,1,Q1,Q1
https://openalex.org/W2144930831,00295515,Q1,,1,1,Q1,Q1
https://openalex.org/W2144994833,10411135,Q1,,1,1,Q1,Q1
https://openalex.org/W2145150247,00189499,Q3,,2,2,Q2,Q2
https://openalex.org/W2145182224,00189456,Q2,,1,1,Q1,Q1
https://openalex.org/W2145189390,10847529,Q1,,1,1,Q1,Q1
https://openalex.org/W2145303494,1059910X,Q1,,2,2,Q2,Q2
https://openalex.org/W2145452631,09215107,Q2,,2,2,Q2,Q2
https://openalex.org/W2145571191,10847529,Q1,,1,1,Q1,Q1
https://openalex.org/W2145676497,02578972,Q1,,1,1,Q1,Q1
https://openalex.org/W2145690380,10627995,Q2,,1,1,Q1,Q1
https://openalex.org/W2145744075,10411135,Q1,,1,1,Q1,Q1
https://openalex.org/W2145775514,01469592,Q1,,1,1,Q1,Q1
https://openalex.org/W2145868497,10411135,Q1,,1,1,Q1,Q1
https://openalex.org/W2145877359,00179310,Q1,,1,1,Q1,Q1
https://openalex.org/W2145878384,03701573,Q1,,1,1,Q1,Q1
https://openalex.org/W2145931592,10411135,Q1,,1,1,Q1,Q1
https://openalex.org/W2146075601,02578972,Q1,,1,1,Q1,Q1
https://openalex.org/W2146104995,09215093,Q1,,1,1,Q1,Q1
https://openalex.org/W2146202011,07338724,Q1,,1,1,Q1,Q1
https://openalex.org/W2146236887,10411135,Q1,,1,1,Q1,Q1
https://openalex.org/W2146387452,00486604,Q2,,2,2,Q2,Q2
https://openalex.org/W2146478490,01672738,Q1,,1,1,Q1,Q1
https://openalex.org/W2146603627,02321300,Q3,,3,3,Q3,Q3
https://openalex.org/W2146605891,00214922,-,,5,3,Unranked,Q3
https://openalex.org/W2146631159,10411135,Q1,,1,1,Q1,Q1
https://openalex.org/W2146747037,02630346,Q2,,1,2,Q1,Q2
https://openalex.org/W2146759517,13668781,Q4,,4,4,Q4,Q4
https://openalex.org/W2146779736,01469592,Q1,,1,1,Q1,Q1
https://openalex.org/W2146862892,12860042,Q2,,2,2,Q2,Q2
https://openalex.org/W2146863984,14690667,Q3,,2,2,Q2,Q2
https://openalex.org/W2146893857,15365379,Q2,,2,2,Q2,Q2
https://openalex.org/W2146903066,09215093,Q1,,1,1,Q1,Q1
https://openalex.org/W2146934397,03701972,Q2,,2,2,Q2,Q2
https://openalex.org/W2147028759,10637834,Q3,,3,3,Q3,Q3
https://openalex.org/W2147031416,10411135,Q1,,1,1,Q1,Q1
https://openalex.org/W2147032173,08853010,Q1,,1,1,Q1,Q1
https://openalex.org/W2147064206,09242716,Q1,,1,1,Q1,Q1
https://openalex.org/W2147115359,10518223,Q2,,3,3,Q3,Q3
https://openalex.org/W2147147689,10411135,Q1,,1,1,Q1,Q1
https://openalex.org/W2147268140,01422421,Q2,,2,2,Q2,Q2
https://openalex.org/W2147292207,15311309,Q1,,1,1,Q1,Q1
https://openalex.org/W2147352992,10411135,Q1,,1,1,Q1,Q1
https://openalex.org/W2147534348,00933813,Q2,,2,2,Q2,Q2
https://openalex.org/W2147562177,1077260X,Q1,,1,1,Q1,Q1
https://openalex.org/W2147579106,14639076,Q1,,1,1,Q1,Q1
https://openalex.org/W2147580513,09244247,Q1,,1,1,Q1,Q1
https://openalex.org/W2147588919,10411135,Q1,,1,1,Q1,Q1
https://openalex.org/W2147599456,00189499,Q3,,2,2,Q2,Q2
https://openalex.org/W2147608639,01469592,Q1,,1,1,Q1,Q1
https://openalex.org/W2147635614,00295922,Q3,,3,3,Q3,Q3
https://openalex.org/W2147640301,0018926X,Q1,,1,1,Q1,Q1
https://openalex.org/W2147653660,10411135,Q1,,1,1,Q1,Q1
https://openalex.org/W2147692435,08857156,Q3,,3,3,Q3,Q3
https://openalex.org/W2147702885,00214922,-,,5,3,Unranked,Q3
https://openalex.org/W2147717328,02731177,-,,5,5,Unranked,Unranked
https://openalex.org/W2147750561,00189456,Q2,,1,1,Q1,Q1
https://openalex.org/W2147782137,09467076,Q3,,3,3,Q3,Q3
https://openalex.org/W2147832478,02636174,Q3,,3,3,Q3,Q3
https://openalex.org/W2148069703,10411135,Q1,,1,1,Q1,Q1
https://openalex.org/W2148072074,09253467,Q2,,2,2,Q2,Q2
https://openalex.org/W2148114668,00933813,Q2,,2,2,Q2,Q2
https://openalex.org/W2148119587,01039733,Q3,,3,3,Q3,Q3
https://openalex.org/W2148197438,00189480,Q1,,1,1,Q1,Q1
https://openalex.org/W2148210109,00913286,Q2,,2,2,Q2,Q2
https://openalex.org/W2148211975,10710922,Q3,,2,2,Q2,Q2
https://openalex.org/W2148358753,00189197,Q1,,1,1,Q1,Q1
https://openalex.org/W2148399388,08952477,Q2,,3,3,Q3,Q3
https://openalex.org/W2148435840,10411135,Q1,,1,1,Q1,Q1
https://openalex.org/W2148466610,13853449,Q2,,2,2,Q2,Q2
https://openalex.org/W2148508815,10411135,Q1,,1,1,Q1,Q1
https://openalex.org/W2148515630,00189480,Q1,,1,1,Q1,Q1
https://openalex.org/W2148662078,08837694,Q1,,1,1,Q1,Q1
https://openalex.org/W2148698334,10411135,Q1,,1,1,Q1,Q1
https://openalex.org/W2148734594,09277757,-,,5,5,Unranked,Unranked
https://openalex.org/W2148804397,00670049,Q1,,1,1,Q1,Q1
https://openalex.org/W2148845670,01694332,-,,5,5,Unranked,Unranked
https://openalex.org/W2148893318,00318949,Q3,,3,3,Q3,Q3
https://openalex.org/W2148998062,03603199,Q1,,1,1,Q1,Q1
https://openalex.org/W2149036541,02630346,Q2,,1,2,Q1,Q2
https://openalex.org/W2149044971,10518223,Q2,,3,3,Q3,Q3
https://openalex.org/W2149101547,00189499,Q3,,2,2,Q2,Q2
https://openalex.org/W2149116972,1530437X,Q1,,2,2,Q2,Q2
https://openalex.org/W2149308498,1059910X,Q1,,2,2,Q2,Q2
https://openalex.org/W2149355714,00189499,Q3,,2,2,Q2,Q2
https://openalex.org/W2149374061,09215093,Q1,,1,1,Q1,Q1
https://openalex.org/W2149439928,00189456,Q2,,1,1,Q1,Q1
https://openalex.org/W2149489827,07338724,Q1,,1,1,Q1,Q1
https://openalex.org/W2149504674,10111344,Q1,,2,2,Q2,Q2
https://openalex.org/W2149596630,10411135,Q1,,1,1,Q1,Q1
https://openalex.org/W2149657989,02630346,Q2,,1,2,Q1,Q2
https://openalex.org/W2149674149,13861425,Q2,,2,2,Q2,Q2
https://openalex.org/W2149718980,15651339,Q3,,3,2,Q3,Q2
https://openalex.org/W2149721188,00218979,Q1,,1,1,Q1,Q1
https://openalex.org/W2149741866,10411135,Q1,,1,1,Q1,Q1
https://openalex.org/W2149763625,00189375,Q1,,2,2,Q2,Q2
https://openalex.org/W2149764496,04493060,Q2,,2,2,Q2,Q2
https://openalex.org/W2149978237,00046361,Q1,,1,1,Q1,Q1
https://openalex.org/W2150002740,00189480,Q1,,1,1,Q1,Q1
https://openalex.org/W2150024472,09600779,-,,5,5,Unranked,Unranked
https://openalex.org/W2150048749,00189499,Q3,,2,2,Q2,Q2
https://openalex.org/W2150168539,10411135,Q1,,1,1,Q1,Q1
https://openalex.org/W2150200767,02321300,Q3,,3,3,Q3,Q3
https://openalex.org/W2150254346,13596462,Q1,,1,1,Q1,Q1
https://openalex.org/W2150261409,03615235,Q1,,2,2,Q2,Q2
https://openalex.org/W2150319347,09232958,Q3,,2,2,Q2,Q2
https://openalex.org/W2150390979,00037028,Q1,,2,2,Q2,Q2
https://openalex.org/W2150432352,16122011,-,,1,1,Q1,Q1
https://openalex.org/W2150438740,03603199,Q1,,1,1,Q1,Q1
https://openalex.org/W2150470352,08853010,Q1,,1,1,Q1,Q1
https://openalex.org/W2150522101,01694332,-,,5,5,Unranked,Unranked
https://openalex.org/W2150621410,0018926X,Q1,,1,1,Q1,Q1
https://openalex.org/W2150627822,10847529,Q1,,1,1,Q1,Q1
https://openalex.org/W2150648079,01689002,Q1,,1,1,Q1,Q1
https://openalex.org/W2150810190,00381101,Q2,,2,2,Q2,Q2
https://openalex.org/W2150867648,10411135,Q1,,1,1,Q1,Q1
https://openalex.org/W2150911270,0018926X,Q1,,1,1,Q1,Q1
https://openalex.org/W2151053981,13869477,Q2,,2,2,Q2,Q2
https://openalex.org/W2151075536,09215093,Q1,,1,1,Q1,Q1
https://openalex.org/W2151084918,10518223,Q2,,3,3,Q3,Q3
https://openalex.org/W2151092516,10411135,Q1,,1,1,Q1,Q1
https://openalex.org/W2151171406,00189480,Q1,,1,1,Q1,Q1
https://openalex.org/W2151317137,03048853,Q2,,2,2,Q2,Q2
https://openalex.org/W2151497708,15311309,Q1,,1,1,Q1,Q1
https://openalex.org/W2151511962,09277757,-,,5,5,Unranked,Unranked
https://openalex.org/W2151695678,03048853,Q2,,2,2,Q2,Q2
https://openalex.org/W2151699569,10411135,Q1,,1,1,Q1,Q1
https://openalex.org/W2151848062,00933813,Q2,,2,2,Q2,Q2
https://openalex.org/W2151875187,00189456,Q2,,1,1,Q1,Q1
https://openalex.org/W2151885653,09244247,Q1,,1,1,Q1,Q1
https://openalex.org/W2151929185,10411135,Q1,,1,1,Q1,Q1
https://openalex.org/W2151989351,01469592,Q1,,1,1,Q1,Q1
https://openalex.org/W2151999442,00913286,Q2,,2,2,Q2,Q2
https://openalex.org/W2152018115,10411135,Q1,,1,1,Q1,Q1
https://openalex.org/W2152038974,0018926X,Q1,,1,1,Q1,Q1
https://openalex.org/W2152047944,00381101,Q2,,2,2,Q2,Q2
https://openalex.org/W2152088865,00431648,Q1,,1,1,Q1,Q1
https://openalex.org/W2152101229,10445803,Q2,,1,1,Q1,Q1
https://openalex.org/W2152201248,00189480,Q1,,1,1,Q1,Q1
https://openalex.org/W2152216609,10411135,Q1,,1,1,Q1,Q1
https://openalex.org/W2152231173,10459243,Q1,,2,2,Q2,Q2
https://openalex.org/W2152436034,14786435,Q1,,1,1,Q1,Q1
https://openalex.org/W2152483238,10411135,Q1,,1,1,Q1,Q1
https://openalex.org/W2152689127,09214534,Q2,,2,2,Q2,Q2
https://openalex.org/W2152710477,09277757,-,,5,5,Unranked,Unranked
https://openalex.org/W2152711677,09244247,Q1,,1,1,Q1,Q1
https://openalex.org/W2152751064,16122011,-,,1,1,Q1,Q1
https://openalex.org/W2152842094,10411135,Q1,,1,1,Q1,Q1
https://openalex.org/W2152955997,01039733,Q3,,3,3,Q3,Q3
https://openalex.org/W2152966766,01469592,Q1,,1,1,Q1,Q1
https://openalex.org/W2152982800,07338724,Q1,,1,1,Q1,Q1
https://openalex.org/W2153090594,1077260X,Q1,,1,1,Q1,Q1
https://openalex.org/W2153220320,00223727,Q1,,1,1,Q1,Q1
https://openalex.org/W2153236431,08853010,Q1,,1,1,Q1,Q1
https://openalex.org/W2153271350,10411135,Q1,,1,1,Q1,Q1
https://openalex.org/W2153278033,10627995,Q2,,1,1,Q1,Q1
https://openalex.org/W2153326397,00112275,Q1,,2,2,Q2,Q2
https://openalex.org/W2153330554,00218979,Q1,,1,1,Q1,Q1
https://openalex.org/W2153491013,10411135,Q1,,1,1,Q1,Q1
https://openalex.org/W2153495017,02632241,Q3,,2,2,Q2,Q2
https://openalex.org/W2153614121,00046361,Q1,,1,1,Q1,Q1
https://openalex.org/W2153640063,09491775,Q2,,2,2,Q2,Q2
https://openalex.org/W2153677669,10411135,Q1,,1,1,Q1,Q1
https://openalex.org/W2153750764,12860042,Q2,,2,2,Q2,Q2
https://openalex.org/W2153790714,03048853,Q2,,2,2,Q2,Q2
https://openalex.org/W2153851540,1077260X,Q1,,1,1,Q1,Q1
https://openalex.org/W2153866724,09215107,Q2,,2,2,Q2,Q2
https://openalex.org/W2153954682,00189499,Q3,,2,2,Q2,Q2
https://openalex.org/W2153988014,15311309,Q1,,1,1,Q1,Q1
https://openalex.org/W2154058146,01422421,Q2,,2,2,Q2,Q2
https://openalex.org/W2154058917,00189499,Q3,,2,2,Q2,Q2
https://openalex.org/W2154065387,0018926X,Q1,,1,1,Q1,Q1
https://openalex.org/W2154073130,10411135,Q1,,1,1,Q1,Q1
https://openalex.org/W2154088611,02670836,Q2,,2,2,Q2,Q2
https://openalex.org/W2154098930,01448420,Q3,,2,2,Q2,Q2
https://openalex.org/W2154120741,08853010,Q1,,1,1,Q1,Q1
https://openalex.org/W2154122128,14764865,Q3,,3,3,Q3,Q3
https://openalex.org/W2154132842,00472689,Q1,,1,1,Q1,Q1
https://openalex.org/W2154290288,00933813,Q2,,2,2,Q2,Q2
https://openalex.org/W2154315905,08853010,Q1,,1,1,Q1,Q1
https://openalex.org/W2154382267,01469592,Q1,,1,1,Q1,Q1
https://openalex.org/W2154438359,09276505,Q2,,1,1,Q1,Q1
https://openalex.org/W2154441326,0018926X,Q1,,1,1,Q1,Q1
https://openalex.org/W2154539299,00189499,Q3,,2,2,Q2,Q2
https://openalex.org/W2154570173,01448420,Q3,,2,2,Q2,Q2
https://openalex.org/W2154582853,07338724,Q1,,1,1,Q1,Q1
https://openalex.org/W2154587117,00214922,-,,5,3,Unranked,Q3
https://openalex.org/W2154676761,00337587,Q1,,1,1,Q1,Q1
https://openalex.org/W2154783442,0018926X,Q1,,1,1,Q1,Q1
https://openalex.org/W2154790208,10411135,Q1,,1,1,Q1,Q1
https://openalex.org/W2154878901,10411135,Q1,,1,1,Q1,Q1
https://openalex.org/W2154929803,09244247,Q1,,1,1,Q1,Q1
https://openalex.org/W2155223866,0003682X,Q2,,1,1,Q1,Q1
https://openalex.org/W2155232718,0168583X,Q2,,2,2,Q2,Q2
https://openalex.org/W2155274672,1530437X,Q1,,2,2,Q2,Q2
https://openalex.org/W2155417608,00046361,Q1,,1,1,Q1,Q1
https://openalex.org/W2155474747,10411135,Q1,,1,1,Q1,Q1
https://openalex.org/W2155512932,10984402,Q2,,1,1,Q1,Q1
https://openalex.org/W2155567041,15306984,Q1,,1,1,Q1,Q1
https://openalex.org/W2155667231,00189375,Q1,,2,2,Q2,Q2
https://openalex.org/W2155795712,00189375,Q1,,2,2,Q2,Q2
https://openalex.org/W2155812788,10411135,Q1,,1,1,Q1,Q1
https://openalex.org/W2155900581,00134651,Q1,,1,1,Q1,Q1
https://openalex.org/W2155972477,13596462,Q1,,1,1,Q1,Q1
https://openalex.org/W2156005252,00189480,Q1,,1,1,Q1,Q1
https://openalex.org/W2156169097,09244247,Q1,,1,1,Q1,Q1
https://openalex.org/W2156203446,00223093,Q1,,2,2,Q2,Q2
https://openalex.org/W2156285925,08837694,Q1,,1,1,Q1,Q1
https://openalex.org/W2156286254,00223093,Q1,,2,2,Q2,Q2
https://openalex.org/W2156319443,00406090,Q2,,2,2,Q2,Q2
https://openalex.org/W2156346494,10411135,Q1,,1,1,Q1,Q1
https://openalex.org/W2156507256,00189375,Q1,,2,2,Q2,Q2
https://openalex.org/W2156507882,09259635,Q1,,1,1,Q1,Q1
https://openalex.org/W2156596580,15311309,Q1,,1,1,Q1,Q1
https://openalex.org/W2156627656,07338724,Q1,,1,1,Q1,Q1
https://openalex.org/W2156769403,00189499,Q3,,2,2,Q2,Q2
https://openalex.org/W2156783346,00189499,Q3,,2,2,Q2,Q2
https://openalex.org/W2156834765,10411135,Q1,,1,1,Q1,Q1
https://openalex.org/W2156969492,00189375,Q1,,2,2,Q2,Q2
https://openalex.org/W2157007225,09254005,Q1,,1,1,Q1,Q1
https://openalex.org/W2157088007,10411135,Q1,,1,1,Q1,Q1
https://openalex.org/W2157114654,09927689,Q2,,2,2,Q2,Q2
https://openalex.org/W2157121187,15311309,Q1,,1,1,Q1,Q1
https://openalex.org/W2157151976,15273342,Q1,,2,2,Q2,Q2
https://openalex.org/W2157183046,0168583X,Q2,,2,2,Q2,Q2
https://openalex.org/W2157248380,00933813,Q2,,2,2,Q2,Q2
https://openalex.org/W2157295707,10411135,Q1,,1,1,Q1,Q1
https://openalex.org/W2157489568,02578972,Q1,,1,1,Q1,Q1
https://openalex.org/W2157546325,01610457,Q3,,2,2,Q2,Q2
https://openalex.org/W2157561825,01448420,Q3,,2,2,Q2,Q2
https://openalex.org/W2157651480,1530437X,Q1,,2,2,Q2,Q2
https://openalex.org/W2157665758,00103616,Q1,,1,1,Q1,Q1
https://openalex.org/W2157752517,10944087,Q1,,1,1,Q1,Q1
https://openalex.org/W2157832152,10637834,Q3,,3,3,Q3,Q3
https://openalex.org/W2157855764,10627995,Q2,,1,1,Q1,Q1
https://openalex.org/W2157907694,14381656,Q2,,1,1,Q1,Q1
https://openalex.org/W2157920416,07338724,Q1,,1,1,Q1,Q1
https://openalex.org/W2158028657,09253467,Q2,,2,2,Q2,Q2
https://openalex.org/W2158121752,01694332,-,,5,5,Unranked,Unranked
https://openalex.org/W2158197849,07338724,Q1,,1,1,Q1,Q1
https://openalex.org/W2158315456,08946507,Q2,,2,2,Q2,Q2
https://openalex.org/W2158481721,00189499,Q3,,2,2,Q2,Q2
https://openalex.org/W2158485309,01422421,Q2,,2,2,Q2,Q2
https://openalex.org/W2158557368,00189197,Q1,,1,1,Q1,Q1
https://openalex.org/W2158599311,10411135,Q1,,1,1,Q1,Q1
https://openalex.org/W2158624108,00189499,Q3,,2,2,Q2,Q2
https://openalex.org/W2158689833,02578972,Q1,,1,1,Q1,Q1
https://openalex.org/W2158728052,09491775,Q2,,2,2,Q2,Q2
https://openalex.org/W2158774728,10518223,Q2,,3,3,Q3,Q3
https://openalex.org/W2158792770,10518223,Q2,,3,3,Q3,Q3
https://openalex.org/W2158826490,1530437X,Q1,,2,2,Q2,Q2
https://openalex.org/W2158853882,10411135,Q1,,1,1,Q1,Q1
https://openalex.org/W2158960538,09538984,Q1,,1,1,Q1,Q1
https://openalex.org/W2159035791,00109525,Q4,,4,4,Q4,Q4
https://openalex.org/W2159054436,00189480,Q1,,1,1,Q1,Q1
https://openalex.org/W2159098075,09244247,Q1,,1,1,Q1,Q1
https://openalex.org/W2159145781,09927689,Q2,,2,2,Q2,Q2
https://openalex.org/W2159149888,00214922,-,,5,3,Unranked,Q3
https://openalex.org/W2159171691,01448420,Q3,,2,2,Q2,Q2
https://openalex.org/W2159220238,08952477,Q2,,3,3,Q3,Q3
https://openalex.org/W2159315809,1364503X,Q2,,1,1,Q1,Q1
https://openalex.org/W2159380658,00320633,Q2,,2,2,Q2,Q2
https://openalex.org/W2159448663,03783812,Q2,,1,1,Q1,Q1
https://openalex.org/W2159483457,00214922,-,,5,3,Unranked,Q3
https://openalex.org/W2159490766,00381101,Q2,,2,2,Q2,Q2
https://openalex.org/W2159513796,10411135,Q1,,1,1,Q1,Q1
https://openalex.org/W2159584101,1077260X,Q1,,1,1,Q1,Q1
https://openalex.org/W2159589451,13861425,Q2,,2,2,Q2,Q2
https://openalex.org/W2159596087,10411135,Q1,,1,1,Q1,Q1
https://openalex.org/W2159655228,00223727,Q1,,1,1,Q1,Q1
https://openalex.org/W2159719581,00189499,Q3,,2,2,Q2,Q2
https://openalex.org/W2159732121,1077260X,Q1,,1,1,Q1,Q1
https://openalex.org/W2159745671,00319007,Q1,,1,1,Q1,Q1
https://openalex.org/W2159755648,08946507,Q2,,2,2,Q2,Q2
https://openalex.org/W2159761122,0018926X,Q1,,1,1,Q1,Q1
https://openalex.org/W2159764448,00218979,Q1,,1,1,Q1,Q1
https://openalex.org/W2159975605,00189480,Q1,,1,1,Q1,Q1
https://openalex.org/W2159994937,09570233,Q1,,1,1,Q1,Q1
https://openalex.org/W2160003294,02630346,Q2,,1,2,Q1,Q2
https://openalex.org/W2160029643,00179310,Q1,,1,1,Q1,Q1
https://openalex.org/W2160177844,07338724,Q1,,1,1,Q1,Q1
https://openalex.org/W2160245203,0018926X,Q1,,1,1,Q1,Q1
https://openalex.org/W2160268990,07338724,Q1,,1,1,Q1,Q1
https://openalex.org/W2160272172,10411135,Q1,,1,1,Q1,Q1
https://openalex.org/W2160380133,10411135,Q1,,1,1,Q1,Q1
https://openalex.org/W2160425494,13504487,Q2,,2,2,Q2,Q2
https://openalex.org/W2160528898,00189499,Q3,,2,2,Q2,Q2
https://openalex.org/W2160538591,00221120,Q1,,1,1,Q1,Q1
https://openalex.org/W2160602274,00189499,Q3,,2,2,Q2,Q2
https://openalex.org/W2160606224,10411135,Q1,,1,1,Q1,Q1
https://openalex.org/W2160740363,07338724,Q1,,1,1,Q1,Q1
https://openalex.org/W2160759165,10411135,Q1,,1,1,Q1,Q1
https://openalex.org/W2160767029,0018926X,Q1,,1,1,Q1,Q1
https://openalex.org/W2160770394,1077260X,Q1,,1,1,Q1,Q1
https://openalex.org/W2160858884,1530437X,Q1,,2,2,Q2,Q2
https://openalex.org/W2160866133,10411135,Q1,,1,1,Q1,Q1
https://openalex.org/W2160928005,10411135,Q1,,1,1,Q1,Q1
https://openalex.org/W2160932988,00189456,Q2,,1,1,Q1,Q1
https://openalex.org/W2161040225,09254005,Q1,,1,1,Q1,Q1
https://openalex.org/W2161230969,01672738,Q1,,1,1,Q1,Q1
https://openalex.org/W2161247351,10411135,Q1,,1,1,Q1,Q1
https://openalex.org/W2161301656,08952477,Q2,,3,3,Q3,Q3
https://openalex.org/W2161302808,00134651,Q1,,1,1,Q1,Q1
https://openalex.org/W2161445809,00933813,Q2,,2,2,Q2,Q2
https://openalex.org/W2161501242,0018926X,Q1,,1,1,Q1,Q1
https://openalex.org/W2161516660,00381101,Q2,,2,2,Q2,Q2
https://openalex.org/W2161718930,13861425,Q2,,2,2,Q2,Q2
https://openalex.org/W2161869413,00046361,Q1,,1,1,Q1,Q1
https://openalex.org/W2161978115,00189499,Q3,,2,2,Q2,Q2
https://openalex.org/W2162007813,00189499,Q3,,2,2,Q2,Q2
https://openalex.org/W2162103369,10411135,Q1,,1,1,Q1,Q1
https://openalex.org/W2162154361,00431648,Q1,,1,1,Q1,Q1
https://openalex.org/W2162304203,09254005,Q1,,1,1,Q1,Q1
https://openalex.org/W2162426649,10411135,Q1,,1,1,Q1,Q1
https://openalex.org/W2162511398,09477411,Q3,,2,2,Q2,Q2
https://openalex.org/W2162605217,10411135,Q1,,1,1,Q1,Q1
https://openalex.org/W2162654830,00179310,Q1,,1,1,Q1,Q1
https://openalex.org/W2162858437,0018926X,Q1,,1,1,Q1,Q1
https://openalex.org/W2162875321,1530437X,Q1,,2,2,Q2,Q2
https://openalex.org/W2162955103,1530437X,Q1,,2,2,Q2,Q2
https://openalex.org/W2163014549,10980121,Q1,,1,1,Q1,Q1
https://openalex.org/W2163047287,10411135,Q1,,1,1,Q1,Q1
https://openalex.org/W2163126245,10411135,Q1,,1,1,Q1,Q1
https://openalex.org/W2163126620,10411135,Q1,,1,1,Q1,Q1
https://openalex.org/W2163227161,0018926X,Q1,,1,1,Q1,Q1
https://openalex.org/W2163262687,00219991,Q1,,1,1,Q1,Q1
https://openalex.org/W2163315358,00189499,Q3,,2,2,Q2,Q2
https://openalex.org/W2163321594,1077260X,Q1,,1,1,Q1,Q1
https://openalex.org/W2163373502,00189499,Q3,,2,2,Q2,Q2
https://openalex.org/W2163389589,00221481,Q1,,1,1,Q1,Q1
https://openalex.org/W2163527056,01689002,Q1,,1,1,Q1,Q1
https://openalex.org/W2163533029,10411135,Q1,,1,1,Q1,Q1
https://openalex.org/W2163570910,00933813,Q2,,2,2,Q2,Q2
https://openalex.org/W2163701624,00046361,Q1,,1,1,Q1,Q1
https://openalex.org/W2163724331,07338724,Q1,,1,1,Q1,Q1
https://openalex.org/W2163746160,00046361,Q1,,1,1,Q1,Q1
https://openalex.org/W2163749277,09570233,Q1,,1,1,Q1,Q1
https://openalex.org/W2163760807,09684328,-,,5,5,Unranked,Unranked
https://openalex.org/W2163765472,02578972,Q1,,1,1,Q1,Q1
https://openalex.org/W2163799205,00189499,Q3,,2,2,Q2,Q2
https://openalex.org/W2163911401,01694332,-,,5,5,Unranked,Unranked
https://openalex.org/W2163930685,00262714,Q2,,2,2,Q2,Q2
https://openalex.org/W2163934436,09244247,Q1,,1,1,Q1,Q1
https://openalex.org/W2164147723,10411135,Q1,,1,1,Q1,Q1
https://openalex.org/W2164153579,02578972,Q1,,1,1,Q1,Q1
https://openalex.org/W2164180514,10459243,Q1,,2,2,Q2,Q2
https://openalex.org/W2164224065,00189480,Q1,,1,1,Q1,Q1
https://openalex.org/W2164236653,00189499,Q3,,2,2,Q2,Q2
https://openalex.org/W2164267037,10411135,Q1,,1,1,Q1,Q1
https://openalex.org/W2164358664,15311309,Q1,,1,1,Q1,Q1
https://openalex.org/W2164402820,00189480,Q1,,1,1,Q1,Q1
https://openalex.org/W2164411046,09254005,Q1,,1,1,Q1,Q1
https://openalex.org/W2164418782,07338724,Q1,,1,1,Q1,Q1
https://openalex.org/W2164476487,00431648,Q1,,1,1,Q1,Q1
https://openalex.org/W2164565367,16122011,-,,1,1,Q1,Q1
https://openalex.org/W2164579340,00431648,Q1,,1,1,Q1,Q1
https://openalex.org/W2164593676,09254005,Q1,,1,1,Q1,Q1
https://openalex.org/W2164615271,00189499,Q3,,2,2,Q2,Q2
https://openalex.org/W2164697997,09215093,Q1,,1,1,Q1,Q1
https://openalex.org/W2164730230,10411135,Q1,,1,1,Q1,Q1
https://openalex.org/W2164744825,00189480,Q1,,1,1,Q1,Q1
https://openalex.org/W2164782470,00358711,Q1,,1,1,Q1,Q1
https://openalex.org/W2164848972,00933813,Q2,,2,2,Q2,Q2
https://openalex.org/W2164887171,07338724,Q1,,1,1,Q1,Q1
https://openalex.org/W2164888788,09462171,Q1,,1,1,Q1,Q1
https://openalex.org/W2164912256,0041624X,Q2,,1,1,Q1,Q1
https://openalex.org/W2164925179,10518223,Q2,,3,3,Q3,Q3
https://openalex.org/W2164939344,0167577X,Q2,,2,2,Q2,Q2
https://openalex.org/W2165122012,0018926X,Q1,,1,1,Q1,Q1
https://openalex.org/W2165130082,10411135,Q1,,1,1,Q1,Q1
https://openalex.org/W2165162219,00223115,Q2,,2,2,Q2,Q2
https://openalex.org/W2165233518,03682048,Q1,,1,1,Q1,Q1
https://openalex.org/W2165315816,00189197,Q1,,1,1,Q1,Q1
https://openalex.org/W2165373013,10411135,Q1,,1,1,Q1,Q1
https://openalex.org/W2165606836,00189499,Q3,,2,2,Q2,Q2
https://openalex.org/W2165637632,00189499,Q3,,2,2,Q2,Q2
https://openalex.org/W2165651741,0018926X,Q1,,1,1,Q1,Q1
https://openalex.org/W2165687258,10518223,Q2,,3,3,Q3,Q3
https://openalex.org/W2165700643,10411135,Q1,,1,1,Q1,Q1
https://openalex.org/W2165783518,0018926X,Q1,,1,1,Q1,Q1
https://openalex.org/W2165850157,10411135,Q1,,1,1,Q1,Q1
https://openalex.org/W2165902660,00189375,Q1,,2,2,Q2,Q2
https://openalex.org/W2165908156,10411135,Q1,,1,1,Q1,Q1
https://openalex.org/W2165935204,09244247,Q1,,1,1,Q1,Q1
https://openalex.org/W2166042875,03615235,Q1,,2,2,Q2,Q2
https://openalex.org/W2166089879,09467076,Q3,,3,3,Q3,Q3
https://openalex.org/W2166217898,10833668,Q1,,1,1,Q1,Q1
https://openalex.org/W2166306416,02578972,Q1,,1,1,Q1,Q1
https://openalex.org/W2166310977,00218979,Q1,,1,1,Q1,Q1
https://openalex.org/W2166434754,1077260X,Q1,,1,1,Q1,Q1
https://openalex.org/W2166569338,10411135,Q1,,1,1,Q1,Q1
https://openalex.org/W2166650931,10411135,Q1,,1,1,Q1,Q1
https://openalex.org/W2166771548,01422421,Q2,,2,2,Q2,Q2
https://openalex.org/W2166774064,00189375,Q1,,2,2,Q2,Q2
https://openalex.org/W2166775983,14668033,Q1,,1,1,Q1,Q1
https://openalex.org/W2166804795,02731177,-,,5,5,Unranked,Unranked
https://openalex.org/W2166812425,00933813,Q2,,2,2,Q2,Q2
https://openalex.org/W2166884860,10411135,Q1,,1,1,Q1,Q1
https://openalex.org/W2166924517,10518223,Q2,,3,3,Q3,Q3
https://openalex.org/W2166957117,02678292,Q2,,2,2,Q2,Q2
https://openalex.org/W2167066897,10518223,Q2,,3,3,Q3,Q3
https://openalex.org/W2167080551,00223115,Q2,,2,2,Q2,Q2
https://openalex.org/W2167110238,16005368,Q3,,4,4,Q4,Q4
https://openalex.org/W2167118396,00220248,Q1,,2,2,Q2,Q2
https://openalex.org/W2167136240,00036951,Q1,,1,1,Q1,Q1
https://openalex.org/W2167175460,00046361,Q1,,1,1,Q1,Q1
https://openalex.org/W2167356313,15311309,Q1,,1,1,Q1,Q1
https://openalex.org/W2167506632,07338724,Q1,,1,1,Q1,Q1
https://openalex.org/W2167552213,15698025,-,,3,3,Q3,Q3
https://openalex.org/W2167621658,09600779,-,,5,5,Unranked,Unranked
https://openalex.org/W2167644948,00189456,Q2,,1,1,Q1,Q1
https://openalex.org/W2167650516,08946507,Q2,,2,2,Q2,Q2
https://openalex.org/W2167667548,10411135,Q1,,1,1,Q1,Q1
https://openalex.org/W2167680316,00207683,Q1,,1,1,Q1,Q1
https://openalex.org/W2167687756,03796779,Q2,,2,2,Q2,Q2
https://openalex.org/W2167698433,00134651,Q1,,1,1,Q1,Q1
https://openalex.org/W2167704535,10411135,Q1,,1,1,Q1,Q1
https://openalex.org/W2167711821,09244247,Q1,,1,1,Q1,Q1
https://openalex.org/W2167713185,07338724,Q1,,1,1,Q1,Q1
https://openalex.org/W2167764858,15306984,Q1,,1,1,Q1,Q1
https://openalex.org/W2167779978,03603016,Q1,,1,1,Q1,Q1
https://openalex.org/W2167797426,09927689,Q2,,2,2,Q2,Q2
https://openalex.org/W2167812325,1364503X,Q2,,1,1,Q1,Q1
https://openalex.org/W2167887387,15311309,Q1,,1,1,Q1,Q1
https://openalex.org/W2167991809,10411135,Q1,,1,1,Q1,Q1
https://openalex.org/W2168006759,00214922,-,,5,3,Unranked,Q3
https://openalex.org/W2168238305,08853010,Q1,,1,1,Q1,Q1
https://openalex.org/W2168268465,00134651,Q1,,1,1,Q1,Q1
https://openalex.org/W2168290901,10518223,Q2,,3,3,Q3,Q3
https://openalex.org/W2168546048,1077260X,Q1,,1,1,Q1,Q1
https://openalex.org/W2168770023,01689002,Q1,,1,1,Q1,Q1
https://openalex.org/W2168813388,01689002,Q1,,1,1,Q1,Q1
https://openalex.org/W2168844407,10411135,Q1,,1,1,Q1,Q1
https://openalex.org/W2168864262,00319007,Q1,,1,1,Q1,Q1
https://openalex.org/W2168886328,00189197,Q1,,1,1,Q1,Q1
https://openalex.org/W2168891218,10235809,Q2,,3,3,Q3,Q3
https://openalex.org/W2168962033,00189480,Q1,,1,1,Q1,Q1
https://openalex.org/W2169079128,10411135,Q1,,1,1,Q1,Q1
https://openalex.org/W2169172590,15273342,Q1,,2,2,Q2,Q2
https://openalex.org/W2169252774,00046361,Q1,,1,1,Q1,Q1
https://openalex.org/W2169342550,03759474,Q1,,1,1,Q1,Q1
https://openalex.org/W2169371410,10411135,Q1,,1,1,Q1,Q1
https://openalex.org/W2169382854,00046361,Q1,,1,1,Q1,Q1
https://openalex.org/W2169422621,10411135,Q1,,1,1,Q1,Q1
https://openalex.org/W2169460864,01469592,Q1,,1,1,Q1,Q1
https://openalex.org/W2169557833,03759474,Q1,,1,1,Q1,Q1
https://openalex.org/W2169580061,10411135,Q1,,1,1,Q1,Q1
https://openalex.org/W2169590080,0018926X,Q1,,1,1,Q1,Q1
https://openalex.org/W2169620496,10407278,Q3,,3,3,Q3,Q3
https://openalex.org/W2169634082,13504495,Q2,,2,2,Q2,Q2
https://openalex.org/W2169658949,01469592,Q1,,1,1,Q1,Q1
https://openalex.org/W2169762840,00046361,Q1,,1,1,Q1,Q1
https://openalex.org/W2169832771,00189480,Q1,,1,1,Q1,Q1
https://openalex.org/W2169856651,07403224,Q1,,1,1,Q1,Q1
https://openalex.org/W2169966124,15306984,Q1,,1,1,Q1,Q1
https://openalex.org/W2170098963,00223115,Q2,,2,2,Q2,Q2
https://openalex.org/W2170102287,10411135,Q1,,1,1,Q1,Q1
https://openalex.org/W2170122204,1530437X,Q1,,2,2,Q2,Q2
https://openalex.org/W2170147701,10847529,Q1,,1,1,Q1,Q1
https://openalex.org/W2170253785,10411135,Q1,,1,1,Q1,Q1
https://openalex.org/W2170421322,02578972,Q1,,1,1,Q1,Q1
https://openalex.org/W2170444538,00381101,Q2,,2,2,Q2,Q2
https://openalex.org/W2170458096,00143057,Q2,,1,1,Q1,Q1
https://openalex.org/W2170509509,14786435,Q1,,1,1,Q1,Q1
https://openalex.org/W2170595276,09481907,Q2,,2,2,Q2,Q2
https://openalex.org/W2170606458,08853010,Q1,,1,1,Q1,Q1
https://openalex.org/W2170634621,00189499,Q3,,2,2,Q2,Q2
https://openalex.org/W2170716489,10411135,Q1,,1,1,Q1,Q1
https://openalex.org/W2171111758,10411135,Q1,,1,1,Q1,Q1
https://openalex.org/W2171181564,00189499,Q3,,2,2,Q2,Q2
https://openalex.org/W2171245582,01689002,Q1,,1,1,Q1,Q1
https://openalex.org/W2171368025,0969806X,Q3,,2,2,Q2,Q2
https://openalex.org/W2171483386,10459243,Q1,,2,2,Q2,Q2
https://openalex.org/W2171523458,09259635,Q1,,1,1,Q1,Q1
https://openalex.org/W2171725794,10411135,Q1,,1,1,Q1,Q1
https://openalex.org/W2171819094,01469592,Q1,,1,1,Q1,Q1
https://openalex.org/W2171898010,10411135,Q1,,1,1,Q1,Q1
https://openalex.org/W2171902579,10411135,Q1,,1,1,Q1,Q1
https://openalex.org/W2171909943,10637745,Q4,,3,3,Q3,Q3
https://openalex.org/W2171991658,00092614,Q1,,1,1,Q1,Q1
https://openalex.org/W2172112159,00189499,Q3,,2,2,Q2,Q2
https://openalex.org/W2172144662,10411135,Q1,,1,1,Q1,Q1
https://openalex.org/W2172156587,07338724,Q1,,1,1,Q1,Q1
https://openalex.org/W2172185362,00381101,Q2,,2,2,Q2,Q2
https://openalex.org/W2172554697,00189499,Q3,,2,2,Q2,Q2
https://openalex.org/W2173150256,13621718,Q2,,1,1,Q1,Q1
https://openalex.org/W2173514417,13621718,Q2,,1,1,Q1,Q1
https://openalex.org/W2174497861,02578972,Q1,,1,1,Q1,Q1
https://openalex.org/W2174544287,19448201,Q1,,1,1,Q1,Q1
https://openalex.org/W2174558545,13621718,Q2,,1,1,Q1,Q1
https://openalex.org/W2176265683,00218979,Q1,,1,1,Q1,Q1
https://openalex.org/W2176365691,13621718,Q2,,1,1,Q1,Q1
https://openalex.org/W2176683925,00189456,Q2,,1,1,Q1,Q1
https://openalex.org/W2176837850,13621718,Q2,,1,1,Q1,Q1
https://openalex.org/W2177236368,13621718,Q2,,1,1,Q1,Q1
https://openalex.org/W2178111742,00189499,Q3,,2,2,Q2,Q2
https://openalex.org/W2179749519,13621718,Q2,,1,1,Q1,Q1
https://openalex.org/W2180333648,00189499,Q3,,2,2,Q2,Q2
https://openalex.org/W2181379631,10623701,Q3,,4,3,Q4,Q3
https://openalex.org/W2181952836,08327823,Q3,,4,4,Q4,Q4
https://openalex.org/W2183296335,02705214,Q4,,4,4,Q4,Q4
https://openalex.org/W2183465603,16113683,Q3,,2,2,Q2,Q2
https://openalex.org/W2187175874,10623701,Q3,,4,3,Q4,Q3
https://openalex.org/W2193006131,09214526,Q2,,2,2,Q2,Q2
https://openalex.org/W2198765578,00134651,Q1,,1,1,Q1,Q1
https://openalex.org/W2201513899,02540584,Q2,,2,2,Q2,Q2
https://openalex.org/W2206105425,00134651,Q1,,1,1,Q1,Q1
https://openalex.org/W2210357438,10944087,Q1,,1,1,Q1,Q1
https://openalex.org/W2220136247,09214526,Q2,,2,2,Q2,Q2
https://openalex.org/W2220233044,00220248,Q1,,2,2,Q2,Q2
https://openalex.org/W2242297275,0256307X,Q3,,3,3,Q3,Q3
https://openalex.org/W2246469506,15672069,Q4,,4,4,Q4,Q4
https://openalex.org/W2253318180,15361055,Q3,,3,3,Q3,Q3
https://openalex.org/W22544431,00295450,Q2,,2,2,Q2,Q2
https://openalex.org/W2258425426,0256307X,Q3,,3,3,Q3,Q3
https://openalex.org/W2263971098,0256307X,Q3,,3,3,Q3,Q3
https://openalex.org/W2275189177,15651339,Q3,,3,2,Q3,Q2
https://openalex.org/W2277862789,13886150,Q3,,2,2,Q2,Q2
https://openalex.org/W2280605698,03702693,Q1,,1,1,Q1,Q1
https://openalex.org/W2290634177,10407278,Q3,,3,3,Q3,Q3
https://openalex.org/W2302061005,10637788,Q3,,3,3,Q3,Q3
https://openalex.org/W2313005618,1226119X,Q4,,3,3,Q3,Q3
https://openalex.org/W2313805020,08837694,Q1,,1,1,Q1,Q1
https://openalex.org/W2314446000,03346455,Q3,,4,4,Q4,Q4
https://openalex.org/W2316150445,14346044,Q1,,1,1,Q1,Q1
https://openalex.org/W2316300333,09379347,Q3,,3,3,Q3,Q3
https://openalex.org/W2317364262,03875016,Q4,,4,4,Q4,Q4
https://openalex.org/W2318020524,13853449,Q2,,2,2,Q2,Q2
https://openalex.org/W2318099307,00442275,Q3,,2,2,Q2,Q2
https://openalex.org/W2319371675,15989623,Q3,,2,2,Q2,Q2
https://openalex.org/W2320865871,07921241,Q3,,4,4,Q4,Q4
https://openalex.org/W2320919408,15651339,Q3,,3,2,Q3,Q2
https://openalex.org/W2321465297,03875016,Q4,,4,4,Q4,Q4
https://openalex.org/W2321884832,03346455,Q3,,4,4,Q4,Q4
https://openalex.org/W2322023398,10735615,Q1,,1,1,Q1,Q1
https://openalex.org/W2323220655,09215107,Q2,,2,2,Q2,Q2
https://openalex.org/W2323222286,08837694,Q1,,1,1,Q1,Q1
https://openalex.org/W2323249550,16113683,Q3,,2,2,Q2,Q2
https://openalex.org/W2324290783,15651339,Q3,,3,2,Q3,Q2
https://openalex.org/W232467896,00295450,Q2,,2,2,Q2,Q2
https://openalex.org/W2325409427,16113683,Q3,,2,2,Q2,Q2
https://openalex.org/W2327004876,09280707,Q2,,2,2,Q2,Q2
https://openalex.org/W2327161326,13506501,Q2,,2,2,Q2,Q2
https://openalex.org/W2328580215,09295607,Q2,,2,2,Q2,Q2
https://openalex.org/W2330435121,02540584,Q2,,2,2,Q2,Q2
https://openalex.org/W2330868737,13853449,Q2,,2,2,Q2,Q2
https://openalex.org/W2332829476,07921241,Q3,,4,4,Q4,Q4
https://openalex.org/W2332954111,07921241,Q3,,4,4,Q4,Q4
https://openalex.org/W2334010425,00220248,Q1,,2,2,Q2,Q2
https://openalex.org/W2337983278,00211575,Q3,,3,3,Q3,Q3
https://openalex.org/W2385381221,09280707,Q2,,2,2,Q2,Q2
https://openalex.org/W2399445278,00406090,Q2,,2,2,Q2,Q2
https://openalex.org/W2406888451,03701972,Q2,,2,2,Q2,Q2
https://openalex.org/W2411113163,00222313,Q1,,2,2,Q2,Q2
https://openalex.org/W24113998,16113683,Q3,,2,2,Q2,Q2
https://openalex.org/W2424207987,00303992,Q2,,2,2,Q2,Q2
https://openalex.org/W2464239779,14328488,Q2,,2,2,Q2,Q2
https://openalex.org/W2465235918,16113683,Q3,,2,2,Q2,Q2
https://openalex.org/W2472545768,02705214,Q4,,4,4,Q4,Q4
https://openalex.org/W2480500445,16113683,Q3,,2,2,Q2,Q2
https://openalex.org/W2483491846,16113683,Q3,,2,2,Q2,Q2
https://openalex.org/W248487765,13886150,Q3,,2,2,Q2,Q2
https://openalex.org/W2508925104,02678292,Q2,,2,2,Q2,Q2
https://openalex.org/W2510160077,16113683,Q3,,2,2,Q2,Q2
https://openalex.org/W2512683308,00211575,Q3,,3,3,Q3,Q3
https://openalex.org/W2512860708,00211575,Q3,,3,3,Q3,Q3
https://openalex.org/W2513536823,00211575,Q3,,3,3,Q3,Q3
https://openalex.org/W2514396134,00211575,Q3,,3,3,Q3,Q3
https://openalex.org/W2516815911,00211575,Q3,,3,3,Q3,Q3
https://openalex.org/W2517854472,10667857,Q4,,3,3,Q3,Q3
https://openalex.org/W2518843532,00211575,Q3,,3,3,Q3,Q3
https://openalex.org/W2520233402,00211575,Q3,,3,3,Q3,Q3
https://openalex.org/W2521155043,00211575,Q3,,3,3,Q3,Q3
https://openalex.org/W2521174607,00211575,Q3,,3,3,Q3,Q3
https://openalex.org/W2521719521,00211575,Q3,,3,3,Q3,Q3
https://openalex.org/W2522197375,00211575,Q3,,3,3,Q3,Q3
https://openalex.org/W2524243461,00211575,Q3,,3,3,Q3,Q3
https://openalex.org/W2524569874,00211575,Q3,,3,3,Q3,Q3
https://openalex.org/W2528278719,00211575,Q3,,3,3,Q3,Q3
https://openalex.org/W2528460696,00211575,Q3,,3,3,Q3,Q3
https://openalex.org/W2529417893,00211575,Q3,,3,3,Q3,Q3
https://openalex.org/W2553222589,16178106,Q3,,3,3,Q3,Q3
https://openalex.org/W255957454,01689002,Q1,,1,1,Q1,Q1
https://openalex.org/W2563076815,16113683,Q3,,2,2,Q2,Q2
https://openalex.org/W2574063315,13886150,Q3,,2,2,Q2,Q2
https://openalex.org/W2604727268,10637834,Q3,,3,3,Q3,Q3
https://openalex.org/W2623356816,00220248,Q1,,2,2,Q2,Q2
https://openalex.org/W2741102036,16178106,Q3,,3,3,Q3,Q3
https://openalex.org/W2742811730,15361055,Q3,,3,3,Q3,Q3
https://openalex.org/W2745350874,00220248,Q1,,2,2,Q2,Q2
https://openalex.org/W2750461573,00220248,Q1,,2,2,Q2,Q2
https://openalex.org/W276365152,01672738,Q1,,1,1,Q1,Q1
https://openalex.org/W2784931853,03048853,Q2,,2,2,Q2,Q2
https://openalex.org/W2791816772,14761122,Q1,,1,1,Q1,Q1
https://openalex.org/W2793703604,14761122,Q1,,1,1,Q1,Q1
https://openalex.org/W2903756332,13886150,Q3,,2,2,Q2,Q2
https://openalex.org/W2944906186,10984402,Q2,,1,1,Q1,Q1
https://openalex.org/W2950375325,12932558,Q2,,2,2,Q2,Q2
https://openalex.org/W2951234299,00796565,Q1,,1,1,Q1,Q1
https://openalex.org/W2951777221,09280707,Q2,,2,2,Q2,Q2
https://openalex.org/W2951983720,10980121,Q1,,1,1,Q1,Q1
https://openalex.org/W2952281343,02321300,Q3,,3,3,Q3,Q3
https://openalex.org/W2952887366,14757435,-,,2,3,Q2,Q3
https://openalex.org/W2983711494,00189456,Q2,,1,1,Q1,Q1
https://openalex.org/W2984521044,00189456,Q2,,1,1,Q1,Q1
https://openalex.org/W2985106606,00189456,Q2,,1,1,Q1,Q1
https://openalex.org/W2987077892,00189456,Q2,,1,1,Q1,Q1
https://openalex.org/W2987270683,00189456,Q2,,1,1,Q1,Q1
https://openalex.org/W3009741771,00396028,Q1,,1,1,Q1,Q1
https://openalex.org/W3010173329,09467076,Q3,,3,3,Q3,Q3
https://openalex.org/W301898206,00785466,Q4,,4,4,Q4,Q4
https://openalex.org/W3020867216,10179909,Q3,,3,3,Q3,Q3
https://openalex.org/W3021591230,02681242,Q1,,1,1,Q1,Q1
https://openalex.org/W3037053388,00319007,Q1,,1,1,Q1,Q1
https://openalex.org/W3037379077,00017701,Q2,,2,2,Q2,Q2
https://openalex.org/W3045022794,00380938,Q2,,2,2,Q2,Q2
https://openalex.org/W3098019172,00103616,Q1,,1,1,Q1,Q1
https://openalex.org/W3098427692,00358711,Q1,,1,1,Q1,Q1
https://openalex.org/W3098865441,02183013,Q2,,2,2,Q2,Q2
https://openalex.org/W3098886756,14346044,Q1,,1,1,Q1,Q1
https://openalex.org/W3099076641,00358711,Q1,,1,1,Q1,Q1
https://openalex.org/W3099083900,00046280,Q1,,1,1,Q1,Q1
https://openalex.org/W3099160695,00029505,Q2,,2,2,Q2,Q2
https://openalex.org/W3099357596,00219606,Q1,,1,1,Q1,Q1
https://openalex.org/W3099470728,14346044,Q1,,1,1,Q1,Q1
https://openalex.org/W3099638761,00036951,Q1,,1,1,Q1,Q1
https://openalex.org/W3099708900,23915471,-,,3,3,Q3,Q3
https://openalex.org/W3099901108,00670049,Q1,,1,1,Q1,Q1
https://openalex.org/W3099961740,00046337,Q3,,2,2,Q2,Q2
https://openalex.org/W3100333693,12197580,Q3,,3,3,Q3,Q3
https://openalex.org/W3101318769,00046361,Q1,,1,1,Q1,Q1
https://openalex.org/W3101606816,00358711,Q1,,1,1,Q1,Q1
https://openalex.org/W3101625996,10298479,Q1,,1,1,Q1,Q1
https://openalex.org/W3101717586,0004637X,Q1,,1,1,Q1,Q1
https://openalex.org/W3102068973,14761122,Q1,,1,1,Q1,Q1
https://openalex.org/W3102292145,01466410,Q1,,1,1,Q1,Q1
https://openalex.org/W3102317780,00029505,Q2,,2,2,Q2,Q2
https://openalex.org/W3102601612,00358711,Q1,,1,1,Q1,Q1
https://openalex.org/W3102860561,0004637X,Q1,,1,1,Q1,Q1
https://openalex.org/W3102866568,09532048,Q1,,1,1,Q1,Q1
https://openalex.org/W3102988326,02182718,Q2,,2,2,Q2,Q2
https://openalex.org/W3103332870,00017701,Q2,,2,2,Q2,Q2
https://openalex.org/W3103533294,00036951,Q1,,1,1,Q1,Q1
https://openalex.org/W3103716732,09532048,Q1,,1,1,Q1,Q1
https://openalex.org/W3104161117,00358711,Q1,,1,1,Q1,Q1
https://openalex.org/W3104273157,0217751X,Q2,,2,2,Q2,Q2
https://openalex.org/W3104338414,00218979,Q1,,1,1,Q1,Q1
https://openalex.org/W3104889133,10298479,Q1,,1,1,Q1,Q1
https://openalex.org/W3105175320,00358711,Q1,,1,1,Q1,Q1
https://openalex.org/W3105233890,0004637X,Q1,,1,1,Q1,Q1
https://openalex.org/W3106031985,00029505,Q2,,2,2,Q2,Q2
https://openalex.org/W3106250794,00358711,Q1,,1,1,Q1,Q1
https://openalex.org/W3106252663,03701573,Q1,,1,1,Q1,Q1
https://openalex.org/W3106365531,00218979,Q1,,1,1,Q1,Q1
https://openalex.org/W3121606110,07413335,Q1,,1,1,Q1,Q1
https://openalex.org/W3121635736,0217751X,Q2,,2,2,Q2,Q2
https://openalex.org/W3122014834,00405779,Q4,,3,3,Q3,Q3
https://openalex.org/W3122608088,00358711,Q1,,1,1,Q1,Q1
https://openalex.org/W3142542246,00189375,Q1,,2,2,Q2,Q2
https://openalex.org/W3145358175,15698025,-,,3,3,Q3,Q3
https://openalex.org/W3150416291,10980121,Q1,,1,1,Q1,Q1
https://openalex.org/W3158059807,10238883,Q2,,1,1,Q1,Q1
https://openalex.org/W3215620772,00189480,Q1,,1,1,Q1,Q1
https://openalex.org/W3216338323,00189480,Q1,,1,1,Q1,Q1
https://openalex.org/W3216789408,00189480,Q1,,1,1,Q1,Q1
https://openalex.org/W348301749,16005368,Q3,,4,4,Q4,Q4
https://openalex.org/W354668540,00214876,Q3,,3,3,Q3,Q3
https://openalex.org/W362146363,02649381,Q1,,1,1,Q1,Q1
https://openalex.org/W36378725,00204412,Q4,,3,3,Q3,Q3
https://openalex.org/W363901044,13853449,Q2,,2,2,Q2,Q2
https://openalex.org/W4229573468,09380108,Q4,,2,3,Q2,Q3
https://openalex.org/W4229582067,01694332,-,,5,5,Unranked,Unranked
https://openalex.org/W4230230753,01469592,Q1,,1,1,Q1,Q1
https://openalex.org/W4231330570,00220248,Q1,,2,2,Q2,Q2
https://openalex.org/W4231568796,13886150,Q3,,2,2,Q2,Q2
https://openalex.org/W4232558546,01469592,Q1,,1,1,Q1,Q1
https://openalex.org/W4232664667,03783812,Q2,,1,1,Q1,Q1
https://openalex.org/W4233375294,00029505,Q2,,2,2,Q2,Q2
https://openalex.org/W4233562934,03862208,Q3,,1,2,Q1,Q2
https://openalex.org/W4233622687,09214526,Q2,,2,2,Q2,Q2
https://openalex.org/W4233847914,00319007,Q1,,1,1,Q1,Q1
https://openalex.org/W4234068203,09226435,Q3,,2,3,Q2,Q3
https://openalex.org/W4234243625,15421406,Q3,,3,3,Q3,Q3
https://openalex.org/W4234284715,09226435,Q3,,2,3,Q2,Q3
https://openalex.org/W4234777183,01469592,Q1,,1,1,Q1,Q1
https://openalex.org/W4234792920,00318655,-,,5,5,Unranked,Unranked
https://openalex.org/W4235971963,0022460X,Q1,,1,1,Q1,Q1
https://openalex.org/W4235977958,15477037,Q3,,3,3,Q3,Q3
https://openalex.org/W4236420671,00318655,-,,5,5,Unranked,Unranked
https://openalex.org/W4236508698,0969806X,Q3,,2,2,Q2,Q2
https://openalex.org/W4236761794,13861425,Q2,,2,2,Q2,Q2
https://openalex.org/W4236838086,09467076,Q3,,3,3,Q3,Q3
https://openalex.org/W4236975009,00318949,Q3,,3,3,Q3,Q3
https://openalex.org/W4236991301,13697021,Q2,,1,1,Q1,Q1
https://openalex.org/W4237191732,01672738,Q1,,1,1,Q1,Q1
https://openalex.org/W4239524121,13886150,Q3,,2,2,Q2,Q2
https://openalex.org/W4239547471,13886150,Q3,,2,2,Q2,Q2
https://openalex.org/W4241202532,00421294,Q3,,3,3,Q3,Q3
https://openalex.org/W4241211280,18625282,Q3,,3,3,Q3,Q3
https://openalex.org/W4241402314,10735615,Q1,,1,1,Q1,Q1
https://openalex.org/W4243137281,00223131,Q3,,3,3,Q3,Q3
https://openalex.org/W4243436358,16198638,-,,5,4,Unranked,Q4
https://openalex.org/W4244186169,03615235,Q1,,2,2,Q2,Q2
https://openalex.org/W4245542396,00295493,Q2,,2,2,Q2,Q2
https://openalex.org/W4245724263,15273342,Q1,,2,2,Q2,Q2
https://openalex.org/W4246351486,01694332,-,,5,5,Unranked,Unranked
https://openalex.org/W4246604801,00221481,Q1,,1,1,Q1,Q1
https://openalex.org/W4246818957,13504495,Q2,,2,2,Q2,Q2
https://openalex.org/W4247803124,13645021,Q1,,1,1,Q1,Q1
https://openalex.org/W4248034478,01915665,Q3,,3,3,Q3,Q3
https://openalex.org/W4248368242,13886150,Q3,,2,2,Q2,Q2
https://openalex.org/W4249862760,10111344,Q1,,2,2,Q2,Q2
https://openalex.org/W4250374586,15269914,Q2,,1,1,Q1,Q1
https://openalex.org/W4251688376,00406031,Q2,,2,2,Q2,Q2
https://openalex.org/W4252754479,09215093,Q1,,1,1,Q1,Q1
https://openalex.org/W4253480921,16113683,Q3,,2,2,Q2,Q2
https://openalex.org/W4253557428,00318655,-,,5,5,Unranked,Unranked
https://openalex.org/W4253778669,00223131,Q3,,3,3,Q3,Q3
https://openalex.org/W4253795430,13861425,Q2,,2,2,Q2,Q2
https://openalex.org/W4254639971,00406031,Q2,,2,2,Q2,Q2
https://openalex.org/W4255449125,15269914,Q2,,1,1,Q1,Q1
https://openalex.org/W4256300459,02578972,Q1,,1,1,Q1,Q1
https://openalex.org/W4297816610,09253467,Q2,,2,2,Q2,Q2
https://openalex.org/W4298035175,00223727,Q1,,1,1,Q1,Q1
https://openalex.org/W44069073,00255408,Q2,,2,2,Q2,Q2
https://openalex.org/W64947157,02397528,Q4,,3,3,Q3,Q3
https://openalex.org/W67663331,0042207X,Q2,,2,2,Q2,Q2
https://openalex.org/W72658580,15361055,Q3,,3,3,Q3,Q3
https://openalex.org/W878203179,10637842,Q3,,3,3,Q3,Q3
https://openalex.org/W987512537,02397528,Q4,,3,3,Q3,Q3
