new_word,new_word_reuse,new_phrase,new_phrase_reuse,new_word_comb,new_word_comb_reuse,new_phrase_comb,new_phrase_comb_reuse,semantic_distance,n_words,n_phrases,has_abstract,focal_id
0,0,0,0,0,0,0,0,0.1200489997863769,6,2,0,https://openalex.org/W2288602237
0,0,0,0,0,0,0,0,0.1644138693809509,4,1,1,https://openalex.org/W1973921702
0,0,0,0,0,0,2,4,0.2042530179023742,27,4,1,https://openalex.org/W1969105374
0,0,1,2,1,2,10,60,0.2835623345807088,23,10,1,https://openalex.org/W2156671938
0,0,0,0,0,0,0,0,0.2372068166732788,19,3,1,https://openalex.org/W2149534432
0,0,0,0,20,526,28,142,0.1500992178916931,80,24,1,https://openalex.org/W2146036952
0,0,0,0,8,46,5,15,0.1524168252944946,27,7,1,https://openalex.org/W2144564499
0,0,0,0,26,145,5,14,0.1316959857940673,53,10,1,https://openalex.org/W2059440885
0,0,0,0,0,0,0,0,0.1011919975280761,5,1,1,https://openalex.org/W2892155523
0,0,1,2,4,26,5,52,0.2120510935783386,40,9,1,https://openalex.org/W2125761333
0,0,1,2,10,46,2,4,0.1926547884941101,31,7,1,https://openalex.org/W272410784
0,0,1,2,30,162,21,65,0.1098420619964599,75,27,1,https://openalex.org/W1999264100
0,0,0,0,0,0,0,0,0.187762975692749,19,2,1,https://openalex.org/W73810283
0,0,0,0,1,3,4,10,0.1628720760345459,51,9,1,https://openalex.org/W2416039488
0,0,0,0,0,0,0,0,0.1446045041084289,4,1,0,https://openalex.org/W1972394853
0,0,0,0,0,0,0,0,0.1096149682998657,8,3,1,https://openalex.org/W2025329928
0,0,0,0,32,127,16,53,0.0974659323692321,67,18,1,https://openalex.org/W2082081769
0,0,0,0,0,0,3,8,0.1115694046020507,29,9,1,https://openalex.org/W207245482
1,2,1,6,17,59,14,91,0.2027263641357422,36,18,1,https://openalex.org/W1970066858
0,0,0,0,0,0,0,0,0.1922389268875122,8,1,0,https://openalex.org/W2041554205
0,0,0,0,9,135,4,27,0.1959622502326965,34,9,1,https://openalex.org/W2031944408
0,0,1,8,0,0,2,4,0.1149450540542602,19,6,1,https://openalex.org/W2015704518
0,0,0,0,12,196,5,106,0.1971441507339477,21,8,1,https://openalex.org/W2110493987
0,0,0,0,0,0,3,9,0.1369800567626953,32,10,1,https://openalex.org/W2157563018
0,0,0,0,0,0,0,0,0.1665316820144653,38,5,1,https://openalex.org/W2038716945
0,0,0,0,0,0,0,0,0.1126919388771057,1,0,1,https://openalex.org/W2077065269
0,0,0,0,1,6,1,2,0.1223857402801513,27,8,1,https://openalex.org/W2101740275
0,0,0,0,15,40,1,2,0.1944314241409301,42,16,1,https://openalex.org/W2103870187
0,0,0,0,2,10,5,12,0.1394232087344132,30,7,1,https://openalex.org/W2120780219
0,0,0,0,0,0,0,0,0.1996095180511474,29,7,1,https://openalex.org/W25936508
0,0,0,0,10,49,1,2,0.1553249359130859,29,8,1,https://openalex.org/W2029146008
0,0,1,2,8,81,5,38,0.215242862701416,47,12,1,https://openalex.org/W2148513758
0,0,0,0,0,0,0,0,0.107892096042633,4,1,1,https://openalex.org/W4239695544
0,0,0,0,9,33,0,0,0.1472074389457702,24,9,1,https://openalex.org/W2041385466
0,0,0,0,12,205,3,10,0.1295718550682068,27,8,1,https://openalex.org/W1979563066
0,0,2,9,7,18,3,26,0.1184935569763183,27,13,1,https://openalex.org/W2039175374
0,0,0,0,3,79,0,0,0.2044684290885925,19,3,1,https://openalex.org/W2080856627
0,0,1,11,34,344,17,67,0.1347571015357971,42,19,1,https://openalex.org/W1552833372
0,0,0,0,27,151,21,77,0.1281269192695617,47,17,1,https://openalex.org/W2088893711
0,0,0,0,0,0,0,0,0.1561001539230346,32,2,1,https://openalex.org/W2083649716
0,0,0,0,0,0,0,0,0.1434330344200134,10,2,1,https://openalex.org/W2117013007
0,0,0,0,74,290,13,29,0.1547603607177734,60,21,1,https://openalex.org/W3125383185
0,0,1,2,11,59,4,10,0.1269112825393676,43,10,1,https://openalex.org/W2013616850
0,0,0,0,1,3,2,7,0.0902908444404602,29,4,1,https://openalex.org/W2027221870
0,0,0,0,0,0,0,0,0.1822018108129184,2,1,1,https://openalex.org/W1983627106
0,0,0,0,0,0,0,0,0.1354163885116577,14,3,1,https://openalex.org/W2018974113
0,0,3,18,6,37,3,6,0.1317356824874878,28,10,1,https://openalex.org/W2084346782
0,0,0,0,9,29,3,6,0.1535240411758422,26,11,1,https://openalex.org/W3023653245
0,0,1,3,11,33,19,127,0.1014378070831298,35,21,1,https://openalex.org/W2028972604
0,0,1,5,0,0,11,27,0.1620035171508789,37,16,1,https://openalex.org/W1987205927
0,0,0,0,38,523,12,50,0.1289757490158081,30,11,1,https://openalex.org/W2055513487
0,0,1,2,5,14,2,9,0.208549678325653,44,12,1,https://openalex.org/W1790814781
0,0,1,5,25,80,0,0,0.160508930683136,43,10,1,https://openalex.org/W2039907456
0,0,0,0,0,0,0,0,0.1032845973968506,2,1,1,https://openalex.org/W2111542036
0,0,1,4,0,0,8,25,0.1214942336082458,31,12,1,https://openalex.org/W2121146081
0,0,0,0,23,105,9,26,0.162895381450653,49,13,1,https://openalex.org/W3122708725
0,0,1,2,1,4,0,0,0.2271722555160522,39,7,1,https://openalex.org/W202333686
0,0,0,0,6,40,10,41,0.1410256624221801,25,7,1,https://openalex.org/W2019769637
0,0,0,0,1,8,1,2,0.2311026453971862,25,9,1,https://openalex.org/W2085332734
0,0,1,5,1,3,3,22,0.1582293510437011,23,10,1,https://openalex.org/W1968252890
0,0,0,0,16,66,2,4,0.1376577019691467,40,12,1,https://openalex.org/W2012751882
0,0,0,0,5,44,2,4,0.2371174087809727,30,7,1,https://openalex.org/W2151304540
0,0,0,0,0,0,2,4,0.1973139643669128,23,7,1,https://openalex.org/W2104297431
0,0,0,0,2,5,3,10,0.1346617937088012,32,10,1,https://openalex.org/W1968586472
0,0,0,0,28,129,55,241,0.1201446652412414,34,23,1,https://openalex.org/W2077171392
1,2,0,0,22,46,12,73,0.0810554027557373,33,14,1,https://openalex.org/W1974710519
0,0,0,0,0,0,0,0,0.1122549176216125,4,1,1,https://openalex.org/W2074895359
0,0,0,0,51,191,8,29,0.1571075916290283,57,19,1,https://openalex.org/W2119353054
0,0,0,0,2,8,2,5,0.1590848565101623,50,7,1,https://openalex.org/W1970482181
0,0,0,0,0,0,1,2,0.0599255561828613,28,6,1,https://openalex.org/W1975518332
0,0,0,0,1,5,6,13,0.2062450051307678,34,13,1,https://openalex.org/W2019070465
0,0,1,5,0,0,0,0,0.1819908022880554,23,4,1,https://openalex.org/W2023088123
0,0,0,0,2,4,1,2,0.178031325340271,36,12,1,https://openalex.org/W2068068438
0,0,0,0,0,0,7,23,0.1369383931159973,32,14,1,https://openalex.org/W2169893880
0,0,0,0,2,18,6,19,0.1577577590942382,37,11,1,https://openalex.org/W2014973104
0,0,0,0,18,63,7,20,0.1404990553855896,38,13,1,https://openalex.org/W2080088950
0,0,0,0,1,4,5,14,0.1553016901016235,14,8,1,https://openalex.org/W2020397594
0,0,0,0,4,13,1,3,0.1392024755477905,26,5,1,https://openalex.org/W2048287423
0,0,1,2,15,43,20,78,0.1113290190696716,39,21,1,https://openalex.org/W2080394822
0,0,0,0,0,0,0,0,0.247101604938507,23,7,1,https://openalex.org/W2150521608
0,0,1,7,8,44,2,4,0.1769513487815857,23,7,1,https://openalex.org/W3123259623
0,0,0,0,1,4,0,0,0.1689420938491821,42,9,1,https://openalex.org/W4231579436
0,0,2,4,11,34,8,23,0.2176279425621032,48,15,1,https://openalex.org/W2035829696
0,0,1,3,5,82,18,90,0.1946045160293579,35,13,1,https://openalex.org/W2107690627
0,0,1,2,123,849,25,85,0.1354937553405761,69,19,1,https://openalex.org/W2124652172
0,0,0,0,24,451,12,84,0.1344863772392273,42,16,1,https://openalex.org/W2024716010
0,0,1,2,0,0,3,11,0.3084560292256977,22,8,1,https://openalex.org/W2062733189
0,0,0,0,7,43,2,29,0.1596260070800781,40,6,1,https://openalex.org/W2110745310
0,0,1,2,0,0,18,65,0.1656924486160278,52,20,1,https://openalex.org/W2139737871
3,9,0,0,16,41,15,42,0.1303030252456665,41,23,1,https://openalex.org/W2160138254
0,0,0,0,2,11,17,50,0.1504294872283935,33,14,1,https://openalex.org/W2167878304
0,0,1,3,13,43,3,11,0.1502950191497802,47,11,1,https://openalex.org/W1969710865
0,0,0,0,40,167,31,98,0.1195811033248901,69,31,1,https://openalex.org/W1972068867
0,0,0,0,8,62,5,15,0.110874056816101,34,20,1,https://openalex.org/W1982627002
0,0,0,0,6,35,22,72,0.196536898612976,35,13,1,https://openalex.org/W1988219048
0,0,3,12,0,0,40,183,0.1442165374755859,37,16,1,https://openalex.org/W2076675476
0,0,0,0,2,33,0,0,0.1572828292846679,11,2,1,https://openalex.org/W2130098930
0,0,0,0,0,0,1,7,0.1456636190414428,21,3,1,https://openalex.org/W2153096715
0,0,0,0,0,0,0,0,0.1111315488815307,26,8,1,https://openalex.org/W3123021504
0,0,0,0,24,182,5,20,0.1113055944442749,36,9,1,https://openalex.org/W1994240133
0,0,0,0,0,0,8,43,0.2013900279998779,20,14,1,https://openalex.org/W2016121541
0,0,0,0,9,39,1,2,0.2015085816383361,30,12,1,https://openalex.org/W2036322563
0,0,0,0,0,0,0,0,0.1551449298858642,29,4,1,https://openalex.org/W2045180999
0,0,0,0,0,0,3,9,0.1611614227294922,44,9,1,https://openalex.org/W2097819406
0,0,1,9,1,2,1,3,0.1992260217666626,21,5,1,https://openalex.org/W2106765110
0,0,0,0,5,19,6,17,0.1357301473617553,30,10,1,https://openalex.org/W2112003372
0,0,0,0,0,0,0,0,0.1221606731414794,12,3,1,https://openalex.org/W2138172433
0,0,0,0,11,37,1,2,0.1689579486846923,30,8,1,https://openalex.org/W1984029327
0,0,0,0,0,0,23,76,0.1727867126464843,32,17,1,https://openalex.org/W1996262501
0,0,0,0,0,0,1,11,0.1997514963150024,22,3,1,https://openalex.org/W1997340866
0,0,0,0,2,8,0,0,0.1624616980552673,33,4,1,https://openalex.org/W2023558575
0,0,0,0,1,2,2,18,0.1673552989959716,19,7,1,https://openalex.org/W2054715448
0,0,0,0,0,0,0,0,0.1847546696662902,15,1,1,https://openalex.org/W1532382899
0,0,0,0,0,0,0,0,0.1196931600570678,7,3,0,https://openalex.org/W1980228006
0,0,0,0,28,128,1,3,0.1636478900909423,38,9,1,https://openalex.org/W1992498233
0,0,0,0,1,5,2,8,0.1632708311080932,16,3,1,https://openalex.org/W1993429983
0,0,0,0,12,63,2,10,0.1394656896591186,37,7,1,https://openalex.org/W2032716808
0,0,0,0,5,11,0,0,0.2133843898773193,18,3,1,https://openalex.org/W2070040037
0,0,0,0,39,109,12,26,0.24255636600256,69,20,1,https://openalex.org/W2094012071
0,0,0,0,19,75,5,41,0.1613582372665405,43,6,1,https://openalex.org/W2114395454
0,0,0,0,6,29,6,17,0.1648904085159301,21,10,1,https://openalex.org/W2159165611
0,0,0,0,2,7,1,2,0.1483296155929565,47,9,1,https://openalex.org/W2161412552
0,0,0,0,1,3,3,6,0.2018860578536987,23,11,1,https://openalex.org/W2216185860
0,0,0,0,33,368,10,57,0.187343955039978,35,11,1,https://openalex.org/W2468406189
0,0,0,0,0,0,0,0,0.2779051661491394,15,1,1,https://openalex.org/W1980332756
2,5,2,7,11,22,10,26,0.1779241561889648,28,20,1,https://openalex.org/W2018476704
0,0,0,0,8,30,17,59,0.1887693405151367,32,17,1,https://openalex.org/W2032394396
0,0,0,0,0,0,3,8,0.1955936551094055,25,10,1,https://openalex.org/W2076415323
0,0,2,4,1,2,6,22,0.2809387445449829,35,13,1,https://openalex.org/W2089267577
0,0,0,0,1,9,1,3,0.2399332523345947,30,6,1,https://openalex.org/W2092405968
0,0,0,0,1,5,8,54,0.18427574634552,42,10,1,https://openalex.org/W2135795915
0,0,0,0,16,95,1,3,0.2161767482757568,32,3,1,https://openalex.org/W2146473823
0,0,2,4,9,34,9,30,0.1312587261199951,44,13,1,https://openalex.org/W2156820191
0,0,0,0,0,0,3,9,0.1550590395927429,42,11,1,https://openalex.org/W2170748507
0,0,1,3,5,11,38,184,0.1551723480224609,46,27,1,https://openalex.org/W2189089826
0,0,0,0,0,0,8,27,0.1733216047286987,27,11,1,https://openalex.org/W2035990928
1,3,1,2,8,22,1,2,0.1722608804702758,23,5,1,https://openalex.org/W2046368088
0,0,0,0,30,113,20,62,0.1340891718864441,60,23,1,https://openalex.org/W2061781883
0,0,0,0,4,13,7,28,0.1216270923614502,24,13,1,https://openalex.org/W2155557857
0,0,0,0,23,68,3,7,0.1708197593688964,33,7,1,https://openalex.org/W2182750623
0,0,0,0,13,79,23,134,0.1874086856842041,32,16,1,https://openalex.org/W2185496632
0,0,0,0,8,63,2,11,0.3326614499092102,24,5,1,https://openalex.org/W2186783827
0,0,0,0,17,103,14,57,0.152112066745758,39,12,1,https://openalex.org/W1546276850
1,5,1,4,9,33,0,0,0.1754752397537231,21,3,1,https://openalex.org/W1965293843
0,0,1,3,50,192,19,52,0.1303877234458923,72,29,1,https://openalex.org/W2007122423
0,0,0,0,0,0,4,16,0.1667761206626892,19,10,1,https://openalex.org/W2012528326
0,0,3,6,0,0,4,8,0.1842415928840637,41,10,1,https://openalex.org/W2036788512
0,0,0,0,0,0,0,0,0.1044698357582092,7,0,0,https://openalex.org/W2042948462
0,0,0,0,2,4,0,0,0.2238866090774536,18,3,1,https://openalex.org/W2077113097
0,0,0,0,0,0,1,2,0.1898754835128784,29,9,1,https://openalex.org/W2092174991
0,0,1,2,10,59,2,5,0.2271699905395508,27,9,1,https://openalex.org/W2104431334
1,2,0,0,33,311,3,13,0.1235299706459045,47,11,1,https://openalex.org/W2145686722
0,0,0,0,0,0,0,0,0.0730080604553222,6,2,0,https://openalex.org/W2524573364
0,0,0,0,1,2,3,7,0.1389170289039611,28,8,1,https://openalex.org/W2022409268
0,0,0,0,14,69,8,27,0.0991192460060119,61,13,1,https://openalex.org/W2033196725
0,0,0,0,0,0,1,7,0.2069514393806457,27,4,1,https://openalex.org/W2055432175
0,0,1,7,0,0,0,0,0.2064632773399353,25,7,1,https://openalex.org/W2075424456
0,0,0,0,0,0,2,6,0.1626365780830383,26,11,1,https://openalex.org/W2116387115
0,0,1,2,11,93,23,70,0.1534010171890258,50,24,1,https://openalex.org/W2186168486
0,0,1,3,4,20,5,18,0.2660079598426819,27,11,1,https://openalex.org/W1958356987
0,0,0,0,0,0,0,0,0.1803686022758484,7,1,1,https://openalex.org/W1984569349
0,0,0,0,0,0,1,2,0.162408709526062,20,9,1,https://openalex.org/W2012926726
0,0,1,2,6,23,0,0,0.1950695514678955,27,6,1,https://openalex.org/W2078001694
0,0,0,0,5,28,0,0,0.1485794186592102,23,4,1,https://openalex.org/W2081066268
0,0,0,0,0,0,2,6,0.2257124185562133,17,7,1,https://openalex.org/W2122585464
0,0,1,3,0,0,0,0,0.2432457208633422,21,5,1,https://openalex.org/W1967808113
0,0,0,0,13,40,10,23,0.1163898706436157,37,16,1,https://openalex.org/W1982747352
0,0,1,2,30,79,8,19,0.1810193061828613,64,14,1,https://openalex.org/W1998055337
0,0,1,2,8,18,2,47,0.2188276405290194,33,11,1,https://openalex.org/W2008063607
0,0,0,0,2,5,0,0,0.1639347076416015,8,3,1,https://openalex.org/W2010828919
0,0,0,0,1,5,2,6,0.1075645685195922,43,13,1,https://openalex.org/W2011783135
0,0,1,2,12,37,0,0,0.108715534210205,28,9,1,https://openalex.org/W2028132505
0,0,1,2,0,0,0,0,0.1567057371139526,28,8,1,https://openalex.org/W2037379935
0,0,0,0,1,9,2,6,0.1545786261558532,22,3,1,https://openalex.org/W2076489685
0,0,0,0,2,31,0,0,0.1959869265556335,26,1,1,https://openalex.org/W2095758864
0,0,0,0,0,0,0,0,0.1211421489715576,28,6,1,https://openalex.org/W2128795557
0,0,0,0,2,8,1,2,0.137721300125122,31,6,1,https://openalex.org/W2135298404
0,0,0,0,10,39,1,3,0.1624453067779541,40,8,1,https://openalex.org/W2142015838
0,0,0,0,0,0,1,2,0.2118703722953796,17,5,1,https://openalex.org/W2147764905
0,0,0,0,0,0,0,0,0.1954237222671508,23,3,1,https://openalex.org/W2148460438
0,0,0,0,0,0,1,2,0.1635499596595764,49,11,1,https://openalex.org/W2157684454
0,0,0,0,0,0,0,0,0.2023372054100037,13,3,1,https://openalex.org/W2169833630
0,0,0,0,3,11,1,2,0.1333616375923156,42,8,1,https://openalex.org/W2328791375
0,0,1,3,7,19,4,9,0.1654804944992065,22,13,1,https://openalex.org/W2514639294
0,0,1,14,2,8,2,4,0.1394062042236328,36,10,1,https://openalex.org/W2592731345
0,0,1,2,0,0,1,2,0.119005799293518,21,6,1,https://openalex.org/W3122823832
0,0,1,6,1,11,12,48,0.0808275938034057,31,12,1,https://openalex.org/W3123739111
0,0,0,0,0,0,3,6,0.1414707899093628,35,7,1,https://openalex.org/W1510008862
0,0,0,0,0,0,1,9,0.1991537809371948,20,3,1,https://openalex.org/W2023241667
0,0,1,2,2,6,0,0,0.1736851334571838,27,7,1,https://openalex.org/W2032264996
0,0,1,2,59,238,22,136,0.1408301591873169,57,26,1,https://openalex.org/W2049831013
0,0,0,0,0,0,0,0,0.2147278785705566,8,3,1,https://openalex.org/W2095861045
1,2,0,0,5,11,10,25,0.1672443747520446,32,14,1,https://openalex.org/W2103832033
0,0,0,0,0,0,0,0,0.1544431447982788,23,5,1,https://openalex.org/W2108782729
0,0,0,0,15,93,2,4,0.1884942650794983,47,13,1,https://openalex.org/W2114033705
0,0,0,0,0,0,2,6,0.1881302595138549,28,5,1,https://openalex.org/W2135624424
0,0,0,0,0,0,1,3,0.2110727429389953,34,7,1,https://openalex.org/W2141599211
0,0,0,0,0,0,0,0,0.1466476917266845,6,1,1,https://openalex.org/W2161887515
0,0,0,0,6,68,36,133,0.1579333543777465,32,22,1,https://openalex.org/W2187267437
0,0,0,0,5,20,0,0,0.1250199675559997,42,6,1,https://openalex.org/W2320600175
0,0,1,4,85,298,51,154,0.1595615744590759,105,32,1,https://openalex.org/W3123728398
0,0,1,2,22,212,29,145,0.1476461887359619,39,23,1,https://openalex.org/W1564045561
0,0,0,0,1,2,7,19,0.1132059097290039,23,13,1,https://openalex.org/W1606994609
0,0,1,4,8,22,12,44,0.1373540163040161,35,22,1,https://openalex.org/W2028059554
0,0,0,0,0,0,0,0,0.1978686059775339,21,3,1,https://openalex.org/W2162686386
0,0,0,0,0,0,0,0,0.0892915725708007,11,5,0,https://openalex.org/W2580944599
0,0,0,0,0,0,0,0,0.1890566349029541,17,8,1,https://openalex.org/W1588343409
0,0,0,0,11,36,2,6,0.1445037126541137,44,13,1,https://openalex.org/W1602131874
0,0,0,0,16,72,12,35,0.1304857730865478,36,19,1,https://openalex.org/W2077070139
0,0,0,0,0,0,0,0,0.2030686736106872,33,6,1,https://openalex.org/W2107118980
0,0,2,11,9,43,37,100,0.0688113570213317,43,28,1,https://openalex.org/W2187606176
0,0,1,2,11,59,1,2,0.1531740427017212,51,8,1,https://openalex.org/W2279399022
0,0,0,0,1,5,0,0,0.0797824263572692,5,3,0,https://openalex.org/W2587988749
0,0,0,0,0,0,0,0,0.1104015111923217,9,2,0,https://openalex.org/W2588997638
0,0,0,0,0,0,3,6,0.2146960496902465,31,12,1,https://openalex.org/W2007287269
0,0,1,2,0,0,3,9,0.2519134283065796,27,8,1,https://openalex.org/W2125901756
0,0,0,0,0,0,1,5,0.1519129276275634,21,4,1,https://openalex.org/W2128301971
0,0,0,0,12,29,7,21,0.2032259106636047,42,14,1,https://openalex.org/W2183606000
0,0,0,0,12,38,33,117,0.1251412630081176,54,34,1,https://openalex.org/W2187011254
0,0,0,0,7,19,7,29,0.2204071283340454,29,16,1,https://openalex.org/W2188487988
0,0,0,0,1,26,11,174,0.2026652097702026,28,11,1,https://openalex.org/W2560626320
0,0,0,0,0,0,5,34,0.1510457396507263,30,8,1,https://openalex.org/W4253352393
0,0,0,0,0,0,0,0,0.1513112187385559,39,8,1,https://openalex.org/W2028487147
0,0,0,0,0,0,9,35,0.1536352634429931,55,12,1,https://openalex.org/W2123219370
0,0,0,0,0,0,6,15,0.1358230710029602,32,12,1,https://openalex.org/W2032223773
0,0,0,0,7,85,9,29,0.1501628160476684,48,12,1,https://openalex.org/W2008595716
0,0,1,2,7,25,0,0,0.1944252252578735,40,10,1,https://openalex.org/W2061079716
0,0,0,0,0,0,0,0,0.0645083785057067,3,1,1,https://openalex.org/W2001912957
0,0,0,0,3,16,8,56,0.14975106716156,44,14,1,https://openalex.org/W1596779353
0,0,0,0,0,0,0,0,0.071872591972351,7,3,0,https://openalex.org/W2067108011
0,0,0,0,3,27,1,11,0.1803292632102966,31,3,1,https://openalex.org/W2152292327
0,0,0,0,7,109,4,23,0.1501489281654358,27,7,1,https://openalex.org/W2029190318
0,0,0,0,0,0,0,0,0.0844284892082214,4,1,1,https://openalex.org/W2039353972
0,0,0,0,0,0,0,0,0.1110309362411499,2,2,1,https://openalex.org/W2133254841
0,0,0,0,13,33,2,5,0.1500357985496521,52,15,1,https://openalex.org/W2319761257
0,0,0,0,5,86,12,37,0.1530534029006958,63,17,1,https://openalex.org/W2072041116
0,0,3,9,8,36,19,57,0.1724112033843994,36,18,1,https://openalex.org/W3122239287
0,0,0,0,0,0,0,0,0.071031630039215,4,0,0,https://openalex.org/W2050342299
0,0,0,0,0,0,0,0,0.1084318412086501,8,3,0,https://openalex.org/W2069631046
0,0,0,0,0,0,0,0,0.1005991697311401,1,0,0,https://openalex.org/W2078176974
0,0,0,0,0,0,0,0,0.0967867970466613,26,4,1,https://openalex.org/W1967705750
0,0,0,0,9,25,11,25,0.14271080493927,68,14,1,https://openalex.org/W2026763879
0,0,0,0,16,77,1,2,0.1125734448432922,52,4,1,https://openalex.org/W1984943428
0,0,0,0,3,9,2,4,0.1908693313598632,46,10,1,https://openalex.org/W2081059758
0,0,0,0,5,10,4,25,0.2121633887290954,36,7,1,https://openalex.org/W1987257137
0,0,0,0,0,0,0,0,0.149941086769104,5,1,0,https://openalex.org/W2140391260
0,0,0,0,0,0,1,11,0.1062794923782348,24,8,1,https://openalex.org/W2032581600
0,0,0,0,0,0,0,0,0.1976652145385742,24,3,1,https://openalex.org/W1975357645
0,0,0,0,0,0,0,0,0.1332018971443176,7,1,0,https://openalex.org/W1985490138
0,0,0,0,0,0,0,0,0.2135907411575317,30,4,1,https://openalex.org/W2165409286
0,0,0,0,0,0,1,4,0.2231959104537964,29,5,1,https://openalex.org/W2013597629
0,0,1,3,0,0,0,0,0.1825738549232483,10,3,1,https://openalex.org/W1991838223
0,0,0,0,14,45,3,9,0.0943097472190857,53,8,1,https://openalex.org/W2106062935
0,0,0,0,0,0,0,0,0.2023845533975214,6,1,0,https://openalex.org/W2070318074
0,0,0,0,10,78,5,12,0.1738015413284301,44,10,1,https://openalex.org/W1554869033
0,0,0,0,0,0,1,3,0.2421450614929199,43,6,1,https://openalex.org/W2003589940
0,0,1,3,3,20,13,45,0.1745174527168274,31,18,1,https://openalex.org/W1504088411
0,0,0,0,1,3,5,16,0.2224153876304626,35,10,1,https://openalex.org/W2024353698
0,0,0,0,0,0,0,0,0.1729122996330261,33,7,1,https://openalex.org/W1998120897
0,0,0,0,0,0,1,3,0.1304523944854736,19,4,1,https://openalex.org/W1548978242
0,0,0,0,11,40,34,203,0.0966331362724304,54,32,1,https://openalex.org/W2073116698
1,2,2,7,55,190,74,351,0.1216659545898437,48,33,1,https://openalex.org/W2160447490
0,0,0,0,0,0,0,0,0.1136817932128906,7,1,0,https://openalex.org/W2032016089
0,0,0,0,4,17,0,0,0.2007057070732116,16,3,1,https://openalex.org/W2128863381
0,0,1,6,3,26,7,27,0.1587441563606262,37,10,1,https://openalex.org/W1575890188
0,0,2,9,2,103,1,2,0.2690778374671936,28,9,1,https://openalex.org/W2106744033
0,0,0,0,0,0,1,2,0.2182075381278991,23,2,1,https://openalex.org/W2169321242
0,0,1,3,2,5,24,57,0.1710246801376342,29,17,1,https://openalex.org/W2095472534
0,0,1,2,13,51,19,60,0.180813193321228,39,24,1,https://openalex.org/W2075908161
0,0,0,0,14,32,7,29,0.1543389558792114,34,8,1,https://openalex.org/W1990667412
0,0,0,0,1,8,25,68,0.1365687251091003,44,22,1,https://openalex.org/W2102475620
0,0,0,0,15,84,47,172,0.1137199401855468,54,30,1,https://openalex.org/W2113095282
0,0,0,0,16,62,26,156,0.0752978324890136,58,32,1,https://openalex.org/W2144328754
1,8,0,0,23,74,3,10,0.1837992668151855,26,11,1,https://openalex.org/W2121343222
0,0,0,0,0,0,0,0,0.1330208778381347,45,5,1,https://openalex.org/W2070768982
0,0,0,0,0,0,0,0,0.176098346710205,40,8,1,https://openalex.org/W1924169242
0,0,0,0,0,0,0,0,0.1530507357262638,34,7,1,https://openalex.org/W1487929100
0,0,0,0,0,0,1,5,0.1198698282241821,35,5,1,https://openalex.org/W2093010646
0,0,0,0,3,14,3,13,0.2601120718920229,39,10,1,https://openalex.org/W2061796218
0,0,1,2,10,26,4,14,0.2093586921691894,67,12,1,https://openalex.org/W1566095976
0,0,0,0,0,0,0,0,0.1820489168167114,13,3,1,https://openalex.org/W2041266537
0,0,1,2,3,8,1,2,0.1885012984275818,40,7,1,https://openalex.org/W2014548433
0,0,0,0,0,0,0,0,0.2424431045526422,2,1,1,https://openalex.org/W4247493439
0,0,0,0,2,5,0,0,0.1108179688453674,6,2,1,https://openalex.org/W2073524791
0,0,1,2,1,3,4,23,0.1395936012268066,33,12,1,https://openalex.org/W1964197607
0,0,0,0,4,12,1,3,0.1878965497016906,15,6,1,https://openalex.org/W2019101594
0,0,1,5,3,26,9,34,0.1649728417396545,25,10,1,https://openalex.org/W2078263230
0,0,0,0,7,68,8,21,0.148424744606018,32,14,1,https://openalex.org/W2166705228
0,0,0,0,2,6,2,5,0.1928095817565918,40,5,1,https://openalex.org/W1998969654
0,0,1,5,6,26,0,0,0.1458981037139892,28,3,1,https://openalex.org/W2036873495
0,0,0,0,0,0,0,0,0.091843843460083,3,2,0,https://openalex.org/W1538461120
0,0,0,0,1,2,0,0,0.1383600234985351,38,7,1,https://openalex.org/W2063108116
0,0,0,0,0,0,3,6,0.1240139007568359,43,9,1,https://openalex.org/W2166095146
0,0,1,2,13,51,11,44,0.1279003620147705,48,15,1,https://openalex.org/W2132616110
0,0,0,0,6,31,0,0,0.1863134503364563,31,6,1,https://openalex.org/W2159018343
1,2,3,7,33,105,40,123,0.2035227528021103,51,25,1,https://openalex.org/W2064091094
0,0,1,6,0,0,1,2,0.1613452434539795,40,5,1,https://openalex.org/W2061077988
0,0,0,0,18,72,10,25,0.1835002899169922,43,14,1,https://openalex.org/W1972615611
0,0,0,0,4,37,1,4,0.1430286169052124,76,12,1,https://openalex.org/W1969735008
0,0,1,6,8,27,0,0,0.1659445166587829,25,2,1,https://openalex.org/W2036834463
0,0,0,0,0,0,0,0,0.1456885337829589,50,6,1,https://openalex.org/W2022912578
0,0,0,0,3,9,2,4,0.2281489372253418,29,9,1,https://openalex.org/W2075878041
0,0,0,0,9,88,0,0,0.1840929388999939,46,6,1,https://openalex.org/W2068358256
0,0,0,0,0,0,0,0,0.1180123686790466,5,1,0,https://openalex.org/W2081260362
0,0,0,0,12,56,5,13,0.1721961498260498,44,7,1,https://openalex.org/W2031771579
1,2,3,9,150,416,14,33,0.1930896043777465,118,44,1,https://openalex.org/W2108692972
0,0,0,0,2,4,4,15,0.1256080865859985,25,13,1,https://openalex.org/W2326922462
0,0,0,0,0,0,0,0,0.1084110140800476,32,1,1,https://openalex.org/W2022018038
0,0,0,0,11,77,1,2,0.1455640792846679,23,5,1,https://openalex.org/W2008139220
0,0,1,2,17,47,5,11,0.2207621932029724,22,5,1,https://openalex.org/W2046497780
0,0,0,0,0,0,0,0,0.1417085528373718,6,1,0,https://openalex.org/W2058422507
3,8,3,9,52,142,2,6,0.1556804776191711,46,20,1,https://openalex.org/W3121698665
0,0,0,0,0,0,0,0,0.0709232091903686,5,0,0,https://openalex.org/W1979756109
0,0,0,0,3,8,3,9,0.1747227311134338,40,11,1,https://openalex.org/W2067329850
0,0,0,0,2,6,2,5,0.1431820392608642,27,8,1,https://openalex.org/W265556720
1,2,1,5,160,443,19,54,0.1860582828521728,84,45,1,https://openalex.org/W1545935624
0,0,0,0,0,0,0,0,0.196541965007782,13,4,1,https://openalex.org/W2158023171
0,0,0,0,17,85,40,275,0.1526033878326416,47,19,1,https://openalex.org/W2162028666
0,0,0,0,2,55,3,11,0.1344844102859497,61,7,1,https://openalex.org/W2082025758
0,0,0,0,6,44,5,26,0.1473598480224609,48,9,1,https://openalex.org/W2128238322
0,0,0,0,1,2,1,3,0.1911253333091736,49,6,1,https://openalex.org/W1980797566
0,0,0,0,0,0,2,5,0.1764346361160278,34,6,1,https://openalex.org/W1550587422
0,0,0,0,3,17,11,34,0.140277087688446,40,13,1,https://openalex.org/W1991018677
0,0,1,10,12,44,10,26,0.1521148085594177,57,16,1,https://openalex.org/W2013424190
0,0,0,0,1,2,1,2,0.191213846206665,42,12,1,https://openalex.org/W2029897168
0,0,0,0,1,29,0,0,0.2473064661026001,31,2,1,https://openalex.org/W2070853178
0,0,0,0,0,0,0,0,0.2405206561088562,5,0,1,https://openalex.org/W2016788303
1,2,0,0,13,27,0,0,0.1606735587120056,45,10,1,https://openalex.org/W1994491353
0,0,0,0,0,0,9,25,0.2332692742347717,46,13,1,https://openalex.org/W1969598250
0,0,0,0,7,27,3,6,0.1321913599967956,53,7,1,https://openalex.org/W1976044835
0,0,0,0,0,0,1,4,0.2047896981239318,56,7,1,https://openalex.org/W2058271778
7,19,6,15,233,597,5,11,0.1847962141036987,109,49,1,https://openalex.org/W1578015465
1,4,1,2,73,193,6,13,0.1770755648612976,60,30,1,https://openalex.org/W1492783723
0,0,0,0,13,31,5,10,0.1878319978713989,21,10,1,https://openalex.org/W2089262023
0,0,0,0,2,5,3,42,0.1534264087677002,26,5,1,https://openalex.org/W2015359397
0,0,0,0,0,0,0,0,0.0556276440620422,6,2,0,https://openalex.org/W1974953481
0,0,0,0,0,0,0,0,0.1469258666038513,9,2,1,https://openalex.org/W2047615687
0,0,0,0,0,0,1,2,0.1563986539840698,35,6,1,https://openalex.org/W1997866076
0,0,0,0,0,0,0,0,0.1549253463745117,27,3,1,https://openalex.org/W1581529449
0,0,1,2,2,5,0,0,0.2138237953186035,16,4,1,https://openalex.org/W2078934558
5,11,2,4,150,384,7,23,0.1553141474723816,115,37,1,https://openalex.org/W1544844990
0,0,1,6,0,0,0,0,0.1780723333358764,31,3,1,https://openalex.org/W1976661921
0,0,0,0,0,0,0,0,0.0773453712463378,3,0,0,https://openalex.org/W2017266462
0,0,0,0,6,16,6,12,0.207034170627594,53,17,1,https://openalex.org/W2091174314
0,0,1,5,0,0,7,18,0.1505408287048339,23,11,1,https://openalex.org/W2147818984
0,0,0,0,46,169,48,145,0.1212620735168457,59,39,1,https://openalex.org/W1555202545
0,0,0,0,8,37,6,15,0.2368481159210205,33,11,1,https://openalex.org/W2000058611
0,0,0,0,4,24,0,0,0.2033715844154358,26,5,1,https://openalex.org/W1998537195
0,0,0,0,3,19,8,30,0.1166220903396606,64,10,1,https://openalex.org/W2008811987
0,0,0,0,4,19,9,27,0.1768419742584228,39,16,1,https://openalex.org/W2095983507
0,0,1,4,2,13,6,17,0.1278226375579834,57,10,1,https://openalex.org/W2013046635
0,0,0,0,0,0,0,0,0.136235237121582,10,3,0,https://openalex.org/W2008626160
0,0,0,0,0,0,1,2,0.259855568408966,11,3,1,https://openalex.org/W1992732860
0,0,0,0,1,9,0,0,0.1261917352676391,21,6,1,https://openalex.org/W2151869210
0,0,0,0,2,8,4,16,0.1574419736862182,30,8,1,https://openalex.org/W2080573397
0,0,0,0,0,0,0,0,0.1260337829589843,3,1,1,https://openalex.org/W2096758970
0,0,0,0,0,0,1,3,0.1532506942749023,27,5,1,https://openalex.org/W1986876574
0,0,0,0,1,2,1,2,0.131141185760498,33,6,1,https://openalex.org/W1983147082
0,0,0,0,5,23,0,0,0.180755615234375,50,3,1,https://openalex.org/W2074608801
0,0,0,0,9,40,7,27,0.203953206539154,51,15,1,https://openalex.org/W2083754224
0,0,0,0,0,0,0,0,0.2608224782543195,13,3,1,https://openalex.org/W2100783576
0,0,1,10,5,33,2,7,0.15132737159729,77,10,1,https://openalex.org/W2062196284
0,0,0,0,6,28,6,23,0.1944456100463867,82,16,1,https://openalex.org/W2058036525
0,0,0,0,0,0,0,0,0.187469482421875,6,0,1,https://openalex.org/W2071010363
0,0,0,0,0,0,2,4,0.2209206819534301,43,8,1,https://openalex.org/W1993888744
0,0,0,0,0,0,0,0,0.0908433198928833,5,2,1,https://openalex.org/W2028837638
1,2,0,0,4,17,0,0,0.2055335640907287,19,3,1,https://openalex.org/W2080140661
0,0,0,0,0,0,4,8,0.1609877943992614,39,10,1,https://openalex.org/W2104098663
0,0,0,0,22,131,6,15,0.1851957440376281,63,14,1,https://openalex.org/W1985386483
0,0,1,3,0,0,4,33,0.1067482233047485,43,8,1,https://openalex.org/W2154216517
0,0,0,0,0,0,0,0,0.1230881810188293,5,1,0,https://openalex.org/W2014135140
0,0,1,6,0,0,4,26,0.170459508895874,39,11,1,https://openalex.org/W1965785176
1,4,0,0,16,43,4,10,0.1660621762275695,58,10,1,https://openalex.org/W1973397143
0,0,0,0,0,0,0,0,0.2509816108428575,16,3,1,https://openalex.org/W2030568909
0,0,0,0,0,0,2,6,0.1572703719139099,47,6,1,https://openalex.org/W2110486552
0,0,0,0,0,0,0,0,0.2260092496871948,21,1,1,https://openalex.org/W1973114486
0,0,0,0,0,0,0,0,0.2002444863319397,5,2,0,https://openalex.org/W2093292800
0,0,1,2,5,22,7,19,0.1697749495506286,42,15,1,https://openalex.org/W1993958191
0,0,1,16,3,23,97,609,0.132987380027771,46,32,1,https://openalex.org/W2057779294
0,0,0,0,35,110,10,26,0.2007458806037902,45,10,1,https://openalex.org/W2091841386
0,0,0,0,3,22,0,0,0.1904830336570739,30,1,1,https://openalex.org/W2075645594
0,0,0,0,42,131,3,11,0.1490838527679443,42,17,1,https://openalex.org/W2012357366
0,0,0,0,2,35,7,20,0.1486321091651916,50,15,1,https://openalex.org/W2104044638
0,0,1,7,14,36,30,120,0.1461426019668579,58,32,1,https://openalex.org/W2077894861
0,0,0,0,0,0,0,0,0.0890015363693237,4,2,0,https://openalex.org/W1973180962
0,0,0,0,2,8,3,8,0.1819696688556282,35,9,1,https://openalex.org/W1987885565
0,0,0,0,14,116,25,94,0.1814942955970764,60,18,1,https://openalex.org/W1983824587
0,0,0,0,0,0,1,2,0.1552398204803466,28,3,1,https://openalex.org/W1603868075
0,0,0,0,0,0,0,0,0.045135498046875,7,1,0,https://openalex.org/W2053766291
0,0,1,9,0,0,1,2,0.1242396831512451,7,2,0,https://openalex.org/W2041080008
0,0,0,0,4,18,5,13,0.1610791087150573,30,11,1,https://openalex.org/W2010629189
0,0,0,0,6,15,12,44,0.1986165046691894,43,14,1,https://openalex.org/W2084924967
0,0,0,0,0,0,0,0,0.160110086464267,5,2,0,https://openalex.org/W2016384282
0,0,0,0,12,195,10,69,0.1983824372291565,37,16,1,https://openalex.org/W2107880387
0,0,0,0,20,54,3,7,0.1741866469383239,31,13,1,https://openalex.org/W2138383851
0,0,0,0,3,22,5,14,0.056786835193634,39,7,1,https://openalex.org/W2057753645
0,0,0,0,0,0,0,0,0.1074070930480957,4,2,1,https://openalex.org/W1973407383
0,0,0,0,1,2,0,0,0.1367179751396179,39,6,1,https://openalex.org/W1992488749
0,0,1,3,1,3,1,2,0.1531300544738769,54,10,1,https://openalex.org/W2017752363
0,0,0,0,7,29,0,0,0.1853137612342834,37,6,1,https://openalex.org/W2001835230
0,0,0,0,0,0,0,0,0.1878470778465271,2,1,1,https://openalex.org/W2111271924
1,9,1,5,15,47,1,2,0.2094460129737854,30,5,1,https://openalex.org/W2036933801
0,0,0,0,0,0,4,9,0.1717259883880615,20,8,1,https://openalex.org/W2144380166
0,0,0,0,0,0,0,0,0.2049668431282043,42,5,1,https://openalex.org/W2091676029
0,0,0,0,2,5,1,3,0.1594215035438537,26,5,1,https://openalex.org/W1977673845
0,0,0,0,0,0,0,0,0.0841211080551147,8,1,0,https://openalex.org/W1997999450
0,0,0,0,0,0,0,0,0.1684199571609497,6,3,1,https://openalex.org/W2317765138
0,0,0,0,1,6,7,31,0.3109908390504881,44,12,1,https://openalex.org/W2015712108
0,0,0,0,2,4,1,2,0.2723888754844665,28,8,1,https://openalex.org/W2062996534
0,0,0,0,4,10,1,2,0.1618010997772216,24,7,1,https://openalex.org/W2079935922
0,0,1,2,78,347,18,70,0.1250092983245849,59,21,1,https://openalex.org/W2160243112
0,0,0,0,0,0,1,3,0.1741597652435302,36,5,1,https://openalex.org/W2010949064
0,0,0,0,3,8,1,3,0.1489242315292358,33,8,1,https://openalex.org/W2079656493
0,0,0,0,3,13,2,6,0.1654496788978577,39,7,1,https://openalex.org/W2124826360
0,0,0,0,1,6,4,11,0.1799350380897522,36,12,1,https://openalex.org/W2076136113
0,0,0,0,0,0,0,0,0.1045953035354614,5,0,1,https://openalex.org/W2105706231
0,0,3,9,4,10,1,2,0.1970071792602539,20,9,1,https://openalex.org/W2061832380
0,0,0,0,0,0,1,2,0.1354877948760986,8,2,0,https://openalex.org/W2041399754
0,0,0,0,2,4,3,7,0.2079456448554992,30,9,1,https://openalex.org/W2055593895
0,0,1,2,1,2,17,52,0.1697887182235717,59,22,1,https://openalex.org/W2068159649
0,0,0,0,0,0,1,3,0.1691921949386596,43,5,1,https://openalex.org/W2005161784
0,0,0,0,0,0,0,0,0.1448429822921753,37,6,1,https://openalex.org/W2159768762
0,0,0,0,2,21,0,0,0.1535256505012512,22,4,1,https://openalex.org/W70747502
0,0,0,0,0,0,1,3,0.1690002679824829,28,5,1,https://openalex.org/W2019840491
0,0,0,0,0,0,1,2,0.1199343204498291,32,6,1,https://openalex.org/W2036377536
0,0,0,0,1,7,4,9,0.1507456302642822,23,7,1,https://openalex.org/W2016086195
0,0,1,2,24,122,2,7,0.1813621520996093,37,10,1,https://openalex.org/W2031821222
0,0,0,0,0,0,1,2,0.1415770053863525,30,3,1,https://openalex.org/W2065360535
0,0,0,0,2,8,0,0,0.1975777745246887,26,5,1,https://openalex.org/W2140269608
0,0,0,0,3,8,2,5,0.166630208492279,29,10,1,https://openalex.org/W1980348284
0,0,0,0,0,0,0,0,0.0950067043304443,4,1,0,https://openalex.org/W2076221593
0,0,0,0,4,9,1,2,0.2540850043296814,22,5,1,https://openalex.org/W2079218308
0,0,0,0,0,0,0,0,0.1998347640037537,14,4,1,https://openalex.org/W2152671917
0,0,0,0,0,0,0,0,0.1552508473396301,23,1,1,https://openalex.org/W2041495358
0,0,2,5,34,147,20,68,0.202451467514038,66,29,1,https://openalex.org/W2048426851
0,0,0,0,0,0,0,0,0.2209463715553283,22,4,1,https://openalex.org/W2011367283
0,0,0,0,35,141,15,49,0.133206307888031,58,22,1,https://openalex.org/W2045328421
0,0,0,0,0,0,0,0,0.1248254776000976,8,1,0,https://openalex.org/W2020828147
0,0,1,3,0,0,12,47,0.1723713874816894,50,12,1,https://openalex.org/W1997921746
0,0,0,0,0,0,1,6,0.1659982800483703,27,8,1,https://openalex.org/W2090852221
0,0,0,0,0,0,0,0,0.1451667547225952,26,7,1,https://openalex.org/W1969324615
0,0,1,2,3,15,1,4,0.2949572044103375,38,9,1,https://openalex.org/W1975053332
0,0,2,52,0,0,6,25,0.1486497521400451,54,13,1,https://openalex.org/W2063654817
0,0,0,0,7,17,7,15,0.1858918666839599,37,14,1,https://openalex.org/W2069695899
0,0,0,0,0,0,0,0,0.1661159992218017,8,0,0,https://openalex.org/W1988161556
0,0,1,2,7,120,11,78,0.1933024525642395,45,13,1,https://openalex.org/W2170047729
0,0,0,0,12,76,0,0,0.1554247140884399,53,7,1,https://openalex.org/W2125893832
0,0,0,0,0,0,0,0,0.2030315399169922,23,3,1,https://openalex.org/W1985053687
0,0,0,0,3,12,0,0,0.1630924940109253,40,4,1,https://openalex.org/W1900083135
0,0,0,0,0,0,0,0,0.2353425025939941,29,5,1,https://openalex.org/W4240044889
0,0,3,11,14,104,34,133,0.0888087749481201,40,23,1,https://openalex.org/W1986590585
0,0,0,0,2,4,2,4,0.1555385164564057,30,6,1,https://openalex.org/W2107107082
0,0,0,0,0,0,1,3,0.1640911698341369,27,6,1,https://openalex.org/W2139055385
0,0,0,0,4,13,1,2,0.1858908534049988,37,7,1,https://openalex.org/W1971509556
0,0,1,3,9,27,4,12,0.1515454053878784,45,16,1,https://openalex.org/W2006022501
0,0,0,0,1,11,2,5,0.1061988472938537,19,5,1,https://openalex.org/W2014801357
0,0,0,0,1,6,0,0,0.1437098979949951,7,3,0,https://openalex.org/W2037690108
0,0,0,0,5,14,23,122,0.1595432758331298,53,18,1,https://openalex.org/W1693666044
0,0,1,2,0,0,1,2,0.1455914974212646,21,3,1,https://openalex.org/W2042336495
0,0,0,0,0,0,0,0,0.1456734538078308,8,1,0,https://openalex.org/W2044425328
0,0,0,0,0,0,0,0,0.2196348309516906,18,3,1,https://openalex.org/W2059277612
0,0,0,0,1,4,1,2,0.1436973214149475,38,9,1,https://openalex.org/W2141190133
0,0,0,0,16,55,1,4,0.175767719745636,48,10,1,https://openalex.org/W1980557062
0,0,0,0,0,0,1,2,0.1681371331214904,45,6,1,https://openalex.org/W1992415219
0,0,0,0,4,25,5,13,0.1541879773139953,29,12,1,https://openalex.org/W2066103542
0,0,0,0,1,4,1,3,0.2581266760826111,9,4,1,https://openalex.org/W2318722423
0,0,0,0,27,168,8,19,0.2048560380935669,46,16,1,https://openalex.org/W1971453805
0,0,0,0,2,9,9,28,0.123940110206604,58,15,1,https://openalex.org/W2079855650
0,0,0,0,0,0,1,3,0.2938857078552246,19,6,1,https://openalex.org/W1577354165
0,0,0,0,1,4,4,35,0.1127736568450927,57,8,1,https://openalex.org/W2099365066
0,0,0,0,37,147,4,17,0.1517804861068725,68,12,1,https://openalex.org/W2002304579
0,0,0,0,0,0,0,0,0.2874209880828857,13,3,1,https://openalex.org/W1998049778
0,0,0,0,8,35,1,3,0.2201523184776306,27,6,1,https://openalex.org/W2153224800
0,0,0,0,4,35,1,6,0.225463330745697,27,7,1,https://openalex.org/W2079587834
0,0,2,4,15,81,7,19,0.1327273845672607,49,20,1,https://openalex.org/W2125120454
1,2,0,0,6,23,1,2,0.2952522039413452,18,4,1,https://openalex.org/W2087920779
0,0,1,43,3,9,15,74,0.2428756952285766,32,14,1,https://openalex.org/W1569268674
0,0,0,0,0,0,1,2,0.1110568046569824,5,2,0,https://openalex.org/W1993512997
0,0,0,0,0,0,1,2,0.1683136224746704,27,5,1,https://openalex.org/W2121691123
0,0,0,0,0,0,0,0,0.2121836543083191,40,3,1,https://openalex.org/W2074320593
0,0,0,0,0,0,3,16,0.1931086182594299,38,6,1,https://openalex.org/W2082783191
0,0,1,2,0,0,8,23,0.1809267997741699,52,11,1,https://openalex.org/W1997910713
0,0,1,4,4,47,5,19,0.1279610395431518,44,11,1,https://openalex.org/W2090993656
0,0,2,6,0,0,17,79,0.1485142707824707,55,15,1,https://openalex.org/W2010002595
0,0,0,0,8,34,5,14,0.1816865801811218,46,14,1,https://openalex.org/W1987459547
0,0,0,0,0,0,2,4,0.2102561593055725,44,9,1,https://openalex.org/W2071226225
0,0,0,0,0,0,0,0,0.2090758085250854,36,3,1,https://openalex.org/W2088065944
0,0,0,0,0,0,1,3,0.1287860870361328,37,13,1,https://openalex.org/W2052767490
0,0,1,2,4,16,8,33,0.1402097344398498,63,13,1,https://openalex.org/W2064729942
0,0,0,0,0,0,0,0,0.1495478153228759,28,1,1,https://openalex.org/W2055702984
0,0,2,4,3,28,2,12,0.2074020504951477,49,17,1,https://openalex.org/W2081214476
0,0,1,6,5,14,2,5,0.2123968005180359,27,7,1,https://openalex.org/W2112116751
0,0,0,0,4,22,0,0,0.1371843218803405,36,1,1,https://openalex.org/W2064817194
0,0,1,7,0,0,1,2,0.1622928977012634,30,4,1,https://openalex.org/W1490297444
0,0,0,0,4,9,7,20,0.1499452590942382,82,17,1,https://openalex.org/W2043571969
0,0,0,0,0,0,0,0,0.1851792956995524,5,1,0,https://openalex.org/W2082579833
0,0,0,0,0,0,19,63,0.1322911381721496,49,15,1,https://openalex.org/W2114385776
0,0,1,5,0,0,1,5,0.2092966437339782,14,4,1,https://openalex.org/W2040476252
0,0,0,0,0,0,0,0,0.1292893886566162,8,0,1,https://openalex.org/W1966881660
0,0,0,0,32,315,18,142,0.1560879945755005,31,11,1,https://openalex.org/W2053006745
0,0,0,0,5,18,2,9,0.1665601730346679,21,5,1,https://openalex.org/W2050280492
0,0,0,0,4,11,2,8,0.2351333498954773,28,8,1,https://openalex.org/W2111351023
0,0,0,0,0,0,0,0,0.1491663146934476,6,2,0,https://openalex.org/W2022462182
0,0,0,0,0,0,4,13,0.162975788116455,46,8,1,https://openalex.org/W3122520148
0,0,0,0,0,0,2,18,0.1912490129470825,47,8,1,https://openalex.org/W2037352210
0,0,1,4,0,0,2,4,0.1363804340362548,30,8,1,https://openalex.org/W1577457946
0,0,0,0,0,0,1,3,0.1601333618164062,24,3,1,https://openalex.org/W1980668539
0,0,1,4,13,39,2,9,0.1985273957252502,44,11,1,https://openalex.org/W2034624982
0,0,0,0,1,5,9,27,0.1295517086982727,58,12,1,https://openalex.org/W1990809517
0,0,0,0,1,3,1,3,0.1632295250892639,21,3,1,https://openalex.org/W2088894301
0,0,1,10,0,0,6,21,0.1480088233947754,29,12,1,https://openalex.org/W2094748126
0,0,0,0,0,0,0,0,0.2230936288833618,24,4,1,https://openalex.org/W2076864102
0,0,0,0,0,0,17,48,0.1278996467590332,48,15,1,https://openalex.org/W2052213112
0,0,0,0,2,8,0,0,0.1581869125366211,24,4,1,https://openalex.org/W1559654041
0,0,0,0,0,0,2,5,0.1410155296325683,46,11,1,https://openalex.org/W2036886462
0,0,0,0,2,7,18,64,0.178941011428833,52,18,1,https://openalex.org/W2046204237
0,0,0,0,6,13,0,0,0.2526173890002197,25,5,1,https://openalex.org/W1533457706
0,0,0,0,0,0,1,3,0.1787143945693969,36,10,1,https://openalex.org/W1515150191
5,20,0,0,175,605,34,174,0.1078584790229797,67,28,1,https://openalex.org/W1998730262
0,0,0,0,3,13,5,51,0.1194937229156494,45,11,1,https://openalex.org/W2613187142
0,0,0,0,0,0,0,0,0.135649561882019,8,4,0,https://openalex.org/W2097649460
0,0,0,0,0,0,0,0,0.1870340800944887,7,1,1,https://openalex.org/W2019910887
0,0,2,9,9,102,3,12,0.164306104183197,56,10,1,https://openalex.org/W2016218339
0,0,0,0,1,2,2,27,0.1937754154205322,11,4,1,https://openalex.org/W2138122541
0,0,0,0,1,8,0,0,0.1704216003417968,43,6,1,https://openalex.org/W2007227619
0,0,0,0,0,0,3,15,0.1424731612205505,34,8,1,https://openalex.org/W2098316491
0,0,0,0,0,0,0,0,0.2826987504959106,9,2,1,https://openalex.org/W2163834675
0,0,0,0,0,0,0,0,0.1452276110649109,11,0,1,https://openalex.org/W2145551722
1,39,0,0,24,149,10,47,0.2457819658091047,23,10,1,https://openalex.org/W2144150527
0,0,0,0,0,0,0,0,0.1719167232513427,26,3,1,https://openalex.org/W1985809266
0,0,0,0,11,58,1,6,0.1492418646812439,22,7,1,https://openalex.org/W2036686082
0,0,0,0,0,0,0,0,0.1952826976776123,27,4,1,https://openalex.org/W2017092070
0,0,0,0,0,0,5,55,0.1750895977020263,32,9,1,https://openalex.org/W2005569508
0,0,0,0,11,63,2,8,0.174761949564455,31,4,1,https://openalex.org/W2031929861
0,0,0,0,2,14,2,6,0.1519538760185241,24,10,1,https://openalex.org/W2148673076
0,0,1,12,19,143,7,24,0.1646264791488647,52,12,1,https://openalex.org/W1979478287
0,0,1,2,1,9,24,74,0.1320692300796508,57,18,1,https://openalex.org/W2057095399
0,0,0,0,0,0,1,3,0.1995390057563781,27,3,1,https://openalex.org/W2075667278
0,0,0,0,1,8,0,0,0.174435555934906,32,4,1,https://openalex.org/W2034911631
0,0,1,27,179,800,28,82,0.222378134727478,93,37,1,https://openalex.org/W2091457174
0,0,0,0,2,7,0,0,0.116361379623413,33,4,1,https://openalex.org/W2023153720
0,0,1,2,2,26,6,17,0.1549333333969116,17,9,1,https://openalex.org/W2064163144
0,0,1,7,0,0,1,2,0.1988279223442077,37,8,1,https://openalex.org/W2087707641
0,0,1,3,1,3,2,9,0.1649810671806335,43,7,1,https://openalex.org/W2010483221
0,0,0,0,3,12,1,6,0.1558745503425598,41,6,1,https://openalex.org/W2063566599
0,0,1,3,8,63,1,2,0.1852606534957885,28,7,1,https://openalex.org/W1974403647
0,0,0,0,0,0,0,0,0.1037975549697876,6,1,0,https://openalex.org/W2015455980
0,0,0,0,5,24,4,10,0.1932982206344604,40,8,1,https://openalex.org/W2171254687
0,0,0,0,0,0,0,0,0.2799557447433471,10,1,1,https://openalex.org/W2054122946
0,0,0,0,16,212,0,0,0.1403403282165527,31,3,1,https://openalex.org/W2088301479
0,0,0,0,0,0,0,0,0.1331259608268737,9,0,0,https://openalex.org/W2125044414
0,0,0,0,0,0,6,30,0.1931324005126953,40,14,1,https://openalex.org/W1992249318
0,0,1,3,20,91,2,7,0.1558709740638733,47,16,1,https://openalex.org/W2001974156
0,0,0,0,7,17,2,4,0.138558030128479,72,9,1,https://openalex.org/W2121068422
0,0,0,0,17,69,2,4,0.2042453289031982,33,10,1,https://openalex.org/W2138470414
0,0,1,2,1,8,4,16,0.1604964137077331,37,11,1,https://openalex.org/W2066178638
0,0,0,0,4,33,0,0,0.1168543100357055,52,3,1,https://openalex.org/W2162645613
0,0,0,0,0,0,0,0,0.1304723024368286,7,2,0,https://openalex.org/W1979291467
0,0,2,19,24,123,9,38,0.1767035722732544,60,18,1,https://openalex.org/W1988317830
0,0,0,0,0,0,0,0,0.1137049198150634,3,1,0,https://openalex.org/W2022661554
0,0,0,0,1,2,1,2,0.1852730512619018,56,13,1,https://openalex.org/W2095307558
0,0,0,0,0,0,0,0,0.0855544805526733,5,1,0,https://openalex.org/W1976469693
0,0,0,0,0,0,0,0,0.2097730704933755,38,5,1,https://openalex.org/W2050166780
0,0,0,0,0,0,1,2,0.2278725504875183,31,7,1,https://openalex.org/W2058342674
0,0,0,0,0,0,0,0,0.2191609740257263,34,6,1,https://openalex.org/W2070166389
0,0,0,0,1,8,5,13,0.3024896045040651,38,11,1,https://openalex.org/W1991327851
1,4,0,0,11,33,0,0,0.1647963523864746,25,7,1,https://openalex.org/W2084768086
0,0,0,0,2,22,4,10,0.1647248268127441,30,11,1,https://openalex.org/W2114689011
0,0,0,0,1,17,3,6,0.2632869482040405,23,7,1,https://openalex.org/W2151306413
0,0,0,0,16,68,4,14,0.1153938174247741,43,15,1,https://openalex.org/W3145748671
0,0,0,0,6,26,2,4,0.1570979356765747,37,10,1,https://openalex.org/W2134830953
0,0,0,0,8,26,1,2,0.2404144406318664,34,11,1,https://openalex.org/W2008082990
0,0,1,2,45,109,14,36,0.1473782062530517,56,25,1,https://openalex.org/W2045340658
0,0,0,0,0,0,1,2,0.1263657212257385,28,8,1,https://openalex.org/W2074836608
0,0,0,0,28,103,10,23,0.1832613348960876,53,15,1,https://openalex.org/W2133259689
0,0,0,0,3,21,5,18,0.2024776935577392,31,8,1,https://openalex.org/W1975892253
0,0,0,0,0,0,0,0,0.129285991191864,15,5,1,https://openalex.org/W1977967925
0,0,0,0,16,39,13,43,0.2532613521048948,68,15,1,https://openalex.org/W2127853968
0,0,0,0,0,0,0,0,0.1824766993522644,3,1,0,https://openalex.org/W2069944242
0,0,1,3,5,22,2,4,0.222105860710144,39,13,1,https://openalex.org/W2115166144
0,0,0,0,0,0,0,0,0.1172406673431396,3,2,0,https://openalex.org/W2053612594
0,0,0,0,0,0,0,0,0.1108697652816772,2,0,0,https://openalex.org/W1486755379
0,0,0,0,0,0,0,0,0.1582907438278198,9,1,1,https://openalex.org/W2065717779
0,0,0,0,1,2,1,2,0.2189915180206298,39,7,1,https://openalex.org/W2000242707
0,0,0,0,0,0,0,0,0.1346670389175415,9,0,1,https://openalex.org/W2090414972
0,0,0,0,3,28,0,0,0.2195421457290649,20,7,1,https://openalex.org/W2113626674
0,0,0,0,0,0,0,0,0.1127327680587768,7,2,0,https://openalex.org/W1988637641
0,0,0,0,0,0,0,0,0.1493679881095886,30,5,1,https://openalex.org/W2042304954
0,0,0,0,0,0,0,0,0.1129273772239685,30,4,1,https://openalex.org/W2008811252
0,0,1,2,78,498,50,177,0.18193519115448,74,29,1,https://openalex.org/W3122386974
0,0,0,0,0,0,9,79,0.139006495475769,33,11,1,https://openalex.org/W1996339383
0,0,0,0,0,0,0,0,0.1395531296730041,38,6,1,https://openalex.org/W2011388129
0,0,0,0,0,0,3,6,0.1156497001647949,20,8,1,https://openalex.org/W3125907536
0,0,0,0,14,54,2,6,0.1312038302421569,64,11,1,https://openalex.org/W2098177038
0,0,0,0,2,16,3,15,0.205440878868103,42,10,1,https://openalex.org/W1548438696
0,0,0,0,0,0,1,3,0.1399291753768921,47,7,1,https://openalex.org/W2074317619
0,0,0,0,8,24,2,5,0.1049667596817016,39,9,1,https://openalex.org/W2050345753
0,0,0,0,0,0,1,4,0.1547496318817138,28,4,1,https://openalex.org/W2033496553
0,0,0,0,0,0,0,0,0.1820964813232422,33,5,1,https://openalex.org/W2020015154
0,0,0,0,0,0,1,16,0.1092633157406632,7,3,0,https://openalex.org/W2159507124
0,0,0,0,9,59,3,17,0.1120228767395019,64,7,1,https://openalex.org/W2007763625
0,0,0,0,0,0,0,0,0.1743223667144775,37,7,1,https://openalex.org/W1973734551
0,0,0,0,0,0,0,0,0.1046959161758422,5,1,0,https://openalex.org/W1979982380
0,0,0,0,10,69,1,2,0.2226128578186035,25,5,1,https://openalex.org/W2037893564
0,0,0,0,16,62,5,20,0.1417391300201416,64,15,1,https://openalex.org/W1998485289
0,0,0,0,3,26,3,7,0.1608345508575439,50,8,1,https://openalex.org/W2081296302
0,0,1,3,3,16,4,9,0.1409270167350769,34,11,1,https://openalex.org/W3122894683
0,0,0,0,2,15,12,35,0.1746498687516936,39,14,1,https://openalex.org/W2073079981
0,0,0,0,0,0,0,0,0.152532696723938,10,2,1,https://openalex.org/W2154655649
0,0,1,2,11,59,2,4,0.147835373878479,48,10,1,https://openalex.org/W1964028600
0,0,0,0,2,10,1,7,0.1857146024703979,28,4,1,https://openalex.org/W1970483086
0,0,0,0,0,0,0,0,0.1479429602622985,20,5,1,https://openalex.org/W2019615569
0,0,0,0,7,16,8,21,0.1610252857208252,36,13,1,https://openalex.org/W1591274218
0,0,0,0,0,0,0,0,0.1713732481002807,7,0,1,https://openalex.org/W2021534230
0,0,0,0,0,0,0,0,0.1631336212158203,52,8,1,https://openalex.org/W1565066815
0,0,0,0,4,14,3,8,0.1546062231063842,38,8,1,https://openalex.org/W1967294538
0,0,0,0,8,30,1,7,0.1444603204727172,43,4,1,https://openalex.org/W1986755897
0,0,0,0,0,0,1,2,0.1389820575714111,39,6,1,https://openalex.org/W2147205300
0,0,0,0,8,23,9,18,0.1687914729118347,37,12,1,https://openalex.org/W2002834393
0,0,0,0,12,62,9,30,0.1922778487205505,56,12,1,https://openalex.org/W2024662602
0,0,0,0,0,0,0,0,0.3301806112302978,15,0,1,https://openalex.org/W1969466384
0,0,0,0,4,14,2,8,0.2287636407054948,27,8,1,https://openalex.org/W2123973720
0,0,0,0,3,7,4,13,0.1579236984252929,34,9,1,https://openalex.org/W2095461030
0,0,0,0,0,0,0,0,0.1048389673233032,6,3,1,https://openalex.org/W2079097983
0,0,1,6,0,0,1,2,0.1715314388275146,41,5,1,https://openalex.org/W123188105
0,0,0,0,4,16,9,27,0.1466023325920105,26,15,1,https://openalex.org/W2166171755
0,0,0,0,2,7,6,20,0.1314940452575683,41,13,1,https://openalex.org/W1970155905
0,0,0,0,4,15,0,0,0.2026934623718261,44,4,1,https://openalex.org/W2119981469
0,0,0,0,0,0,0,0,0.1690942049026489,29,8,1,https://openalex.org/W1993067437
0,0,1,2,10,37,12,26,0.144034206867218,42,13,1,https://openalex.org/W2168194054
1,4,1,3,9,21,9,23,0.1724109649658203,43,14,1,https://openalex.org/W2173243838
0,0,0,0,0,0,0,0,0.0846852660179138,7,3,1,https://openalex.org/W2143207899
0,0,0,0,0,0,2,6,0.2066313028335571,27,3,1,https://openalex.org/W2042092746
0,0,0,0,0,0,0,0,0.2054673433303833,15,0,1,https://openalex.org/W2057345464
0,0,1,3,0,0,6,137,0.1497758626937866,33,9,1,https://openalex.org/W2044554697
0,0,1,2,7,23,0,0,0.1414170582922423,28,8,1,https://openalex.org/W2076716399
0,0,0,0,0,0,12,35,0.2026322484016418,32,13,1,https://openalex.org/W1975933665
0,0,0,0,0,0,0,0,0.2387052091552223,28,4,1,https://openalex.org/W2003337112
1,2,0,0,5,12,0,0,0.1831595301628112,17,5,1,https://openalex.org/W2045180015
0,0,0,0,0,0,0,0,0.1860719919204712,25,3,1,https://openalex.org/W2034659648
0,0,0,0,17,60,5,27,0.1847216486930847,86,12,1,https://openalex.org/W1988851041
0,0,0,0,3,19,1,3,0.1930045485496521,30,7,1,https://openalex.org/W1976805027
0,0,0,0,9,34,2,7,0.1478996276855468,34,6,1,https://openalex.org/W2010977939
0,0,1,3,0,0,10,43,0.1130434274673462,35,17,1,https://openalex.org/W1991022829
0,0,0,0,4,16,0,0,0.1789816617965698,29,5,1,https://openalex.org/W2032504756
0,0,0,0,0,0,4,18,0.1709972620010376,17,6,1,https://openalex.org/W2096094315
0,0,0,0,7,55,0,0,0.1362763047218322,25,5,1,https://openalex.org/W2017384698
0,0,1,2,3,16,0,0,0.1564457416534423,54,8,1,https://openalex.org/W1977688508
0,0,0,0,0,0,0,0,0.2485246270981742,33,2,1,https://openalex.org/W2068524631
0,0,0,0,1,6,8,25,0.1417794227600097,36,15,1,https://openalex.org/W2068902651
0,0,0,0,0,0,0,0,0.1038563251495361,2,0,0,https://openalex.org/W2016250124
0,0,0,0,9,40,8,23,0.1103390455245971,77,16,1,https://openalex.org/W2001680003
0,0,0,0,0,0,0,0,0.1406037211418152,22,1,1,https://openalex.org/W1969128274
1,2,0,0,13,49,8,30,0.16645348072052,80,15,1,https://openalex.org/W1537390161
0,0,0,0,1,4,0,0,0.1550648808479309,37,7,1,https://openalex.org/W2124532131
0,0,0,0,0,0,0,0,0.2554782629013061,24,1,1,https://openalex.org/W1970280647
0,0,0,0,0,0,0,0,0.240384042263031,9,1,1,https://openalex.org/W1972633708
0,0,0,0,0,0,5,13,0.1606422066688537,37,12,1,https://openalex.org/W2031212885
0,0,0,0,0,0,1,2,0.3523529323622144,29,4,1,https://openalex.org/W2049895694
2,8,1,4,7,20,6,15,0.1981903910636902,13,9,1,https://openalex.org/W2334038599
0,0,0,0,5,20,0,0,0.1965775489807129,29,8,1,https://openalex.org/W2079396799
0,0,1,5,0,0,2,13,0.1524375081062317,37,13,1,https://openalex.org/W2162598075
0,0,2,7,2,4,5,11,0.1570160388946533,50,11,1,https://openalex.org/W2082223296
0,0,0,0,3,21,2,12,0.191360592842102,34,5,1,https://openalex.org/W2095070006
0,0,0,0,11,26,5,16,0.1666897535324096,46,15,1,https://openalex.org/W2097290812
0,0,1,3,28,148,3,15,0.1247010827064514,58,12,1,https://openalex.org/W2143349636
0,0,1,2,0,0,4,11,0.1922255158424377,41,17,1,https://openalex.org/W2080275009
0,0,1,2,4,16,0,0,0.1817528009414672,23,6,1,https://openalex.org/W2145021319
0,0,1,3,3,7,3,8,0.1858080625534057,24,9,1,https://openalex.org/W3121961800
0,0,0,0,6,18,3,6,0.2337763905525207,25,11,1,https://openalex.org/W2088831413
0,0,1,2,0,0,3,10,0.1958743333816528,43,8,1,https://openalex.org/W1990874443
0,0,0,0,1,4,3,21,0.2581870555877685,30,12,1,https://openalex.org/W2057655052
0,0,1,9,3,10,0,0,0.1533153653144836,37,3,1,https://openalex.org/W2095076133
0,0,0,0,17,47,13,35,0.157561182975769,42,13,1,https://openalex.org/W2056493144
0,0,0,0,13,87,4,26,0.2237735390663147,29,10,1,https://openalex.org/W2125133816
0,0,0,0,5,39,8,28,0.1850659847259521,40,16,1,https://openalex.org/W2186693368
0,0,0,0,7,18,2,5,0.1740847826004028,36,9,1,https://openalex.org/W1593532812
0,0,0,0,7,27,5,10,0.1217343807220459,41,15,1,https://openalex.org/W51587516
0,0,0,0,0,0,0,0,0.1130932569503784,1,1,1,https://openalex.org/W1989300231
0,0,0,0,22,162,5,11,0.1250407099723816,29,11,1,https://openalex.org/W4241957989
0,0,2,6,11,140,2,5,0.2006890773773193,36,7,1,https://openalex.org/W2022225014
0,0,0,0,14,52,1,2,0.1414104104042053,37,11,1,https://openalex.org/W1979875262
0,0,1,3,5,25,12,46,0.1268669962882995,43,16,1,https://openalex.org/W2059611977
0,0,0,0,11,61,12,33,0.1461843252182006,46,19,1,https://openalex.org/W2114153514
0,0,0,0,0,0,0,0,0.0958644151687622,2,1,0,https://openalex.org/W1480629010
0,0,0,0,0,0,7,35,0.131039559841156,32,8,1,https://openalex.org/W2054224290
0,0,1,2,4,12,8,23,0.1590358614921569,52,17,1,https://openalex.org/W2012323777
0,0,1,2,1,2,15,67,0.125392735004425,57,16,1,https://openalex.org/W1491592762
0,0,0,0,0,0,0,0,0.2135141491889953,17,1,1,https://openalex.org/W1546101667
0,0,0,0,3,20,3,15,0.152281105518341,21,10,1,https://openalex.org/W1994770445
0,0,0,0,0,0,2,15,0.2393442206751699,9,3,1,https://openalex.org/W3124836727
0,0,1,2,1,11,3,7,0.1662917733192443,36,10,1,https://openalex.org/W2045796517
0,0,0,0,1,2,12,46,0.1143451929092407,44,17,1,https://openalex.org/W1969179008
0,0,0,0,2,5,1,4,0.1506893634796142,24,9,1,https://openalex.org/W3124137655
0,0,0,0,0,0,0,0,0.1552704731475213,8,1,0,https://openalex.org/W2069706734
0,0,0,0,29,133,33,167,0.0452204942703247,65,28,1,https://openalex.org/W2007599963
1,3,0,0,5,14,2,4,0.1299786567687988,42,10,1,https://openalex.org/W2045488301
0,0,0,0,2,5,5,15,0.1791335344314575,54,12,1,https://openalex.org/W1972421118
0,0,0,0,3,11,4,13,0.1815753579139709,28,13,1,https://openalex.org/W1998326200
0,0,0,0,16,47,5,23,0.2021666765213012,50,13,1,https://openalex.org/W2072562607
0,0,0,0,13,47,12,35,0.0927422046661377,55,23,1,https://openalex.org/W2102758059
0,0,1,3,19,75,8,41,0.1816557645797729,72,21,1,https://openalex.org/W2096897763
0,0,0,0,0,0,0,0,0.1062508821487426,5,1,0,https://openalex.org/W2091275656
0,0,0,0,0,0,1,3,0.0627883672714233,38,5,1,https://openalex.org/W2052066503
0,0,0,0,5,25,2,11,0.1702416539192199,25,5,1,https://openalex.org/W2081576750
0,0,0,0,9,48,49,670,0.0984659194946289,52,30,1,https://openalex.org/W2087286107
0,0,0,0,0,0,0,0,0.1108140349388122,24,2,1,https://openalex.org/W2143254843
0,0,1,25,5,71,1,3,0.1450662016868591,34,7,1,https://openalex.org/W2156154042
0,0,0,0,0,0,0,0,0.1872910112730083,6,4,1,https://openalex.org/W3126016191
0,0,0,0,2,8,0,0,0.1194419264793396,37,8,1,https://openalex.org/W2063100425
0,0,0,0,0,0,0,0,0.1041079759597778,5,0,0,https://openalex.org/W2022275474
0,0,0,0,14,43,6,16,0.1149448156356811,45,16,1,https://openalex.org/W2918152315
0,0,0,0,1,2,1,2,0.1150698065757751,5,2,0,https://openalex.org/W2321027578
0,0,0,0,3,14,1,2,0.1495277285575866,26,7,1,https://openalex.org/W2071326002
0,0,0,0,8,55,4,25,0.2092636227607727,24,9,1,https://openalex.org/W2026912695
0,0,0,0,1,2,0,0,0.2241389155387878,23,3,1,https://openalex.org/W1991335422
0,0,0,0,22,100,6,18,0.2730253934860229,64,16,1,https://openalex.org/W2019611581
0,0,0,0,5,18,5,14,0.1878233551979065,30,9,1,https://openalex.org/W2046047307
0,0,1,2,13,88,11,30,0.227931797504425,47,15,1,https://openalex.org/W1997333033
0,0,0,0,1,2,0,0,0.1627014279365539,33,3,1,https://openalex.org/W2028210159
0,0,1,3,8,40,10,25,0.1579328775405883,63,12,1,https://openalex.org/W2095792714
0,0,0,0,2,6,5,18,0.1778329014778137,31,9,1,https://openalex.org/W2120205148
0,0,0,0,0,0,0,0,0.1483314633369445,27,4,1,https://openalex.org/W2033736649
0,0,0,0,7,28,7,67,0.1785918474197387,33,11,1,https://openalex.org/W2025471179
0,0,1,2,5,14,1,2,0.1803284287452697,21,5,1,https://openalex.org/W2016091081
0,0,0,0,1,3,2,4,0.172989547252655,26,6,1,https://openalex.org/W2000217383
0,0,0,0,0,0,1,4,0.214112639427185,22,3,1,https://openalex.org/W2118186909
0,0,0,0,0,0,0,0,0.069621205329895,5,2,0,https://openalex.org/W2056733705
0,0,0,0,2,8,0,0,0.1429200768470764,36,11,1,https://openalex.org/W2158000828
0,0,0,0,0,0,0,0,0.1388517618179321,27,9,1,https://openalex.org/W2148864034
0,0,0,0,0,0,0,0,0.2056764364242553,12,0,1,https://openalex.org/W2164016869
0,0,0,0,3,9,0,0,0.1209477186203002,37,6,1,https://openalex.org/W2071760843
0,0,0,0,0,0,0,0,0.1484112739562988,4,0,1,https://openalex.org/W2169341591
0,0,0,0,0,0,1,2,0.22611665725708,8,2,1,https://openalex.org/W1991263951
0,0,0,0,16,76,0,0,0.175255000591278,38,4,1,https://openalex.org/W2171042519
0,0,0,0,1,2,0,0,0.1762574315071106,15,3,1,https://openalex.org/W2091209592
0,0,0,0,0,0,0,0,0.1177535057067871,10,1,1,https://openalex.org/W1988200275
0,0,1,2,11,53,1,3,0.1753436923027038,34,8,1,https://openalex.org/W250232057
0,0,0,0,0,0,0,0,0.162016749382019,19,1,1,https://openalex.org/W2080120874
0,0,0,0,3,36,0,0,0.2072121500968933,29,6,1,https://openalex.org/W2121583048
0,0,0,0,20,383,41,301,0.1271827220916748,42,20,1,https://openalex.org/W2098660565
0,0,1,10,9,117,6,23,0.1072831153869628,42,13,1,https://openalex.org/W2088661135
0,0,0,0,6,20,4,12,0.1732906699180603,30,6,1,https://openalex.org/W2120310725
0,0,2,9,16,103,8,44,0.1769771575927734,33,12,1,https://openalex.org/W2067889769
0,0,0,0,21,117,5,33,0.1176257729530334,56,10,1,https://openalex.org/W2156822152
0,0,0,0,0,0,2,5,0.1553676724433899,28,6,1,https://openalex.org/W2059465966
0,0,1,2,1,3,0,0,0.199690580368042,14,8,1,https://openalex.org/W3123027312
0,0,0,0,0,0,0,0,0.1379066705703735,46,5,1,https://openalex.org/W2114478907
0,0,0,0,3,11,3,10,0.1586799621582031,44,9,1,https://openalex.org/W2156445140
0,0,0,0,0,0,0,0,0.1733800172805786,11,4,0,https://openalex.org/W2075007523
0,0,0,0,0,0,11,37,0.12918221950531,33,11,1,https://openalex.org/W2245467532
0,0,0,0,0,0,0,0,0.2006052136421203,19,4,1,https://openalex.org/W2092985594
0,0,0,0,41,161,23,83,0.1093828082084655,68,16,1,https://openalex.org/W2016195946
0,0,1,119,32,344,1,2,0.1167237758636474,46,3,1,https://openalex.org/W1963997091
0,0,0,0,0,0,0,0,0.1221667528152465,21,3,1,https://openalex.org/W2132950535
0,0,0,0,0,0,0,0,0.1253663301467895,8,0,1,https://openalex.org/W2138865281
0,0,0,0,0,0,0,0,0.1829936504364013,24,4,1,https://openalex.org/W2057191718
0,0,0,0,10,43,8,32,0.2176847457885742,24,10,1,https://openalex.org/W3123018664
0,0,0,0,39,139,6,30,0.1216702461242675,56,19,1,https://openalex.org/W2123233170
0,0,0,0,3,8,5,12,0.1777682304382324,55,21,1,https://openalex.org/W2055456505
0,0,0,0,0,0,0,0,0.2469874949515768,24,2,1,https://openalex.org/W2057349952
0,0,0,0,1,2,2,4,0.205071210861206,23,10,1,https://openalex.org/W2113638688
0,0,0,0,3,15,9,26,0.1491670608520507,54,15,1,https://openalex.org/W2178006028
0,0,0,0,0,0,4,17,0.1780034303665161,17,10,1,https://openalex.org/W2062269398
0,0,0,0,0,0,1,4,0.1873533725738525,31,5,1,https://openalex.org/W2013612260
0,0,0,0,7,41,5,22,0.1192528009414672,35,12,1,https://openalex.org/W2046653781
0,0,0,0,1,2,0,0,0.2010594010353088,19,3,1,https://openalex.org/W2160791177
0,0,0,0,2,5,2,4,0.1636157631874084,33,12,1,https://openalex.org/W2060531155
0,0,0,0,0,0,0,0,0.1243617534637451,2,2,1,https://openalex.org/W2320939199
0,0,0,0,0,0,0,0,0.2591273188591003,19,3,1,https://openalex.org/W2028928784
0,0,0,0,0,0,3,6,0.1839629411697387,47,7,1,https://openalex.org/W2166574310
0,0,2,5,0,0,8,37,0.2015472650527954,42,12,1,https://openalex.org/W2058221139
0,0,0,0,3,8,0,0,0.1656908988952636,45,6,1,https://openalex.org/W2062991844
0,0,0,0,19,70,15,42,0.2516436576843261,51,17,1,https://openalex.org/W1987685696
0,0,0,0,0,0,0,0,0.2531622052192688,18,4,1,https://openalex.org/W1997281108
0,0,0,0,1,2,1,2,0.1609155535697937,16,3,1,https://openalex.org/W2042760918
0,0,0,0,1,2,0,0,0.1523415446281433,33,4,1,https://openalex.org/W2050719102
0,0,0,0,1,9,4,12,0.1724170446395874,31,14,1,https://openalex.org/W2087304150
0,0,0,0,1,3,1,3,0.2162573933601379,25,6,1,https://openalex.org/W2044790349
0,0,0,0,0,0,1,2,0.182262122631073,31,4,1,https://openalex.org/W2068800722
0,0,0,0,1,13,2,6,0.1362619400024414,43,12,1,https://openalex.org/W2071791926
0,0,0,0,1,6,0,0,0.1566879749298095,14,3,1,https://openalex.org/W2111567137
0,0,0,0,0,0,1,2,0.1566470861434936,30,9,1,https://openalex.org/W2117564543
0,0,0,0,7,28,1,2,0.2581846076498493,25,13,1,https://openalex.org/W1973477539
0,0,0,0,0,0,0,0,0.1635738611221313,26,5,1,https://openalex.org/W2021662852
0,0,0,0,1,2,3,31,0.2282145774628441,27,7,1,https://openalex.org/W1999532581
0,0,0,0,7,24,24,69,0.1545192599296569,40,21,1,https://openalex.org/W1984127044
0,0,0,0,2,9,2,36,0.2367717623710632,31,8,1,https://openalex.org/W2008070236
0,0,0,0,10,88,1,4,0.1656192541122436,37,9,1,https://openalex.org/W2081983781
0,0,0,0,1,2,0,0,0.220700979232788,20,5,1,https://openalex.org/W2115771556
0,0,0,0,0,0,0,0,0.1553410291671753,2,0,0,https://openalex.org/W2022822346
0,0,0,0,4,19,0,0,0.1315714120864868,27,6,1,https://openalex.org/W2047398321
0,0,0,0,14,88,9,31,0.2105878591537475,65,14,1,https://openalex.org/W4255902136
0,0,0,0,0,0,0,0,0.1900690197944641,15,3,1,https://openalex.org/W1974377638
0,0,0,0,0,0,1,3,0.0868703722953796,4,2,0,https://openalex.org/W1977473655
0,0,0,0,15,60,1,3,0.139955461025238,31,8,1,https://openalex.org/W1523600018
0,0,0,0,0,0,7,30,0.155206561088562,45,12,1,https://openalex.org/W1983075782
0,0,1,4,1,7,6,37,0.2066009640693664,19,10,1,https://openalex.org/W2009034484
0,0,0,0,0,0,0,0,0.1922347545623779,3,0,0,https://openalex.org/W2027691946
0,0,0,0,0,0,0,0,0.1719815135002136,16,3,1,https://openalex.org/W2115580267
0,0,0,0,2,22,0,0,0.2394385337829589,19,2,1,https://openalex.org/W2147059402
0,0,1,5,2,48,0,0,0.2134847640991211,10,5,1,https://openalex.org/W3020131824
0,0,0,0,1,5,0,0,0.1643284559249878,10,4,1,https://openalex.org/W1971636685
0,0,0,0,2,5,1,3,0.1496800184249878,9,5,1,https://openalex.org/W1984922799
0,0,1,2,25,105,1,2,0.2368342280387878,51,7,1,https://openalex.org/W1992077445
0,0,0,0,0,0,7,23,0.0866918563842773,42,16,1,https://openalex.org/W2028751730
0,0,1,2,20,76,33,878,0.1632678508758545,51,20,1,https://openalex.org/W1994300791
0,0,0,0,0,0,0,0,0.1556935310363769,37,4,1,https://openalex.org/W2089212539
0,0,0,0,0,0,0,0,0.1330310702323913,31,4,1,https://openalex.org/W2032339638
0,0,0,0,0,0,4,17,0.1374480724334716,33,9,1,https://openalex.org/W2024583629
0,0,0,0,0,0,0,0,0.1847313046455383,36,4,1,https://openalex.org/W2078083500
0,0,0,0,0,0,0,0,0.1204237341880798,35,6,1,https://openalex.org/W1970517601
0,0,0,0,7,51,2,4,0.1848104000091552,39,10,1,https://openalex.org/W1991965697
0,0,0,0,0,0,0,0,0.1971328258514404,34,4,1,https://openalex.org/W2142996576
0,0,0,0,0,0,0,0,0.1643705368041992,14,4,0,https://openalex.org/W2163392396
0,0,0,0,0,0,2,7,0.1597712039947509,65,10,1,https://openalex.org/W1500119169
1,4,1,3,22,116,15,45,0.2410506010055542,38,18,1,https://openalex.org/W2031617170
0,0,0,0,0,0,2,6,0.1382994651794433,55,6,1,https://openalex.org/W2071258161
0,0,2,7,4,32,5,26,0.1667239665985107,40,12,1,https://openalex.org/W1497558812
0,0,0,0,0,0,1,2,0.1830464601516723,40,9,1,https://openalex.org/W1990941713
0,0,0,0,2,6,0,0,0.1475021839141845,47,6,1,https://openalex.org/W1563186942
0,0,0,0,0,0,0,0,0.1480180025100708,9,0,1,https://openalex.org/W1971107932
0,0,0,0,22,99,4,11,0.1870977878570557,31,14,1,https://openalex.org/W1526367710
0,0,0,0,0,0,0,0,0.0943849682807922,6,1,0,https://openalex.org/W2071408060
0,0,0,0,47,231,47,126,0.1188673973083496,45,25,1,https://openalex.org/W1980604115
0,0,0,0,0,0,0,0,0.156490683555603,36,8,1,https://openalex.org/W2123891684
0,0,0,0,18,71,21,52,0.2201449871063232,74,22,1,https://openalex.org/W1970674646
0,0,0,0,1,5,4,28,0.1869550943374633,41,7,1,https://openalex.org/W1978868243
0,0,1,5,1,4,1,2,0.1544742584228515,24,5,1,https://openalex.org/W2027721741
0,0,1,2,5,11,2,4,0.1475077271461486,26,8,1,https://openalex.org/W2096718245
0,0,1,2,11,24,6,15,0.2065073251724243,12,6,1,https://openalex.org/W2021964906
0,0,0,0,0,0,0,0,0.123317003250122,5,1,1,https://openalex.org/W2089594960
0,0,0,0,0,0,0,0,0.1573546528816223,20,4,1,https://openalex.org/W2084733308
0,0,0,0,1,2,5,16,0.1639701128005981,32,12,1,https://openalex.org/W2044432867
0,0,0,0,0,0,2,13,0.1738117933273315,73,7,1,https://openalex.org/W2056043441
0,0,1,2,7,20,1,2,0.2488014698028564,25,6,1,https://openalex.org/W1853631770
0,0,1,3,17,75,5,12,0.1926569938659668,36,11,1,https://openalex.org/W1517766195
0,0,0,0,4,21,30,94,0.1651057600975036,76,26,1,https://openalex.org/W1989969345
0,0,1,3,4,19,22,55,0.1371617317199707,62,15,1,https://openalex.org/W2045805484
0,0,0,0,5,19,19,46,0.1981648206710815,35,8,1,https://openalex.org/W2233985917
0,0,0,0,0,0,0,0,0.109486699104309,42,9,1,https://openalex.org/W2019408632
0,0,0,0,3,7,5,56,0.1326949000358581,40,8,1,https://openalex.org/W2049543215
0,0,0,0,0,0,0,0,0.1639081239700317,7,1,0,https://openalex.org/W1991310618
0,0,0,0,0,0,4,20,0.1718006730079651,32,12,1,https://openalex.org/W2164935846
0,0,1,3,7,393,30,341,0.0974029302597046,39,20,1,https://openalex.org/W2163266727
0,0,1,3,8,21,10,65,0.115824282169342,42,17,1,https://openalex.org/W2116030510
0,0,0,0,3,42,1,4,0.1637031435966491,40,3,1,https://openalex.org/W2073048552
0,0,0,0,0,0,0,0,0.1069464683532714,3,1,1,https://openalex.org/W1508726954
0,0,0,0,0,0,3,9,0.1482417583465576,40,11,1,https://openalex.org/W2030385035
0,0,0,0,3,8,4,17,0.2336260080337524,35,10,1,https://openalex.org/W2066659825
0,0,0,0,0,0,0,0,0.1451247930526733,4,1,1,https://openalex.org/W2041133414
0,0,0,0,5,17,0,0,0.1624003648757934,40,3,1,https://openalex.org/W2090007240
0,0,2,4,39,124,17,50,0.1557837724685669,77,17,1,https://openalex.org/W2105217490
0,0,0,0,0,0,0,0,0.0550203919410705,4,1,1,https://openalex.org/W2033157715
0,0,1,4,17,78,6,14,0.122086763381958,40,10,1,https://openalex.org/W1577281789
0,0,0,0,0,0,0,0,0.0840330123901367,7,1,0,https://openalex.org/W1768836102
0,0,0,0,0,0,0,0,0.1298539638519287,2,0,0,https://openalex.org/W2072919920
0,0,0,0,0,0,0,0,0.0986606478691101,2,1,0,https://openalex.org/W2088150361
0,0,0,0,0,0,0,0,0.2015023231506347,24,3,1,https://openalex.org/W1481111992
0,0,1,3,0,0,0,0,0.203596830368042,30,8,1,https://openalex.org/W1972377881
0,0,0,0,0,0,0,0,0.1808578372001648,4,2,0,https://openalex.org/W2011057205
0,0,0,0,3,38,8,27,0.198816180229187,43,15,1,https://openalex.org/W1985858115
0,0,0,0,0,0,0,0,0.1309478282928466,12,1,1,https://openalex.org/W2001607956
0,0,0,0,13,75,7,29,0.1608670353889465,40,7,1,https://openalex.org/W2149142441
0,0,1,2,3,25,8,30,0.1795207262039184,32,10,1,https://openalex.org/W2015443460
0,0,0,0,0,0,2,7,0.1942028999328613,47,7,1,https://openalex.org/W2115304243
0,0,0,0,0,0,1,36,0.1524354219436645,25,4,1,https://openalex.org/W2130469854
0,0,0,0,0,0,0,0,0.0495417714118957,4,1,1,https://openalex.org/W1999807140
0,0,0,0,15,204,21,194,0.1763604879379272,59,16,1,https://openalex.org/W2059601599
0,0,0,0,11,37,16,71,0.1191679239273071,54,17,1,https://openalex.org/W2029801927
0,0,2,38,25,156,6,52,0.1692062616348266,41,11,1,https://openalex.org/W2150137766
1,15,1,2,8,41,3,6,0.1871894001960754,20,5,1,https://openalex.org/W2026306693
0,0,0,0,3,6,2,4,0.1481719017028808,23,9,1,https://openalex.org/W2039656488
0,0,0,0,0,0,0,0,0.1019961833953857,6,0,0,https://openalex.org/W2079323349
0,0,0,0,0,0,0,0,0.0944595336914062,1,1,1,https://openalex.org/W2077062538
0,0,0,0,1,2,0,0,0.1786707639694214,25,5,1,https://openalex.org/W2106950236
0,0,0,0,0,0,6,13,0.2615970373153686,33,14,1,https://openalex.org/W2019833972
0,0,0,0,1,3,1,3,0.254315435886383,25,4,1,https://openalex.org/W2057036851
0,0,0,0,0,0,0,0,0.1655846238136291,15,4,1,https://openalex.org/W2005206755
0,0,0,0,0,0,0,0,0.1621868313788904,42,5,1,https://openalex.org/W2077006731
0,0,0,0,9,32,0,0,0.1943053603172302,40,8,1,https://openalex.org/W1990114073
0,0,1,2,7,209,9,53,0.2249401211738586,30,13,1,https://openalex.org/W2088234911
0,0,0,0,0,0,1,3,0.1612017750740051,14,6,1,https://openalex.org/W1978745505
0,0,1,3,18,89,18,53,0.1564835309982299,55,16,1,https://openalex.org/W2084216179
0,0,1,3,0,0,0,0,0.1901087760925293,16,3,1,https://openalex.org/W2080183726
0,0,1,8,4,14,0,0,0.1548407673835754,23,5,1,https://openalex.org/W2170894436
0,0,0,0,14,43,2,8,0.1351089477539062,60,5,1,https://openalex.org/W2063232323
0,0,0,0,0,0,1,12,0.1433282494544983,23,6,1,https://openalex.org/W2053035282
2,4,3,9,259,760,27,86,0.2107516527175903,138,60,1,https://openalex.org/W2011431818
0,0,0,0,2,8,1,3,0.1558508276939392,42,3,1,https://openalex.org/W2166116069
0,0,0,0,2,9,1,2,0.1999310255050659,31,8,1,https://openalex.org/W2153421399
0,0,1,5,7,17,6,17,0.2097092866897583,38,16,1,https://openalex.org/W1988944074
0,0,1,5,7,29,2,5,0.1361305713653564,32,10,1,https://openalex.org/W2072938795
0,0,0,0,13,154,16,45,0.2993030960070394,53,21,1,https://openalex.org/W2047328133
0,0,0,0,9,32,1,3,0.1242874264717102,39,6,1,https://openalex.org/W2040282232
0,0,0,0,0,0,9,40,0.1375352144241333,36,10,1,https://openalex.org/W2008495597
1,11,1,2,26,74,3,12,0.1670607924461364,59,12,1,https://openalex.org/W2095547438
0,0,0,0,3,8,6,13,0.1489819288253784,36,7,1,https://openalex.org/W2008551017
0,0,0,0,0,0,0,0,0.2098735570907592,26,8,1,https://openalex.org/W2011166342
0,0,0,0,0,0,0,0,0.0952113270759582,30,9,1,https://openalex.org/W1995983897
0,0,0,0,0,0,0,0,0.163131833076477,30,5,1,https://openalex.org/W2019687188
0,0,0,0,14,45,2,5,0.1764675378799438,34,10,1,https://openalex.org/W2160572476
0,0,0,0,3,7,5,20,0.1557050943374633,44,13,1,https://openalex.org/W2111852263
0,0,0,0,0,0,0,0,0.1382585763931274,21,6,1,https://openalex.org/W2152992662
0,0,0,0,0,0,0,0,0.1393865346908569,5,0,1,https://openalex.org/W1981201515
0,0,0,0,0,0,0,0,0.073722243309021,4,1,1,https://openalex.org/W1988919376
0,0,1,5,24,124,5,12,0.2244235277175903,31,6,1,https://openalex.org/W2066879255
0,0,0,0,0,0,0,0,0.1689578890800476,25,4,1,https://openalex.org/W2091141053
0,0,0,0,18,77,5,21,0.1261451840400695,61,13,1,https://openalex.org/W2114645742
0,0,0,0,1,7,1,2,0.1993119716644287,39,5,1,https://openalex.org/W2142300264
0,0,0,0,0,0,2,4,0.2282696962356567,32,6,1,https://openalex.org/W2062176249
0,0,2,9,3,7,5,12,0.1655886173248291,37,13,1,https://openalex.org/W1969563432
0,0,2,11,11,87,23,108,0.1377717852592468,50,26,1,https://openalex.org/W2069275215
0,0,0,0,0,0,0,0,0.1082738637924194,7,1,1,https://openalex.org/W2050008940
0,0,0,0,6,17,1,2,0.2476657032966613,18,4,1,https://openalex.org/W2314589423
0,0,0,0,0,0,0,0,0.0539413094520568,5,0,0,https://openalex.org/W1992449308
0,0,0,0,0,0,0,0,0.1501910090446472,23,5,1,https://openalex.org/W2006998789
0,0,2,5,3,11,6,22,0.1822620630264282,30,13,1,https://openalex.org/W2013439435
0,0,0,0,3,6,8,20,0.1745098829269409,38,13,1,https://openalex.org/W2083245898
0,0,0,0,4,13,2,8,0.1855493783950805,54,10,1,https://openalex.org/W2037303969
0,0,0,0,2,5,6,74,0.1817293763160705,49,16,1,https://openalex.org/W2050981169
0,0,0,0,0,0,0,0,0.1247265338897705,30,2,1,https://openalex.org/W3022296297
0,0,2,4,12,49,12,32,0.1659585237503051,35,15,1,https://openalex.org/W1964406403
0,0,0,0,0,0,0,0,0.113699983999389,5,1,0,https://openalex.org/W1986949592
0,0,1,2,15,60,4,11,0.1866607666015625,39,14,1,https://openalex.org/W2138384271
0,0,0,0,66,292,16,62,0.1630516052246093,50,15,1,https://openalex.org/W2161955891
0,0,0,0,4,19,3,6,0.1947420239448547,23,5,1,https://openalex.org/W2000119886
0,0,0,0,3,15,1,2,0.2362467050552368,32,9,1,https://openalex.org/W2108844438
0,0,0,0,0,0,1,2,0.1885125637054443,30,5,1,https://openalex.org/W1967927965
0,0,1,3,21,74,0,0,0.2131412625312805,29,7,1,https://openalex.org/W2052837763
0,0,1,3,5,11,1,2,0.2382609844207763,43,7,1,https://openalex.org/W2075111879
0,0,0,0,4,14,4,8,0.1884241700172424,41,9,1,https://openalex.org/W2082850053
0,0,0,0,8,25,2,4,0.2056065797805786,30,12,1,https://openalex.org/W1991908812
0,0,0,0,3,37,8,23,0.145936369895935,50,17,1,https://openalex.org/W2011737340
1,3,1,3,15,36,3,6,0.1608838438987732,39,13,1,https://openalex.org/W2065006755
1,2,0,0,6,23,0,0,0.2120929360389709,29,5,1,https://openalex.org/W2159346960
0,0,0,0,0,0,0,0,0.1731413006782531,21,3,1,https://openalex.org/W2087647435
0,0,0,0,5,20,0,0,0.1511850953102111,32,6,1,https://openalex.org/W2012195272
0,0,0,0,0,0,0,0,0.0506629943847656,3,0,1,https://openalex.org/W2062065274
0,0,0,0,0,0,0,0,0.0533581376075744,5,2,0,https://openalex.org/W1989911733
0,0,0,0,0,0,0,0,0.0880020260810852,2,1,0,https://openalex.org/W2065145736
0,0,0,0,17,89,2,4,0.1061566472053527,52,11,1,https://openalex.org/W2147899005
0,0,2,6,56,194,4,10,0.131962776184082,57,21,1,https://openalex.org/W1999757391
0,0,0,0,0,0,3,17,0.1446673274040222,32,8,1,https://openalex.org/W2058766293
0,0,0,0,0,0,1,3,0.2003581523895263,37,8,1,https://openalex.org/W2035082534
0,0,0,0,2,8,4,17,0.1727067232131958,32,10,1,https://openalex.org/W2037656190
0,0,0,0,2,34,15,56,0.2233359813690185,52,16,1,https://openalex.org/W2019641891
0,0,1,6,3,9,14,45,0.1201035976409912,53,15,1,https://openalex.org/W1996891827
0,0,1,40,0,0,0,0,0.1167702078819274,8,2,0,https://openalex.org/W2100573451
0,0,0,0,2,9,1,2,0.1046444177627563,8,3,0,https://openalex.org/W2067275569
0,0,0,0,0,0,0,0,0.1346720457077026,7,1,0,https://openalex.org/W2062268135
0,0,0,0,0,0,0,0,0.1075708866119384,6,3,0,https://openalex.org/W2078293357
0,0,0,0,0,0,0,0,0.0808611512184143,6,2,0,https://openalex.org/W1978604608
0,0,0,0,5,19,19,59,0.1002591252326965,31,16,1,https://openalex.org/W2157226692
0,0,1,2,12,56,3,9,0.2004008293151855,37,9,1,https://openalex.org/W2161251700
0,0,0,0,1,3,0,0,0.1575230360031128,7,2,1,https://openalex.org/W2047389433
0,0,0,0,0,0,0,0,0.144980788230896,40,6,1,https://openalex.org/W2153878212
0,0,0,0,21,94,28,96,0.1336792111396789,59,28,1,https://openalex.org/W2092238643
0,0,0,0,0,0,0,0,0.1124547719955444,2,1,0,https://openalex.org/W2079792481
0,0,0,0,0,0,0,0,0.1764885187149048,8,1,0,https://openalex.org/W2058254191
0,0,0,0,11,36,2,5,0.1567754745483398,36,6,1,https://openalex.org/W2151454265
0,0,1,2,3,30,3,7,0.1290246248245239,52,13,1,https://openalex.org/W1517895055
0,0,0,0,0,0,4,10,0.1854835748672485,40,9,1,https://openalex.org/W1552542971
0,0,1,3,1,2,0,0,0.1795895099639892,35,8,1,https://openalex.org/W2040040267
0,0,0,0,16,174,13,31,0.149160087108612,47,13,1,https://openalex.org/W1980013049
0,0,0,0,16,74,10,27,0.1347752809524536,42,15,1,https://openalex.org/W2027230578
0,0,0,0,0,0,0,0,0.2144634127616882,16,2,1,https://openalex.org/W4251385712
0,0,0,0,3,27,0,0,0.2267987728118896,8,2,0,https://openalex.org/W1974015069
0,0,1,7,6,17,0,0,0.1710726618766784,57,8,1,https://openalex.org/W2152054214
0,0,1,2,8,37,3,7,0.1619642972946167,26,6,1,https://openalex.org/W2039316214
0,0,1,2,0,0,1,3,0.1529937386512756,50,8,1,https://openalex.org/W2159844393
0,0,0,0,11,40,1,3,0.1416032910346985,42,6,1,https://openalex.org/W2121642713
0,0,0,0,0,0,0,0,0.1499028205871582,7,1,1,https://openalex.org/W1971018989
0,0,0,0,18,71,37,136,0.0926015377044677,63,31,1,https://openalex.org/W2047149740
0,0,0,0,0,0,0,0,0.1093062162399292,6,2,0,https://openalex.org/W2049175689
0,0,0,0,0,0,1,2,0.1471733450889587,17,2,1,https://openalex.org/W2104065472
0,0,0,0,7,37,5,14,0.0883088707923889,55,13,1,https://openalex.org/W2169849920
0,0,0,0,4,26,7,21,0.164814293384552,56,12,1,https://openalex.org/W2064802716
0,0,0,0,0,0,11,25,0.1665349006652832,33,14,1,https://openalex.org/W1996157435
0,0,0,0,5,41,14,68,0.1429286003112793,60,16,1,https://openalex.org/W3124160574
0,0,0,0,0,0,3,7,0.1483319997787475,32,6,1,https://openalex.org/W2091136761
0,0,2,7,30,113,18,51,0.1175883412361145,52,20,1,https://openalex.org/W1996043991
0,0,0,0,0,0,7,18,0.2335634231567382,25,6,1,https://openalex.org/W1561288701
0,0,0,0,1,3,1,3,0.2104904651641845,25,7,1,https://openalex.org/W2061956344
0,0,0,0,4,15,1,3,0.2249554395675659,29,8,1,https://openalex.org/W2061524055
0,0,0,0,2,33,0,0,0.1891498565673828,36,7,1,https://openalex.org/W2014596548
0,0,0,0,1,13,0,0,0.2511653900146484,16,5,1,https://openalex.org/W2144032325
0,0,0,0,49,203,30,104,0.1093108654022216,51,25,1,https://openalex.org/W2158467407
0,0,0,0,5,18,24,74,0.0926812291145324,42,20,1,https://openalex.org/W1998294407
1,16,0,0,36,210,6,21,0.0918511748313903,40,12,1,https://openalex.org/W2070830136
0,0,0,0,43,140,15,35,0.1591641902923584,87,15,1,https://openalex.org/W2038461311
0,0,1,3,27,92,5,14,0.1865443587303161,34,17,1,https://openalex.org/W2081564062
0,0,1,6,4,15,1,3,0.21382737159729,22,6,1,https://openalex.org/W2090752345
0,0,0,0,0,0,0,0,0.0997891426086425,3,2,1,https://openalex.org/W1972409753
0,0,0,0,0,0,0,0,0.0859855413436889,6,2,0,https://openalex.org/W2021798146
0,0,1,6,3,12,5,11,0.1724092364311218,32,13,1,https://openalex.org/W2158382349
0,0,0,0,0,0,0,0,0.1526720523834228,30,3,1,https://openalex.org/W1975608725
0,0,0,0,0,0,0,0,0.1545221805572509,15,2,1,https://openalex.org/W2165570190
0,0,0,0,2,5,0,0,0.1354562640190124,33,6,1,https://openalex.org/W2142949458
0,0,0,0,1,9,5,29,0.1254676580429077,32,9,1,https://openalex.org/W2042733986
0,0,0,0,0,0,0,0,0.0851050615310669,2,1,1,https://openalex.org/W2158160664
0,0,0,0,1,4,2,19,0.1497871279716491,33,4,1,https://openalex.org/W1994980673
0,0,0,0,7,22,4,29,0.1490978598594665,40,11,1,https://openalex.org/W2072344347
0,0,0,0,7,22,7,36,0.1892459988594055,47,12,1,https://openalex.org/W2061825374
0,0,0,0,12,40,5,10,0.1951332092285156,34,12,1,https://openalex.org/W3121775245
0,0,0,0,0,0,6,16,0.1435669660568237,59,14,1,https://openalex.org/W2079445333
0,0,0,0,4,26,2,9,0.1576408743858337,49,12,1,https://openalex.org/W2050192473
0,0,0,0,3,13,2,8,0.1633113622665405,33,10,1,https://openalex.org/W2146548516
0,0,1,5,2,4,1,2,0.206961989402771,38,14,1,https://openalex.org/W2040503182
0,0,0,0,7,19,8,20,0.1554553508758545,35,22,1,https://openalex.org/W2087499742
0,0,0,0,1,2,0,0,0.205958604812622,30,5,1,https://openalex.org/W2116806956
0,0,0,0,6,22,4,17,0.1613751649856567,30,10,1,https://openalex.org/W2125507866
0,0,0,0,0,0,0,0,0.1218811273574829,6,2,0,https://openalex.org/W1584264522
0,0,0,0,0,0,0,0,0.1617884039878845,45,5,1,https://openalex.org/W1548158219
0,0,0,0,0,0,0,0,0.1016873121261596,5,2,0,https://openalex.org/W2116849266
0,0,0,0,2,18,25,377,0.0699262619018554,38,22,1,https://openalex.org/W1520325625
0,0,0,0,0,0,0,0,0.1721261143684387,12,1,1,https://openalex.org/W1985923955
0,0,0,0,0,0,2,4,0.1994505510819976,36,9,1,https://openalex.org/W2011305947
0,0,0,0,1,2,1,2,0.188615256965809,39,5,1,https://openalex.org/W2076403930
0,0,0,0,1,2,3,11,0.1522342562675476,34,8,1,https://openalex.org/W2038277237
0,0,0,0,29,100,16,50,0.2334142923355102,55,22,1,https://openalex.org/W2171054300
0,0,0,0,0,0,0,0,0.121022343635559,3,0,0,https://openalex.org/W2050956131
1,2,0,0,26,78,14,33,0.1399075984954834,44,17,1,https://openalex.org/W2171823925
0,0,0,0,6,34,3,8,0.1727466583251953,18,8,1,https://openalex.org/W2082751499
0,0,0,0,0,0,0,0,0.0667324066162109,3,0,0,https://openalex.org/W2086504829
0,0,0,0,1,4,1,2,0.1116358637809753,11,3,0,https://openalex.org/W2092116307
0,0,1,2,0,0,0,0,0.1647812724113464,18,1,1,https://openalex.org/W2026974405
0,0,0,0,0,0,0,0,0.1975934505462646,20,0,1,https://openalex.org/W2009124448
0,0,0,0,4,37,1,8,0.169448435306549,27,5,1,https://openalex.org/W2051365428
0,0,0,0,0,0,0,0,0.1195578575134277,5,1,1,https://openalex.org/W1971665890
0,0,0,0,6,12,5,24,0.2425041424355118,47,12,1,https://openalex.org/W2043425450
0,0,0,0,1,6,2,5,0.1515058279037475,23,7,1,https://openalex.org/W2158224952
0,0,1,2,4,21,4,10,0.1752502918243408,29,12,1,https://openalex.org/W2081651386
0,0,0,0,0,0,6,48,0.1709926724433899,36,13,1,https://openalex.org/W2037416413
0,0,0,0,0,0,0,0,0.0501815676689147,7,1,0,https://openalex.org/W2081875929
0,0,0,0,35,413,2,4,0.1293988823890686,52,9,1,https://openalex.org/W2012965999
0,0,0,0,2,9,2,4,0.1632561683654785,26,6,1,https://openalex.org/W2074441423
0,0,0,0,2,8,0,0,0.1359427571296692,34,3,1,https://openalex.org/W2020825625
0,0,0,0,3,9,1,2,0.1575807929039001,38,5,1,https://openalex.org/W2006435360
0,0,0,0,1,4,5,24,0.1512096524238586,38,12,1,https://openalex.org/W2023263116
0,0,1,6,2,26,0,0,0.1919841766357422,28,6,1,https://openalex.org/W2055205013
0,0,0,0,4,11,2,5,0.2768706083297729,27,7,1,https://openalex.org/W4244078212
0,0,0,0,0,0,0,0,0.1624631881713867,21,2,1,https://openalex.org/W1988846971
0,0,1,3,2,5,0,0,0.1432514190673828,31,7,1,https://openalex.org/W2049074085
0,0,0,0,0,0,0,0,0.1081032752990722,2,1,1,https://openalex.org/W2161138149
0,0,1,5,2,7,1,2,0.1614863872528076,57,7,1,https://openalex.org/W1975744444
0,0,0,0,0,0,8,21,0.1393594741821289,42,11,1,https://openalex.org/W2085516454
0,0,0,0,9,44,1,3,0.1559572219848632,41,12,1,https://openalex.org/W2046491093
0,0,2,4,6,29,2,4,0.1489280462265014,55,11,1,https://openalex.org/W2035307867
1,2,1,2,28,117,10,26,0.1879754066467285,53,18,1,https://openalex.org/W3124575759
0,0,2,9,8,44,5,21,0.1314010024070739,28,8,1,https://openalex.org/W1984226206
0,0,0,0,0,0,0,0,0.1939127297510641,5,1,1,https://openalex.org/W2043583957
0,0,0,0,8,22,1,4,0.1697534918785095,25,10,1,https://openalex.org/W1990960936
2,5,1,2,156,416,29,78,0.1682029962539672,89,33,1,https://openalex.org/W1995162211
0,0,0,0,0,0,1,2,0.1408865451812744,6,2,0,https://openalex.org/W2015549928
0,0,2,5,3,6,2,4,0.0965384840965271,21,10,1,https://openalex.org/W2057351803
0,0,0,0,0,0,0,0,0.1230589747428894,31,10,1,https://openalex.org/W2089660656
0,0,0,0,0,0,0,0,0.0782968401908874,2,1,0,https://openalex.org/W2092235032
0,0,0,0,31,98,4,9,0.254241406917572,66,22,1,https://openalex.org/W2010547734
0,0,0,0,0,0,0,0,0.1520339846611023,21,1,1,https://openalex.org/W2029640531
0,0,0,0,1,6,6,16,0.1274002790451049,24,9,1,https://openalex.org/W2163629237
1,3,0,0,13,56,0,0,0.2144514154099418,57,6,1,https://openalex.org/W1986209976
0,0,0,0,0,0,0,0,0.0857729911804199,4,0,0,https://openalex.org/W2089470889
0,0,0,0,6,15,18,105,0.1442307233810424,38,18,1,https://openalex.org/W2328782514
0,0,0,0,19,107,9,27,0.1949687004089355,38,11,1,https://openalex.org/W3121232493
0,0,0,0,11,37,0,0,0.1594491004943847,54,5,1,https://openalex.org/W2133397258
0,0,0,0,0,0,0,0,0.1587388515472412,19,5,1,https://openalex.org/W347501854
0,0,0,0,0,0,1,2,0.1646131873130798,33,7,1,https://openalex.org/W2044833871
0,0,0,0,0,0,0,0,0.1392069458961486,6,1,1,https://openalex.org/W2125899152
0,0,0,0,0,0,0,0,0.1579402685165405,14,0,1,https://openalex.org/W2136734842
0,0,0,0,1,3,0,0,0.1986907124519348,27,3,1,https://openalex.org/W1595944160
0,0,0,0,3,15,4,12,0.1254786849021911,35,11,1,https://openalex.org/W2089403234
0,0,0,0,3,11,4,9,0.1926344633102417,31,8,1,https://openalex.org/W1999022524
0,0,0,0,0,0,0,0,0.0314713716506958,2,1,1,https://openalex.org/W2076452646
0,0,0,0,0,0,0,0,0.1043979525566101,3,0,1,https://openalex.org/W2066023154
0,0,0,0,0,0,0,0,0.0831598043441772,1,0,1,https://openalex.org/W2070511540
0,0,0,0,0,0,2,6,0.2303145527839661,33,6,1,https://openalex.org/W1598831813
0,0,2,7,4,65,7,16,0.1442034244537353,48,12,1,https://openalex.org/W2024913930
0,0,0,0,10,22,1,2,0.114880621433258,48,6,1,https://openalex.org/W1971073829
0,0,0,0,9,38,8,19,0.193198561668396,73,17,1,https://openalex.org/W2093822232
0,0,0,0,0,0,0,0,0.1467947959899902,21,3,1,https://openalex.org/W1510372124
0,0,1,16,3,15,9,47,0.1326857209205627,29,10,1,https://openalex.org/W2063161501
0,0,0,0,0,0,1,2,0.1360340118408203,38,8,1,https://openalex.org/W2013699744
0,0,0,0,0,0,0,0,0.0676300525665283,3,0,0,https://openalex.org/W2955741109
0,0,0,0,8,27,8,25,0.189558207988739,35,12,1,https://openalex.org/W2028524376
0,0,0,0,36,336,5,13,0.2316887974739074,49,9,1,https://openalex.org/W2104137495
0,0,0,0,0,0,0,0,0.248648464679718,22,2,1,https://openalex.org/W1995816240
0,0,1,4,3,16,3,6,0.1609668135643005,47,6,1,https://openalex.org/W1501680780
0,0,0,0,0,0,0,0,0.1678227186203003,28,2,1,https://openalex.org/W2017957411
0,0,0,0,0,0,0,0,0.21645188331604,13,1,1,https://openalex.org/W2160157980
0,0,0,0,1,2,1,2,0.1637804508209228,29,8,1,https://openalex.org/W2048097889
0,0,0,0,13,31,51,157,0.1737904548645019,65,28,1,https://openalex.org/W1999869770
0,0,0,0,37,165,6,14,0.1720310449600219,51,14,1,https://openalex.org/W2069379173
0,0,0,0,0,0,0,0,0.1934094429016113,30,8,1,https://openalex.org/W2125055451
0,0,0,0,0,0,0,0,0.1001204848289489,24,2,1,https://openalex.org/W2127653227
0,0,0,0,0,0,0,0,0.2230234146118164,52,8,1,https://openalex.org/W1987493448
0,0,0,0,1,4,3,6,0.1675449013710022,63,7,1,https://openalex.org/W2081852743
0,0,0,0,2,9,0,0,0.1530905961990356,34,5,1,https://openalex.org/W2080433840
0,0,1,3,0,0,0,0,0.234243631362915,10,2,1,https://openalex.org/W1490980681
0,0,0,0,6,30,1,10,0.1588585376739502,25,11,1,https://openalex.org/W1527606363
0,0,0,0,6,42,13,42,0.1905862092971801,49,15,1,https://openalex.org/W1964458028
0,0,0,0,1,18,2,9,0.1248892545700073,29,12,1,https://openalex.org/W2148129444
0,0,0,0,2,4,7,23,0.1712696552276611,30,12,1,https://openalex.org/W2035365297
0,0,0,0,0,0,1,3,0.1297363042831421,35,6,1,https://openalex.org/W1994154658
1,5,1,3,13,32,4,20,0.1634361147880554,46,9,1,https://openalex.org/W2069867706
0,0,0,0,5,20,0,0,0.1396303176879882,48,10,1,https://openalex.org/W2075883386
0,0,0,0,0,0,0,0,0.0771934986114502,5,0,0,https://openalex.org/W2041249465
0,0,1,18,2,9,0,0,0.2512190341949463,6,2,0,https://openalex.org/W2035108032
0,0,0,0,0,0,3,15,0.1128610372543335,36,6,1,https://openalex.org/W1998183971
0,0,0,0,1,2,0,0,0.1336491107940673,30,5,1,https://openalex.org/W2138270527
0,0,0,0,11,62,1,6,0.157397449016571,25,6,1,https://openalex.org/W2054064583
0,0,0,0,0,0,0,0,0.1493323933229178,8,0,0,https://openalex.org/W1994448266
0,0,0,0,4,12,1,2,0.1853967308998108,33,7,1,https://openalex.org/W1977601428
0,0,0,0,16,39,6,18,0.1792373061180114,43,10,1,https://openalex.org/W2115202211
0,0,1,3,5,16,2,5,0.1658396124839782,49,8,1,https://openalex.org/W2057843613
0,0,0,0,0,0,0,0,0.1526139974594116,24,0,1,https://openalex.org/W2080090456
1,5,1,5,9,27,1,4,0.2014390230178833,33,6,1,https://openalex.org/W1989094197
0,0,0,0,7,34,3,9,0.1324402093887329,45,8,1,https://openalex.org/W2095131345
0,0,0,0,0,0,0,0,0.1685248613357544,29,3,1,https://openalex.org/W1499189443
0,0,0,0,0,0,2,5,0.1967771649360656,21,9,1,https://openalex.org/W1531663342
0,0,1,2,1,6,7,58,0.1630064249038696,45,14,1,https://openalex.org/W2012494866
0,0,0,0,2,4,1,4,0.1763272285461425,24,10,1,https://openalex.org/W2065375863
1,4,1,3,76,408,4,9,0.1045636089204977,42,16,1,https://openalex.org/W2007396991
0,0,2,7,2,7,11,34,0.1914246082305908,49,15,1,https://openalex.org/W2014622014
0,0,0,0,0,0,0,0,0.0995955467224121,5,1,0,https://openalex.org/W1482558344
0,0,0,0,0,0,2,5,0.1810673475265503,27,6,1,https://openalex.org/W2008088821
0,0,0,0,3,12,9,31,0.2087987065315246,39,10,1,https://openalex.org/W3121572695
0,0,0,0,20,149,15,51,0.1490226984024048,61,15,1,https://openalex.org/W2166374244
0,0,0,0,12,45,6,76,0.1560686230659485,36,13,1,https://openalex.org/W2081297644
0,0,0,0,3,12,3,8,0.1725023984909057,38,11,1,https://openalex.org/W3125638770
0,0,0,0,0,0,0,0,0.2151175141334533,3,0,1,https://openalex.org/W2124244656
0,0,0,0,9,48,17,50,0.1392729878425598,60,17,1,https://openalex.org/W2077553600
0,0,0,0,0,0,3,33,0.1355670690536499,40,10,1,https://openalex.org/W2017308561
0,0,1,6,1,6,2,5,0.1831438541412353,29,8,1,https://openalex.org/W2036728971
0,0,0,0,28,79,5,14,0.2696755737813908,52,14,1,https://openalex.org/W1977900687
0,0,1,4,2,7,6,23,0.0937945246696472,50,16,1,https://openalex.org/W2029089017
0,0,0,0,3,12,0,0,0.2027332782745361,21,3,1,https://openalex.org/W1992768503
0,0,0,0,0,0,2,6,0.1560083627700805,25,7,1,https://openalex.org/W1997208812
0,0,0,0,0,0,0,0,0.0311936140060424,4,2,0,https://openalex.org/W2042872506
0,0,0,0,7,26,2,7,0.1393149495124817,41,10,1,https://openalex.org/W2136428959
0,0,1,2,0,0,3,8,0.1396183967590332,49,9,1,https://openalex.org/W2045869233
0,0,0,0,0,0,0,0,0.1170140504837036,15,1,1,https://openalex.org/W2127451964
0,0,0,0,0,0,0,0,0.1875726580619812,23,2,1,https://openalex.org/W2057351182
0,0,1,2,31,128,6,22,0.1398751735687256,48,13,1,https://openalex.org/W2069054953
0,0,0,0,0,0,0,0,0.1924155950546265,40,2,1,https://openalex.org/W2132960397
0,0,1,2,0,0,3,6,0.1681563854217529,38,7,1,https://openalex.org/W2161345026
0,0,0,0,0,0,0,0,0.0622677206993103,4,1,0,https://openalex.org/W2029165529
0,0,0,0,16,67,4,12,0.1870139837265014,35,9,1,https://openalex.org/W2021069377
0,0,0,0,0,0,0,0,0.143499493598938,11,1,1,https://openalex.org/W2080093770
0,0,0,0,0,0,0,0,0.18361896276474,23,3,1,https://openalex.org/W2105034096
0,0,0,0,0,0,0,0,0.1655851602554321,5,2,1,https://openalex.org/W1500161133
0,0,1,3,3,7,8,36,0.1719905138015747,60,15,1,https://openalex.org/W183165991
1,2,0,0,2,4,0,0,0.1516098976135254,35,3,1,https://openalex.org/W1963770421
0,0,2,5,2,4,2,10,0.272591769695282,23,8,1,https://openalex.org/W2018395581
0,0,0,0,8,35,4,8,0.2226064205169677,15,11,1,https://openalex.org/W1970861097
0,0,0,0,0,0,0,0,0.2293394804000854,11,7,1,https://openalex.org/W2415217864
0,0,0,0,2,4,0,0,0.1871447563171386,47,7,1,https://openalex.org/W2043486796
0,0,0,0,0,0,0,0,0.0920878052711486,7,2,0,https://openalex.org/W2054480470
0,0,0,0,0,0,0,0,0.1426795721054077,28,3,1,https://openalex.org/W1965519946
0,0,0,0,4,16,27,86,0.1614581942558288,34,18,1,https://openalex.org/W1970749173
0,0,1,2,14,47,0,0,0.1797879934310913,51,13,1,https://openalex.org/W2000648192
0,0,0,0,8,26,0,0,0.1460543870925903,25,2,1,https://openalex.org/W2142713749
0,0,0,0,16,48,3,11,0.1822936534881592,43,8,1,https://openalex.org/W279672731
0,0,0,0,0,0,0,0,0.2221078276634216,12,2,1,https://openalex.org/W2067668080
0,0,0,0,9,26,4,9,0.1266247034072876,39,9,1,https://openalex.org/W2167043875
0,0,0,0,0,0,0,0,0.1671592593193054,12,0,1,https://openalex.org/W1968239600
0,0,0,0,0,0,0,0,0.1098207831382751,7,2,0,https://openalex.org/W2018720938
0,0,0,0,8,23,1,2,0.1988839507102966,37,7,1,https://openalex.org/W2035354474
0,0,0,0,0,0,4,15,0.1889346837997436,21,5,1,https://openalex.org/W2047925161
0,0,0,0,14,33,0,0,0.1548652648925781,44,6,1,https://openalex.org/W1966409163
0,0,0,0,4,16,3,8,0.1903436779975891,25,10,1,https://openalex.org/W2009202850
0,0,0,0,6,38,2,4,0.1827667951583862,32,6,1,https://openalex.org/W2114028937
0,0,0,0,0,0,0,0,0.1204211115837097,27,3,1,https://openalex.org/W47658217
0,0,0,0,3,8,0,0,0.1628682613372802,11,3,1,https://openalex.org/W1972305188
1,2,0,0,0,0,1,2,0.2618272304534912,19,5,1,https://openalex.org/W2018659955
0,0,0,0,0,0,0,0,0.2034327983856201,13,2,1,https://openalex.org/W1967280721
0,0,0,0,1,2,1,9,0.1351568102836609,31,8,1,https://openalex.org/W2103665592
0,0,1,2,0,0,0,0,0.1269335746765136,10,2,0,https://openalex.org/W2142481079
0,0,0,0,0,0,0,0,0.1325085759162902,9,1,0,https://openalex.org/W2002272249
0,0,0,0,0,0,0,0,0.1498529314994812,39,9,1,https://openalex.org/W2026211352
0,0,0,0,0,0,1,5,0.1988058686256408,29,4,1,https://openalex.org/W3125460052
1,6,0,0,15,33,0,0,0.2051482200622558,21,6,1,https://openalex.org/W2021508603
0,0,0,0,4,15,1,4,0.1661288738250732,46,8,1,https://openalex.org/W1990851651
0,0,0,0,28,1954,14,921,0.2729051921822513,50,14,1,https://openalex.org/W2103712456
0,0,2,5,0,0,5,23,0.1625257134437561,28,12,1,https://openalex.org/W2148793842
0,0,0,0,1,3,3,29,0.2023746967315673,39,11,1,https://openalex.org/W107217319
0,0,0,0,10,30,4,15,0.233733594417572,43,13,1,https://openalex.org/W1986176293
0,0,0,0,0,0,0,0,0.2026535868644714,15,2,1,https://openalex.org/W2052058907
0,0,0,0,0,0,0,0,0.1179269552230835,5,1,0,https://openalex.org/W2111329023
0,0,1,3,0,0,0,0,0.156337022781372,30,6,1,https://openalex.org/W1598309499
0,0,0,0,26,114,9,46,0.1934219598770141,52,14,1,https://openalex.org/W1990686117
0,0,0,0,11,76,5,16,0.1765882968902588,28,9,1,https://openalex.org/W1995775288
0,0,1,2,1,3,9,19,0.1749153137207031,28,9,1,https://openalex.org/W2036497460
0,0,1,4,27,366,8,20,0.166777491569519,52,12,1,https://openalex.org/W4236797067
0,0,0,0,0,0,0,0,0.153434932231903,7,1,0,https://openalex.org/W2003832631
0,0,0,0,0,0,2,4,0.201084017753601,21,4,1,https://openalex.org/W2005132277
0,0,0,0,0,0,0,0,0.1265821456909179,8,2,0,https://openalex.org/W2054516340
0,0,1,4,1,4,0,0,0.1320003867149353,32,8,1,https://openalex.org/W2005511151
0,0,0,0,0,0,2,4,0.2311881780624389,26,7,1,https://openalex.org/W2028631226
0,0,0,0,1,3,0,0,0.204604685306549,14,2,1,https://openalex.org/W2129930794
0,0,0,0,3,9,9,34,0.1395204067230224,49,14,1,https://openalex.org/W2151700377
1,3,1,2,6,12,1,3,0.1626688838005066,22,7,1,https://openalex.org/W51618806
0,0,0,0,0,0,6,15,0.2318387031555176,30,9,1,https://openalex.org/W1990010548
0,0,0,0,3,9,5,26,0.1007976531982422,18,11,1,https://openalex.org/W2003908660
0,0,0,0,1,2,3,16,0.173496663570404,33,9,1,https://openalex.org/W2011644029
0,0,0,0,0,0,1,4,0.1290119290351867,27,6,1,https://openalex.org/W2034946317
0,0,0,0,0,0,0,0,0.1652607321739196,14,1,1,https://openalex.org/W2052734957
0,0,1,2,7,25,2,8,0.1453078985214233,39,10,1,https://openalex.org/W2153263044
0,0,0,0,0,0,3,12,0.1193621754646301,39,7,1,https://openalex.org/W2158927397
0,0,0,0,6,17,3,7,0.2322577238082885,34,8,1,https://openalex.org/W2050612014
0,0,0,0,1,3,0,0,0.188650906085968,22,3,1,https://openalex.org/W2034343796
0,0,1,3,7,28,22,75,0.1259409785270691,38,19,1,https://openalex.org/W2168356231
0,0,1,2,10,26,2,5,0.2449758052825927,45,10,1,https://openalex.org/W2156232009
0,0,0,0,2,43,5,21,0.1802471280097961,49,9,1,https://openalex.org/W2027536824
0,0,0,0,6,60,5,18,0.1973433494567871,39,8,1,https://openalex.org/W2075557454
0,0,0,0,0,0,0,0,0.1246375441551208,30,5,1,https://openalex.org/W1997824968
0,0,0,0,0,0,0,0,0.0819648504257202,25,2,1,https://openalex.org/W2058887968
0,0,0,0,0,0,2,6,0.1310065984725952,53,7,1,https://openalex.org/W2038759370
0,0,0,0,0,0,0,0,0.1429594440839152,6,1,0,https://openalex.org/W2076905752
0,0,0,0,11,46,4,10,0.1701672673225402,62,15,1,https://openalex.org/W1973174404
0,0,0,0,0,0,7,18,0.1607639193534851,52,12,1,https://openalex.org/W3122808522
0,0,0,0,5,26,10,41,0.1337829232215881,55,19,1,https://openalex.org/W2086919084
0,0,2,26,0,0,22,88,0.1547554731369018,51,18,1,https://openalex.org/W2030268579
0,0,0,0,0,0,0,0,0.1390902996063232,40,1,1,https://openalex.org/W2061233104
0,0,0,0,5,18,0,0,0.1256495118141174,27,2,1,https://openalex.org/W2037195191
0,0,0,0,0,0,0,0,0.169041633605957,26,2,1,https://openalex.org/W1978543319
0,0,1,9,1,7,8,71,0.1759797930717468,28,9,1,https://openalex.org/W2027223662
0,0,1,3,20,220,17,200,0.1937999725341797,65,20,1,https://openalex.org/W1973306857
0,0,2,5,0,0,12,31,0.1932243704795837,31,11,1,https://openalex.org/W2153555446
0,0,0,0,0,0,0,0,0.1308712363243103,37,3,1,https://openalex.org/W2052209578
0,0,0,0,0,0,0,0,0.1890736222267151,5,1,1,https://openalex.org/W2164633167
0,0,0,0,0,0,1,6,0.312726058450965,26,6,1,https://openalex.org/W2062563834
0,0,0,0,0,0,1,2,0.2099395394325256,35,8,1,https://openalex.org/W2063679870
0,0,0,0,10,44,3,9,0.2637608051300049,24,12,1,https://openalex.org/W2059706576
0,0,1,3,17,60,0,0,0.1747751832008361,31,9,1,https://openalex.org/W3124887442
0,0,1,4,0,0,1,3,0.2000395059585571,25,6,1,https://openalex.org/W2034411370
0,0,0,0,0,0,0,0,0.1091082096099853,53,4,1,https://openalex.org/W2087905139
0,0,0,0,12,54,2,11,0.1640554070472717,43,8,1,https://openalex.org/W2013141274
0,0,0,0,8,23,4,9,0.175871729850769,32,14,1,https://openalex.org/W2112486777
0,0,0,0,0,0,0,0,0.1019086241722107,5,2,0,https://openalex.org/W2001363998
0,0,0,0,0,0,0,0,0.0556830167770385,3,0,0,https://openalex.org/W2127759254
0,0,0,0,0,0,0,0,0.0811908841133117,6,0,0,https://openalex.org/W3125390506
0,0,1,12,0,0,1,2,0.1470370292663574,25,3,1,https://openalex.org/W2099613881
0,0,0,0,11,82,4,29,0.1660214066505432,47,14,1,https://openalex.org/W3122500882
0,0,0,0,7,31,3,16,0.1646371483802795,45,15,1,https://openalex.org/W2142908656
0,0,0,0,2,44,1,4,0.2084221243858337,20,7,1,https://openalex.org/W2073568220
0,0,0,0,2,19,27,107,0.119843304157257,36,23,1,https://openalex.org/W2034944923
0,0,0,0,0,0,0,0,0.1084460616111755,7,0,0,https://openalex.org/W2132099799
0,0,1,9,5,33,4,24,0.1204846501350402,44,9,1,https://openalex.org/W1983428430
0,0,0,0,0,0,0,0,0.18967866897583,19,5,1,https://openalex.org/W1976905191
0,0,1,5,21,141,10,35,0.1348932981491089,33,10,1,https://openalex.org/W1977153088
0,0,0,0,0,0,0,0,0.1926411920825573,37,1,1,https://openalex.org/W2160810972
2,9,1,2,71,251,45,172,0.1029626727104187,68,33,1,https://openalex.org/W2052224719
0,0,0,0,14,60,19,74,0.0993239879608154,47,23,1,https://openalex.org/W2061377800
0,0,1,2,8,17,0,0,0.1252132058143615,44,6,1,https://openalex.org/W1989770654
0,0,0,0,0,0,1,3,0.1224662065505981,27,5,1,https://openalex.org/W1990459402
0,0,0,0,0,0,0,0,0.1934706568717956,24,5,1,https://openalex.org/W2045655204
0,0,0,0,10,112,15,121,0.1488068699836731,40,11,1,https://openalex.org/W2150811752
0,0,0,0,3,141,0,0,0.2176120281219482,26,2,1,https://openalex.org/W2044289791
0,0,1,3,0,0,1,2,0.1317238807678223,23,9,1,https://openalex.org/W1967750547
0,0,0,0,2,10,0,0,0.1656221151351928,19,7,1,https://openalex.org/W2009755588
0,0,1,8,6,38,3,7,0.1905685663223266,24,8,1,https://openalex.org/W2063584719
0,0,1,2,13,52,26,98,0.1745475530624389,43,26,1,https://openalex.org/W2232752356
0,0,1,3,7,28,2,4,0.1632812619209289,20,9,1,https://openalex.org/W2766881448
0,0,2,7,3,8,13,35,0.1695173382759094,37,20,1,https://openalex.org/W2017599421
0,0,1,5,16,112,13,45,0.2016097903251648,41,14,1,https://openalex.org/W2171218253
0,0,0,0,0,0,0,0,0.157754898071289,22,5,1,https://openalex.org/W2006902923
0,0,0,0,0,0,1,2,0.2001034021377563,44,9,1,https://openalex.org/W2138336715
0,0,1,2,28,110,13,41,0.1425204277038574,35,20,1,https://openalex.org/W2053108195
0,0,0,0,0,0,1,7,0.2713647215833676,18,3,1,https://openalex.org/W2142016804
0,0,0,0,4,24,1,6,0.1238117218017578,44,6,1,https://openalex.org/W2321916902
0,0,0,0,0,0,0,0,0.2781242132186889,19,1,1,https://openalex.org/W2051131476
0,0,1,4,3,10,0,0,0.2112354040145874,25,3,1,https://openalex.org/W2119945560
0,0,0,0,0,0,6,30,0.1391643285751342,54,15,1,https://openalex.org/W2033816837
0,0,1,2,4,11,1,2,0.2097004507167023,30,11,1,https://openalex.org/W1997556681
0,0,0,0,15,72,18,52,0.1488103866577148,41,17,1,https://openalex.org/W2075555902
0,0,0,0,0,0,1,4,0.1539801359176635,20,2,1,https://openalex.org/W2014633453
0,0,0,0,0,0,0,0,0.109942078590393,5,2,0,https://openalex.org/W2141244999
0,0,0,0,2,4,14,60,0.1588700413703918,33,18,1,https://openalex.org/W1995316835
0,0,0,0,2,5,4,16,0.2314981818199157,30,8,1,https://openalex.org/W1996181589
0,0,1,13,23,107,18,71,0.1228920817375183,60,24,1,https://openalex.org/W2039575312
0,0,2,5,28,501,10,81,0.1787990927696228,39,17,1,https://openalex.org/W2091809857
0,0,0,0,17,90,12,50,0.1967043280601501,38,14,1,https://openalex.org/W2104910153
0,0,0,0,0,0,0,0,0.198990523815155,17,4,1,https://openalex.org/W2130925823
0,0,0,0,23,117,11,29,0.2339452505111694,65,17,1,https://openalex.org/W1965013255
0,0,0,0,0,0,3,8,0.1559723615646362,32,9,1,https://openalex.org/W2062928390
0,0,1,2,0,0,0,0,0.0968575477600097,9,1,0,https://openalex.org/W2089647894
0,0,0,0,0,0,0,0,0.2335715588210117,28,3,1,https://openalex.org/W2070483498
0,0,0,0,4,13,3,8,0.1627795696258545,49,9,1,https://openalex.org/W2000899929
0,0,0,0,23,120,11,30,0.1388942003250122,55,17,1,https://openalex.org/W2079105967
0,0,1,3,21,188,7,67,0.2008664608001709,37,10,1,https://openalex.org/W1995627730
0,0,0,0,0,0,2,5,0.2146916721728635,20,5,1,https://openalex.org/W2084166352
0,0,0,0,1,11,13,47,0.0919080972671508,64,16,1,https://openalex.org/W2069540391
0,0,1,6,16,63,5,19,0.1174714565277099,47,10,1,https://openalex.org/W2028665507
0,0,1,2,6,26,13,44,0.1420382261276245,34,14,1,https://openalex.org/W2086101105
0,0,0,0,0,0,0,0,0.1102865934371948,29,3,1,https://openalex.org/W2034087197
0,0,0,0,5,15,9,22,0.1459426283836364,56,13,1,https://openalex.org/W4249111144
0,0,0,0,0,0,0,0,0.1121100783348083,32,3,1,https://openalex.org/W1975742378
0,0,0,0,0,0,0,0,0.1068000197410583,6,2,0,https://openalex.org/W2057280625
0,0,0,0,14,57,9,25,0.1202530860900878,51,16,1,https://openalex.org/W2024189011
0,0,1,2,1,3,2,6,0.237743854522705,38,10,1,https://openalex.org/W1981137850
0,0,0,0,0,0,0,0,0.1259028911590576,3,1,1,https://openalex.org/W3125841713
0,0,0,0,12,31,10,25,0.1520211696624756,26,13,1,https://openalex.org/W1973370192
0,0,0,0,0,0,3,17,0.1556215286254882,19,9,1,https://openalex.org/W1991877566
0,0,0,0,0,0,1,4,0.2503694891929626,18,6,1,https://openalex.org/W2137213116
0,0,0,0,0,0,4,10,0.2799445903338335,21,8,1,https://openalex.org/W2100664278
1,5,1,5,3,7,4,10,0.2247416377067566,14,5,1,https://openalex.org/W2158930162
0,0,0,0,0,0,0,0,0.0905207395553588,5,1,0,https://openalex.org/W2027791485
0,0,0,0,2,7,8,21,0.1442837119102478,37,13,1,https://openalex.org/W2142866859
0,0,0,0,3,6,4,10,0.1255235075950622,49,13,1,https://openalex.org/W2802410694
0,0,0,0,1,2,4,11,0.1275603771209716,29,12,1,https://openalex.org/W2030646288
0,0,0,0,0,0,0,0,0.1633177399635315,14,5,1,https://openalex.org/W3123428239
0,0,1,2,3,6,1,2,0.2864251136779785,23,9,1,https://openalex.org/W1992569985
0,0,0,0,8,26,2,10,0.2391067743301391,33,8,1,https://openalex.org/W2321806535
0,0,0,0,0,0,0,0,0.1337052583694458,33,5,1,https://openalex.org/W1975851307
0,0,0,0,0,0,0,0,0.2133945822715759,22,4,1,https://openalex.org/W2001522925
1,2,1,2,6,15,1,2,0.1545033219777658,29,9,1,https://openalex.org/W4229809439
1,11,0,0,39,171,1,8,0.1899572610855102,30,8,1,https://openalex.org/W1970770534
0,0,0,0,0,0,8,48,0.2009859085083008,30,11,1,https://openalex.org/W2102745666
0,0,0,0,0,0,0,0,0.2119105458259582,8,2,0,https://openalex.org/W2767576557
0,0,1,2,15,38,5,11,0.1799225807189941,44,12,1,https://openalex.org/W1923577852
0,0,0,0,0,0,12,31,0.1471906900405883,50,21,1,https://openalex.org/W2089618271
0,0,1,2,30,173,7,18,0.1932013630867004,53,17,1,https://openalex.org/W2127019654
0,0,0,0,17,60,7,20,0.1500499248504638,47,15,1,https://openalex.org/W2027194016
0,0,0,0,0,0,0,0,0.2701621651649475,5,1,1,https://openalex.org/W2028411437
0,0,0,0,8,21,4,11,0.1883347034454345,39,15,1,https://openalex.org/W2069075640
0,0,0,0,0,0,0,0,0.15642911195755,2,0,0,https://openalex.org/W2063393038
0,0,0,0,1,2,2,10,0.152123212814331,31,5,1,https://openalex.org/W2072428106
0,0,0,0,1,3,0,0,0.2265245914459228,39,3,1,https://openalex.org/W2122783654
0,0,0,0,9,28,6,21,0.1865143775939941,50,15,1,https://openalex.org/W2151672063
0,0,0,0,0,0,0,0,0.1514534950256347,5,0,0,https://openalex.org/W2069511006
0,0,0,0,5,13,6,13,0.1230878233909607,54,15,1,https://openalex.org/W2110803558
0,0,0,0,6,17,0,0,0.2499669979816101,14,5,1,https://openalex.org/W2096200516
0,0,0,0,0,0,0,0,0.1804431676864624,9,1,1,https://openalex.org/W2157488561
0,0,0,0,0,0,3,7,0.1843764185905456,49,14,1,https://openalex.org/W2075964688
0,0,0,0,0,0,1,4,0.132361888885498,21,3,1,https://openalex.org/W1988767691
0,0,0,0,0,0,0,0,0.0956729650497436,6,2,0,https://openalex.org/W2070411660
0,0,0,0,1,6,1,4,0.20995032787323,24,4,1,https://openalex.org/W2071278734
0,0,0,0,3,25,1,15,0.1822139024734497,31,5,1,https://openalex.org/W2056493872
0,0,0,0,7,14,0,0,0.1682215929031372,38,3,1,https://openalex.org/W2120988599
0,0,0,0,0,0,0,0,0.1558785438537597,8,1,0,https://openalex.org/W1501279353
0,0,0,0,3,29,7,21,0.1611090898513794,23,12,1,https://openalex.org/W2009769619
0,0,0,0,14,94,7,23,0.1749435663223266,61,11,1,https://openalex.org/W1561744490
0,0,0,0,2,9,0,0,0.2176355719566345,25,7,1,https://openalex.org/W1526040826
0,0,0,0,4,9,0,0,0.1846070289611816,29,3,1,https://openalex.org/W2004742708
0,0,0,0,1,4,0,0,0.2208716869354248,9,3,0,https://openalex.org/W1992282514
0,0,1,4,3,12,5,14,0.1453641057014465,47,13,1,https://openalex.org/W2106108313
0,0,1,2,27,133,29,89,0.1798276901245117,78,26,1,https://openalex.org/W2155698279
0,0,0,0,5,109,3,10,0.1696899533271789,35,5,1,https://openalex.org/W2059056081
0,0,0,0,0,0,0,0,0.0801446437835693,8,2,0,https://openalex.org/W1970098960
0,0,0,0,12,100,2,5,0.190298318862915,36,12,1,https://openalex.org/W1967307079
0,0,0,0,120,363,36,90,0.1742080450057983,109,36,1,https://openalex.org/W2136722082
0,0,0,0,0,0,0,0,0.1071605086326599,20,3,1,https://openalex.org/W2133522855
0,0,0,0,22,62,1,3,0.196341335773468,60,13,1,https://openalex.org/W2101735455
0,0,0,0,3,11,0,0,0.2013685703277588,40,8,1,https://openalex.org/W2129511927
0,0,0,0,0,0,0,0,0.1071749925613403,4,0,1,https://openalex.org/W2042074088
0,0,1,2,9,41,10,25,0.2208468317985534,52,11,1,https://openalex.org/W2058415152
0,0,0,0,0,0,0,0,0.1822909712791443,9,3,0,https://openalex.org/W2077679469
0,0,0,0,0,0,5,30,0.1269971132278442,38,9,1,https://openalex.org/W2089697141
0,0,2,5,69,608,37,170,0.1589294672012329,95,34,1,https://openalex.org/W1597070228
0,0,0,0,11,28,5,10,0.2193763256072998,31,7,1,https://openalex.org/W2051907145
0,0,1,2,7,20,9,29,0.2153307795524597,42,16,1,https://openalex.org/W2078861244
0,0,1,7,7,82,9,35,0.1303077340126037,43,14,1,https://openalex.org/W2023327963
0,0,0,0,12,86,5,30,0.1508291959762573,26,6,1,https://openalex.org/W2138709376
0,0,0,0,0,0,0,0,0.1409477591514587,8,2,1,https://openalex.org/W1978325613
0,0,0,0,0,0,0,0,0.0820208191871643,6,1,0,https://openalex.org/W1987094014
0,0,0,0,0,0,0,0,0.0988487601280212,2,1,0,https://openalex.org/W3187412403
0,0,0,0,5,30,18,60,0.1988654732704162,43,21,1,https://openalex.org/W2053011769
0,0,0,0,0,0,1,3,0.1670510979012589,5,2,0,https://openalex.org/W2019820163
0,0,1,6,2,7,16,44,0.1181219816207885,39,22,1,https://openalex.org/W2026623434
0,0,0,0,18,154,39,141,0.1061858534812927,39,18,1,https://openalex.org/W1976086094
0,0,0,0,3,23,3,17,0.1656631827354431,31,9,1,https://openalex.org/W2109788558
0,0,0,0,0,0,10,26,0.1134319901466369,38,11,1,https://openalex.org/W1973566886
0,0,2,10,19,123,4,16,0.1616342067718506,61,16,1,https://openalex.org/W1997768258
1,3,0,0,2,4,0,0,0.1576032638549804,22,2,1,https://openalex.org/W2052458522
0,0,1,19,0,0,0,0,0.1793815493583679,24,4,1,https://openalex.org/W2002465124
0,0,2,5,20,209,1,3,0.1885779500007629,26,10,1,https://openalex.org/W2122201615
0,0,0,0,8,21,5,13,0.1764630079269409,42,8,1,https://openalex.org/W3125613033
0,0,0,0,7,42,0,0,0.2197831273078918,17,6,1,https://openalex.org/W2072398075
0,0,1,2,1,2,4,15,0.1581630110740661,51,10,1,https://openalex.org/W1973985864
0,0,0,0,1,2,0,0,0.1738529801368713,27,6,1,https://openalex.org/W2146695999
0,0,0,0,0,0,0,0,0.1831241846084594,24,1,1,https://openalex.org/W2049108828
0,0,0,0,3,7,1,2,0.1498638391494751,32,3,1,https://openalex.org/W2027144707
0,0,1,9,12,45,3,8,0.162129521369934,32,7,1,https://openalex.org/W2168413361
0,0,0,0,0,0,0,0,0.1486577987670898,28,6,1,https://openalex.org/W2162247792
0,0,0,0,2,10,1,2,0.1512441635131836,27,4,1,https://openalex.org/W2005076426
0,0,0,0,0,0,0,0,0.1675997972488403,2,1,1,https://openalex.org/W1998545577
0,0,0,0,0,0,0,0,0.1192923784255981,5,1,0,https://openalex.org/W1979213017
0,0,0,0,15,85,0,0,0.2055944204330444,40,7,1,https://openalex.org/W2000904212
0,0,0,0,0,0,0,0,0.1454817056655883,35,4,1,https://openalex.org/W1539412522
1,4,1,3,65,186,13,37,0.1847186088562011,69,17,1,https://openalex.org/W2083695268
0,0,0,0,0,0,0,0,0.1117972135543823,2,0,1,https://openalex.org/W2084703760
0,0,0,0,0,0,1,3,0.0974041223526001,5,3,1,https://openalex.org/W2021871226
0,0,0,0,4,24,2,6,0.1277906894683838,48,9,1,https://openalex.org/W1964874940
0,0,0,0,1,2,4,15,0.1763684749603271,19,8,1,https://openalex.org/W2092443239
0,0,0,0,1,13,0,0,0.1569654941558838,44,4,1,https://openalex.org/W2151147856
0,0,0,0,0,0,1,2,0.2137210369110107,43,9,1,https://openalex.org/W2062775199
0,0,0,0,2,8,2,4,0.2189030647277832,27,5,1,https://openalex.org/W2003138836
0,0,0,0,0,0,4,58,0.202762266816475,35,10,1,https://openalex.org/W2076376877
0,0,0,0,0,0,0,0,0.2274028062820434,18,4,1,https://openalex.org/W2022910631
0,0,0,0,0,0,1,2,0.1937839984893798,43,7,1,https://openalex.org/W2033781216
0,0,0,0,0,0,0,0,0.1071887016296386,8,2,0,https://openalex.org/W1978548271
0,0,0,0,25,142,5,21,0.1572014093399048,48,14,1,https://openalex.org/W3123363322
0,0,0,0,0,0,0,0,0.1103274822235107,4,1,1,https://openalex.org/W2069688249
0,0,0,0,41,193,13,42,0.2115958929061889,55,13,1,https://openalex.org/W2108873129
0,0,0,0,1,4,6,55,0.1987206339836121,32,11,1,https://openalex.org/W2141848402
0,0,0,0,2,7,2,18,0.1519740223884582,52,7,1,https://openalex.org/W2141106272
0,0,0,0,3,19,1,3,0.1338520050048828,41,8,1,https://openalex.org/W2079684318
0,0,0,0,3,18,0,0,0.1639446020126342,31,4,1,https://openalex.org/W2051025488
0,0,1,6,1,79,25,274,0.1811044216156006,55,18,1,https://openalex.org/W2021550136
0,0,0,0,0,0,0,0,0.1819021105766296,30,3,1,https://openalex.org/W2111903321
0,0,1,7,1,7,4,14,0.1918160915374756,26,5,1,https://openalex.org/W2088363755
0,0,0,0,0,0,1,2,0.2187299601354118,47,9,1,https://openalex.org/W2071973000
0,0,0,0,8,39,3,6,0.1930767893791198,16,5,1,https://openalex.org/W2147389687
0,0,0,0,0,0,4,13,0.138052761554718,40,9,1,https://openalex.org/W2022701585
1,7,4,9,47,219,15,49,0.169769287109375,42,16,1,https://openalex.org/W1985021390
0,0,1,2,10,39,12,38,0.1541363000869751,50,20,1,https://openalex.org/W2021784348
0,0,0,0,6,53,9,38,0.0900237560272216,37,17,1,https://openalex.org/W2000387201
0,0,1,11,0,0,0,0,0.1911149621009827,24,2,1,https://openalex.org/W2010739955
0,0,0,0,7,25,12,46,0.1439586281776428,41,22,1,https://openalex.org/W1997749921
0,0,0,0,1,12,0,0,0.1809248924255371,26,4,1,https://openalex.org/W2009602219
0,0,0,0,0,0,0,0,0.086070716381073,8,1,0,https://openalex.org/W2086911261
0,0,0,0,2,4,6,28,0.2031853199005127,23,11,1,https://openalex.org/W2125708845
0,0,0,0,3,9,2,5,0.1559352874755859,52,9,1,https://openalex.org/W1964002149
0,0,0,0,4,28,2,4,0.1817886233329773,27,5,1,https://openalex.org/W2054124520
0,0,0,0,17,57,1,2,0.1108846664428711,25,8,1,https://openalex.org/W2062277106
0,0,0,0,3,10,3,36,0.1378674507141113,54,7,1,https://openalex.org/W1999384424
0,0,0,0,0,0,0,0,0.1461037952399763,6,3,0,https://openalex.org/W2049753902
0,0,0,0,0,0,2,5,0.1523351669311523,44,9,1,https://openalex.org/W1975873756
7,19,5,16,145,474,39,156,0.1761414408683776,92,44,1,https://openalex.org/W2020541333
0,0,0,0,11,42,2,21,0.2007628083229065,32,10,1,https://openalex.org/W1982070127
0,0,0,0,3,103,9,54,0.1707095503807068,63,16,1,https://openalex.org/W2029455455
0,0,1,2,3,14,0,0,0.1899210810661316,45,4,1,https://openalex.org/W2162522707
0,0,0,0,0,0,0,0,0.1334438920021057,29,4,1,https://openalex.org/W1994178817
0,0,0,0,1,3,2,4,0.2063040718988116,23,7,1,https://openalex.org/W1976752219
0,0,0,0,2,8,1,3,0.1572644710540771,26,3,1,https://openalex.org/W1984559645
0,0,0,0,32,98,7,18,0.199449360370636,46,13,1,https://openalex.org/W2039649319
0,0,0,0,1,8,4,16,0.1560208797454834,39,8,1,https://openalex.org/W2019913789
0,0,0,0,17,73,2,5,0.1474323272705078,54,16,1,https://openalex.org/W2102752206
0,0,1,6,4,25,15,94,0.2079509496688842,40,17,1,https://openalex.org/W2132267434
0,0,0,0,0,0,2,5,0.1812545657157898,32,7,1,https://openalex.org/W2050682318
0,0,0,0,0,0,0,0,0.2629931556054112,7,3,0,https://openalex.org/W2065179775
0,0,0,0,10,34,2,13,0.172762393951416,36,7,1,https://openalex.org/W1503406504
0,0,0,0,1,5,0,0,0.1748156547546386,33,5,1,https://openalex.org/W2072747741
0,0,1,6,19,59,11,32,0.136319875717163,55,17,1,https://openalex.org/W2139423418
0,0,0,0,0,0,1,7,0.1559715867042541,28,5,1,https://openalex.org/W171645296
0,0,0,0,6,16,9,28,0.1650776863098144,45,19,1,https://openalex.org/W2011585786
0,0,0,0,2,13,2,5,0.2202051281929016,22,8,1,https://openalex.org/W2092825147
1,2,1,2,3,10,10,37,0.2599685740597705,39,15,1,https://openalex.org/W1983868773
0,0,0,0,0,0,0,0,0.1161572933197021,24,4,1,https://openalex.org/W1989002973
0,0,1,4,6,19,11,28,0.1364654898643493,41,21,1,https://openalex.org/W1993337483
0,0,0,0,0,0,0,0,0.09998220205307,6,1,0,https://openalex.org/W2148140107
0,0,0,0,0,0,0,0,0.2335002422332763,18,3,1,https://openalex.org/W2005741397
0,0,0,0,0,0,1,2,0.1106374263763427,21,4,1,https://openalex.org/W2039841038
0,0,0,0,0,0,0,0,0.1941372752189636,30,6,1,https://openalex.org/W2096097699
0,0,0,0,5,69,14,37,0.1196887493133544,52,20,1,https://openalex.org/W1985585756
0,0,0,0,0,0,0,0,0.069590151309967,5,2,0,https://openalex.org/W2020668587
0,0,0,0,0,0,1,3,0.1966578364372253,14,7,1,https://openalex.org/W2047358266
0,0,0,0,0,0,0,0,0.0817057490348815,2,0,0,https://openalex.org/W2081076708
0,0,0,0,16,86,28,126,0.1301984190940857,48,22,1,https://openalex.org/W2315926873
0,0,0,0,3,22,4,16,0.1872901916503906,17,5,1,https://openalex.org/W2069139825
0,0,0,0,8,36,27,128,0.1341758966445922,34,23,1,https://openalex.org/W2328380421
0,0,2,8,9,50,5,13,0.1876200437545776,20,11,1,https://openalex.org/W2008369289
0,0,0,0,1,14,18,47,0.1532043218612671,43,19,1,https://openalex.org/W2037329071
1,5,0,0,3,15,6,12,0.1969382166862488,31,11,1,https://openalex.org/W2080213831
0,0,0,0,11,43,12,38,0.2168728113174438,28,16,1,https://openalex.org/W2181383840
1,6,2,11,35,135,1,2,0.1137346029281616,31,5,1,https://openalex.org/W3123456988
0,0,0,0,0,0,0,0,0.141048789024353,3,1,1,https://openalex.org/W2037717640
0,0,0,0,2,6,0,0,0.0908522605895996,8,2,1,https://openalex.org/W1988214048
0,0,1,2,0,0,0,0,0.1435959339141845,6,4,0,https://openalex.org/W2034294824
1,2,0,0,48,177,7,16,0.1916082501411438,62,17,1,https://openalex.org/W2063566827
0,0,0,0,0,0,14,64,0.1283090114593506,36,15,1,https://openalex.org/W2095744706
0,0,0,0,1,4,1,7,0.1495712399482727,38,8,1,https://openalex.org/W2145321838
0,0,1,6,2,7,19,60,0.1076590418815612,34,25,1,https://openalex.org/W2332581776
0,0,0,0,4,15,10,42,0.2190611362457275,39,15,1,https://openalex.org/W1981932397
0,0,0,0,1,3,1,4,0.147672414779663,32,5,1,https://openalex.org/W2055951521
0,0,1,11,25,72,4,9,0.1665751934051513,59,16,1,https://openalex.org/W1596366965
0,0,0,0,0,0,0,0,0.133815586566925,12,0,1,https://openalex.org/W2018515188
0,0,0,0,1,4,0,0,0.3371460437774658,20,5,1,https://openalex.org/W2042638102
0,0,0,0,5,13,0,0,0.1580893993377685,30,8,1,https://openalex.org/W2115847781
0,0,0,0,21,86,9,40,0.186034083366394,53,12,1,https://openalex.org/W2148615270
0,0,0,0,5,33,3,15,0.1360791325569152,25,11,1,https://openalex.org/W2317256683
0,0,0,0,2,9,2,4,0.1873607635498047,30,8,1,https://openalex.org/W2013929945
0,0,0,0,5,15,4,10,0.1440750360488891,28,7,1,https://openalex.org/W2052144207
0,0,0,0,0,0,12,40,0.1319897174835205,33,12,1,https://openalex.org/W2167824164
0,0,0,0,38,155,4,15,0.1604838967323303,40,5,1,https://openalex.org/W2078319271
0,0,0,0,0,0,0,0,0.1914780735969543,5,1,1,https://openalex.org/W2028712687
0,0,1,5,0,0,18,64,0.1294038891792297,59,13,1,https://openalex.org/W2047883309
0,0,0,0,0,0,0,0,0.0790149569511413,5,3,0,https://openalex.org/W1970607835
0,0,0,0,17,72,8,35,0.1716551780700683,49,14,1,https://openalex.org/W2024359745
0,0,0,0,0,0,0,0,0.2524784803390503,6,2,1,https://openalex.org/W2103743998
0,0,0,0,0,0,0,0,0.1240014433860778,45,4,1,https://openalex.org/W2011549267
0,0,0,0,0,0,2,9,0.2071878314018249,19,9,1,https://openalex.org/W2139969605
0,0,0,0,1,13,0,0,0.1615676879882812,49,8,1,https://openalex.org/W2012882138
0,0,0,0,0,0,0,0,0.1306889057159423,3,0,0,https://openalex.org/W2087436720
0,0,0,0,1,2,0,0,0.1842911839485168,14,3,1,https://openalex.org/W2094100331
0,0,0,0,0,0,0,0,0.1532248258590698,24,2,1,https://openalex.org/W2042926942
0,0,0,0,0,0,0,0,0.1546701578751285,4,1,0,https://openalex.org/W3096460001
0,0,0,0,0,0,0,0,0.0313889384269714,4,0,0,https://openalex.org/W2915944924
0,0,0,0,0,0,0,0,0.1929630637168884,49,7,1,https://openalex.org/W2131021961
0,0,0,0,3,7,1,2,0.2015095353126526,48,8,1,https://openalex.org/W2082139209
0,0,0,0,6,105,6,16,0.184353232383728,32,9,1,https://openalex.org/W2081798406
0,0,0,0,1,3,1,4,0.1992698907852172,29,7,1,https://openalex.org/W1985651013
0,0,0,0,0,0,0,0,0.1742823123931884,17,4,1,https://openalex.org/W2065674069
0,0,0,0,13,57,5,12,0.1951377987861633,28,8,1,https://openalex.org/W2089843487
0,0,0,0,0,0,9,43,0.1571331620216369,37,12,1,https://openalex.org/W2162721454
0,0,0,0,7,16,0,0,0.1934474110603332,28,5,1,https://openalex.org/W1568951420
0,0,0,0,0,0,3,9,0.1636053323745727,25,13,1,https://openalex.org/W2125247608
0,0,0,0,1,2,7,24,0.1428054571151733,34,8,1,https://openalex.org/W1934165844
0,0,1,2,2,4,1,5,0.1555396914482116,34,10,1,https://openalex.org/W2161887026
0,0,0,0,0,0,0,0,0.1088296175003051,3,2,0,https://openalex.org/W2094980996
0,0,0,0,4,19,2,11,0.2541540861129761,57,5,1,https://openalex.org/W2094762672
0,0,0,0,0,0,0,0,0.1662775874137878,36,3,1,https://openalex.org/W1986296659
0,0,0,0,2,4,2,11,0.1109889149665832,49,5,1,https://openalex.org/W1971049828
0,0,0,0,1,10,0,0,0.1615473628044128,14,1,1,https://openalex.org/W2042371394
0,0,2,11,9,32,11,45,0.1199845671653747,30,12,1,https://openalex.org/W2077614495
0,0,0,0,0,0,0,0,0.1101125478744506,3,2,0,https://openalex.org/W2068246688
0,0,0,0,15,46,6,36,0.1579830646514892,35,13,1,https://openalex.org/W2142009669
0,0,0,0,2,7,1,2,0.0578598380088806,31,7,1,https://openalex.org/W2063200338
0,0,0,0,1,4,0,0,0.1047378778457641,8,2,0,https://openalex.org/W2091168080
0,0,1,3,3,19,1,2,0.2161136269569397,26,12,1,https://openalex.org/W2095744250
1,2,2,5,55,216,10,35,0.1381061673164367,48,15,1,https://openalex.org/W2082301910
0,0,0,0,0,0,0,0,0.1104486584663391,6,0,0,https://openalex.org/W2002099163
0,0,1,2,1,3,6,15,0.1481721401214599,34,7,1,https://openalex.org/W1964844451
0,0,1,4,0,0,4,13,0.1868544816970825,22,6,1,https://openalex.org/W2169939339
0,0,0,0,0,0,0,0,0.0878711938858032,7,1,1,https://openalex.org/W2030221004
0,0,0,0,2,9,2,4,0.163492202758789,21,5,1,https://openalex.org/W2127831345
0,0,0,0,2,17,5,13,0.1565719246864318,34,10,1,https://openalex.org/W2003346874
0,0,0,0,1,3,6,15,0.160645842552185,29,13,1,https://openalex.org/W2018674789
0,0,0,0,3,9,12,36,0.1458534002304077,51,18,1,https://openalex.org/W2067206337
0,0,0,0,0,0,1,7,0.1925739645957946,18,4,1,https://openalex.org/W2118638860
0,0,0,0,4,45,5,13,0.1473147869110107,42,7,1,https://openalex.org/W2087439717
0,0,0,0,0,0,0,0,0.0850812196731567,3,0,0,https://openalex.org/W2160298398
0,0,2,8,3,33,1,2,0.133862018585205,34,11,1,https://openalex.org/W2065455571
0,0,1,4,6,43,6,15,0.129750370979309,25,12,1,https://openalex.org/W1544882376
0,0,0,0,2,12,0,0,0.2211621586808573,10,3,1,https://openalex.org/W2114975299
0,0,0,0,10,138,2,5,0.1867691278457641,28,5,1,https://openalex.org/W1974673452
0,0,1,3,4,15,0,0,0.2248054146766662,31,5,1,https://openalex.org/W2051027958
0,0,1,6,13,74,9,188,0.2031311988830566,45,15,1,https://openalex.org/W2015281814
0,0,0,0,7,41,11,30,0.1238132715225219,63,15,1,https://openalex.org/W1995522676
0,0,0,0,1,2,2,4,0.1033660173416137,43,11,1,https://openalex.org/W1995827418
0,0,2,6,20,113,7,15,0.1563063263893127,46,17,1,https://openalex.org/W2018843462
0,0,0,0,0,0,0,0,0.1467512845993042,4,1,1,https://openalex.org/W2073480450
0,0,0,0,0,0,4,11,0.2232338190078735,26,8,1,https://openalex.org/W1974873567
0,0,0,0,0,0,12,47,0.143447995185852,39,18,1,https://openalex.org/W2094015181
0,0,0,0,2,16,1,2,0.1476708650588989,29,6,1,https://openalex.org/W1964301671
0,0,0,0,0,0,21,61,0.1235777139663696,39,18,1,https://openalex.org/W2031761862
0,0,0,0,6,22,5,20,0.1215258836746215,52,15,1,https://openalex.org/W2071051189
0,0,1,3,10,39,25,104,0.1320363879203796,56,20,1,https://openalex.org/W2145474900
0,0,0,0,4,24,4,10,0.209446370601654,34,10,1,https://openalex.org/W1984825532
0,0,1,2,2,17,2,10,0.2039210796356201,43,10,1,https://openalex.org/W3123082030
0,0,0,0,8,30,6,19,0.2290261387825012,28,9,1,https://openalex.org/W2050825157
0,0,0,0,0,0,0,0,0.1682745218276977,38,3,1,https://openalex.org/W2031545789
0,0,0,0,17,85,2,9,0.213631272315979,55,11,1,https://openalex.org/W2085312714
0,0,1,2,13,85,3,7,0.1959330439567566,35,11,1,https://openalex.org/W1978080713
0,0,0,0,7,21,7,17,0.1521493196487426,58,14,1,https://openalex.org/W2001340863
0,0,0,0,0,0,2,6,0.0973724126815796,29,9,1,https://openalex.org/W3168167983
0,0,0,0,1,4,3,8,0.1719960570335388,42,7,1,https://openalex.org/W1969757007
0,0,0,0,7,51,15,63,0.1137779355049133,40,17,1,https://openalex.org/W2004449543
0,0,0,0,0,0,1,2,0.186753511428833,22,4,1,https://openalex.org/W2163174228
0,0,0,0,0,0,0,0,0.1186386942863464,8,3,0,https://openalex.org/W1964718882
0,0,0,0,21,95,5,12,0.1500133275985717,34,7,1,https://openalex.org/W1996710102
0,0,0,0,1,2,8,53,0.1093242168426513,27,10,1,https://openalex.org/W2057053064
0,0,0,0,15,64,0,0,0.2160473465919494,26,2,1,https://openalex.org/W2097959590
0,0,0,0,0,0,0,0,0.1120595335960388,34,7,1,https://openalex.org/W1974320104
0,0,0,0,1,6,4,12,0.1727465391159057,32,11,1,https://openalex.org/W2047946490
0,0,1,2,0,0,2,5,0.2579906582832336,18,9,1,https://openalex.org/W1569812131
0,0,0,0,0,0,0,0,0.0958489775657653,32,4,1,https://openalex.org/W2014046243
0,0,0,0,3,6,1,2,0.1573455929756164,24,9,1,https://openalex.org/W2077049604
0,0,2,5,28,70,4,11,0.1496046185493469,46,16,1,https://openalex.org/W1981366378
0,0,0,0,0,0,3,12,0.2752146426882411,32,7,1,https://openalex.org/W2033531032
1,14,2,19,266,1317,87,262,0.1361088156700134,214,47,1,https://openalex.org/W2006649621
0,0,0,0,3,21,1,2,0.2003872394561767,40,11,1,https://openalex.org/W2022024977
0,0,0,0,0,0,0,0,0.0875799059867858,4,0,0,https://openalex.org/W2050132836
0,0,0,0,0,0,1,3,0.1796687245368957,30,6,1,https://openalex.org/W2026338834
1,2,0,0,11,38,0,0,0.206653356552124,32,12,1,https://openalex.org/W2119419353
0,0,0,0,1,7,0,0,0.19767427444458,35,2,1,https://openalex.org/W2157046290
0,0,0,0,5,25,1,7,0.1577949523925781,37,12,1,https://openalex.org/W2080134701
0,0,0,0,0,0,0,0,0.1634221673011779,31,5,1,https://openalex.org/W1995763588
0,0,0,0,0,0,0,0,0.1502628326416015,29,7,1,https://openalex.org/W2070684192
0,0,2,4,15,77,9,41,0.1678863763809204,48,18,1,https://openalex.org/W2070968380
0,0,1,10,7,31,4,10,0.2208601425231737,32,12,1,https://openalex.org/W2075912427
0,0,1,2,6,14,4,9,0.2329915165901184,23,9,1,https://openalex.org/W2088994820
0,0,0,0,1,14,1,2,0.1743128895759582,46,7,1,https://openalex.org/W4234530292
0,0,0,0,0,0,0,0,0.2316527366638183,21,6,1,https://openalex.org/W2019418632
0,0,0,0,9,49,1,6,0.2397828614876372,35,4,1,https://openalex.org/W2034821474
0,0,1,2,43,525,39,155,0.1945785284042358,72,35,1,https://openalex.org/W2077677227
0,0,0,0,0,0,0,0,0.167048692703247,15,1,1,https://openalex.org/W2133447956
0,0,0,0,0,0,0,0,0.1601466536521911,21,4,1,https://openalex.org/W2056046385
0,0,0,0,6,55,3,17,0.1552557349205017,24,10,1,https://openalex.org/W2057167117
0,0,0,0,0,0,0,0,0.2148725986480713,30,4,1,https://openalex.org/W2068748518
0,0,0,0,4,35,2,5,0.1693100929260254,39,10,1,https://openalex.org/W2092312612
0,0,0,0,6,21,0,0,0.1341418027877807,31,2,1,https://openalex.org/W1479814598
0,0,0,0,0,0,0,0,0.1440737843513488,19,3,1,https://openalex.org/W1967847288
0,0,0,0,0,0,0,0,0.1748871803283691,15,3,1,https://openalex.org/W1968326943
0,0,0,0,0,0,1,2,0.2369550466537475,13,8,1,https://openalex.org/W1983546370
0,0,2,8,8,43,7,15,0.1971215009689331,53,18,1,https://openalex.org/W1988317851
0,0,0,0,6,24,6,18,0.1890930533409119,47,15,1,https://openalex.org/W2021262093
0,0,0,0,12,28,3,14,0.2385889291763305,24,8,1,https://openalex.org/W2027988839
0,0,0,0,8,24,0,0,0.2912637471794161,19,3,1,https://openalex.org/W2036034735
0,0,0,0,0,0,0,0,0.2285383343696594,17,4,1,https://openalex.org/W3122262501
0,0,0,0,22,69,5,24,0.1514411568641662,55,10,1,https://openalex.org/W1965592917
0,0,1,3,1,4,6,19,0.1835350394248962,41,13,1,https://openalex.org/W1988126686
0,0,0,0,1,3,2,4,0.2036104202270508,23,4,1,https://openalex.org/W2000895174
0,0,0,0,1,2,9,73,0.206506609916687,59,12,1,https://openalex.org/W2014153355
0,0,0,0,6,39,2,5,0.2002080678939819,31,9,1,https://openalex.org/W2014251704
0,0,0,0,3,15,6,20,0.1894928812980652,44,13,1,https://openalex.org/W2040015574
0,0,0,0,26,95,24,69,0.2155863046646118,60,18,1,https://openalex.org/W2047599837
0,0,0,0,0,0,0,0,0.2015334367752075,16,1,1,https://openalex.org/W2061884027
0,0,1,4,3,10,0,0,0.2479972839355468,16,5,1,https://openalex.org/W2080905095
0,0,1,2,0,0,0,0,0.1596046469049844,9,2,0,https://openalex.org/W2089425242
0,0,0,0,0,0,0,0,0.1998664736747741,32,4,1,https://openalex.org/W2142154335
0,0,1,2,0,0,0,0,0.1613141894340515,27,6,1,https://openalex.org/W40525639
0,0,0,0,35,99,2,9,0.1496235132217407,46,15,1,https://openalex.org/W218259764
0,0,0,0,0,0,0,0,0.2427647709846496,16,5,1,https://openalex.org/W2002449908
0,0,0,0,0,0,4,9,0.1885508894920349,30,12,1,https://openalex.org/W2023841218
0,0,0,0,2,4,0,0,0.1435956954956054,42,7,1,https://openalex.org/W2098821744
0,0,0,0,4,23,3,10,0.1743843555450439,27,8,1,https://openalex.org/W2018049226
0,0,0,0,10,36,3,7,0.1784852147102356,33,11,1,https://openalex.org/W2071693518
0,0,1,2,35,114,8,23,0.1830655932426453,51,16,1,https://openalex.org/W1992565093
0,0,0,0,4,14,1,17,0.1554716825485229,35,7,1,https://openalex.org/W2050172556
0,0,0,0,4,19,0,0,0.1247056126594543,75,9,1,https://openalex.org/W1506926549
0,0,0,0,5,35,0,0,0.1597434282302856,35,3,1,https://openalex.org/W2069551920
0,0,1,6,0,0,1,2,0.2214224338531494,7,3,1,https://openalex.org/W2040284951
0,0,0,0,0,0,0,0,0.1850171089172363,25,0,1,https://openalex.org/W2044136538
9,29,1,2,159,450,2,6,0.1878780722618103,66,23,1,https://openalex.org/W1591557202
0,0,0,0,0,0,0,0,0.1517499089241027,28,7,1,https://openalex.org/W1957430436
0,0,1,3,0,0,4,13,0.1392270922660827,35,12,1,https://openalex.org/W1931278885
0,0,0,0,27,79,7,15,0.1609440445899963,88,15,1,https://openalex.org/W2028220468
0,0,0,0,1,2,2,9,0.1272068619728088,36,7,1,https://openalex.org/W2072650225
0,0,0,0,4,31,31,102,0.195505598777176,98,23,1,https://openalex.org/W1589381715
0,0,0,0,23,227,7,20,0.1369038224220276,48,14,1,https://openalex.org/W2105637838
0,0,0,0,0,0,0,0,0.1260223388671875,46,5,1,https://openalex.org/W2001486506
0,0,0,0,0,0,0,0,0.1387196183204651,1,0,1,https://openalex.org/W2034161109
0,0,0,0,0,0,5,13,0.2295315955090227,40,11,1,https://openalex.org/W1929602805
1,10,0,0,7,23,0,0,0.2193350195884705,15,3,1,https://openalex.org/W2164938374
0,0,0,0,0,0,0,0,0.1065298318862915,11,0,1,https://openalex.org/W1583713394
0,0,0,0,0,0,1,7,0.0857360363006591,5,2,0,https://openalex.org/W2163234144
0,0,0,0,0,0,0,0,0.2926469445228576,10,3,1,https://openalex.org/W1974857408
0,0,0,0,0,0,0,0,0.2504230737686157,13,0,1,https://openalex.org/W2033427293
0,0,0,0,1,4,0,0,0.1334989070892334,35,7,1,https://openalex.org/W2075987970
0,0,0,0,0,0,0,0,0.0804970264434814,3,0,1,https://openalex.org/W240059865
0,0,0,0,0,0,0,0,0.1427226066589355,13,2,1,https://openalex.org/W1991793782
0,0,0,0,0,0,0,0,0.1675038337707519,25,3,1,https://openalex.org/W1987190081
0,0,0,0,7,83,14,37,0.1473715305328369,56,19,1,https://openalex.org/W1968792832
0,0,2,11,6,40,6,24,0.1407245993614196,29,12,1,https://openalex.org/W1969374468
0,0,0,0,4,9,5,17,0.1547096967697143,33,12,1,https://openalex.org/W2029171935
0,0,0,0,0,0,0,0,0.0605586767196655,5,1,0,https://openalex.org/W2097155621
0,0,0,0,0,0,0,0,0.1106425523757934,3,1,0,https://openalex.org/W2062974187
0,0,0,0,3,6,3,7,0.1170508861541748,32,11,1,https://openalex.org/W2118475123
1,2,0,0,11,37,4,15,0.1493687033653259,47,14,1,https://openalex.org/W2314961792
0,0,1,3,3,6,1,3,0.1503761410713195,23,4,1,https://openalex.org/W2109396803
0,0,0,0,3,13,0,0,0.1672253608703613,28,7,1,https://openalex.org/W2033693360
0,0,0,0,0,0,0,0,0.0867536067962646,6,2,0,https://openalex.org/W2090767044
0,0,0,0,4,319,3,12,0.1726114153861999,35,7,1,https://openalex.org/W2121001699
1,3,0,0,2,4,2,5,0.1744220852851867,33,8,1,https://openalex.org/W2161471882
0,0,0,0,10,315,23,161,0.1952371597290039,36,14,1,https://openalex.org/W2067767241
3,8,3,6,28,83,17,76,0.1528263688087463,44,19,1,https://openalex.org/W2101786234
0,0,0,0,0,0,2,24,0.2042194008827209,39,8,1,https://openalex.org/W2110285583
0,0,1,3,12,159,9,55,0.2934482097625732,30,11,1,https://openalex.org/W1994912512
0,0,0,0,3,21,13,46,0.1546785831451416,40,16,1,https://openalex.org/W2062403587
0,0,0,0,0,0,4,12,0.1547970175743103,40,8,1,https://openalex.org/W2121750334
0,0,0,0,0,0,0,0,0.2201276421546936,30,5,1,https://openalex.org/W2094161093
0,0,0,0,37,298,8,30,0.173109769821167,67,12,1,https://openalex.org/W2126159440
0,0,0,0,2,11,7,22,0.1229414939880371,36,11,1,https://openalex.org/W2046974738
0,0,1,3,41,191,89,609,0.142515480518341,61,36,1,https://openalex.org/W2077496952
0,0,0,0,6,15,0,0,0.1517508029937744,33,3,1,https://openalex.org/W2136812419
0,0,0,0,4,10,1,3,0.1465640068054199,51,7,1,https://openalex.org/W1989649436
0,0,1,2,11,51,1,12,0.1503394246101379,29,8,1,https://openalex.org/W2097165586
0,0,0,0,0,0,8,31,0.0836022496223449,44,13,1,https://openalex.org/W1965731287
0,0,0,0,0,0,0,0,0.1029421091079712,10,1,1,https://openalex.org/W1997952692
0,0,1,2,3,8,2,5,0.1566283106803894,31,9,1,https://openalex.org/W2036772657
0,0,0,0,1,2,1,3,0.1720086932182312,43,9,1,https://openalex.org/W2106248449
0,0,0,0,14,63,23,83,0.1341899633407592,36,22,1,https://openalex.org/W2063318439
0,0,0,0,2,14,6,23,0.2751138806343078,21,11,1,https://openalex.org/W2071443899
0,0,0,0,9,48,10,24,0.2132473587989807,49,13,1,https://openalex.org/W2049792178
0,0,0,0,0,0,1,2,0.1967238187789917,18,5,1,https://openalex.org/W1977117864
0,0,2,10,6,18,25,93,0.1665126085281372,48,21,1,https://openalex.org/W2079549265
0,0,0,0,1,4,0,0,0.1199572086334228,22,8,1,https://openalex.org/W1974626149
0,0,0,0,10,52,8,25,0.1794963479042053,41,12,1,https://openalex.org/W1963565392
0,0,0,0,10,31,9,21,0.2011460065841674,23,10,1,https://openalex.org/W1968488039
0,0,0,0,0,0,0,0,0.3531457539694375,24,1,1,https://openalex.org/W2107483579
1,2,0,0,18,64,2,4,0.1688132882118225,43,11,1,https://openalex.org/W2071065085
0,0,0,0,6,19,2,5,0.2877411842346191,23,6,1,https://openalex.org/W2085043535
0,0,0,0,6,29,8,24,0.1239920258522033,26,13,1,https://openalex.org/W1973830412
0,0,0,0,21,98,0,0,0.1369460821151733,45,11,1,https://openalex.org/W2064139436
0,0,0,0,1,4,2,9,0.1708433628082275,28,8,1,https://openalex.org/W2078550053
1,3,0,0,38,107,2,10,0.2305250167846679,38,18,1,https://openalex.org/W2090712730
0,0,0,0,6,25,0,0,0.2005723714828491,29,7,1,https://openalex.org/W1991979008
0,0,0,0,1,4,3,7,0.2091884571309137,20,9,1,https://openalex.org/W2038891722
0,0,2,7,22,208,1,2,0.1893882762219982,40,8,1,https://openalex.org/W2058406112
0,0,0,0,7,155,8,48,0.0872837305068969,36,12,1,https://openalex.org/W2112864234
0,0,0,0,0,0,0,0,0.1461522579193115,42,5,1,https://openalex.org/W2009437696
0,0,1,15,0,0,1,2,0.1447163820266723,25,8,1,https://openalex.org/W2045485644
0,0,1,6,3,21,0,0,0.1648030281066894,41,9,1,https://openalex.org/W2135678475
0,0,0,0,0,0,2,6,0.1645758152008056,38,9,1,https://openalex.org/W1988077747
0,0,0,0,3,44,2,10,0.1358686089515686,35,9,1,https://openalex.org/W2006771150
0,0,0,0,5,23,1,2,0.1625240445137024,27,7,1,https://openalex.org/W2023845923
0,0,0,0,1,11,3,8,0.1175689697265625,57,11,1,https://openalex.org/W2084803972
0,0,0,0,0,0,2,7,0.1726634502410888,30,9,1,https://openalex.org/W2085450926
0,0,0,0,0,0,5,17,0.1797466278076172,28,15,1,https://openalex.org/W2143944645
0,0,0,0,16,71,4,10,0.2026275992393493,33,14,1,https://openalex.org/W2041759668
0,0,0,0,1,2,0,0,0.231053352355957,12,6,1,https://openalex.org/W2044714302
0,0,0,0,9,29,0,0,0.123514175415039,26,8,1,https://openalex.org/W1988608837
0,0,0,0,0,0,0,0,0.2213438749313354,18,2,1,https://openalex.org/W2035984385
0,0,0,0,9,47,1,3,0.2548599546248589,28,6,1,https://openalex.org/W2023658301
0,0,1,3,0,0,0,0,0.1264262795448303,10,3,1,https://openalex.org/W2235030978
0,0,0,0,1,2,1,2,0.2701677083969116,19,5,1,https://openalex.org/W2051654907
0,0,0,0,0,0,0,0,0.1274187564849853,25,4,1,https://openalex.org/W1974180571
0,0,1,2,11,32,13,37,0.1713016629219055,69,17,1,https://openalex.org/W2170536688
0,0,0,0,0,0,1,2,0.1923725008964538,24,6,1,https://openalex.org/W1580938316
0,0,0,0,0,0,7,16,0.187761902809143,30,10,1,https://openalex.org/W2122632777
0,0,0,0,5,10,2,4,0.1422582864761352,41,13,1,https://openalex.org/W2029882841
0,0,0,0,0,0,25,89,0.1625006794929504,40,18,1,https://openalex.org/W2113231897
0,0,0,0,0,0,3,14,0.1403267979621887,26,6,1,https://openalex.org/W3121494557
0,0,3,9,9,25,4,9,0.1339967250823974,37,11,1,https://openalex.org/W2123486216
2,30,1,8,96,956,29,312,0.1712355613708496,60,16,1,https://openalex.org/W2096239454
0,0,2,9,19,270,15,71,0.1341913938522339,29,15,1,https://openalex.org/W2030097853
0,0,0,0,0,0,1,3,0.1497403979301452,48,5,1,https://openalex.org/W2168576776
0,0,1,4,2,9,0,0,0.1718288660049438,30,5,1,https://openalex.org/W2010499157
0,0,0,0,1,3,3,9,0.1824811697006225,37,7,1,https://openalex.org/W1973814864
0,0,0,0,0,0,0,0,0.1629804372787475,25,6,1,https://openalex.org/W2084240991
0,0,1,5,10,91,3,8,0.2023262977600097,50,14,1,https://openalex.org/W2101791334
0,0,0,0,9,28,3,6,0.1005779504776001,56,8,1,https://openalex.org/W2051900834
0,0,0,0,9,21,0,0,0.128796637058258,44,6,1,https://openalex.org/W2045750379
0,0,1,3,2,10,10,30,0.1163268685340881,28,9,1,https://openalex.org/W1978463037
0,0,0,0,6,39,0,0,0.1119946241378784,35,6,1,https://openalex.org/W2059091133
0,0,0,0,0,0,1,2,0.2238917350769043,29,3,1,https://openalex.org/W1983114006
0,0,3,44,41,282,18,47,0.1878620982170105,38,19,1,https://openalex.org/W2069100305
0,0,0,0,6,15,2,5,0.1471730470657348,34,7,1,https://openalex.org/W2038314536
0,0,0,0,5,14,2,5,0.2358210682868957,27,7,1,https://openalex.org/W2087217377
0,0,1,4,7,27,0,0,0.1797611117362976,39,6,1,https://openalex.org/W2084856515
0,0,1,2,0,0,2,6,0.2095255255699157,41,11,1,https://openalex.org/W2052766867
0,0,0,0,0,0,0,0,0.1599618792533874,21,1,1,https://openalex.org/W2074564286
0,0,1,4,3,18,5,18,0.122560441493988,35,15,1,https://openalex.org/W1999641155
0,0,0,0,2,5,2,4,0.146544873714447,26,9,1,https://openalex.org/W2025638993
0,0,0,0,0,0,0,0,0.1982532739639282,20,0,1,https://openalex.org/W2160164336
0,0,0,0,2,4,3,7,0.1867268681526184,40,10,1,https://openalex.org/W2021169879
0,0,0,0,0,0,0,0,0.2098280787467956,10,1,1,https://openalex.org/W2078884994
0,0,1,2,12,83,6,17,0.1872575879096985,35,10,1,https://openalex.org/W2002260156
0,0,0,0,0,0,11,65,0.2008969187736511,30,10,1,https://openalex.org/W2005671113
0,0,0,0,9,50,7,28,0.1455697417259216,34,11,1,https://openalex.org/W2043164977
0,0,0,0,15,34,4,9,0.1531317234039306,34,13,1,https://openalex.org/W3123970308
0,0,0,0,2,22,31,129,0.164505124092102,42,17,1,https://openalex.org/W2000737702
0,0,1,2,21,79,2,8,0.1641845703125,50,11,1,https://openalex.org/W2085775137
0,0,0,0,6,16,8,28,0.1728315353393554,41,14,1,https://openalex.org/W2123502675
0,0,0,0,0,0,4,14,0.1592308282852172,42,6,1,https://openalex.org/W2005283497
0,0,0,0,1,3,1,8,0.2950299382209778,23,9,1,https://openalex.org/W1982945285
0,0,0,0,0,0,2,9,0.1918395161628723,29,4,1,https://openalex.org/W1975901355
0,0,0,0,42,207,16,61,0.2017402648925781,61,21,1,https://openalex.org/W1971692018
0,0,0,0,0,0,0,0,0.1727402806282043,21,2,1,https://openalex.org/W2020315529
0,0,0,0,2,8,0,0,0.1050422191619873,25,5,1,https://openalex.org/W2128197834
0,0,1,2,18,68,0,0,0.1555210351943969,37,11,1,https://openalex.org/W2104757691
0,0,0,0,3,11,2,34,0.1454458236694336,42,12,1,https://openalex.org/W4233867040
0,0,0,0,0,0,4,13,0.1678122282028198,27,9,1,https://openalex.org/W2117688200
0,0,0,0,3,31,10,41,0.1414797902107238,31,14,1,https://openalex.org/W2150979342
0,0,0,0,0,0,1,3,0.196631908416748,22,7,1,https://openalex.org/W2073956874
0,0,1,2,3,12,1,2,0.2014996409416198,25,4,1,https://openalex.org/W2061787368
0,0,0,0,17,100,27,182,0.125465989112854,50,21,1,https://openalex.org/W2004523724
0,0,0,0,0,0,8,21,0.1615661382675171,22,13,1,https://openalex.org/W2137227356
0,0,2,5,21,117,7,33,0.1719863414764404,45,12,1,https://openalex.org/W2032620300
0,0,1,4,0,0,1,4,0.1665715245227506,32,9,1,https://openalex.org/W2120634176
0,0,0,0,5,11,5,14,0.1641191244125366,31,11,1,https://openalex.org/W2085702360
0,0,0,0,0,0,8,22,0.1836220622062683,33,11,1,https://openalex.org/W1991238852
0,0,0,0,0,0,4,8,0.2001746892929077,23,11,1,https://openalex.org/W2036183689
0,0,0,0,2,18,14,54,0.1540169715881347,32,18,1,https://openalex.org/W2147174122
0,0,0,0,9,63,1,2,0.156807541847229,27,9,1,https://openalex.org/W2004579257
0,0,1,2,4,17,0,0,0.1547871232032776,36,11,1,https://openalex.org/W2165000666
0,0,0,0,4,22,13,49,0.164911150932312,77,16,1,https://openalex.org/W2111156090
0,0,0,0,2,10,0,0,0.2366634607315063,22,8,1,https://openalex.org/W1982682166
0,0,0,0,0,0,5,12,0.1604561805725097,28,13,1,https://openalex.org/W2003599583
0,0,0,0,0,0,1,2,0.1901324987411499,17,3,1,https://openalex.org/W2072835069
0,0,0,0,0,0,5,38,0.1899780035018921,30,9,1,https://openalex.org/W2043455331
0,0,0,0,2,6,3,6,0.292261004447937,24,10,1,https://openalex.org/W2068780868
0,0,1,2,16,78,30,177,0.2299389243125915,54,16,1,https://openalex.org/W2156382411
1,2,1,2,14,40,6,13,0.1486108303070068,41,16,1,https://openalex.org/W2236347344
1,191,2,64,41,962,16,114,0.1780230402946472,53,15,1,https://openalex.org/W2110018436
0,0,1,89,0,0,10,144,0.1219083666801452,21,8,1,https://openalex.org/W2091526600
0,0,2,9,13,35,1,3,0.1745486259460449,42,9,1,https://openalex.org/W1981822660
0,0,0,0,13,59,2,6,0.200511634349823,33,6,1,https://openalex.org/W2082183654
0,0,0,0,15,173,5,21,0.1858752965927124,33,9,1,https://openalex.org/W1968161471
0,0,0,0,36,290,22,65,0.1438625454902649,61,22,1,https://openalex.org/W2159448391
0,0,0,0,2,17,6,15,0.1930044889450073,69,12,1,https://openalex.org/W2109893126
0,0,2,6,14,91,26,91,0.1401937007904052,61,25,1,https://openalex.org/W2036526688
0,0,1,2,8,21,1,2,0.1808407306671142,46,7,1,https://openalex.org/W1520868324
0,0,0,0,2,22,0,0,0.2258895344970524,31,7,1,https://openalex.org/W2082093068
0,0,0,0,0,0,1,6,0.1933550238609314,21,3,1,https://openalex.org/W2117228974
0,0,0,0,5,18,2,8,0.1320670843124389,29,6,1,https://openalex.org/W1998725370
0,0,1,5,33,108,1,3,0.125281274318695,32,8,1,https://openalex.org/W2141307728
0,0,0,0,3,12,1,2,0.1616530418395996,36,5,1,https://openalex.org/W2157785021
0,0,0,0,3,7,2,6,0.1509315967559814,34,6,1,https://openalex.org/W2056672094
0,0,0,0,11,38,4,8,0.2242028713226318,27,6,1,https://openalex.org/W2020310230
0,0,0,0,4,15,5,21,0.185356855392456,24,9,1,https://openalex.org/W2063244724
0,0,1,3,1,5,5,19,0.1345316767692566,29,10,1,https://openalex.org/W2047366276
0,0,0,0,63,221,27,79,0.1805421113967895,117,36,1,https://openalex.org/W2018585692
0,0,1,3,12,90,8,23,0.173686683177948,32,9,1,https://openalex.org/W2040156385
0,0,0,0,0,0,0,0,0.1901301741600037,14,0,1,https://openalex.org/W2033773300
0,0,0,0,0,0,2,7,0.1409534215927124,41,7,1,https://openalex.org/W2022589600
0,0,0,0,0,0,1,2,0.1643038988113403,31,7,1,https://openalex.org/W2028414659
0,0,0,0,2,10,8,38,0.1437439322471619,50,13,1,https://openalex.org/W2027786460
0,0,0,0,1,20,0,0,0.2140244841575622,21,2,1,https://openalex.org/W2000631419
0,0,0,0,0,0,1,2,0.1697239279747009,38,6,1,https://openalex.org/W2035531157
0,0,0,0,6,30,3,11,0.1734281182289123,32,3,1,https://openalex.org/W2009817372
0,0,0,0,4,13,14,29,0.1104947328567504,29,19,1,https://openalex.org/W1888372799
0,0,1,7,6,18,5,11,0.2531732790393654,28,8,1,https://openalex.org/W2171121560
0,0,0,0,5,23,1,2,0.1388658285140991,37,6,1,https://openalex.org/W1965928204
0,0,0,0,11,47,6,21,0.1158538460731506,31,10,1,https://openalex.org/W1538734137
0,0,1,2,28,238,6,19,0.1571393013000488,55,12,1,https://openalex.org/W2050915431
0,0,0,0,0,0,0,0,0.223530113697052,15,2,1,https://openalex.org/W2030484305
0,0,0,0,3,9,17,58,0.1866780519485473,41,14,1,https://openalex.org/W2118683229
0,0,0,0,0,0,3,9,0.2416580915451049,12,8,1,https://openalex.org/W1509503550
0,0,0,0,0,0,0,0,0.2008119821548462,19,1,1,https://openalex.org/W2007641947
0,0,0,0,6,21,8,21,0.1983276605606079,39,13,1,https://openalex.org/W2046306778
0,0,0,0,0,0,9,23,0.1125705242156982,36,16,1,https://openalex.org/W1492926222
0,0,0,0,0,0,2,5,0.1888654828071594,31,6,1,https://openalex.org/W1988733136
0,0,0,0,5,20,1,2,0.1563869714736938,22,4,1,https://openalex.org/W2076352631
0,0,0,0,0,0,2,4,0.1162908673286438,28,6,1,https://openalex.org/W1977657777
0,0,0,0,7,24,12,53,0.1476249098777771,39,12,1,https://openalex.org/W3122125135
0,0,0,0,1,10,0,0,0.2198714017868042,20,3,1,https://openalex.org/W1970479998
0,0,0,0,8,27,4,14,0.1469882130622863,33,11,1,https://openalex.org/W1987521372
0,0,0,0,0,0,0,0,0.1893455982208252,6,2,1,https://openalex.org/W2004410119
0,0,1,4,0,0,1,2,0.2279257178306579,45,10,1,https://openalex.org/W2089068121
0,0,1,2,2,4,2,4,0.1485486030578613,38,7,1,https://openalex.org/W2051186976
0,0,0,0,8,48,22,69,0.123942494392395,37,17,1,https://openalex.org/W2049052342
0,0,0,0,0,0,0,0,0.1388085484504699,24,0,1,https://openalex.org/W1972349450
0,0,0,0,5,39,0,0,0.1255336999893188,20,9,1,https://openalex.org/W1977042511
0,0,0,0,0,0,4,10,0.1711490154266357,36,8,1,https://openalex.org/W2052483894
0,0,0,0,0,0,1,2,0.1109081506729126,35,7,1,https://openalex.org/W2082040414
0,0,0,0,12,46,9,23,0.1458476781845092,36,16,1,https://openalex.org/W2041841943
0,0,2,5,16,37,6,17,0.1458401679992675,40,18,1,https://openalex.org/W2072600780
0,0,0,0,5,20,0,0,0.1388392448425293,31,7,1,https://openalex.org/W1971110819
1,6,1,2,32,291,3,8,0.164150595664978,42,15,1,https://openalex.org/W1972806264
0,0,0,0,1,4,4,11,0.1540096402168274,28,7,1,https://openalex.org/W2138996428
0,0,1,8,1,43,4,15,0.214664340019226,45,8,1,https://openalex.org/W2024879617
0,0,0,0,5,24,5,53,0.1286340951919555,45,8,1,https://openalex.org/W2147314063
0,0,1,3,4,30,3,6,0.1205087900161743,38,9,1,https://openalex.org/W2012440890
0,0,0,0,0,0,0,0,0.2064872247775955,33,6,1,https://openalex.org/W1991013668
0,0,0,0,5,51,1,3,0.1332272291183471,26,9,1,https://openalex.org/W2024065932
0,0,0,0,0,0,0,0,0.1950226426124572,28,6,1,https://openalex.org/W2036306002
0,0,0,0,4,19,6,22,0.3068990078683897,16,9,1,https://openalex.org/W2051175704
0,0,0,0,0,0,1,2,0.1451195478439331,34,7,1,https://openalex.org/W2159707428
0,0,0,0,1,4,2,4,0.2552590637861983,34,7,1,https://openalex.org/W2141849885
0,0,0,0,1,6,2,6,0.1653536558151245,27,6,1,https://openalex.org/W1976357442
0,0,0,0,0,0,1,2,0.1302735209465026,25,9,1,https://openalex.org/W2070178456
0,0,0,0,5,17,6,13,0.174342930316925,35,16,1,https://openalex.org/W2162258520
0,0,0,0,5,37,4,11,0.1067124605178833,21,14,1,https://openalex.org/W2023781153
0,0,0,0,1,2,7,52,0.1210957169532776,38,10,1,https://openalex.org/W2145678281
0,0,0,0,0,0,3,7,0.1483260989189148,42,6,1,https://openalex.org/W1965084916
0,0,1,3,13,54,14,78,0.1604595184326172,43,18,1,https://openalex.org/W2011347987
0,0,0,0,0,0,0,0,0.1197628378868103,7,2,1,https://openalex.org/W2090751193
0,0,0,0,5,15,1,2,0.1722026397605832,29,8,1,https://openalex.org/W1969455413
0,0,0,0,0,0,1,62,0.198085606098175,21,5,1,https://openalex.org/W1973706127
0,0,1,10,5,17,2,8,0.1812819023757931,28,8,1,https://openalex.org/W2094054185
0,0,1,6,8,27,1,4,0.1691970229148864,30,8,1,https://openalex.org/W2032451854
0,0,0,0,0,0,2,6,0.1469854116439819,36,14,1,https://openalex.org/W1972001016
0,0,2,11,0,0,11,28,0.1223256587982177,34,14,1,https://openalex.org/W1965957502
0,0,0,0,0,0,0,0,0.1312828660011291,28,6,1,https://openalex.org/W1979836911
0,0,1,3,9,24,2,6,0.2632684871031384,40,10,1,https://openalex.org/W2035164277
0,0,0,0,0,0,2,52,0.1907096714668579,23,6,1,https://openalex.org/W2048526010
0,0,0,0,0,0,12,31,0.2894746661186218,71,28,1,https://openalex.org/W1997956943
0,0,0,0,0,0,0,0,0.0537852048873901,4,2,1,https://openalex.org/W2037935052
0,0,0,0,0,0,12,79,0.1525648832321167,31,9,1,https://openalex.org/W2043702860
0,0,0,0,0,0,0,0,0.1280140876770019,30,15,1,https://openalex.org/W1749775190
0,0,1,4,0,0,4,11,0.1472076177597046,25,13,1,https://openalex.org/W2068420430
0,0,0,0,6,16,3,7,0.0494597554206848,29,17,1,https://openalex.org/W1747590846
0,0,2,4,7,25,0,0,0.1075127720832824,23,4,1,https://openalex.org/W2024044928
0,0,0,0,18,70,7,23,0.1928235292434692,30,11,1,https://openalex.org/W1977769563
0,0,0,0,4,26,1,6,0.1931484341621399,14,4,1,https://openalex.org/W2133245104
1,6,1,2,13,40,8,29,0.1908332705497741,52,19,1,https://openalex.org/W2092186132
0,0,0,0,8,24,0,0,0.150771677494049,26,0,1,https://openalex.org/W2061624712
0,0,0,0,1,9,5,13,0.1853294968605041,32,16,1,https://openalex.org/W2127054880
0,0,0,0,1,3,11,33,0.0999630093574524,28,17,1,https://openalex.org/W2166775424
0,0,0,0,8,20,2,10,0.1425594687461853,28,16,1,https://openalex.org/W2116237184
0,0,0,0,7,35,1,11,0.1144900918006897,24,7,1,https://openalex.org/W2075689907
0,0,0,0,10,25,6,21,0.2160775661468506,24,12,1,https://openalex.org/W2045050415
