focal_id,issn_clean,SJR Best Quartile
https://openalex.org/W1005578502,0587-4246,Q3
https://openalex.org/W1011142006,0587-4246,Q3
https://openalex.org/W1017588164,0587-4246,Q3
https://openalex.org/W1042179458,0587-4246,Q3
https://openalex.org/W105800485,0029-5450,Q2
https://openalex.org/W109431997,0924-4247,Q1
https://openalex.org/W111365004,0587-4246,Q3
https://openalex.org/W115992965,0078-5466,Q4
https://openalex.org/W1175018801,0587-4246,Q3
https://openalex.org/W125909158,1536-1055,Q2
https://openalex.org/W128818868,0379-6779,Q2
https://openalex.org/W12929161,1565-1339,Q1
https://openalex.org/W133948679,0022-0248,Q1
https://openalex.org/W140937643,0587-4246,Q3
https://openalex.org/W1415547035,1383-5416,Q4
https://openalex.org/W1417478003,0587-4246,Q3
https://openalex.org/W1420488851,0587-4246,Q3
https://openalex.org/W143565109,0168-9002,Q1
https://openalex.org/W1441098579,0029-5922,Q4
https://openalex.org/W144946662,0003-6951,Q1
https://openalex.org/W1466963278,0587-4246,Q3
https://openalex.org/W146845849,0021-8979,Q1
https://openalex.org/W1480454019,1993-5013,Q4
https://openalex.org/W1483252296,0370-1972,Q2
https://openalex.org/W1484455705,0587-4246,Q3
https://openalex.org/W1486142288,1674-1056,Q3
https://openalex.org/W1488167964,0920-5071,Q2
https://openalex.org/W1489448924,0022-2313,Q1
https://openalex.org/W1489625288,0021-8979,Q1
https://openalex.org/W1490314205,1029-8479,Q1
https://openalex.org/W1493061353,0003-6951,Q1
https://openalex.org/W1494263711,1044-5803,Q2
https://openalex.org/W1496819532,0167-577X,Q1
https://openalex.org/W1496898759,0093-3813,Q2
https://openalex.org/W1497884672,1993-5013,Q4
https://openalex.org/W1498047089,0022-3093,Q2
https://openalex.org/W1498774104,0925-3467,Q1
https://openalex.org/W1501176605,0920-5071,Q2
https://openalex.org/W1501637986,0137-5075,Q3
https://openalex.org/W1501995686,0004-6361,Q1
https://openalex.org/W1504087240,0022-2313,Q1
https://openalex.org/W1505143187,0048-6604,Q2
https://openalex.org/W1507016526,0869-8643,Q3
https://openalex.org/W1509503550,1546-542X,Q2
https://openalex.org/W1509844601,0587-4246,Q3
https://openalex.org/W1510289569,0167-577X,Q1
https://openalex.org/W1512489345,1388-6150,Q2
https://openalex.org/W1512846118,1674-1056,Q3
https://openalex.org/W1516560948,0137-5075,Q3
https://openalex.org/W1518620676,0969-806X,Q2
https://openalex.org/W1521674872,0021-8979,Q1
https://openalex.org/W1523454872,0022-2313,Q1
https://openalex.org/W1524690763,0003-6951,Q1
https://openalex.org/W1526929534,0021-8979,Q1
https://openalex.org/W1527430644,0032-5899,Q3
https://openalex.org/W1532898910,1612-2011,Q1
https://openalex.org/W1533656860,1862-6300,Q2
https://openalex.org/W1533928670,0920-5071,Q2
https://openalex.org/W1533959845,0373-2029,Q3
https://openalex.org/W1535151679,0048-6604,Q2
https://openalex.org/W1537927273,0033-068X,Q2
https://openalex.org/W1538044848,0048-6604,Q2
https://openalex.org/W1539301963,0587-4246,Q3
https://openalex.org/W1539609497,0927-7757,-
https://openalex.org/W1541521834,0024-998X,Q3
https://openalex.org/W1541754416,0021-4922,Q2
https://openalex.org/W1541932972,0003-6951,Q1
https://openalex.org/W1542151379,1542-1406,Q3
https://openalex.org/W154351914,1536-1055,Q2
https://openalex.org/W1544138514,1356-5362,Q4
https://openalex.org/W1544285315,0169-4332,-
https://openalex.org/W1544304211,0021-8979,Q1
https://openalex.org/W1544830013,0137-5075,Q3
https://openalex.org/W1548108393,0021-8979,Q1
https://openalex.org/W1548754161,0920-5071,Q2
https://openalex.org/W1550482028,0003-6951,Q1
https://openalex.org/W1550489443,1992-1950,Q4
https://openalex.org/W1551237677,0021-8979,Q1
https://openalex.org/W1552545514,0256-307X,Q2
https://openalex.org/W1554248833,0587-4246,Q3
https://openalex.org/W1556902581,0021-8979,Q1
https://openalex.org/W1557312069,0587-4246,Q3
https://openalex.org/W1557603030,0078-5466,Q4
https://openalex.org/W1558526312,0003-6951,Q1
https://openalex.org/W1559673264,0921-5107,Q2
https://openalex.org/W1560059797,0923-2958,Q2
https://openalex.org/W1560648273,1383-5416,Q4
https://openalex.org/W1561203763,1674-1056,Q3
https://openalex.org/W1561654101,0587-4246,Q3
https://openalex.org/W1562207100,0003-6951,Q1
https://openalex.org/W1562594736,0022-3727,Q1
https://openalex.org/W1562672127,0078-5466,Q4
https://openalex.org/W1564453743,0048-6604,Q2
https://openalex.org/W1564803258,0004-6337,Q2
https://openalex.org/W1565273295,1064-8887,Q3
https://openalex.org/W1565399132,0587-4246,Q3
https://openalex.org/W1565710999,0267-0844,Q3
https://openalex.org/W1567919424,0920-5071,Q2
https://openalex.org/W1570198085,0021-8979,Q1
https://openalex.org/W1572313609,1098-0121,Q1
https://openalex.org/W15738874,0078-5466,Q4
https://openalex.org/W1574339191,0587-4246,Q3
https://openalex.org/W1574850172,0004-6361,Q1
https://openalex.org/W1576483547,0895-3996,Q2
https://openalex.org/W1579244981,0587-4246,Q3
https://openalex.org/W1579351536,0587-4246,Q3
https://openalex.org/W1580396595,0021-4922,Q2
https://openalex.org/W1581168185,0253-6102,Q3
https://openalex.org/W1582329445,0029-5493,Q2
https://openalex.org/W1582705217,1674-1056,Q3
https://openalex.org/W1582817607,0029-5922,Q4
https://openalex.org/W1584225608,1009-0630,Q4
https://openalex.org/W1586035223,0022-2313,Q1
https://openalex.org/W1586526926,1231-0956,Q4
https://openalex.org/W1586773782,0018-9480,Q1
https://openalex.org/W1590018462,0137-5075,Q3
https://openalex.org/W1590523095,0013-4651,Q1
https://openalex.org/W1593003929,0021-8979,Q1
https://openalex.org/W1593036044,1674-1056,Q3
https://openalex.org/W1593515855,0587-4246,Q3
https://openalex.org/W1594649457,0038-1098,Q1
https://openalex.org/W1596715715,0734-2101,Q2
https://openalex.org/W1601733472,0587-4246,Q3
https://openalex.org/W1605377274,0021-8979,Q1
https://openalex.org/W1612334056,0587-4246,Q3
https://openalex.org/W1612579852,0021-8979,Q1
https://openalex.org/W1612674666,0021-4922,Q2
https://openalex.org/W1613406160,0004-6361,Q1
https://openalex.org/W1614647758,0021-8979,Q1
https://openalex.org/W1614820573,0021-8979,Q1
https://openalex.org/W1614899578,0003-6951,Q1
https://openalex.org/W1620408735,0021-8979,Q1
https://openalex.org/W1620977602,0021-8979,Q1
https://openalex.org/W1621405555,0273-1177,-
https://openalex.org/W1622268284,0003-6951,Q1
https://openalex.org/W1623641571,0022-3727,Q1
https://openalex.org/W1623904748,0370-1972,Q2
https://openalex.org/W1624926262,0003-6951,Q1
https://openalex.org/W1625195519,0587-4246,Q3
https://openalex.org/W162848594,0587-4246,Q3
https://openalex.org/W1629819329,0021-8979,Q1
https://openalex.org/W1630013656,0021-8979,Q1
https://openalex.org/W1630602622,0021-8979,Q1
https://openalex.org/W1630627026,0021-8979,Q1
https://openalex.org/W1632220588,0953-8984,Q1
https://openalex.org/W1632266336,0021-8979,Q1
https://openalex.org/W1632800215,0021-8979,Q1
https://openalex.org/W1633068019,0031-9007,Q1
https://openalex.org/W1634516571,0021-8979,Q1
https://openalex.org/W1638978606,0021-8979,Q1
https://openalex.org/W1640192501,0022-4073,Q1
https://openalex.org/W1641471087,0021-8286,Q4
https://openalex.org/W1642237550,0022-4596,Q1
https://openalex.org/W1642368633,0304-8853,Q2
https://openalex.org/W1642944405,0587-4246,Q3
https://openalex.org/W1643518547,0021-8979,Q1
https://openalex.org/W1647327494,0895-7959,Q2
https://openalex.org/W1647782536,0021-8286,Q4
https://openalex.org/W1648234502,0003-6951,Q1
https://openalex.org/W1648445905,0003-6951,Q1
https://openalex.org/W1648964872,0048-6604,Q2
https://openalex.org/W1651639953,0021-8286,Q4
https://openalex.org/W1652035893,0022-3727,Q1
https://openalex.org/W1652369647,0048-6604,Q2
https://openalex.org/W1653731432,0021-8979,Q1
https://openalex.org/W1656153697,0021-9606,Q1
https://openalex.org/W1656177700,1063-7826,Q3
https://openalex.org/W1658079013,0021-8979,Q1
https://openalex.org/W1659716027,0038-1098,Q1
https://openalex.org/W1661915293,0953-8984,Q1
https://openalex.org/W1664126540,0587-4246,Q3
https://openalex.org/W1664155291,0003-6951,Q1
https://openalex.org/W1665242726,1051-8223,Q3
https://openalex.org/W1666403264,0003-6951,Q1
https://openalex.org/W1666958094,0003-6951,Q1
https://openalex.org/W1672602954,0587-4246,Q3
https://openalex.org/W1673770095,0003-6951,Q1
https://openalex.org/W1674820199,0587-4246,Q3
https://openalex.org/W1676490735,0021-8979,Q1
https://openalex.org/W1676968779,0587-4246,Q3
https://openalex.org/W1676990260,0003-6951,Q1
https://openalex.org/W1677123219,0003-6951,Q1
https://openalex.org/W1677178400,0587-4246,Q3
https://openalex.org/W1680247738,0003-6951,Q1
https://openalex.org/W1680988116,0587-4246,Q3
https://openalex.org/W168286875,1226-119X,Q2
https://openalex.org/W1689087203,1343-8875,Q3
https://openalex.org/W1703841598,1526-9914,Q1
https://openalex.org/W1733050585,0004-6361,Q1
https://openalex.org/W1735323273,0029-5450,Q2
https://openalex.org/W1749258668,1388-6150,Q2
https://openalex.org/W1749432595,1674-1056,Q3
https://openalex.org/W1749775190,1546-542X,Q2
https://openalex.org/W1755384488,0169-4332,-
https://openalex.org/W1776262918,0334-6455,Q3
https://openalex.org/W1777008144,1388-6150,Q2
https://openalex.org/W1777692122,1536-1055,Q2
https://openalex.org/W1778822350,0003-6951,Q1
https://openalex.org/W1785341832,0009-2614,Q1
https://openalex.org/W1795720206,1388-6150,Q2
https://openalex.org/W1796826213,1094-4087,Q1
https://openalex.org/W1812326103,1388-6150,Q2
https://openalex.org/W1812926816,0584-8547,Q1
https://openalex.org/W1815358618,0029-5450,Q2
https://openalex.org/W1819934384,1674-1056,Q3
https://openalex.org/W1820095037,1383-5416,Q4
https://openalex.org/W1825790251,1992-2248,Q4
https://openalex.org/W1828302973,1094-4087,Q1
https://openalex.org/W1830541475,1388-6150,Q2
https://openalex.org/W1846697502,0048-6604,Q2
https://openalex.org/W1847130095,1565-1339,Q1
https://openalex.org/W1847157271,1992-1950,Q4
https://openalex.org/W1852357009,1951-6355,Q2
https://openalex.org/W1866395342,0034-6748,Q1
https://openalex.org/W1866450186,0048-6604,Q2
https://openalex.org/W1867966642,0375-9474,Q1
https://openalex.org/W1868617675,1951-6355,Q2
https://openalex.org/W1872233672,0920-5071,Q2
https://openalex.org/W1878697132,1388-6150,Q2
https://openalex.org/W1886015294,1388-6150,Q2
https://openalex.org/W1888372799,1546-542X,Q2
https://openalex.org/W1892992985,0137-5075,Q3
https://openalex.org/W1894300216,0003-6951,Q1
https://openalex.org/W1894785202,1992-1950,Q4
https://openalex.org/W1896562561,1536-1055,Q2
https://openalex.org/W1897220524,1029-8479,Q1
https://openalex.org/W1902735294,0013-4651,Q1
https://openalex.org/W1904916506,0035-001X,Q4
https://openalex.org/W1909043345,0015-0193,Q3
https://openalex.org/W1921382275,1526-9914,Q1
https://openalex.org/W1922197742,0029-5450,Q2
https://openalex.org/W1923191753,0035-001X,Q4
https://openalex.org/W1923204568,1992-1950,Q4
https://openalex.org/W1925621430,0137-5075,Q3
https://openalex.org/W1928146348,1674-1056,Q3
https://openalex.org/W1940339653,0048-6604,Q2
https://openalex.org/W1945399017,0587-4246,Q3
https://openalex.org/W1953854867,0142-2421,Q2
https://openalex.org/W1955208985,0029-5450,Q2
https://openalex.org/W1960330107,1992-2248,Q4
https://openalex.org/W1960986188,0137-5075,Q3
https://openalex.org/W1961674104,0013-4651,Q1
https://openalex.org/W1963502918,0267-0844,Q3
https://openalex.org/W1963507713,0021-4922,Q2
https://openalex.org/W1963554147,1350-4177,Q1
https://openalex.org/W1963579838,0168-9002,Q1
https://openalex.org/W1963582088,1094-4087,Q1
https://openalex.org/W1963599876,0969-806X,Q2
https://openalex.org/W1963650686,0042-207X,Q2
https://openalex.org/W1963656833,1003-6326,Q3
https://openalex.org/W1963663469,0304-8853,Q2
https://openalex.org/W1963677204,0254-0584,Q2
https://openalex.org/W1963681945,0927-7765,Q2
https://openalex.org/W1963684328,0232-1300,Q3
https://openalex.org/W1963685367,0925-4005,Q1
https://openalex.org/W1963687201,0141-3910,Q1
https://openalex.org/W1963692557,1993-5013,Q4
https://openalex.org/W1963709520,0030-4026,Q4
https://openalex.org/W1963743835,0218-3013,Q2
https://openalex.org/W1963767955,1094-4087,Q1
https://openalex.org/W1963771604,0022-3115,Q2
https://openalex.org/W1963786711,0022-0248,Q1
https://openalex.org/W1963793956,1350-4495,Q2
https://openalex.org/W1963802813,0020-4412,Q4
https://openalex.org/W1963808039,0925-4005,Q1
https://openalex.org/W1963819339,1882-0778,Q1
https://openalex.org/W1963831968,1009-0630,Q4
https://openalex.org/W1963866068,0256-307X,Q2
https://openalex.org/W1963947330,0017-9310,Q1
https://openalex.org/W1963951991,0021-4922,Q2
https://openalex.org/W1963956770,0004-640X,Q3
https://openalex.org/W1963960601,0022-0248,Q1
https://openalex.org/W1964010041,0167-9317,Q2
https://openalex.org/W1964010237,0963-8695,Q2
https://openalex.org/W1964034549,0360-3199,Q1
https://openalex.org/W1964094979,0021-8979,Q1
https://openalex.org/W1964109793,0168-9002,Q1
https://openalex.org/W1964115162,0733-8724,Q1
https://openalex.org/W1964133559,0030-3992,Q2
https://openalex.org/W1964265790,1061-933X,Q3
https://openalex.org/W1964272752,0167-7322,Q2
https://openalex.org/W1964288511,0921-5093,Q1
https://openalex.org/W1964294758,0168-9002,Q1
https://openalex.org/W1964310332,0885-3010,Q1
https://openalex.org/W1964318496,0921-4534,Q3
https://openalex.org/W1964319578,1040-2004,Q3
https://openalex.org/W1964329085,0043-1648,Q1
https://openalex.org/W1964367110,0031-8949,Q3
https://openalex.org/W1964375517,0267-0836,Q2
https://openalex.org/W1964393567,0167-9317,Q2
https://openalex.org/W1964416405,0584-8547,Q1
https://openalex.org/W1964452100,0015-0193,Q3
https://openalex.org/W1964465909,0021-4922,Q2
https://openalex.org/W1964471821,0304-8853,Q2
https://openalex.org/W1964482325,0169-4332,-
https://openalex.org/W1964495872,1386-1425,Q2
https://openalex.org/W1964496257,1388-6150,Q2
https://openalex.org/W1964510142,0021-4922,Q2
https://openalex.org/W1964526044,0022-2313,Q1
https://openalex.org/W1964537424,1044-5803,Q2
https://openalex.org/W1964566490,0004-640X,Q3
https://openalex.org/W1964571781,0168-9002,Q1
https://openalex.org/W1964575191,0003-6951,Q1
https://openalex.org/W1964580009,0263-2241,Q3
https://openalex.org/W1964587769,1612-8850,Q2
https://openalex.org/W1964589291,1073-5615,Q1
https://openalex.org/W1964600766,0014-3057,Q1
https://openalex.org/W1964651603,0301-679X,Q1
https://openalex.org/W1964703976,0304-8853,Q2
https://openalex.org/W1964713412,0144-8420,Q2
https://openalex.org/W1964719940,1068-1302,Q3
https://openalex.org/W1964738798,1350-4487,Q2
https://openalex.org/W1964739271,0921-5093,Q1
https://openalex.org/W1964750591,0925-4005,Q1
https://openalex.org/W1964750772,0013-4651,Q1
https://openalex.org/W1964758863,0164-0313,Q3
https://openalex.org/W1964764234,1432-8488,Q2
https://openalex.org/W1964770275,0003-6951,Q1
https://openalex.org/W1964780849,0029-5493,Q2
https://openalex.org/W1964848564,1022-1352,Q1
https://openalex.org/W1964853914,0922-6435,Q3
https://openalex.org/W1964864244,1001-0521,Q3
https://openalex.org/W1964911679,0267-0844,Q3
https://openalex.org/W1964934215,0030-4026,Q4
https://openalex.org/W1964938643,0379-6779,Q2
https://openalex.org/W1964959731,0895-2477,Q3
https://openalex.org/W1964973452,1094-4087,Q1
https://openalex.org/W1964981320,0041-624X,Q1
https://openalex.org/W1964991707,1612-8850,Q2
https://openalex.org/W1964997784,1050-2947,Q1
https://openalex.org/W1964999781,1996-1944,-
https://openalex.org/W1965009221,0953-2048,Q1
https://openalex.org/W1965022419,0003-6951,Q1
https://openalex.org/W1965048618,0970-3950,-
https://openalex.org/W1965061103,0030-4018,Q1
https://openalex.org/W1965093204,0925-4005,Q1
https://openalex.org/W1965094114,0031-9007,Q1
https://openalex.org/W1965117988,1040-2004,Q3
https://openalex.org/W1965120232,1674-1056,Q3
https://openalex.org/W1965133470,0167-9317,Q2
https://openalex.org/W1965146773,1388-6150,Q2
https://openalex.org/W1965162350,0043-1648,Q1
https://openalex.org/W1965170711,0928-0707,Q2
https://openalex.org/W1965171780,0168-9002,Q1
https://openalex.org/W1965174107,0375-9601,Q2
https://openalex.org/W1965280336,0969-806X,Q2
https://openalex.org/W1965285902,0360-3199,Q1
https://openalex.org/W1965323639,0161-0457,Q2
https://openalex.org/W1965338723,0256-307X,Q2
https://openalex.org/W1965341888,0022-2313,Q1
https://openalex.org/W1965355972,1350-4487,Q2
https://openalex.org/W1965407608,0168-9002,Q1
https://openalex.org/W1965427114,0003-6951,Q1
https://openalex.org/W1965427297,1051-8223,Q3
https://openalex.org/W1965429592,0040-6090,Q2
https://openalex.org/W1965449833,1612-8850,Q2
https://openalex.org/W1965451542,0015-0193,Q3
https://openalex.org/W1965500795,0168-9002,Q1
https://openalex.org/W1965508165,0947-7047,Q2
https://openalex.org/W1965515207,0953-4075,Q1
https://openalex.org/W1965537807,0021-4922,Q2
https://openalex.org/W1965542764,0168-583X,Q2
https://openalex.org/W1965542887,0020-4412,Q4
https://openalex.org/W1965560040,0021-8979,Q1
https://openalex.org/W1965561024,0360-3016,Q1
https://openalex.org/W1965585826,1388-6150,Q2
https://openalex.org/W1965592007,0040-6090,Q2
https://openalex.org/W1965613483,1386-1425,Q2
https://openalex.org/W1965622551,0254-0584,Q2
https://openalex.org/W1965661439,1388-6150,Q2
https://openalex.org/W1965684330,1063-7869,Q2
https://openalex.org/W1965692680,0957-0233,Q1
https://openalex.org/W1965704989,1348-6535,Q2
https://openalex.org/W1965731577,0304-3886,Q2
https://openalex.org/W1965739972,0021-8979,Q1
https://openalex.org/W1965747506,0379-6779,Q2
https://openalex.org/W1965752359,1362-1718,Q1
https://openalex.org/W1965768639,0925-4005,Q1
https://openalex.org/W1965769936,0925-9635,Q1
https://openalex.org/W1965793656,1475-7435,Q2
https://openalex.org/W1965834235,0010-5082,Q3
https://openalex.org/W1965884564,0168-9002,Q1
https://openalex.org/W1965910192,0167-9317,Q2
https://openalex.org/W1965914996,1054-660X,Q3
https://openalex.org/W1965915995,0038-1101,Q2
https://openalex.org/W1965920536,0304-8853,Q2
https://openalex.org/W1965945764,0021-8979,Q1
https://openalex.org/W1965967157,0031-9015,Q1
https://openalex.org/W1965976424,0921-4534,Q3
https://openalex.org/W1966019126,0022-2852,Q2
https://openalex.org/W1966026874,0079-6700,Q1
https://openalex.org/W1966038139,0167-577X,Q1
https://openalex.org/W1966055154,0146-9592,Q1
https://openalex.org/W1966061808,1527-3342,Q3
https://openalex.org/W1966072671,1388-6150,Q2
https://openalex.org/W1966079781,1003-6326,Q3
https://openalex.org/W1966082188,0946-2171,Q1
https://openalex.org/W1966091464,0025-5408,Q2
https://openalex.org/W1966092081,0022-2313,Q1
https://openalex.org/W1966112868,0195-928X,Q3
https://openalex.org/W1966118715,1001-6058,Q3
https://openalex.org/W1966172920,1340-6000,Q3
https://openalex.org/W1966188814,0377-0257,Q1
https://openalex.org/W1966197693,1071-0922,Q2
https://openalex.org/W1966198572,0026-2714,Q2
https://openalex.org/W1966221529,1094-4087,Q1
https://openalex.org/W1966228263,0021-8979,Q1
https://openalex.org/W1966251111,1073-5615,Q1
https://openalex.org/W1966292766,1094-4087,Q1
https://openalex.org/W1966302239,1003-6326,Q3
https://openalex.org/W1966347926,0034-6748,Q1
https://openalex.org/W1966350826,0020-4412,Q4
https://openalex.org/W1966425216,0022-3697,Q2
https://openalex.org/W1966430485,1003-6326,Q3
https://openalex.org/W1966433811,0167-9317,Q2
https://openalex.org/W1966457158,1063-7826,Q3
https://openalex.org/W1966467619,0030-4018,Q1
https://openalex.org/W1966470407,0168-9002,Q1
https://openalex.org/W1966475265,0921-4526,Q2
https://openalex.org/W1966491593,0022-2291,Q1
https://openalex.org/W1966494280,1530-437X,Q2
https://openalex.org/W1966497695,1083-3668,Q1
https://openalex.org/W1966523981,0168-9002,Q1
https://openalex.org/W1966565835,0141-3910,Q1
https://openalex.org/W1966601998,0938-1287,Q2
https://openalex.org/W1966634117,0168-9002,Q1
https://openalex.org/W1966646595,0992-7689,Q2
https://openalex.org/W1966658943,1359-6462,Q1
https://openalex.org/W1966703700,0167-2738,Q1
https://openalex.org/W1966705200,0386-2208,Q3
https://openalex.org/W1966715811,0360-3199,Q1
https://openalex.org/W1966752893,0969-8043,Q2
https://openalex.org/W1966775454,0257-8972,Q1
https://openalex.org/W1966782983,0883-7694,Q1
https://openalex.org/W1966785114,0022-2313,Q1
https://openalex.org/W1966788803,1862-5282,Q3
https://openalex.org/W1966792045,0031-8949,Q3
https://openalex.org/W1966792241,0928-0707,Q2
https://openalex.org/W1966801977,0921-5093,Q1
https://openalex.org/W1966873642,1388-6150,Q2
https://openalex.org/W1966889561,0957-0233,Q1
https://openalex.org/W1966900284,0003-7028,Q2
https://openalex.org/W1966901255,1387-1811,Q1
https://openalex.org/W1966906652,0254-0584,Q2
https://openalex.org/W1966952630,0969-806X,Q2
https://openalex.org/W1966966902,0304-8853,Q2
https://openalex.org/W1967014342,0168-9002,Q1
https://openalex.org/W1967023785,1003-6326,Q3
https://openalex.org/W1967025743,1094-4087,Q1
https://openalex.org/W1967035025,0895-2477,Q3
https://openalex.org/W1967039512,0361-5235,Q2
https://openalex.org/W1967042278,1094-4087,Q1
https://openalex.org/W1967099836,0925-9635,Q1
https://openalex.org/W1967105304,1369-8001,Q2
https://openalex.org/W1967116092,0920-5071,Q2
https://openalex.org/W1967120323,0257-8972,Q1
https://openalex.org/W1967131371,0267-0844,Q3
https://openalex.org/W1967149408,1387-1811,Q1
https://openalex.org/W1967152347,0003-6951,Q1
https://openalex.org/W1967153826,1539-7734,Q2
https://openalex.org/W1967232141,1463-9076,Q1
https://openalex.org/W1967283183,0146-9592,Q1
https://openalex.org/W1967321944,0021-4922,Q2
https://openalex.org/W1967329965,0921-4534,Q3
https://openalex.org/W1967333070,1674-1056,Q3
https://openalex.org/W1967360525,0013-4651,Q1
https://openalex.org/W1967362557,0927-0256,Q2
https://openalex.org/W1967408580,0146-9592,Q1
https://openalex.org/W1967411186,0957-0233,Q1
https://openalex.org/W1967427126,0254-0584,Q2
https://openalex.org/W1967460895,1230-3402,Q2
https://openalex.org/W1967475324,0584-8547,Q1
https://openalex.org/W1967490571,0040-6090,Q2
https://openalex.org/W1967517860,0169-4332,-
https://openalex.org/W1967539629,1068-820X,Q4
https://openalex.org/W1967567364,0360-3199,Q1
https://openalex.org/W1967574562,0032-0633,Q2
https://openalex.org/W1967628516,0021-8979,Q1
https://openalex.org/W1967631885,0169-4243,Q2
https://openalex.org/W1967635402,0142-2421,Q2
https://openalex.org/W1967666470,0003-6951,Q1
https://openalex.org/W1967669703,0167-577X,Q1
https://openalex.org/W1967700552,0969-806X,Q2
https://openalex.org/W1967701398,1063-7737,Q3
https://openalex.org/W1967714983,1009-0630,Q4
https://openalex.org/W1967743788,0232-1300,Q3
https://openalex.org/W1967753006,0030-4026,Q4
https://openalex.org/W1967759277,1598-9623,Q2
https://openalex.org/W1967768777,1542-1406,Q3
https://openalex.org/W1967770664,0263-2241,Q3
https://openalex.org/W1967776612,0304-8853,Q2
https://openalex.org/W1967790282,0021-8979,Q1
https://openalex.org/W1967798143,0146-9592,Q1
https://openalex.org/W1967849031,0003-6951,Q1
https://openalex.org/W1967853585,0042-207X,Q2
https://openalex.org/W1967864206,1023-8883,Q2
https://openalex.org/W1967865444,0267-0836,Q2
https://openalex.org/W1967870608,0141-3910,Q1
https://openalex.org/W1967901144,1387-1811,Q1
https://openalex.org/W1967905705,0925-4005,Q1
https://openalex.org/W1967913931,0921-5107,Q2
https://openalex.org/W1967940756,0038-1101,Q2
https://openalex.org/W1967941022,0304-8853,Q2
https://openalex.org/W1967950654,0022-3093,Q2
https://openalex.org/W1967973302,1388-6150,Q2
https://openalex.org/W1968004670,0168-9002,Q1
https://openalex.org/W1968027183,0920-5071,Q2
https://openalex.org/W1968046148,1090-7807,Q1
https://openalex.org/W1968071736,0304-8853,Q2
https://openalex.org/W1968085769,0169-4332,-
https://openalex.org/W1968102521,0040-6090,Q2
https://openalex.org/W1968127699,0167-9317,Q2
https://openalex.org/W1968143815,1348-6535,Q2
https://openalex.org/W1968145392,0253-6102,Q3
https://openalex.org/W1968160380,0304-8853,Q2
https://openalex.org/W1968167502,1364-7830,Q1
https://openalex.org/W1968189297,0169-4332,-
https://openalex.org/W1968202049,0925-9635,Q1
https://openalex.org/W1968212920,0021-8979,Q1
https://openalex.org/W1968217184,0885-3010,Q1
https://openalex.org/W1968224480,0167-577X,Q1
https://openalex.org/W1968229698,0022-3115,Q2
https://openalex.org/W1968284894,0022-2488,Q2
https://openalex.org/W1968318134,1424-8220,Q2
https://openalex.org/W1968346792,0167-577X,Q1
https://openalex.org/W1968375185,0002-9505,Q2
https://openalex.org/W1968381662,0169-4332,-
https://openalex.org/W1968390772,1388-6150,Q2
https://openalex.org/W1968397388,1063-7818,Q2
https://openalex.org/W1968406102,0040-6090,Q2
https://openalex.org/W1968423735,0584-8547,Q1
https://openalex.org/W1968435763,0002-9505,Q2
https://openalex.org/W1968437648,0043-1648,Q1
https://openalex.org/W1968444860,0022-3727,Q1
https://openalex.org/W1968491718,0003-6951,Q1
https://openalex.org/W1968515388,0146-9592,Q1
https://openalex.org/W1968525924,0168-9002,Q1
https://openalex.org/W1968532959,1094-4087,Q1
https://openalex.org/W1968538154,0021-4922,Q2
https://openalex.org/W1968555230,0034-6748,Q1
https://openalex.org/W1968572931,0167-9317,Q2
https://openalex.org/W1968604524,0167-577X,Q1
https://openalex.org/W1968608755,0021-3640,Q2
https://openalex.org/W1968622792,0167-577X,Q1
https://openalex.org/W1968659740,1528-7483,Q1
https://openalex.org/W1968664718,1882-0778,Q1
https://openalex.org/W1968672646,0360-3199,Q1
https://openalex.org/W1968704949,0170-0839,Q2
https://openalex.org/W1968707865,1024-8560,-
https://openalex.org/W1968720792,0040-6090,Q2
https://openalex.org/W1968730327,0169-4332,-
https://openalex.org/W1968792677,0022-3093,Q2
https://openalex.org/W1968807486,0924-2716,Q1
https://openalex.org/W1968816444,1063-7834,Q4
https://openalex.org/W1968848873,0925-4005,Q1
https://openalex.org/W1968848953,0895-2477,Q3
https://openalex.org/W1968849796,0141-3910,Q1
https://openalex.org/W1968871631,0964-1726,Q1
https://openalex.org/W1968881008,1866-6892,Q3
https://openalex.org/W1968889349,0041-624X,Q1
https://openalex.org/W1968900854,1041-1135,Q1
https://openalex.org/W1968929719,0164-0313,Q3
https://openalex.org/W1968953572,0021-8979,Q1
https://openalex.org/W1968959615,0039-6028,Q1
https://openalex.org/W1968968370,0021-8979,Q1
https://openalex.org/W1968969143,0938-1287,Q2
https://openalex.org/W1968987125,1009-0630,Q4
https://openalex.org/W1969025685,0022-3131,Q3
https://openalex.org/W1969029459,0169-4332,-
https://openalex.org/W1969029921,1674-1056,Q3
https://openalex.org/W1969056789,0167-577X,Q1
https://openalex.org/W1969085464,0375-9601,Q2
https://openalex.org/W1969085784,0169-4332,-
https://openalex.org/W1969088835,0304-8853,Q2
https://openalex.org/W1969091702,1882-0778,Q1
https://openalex.org/W1969096120,0004-6361,Q1
https://openalex.org/W1969134611,0257-8972,Q1
https://openalex.org/W1969147200,1073-5623,Q1
https://openalex.org/W1969162473,0168-583X,Q2
https://openalex.org/W1969163400,0022-4073,Q1
https://openalex.org/W1969180048,0014-3057,Q1
https://openalex.org/W1969184753,0038-1101,Q2
https://openalex.org/W1969189558,0168-9002,Q1
https://openalex.org/W1969193536,0375-9474,Q1
https://openalex.org/W1969218530,0034-6748,Q1
https://openalex.org/W1969234569,0170-0839,Q2
https://openalex.org/W1969287582,0040-6090,Q2
https://openalex.org/W1969302278,0217-9849,Q3
https://openalex.org/W1969303262,0042-207X,Q2
https://openalex.org/W1969309829,1073-5615,Q1
https://openalex.org/W1969320080,0146-9592,Q1
https://openalex.org/W1969382438,1001-0521,Q3
https://openalex.org/W1969399858,0043-1648,Q1
https://openalex.org/W1969420035,0254-0584,Q2
https://openalex.org/W1969423607,0003-6951,Q1
https://openalex.org/W1969440416,0040-6090,Q2
https://openalex.org/W1969440782,0021-9606,Q1
https://openalex.org/W1969497599,0360-3199,Q1
https://openalex.org/W1969504456,1001-0521,Q3
https://openalex.org/W1969527026,0040-6031,Q1
https://openalex.org/W1969530042,0361-5235,Q2
https://openalex.org/W1969550590,0379-6779,Q2
https://openalex.org/W1969555949,0042-207X,Q2
https://openalex.org/W1969569899,0167-577X,Q1
https://openalex.org/W1969621123,0168-9002,Q1
https://openalex.org/W1969640291,0021-4922,Q2
https://openalex.org/W1969649289,1386-1425,Q2
https://openalex.org/W1969679266,0257-8972,Q1
https://openalex.org/W1969682316,0892-7057,Q3
https://openalex.org/W1969700384,0969-8043,Q2
https://openalex.org/W1969705987,1063-780X,Q3
https://openalex.org/W1969746418,1068-5200,-
https://openalex.org/W1969767096,0925-3467,Q1
https://openalex.org/W1969781669,0921-4526,Q2
https://openalex.org/W1969792038,1003-6326,Q3
https://openalex.org/W1969792746,0168-583X,Q2
https://openalex.org/W1969793929,1051-8223,Q3
https://openalex.org/W1969812701,0970-3950,-
https://openalex.org/W1969829885,0043-1648,Q1
https://openalex.org/W1969831981,0167-577X,Q1
https://openalex.org/W1969835578,0021-8979,Q1
https://openalex.org/W1969863792,0360-3199,Q1
https://openalex.org/W1969878177,0021-4922,Q2
https://openalex.org/W1969884653,1094-4087,Q1
https://openalex.org/W1969918489,1094-4087,Q1
https://openalex.org/W1969925309,0020-7608,Q2
https://openalex.org/W1969926890,0040-6090,Q2
https://openalex.org/W1969957368,0021-8979,Q1
https://openalex.org/W1969960116,0927-7765,Q2
https://openalex.org/W1970008647,1348-6535,Q2
https://openalex.org/W1970037267,1040-0400,Q3
https://openalex.org/W1970088892,0031-9120,Q3
https://openalex.org/W1970105537,0168-583X,Q2
https://openalex.org/W1970117319,0969-806X,Q2
https://openalex.org/W1970125584,0040-6090,Q2
https://openalex.org/W1970136295,0040-6090,Q2
https://openalex.org/W1970238247,0742-4787,Q1
https://openalex.org/W1970266485,0146-8030,Q3
https://openalex.org/W1970274514,0021-4922,Q2
https://openalex.org/W1970277707,0003-6951,Q1
https://openalex.org/W1970287205,0925-4005,Q1
https://openalex.org/W1970296731,0035-8711,Q1
https://openalex.org/W1970311247,0030-4018,Q1
https://openalex.org/W1970311750,1862-6300,Q2
https://openalex.org/W1970347834,1557-1939,Q3
https://openalex.org/W1970349845,0350-820X,Q3
https://openalex.org/W1970359312,1748-0221,Q1
https://openalex.org/W1970374408,0167-577X,Q1
https://openalex.org/W1970389563,0167-577X,Q1
https://openalex.org/W1970391787,0042-207X,Q2
https://openalex.org/W1970421842,0021-8979,Q1
https://openalex.org/W1970425424,1424-8220,Q2
https://openalex.org/W1970425441,0026-2714,Q2
https://openalex.org/W1970454687,0257-8972,Q1
https://openalex.org/W1970459210,0003-6951,Q1
https://openalex.org/W1970483105,0360-3016,Q1
https://openalex.org/W1970486977,0021-9606,Q1
https://openalex.org/W1970513370,0895-2477,Q3
https://openalex.org/W1970550331,0038-0946,Q3
https://openalex.org/W1970551516,1087-6596,Q4
https://openalex.org/W1970566448,0021-8979,Q1
https://openalex.org/W1970567886,0167-577X,Q1
https://openalex.org/W1970569425,0030-400X,Q4
https://openalex.org/W1970609158,0360-3199,Q1
https://openalex.org/W1970619002,1567-1739,Q2
https://openalex.org/W1970628513,1094-4087,Q1
https://openalex.org/W1970671756,1996-1944,-
https://openalex.org/W1970686489,0010-5082,Q3
https://openalex.org/W1970699209,0953-8984,Q1
https://openalex.org/W1970703911,1094-4087,Q1
https://openalex.org/W1970707766,0040-6090,Q2
https://openalex.org/W1970719606,0379-6779,Q2
https://openalex.org/W1970744926,1616-301X,Q1
https://openalex.org/W1970748534,0925-4005,Q1
https://openalex.org/W1970749942,0003-682X,Q1
https://openalex.org/W1970778678,0020-2967,Q2
https://openalex.org/W1970782496,0921-4534,Q3
https://openalex.org/W1970789316,1536-5379,Q2
https://openalex.org/W1970790028,0379-6779,Q2
https://openalex.org/W1970807589,0925-4005,Q1
https://openalex.org/W1970818565,1290-0729,Q1
https://openalex.org/W1970835462,0170-0839,Q2
https://openalex.org/W1970844765,0018-151X,Q4
https://openalex.org/W1970874682,0168-9002,Q1
https://openalex.org/W1970878849,0040-6090,Q2
https://openalex.org/W1970900528,1674-2001,Q3
https://openalex.org/W1970902078,0022-3131,Q3
https://openalex.org/W1970928897,1936-0851,Q1
https://openalex.org/W1970930615,0021-8979,Q1
https://openalex.org/W1970931450,0029-5515,Q1
https://openalex.org/W1970945086,1434-6060,Q2
https://openalex.org/W1970947208,0146-6410,Q1
https://openalex.org/W1970963094,0924-4247,Q1
https://openalex.org/W1970970853,0015-0193,Q3
https://openalex.org/W1971003907,1386-1425,Q2
https://openalex.org/W1971034798,0925-4005,Q1
https://openalex.org/W1971043168,0021-4922,Q2
https://openalex.org/W1971057583,0043-1648,Q1
https://openalex.org/W1971057793,0091-3286,Q2
https://openalex.org/W1971071334,0267-0836,Q2
https://openalex.org/W1971074733,1567-1739,Q2
https://openalex.org/W1971077706,1348-6535,Q2
https://openalex.org/W1971081014,0273-1177,-
https://openalex.org/W1971082721,0301-679X,Q1
https://openalex.org/W1971094754,0032-5899,Q3
https://openalex.org/W1971105834,0026-2714,Q2
https://openalex.org/W1971105927,0013-4651,Q1
https://openalex.org/W1971117057,1054-660X,Q3
https://openalex.org/W1971157344,0254-0584,Q2
https://openalex.org/W1971220086,0146-9592,Q1
https://openalex.org/W1971229266,0031-9007,Q1
https://openalex.org/W1971231354,0950-0340,Q2
https://openalex.org/W1971248530,1388-6150,Q2
https://openalex.org/W1971282930,1432-8917,Q2
https://openalex.org/W1971287641,0021-8979,Q1
https://openalex.org/W1971352066,0168-9002,Q1
https://openalex.org/W1971371634,1566-1199,Q1
https://openalex.org/W1971376913,1074-1542,Q3
https://openalex.org/W1971416592,1476-1122,Q1
https://openalex.org/W1971419320,0257-8972,Q1
https://openalex.org/W1971426069,1743-9671,Q3
https://openalex.org/W1971432127,0257-8972,Q1
https://openalex.org/W1971445151,0254-0584,Q2
https://openalex.org/W1971491625,0146-9592,Q1
https://openalex.org/W1971503902,0021-8979,Q1
https://openalex.org/W1971524650,0018-9197,Q1
https://openalex.org/W1971525482,0167-577X,Q1
https://openalex.org/W1971527982,0021-4922,Q2
https://openalex.org/W1971543350,0021-8979,Q1
https://openalex.org/W1971566511,0273-1177,-
https://openalex.org/W1971592504,1349-2543,Q3
https://openalex.org/W1971643137,0167-9317,Q2
https://openalex.org/W1971657417,1567-1739,Q2
https://openalex.org/W1971659266,1598-9623,Q2
https://openalex.org/W1971684137,0168-9002,Q1
https://openalex.org/W1971690882,1084-7529,Q1
https://openalex.org/W1971702003,0924-4247,Q1
https://openalex.org/W1971710097,0043-1648,Q1
https://openalex.org/W1971719272,0927-6440,Q3
https://openalex.org/W1971720051,0169-4332,-
https://openalex.org/W1971730588,1674-1056,Q3
https://openalex.org/W1971732276,0029-5493,Q2
https://openalex.org/W1971758945,0146-9592,Q1
https://openalex.org/W1971765209,0040-6090,Q2
https://openalex.org/W1971782262,1009-0630,Q4
https://openalex.org/W1971782683,0272-4324,Q2
https://openalex.org/W1971791799,0267-0836,Q2
https://openalex.org/W1971794343,0003-6951,Q1
https://openalex.org/W1971796810,1862-6300,Q2
https://openalex.org/W1971799809,0167-577X,Q1
https://openalex.org/W1971800767,1348-6535,Q2
https://openalex.org/W1971827553,0869-8643,Q3
https://openalex.org/W1971835423,1862-5282,Q3
https://openalex.org/W1971856819,0146-9592,Q1
https://openalex.org/W1971858868,0217-7323,Q2
https://openalex.org/W1971898531,0042-207X,Q2
https://openalex.org/W1971914896,0168-9002,Q1
https://openalex.org/W1971954753,0254-0584,Q2
https://openalex.org/W1971974644,1054-660X,Q3
https://openalex.org/W1971995772,0011-748X,Q4
https://openalex.org/W1972019349,1003-6326,Q3
https://openalex.org/W1972027048,1068-5200,-
https://openalex.org/W1972028765,0361-5235,Q2
https://openalex.org/W1972035807,0022-3093,Q2
https://openalex.org/W1972047115,0304-8853,Q2
https://openalex.org/W1972047742,0043-1648,Q1
https://openalex.org/W1972050373,1862-5282,Q3
https://openalex.org/W1972101292,0020-4412,Q4
https://openalex.org/W1972124496,0003-6951,Q1
https://openalex.org/W1972152245,1290-0729,Q1
https://openalex.org/W1972156525,0043-1648,Q1
https://openalex.org/W1972198608,0254-0584,Q2
https://openalex.org/W1972214659,0003-6951,Q1
https://openalex.org/W1972223445,0964-1726,Q1
https://openalex.org/W1972225964,0267-0844,Q3
https://openalex.org/W1972235025,1040-2004,Q3
https://openalex.org/W1972241305,0022-3115,Q2
https://openalex.org/W1972254111,1862-5282,Q3
https://openalex.org/W1972285504,1349-2543,Q3
https://openalex.org/W1972292854,0022-2313,Q1
https://openalex.org/W1972304941,0022-2291,Q1
https://openalex.org/W1972307768,1516-1439,Q3
https://openalex.org/W1972330268,0022-3697,Q2
https://openalex.org/W1972367215,0894-0886,-
https://openalex.org/W1972379595,0022-2313,Q1
https://openalex.org/W1972411039,1674-1056,Q3
https://openalex.org/W1972425322,0168-9002,Q1
https://openalex.org/W1972442146,0195-928X,Q3
https://openalex.org/W1972447776,0021-4922,Q2
https://openalex.org/W1972448158,1022-1352,Q1
https://openalex.org/W1972461768,1068-1302,Q3
https://openalex.org/W1972463697,0040-6090,Q2
https://openalex.org/W1972472065,0029-5515,Q1
https://openalex.org/W1972480648,1073-5623,Q1
https://openalex.org/W1972539705,0933-5137,Q3
https://openalex.org/W1972552640,1070-9762,Q4
https://openalex.org/W1972563478,0167-9317,Q2
https://openalex.org/W1972572607,0021-8979,Q1
https://openalex.org/W1972583497,1094-4087,Q1
https://openalex.org/W1972596834,1516-1439,Q3
https://openalex.org/W1972635081,0020-4412,Q4
https://openalex.org/W1972642330,0743-7463,Q1
https://openalex.org/W1972650102,0167-9317,Q2
https://openalex.org/W1972672449,0969-8043,Q2
https://openalex.org/W1972680926,0168-9002,Q1
https://openalex.org/W1972712155,0030-400X,Q4
https://openalex.org/W1972722419,0928-0707,Q2
https://openalex.org/W1972728432,1386-1425,Q2
https://openalex.org/W1972752480,1466-8033,Q1
https://openalex.org/W1972762790,1094-4087,Q1
https://openalex.org/W1972786319,0021-8979,Q1
https://openalex.org/W1972822467,1748-0221,Q1
https://openalex.org/W1972829177,0168-583X,Q2
https://openalex.org/W1972835217,1348-6535,Q2
https://openalex.org/W1972852404,0267-0836,Q2
https://openalex.org/W1972884348,0969-8043,Q2
https://openalex.org/W1972892801,0267-0844,Q3
https://openalex.org/W1972892844,0021-9606,Q1
https://openalex.org/W1972937615,0167-9317,Q2
https://openalex.org/W1972941289,0091-3286,Q2
https://openalex.org/W1972944111,0925-4005,Q1
https://openalex.org/W1972964406,0021-8979,Q1
https://openalex.org/W1972995117,0393-0440,Q2
https://openalex.org/W1973019668,0925-4005,Q1
https://openalex.org/W1973038824,0022-2313,Q1
https://openalex.org/W1973040979,0169-4332,-
https://openalex.org/W1973044341,0022-3115,Q2
https://openalex.org/W1973078455,0038-1098,Q1
https://openalex.org/W1973085310,0030-3992,Q2
https://openalex.org/W1973092747,1424-8220,Q2
https://openalex.org/W1973093689,1862-5282,Q3
https://openalex.org/W1973105828,1388-0764,Q1
https://openalex.org/W1973144953,0921-4526,Q2
https://openalex.org/W1973181081,0043-1648,Q1
https://openalex.org/W1973181610,1003-6326,Q3
https://openalex.org/W1973193160,0360-3199,Q1
https://openalex.org/W1973199007,1612-2011,Q1
https://openalex.org/W1973214781,0003-6951,Q1
https://openalex.org/W1973226860,1862-6300,Q2
https://openalex.org/W1973228999,0267-0836,Q2
https://openalex.org/W1973238329,1040-0400,Q3
https://openalex.org/W1973249199,0168-9002,Q1
https://openalex.org/W1973255446,1386-1425,Q2
https://openalex.org/W1973266364,0043-1648,Q1
https://openalex.org/W1973269101,0921-5093,Q1
https://openalex.org/W1973276023,0168-9002,Q1
https://openalex.org/W1973295638,0304-8853,Q2
https://openalex.org/W1973300510,0304-8853,Q2
https://openalex.org/W1973301002,0022-3727,Q1
https://openalex.org/W1973331675,0003-6951,Q1
https://openalex.org/W1973373322,0927-7757,-
https://openalex.org/W1973386102,1068-5200,-
https://openalex.org/W1973405668,0969-8043,Q2
https://openalex.org/W1973413395,0146-9592,Q1
https://openalex.org/W1973427041,0029-5493,Q2
https://openalex.org/W1973434054,0933-5137,Q3
https://openalex.org/W1973442527,0003-6951,Q1
https://openalex.org/W1973464375,0928-4931,Q2
https://openalex.org/W1973466525,1042-346X,Q2
https://openalex.org/W1973467538,0030-4018,Q1
https://openalex.org/W1973469543,0022-3115,Q2
https://openalex.org/W1973470996,0927-7757,-
https://openalex.org/W1973473783,0020-7608,Q2
https://openalex.org/W1973483933,1063-7826,Q3
https://openalex.org/W1973517534,0003-6951,Q1
https://openalex.org/W1973538442,0360-3016,Q1
https://openalex.org/W1973574000,0003-6951,Q1
https://openalex.org/W1973598663,0040-6090,Q2
https://openalex.org/W1973618862,0026-2714,Q2
https://openalex.org/W1973625866,0375-9474,Q1
https://openalex.org/W1973639662,0038-1101,Q2
https://openalex.org/W1973640290,0003-6951,Q1
https://openalex.org/W1973663676,1044-8632,-
https://openalex.org/W1973666000,0022-3697,Q2
https://openalex.org/W1973673107,0924-4247,Q1
https://openalex.org/W1973704546,0360-3199,Q1
https://openalex.org/W1973724050,0921-5093,Q1
https://openalex.org/W1973729147,0927-7757,-
https://openalex.org/W1973744976,0304-8853,Q2
https://openalex.org/W1973748066,1388-6150,Q2
https://openalex.org/W1973761047,1990-2573,Q2
https://openalex.org/W1973765594,0022-3115,Q2
https://openalex.org/W1973780920,1674-1056,Q3
https://openalex.org/W1973783051,0969-8043,Q2
https://openalex.org/W1973803189,0003-6951,Q1
https://openalex.org/W1973813182,0950-0340,Q2
https://openalex.org/W1973813765,0379-6779,Q2
https://openalex.org/W1973814751,0025-5408,Q2
https://openalex.org/W1973818053,0749-6036,Q2
https://openalex.org/W1973843202,0021-4922,Q2
https://openalex.org/W1973872768,0953-2048,Q1
https://openalex.org/W1973876731,0921-5093,Q1
https://openalex.org/W1973883363,1094-4087,Q1
https://openalex.org/W1973897614,1071-0922,Q2
https://openalex.org/W1973901217,0034-6748,Q1
https://openalex.org/W1973927573,0020-4412,Q4
https://openalex.org/W1973930964,0003-6951,Q1
https://openalex.org/W1973955096,0925-4005,Q1
https://openalex.org/W1973976654,0003-682X,Q1
https://openalex.org/W1973997177,0022-0248,Q1
https://openalex.org/W1974007321,0969-806X,Q2
https://openalex.org/W1974009878,0038-1101,Q2
https://openalex.org/W1974021360,0146-9592,Q1
https://openalex.org/W1974023183,0169-4332,-
https://openalex.org/W1974038097,0360-3199,Q1
https://openalex.org/W1974045639,0011-748X,Q4
https://openalex.org/W1974045931,0010-9525,Q4
https://openalex.org/W1974046249,0022-460X,Q1
https://openalex.org/W1974049682,0925-3467,Q1
https://openalex.org/W1974098174,0168-9002,Q1
https://openalex.org/W1974110462,0167-9295,Q3
https://openalex.org/W1974133862,1003-6326,Q3
https://openalex.org/W1974140108,0970-3950,-
https://openalex.org/W1974142623,0022-3093,Q2
https://openalex.org/W1974149098,1094-4087,Q1
https://openalex.org/W1974172697,0031-8949,Q3
https://openalex.org/W1974186973,1866-6892,Q3
https://openalex.org/W1974203785,0921-4534,Q3
https://openalex.org/W1974204543,0014-3057,Q1
https://openalex.org/W1974281396,1388-6150,Q2
https://openalex.org/W1974291638,1742-5468,Q3
https://openalex.org/W1974295157,0146-9592,Q1
https://openalex.org/W1974310120,0031-8949,Q3
https://openalex.org/W1974322542,0029-5493,Q2
https://openalex.org/W1974332063,0022-460X,Q1
https://openalex.org/W1974336318,0167-9317,Q2
https://openalex.org/W1974348027,0360-3199,Q1
https://openalex.org/W1974362203,1432-8488,Q2
https://openalex.org/W1974379531,0011-748X,Q4
https://openalex.org/W1974379918,1071-0922,Q2
https://openalex.org/W1974401529,0254-0584,Q2
https://openalex.org/W1974403321,1348-6535,Q2
https://openalex.org/W1974405663,1059-9630,Q2
https://openalex.org/W1974412107,1009-0630,Q4
https://openalex.org/W1974472980,1094-4087,Q1
https://openalex.org/W1974475739,1350-4177,Q1
https://openalex.org/W1974498253,0168-9002,Q1
https://openalex.org/W1974500086,0030-4018,Q1
https://openalex.org/W1974500168,1051-8223,Q3
https://openalex.org/W1974529465,1348-6535,Q2
https://openalex.org/W1974539112,0168-583X,Q2
https://openalex.org/W1974539673,0969-806X,Q2
https://openalex.org/W1974551908,0969-8043,Q2
https://openalex.org/W1974569256,1070-664X,Q1
https://openalex.org/W1974613448,1751-8768,Q3
https://openalex.org/W1974633300,0969-806X,Q2
https://openalex.org/W1974637087,0925-3467,Q1
https://openalex.org/W1974652244,1011-1344,Q2
https://openalex.org/W1974674603,0969-8043,Q2
https://openalex.org/W1974676302,0001-4966,Q1
https://openalex.org/W1974677207,1362-1718,Q1
https://openalex.org/W1974686278,0021-4922,Q2
https://openalex.org/W1974710277,0925-3467,Q1
https://openalex.org/W1974725859,0167-577X,Q1
https://openalex.org/W1974732488,0043-1648,Q1
https://openalex.org/W1974763688,1658-3655,-
https://openalex.org/W1974782607,0015-0193,Q3
https://openalex.org/W1974786102,0003-6951,Q1
https://openalex.org/W1974786602,1882-0778,Q1
https://openalex.org/W1974800388,0167-577X,Q1
https://openalex.org/W1974868282,1674-1056,Q3
https://openalex.org/W1974868911,0146-9592,Q1
https://openalex.org/W1974869055,0026-2714,Q2
https://openalex.org/W1974869101,1073-5623,Q1
https://openalex.org/W1974872076,1003-6326,Q3
https://openalex.org/W1974884679,0909-0495,Q1
https://openalex.org/W1974922900,0010-2180,Q1
https://openalex.org/W1974925531,0043-1648,Q1
https://openalex.org/W1974940145,0735-1933,Q1
https://openalex.org/W1974943864,0169-4332,-
https://openalex.org/W1974966614,1001-0521,Q3
https://openalex.org/W1974968049,0921-4526,Q2
https://openalex.org/W1974972976,0254-0584,Q2
https://openalex.org/W1974983676,0256-307X,Q2
https://openalex.org/W1975015449,1064-2269,Q4
https://openalex.org/W1975030409,0040-6090,Q2
https://openalex.org/W1975030843,0026-2714,Q2
https://openalex.org/W1975033150,0022-3727,Q1
https://openalex.org/W1975064940,0946-7076,Q2
https://openalex.org/W1975118976,1742-5468,Q3
https://openalex.org/W1975132030,0953-2048,Q1
https://openalex.org/W1975144000,0921-5107,Q2
https://openalex.org/W1975154697,1359-6462,Q1
https://openalex.org/W1975159777,1388-0764,Q1
https://openalex.org/W1975172958,1003-6326,Q3
https://openalex.org/W1975214424,0921-5093,Q1
https://openalex.org/W1975235755,0022-1481,Q1
https://openalex.org/W1975284893,0360-3199,Q1
https://openalex.org/W1975288095,0022-3727,Q1
https://openalex.org/W1975318664,1063-7834,Q4
https://openalex.org/W1975331273,0921-5093,Q1
https://openalex.org/W1975343053,0925-4005,Q1
https://openalex.org/W1975345202,0146-9592,Q1
https://openalex.org/W1975385289,1463-9076,Q1
https://openalex.org/W1975394934,1094-4087,Q1
https://openalex.org/W1975400628,0001-4966,Q1
https://openalex.org/W1975402685,0022-460X,Q1
https://openalex.org/W1975415506,0043-1648,Q1
https://openalex.org/W1975439467,0022-3093,Q2
https://openalex.org/W1975501698,0143-8166,Q2
https://openalex.org/W1975512388,0273-1177,-
https://openalex.org/W1975514102,0921-4526,Q2
https://openalex.org/W1975538234,0946-2171,Q1
https://openalex.org/W1975551781,0304-8853,Q2
https://openalex.org/W1975593559,0167-577X,Q1
https://openalex.org/W1975611207,0167-9317,Q2
https://openalex.org/W1975628884,0254-0584,Q2
https://openalex.org/W1975647856,0038-1101,Q2
https://openalex.org/W1975672169,0042-207X,Q2
https://openalex.org/W1975692254,0021-8979,Q1
https://openalex.org/W1975704268,0030-4018,Q1
https://openalex.org/W1975712353,1098-0121,Q1
https://openalex.org/W1975714394,0021-4922,Q2
https://openalex.org/W1975828112,0167-577X,Q1
https://openalex.org/W1975828630,0013-4651,Q1
https://openalex.org/W1975865187,0026-2714,Q2
https://openalex.org/W1975869004,1003-6326,Q3
https://openalex.org/W1975922951,0021-9991,Q1
https://openalex.org/W1975923364,0927-7765,Q2
https://openalex.org/W1975925020,0168-583X,Q2
https://openalex.org/W1975964617,0021-9037,Q4
https://openalex.org/W1975969131,0925-4005,Q1
https://openalex.org/W1975975302,0141-3910,Q1
https://openalex.org/W1975975418,1359-6462,Q1
https://openalex.org/W1975981780,0920-5071,Q2
https://openalex.org/W1975983552,0035-8711,Q1
https://openalex.org/W1975985228,1290-0729,Q1
https://openalex.org/W1975993228,0040-6090,Q2
https://openalex.org/W1976004046,0022-0248,Q1
https://openalex.org/W1976022315,1050-2947,Q1
https://openalex.org/W1976024470,0169-4332,-
https://openalex.org/W1976033607,1040-2004,Q3
https://openalex.org/W1976056020,0921-4526,Q2
https://openalex.org/W1976056196,0895-2477,Q3
https://openalex.org/W1976057703,0946-7076,Q2
https://openalex.org/W1976084904,0011-2275,Q3
https://openalex.org/W1976086473,0749-6036,Q2
https://openalex.org/W1976099436,0021-9606,Q1
https://openalex.org/W1976116767,0969-806X,Q2
https://openalex.org/W1976132494,0043-1648,Q1
https://openalex.org/W1976145022,0001-4966,Q1
https://openalex.org/W1976153911,0142-2421,Q2
https://openalex.org/W1976157005,1424-8220,Q2
https://openalex.org/W1976177806,1567-1739,Q2
https://openalex.org/W1976181232,1388-6150,Q2
https://openalex.org/W1976299786,0042-207X,Q2
https://openalex.org/W1976303305,1432-8488,Q2
https://openalex.org/W1976373290,0964-1726,Q1
https://openalex.org/W1976384109,1094-4087,Q1
https://openalex.org/W1976390395,0957-4522,Q2
https://openalex.org/W1976399625,0021-4922,Q2
https://openalex.org/W1976439692,1094-4087,Q1
https://openalex.org/W1976453691,0932-3414,Q4
https://openalex.org/W1976481715,1598-9623,Q2
https://openalex.org/W1976497308,0304-8853,Q2
https://openalex.org/W1976504006,0360-3199,Q1
https://openalex.org/W1976541699,0921-4526,Q2
https://openalex.org/W1976547997,0168-9002,Q1
https://openalex.org/W1976566465,1054-660X,Q3
https://openalex.org/W1976599400,0927-7765,Q2
https://openalex.org/W1976605625,0909-0495,Q1
https://openalex.org/W1976613718,0043-1648,Q1
https://openalex.org/W1976614225,1359-6462,Q1
https://openalex.org/W1976620510,0040-6090,Q2
https://openalex.org/W1976640896,1612-8850,Q2
https://openalex.org/W1976662168,0170-0839,Q2
https://openalex.org/W1976665317,1009-0630,Q4
https://openalex.org/W1976680192,0167-577X,Q1
https://openalex.org/W1976688871,1023-8883,Q2
https://openalex.org/W1976695910,0946-2171,Q1
https://openalex.org/W1976709848,0043-1648,Q1
https://openalex.org/W1976710432,0920-5071,Q2
https://openalex.org/W1976728879,1551-319X,Q1
https://openalex.org/W1976740349,1567-1739,Q2
https://openalex.org/W1976771378,0038-1101,Q2
https://openalex.org/W1976773451,1567-1739,Q2
https://openalex.org/W1976775902,0011-748X,Q4
https://openalex.org/W1976777681,0040-6090,Q2
https://openalex.org/W1976779719,0021-8979,Q1
https://openalex.org/W1976784962,0044-2968,Q2
https://openalex.org/W1976810005,0921-5093,Q1
https://openalex.org/W1976822787,0168-9002,Q1
https://openalex.org/W1976824433,0946-2171,Q1
https://openalex.org/W1976851751,0301-679X,Q1
https://openalex.org/W1976896934,1388-0764,Q1
https://openalex.org/W1976958878,1073-5623,Q1
https://openalex.org/W1976959066,0022-3697,Q2
https://openalex.org/W1977020085,0378-4371,Q2
https://openalex.org/W1977022960,0021-4922,Q2
https://openalex.org/W1977023332,0925-4005,Q1
https://openalex.org/W1977026174,0254-0584,Q2
https://openalex.org/W1977036081,0921-4526,Q2
https://openalex.org/W1977055571,0029-5493,Q2
https://openalex.org/W1977055733,0168-9002,Q1
https://openalex.org/W1977102614,1063-7761,Q3
https://openalex.org/W1977103621,0022-2348,Q3
https://openalex.org/W1977183222,0731-5171,Q3
https://openalex.org/W1977197417,0257-8972,Q1
https://openalex.org/W1977225917,0921-5093,Q1
https://openalex.org/W1977256379,0021-8979,Q1
https://openalex.org/W1977263762,0022-3115,Q2
https://openalex.org/W1977267490,0142-2421,Q2
https://openalex.org/W1977284770,1068-820X,Q4
https://openalex.org/W1977342474,0378-3812,Q1
https://openalex.org/W1977357445,0167-9317,Q2
https://openalex.org/W1977379893,0040-6031,Q1
https://openalex.org/W1977385816,0749-6036,Q2
https://openalex.org/W1977394075,0021-8979,Q1
https://openalex.org/W1977395058,0969-8043,Q2
https://openalex.org/W1977423751,0017-9310,Q1
https://openalex.org/W1977425055,0933-5137,Q3
https://openalex.org/W1977433464,0014-3057,Q1
https://openalex.org/W1977453710,0022-3727,Q1
https://openalex.org/W1977497066,1048-9002,Q1
https://openalex.org/W1977514134,0090-3752,Q2
https://openalex.org/W1977532788,1424-8220,Q2
https://openalex.org/W1977537902,0009-2614,Q1
https://openalex.org/W1977542731,0969-806X,Q2
https://openalex.org/W1977551098,0263-2241,Q3
https://openalex.org/W1977565662,0938-0108,Q3
https://openalex.org/W1977578120,1335-8871,Q4
https://openalex.org/W1977581774,0953-8984,Q1
https://openalex.org/W1977600801,1748-3387,Q1
https://openalex.org/W1977627071,1094-4087,Q1
https://openalex.org/W1977693960,1094-4087,Q1
https://openalex.org/W1977712060,1044-5803,Q2
https://openalex.org/W1977717550,1094-4087,Q1
https://openalex.org/W1977725796,1567-1739,Q2
https://openalex.org/W1977738525,1094-4087,Q1
https://openalex.org/W1977767674,0267-0844,Q3
https://openalex.org/W1977769559,1054-660X,Q3
https://openalex.org/W1977785741,1040-2004,Q3
https://openalex.org/W1977803167,1070-664X,Q1
https://openalex.org/W1977815151,0946-2171,Q1
https://openalex.org/W1977832412,0047-2689,Q1
https://openalex.org/W1977841869,1003-6326,Q3
https://openalex.org/W1977848346,0933-5137,Q3
https://openalex.org/W1977880122,0022-4715,Q2
https://openalex.org/W1977889990,0301-679X,Q1
https://openalex.org/W1977906831,1094-4087,Q1
https://openalex.org/W1977909133,1674-1056,Q3
https://openalex.org/W1977915313,0141-3910,Q1
https://openalex.org/W1977936566,0021-4922,Q2
https://openalex.org/W1977958943,0003-7028,Q2
https://openalex.org/W1977982559,1359-6462,Q1
https://openalex.org/W1977986618,0014-3057,Q1
https://openalex.org/W1977998265,0360-3199,Q1
https://openalex.org/W1978005140,0167-9317,Q2
https://openalex.org/W1978029481,0003-6951,Q1
https://openalex.org/W1978032655,0168-9002,Q1
https://openalex.org/W1978049010,0263-6174,Q3
https://openalex.org/W1978063456,0003-6951,Q1
https://openalex.org/W1978094812,1054-660X,Q3
https://openalex.org/W1978105301,0964-1726,Q1
https://openalex.org/W1978110045,0921-5093,Q1
https://openalex.org/W1978128406,0969-8043,Q2
https://openalex.org/W1978133304,0022-3697,Q2
https://openalex.org/W1978144747,0022-3115,Q2
https://openalex.org/W1978163042,0040-6090,Q2
https://openalex.org/W1978192611,0273-1177,-
https://openalex.org/W1978205148,0304-3991,Q1
https://openalex.org/W1978207749,1040-0400,Q3
https://openalex.org/W1978226495,0022-3115,Q2
https://openalex.org/W1978262992,0035-8711,Q1
https://openalex.org/W1978269022,1567-1739,Q2
https://openalex.org/W1978272516,0021-1575,Q3
https://openalex.org/W1978276800,0003-6951,Q1
https://openalex.org/W1978282187,1022-1360,Q2
https://openalex.org/W1978285339,0034-6748,Q1
https://openalex.org/W1978304706,0957-4522,Q2
https://openalex.org/W1978323532,1063-7826,Q3
https://openalex.org/W1978324274,0301-679X,Q1
https://openalex.org/W1978349489,0969-806X,Q2
https://openalex.org/W1978377928,0957-4522,Q2
https://openalex.org/W1978378012,0257-8972,Q1
https://openalex.org/W1978384244,0042-207X,Q2
https://openalex.org/W1978391213,1063-7710,Q3
https://openalex.org/W1978407749,0921-4526,Q2
https://openalex.org/W1978440333,1040-2004,Q3
https://openalex.org/W1978444409,0304-4289,Q4
https://openalex.org/W1978447579,1073-5623,Q1
https://openalex.org/W1978466754,0015-0193,Q3
https://openalex.org/W1978477620,1063-7834,Q4
https://openalex.org/W1978519875,0921-5093,Q1
https://openalex.org/W1978537897,0743-7463,Q1
https://openalex.org/W1978597103,1944-8201,Q1
https://openalex.org/W1978638484,1348-6535,Q2
https://openalex.org/W1978656374,0022-2313,Q1
https://openalex.org/W1978671862,1044-5803,Q2
https://openalex.org/W1978684668,0022-2313,Q1
https://openalex.org/W1978694145,0169-4332,-
https://openalex.org/W1978730556,0946-2171,Q1
https://openalex.org/W1978738076,1063-7834,Q4
https://openalex.org/W1978782301,0146-9592,Q1
https://openalex.org/W1978788182,0368-2048,Q1
https://openalex.org/W1978790116,0969-8043,Q2
https://openalex.org/W1978805848,1424-8220,Q2
https://openalex.org/W1978809079,0003-6951,Q1
https://openalex.org/W1978817991,0040-6090,Q2
https://openalex.org/W1978823656,0957-0233,Q1
https://openalex.org/W1978830002,0954-3899,Q1
https://openalex.org/W1978833078,0167-577X,Q1
https://openalex.org/W1978924022,0146-9592,Q1
https://openalex.org/W1978963413,0360-3199,Q1
https://openalex.org/W1978964093,0734-2101,Q2
https://openalex.org/W1978997042,0393-0440,Q2
https://openalex.org/W1979006213,0925-9635,Q1
https://openalex.org/W1979031160,0167-9317,Q2
https://openalex.org/W1979056121,0040-6090,Q2
https://openalex.org/W1979057079,1094-4087,Q1
https://openalex.org/W1979060063,1063-7869,Q2
https://openalex.org/W1979068758,0895-2477,Q3
https://openalex.org/W1979107336,0921-5093,Q1
https://openalex.org/W1979112686,0254-0584,Q2
https://openalex.org/W1979113329,0928-0707,Q2
https://openalex.org/W1979117464,1348-6535,Q2
https://openalex.org/W1979125264,0895-2477,Q3
https://openalex.org/W1979127810,0584-8547,Q1
https://openalex.org/W1979135957,0969-806X,Q2
https://openalex.org/W1979140228,0927-7765,Q2
https://openalex.org/W1979161199,1612-8850,Q2
https://openalex.org/W1979165821,0379-6779,Q2
https://openalex.org/W1979186657,0921-5093,Q1
https://openalex.org/W1979199999,0025-5408,Q2
https://openalex.org/W1979230671,0304-8853,Q2
https://openalex.org/W1979231830,0273-1177,-
https://openalex.org/W1979233322,1068-5200,-
https://openalex.org/W1979245058,0022-3115,Q2
https://openalex.org/W1979262031,0169-4243,Q2
https://openalex.org/W1979272089,0022-460X,Q1
https://openalex.org/W1979284010,0031-8949,Q3
https://openalex.org/W1979285817,0895-7959,Q2
https://openalex.org/W1979294765,0168-583X,Q2
https://openalex.org/W1979310335,1516-1439,Q3
https://openalex.org/W1979321458,0091-3286,Q2
https://openalex.org/W1979321485,1359-6462,Q1
https://openalex.org/W1979329887,1612-8850,Q2
https://openalex.org/W1979335543,0034-6748,Q1
https://openalex.org/W1979419980,1070-6631,Q1
https://openalex.org/W1979425880,1098-4402,Q1
https://openalex.org/W1979426547,0301-0104,Q1
https://openalex.org/W1979427203,1094-4087,Q1
https://openalex.org/W1979433630,1362-1718,Q1
https://openalex.org/W1979447746,0043-1648,Q1
https://openalex.org/W1979450606,0920-5071,Q2
https://openalex.org/W1979453236,1466-8033,Q1
https://openalex.org/W1979470398,0361-5235,Q2
https://openalex.org/W1979474679,0021-8979,Q1
https://openalex.org/W1979483570,0018-926X,Q1
https://openalex.org/W1979529549,0143-8166,Q2
https://openalex.org/W1979565095,0267-0844,Q3
https://openalex.org/W1979586178,0895-2477,Q3
https://openalex.org/W1979593916,0232-1300,Q3
https://openalex.org/W1979606455,0946-7076,Q2
https://openalex.org/W1979613305,0022-3115,Q2
https://openalex.org/W1979618833,0350-820X,Q3
https://openalex.org/W1979655428,0042-207X,Q2
https://openalex.org/W1979656632,1386-1425,Q2
https://openalex.org/W1979680590,0034-6748,Q1
https://openalex.org/W1979685015,1882-0778,Q1
https://openalex.org/W1979686843,0021-4922,Q2
https://openalex.org/W1979697379,0928-4931,Q2
https://openalex.org/W1979711696,0168-9002,Q1
https://openalex.org/W1979712792,0969-8043,Q2
https://openalex.org/W1979712937,0947-7047,Q2
https://openalex.org/W1979713796,0038-1101,Q2
https://openalex.org/W1979714423,1424-8220,Q2
https://openalex.org/W1979739589,1612-2011,Q1
https://openalex.org/W1979788429,1073-5615,Q1
https://openalex.org/W1979796035,0168-583X,Q2
https://openalex.org/W1979804119,0267-0844,Q3
https://openalex.org/W1979819145,0304-8853,Q2
https://openalex.org/W1979840704,0257-8972,Q1
https://openalex.org/W1979843062,1463-9076,Q1
https://openalex.org/W1979851982,0925-3467,Q1
https://openalex.org/W1979857241,1063-7745,Q4
https://openalex.org/W1979857383,0022-3115,Q2
https://openalex.org/W1979863628,1003-6326,Q3
https://openalex.org/W1979868403,0169-4332,-
https://openalex.org/W1979881937,0169-4332,-
https://openalex.org/W1979899186,0252-9602,Q3
https://openalex.org/W1979900082,0885-7156,Q3
https://openalex.org/W1979909717,0360-3199,Q1
https://openalex.org/W1979917753,0022-3115,Q2
https://openalex.org/W1979929602,1388-6150,Q2
https://openalex.org/W1979946478,0020-7608,Q2
https://openalex.org/W1979947906,0921-5093,Q1
https://openalex.org/W1979993529,0003-6951,Q1
https://openalex.org/W1980019342,1094-4087,Q1
https://openalex.org/W1980024840,1674-1056,Q3
https://openalex.org/W1980026953,0031-8949,Q3
https://openalex.org/W1980033408,0167-577X,Q1
https://openalex.org/W1980034908,1674-2001,Q3
https://openalex.org/W1980045215,1350-4487,Q2
https://openalex.org/W1980078076,0168-9002,Q1
https://openalex.org/W1980078357,0921-4534,Q3
https://openalex.org/W1980084659,1094-4087,Q1
https://openalex.org/W1980085824,0895-2477,Q3
https://openalex.org/W1980093389,1028-3358,Q3
https://openalex.org/W1980103290,0909-0495,Q1
https://openalex.org/W1980118670,0969-806X,Q2
https://openalex.org/W1980136953,0022-3727,Q1
https://openalex.org/W1980177636,0964-1726,Q1
https://openalex.org/W1980177791,0957-0233,Q1
https://openalex.org/W1980185874,0950-0340,Q2
https://openalex.org/W1980236888,1003-6326,Q3
https://openalex.org/W1980247323,1094-4087,Q1
https://openalex.org/W1980254683,0022-460X,Q1
https://openalex.org/W1980257784,0257-8972,Q1
https://openalex.org/W1980262418,0921-5093,Q1
https://openalex.org/W1980269044,0022-460X,Q1
https://openalex.org/W1980271528,1612-2011,Q1
https://openalex.org/W1980279518,0379-6779,Q2
https://openalex.org/W1980298426,0146-9592,Q1
https://openalex.org/W1980350457,0921-5093,Q1
https://openalex.org/W1980353747,0021-8979,Q1
https://openalex.org/W1980358127,0167-9317,Q2
https://openalex.org/W1980378228,0256-307X,Q2
https://openalex.org/W1980385836,0020-7683,Q1
https://openalex.org/W1980404034,0003-6951,Q1
https://openalex.org/W1980404251,1388-6150,Q2
https://openalex.org/W1980420689,1359-6462,Q1
https://openalex.org/W1980444961,0256-307X,Q2
https://openalex.org/W1980512471,0021-8979,Q1
https://openalex.org/W1980520315,0254-0584,Q2
https://openalex.org/W1980545820,0167-2738,Q1
https://openalex.org/W1980599526,1094-4087,Q1
https://openalex.org/W1980609087,0029-5493,Q2
https://openalex.org/W1980643651,0922-6435,Q3
https://openalex.org/W1980652621,0021-8979,Q1
https://openalex.org/W1980675701,1528-7483,Q1
https://openalex.org/W1980685023,0924-4247,Q1
https://openalex.org/W1980701612,0146-9592,Q1
https://openalex.org/W1980702192,0167-577X,Q1
https://openalex.org/W1980715122,0026-2714,Q2
https://openalex.org/W1980720305,0953-2048,Q1
https://openalex.org/W1980735951,1350-6501,Q2
https://openalex.org/W1980751950,0304-8853,Q2
https://openalex.org/W1980773891,1022-1360,Q2
https://openalex.org/W1980780326,0040-6031,Q1
https://openalex.org/W1980808284,0034-6748,Q1
https://openalex.org/W1980808409,0003-6951,Q1
https://openalex.org/W1980827053,0038-1101,Q2
https://openalex.org/W1980846053,0168-9002,Q1
https://openalex.org/W1980859699,0895-2477,Q3
https://openalex.org/W1980860811,0014-3057,Q1
https://openalex.org/W1980905712,1516-1439,Q3
https://openalex.org/W1980928165,0040-6031,Q1
https://openalex.org/W1980937502,0254-0584,Q2
https://openalex.org/W1980947001,0144-8420,Q2
https://openalex.org/W1980974281,0029-5493,Q2
https://openalex.org/W1980976524,1073-5615,Q1
https://openalex.org/W1980980763,0030-4026,Q4
https://openalex.org/W1980990497,1063-7818,Q2
https://openalex.org/W1980999077,0009-2614,Q1
https://openalex.org/W1981044052,0969-806X,Q2
https://openalex.org/W1981102223,0019-0578,Q2
https://openalex.org/W1981120200,0022-3697,Q2
https://openalex.org/W1981139778,0040-6090,Q2
https://openalex.org/W1981168217,0021-4922,Q2
https://openalex.org/W1981177474,0021-1575,Q3
https://openalex.org/W1981300040,0003-6951,Q1
https://openalex.org/W1981307177,0927-6440,Q3
https://openalex.org/W1981320208,0304-8853,Q2
https://openalex.org/W1981333432,1387-3806,Q1
https://openalex.org/W1981334237,0514-5163,Q3
https://openalex.org/W1981339021,0167-577X,Q1
https://openalex.org/W1981342102,0043-1648,Q1
https://openalex.org/W1981354697,0361-5235,Q2
https://openalex.org/W1981369310,0921-5093,Q1
https://openalex.org/W1981374465,0034-6748,Q1
https://openalex.org/W1981379450,0964-1726,Q1
https://openalex.org/W1981382111,1098-0121,Q1
https://openalex.org/W1981390624,0955-5986,Q2
https://openalex.org/W1981442261,1424-8220,Q2
https://openalex.org/W1981445533,0021-4922,Q2
https://openalex.org/W1981464461,0168-583X,Q2
https://openalex.org/W1981468520,1367-2630,Q1
https://openalex.org/W1981476872,0969-806X,Q2
https://openalex.org/W1981483535,0267-8292,Q2
https://openalex.org/W1981486700,0021-8979,Q1
https://openalex.org/W1981495316,1098-4402,Q1
https://openalex.org/W1981520508,1810-6528,Q2
https://openalex.org/W1981551180,1528-7483,Q1
https://openalex.org/W1981583519,1862-6300,Q2
https://openalex.org/W1981598801,0954-3899,Q1
https://openalex.org/W1981601572,0011-2275,Q3
https://openalex.org/W1981605168,0091-3286,Q2
https://openalex.org/W1981613881,0042-207X,Q2
https://openalex.org/W1981614808,1862-6300,Q2
https://openalex.org/W1981624014,0146-9592,Q1
https://openalex.org/W1981626772,1350-4487,Q2
https://openalex.org/W1981652830,0014-3057,Q1
https://openalex.org/W1981664373,1068-3755,Q4
https://openalex.org/W1981693109,0043-1648,Q1
https://openalex.org/W1981710551,0169-4332,-
https://openalex.org/W1981721034,0168-583X,Q2
https://openalex.org/W1981726556,0267-0844,Q3
https://openalex.org/W1981731139,0013-4651,Q1
https://openalex.org/W1981745713,0921-5093,Q1
https://openalex.org/W1981752196,0921-5093,Q1
https://openalex.org/W1981812667,1749-4699,Q1
https://openalex.org/W1981823958,0168-9002,Q1
https://openalex.org/W1981855776,1387-3806,Q1
https://openalex.org/W1981885907,0146-9592,Q1
https://openalex.org/W1981894609,0167-2738,Q1
https://openalex.org/W1981901041,0734-2101,Q2
https://openalex.org/W1981902384,0167-2738,Q1
https://openalex.org/W1981939339,1061-9127,-
https://openalex.org/W1981959407,0167-9317,Q2
https://openalex.org/W1981960741,0022-3093,Q2
https://openalex.org/W1982011965,0026-2714,Q2
https://openalex.org/W1982057447,0921-4526,Q2
https://openalex.org/W1982077017,0263-2241,Q3
https://openalex.org/W1982109407,0257-8972,Q1
https://openalex.org/W1982129535,0924-4247,Q1
https://openalex.org/W1982137797,0022-3115,Q2
https://openalex.org/W1982144655,0920-5071,Q2
https://openalex.org/W1982154004,0379-6779,Q2
https://openalex.org/W1982156963,0957-4522,Q2
https://openalex.org/W1982172876,0954-0911,Q3
https://openalex.org/W1982183707,0010-5082,Q3
https://openalex.org/W1982207561,0169-4332,-
https://openalex.org/W1982216843,0040-6090,Q2
https://openalex.org/W1982225898,0022-3115,Q2
https://openalex.org/W1982229936,0025-6455,Q3
https://openalex.org/W1982238689,0004-6337,Q2
https://openalex.org/W1982255188,0022-3697,Q2
https://openalex.org/W1982291211,0379-7112,Q2
https://openalex.org/W1982304840,0927-7765,Q2
https://openalex.org/W1982322701,0146-9592,Q1
https://openalex.org/W1982381289,0003-682X,Q1
https://openalex.org/W1982382104,1041-1135,Q1
https://openalex.org/W1982390674,0167-9317,Q2
https://openalex.org/W1982392437,1674-1056,Q3
https://openalex.org/W1982392643,1074-1542,Q3
https://openalex.org/W1982402111,1359-6462,Q1
https://openalex.org/W1982406990,0015-0193,Q3
https://openalex.org/W1982412350,0920-5071,Q2
https://openalex.org/W1982425998,0969-806X,Q2
https://openalex.org/W1982436046,1542-1406,Q3
https://openalex.org/W1982436856,0924-4247,Q1
https://openalex.org/W1982461808,0038-7010,Q3
https://openalex.org/W1982477744,0003-6951,Q1
https://openalex.org/W1982482289,0018-9197,Q1
https://openalex.org/W1982561866,0921-4534,Q3
https://openalex.org/W1982563781,1350-4177,Q1
https://openalex.org/W1982564610,0022-3131,Q3
https://openalex.org/W1982591251,1348-6535,Q2
https://openalex.org/W1982605070,0022-0248,Q1
https://openalex.org/W1982606248,0921-5093,Q1
https://openalex.org/W1982611025,0924-4247,Q1
https://openalex.org/W1982631483,0041-624X,Q1
https://openalex.org/W1982632557,0957-0233,Q1
https://openalex.org/W1982660092,0921-4526,Q2
https://openalex.org/W1982672350,0969-8043,Q2
https://openalex.org/W1982701793,1566-1199,Q1
https://openalex.org/W1982735182,0361-5235,Q2
https://openalex.org/W1982748510,1388-6150,Q2
https://openalex.org/W1982753219,0937-9347,Q2
https://openalex.org/W1982770763,0040-6090,Q2
https://openalex.org/W1982780419,0360-3199,Q1
https://openalex.org/W1982794604,0167-577X,Q1
https://openalex.org/W1982804915,1094-4087,Q1
https://openalex.org/W1982821330,0950-0340,Q2
https://openalex.org/W1982822702,0925-4005,Q1
https://openalex.org/W1982843134,0003-6951,Q1
https://openalex.org/W1982843598,0022-3727,Q1
https://openalex.org/W1982878168,1090-7807,Q1
https://openalex.org/W1982902114,0254-0584,Q2
https://openalex.org/W1982915055,0145-7632,Q2
https://openalex.org/W1982921152,1386-1425,Q2
https://openalex.org/W1982922574,0949-1775,Q2
https://openalex.org/W1982923593,0038-1101,Q2
https://openalex.org/W1982940042,1438-1656,Q1
https://openalex.org/W1982984218,0017-9310,Q1
https://openalex.org/W1982993649,0749-6036,Q2
https://openalex.org/W1983004831,1063-7761,Q3
https://openalex.org/W1983008792,1084-7529,Q1
https://openalex.org/W1983013651,0041-624X,Q1
https://openalex.org/W1983025034,0256-307X,Q2
https://openalex.org/W1983029321,1567-1739,Q2
https://openalex.org/W1983068215,0022-2313,Q1
https://openalex.org/W1983077428,1527-3342,Q3
https://openalex.org/W1983085827,0749-6036,Q2
https://openalex.org/W1983102695,0141-3910,Q1
https://openalex.org/W1983111278,0387-1533,Q4
https://openalex.org/W1983129818,1349-2543,Q3
https://openalex.org/W1983149632,1059-9630,Q2
https://openalex.org/W1983175820,0304-3886,Q2
https://openalex.org/W1983192846,0043-1648,Q1
https://openalex.org/W1983214969,0003-6951,Q1
https://openalex.org/W1983244822,1073-5615,Q1
https://openalex.org/W1983287452,0021-8979,Q1
https://openalex.org/W1983307449,0267-0836,Q2
https://openalex.org/W1983341094,1598-9623,Q2
https://openalex.org/W1983344594,0514-5163,Q3
https://openalex.org/W1983362104,0921-4526,Q2
https://openalex.org/W1983375490,0038-1101,Q2
https://openalex.org/W1983377979,0021-4922,Q2
https://openalex.org/W1983383744,1751-8768,Q3
https://openalex.org/W1983385719,1598-9623,Q2
https://openalex.org/W1983388035,0301-679X,Q1
https://openalex.org/W1983414960,1040-0400,Q3
https://openalex.org/W1983429937,0022-3697,Q2
https://openalex.org/W1983431449,0010-5082,Q3
https://openalex.org/W1983439360,0947-7047,Q2
https://openalex.org/W1983440472,0022-3115,Q2
https://openalex.org/W1983461517,0142-727X,Q1
https://openalex.org/W1983464521,0021-1575,Q3
https://openalex.org/W1983493781,0361-5235,Q2
https://openalex.org/W1983494429,0167-7322,Q2
https://openalex.org/W1983500583,0021-4922,Q2
https://openalex.org/W1983506075,0268-1242,Q2
https://openalex.org/W1983517597,0925-4005,Q1
https://openalex.org/W1983531869,0921-4526,Q2
https://openalex.org/W1983535260,1674-4926,-
https://openalex.org/W1983537616,0909-0495,Q1
https://openalex.org/W1983537675,1040-2004,Q3
https://openalex.org/W1983554608,1003-6326,Q3
https://openalex.org/W1983577972,1293-2558,Q2
https://openalex.org/W1983579017,0256-307X,Q2
https://openalex.org/W1983580922,1359-6462,Q1
https://openalex.org/W1983620530,0167-577X,Q1
https://openalex.org/W1983625237,1292-8941,Q2
https://openalex.org/W1983629200,0146-9592,Q1
https://openalex.org/W1983658837,1094-4087,Q1
https://openalex.org/W1983662095,0177-7963,Q3
https://openalex.org/W1983757291,0970-3950,-
https://openalex.org/W1983776595,0021-9606,Q1
https://openalex.org/W1983779371,0011-2275,Q3
https://openalex.org/W1983810766,0301-679X,Q1
https://openalex.org/W1983820632,1094-4087,Q1
https://openalex.org/W1983915666,0304-8853,Q2
https://openalex.org/W1983916987,1862-6300,Q2
https://openalex.org/W1983927884,1050-2947,Q1
https://openalex.org/W1983996772,0164-0313,Q3
https://openalex.org/W1984029553,0360-3199,Q1
https://openalex.org/W1984086517,0013-4651,Q1
https://openalex.org/W1984103681,1083-3668,Q1
https://openalex.org/W1984105429,0031-9007,Q1
https://openalex.org/W1984138338,0167-577X,Q1
https://openalex.org/W1984199547,0022-3115,Q2
https://openalex.org/W1984208154,0267-0836,Q2
https://openalex.org/W1984220761,0921-5093,Q1
https://openalex.org/W1984225680,0168-9002,Q1
https://openalex.org/W1984234856,0921-4526,Q2
https://openalex.org/W1984253463,0022-3115,Q2
https://openalex.org/W1984286220,0892-7057,Q3
https://openalex.org/W1984307682,0921-4526,Q2
https://openalex.org/W1984318354,0031-918X,Q3
https://openalex.org/W1984332608,0267-0844,Q3
https://openalex.org/W1984372052,0969-806X,Q2
https://openalex.org/W1984402122,0169-4332,-
https://openalex.org/W1984416794,1063-7788,Q3
https://openalex.org/W1984420373,0921-5093,Q1
https://openalex.org/W1984439769,0361-5235,Q2
https://openalex.org/W1984460380,1350-4487,Q2
https://openalex.org/W1984481413,1882-0778,Q1
https://openalex.org/W1984509380,0946-7076,Q2
https://openalex.org/W1984527431,0925-9635,Q1
https://openalex.org/W1984547524,0304-8853,Q2
https://openalex.org/W1984551852,0925-4005,Q1
https://openalex.org/W1984559167,1022-1360,Q2
https://openalex.org/W1984572498,0021-4922,Q2
https://openalex.org/W1984573024,0003-6951,Q1
https://openalex.org/W1984578447,0029-5493,Q2
https://openalex.org/W1984583606,0003-6951,Q1
https://openalex.org/W1984594417,1556-276X,Q1
https://openalex.org/W1984601551,0927-0256,Q2
https://openalex.org/W1984605030,1001-0521,Q3
https://openalex.org/W1984629013,0021-4922,Q2
https://openalex.org/W1984646360,0257-8972,Q1
https://openalex.org/W1984668196,0017-9310,Q1
https://openalex.org/W1984687005,0040-6090,Q2
https://openalex.org/W1984696032,1431-9276,Q3
https://openalex.org/W1984703641,0167-2738,Q1
https://openalex.org/W1984710266,0273-1177,-
https://openalex.org/W1984714912,0360-3199,Q1
https://openalex.org/W1984723648,1003-2169,Q3
https://openalex.org/W1984738639,0168-583X,Q2
https://openalex.org/W1984767497,0167-9317,Q2
https://openalex.org/W1984774213,0025-5408,Q2
https://openalex.org/W1984777464,0379-6779,Q2
https://openalex.org/W1984799608,0022-3115,Q2
https://openalex.org/W1984803779,0360-3199,Q1
https://openalex.org/W1984809795,0268-1242,Q2
https://openalex.org/W1984809801,1674-4926,-
https://openalex.org/W1984814187,0169-4332,-
https://openalex.org/W1984815786,1598-9623,Q2
https://openalex.org/W1984816379,0263-2241,Q3
https://openalex.org/W1984831269,0003-7028,Q2
https://openalex.org/W1984853050,1359-6462,Q1
https://openalex.org/W1984854898,0921-5093,Q1
https://openalex.org/W1984892686,0304-3886,Q2
https://openalex.org/W1984935365,1612-2011,Q1
https://openalex.org/W1984940118,0735-1933,Q1
https://openalex.org/W1984989130,0169-4332,-
https://openalex.org/W1984999150,0146-9592,Q1
https://openalex.org/W1985026660,0256-307X,Q2
https://openalex.org/W1985040303,0254-0584,Q2
https://openalex.org/W1985048129,0040-6090,Q2
https://openalex.org/W1985055369,0022-3115,Q2
https://openalex.org/W1985066185,0040-6031,Q1
https://openalex.org/W1985077849,0909-0495,Q1
https://openalex.org/W1985091543,0022-0248,Q1
https://openalex.org/W1985116754,1063-777X,Q2
https://openalex.org/W1985122547,0169-4332,-
https://openalex.org/W1985134171,1612-2011,Q1
https://openalex.org/W1985149688,0167-9317,Q2
https://openalex.org/W1985167261,0925-4005,Q1
https://openalex.org/W1985176224,1063-7850,Q4
https://openalex.org/W1985201116,0022-4596,Q1
https://openalex.org/W1985253240,0921-4534,Q3
https://openalex.org/W1985257404,0304-3886,Q2
https://openalex.org/W1985267615,1751-8822,Q3
https://openalex.org/W1985276176,0167-577X,Q1
https://openalex.org/W1985294275,0142-727X,Q1
https://openalex.org/W1985312875,0040-6090,Q2
https://openalex.org/W1985314330,0921-5107,Q2
https://openalex.org/W1985322419,0025-5408,Q2
https://openalex.org/W1985331514,0928-0707,Q2
https://openalex.org/W1985345186,0969-8043,Q2
https://openalex.org/W1985345435,0021-8979,Q1
https://openalex.org/W1985350295,0010-9525,Q4
https://openalex.org/W1985351834,0030-4026,Q4
https://openalex.org/W1985356323,0167-577X,Q1
https://openalex.org/W1985376356,1061-9208,Q1
https://openalex.org/W1985382377,0042-207X,Q2
https://openalex.org/W1985384054,1070-664X,Q1
https://openalex.org/W1985389961,0168-9002,Q1
https://openalex.org/W1985392219,1434-6001,Q1
https://openalex.org/W1985399867,1120-1797,Q2
https://openalex.org/W1985401991,0946-7076,Q2
https://openalex.org/W1985465998,0167-2738,Q1
https://openalex.org/W1985481870,0263-2241,Q3
https://openalex.org/W1985520937,1063-7397,Q4
https://openalex.org/W1985526912,0735-1933,Q1
https://openalex.org/W1985550669,0021-8979,Q1
https://openalex.org/W1985566646,0022-3697,Q2
https://openalex.org/W1985569778,0040-6090,Q2
https://openalex.org/W1985593771,0167-577X,Q1
https://openalex.org/W1985598161,0272-4324,Q2
https://openalex.org/W1985602470,0038-1101,Q2
https://openalex.org/W1985606905,1542-1406,Q3
https://openalex.org/W1985614162,0921-5093,Q1
https://openalex.org/W1985624112,0021-8979,Q1
https://openalex.org/W1985629521,0025-5408,Q2
https://openalex.org/W1985643172,0168-583X,Q2
https://openalex.org/W1985663287,0022-460X,Q1
https://openalex.org/W1985673290,0167-577X,Q1
https://openalex.org/W1985678911,0021-4922,Q2
https://openalex.org/W1985744767,0040-6090,Q2
https://openalex.org/W1985770587,0141-3910,Q1
https://openalex.org/W1985778736,0143-0807,Q3
https://openalex.org/W1985808863,0021-8979,Q1
https://openalex.org/W1985823225,0034-6748,Q1
https://openalex.org/W1985832669,0924-4247,Q1
https://openalex.org/W1985855732,0924-4247,Q1
https://openalex.org/W1985856344,1612-2011,Q1
https://openalex.org/W1985877632,0964-1726,Q1
https://openalex.org/W1985960484,0034-6748,Q1
https://openalex.org/W1985962568,0169-4332,-
https://openalex.org/W1985987259,1951-6355,Q2
https://openalex.org/W1985993977,0021-8464,Q3
https://openalex.org/W1985997837,0921-4526,Q2
https://openalex.org/W1986011142,1674-1056,Q3
https://openalex.org/W1986032436,0267-0836,Q2
https://openalex.org/W1986047335,1094-4087,Q1
https://openalex.org/W1986049831,0029-5493,Q2
https://openalex.org/W1986059084,0168-9002,Q1
https://openalex.org/W1986143840,0168-9002,Q1
https://openalex.org/W1986145515,1061-9127,-
https://openalex.org/W1986152923,0927-7765,Q2
https://openalex.org/W1986157354,0304-8853,Q2
https://openalex.org/W1986164259,0267-0836,Q2
https://openalex.org/W1986183280,0168-9002,Q1
https://openalex.org/W1986204515,0368-2048,Q1
https://openalex.org/W1986214775,0946-2171,Q1
https://openalex.org/W1986258125,0301-679X,Q1
https://openalex.org/W1986264670,2040-8978,Q1
https://openalex.org/W1986275247,0927-7765,Q2
https://openalex.org/W1986299809,1022-1360,Q2
https://openalex.org/W1986307167,1658-3655,-
https://openalex.org/W1986310450,1567-1739,Q2
https://openalex.org/W1986321589,1612-8850,Q2
https://openalex.org/W1986326715,0038-1101,Q2
https://openalex.org/W1986336099,0921-5093,Q1
https://openalex.org/W1986344575,0029-5515,Q1
https://openalex.org/W1986362599,0301-679X,Q1
https://openalex.org/W1986375217,0375-9474,Q1
https://openalex.org/W1986379124,0168-9002,Q1
https://openalex.org/W1986390656,1542-1406,Q3
https://openalex.org/W1986396178,1001-0521,Q3
https://openalex.org/W1986401444,0584-8547,Q1
https://openalex.org/W1986406156,0003-6951,Q1
https://openalex.org/W1986439187,1566-1199,Q1
https://openalex.org/W1986492028,0026-2714,Q2
https://openalex.org/W1986501437,1359-6462,Q1
https://openalex.org/W1986536388,0043-1648,Q1
https://openalex.org/W1986541321,1386-1425,Q2
https://openalex.org/W1986582845,0001-4966,Q1
https://openalex.org/W1986597637,0167-577X,Q1
https://openalex.org/W1986615801,0295-5075,Q1
https://openalex.org/W1986648120,0921-5093,Q1
https://openalex.org/W1986674624,1612-2011,Q1
https://openalex.org/W1986687499,0375-9601,Q2
https://openalex.org/W1986709603,0022-3131,Q3
https://openalex.org/W1986718826,0168-9002,Q1
https://openalex.org/W1986732942,0018-9197,Q1
https://openalex.org/W1986750415,0025-6455,Q3
https://openalex.org/W1986753069,0143-8166,Q2
https://openalex.org/W1986761637,0379-6779,Q2
https://openalex.org/W1986783343,1882-0778,Q1
https://openalex.org/W1986786244,0301-679X,Q1
https://openalex.org/W1986798021,0167-9317,Q2
https://openalex.org/W1986814442,0167-9317,Q2
https://openalex.org/W1986821532,0167-577X,Q1
https://openalex.org/W1986831676,0022-2313,Q1
https://openalex.org/W1986872735,0022-3697,Q2
https://openalex.org/W1986873216,1293-2558,Q2
https://openalex.org/W1986881428,0004-6256,Q1
https://openalex.org/W1986881995,0040-6090,Q2
https://openalex.org/W1986889741,0169-4332,-
https://openalex.org/W1986906831,0043-1648,Q1
https://openalex.org/W1986933668,0924-4247,Q1
https://openalex.org/W1986959313,1063-7834,Q4
https://openalex.org/W1986961904,1536-5379,Q2
https://openalex.org/W1986987749,0969-806X,Q2
https://openalex.org/W1987043016,0146-9592,Q1
https://openalex.org/W1987059772,0953-8984,Q1
https://openalex.org/W1987066896,0146-9592,Q1
https://openalex.org/W1987110774,0040-6090,Q2
https://openalex.org/W1987136683,0921-5093,Q1
https://openalex.org/W1987139914,0022-3727,Q1
https://openalex.org/W1987151401,0167-2738,Q1
https://openalex.org/W1987153286,0924-4247,Q1
https://openalex.org/W1987170183,0895-2477,Q3
https://openalex.org/W1987170634,0003-6951,Q1
https://openalex.org/W1987171387,0004-6256,Q1
https://openalex.org/W1987172394,0168-583X,Q2
https://openalex.org/W1987208406,0021-8979,Q1
https://openalex.org/W1987213996,1388-6150,Q2
https://openalex.org/W1987214821,0969-8043,Q2
https://openalex.org/W1987225071,0925-4005,Q1
https://openalex.org/W1987229881,0170-0839,Q2
https://openalex.org/W1987230233,0017-9310,Q1
https://openalex.org/W1987232439,0169-4332,-
https://openalex.org/W1987237978,1059-9630,Q2
https://openalex.org/W1987274367,1003-6326,Q3
https://openalex.org/W1987281665,1063-7834,Q4
https://openalex.org/W1987286127,0021-4922,Q2
https://openalex.org/W1987289742,1022-1360,Q2
https://openalex.org/W1987316440,1029-9599,Q3
https://openalex.org/W1987349967,0021-8979,Q1
https://openalex.org/W1987403229,1862-6300,Q2
https://openalex.org/W1987409199,0034-6748,Q1
https://openalex.org/W1987415117,0041-624X,Q1
https://openalex.org/W1987428804,0921-5093,Q1
https://openalex.org/W1987502638,0022-460X,Q1
https://openalex.org/W1987504074,0168-583X,Q2
https://openalex.org/W1987517593,0891-6152,Q2
https://openalex.org/W1987530407,0921-5093,Q1
https://openalex.org/W1987542980,1068-820X,Q4
https://openalex.org/W1987545859,1293-2558,Q2
https://openalex.org/W1987559214,0301-679X,Q1
https://openalex.org/W1987566822,1001-6058,Q3
https://openalex.org/W1987614392,0011-748X,Q4
https://openalex.org/W1987615362,0927-0256,Q2
https://openalex.org/W1987620987,0953-8984,Q1
https://openalex.org/W1987662947,0921-4526,Q2
https://openalex.org/W1987665254,0304-8853,Q2
https://openalex.org/W1987715165,1424-8220,Q2
https://openalex.org/W1987715418,0038-1101,Q2
https://openalex.org/W1987719853,0949-1775,Q2
https://openalex.org/W1987764374,0040-6090,Q2
https://openalex.org/W1987780096,0022-3115,Q2
https://openalex.org/W1987788845,0953-2048,Q1
https://openalex.org/W1987790021,0003-6951,Q1
https://openalex.org/W1987791579,0022-0248,Q1
https://openalex.org/W1987827650,0925-4005,Q1
https://openalex.org/W1987831947,0953-8984,Q1
https://openalex.org/W1987856617,1071-0922,Q2
https://openalex.org/W1987870301,0043-1648,Q1
https://openalex.org/W1987908408,1862-6300,Q2
https://openalex.org/W1987930444,0167-9317,Q2
https://openalex.org/W1987957221,0969-8043,Q2
https://openalex.org/W1987963648,0256-307X,Q2
https://openalex.org/W1987991302,0169-4332,-
https://openalex.org/W1987997726,0921-5093,Q1
https://openalex.org/W1988020605,1531-1309,Q1
https://openalex.org/W1988042393,0167-577X,Q1
https://openalex.org/W1988045088,0001-4966,Q1
https://openalex.org/W1988055883,0168-9002,Q1
https://openalex.org/W1988070600,0960-3409,Q4
https://openalex.org/W1988085157,0946-7076,Q2
https://openalex.org/W1988093219,0143-8166,Q2
https://openalex.org/W1988139072,0043-1648,Q1
https://openalex.org/W1988145903,0925-4005,Q1
https://openalex.org/W1988174852,1748-3387,Q1
https://openalex.org/W1988215493,1567-1739,Q2
https://openalex.org/W1988237304,1068-5200,-
https://openalex.org/W1988237687,0143-8166,Q2
https://openalex.org/W1988263972,0921-4534,Q3
https://openalex.org/W1988276805,0927-0256,Q2
https://openalex.org/W1988286168,0863-1042,Q2
https://openalex.org/W1988289549,1387-3806,Q1
https://openalex.org/W1988318857,1478-6435,Q1
https://openalex.org/W1988330685,0167-9317,Q2
https://openalex.org/W1988333070,0960-3409,Q4
https://openalex.org/W1988334684,1388-6150,Q2
https://openalex.org/W1988378614,0514-5163,Q3
https://openalex.org/W1988428609,0168-9002,Q1
https://openalex.org/W1988460820,1388-6150,Q2
https://openalex.org/W1988470419,1003-6326,Q3
https://openalex.org/W1988489665,0997-7546,Q2
https://openalex.org/W1988498499,1001-0521,Q3
https://openalex.org/W1988523194,0946-7076,Q2
https://openalex.org/W1988532385,0168-583X,Q2
https://openalex.org/W1988535491,1063-7826,Q3
https://openalex.org/W1988541565,1293-2558,Q2
https://openalex.org/W1988553777,1556-276X,Q1
https://openalex.org/W1988561655,1098-4402,Q1
https://openalex.org/W1988568476,0022-3115,Q2
https://openalex.org/W1988582806,0169-4332,-
https://openalex.org/W1988600221,0003-6951,Q1
https://openalex.org/W1988603945,0370-2693,Q1
https://openalex.org/W1988630777,1547-7037,Q3
https://openalex.org/W1988642730,0909-0495,Q1
https://openalex.org/W1988644997,1350-4177,Q1
https://openalex.org/W1988729195,1059-9630,Q2
https://openalex.org/W1988757684,0304-8853,Q2
https://openalex.org/W1988771603,0043-1648,Q1
https://openalex.org/W1988777697,0146-9592,Q1
https://openalex.org/W1988780403,1810-2328,Q3
https://openalex.org/W1988792968,1226-4776,Q2
https://openalex.org/W1988802483,0301-679X,Q1
https://openalex.org/W1988832330,0257-8972,Q1
https://openalex.org/W1988885586,0170-0839,Q2
https://openalex.org/W1988913428,0022-3115,Q2
https://openalex.org/W1988940298,1094-4087,Q1
https://openalex.org/W1988946271,0022-0248,Q1
https://openalex.org/W1989069686,0034-6748,Q1
https://openalex.org/W1989092588,0925-3467,Q1
https://openalex.org/W1989102230,0001-4966,Q1
https://openalex.org/W1989133473,0925-4005,Q1
https://openalex.org/W1989135802,1290-0729,Q1
https://openalex.org/W1989195008,0927-6505,Q1
https://openalex.org/W1989228338,1350-6501,Q2
https://openalex.org/W1989254193,0031-9007,Q1
https://openalex.org/W1989258631,1044-5803,Q2
https://openalex.org/W1989266856,0022-3115,Q2
https://openalex.org/W1989283227,0957-0233,Q1
https://openalex.org/W1989307495,0895-2477,Q3
https://openalex.org/W1989307501,1998-0000,-
https://openalex.org/W1989307669,1090-7807,Q1
https://openalex.org/W1989312622,0379-7112,Q2
https://openalex.org/W1989313251,0273-1177,-
https://openalex.org/W1989314935,1073-5623,Q1
https://openalex.org/W1989330719,0514-5163,Q3
https://openalex.org/W1989333950,1003-6326,Q3
https://openalex.org/W1989336225,0375-9601,Q2
https://openalex.org/W1989345231,0895-2477,Q3
https://openalex.org/W1989350741,0003-6951,Q1
https://openalex.org/W1989386346,0022-3115,Q2
https://openalex.org/W1989417954,0030-4018,Q1
https://openalex.org/W1989441520,1993-5013,Q4
https://openalex.org/W1989444813,0025-6455,Q3
https://openalex.org/W1989463140,0925-4005,Q1
https://openalex.org/W1989483085,0360-3199,Q1
https://openalex.org/W1989503534,0268-1242,Q2
https://openalex.org/W1989574087,0740-3224,Q1
https://openalex.org/W1989579479,1674-1137,Q4
https://openalex.org/W1989592820,1350-6501,Q2
https://openalex.org/W1989606074,0010-2202,Q2
https://openalex.org/W1989607706,0170-0839,Q2
https://openalex.org/W1989612970,0040-6090,Q2
https://openalex.org/W1989662146,0010-2180,Q1
https://openalex.org/W1989664255,1094-4087,Q1
https://openalex.org/W1989665134,0360-3199,Q1
https://openalex.org/W1989669530,0091-3286,Q2
https://openalex.org/W1989686611,1528-7483,Q1
https://openalex.org/W1989687433,0043-1648,Q1
https://openalex.org/W1989696166,0040-6090,Q2
https://openalex.org/W1989697096,0040-6090,Q2
https://openalex.org/W1989699633,1612-8850,Q2
https://openalex.org/W1989799711,0195-928X,Q3
https://openalex.org/W1989803310,1022-1360,Q2
https://openalex.org/W1989815901,0167-9317,Q2
https://openalex.org/W1989822331,0584-8547,Q1
https://openalex.org/W1989850145,0921-4526,Q2
https://openalex.org/W1989864631,1751-8768,Q3
https://openalex.org/W1989893129,0741-3335,Q1
https://openalex.org/W1989902714,0022-3115,Q2
https://openalex.org/W1989914092,0257-8972,Q1
https://openalex.org/W1989964993,1063-7826,Q3
https://openalex.org/W1989994723,0925-3467,Q1
https://openalex.org/W1990002858,0021-8979,Q1
https://openalex.org/W1990015089,0013-4651,Q1
https://openalex.org/W1990037749,0930-486X,Q3
https://openalex.org/W1990042247,0969-806X,Q2
https://openalex.org/W1990047154,1098-0121,Q1
https://openalex.org/W1990052528,0003-6951,Q1
https://openalex.org/W1990054129,1009-0630,Q4
https://openalex.org/W1990072502,1059-910X,Q1
https://openalex.org/W1990082622,0267-0836,Q2
https://openalex.org/W1990088335,0921-5107,Q2
https://openalex.org/W1990100314,1527-3342,Q3
https://openalex.org/W1990101872,0022-3115,Q2
https://openalex.org/W1990150673,1424-8220,Q2
https://openalex.org/W1990157274,0040-6090,Q2
https://openalex.org/W1990158547,0043-1648,Q1
https://openalex.org/W1990186884,0013-4651,Q1
https://openalex.org/W1990190282,0168-583X,Q2
https://openalex.org/W1990195883,0038-1098,Q1
https://openalex.org/W1990207173,0021-8936,Q1
https://openalex.org/W1990213013,0141-3910,Q1
https://openalex.org/W1990235206,1866-6892,Q3
https://openalex.org/W1990245281,0167-9317,Q2
https://openalex.org/W1990254669,0022-0248,Q1
https://openalex.org/W1990255042,0003-6951,Q1
https://openalex.org/W1990297541,0925-4005,Q1
https://openalex.org/W1990346083,0021-8979,Q1
https://openalex.org/W1990392909,1388-6150,Q2
https://openalex.org/W1990398145,0375-9474,Q1
https://openalex.org/W1990433772,0360-3199,Q1
https://openalex.org/W1990469063,1073-9149,Q3
https://openalex.org/W1990510120,0021-4922,Q2
https://openalex.org/W1990519986,0026-2714,Q2
https://openalex.org/W1990526334,1003-6326,Q3
https://openalex.org/W1990534082,0924-4247,Q1
https://openalex.org/W1990543827,0232-1300,Q3
https://openalex.org/W1990562132,1350-4495,Q2
https://openalex.org/W1990624713,0921-4534,Q3
https://openalex.org/W1990631122,0921-4526,Q2
https://openalex.org/W1990637551,0146-9592,Q1
https://openalex.org/W1990648662,0029-5493,Q2
https://openalex.org/W1990670211,1387-1811,Q1
https://openalex.org/W1990673274,1424-8220,Q2
https://openalex.org/W1990748866,0263-2241,Q3
https://openalex.org/W1990760653,1388-0764,Q1
https://openalex.org/W1990774832,0022-3115,Q2
https://openalex.org/W1990776134,0145-7632,Q2
https://openalex.org/W1990788658,0029-5493,Q2
https://openalex.org/W1990795003,1388-6150,Q2
https://openalex.org/W1990808365,0895-2477,Q3
https://openalex.org/W1990818443,1751-8768,Q3
https://openalex.org/W1990819209,0360-3016,Q1
https://openalex.org/W1990822508,0031-918X,Q3
https://openalex.org/W1990825449,0734-2101,Q2
https://openalex.org/W1990826828,1044-5803,Q2
https://openalex.org/W1990853552,0042-207X,Q2
https://openalex.org/W1990858500,0375-9601,Q2
https://openalex.org/W1990890175,1674-4926,-
https://openalex.org/W1990890722,1530-6984,Q1
https://openalex.org/W1990955486,1349-2543,Q3
https://openalex.org/W1990963807,1001-0521,Q3
https://openalex.org/W1991028291,0734-2101,Q2
https://openalex.org/W1991048382,0925-4005,Q1
https://openalex.org/W1991052625,0921-5093,Q1
https://openalex.org/W1991066371,0169-4332,-
https://openalex.org/W1991087794,0304-3886,Q2
https://openalex.org/W1991115089,0168-9002,Q1
https://openalex.org/W1991147281,1063-7818,Q2
https://openalex.org/W1991148079,0018-9197,Q1
https://openalex.org/W1991162014,0232-1300,Q3
https://openalex.org/W1991162900,0256-307X,Q2
https://openalex.org/W1991178389,1073-5615,Q1
https://openalex.org/W1991243059,0267-0844,Q3
https://openalex.org/W1991270453,0022-3093,Q2
https://openalex.org/W1991285841,0029-5515,Q1
https://openalex.org/W1991319846,0360-3199,Q1
https://openalex.org/W1991326027,0169-4332,-
https://openalex.org/W1991343740,1567-1739,Q2
https://openalex.org/W1991372337,0003-6951,Q1
https://openalex.org/W1991376258,0957-0233,Q1
https://openalex.org/W1991405642,0301-679X,Q1
https://openalex.org/W1991429428,0946-7076,Q2
https://openalex.org/W1991471944,0034-6748,Q1
https://openalex.org/W1991472747,0953-2048,Q1
https://openalex.org/W1991531623,0146-9592,Q1
https://openalex.org/W1991549558,0003-6951,Q1
https://openalex.org/W1991554226,0001-4966,Q1
https://openalex.org/W1991583208,0015-0193,Q3
https://openalex.org/W1991586428,0921-5093,Q1
https://openalex.org/W1991605000,0361-5235,Q2
https://openalex.org/W1991609244,0361-5235,Q2
https://openalex.org/W1991623870,0022-3131,Q3
https://openalex.org/W1991626017,1362-1718,Q1
https://openalex.org/W1991633396,1674-1056,Q3
https://openalex.org/W1991640149,1464-4193,Q2
https://openalex.org/W1991645031,0950-0839,Q1
https://openalex.org/W1991650860,0360-3199,Q1
https://openalex.org/W1991653214,1432-8917,Q2
https://openalex.org/W1991659711,0042-207X,Q2
https://openalex.org/W1991677612,0042-207X,Q2
https://openalex.org/W1991677778,0960-3409,Q4
https://openalex.org/W1991677941,0350-820X,Q3
https://openalex.org/W1991685721,0001-4966,Q1
https://openalex.org/W1991737200,0304-8853,Q2
https://openalex.org/W1991749842,1882-0778,Q1
https://openalex.org/W1991765712,1388-6150,Q2
https://openalex.org/W1991771314,0167-577X,Q1
https://openalex.org/W1991783672,0146-9592,Q1
https://openalex.org/W1991794932,0892-7057,Q3
https://openalex.org/W1991797921,0021-1575,Q3
https://openalex.org/W1991801465,0018-926X,Q1
https://openalex.org/W1991806455,0040-6090,Q2
https://openalex.org/W1991838770,0740-3224,Q1
https://openalex.org/W1991838952,0360-3199,Q1
https://openalex.org/W1991839199,0301-679X,Q1
https://openalex.org/W1991847976,0022-3115,Q2
https://openalex.org/W1991851134,1565-1339,Q1
https://openalex.org/W1991857607,0015-0193,Q3
https://openalex.org/W1991862036,1745-2473,Q1
https://openalex.org/W1991871473,0026-2714,Q2
https://openalex.org/W1991927802,1362-1718,Q1
https://openalex.org/W1991937318,0920-5071,Q2
https://openalex.org/W1992012398,1674-1137,Q4
https://openalex.org/W1992025178,0953-2048,Q1
https://openalex.org/W1992037096,0040-6090,Q2
https://openalex.org/W1992047691,0001-4966,Q1
https://openalex.org/W1992094585,0002-9505,Q2
https://openalex.org/W1992098450,0003-6951,Q1
https://openalex.org/W1992106447,0022-3115,Q2
https://openalex.org/W1992157546,0167-577X,Q1
https://openalex.org/W1992170312,0003-6951,Q1
https://openalex.org/W1992210320,1748-0221,Q1
https://openalex.org/W1992210851,0218-625X,Q3
https://openalex.org/W1992216944,0921-5093,Q1
https://openalex.org/W1992241916,0020-7608,Q2
https://openalex.org/W1992268604,0040-6090,Q2
https://openalex.org/W1992271235,0146-9592,Q1
https://openalex.org/W1992303688,0968-4328,-
https://openalex.org/W1992309935,1073-5615,Q1
https://openalex.org/W1992320664,0969-8043,Q2
https://openalex.org/W1992321934,0021-4922,Q2
https://openalex.org/W1992360192,0167-577X,Q1
https://openalex.org/W1992373560,0043-1648,Q1
https://openalex.org/W1992375594,0021-8979,Q1
https://openalex.org/W1992382583,1598-9623,Q2
https://openalex.org/W1992408027,0168-9002,Q1
https://openalex.org/W1992409341,0256-307X,Q2
https://openalex.org/W1992424932,0735-1933,Q1
https://openalex.org/W1992444900,0232-1300,Q3
https://openalex.org/W1992476359,0167-9317,Q2
https://openalex.org/W1992485057,0143-0807,Q3
https://openalex.org/W1992509662,0167-9317,Q2
https://openalex.org/W1992515454,1050-2947,Q1
https://openalex.org/W1992525698,1054-660X,Q3
https://openalex.org/W1992530712,0031-8949,Q3
https://openalex.org/W1992536599,1388-6150,Q2
https://openalex.org/W1992538141,1528-7483,Q1
https://openalex.org/W1992546329,0022-3115,Q2
https://openalex.org/W1992580824,0015-0193,Q3
https://openalex.org/W1992613050,0034-6748,Q1
https://openalex.org/W1992640131,0026-2714,Q2
https://openalex.org/W1992642670,1424-8220,Q2
https://openalex.org/W1992654246,0375-9474,Q1
https://openalex.org/W1992674293,1528-7483,Q1
https://openalex.org/W1992679967,0969-806X,Q2
https://openalex.org/W1992683567,0021-8944,Q3
https://openalex.org/W1992686694,0042-207X,Q2
https://openalex.org/W1992694197,1044-5803,Q2
https://openalex.org/W1992694278,1434-6001,Q1
https://openalex.org/W1992702898,0169-4332,-
https://openalex.org/W1992705629,0957-0233,Q1
https://openalex.org/W1992716763,0022-0248,Q1
https://openalex.org/W1992736494,0169-4332,-
https://openalex.org/W1992753734,0933-5137,Q3
https://openalex.org/W1992794514,0022-2348,Q3
https://openalex.org/W1992798051,1749-4885,Q1
https://openalex.org/W1992800025,0921-4534,Q3
https://openalex.org/W1992835172,1094-4087,Q1
https://openalex.org/W1992846368,0021-8979,Q1
https://openalex.org/W1992853890,0927-7757,-
https://openalex.org/W1992870781,0950-0839,Q1
https://openalex.org/W1992886950,0021-4922,Q2
https://openalex.org/W1992902781,0040-6090,Q2
https://openalex.org/W1992906923,0020-7608,Q2
https://openalex.org/W1992956408,0946-7076,Q2
https://openalex.org/W1992957786,0021-4922,Q2
https://openalex.org/W1992959003,0927-7765,Q2
https://openalex.org/W1992961824,0034-6748,Q1
https://openalex.org/W1992966196,0013-4651,Q1
https://openalex.org/W1992979495,0040-6090,Q2
https://openalex.org/W1992981813,1350-4495,Q2
https://openalex.org/W1992985511,1001-6058,Q3
https://openalex.org/W1993022815,1090-7807,Q1
https://openalex.org/W1993053707,0925-4005,Q1
https://openalex.org/W1993057876,0003-6951,Q1
https://openalex.org/W1993061449,1040-7278,Q2
https://openalex.org/W1993070163,1348-0391,Q3
https://openalex.org/W1993103894,0003-6951,Q1
https://openalex.org/W1993108361,0167-7322,Q2
https://openalex.org/W1993162651,0143-8166,Q2
https://openalex.org/W1993162948,1003-6326,Q3
https://openalex.org/W1993169097,1567-1739,Q2
https://openalex.org/W1993183253,0022-3093,Q2
https://openalex.org/W1993185047,1094-4087,Q1
https://openalex.org/W1993196856,0167-9317,Q2
https://openalex.org/W1993214062,0360-3199,Q1
https://openalex.org/W1993229866,1050-2947,Q1
https://openalex.org/W1993234059,1936-0851,Q1
https://openalex.org/W1993243775,0040-6090,Q2
https://openalex.org/W1993244851,0921-4526,Q2
https://openalex.org/W1993250423,1073-5623,Q1
https://openalex.org/W1993259385,1674-4926,-
https://openalex.org/W1993262467,0167-9317,Q2
https://openalex.org/W1993265479,0191-5665,Q3
https://openalex.org/W1993274907,0169-4332,-
https://openalex.org/W1993301194,1059-910X,Q1
https://openalex.org/W1993330425,0040-6090,Q2
https://openalex.org/W1993356827,1009-0630,Q4
https://openalex.org/W1993385929,0169-4332,-
https://openalex.org/W1993390402,0034-6748,Q1
https://openalex.org/W1993390494,0022-0248,Q1
https://openalex.org/W1993400099,0920-5071,Q2
https://openalex.org/W1993425612,0267-0844,Q3
https://openalex.org/W1993436550,0169-4332,-
https://openalex.org/W1993445107,0304-8853,Q2
https://openalex.org/W1993469956,0040-6031,Q1
https://openalex.org/W1993474527,0947-7411,Q2
https://openalex.org/W1993492783,0360-3199,Q1
https://openalex.org/W1993496786,0022-3697,Q2
https://openalex.org/W1993506000,0169-4332,-
https://openalex.org/W1993507612,1424-8220,Q2
https://openalex.org/W1993517607,0002-9505,Q2
https://openalex.org/W1993598083,0957-0233,Q1
https://openalex.org/W1993601563,0003-6951,Q1
https://openalex.org/W1993611609,0003-6951,Q1
https://openalex.org/W1993614377,0925-3467,Q1
https://openalex.org/W1993619240,0957-0233,Q1
https://openalex.org/W1993624448,0167-577X,Q1
https://openalex.org/W1993641903,1063-7818,Q2
https://openalex.org/W1993712048,1061-8309,Q4
https://openalex.org/W1993718929,0360-3199,Q1
https://openalex.org/W1993731627,0146-9592,Q1
https://openalex.org/W1993739354,1424-8220,Q2
https://openalex.org/W1993743108,0924-4247,Q1
https://openalex.org/W1993746246,0301-679X,Q1
https://openalex.org/W1993753358,1010-6030,Q1
https://openalex.org/W1993760787,1359-6462,Q1
https://openalex.org/W1993778349,0040-6090,Q2
https://openalex.org/W1993781690,0015-8208,Q2
https://openalex.org/W1993815223,0997-7538,Q1
https://openalex.org/W1993819239,0146-9592,Q1
https://openalex.org/W1993846763,0146-9592,Q1
https://openalex.org/W1993865524,0003-6951,Q1
https://openalex.org/W1993994680,0254-0584,Q2
https://openalex.org/W1994004787,0925-3467,Q1
https://openalex.org/W1994019941,0031-921X,-
https://openalex.org/W1994028266,0017-9310,Q1
https://openalex.org/W1994050917,0143-8166,Q2
https://openalex.org/W1994058985,0927-7757,-
https://openalex.org/W1994062476,0042-207X,Q2
https://openalex.org/W1994095376,0921-4534,Q3
https://openalex.org/W1994125003,0021-8979,Q1
https://openalex.org/W1994184305,0029-5515,Q1
https://openalex.org/W1994204569,1226-4776,Q2
https://openalex.org/W1994232444,0254-0584,Q2
https://openalex.org/W1994239142,0040-6090,Q2
https://openalex.org/W1994244404,1388-6150,Q2
https://openalex.org/W1994264117,1348-0391,Q3
https://openalex.org/W1994279814,0022-3727,Q1
https://openalex.org/W1994285184,0021-4922,Q2
https://openalex.org/W1994290937,1424-8220,Q2
https://openalex.org/W1994303315,1386-1425,Q2
https://openalex.org/W1994317903,1066-7857,Q4
https://openalex.org/W1994328718,0932-0784,Q3
https://openalex.org/W1994348877,0167-8442,Q2
https://openalex.org/W1994359917,0946-7076,Q2
https://openalex.org/W1994370556,1424-8220,Q2
https://openalex.org/W1994393995,0921-5093,Q1
https://openalex.org/W1994394311,0029-5493,Q2
https://openalex.org/W1994410932,1094-4087,Q1
https://openalex.org/W1994417635,1003-6326,Q3
https://openalex.org/W1994445102,1349-2543,Q3
https://openalex.org/W1994474757,1040-2004,Q3
https://openalex.org/W1994478010,1527-3342,Q3
https://openalex.org/W1994482944,0257-8972,Q1
https://openalex.org/W1994490681,1932-5150,Q3
https://openalex.org/W1994553279,1063-7710,Q3
https://openalex.org/W1994557386,0030-4018,Q1
https://openalex.org/W1994568509,0093-6413,Q2
https://openalex.org/W1994589737,0040-6090,Q2
https://openalex.org/W1994599417,0013-4651,Q1
https://openalex.org/W1994599709,0169-4332,-
https://openalex.org/W1994638462,1094-4087,Q1
https://openalex.org/W1994648083,0273-1177,-
https://openalex.org/W1994663676,1932-5150,Q3
https://openalex.org/W1994679815,0350-820X,Q3
https://openalex.org/W1994684420,0167-577X,Q1
https://openalex.org/W1994690403,0168-9002,Q1
https://openalex.org/W1994693563,1749-4885,Q1
https://openalex.org/W1994699916,0170-0839,Q2
https://openalex.org/W1994702523,0030-4018,Q1
https://openalex.org/W1994715989,0379-6779,Q2
https://openalex.org/W1994729446,0167-9317,Q2
https://openalex.org/W1994748621,0022-2313,Q1
https://openalex.org/W1994749824,0869-8643,Q3
https://openalex.org/W1994750310,0167-577X,Q1
https://openalex.org/W1994771519,0040-6090,Q2
https://openalex.org/W1994791298,0022-3727,Q1
https://openalex.org/W1994792249,1064-2269,Q4
https://openalex.org/W1994814430,1024-8560,-
https://openalex.org/W1994832045,1068-5200,-
https://openalex.org/W1994861620,0267-0836,Q2
https://openalex.org/W1994868407,0026-2714,Q2
https://openalex.org/W1994886779,0043-1648,Q1
https://openalex.org/W1994949095,0022-3727,Q1
https://openalex.org/W1994954625,1040-0400,Q3
https://openalex.org/W1994959202,1003-6326,Q3
https://openalex.org/W1994975807,0027-1349,-
https://openalex.org/W1994999126,1003-6326,Q3
https://openalex.org/W1994999856,0167-577X,Q1
https://openalex.org/W1995026478,0022-3727,Q1
https://openalex.org/W1995048151,0022-460X,Q1
https://openalex.org/W1995066389,1094-4087,Q1
https://openalex.org/W1995073972,0254-0584,Q2
https://openalex.org/W1995075837,0969-806X,Q2
https://openalex.org/W1995082896,1364-503X,Q2
https://openalex.org/W1995090177,0927-7757,-
https://openalex.org/W1995102200,1061-933X,Q3
https://openalex.org/W1995107137,0921-5107,Q2
https://openalex.org/W1995117468,0003-6951,Q1
https://openalex.org/W1995135099,1388-0764,Q1
https://openalex.org/W1995152514,0957-0233,Q1
https://openalex.org/W1995156927,1098-0121,Q1
https://openalex.org/W1995287457,0927-7765,Q2
https://openalex.org/W1995290852,0168-583X,Q2
https://openalex.org/W1995314814,0040-6090,Q2
https://openalex.org/W1995337056,0964-1726,Q1
https://openalex.org/W1995338083,1434-6060,Q2
https://openalex.org/W1995371899,1567-1739,Q2
https://openalex.org/W1995374858,0920-5071,Q2
https://openalex.org/W1995400487,0268-1242,Q2
https://openalex.org/W1995409078,0042-207X,Q2
https://openalex.org/W1995466343,1063-7850,Q4
https://openalex.org/W1995466790,0740-3224,Q1
https://openalex.org/W1995469089,1369-8001,Q2
https://openalex.org/W1995479100,1063-7850,Q4
https://openalex.org/W1995483247,0022-3115,Q2
https://openalex.org/W1995495043,0743-7463,Q1
https://openalex.org/W1995505907,0168-9002,Q1
https://openalex.org/W1995523944,1557-1939,Q3
https://openalex.org/W1995530211,0038-1098,Q1
https://openalex.org/W1995536506,0167-9317,Q2
https://openalex.org/W1995550250,1864-063X,Q2
https://openalex.org/W1995566188,0167-577X,Q1
https://openalex.org/W1995576253,0022-0248,Q1
https://openalex.org/W1995579582,0020-7608,Q2
https://openalex.org/W1995620516,0034-6748,Q1
https://openalex.org/W1995647892,0167-577X,Q1
https://openalex.org/W1995663456,0043-1648,Q1
https://openalex.org/W1995664555,0921-4526,Q2
https://openalex.org/W1995701417,0040-6090,Q2
https://openalex.org/W1995731463,1434-6028,Q2
https://openalex.org/W1995775028,1001-6058,Q3
https://openalex.org/W1995799350,1054-660X,Q3
https://openalex.org/W1995813667,0022-4596,Q1
https://openalex.org/W1995927764,0167-9317,Q2
https://openalex.org/W1995932882,0254-0584,Q2
https://openalex.org/W1995935623,1042-346X,Q2
https://openalex.org/W1995941866,1880-6821,Q2
https://openalex.org/W1995946556,0934-0866,Q3
https://openalex.org/W1995948019,0254-0584,Q2
https://openalex.org/W1995973270,0021-8979,Q1
https://openalex.org/W1995974506,0167-9317,Q2
https://openalex.org/W1995992754,0254-0584,Q2
https://openalex.org/W1996008890,0921-5093,Q1
https://openalex.org/W1996010063,0743-7463,Q1
https://openalex.org/W1996018588,0021-8979,Q1
https://openalex.org/W1996023523,0022-3131,Q3
https://openalex.org/W1996030175,0368-2048,Q1
https://openalex.org/W1996033788,0164-0313,Q3
https://openalex.org/W1996038614,0021-8979,Q1
https://openalex.org/W1996077630,1348-6535,Q2
https://openalex.org/W1996098060,0167-577X,Q1
https://openalex.org/W1996103881,0304-8853,Q2
https://openalex.org/W1996139473,1044-5803,Q2
https://openalex.org/W1996142529,0946-7076,Q2
https://openalex.org/W1996143666,0040-6090,Q2
https://openalex.org/W1996152548,1612-2011,Q1
https://openalex.org/W1996155724,1388-6150,Q2
https://openalex.org/W1996166156,0925-4005,Q1
https://openalex.org/W1996172298,0304-8853,Q2
https://openalex.org/W1996199890,0022-3727,Q1
https://openalex.org/W1996209339,0167-2738,Q1
https://openalex.org/W1996239464,0026-2714,Q2
https://openalex.org/W1996262658,1094-4087,Q1
https://openalex.org/W1996263112,0361-5235,Q2
https://openalex.org/W1996267348,1062-8738,Q4
https://openalex.org/W1996270085,0021-8979,Q1
https://openalex.org/W1996273801,0743-7463,Q1
https://openalex.org/W1996294151,0734-2101,Q2
https://openalex.org/W1996297665,0267-0844,Q3
https://openalex.org/W1996302129,1386-9477,Q2
https://openalex.org/W1996322896,0955-5986,Q2
https://openalex.org/W1996329867,0257-8972,Q1
https://openalex.org/W1996354184,0043-1648,Q1
https://openalex.org/W1996370299,0924-4247,Q1
https://openalex.org/W1996408844,0925-4005,Q1
https://openalex.org/W1996421176,0360-3199,Q1
https://openalex.org/W1996434507,0360-3016,Q1
https://openalex.org/W1996446224,0025-5408,Q2
https://openalex.org/W1996457359,1061-9208,Q1
https://openalex.org/W1996458959,0925-9635,Q1
https://openalex.org/W1996499023,1359-6462,Q1
https://openalex.org/W1996501305,0925-9635,Q1
https://openalex.org/W1996516790,0273-1177,-
https://openalex.org/W1996574557,0167-577X,Q1
https://openalex.org/W1996576935,0272-6343,Q2
https://openalex.org/W1996578811,0167-577X,Q1
https://openalex.org/W1996586191,0169-4332,-
https://openalex.org/W1996615444,0267-0836,Q2
https://openalex.org/W1996631952,0021-8979,Q1
https://openalex.org/W1996636382,0921-5093,Q1
https://openalex.org/W1996638147,1063-7826,Q3
https://openalex.org/W1996653189,1567-1739,Q2
https://openalex.org/W1996663422,0168-9002,Q1
https://openalex.org/W1996709946,0930-486X,Q3
https://openalex.org/W1996713468,1051-8223,Q3
https://openalex.org/W1996746479,0040-6090,Q2
https://openalex.org/W1996773184,0969-8043,Q2
https://openalex.org/W1996779831,1003-6326,Q3
https://openalex.org/W1996811820,0301-679X,Q1
https://openalex.org/W1996835175,0257-8972,Q1
https://openalex.org/W1996844016,1432-8488,Q2
https://openalex.org/W1996851133,0030-400X,Q4
https://openalex.org/W1996874221,0022-3093,Q2
https://openalex.org/W1996876293,0927-7765,Q2
https://openalex.org/W1996895221,0146-9592,Q1
https://openalex.org/W1996898233,0925-3467,Q1
https://openalex.org/W1996905413,0969-806X,Q2
https://openalex.org/W1996926998,0921-4526,Q2
https://openalex.org/W1996930403,0895-2477,Q3
https://openalex.org/W1996941662,1098-0121,Q1
https://openalex.org/W1996946226,0927-7757,-
https://openalex.org/W1996962083,0022-460X,Q1
https://openalex.org/W1996970507,0022-2488,Q2
https://openalex.org/W1996972674,0969-806X,Q2
https://openalex.org/W1996975631,0018-9197,Q1
https://openalex.org/W1996995803,1087-6596,Q4
https://openalex.org/W1997011246,0022-2313,Q1
https://openalex.org/W1997041421,0010-5082,Q3
https://openalex.org/W1997042123,1542-1406,Q3
https://openalex.org/W1997042388,0014-3057,Q1
https://openalex.org/W1997050880,0947-7047,Q2
https://openalex.org/W1997052589,0379-7112,Q2
https://openalex.org/W1997080018,1042-346X,Q2
https://openalex.org/W1997086841,1674-1056,Q3
https://openalex.org/W1997093987,1094-4087,Q1
https://openalex.org/W1997115560,1064-8887,Q3
https://openalex.org/W1997124965,0964-1726,Q1
https://openalex.org/W1997142230,1343-8875,Q3
https://openalex.org/W1997151514,0921-5107,Q2
https://openalex.org/W1997157386,0884-5913,-
https://openalex.org/W1997157889,0169-4332,-
https://openalex.org/W1997176416,0022-3115,Q2
https://openalex.org/W1997181934,1751-8113,Q2
https://openalex.org/W1997196142,0021-4922,Q2
https://openalex.org/W1997242233,0304-8853,Q2
https://openalex.org/W1997243935,0925-4005,Q1
https://openalex.org/W1997245195,0022-3115,Q2
https://openalex.org/W1997257442,1574-1818,Q1
https://openalex.org/W1997285258,1528-7483,Q1
https://openalex.org/W1997302382,0924-4247,Q1
https://openalex.org/W1997312784,0924-2716,Q1
https://openalex.org/W1997357210,1094-4087,Q1
https://openalex.org/W1997420406,0909-0495,Q1
https://openalex.org/W1997421276,0927-7757,-
https://openalex.org/W1997462540,1003-6326,Q3
https://openalex.org/W1997479687,1748-3387,Q1
https://openalex.org/W1997536118,0742-4787,Q1
https://openalex.org/W1997539319,0003-6951,Q1
https://openalex.org/W1997543858,1432-8488,Q2
https://openalex.org/W1997547750,0034-6748,Q1
https://openalex.org/W1997565011,0142-727X,Q1
https://openalex.org/W1997576680,1003-6326,Q3
https://openalex.org/W1997581358,0267-0844,Q3
https://openalex.org/W1997593006,0167-6636,Q1
https://openalex.org/W1997595838,0946-7076,Q2
https://openalex.org/W1997597617,0091-3286,Q2
https://openalex.org/W1997602375,0743-7463,Q1
https://openalex.org/W1997604314,0042-207X,Q2
https://openalex.org/W1997612149,1094-4087,Q1
https://openalex.org/W1997617413,0029-5515,Q1
https://openalex.org/W1997619935,1387-3806,Q1
https://openalex.org/W1997622640,0267-0844,Q3
https://openalex.org/W1997628205,0256-307X,Q2
https://openalex.org/W1997630302,0267-0836,Q2
https://openalex.org/W1997644029,1932-5150,Q3
https://openalex.org/W1997662143,0895-2477,Q3
https://openalex.org/W1997677726,0921-5093,Q1
https://openalex.org/W1997686289,1993-5013,Q4
https://openalex.org/W1997693438,0040-6090,Q2
https://openalex.org/W1997694985,0957-0233,Q1
https://openalex.org/W1997698445,0933-5137,Q3
https://openalex.org/W1997711094,0022-2313,Q1
https://openalex.org/W1997719063,1674-1056,Q3
https://openalex.org/W1997724337,0920-5071,Q2
https://openalex.org/W1997725877,0002-9505,Q2
https://openalex.org/W1997779312,1003-6326,Q3
https://openalex.org/W1997788293,0038-6308,Q1
https://openalex.org/W1997791419,1094-4087,Q1
https://openalex.org/W1997791656,1350-4177,Q1
https://openalex.org/W1997795523,0925-9635,Q1
https://openalex.org/W1997810985,0360-3199,Q1
https://openalex.org/W1997813744,1098-4402,Q1
https://openalex.org/W1997817863,0013-4651,Q1
https://openalex.org/W1997822632,1422-6944,Q4
https://openalex.org/W1997829938,0921-5093,Q1
https://openalex.org/W1997848008,0021-8979,Q1
https://openalex.org/W1997851339,0924-4247,Q1
https://openalex.org/W1997859464,1044-5803,Q2
https://openalex.org/W1997875414,0168-9002,Q1
https://openalex.org/W1997881757,0022-3115,Q2
https://openalex.org/W1997883434,1687-725X,-
https://openalex.org/W1997883746,0003-6951,Q1
https://openalex.org/W1997892626,0022-3115,Q2
https://openalex.org/W1997901861,0969-8043,Q2
https://openalex.org/W1997912535,0031-9007,Q1
https://openalex.org/W1997920873,0013-4651,Q1
https://openalex.org/W1997926702,0021-4922,Q2
https://openalex.org/W1997941235,0021-4876,Q3
https://openalex.org/W1997956755,0003-7028,Q2
https://openalex.org/W1997978357,1001-6058,Q3
https://openalex.org/W1998020747,0022-0248,Q1
https://openalex.org/W1998029608,0002-9505,Q2
https://openalex.org/W1998035565,0304-3886,Q2
https://openalex.org/W1998040078,0003-6951,Q1
https://openalex.org/W1998041243,0009-2614,Q1
https://openalex.org/W1998062470,0146-9592,Q1
https://openalex.org/W1998070354,0921-4526,Q2
https://openalex.org/W1998089903,0020-7403,Q2
https://openalex.org/W1998110148,0018-9456,Q2
https://openalex.org/W1998119278,0928-0707,Q2
https://openalex.org/W1998125760,1350-4177,Q1
https://openalex.org/W1998170860,0741-3335,Q1
https://openalex.org/W1998172581,0921-4534,Q3
https://openalex.org/W1998175470,0146-9592,Q1
https://openalex.org/W1998194534,0953-2048,Q1
https://openalex.org/W1998209699,0969-8043,Q2
https://openalex.org/W1998211328,0992-7689,Q2
https://openalex.org/W1998217661,1359-6462,Q1
https://openalex.org/W1998230841,0168-9002,Q1
https://openalex.org/W1998232150,0169-4332,-
https://openalex.org/W1998249471,0022-0248,Q1
https://openalex.org/W1998256600,0254-0584,Q2
https://openalex.org/W1998267331,0021-8979,Q1
https://openalex.org/W1998273054,0306-8919,Q2
https://openalex.org/W1998281600,0003-6951,Q1
https://openalex.org/W1998324792,0021-8979,Q1
https://openalex.org/W1998331914,0924-4247,Q1
https://openalex.org/W1998347249,1063-7850,Q4
https://openalex.org/W1998352151,0264-9381,Q1
https://openalex.org/W1998353251,0921-5093,Q1
https://openalex.org/W1998376928,0263-2241,Q3
https://openalex.org/W1998403955,0041-624X,Q1
https://openalex.org/W1998407388,0030-4018,Q1
https://openalex.org/W1998436453,1948-5085,-
https://openalex.org/W1998439442,0267-0836,Q2
https://openalex.org/W1998458641,0040-6090,Q2
https://openalex.org/W1998474374,1388-6150,Q2
https://openalex.org/W1998474606,1070-664X,Q1
https://openalex.org/W1998481168,0021-8979,Q1
https://openalex.org/W1998528378,0042-207X,Q2
https://openalex.org/W1998533236,1748-0221,Q1
https://openalex.org/W1998554136,0003-6951,Q1
https://openalex.org/W1998561353,0022-4596,Q1
https://openalex.org/W1998562106,1432-8917,Q2
https://openalex.org/W1998605262,1293-2558,Q2
https://openalex.org/W1998609679,1286-0042,Q2
https://openalex.org/W1998617746,0921-5093,Q1
https://openalex.org/W1998623024,0021-4922,Q2
https://openalex.org/W1998633661,0040-6090,Q2
https://openalex.org/W1998642415,0022-3115,Q2
https://openalex.org/W1998642539,0001-4966,Q1
https://openalex.org/W1998652191,0969-8043,Q2
https://openalex.org/W1998655975,0267-0844,Q3
https://openalex.org/W1998664862,0925-4005,Q1
https://openalex.org/W1998684115,1598-9623,Q2
https://openalex.org/W1998687215,0920-5071,Q2
https://openalex.org/W1998688899,0021-1575,Q3
https://openalex.org/W1998694927,0267-0844,Q3
https://openalex.org/W1998710420,1063-7745,Q4
https://openalex.org/W1998715840,0301-679X,Q1
https://openalex.org/W1998745784,0925-4005,Q1
https://openalex.org/W1998747897,0167-2738,Q1
https://openalex.org/W1998856297,0921-5093,Q1
https://openalex.org/W1998876226,1674-4926,-
https://openalex.org/W1998878961,1567-1739,Q2
https://openalex.org/W1998902041,0957-0233,Q1
https://openalex.org/W1998942849,1598-9623,Q2
https://openalex.org/W1998951782,0168-583X,Q2
https://openalex.org/W1998956667,1438-1656,Q1
https://openalex.org/W1998977019,0969-8043,Q2
https://openalex.org/W1999005707,0167-2738,Q1
https://openalex.org/W1999012862,0928-4931,Q2
https://openalex.org/W1999016681,1424-8220,Q2
https://openalex.org/W1999017294,0925-4005,Q1
https://openalex.org/W1999037614,1424-8220,Q2
https://openalex.org/W1999049951,1386-1425,Q2
https://openalex.org/W1999051822,1348-6535,Q2
https://openalex.org/W1999056539,0169-4332,-
https://openalex.org/W1999072202,0927-7757,-
https://openalex.org/W1999090657,1348-6535,Q2
https://openalex.org/W1999095999,0167-577X,Q1
https://openalex.org/W1999133837,0925-4005,Q1
https://openalex.org/W1999163742,1001-0521,Q3
https://openalex.org/W1999169965,0733-8724,Q1
https://openalex.org/W1999178539,0921-4526,Q2
https://openalex.org/W1999203088,0040-6090,Q2
https://openalex.org/W1999207995,0167-577X,Q1
https://openalex.org/W1999211584,0034-6748,Q1
https://openalex.org/W1999212665,0232-1300,Q3
https://openalex.org/W1999239864,0040-6090,Q2
https://openalex.org/W1999255300,0040-6090,Q2
https://openalex.org/W1999292148,0021-8979,Q1
https://openalex.org/W1999305782,0169-4332,-
https://openalex.org/W1999313097,0740-3224,Q1
https://openalex.org/W1999318009,1530-6984,Q1
https://openalex.org/W1999339210,1674-1137,Q4
https://openalex.org/W1999350443,0921-5107,Q2
https://openalex.org/W1999357655,0743-7463,Q1
https://openalex.org/W1999364501,0167-577X,Q1
https://openalex.org/W1999366181,0304-8853,Q2
https://openalex.org/W1999371918,0167-577X,Q1
https://openalex.org/W1999385807,0957-4522,Q2
https://openalex.org/W1999397189,0946-7076,Q2
https://openalex.org/W1999417082,0042-207X,Q2
https://openalex.org/W1999420811,0040-6090,Q2
https://openalex.org/W1999430345,0378-3812,Q1
https://openalex.org/W1999513565,1350-4177,Q1
https://openalex.org/W1999527584,0142-727X,Q1
https://openalex.org/W1999538341,0013-4651,Q1
https://openalex.org/W1999541550,0742-4787,Q1
https://openalex.org/W1999586369,0887-6266,Q1
https://openalex.org/W1999610518,0010-2180,Q1
https://openalex.org/W1999617530,1388-6150,Q2
https://openalex.org/W1999620523,1768-6733,Q4
https://openalex.org/W1999638634,0928-4931,Q2
https://openalex.org/W1999659262,1863-8880,Q1
https://openalex.org/W1999674872,0969-806X,Q2
https://openalex.org/W1999689355,0042-207X,Q2
https://openalex.org/W1999702445,0142-2421,Q2
https://openalex.org/W1999704957,0030-4026,Q4
https://openalex.org/W1999710642,1674-4926,-
https://openalex.org/W1999740930,0021-8944,Q3
https://openalex.org/W1999760584,0003-7028,Q2
https://openalex.org/W1999787848,1063-7834,Q4
https://openalex.org/W1999791368,1094-4087,Q1
https://openalex.org/W1999798885,1359-6462,Q1
https://openalex.org/W1999799435,0925-4005,Q1
https://openalex.org/W1999823471,0932-0784,Q3
https://openalex.org/W1999823487,0021-8979,Q1
https://openalex.org/W1999836055,0169-4332,-
https://openalex.org/W1999855151,0168-9002,Q1
https://openalex.org/W1999858346,1003-6326,Q3
https://openalex.org/W1999882834,0304-8853,Q2
https://openalex.org/W1999891210,0001-4966,Q1
https://openalex.org/W1999892015,0022-3131,Q3
https://openalex.org/W1999901661,0003-6951,Q1
https://openalex.org/W1999982422,0146-9592,Q1
https://openalex.org/W2000000772,0957-0233,Q1
https://openalex.org/W2000001297,0170-0839,Q2
https://openalex.org/W2000002814,0267-0836,Q2
https://openalex.org/W2000032573,1094-4087,Q1
https://openalex.org/W2000050244,0924-4247,Q1
https://openalex.org/W2000085431,0022-0248,Q1
https://openalex.org/W2000089381,0002-9505,Q2
https://openalex.org/W2000128717,0256-307X,Q2
https://openalex.org/W2000158157,0267-0844,Q3
https://openalex.org/W2000162750,1567-1739,Q2
https://openalex.org/W2000191364,1070-9762,Q4
https://openalex.org/W2000227092,1350-4495,Q2
https://openalex.org/W2000284266,0920-5071,Q2
https://openalex.org/W2000289357,0022-3727,Q1
https://openalex.org/W2000304035,0921-5107,Q2
https://openalex.org/W2000329193,1384-1076,Q1
https://openalex.org/W2000348030,1387-3806,Q1
https://openalex.org/W2000377581,0030-4018,Q1
https://openalex.org/W2000385961,0895-2477,Q3
https://openalex.org/W2000421330,0168-583X,Q2
https://openalex.org/W2000438253,0041-624X,Q1
https://openalex.org/W2000438601,0921-4534,Q3
https://openalex.org/W2000452556,1071-0922,Q2
https://openalex.org/W2000494746,1044-5803,Q2
https://openalex.org/W2000514224,0022-0248,Q1
https://openalex.org/W2000543130,1658-3655,-
https://openalex.org/W2000584751,0022-4596,Q1
https://openalex.org/W2000597520,0033-7587,Q1
https://openalex.org/W2000611539,0021-8979,Q1
https://openalex.org/W2000635086,0957-0233,Q1
https://openalex.org/W2000657506,1932-5150,Q3
https://openalex.org/W2000667136,0003-6951,Q1
https://openalex.org/W2000711970,0927-7757,-
https://openalex.org/W2000713474,0040-6031,Q1
https://openalex.org/W2000731896,0030-4026,Q4
https://openalex.org/W2000732731,0002-9505,Q2
https://openalex.org/W2000762555,0144-8420,Q2
https://openalex.org/W2000785334,0040-6090,Q2
https://openalex.org/W2000802281,0022-3093,Q2
https://openalex.org/W2000852835,0021-8979,Q1
https://openalex.org/W2000864488,1063-7834,Q4
https://openalex.org/W2000868170,0003-6951,Q1
https://openalex.org/W2000892076,0009-2614,Q1
https://openalex.org/W2000909045,0004-6280,Q1
https://openalex.org/W2000949388,1003-6326,Q3
https://openalex.org/W2000959974,0022-0248,Q1
https://openalex.org/W2000975908,0167-577X,Q1
https://openalex.org/W2000983389,1098-4402,Q1
https://openalex.org/W2001006524,0021-8464,Q3
https://openalex.org/W2001014390,0969-8043,Q2
https://openalex.org/W2001049362,0141-3910,Q1
https://openalex.org/W2001063923,0003-6951,Q1
https://openalex.org/W2001107992,0040-6090,Q2
https://openalex.org/W2001111829,0895-2477,Q3
https://openalex.org/W2001166847,0953-2048,Q1
https://openalex.org/W2001183709,1996-1944,-
https://openalex.org/W2001204463,0167-2738,Q1
https://openalex.org/W2001223538,0143-0807,Q3
https://openalex.org/W2001248423,0041-624X,Q1
https://openalex.org/W2001269769,1070-9762,Q4
https://openalex.org/W2001290555,0141-3910,Q1
https://openalex.org/W2001323010,1070-664X,Q1
https://openalex.org/W2001330287,1094-4087,Q1
https://openalex.org/W2001358583,0921-5093,Q1
https://openalex.org/W2001367115,0022-3727,Q1
https://openalex.org/W2001378048,0169-4332,-
https://openalex.org/W2001378594,0863-1042,Q2
https://openalex.org/W2001396912,0969-8043,Q2
https://openalex.org/W2001417669,1290-0729,Q1
https://openalex.org/W2001435154,0256-307X,Q2
https://openalex.org/W2001441703,1003-6326,Q3
https://openalex.org/W2001463823,0003-6951,Q1
https://openalex.org/W2001467088,0146-9592,Q1
https://openalex.org/W2001487157,0168-583X,Q2
https://openalex.org/W2001507462,0021-4922,Q2
https://openalex.org/W2001524297,0301-679X,Q1
https://openalex.org/W2001569760,0032-5899,Q3
https://openalex.org/W2001573288,1750-0443,Q2
https://openalex.org/W2001583974,0029-5493,Q2
https://openalex.org/W2001587110,1862-6300,Q2
https://openalex.org/W2001605329,0169-4332,-
https://openalex.org/W2001655886,0921-4526,Q2
https://openalex.org/W2001661204,0964-1726,Q1
https://openalex.org/W2001662437,0022-0248,Q1
https://openalex.org/W2001671788,1026-5511,Q2
https://openalex.org/W2001694839,0168-9002,Q1
https://openalex.org/W2001695663,0010-9525,Q4
https://openalex.org/W2001769830,0167-2738,Q1
https://openalex.org/W2001777123,1010-6030,Q1
https://openalex.org/W2001784989,1530-6984,Q1
https://openalex.org/W2001788812,0143-8166,Q2
https://openalex.org/W2001800423,0997-7538,Q1
https://openalex.org/W2001811513,0022-3115,Q2
https://openalex.org/W2001822403,0168-9002,Q1
https://openalex.org/W2001834894,0026-2714,Q2
https://openalex.org/W2001862237,2040-8978,Q1
https://openalex.org/W2001895916,0020-4412,Q4
https://openalex.org/W2001898234,1003-6326,Q3
https://openalex.org/W2001904322,0168-9002,Q1
https://openalex.org/W2001907738,0168-9002,Q1
https://openalex.org/W2001910846,0170-0839,Q2
https://openalex.org/W2001920350,0017-9310,Q1
https://openalex.org/W2001925668,0167-2738,Q1
https://openalex.org/W2001935458,1059-910X,Q1
https://openalex.org/W2001959319,1062-3701,Q3
https://openalex.org/W2001971656,1071-0922,Q2
https://openalex.org/W2001992722,1009-0630,Q4
https://openalex.org/W2002003092,0921-4526,Q2
https://openalex.org/W2002020985,1350-4487,Q2
https://openalex.org/W2002030156,0167-577X,Q1
https://openalex.org/W2002032379,0734-2101,Q2
https://openalex.org/W2002064512,0927-0256,Q2
https://openalex.org/W2002082435,1094-4087,Q1
https://openalex.org/W2002094342,0168-583X,Q2
https://openalex.org/W2002131587,0040-6031,Q1
https://openalex.org/W2002141020,0301-679X,Q1
https://openalex.org/W2002149124,0004-637X,Q1
https://openalex.org/W2002156326,0030-4018,Q1
https://openalex.org/W2002165952,0167-9317,Q2
https://openalex.org/W2002170751,0040-6090,Q2
https://openalex.org/W2002181256,1293-2558,Q2
https://openalex.org/W2002248849,0022-3778,Q3
https://openalex.org/W2002253895,0040-6031,Q1
https://openalex.org/W2002259996,0003-6951,Q1
https://openalex.org/W2002281664,1350-4487,Q2
https://openalex.org/W2002285981,0304-8853,Q2
https://openalex.org/W2002353962,0022-3115,Q2
https://openalex.org/W2002360873,0301-679X,Q1
https://openalex.org/W2002374979,0038-1101,Q2
https://openalex.org/W2002390039,0021-8979,Q1
https://openalex.org/W2002412102,0031-8949,Q3
https://openalex.org/W2002417051,0169-4332,-
https://openalex.org/W2002424356,0167-577X,Q1
https://openalex.org/W2002451594,1674-1056,Q3
https://openalex.org/W2002455152,0953-4075,Q1
https://openalex.org/W2002465589,0026-2714,Q2
https://openalex.org/W2002467641,0013-4651,Q1
https://openalex.org/W2002474798,1674-2001,Q3
https://openalex.org/W2002513729,0003-6951,Q1
https://openalex.org/W2002514547,0257-8972,Q1
https://openalex.org/W2002531702,0969-8043,Q2
https://openalex.org/W2002589556,0895-2477,Q3
https://openalex.org/W2002590892,1070-664X,Q1
https://openalex.org/W2002592782,0257-8972,Q1
https://openalex.org/W2002596067,0043-1648,Q1
https://openalex.org/W2002596694,0043-1648,Q1
https://openalex.org/W2002596866,0021-8979,Q1
https://openalex.org/W2002606863,0921-4526,Q2
https://openalex.org/W2002617257,1063-780X,Q3
https://openalex.org/W2002663105,0257-8972,Q1
https://openalex.org/W2002668088,0256-307X,Q2
https://openalex.org/W2002699242,1094-4087,Q1
https://openalex.org/W2002706848,0969-8043,Q2
https://openalex.org/W2002711659,1044-5803,Q2
https://openalex.org/W2002738439,0957-4522,Q2
https://openalex.org/W2002738629,1003-6326,Q3
https://openalex.org/W2002751785,0892-7057,Q3
https://openalex.org/W2002789964,0360-3199,Q1
https://openalex.org/W2002794610,0217-9792,Q3
https://openalex.org/W2002830749,0146-9592,Q1
https://openalex.org/W2002833053,0168-9002,Q1
https://openalex.org/W2002837317,1094-4087,Q1
https://openalex.org/W2002876591,1388-6150,Q2
https://openalex.org/W2002929071,0040-6090,Q2
https://openalex.org/W2002950029,0040-6090,Q2
https://openalex.org/W2002959659,0169-4332,-
https://openalex.org/W2002963674,0038-1101,Q2
https://openalex.org/W2002985255,1059-910X,Q1
https://openalex.org/W2002987445,0022-0248,Q1
https://openalex.org/W2002989960,0034-6748,Q1
https://openalex.org/W2003009818,0584-8547,Q1
https://openalex.org/W2003037996,0167-577X,Q1
https://openalex.org/W2003053786,0379-6779,Q2
https://openalex.org/W2003086032,0167-9317,Q2
https://openalex.org/W2003103528,0020-7608,Q2
https://openalex.org/W2003110243,0924-4247,Q1
https://openalex.org/W2003125970,0017-9310,Q1
https://openalex.org/W2003156696,0167-9317,Q2
https://openalex.org/W2003182770,0584-8547,Q1
https://openalex.org/W2003183188,0168-583X,Q2
https://openalex.org/W2003208231,0256-307X,Q2
https://openalex.org/W2003218378,0040-6090,Q2
https://openalex.org/W2003230301,1094-4087,Q1
https://openalex.org/W2003268153,0021-8944,Q3
https://openalex.org/W2003307423,1349-2543,Q3
https://openalex.org/W2003319905,0252-9602,Q3
https://openalex.org/W2003331855,1387-1811,Q1
https://openalex.org/W2003334634,0168-9002,Q1
https://openalex.org/W2003340439,1542-1406,Q3
https://openalex.org/W2003343426,1348-6535,Q2
https://openalex.org/W2003348922,0743-7463,Q1
https://openalex.org/W2003401886,1098-0121,Q1
https://openalex.org/W2003409101,0168-9002,Q1
https://openalex.org/W2003457364,0003-6951,Q1
https://openalex.org/W2003460714,0924-4247,Q1
https://openalex.org/W2003462521,0167-577X,Q1
https://openalex.org/W2003516312,0167-9317,Q2
https://openalex.org/W2003523947,0167-577X,Q1
https://openalex.org/W2003531629,0741-3335,Q1
https://openalex.org/W2003556220,0957-0233,Q1
https://openalex.org/W2003582536,0146-8030,Q3
https://openalex.org/W2003611449,1070-9762,Q4
https://openalex.org/W2003621360,0168-9002,Q1
https://openalex.org/W2003630536,0015-0193,Q3
https://openalex.org/W2003636395,0022-3727,Q1
https://openalex.org/W2003647794,1388-6150,Q2
https://openalex.org/W2003656614,0021-9991,Q1
https://openalex.org/W2003676989,1768-6733,Q4
https://openalex.org/W2003690080,0003-6951,Q1
https://openalex.org/W2003690495,1598-9623,Q2
https://openalex.org/W2003701414,0253-6102,Q3
https://openalex.org/W2003701443,1066-7857,Q4
https://openalex.org/W2003723029,0925-3467,Q1
https://openalex.org/W2003746497,0043-1648,Q1
https://openalex.org/W2003783770,0969-806X,Q2
https://openalex.org/W2003786096,0040-6090,Q2
https://openalex.org/W2003814315,0040-6090,Q2
https://openalex.org/W2003828306,0924-4247,Q1
https://openalex.org/W2003859914,0022-2348,Q3
https://openalex.org/W2003878385,0030-4018,Q1
https://openalex.org/W2003885009,0957-4522,Q2
https://openalex.org/W2003895001,0921-5093,Q1
https://openalex.org/W2003908660,1546-542X,Q2
https://openalex.org/W2003933936,0146-9592,Q1
https://openalex.org/W2003943149,0969-806X,Q2
https://openalex.org/W2003945813,1094-4087,Q1
https://openalex.org/W2003979480,1070-664X,Q1
https://openalex.org/W2003991379,0025-6455,Q3
https://openalex.org/W2004012797,0361-5235,Q2
https://openalex.org/W2004048525,0020-7683,Q1
https://openalex.org/W2004090330,0003-682X,Q1
https://openalex.org/W2004118899,0040-6090,Q2
https://openalex.org/W2004143067,0304-3991,Q1
https://openalex.org/W2004149856,0021-4922,Q2
https://openalex.org/W2004153571,0167-577X,Q1
https://openalex.org/W2004188027,1350-4177,Q1
https://openalex.org/W2004191766,0301-679X,Q1
https://openalex.org/W2004201051,0254-0584,Q2
https://openalex.org/W2004206486,0232-1300,Q3
https://openalex.org/W2004210281,0167-577X,Q1
https://openalex.org/W2004220454,0030-4018,Q1
https://openalex.org/W2004253313,0026-2714,Q2
https://openalex.org/W2004261605,0946-7076,Q2
https://openalex.org/W2004284521,0740-3224,Q1
https://openalex.org/W2004299301,0003-6951,Q1
https://openalex.org/W2004306243,0167-9317,Q2
https://openalex.org/W2004318494,0957-0233,Q1
https://openalex.org/W2004357475,0167-9317,Q2
https://openalex.org/W2004365022,1359-6462,Q1
https://openalex.org/W2004369685,0167-577X,Q1
https://openalex.org/W2004397289,0885-3010,Q1
https://openalex.org/W2004405747,0925-9635,Q1
https://openalex.org/W2004412509,1567-1739,Q2
https://openalex.org/W2004468227,0146-9592,Q1
https://openalex.org/W2004477752,0003-6951,Q1
https://openalex.org/W2004531422,1040-7782,Q1
https://openalex.org/W2004560833,0969-806X,Q2
https://openalex.org/W2004570841,0170-0839,Q2
https://openalex.org/W2004573671,1542-1406,Q3
https://openalex.org/W2004613311,0360-3199,Q1
https://openalex.org/W2004617830,0014-3057,Q1
https://openalex.org/W2004628887,0141-3910,Q1
https://openalex.org/W2004633768,1359-6462,Q1
https://openalex.org/W2004642818,0969-8043,Q2
https://openalex.org/W2004669372,0927-7757,-
https://openalex.org/W2004675654,1566-1199,Q1
https://openalex.org/W2004679897,0361-5235,Q2
https://openalex.org/W2004684658,1359-6462,Q1
https://openalex.org/W2004684943,0031-918X,Q3
https://openalex.org/W2004703910,0141-3910,Q1
https://openalex.org/W2004741406,1386-1425,Q2
https://openalex.org/W2004771128,0041-624X,Q1
https://openalex.org/W2004813206,1613-4982,Q1
https://openalex.org/W2004816902,1386-9477,Q2
https://openalex.org/W2004821395,1343-8875,Q3
https://openalex.org/W2004823213,0168-583X,Q2
https://openalex.org/W2004826197,1528-7483,Q1
https://openalex.org/W2004882066,0925-4005,Q1
https://openalex.org/W2004933774,0928-0707,Q2
https://openalex.org/W2004936374,0047-2689,Q1
https://openalex.org/W2004937526,1054-660X,Q3
https://openalex.org/W2004954883,0304-8853,Q2
https://openalex.org/W2004968064,0921-5107,Q2
https://openalex.org/W2004971735,0743-7463,Q1
https://openalex.org/W2004986623,0969-8043,Q2
https://openalex.org/W2004989635,0921-5093,Q1
https://openalex.org/W2004990962,0267-0844,Q3
https://openalex.org/W2005007470,0963-0252,Q1
https://openalex.org/W2005007528,0387-1533,Q4
https://openalex.org/W2005038104,0040-6090,Q2
https://openalex.org/W2005039615,0925-4005,Q1
https://openalex.org/W2005042347,1536-5379,Q2
https://openalex.org/W2005049392,0146-9592,Q1
https://openalex.org/W2005057378,0143-8166,Q2
https://openalex.org/W2005065036,0925-4005,Q1
https://openalex.org/W2005066841,0031-9007,Q1
https://openalex.org/W2005073755,0034-6748,Q1
https://openalex.org/W2005077059,0361-5235,Q2
https://openalex.org/W2005084551,0003-6951,Q1
https://openalex.org/W2005085054,0735-1933,Q1
https://openalex.org/W2005087021,0021-8979,Q1
https://openalex.org/W2005094276,0927-0256,Q2
https://openalex.org/W2005114922,0304-8853,Q2
https://openalex.org/W2005127058,0927-7757,-
https://openalex.org/W2005152766,0021-8979,Q1
https://openalex.org/W2005164744,0921-5093,Q1
https://openalex.org/W2005164768,0217-9849,Q3
https://openalex.org/W2005189111,0021-9606,Q1
https://openalex.org/W2005200413,0167-9317,Q2
https://openalex.org/W2005203473,1001-6058,Q3
https://openalex.org/W2005210361,1567-1739,Q2
https://openalex.org/W2005224932,1064-8887,Q3
https://openalex.org/W2005229357,0921-4534,Q3
https://openalex.org/W2005238771,1063-7834,Q4
https://openalex.org/W2005248308,0892-7057,Q3
https://openalex.org/W2005258351,1466-8033,Q1
https://openalex.org/W2005275117,0254-0584,Q2
https://openalex.org/W2005275682,1010-6030,Q1
https://openalex.org/W2005298824,1387-1811,Q1
https://openalex.org/W2005300316,0030-3992,Q2
https://openalex.org/W2005362051,1944-8201,Q1
https://openalex.org/W2005370080,0957-4522,Q2
https://openalex.org/W2005376716,0257-8972,Q1
https://openalex.org/W2005388549,0018-9456,Q2
https://openalex.org/W2005390882,0921-4534,Q3
https://openalex.org/W2005394360,0040-6090,Q2
https://openalex.org/W2005424882,0969-806X,Q2
https://openalex.org/W2005433025,0025-5408,Q2
https://openalex.org/W2005441874,1003-6326,Q3
https://openalex.org/W2005469670,0141-3910,Q1
https://openalex.org/W2005473384,0169-4332,-
https://openalex.org/W2005481894,0018-9480,Q1
https://openalex.org/W2005483262,0924-4247,Q1
https://openalex.org/W2005494397,0167-9317,Q2
https://openalex.org/W2005502935,0022-2313,Q1
https://openalex.org/W2005503886,0001-4966,Q1
https://openalex.org/W2005507481,0301-679X,Q1
https://openalex.org/W2005510925,0301-679X,Q1
https://openalex.org/W2005524224,1084-7529,Q1
https://openalex.org/W2005533764,1567-1739,Q2
https://openalex.org/W2005539419,0921-4526,Q2
https://openalex.org/W2005552449,1386-1425,Q2
https://openalex.org/W2005563047,0021-8979,Q1
https://openalex.org/W2005572965,1527-3342,Q3
https://openalex.org/W2005614329,0167-577X,Q1
https://openalex.org/W2005645842,0003-6951,Q1
https://openalex.org/W2005659047,0740-3224,Q1
https://openalex.org/W2005669983,1566-1199,Q1
https://openalex.org/W2005672034,0921-5093,Q1
https://openalex.org/W2005675623,1350-4177,Q1
https://openalex.org/W2005688239,0169-4332,-
https://openalex.org/W2005702740,1749-4885,Q1
https://openalex.org/W2005731813,1350-4487,Q2
https://openalex.org/W2005745566,0145-7632,Q2
https://openalex.org/W2005786202,1350-6501,Q2
https://openalex.org/W2005818758,0924-4247,Q1
https://openalex.org/W2005897264,0584-8547,Q1
https://openalex.org/W2005900195,0267-8292,Q2
https://openalex.org/W2005906056,0304-3843,Q3
https://openalex.org/W2005931972,0039-6028,Q1
https://openalex.org/W2005946391,0020-7683,Q1
https://openalex.org/W2006011521,1003-6326,Q3
https://openalex.org/W2006012060,1882-0778,Q1
https://openalex.org/W2006050215,1862-6254,Q1
https://openalex.org/W2006083786,1003-6326,Q3
https://openalex.org/W2006085263,1350-4487,Q2
https://openalex.org/W2006102442,1743-9671,Q3
https://openalex.org/W2006112037,1003-6326,Q3
https://openalex.org/W2006125763,1044-5803,Q2
https://openalex.org/W2006129586,1290-0729,Q1
https://openalex.org/W2006134079,1041-1135,Q1
https://openalex.org/W2006136318,1748-0221,Q1
https://openalex.org/W2006155053,1861-9959,Q2
https://openalex.org/W2006164545,0021-8979,Q1
https://openalex.org/W2006181502,0031-9007,Q1
https://openalex.org/W2006182318,1469-0667,Q2
https://openalex.org/W2006182754,1880-6821,Q2
https://openalex.org/W2006219144,0022-3115,Q2
https://openalex.org/W2006221324,0022-2313,Q1
https://openalex.org/W2006235164,0021-8979,Q1
https://openalex.org/W2006239964,0969-806X,Q2
https://openalex.org/W2006253672,1350-4177,Q1
https://openalex.org/W2006261316,0038-1101,Q2
https://openalex.org/W2006292299,1063-7842,Q4
https://openalex.org/W2006294771,0946-7076,Q2
https://openalex.org/W2006296234,1469-0667,Q2
https://openalex.org/W2006303942,0022-3115,Q2
https://openalex.org/W2006337939,0273-1177,-
https://openalex.org/W2006364266,1349-2543,Q3
https://openalex.org/W2006364899,0375-9601,Q2
https://openalex.org/W2006370285,0273-1177,-
https://openalex.org/W2006372056,1350-4177,Q1
https://openalex.org/W2006375593,1003-6326,Q3
https://openalex.org/W2006383476,0921-4526,Q2
https://openalex.org/W2006384242,1028-3358,Q3
https://openalex.org/W2006398760,0040-6090,Q2
https://openalex.org/W2006423174,0895-2477,Q3
https://openalex.org/W2006425140,0042-207X,Q2
https://openalex.org/W2006440823,0146-9592,Q1
https://openalex.org/W2006450640,0168-9002,Q1
https://openalex.org/W2006451586,0003-682X,Q1
https://openalex.org/W2006461134,1048-9002,Q1
https://openalex.org/W2006474805,1350-4487,Q2
https://openalex.org/W2006494004,0167-577X,Q1
https://openalex.org/W2006497868,0232-1300,Q3
https://openalex.org/W2006509495,0038-1101,Q2
https://openalex.org/W2006529684,0304-3886,Q2
https://openalex.org/W2006604353,0254-0584,Q2
https://openalex.org/W2006651919,0043-1648,Q1
https://openalex.org/W2006653688,1070-664X,Q1
https://openalex.org/W2006670812,1063-7834,Q4
https://openalex.org/W2006687413,0029-5493,Q2
https://openalex.org/W2006705971,0887-6266,Q1
https://openalex.org/W2006708156,0304-8853,Q2
https://openalex.org/W2006728232,1286-0042,Q2
https://openalex.org/W2006728239,0946-7076,Q2
https://openalex.org/W2006772523,0021-4922,Q2
https://openalex.org/W2006782735,0034-6748,Q1
https://openalex.org/W2006822159,0022-2488,Q2
https://openalex.org/W2006844463,0146-9592,Q1
https://openalex.org/W2006852995,0947-7411,Q2
https://openalex.org/W2006853419,0039-6028,Q1
https://openalex.org/W2006867401,0217-751X,Q2
https://openalex.org/W2006923126,1350-4177,Q1
https://openalex.org/W2006948252,1557-1939,Q3
https://openalex.org/W2006968694,0957-0233,Q1
https://openalex.org/W2006980240,1674-4926,-
https://openalex.org/W2006986937,0169-4332,-
https://openalex.org/W2007028032,0142-2421,Q2
https://openalex.org/W2007032782,0040-6090,Q2
https://openalex.org/W2007051620,0025-6455,Q3
https://openalex.org/W2007103955,1044-5803,Q2
https://openalex.org/W2007105081,1063-7826,Q3
https://openalex.org/W2007146362,1751-8113,Q2
https://openalex.org/W2007172727,1386-1425,Q2
https://openalex.org/W2007184287,0003-7028,Q2
https://openalex.org/W2007211592,0937-9347,Q2
https://openalex.org/W2007238197,0167-9317,Q2
https://openalex.org/W2007239969,0022-2348,Q3
https://openalex.org/W2007240063,0169-4332,-
https://openalex.org/W2007242655,1010-6030,Q1
https://openalex.org/W2007256107,0003-6951,Q1
https://openalex.org/W2007260293,1094-4087,Q1
https://openalex.org/W2007267605,0925-4005,Q1
https://openalex.org/W2007276118,0921-4534,Q3
https://openalex.org/W2007313055,0304-8853,Q2
https://openalex.org/W2007319416,0895-2477,Q3
https://openalex.org/W2007330213,1054-660X,Q3
https://openalex.org/W2007336597,0921-4534,Q3
https://openalex.org/W2007342072,0267-0836,Q2
https://openalex.org/W2007358463,1293-2558,Q2
https://openalex.org/W2007369776,0301-679X,Q1
https://openalex.org/W2007372420,1290-0729,Q1
https://openalex.org/W2007386010,1565-1339,Q1
https://openalex.org/W2007403817,0947-7047,Q2
https://openalex.org/W2007408387,0895-2477,Q3
https://openalex.org/W2007433685,1063-7761,Q3
https://openalex.org/W2007444973,1094-4087,Q1
https://openalex.org/W2007509780,0001-4966,Q1
https://openalex.org/W2007515981,0020-7608,Q2
https://openalex.org/W2007522630,1063-7850,Q4
https://openalex.org/W2007544314,0143-8166,Q2
https://openalex.org/W2007548206,0021-8979,Q1
https://openalex.org/W2007558554,0927-0256,Q2
https://openalex.org/W2007575254,0921-5093,Q1
https://openalex.org/W2007596359,0003-6951,Q1
https://openalex.org/W2007604922,0018-926X,Q1
https://openalex.org/W2007615462,1466-8033,Q1
https://openalex.org/W2007615801,1094-4087,Q1
https://openalex.org/W2007665427,0946-7076,Q2
https://openalex.org/W2007671391,1388-6150,Q2
https://openalex.org/W2007689932,1882-0778,Q1
https://openalex.org/W2007692335,0018-9456,Q2
https://openalex.org/W2007701388,0042-207X,Q2
https://openalex.org/W2007718890,0021-4922,Q2
https://openalex.org/W2007746182,0022-460X,Q1
https://openalex.org/W2007757793,0021-8979,Q1
https://openalex.org/W2007764414,0030-4018,Q1
https://openalex.org/W2007796799,1098-0121,Q1
https://openalex.org/W2007816459,0022-0248,Q1
https://openalex.org/W2007816953,0167-577X,Q1
https://openalex.org/W2007820126,0304-4289,Q4
https://openalex.org/W2007842101,0836-1398,Q4
https://openalex.org/W2007849764,0001-4966,Q1
https://openalex.org/W2007871761,0043-1648,Q1
https://openalex.org/W2007872981,1063-7710,Q3
https://openalex.org/W2007881318,0920-5071,Q2
https://openalex.org/W2007944198,1226-4776,Q2
https://openalex.org/W2007951464,1094-4087,Q1
https://openalex.org/W2007956934,0267-0844,Q3
https://openalex.org/W2007970380,0925-4005,Q1
https://openalex.org/W2007974234,0304-8853,Q2
https://openalex.org/W2008013324,0920-5071,Q2
https://openalex.org/W2008014540,0957-0233,Q1
https://openalex.org/W2008014558,1063-7826,Q3
https://openalex.org/W2008021586,0957-0233,Q1
https://openalex.org/W2008042239,0167-577X,Q1
https://openalex.org/W2008042868,1359-6462,Q1
https://openalex.org/W2008044338,1349-2543,Q3
https://openalex.org/W2008046311,0091-3286,Q2
https://openalex.org/W2008049654,0257-8972,Q1
https://openalex.org/W2008074288,0022-3727,Q1
https://openalex.org/W2008075309,0031-9104,Q3
https://openalex.org/W2008087353,1350-4177,Q1
https://openalex.org/W2008089261,1350-4177,Q1
https://openalex.org/W2008101850,0022-3115,Q2
https://openalex.org/W2008110116,1070-664X,Q1
https://openalex.org/W2008129552,0969-8043,Q2
https://openalex.org/W2008153196,1388-6150,Q2
https://openalex.org/W2008175231,0273-1177,-
https://openalex.org/W2008175720,1388-6150,Q2
https://openalex.org/W2008186275,1044-5803,Q2
https://openalex.org/W2008192592,0969-8043,Q2
https://openalex.org/W2008198267,1567-1739,Q2
https://openalex.org/W2008207847,0018-151X,Q4
https://openalex.org/W2008229114,0253-6102,Q3
https://openalex.org/W2008281615,1742-5468,Q3
https://openalex.org/W2008330997,0022-1481,Q1
https://openalex.org/W2008339448,0267-0844,Q3
https://openalex.org/W2008352752,1094-4087,Q1
https://openalex.org/W2008363599,0256-307X,Q2
https://openalex.org/W2008375141,1094-4087,Q1
https://openalex.org/W2008404097,0275-1062,Q4
https://openalex.org/W2008407957,0257-8972,Q1
https://openalex.org/W2008407986,0360-3199,Q1
https://openalex.org/W2008468488,0306-8919,Q2
https://openalex.org/W2008486039,0020-2967,Q2
https://openalex.org/W2008496150,1094-4087,Q1
https://openalex.org/W2008527556,0168-9002,Q1
https://openalex.org/W2008540350,0969-8043,Q2
https://openalex.org/W2008547187,0169-4332,-
https://openalex.org/W2008558726,0018-926X,Q1
https://openalex.org/W2008591460,0038-1098,Q1
https://openalex.org/W2008621366,0168-9002,Q1
https://openalex.org/W2008639592,0018-926X,Q1
https://openalex.org/W2008642443,1094-4087,Q1
https://openalex.org/W2008658410,0002-9505,Q2
https://openalex.org/W2008660284,0014-3057,Q1
https://openalex.org/W2008694861,1041-1135,Q1
https://openalex.org/W2008712427,0167-9317,Q2
https://openalex.org/W2008727124,0003-6951,Q1
https://openalex.org/W2008728957,0257-8972,Q1
https://openalex.org/W2008794757,1687-725X,-
https://openalex.org/W2008802021,1041-1135,Q1
https://openalex.org/W2008807782,0022-0248,Q1
https://openalex.org/W2008839545,0947-7411,Q2
https://openalex.org/W2008891289,1003-6326,Q3
https://openalex.org/W2008891566,0003-6951,Q1
https://openalex.org/W2008910658,0370-2693,Q1
https://openalex.org/W2008925086,0146-9592,Q1
https://openalex.org/W2008939546,0257-8972,Q1
https://openalex.org/W2008966538,0030-400X,Q4
https://openalex.org/W2009013123,0377-0257,Q1
https://openalex.org/W2009021296,1942-9533,Q4
https://openalex.org/W2009024232,1022-1360,Q2
https://openalex.org/W2009055723,1359-6462,Q1
https://openalex.org/W2009058853,1059-9630,Q2
https://openalex.org/W2009066114,0021-4922,Q2
https://openalex.org/W2009074647,1530-6984,Q1
https://openalex.org/W2009110332,1386-9477,Q2
https://openalex.org/W2009124132,0927-7765,Q2
https://openalex.org/W2009198903,1003-6326,Q3
https://openalex.org/W2009217288,0026-2714,Q2
https://openalex.org/W2009240443,0021-8979,Q1
https://openalex.org/W2009247306,0969-8043,Q2
https://openalex.org/W2009250942,0010-4655,Q1
https://openalex.org/W2009255461,0360-3199,Q1
https://openalex.org/W2009271777,0169-4332,-
https://openalex.org/W2009276652,0040-6090,Q2
https://openalex.org/W2009288526,0304-8853,Q2
https://openalex.org/W2009334329,0360-3199,Q1
https://openalex.org/W2009344421,0029-5515,Q1
https://openalex.org/W2009364416,0743-7463,Q1
https://openalex.org/W2009376334,0925-9635,Q1
https://openalex.org/W2009384306,0895-2477,Q3
https://openalex.org/W2009404863,0011-2275,Q3
https://openalex.org/W2009410477,0167-577X,Q1
https://openalex.org/W2009420591,0003-6951,Q1
https://openalex.org/W2009474514,1003-6326,Q3
https://openalex.org/W2009484330,0003-6951,Q1
https://openalex.org/W2009486646,1612-8850,Q2
https://openalex.org/W2009522440,1094-4087,Q1
https://openalex.org/W2009533405,0892-7057,Q3
https://openalex.org/W2009555151,0031-9015,Q1
https://openalex.org/W2009555773,0167-9295,Q3
https://openalex.org/W2009574502,0011-2275,Q3
https://openalex.org/W2009591776,0887-8722,Q2
https://openalex.org/W2009596243,0169-4332,-
https://openalex.org/W2009604537,0924-4247,Q1
https://openalex.org/W2009620863,1094-4087,Q1
https://openalex.org/W2009632223,0042-207X,Q2
https://openalex.org/W2009638941,0925-4005,Q1
https://openalex.org/W2009639229,1432-8917,Q2
https://openalex.org/W2009669344,0030-400X,Q4
https://openalex.org/W2009670900,0947-7047,Q2
https://openalex.org/W2009671248,0257-8972,Q1
https://openalex.org/W2009706784,1066-7857,Q4
https://openalex.org/W2009717555,1468-4845,-
https://openalex.org/W2009755037,0957-4522,Q2
https://openalex.org/W2009765621,1064-8887,Q3
https://openalex.org/W2009767808,0029-5515,Q1
https://openalex.org/W2009776794,1094-4087,Q1
https://openalex.org/W2009802283,0360-3199,Q1
https://openalex.org/W2009817995,0091-3286,Q2
https://openalex.org/W2009828825,0022-3115,Q2
https://openalex.org/W2009843125,1359-6462,Q1
https://openalex.org/W2009866477,0170-0839,Q2
https://openalex.org/W2009883374,0257-8972,Q1
https://openalex.org/W2009890516,0927-7765,Q2
https://openalex.org/W2009897540,0921-4526,Q2
https://openalex.org/W2009913151,0920-5071,Q2
https://openalex.org/W2009939350,0022-0248,Q1
https://openalex.org/W2009985641,0043-1648,Q1
https://openalex.org/W2009988392,1044-5803,Q2
https://openalex.org/W2009990369,0040-6090,Q2
https://openalex.org/W2009992977,0964-1726,Q1
https://openalex.org/W2009994680,1476-1122,Q1
https://openalex.org/W2010010112,1024-8560,-
https://openalex.org/W2010016289,0169-4332,-
https://openalex.org/W2010032137,0167-577X,Q1
https://openalex.org/W2010035231,1674-4926,-
https://openalex.org/W2010048716,1063-7826,Q3
https://openalex.org/W2010051520,0021-8979,Q1
https://openalex.org/W2010082648,0022-2852,Q2
https://openalex.org/W2010087982,0026-2714,Q2
https://openalex.org/W2010088297,0091-3286,Q2
https://openalex.org/W2010113064,0034-6748,Q1
https://openalex.org/W2010120078,1094-4087,Q1
https://openalex.org/W2010128008,0969-806X,Q2
https://openalex.org/W2010189020,0022-3115,Q2
https://openalex.org/W2010225260,1094-4087,Q1
https://openalex.org/W2010232297,0921-5107,Q2
https://openalex.org/W2010258664,0003-6951,Q1
https://openalex.org/W2010259590,1359-6462,Q1
https://openalex.org/W2010299729,0021-8979,Q1
https://openalex.org/W2010319837,0168-583X,Q2
https://openalex.org/W2010326826,0928-0707,Q2
https://openalex.org/W2010339802,0040-6090,Q2
https://openalex.org/W2010355153,0267-0836,Q2
https://openalex.org/W2010361913,1098-0121,Q1
https://openalex.org/W2010363102,1432-8917,Q2
https://openalex.org/W2010366935,0022-3727,Q1
https://openalex.org/W2010393666,0018-9456,Q2
https://openalex.org/W2010407262,1567-1739,Q2
https://openalex.org/W2010473912,1388-6150,Q2
https://openalex.org/W2010475927,1862-5282,Q3
https://openalex.org/W2010489688,0026-2714,Q2
https://openalex.org/W2010501742,1528-7483,Q1
https://openalex.org/W2010532071,1862-6300,Q2
https://openalex.org/W2010532540,0743-7463,Q1
https://openalex.org/W2010538032,1748-3387,Q1
https://openalex.org/W2010553966,0921-4526,Q2
https://openalex.org/W2010588744,0925-4005,Q1
https://openalex.org/W2010617349,0003-6951,Q1
https://openalex.org/W2010627077,0306-8919,Q2
https://openalex.org/W2010735420,1024-8560,-
https://openalex.org/W2010737260,1348-0391,Q3
https://openalex.org/W2010752748,0003-6951,Q1
https://openalex.org/W2010775470,0021-4922,Q2
https://openalex.org/W2010785286,0021-8979,Q1
https://openalex.org/W2010799164,0021-9614,Q1
https://openalex.org/W2010801186,0020-7608,Q2
https://openalex.org/W2010806312,0030-4018,Q1
https://openalex.org/W2010807412,0885-3010,Q1
https://openalex.org/W2010819998,1385-3449,Q2
https://openalex.org/W2010862910,0031-9007,Q1
https://openalex.org/W2010877080,0169-4332,-
https://openalex.org/W2010888627,0032-0633,Q2
https://openalex.org/W2010897157,1003-6326,Q3
https://openalex.org/W2010925227,1098-4402,Q1
https://openalex.org/W2010927684,0040-6090,Q2
https://openalex.org/W2010931494,0256-307X,Q2
https://openalex.org/W2010956760,0925-4005,Q1
https://openalex.org/W2010980707,0928-0707,Q2
https://openalex.org/W2010984457,0168-583X,Q2
https://openalex.org/W2011017887,1094-4087,Q1
https://openalex.org/W2011033400,0003-6951,Q1
https://openalex.org/W2011040542,0003-6951,Q1
https://openalex.org/W2011045816,0921-5093,Q1
https://openalex.org/W2011085135,1063-7869,Q2
https://openalex.org/W2011088395,0268-1242,Q2
https://openalex.org/W2011091578,1438-1656,Q1
https://openalex.org/W2011098701,0004-6361,Q1
https://openalex.org/W2011108841,0969-806X,Q2
https://openalex.org/W2011117754,0887-6266,Q1
https://openalex.org/W2011121045,0022-2313,Q1
https://openalex.org/W2011184870,1058-9759,Q4
https://openalex.org/W2011185074,0145-7632,Q2
https://openalex.org/W2011189527,1612-8850,Q2
https://openalex.org/W2011211079,0927-7757,-
https://openalex.org/W2011219149,1674-4926,-
https://openalex.org/W2011271998,0953-2048,Q1
https://openalex.org/W2011301126,0040-6090,Q2
https://openalex.org/W2011305437,1388-0764,Q1
https://openalex.org/W2011336551,0167-8442,Q2
https://openalex.org/W2011364483,0895-2477,Q3
https://openalex.org/W2011366368,0020-7683,Q1
https://openalex.org/W2011383587,1098-0121,Q1
https://openalex.org/W2011391605,0022-0248,Q1
https://openalex.org/W2011398021,0020-7608,Q2
https://openalex.org/W2011419333,0948-1907,Q2
https://openalex.org/W2011451886,0168-583X,Q2
https://openalex.org/W2011455582,0304-3843,Q3
https://openalex.org/W2011458706,1386-1425,Q2
https://openalex.org/W2011482985,0360-3199,Q1
https://openalex.org/W2011533029,0040-6090,Q2
https://openalex.org/W2011539140,0169-4332,-
https://openalex.org/W2011556955,1098-0121,Q1
https://openalex.org/W2011579277,1094-4087,Q1
https://openalex.org/W2011589668,0953-2048,Q1
https://openalex.org/W2011591486,1567-1739,Q2
https://openalex.org/W2011609926,0168-9002,Q1
https://openalex.org/W2011611275,0030-4018,Q1
https://openalex.org/W2011623528,0584-8547,Q1
https://openalex.org/W2011623688,0025-6455,Q3
https://openalex.org/W2011624797,1432-8917,Q2
https://openalex.org/W2011645021,0301-679X,Q1
https://openalex.org/W2011645504,0021-8979,Q1
https://openalex.org/W2011646636,1068-820X,Q4
https://openalex.org/W2011684535,0167-9317,Q2
https://openalex.org/W2011687375,0167-9317,Q2
https://openalex.org/W2011688605,0969-8043,Q2
https://openalex.org/W2011715457,0003-682X,Q1
https://openalex.org/W2011717256,1424-8220,Q2
https://openalex.org/W2011737431,0003-6951,Q1
https://openalex.org/W2011746392,0021-4922,Q2
https://openalex.org/W2011769270,0003-6951,Q1
https://openalex.org/W2011772592,0301-5629,Q1
https://openalex.org/W2011778387,0146-9592,Q1
https://openalex.org/W2011780665,0360-3199,Q1
https://openalex.org/W2011812206,0038-1101,Q2
https://openalex.org/W2011820493,0003-6951,Q1
https://openalex.org/W2011831091,0168-9002,Q1
https://openalex.org/W2011831104,1438-1656,Q1
https://openalex.org/W2011833312,0022-2313,Q1
https://openalex.org/W2011837984,0254-0584,Q2
https://openalex.org/W2011844414,1094-4087,Q1
https://openalex.org/W2011880898,0957-0233,Q1
https://openalex.org/W2011881368,1044-5803,Q2
https://openalex.org/W2011883758,0021-8944,Q3
https://openalex.org/W2011899224,0015-0193,Q3
https://openalex.org/W2011899667,0254-0584,Q2
https://openalex.org/W2011913462,1350-4487,Q2
https://openalex.org/W2011939556,0254-0584,Q2
https://openalex.org/W2011952142,0304-3843,Q3
https://openalex.org/W2011956039,0040-6090,Q2
https://openalex.org/W2011959421,1944-8201,Q1
https://openalex.org/W2011963350,0267-0844,Q3
https://openalex.org/W2011966883,0895-2477,Q3
https://openalex.org/W2011975107,0360-3199,Q1
https://openalex.org/W2011980078,1350-6501,Q2
https://openalex.org/W2011986012,0146-9592,Q1
https://openalex.org/W2011989345,1386-1425,Q2
https://openalex.org/W2011992367,0895-2477,Q3
https://openalex.org/W2012013838,1009-0630,Q4
https://openalex.org/W2012051792,1748-0221,Q1
https://openalex.org/W2012052396,1882-0778,Q1
https://openalex.org/W2012072575,0021-8979,Q1
https://openalex.org/W2012080604,1054-660X,Q3
https://openalex.org/W2012093593,0928-0707,Q2
https://openalex.org/W2012101515,1612-8850,Q2
https://openalex.org/W2012151711,0030-4018,Q1
https://openalex.org/W2012154798,1094-4087,Q1
https://openalex.org/W2012164130,0021-4922,Q2
https://openalex.org/W2012193033,0301-679X,Q1
https://openalex.org/W2012212135,0004-640X,Q3
https://openalex.org/W2012232639,0957-0233,Q1
https://openalex.org/W2012256223,0040-6090,Q2
https://openalex.org/W2012259987,1612-2011,Q1
https://openalex.org/W2012284610,0167-2738,Q1
https://openalex.org/W2012296082,0043-1648,Q1
https://openalex.org/W2012299071,0029-5493,Q2
https://openalex.org/W2012319320,1424-8220,Q2
https://openalex.org/W2012327749,1044-5803,Q2
https://openalex.org/W2012355949,0969-806X,Q2
https://openalex.org/W2012376890,0921-5093,Q1
https://openalex.org/W2012410271,1674-1056,Q3
https://openalex.org/W2012412113,0029-5515,Q1
https://openalex.org/W2012436175,1362-1718,Q1
https://openalex.org/W2012449038,1044-5803,Q2
https://openalex.org/W2012507816,0091-3286,Q2
https://openalex.org/W2012536461,0925-4005,Q1
https://openalex.org/W2012541030,1863-8880,Q1
https://openalex.org/W2012557280,1531-1309,Q1
https://openalex.org/W2012563831,1349-2543,Q3
https://openalex.org/W2012570315,1992-2248,Q4
https://openalex.org/W2012578352,0018-9197,Q1
https://openalex.org/W2012591646,0043-1648,Q1
https://openalex.org/W2012603609,0253-6102,Q3
https://openalex.org/W2012621897,1084-7529,Q1
https://openalex.org/W2012627055,1068-3755,Q4
https://openalex.org/W2012627266,1350-6501,Q2
https://openalex.org/W2012659132,0232-1300,Q3
https://openalex.org/W2012671772,1054-660X,Q3
https://openalex.org/W2012684879,0953-4075,Q1
https://openalex.org/W2012687238,0043-1648,Q1
https://openalex.org/W2012694881,1098-4402,Q1
https://openalex.org/W2012719588,1063-7842,Q4
https://openalex.org/W2012750032,0256-307X,Q2
https://openalex.org/W2012759122,1094-4087,Q1
https://openalex.org/W2012766145,0011-748X,Q4
https://openalex.org/W2012775599,0954-0911,Q3
https://openalex.org/W2012798113,1567-1739,Q2
https://openalex.org/W2012813690,0021-1575,Q3
https://openalex.org/W2012836916,0030-4018,Q1
https://openalex.org/W2012839919,0017-9310,Q1
https://openalex.org/W2012852378,0921-5093,Q1
https://openalex.org/W2012865114,0001-4966,Q1
https://openalex.org/W2012867962,1936-0851,Q1
https://openalex.org/W2012874752,1556-276X,Q1
https://openalex.org/W2012908907,0169-4332,-
https://openalex.org/W2012912619,0361-5235,Q2
https://openalex.org/W2012913725,0146-9592,Q1
https://openalex.org/W2012948113,0144-8420,Q2
https://openalex.org/W2012958373,0040-6090,Q2
https://openalex.org/W2012985886,0360-3199,Q1
https://openalex.org/W2012995889,0584-8547,Q1
https://openalex.org/W2013008164,0895-2477,Q3
https://openalex.org/W2013055983,1674-1056,Q3
https://openalex.org/W2013058087,0921-5107,Q2
https://openalex.org/W2013069951,0256-307X,Q2
https://openalex.org/W2013090773,0267-0836,Q2
https://openalex.org/W2013103034,0022-2313,Q1
https://openalex.org/W2013126888,0953-8984,Q1
https://openalex.org/W2013148822,0169-4243,Q2
https://openalex.org/W2013182444,0304-8853,Q2
https://openalex.org/W2013184738,0927-7765,Q2
https://openalex.org/W2013198656,0925-4005,Q1
https://openalex.org/W2013202279,0304-3886,Q2
https://openalex.org/W2013257974,0022-3778,Q3
https://openalex.org/W2013301420,0021-8979,Q1
https://openalex.org/W2013409475,0921-4534,Q3
https://openalex.org/W2013423815,1001-9014,Q3
https://openalex.org/W2013428944,0146-9592,Q1
https://openalex.org/W2013434564,0934-0866,Q3
https://openalex.org/W2013460317,0304-3886,Q2
https://openalex.org/W2013474007,1003-6326,Q3
https://openalex.org/W2013485983,0927-6505,Q1
https://openalex.org/W2013497393,1003-6326,Q3
https://openalex.org/W2013505597,0146-9592,Q1
https://openalex.org/W2013508241,0093-6413,Q2
https://openalex.org/W2013510408,0254-0584,Q2
https://openalex.org/W2013520267,0003-6951,Q1
https://openalex.org/W2013523697,1359-6462,Q1
https://openalex.org/W2013539845,0927-7765,Q2
https://openalex.org/W2013557266,1388-0764,Q1
https://openalex.org/W2013560006,0042-207X,Q2
https://openalex.org/W2013568229,0169-4332,-
https://openalex.org/W2013580990,1432-8917,Q2
https://openalex.org/W2013590026,0022-460X,Q1
https://openalex.org/W2013602552,1048-9002,Q1
https://openalex.org/W2013617284,0925-4005,Q1
https://openalex.org/W2013624942,1674-4926,-
https://openalex.org/W2013632743,0022-3093,Q2
https://openalex.org/W2013634743,0168-9002,Q1
https://openalex.org/W2013635136,0946-2171,Q1
https://openalex.org/W2013637813,1424-8220,Q2
https://openalex.org/W2013639048,1478-6435,Q1
https://openalex.org/W2013655579,1068-1302,Q3
https://openalex.org/W2013658519,1063-7826,Q3
https://openalex.org/W2013663205,0025-5408,Q2
https://openalex.org/W2013672093,1359-6462,Q1
https://openalex.org/W2013673003,0169-4332,-
https://openalex.org/W2013697087,0734-2101,Q2
https://openalex.org/W2013775788,0921-5107,Q2
https://openalex.org/W2013775794,0017-9310,Q1
https://openalex.org/W2013776291,1530-6984,Q1
https://openalex.org/W2013805219,0267-0836,Q2
https://openalex.org/W2013853613,1349-2543,Q3
https://openalex.org/W2013865278,0146-9592,Q1
https://openalex.org/W2013894643,0040-6090,Q2
https://openalex.org/W2013911666,0041-624X,Q1
https://openalex.org/W2013922619,0167-9317,Q2
https://openalex.org/W2013956338,0887-6266,Q1
https://openalex.org/W2013972076,1343-8875,Q3
https://openalex.org/W2013977785,0360-3016,Q1
https://openalex.org/W2013987893,1674-4926,-
https://openalex.org/W2013990065,0379-7112,Q2
https://openalex.org/W2013990545,0042-207X,Q2
https://openalex.org/W2014006247,1350-4495,Q2
https://openalex.org/W2014016430,0001-4966,Q1
https://openalex.org/W2014039413,0026-2714,Q2
https://openalex.org/W2014069759,1557-1939,Q3
https://openalex.org/W2014077728,0021-4922,Q2
https://openalex.org/W2014085791,0021-4922,Q2
https://openalex.org/W2014092030,0921-5093,Q1
https://openalex.org/W2014100777,0927-7765,Q2
https://openalex.org/W2014108871,0927-0256,Q2
https://openalex.org/W2014127015,0360-3199,Q1
https://openalex.org/W2014134471,0043-1648,Q1
https://openalex.org/W2014143543,1932-5150,Q3
https://openalex.org/W2014146530,0021-8979,Q1
https://openalex.org/W2014164261,0969-8043,Q2
https://openalex.org/W2014179000,0038-1101,Q2
https://openalex.org/W2014188871,0969-8043,Q2
https://openalex.org/W2014194839,0921-5093,Q1
https://openalex.org/W2014206200,1536-5379,Q2
https://openalex.org/W2014240073,0257-8972,Q1
https://openalex.org/W2014291731,1566-1199,Q1
https://openalex.org/W2014295753,1475-7516,Q2
https://openalex.org/W2014325291,0144-8420,Q2
https://openalex.org/W2014331835,0360-3199,Q1
https://openalex.org/W2014344157,0304-3886,Q2
https://openalex.org/W2014350554,1567-1739,Q2
https://openalex.org/W2014374141,0040-6090,Q2
https://openalex.org/W2014378781,0925-4005,Q1
https://openalex.org/W2014386024,0921-5093,Q1
https://openalex.org/W2014389060,1598-9623,Q2
https://openalex.org/W2014390013,0168-9002,Q1
https://openalex.org/W2014398793,0015-4628,Q3
https://openalex.org/W2014409718,0043-1648,Q1
https://openalex.org/W2014416572,1003-6326,Q3
https://openalex.org/W2014434807,0003-6951,Q1
https://openalex.org/W2014435965,1094-4087,Q1
https://openalex.org/W2014443388,0267-0836,Q2
https://openalex.org/W2014447472,0267-0836,Q2
https://openalex.org/W2014451577,0167-9317,Q2
https://openalex.org/W2014475264,1084-7529,Q1
https://openalex.org/W2014511649,1516-1439,Q3
https://openalex.org/W2014516823,0924-4247,Q1
https://openalex.org/W2014517916,1388-6150,Q2
https://openalex.org/W2014523629,0167-577X,Q1
https://openalex.org/W2014538253,0021-4922,Q2
https://openalex.org/W2014538784,0021-8979,Q1
https://openalex.org/W2014549684,1386-1425,Q2
https://openalex.org/W2014558048,0379-7112,Q2
https://openalex.org/W2014571239,1612-8850,Q2
https://openalex.org/W2014582038,0168-9002,Q1
https://openalex.org/W2014597802,1862-6300,Q2
https://openalex.org/W2014613140,0167-577X,Q1
https://openalex.org/W2014648703,1003-6326,Q3
https://openalex.org/W2014683939,0038-1101,Q2
https://openalex.org/W2014701306,1567-1739,Q2
https://openalex.org/W2014703024,1882-0778,Q1
https://openalex.org/W2014722183,0168-9002,Q1
https://openalex.org/W2014729109,0921-4526,Q2
https://openalex.org/W2014756112,1094-4087,Q1
https://openalex.org/W2014760635,0167-9317,Q2
https://openalex.org/W2014785887,0022-2313,Q1
https://openalex.org/W2014795430,1061-933X,Q3
https://openalex.org/W2014824112,0921-5107,Q2
https://openalex.org/W2014831932,1063-7842,Q4
https://openalex.org/W2014849646,1003-2169,Q3
https://openalex.org/W2014857231,1348-6535,Q2
https://openalex.org/W2014859118,0895-2477,Q3
https://openalex.org/W2014862167,0168-9002,Q1
https://openalex.org/W2014866391,0168-9002,Q1
https://openalex.org/W2014896440,1527-3342,Q3
https://openalex.org/W2014914361,0969-8043,Q2
https://openalex.org/W2014922680,0167-2738,Q1
https://openalex.org/W2014931750,1003-6326,Q3
https://openalex.org/W2014956933,1431-9276,Q3
https://openalex.org/W2014970945,0969-8043,Q2
https://openalex.org/W2015000656,1063-7850,Q4
https://openalex.org/W2015011747,0021-4922,Q2
https://openalex.org/W2015014726,1542-1406,Q3
https://openalex.org/W2015023377,0946-2171,Q1
https://openalex.org/W2015033219,0927-7765,Q2
https://openalex.org/W2015102549,0017-9310,Q1
https://openalex.org/W2015116010,0167-9317,Q2
https://openalex.org/W2015122066,1063-7834,Q4
https://openalex.org/W2015126881,0741-3335,Q1
https://openalex.org/W2015131041,1003-6326,Q3
https://openalex.org/W2015152501,0361-5235,Q2
https://openalex.org/W2015154255,0043-1648,Q1
https://openalex.org/W2015217642,0143-8166,Q2
https://openalex.org/W2015220671,1074-1542,Q3
https://openalex.org/W2015237329,0925-3467,Q1
https://openalex.org/W2015241561,0895-7959,Q2
https://openalex.org/W2015244438,0257-8972,Q1
https://openalex.org/W2015253331,0167-2738,Q1
https://openalex.org/W2015259869,0040-6031,Q1
https://openalex.org/W2015260507,0927-7765,Q2
https://openalex.org/W2015263281,0030-400X,Q4
https://openalex.org/W2015264777,0239-7528,Q3
https://openalex.org/W2015269235,0143-8166,Q2
https://openalex.org/W2015275546,0022-3697,Q2
https://openalex.org/W2015288961,0267-0836,Q2
https://openalex.org/W2015299363,1094-4087,Q1
https://openalex.org/W2015328047,0029-5493,Q2
https://openalex.org/W2015329309,1943-8206,-
https://openalex.org/W2015335998,0021-8979,Q1
https://openalex.org/W2015349836,0029-5493,Q2
https://openalex.org/W2015361146,0168-9002,Q1
https://openalex.org/W2015365042,0026-2714,Q2
https://openalex.org/W2015365116,1001-0521,Q3
https://openalex.org/W2015383729,1674-4926,-
https://openalex.org/W2015395513,0253-6102,Q3
https://openalex.org/W2015433096,0927-7765,Q2
https://openalex.org/W2015443277,0030-3992,Q2
https://openalex.org/W2015447267,0921-5093,Q1
https://openalex.org/W2015456530,1290-0729,Q1
https://openalex.org/W2015477081,0030-4026,Q4
https://openalex.org/W2015488368,0925-4005,Q1
https://openalex.org/W2015512880,0895-2477,Q3
https://openalex.org/W2015513676,0040-6090,Q2
https://openalex.org/W2015551862,0925-4005,Q1
https://openalex.org/W2015554874,0921-5093,Q1
https://openalex.org/W2015567756,0146-9592,Q1
https://openalex.org/W2015605455,0003-6951,Q1
https://openalex.org/W2015651083,1882-0778,Q1
https://openalex.org/W2015694654,0735-1933,Q1
https://openalex.org/W2015699282,0146-9592,Q1
https://openalex.org/W2015723629,0167-577X,Q1
https://openalex.org/W2015737445,0256-307X,Q2
https://openalex.org/W2015742066,0925-4005,Q1
https://openalex.org/W2015757029,0969-806X,Q2
https://openalex.org/W2015788664,1350-4487,Q2
https://openalex.org/W2015819512,0021-8979,Q1
https://openalex.org/W2015825831,1042-346X,Q2
https://openalex.org/W2015825873,1070-664X,Q1
https://openalex.org/W2015843111,0195-928X,Q3
https://openalex.org/W2015844445,0953-2048,Q1
https://openalex.org/W2015851867,0167-577X,Q1
https://openalex.org/W2015866813,0003-6951,Q1
https://openalex.org/W2015875328,0169-4332,-
https://openalex.org/W2015887649,1466-8033,Q1
https://openalex.org/W2015895924,0021-8979,Q1
https://openalex.org/W2015898555,0043-1648,Q1
https://openalex.org/W2015905043,1094-4087,Q1
https://openalex.org/W2015929567,0924-4247,Q1
https://openalex.org/W2015947360,0921-4534,Q3
https://openalex.org/W2015965285,1438-1656,Q1
https://openalex.org/W2015974047,1003-6326,Q3
https://openalex.org/W2015993124,0167-2738,Q1
https://openalex.org/W2016003560,0167-577X,Q1
https://openalex.org/W2016005563,0026-2714,Q2
https://openalex.org/W2016010480,1674-1137,Q4
https://openalex.org/W2016020803,1424-8220,Q2
https://openalex.org/W2016026023,0168-9002,Q1
https://openalex.org/W2016041393,0029-5515,Q1
https://openalex.org/W2016045200,0022-0248,Q1
https://openalex.org/W2016058673,0022-4596,Q1
https://openalex.org/W2016062729,0022-3115,Q2
https://openalex.org/W2016095895,0921-4526,Q2
https://openalex.org/W2016096739,0169-4332,-
https://openalex.org/W2016099302,1094-4087,Q1
https://openalex.org/W2016123525,0038-1101,Q2
https://openalex.org/W2016175957,0254-0584,Q2
https://openalex.org/W2016183035,1073-5615,Q1
https://openalex.org/W2016190172,0040-6090,Q2
https://openalex.org/W2016202049,1388-6150,Q2
https://openalex.org/W2016205093,0022-2348,Q3
https://openalex.org/W2016209010,1356-5362,Q4
https://openalex.org/W2016229243,0022-3727,Q1
https://openalex.org/W2016233884,1063-780X,Q3
https://openalex.org/W2016257066,0167-9317,Q2
https://openalex.org/W2016278403,0146-9592,Q1
https://openalex.org/W2016294675,0015-4628,Q3
https://openalex.org/W2016305849,1866-6892,Q3
https://openalex.org/W2016314002,0167-577X,Q1
https://openalex.org/W2016334415,0925-4005,Q1
https://openalex.org/W2016334671,0003-6951,Q1
https://openalex.org/W2016346742,0266-8920,Q1
https://openalex.org/W2016355215,1936-0851,Q1
https://openalex.org/W2016380680,1062-7995,Q1
https://openalex.org/W2016389642,1528-7483,Q1
https://openalex.org/W2016406936,0168-9002,Q1
https://openalex.org/W2016424412,1567-1739,Q2
https://openalex.org/W2016445523,0021-9037,Q4
https://openalex.org/W2016447478,0964-1726,Q1
https://openalex.org/W2016455768,1001-6058,Q3
https://openalex.org/W2016462805,0167-577X,Q1
https://openalex.org/W2016466157,0946-2171,Q1
https://openalex.org/W2016468493,1388-6150,Q2
https://openalex.org/W2016470427,0003-6951,Q1
https://openalex.org/W2016483706,0029-5515,Q1
https://openalex.org/W2016496774,0360-3199,Q1
https://openalex.org/W2016497304,0946-7076,Q2
https://openalex.org/W2016506347,0022-3727,Q1
https://openalex.org/W2016511745,0043-1648,Q1
https://openalex.org/W2016512526,1612-2011,Q1
https://openalex.org/W2016526043,1003-6326,Q3
https://openalex.org/W2016536902,1612-8850,Q2
https://openalex.org/W2016608079,0168-9002,Q1
https://openalex.org/W2016613371,0360-3199,Q1
https://openalex.org/W2016629284,0141-3910,Q1
https://openalex.org/W2016649370,0029-5515,Q1
https://openalex.org/W2016651785,0895-2477,Q3
https://openalex.org/W2016651860,0969-8043,Q2
https://openalex.org/W2016662229,1003-6326,Q3
https://openalex.org/W2016666915,0003-6951,Q1
https://openalex.org/W2016696705,0040-6090,Q2
https://openalex.org/W2016698050,0143-8166,Q2
https://openalex.org/W2016705016,0167-577X,Q1
https://openalex.org/W2016706474,1071-0922,Q2
https://openalex.org/W2016716135,0949-1775,Q2
https://openalex.org/W2016808500,1094-4087,Q1
https://openalex.org/W2016824825,0743-7463,Q1
https://openalex.org/W2016830975,0749-6036,Q2
https://openalex.org/W2016886324,0014-3057,Q1
https://openalex.org/W2016913099,0040-6090,Q2
https://openalex.org/W2016918827,0029-5515,Q1
https://openalex.org/W2016931077,1044-5803,Q2
https://openalex.org/W2016941190,0928-0707,Q2
https://openalex.org/W2016945578,1063-7745,Q4
https://openalex.org/W2016952872,0022-0248,Q1
https://openalex.org/W2016955476,1674-1056,Q3
https://openalex.org/W2016959837,0924-9907,Q2
https://openalex.org/W2016976169,0146-9592,Q1
https://openalex.org/W2016990324,0168-9002,Q1
https://openalex.org/W2016992499,0969-8043,Q2
https://openalex.org/W2016993958,0167-9317,Q2
https://openalex.org/W2017018884,0304-8853,Q2
https://openalex.org/W2017044581,0009-2614,Q1
https://openalex.org/W2017057826,0928-0707,Q2
https://openalex.org/W2017147103,0022-1481,Q1
https://openalex.org/W2017149299,0042-207X,Q2
https://openalex.org/W2017173976,0167-6636,Q1
https://openalex.org/W2017200163,0013-4651,Q1
https://openalex.org/W2017208205,0921-5107,Q2
https://openalex.org/W2017212916,0264-9381,Q1
https://openalex.org/W2017241647,0018-9197,Q1
https://openalex.org/W2017258203,0020-7403,Q2
https://openalex.org/W2017313519,0167-9317,Q2
https://openalex.org/W2017318343,0043-1648,Q1
https://openalex.org/W2017328366,0040-6090,Q2
https://openalex.org/W2017342042,0026-2714,Q2
https://openalex.org/W2017367397,0195-928X,Q3
https://openalex.org/W2017379512,0146-9592,Q1
https://openalex.org/W2017411069,0252-9602,Q3
https://openalex.org/W2017420497,0001-4966,Q1
https://openalex.org/W2017435098,1051-8223,Q3
https://openalex.org/W2017454364,0043-1648,Q1
https://openalex.org/W2017456434,0360-3199,Q1
https://openalex.org/W2017475195,0169-4332,-
https://openalex.org/W2017511064,1094-4087,Q1
https://openalex.org/W2017537597,1003-6326,Q3
https://openalex.org/W2017552143,0022-3093,Q2
https://openalex.org/W2017552175,1433-7266,Q4
https://openalex.org/W2017560738,1293-2558,Q2
https://openalex.org/W2017570885,1350-4177,Q1
https://openalex.org/W2017579685,0022-3778,Q3
https://openalex.org/W2017586813,0892-7057,Q3
https://openalex.org/W2017586970,0003-6951,Q1
https://openalex.org/W2017595826,0146-9592,Q1
https://openalex.org/W2017607704,1937-6472,Q2
https://openalex.org/W2017633193,1028-3358,Q3
https://openalex.org/W2017642574,0921-4526,Q2
https://openalex.org/W2017645826,1098-4402,Q1
https://openalex.org/W2017679453,1063-7745,Q4
https://openalex.org/W2017679590,0031-9104,Q3
https://openalex.org/W2017691344,0021-8979,Q1
https://openalex.org/W2017698596,0040-6090,Q2
https://openalex.org/W2017699755,0360-3199,Q1
https://openalex.org/W2017702128,0924-4247,Q1
https://openalex.org/W2017705128,0002-9505,Q2
https://openalex.org/W2017732698,0022-3115,Q2
https://openalex.org/W2017755242,0921-5107,Q2
https://openalex.org/W2017756742,1350-4487,Q2
https://openalex.org/W2017772270,0361-5235,Q2
https://openalex.org/W2017777000,1286-0042,Q2
https://openalex.org/W2017810585,1063-7869,Q2
https://openalex.org/W2017825258,0022-2313,Q1
https://openalex.org/W2017839264,0040-6090,Q2
https://openalex.org/W2017857830,1084-7529,Q1
https://openalex.org/W2017857985,0022-0248,Q1
https://openalex.org/W2017870326,0883-7694,Q1
https://openalex.org/W2017939211,0863-1042,Q2
https://openalex.org/W2017939850,1359-6462,Q1
https://openalex.org/W2017950910,1567-1739,Q2
https://openalex.org/W2017969175,0304-8853,Q2
https://openalex.org/W2017973215,0925-3467,Q1
https://openalex.org/W2018018900,0018-9480,Q1
https://openalex.org/W2018019715,0925-4005,Q1
https://openalex.org/W2018071083,0921-5093,Q1
https://openalex.org/W2018079513,0003-6951,Q1
https://openalex.org/W2018129757,0022-2313,Q1
https://openalex.org/W2018132617,0256-307X,Q2
https://openalex.org/W2018146884,0022-3115,Q2
https://openalex.org/W2018148523,1388-6150,Q2
https://openalex.org/W2018181239,0969-806X,Q2
https://openalex.org/W2018200748,0360-3199,Q1
https://openalex.org/W2018234262,0304-8853,Q2
https://openalex.org/W2018247434,0360-3199,Q1
https://openalex.org/W2018308254,1094-4087,Q1
https://openalex.org/W2018311550,1003-6326,Q3
https://openalex.org/W2018319299,0169-4332,-
https://openalex.org/W2018325891,1063-7850,Q4
https://openalex.org/W2018348408,1061-933X,Q3
https://openalex.org/W2018356730,0040-6090,Q2
https://openalex.org/W2018407891,0921-5093,Q1
https://openalex.org/W2018413429,0167-2738,Q1
https://openalex.org/W2018482264,0042-207X,Q2
https://openalex.org/W2018485539,0022-3131,Q3
https://openalex.org/W2018531138,1567-1739,Q2
https://openalex.org/W2018549514,0043-1648,Q1
https://openalex.org/W2018602716,0257-8972,Q1
https://openalex.org/W2018608721,0957-4522,Q2
https://openalex.org/W2018631159,0021-8979,Q1
https://openalex.org/W2018634207,0141-3910,Q1
https://openalex.org/W2018636482,1387-1811,Q1
https://openalex.org/W2018649567,0038-1101,Q2
https://openalex.org/W2018672977,1290-0729,Q1
https://openalex.org/W2018692042,0304-8853,Q2
https://openalex.org/W2018700487,0021-1575,Q3
https://openalex.org/W2018723171,0010-9525,Q4
https://openalex.org/W2018726598,0953-2048,Q1
https://openalex.org/W2018733134,0030-4018,Q1
https://openalex.org/W2018761251,0030-4018,Q1
https://openalex.org/W2018806473,1385-3449,Q2
https://openalex.org/W2018838450,0304-8853,Q2
https://openalex.org/W2018852153,1001-6058,Q3
https://openalex.org/W2018859228,0022-3115,Q2
https://openalex.org/W2018864233,0895-2477,Q3
https://openalex.org/W2018867417,1359-6462,Q1
https://openalex.org/W2018891526,0043-1648,Q1
https://openalex.org/W2018957943,1045-9243,Q2
https://openalex.org/W2018961138,0304-8853,Q2
https://openalex.org/W2018977070,0969-806X,Q2
https://openalex.org/W2019001729,0033-8443,Q3
https://openalex.org/W2019016491,1468-5248,Q1
https://openalex.org/W2019037012,1476-1122,Q1
https://openalex.org/W2019058768,0254-0584,Q2
https://openalex.org/W2019080007,0925-4005,Q1
https://openalex.org/W2019084696,0003-6951,Q1
https://openalex.org/W2019098234,0257-8972,Q1
https://openalex.org/W2019099924,0969-806X,Q2
https://openalex.org/W2019103891,0021-8979,Q1
https://openalex.org/W2019117424,0257-8972,Q1
https://openalex.org/W2019133467,1993-5013,Q4
https://openalex.org/W2019139014,0168-9002,Q1
https://openalex.org/W2019146446,1862-6300,Q2
https://openalex.org/W2019204005,0969-806X,Q2
https://openalex.org/W2019222260,0146-8030,Q3
https://openalex.org/W2019226415,0921-5093,Q1
https://openalex.org/W2019242873,1386-1425,Q2
https://openalex.org/W2019266316,1094-4087,Q1
https://openalex.org/W2019277121,0257-8972,Q1
https://openalex.org/W2019287320,0143-8166,Q2
https://openalex.org/W2019298487,1388-6150,Q2
https://openalex.org/W2019305214,0301-5629,Q1
https://openalex.org/W2019309467,0018-151X,Q4
https://openalex.org/W2019328433,1862-6300,Q2
https://openalex.org/W2019372357,1542-1406,Q3
https://openalex.org/W2019391766,0022-0248,Q1
https://openalex.org/W2019412017,0267-0836,Q2
https://openalex.org/W2019427170,0169-4243,Q2
https://openalex.org/W2019434413,0257-8972,Q1
https://openalex.org/W2019463959,0927-7765,Q2
https://openalex.org/W2019476106,0923-2958,Q2
https://openalex.org/W2019478257,1098-0121,Q1
https://openalex.org/W2019490890,0010-5082,Q3
https://openalex.org/W2019508118,0021-9037,Q4
https://openalex.org/W2019509600,1350-4487,Q2
https://openalex.org/W2019520596,1674-4926,-
https://openalex.org/W2019564617,0167-577X,Q1
https://openalex.org/W2019564638,0003-6951,Q1
https://openalex.org/W2019573860,0022-0248,Q1
https://openalex.org/W2019588239,1536-5379,Q2
https://openalex.org/W2019588833,0022-0248,Q1
https://openalex.org/W2019597754,0017-9310,Q1
https://openalex.org/W2019600669,0969-8043,Q2
https://openalex.org/W2019657146,0273-1177,-
https://openalex.org/W2019691547,0921-5093,Q1
https://openalex.org/W2019699062,1063-7842,Q4
https://openalex.org/W2019717436,1001-6058,Q3
https://openalex.org/W2019717559,1750-0443,Q2
https://openalex.org/W2019724990,1063-7737,Q3
https://openalex.org/W2019725832,0930-486X,Q3
https://openalex.org/W2019728052,0144-8420,Q2
https://openalex.org/W2019745814,0969-806X,Q2
https://openalex.org/W2019771026,0034-6748,Q1
https://openalex.org/W2019792723,1003-6326,Q3
https://openalex.org/W2019817911,1290-0729,Q1
https://openalex.org/W2019832340,0040-6090,Q2
https://openalex.org/W2019841498,0040-6090,Q2
https://openalex.org/W2019867482,0256-307X,Q2
https://openalex.org/W2019870549,1094-4087,Q1
https://openalex.org/W2019884418,0514-5163,Q3
https://openalex.org/W2019896256,1066-7857,Q4
https://openalex.org/W2019907618,0167-9317,Q2
https://openalex.org/W2019918083,0379-6779,Q2
https://openalex.org/W2019942655,0239-7528,Q3
https://openalex.org/W2019951596,0022-2852,Q2
https://openalex.org/W2019972985,0003-6951,Q1
https://openalex.org/W2019991034,1003-6326,Q3
https://openalex.org/W2020002557,0022-0248,Q1
https://openalex.org/W2020012130,0040-6090,Q2
https://openalex.org/W2020014733,0257-8972,Q1
https://openalex.org/W2020038549,1674-1056,Q3
https://openalex.org/W2020047015,1063-7826,Q3
https://openalex.org/W2020049863,0920-5071,Q2
https://openalex.org/W2020070549,0921-4526,Q2
https://openalex.org/W2020088565,0267-0844,Q3
https://openalex.org/W2020130201,0360-3199,Q1
https://openalex.org/W2020166854,0042-207X,Q2
https://openalex.org/W2020219601,0001-8686,Q1
https://openalex.org/W2020228244,0584-8547,Q1
https://openalex.org/W2020254699,0014-3057,Q1
https://openalex.org/W2020289615,0093-6413,Q2
https://openalex.org/W2020302301,1542-1406,Q3
https://openalex.org/W2020307412,0361-5235,Q2
https://openalex.org/W2020307754,0167-7322,Q2
https://openalex.org/W2020362078,0168-9002,Q1
https://openalex.org/W2020389305,0041-624X,Q1
https://openalex.org/W2020404641,0142-2421,Q2
https://openalex.org/W2020419428,0031-918X,Q3
https://openalex.org/W2020433026,0021-4922,Q2
https://openalex.org/W2020454608,1094-4087,Q1
https://openalex.org/W2020459420,1044-5803,Q2
https://openalex.org/W2020481800,0360-3199,Q1
https://openalex.org/W2020486428,1340-6000,Q3
https://openalex.org/W2020491308,1567-1739,Q2
https://openalex.org/W2020502641,0267-0844,Q3
https://openalex.org/W2020516040,0927-7757,-
https://openalex.org/W2020534886,0021-8979,Q1
https://openalex.org/W2020550206,0921-4534,Q3
https://openalex.org/W2020605724,0167-9317,Q2
https://openalex.org/W2020615236,0267-0836,Q2
https://openalex.org/W2020627185,0040-6031,Q1
https://openalex.org/W2020657213,1567-1739,Q2
https://openalex.org/W2020663543,0167-8442,Q2
https://openalex.org/W2020686705,1388-6150,Q2
https://openalex.org/W2020694867,0921-4526,Q2
https://openalex.org/W2020721048,0950-0340,Q2
https://openalex.org/W2020730517,1674-1056,Q3
https://openalex.org/W2020736040,0021-8979,Q1
https://openalex.org/W2020740225,1290-0729,Q1
https://openalex.org/W2020746383,0030-4026,Q4
https://openalex.org/W2020760617,0022-3727,Q1
https://openalex.org/W2020764383,0927-7757,-
https://openalex.org/W2020787246,0040-6090,Q2
https://openalex.org/W2020800282,1547-7037,Q3
https://openalex.org/W2020806464,0022-3115,Q2
https://openalex.org/W2020807838,0731-5171,Q3
https://openalex.org/W2020824156,0021-8979,Q1
https://openalex.org/W2020835418,1010-6030,Q1
https://openalex.org/W2020836673,0001-4966,Q1
https://openalex.org/W2020842729,0735-1933,Q1
https://openalex.org/W2020858106,1565-1339,Q1
https://openalex.org/W2020884303,0370-2693,Q1
https://openalex.org/W2020886029,0034-6748,Q1
https://openalex.org/W2020908304,0257-8972,Q1
https://openalex.org/W2020911019,0168-583X,Q2
https://openalex.org/W2020978207,0021-8979,Q1
https://openalex.org/W2020982301,0360-3199,Q1
https://openalex.org/W2020983192,0957-0233,Q1
https://openalex.org/W2021007323,1367-2630,Q1
https://openalex.org/W2021028692,1063-7761,Q3
https://openalex.org/W2021032555,0301-679X,Q1
https://openalex.org/W2021035611,1748-0221,Q1
https://openalex.org/W2021041039,1068-5200,-
https://openalex.org/W2021047637,1349-2543,Q3
https://openalex.org/W2021050966,0034-6748,Q1
https://openalex.org/W2021064637,0883-7694,Q1
https://openalex.org/W2021064753,0022-0248,Q1
https://openalex.org/W2021072420,0145-7632,Q2
https://openalex.org/W2021074046,0969-8043,Q2
https://openalex.org/W2021075983,0169-4243,Q2
https://openalex.org/W2021093623,0925-4005,Q1
https://openalex.org/W2021105842,0239-7528,Q3
https://openalex.org/W2021114257,1364-503X,Q2
https://openalex.org/W2021126674,0021-8979,Q1
https://openalex.org/W2021155641,0040-6090,Q2
https://openalex.org/W2021169594,0168-583X,Q2
https://openalex.org/W2021199700,0022-2313,Q1
https://openalex.org/W2021202093,0144-8420,Q2
https://openalex.org/W2021206124,0969-8043,Q2
https://openalex.org/W2021207072,0168-9002,Q1
https://openalex.org/W2021211798,0969-8043,Q2
https://openalex.org/W2021221072,1350-4487,Q2
https://openalex.org/W2021224657,1094-4087,Q1
https://openalex.org/W2021239755,0003-6951,Q1
https://openalex.org/W2021279138,1003-6326,Q3
https://openalex.org/W2021282694,0927-7757,-
https://openalex.org/W2021287421,1350-4487,Q2
https://openalex.org/W2021305497,0167-9317,Q2
https://openalex.org/W2021316513,1387-6473,Q2
https://openalex.org/W2021317322,1674-1056,Q3
https://openalex.org/W2021321294,1022-1360,Q2
https://openalex.org/W2021344486,0960-0779,-
https://openalex.org/W2021350423,0002-9505,Q2
https://openalex.org/W2021354714,0921-5093,Q1
https://openalex.org/W2021374489,0040-6090,Q2
https://openalex.org/W2021378327,0169-4332,-
https://openalex.org/W2021394391,0925-4005,Q1
https://openalex.org/W2021395215,0021-8944,Q3
https://openalex.org/W2021448315,0022-460X,Q1
https://openalex.org/W2021459851,1070-6631,Q1
https://openalex.org/W2021496896,0743-7463,Q1
https://openalex.org/W2021497376,0921-5093,Q1
https://openalex.org/W2021509568,0927-7757,-
https://openalex.org/W2021535734,0168-9002,Q1
https://openalex.org/W2021557316,0022-2348,Q3
https://openalex.org/W2021577227,0267-0836,Q2
https://openalex.org/W2021612406,2040-8978,Q1
https://openalex.org/W2021620065,0304-3886,Q2
https://openalex.org/W2021622785,0167-9317,Q2
https://openalex.org/W2021645153,0018-9197,Q1
https://openalex.org/W2021647841,0011-2275,Q3
https://openalex.org/W2021675792,0026-2714,Q2
https://openalex.org/W2021680830,0021-1575,Q3
https://openalex.org/W2021762720,0001-4966,Q1
https://openalex.org/W2021776794,0043-1648,Q1
https://openalex.org/W2021783155,0267-0836,Q2
https://openalex.org/W2021787779,1063-7826,Q3
https://openalex.org/W2021809957,1388-6150,Q2
https://openalex.org/W2021818072,0030-3992,Q2
https://openalex.org/W2021850639,0026-0894,Q4
https://openalex.org/W2021861658,0022-460X,Q1
https://openalex.org/W2021874070,0021-8979,Q1
https://openalex.org/W2021909120,1059-9630,Q2
https://openalex.org/W2021938446,0022-3115,Q2
https://openalex.org/W2021949054,0360-3199,Q1
https://openalex.org/W2021980824,0168-9002,Q1
https://openalex.org/W2021992844,1359-6462,Q1
https://openalex.org/W2022005750,1567-1739,Q2
https://openalex.org/W2022017366,1432-8488,Q2
https://openalex.org/W2022030787,0946-7076,Q2
https://openalex.org/W2022047889,1612-8850,Q2
https://openalex.org/W2022070289,0169-5983,Q2
https://openalex.org/W2022088144,0360-3199,Q1
https://openalex.org/W2022092981,1993-5013,Q4
https://openalex.org/W2022098172,0146-9592,Q1
https://openalex.org/W2022101811,0256-307X,Q2
https://openalex.org/W2022127182,0029-5493,Q2
https://openalex.org/W2022136187,0021-4922,Q2
https://openalex.org/W2022177357,1350-4177,Q1
https://openalex.org/W2022183977,0021-4922,Q2
https://openalex.org/W2022194671,0022-3115,Q2
https://openalex.org/W2022241994,1070-9762,Q4
https://openalex.org/W2022255014,0167-577X,Q1
https://openalex.org/W2022257058,0254-0584,Q2
https://openalex.org/W2022322489,1350-4177,Q1
https://openalex.org/W2022336321,0957-4522,Q2
https://openalex.org/W2022356702,1063-7834,Q4
https://openalex.org/W2022359489,0022-3727,Q1
https://openalex.org/W2022364989,1386-1425,Q2
https://openalex.org/W2022383324,0969-8043,Q2
https://openalex.org/W2022383639,1432-8488,Q2
https://openalex.org/W2022384433,0022-3115,Q2
https://openalex.org/W2022422541,0924-4247,Q1
https://openalex.org/W2022427491,0304-3886,Q2
https://openalex.org/W2022428851,0167-577X,Q1
https://openalex.org/W2022477488,1044-5803,Q2
https://openalex.org/W2022486011,0909-0495,Q1
https://openalex.org/W2022492680,0031-918X,Q3
https://openalex.org/W2022499051,1044-8632,-
https://openalex.org/W2022514580,0144-8420,Q2
https://openalex.org/W2022537459,0043-1648,Q1
https://openalex.org/W2022577452,1094-4087,Q1
https://openalex.org/W2022582121,1539-7734,Q2
https://openalex.org/W2022585961,1598-9623,Q2
https://openalex.org/W2022607905,1612-8850,Q2
https://openalex.org/W2022613707,0004-6361,Q1
https://openalex.org/W2022621866,0003-6951,Q1
https://openalex.org/W2022624690,0022-0248,Q1
https://openalex.org/W2022633550,0003-6951,Q1
https://openalex.org/W2022633662,0041-624X,Q1
https://openalex.org/W2022641563,1936-0851,Q1
https://openalex.org/W2022643834,0925-4005,Q1
https://openalex.org/W2022663895,0304-8853,Q2
https://openalex.org/W2022670222,1094-4087,Q1
https://openalex.org/W2022692767,0003-6951,Q1
https://openalex.org/W2022702208,0951-7715,Q1
https://openalex.org/W2022749855,0022-0248,Q1
https://openalex.org/W2022786696,1359-6462,Q1
https://openalex.org/W2022828191,0034-6748,Q1
https://openalex.org/W2022830350,0921-4526,Q2
https://openalex.org/W2022843200,1054-660X,Q3
https://openalex.org/W2022854312,0921-4534,Q3
https://openalex.org/W2022856310,0040-6090,Q2
https://openalex.org/W2022875635,0969-8043,Q2
https://openalex.org/W2022900179,0884-5913,-
https://openalex.org/W2022934930,0141-3910,Q1
https://openalex.org/W2022940064,0043-1648,Q1
https://openalex.org/W2022956344,0256-307X,Q2
https://openalex.org/W2022968156,0257-8972,Q1
https://openalex.org/W2022982252,0267-0844,Q3
https://openalex.org/W2022985344,0042-207X,Q2
https://openalex.org/W2023002676,0142-727X,Q1
https://openalex.org/W2023016933,0142-2421,Q2
https://openalex.org/W2023026951,0029-5493,Q2
https://openalex.org/W2023044636,0304-3991,Q1
https://openalex.org/W2023048101,0953-2048,Q1
https://openalex.org/W2023087903,0034-6748,Q1
https://openalex.org/W2023088474,0003-682X,Q1
https://openalex.org/W2023129204,0010-2180,Q1
https://openalex.org/W2023163774,1054-660X,Q3
https://openalex.org/W2023174607,0254-0584,Q2
https://openalex.org/W2023185920,0360-3199,Q1
https://openalex.org/W2023211003,1598-9623,Q2
https://openalex.org/W2023220113,0924-4247,Q1
https://openalex.org/W2023235500,0168-9002,Q1
https://openalex.org/W2023287669,0021-8936,Q1
https://openalex.org/W2023288665,1063-7834,Q4
https://openalex.org/W2023370192,0030-4018,Q1
https://openalex.org/W2023373180,0021-4922,Q2
https://openalex.org/W2023380480,0168-9002,Q1
https://openalex.org/W2023389908,0022-0248,Q1
https://openalex.org/W2023407706,0141-3910,Q1
https://openalex.org/W2023442615,0256-307X,Q2
https://openalex.org/W2023452852,0301-679X,Q1
https://openalex.org/W2023460093,1001-6058,Q3
https://openalex.org/W2023463166,0254-0584,Q2
https://openalex.org/W2023467229,0924-4247,Q1
https://openalex.org/W2023474227,0143-8166,Q2
https://openalex.org/W2023475737,0040-6090,Q2
https://openalex.org/W2023558117,0030-4018,Q1
https://openalex.org/W2023569981,1547-7037,Q3
https://openalex.org/W2023584807,0304-8853,Q2
https://openalex.org/W2023589331,0360-3199,Q1
https://openalex.org/W2023594634,0141-3910,Q1
https://openalex.org/W2023605854,0146-9592,Q1
https://openalex.org/W2023606916,0079-6700,Q1
https://openalex.org/W2023608090,0740-3224,Q1
https://openalex.org/W2023613869,1362-1718,Q1
https://openalex.org/W2023614713,0030-4018,Q1
https://openalex.org/W2023637428,1070-664X,Q1
https://openalex.org/W2023640546,0029-5515,Q1
https://openalex.org/W2023641562,0029-5493,Q2
https://openalex.org/W2023643635,0925-4005,Q1
https://openalex.org/W2023663404,0379-7112,Q2
https://openalex.org/W2023693280,1293-2558,Q2
https://openalex.org/W2023720705,0925-3467,Q1
https://openalex.org/W2023761509,0034-6748,Q1
https://openalex.org/W2023765423,1094-4087,Q1
https://openalex.org/W2023777736,0015-0193,Q3
https://openalex.org/W2023781153,1546-542X,Q2
https://openalex.org/W2023806777,1058-9759,Q4
https://openalex.org/W2023809432,1003-6326,Q3
https://openalex.org/W2023810300,0031-9120,Q3
https://openalex.org/W2023816352,0043-1648,Q1
https://openalex.org/W2023866752,0003-6951,Q1
https://openalex.org/W2023895639,0021-8979,Q1
https://openalex.org/W2023903942,0022-2313,Q1
https://openalex.org/W2023996463,1001-0521,Q3
https://openalex.org/W2023996701,0749-6036,Q2
https://openalex.org/W2024006975,0169-4332,-
https://openalex.org/W2024014335,0927-0256,Q2
https://openalex.org/W2024016482,0895-2477,Q3
https://openalex.org/W2024050343,0304-8853,Q2
https://openalex.org/W2024054634,1070-664X,Q1
https://openalex.org/W2024055693,0003-6951,Q1
https://openalex.org/W2024084359,0146-9592,Q1
https://openalex.org/W2024092862,0921-5093,Q1
https://openalex.org/W2024102016,0167-577X,Q1
https://openalex.org/W2024106159,0969-8043,Q2
https://openalex.org/W2024111851,1531-1309,Q1
https://openalex.org/W2024118150,1073-5623,Q1
https://openalex.org/W2024148301,0042-207X,Q2
https://openalex.org/W2024160578,0043-1648,Q1
https://openalex.org/W2024160974,1064-2269,Q4
https://openalex.org/W2024248491,0021-8979,Q1
https://openalex.org/W2024262234,0304-8853,Q2
https://openalex.org/W2024285058,0167-577X,Q1
https://openalex.org/W2024301407,0924-4247,Q1
https://openalex.org/W2024320314,0925-4005,Q1
https://openalex.org/W2024338152,0360-3199,Q1
https://openalex.org/W2024368190,0146-9592,Q1
https://openalex.org/W2024376583,0953-8984,Q1
https://openalex.org/W2024387085,0957-4522,Q2
https://openalex.org/W2024405829,1386-9477,Q2
https://openalex.org/W2024417968,0254-0584,Q2
https://openalex.org/W2024428132,0921-5107,Q2
https://openalex.org/W2024438139,0141-3910,Q1
https://openalex.org/W2024454194,0168-9002,Q1
https://openalex.org/W2024456171,0020-4412,Q4
https://openalex.org/W2024459334,0954-0911,Q3
https://openalex.org/W2024464175,0263-2241,Q3
https://openalex.org/W2024466805,0273-1177,-
https://openalex.org/W2024470696,0022-2313,Q1
https://openalex.org/W2024490114,0021-9037,Q4
https://openalex.org/W2024494832,0030-4018,Q1
https://openalex.org/W2024505341,0268-1242,Q2
https://openalex.org/W2024506074,1063-7826,Q3
https://openalex.org/W2024522798,0002-9505,Q2
https://openalex.org/W2024585390,0953-8984,Q1
https://openalex.org/W2024586572,1350-4487,Q2
https://openalex.org/W2024587703,0022-2291,Q1
https://openalex.org/W2024590898,0169-4332,-
https://openalex.org/W2024602370,0022-3697,Q2
https://openalex.org/W2024618813,0004-640X,Q3
https://openalex.org/W2024619641,0963-0252,Q1
https://openalex.org/W2024655556,0034-6748,Q1
https://openalex.org/W2024662106,1674-1056,Q3
https://openalex.org/W2024669077,0167-577X,Q1
https://openalex.org/W2024707364,0953-8984,Q1
https://openalex.org/W2024709723,0010-2180,Q1
https://openalex.org/W2024740199,1387-1811,Q1
https://openalex.org/W2024747107,0360-3199,Q1
https://openalex.org/W2024764101,0946-2171,Q1
https://openalex.org/W2024773820,0304-3991,Q1
https://openalex.org/W2024796708,1084-7529,Q1
https://openalex.org/W2024808205,0030-4018,Q1
https://openalex.org/W2024811702,0387-1533,Q4
https://openalex.org/W2024816347,0003-6951,Q1
https://openalex.org/W2024841902,0018-9499,Q2
https://openalex.org/W2024843887,0018-926X,Q1
https://openalex.org/W2024869172,1003-6326,Q3
https://openalex.org/W2024870324,0375-9601,Q2
https://openalex.org/W2024873019,1059-9630,Q2
https://openalex.org/W2024886292,1598-9623,Q2
https://openalex.org/W2024891654,0895-2477,Q3
https://openalex.org/W2024901048,0014-3057,Q1
https://openalex.org/W2024904089,1073-5623,Q1
https://openalex.org/W2024949972,0254-0584,Q2
https://openalex.org/W2024980098,0924-4247,Q1
https://openalex.org/W2024981332,0361-5235,Q2
https://openalex.org/W2024982324,1063-7842,Q4
https://openalex.org/W2024990485,0969-8043,Q2
https://openalex.org/W2025004885,0146-9592,Q1
https://openalex.org/W2025035945,1348-6535,Q2
https://openalex.org/W2025087769,0030-4026,Q4
https://openalex.org/W2025100942,0740-3224,Q1
https://openalex.org/W2025110587,1598-9623,Q2
https://openalex.org/W2025122868,0026-2714,Q2
https://openalex.org/W2025130144,0167-9317,Q2
https://openalex.org/W2025133563,0930-486X,Q3
https://openalex.org/W2025217905,0925-4005,Q1
https://openalex.org/W2025236413,0170-0839,Q2
https://openalex.org/W2025310634,0010-4655,Q1
https://openalex.org/W2025332224,0935-4964,Q1
https://openalex.org/W2025333149,0924-4247,Q1
https://openalex.org/W2025334682,1120-1797,Q2
https://openalex.org/W2025340851,0021-4922,Q2
https://openalex.org/W2025371205,1003-6326,Q3
https://openalex.org/W2025445857,0043-1648,Q1
https://openalex.org/W2025448173,0168-9002,Q1
https://openalex.org/W2025474656,0895-2477,Q3
https://openalex.org/W2025480584,0022-3115,Q2
https://openalex.org/W2025499607,0921-5093,Q1
https://openalex.org/W2025525732,0964-1726,Q1
https://openalex.org/W2025528063,0041-624X,Q1
https://openalex.org/W2025573994,0921-5093,Q1
https://openalex.org/W2025584103,1424-8220,Q2
https://openalex.org/W2025617620,1567-1739,Q2
https://openalex.org/W2025660839,0029-5493,Q2
https://openalex.org/W2025665389,1048-9002,Q1
https://openalex.org/W2025673524,0924-4247,Q1
https://openalex.org/W2025694631,0257-8972,Q1
https://openalex.org/W2025724510,1003-6326,Q3
https://openalex.org/W2025739328,0033-8443,Q3
https://openalex.org/W2025766571,0749-6036,Q2
https://openalex.org/W2025812518,1386-9477,Q2
https://openalex.org/W2025826557,0022-3697,Q2
https://openalex.org/W2025833709,0167-577X,Q1
https://openalex.org/W2025880772,0021-8944,Q3
https://openalex.org/W2025881847,1527-3342,Q3
https://openalex.org/W2025884013,0031-8949,Q3
https://openalex.org/W2025944202,0042-207X,Q2
https://openalex.org/W2025974817,0167-9317,Q2
https://openalex.org/W2025976209,0997-7538,Q1
https://openalex.org/W2025980100,0921-4534,Q3
https://openalex.org/W2026028580,1010-6030,Q1
https://openalex.org/W2026032685,1388-6150,Q2
https://openalex.org/W2026036214,1041-1135,Q1
https://openalex.org/W2026045177,0091-3286,Q2
https://openalex.org/W2026061715,1567-1739,Q2
https://openalex.org/W2026068725,0167-577X,Q1
https://openalex.org/W2026078266,0167-9317,Q2
https://openalex.org/W2026087589,0169-4332,-
https://openalex.org/W2026149283,0925-4005,Q1
https://openalex.org/W2026166268,1528-7483,Q1
https://openalex.org/W2026234811,1862-6300,Q2
https://openalex.org/W2026238194,0232-1300,Q3
https://openalex.org/W2026276445,0168-9002,Q1
https://openalex.org/W2026277968,0039-6028,Q1
https://openalex.org/W2026280512,1432-8917,Q2
https://openalex.org/W2026315895,0042-207X,Q2
https://openalex.org/W2026341143,0033-8443,Q3
https://openalex.org/W2026354424,1598-9623,Q2
https://openalex.org/W2026390387,0921-5107,Q2
https://openalex.org/W2026392368,0267-0836,Q2
https://openalex.org/W2026399449,0167-2738,Q1
https://openalex.org/W2026406360,0026-2714,Q2
https://openalex.org/W2026431811,1094-4087,Q1
https://openalex.org/W2026457756,1567-1739,Q2
https://openalex.org/W2026480733,1068-1302,Q3
https://openalex.org/W2026504051,0167-9317,Q2
https://openalex.org/W2026521324,0191-5665,Q3
https://openalex.org/W2026563911,0146-9592,Q1
https://openalex.org/W2026565653,1094-4087,Q1
https://openalex.org/W2026597770,0734-2101,Q2
https://openalex.org/W2026598188,1350-6501,Q2
https://openalex.org/W2026599556,0038-6308,Q1
https://openalex.org/W2026636824,0924-4247,Q1
https://openalex.org/W2026688771,0026-2714,Q2
https://openalex.org/W2026690991,1612-8850,Q2
https://openalex.org/W2026700312,1348-6535,Q2
https://openalex.org/W2026709919,1674-4926,-
https://openalex.org/W2026711529,1567-1739,Q2
https://openalex.org/W2026715378,0169-4332,-
https://openalex.org/W2026739210,0168-583X,Q2
https://openalex.org/W2026756717,0167-2738,Q1
https://openalex.org/W2026759383,0040-6090,Q2
https://openalex.org/W2026768187,0927-7765,Q2
https://openalex.org/W2026790915,0002-9505,Q2
https://openalex.org/W2026829447,0749-6036,Q2
https://openalex.org/W2026831239,1598-9623,Q2
https://openalex.org/W2026832449,0143-8166,Q2
https://openalex.org/W2026882619,0167-9317,Q2
https://openalex.org/W2026935509,0167-9317,Q2
https://openalex.org/W2026946419,0360-3016,Q1
https://openalex.org/W2026949761,0039-6028,Q1
https://openalex.org/W2026956520,0232-1300,Q3
https://openalex.org/W2026967307,0257-8972,Q1
https://openalex.org/W2026987949,0267-0844,Q3
https://openalex.org/W2026991975,0040-6090,Q2
https://openalex.org/W2027000084,0038-1101,Q2
https://openalex.org/W2027007392,0146-9592,Q1
https://openalex.org/W2027015511,0925-3467,Q1
https://openalex.org/W2027036877,1463-9076,Q1
https://openalex.org/W2027041920,0927-0256,Q2
https://openalex.org/W2027061560,0304-4289,Q4
https://openalex.org/W2027063995,1094-4087,Q1
https://openalex.org/W2027092474,1751-8113,Q2
https://openalex.org/W2027098681,1094-4087,Q1
https://openalex.org/W2027166303,0027-1349,-
https://openalex.org/W2027174511,1063-7834,Q4
https://openalex.org/W2027196485,0004-640X,Q3
https://openalex.org/W2027217984,0361-5235,Q2
https://openalex.org/W2027221724,1996-1944,-
https://openalex.org/W2027222075,0921-5093,Q1
https://openalex.org/W2027222679,0938-0108,Q3
https://openalex.org/W2027224865,0021-4922,Q2
https://openalex.org/W2027239278,1003-6326,Q3
https://openalex.org/W2027252053,1348-6535,Q2
https://openalex.org/W2027290489,1003-6326,Q3
https://openalex.org/W2027316614,0003-6951,Q1
https://openalex.org/W2027324637,0946-2171,Q1
https://openalex.org/W2027430225,0370-1972,Q2
https://openalex.org/W2027458674,1359-6462,Q1
https://openalex.org/W2027465062,0040-6090,Q2
https://openalex.org/W2027475537,0003-6951,Q1
https://openalex.org/W2027486422,0022-3115,Q2
https://openalex.org/W2027490130,1068-1302,Q3
https://openalex.org/W2027537655,0921-4526,Q2
https://openalex.org/W2027538752,0038-6308,Q1
https://openalex.org/W2027540071,1434-6001,Q1
https://openalex.org/W2027558478,1061-933X,Q3
https://openalex.org/W2027589874,0360-3199,Q1
https://openalex.org/W2027617457,0017-9310,Q1
https://openalex.org/W2027639959,2391-5471,Q3
https://openalex.org/W2027655100,0001-4966,Q1
https://openalex.org/W2027675171,0256-307X,Q2
https://openalex.org/W2027692341,1063-7761,Q3
https://openalex.org/W2027714430,0360-3199,Q1
https://openalex.org/W2027729783,0921-5093,Q1
https://openalex.org/W2027748670,1003-6326,Q3
https://openalex.org/W2027749481,0360-3199,Q1
https://openalex.org/W2027758534,1743-9671,Q3
https://openalex.org/W2027759666,0022-460X,Q1
https://openalex.org/W2027764144,1674-4926,-
https://openalex.org/W2027808293,0969-8043,Q2
https://openalex.org/W2027837438,1424-8220,Q2
https://openalex.org/W2027845032,0029-5493,Q2
https://openalex.org/W2027851480,0885-3010,Q1
https://openalex.org/W2027880305,0026-0673,Q4
https://openalex.org/W2027889179,0043-1648,Q1
https://openalex.org/W2027898037,0304-8853,Q2
https://openalex.org/W2027915811,1070-664X,Q1
https://openalex.org/W2027927125,0091-3286,Q2
https://openalex.org/W2027943789,1674-1056,Q3
https://openalex.org/W2027972988,1674-1056,Q3
https://openalex.org/W2027989450,0030-4026,Q4
https://openalex.org/W2028000805,1348-6535,Q2
https://openalex.org/W2028013103,1003-6326,Q3
https://openalex.org/W2028016024,0167-577X,Q1
https://openalex.org/W2028017378,0938-0108,Q3
https://openalex.org/W2028067440,1003-6326,Q3
https://openalex.org/W2028077590,1388-6150,Q2
https://openalex.org/W2028084060,0909-0495,Q1
https://openalex.org/W2028096758,0143-8166,Q2
https://openalex.org/W2028107717,0921-5093,Q1
https://openalex.org/W2028114782,1063-7834,Q4
https://openalex.org/W2028124230,0022-2313,Q1
https://openalex.org/W2028129519,0040-6031,Q1
https://openalex.org/W2028130766,0029-5493,Q2
https://openalex.org/W2028159562,0022-3093,Q2
https://openalex.org/W2028199895,0022-0248,Q1
https://openalex.org/W2028213396,0018-9197,Q1
https://openalex.org/W2028216185,1094-4087,Q1
https://openalex.org/W2028252441,1388-6150,Q2
https://openalex.org/W2028276195,0361-5235,Q2
https://openalex.org/W2028285180,0921-4526,Q2
https://openalex.org/W2028292106,1432-8917,Q2
https://openalex.org/W2028294627,1432-8917,Q2
https://openalex.org/W2028328392,0969-806X,Q2
https://openalex.org/W2028357902,1674-1056,Q3
https://openalex.org/W2028374576,1350-4487,Q2
https://openalex.org/W2028385387,0041-624X,Q1
https://openalex.org/W2028389107,0895-2477,Q3
https://openalex.org/W2028415660,0921-5093,Q1
https://openalex.org/W2028417038,0169-4332,-
https://openalex.org/W2028458216,0927-7765,Q2
https://openalex.org/W2028463294,1063-7826,Q3
https://openalex.org/W2028465941,0953-2048,Q1
https://openalex.org/W2028471668,0034-6748,Q1
https://openalex.org/W2028502764,0969-806X,Q2
https://openalex.org/W2028514056,0043-1648,Q1
https://openalex.org/W2028538808,0896-8446,Q1
https://openalex.org/W2028540312,0003-6951,Q1
https://openalex.org/W2028558560,0743-7463,Q1
https://openalex.org/W2028558675,0947-7047,Q2
https://openalex.org/W2028558752,0146-9592,Q1
https://openalex.org/W2028562608,0040-6090,Q2
https://openalex.org/W2028596212,0040-6090,Q2
https://openalex.org/W2028636379,1612-8850,Q2
https://openalex.org/W2028647898,0169-4332,-
https://openalex.org/W2028652524,0003-6951,Q1
https://openalex.org/W2028656718,0895-2477,Q3
https://openalex.org/W2028700216,1023-8883,Q2
https://openalex.org/W2028703756,1349-2543,Q3
https://openalex.org/W2028709447,1063-7834,Q4
https://openalex.org/W2028714608,0169-4332,-
https://openalex.org/W2028718374,0040-6031,Q1
https://openalex.org/W2028750268,1001-0521,Q3
https://openalex.org/W2028762324,0360-3199,Q1
https://openalex.org/W2028789085,0010-5082,Q3
https://openalex.org/W2028816223,0895-2477,Q3
https://openalex.org/W2028818406,0953-2048,Q1
https://openalex.org/W2028844105,0022-0248,Q1
https://openalex.org/W2028904958,0022-2313,Q1
https://openalex.org/W2028921879,1044-5803,Q2
https://openalex.org/W2028925610,0895-2477,Q3
https://openalex.org/W2028934045,0020-7403,Q2
https://openalex.org/W2028939683,1386-1425,Q2
https://openalex.org/W2028956443,1094-4087,Q1
https://openalex.org/W2028972327,0021-3640,Q2
https://openalex.org/W2028972747,1090-7807,Q1
https://openalex.org/W2029004325,1993-5013,Q4
https://openalex.org/W2029035388,0254-0584,Q2
https://openalex.org/W2029048984,0022-460X,Q1
https://openalex.org/W2029095975,0003-7028,Q2
https://openalex.org/W2029127306,0953-2048,Q1
https://openalex.org/W2029129965,1003-6326,Q3
https://openalex.org/W2029152163,0167-8442,Q2
https://openalex.org/W2029165913,0267-8292,Q2
https://openalex.org/W2029173383,0350-820X,Q3
https://openalex.org/W2029180323,0167-9295,Q3
https://openalex.org/W2029191842,0040-6031,Q1
https://openalex.org/W2029195254,0168-9002,Q1
https://openalex.org/W2029220733,0868-8257,Q4
https://openalex.org/W2029236905,0030-3992,Q2
https://openalex.org/W2029243321,0043-1648,Q1
https://openalex.org/W2029278171,0030-4018,Q1
https://openalex.org/W2029281935,0167-577X,Q1
https://openalex.org/W2029288460,1063-7788,Q3
https://openalex.org/W2029300250,0022-1120,Q1
https://openalex.org/W2029315086,0169-4332,-
https://openalex.org/W2029401946,0360-3199,Q1
https://openalex.org/W2029403035,0001-4966,Q1
https://openalex.org/W2029405353,0925-4005,Q1
https://openalex.org/W2029415494,0167-9317,Q2
https://openalex.org/W2029420187,1476-1122,Q1
https://openalex.org/W2029423935,0925-4005,Q1
https://openalex.org/W2029426929,0145-7632,Q2
https://openalex.org/W2029435818,0169-4332,-
https://openalex.org/W2029437260,0921-5107,Q2
https://openalex.org/W2029477063,0040-6031,Q1
https://openalex.org/W2029490967,1432-8488,Q2
https://openalex.org/W2029499212,0969-8043,Q2
https://openalex.org/W2029521115,0026-2714,Q2
https://openalex.org/W2029558746,1424-8220,Q2
https://openalex.org/W2029585603,1424-8220,Q2
https://openalex.org/W2029637426,0022-3115,Q2
https://openalex.org/W2029676158,0263-2241,Q3
https://openalex.org/W2029731247,0022-3115,Q2
https://openalex.org/W2029732771,1290-0729,Q1
https://openalex.org/W2029759358,0022-2313,Q1
https://openalex.org/W2029784082,0375-9474,Q1
https://openalex.org/W2029793023,1359-6462,Q1
https://openalex.org/W2029855311,0038-1101,Q2
https://openalex.org/W2029855545,0021-8979,Q1
https://openalex.org/W2029892263,0379-6779,Q2
https://openalex.org/W2029895590,0969-806X,Q2
https://openalex.org/W2029912647,0034-6748,Q1
https://openalex.org/W2029923154,0021-8979,Q1
https://openalex.org/W2029937033,0925-4005,Q1
https://openalex.org/W2029961862,0030-4018,Q1
https://openalex.org/W2029987725,0892-7057,Q3
https://openalex.org/W2030008566,1094-4087,Q1
https://openalex.org/W2030015554,1528-7483,Q1
https://openalex.org/W2030017802,0029-5493,Q2
https://openalex.org/W2030025854,1388-6150,Q2
https://openalex.org/W2030032471,1536-5379,Q2
https://openalex.org/W2030045060,1098-0121,Q1
https://openalex.org/W2030059301,0304-3886,Q2
https://openalex.org/W2030077840,0734-2101,Q2
https://openalex.org/W2030086424,1349-2543,Q3
https://openalex.org/W2030089545,0957-0233,Q1
https://openalex.org/W2030105906,0927-6440,Q3
https://openalex.org/W2030135306,0026-2714,Q2
https://openalex.org/W2030141864,0040-6090,Q2
https://openalex.org/W2030150201,1054-660X,Q3
https://openalex.org/W2030155722,0169-4332,-
https://openalex.org/W2030156022,0029-5493,Q2
https://openalex.org/W2030157609,1054-660X,Q3
https://openalex.org/W2030167590,1094-4087,Q1
https://openalex.org/W2030184940,0927-7757,-
https://openalex.org/W2030204226,1001-0521,Q3
https://openalex.org/W2030211731,0957-0233,Q1
https://openalex.org/W2030221695,0960-0779,-
https://openalex.org/W2030225268,0026-2714,Q2
https://openalex.org/W2030233106,1009-0630,Q4
https://openalex.org/W2030262418,0003-6951,Q1
https://openalex.org/W2030315276,1040-2004,Q3
https://openalex.org/W2030362392,1612-2011,Q1
https://openalex.org/W2030375742,1094-4087,Q1
https://openalex.org/W2030379716,0543-1972,Q4
https://openalex.org/W2030383907,1359-6462,Q1
https://openalex.org/W2030416039,1748-3387,Q1
https://openalex.org/W2030435999,0168-583X,Q2
https://openalex.org/W2030441999,0964-1726,Q1
https://openalex.org/W2030465949,0167-9317,Q2
https://openalex.org/W2030475241,0021-8979,Q1
https://openalex.org/W2030477029,1063-7737,Q3
https://openalex.org/W2030494889,0360-3199,Q1
https://openalex.org/W2030512129,0021-8979,Q1
https://openalex.org/W2030562369,0921-4534,Q3
https://openalex.org/W2030575985,0895-2477,Q3
https://openalex.org/W2030652737,0257-8972,Q1
https://openalex.org/W2030658378,1386-9477,Q2
https://openalex.org/W2030683845,0021-4922,Q2
https://openalex.org/W2030711743,0001-4966,Q1
https://openalex.org/W2030744946,0232-1300,Q3
https://openalex.org/W2030769447,0170-0839,Q2
https://openalex.org/W2030771524,1070-664X,Q1
https://openalex.org/W2030776074,1054-660X,Q3
https://openalex.org/W2030795870,0921-4526,Q2
https://openalex.org/W2030808346,0031-9007,Q1
https://openalex.org/W2030828049,0167-577X,Q1
https://openalex.org/W2030838689,1674-1056,Q3
https://openalex.org/W2030844809,0043-1648,Q1
https://openalex.org/W2030880477,0143-0807,Q3
https://openalex.org/W2030893527,1742-5468,Q3
https://openalex.org/W2030896599,0263-2241,Q3
https://openalex.org/W2030900955,0003-6951,Q1
https://openalex.org/W2030902046,0921-5093,Q1
https://openalex.org/W2030908240,0022-3115,Q2
https://openalex.org/W2030909360,0921-5093,Q1
https://openalex.org/W2030935619,1293-2558,Q2
https://openalex.org/W2030946013,0921-4526,Q2
https://openalex.org/W2030963750,0735-1933,Q1
https://openalex.org/W2030975381,1866-6892,Q3
https://openalex.org/W2030979479,0001-4966,Q1
https://openalex.org/W2030989523,1003-6326,Q3
https://openalex.org/W2031020833,1613-4982,Q1
https://openalex.org/W2031022904,0304-8853,Q2
https://openalex.org/W2031028483,0169-4243,Q2
https://openalex.org/W2031048856,0022-3778,Q3
https://openalex.org/W2031049081,0040-6090,Q2
https://openalex.org/W2031051277,0267-0844,Q3
https://openalex.org/W2031056654,0378-4371,Q2
https://openalex.org/W2031064464,1528-7483,Q1
https://openalex.org/W2031065490,0946-7076,Q2
https://openalex.org/W2031130866,1003-2169,Q3
https://openalex.org/W2031140297,0001-4966,Q1
https://openalex.org/W2031165799,0921-5093,Q1
https://openalex.org/W2031197080,1094-4087,Q1
https://openalex.org/W2031201728,1388-6150,Q2
https://openalex.org/W2031206317,0263-2241,Q3
https://openalex.org/W2031233297,1094-4087,Q1
https://openalex.org/W2031240352,1094-4087,Q1
https://openalex.org/W2031246268,0360-3199,Q1
https://openalex.org/W2031271439,0927-7757,-
https://openalex.org/W2031281790,0143-8166,Q2
https://openalex.org/W2031284948,0021-9606,Q1
https://openalex.org/W2031292602,1068-820X,Q4
https://openalex.org/W2031295318,1098-4402,Q1
https://openalex.org/W2031302268,0167-577X,Q1
https://openalex.org/W2031321099,0925-3467,Q1
https://openalex.org/W2031323351,1556-276X,Q1
https://openalex.org/W2031351428,1068-820X,Q4
https://openalex.org/W2031404609,1050-2947,Q1
https://openalex.org/W2031437672,1432-8488,Q2
https://openalex.org/W2031438127,1386-1425,Q2
https://openalex.org/W2031469937,1064-2269,Q4
https://openalex.org/W2031477055,1094-4087,Q1
https://openalex.org/W2031485911,1068-820X,Q4
https://openalex.org/W2031502214,0143-8166,Q2
https://openalex.org/W2031520324,1793-5350,Q4
https://openalex.org/W2031521721,0003-6951,Q1
https://openalex.org/W2031523029,1674-1056,Q3
https://openalex.org/W2031525619,0169-4332,-
https://openalex.org/W2031525961,0964-1726,Q1
https://openalex.org/W2031526145,0946-7076,Q2
https://openalex.org/W2031529452,0921-5093,Q1
https://openalex.org/W2031543749,0022-3131,Q3
https://openalex.org/W2031594777,0018-9197,Q1
https://openalex.org/W2031600211,0969-8043,Q2
https://openalex.org/W2031609520,0273-1177,-
https://openalex.org/W2031637779,0015-4628,Q3
https://openalex.org/W2031639692,1674-4926,-
https://openalex.org/W2031645597,0254-0584,Q2
https://openalex.org/W2031663233,1003-6326,Q3
https://openalex.org/W2031677890,0232-1300,Q3
https://openalex.org/W2031679768,1094-4087,Q1
https://openalex.org/W2031746073,0167-9317,Q2
https://openalex.org/W2031755119,0927-7757,-
https://openalex.org/W2031771006,0169-4332,-
https://openalex.org/W2031791577,0022-3697,Q2
https://openalex.org/W2031805653,0167-9317,Q2
https://openalex.org/W2031811062,0301-679X,Q1
https://openalex.org/W2031824900,1388-6150,Q2
https://openalex.org/W2031824967,0022-0248,Q1
https://openalex.org/W2031833666,1359-6462,Q1
https://openalex.org/W2031873349,0909-0495,Q1
https://openalex.org/W2031887109,1090-7807,Q1
https://openalex.org/W2031895528,1003-6326,Q3
https://openalex.org/W2031895709,1350-4487,Q2
https://openalex.org/W2031897122,0168-9002,Q1
https://openalex.org/W2031902205,1387-1811,Q1
https://openalex.org/W2031908980,0169-4332,-
https://openalex.org/W2031939112,1040-2004,Q3
https://openalex.org/W2031953901,0924-4247,Q1
https://openalex.org/W2031960933,1054-660X,Q3
https://openalex.org/W2031994923,1094-4087,Q1
https://openalex.org/W2032007143,1612-2011,Q1
https://openalex.org/W2032018422,0021-4922,Q2
https://openalex.org/W2032019313,0964-1726,Q1
https://openalex.org/W2032030279,1674-1056,Q3
https://openalex.org/W2032055556,0946-7076,Q2
https://openalex.org/W2032078594,0003-6951,Q1
https://openalex.org/W2032107282,0004-6361,Q1
https://openalex.org/W2032115239,1064-2269,Q4
https://openalex.org/W2032159039,1751-8768,Q3
https://openalex.org/W2032164889,0925-4005,Q1
https://openalex.org/W2032186569,0168-9002,Q1
https://openalex.org/W2032193301,0030-4026,Q4
https://openalex.org/W2032197370,0361-5235,Q2
https://openalex.org/W2032198119,0022-3697,Q2
https://openalex.org/W2032208753,0042-207X,Q2
https://openalex.org/W2032218954,0040-6090,Q2
https://openalex.org/W2032227776,0020-7608,Q2
https://openalex.org/W2032228296,0021-9614,Q1
https://openalex.org/W2032245971,0022-3697,Q2
https://openalex.org/W2032249955,0143-0807,Q3
https://openalex.org/W2032260498,1386-1425,Q2
https://openalex.org/W2032266857,0301-679X,Q1
https://openalex.org/W2032267196,0969-806X,Q2
https://openalex.org/W2032279785,0921-4534,Q3
https://openalex.org/W2032308297,0010-2180,Q1
https://openalex.org/W2032335122,0252-9602,Q3
https://openalex.org/W2032370647,1003-6326,Q3
https://openalex.org/W2032399284,0029-5493,Q2
https://openalex.org/W2032414587,0386-2208,Q3
https://openalex.org/W2032428079,0021-9606,Q1
https://openalex.org/W2032438781,0031-8655,-
https://openalex.org/W2032445589,0743-7463,Q1
https://openalex.org/W2032447488,0925-4005,Q1
https://openalex.org/W2032474665,1009-0630,Q4
https://openalex.org/W2032482833,0301-679X,Q1
https://openalex.org/W2032513871,0034-6748,Q1
https://openalex.org/W2032520631,0963-0252,Q1
https://openalex.org/W2032526831,0257-8972,Q1
https://openalex.org/W2032561846,1567-1739,Q2
https://openalex.org/W2032566815,0021-8979,Q1
https://openalex.org/W2032583804,1356-5362,Q4
https://openalex.org/W2032584774,1674-1056,Q3
https://openalex.org/W2032592530,1001-6058,Q3
https://openalex.org/W2032594687,0031-9007,Q1
https://openalex.org/W2032674194,0003-6951,Q1
https://openalex.org/W2032674717,1003-6326,Q3
https://openalex.org/W2032683363,0043-1648,Q1
https://openalex.org/W2032685912,0021-8944,Q3
https://openalex.org/W2032696477,0969-806X,Q2
https://openalex.org/W2032698597,0267-0836,Q2
https://openalex.org/W2032705504,0925-4005,Q1
https://openalex.org/W2032718316,1674-1056,Q3
https://openalex.org/W2032752049,0964-1726,Q1
https://openalex.org/W2032782675,0021-4922,Q2
https://openalex.org/W2032793996,0169-4332,-
https://openalex.org/W2032803333,1003-6326,Q3
https://openalex.org/W2032810492,0969-8043,Q2
https://openalex.org/W2032810834,0257-8972,Q1
https://openalex.org/W2032812687,0167-577X,Q1
https://openalex.org/W2032813505,1424-8220,Q2
https://openalex.org/W2032831567,0169-4332,-
https://openalex.org/W2032845491,0957-0233,Q1
https://openalex.org/W2032905308,0921-4534,Q3
https://openalex.org/W2032933998,0733-8724,Q1
https://openalex.org/W2032936509,0013-4651,Q1
https://openalex.org/W2032972823,0256-307X,Q2
https://openalex.org/W2032986375,0040-6031,Q1
https://openalex.org/W2032987397,1527-3342,Q3
https://openalex.org/W2033037670,1386-1425,Q2
https://openalex.org/W2033040773,0921-4526,Q2
https://openalex.org/W2033044994,0927-7757,-
https://openalex.org/W2033083161,0921-4534,Q3
https://openalex.org/W2033107347,0142-2421,Q2
https://openalex.org/W2033109345,1094-4087,Q1
https://openalex.org/W2033112859,1359-6462,Q1
https://openalex.org/W2033117733,0034-6748,Q1
https://openalex.org/W2033127513,0141-3910,Q1
https://openalex.org/W2033129337,1598-9623,Q2
https://openalex.org/W2033180671,0034-6748,Q1
https://openalex.org/W2033187866,0927-7765,Q2
https://openalex.org/W2033206686,0040-6031,Q1
https://openalex.org/W2033211887,0003-6951,Q1
https://openalex.org/W2033260865,0257-8972,Q1
https://openalex.org/W2033266578,0734-2101,Q2
https://openalex.org/W2033281142,1386-9477,Q2
https://openalex.org/W2033297777,0267-0844,Q3
https://openalex.org/W2033305543,0146-9592,Q1
https://openalex.org/W2033319400,0953-8984,Q1
https://openalex.org/W2033336118,0168-583X,Q2
https://openalex.org/W2033351141,0031-9007,Q1
https://openalex.org/W2033353782,0264-9381,Q1
https://openalex.org/W2033361592,0021-4922,Q2
https://openalex.org/W2033415398,0925-3467,Q1
https://openalex.org/W2033463643,0146-9592,Q1
https://openalex.org/W2033505136,0030-4026,Q4
https://openalex.org/W2033522982,0167-9317,Q2
https://openalex.org/W2033540627,1350-4487,Q2
https://openalex.org/W2033554812,1059-9630,Q2
https://openalex.org/W2033586210,0018-926X,Q1
https://openalex.org/W2033593124,1050-2947,Q1
https://openalex.org/W2033627307,1059-910X,Q1
https://openalex.org/W2033627682,0256-307X,Q2
https://openalex.org/W2033641246,1932-5150,Q3
https://openalex.org/W2033641701,0925-4005,Q1
https://openalex.org/W2033643905,0043-1648,Q1
https://openalex.org/W2033674997,1090-7807,Q1
https://openalex.org/W2033685478,1094-4087,Q1
https://openalex.org/W2033725868,1424-8220,Q2
https://openalex.org/W2033732364,0022-3727,Q1
https://openalex.org/W2033775630,0034-6748,Q1
https://openalex.org/W2033793344,1387-1811,Q1
https://openalex.org/W2033807860,0029-5493,Q2
https://openalex.org/W2033813976,0040-6031,Q1
https://openalex.org/W2033832443,1001-0521,Q3
https://openalex.org/W2033840020,0022-3115,Q2
https://openalex.org/W2033897534,0031-9007,Q1
https://openalex.org/W2033900560,0022-2348,Q3
https://openalex.org/W2033907975,1024-8560,-
https://openalex.org/W2033923767,0921-4534,Q3
https://openalex.org/W2033943146,0929-5607,Q2
https://openalex.org/W2033954951,0949-1775,Q2
https://openalex.org/W2033957016,1024-8560,-
https://openalex.org/W2033961633,0735-1933,Q1
https://openalex.org/W2033964106,1359-6462,Q1
https://openalex.org/W2033976643,0892-7057,Q3
https://openalex.org/W2033991181,1063-7818,Q2
https://openalex.org/W2033992038,1424-8220,Q2
https://openalex.org/W2034002040,0257-8972,Q1
https://openalex.org/W2034021427,0020-7403,Q2
https://openalex.org/W2034024937,1434-6001,Q1
https://openalex.org/W2034031943,1040-2004,Q3
https://openalex.org/W2034034972,0103-9733,Q3
https://openalex.org/W2034057955,0375-9601,Q2
https://openalex.org/W2034084564,0895-2477,Q3
https://openalex.org/W2034102325,0144-8420,Q2
https://openalex.org/W2034144918,0953-2048,Q1
https://openalex.org/W2034157752,0938-0108,Q3
https://openalex.org/W2034243792,0379-6779,Q2
https://openalex.org/W2034261890,1063-7826,Q3
https://openalex.org/W2034282504,0997-7538,Q1
https://openalex.org/W2034317721,0022-2313,Q1
https://openalex.org/W2034329878,1350-4487,Q2
https://openalex.org/W2034334653,1936-0851,Q1
https://openalex.org/W2034338607,1070-664X,Q1
https://openalex.org/W2034350807,0034-6748,Q1
https://openalex.org/W2034353588,1094-4087,Q1
https://openalex.org/W2034357279,0257-8972,Q1
https://openalex.org/W2034367785,1017-9909,Q3
https://openalex.org/W2034379555,0921-4526,Q2
https://openalex.org/W2034385482,0169-4332,-
https://openalex.org/W2034406142,0030-4018,Q1
https://openalex.org/W2034413531,0925-4005,Q1
https://openalex.org/W2034426425,0895-2477,Q3
https://openalex.org/W2034452628,0146-9592,Q1
https://openalex.org/W2034456127,0169-4332,-
https://openalex.org/W2034457133,1547-4771,Q4
https://openalex.org/W2034457938,0946-2171,Q1
https://openalex.org/W2034459385,1050-2947,Q1
https://openalex.org/W2034475473,0960-0779,-
https://openalex.org/W2034475684,0021-8979,Q1
https://openalex.org/W2034481404,0167-9317,Q2
https://openalex.org/W2034489691,0379-6779,Q2
https://openalex.org/W2034493858,1432-8917,Q2
https://openalex.org/W2034493976,0022-2313,Q1
https://openalex.org/W2034502275,0017-9310,Q1
https://openalex.org/W2034517948,0379-7112,Q2
https://openalex.org/W2034520346,0268-1242,Q2
https://openalex.org/W2034574826,0257-8972,Q1
https://openalex.org/W2034606571,1359-0294,Q1
https://openalex.org/W2034614240,1350-4487,Q2
https://openalex.org/W2034635625,1063-7834,Q4
https://openalex.org/W2034636390,1098-4402,Q1
https://openalex.org/W2034637461,1748-3387,Q1
https://openalex.org/W2034671145,0168-9002,Q1
https://openalex.org/W2034678145,0921-5093,Q1
https://openalex.org/W2034699668,0030-4026,Q4
https://openalex.org/W2034701084,1023-8883,Q2
https://openalex.org/W2034724569,0022-2313,Q1
https://openalex.org/W2034768432,0167-577X,Q1
https://openalex.org/W2034774801,0040-6090,Q2
https://openalex.org/W2034799619,1059-9630,Q2
https://openalex.org/W2034807278,0584-8547,Q1
https://openalex.org/W2034819184,1476-1122,Q1
https://openalex.org/W2034891642,0734-2101,Q2
https://openalex.org/W2034926133,1990-2573,Q2
https://openalex.org/W2034937129,1748-0221,Q1
https://openalex.org/W2034941157,0957-0233,Q1
https://openalex.org/W2034944625,0169-4332,-
https://openalex.org/W2034964327,1070-664X,Q1
https://openalex.org/W2034973965,1574-1818,Q1
https://openalex.org/W2034982002,0003-6951,Q1
https://openalex.org/W2035030579,0257-8972,Q1
https://openalex.org/W2035094488,1996-1944,-
https://openalex.org/W2035127509,0029-5493,Q2
https://openalex.org/W2035142878,1094-4087,Q1
https://openalex.org/W2035161465,0040-6090,Q2
https://openalex.org/W2035167128,1350-4487,Q2
https://openalex.org/W2035194663,0584-8547,Q1
https://openalex.org/W2035205408,1386-9477,Q2
https://openalex.org/W2035230441,0169-4332,-
https://openalex.org/W2035243897,0256-307X,Q2
https://openalex.org/W2035256691,0885-3010,Q1
https://openalex.org/W2035256808,1567-1739,Q2
https://openalex.org/W2035282000,0042-207X,Q2
https://openalex.org/W2035322679,0042-207X,Q2
https://openalex.org/W2035335816,0022-0248,Q1
https://openalex.org/W2035412192,0040-6090,Q2
https://openalex.org/W2035453690,1432-8488,Q2
https://openalex.org/W2035459702,1001-6058,Q3
https://openalex.org/W2035470715,0034-6748,Q1
https://openalex.org/W2035545477,0301-679X,Q1
https://openalex.org/W2035573313,0022-4596,Q1
https://openalex.org/W2035575604,1612-8850,Q2
https://openalex.org/W2035581331,0361-5235,Q2
https://openalex.org/W2035584931,0169-4332,-
https://openalex.org/W2035586881,1010-6030,Q1
https://openalex.org/W2035589250,1350-4495,Q2
https://openalex.org/W2035613267,1077-260X,Q1
https://openalex.org/W2035615610,0030-3992,Q2
https://openalex.org/W2035622021,1388-6150,Q2
https://openalex.org/W2035626268,0256-307X,Q2
https://openalex.org/W2035644360,0021-8979,Q1
https://openalex.org/W2035648337,1044-5803,Q2
https://openalex.org/W2035649307,0001-4966,Q1
https://openalex.org/W2035654030,1350-4177,Q1
https://openalex.org/W2035654684,0909-0495,Q1
https://openalex.org/W2035664161,1432-8488,Q2
https://openalex.org/W2035680597,0022-0434,Q1
https://openalex.org/W2035682780,0034-6748,Q1
https://openalex.org/W2035691587,0257-8972,Q1
https://openalex.org/W2035695694,0168-583X,Q2
https://openalex.org/W2035742484,1001-6058,Q3
https://openalex.org/W2035767762,0167-9317,Q2
https://openalex.org/W2035768871,0040-6031,Q1
https://openalex.org/W2035778606,0169-4332,-
https://openalex.org/W2035795020,0021-4922,Q2
https://openalex.org/W2035823078,0734-2101,Q2
https://openalex.org/W2035832726,0256-307X,Q2
https://openalex.org/W2035841794,0003-6951,Q1
https://openalex.org/W2035845898,0921-5107,Q2
https://openalex.org/W2035847411,1387-3806,Q1
https://openalex.org/W2035863077,0921-4534,Q3
https://openalex.org/W2035867513,0924-4247,Q1
https://openalex.org/W2035870730,1094-4087,Q1
https://openalex.org/W2035879165,0040-6090,Q2
https://openalex.org/W2035925333,0927-7757,-
https://openalex.org/W2035936650,1094-4087,Q1
https://openalex.org/W2035942801,0361-5235,Q2
https://openalex.org/W2035956863,1362-1718,Q1
https://openalex.org/W2035959851,0927-7765,Q2
https://openalex.org/W2035981782,1003-6326,Q3
https://openalex.org/W2036003016,0030-3992,Q2
https://openalex.org/W2036006903,0925-3467,Q1
https://openalex.org/W2036027238,0921-5093,Q1
https://openalex.org/W2036084072,1432-8488,Q2
https://openalex.org/W2036106055,0146-9592,Q1
https://openalex.org/W2036107445,1384-1076,Q1
https://openalex.org/W2036110313,0256-307X,Q2
https://openalex.org/W2036110514,0022-0248,Q1
https://openalex.org/W2036139885,0946-7076,Q2
https://openalex.org/W2036146077,0925-4005,Q1
https://openalex.org/W2036156942,0146-9592,Q1
https://openalex.org/W2036170553,1063-7834,Q4
https://openalex.org/W2036189655,1438-1656,Q1
https://openalex.org/W2036214317,1023-8883,Q2
https://openalex.org/W2036227007,0969-806X,Q2
https://openalex.org/W2036228856,1063-7826,Q3
https://openalex.org/W2036237930,0953-8984,Q1
https://openalex.org/W2036242963,0301-679X,Q1
https://openalex.org/W2036284692,0370-2693,Q1
https://openalex.org/W2036287264,0021-8979,Q1
https://openalex.org/W2036289355,0953-8984,Q1
https://openalex.org/W2036300387,0921-4534,Q3
https://openalex.org/W2036303075,0143-8166,Q2
https://openalex.org/W2036310086,1003-6326,Q3
https://openalex.org/W2036317792,0925-4005,Q1
https://openalex.org/W2036368664,1099-2871,Q4
https://openalex.org/W2036377975,1094-4087,Q1
https://openalex.org/W2036399919,0003-682X,Q1
https://openalex.org/W2036416780,1094-4087,Q1
https://openalex.org/W2036418122,0146-9592,Q1
https://openalex.org/W2036428375,1566-1199,Q1
https://openalex.org/W2036434076,0969-8043,Q2
https://openalex.org/W2036442879,1612-8850,Q2
https://openalex.org/W2036480251,0167-577X,Q1
https://openalex.org/W2036504005,0167-577X,Q1
https://openalex.org/W2036521516,0267-0836,Q2
https://openalex.org/W2036551735,0042-207X,Q2
https://openalex.org/W2036574162,1527-3342,Q3
https://openalex.org/W2036578679,0021-4922,Q2
https://openalex.org/W2036633393,0022-460X,Q1
https://openalex.org/W2036659098,1094-4087,Q1
https://openalex.org/W2036661445,0168-583X,Q2
https://openalex.org/W2036665846,0387-1533,Q4
https://openalex.org/W2036668571,0040-6090,Q2
https://openalex.org/W2036679854,0895-2477,Q3
https://openalex.org/W2036704213,0167-9317,Q2
https://openalex.org/W2036720874,0168-9002,Q1
https://openalex.org/W2036721923,1098-0121,Q1
https://openalex.org/W2036737845,0735-1933,Q1
https://openalex.org/W2036757997,1040-2004,Q3
https://openalex.org/W2036794045,0921-4534,Q3
https://openalex.org/W2036815573,0030-4018,Q1
https://openalex.org/W2036841831,1751-8822,Q3
https://openalex.org/W2036895350,0018-9480,Q1
https://openalex.org/W2036907921,0021-8979,Q1
https://openalex.org/W2036968634,0933-5137,Q3
https://openalex.org/W2036971244,0895-2477,Q3
https://openalex.org/W2036983894,0146-9592,Q1
https://openalex.org/W2036987384,0254-0584,Q2
https://openalex.org/W2036988696,0195-928X,Q3
https://openalex.org/W2037017686,1386-1425,Q2
https://openalex.org/W2037076316,0021-8979,Q1
https://openalex.org/W2037094333,1058-9759,Q4
https://openalex.org/W2037101269,1567-1739,Q2
https://openalex.org/W2037110805,1094-4087,Q1
https://openalex.org/W2037131297,0022-460X,Q1
https://openalex.org/W2037146310,1359-6462,Q1
https://openalex.org/W2037151260,1003-6326,Q3
https://openalex.org/W2037162792,0360-3199,Q1
https://openalex.org/W2037167257,1063-7834,Q4
https://openalex.org/W2037171378,0304-8853,Q2
https://openalex.org/W2037190624,0947-7047,Q2
https://openalex.org/W2037199163,0301-679X,Q1
https://openalex.org/W2037217603,0301-679X,Q1
https://openalex.org/W2037226174,1674-1056,Q3
https://openalex.org/W2037236329,0168-9002,Q1
https://openalex.org/W2037239551,0019-1035,Q1
https://openalex.org/W2037240366,0042-207X,Q2
https://openalex.org/W2037256285,0003-6951,Q1
https://openalex.org/W2037257585,0167-577X,Q1
https://openalex.org/W2037277154,0143-0807,Q3
https://openalex.org/W2037282458,0011-2275,Q3
https://openalex.org/W2037284901,0020-4412,Q4
https://openalex.org/W2037305191,0031-9007,Q1
https://openalex.org/W2037348106,0920-5071,Q2
https://openalex.org/W2037361799,0885-3010,Q1
https://openalex.org/W2037361952,1054-660X,Q3
https://openalex.org/W2037370513,0003-6951,Q1
https://openalex.org/W2037385650,1003-6326,Q3
https://openalex.org/W2037388743,0920-5071,Q2
https://openalex.org/W2037401020,1063-7842,Q4
https://openalex.org/W2037401046,0018-9197,Q1
https://openalex.org/W2037401228,0723-4864,Q1
https://openalex.org/W2037402928,1003-6326,Q3
https://openalex.org/W2037406939,0025-6455,Q3
https://openalex.org/W2037417348,1003-6326,Q3
https://openalex.org/W2037458669,0015-0193,Q3
https://openalex.org/W2037464423,0017-9310,Q1
https://openalex.org/W2037499852,0925-4005,Q1
https://openalex.org/W2037517127,0304-8853,Q2
https://openalex.org/W2037524201,0957-4522,Q2
https://openalex.org/W2037524897,1612-8850,Q2
https://openalex.org/W2037553558,1463-9076,Q1
https://openalex.org/W2037600632,0921-4526,Q2
https://openalex.org/W2037601985,0003-7028,Q2
https://openalex.org/W2037643946,1463-9076,Q1
https://openalex.org/W2037645250,1003-6326,Q3
https://openalex.org/W2037653847,1064-2269,Q4
https://openalex.org/W2037664290,0375-9601,Q2
https://openalex.org/W2037672428,1350-4177,Q1
https://openalex.org/W2037694662,0040-6090,Q2
https://openalex.org/W2037711901,0030-4018,Q1
https://openalex.org/W2037723399,0021-9614,Q1
https://openalex.org/W2037737051,0022-3115,Q2
https://openalex.org/W2037751409,0040-6090,Q2
https://openalex.org/W2037754772,1094-4087,Q1
https://openalex.org/W2037755092,0267-0836,Q2
https://openalex.org/W2037760952,1001-0521,Q3
https://openalex.org/W2037787803,0304-8853,Q2
https://openalex.org/W2037791793,1882-0778,Q1
https://openalex.org/W2037805936,1937-6472,Q2
https://openalex.org/W2037820657,0921-4526,Q2
https://openalex.org/W2037850790,1003-6326,Q3
https://openalex.org/W2037866712,0020-2940,Q4
https://openalex.org/W2037880782,1431-9276,Q3
https://openalex.org/W2037899872,0021-8979,Q1
https://openalex.org/W2037912053,0949-1775,Q2
https://openalex.org/W2037928928,1094-4087,Q1
https://openalex.org/W2037988981,1530-6984,Q1
https://openalex.org/W2037999773,0167-577X,Q1
https://openalex.org/W2038009897,0924-4247,Q1
https://openalex.org/W2038027214,0168-9002,Q1
https://openalex.org/W2038038886,0146-9592,Q1
https://openalex.org/W2038049754,0003-6951,Q1
https://openalex.org/W2038065447,0022-3115,Q2
https://openalex.org/W2038073572,0031-9007,Q1
https://openalex.org/W2038113781,1040-2004,Q3
https://openalex.org/W2038130846,1569-4410,Q1
https://openalex.org/W2038143034,1674-4926,-
https://openalex.org/W2038145155,0168-583X,Q2
https://openalex.org/W2038165331,0927-7757,-
https://openalex.org/W2038168678,0257-8972,Q1
https://openalex.org/W2038170265,0038-1101,Q2
https://openalex.org/W2038207377,0169-4332,-
https://openalex.org/W2038212094,0168-583X,Q2
https://openalex.org/W2038216093,0304-3886,Q2
https://openalex.org/W2038236667,0020-4412,Q4
https://openalex.org/W2038238138,1061-933X,Q3
https://openalex.org/W2038253340,0892-7057,Q3
https://openalex.org/W2038254185,0257-8972,Q1
https://openalex.org/W2038258555,0921-4534,Q3
https://openalex.org/W2038318848,1040-2004,Q3
https://openalex.org/W2038353271,0022-3697,Q2
https://openalex.org/W2038367132,1530-437X,Q2
https://openalex.org/W2038375948,1094-4087,Q1
https://openalex.org/W2038381072,0003-6951,Q1
https://openalex.org/W2038382781,0949-1775,Q2
https://openalex.org/W2038391836,0022-2313,Q1
https://openalex.org/W2038406417,0927-7757,-
https://openalex.org/W2038414845,0921-4526,Q2
https://openalex.org/W2038439869,1388-6150,Q2
https://openalex.org/W2038478568,0003-6951,Q1
https://openalex.org/W2038486119,1387-1811,Q1
https://openalex.org/W2038497974,0034-6748,Q1
https://openalex.org/W2038547602,0025-5408,Q2
https://openalex.org/W2038549932,0022-3115,Q2
https://openalex.org/W2038557323,0022-3093,Q2
https://openalex.org/W2038561379,0168-583X,Q2
https://openalex.org/W2038593738,0040-6090,Q2
https://openalex.org/W2038604589,0950-0839,Q1
https://openalex.org/W2038611092,1439-4235,Q1
https://openalex.org/W2038622843,0963-8695,Q2
https://openalex.org/W2038676934,0167-6636,Q1
https://openalex.org/W2038680598,0021-4922,Q2
https://openalex.org/W2038706385,0142-2421,Q2
https://openalex.org/W2038707564,0921-5093,Q1
https://openalex.org/W2038719372,0040-6090,Q2
https://openalex.org/W2038721527,0927-0256,Q2
https://openalex.org/W2038725326,0266-8920,Q1
https://openalex.org/W2038725788,1094-4087,Q1
https://openalex.org/W2038727258,0921-5093,Q1
https://openalex.org/W2038758995,0379-6779,Q2
https://openalex.org/W2038760994,0168-9002,Q1
https://openalex.org/W2038761782,0015-0193,Q3
https://openalex.org/W2038768528,0953-2048,Q1
https://openalex.org/W2038786933,0167-9317,Q2
https://openalex.org/W2038795284,1388-6150,Q2
https://openalex.org/W2038812635,1094-4087,Q1
https://openalex.org/W2038812739,0379-6779,Q2
https://openalex.org/W2038814280,1003-2169,Q3
https://openalex.org/W2038818069,1094-4087,Q1
https://openalex.org/W2038819151,1063-7710,Q3
https://openalex.org/W2038820485,0267-0836,Q2
https://openalex.org/W2038832007,0029-5493,Q2
https://openalex.org/W2038857561,0267-0836,Q2
https://openalex.org/W2038858226,1094-6969,Q2
https://openalex.org/W2038869170,1674-1056,Q3
https://openalex.org/W2038873026,0167-577X,Q1
https://openalex.org/W2038892294,0013-4651,Q1
https://openalex.org/W2038908898,0921-4534,Q3
https://openalex.org/W2038922518,0920-5071,Q2
https://openalex.org/W2038944397,1094-4087,Q1
https://openalex.org/W2038946063,1293-2558,Q2
https://openalex.org/W2038955745,0026-2714,Q2
https://openalex.org/W2038956462,1612-2011,Q1
https://openalex.org/W2038993836,1348-6535,Q2
https://openalex.org/W2039009778,0168-9002,Q1
https://openalex.org/W2039012504,0029-5493,Q2
https://openalex.org/W2039030595,1068-1302,Q3
https://openalex.org/W2039038362,0091-3286,Q2
https://openalex.org/W2039043232,0360-3199,Q1
https://openalex.org/W2039053909,1063-7850,Q4
https://openalex.org/W2039059249,0022-0248,Q1
https://openalex.org/W2039062516,1386-1425,Q2
https://openalex.org/W2039076275,0021-8979,Q1
https://openalex.org/W2039124273,0042-207X,Q2
https://openalex.org/W2039179162,1434-6060,Q2
https://openalex.org/W2039189112,0146-9592,Q1
https://openalex.org/W2039207947,1098-0121,Q1
https://openalex.org/W2039227923,1882-0778,Q1
https://openalex.org/W2039279623,0025-5408,Q2
https://openalex.org/W2039284046,0360-3199,Q1
https://openalex.org/W2039287243,0969-806X,Q2
https://openalex.org/W2039310590,1094-4087,Q1
https://openalex.org/W2039327116,0003-6951,Q1
https://openalex.org/W2039353196,0301-679X,Q1
https://openalex.org/W2039391207,0360-3199,Q1
https://openalex.org/W2039419545,0003-6951,Q1
https://openalex.org/W2039422196,0733-8724,Q1
https://openalex.org/W2039484008,0969-806X,Q2
https://openalex.org/W2039501660,1022-1360,Q2
https://openalex.org/W2039503022,0040-6090,Q2
https://openalex.org/W2039539323,0017-9310,Q1
https://openalex.org/W2039544604,1068-3356,-
https://openalex.org/W2039602571,1068-5200,-
https://openalex.org/W2039610318,0256-307X,Q2
https://openalex.org/W2039655854,0040-6090,Q2
https://openalex.org/W2039663461,0969-8043,Q2
https://openalex.org/W2039699618,0167-577X,Q1
https://openalex.org/W2039706783,1547-7037,Q3
https://openalex.org/W2039722295,0022-460X,Q1
https://openalex.org/W2039725079,0021-8979,Q1
https://openalex.org/W2039745150,0304-8853,Q2
https://openalex.org/W2039763445,1434-6001,Q1
https://openalex.org/W2039787812,1547-7037,Q3
https://openalex.org/W2039797992,1598-9623,Q2
https://openalex.org/W2039806910,0146-9592,Q1
https://openalex.org/W2039808263,1094-4087,Q1
https://openalex.org/W2039815022,1359-6462,Q1
https://openalex.org/W2039829051,0011-2275,Q3
https://openalex.org/W2039831050,1023-8883,Q2
https://openalex.org/W2039845749,0386-2208,Q3
https://openalex.org/W2039854777,2391-5471,Q3
https://openalex.org/W2039867157,0195-928X,Q3
https://openalex.org/W2039892328,0360-3199,Q1
https://openalex.org/W2039901050,1388-6150,Q2
https://openalex.org/W2039901792,0257-8972,Q1
https://openalex.org/W2039906370,0202-2893,-
https://openalex.org/W2039908597,0257-8972,Q1
https://openalex.org/W2039928002,0360-3199,Q1
https://openalex.org/W2039959438,0034-6748,Q1
https://openalex.org/W2039961532,0256-307X,Q2
https://openalex.org/W2039973486,0734-2101,Q2
https://openalex.org/W2039985706,1073-5615,Q1
https://openalex.org/W2040006670,1350-4177,Q1
https://openalex.org/W2040007603,0268-1242,Q2
https://openalex.org/W2040008545,1063-7834,Q4
https://openalex.org/W2040028912,0043-1648,Q1
https://openalex.org/W2040034431,0969-8043,Q2
https://openalex.org/W2040052762,0091-3286,Q2
https://openalex.org/W2040057611,0003-6951,Q1
https://openalex.org/W2040068884,0142-727X,Q1
https://openalex.org/W2040083284,0001-4966,Q1
https://openalex.org/W2040127118,0022-3093,Q2
https://openalex.org/W2040152783,0909-0495,Q1
https://openalex.org/W2040175923,0267-0844,Q3
https://openalex.org/W2040191795,0304-8853,Q2
https://openalex.org/W2040196498,0273-1177,-
https://openalex.org/W2040209908,0168-9002,Q1
https://openalex.org/W2040216253,0030-3992,Q2
https://openalex.org/W2040250750,1063-7869,Q2
https://openalex.org/W2040254688,0022-2313,Q1
https://openalex.org/W2040254960,0368-2048,Q1
https://openalex.org/W2040270142,0010-2202,Q2
https://openalex.org/W2040271797,1434-6060,Q2
https://openalex.org/W2040285350,0169-4332,-
https://openalex.org/W2040289264,1063-7761,Q3
https://openalex.org/W2040314223,1674-1056,Q3
https://openalex.org/W2040340617,1094-4087,Q1
https://openalex.org/W2040350417,0040-6090,Q2
https://openalex.org/W2040364320,0921-5093,Q1
https://openalex.org/W2040399122,0043-1648,Q1
https://openalex.org/W2040400854,1536-1055,Q2
https://openalex.org/W2040402986,1094-4087,Q1
https://openalex.org/W2040404200,1350-4495,Q2
https://openalex.org/W2040495151,0267-0836,Q2
https://openalex.org/W2040509264,1567-1739,Q2
https://openalex.org/W2040535119,0022-3697,Q2
https://openalex.org/W2040538574,1051-8223,Q3
https://openalex.org/W2040549190,0040-6090,Q2
https://openalex.org/W2040551173,0964-1726,Q1
https://openalex.org/W2040564036,0969-8043,Q2
https://openalex.org/W2040571783,1098-0121,Q1
https://openalex.org/W2040578049,1466-8033,Q1
https://openalex.org/W2040597198,0022-3727,Q1
https://openalex.org/W2040606042,0749-6036,Q2
https://openalex.org/W2040615913,1612-8850,Q2
https://openalex.org/W2040631776,0022-3131,Q3
https://openalex.org/W2040652633,0168-9002,Q1
https://openalex.org/W2040658888,0003-6951,Q1
https://openalex.org/W2040697905,0360-3199,Q1
https://openalex.org/W2040707876,0267-0844,Q3
https://openalex.org/W2040722750,0003-6951,Q1
https://openalex.org/W2040749992,0043-1648,Q1
https://openalex.org/W2040754183,1476-1122,Q1
https://openalex.org/W2040755635,0040-5779,Q3
https://openalex.org/W2040763844,0167-9317,Q2
https://openalex.org/W2040794530,0921-5093,Q1
https://openalex.org/W2040802127,1040-2004,Q3
https://openalex.org/W2040809458,0021-8979,Q1
https://openalex.org/W2040842613,0022-3093,Q2
https://openalex.org/W2040846439,0167-9317,Q2
https://openalex.org/W2040853983,0957-0233,Q1
https://openalex.org/W2040861211,1943-0884,-
https://openalex.org/W2040866680,0191-5665,Q3
https://openalex.org/W2040883353,1094-4087,Q1
https://openalex.org/W2040894027,0925-4005,Q1
https://openalex.org/W2040898139,0584-8547,Q1
https://openalex.org/W2040909334,1424-8220,Q2
https://openalex.org/W2040912382,0167-577X,Q1
https://openalex.org/W2040976180,0003-6951,Q1
https://openalex.org/W2040977080,0022-1120,Q1
https://openalex.org/W2040998786,1059-9630,Q2
https://openalex.org/W2041005143,1463-9076,Q1
https://openalex.org/W2041015361,1744-683X,Q1
https://openalex.org/W2041016588,0040-6090,Q2
https://openalex.org/W2041016792,0003-6951,Q1
https://openalex.org/W2041032695,1362-1718,Q1
https://openalex.org/W2041040731,0043-1648,Q1
https://openalex.org/W2041079112,1862-6300,Q2
https://openalex.org/W2041080930,0195-928X,Q3
https://openalex.org/W2041093857,0169-4332,-
https://openalex.org/W2041105342,1367-2630,Q1
https://openalex.org/W2041161366,0002-9505,Q2
https://openalex.org/W2041162109,1003-6326,Q3
https://openalex.org/W2041162369,0035-8711,Q1
https://openalex.org/W2041173974,0168-9002,Q1
https://openalex.org/W2041174445,0950-0340,Q2
https://openalex.org/W2041203517,1054-660X,Q3
https://openalex.org/W2041221170,1001-6058,Q3
https://openalex.org/W2041286723,0170-0839,Q2
https://openalex.org/W2041327707,0969-8043,Q2
https://openalex.org/W2041328635,0361-5235,Q2
https://openalex.org/W2041357699,0021-1575,Q3
https://openalex.org/W2041385366,0267-0836,Q2
https://openalex.org/W2041404272,1042-346X,Q2
https://openalex.org/W2041410133,0169-4332,-
https://openalex.org/W2041414739,0168-583X,Q2
https://openalex.org/W2041429244,1070-9762,Q4
https://openalex.org/W2041493037,0003-6951,Q1
https://openalex.org/W2041497081,0030-3992,Q2
https://openalex.org/W2041516302,0927-0256,Q2
https://openalex.org/W2041549827,1343-8875,Q3
https://openalex.org/W2041554354,0040-6090,Q2
https://openalex.org/W2041560616,0017-9310,Q1
https://openalex.org/W2041578660,0009-2614,Q1
https://openalex.org/W2041584220,0946-2171,Q1
https://openalex.org/W2041646057,0031-9015,Q1
https://openalex.org/W2041646064,0169-4332,-
https://openalex.org/W2041659477,0167-577X,Q1
https://openalex.org/W2041663960,1063-7737,Q3
https://openalex.org/W2041665275,0957-4522,Q2
https://openalex.org/W2041670251,0895-7959,Q2
https://openalex.org/W2041739649,0042-207X,Q2
https://openalex.org/W2041747182,1674-1137,Q4
https://openalex.org/W2041771246,1098-4402,Q1
https://openalex.org/W2041775754,0021-4922,Q2
https://openalex.org/W2041806366,1751-8822,Q3
https://openalex.org/W2041818479,0168-9002,Q1
https://openalex.org/W2041854519,0167-9317,Q2
https://openalex.org/W2041882116,1071-0922,Q2
https://openalex.org/W2041884332,0969-8043,Q2
https://openalex.org/W2041888286,0010-5082,Q3
https://openalex.org/W2041896672,0022-3115,Q2
https://openalex.org/W2041899569,0168-9002,Q1
https://openalex.org/W2041903656,1882-2398,Q4
https://openalex.org/W2041919645,0167-577X,Q1
https://openalex.org/W2041922524,1073-5615,Q1
https://openalex.org/W2041933043,1094-4087,Q1
https://openalex.org/W2041933620,0301-634X,Q1
https://openalex.org/W2041954458,0921-5093,Q1
https://openalex.org/W2041970305,0168-9002,Q1
https://openalex.org/W2042063340,0022-4073,Q1
https://openalex.org/W2042077251,0921-5093,Q1
https://openalex.org/W2042083620,0543-1972,Q4
https://openalex.org/W2042094679,0267-0836,Q2
https://openalex.org/W2042097693,0304-8853,Q2
https://openalex.org/W2042104662,0146-9592,Q1
https://openalex.org/W2042173388,1748-0221,Q1
https://openalex.org/W2042223913,1567-1739,Q2
https://openalex.org/W2042232005,0921-4534,Q3
https://openalex.org/W2042251606,0928-0707,Q2
https://openalex.org/W2042295942,1862-5282,Q3
https://openalex.org/W2042304898,0022-3727,Q1
https://openalex.org/W2042331205,0025-5408,Q2
https://openalex.org/W2042360624,0167-577X,Q1
https://openalex.org/W2042396060,0021-8979,Q1
https://openalex.org/W2042400071,0946-2171,Q1
https://openalex.org/W2042426995,0146-9592,Q1
https://openalex.org/W2042454234,1063-7818,Q2
https://openalex.org/W2042456717,1439-9776,Q4
https://openalex.org/W2042468614,1932-5150,Q3
https://openalex.org/W2042471556,0022-0248,Q1
https://openalex.org/W2042473347,0021-8979,Q1
https://openalex.org/W2042510227,0167-577X,Q1
https://openalex.org/W2042525122,1063-7710,Q3
https://openalex.org/W2042547238,1567-1739,Q2
https://openalex.org/W2042547823,1424-8220,Q2
https://openalex.org/W2042548091,0029-5493,Q2
https://openalex.org/W2042552670,0953-2048,Q1
https://openalex.org/W2042554386,0254-0584,Q2
https://openalex.org/W2042559154,0969-8043,Q2
https://openalex.org/W2042657245,0924-4247,Q1
https://openalex.org/W2042667144,0304-8853,Q2
https://openalex.org/W2042670685,0304-8853,Q2
https://openalex.org/W2042681275,1674-1056,Q3
https://openalex.org/W2042700112,1386-9477,Q2
https://openalex.org/W2042704978,1094-4087,Q1
https://openalex.org/W2042705185,1059-9630,Q2
https://openalex.org/W2042738216,0043-1648,Q1
https://openalex.org/W2042751667,0920-5071,Q2
https://openalex.org/W2042753158,0378-3812,Q1
https://openalex.org/W2042770462,1094-4087,Q1
https://openalex.org/W2042795444,0021-4922,Q2
https://openalex.org/W2042812753,0038-1098,Q1
https://openalex.org/W2042819775,0895-2477,Q3
https://openalex.org/W2042820451,0030-4026,Q4
https://openalex.org/W2042822146,0167-577X,Q1
https://openalex.org/W2042826657,0257-8972,Q1
https://openalex.org/W2042827469,0022-460X,Q1
https://openalex.org/W2042838668,0038-1098,Q1
https://openalex.org/W2042840838,0026-2714,Q2
https://openalex.org/W2042866612,1094-4087,Q1
https://openalex.org/W2042893865,0091-3286,Q2
https://openalex.org/W2042897711,0043-1648,Q1
https://openalex.org/W2042913121,0003-6951,Q1
https://openalex.org/W2042950743,1748-3387,Q1
https://openalex.org/W2042982193,0034-6748,Q1
https://openalex.org/W2043067831,1059-9630,Q2
https://openalex.org/W2043072315,1003-6326,Q3
https://openalex.org/W2043076738,1023-8883,Q2
https://openalex.org/W2043101838,0022-0248,Q1
https://openalex.org/W2043120565,0011-2275,Q3
https://openalex.org/W2043126309,0022-2313,Q1
https://openalex.org/W2043132155,1094-4087,Q1
https://openalex.org/W2043152248,1070-9762,Q4
https://openalex.org/W2043155611,0043-1648,Q1
https://openalex.org/W2043177535,0953-8984,Q1
https://openalex.org/W2043207061,1073-5623,Q1
https://openalex.org/W2043213470,0969-8043,Q2
https://openalex.org/W2043220963,0169-4332,-
https://openalex.org/W2043243254,0379-6779,Q2
https://openalex.org/W2043257882,0021-8979,Q1
https://openalex.org/W2043272176,0031-8949,Q3
https://openalex.org/W2043278456,0167-577X,Q1
https://openalex.org/W2043324447,0921-5107,Q2
https://openalex.org/W2043337652,1023-8883,Q2
https://openalex.org/W2043377616,1612-8850,Q2
https://openalex.org/W2043378837,0040-6090,Q2
https://openalex.org/W2043398000,0921-5093,Q1
https://openalex.org/W2043399853,0146-9592,Q1
https://openalex.org/W2043402666,0001-4966,Q1
https://openalex.org/W2043437934,0895-2477,Q3
https://openalex.org/W2043461005,0021-3640,Q2
https://openalex.org/W2043466039,1051-8223,Q3
https://openalex.org/W2043469014,0169-4332,-
https://openalex.org/W2043487561,1073-5623,Q1
https://openalex.org/W2043490568,0018-926X,Q1
https://openalex.org/W2043493451,0030-4018,Q1
https://openalex.org/W2043529283,1527-3342,Q3
https://openalex.org/W2043541113,0360-3199,Q1
https://openalex.org/W2043542793,0030-3992,Q2
https://openalex.org/W2043555999,1001-0521,Q3
https://openalex.org/W2043589001,0009-2614,Q1
https://openalex.org/W2043610817,0021-4922,Q2
https://openalex.org/W2043639063,0361-5235,Q2
https://openalex.org/W2043661404,1674-1137,Q4
https://openalex.org/W2043661703,0146-8030,Q3
https://openalex.org/W2043696557,0144-8420,Q2
https://openalex.org/W2043698830,0921-5107,Q2
https://openalex.org/W2043711375,0031-9007,Q1
https://openalex.org/W2043729374,1003-2169,Q3
https://openalex.org/W2043734905,1003-6326,Q3
https://openalex.org/W2043740904,0017-9310,Q1
https://openalex.org/W2043787963,0022-3727,Q1
https://openalex.org/W2043792562,1063-7745,Q4
https://openalex.org/W2043797883,1528-7483,Q1
https://openalex.org/W2043807862,0010-5082,Q3
https://openalex.org/W2043821188,0273-1177,-
https://openalex.org/W2043848732,0021-8979,Q1
https://openalex.org/W2043857644,0273-1177,-
https://openalex.org/W2043877042,1536-5379,Q2
https://openalex.org/W2043882527,0011-2275,Q3
https://openalex.org/W2043886141,0734-2101,Q2
https://openalex.org/W2043888032,0273-1177,-
https://openalex.org/W2043888773,0026-2714,Q2
https://openalex.org/W2043935428,0021-1575,Q3
https://openalex.org/W2043949675,0143-8166,Q2
https://openalex.org/W2043951727,0734-2101,Q2
https://openalex.org/W2044017640,0003-6951,Q1
https://openalex.org/W2044032659,0021-8979,Q1
https://openalex.org/W2044035992,1598-9623,Q2
https://openalex.org/W2044038476,0895-2477,Q3
https://openalex.org/W2044064387,1567-1739,Q2
https://openalex.org/W2044107704,0921-5093,Q1
https://openalex.org/W2044112681,0022-0248,Q1
https://openalex.org/W2044115897,0021-8979,Q1
https://openalex.org/W2044147936,0957-0233,Q1
https://openalex.org/W2044151164,0167-577X,Q1
https://openalex.org/W2044167490,0040-6031,Q1
https://openalex.org/W2044193969,0167-577X,Q1
https://openalex.org/W2044196015,0030-4026,Q4
https://openalex.org/W2044205351,1350-4487,Q2
https://openalex.org/W2044234739,0013-4651,Q1
https://openalex.org/W2044247926,0921-4526,Q2
https://openalex.org/W2044304911,1744-683X,Q1
https://openalex.org/W2044358376,0040-6090,Q2
https://openalex.org/W2044376407,1530-6984,Q1
https://openalex.org/W2044378661,1063-7737,Q3
https://openalex.org/W2044392225,0217-7323,Q2
https://openalex.org/W2044410121,0021-8979,Q1
https://openalex.org/W2044410614,0043-1648,Q1
https://openalex.org/W2044412221,0030-400X,Q4
https://openalex.org/W2044460885,1340-6000,Q3
https://openalex.org/W2044466921,0920-5071,Q2
https://openalex.org/W2044472460,0021-4922,Q2
https://openalex.org/W2044475602,0013-4651,Q1
https://openalex.org/W2044506223,0146-9592,Q1
https://openalex.org/W2044507012,0379-6779,Q2
https://openalex.org/W2044520506,0169-4332,-
https://openalex.org/W2044522137,1748-3387,Q1
https://openalex.org/W2044525234,0256-307X,Q2
https://openalex.org/W2044527505,0022-3115,Q2
https://openalex.org/W2044568533,0022-0248,Q1
https://openalex.org/W2044571982,0169-4332,-
https://openalex.org/W2044572502,0003-6951,Q1
https://openalex.org/W2044595017,0021-8979,Q1
https://openalex.org/W2044603261,0733-8724,Q1
https://openalex.org/W2044630891,1230-3402,Q2
https://openalex.org/W2044648246,0925-4005,Q1
https://openalex.org/W2044664807,0003-6951,Q1
https://openalex.org/W2044682456,0304-8853,Q2
https://openalex.org/W2044686695,0895-2477,Q3
https://openalex.org/W2044688736,0031-8949,Q3
https://openalex.org/W2044689625,0924-4247,Q1
https://openalex.org/W2044691884,1063-7842,Q4
https://openalex.org/W2044707402,1359-6462,Q1
https://openalex.org/W2044729912,0004-6280,Q1
https://openalex.org/W2044746262,0928-0707,Q2
https://openalex.org/W2044795600,0169-4332,-
https://openalex.org/W2044827610,0003-682X,Q1
https://openalex.org/W2044833613,1432-8917,Q2
https://openalex.org/W2044855492,0017-9310,Q1
https://openalex.org/W2044874445,1286-0042,Q2
https://openalex.org/W2044900825,0013-4651,Q1
https://openalex.org/W2044904256,0169-4243,Q2
https://openalex.org/W2044911389,0925-9635,Q1
https://openalex.org/W2044911547,0969-8043,Q2
https://openalex.org/W2044912511,1051-8223,Q3
https://openalex.org/W2044914718,0034-6748,Q1
https://openalex.org/W2044929116,0022-4715,Q2
https://openalex.org/W2044942853,0921-5093,Q1
https://openalex.org/W2044954352,0033-068X,Q2
https://openalex.org/W2044955168,0021-8979,Q1
https://openalex.org/W2044962338,0273-1177,-
https://openalex.org/W2044964496,0168-583X,Q2
https://openalex.org/W2044995614,1094-4087,Q1
https://openalex.org/W2044997185,1290-0729,Q1
https://openalex.org/W2044998541,0743-7463,Q1
https://openalex.org/W2044999970,0003-6951,Q1
https://openalex.org/W2045003324,0026-2714,Q2
https://openalex.org/W2045005462,1478-6435,Q1
https://openalex.org/W2045059793,0360-3199,Q1
https://openalex.org/W2045064598,1062-8738,Q4
https://openalex.org/W2045070703,0924-4247,Q1
https://openalex.org/W2045072609,1356-5362,Q4
https://openalex.org/W2045091674,0040-6090,Q2
https://openalex.org/W2045094842,0040-6090,Q2
https://openalex.org/W2045108205,0254-0584,Q2
https://openalex.org/W2045109992,0146-9592,Q1
https://openalex.org/W2045132727,0009-2614,Q1
https://openalex.org/W2045146562,0254-0584,Q2
https://openalex.org/W2045160004,1862-5282,Q3
https://openalex.org/W2045195479,0379-7112,Q2
https://openalex.org/W2045199740,0025-6455,Q3
https://openalex.org/W2045200771,0030-3992,Q2
https://openalex.org/W2045231386,0034-6748,Q1
https://openalex.org/W2045247813,1348-6535,Q2
https://openalex.org/W2045283877,0146-9592,Q1
https://openalex.org/W2045299124,0168-9002,Q1
https://openalex.org/W2045300064,0170-0839,Q2
https://openalex.org/W2045303175,0003-6951,Q1
https://openalex.org/W2045328631,0142-2421,Q2
https://openalex.org/W2045335129,0375-9474,Q1
https://openalex.org/W2045372493,0169-4332,-
https://openalex.org/W2045373542,1070-664X,Q1
https://openalex.org/W2045374707,0957-0233,Q1
https://openalex.org/W2045381510,0167-9317,Q2
https://openalex.org/W2045394384,0735-1933,Q1
https://openalex.org/W2045396596,0167-9317,Q2
https://openalex.org/W2045398766,0030-4018,Q1
https://openalex.org/W2045401770,0168-9002,Q1
https://openalex.org/W2045404953,0020-7608,Q2
https://openalex.org/W2045414440,0257-8972,Q1
https://openalex.org/W2045416904,0167-577X,Q1
https://openalex.org/W2045421496,0168-9002,Q1
https://openalex.org/W2045429069,0254-0584,Q2
https://openalex.org/W2045446292,1463-9076,Q1
https://openalex.org/W2045462871,0146-9592,Q1
https://openalex.org/W2045494482,0921-4526,Q2
https://openalex.org/W2045505135,1350-4495,Q2
https://openalex.org/W2045505556,1050-2947,Q1
https://openalex.org/W2045536681,1010-6030,Q1
https://openalex.org/W2045545113,1041-1135,Q1
https://openalex.org/W2045572917,0030-4026,Q4
https://openalex.org/W2045600294,0254-0584,Q2
https://openalex.org/W2045603156,1674-1137,Q4
https://openalex.org/W2045604795,0925-3467,Q1
https://openalex.org/W2045616877,1070-664X,Q1
https://openalex.org/W2045617974,0921-4534,Q3
https://openalex.org/W2045659454,0257-8972,Q1
https://openalex.org/W2045665761,1071-0922,Q2
https://openalex.org/W2045684682,0022-1481,Q1
https://openalex.org/W2045696266,0092-640X,Q1
https://openalex.org/W2045739373,0921-5093,Q1
https://openalex.org/W2045753116,0022-3727,Q1
https://openalex.org/W2045762777,0031-921X,-
https://openalex.org/W2045798565,0143-8166,Q2
https://openalex.org/W2045801563,0968-4328,-
https://openalex.org/W2045821149,0038-1098,Q1
https://openalex.org/W2045835502,0304-8853,Q2
https://openalex.org/W2045842445,1567-1739,Q2
https://openalex.org/W2045842491,1084-7529,Q1
https://openalex.org/W2045858159,0003-6951,Q1
https://openalex.org/W2045862857,0146-9592,Q1
https://openalex.org/W2045863953,0021-8979,Q1
https://openalex.org/W2045865084,0022-3115,Q2
https://openalex.org/W2045868460,0921-4526,Q2
https://openalex.org/W2045886278,0167-9317,Q2
https://openalex.org/W2045911963,0584-8547,Q1
https://openalex.org/W2045943980,1003-6326,Q3
https://openalex.org/W2045946383,0921-5093,Q1
https://openalex.org/W2045963013,0029-5515,Q1
https://openalex.org/W2045996785,0925-3467,Q1
https://openalex.org/W2046050835,0254-0584,Q2
https://openalex.org/W2046077257,0304-8853,Q2
https://openalex.org/W2046080057,0022-3115,Q2
https://openalex.org/W2046092116,1517-7076,-
https://openalex.org/W2046092624,0925-4005,Q1
https://openalex.org/W2046108429,0921-4526,Q2
https://openalex.org/W2046132184,1003-6326,Q3
https://openalex.org/W2046136379,0253-6102,Q3
https://openalex.org/W2046146820,1542-1406,Q3
https://openalex.org/W2046150062,0921-4534,Q3
https://openalex.org/W2046160662,0141-3910,Q1
https://openalex.org/W2046181156,0301-679X,Q1
https://openalex.org/W2046181975,1359-6462,Q1
https://openalex.org/W2046195131,0026-2714,Q2
https://openalex.org/W2046210570,0031-9120,Q3
https://openalex.org/W2046221746,1003-6326,Q3
https://openalex.org/W2046235887,0375-9474,Q1
https://openalex.org/W2046287181,0267-0844,Q3
https://openalex.org/W2046294922,0953-8984,Q1
https://openalex.org/W2046311559,0925-3467,Q1
https://openalex.org/W2046315720,1044-5803,Q2
https://openalex.org/W2046334781,1003-6326,Q3
https://openalex.org/W2046351591,1063-7818,Q2
https://openalex.org/W2046364465,0031-9007,Q1
https://openalex.org/W2046368684,0029-5493,Q2
https://openalex.org/W2046389179,0268-1242,Q2
https://openalex.org/W2046453026,1009-0630,Q4
https://openalex.org/W2046471425,0146-9592,Q1
https://openalex.org/W2046479623,0969-8043,Q2
https://openalex.org/W2046504762,1293-2558,Q2
https://openalex.org/W2046521271,1023-8883,Q2
https://openalex.org/W2046532760,0022-2313,Q1
https://openalex.org/W2046537745,0022-2313,Q1
https://openalex.org/W2046560778,0960-3409,Q4
https://openalex.org/W2046578549,1094-4087,Q1
https://openalex.org/W2046578782,0091-3286,Q2
https://openalex.org/W2046582371,0167-2738,Q1
https://openalex.org/W2046594247,0921-5093,Q1
https://openalex.org/W2046596976,0168-9002,Q1
https://openalex.org/W2046600433,0003-6951,Q1
https://openalex.org/W2046609325,1882-0778,Q1
https://openalex.org/W2046627609,0169-4332,-
https://openalex.org/W2046653113,1567-1739,Q2
https://openalex.org/W2046657556,0734-2101,Q2
https://openalex.org/W2046668911,1469-0667,Q2
https://openalex.org/W2046672696,0885-3010,Q1
https://openalex.org/W2046696809,0167-9317,Q2
https://openalex.org/W2046699156,1527-3342,Q3
https://openalex.org/W2046701180,0957-4522,Q2
https://openalex.org/W2046704638,0030-4018,Q1
https://openalex.org/W2046785184,1098-4402,Q1
https://openalex.org/W2046785858,1432-8488,Q2
https://openalex.org/W2046823035,1094-4087,Q1
https://openalex.org/W2046854282,1022-1360,Q2
https://openalex.org/W2046861442,0167-577X,Q1
https://openalex.org/W2046873418,1009-0630,Q4
https://openalex.org/W2046883289,0218-3013,Q2
https://openalex.org/W2046886473,0003-6951,Q1
https://openalex.org/W2046897561,0143-0807,Q3
https://openalex.org/W2046919352,0953-4075,Q1
https://openalex.org/W2046924196,0031-918X,Q3
https://openalex.org/W2046934835,0040-6090,Q2
https://openalex.org/W2046935111,0029-5493,Q2
https://openalex.org/W2046951295,1751-8113,Q2
https://openalex.org/W2046956790,1359-6462,Q1
https://openalex.org/W2046960980,0946-2171,Q1
https://openalex.org/W2046966625,0263-2241,Q3
https://openalex.org/W2046968671,0003-6951,Q1
https://openalex.org/W2046985506,1350-4177,Q1
https://openalex.org/W2047001246,1084-7529,Q1
https://openalex.org/W2047005365,1290-0729,Q1
https://openalex.org/W2047019412,1063-7826,Q3
https://openalex.org/W2047022014,1359-0294,Q1
https://openalex.org/W2047052482,1063-7842,Q4
https://openalex.org/W2047083685,0040-6090,Q2
https://openalex.org/W2047085472,0013-4651,Q1
https://openalex.org/W2047092004,0022-3115,Q2
https://openalex.org/W2047100838,0584-8547,Q1
https://openalex.org/W2047121914,0146-9592,Q1
https://openalex.org/W2047133666,0022-3115,Q2
https://openalex.org/W2047140575,0029-5493,Q2
https://openalex.org/W2047152154,1068-820X,Q4
https://openalex.org/W2047186772,0723-4864,Q1
https://openalex.org/W2047211709,0040-6090,Q2
https://openalex.org/W2047231482,0167-577X,Q1
https://openalex.org/W2047244393,1613-4982,Q1
https://openalex.org/W2047244442,0146-6410,Q1
https://openalex.org/W2047291675,0030-4018,Q1
https://openalex.org/W2047302359,0022-4596,Q1
https://openalex.org/W2047308316,0026-2714,Q2
https://openalex.org/W2047311498,1054-660X,Q3
https://openalex.org/W2047360081,0921-5093,Q1
https://openalex.org/W2047396899,0168-9002,Q1
https://openalex.org/W2047406559,1387-3806,Q1
https://openalex.org/W2047418053,1343-8875,Q3
https://openalex.org/W2047429297,0022-460X,Q1
https://openalex.org/W2047429408,0014-3057,Q1
https://openalex.org/W2047429742,0924-4247,Q1
https://openalex.org/W2047460594,0030-4018,Q1
https://openalex.org/W2047468351,0267-0844,Q3
https://openalex.org/W2047476652,0030-4018,Q1
https://openalex.org/W2047481978,0013-4651,Q1
https://openalex.org/W2047482184,0360-3199,Q1
https://openalex.org/W2047485696,1290-0729,Q1
https://openalex.org/W2047488700,0584-8547,Q1
https://openalex.org/W2047537877,0021-4922,Q2
https://openalex.org/W2047538979,1063-7850,Q4
https://openalex.org/W2047593996,1094-4087,Q1
https://openalex.org/W2047597728,0949-1775,Q2
https://openalex.org/W2047652035,0167-9317,Q2
https://openalex.org/W2047658846,0011-2275,Q3
https://openalex.org/W2047660578,0038-1098,Q1
https://openalex.org/W2047673827,0368-2048,Q1
https://openalex.org/W2047689558,0734-2101,Q2
https://openalex.org/W2047689853,0021-8979,Q1
https://openalex.org/W2047696270,0167-577X,Q1
https://openalex.org/W2047728676,1751-8822,Q3
https://openalex.org/W2047737946,0167-577X,Q1
https://openalex.org/W2047776022,1674-1056,Q3
https://openalex.org/W2047787566,0167-577X,Q1
https://openalex.org/W2047808356,0275-1062,Q4
https://openalex.org/W2047835716,0257-8972,Q1
https://openalex.org/W2047844182,1098-0121,Q1
https://openalex.org/W2047894880,0143-8166,Q2
https://openalex.org/W2047895879,0003-6951,Q1
https://openalex.org/W2047896941,0921-5093,Q1
https://openalex.org/W2047905350,1751-8822,Q3
https://openalex.org/W2047910298,0360-3199,Q1
https://openalex.org/W2047947462,1388-6150,Q2
https://openalex.org/W2047948510,0301-679X,Q1
https://openalex.org/W2047974395,0020-7608,Q2
https://openalex.org/W2047976037,1054-660X,Q3
https://openalex.org/W2047982677,1424-8220,Q2
https://openalex.org/W2047985488,0142-727X,Q1
https://openalex.org/W2047994994,1744-683X,Q1
https://openalex.org/W2048004322,0921-4526,Q2
https://openalex.org/W2048021698,1094-4087,Q1
https://openalex.org/W2048040651,0038-0946,Q3
https://openalex.org/W2048049151,0022-3727,Q1
https://openalex.org/W2048105886,1616-301X,Q1
https://openalex.org/W2048130369,0003-6951,Q1
https://openalex.org/W2048147438,1478-6435,Q1
https://openalex.org/W2048187450,0022-3115,Q2
https://openalex.org/W2048190943,0735-1933,Q1
https://openalex.org/W2048198649,1058-9759,Q4
https://openalex.org/W2048211323,0254-0584,Q2
https://openalex.org/W2048245871,0146-9592,Q1
https://openalex.org/W2048249134,0169-4243,Q2
https://openalex.org/W2048265355,0584-8547,Q1
https://openalex.org/W2048279968,0040-6090,Q2
https://openalex.org/W2048283640,1424-8220,Q2
https://openalex.org/W2048305947,1556-276X,Q1
https://openalex.org/W2048307230,0301-679X,Q1
https://openalex.org/W2048307911,0304-8853,Q2
https://openalex.org/W2048318794,0953-8984,Q1
https://openalex.org/W2048329049,0921-4526,Q2
https://openalex.org/W2048333834,0921-5093,Q1
https://openalex.org/W2048336899,0161-0457,Q2
https://openalex.org/W2048342952,0924-4247,Q1
https://openalex.org/W2048354824,1062-3701,Q3
https://openalex.org/W2048434502,0301-679X,Q1
https://openalex.org/W2048462089,0146-9592,Q1
https://openalex.org/W2048476781,0263-2241,Q3
https://openalex.org/W2048491501,1369-7021,Q1
https://openalex.org/W2048499613,0029-5493,Q2
https://openalex.org/W2048526314,0361-5235,Q2
https://openalex.org/W2048569207,0723-4864,Q1
https://openalex.org/W2048591857,1388-6150,Q2
https://openalex.org/W2048594093,0168-9002,Q1
https://openalex.org/W2048604694,0301-679X,Q1
https://openalex.org/W2048605972,1290-0729,Q1
https://openalex.org/W2048640637,0301-679X,Q1
https://openalex.org/W2048672002,0003-6951,Q1
https://openalex.org/W2048697547,0022-3115,Q2
https://openalex.org/W2048711057,0034-6748,Q1
https://openalex.org/W2048718457,0743-7463,Q1
https://openalex.org/W2048723392,0034-6748,Q1
https://openalex.org/W2048749801,0267-0844,Q3
https://openalex.org/W2048761164,0010-3616,Q1
https://openalex.org/W2048766182,1094-4087,Q1
https://openalex.org/W2048786526,1674-1137,Q4
https://openalex.org/W2048801364,0969-8043,Q2
https://openalex.org/W2048817328,0168-9002,Q1
https://openalex.org/W2048820812,0167-9317,Q2
https://openalex.org/W2048841074,0167-9317,Q2
https://openalex.org/W2048878206,0033-068X,Q2
https://openalex.org/W2048891858,0093-3813,Q2
https://openalex.org/W2048899045,1001-0521,Q3
https://openalex.org/W2048931252,0141-3910,Q1
https://openalex.org/W2048941829,0146-9592,Q1
https://openalex.org/W2048952113,0167-577X,Q1
https://openalex.org/W2048953010,0256-307X,Q2
https://openalex.org/W2048960432,0167-577X,Q1
https://openalex.org/W2048965534,0925-4005,Q1
https://openalex.org/W2049021594,0022-2313,Q1
https://openalex.org/W2049033512,1674-2001,Q3
https://openalex.org/W2049054551,1567-1739,Q2
https://openalex.org/W2049059284,0960-3409,Q4
https://openalex.org/W2049070956,1567-1739,Q2
https://openalex.org/W2049077338,0921-5107,Q2
https://openalex.org/W2049099208,0191-5665,Q3
https://openalex.org/W2049143586,0039-6028,Q1
https://openalex.org/W2049151198,0895-2477,Q3
https://openalex.org/W2049151268,1054-660X,Q3
https://openalex.org/W2049157720,0003-6951,Q1
https://openalex.org/W2049169474,0925-4005,Q1
https://openalex.org/W2049170394,1674-1056,Q3
https://openalex.org/W2049185254,1567-1739,Q2
https://openalex.org/W2049251767,0267-0844,Q3
https://openalex.org/W2049253076,0022-3131,Q3
https://openalex.org/W2049266020,0029-5493,Q2
https://openalex.org/W2049287444,1567-1739,Q2
https://openalex.org/W2049320980,1022-1360,Q2
https://openalex.org/W2049349713,1003-2169,Q3
https://openalex.org/W2049373495,1674-1056,Q3
https://openalex.org/W2049395171,0254-0584,Q2
https://openalex.org/W2049416908,1749-4885,Q1
https://openalex.org/W2049423746,1063-7850,Q4
https://openalex.org/W2049431206,1862-6300,Q2
https://openalex.org/W2049441158,1094-4087,Q1
https://openalex.org/W2049509398,0254-0584,Q2
https://openalex.org/W2049511679,0927-7757,-
https://openalex.org/W2049519210,1751-8768,Q3
https://openalex.org/W2049523126,0925-3467,Q1
https://openalex.org/W2049526730,1040-0400,Q3
https://openalex.org/W2049578045,0009-2614,Q1
https://openalex.org/W2049598094,0969-806X,Q2
https://openalex.org/W2049604414,1463-9076,Q1
https://openalex.org/W2049652934,1424-8220,Q2
https://openalex.org/W2049668652,0040-6090,Q2
https://openalex.org/W2049682131,0304-8853,Q2
https://openalex.org/W2049696309,0749-6036,Q2
https://openalex.org/W2049719814,1674-4926,-
https://openalex.org/W2049744297,0020-7608,Q2
https://openalex.org/W2049774148,1098-0121,Q1
https://openalex.org/W2049818989,0304-8853,Q2
https://openalex.org/W2049822423,0925-3467,Q1
https://openalex.org/W2049837563,0022-3115,Q2
https://openalex.org/W2049866772,0584-8547,Q1
https://openalex.org/W2049877687,0168-9002,Q1
https://openalex.org/W2049877864,0021-4922,Q2
https://openalex.org/W2049922601,0021-8979,Q1
https://openalex.org/W2049927003,1386-1425,Q2
https://openalex.org/W2049949177,0304-3991,Q1
https://openalex.org/W2049958734,0360-3199,Q1
https://openalex.org/W2049966592,1010-6030,Q1
https://openalex.org/W2049986013,0969-8043,Q2
https://openalex.org/W2049986527,0040-6090,Q2
https://openalex.org/W2049987679,1003-6326,Q3
https://openalex.org/W2049994921,0018-926X,Q1
https://openalex.org/W2050000385,0895-2477,Q3
https://openalex.org/W2050092583,0022-5096,Q1
https://openalex.org/W2050103228,0021-3640,Q2
https://openalex.org/W2050141691,1343-8875,Q3
https://openalex.org/W2050142769,0257-8972,Q1
https://openalex.org/W2050220806,0953-2048,Q1
https://openalex.org/W2050227307,0022-3115,Q2
https://openalex.org/W2050232104,0360-3199,Q1
https://openalex.org/W2050239250,0038-1101,Q2
https://openalex.org/W2050263245,0304-3886,Q2
https://openalex.org/W2050271873,1068-5200,-
https://openalex.org/W2050285311,0921-4534,Q3
https://openalex.org/W2050288197,0034-6748,Q1
https://openalex.org/W2050288816,0895-2477,Q3
https://openalex.org/W2050320577,0021-8979,Q1
https://openalex.org/W2050361685,0267-0844,Q3
https://openalex.org/W2050366138,0001-4966,Q1
https://openalex.org/W2050369401,0022-3727,Q1
https://openalex.org/W2050396537,1862-6300,Q2
https://openalex.org/W2050396691,0257-8972,Q1
https://openalex.org/W2050431783,0953-2048,Q1
https://openalex.org/W2050433879,0964-1726,Q1
https://openalex.org/W2050448821,0360-3016,Q1
https://openalex.org/W2050452330,0040-6031,Q1
https://openalex.org/W2050453184,0169-4332,-
https://openalex.org/W2050459399,1003-6326,Q3
https://openalex.org/W2050484770,1094-4087,Q1
https://openalex.org/W2050493879,0144-8420,Q2
https://openalex.org/W2050497874,0304-8853,Q2
https://openalex.org/W2050528658,0743-7463,Q1
https://openalex.org/W2050529587,0020-7683,Q1
https://openalex.org/W2050552348,1070-9762,Q4
https://openalex.org/W2050571363,0022-3093,Q2
https://openalex.org/W2050602125,0168-583X,Q2
https://openalex.org/W2050608699,0103-9733,Q3
https://openalex.org/W2050626157,0146-9592,Q1
https://openalex.org/W2050640079,0921-5093,Q1
https://openalex.org/W2050664812,0031-921X,-
https://openalex.org/W2050688859,1434-6060,Q2
https://openalex.org/W2050692324,0921-4526,Q2
https://openalex.org/W2050693046,0018-9197,Q1
https://openalex.org/W2050699792,0927-0256,Q2
https://openalex.org/W2050729083,0040-6090,Q2
https://openalex.org/W2050757548,0022-3115,Q2
https://openalex.org/W2050814530,0375-9601,Q2
https://openalex.org/W2050814986,1674-1056,Q3
https://openalex.org/W2050820257,0168-583X,Q2
https://openalex.org/W2050827441,0030-4018,Q1
https://openalex.org/W2050853925,0043-1648,Q1
https://openalex.org/W2050856781,0040-6090,Q2
https://openalex.org/W2050867124,1071-0922,Q2
https://openalex.org/W2050881382,1063-777X,Q2
https://openalex.org/W2050897644,0960-0779,-
https://openalex.org/W2050914743,0013-4651,Q1
https://openalex.org/W2050917404,1388-6150,Q2
https://openalex.org/W2050926197,0301-679X,Q1
https://openalex.org/W2050936917,0003-6951,Q1
https://openalex.org/W2050959325,0003-6951,Q1
https://openalex.org/W2050984075,0003-6951,Q1
https://openalex.org/W2050987149,1567-1739,Q2
https://openalex.org/W2050987342,0019-0578,Q2
https://openalex.org/W2050992845,0034-6748,Q1
https://openalex.org/W2051004889,1044-5803,Q2
https://openalex.org/W2051009597,0022-3727,Q1
https://openalex.org/W2051030082,0030-4026,Q4
https://openalex.org/W2051088081,0921-5093,Q1
https://openalex.org/W2051093349,0168-9002,Q1
https://openalex.org/W2051095557,0304-8853,Q2
https://openalex.org/W2051099908,0167-2738,Q1
https://openalex.org/W2051150832,0026-2714,Q2
https://openalex.org/W2051152523,1063-7834,Q4
https://openalex.org/W2051171724,1612-2011,Q1
https://openalex.org/W2051190799,0925-4005,Q1
https://openalex.org/W2051240810,1469-0667,Q2
https://openalex.org/W2051256319,0167-9317,Q2
https://openalex.org/W2051264511,0038-0946,Q3
https://openalex.org/W2051295162,0040-6090,Q2
https://openalex.org/W2051296373,0040-6090,Q2
https://openalex.org/W2051303862,0921-4526,Q2
https://openalex.org/W2051311280,1063-7729,Q3
https://openalex.org/W2051317649,0925-4005,Q1
https://openalex.org/W2051339856,1674-1056,Q3
https://openalex.org/W2051357772,0004-640X,Q3
https://openalex.org/W2051366043,0003-6951,Q1
https://openalex.org/W2051384463,0003-6951,Q1
https://openalex.org/W2051395219,0514-5163,Q3
https://openalex.org/W2051399826,0884-5913,-
https://openalex.org/W2051436057,0022-0248,Q1
https://openalex.org/W2051439777,1094-4087,Q1
https://openalex.org/W2051441360,1003-2169,Q3
https://openalex.org/W2051469949,0001-4966,Q1
https://openalex.org/W2051499039,0021-8979,Q1
https://openalex.org/W2051505457,1388-6150,Q2
https://openalex.org/W2051511292,1073-5623,Q1
https://openalex.org/W2051513098,0017-9310,Q1
https://openalex.org/W2051526822,0021-4922,Q2
https://openalex.org/W2051529650,0895-2477,Q3
https://openalex.org/W2051534199,0040-6031,Q1
https://openalex.org/W2051564761,0003-6951,Q1
https://openalex.org/W2051566303,0921-4534,Q3
https://openalex.org/W2051571939,0957-0233,Q1
https://openalex.org/W2051611406,0968-4328,-
https://openalex.org/W2051614212,0169-4332,-
https://openalex.org/W2051636636,1012-0386,Q3
https://openalex.org/W2051639669,0361-5235,Q2
https://openalex.org/W2051646846,0003-6951,Q1
https://openalex.org/W2051650184,0921-4526,Q2
https://openalex.org/W2051666323,0018-9456,Q2
https://openalex.org/W2051671737,1003-6326,Q3
https://openalex.org/W2051675581,0167-577X,Q1
https://openalex.org/W2051689909,0146-9592,Q1
https://openalex.org/W2051693627,0168-9002,Q1
https://openalex.org/W2051696844,0928-4931,Q2
https://openalex.org/W2051715733,0301-679X,Q1
https://openalex.org/W2051721756,0003-6951,Q1
https://openalex.org/W2051727096,0004-6361,Q1
https://openalex.org/W2051747197,0021-8979,Q1
https://openalex.org/W2051764764,1866-6892,Q3
https://openalex.org/W2051765119,0273-1177,-
https://openalex.org/W2051772302,0925-4005,Q1
https://openalex.org/W2051819658,0957-4522,Q2
https://openalex.org/W2051823000,0029-5493,Q2
https://openalex.org/W2051861302,0025-5408,Q2
https://openalex.org/W2051875694,0969-8043,Q2
https://openalex.org/W2051880272,1674-4926,-
https://openalex.org/W2051891604,0969-8043,Q2
https://openalex.org/W2051901075,0003-6951,Q1
https://openalex.org/W2051901207,1003-6326,Q3
https://openalex.org/W2051931796,0003-6951,Q1
https://openalex.org/W2051934669,0022-0248,Q1
https://openalex.org/W2051958841,1359-6462,Q1
https://openalex.org/W2051975769,0170-0839,Q2
https://openalex.org/W2051991606,0003-6951,Q1
https://openalex.org/W2052005749,0021-4922,Q2
https://openalex.org/W2052024389,1098-0121,Q1
https://openalex.org/W2052032340,0921-5107,Q2
https://openalex.org/W2052037724,0143-8166,Q2
https://openalex.org/W2052039917,0003-6951,Q1
https://openalex.org/W2052057201,0003-6951,Q1
https://openalex.org/W2052075115,0169-4332,-
https://openalex.org/W2052084076,0021-4922,Q2
https://openalex.org/W2052085469,0015-4628,Q3
https://openalex.org/W2052100469,0043-1648,Q1
https://openalex.org/W2052103393,0021-8979,Q1
https://openalex.org/W2052136254,1598-9623,Q2
https://openalex.org/W2052136761,0256-307X,Q2
https://openalex.org/W2052140334,0254-0584,Q2
https://openalex.org/W2052172187,0925-9635,Q1
https://openalex.org/W2052173419,1062-7995,Q1
https://openalex.org/W2052180463,0141-3910,Q1
https://openalex.org/W2052182500,0030-3992,Q2
https://openalex.org/W2052187759,1748-0221,Q1
https://openalex.org/W2052189309,0957-0233,Q1
https://openalex.org/W2052196818,0925-4005,Q1
https://openalex.org/W2052205706,0021-8979,Q1
https://openalex.org/W2052221849,0968-4328,-
https://openalex.org/W2052230102,0921-4526,Q2
https://openalex.org/W2052267973,0895-2477,Q3
https://openalex.org/W2052311415,1094-4087,Q1
https://openalex.org/W2052320072,0360-3199,Q1
https://openalex.org/W2052322073,0168-9002,Q1
https://openalex.org/W2052322952,0169-4332,-
https://openalex.org/W2052335655,0360-3199,Q1
https://openalex.org/W2052347652,0022-3115,Q2
https://openalex.org/W2052359371,0146-9592,Q1
https://openalex.org/W2052367870,0001-4966,Q1
https://openalex.org/W2052387822,0169-4332,-
https://openalex.org/W2052400685,0141-3910,Q1
https://openalex.org/W2052409410,1862-6300,Q2
https://openalex.org/W2052409684,0021-4922,Q2
https://openalex.org/W2052435543,0042-207X,Q2
https://openalex.org/W2052447277,0304-4289,Q4
https://openalex.org/W2052458672,1068-5200,-
https://openalex.org/W2052460437,0921-4526,Q2
https://openalex.org/W2052471582,0030-4026,Q4
https://openalex.org/W2052474897,0960-0779,-
https://openalex.org/W2052488815,0026-2714,Q2
https://openalex.org/W2052497155,1230-3402,Q2
https://openalex.org/W2052513788,0937-9347,Q2
https://openalex.org/W2052551783,0034-6748,Q1
https://openalex.org/W2052575118,0029-5493,Q2
https://openalex.org/W2052598681,0925-3467,Q1
https://openalex.org/W2052616732,0895-2477,Q3
https://openalex.org/W2052619457,0167-9317,Q2
https://openalex.org/W2052637368,0170-0839,Q2
https://openalex.org/W2052652518,1748-0221,Q1
https://openalex.org/W2052663361,0021-4922,Q2
https://openalex.org/W2052667450,1932-1058,Q2
https://openalex.org/W2052690499,0921-5107,Q2
https://openalex.org/W2052704503,1751-8822,Q3
https://openalex.org/W2052786261,1094-4087,Q1
https://openalex.org/W2052826235,0040-6090,Q2
https://openalex.org/W2052847125,1073-5623,Q1
https://openalex.org/W2052865530,0924-9907,Q2
https://openalex.org/W2052876140,0946-2171,Q1
https://openalex.org/W2052905317,0022-0248,Q1
https://openalex.org/W2052916822,0022-3727,Q1
https://openalex.org/W2052922452,0921-5093,Q1
https://openalex.org/W2052925857,0921-5107,Q2
https://openalex.org/W2052931719,1530-6984,Q1
https://openalex.org/W2052948850,0195-928X,Q3
https://openalex.org/W2052973678,0022-0248,Q1
https://openalex.org/W2052993937,0021-9037,Q4
https://openalex.org/W2053007766,0921-4526,Q2
https://openalex.org/W2053009299,1674-4926,-
https://openalex.org/W2053019674,1009-0630,Q4
https://openalex.org/W2053039487,1044-5803,Q2
https://openalex.org/W2053059903,0022-3093,Q2
https://openalex.org/W2053060209,0022-3115,Q2
https://openalex.org/W2053075644,0921-5107,Q2
https://openalex.org/W2053086464,0003-6951,Q1
https://openalex.org/W2053113190,1070-664X,Q1
https://openalex.org/W2053125665,0895-2477,Q3
https://openalex.org/W2053131855,0361-5235,Q2
https://openalex.org/W2053145263,1748-0221,Q1
https://openalex.org/W2053146358,0022-3093,Q2
https://openalex.org/W2053155068,0011-748X,Q4
https://openalex.org/W2053199755,0969-8043,Q2
https://openalex.org/W2053202484,0022-0248,Q1
https://openalex.org/W2053206703,1003-6326,Q3
https://openalex.org/W2053215722,1424-8220,Q2
https://openalex.org/W2053225683,1388-6150,Q2
https://openalex.org/W2053231175,0011-2275,Q3
https://openalex.org/W2053251776,0040-6031,Q1
https://openalex.org/W2053253042,0749-6036,Q2
https://openalex.org/W2053257777,1063-7834,Q4
https://openalex.org/W2053270083,1388-6150,Q2
https://openalex.org/W2053272120,0267-0836,Q2
https://openalex.org/W2053290999,0885-3010,Q1
https://openalex.org/W2053304458,0022-3697,Q2
https://openalex.org/W2053310277,0026-2714,Q2
https://openalex.org/W2053314634,0304-3886,Q2
https://openalex.org/W2053319448,1936-0851,Q1
https://openalex.org/W2053319706,1063-7834,Q4
https://openalex.org/W2053338420,0887-8722,Q2
https://openalex.org/W2053353601,1098-0121,Q1
https://openalex.org/W2053366142,0360-3199,Q1
https://openalex.org/W2053375059,0021-8979,Q1
https://openalex.org/W2053376760,0963-8695,Q2
https://openalex.org/W2053409327,0021-8979,Q1
https://openalex.org/W2053419817,0920-5071,Q2
https://openalex.org/W2053440580,0034-6748,Q1
https://openalex.org/W2053495969,1862-6300,Q2
https://openalex.org/W2053501222,0920-5071,Q2
https://openalex.org/W2053505742,0001-4966,Q1
https://openalex.org/W2053529493,0003-6951,Q1
https://openalex.org/W2053553616,1120-1797,Q2
https://openalex.org/W2053610314,0963-8695,Q2
https://openalex.org/W2053638979,0927-7757,-
https://openalex.org/W2053653462,1528-7483,Q1
https://openalex.org/W2053656481,1674-1056,Q3
https://openalex.org/W2053657902,0946-2171,Q1
https://openalex.org/W2053696499,1438-1656,Q1
https://openalex.org/W2053712853,1094-4087,Q1
https://openalex.org/W2053723348,1094-4087,Q1
https://openalex.org/W2053740207,0927-7765,Q2
https://openalex.org/W2053741940,0925-9635,Q1
https://openalex.org/W2053798351,0735-1933,Q1
https://openalex.org/W2053800620,0267-0836,Q2
https://openalex.org/W2053801130,0267-0836,Q2
https://openalex.org/W2053804197,0953-2048,Q1
https://openalex.org/W2053823839,0370-1972,Q2
https://openalex.org/W2053841120,0143-8166,Q2
https://openalex.org/W2053856827,0964-1726,Q1
https://openalex.org/W2053898768,0003-6951,Q1
https://openalex.org/W2053908027,0168-583X,Q2
https://openalex.org/W2053913428,0022-0248,Q1
https://openalex.org/W2053922224,0043-1648,Q1
https://openalex.org/W2053962158,0885-3010,Q1
https://openalex.org/W2053963295,0029-5515,Q1
https://openalex.org/W2053964423,0896-8446,Q1
https://openalex.org/W2053968637,0022-3131,Q3
https://openalex.org/W2053982619,1674-1056,Q3
https://openalex.org/W2054011611,0921-5093,Q1
https://openalex.org/W2054058647,1748-3387,Q1
https://openalex.org/W2054061473,0957-4522,Q2
https://openalex.org/W2054098152,0168-9002,Q1
https://openalex.org/W2054124604,1388-6150,Q2
https://openalex.org/W2054161369,0921-5093,Q1
https://openalex.org/W2054205427,0022-0248,Q1
https://openalex.org/W2054239557,0021-8979,Q1
https://openalex.org/W2054249029,0039-6028,Q1
https://openalex.org/W2054280315,0146-9592,Q1
https://openalex.org/W2054297551,0022-1481,Q1
https://openalex.org/W2054317314,1063-7826,Q3
https://openalex.org/W2054344859,0003-6951,Q1
https://openalex.org/W2054356667,0022-3115,Q2
https://openalex.org/W2054404809,0254-0584,Q2
https://openalex.org/W2054412418,0003-6951,Q1
https://openalex.org/W2054418747,0360-3199,Q1
https://openalex.org/W2054433910,0040-6090,Q2
https://openalex.org/W2054435408,1612-8850,Q2
https://openalex.org/W2054484871,1064-8887,Q3
https://openalex.org/W2054498162,0015-0193,Q3
https://openalex.org/W2054510999,1063-7729,Q3
https://openalex.org/W2054515527,0927-7765,Q2
https://openalex.org/W2054523667,0963-8695,Q2
https://openalex.org/W2054525479,1063-7850,Q4
https://openalex.org/W2054538603,0735-1933,Q1
https://openalex.org/W2054606986,0963-8695,Q2
https://openalex.org/W2054608735,0256-307X,Q2
https://openalex.org/W2054672170,0168-9002,Q1
https://openalex.org/W2054685334,1463-9076,Q1
https://openalex.org/W2054688732,0928-4931,Q2
https://openalex.org/W2054712697,1359-6462,Q1
https://openalex.org/W2054727545,1003-6326,Q3
https://openalex.org/W2054760353,0040-6090,Q2
https://openalex.org/W2054776697,0021-4922,Q2
https://openalex.org/W2054794126,0921-5093,Q1
https://openalex.org/W2054887377,1356-5362,Q4
https://openalex.org/W2054906558,0040-6090,Q2
https://openalex.org/W2054957331,1068-820X,Q4
https://openalex.org/W2054957536,0937-9347,Q2
https://openalex.org/W2054982125,0167-9317,Q2
https://openalex.org/W2054987488,0146-9592,Q1
https://openalex.org/W2055013093,0921-5107,Q2
https://openalex.org/W2055038454,0003-6951,Q1
https://openalex.org/W2055055002,0022-0248,Q1
https://openalex.org/W2055060496,0169-4332,-
https://openalex.org/W2055065097,0040-6090,Q2
https://openalex.org/W2055073299,0040-6090,Q2
https://openalex.org/W2055085782,0921-5107,Q2
https://openalex.org/W2055124100,0040-6090,Q2
https://openalex.org/W2055132460,0928-4931,Q2
https://openalex.org/W2055164777,0034-6748,Q1
https://openalex.org/W2055166285,0969-8043,Q2
https://openalex.org/W2055179482,0003-6951,Q1
https://openalex.org/W2055220898,1349-2543,Q3
https://openalex.org/W2055222736,1290-0729,Q1
https://openalex.org/W2055225568,1531-1309,Q1
https://openalex.org/W2055242283,0924-4247,Q1
https://openalex.org/W2055271178,0011-2275,Q3
https://openalex.org/W2055275835,1003-6326,Q3
https://openalex.org/W2055302403,0969-8043,Q2
https://openalex.org/W2055305766,1674-4926,-
https://openalex.org/W2055356046,0034-6748,Q1
https://openalex.org/W2055356595,0003-682X,Q1
https://openalex.org/W2055360417,0146-9592,Q1
https://openalex.org/W2055374393,1387-1811,Q1
https://openalex.org/W2055375718,0003-6951,Q1
https://openalex.org/W2055381204,0217-9849,Q3
https://openalex.org/W2055392745,0301-679X,Q1
https://openalex.org/W2055403305,0885-3010,Q1
https://openalex.org/W2055413364,0953-2048,Q1
https://openalex.org/W2055424521,0925-4005,Q1
https://openalex.org/W2055450579,0921-4526,Q2
https://openalex.org/W2055451169,1094-4087,Q1
https://openalex.org/W2055452741,0022-2313,Q1
https://openalex.org/W2055468683,0921-5093,Q1
https://openalex.org/W2055478189,1003-6326,Q3
https://openalex.org/W2055497831,0168-9002,Q1
https://openalex.org/W2055542069,0010-5082,Q3
https://openalex.org/W2055560542,0924-2716,Q1
https://openalex.org/W2055566409,0169-4332,-
https://openalex.org/W2055579827,0011-2275,Q3
https://openalex.org/W2055593700,0937-9347,Q2
https://openalex.org/W2055604393,1612-8850,Q2
https://openalex.org/W2055608534,0379-6779,Q2
https://openalex.org/W2055616738,0029-5493,Q2
https://openalex.org/W2055620319,0042-207X,Q2
https://openalex.org/W2055626255,0003-6951,Q1
https://openalex.org/W2055644137,0379-6779,Q2
https://openalex.org/W2055645063,0018-9197,Q1
https://openalex.org/W2055665769,0040-6090,Q2
https://openalex.org/W2055669733,0254-0584,Q2
https://openalex.org/W2055686371,1598-9623,Q2
https://openalex.org/W2055699419,0167-9317,Q2
https://openalex.org/W2055700352,1063-7745,Q4
https://openalex.org/W2055713032,0168-9002,Q1
https://openalex.org/W2055758414,0141-3910,Q1
https://openalex.org/W2055766185,0360-3199,Q1
https://openalex.org/W2055809269,0257-8972,Q1
https://openalex.org/W2055823328,1050-2947,Q1
https://openalex.org/W2055833094,1001-0521,Q3
https://openalex.org/W2055834108,0969-806X,Q2
https://openalex.org/W2055840105,0030-4026,Q4
https://openalex.org/W2055855205,0257-8972,Q1
https://openalex.org/W2055859629,0020-7608,Q2
https://openalex.org/W2055860941,0256-307X,Q2
https://openalex.org/W2055862331,1098-4402,Q1
https://openalex.org/W2055887402,0043-1648,Q1
https://openalex.org/W2055896598,1386-9477,Q2
https://openalex.org/W2055898540,0022-3115,Q2
https://openalex.org/W2055902001,0921-4526,Q2
https://openalex.org/W2055957593,1466-8033,Q1
https://openalex.org/W2055975791,1388-6150,Q2
https://openalex.org/W2055984769,0921-5093,Q1
https://openalex.org/W2056022452,0254-0584,Q2
https://openalex.org/W2056038036,0921-4534,Q3
https://openalex.org/W2056049760,0009-2614,Q1
https://openalex.org/W2056055764,1062-0125,Q4
https://openalex.org/W2056070099,0030-3992,Q2
https://openalex.org/W2056070504,0021-8979,Q1
https://openalex.org/W2056092157,0360-3199,Q1
https://openalex.org/W2056095525,0360-3016,Q1
https://openalex.org/W2056131429,0304-8853,Q2
https://openalex.org/W2056193398,0003-6951,Q1
https://openalex.org/W2056213172,1527-3342,Q3
https://openalex.org/W2056223370,0146-8030,Q3
https://openalex.org/W2056237416,0925-4005,Q1
https://openalex.org/W2056273369,0304-8853,Q2
https://openalex.org/W2056320504,0004-6280,Q1
https://openalex.org/W2056346512,1070-664X,Q1
https://openalex.org/W2056397950,0025-5408,Q2
https://openalex.org/W2056413513,0031-9007,Q1
https://openalex.org/W2056420886,0030-4026,Q4
https://openalex.org/W2056423019,1022-1352,Q1
https://openalex.org/W2056429503,0039-6028,Q1
https://openalex.org/W2056434898,0169-4332,-
https://openalex.org/W2056440060,0040-6090,Q2
https://openalex.org/W2056446567,0022-2313,Q1
https://openalex.org/W2056453516,0022-460X,Q1
https://openalex.org/W2056465515,1612-2011,Q1
https://openalex.org/W2056476589,0969-8043,Q2
https://openalex.org/W2056481949,0167-9317,Q2
https://openalex.org/W2056519444,0001-4966,Q1
https://openalex.org/W2056535374,0030-4026,Q4
https://openalex.org/W2056567687,0017-9310,Q1
https://openalex.org/W2056578175,0257-8972,Q1
https://openalex.org/W2056587349,0021-8979,Q1
https://openalex.org/W2056617527,0168-9002,Q1
https://openalex.org/W2056638470,0003-6951,Q1
https://openalex.org/W2056675885,0003-6951,Q1
https://openalex.org/W2056688812,0022-3727,Q1
https://openalex.org/W2056692998,1094-4087,Q1
https://openalex.org/W2056698981,0920-5071,Q2
https://openalex.org/W2056718674,0924-4247,Q1
https://openalex.org/W2056720354,0921-4526,Q2
https://openalex.org/W2056729952,0003-6951,Q1
https://openalex.org/W2056771780,0022-3115,Q2
https://openalex.org/W2056778501,0992-7689,Q2
https://openalex.org/W2056779411,0895-2477,Q3
https://openalex.org/W2056791202,1567-1739,Q2
https://openalex.org/W2056827097,1866-6892,Q3
https://openalex.org/W2056831632,0584-8547,Q1
https://openalex.org/W2056840927,0584-8547,Q1
https://openalex.org/W2056843359,0030-4018,Q1
https://openalex.org/W2056846547,0149-5739,Q2
https://openalex.org/W2056857712,1674-1056,Q3
https://openalex.org/W2056861061,0921-4534,Q3
https://openalex.org/W2056874474,0167-9317,Q2
https://openalex.org/W2056880005,0029-5493,Q2
https://openalex.org/W2056881071,0895-2477,Q3
https://openalex.org/W2056918901,0921-5093,Q1
https://openalex.org/W2056948894,0003-6951,Q1
https://openalex.org/W2056953384,0304-8853,Q2
https://openalex.org/W2056961587,1424-8220,Q2
https://openalex.org/W2056998954,0170-0839,Q2
https://openalex.org/W2057021211,1094-4087,Q1
https://openalex.org/W2057025074,1674-4926,-
https://openalex.org/W2057027117,0925-4005,Q1
https://openalex.org/W2057047268,0895-2477,Q3
https://openalex.org/W2057057564,1110-662X,Q3
https://openalex.org/W2057149097,0969-806X,Q2
https://openalex.org/W2057159447,0038-1101,Q2
https://openalex.org/W2057185139,1003-6326,Q3
https://openalex.org/W2057192974,0953-2048,Q1
https://openalex.org/W2057206388,0257-8972,Q1
https://openalex.org/W2057208657,0268-1242,Q2
https://openalex.org/W2057233863,0239-7528,Q3
https://openalex.org/W2057242477,1350-4487,Q2
https://openalex.org/W2057252602,0921-4534,Q3
https://openalex.org/W2057265432,0141-3910,Q1
https://openalex.org/W2057279156,0957-4522,Q2
https://openalex.org/W2057284000,0040-6031,Q1
https://openalex.org/W2057313546,1862-5282,Q3
https://openalex.org/W2057358078,0584-8547,Q1
https://openalex.org/W2057382571,1674-4926,-
https://openalex.org/W2057426059,0921-5093,Q1
https://openalex.org/W2057430371,1048-9002,Q1
https://openalex.org/W2057441575,0014-3057,Q1
https://openalex.org/W2057483544,0040-6090,Q2
https://openalex.org/W2057488286,0031-9120,Q3
https://openalex.org/W2057497754,0360-3199,Q1
https://openalex.org/W2057519455,0030-4018,Q1
https://openalex.org/W2057549854,0927-0256,Q2
https://openalex.org/W2057573515,0304-8853,Q2
https://openalex.org/W2057601846,1388-6150,Q2
https://openalex.org/W2057606453,0924-4247,Q1
https://openalex.org/W2057608779,0360-3199,Q1
https://openalex.org/W2057618744,1083-3668,Q1
https://openalex.org/W2057626950,0168-9002,Q1
https://openalex.org/W2057634220,0928-4931,Q2
https://openalex.org/W2057659450,0021-8936,Q1
https://openalex.org/W2057682735,0928-0707,Q2
https://openalex.org/W2057696752,1424-8220,Q2
https://openalex.org/W2057734842,0026-2714,Q2
https://openalex.org/W2057746486,0304-8853,Q2
https://openalex.org/W2057748907,0022-3115,Q2
https://openalex.org/W2057758767,0301-679X,Q1
https://openalex.org/W2057769093,0950-0340,Q2
https://openalex.org/W2057787833,0267-0836,Q2
https://openalex.org/W2057878422,1936-0851,Q1
https://openalex.org/W2057899803,0013-4651,Q1
https://openalex.org/W2057902635,0021-8979,Q1
https://openalex.org/W2057915895,1612-2011,Q1
https://openalex.org/W2057925694,1094-4087,Q1
https://openalex.org/W2057942868,0040-6090,Q2
https://openalex.org/W2057952842,0921-4526,Q2
https://openalex.org/W2057959784,0167-577X,Q1
https://openalex.org/W2057985167,0003-6951,Q1
https://openalex.org/W2057989924,1476-1122,Q1
https://openalex.org/W2058009119,0957-0233,Q1
https://openalex.org/W2058055956,0091-3286,Q2
https://openalex.org/W2058065238,0040-6090,Q2
https://openalex.org/W2058073626,0734-2101,Q2
https://openalex.org/W2058074466,0026-2714,Q2
https://openalex.org/W2058084879,0969-806X,Q2
https://openalex.org/W2058111437,0168-583X,Q2
https://openalex.org/W2058125736,0001-4966,Q1
https://openalex.org/W2058144491,0924-4247,Q1
https://openalex.org/W2058200541,0257-8972,Q1
https://openalex.org/W2058214689,0167-577X,Q1
https://openalex.org/W2058221085,0168-9002,Q1
https://openalex.org/W2058228948,1386-1425,Q2
https://openalex.org/W2058234339,0301-679X,Q1
https://openalex.org/W2058236013,0921-4526,Q2
https://openalex.org/W2058256644,0040-6090,Q2
https://openalex.org/W2058257298,1388-6150,Q2
https://openalex.org/W2058262751,0003-6951,Q1
https://openalex.org/W2058286525,0030-4018,Q1
https://openalex.org/W2058286838,1350-4495,Q2
https://openalex.org/W2058308359,0969-8043,Q2
https://openalex.org/W2058317512,0921-4526,Q2
https://openalex.org/W2058329417,1063-7834,Q4
https://openalex.org/W2058342878,0003-6951,Q1
https://openalex.org/W2058356150,0925-4005,Q1
https://openalex.org/W2058384785,0021-4922,Q2
https://openalex.org/W2058386651,0168-583X,Q2
https://openalex.org/W2058421742,0014-3057,Q1
https://openalex.org/W2058426014,0969-8043,Q2
https://openalex.org/W2058426506,0969-806X,Q2
https://openalex.org/W2058437336,1674-4926,-
https://openalex.org/W2058465139,0957-4522,Q2
https://openalex.org/W2058485845,0895-2477,Q3
https://openalex.org/W2058497986,1386-9477,Q2
https://openalex.org/W2058513175,1348-0391,Q3
https://openalex.org/W2058517036,0168-583X,Q2
https://openalex.org/W2058520761,0167-577X,Q1
https://openalex.org/W2058574940,0030-400X,Q4
https://openalex.org/W2058595060,1572-9575,Q3
https://openalex.org/W2058597428,0263-2241,Q3
https://openalex.org/W2058605939,1063-7850,Q4
https://openalex.org/W2058641711,1003-6326,Q3
https://openalex.org/W2058644479,1388-6150,Q2
https://openalex.org/W2058649880,1567-1739,Q2
https://openalex.org/W2058651648,1432-8488,Q2
https://openalex.org/W2058670645,0963-0252,Q1
https://openalex.org/W2058706741,0969-8043,Q2
https://openalex.org/W2058712722,1742-5468,Q3
https://openalex.org/W2058713292,0304-3886,Q2
https://openalex.org/W2058727696,1063-7869,Q2
https://openalex.org/W2058727928,0021-8979,Q1
https://openalex.org/W2058735845,1388-6150,Q2
https://openalex.org/W2058748061,0034-6748,Q1
https://openalex.org/W2058756881,0953-2048,Q1
https://openalex.org/W2058768022,1359-6462,Q1
https://openalex.org/W2058778083,0169-4332,-
https://openalex.org/W2058789380,0022-0248,Q1
https://openalex.org/W2058813178,0301-5629,Q1
https://openalex.org/W2058821308,0921-4526,Q2
https://openalex.org/W2058842221,1424-8220,Q2
https://openalex.org/W2058885379,1366-8781,Q3
https://openalex.org/W2058893488,1424-8220,Q2
https://openalex.org/W2058897034,0043-1648,Q1
https://openalex.org/W2058932050,1094-4087,Q1
https://openalex.org/W2058962955,0957-0233,Q1
https://openalex.org/W2058971340,0022-3727,Q1
https://openalex.org/W2058977882,1567-1739,Q2
https://openalex.org/W2059013417,0895-2477,Q3
https://openalex.org/W2059024703,0103-9733,Q3
https://openalex.org/W2059047016,0022-3093,Q2
https://openalex.org/W2059064614,0921-5093,Q1
https://openalex.org/W2059065350,0934-0866,Q3
https://openalex.org/W2059075924,0921-5093,Q1
https://openalex.org/W2059095065,0167-7322,Q2
https://openalex.org/W2059099067,0925-4005,Q1
https://openalex.org/W2059199993,0042-207X,Q2
https://openalex.org/W2059225820,0969-806X,Q2
https://openalex.org/W2059238870,0920-5071,Q2
https://openalex.org/W2059242013,0022-3115,Q2
https://openalex.org/W2059249646,0020-7608,Q2
https://openalex.org/W2059258688,0029-5493,Q2
https://openalex.org/W2059282498,1077-260X,Q1
https://openalex.org/W2059342960,0379-6779,Q2
https://openalex.org/W2059351788,1062-8738,Q4
https://openalex.org/W2059354965,0924-4247,Q1
https://openalex.org/W2059369291,0015-0193,Q3
https://openalex.org/W2059379656,0195-928X,Q3
https://openalex.org/W2059382880,0146-6410,Q1
https://openalex.org/W2059407095,0924-4247,Q1
https://openalex.org/W2059409411,0040-6090,Q2
https://openalex.org/W2059423969,1388-6150,Q2
https://openalex.org/W2059430501,1009-0630,Q4
https://openalex.org/W2059438525,0254-0584,Q2
https://openalex.org/W2059439381,0021-4922,Q2
https://openalex.org/W2059449137,0025-5408,Q2
https://openalex.org/W2059459719,0170-0839,Q2
https://openalex.org/W2059483986,1768-6733,Q4
https://openalex.org/W2059532898,0921-5093,Q1
https://openalex.org/W2059572708,0045-7825,Q1
https://openalex.org/W2059585269,0254-0584,Q2
https://openalex.org/W2059585859,0169-4332,-
https://openalex.org/W2059587742,0304-8853,Q2
https://openalex.org/W2059590783,1068-5200,-
https://openalex.org/W2059597247,1674-4926,-
https://openalex.org/W2059628334,0022-0248,Q1
https://openalex.org/W2059630687,0969-8043,Q2
https://openalex.org/W2059631481,1059-910X,Q1
https://openalex.org/W2059639360,0021-8979,Q1
https://openalex.org/W2059647589,0022-3727,Q1
https://openalex.org/W2059652894,0254-0584,Q2
https://openalex.org/W2059666208,0038-1101,Q2
https://openalex.org/W2059670896,1286-0042,Q2
https://openalex.org/W2059679081,0003-6951,Q1
https://openalex.org/W2059713792,0021-4922,Q2
https://openalex.org/W2059714459,0957-0233,Q1
https://openalex.org/W2059715250,1748-3387,Q1
https://openalex.org/W2059728942,0169-4332,-
https://openalex.org/W2059743359,0167-577X,Q1
https://openalex.org/W2059747007,0021-4922,Q2
https://openalex.org/W2059756492,0168-9002,Q1
https://openalex.org/W2059765945,0168-9002,Q1
https://openalex.org/W2059778805,0040-6090,Q2
https://openalex.org/W2059784847,0168-583X,Q2
https://openalex.org/W2059785720,1023-8883,Q2
https://openalex.org/W2059794598,1094-4087,Q1
https://openalex.org/W2059801845,0895-2477,Q3
https://openalex.org/W2059814516,1003-6326,Q3
https://openalex.org/W2059817274,0953-8984,Q1
https://openalex.org/W2059833339,0038-1101,Q2
https://openalex.org/W2059833498,1003-6326,Q3
https://openalex.org/W2059848157,0026-2714,Q2
https://openalex.org/W2059856203,0021-8979,Q1
https://openalex.org/W2059863008,0021-8979,Q1
https://openalex.org/W2059876895,0167-9317,Q2
https://openalex.org/W2059885388,0031-9007,Q1
https://openalex.org/W2059894398,0955-5986,Q2
https://openalex.org/W2059904171,0003-6951,Q1
https://openalex.org/W2059921542,1071-0922,Q2
https://openalex.org/W2059926029,1340-6000,Q3
https://openalex.org/W2059967440,1073-5615,Q1
https://openalex.org/W2060024961,0267-0836,Q2
https://openalex.org/W2060038096,0003-6951,Q1
https://openalex.org/W2060056252,0263-2241,Q3
https://openalex.org/W2060063156,0969-806X,Q2
https://openalex.org/W2060066802,0267-0844,Q3
https://openalex.org/W2060067779,0043-1648,Q1
https://openalex.org/W2060070155,0021-4922,Q2
https://openalex.org/W2060086321,0964-1726,Q1
https://openalex.org/W2060095090,0002-9505,Q2
https://openalex.org/W2060097115,0003-6951,Q1
https://openalex.org/W2060100912,0304-8853,Q2
https://openalex.org/W2060144078,0177-7963,Q3
https://openalex.org/W2060188929,0301-679X,Q1
https://openalex.org/W2060214662,0361-5235,Q2
https://openalex.org/W2060247302,0969-806X,Q2
https://openalex.org/W2060253568,0360-3199,Q1
https://openalex.org/W2060254782,0925-4005,Q1
https://openalex.org/W2060255570,0029-5515,Q1
https://openalex.org/W2060267537,0022-3093,Q2
https://openalex.org/W2060278426,0257-8972,Q1
https://openalex.org/W2060291707,1863-8880,Q1
https://openalex.org/W2060294425,0021-4922,Q2
https://openalex.org/W2060311655,0022-3727,Q1
https://openalex.org/W2060312913,0003-6951,Q1
https://openalex.org/W2060335835,0267-0844,Q3
https://openalex.org/W2060339946,0003-6951,Q1
https://openalex.org/W2060350715,0257-8972,Q1
https://openalex.org/W2060359761,0146-9592,Q1
https://openalex.org/W2060366184,0022-460X,Q1
https://openalex.org/W2060396574,0022-3697,Q2
https://openalex.org/W2060411209,0022-3093,Q2
https://openalex.org/W2060469649,1424-8220,Q2
https://openalex.org/W2060554072,0038-1101,Q2
https://openalex.org/W2060568375,1094-4087,Q1
https://openalex.org/W2060616443,0030-3992,Q2
https://openalex.org/W2060621643,0146-9592,Q1
https://openalex.org/W2060634323,0929-5607,Q2
https://openalex.org/W2060639662,0273-1177,-
https://openalex.org/W2060754151,0022-3115,Q2
https://openalex.org/W2060782423,0743-7463,Q1
https://openalex.org/W2060817885,0883-7694,Q1
https://openalex.org/W2060896356,1424-8220,Q2
https://openalex.org/W2060937770,1068-1302,Q3
https://openalex.org/W2060942122,0030-400X,Q4
https://openalex.org/W2060949621,0040-6090,Q2
https://openalex.org/W2060952860,0003-6951,Q1
https://openalex.org/W2060953192,0021-4922,Q2
https://openalex.org/W2060953613,1932-5150,Q3
https://openalex.org/W2060968998,1598-9623,Q2
https://openalex.org/W2060971004,0925-3467,Q1
https://openalex.org/W2060984342,1424-8220,Q2
https://openalex.org/W2060996984,1951-6355,Q2
https://openalex.org/W2061025206,0168-9002,Q1
https://openalex.org/W2061035498,0969-806X,Q2
https://openalex.org/W2061052927,0022-460X,Q1
https://openalex.org/W2061065039,0361-5235,Q2
https://openalex.org/W2061103517,1348-0391,Q3
https://openalex.org/W2061107733,0257-8972,Q1
https://openalex.org/W2061119860,0267-0836,Q2
https://openalex.org/W2061131567,0924-4247,Q1
https://openalex.org/W2061154875,0257-8972,Q1
https://openalex.org/W2061164861,0034-6748,Q1
https://openalex.org/W2061177872,0022-0248,Q1
https://openalex.org/W2061179290,0169-4332,-
https://openalex.org/W2061194774,0191-5665,Q3
https://openalex.org/W2061201625,1073-5623,Q1
https://openalex.org/W2061216910,0167-9317,Q2
https://openalex.org/W2061217231,0021-4922,Q2
https://openalex.org/W2061247536,0022-3115,Q2
https://openalex.org/W2061258400,1003-6326,Q3
https://openalex.org/W2061272596,0003-6951,Q1
https://openalex.org/W2061289544,1003-6326,Q3
https://openalex.org/W2061297626,1386-1425,Q2
https://openalex.org/W2061318041,1951-6355,Q2
https://openalex.org/W2061319838,0021-4922,Q2
https://openalex.org/W2061323138,0168-9002,Q1
https://openalex.org/W2061345200,1094-4087,Q1
https://openalex.org/W2061351471,0168-9002,Q1
https://openalex.org/W2061358082,0004-6256,Q1
https://openalex.org/W2061358347,0040-6090,Q2
https://openalex.org/W2061406737,0026-2714,Q2
https://openalex.org/W2061467495,0895-2477,Q3
https://openalex.org/W2061515462,1598-9623,Q2
https://openalex.org/W2061515941,0304-8853,Q2
https://openalex.org/W2061521169,0026-2714,Q2
https://openalex.org/W2061554613,1613-4982,Q1
https://openalex.org/W2061581943,0141-3910,Q1
https://openalex.org/W2061599988,0168-9002,Q1
https://openalex.org/W2061633194,0167-2738,Q1
https://openalex.org/W2061674319,0957-4522,Q2
https://openalex.org/W2061685188,0256-307X,Q2
https://openalex.org/W2061688648,0360-3199,Q1
https://openalex.org/W2061688733,1387-974X,Q3
https://openalex.org/W2061710361,0167-9295,Q3
https://openalex.org/W2061711364,1054-660X,Q3
https://openalex.org/W2061734918,1364-7830,Q1
https://openalex.org/W2061735219,0022-3697,Q2
https://openalex.org/W2061737966,0920-5071,Q2
https://openalex.org/W2061804339,1003-6326,Q3
https://openalex.org/W2061820058,0169-4332,-
https://openalex.org/W2061829082,1536-5379,Q2
https://openalex.org/W2061845986,0040-6090,Q2
https://openalex.org/W2061878498,1059-9630,Q2
https://openalex.org/W2061889399,0169-4332,-
https://openalex.org/W2061907183,1054-660X,Q3
https://openalex.org/W2061913018,0169-4332,-
https://openalex.org/W2061934708,0167-9317,Q2
https://openalex.org/W2061946384,0925-3467,Q1
https://openalex.org/W2061961997,1054-660X,Q3
https://openalex.org/W2062002669,1061-9208,Q1
https://openalex.org/W2062012234,0924-4247,Q1
https://openalex.org/W2062071398,1864-063X,Q2
https://openalex.org/W2062075964,1063-7834,Q4
https://openalex.org/W2062083050,0955-5986,Q2
https://openalex.org/W2062095121,1386-1425,Q2
https://openalex.org/W2062123367,0168-583X,Q2
https://openalex.org/W2062136894,0921-5107,Q2
https://openalex.org/W2062139290,1290-0729,Q1
https://openalex.org/W2062151369,1388-6150,Q2
https://openalex.org/W2062156098,0022-3115,Q2
https://openalex.org/W2062157541,0925-9635,Q1
https://openalex.org/W2062166435,0146-9592,Q1
https://openalex.org/W2062168722,0169-4332,-
https://openalex.org/W2062178710,0920-5071,Q2
https://openalex.org/W2062182874,0257-8972,Q1
https://openalex.org/W2062186733,0002-9505,Q2
https://openalex.org/W2062270296,0584-8547,Q1
https://openalex.org/W2062273967,1001-6058,Q3
https://openalex.org/W2062303366,1674-1056,Q3
https://openalex.org/W2062311267,1001-6058,Q3
https://openalex.org/W2062339561,0909-0495,Q1
https://openalex.org/W2062369313,0022-0248,Q1
https://openalex.org/W2062391186,0167-9317,Q2
https://openalex.org/W2062403587,1546-542X,Q2
https://openalex.org/W2062454017,0022-2313,Q1
https://openalex.org/W2062457457,0267-0836,Q2
https://openalex.org/W2062492964,0034-6748,Q1
https://openalex.org/W2062516807,0040-6090,Q2
https://openalex.org/W2062536452,0170-0839,Q2
https://openalex.org/W2062555309,1359-6462,Q1
https://openalex.org/W2062555977,0257-8972,Q1
https://openalex.org/W2062581908,1528-7483,Q1
https://openalex.org/W2062582295,0301-679X,Q1
https://openalex.org/W2062600975,0360-3199,Q1
https://openalex.org/W2062608939,0020-7608,Q2
https://openalex.org/W2062610748,1424-8220,Q2
https://openalex.org/W2062618323,0021-4922,Q2
https://openalex.org/W2062640901,0946-7076,Q2
https://openalex.org/W2062643180,0022-2313,Q1
https://openalex.org/W2062666681,0169-4332,-
https://openalex.org/W2062682074,0003-6951,Q1
https://openalex.org/W2062712646,1565-1339,Q1
https://openalex.org/W2062720878,1066-7857,Q4
https://openalex.org/W2062724857,1366-8781,Q3
https://openalex.org/W2062750363,0015-9018,Q2
https://openalex.org/W2062796202,0141-3910,Q1
https://openalex.org/W2062797682,1001-6058,Q3
https://openalex.org/W2062803479,0169-4332,-
https://openalex.org/W2062834074,1674-1056,Q3
https://openalex.org/W2062840241,0167-9295,Q3
https://openalex.org/W2062849137,0928-0707,Q2
https://openalex.org/W2062853589,0021-4922,Q2
https://openalex.org/W2062860694,0921-5093,Q1
https://openalex.org/W2062861518,0021-8979,Q1
https://openalex.org/W2062864638,0379-6779,Q2
https://openalex.org/W2062889099,0895-2477,Q3
https://openalex.org/W2062917324,0924-2716,Q1
https://openalex.org/W2062920411,0168-9002,Q1
https://openalex.org/W2062929444,0969-8043,Q2
https://openalex.org/W2062949741,0924-4247,Q1
https://openalex.org/W2062958165,1094-4087,Q1
https://openalex.org/W2062960253,0921-5107,Q2
https://openalex.org/W2062979675,0003-7028,Q2
https://openalex.org/W2062982653,1003-6326,Q3
https://openalex.org/W2062992182,0920-5071,Q2
https://openalex.org/W2062992878,0256-307X,Q2
https://openalex.org/W2062994334,0924-4247,Q1
https://openalex.org/W2063009303,0146-8030,Q3
https://openalex.org/W2063016329,0040-6090,Q2
https://openalex.org/W2063026624,0946-7076,Q2
https://openalex.org/W2063027757,1003-6326,Q3
https://openalex.org/W2063049122,1348-6535,Q2
https://openalex.org/W2063054397,1388-6150,Q2
https://openalex.org/W2063114096,0257-8972,Q1
https://openalex.org/W2063139385,0021-4922,Q2
https://openalex.org/W2063158310,0021-8979,Q1
https://openalex.org/W2063190423,0925-9635,Q1
https://openalex.org/W2063208211,0295-5075,Q1
https://openalex.org/W2063230823,0040-6090,Q2
https://openalex.org/W2063247984,0022-3115,Q2
https://openalex.org/W2063256803,0928-4931,Q2
https://openalex.org/W2063259383,1866-6892,Q3
https://openalex.org/W2063259878,1350-4177,Q1
https://openalex.org/W2063274978,0169-4332,-
https://openalex.org/W2063277795,0923-2958,Q2
https://openalex.org/W2063278583,0273-1177,-
https://openalex.org/W2063283259,0969-806X,Q2
https://openalex.org/W2063288466,0928-4931,Q2
https://openalex.org/W2063299647,0928-4931,Q2
https://openalex.org/W2063300508,0040-6090,Q2
https://openalex.org/W2063313035,0736-2501,Q2
https://openalex.org/W2063329147,0723-4864,Q1
https://openalex.org/W2063350695,1751-8822,Q3
https://openalex.org/W2063351564,0021-8979,Q1
https://openalex.org/W2063351715,0022-2313,Q1
https://openalex.org/W2063362151,0263-2241,Q3
https://openalex.org/W2063371608,1674-1056,Q3
https://openalex.org/W2063381573,1528-7483,Q1
https://openalex.org/W2063383290,0584-8547,Q1
https://openalex.org/W2063383450,0894-0886,-
https://openalex.org/W2063395309,0022-3093,Q2
https://openalex.org/W2063397007,0167-8442,Q2
https://openalex.org/W2063404029,0957-0233,Q1
https://openalex.org/W2063405968,0924-4247,Q1
https://openalex.org/W2063413791,0957-0233,Q1
https://openalex.org/W2063414703,0969-8043,Q2
https://openalex.org/W2063418208,0960-0779,-
https://openalex.org/W2063423873,0925-3467,Q1
https://openalex.org/W2063428289,0254-0584,Q2
https://openalex.org/W2063434401,0030-3992,Q2
https://openalex.org/W2063443993,0022-4596,Q1
https://openalex.org/W2063452672,0030-4026,Q4
https://openalex.org/W2063467157,1042-346X,Q2
https://openalex.org/W2063484577,0167-577X,Q1
https://openalex.org/W2063494982,0017-9310,Q1
https://openalex.org/W2063529899,1058-9759,Q4
https://openalex.org/W2063531929,0925-4005,Q1
https://openalex.org/W2063558632,1098-0121,Q1
https://openalex.org/W2063575144,0254-0584,Q2
https://openalex.org/W2063575191,1094-4087,Q1
https://openalex.org/W2063578098,0030-3992,Q2
https://openalex.org/W2063583375,0029-5515,Q1
https://openalex.org/W2063592120,0041-624X,Q1
https://openalex.org/W2063615402,0020-7608,Q2
https://openalex.org/W2063643440,1388-6150,Q2
https://openalex.org/W2063653993,0043-1648,Q1
https://openalex.org/W2063664064,0022-3115,Q2
https://openalex.org/W2063685754,0968-4328,-
https://openalex.org/W2063717063,1099-2871,Q4
https://openalex.org/W2063720911,0268-1242,Q2
https://openalex.org/W2063735737,1671-7694,Q2
https://openalex.org/W2063746099,0168-9002,Q1
https://openalex.org/W2063749588,1951-6355,Q2
https://openalex.org/W2063773158,1744-683X,Q1
https://openalex.org/W2063813291,0735-1933,Q1
https://openalex.org/W2063815212,0022-3115,Q2
https://openalex.org/W2063821048,0003-6951,Q1
https://openalex.org/W2063864766,0969-806X,Q2
https://openalex.org/W2063869288,1094-4087,Q1
https://openalex.org/W2063882146,0921-4526,Q2
https://openalex.org/W2063902642,0169-4332,-
https://openalex.org/W2063914147,0957-4522,Q2
https://openalex.org/W2063920462,0001-4966,Q1
https://openalex.org/W2063982705,0304-4289,Q4
https://openalex.org/W2064028569,1951-6355,Q2
https://openalex.org/W2064030704,0167-9317,Q2
https://openalex.org/W2064073058,1349-2543,Q3
https://openalex.org/W2064084593,1003-6326,Q3
https://openalex.org/W2064090989,1598-9623,Q2
https://openalex.org/W2064111869,0022-1481,Q1
https://openalex.org/W2064127751,0964-1726,Q1
https://openalex.org/W2064146998,0232-1300,Q3
https://openalex.org/W2064148878,0018-9480,Q1
https://openalex.org/W2064226163,1070-6631,Q1
https://openalex.org/W2064230021,1062-3701,Q3
https://openalex.org/W2064246144,0360-3199,Q1
https://openalex.org/W2064272340,0146-9592,Q1
https://openalex.org/W2064276599,0020-7608,Q2
https://openalex.org/W2064282347,1990-2573,Q2
https://openalex.org/W2064300395,0921-5107,Q2
https://openalex.org/W2064315775,0256-307X,Q2
https://openalex.org/W2064322009,0256-307X,Q2
https://openalex.org/W2064324943,1567-1739,Q2
https://openalex.org/W2064325042,0254-0584,Q2
https://openalex.org/W2064356941,0295-5075,Q1
https://openalex.org/W2064392472,0946-7076,Q2
https://openalex.org/W2064395648,0743-7463,Q1
https://openalex.org/W2064405561,0146-9592,Q1
https://openalex.org/W2064418089,1951-6355,Q2
https://openalex.org/W2064433024,1293-2558,Q2
https://openalex.org/W2064445219,1388-6150,Q2
https://openalex.org/W2064453707,0031-8949,Q3
https://openalex.org/W2064469361,0921-5093,Q1
https://openalex.org/W2064478086,0360-3199,Q1
https://openalex.org/W2064485361,0169-4332,-
https://openalex.org/W2064504769,0742-4787,Q1
https://openalex.org/W2064508484,0141-3910,Q1
https://openalex.org/W2064509740,0003-6951,Q1
https://openalex.org/W2064510059,0964-1726,Q1
https://openalex.org/W2064546915,1063-7737,Q3
https://openalex.org/W2064546972,0168-583X,Q2
https://openalex.org/W2064550737,1862-6300,Q2
https://openalex.org/W2064587895,0924-4247,Q1
https://openalex.org/W2064597923,1866-6892,Q3
https://openalex.org/W2064647203,0022-3727,Q1
https://openalex.org/W2064654191,0921-4526,Q2
https://openalex.org/W2064656911,1388-6150,Q2
https://openalex.org/W2064690652,1424-8220,Q2
https://openalex.org/W2064742319,0360-3199,Q1
https://openalex.org/W2064746750,0010-5082,Q3
https://openalex.org/W2064749020,0170-0839,Q2
https://openalex.org/W2064767292,1350-4487,Q2
https://openalex.org/W2064781196,1003-6326,Q3
https://openalex.org/W2064804818,0925-4005,Q1
https://openalex.org/W2064805644,0587-4246,Q3
https://openalex.org/W2064809311,1674-1056,Q3
https://openalex.org/W2064841960,0169-4332,-
https://openalex.org/W2064847708,1094-4087,Q1
https://openalex.org/W2064863934,1542-1406,Q3
https://openalex.org/W2064883419,0360-3199,Q1
https://openalex.org/W2064899011,1748-3387,Q1
https://openalex.org/W2064910340,1432-8488,Q2
https://openalex.org/W2064913483,1742-5468,Q3
https://openalex.org/W2064930043,0927-7765,Q2
https://openalex.org/W2064954449,0022-3115,Q2
https://openalex.org/W2064987511,0022-4073,Q1
https://openalex.org/W2065016260,1350-4177,Q1
https://openalex.org/W2065028649,0360-3199,Q1
https://openalex.org/W2065032564,1059-910X,Q1
https://openalex.org/W2065035978,0254-0584,Q2
https://openalex.org/W2065044823,0909-0495,Q1
https://openalex.org/W2065058499,1348-0391,Q3
https://openalex.org/W2065073126,0969-8043,Q2
https://openalex.org/W2065087692,0733-8724,Q1
https://openalex.org/W2065092971,1063-7842,Q4
https://openalex.org/W2065107235,1023-8883,Q2
https://openalex.org/W2065116178,0957-0233,Q1
https://openalex.org/W2065125225,0043-1648,Q1
https://openalex.org/W2065187284,0030-4026,Q4
https://openalex.org/W2065192554,1094-4087,Q1
https://openalex.org/W2065218604,1001-6058,Q3
https://openalex.org/W2065222945,0304-8853,Q2
https://openalex.org/W2065239354,0167-9317,Q2
https://openalex.org/W2065257127,0022-3115,Q2
https://openalex.org/W2065302890,0029-5515,Q1
https://openalex.org/W2065321135,0921-5107,Q2
https://openalex.org/W2065338282,0950-0340,Q2
https://openalex.org/W2065355782,0030-3992,Q2
https://openalex.org/W2065375040,1567-1739,Q2
https://openalex.org/W2065394465,0034-6748,Q1
https://openalex.org/W2065400299,0022-0248,Q1
https://openalex.org/W2065411270,0169-4332,-
https://openalex.org/W2065417965,0740-3224,Q1
https://openalex.org/W2065420496,0030-4018,Q1
https://openalex.org/W2065423456,1073-5615,Q1
https://openalex.org/W2065436452,1674-1056,Q3
https://openalex.org/W2065444188,0167-9317,Q2
https://openalex.org/W2065465611,1094-4087,Q1
https://openalex.org/W2065488869,0921-5093,Q1
https://openalex.org/W2065499639,0921-5093,Q1
https://openalex.org/W2065502957,0957-4522,Q2
https://openalex.org/W2065506208,0267-8292,Q2
https://openalex.org/W2065516625,0141-3910,Q1
https://openalex.org/W2065529712,0921-4526,Q2
https://openalex.org/W2065534646,0925-4005,Q1
https://openalex.org/W2065539291,0146-9592,Q1
https://openalex.org/W2065565022,0034-6748,Q1
https://openalex.org/W2065580860,0167-9317,Q2
https://openalex.org/W2065632032,1359-6462,Q1
https://openalex.org/W2065636556,1094-4087,Q1
https://openalex.org/W2065659779,0031-9104,Q3
https://openalex.org/W2065676811,0921-4526,Q2
https://openalex.org/W2065677628,1051-8223,Q3
https://openalex.org/W2065698022,0146-9592,Q1
https://openalex.org/W2065698532,1094-4087,Q1
https://openalex.org/W2065700660,0034-6748,Q1
https://openalex.org/W2065707783,0921-5093,Q1
https://openalex.org/W2065712716,0168-9002,Q1
https://openalex.org/W2065745878,0040-6090,Q2
https://openalex.org/W2065746927,0043-1648,Q1
https://openalex.org/W2065748148,1094-4087,Q1
https://openalex.org/W2065758831,0927-7757,-
https://openalex.org/W2065774501,0169-4332,-
https://openalex.org/W2065781078,0040-6090,Q2
https://openalex.org/W2065784504,1388-0764,Q1
https://openalex.org/W2065804863,0022-4596,Q1
https://openalex.org/W2065816430,0022-3093,Q2
https://openalex.org/W2065827354,0257-8972,Q1
https://openalex.org/W2065838372,1023-8883,Q2
https://openalex.org/W2065839206,0020-4412,Q4
https://openalex.org/W2065849446,0168-9002,Q1
https://openalex.org/W2065881074,0146-9592,Q1
https://openalex.org/W2065887999,0267-0836,Q2
https://openalex.org/W2065902775,0168-583X,Q2
https://openalex.org/W2065910002,0360-3199,Q1
https://openalex.org/W2065943246,0013-4651,Q1
https://openalex.org/W2065974255,0169-4332,-
https://openalex.org/W2065975590,0963-8695,Q2
https://openalex.org/W2065980206,0034-6748,Q1
https://openalex.org/W2066005330,0003-6951,Q1
https://openalex.org/W2066009034,0043-1648,Q1
https://openalex.org/W2066019958,0038-1101,Q2
https://openalex.org/W2066030020,0378-3812,Q1
https://openalex.org/W2066032301,1674-1137,Q4
https://openalex.org/W2066046850,1882-0778,Q1
https://openalex.org/W2066057940,0041-624X,Q1
https://openalex.org/W2066064233,1616-301X,Q1
https://openalex.org/W2066085360,0167-577X,Q1
https://openalex.org/W2066102846,1003-6326,Q3
https://openalex.org/W2066103542,1546-542X,Q2
https://openalex.org/W2066121853,1388-6150,Q2
https://openalex.org/W2066133031,0022-3115,Q2
https://openalex.org/W2066169327,0256-307X,Q2
https://openalex.org/W2066180187,0168-583X,Q2
https://openalex.org/W2066212516,1094-4087,Q1
https://openalex.org/W2066213865,0043-1648,Q1
https://openalex.org/W2066216993,0042-207X,Q2
https://openalex.org/W2066240681,0043-1648,Q1
https://openalex.org/W2066241721,0375-9474,Q1
https://openalex.org/W2066244061,1062-0125,Q4
https://openalex.org/W2066258211,1023-8883,Q2
https://openalex.org/W2066261879,1432-8488,Q2
https://openalex.org/W2066263575,0022-3131,Q3
https://openalex.org/W2066277176,0168-9002,Q1
https://openalex.org/W2066280257,0257-8972,Q1
https://openalex.org/W2066297200,0167-577X,Q1
https://openalex.org/W2066317305,1350-4487,Q2
https://openalex.org/W2066319937,0167-9317,Q2
https://openalex.org/W2066350619,0264-9381,Q1
https://openalex.org/W2066353536,0021-8979,Q1
https://openalex.org/W2066356292,0022-0248,Q1
https://openalex.org/W2066373584,1098-0121,Q1
https://openalex.org/W2066417548,0167-9317,Q2
https://openalex.org/W2066427814,0040-6031,Q1
https://openalex.org/W2066464393,0360-3199,Q1
https://openalex.org/W2066471339,0038-0938,Q1
https://openalex.org/W2066530708,1432-8488,Q2
https://openalex.org/W2066535113,0895-7959,Q2
https://openalex.org/W2066540572,0273-1177,-
https://openalex.org/W2066558935,0167-577X,Q1
https://openalex.org/W2066564396,0928-0707,Q2
https://openalex.org/W2066572252,0957-0233,Q1
https://openalex.org/W2066596534,0040-6090,Q2
https://openalex.org/W2066655190,0022-460X,Q1
https://openalex.org/W2066685510,0927-7765,Q2
https://openalex.org/W2066727808,0010-2180,Q1
https://openalex.org/W2066733044,0963-8695,Q2
https://openalex.org/W2066739245,0167-9317,Q2
https://openalex.org/W2066746909,0034-6748,Q1
https://openalex.org/W2066789633,0957-0233,Q1
https://openalex.org/W2066825939,0003-6951,Q1
https://openalex.org/W2066864530,0167-9317,Q2
https://openalex.org/W2066873177,0020-7683,Q1
https://openalex.org/W2066895255,1050-2947,Q1
https://openalex.org/W2066896725,0022-3093,Q2
https://openalex.org/W2066907048,0360-3016,Q1
https://openalex.org/W2066914257,0217-9849,Q3
https://openalex.org/W2066918089,0167-9317,Q2
https://openalex.org/W2066921057,0743-7463,Q1
https://openalex.org/W2066926943,0925-3467,Q1
https://openalex.org/W2066936736,0021-8979,Q1
https://openalex.org/W2066963621,1612-8850,Q2
https://openalex.org/W2066967375,0003-6951,Q1
https://openalex.org/W2066982908,0268-1242,Q2
https://openalex.org/W2067019454,0003-6951,Q1
https://openalex.org/W2067034393,0043-1648,Q1
https://openalex.org/W2067075332,1349-2543,Q3
https://openalex.org/W2067082423,1063-7761,Q3
https://openalex.org/W2067103545,0169-4332,-
https://openalex.org/W2067110451,0022-3697,Q2
https://openalex.org/W2067134333,0304-8853,Q2
https://openalex.org/W2067151438,1574-1818,Q1
https://openalex.org/W2067155642,0921-5093,Q1
https://openalex.org/W2067164276,0003-6951,Q1
https://openalex.org/W2067192168,0360-3199,Q1
https://openalex.org/W2067219327,0968-4328,-
https://openalex.org/W2067225284,1063-7850,Q4
https://openalex.org/W2067242266,0021-8979,Q1
https://openalex.org/W2067273229,1073-9149,Q3
https://openalex.org/W2067313136,0743-7463,Q1
https://openalex.org/W2067314870,1882-0778,Q1
https://openalex.org/W2067322680,0003-7028,Q2
https://openalex.org/W2067322886,0256-307X,Q2
https://openalex.org/W2067326962,0920-5071,Q2
https://openalex.org/W2067365109,0042-207X,Q2
https://openalex.org/W2067394496,1063-7850,Q4
https://openalex.org/W2067405082,0043-1648,Q1
https://openalex.org/W2067407730,0895-2477,Q3
https://openalex.org/W2067412256,0360-3199,Q1
https://openalex.org/W2067425234,1068-3755,Q4
https://openalex.org/W2067453763,0022-3115,Q2
https://openalex.org/W2067480043,0022-3778,Q3
https://openalex.org/W2067496824,0169-4332,-
https://openalex.org/W2067508817,0141-3910,Q1
https://openalex.org/W2067552755,0167-9317,Q2
https://openalex.org/W2067575738,0969-806X,Q2
https://openalex.org/W2067589632,0030-3992,Q2
https://openalex.org/W2067633513,0514-5163,Q3
https://openalex.org/W2067640621,1063-7850,Q4
https://openalex.org/W2067665302,0742-4787,Q1
https://openalex.org/W2067686743,0169-4332,-
https://openalex.org/W2067694684,0030-4018,Q1
https://openalex.org/W2067701616,0142-2421,Q2
https://openalex.org/W2067757618,0921-5093,Q1
https://openalex.org/W2067780789,0969-8043,Q2
https://openalex.org/W2067807654,0921-5093,Q1
https://openalex.org/W2067811066,0927-0256,Q2
https://openalex.org/W2067882330,0921-4534,Q3
https://openalex.org/W2067894003,1387-1811,Q1
https://openalex.org/W2067898796,1386-1425,Q2
https://openalex.org/W2067908494,0895-2477,Q3
https://openalex.org/W2067934084,0017-9310,Q1
https://openalex.org/W2067944625,0167-9317,Q2
https://openalex.org/W2067951656,0030-4018,Q1
https://openalex.org/W2067954231,1424-8220,Q2
https://openalex.org/W2068015128,1094-4087,Q1
https://openalex.org/W2068033719,0360-3199,Q1
https://openalex.org/W2068045770,1062-0125,Q4
https://openalex.org/W2068047573,1466-8033,Q1
https://openalex.org/W2068060362,0030-4018,Q1
https://openalex.org/W2068068089,1094-4087,Q1
https://openalex.org/W2068070269,0167-9317,Q2
https://openalex.org/W2068074971,1349-2543,Q3
https://openalex.org/W2068082337,0040-5779,Q3
https://openalex.org/W2068089950,1748-3387,Q1
https://openalex.org/W2068115049,0038-1101,Q2
https://openalex.org/W2068146217,1083-3668,Q1
https://openalex.org/W2068160413,0921-5107,Q2
https://openalex.org/W2068197341,0022-0248,Q1
https://openalex.org/W2068201227,1388-6150,Q2
https://openalex.org/W2068205773,0026-2714,Q2
https://openalex.org/W2068220604,0022-0248,Q1
https://openalex.org/W2068220782,0035-8711,Q1
https://openalex.org/W2068285044,0169-4332,-
https://openalex.org/W2068288544,1040-0400,Q3
https://openalex.org/W2068289203,1001-6058,Q3
https://openalex.org/W2068312653,0304-8853,Q2
https://openalex.org/W2068315551,1003-6326,Q3
https://openalex.org/W2068339058,0953-2048,Q1
https://openalex.org/W2068339262,1350-4177,Q1
https://openalex.org/W2068361786,0921-4534,Q3
https://openalex.org/W2068377097,0925-4005,Q1
https://openalex.org/W2068379299,0022-0248,Q1
https://openalex.org/W2068397483,0040-6090,Q2
https://openalex.org/W2068399450,0013-4651,Q1
https://openalex.org/W2068401013,0921-5093,Q1
https://openalex.org/W2068438243,0925-4005,Q1
https://openalex.org/W2068462626,1350-4495,Q2
https://openalex.org/W2068473412,0040-6090,Q2
https://openalex.org/W2068529528,0167-9317,Q2
https://openalex.org/W2068536456,0020-2967,Q2
https://openalex.org/W2068549050,1932-5150,Q3
https://openalex.org/W2068557239,1749-4885,Q1
https://openalex.org/W2068578883,0957-4522,Q2
https://openalex.org/W2068643116,1359-6462,Q1
https://openalex.org/W2068698734,0733-8724,Q1
https://openalex.org/W2068711929,0927-7765,Q2
https://openalex.org/W2068723815,0021-9037,Q4
https://openalex.org/W2068728816,0018-9375,Q2
https://openalex.org/W2068771603,0375-9474,Q1
https://openalex.org/W2068785469,1385-3449,Q2
https://openalex.org/W2068794821,1526-9914,Q1
https://openalex.org/W2068814899,0921-5093,Q1
https://openalex.org/W2068851545,0909-0495,Q1
https://openalex.org/W2068862622,1029-9599,Q3
https://openalex.org/W2068932812,0022-0248,Q1
https://openalex.org/W2068939819,0304-8853,Q2
https://openalex.org/W2068943818,0921-5107,Q2
https://openalex.org/W2068962867,0969-806X,Q2
https://openalex.org/W2068989899,0360-3199,Q1
https://openalex.org/W2068991925,1094-4087,Q1
https://openalex.org/W2068993186,1290-0729,Q1
https://openalex.org/W2068998158,0749-6036,Q2
https://openalex.org/W2069008316,1350-4495,Q2
https://openalex.org/W2069058029,0021-8979,Q1
https://openalex.org/W2069075088,0379-7112,Q2
https://openalex.org/W2069088169,1748-0221,Q1
https://openalex.org/W2069089164,1565-1339,Q1
https://openalex.org/W2069103103,1567-1739,Q2
https://openalex.org/W2069110562,0301-679X,Q1
https://openalex.org/W2069125934,0925-4005,Q1
https://openalex.org/W2069131868,0020-4412,Q4
https://openalex.org/W2069157832,0143-0807,Q3
https://openalex.org/W2069174446,0946-2171,Q1
https://openalex.org/W2069183089,1432-8488,Q2
https://openalex.org/W2069185191,0301-679X,Q1
https://openalex.org/W2069215070,0022-3115,Q2
https://openalex.org/W2069234591,0168-9002,Q1
https://openalex.org/W2069248065,0021-8979,Q1
https://openalex.org/W2069278276,0924-4247,Q1
https://openalex.org/W2069299060,0167-577X,Q1
https://openalex.org/W2069317112,1094-4087,Q1
https://openalex.org/W2069379165,0003-6951,Q1
https://openalex.org/W2069400469,0030-4018,Q1
https://openalex.org/W2069427186,0267-0836,Q2
https://openalex.org/W2069440382,0022-3115,Q2
https://openalex.org/W2069472909,0010-2180,Q1
https://openalex.org/W2069478987,0022-2313,Q1
https://openalex.org/W2069485186,0953-2048,Q1
https://openalex.org/W2069490090,0267-0844,Q3
https://openalex.org/W2069533275,0003-6951,Q1
https://openalex.org/W2069553347,1882-0778,Q1
https://openalex.org/W2069560763,1087-6596,Q4
https://openalex.org/W2069562036,0003-6951,Q1
https://openalex.org/W2069584762,1003-6326,Q3
https://openalex.org/W2069589785,1745-2473,Q1
https://openalex.org/W2069628152,1369-8001,Q2
https://openalex.org/W2069628535,0167-9317,Q2
https://openalex.org/W2069635499,1290-0729,Q1
https://openalex.org/W2069670063,1531-1309,Q1
https://openalex.org/W2069670134,0021-8979,Q1
https://openalex.org/W2069679116,0167-577X,Q1
https://openalex.org/W2069709848,0030-3992,Q2
https://openalex.org/W2069720230,1286-0042,Q2
https://openalex.org/W2069750289,0360-3199,Q1
https://openalex.org/W2069753136,0146-9592,Q1
https://openalex.org/W2069757422,1022-1360,Q2
https://openalex.org/W2069774941,0927-7757,-
https://openalex.org/W2069815111,0014-3057,Q1
https://openalex.org/W2069819479,1434-5021,Q2
https://openalex.org/W2069822079,0026-2714,Q2
https://openalex.org/W2069837906,1598-9623,Q2
https://openalex.org/W2069851428,0040-6090,Q2
https://openalex.org/W2069872047,0360-3199,Q1
https://openalex.org/W2069893617,0921-4526,Q2
https://openalex.org/W2069906476,0021-8979,Q1
https://openalex.org/W2069965478,1063-7834,Q4
https://openalex.org/W2069976070,1050-2947,Q1
https://openalex.org/W2069990520,0091-3286,Q2
https://openalex.org/W2070000153,0034-6748,Q1
https://openalex.org/W2070008564,0921-5107,Q2
https://openalex.org/W2070110501,0146-9592,Q1
https://openalex.org/W2070113329,1349-2543,Q3
https://openalex.org/W2070117743,1044-5803,Q2
https://openalex.org/W2070129204,0146-9592,Q1
https://openalex.org/W2070136987,0021-4922,Q2
https://openalex.org/W2070159207,1934-2608,Q2
https://openalex.org/W2070168260,0168-583X,Q2
https://openalex.org/W2070194454,0034-8570,Q4
https://openalex.org/W2070197044,1003-6326,Q3
https://openalex.org/W2070202575,1024-8560,-
https://openalex.org/W2070224192,0921-5093,Q1
https://openalex.org/W2070227552,0021-4922,Q2
https://openalex.org/W2070228886,1556-276X,Q1
https://openalex.org/W2070228981,0361-5235,Q2
https://openalex.org/W2070239828,0169-4332,-
https://openalex.org/W2070240172,0969-8043,Q2
https://openalex.org/W2070278691,1044-5803,Q2
https://openalex.org/W2070308576,1063-7850,Q4
https://openalex.org/W2070314810,0015-4628,Q3
https://openalex.org/W2070334941,1003-6326,Q3
https://openalex.org/W2070354067,0040-6090,Q2
https://openalex.org/W2070360101,0254-0584,Q2
https://openalex.org/W2070394876,0146-9592,Q1
https://openalex.org/W2070397603,1003-6326,Q3
https://openalex.org/W2070421439,1094-4087,Q1
https://openalex.org/W2070437418,1023-8883,Q2
https://openalex.org/W2070446649,1029-9599,Q3
https://openalex.org/W2070483026,0026-2714,Q2
https://openalex.org/W2070484274,0022-2313,Q1
https://openalex.org/W2070525160,0032-5899,Q3
https://openalex.org/W2070542949,0924-4247,Q1
https://openalex.org/W2070553368,0022-0248,Q1
https://openalex.org/W2070582647,0304-3886,Q2
https://openalex.org/W2070598884,0267-0836,Q2
https://openalex.org/W2070612532,1350-4177,Q1
https://openalex.org/W2070619347,1674-4926,-
https://openalex.org/W2070632249,0022-3115,Q2
https://openalex.org/W2070649265,0254-0584,Q2
https://openalex.org/W2070653774,0003-6951,Q1
https://openalex.org/W2070654541,0022-460X,Q1
https://openalex.org/W2070658909,0003-682X,Q1
https://openalex.org/W2070676697,1001-6058,Q3
https://openalex.org/W2070681419,0038-1098,Q1
https://openalex.org/W2070696054,1063-7818,Q2
https://openalex.org/W2070702158,0167-9317,Q2
https://openalex.org/W2070706792,0925-3467,Q1
https://openalex.org/W2070730230,1388-6150,Q2
https://openalex.org/W2070742381,0933-5137,Q3
https://openalex.org/W2070745505,0925-4005,Q1
https://openalex.org/W2070756823,0169-4332,-
https://openalex.org/W2070768879,0021-8979,Q1
https://openalex.org/W2070773071,0034-6748,Q1
https://openalex.org/W2070776024,1022-1360,Q2
https://openalex.org/W2070776597,1463-9076,Q1
https://openalex.org/W2070784372,1098-0121,Q1
https://openalex.org/W2070792458,0167-577X,Q1
https://openalex.org/W2070801166,0957-4522,Q2
https://openalex.org/W2070805446,0034-6748,Q1
https://openalex.org/W2070808276,1386-1425,Q2
https://openalex.org/W2070808800,0969-8043,Q2
https://openalex.org/W2070818042,0253-6102,Q3
https://openalex.org/W2070830089,0003-6951,Q1
https://openalex.org/W2070855062,0003-6951,Q1
https://openalex.org/W2070864608,0015-0193,Q3
https://openalex.org/W2070884801,0379-7112,Q2
https://openalex.org/W2070884825,0146-9592,Q1
https://openalex.org/W2070884848,0091-3286,Q2
https://openalex.org/W2070889998,0167-9317,Q2
https://openalex.org/W2070898193,1068-5200,-
https://openalex.org/W2070900824,0034-6748,Q1
https://openalex.org/W2070909066,1359-6462,Q1
https://openalex.org/W2070912882,0003-6951,Q1
https://openalex.org/W2070926279,1054-660X,Q3
https://openalex.org/W2070928889,1063-7826,Q3
https://openalex.org/W2070946037,0021-8979,Q1
https://openalex.org/W2070960316,0038-1101,Q2
https://openalex.org/W2070963446,1083-3668,Q1
https://openalex.org/W2071016742,1478-6435,Q1
https://openalex.org/W2071027629,0168-583X,Q2
https://openalex.org/W2071032033,0146-9592,Q1
https://openalex.org/W2071047421,1551-319X,Q1
https://openalex.org/W2071066925,1023-8883,Q2
https://openalex.org/W2071079800,0146-9592,Q1
https://openalex.org/W2071081190,0029-5493,Q2
https://openalex.org/W2071094014,0022-3697,Q2
https://openalex.org/W2071094885,1009-0630,Q4
https://openalex.org/W2071098425,0749-6036,Q2
https://openalex.org/W2071140237,0946-2171,Q1
https://openalex.org/W2071149400,0379-6779,Q2
https://openalex.org/W2071182831,1674-1056,Q3
https://openalex.org/W2071190244,0021-8979,Q1
https://openalex.org/W2071191063,0021-8979,Q1
https://openalex.org/W2071200249,0217-9849,Q3
https://openalex.org/W2071236087,0022-3727,Q1
https://openalex.org/W2071244953,0022-3115,Q2
https://openalex.org/W2071264390,0263-2241,Q3
https://openalex.org/W2071269109,0375-9601,Q2
https://openalex.org/W2071282712,0921-5093,Q1
https://openalex.org/W2071291172,0020-7403,Q2
https://openalex.org/W2071293198,0360-3199,Q1
https://openalex.org/W2071303760,0022-2291,Q1
https://openalex.org/W2071350038,0038-1098,Q1
https://openalex.org/W2071364438,1059-9630,Q2
https://openalex.org/W2071407167,0168-9002,Q1
https://openalex.org/W2071422708,0022-2488,Q2
https://openalex.org/W2071427611,0022-3115,Q2
https://openalex.org/W2071429949,0018-9456,Q2
https://openalex.org/W2071442925,0039-6028,Q1
https://openalex.org/W2071445802,1567-1739,Q2
https://openalex.org/W2071446860,0022-3727,Q1
https://openalex.org/W2071446984,0034-6748,Q1
https://openalex.org/W2071463632,1042-346X,Q2
https://openalex.org/W2071474547,0256-307X,Q2
https://openalex.org/W2071482575,0895-2477,Q3
https://openalex.org/W2071483569,0268-1242,Q2
https://openalex.org/W2071485469,0304-8853,Q2
https://openalex.org/W2071485530,0960-0779,-
https://openalex.org/W2071518400,1001-6058,Q3
https://openalex.org/W2071553177,0167-9317,Q2
https://openalex.org/W2071574100,0018-9197,Q1
https://openalex.org/W2071611946,1028-3358,Q3
https://openalex.org/W2071641855,0168-9002,Q1
https://openalex.org/W2071647234,1063-7818,Q2
https://openalex.org/W2071661343,0921-4526,Q2
https://openalex.org/W2071685742,0927-0256,Q2
https://openalex.org/W2071692928,1022-1360,Q2
https://openalex.org/W2071694352,1003-6326,Q3
https://openalex.org/W2071719691,0895-2477,Q3
https://openalex.org/W2071741862,0146-9592,Q1
https://openalex.org/W2071771140,0021-8979,Q1
https://openalex.org/W2071788401,0257-8972,Q1
https://openalex.org/W2071802031,0921-4526,Q2
https://openalex.org/W2071806371,0263-2241,Q3
https://openalex.org/W2071825326,0043-1648,Q1
https://openalex.org/W2071834674,1044-5803,Q2
https://openalex.org/W2071844812,0026-2714,Q2
https://openalex.org/W2071849829,0021-1575,Q3
https://openalex.org/W2071910217,0360-3199,Q1
https://openalex.org/W2071916544,0169-4332,-
https://openalex.org/W2071927179,0003-6951,Q1
https://openalex.org/W2071981069,0168-9002,Q1
https://openalex.org/W2071996563,0040-6090,Q2
https://openalex.org/W2072036671,0304-3843,Q3
https://openalex.org/W2072044574,0031-9201,Q1
https://openalex.org/W2072069412,0022-3727,Q1
https://openalex.org/W2072081206,0921-5107,Q2
https://openalex.org/W2072083052,0169-4332,-
https://openalex.org/W2072089519,1350-4495,Q2
https://openalex.org/W2072124786,0273-1177,-
https://openalex.org/W2072148665,1022-1352,Q1
https://openalex.org/W2072155053,0020-7403,Q2
https://openalex.org/W2072170762,0025-5408,Q2
https://openalex.org/W2072176078,1748-3387,Q1
https://openalex.org/W2072186477,1466-8033,Q1
https://openalex.org/W2072252476,0169-4332,-
https://openalex.org/W2072261117,1350-6501,Q2
https://openalex.org/W2072297686,0021-9606,Q1
https://openalex.org/W2072333972,0030-4026,Q4
https://openalex.org/W2072355027,0360-3199,Q1
https://openalex.org/W2072361559,0015-9018,Q2
https://openalex.org/W2072402289,0025-5408,Q2
https://openalex.org/W2072412224,0003-6951,Q1
https://openalex.org/W2072415377,0026-2714,Q2
https://openalex.org/W2072432938,0141-3910,Q1
https://openalex.org/W2072458369,0021-8979,Q1
https://openalex.org/W2072469554,0256-307X,Q2
https://openalex.org/W2072480714,1023-8883,Q2
https://openalex.org/W2072487207,0301-679X,Q1
https://openalex.org/W2072491374,0040-6090,Q2
https://openalex.org/W2072494856,0267-0836,Q2
https://openalex.org/W2072509960,1063-7818,Q2
https://openalex.org/W2072512176,1478-6435,Q1
https://openalex.org/W2072514985,0042-207X,Q2
https://openalex.org/W2072534478,0025-5408,Q2
https://openalex.org/W2072546625,0969-8043,Q2
https://openalex.org/W2072598812,0960-0779,-
https://openalex.org/W2072616939,0141-3910,Q1
https://openalex.org/W2072624112,0168-9002,Q1
https://openalex.org/W2072662218,0030-4018,Q1
https://openalex.org/W2072669903,0232-1300,Q3
https://openalex.org/W2072691441,1094-4087,Q1
https://openalex.org/W2072697810,0032-0633,Q2
https://openalex.org/W2072702109,0031-8949,Q3
https://openalex.org/W2072723603,0749-6036,Q2
https://openalex.org/W2072741967,0167-9317,Q2
https://openalex.org/W2072746946,0003-6951,Q1
https://openalex.org/W2072749140,0029-5493,Q2
https://openalex.org/W2072803907,1044-5803,Q2
https://openalex.org/W2072816166,0167-9317,Q2
https://openalex.org/W2072831896,1567-1739,Q2
https://openalex.org/W2072842483,0272-4324,Q2
https://openalex.org/W2072846530,0093-3813,Q2
https://openalex.org/W2072874410,0040-6090,Q2
https://openalex.org/W2072889347,0026-0673,Q4
https://openalex.org/W2072891688,1068-3755,Q4
https://openalex.org/W2072936024,0146-9592,Q1
https://openalex.org/W2072954467,0304-3886,Q2
https://openalex.org/W2072956155,0921-5093,Q1
https://openalex.org/W2072972813,0304-8853,Q2
https://openalex.org/W2072974726,1094-4087,Q1
https://openalex.org/W2072985916,0925-9635,Q1
https://openalex.org/W2072988862,1070-9762,Q4
https://openalex.org/W2072989997,0256-307X,Q2
https://openalex.org/W2072993411,0938-0108,Q3
https://openalex.org/W2073029988,0022-3115,Q2
https://openalex.org/W2073105112,0026-0673,Q4
https://openalex.org/W2073110874,0167-577X,Q1
https://openalex.org/W2073116635,1674-2001,Q3
https://openalex.org/W2073150301,0254-0584,Q2
https://openalex.org/W2073207512,1051-8223,Q3
https://openalex.org/W2073208048,0969-8043,Q2
https://openalex.org/W2073218813,0946-2171,Q1
https://openalex.org/W2073230745,1528-7483,Q1
https://openalex.org/W2073258280,0001-4966,Q1
https://openalex.org/W2073264806,0043-1648,Q1
https://openalex.org/W2073281803,0168-9002,Q1
https://openalex.org/W2073288075,0022-0248,Q1
https://openalex.org/W2073309235,0042-207X,Q2
https://openalex.org/W2073313964,0256-307X,Q2
https://openalex.org/W2073329752,1388-6150,Q2
https://openalex.org/W2073342611,0921-4526,Q2
https://openalex.org/W2073351282,0003-6951,Q1
https://openalex.org/W2073360360,0031-9007,Q1
https://openalex.org/W2073369910,0360-3199,Q1
https://openalex.org/W2073375918,1001-6058,Q3
https://openalex.org/W2073392396,0010-2202,Q2
https://openalex.org/W2073444776,0909-0495,Q1
https://openalex.org/W2073448481,1748-0221,Q1
https://openalex.org/W2073479628,0360-3199,Q1
https://openalex.org/W2073496802,0252-9602,Q3
https://openalex.org/W2073524914,0168-9002,Q1
https://openalex.org/W2073529003,1063-7818,Q2
https://openalex.org/W2073548040,0946-7076,Q2
https://openalex.org/W2073622334,0022-3093,Q2
https://openalex.org/W2073624579,1335-8871,Q4
https://openalex.org/W2073631151,0022-3697,Q2
https://openalex.org/W2073633945,0044-2275,Q2
https://openalex.org/W2073652488,0167-9317,Q2
https://openalex.org/W2073660644,0146-9592,Q1
https://openalex.org/W2073664064,0254-0584,Q2
https://openalex.org/W2073665159,0921-4534,Q3
https://openalex.org/W2073720254,0022-0248,Q1
https://openalex.org/W2073722974,0167-9317,Q2
https://openalex.org/W2073744625,0146-9592,Q1
https://openalex.org/W2073748074,1063-7834,Q4
https://openalex.org/W2073760301,0145-7632,Q2
https://openalex.org/W2073761158,1063-7826,Q3
https://openalex.org/W2073769333,1388-6150,Q2
https://openalex.org/W2073769601,0021-4922,Q2
https://openalex.org/W2073804561,0168-583X,Q2
https://openalex.org/W2073810352,0920-5071,Q2
https://openalex.org/W2073834820,1674-2001,Q3
https://openalex.org/W2073867116,0257-8972,Q1
https://openalex.org/W2073915648,0030-3992,Q2
https://openalex.org/W2073934963,1567-1739,Q2
https://openalex.org/W2073940819,0013-4651,Q1
https://openalex.org/W2073960480,0257-8972,Q1
https://openalex.org/W2073964398,1058-9759,Q4
https://openalex.org/W2073968517,0042-207X,Q2
https://openalex.org/W2074002227,1054-660X,Q3
https://openalex.org/W2074005285,1350-4177,Q1
https://openalex.org/W2074017093,0004-640X,Q3
https://openalex.org/W2074048403,0304-3886,Q2
https://openalex.org/W2074049521,0925-3467,Q1
https://openalex.org/W2074098529,0025-6455,Q3
https://openalex.org/W2074099177,0040-6090,Q2
https://openalex.org/W2074112099,0969-806X,Q2
https://openalex.org/W2074120950,1009-0630,Q4
https://openalex.org/W2074125612,1386-1425,Q2
https://openalex.org/W2074144260,0167-9317,Q2
https://openalex.org/W2074153542,1350-4487,Q2
https://openalex.org/W2074155051,0021-4922,Q2
https://openalex.org/W2074210088,0042-207X,Q2
https://openalex.org/W2074211936,0924-4247,Q1
https://openalex.org/W2074231584,1003-6326,Q3
https://openalex.org/W2074254906,0742-4787,Q1
https://openalex.org/W2074280781,0969-8043,Q2
https://openalex.org/W2074289143,0146-9592,Q1
https://openalex.org/W2074291915,0022-3115,Q2
https://openalex.org/W2074295341,0954-0911,Q3
https://openalex.org/W2074295711,0921-5093,Q1
https://openalex.org/W2074302746,0360-3199,Q1
https://openalex.org/W2074311027,0920-5071,Q2
https://openalex.org/W2074315056,0267-0836,Q2
https://openalex.org/W2074368324,0143-8166,Q2
https://openalex.org/W2074375658,0020-2967,Q2
https://openalex.org/W2074419573,0021-8979,Q1
https://openalex.org/W2074431345,1861-9959,Q2
https://openalex.org/W2074436505,0925-3467,Q1
https://openalex.org/W2074439067,1611-3683,Q3
https://openalex.org/W2074483262,0957-4522,Q2
https://openalex.org/W2074496985,0167-2738,Q1
https://openalex.org/W2074522799,0377-0257,Q1
https://openalex.org/W2074534158,0021-8979,Q1
https://openalex.org/W2074543071,0743-7463,Q1
https://openalex.org/W2074547299,1476-1122,Q1
https://openalex.org/W2074580634,0022-2313,Q1
https://openalex.org/W2074589870,0003-6951,Q1
https://openalex.org/W2074594302,0040-6090,Q2
https://openalex.org/W2074603238,0895-2477,Q3
https://openalex.org/W2074624285,0038-6308,Q1
https://openalex.org/W2074627023,0167-577X,Q1
https://openalex.org/W2074630534,0379-7112,Q2
https://openalex.org/W2074648176,0969-8043,Q2
https://openalex.org/W2074651614,0921-4534,Q3
https://openalex.org/W2074699424,0957-0233,Q1
https://openalex.org/W2074701550,0268-1242,Q2
https://openalex.org/W2074702302,1475-7516,Q2
https://openalex.org/W2074710230,0022-3115,Q2
https://openalex.org/W2074725615,1054-660X,Q3
https://openalex.org/W2074746177,1074-1542,Q3
https://openalex.org/W2074784718,0232-1300,Q3
https://openalex.org/W2074815198,0960-0779,-
https://openalex.org/W2074824880,1948-5085,-
https://openalex.org/W2074831435,0142-727X,Q1
https://openalex.org/W2074861467,0272-4324,Q2
https://openalex.org/W2074864153,0969-8043,Q2
https://openalex.org/W2074877246,0360-3199,Q1
https://openalex.org/W2074889070,0170-0839,Q2
https://openalex.org/W2074893553,0195-928X,Q3
https://openalex.org/W2074907433,0895-2477,Q3
https://openalex.org/W2074930266,0034-6748,Q1
https://openalex.org/W2074935153,0015-0193,Q3
https://openalex.org/W2074950652,1028-3358,Q3
https://openalex.org/W2074993600,1387-1811,Q1
https://openalex.org/W2074998485,0025-5408,Q2
https://openalex.org/W2075008305,0004-6280,Q1
https://openalex.org/W2075009290,1003-6326,Q3
https://openalex.org/W2075024567,0040-6090,Q2
https://openalex.org/W2075045931,1062-8738,Q4
https://openalex.org/W2075053907,0030-4018,Q1
https://openalex.org/W2075078430,1862-6300,Q2
https://openalex.org/W2075115794,0146-9592,Q1
https://openalex.org/W2075119751,1064-8887,Q3
https://openalex.org/W2075124091,1862-6300,Q2
https://openalex.org/W2075127404,0924-4247,Q1
https://openalex.org/W2075136681,0168-9002,Q1
https://openalex.org/W2075140444,0304-8853,Q2
https://openalex.org/W2075143946,0749-6036,Q2
https://openalex.org/W2075159148,0361-5235,Q2
https://openalex.org/W2075202981,0022-2852,Q2
https://openalex.org/W2075206213,0025-5408,Q2
https://openalex.org/W2075219794,0021-4922,Q2
https://openalex.org/W2075238941,0735-1933,Q1
https://openalex.org/W2075273607,0169-4332,-
https://openalex.org/W2075283522,1424-8220,Q2
https://openalex.org/W2075291913,1598-9623,Q2
https://openalex.org/W2075321829,1094-4087,Q1
https://openalex.org/W2075325223,1536-5379,Q2
https://openalex.org/W2075369296,0925-9635,Q1
https://openalex.org/W2075400102,0257-8972,Q1
https://openalex.org/W2075412867,0031-9007,Q1
https://openalex.org/W2075430916,0449-3060,Q2
https://openalex.org/W2075434692,1598-9623,Q2
https://openalex.org/W2075467876,0021-9606,Q1
https://openalex.org/W2075469854,0743-7463,Q1
https://openalex.org/W2075470870,0146-9592,Q1
https://openalex.org/W2075471544,0043-1648,Q1
https://openalex.org/W2075513136,0029-5493,Q2
https://openalex.org/W2075516694,0925-4005,Q1
https://openalex.org/W2075539269,1068-5200,-
https://openalex.org/W2075545832,0360-3199,Q1
https://openalex.org/W2075564527,0946-7076,Q2
https://openalex.org/W2075567419,0003-6951,Q1
https://openalex.org/W2075621106,1094-4087,Q1
https://openalex.org/W2075650387,0304-8853,Q2
https://openalex.org/W2075650787,1094-4087,Q1
https://openalex.org/W2075669109,0003-6951,Q1
https://openalex.org/W2075708673,1094-4087,Q1
https://openalex.org/W2075719806,0921-5107,Q2
https://openalex.org/W2075733621,1073-5623,Q1
https://openalex.org/W2075778473,0167-9317,Q2
https://openalex.org/W2075789638,0743-7463,Q1
https://openalex.org/W2075797726,1350-6501,Q2
https://openalex.org/W2075807139,0003-6951,Q1
https://openalex.org/W2075813393,1063-7826,Q3
https://openalex.org/W2075852227,1040-2004,Q3
https://openalex.org/W2075869845,0920-5071,Q2
https://openalex.org/W2075872454,1424-8220,Q2
https://openalex.org/W2075902092,1567-1739,Q2
https://openalex.org/W2075912112,0924-4247,Q1
https://openalex.org/W2075913387,0161-0457,Q2
https://openalex.org/W2075967769,0543-1972,Q4
https://openalex.org/W2076004640,1094-4087,Q1
https://openalex.org/W2076068463,0960-0779,-
https://openalex.org/W2076074231,0257-8972,Q1
https://openalex.org/W2076085929,0034-6748,Q1
https://openalex.org/W2076102298,1066-7857,Q4
https://openalex.org/W2076109266,1348-0391,Q3
https://openalex.org/W2076112311,0167-577X,Q1
https://openalex.org/W2076162384,1386-9477,Q2
https://openalex.org/W2076172755,0022-0248,Q1
https://openalex.org/W2076173444,0021-4922,Q2
https://openalex.org/W2076176803,0257-8972,Q1
https://openalex.org/W2076190637,0360-3199,Q1
https://openalex.org/W2076191410,0361-5235,Q2
https://openalex.org/W2076197528,1387-1811,Q1
https://openalex.org/W2076205911,0042-207X,Q2
https://openalex.org/W2076216336,0924-4247,Q1
https://openalex.org/W2076245998,1434-6060,Q2
https://openalex.org/W2076278166,0031-9007,Q1
https://openalex.org/W2076280646,0034-6748,Q1
https://openalex.org/W2076287576,0021-8979,Q1
https://openalex.org/W2076305696,1286-0042,Q2
https://openalex.org/W2076308693,1547-7037,Q3
https://openalex.org/W2076314509,0030-4026,Q4
https://openalex.org/W2076319323,1003-6326,Q3
https://openalex.org/W2076334307,0018-9456,Q2
https://openalex.org/W2076341350,0168-583X,Q2
https://openalex.org/W2076344130,1063-7710,Q3
https://openalex.org/W2076348983,0909-0495,Q1
https://openalex.org/W2076352854,0169-4332,-
https://openalex.org/W2076395098,0168-583X,Q2
https://openalex.org/W2076404642,0143-8166,Q2
https://openalex.org/W2076412948,0017-9310,Q1
https://openalex.org/W2076454837,1359-6462,Q1
https://openalex.org/W2076463267,1567-1739,Q2
https://openalex.org/W2076496423,1041-1135,Q1
https://openalex.org/W2076497147,0946-7076,Q2
https://openalex.org/W2076498049,1094-4087,Q1
https://openalex.org/W2076504297,0022-0248,Q1
https://openalex.org/W2076536656,1567-1739,Q2
https://openalex.org/W2076540094,1003-6326,Q3
https://openalex.org/W2076545237,0040-6090,Q2
https://openalex.org/W2076561001,0924-4247,Q1
https://openalex.org/W2076568536,0257-8972,Q1
https://openalex.org/W2076622417,0304-8853,Q2
https://openalex.org/W2076637820,0257-8972,Q1
https://openalex.org/W2076645605,1424-8220,Q2
https://openalex.org/W2076671211,0038-1098,Q1
https://openalex.org/W2076683907,0031-9007,Q1
https://openalex.org/W2076708863,0040-6090,Q2
https://openalex.org/W2076713067,0964-1726,Q1
https://openalex.org/W2076733408,0011-748X,Q4
https://openalex.org/W2076734986,1434-6001,Q1
https://openalex.org/W2076739034,0256-307X,Q2
https://openalex.org/W2076768569,0254-0584,Q2
https://openalex.org/W2076786221,0925-3467,Q1
https://openalex.org/W2076808045,1044-5803,Q2
https://openalex.org/W2076814256,0257-8972,Q1
https://openalex.org/W2076832867,0926-2040,Q2
https://openalex.org/W2076854309,0167-9317,Q2
https://openalex.org/W2076860547,1567-1739,Q2
https://openalex.org/W2076863564,0167-9317,Q2
https://openalex.org/W2076870514,1359-6462,Q1
https://openalex.org/W2076882175,1388-6150,Q2
https://openalex.org/W2076895554,0011-2275,Q3
https://openalex.org/W2076904705,1434-6044,Q1
https://openalex.org/W2076909773,0035-8711,Q1
https://openalex.org/W2076910999,1003-6326,Q3
https://openalex.org/W2076930080,0022-3727,Q1
https://openalex.org/W2076940085,0925-3467,Q1
https://openalex.org/W2076988334,0361-5235,Q2
https://openalex.org/W2077002557,0925-4005,Q1
https://openalex.org/W2077010444,0034-6748,Q1
https://openalex.org/W2077011572,1063-7788,Q3
https://openalex.org/W2077015327,0377-9017,Q3
https://openalex.org/W2077036696,0946-7076,Q2
https://openalex.org/W2077039779,1068-1302,Q3
https://openalex.org/W2077045834,0921-5093,Q1
https://openalex.org/W2077048186,0925-9635,Q1
https://openalex.org/W2077072106,1293-2558,Q2
https://openalex.org/W2077079258,0957-0233,Q1
https://openalex.org/W2077090973,0030-4018,Q1
https://openalex.org/W2077145187,0743-7463,Q1
https://openalex.org/W2077146735,0021-8979,Q1
https://openalex.org/W2077158426,0043-1648,Q1
https://openalex.org/W2077167817,0003-6951,Q1
https://openalex.org/W2077219537,0925-4005,Q1
https://openalex.org/W2077246639,1094-4087,Q1
https://openalex.org/W2077258257,1062-8738,Q4
https://openalex.org/W2077290314,0021-8979,Q1
https://openalex.org/W2077302426,0379-6779,Q2
https://openalex.org/W2077309080,0013-4651,Q1
https://openalex.org/W2077328465,0003-7028,Q2
https://openalex.org/W2077344458,1385-3449,Q2
https://openalex.org/W2077350739,0256-307X,Q2
https://openalex.org/W2077393108,0146-9592,Q1
https://openalex.org/W2077414337,1424-8220,Q2
https://openalex.org/W2077435397,1062-8738,Q4
https://openalex.org/W2077489416,0925-4005,Q1
https://openalex.org/W2077504310,0003-6951,Q1
https://openalex.org/W2077519892,0143-8166,Q2
https://openalex.org/W2077525359,0030-4018,Q1
https://openalex.org/W2077554345,0017-9310,Q1
https://openalex.org/W2077592659,1003-6326,Q3
https://openalex.org/W2077616339,0022-2348,Q3
https://openalex.org/W2077628087,0974-6900,Q4
https://openalex.org/W2077647309,0304-8853,Q2
https://openalex.org/W2077674781,0143-0807,Q3
https://openalex.org/W2077675530,0921-4526,Q2
https://openalex.org/W2077689189,0167-577X,Q1
https://openalex.org/W2077698242,0043-1648,Q1
https://openalex.org/W2077727265,0584-8547,Q1
https://openalex.org/W2077760690,0091-3286,Q2
https://openalex.org/W2077784316,1022-1360,Q2
https://openalex.org/W2077793491,1350-4177,Q1
https://openalex.org/W2077805819,0304-8853,Q2
https://openalex.org/W2077820660,1098-4402,Q1
https://openalex.org/W2077821602,0920-5071,Q2
https://openalex.org/W2077854333,1023-8883,Q2
https://openalex.org/W2077922205,0375-9474,Q1
https://openalex.org/W2077923029,0040-6090,Q2
https://openalex.org/W2077947508,0167-2738,Q1
https://openalex.org/W2077993542,0022-3727,Q1
https://openalex.org/W2077995371,0022-3115,Q2
https://openalex.org/W2078055622,0021-8979,Q1
https://openalex.org/W2078055816,0143-8166,Q2
https://openalex.org/W2078076092,0304-8853,Q2
https://openalex.org/W2078096999,0029-5493,Q2
https://openalex.org/W2078101336,0040-6090,Q2
https://openalex.org/W2078109420,1566-1199,Q1
https://openalex.org/W2078132942,1348-6535,Q2
https://openalex.org/W2078138815,0021-4922,Q2
https://openalex.org/W2078145384,0925-4005,Q1
https://openalex.org/W2078223549,0168-9002,Q1
https://openalex.org/W2078235079,0003-6951,Q1
https://openalex.org/W2078265256,0015-0193,Q3
https://openalex.org/W2078276015,0969-8043,Q2
https://openalex.org/W2078306745,0010-5082,Q3
https://openalex.org/W2078335059,1011-1344,Q2
https://openalex.org/W2078349741,0969-8043,Q2
https://openalex.org/W2078365172,0003-6951,Q1
https://openalex.org/W2078374890,0969-806X,Q2
https://openalex.org/W2078386526,0021-3640,Q2
https://openalex.org/W2078418547,0033-5614,Q2
https://openalex.org/W2078469875,0895-2477,Q3
https://openalex.org/W2078481013,1350-4495,Q2
https://openalex.org/W2078491576,0895-2477,Q3
https://openalex.org/W2078506539,0040-6031,Q1
https://openalex.org/W2078508151,1094-4087,Q1
https://openalex.org/W2078516087,0010-2180,Q1
https://openalex.org/W2078532550,1542-1406,Q3
https://openalex.org/W2078543490,0925-4005,Q1
https://openalex.org/W2078551304,0742-4787,Q1
https://openalex.org/W2078583435,0034-6748,Q1
https://openalex.org/W2078583945,0304-8853,Q2
https://openalex.org/W2078586311,0257-8972,Q1
https://openalex.org/W2078591020,0256-307X,Q2
https://openalex.org/W2078599796,0030-4018,Q1
https://openalex.org/W2078605494,1050-2947,Q1
https://openalex.org/W2078623874,1402-9251,Q3
https://openalex.org/W2078637863,1003-6326,Q3
https://openalex.org/W2078641000,0145-7632,Q2
https://openalex.org/W2078644134,0379-7112,Q2
https://openalex.org/W2078650540,0031-9007,Q1
https://openalex.org/W2078651384,0953-8984,Q1
https://openalex.org/W2078666476,1003-6326,Q3
https://openalex.org/W2078708044,1350-4495,Q2
https://openalex.org/W2078710274,0021-4922,Q2
https://openalex.org/W2078712041,1099-2871,Q4
https://openalex.org/W2078713170,0003-6951,Q1
https://openalex.org/W2078731580,1040-7278,Q2
https://openalex.org/W2078779787,0742-4787,Q1
https://openalex.org/W2078791167,0167-9317,Q2
https://openalex.org/W2078803479,0168-9002,Q1
https://openalex.org/W2078804610,0168-583X,Q2
https://openalex.org/W2078814740,1751-8113,Q2
https://openalex.org/W2078819738,0167-577X,Q1
https://openalex.org/W2078822560,1674-1137,Q4
https://openalex.org/W2078828734,0021-4922,Q2
https://openalex.org/W2078831793,0040-6031,Q1
https://openalex.org/W2078842469,0895-2477,Q3
https://openalex.org/W2078881189,0010-5082,Q3
https://openalex.org/W2078908378,1388-6150,Q2
https://openalex.org/W2078916691,1050-2947,Q1
https://openalex.org/W2078926781,0921-4526,Q2
https://openalex.org/W2078946419,0167-9317,Q2
https://openalex.org/W2078966084,1439-4235,Q1
https://openalex.org/W2078975082,1064-8887,Q3
https://openalex.org/W2078975116,1044-5803,Q2
https://openalex.org/W2078980157,0925-4005,Q1
https://openalex.org/W2078983036,1674-4926,-
https://openalex.org/W2078988728,1010-6030,Q1
https://openalex.org/W2078999094,0743-7463,Q1
https://openalex.org/W2079009444,1011-1344,Q2
https://openalex.org/W2079012488,0921-4526,Q2
https://openalex.org/W2079038170,0921-5093,Q1
https://openalex.org/W2079039936,0030-4018,Q1
https://openalex.org/W2079049966,0091-3286,Q2
https://openalex.org/W2079053560,0041-624X,Q1
https://openalex.org/W2079072489,0169-4332,-
https://openalex.org/W2079080846,0254-0584,Q2
https://openalex.org/W2079084316,0946-7076,Q2
https://openalex.org/W2079085963,1990-3413,-
https://openalex.org/W2079093241,1674-1056,Q3
https://openalex.org/W2079149763,0029-5493,Q2
https://openalex.org/W2079167784,0035-8711,Q1
https://openalex.org/W2079171958,0953-4075,Q1
https://openalex.org/W2079206374,0743-7463,Q1
https://openalex.org/W2079215547,0272-4324,Q2
https://openalex.org/W2079237969,0734-2101,Q2
https://openalex.org/W2079240616,0021-3640,Q2
https://openalex.org/W2079254586,1073-5615,Q1
https://openalex.org/W2079263069,0304-8853,Q2
https://openalex.org/W2079266939,0885-3010,Q1
https://openalex.org/W2079291745,0021-8979,Q1
https://openalex.org/W2079293019,1542-1406,Q3
https://openalex.org/W2079315597,0514-5163,Q3
https://openalex.org/W2079339066,0003-6951,Q1
https://openalex.org/W2079343477,1003-6326,Q3
https://openalex.org/W2079360647,0168-9002,Q1
https://openalex.org/W2079360893,2391-5471,Q3
https://openalex.org/W2079372430,1003-6326,Q3
https://openalex.org/W2079421853,0921-4526,Q2
https://openalex.org/W2079429280,0964-1726,Q1
https://openalex.org/W2079430897,0010-5082,Q3
https://openalex.org/W2079441221,0167-9317,Q2
https://openalex.org/W2079445638,0921-5093,Q1
https://openalex.org/W2079460523,0011-2275,Q3
https://openalex.org/W2079465897,1438-1656,Q1
https://openalex.org/W2079500570,1424-8220,Q2
https://openalex.org/W2079508143,1094-4087,Q1
https://openalex.org/W2079522364,0021-8936,Q1
https://openalex.org/W2079522727,0003-6951,Q1
https://openalex.org/W2079550442,1527-3342,Q3
https://openalex.org/W2079567419,1054-660X,Q3
https://openalex.org/W2079579772,1003-6326,Q3
https://openalex.org/W2079608841,0034-6748,Q1
https://openalex.org/W2079625753,1748-3387,Q1
https://openalex.org/W2079627263,1386-1425,Q2
https://openalex.org/W2079661121,0040-6090,Q2
https://openalex.org/W2079662975,0360-3016,Q1
https://openalex.org/W2079676347,0040-6090,Q2
https://openalex.org/W2079695181,1293-2558,Q2
https://openalex.org/W2079702723,1071-0922,Q2
https://openalex.org/W2079733162,1475-7516,Q2
https://openalex.org/W2079755801,1001-6058,Q3
https://openalex.org/W2079771211,0927-7757,-
https://openalex.org/W2079793972,0895-2477,Q3
https://openalex.org/W2079803330,1290-0729,Q1
https://openalex.org/W2079811218,1528-7483,Q1
https://openalex.org/W2079829372,0927-7757,-
https://openalex.org/W2079832640,1094-4087,Q1
https://openalex.org/W2079840305,0992-7689,Q2
https://openalex.org/W2079849778,1087-6596,Q4
https://openalex.org/W2079869520,0169-4332,-
https://openalex.org/W2079929047,0145-7632,Q2
https://openalex.org/W2079933970,1369-7021,Q1
https://openalex.org/W2079941943,1350-4495,Q2
https://openalex.org/W2079947224,0920-5071,Q2
https://openalex.org/W2079948031,0921-4534,Q3
https://openalex.org/W2079949415,0169-4332,-
https://openalex.org/W2080003224,1068-5200,-
https://openalex.org/W2080050340,0887-6266,Q1
https://openalex.org/W2080073055,0375-9601,Q2
https://openalex.org/W2080090672,0042-207X,Q2
https://openalex.org/W2080092472,0927-7757,-
https://openalex.org/W2080105216,1022-1352,Q1
https://openalex.org/W2080110757,0743-7463,Q1
https://openalex.org/W2080143767,1862-5282,Q3
https://openalex.org/W2080149021,0042-207X,Q2
https://openalex.org/W2080155465,1094-4087,Q1
https://openalex.org/W2080173732,1063-7869,Q2
https://openalex.org/W2080198601,0022-0248,Q1
https://openalex.org/W2080207692,1343-8875,Q3
https://openalex.org/W2080210414,0022-3115,Q2
https://openalex.org/W2080213655,0928-4931,Q2
https://openalex.org/W2080222532,0013-4651,Q1
https://openalex.org/W2080234101,1463-9076,Q1
https://openalex.org/W2080260460,0360-3199,Q1
https://openalex.org/W2080278677,1567-1739,Q2
https://openalex.org/W2080282302,0953-8984,Q1
https://openalex.org/W2080291618,0004-640X,Q3
https://openalex.org/W2080308001,0022-0248,Q1
https://openalex.org/W2080308198,0029-5515,Q1
https://openalex.org/W2080331706,0002-9505,Q2
https://openalex.org/W2080334701,0022-2291,Q1
https://openalex.org/W2080336047,0001-4966,Q1
https://openalex.org/W2080337425,0022-3093,Q2
https://openalex.org/W2080341157,0167-9317,Q2
https://openalex.org/W2080344609,0167-9317,Q2
https://openalex.org/W2080358622,0924-4247,Q1
https://openalex.org/W2080406992,0360-3199,Q1
https://openalex.org/W2080421363,1674-1056,Q3
https://openalex.org/W2080424159,0003-6951,Q1
https://openalex.org/W2080427412,0950-0839,Q1
https://openalex.org/W2080436702,0361-5235,Q2
https://openalex.org/W2080447913,1616-301X,Q1
https://openalex.org/W2080451064,0361-5235,Q2
https://openalex.org/W2080453161,0146-9592,Q1
https://openalex.org/W2080456731,0034-6748,Q1
https://openalex.org/W2080479095,1063-7834,Q4
https://openalex.org/W2080515595,0146-9592,Q1
https://openalex.org/W2080541948,0946-7076,Q2
https://openalex.org/W2080557085,0168-9002,Q1
https://openalex.org/W2080567190,1748-0221,Q1
https://openalex.org/W2080577078,0146-9592,Q1
https://openalex.org/W2080605200,1003-6326,Q3
https://openalex.org/W2080614502,0003-6951,Q1
https://openalex.org/W2080626300,0921-4534,Q3
https://openalex.org/W2080664274,0013-4651,Q1
https://openalex.org/W2080667877,0021-8979,Q1
https://openalex.org/W2080718856,1063-7826,Q3
https://openalex.org/W2080733656,0003-6951,Q1
https://openalex.org/W2080736806,1566-1199,Q1
https://openalex.org/W2080792348,1071-0922,Q2
https://openalex.org/W2080836096,1598-9623,Q2
https://openalex.org/W2080845845,0043-1648,Q1
https://openalex.org/W2080902280,1001-6058,Q3
https://openalex.org/W2080933937,1388-6150,Q2
https://openalex.org/W2080963553,0167-9317,Q2
https://openalex.org/W2080974012,0041-624X,Q1
https://openalex.org/W2080974893,0927-0256,Q2
https://openalex.org/W2081010805,0749-6036,Q2
https://openalex.org/W2081012961,1542-1406,Q3
https://openalex.org/W2081040505,0953-2048,Q1
https://openalex.org/W2081062071,1003-6326,Q3
https://openalex.org/W2081066622,0268-1242,Q2
https://openalex.org/W2081084669,0042-207X,Q2
https://openalex.org/W2081091713,1547-7037,Q3
https://openalex.org/W2081133071,1094-4087,Q1
https://openalex.org/W2081166812,1059-9630,Q2
https://openalex.org/W2081196870,0025-5408,Q2
https://openalex.org/W2081228938,1009-0630,Q4
https://openalex.org/W2081237536,0043-1648,Q1
https://openalex.org/W2081271706,1094-4087,Q1
https://openalex.org/W2081281047,0034-6748,Q1
https://openalex.org/W2081290874,0969-8043,Q2
https://openalex.org/W2081291612,0002-9505,Q2
https://openalex.org/W2081294794,1094-4087,Q1
https://openalex.org/W2081321122,0169-4332,-
https://openalex.org/W2081331608,1359-6462,Q1
https://openalex.org/W2081333568,0885-3010,Q1
https://openalex.org/W2081364660,0921-5093,Q1
https://openalex.org/W2081366910,1098-4402,Q1
https://openalex.org/W2081440059,1071-0922,Q2
https://openalex.org/W2081451871,0169-4332,-
https://openalex.org/W2081481032,1359-6462,Q1
https://openalex.org/W2081489276,1438-1656,Q1
https://openalex.org/W2081496249,0256-307X,Q2
https://openalex.org/W2081500202,1387-1811,Q1
https://openalex.org/W2081503324,1388-6150,Q2
https://openalex.org/W2081506733,0168-9002,Q1
https://openalex.org/W2081513219,0030-4018,Q1
https://openalex.org/W2081514885,0167-577X,Q1
https://openalex.org/W2081521077,0925-4005,Q1
https://openalex.org/W2081521310,0022-3727,Q1
https://openalex.org/W2081552447,0029-5493,Q2
https://openalex.org/W2081553347,0895-2477,Q3
https://openalex.org/W2081568569,0167-577X,Q1
https://openalex.org/W2081603624,1042-346X,Q2
https://openalex.org/W2081609034,1359-6462,Q1
https://openalex.org/W2081628683,0029-5493,Q2
https://openalex.org/W2081656481,0040-6090,Q2
https://openalex.org/W2081658281,0927-0256,Q2
https://openalex.org/W2081660775,1386-1425,Q2
https://openalex.org/W2081665658,1810-2328,Q3
https://openalex.org/W2081677403,0924-4247,Q1
https://openalex.org/W2081683543,1070-664X,Q1
https://openalex.org/W2081712884,1009-0630,Q4
https://openalex.org/W2081766634,0370-2693,Q1
https://openalex.org/W2081768362,0038-6308,Q1
https://openalex.org/W2081808949,1040-0400,Q3
https://openalex.org/W2081829390,0379-6779,Q2
https://openalex.org/W2081849638,0895-2477,Q3
https://openalex.org/W2081903215,0169-4332,-
https://openalex.org/W2081910293,0021-8464,Q3
https://openalex.org/W2081916593,0928-4931,Q2
https://openalex.org/W2081951847,0022-3115,Q2
https://openalex.org/W2081951959,0921-5093,Q1
https://openalex.org/W2081962565,0022-0248,Q1
https://openalex.org/W2081977063,1530-6984,Q1
https://openalex.org/W2081989356,0168-9002,Q1
https://openalex.org/W2081998371,0003-6951,Q1
https://openalex.org/W2082005828,0895-2477,Q3
https://openalex.org/W2082010958,1022-1360,Q2
https://openalex.org/W2082032984,0921-4526,Q2
https://openalex.org/W2082033338,1070-664X,Q1
https://openalex.org/W2082036382,0026-2714,Q2
https://openalex.org/W2082039000,0301-679X,Q1
https://openalex.org/W2082043565,1094-4087,Q1
https://openalex.org/W2082046817,0921-5107,Q2
https://openalex.org/W2082087390,0301-679X,Q1
https://openalex.org/W2082145755,0022-0248,Q1
https://openalex.org/W2082151843,0920-5071,Q2
https://openalex.org/W2082155586,0256-307X,Q2
https://openalex.org/W2082170940,0168-9002,Q1
https://openalex.org/W2082171843,0022-2313,Q1
https://openalex.org/W2082172023,1386-1425,Q2
https://openalex.org/W2082185756,0361-5235,Q2
https://openalex.org/W2082197238,0885-3010,Q1
https://openalex.org/W2082212641,0020-2940,Q4
https://openalex.org/W2082275273,0031-918X,Q3
https://openalex.org/W2082300383,0025-5408,Q2
https://openalex.org/W2082317585,1658-3655,-
https://openalex.org/W2082352856,0254-0584,Q2
https://openalex.org/W2082454233,1687-689X,-
https://openalex.org/W2082463659,0895-2477,Q3
https://openalex.org/W2082489870,0029-5493,Q2
https://openalex.org/W2082494124,0953-2048,Q1
https://openalex.org/W2082506106,0896-8446,Q1
https://openalex.org/W2082506229,1932-1058,Q2
https://openalex.org/W2082514808,0003-6951,Q1
https://openalex.org/W2082534489,0895-2477,Q3
https://openalex.org/W2082552326,0360-3199,Q1
https://openalex.org/W2082574710,0749-6036,Q2
https://openalex.org/W2082581049,1748-3387,Q1
https://openalex.org/W2082595193,0168-9002,Q1
https://openalex.org/W2082607691,0168-583X,Q2
https://openalex.org/W2082611235,0141-3910,Q1
https://openalex.org/W2082676912,0254-0584,Q2
https://openalex.org/W2082680733,0375-9601,Q2
https://openalex.org/W2082684116,0584-8547,Q1
https://openalex.org/W2082706022,0925-4005,Q1
https://openalex.org/W2082714952,0969-8043,Q2
https://openalex.org/W2082717496,0001-7701,Q1
https://openalex.org/W2082737942,0167-577X,Q1
https://openalex.org/W2082757646,0143-0807,Q3
https://openalex.org/W2082793319,0001-4966,Q1
https://openalex.org/W2082800420,0167-577X,Q1
https://openalex.org/W2082812869,0022-0248,Q1
https://openalex.org/W2082814586,0267-0844,Q3
https://openalex.org/W2082830588,1567-1739,Q2
https://openalex.org/W2082859288,1388-6150,Q2
https://openalex.org/W2082865148,0001-4966,Q1
https://openalex.org/W2082873996,1063-7850,Q4
https://openalex.org/W2082904927,0030-4018,Q1
https://openalex.org/W2082906073,1349-2543,Q3
https://openalex.org/W2082911420,1359-6462,Q1
https://openalex.org/W2082929917,1386-1425,Q2
https://openalex.org/W2082964985,1862-6300,Q2
https://openalex.org/W2082990184,0167-577X,Q1
https://openalex.org/W2083000127,0169-4332,-
https://openalex.org/W2083016534,0040-6031,Q1
https://openalex.org/W2083020147,0169-4332,-
https://openalex.org/W2083033962,0895-2477,Q3
https://openalex.org/W2083063388,0921-5093,Q1
https://openalex.org/W2083065239,0304-8853,Q2
https://openalex.org/W2083102606,0257-8972,Q1
https://openalex.org/W2083103172,0925-4005,Q1
https://openalex.org/W2083107784,0957-0233,Q1
https://openalex.org/W2083111434,0895-2477,Q3
https://openalex.org/W2083113034,1068-5200,-
https://openalex.org/W2083113068,1438-1656,Q1
https://openalex.org/W2083128798,0022-1120,Q1
https://openalex.org/W2083155141,0143-0807,Q3
https://openalex.org/W2083158697,1567-1739,Q2
https://openalex.org/W2083166359,1009-0630,Q4
https://openalex.org/W2083174389,1063-7869,Q2
https://openalex.org/W2083217178,0004-6280,Q1
https://openalex.org/W2083222485,1003-2169,Q3
https://openalex.org/W2083230729,1348-6535,Q2
https://openalex.org/W2083256591,0031-921X,-
https://openalex.org/W2083260984,0026-2714,Q2
https://openalex.org/W2083274075,0301-679X,Q1
https://openalex.org/W2083361732,0361-5235,Q2
https://openalex.org/W2083371187,0018-9197,Q1
https://openalex.org/W2083380692,0267-0844,Q3
https://openalex.org/W2083381229,0957-0233,Q1
https://openalex.org/W2083443883,0141-3910,Q1
https://openalex.org/W2083448299,0040-6090,Q2
https://openalex.org/W2083457688,0041-624X,Q1
https://openalex.org/W2083467776,1003-6326,Q3
https://openalex.org/W2083504784,1432-8488,Q2
https://openalex.org/W2083507653,0896-8446,Q1
https://openalex.org/W2083518657,0921-5093,Q1
https://openalex.org/W2083585959,0003-6951,Q1
https://openalex.org/W2083630325,1063-7869,Q2
https://openalex.org/W2083657684,0895-2477,Q3
https://openalex.org/W2083660878,0038-1098,Q1
https://openalex.org/W2083702492,0969-8043,Q2
https://openalex.org/W2083742235,0018-9197,Q1
https://openalex.org/W2083745991,1094-4087,Q1
https://openalex.org/W2083769024,0168-583X,Q2
https://openalex.org/W2083793710,0040-6031,Q1
https://openalex.org/W2083799334,0043-1648,Q1
https://openalex.org/W2083823347,1359-6462,Q1
https://openalex.org/W2083839013,0386-2208,Q3
https://openalex.org/W2083850497,0021-8979,Q1
https://openalex.org/W2083866865,0030-4026,Q4
https://openalex.org/W2083876566,0360-3016,Q1
https://openalex.org/W2083889491,0360-3016,Q1
https://openalex.org/W2083913170,1432-8917,Q2
https://openalex.org/W2083923816,0143-8166,Q2
https://openalex.org/W2083936548,1044-5803,Q2
https://openalex.org/W2083945808,1388-6150,Q2
https://openalex.org/W2083955415,0168-9002,Q1
https://openalex.org/W2083963782,1054-660X,Q3
https://openalex.org/W2084003479,0042-207X,Q2
https://openalex.org/W2084004786,0021-9614,Q1
https://openalex.org/W2084021776,0167-577X,Q1
https://openalex.org/W2084047293,0970-3950,-
https://openalex.org/W2084062516,0022-3093,Q2
https://openalex.org/W2084082521,1936-0851,Q1
https://openalex.org/W2084085904,0038-1101,Q2
https://openalex.org/W2084091418,0921-4534,Q3
https://openalex.org/W2084147336,0169-4332,-
https://openalex.org/W2084174029,0168-9002,Q1
https://openalex.org/W2084174617,0167-9317,Q2
https://openalex.org/W2084179466,0169-4332,-
https://openalex.org/W2084196468,0921-4526,Q2
https://openalex.org/W2084198801,0170-0839,Q2
https://openalex.org/W2084227449,0232-1300,Q3
https://openalex.org/W2084235527,0937-9347,Q2
https://openalex.org/W2084259991,0034-6748,Q1
https://openalex.org/W2084277943,1059-910X,Q1
https://openalex.org/W2084298890,0022-3697,Q2
https://openalex.org/W2084306590,1084-7529,Q1
https://openalex.org/W2084307080,0001-4966,Q1
https://openalex.org/W2084311494,0031-9007,Q1
https://openalex.org/W2084319301,0922-6435,Q3
https://openalex.org/W2084343681,0957-0233,Q1
https://openalex.org/W2084368962,0021-8979,Q1
https://openalex.org/W2084382659,0361-5235,Q2
https://openalex.org/W2084393614,0021-8979,Q1
https://openalex.org/W2084397304,0379-6779,Q2
https://openalex.org/W2084425560,0921-5093,Q1
https://openalex.org/W2084425581,1424-8220,Q2
https://openalex.org/W2084440551,1003-6326,Q3
https://openalex.org/W2084504114,0167-8442,Q2
https://openalex.org/W2084512392,1386-1425,Q2
https://openalex.org/W2084538696,0360-3016,Q1
https://openalex.org/W2084581819,0254-0584,Q2
https://openalex.org/W2084589271,1674-1056,Q3
https://openalex.org/W2084597509,0304-8853,Q2
https://openalex.org/W2084602984,1348-0391,Q3
https://openalex.org/W2084609676,1536-1055,Q2
https://openalex.org/W2084634600,0167-2789,Q1
https://openalex.org/W2084655580,0146-9592,Q1
https://openalex.org/W2084712439,0257-8972,Q1
https://openalex.org/W2084717830,0021-4922,Q2
https://openalex.org/W2084733329,0169-4332,-
https://openalex.org/W2084745262,0040-6090,Q2
https://openalex.org/W2084822008,0370-2693,Q1
https://openalex.org/W2084824297,0004-6264,Q1
https://openalex.org/W2084825046,0029-5493,Q2
https://openalex.org/W2084834949,0003-6951,Q1
https://openalex.org/W2084836138,0379-6779,Q2
https://openalex.org/W2084856320,1094-4087,Q1
https://openalex.org/W2084868158,0921-5093,Q1
https://openalex.org/W2084879881,0969-8043,Q2
https://openalex.org/W2084888896,0145-7632,Q2
https://openalex.org/W2084893652,0003-6951,Q1
https://openalex.org/W2084897586,0969-8043,Q2
https://openalex.org/W2084898358,0143-8166,Q2
https://openalex.org/W2084899620,0021-4876,Q3
https://openalex.org/W2084903389,0169-4332,-
https://openalex.org/W2084906386,1050-2947,Q1
https://openalex.org/W2084914409,0953-4075,Q1
https://openalex.org/W2084920329,0375-9474,Q1
https://openalex.org/W2084957122,0379-6779,Q2
https://openalex.org/W2084966632,1063-777X,Q2
https://openalex.org/W2084973866,0268-1242,Q2
https://openalex.org/W2084977176,0003-6951,Q1
https://openalex.org/W2085005238,0169-4332,-
https://openalex.org/W2085027645,0038-1098,Q1
https://openalex.org/W2085030090,0256-307X,Q2
https://openalex.org/W2085060163,0021-8979,Q1
https://openalex.org/W2085100047,0017-9310,Q1
https://openalex.org/W2085130846,0011-2275,Q3
https://openalex.org/W2085148803,1862-5282,Q3
https://openalex.org/W2085173665,0168-583X,Q2
https://openalex.org/W2085189467,0026-8976,Q2
https://openalex.org/W2085194173,1386-1425,Q2
https://openalex.org/W2085205644,1003-6326,Q3
https://openalex.org/W2085232229,0020-7608,Q2
https://openalex.org/W2085255273,0927-7765,Q2
https://openalex.org/W2085260338,0021-8979,Q1
https://openalex.org/W2085261530,0925-3467,Q1
https://openalex.org/W2085272272,0301-679X,Q1
https://openalex.org/W2085278336,0093-6413,Q2
https://openalex.org/W2085279714,1022-1352,Q1
https://openalex.org/W2085289643,0933-5137,Q3
https://openalex.org/W2085303922,0040-6090,Q2
https://openalex.org/W2085330958,0022-0248,Q1
https://openalex.org/W2085437691,0022-3131,Q3
https://openalex.org/W2085487156,0947-7047,Q2
https://openalex.org/W2085498951,0969-806X,Q2
https://openalex.org/W2085524049,0167-2738,Q1
https://openalex.org/W2085576448,0168-9002,Q1
https://openalex.org/W2085592927,1063-7745,Q4
https://openalex.org/W2085620541,0004-6361,Q1
https://openalex.org/W2085648084,0273-1177,-
https://openalex.org/W2085650571,0021-8979,Q1
https://openalex.org/W2085660028,0743-7463,Q1
https://openalex.org/W2085684598,0169-4332,-
https://openalex.org/W2085692599,0256-307X,Q2
https://openalex.org/W2085709684,0040-6090,Q2
https://openalex.org/W2085728072,1350-4177,Q1
https://openalex.org/W2085728166,1748-0221,Q1
https://openalex.org/W2085730858,0020-7608,Q2
https://openalex.org/W2085733963,0953-2048,Q1
https://openalex.org/W2085797746,1071-0922,Q2
https://openalex.org/W2085805348,0021-8979,Q1
https://openalex.org/W2085817295,1612-8850,Q2
https://openalex.org/W2085828233,0030-400X,Q4
https://openalex.org/W2085833367,1542-1406,Q3
https://openalex.org/W2085843729,0167-2738,Q1
https://openalex.org/W2085881939,0022-3131,Q3
https://openalex.org/W2085916836,1386-1425,Q2
https://openalex.org/W2085928520,0021-4922,Q2
https://openalex.org/W2085932894,1094-4087,Q1
https://openalex.org/W2085959394,0146-9592,Q1
https://openalex.org/W2085997545,1359-6462,Q1
https://openalex.org/W2086052438,0143-0807,Q3
https://openalex.org/W2086078807,0003-6951,Q1
https://openalex.org/W2086092216,0375-9601,Q2
https://openalex.org/W2086097685,1687-725X,-
https://openalex.org/W2086099247,1567-1739,Q2
https://openalex.org/W2086103856,1003-6326,Q3
https://openalex.org/W2086131948,0011-2275,Q3
https://openalex.org/W2086133068,0031-8949,Q3
https://openalex.org/W2086150104,0256-307X,Q2
https://openalex.org/W2086151072,1348-6535,Q2
https://openalex.org/W2086156754,1009-0630,Q4
https://openalex.org/W2086178788,0257-8972,Q1
https://openalex.org/W2086187881,0034-6748,Q1
https://openalex.org/W2086207026,0304-8853,Q2
https://openalex.org/W2086222404,0963-8695,Q2
https://openalex.org/W2086242509,1598-9623,Q2
https://openalex.org/W2086246838,0895-2477,Q3
https://openalex.org/W2086267276,0267-0836,Q2
https://openalex.org/W2086289831,0920-5071,Q2
https://openalex.org/W2086301060,0003-6951,Q1
https://openalex.org/W2086345313,1063-7710,Q3
https://openalex.org/W2086347843,0921-5093,Q1
https://openalex.org/W2086361294,0920-5071,Q2
https://openalex.org/W2086376183,0930-486X,Q3
https://openalex.org/W2086424025,1071-0922,Q2
https://openalex.org/W2086427277,0957-0233,Q1
https://openalex.org/W2086476932,1388-6150,Q2
https://openalex.org/W2086479663,0168-9002,Q1
https://openalex.org/W2086497571,0168-9002,Q1
https://openalex.org/W2086499707,0021-8979,Q1
https://openalex.org/W2086521553,0167-9317,Q2
https://openalex.org/W2086589270,0025-5408,Q2
https://openalex.org/W2086599686,0925-4005,Q1
https://openalex.org/W2086601352,0018-9499,Q2
https://openalex.org/W2086606906,1432-8488,Q2
https://openalex.org/W2086614540,0969-8043,Q2
https://openalex.org/W2086622520,0167-577X,Q1
https://openalex.org/W2086641062,0030-4018,Q1
https://openalex.org/W2086648174,0167-2738,Q1
https://openalex.org/W2086665723,0953-4075,Q1
https://openalex.org/W2086708471,0003-6951,Q1
https://openalex.org/W2086710768,1094-4087,Q1
https://openalex.org/W2086718745,1516-1439,Q3
https://openalex.org/W2086741573,0017-9310,Q1
https://openalex.org/W2086758552,1063-7834,Q4
https://openalex.org/W2086801732,0034-6748,Q1
https://openalex.org/W2086810607,0168-9002,Q1
https://openalex.org/W2086815731,0022-3115,Q2
https://openalex.org/W2086826900,0030-3992,Q2
https://openalex.org/W2086840062,0026-2714,Q2
https://openalex.org/W2086856888,0022-3115,Q2
https://openalex.org/W2086861249,0022-1481,Q1
https://openalex.org/W2086861689,1880-6821,Q2
https://openalex.org/W2086873238,0038-1101,Q2
https://openalex.org/W2086880249,0743-7463,Q1
https://openalex.org/W2086904949,0969-8043,Q2
https://openalex.org/W2086927668,0025-5408,Q2
https://openalex.org/W2086940583,0040-6090,Q2
https://openalex.org/W2086969905,0039-6028,Q1
https://openalex.org/W2086970249,0043-1648,Q1
https://openalex.org/W2086981746,0925-4005,Q1
https://openalex.org/W2087010689,0921-4526,Q2
https://openalex.org/W2087035340,1530-6984,Q1
https://openalex.org/W2087040550,1882-0778,Q1
https://openalex.org/W2087051661,1348-6535,Q2
https://openalex.org/W2087071610,0169-4332,-
https://openalex.org/W2087081574,0360-3199,Q1
https://openalex.org/W2087082908,0022-3115,Q2
https://openalex.org/W2087092349,1063-780X,Q3
https://openalex.org/W2087092905,0031-9007,Q1
https://openalex.org/W2087116584,0169-4332,-
https://openalex.org/W2087121355,0360-3199,Q1
https://openalex.org/W2087128979,0921-5093,Q1
https://openalex.org/W2087153483,0254-0584,Q2
https://openalex.org/W2087175345,1422-6944,Q4
https://openalex.org/W2087202587,0267-0844,Q3
https://openalex.org/W2087219224,1752-8933,Q4
https://openalex.org/W2087219288,0921-5107,Q2
https://openalex.org/W2087219719,0168-9002,Q1
https://openalex.org/W2087285891,0168-9002,Q1
https://openalex.org/W2087354264,0029-5515,Q1
https://openalex.org/W2087361900,0925-9635,Q1
https://openalex.org/W2087396708,0743-7463,Q1
https://openalex.org/W2087406018,0145-7632,Q2
https://openalex.org/W2087416004,1432-8488,Q2
https://openalex.org/W2087436229,0015-0193,Q3
https://openalex.org/W2087455844,0167-9317,Q2
https://openalex.org/W2087459653,1045-9243,Q2
https://openalex.org/W2087467948,0040-6031,Q1
https://openalex.org/W2087481249,1090-7807,Q1
https://openalex.org/W2087482504,0969-8043,Q2
https://openalex.org/W2087500595,0869-8643,Q3
https://openalex.org/W2087518718,1073-9149,Q3
https://openalex.org/W2087524408,0168-583X,Q2
https://openalex.org/W2087554509,0925-9635,Q1
https://openalex.org/W2087558583,0003-6951,Q1
https://openalex.org/W2087558612,0022-4596,Q1
https://openalex.org/W2087563954,0361-5235,Q2
https://openalex.org/W2087567112,0892-7057,Q3
https://openalex.org/W2087574266,0304-3886,Q2
https://openalex.org/W2087576064,0040-6090,Q2
https://openalex.org/W2087585584,0029-5493,Q2
https://openalex.org/W2087594029,0960-3409,Q4
https://openalex.org/W2087607675,1066-7857,Q4
https://openalex.org/W2087618461,1062-8738,Q4
https://openalex.org/W2087626958,1612-8850,Q2
https://openalex.org/W2087657451,1070-664X,Q1
https://openalex.org/W2087673415,0020-7683,Q1
https://openalex.org/W2087678286,1045-9243,Q2
https://openalex.org/W2087679070,0734-2101,Q2
https://openalex.org/W2087689800,0361-5235,Q2
https://openalex.org/W2087744294,0168-9002,Q1
https://openalex.org/W2087782986,0022-3115,Q2
https://openalex.org/W2087790208,1996-1944,-
https://openalex.org/W2087807011,1290-0729,Q1
https://openalex.org/W2087827388,1054-660X,Q3
https://openalex.org/W2087861819,1094-4087,Q1
https://openalex.org/W2087899842,0042-207X,Q2
https://openalex.org/W2087903376,0003-6951,Q1
https://openalex.org/W2087975729,0146-9592,Q1
https://openalex.org/W2087977820,0895-2477,Q3
https://openalex.org/W2087978031,0895-7959,Q2
https://openalex.org/W2087981034,0043-1648,Q1
https://openalex.org/W2088013952,0360-3199,Q1
https://openalex.org/W2088032337,0924-4247,Q1
https://openalex.org/W2088069875,0969-806X,Q2
https://openalex.org/W2088082481,1348-6535,Q2
https://openalex.org/W2088095664,1290-0729,Q1
https://openalex.org/W2088108542,0254-0584,Q2
https://openalex.org/W2088120134,0167-2738,Q1
https://openalex.org/W2088121236,1674-4926,-
https://openalex.org/W2088126803,0167-577X,Q1
https://openalex.org/W2088147786,0921-5107,Q2
https://openalex.org/W2088149479,1003-6326,Q3
https://openalex.org/W2088151264,1862-6254,Q1
https://openalex.org/W2088165192,1349-2543,Q3
https://openalex.org/W2088186381,1343-8875,Q3
https://openalex.org/W2088194976,0921-5093,Q1
https://openalex.org/W2088212139,1094-4087,Q1
https://openalex.org/W2088245375,0969-8043,Q2
https://openalex.org/W2088246954,1001-0521,Q3
https://openalex.org/W2088261669,1369-8001,Q2
https://openalex.org/W2088263653,0013-4651,Q1
https://openalex.org/W2088284912,1293-2558,Q2
https://openalex.org/W2088320349,0167-577X,Q1
https://openalex.org/W2088325172,0022-2313,Q1
https://openalex.org/W2088329467,0003-6951,Q1
https://openalex.org/W2088360783,0038-1098,Q1
https://openalex.org/W2088367745,0969-8043,Q2
https://openalex.org/W2088397944,0267-0836,Q2
https://openalex.org/W2088401305,1567-1739,Q2
https://openalex.org/W2088405884,1098-0121,Q1
https://openalex.org/W2088406708,0925-9635,Q1
https://openalex.org/W2088408383,1071-0922,Q2
https://openalex.org/W2088419963,1348-6535,Q2
https://openalex.org/W2088424141,0010-5082,Q3
https://openalex.org/W2088427740,1528-7483,Q1
https://openalex.org/W2088439414,0168-9002,Q1
https://openalex.org/W2088450217,0021-9037,Q4
https://openalex.org/W2088451381,1366-8781,Q3
https://openalex.org/W2088468158,1748-3387,Q1
https://openalex.org/W2088480258,0257-8972,Q1
https://openalex.org/W2088485626,1862-6300,Q2
https://openalex.org/W2088504974,0022-1481,Q1
https://openalex.org/W2088513282,1598-9623,Q2
https://openalex.org/W2088550078,1598-9623,Q2
https://openalex.org/W2088554132,0018-926X,Q1
https://openalex.org/W2088555956,0169-4332,-
https://openalex.org/W2088561910,0957-0233,Q1
https://openalex.org/W2088562519,0379-6779,Q2
https://openalex.org/W2088567491,0921-5093,Q1
https://openalex.org/W2088574786,1063-7745,Q4
https://openalex.org/W2088580494,0169-4332,-
https://openalex.org/W2088584645,0921-5107,Q2
https://openalex.org/W2088592358,0022-3131,Q3
https://openalex.org/W2088635071,0168-9002,Q1
https://openalex.org/W2088686244,1061-8309,Q4
https://openalex.org/W2088711890,0020-7608,Q2
https://openalex.org/W2088724847,1674-1056,Q3
https://openalex.org/W2088729843,1862-6300,Q2
https://openalex.org/W2088734253,0921-4526,Q2
https://openalex.org/W2088740664,1343-8875,Q3
https://openalex.org/W2088790757,1542-1406,Q3
https://openalex.org/W2088796499,1674-2001,Q3
https://openalex.org/W2088884283,0304-8853,Q2
https://openalex.org/W2088890993,0957-4522,Q2
https://openalex.org/W2088898337,1003-6326,Q3
https://openalex.org/W2088946201,0924-4247,Q1
https://openalex.org/W2088947036,1388-6150,Q2
https://openalex.org/W2088947300,0921-4534,Q3
https://openalex.org/W2088954082,0379-6779,Q2
https://openalex.org/W2088958799,0047-2689,Q1
https://openalex.org/W2088994175,0033-7587,Q1
https://openalex.org/W2089010746,0043-1648,Q1
https://openalex.org/W2089026839,0022-3115,Q2
https://openalex.org/W2089044206,1094-4087,Q1
https://openalex.org/W2089046301,1386-1425,Q2
https://openalex.org/W2089047749,0957-4522,Q2
https://openalex.org/W2089057133,0030-4018,Q1
https://openalex.org/W2089063781,0304-8853,Q2
https://openalex.org/W2089085274,1528-7483,Q1
https://openalex.org/W2089094910,1348-0391,Q3
https://openalex.org/W2089102082,0256-307X,Q2
https://openalex.org/W2089118740,0022-2488,Q2
https://openalex.org/W2089127032,0093-3813,Q2
https://openalex.org/W2089131498,0032-0633,Q2
https://openalex.org/W2089181218,1010-6030,Q1
https://openalex.org/W2089203163,1882-0778,Q1
https://openalex.org/W2089215771,0254-0584,Q2
https://openalex.org/W2089222707,0026-2714,Q2
https://openalex.org/W2089233443,0031-8655,-
https://openalex.org/W2089317613,0167-577X,Q1
https://openalex.org/W2089359688,0927-7757,-
https://openalex.org/W2089368016,0947-7411,Q2
https://openalex.org/W2089398814,1064-8887,Q3
https://openalex.org/W2089408291,0921-4534,Q3
https://openalex.org/W2089418627,0003-6951,Q1
https://openalex.org/W2089422372,1432-8917,Q2
https://openalex.org/W2089426372,0168-583X,Q2
https://openalex.org/W2089436848,1003-2169,Q3
https://openalex.org/W2089439045,1044-5803,Q2
https://openalex.org/W2089441442,1350-4487,Q2
https://openalex.org/W2089498527,1044-5803,Q2
https://openalex.org/W2089504652,0021-4876,Q3
https://openalex.org/W2089520830,0020-4412,Q4
https://openalex.org/W2089524179,1388-0764,Q1
https://openalex.org/W2089531456,0022-3697,Q2
https://openalex.org/W2089532445,1001-0521,Q3
https://openalex.org/W2089535832,0168-9002,Q1
https://openalex.org/W2089543428,0927-7765,Q2
https://openalex.org/W2089549312,0895-7959,Q2
https://openalex.org/W2089562429,1070-664X,Q1
https://openalex.org/W2089571709,0017-9310,Q1
https://openalex.org/W2089572255,0022-460X,Q1
https://openalex.org/W2089582626,0169-4332,-
https://openalex.org/W2089629748,0921-4526,Q2
https://openalex.org/W2089647498,0361-5235,Q2
https://openalex.org/W2089652621,1003-6326,Q3
https://openalex.org/W2089672740,0257-8972,Q1
https://openalex.org/W2089688699,0003-6951,Q1
https://openalex.org/W2089710594,0022-3131,Q3
https://openalex.org/W2089715477,0040-6090,Q2
https://openalex.org/W2089726677,0168-9002,Q1
https://openalex.org/W2089729188,0010-2180,Q1
https://openalex.org/W2089739328,0921-5093,Q1
https://openalex.org/W2089749291,0146-9592,Q1
https://openalex.org/W2089751460,0043-1648,Q1
https://openalex.org/W2089756583,0928-4931,Q2
https://openalex.org/W2089763035,0969-806X,Q2
https://openalex.org/W2089790747,1350-4487,Q2
https://openalex.org/W2089793773,1359-6462,Q1
https://openalex.org/W2089797726,1063-7834,Q4
https://openalex.org/W2089816985,0168-583X,Q2
https://openalex.org/W2089827792,1071-0922,Q2
https://openalex.org/W2089843143,0011-748X,Q4
https://openalex.org/W2089843732,1054-660X,Q3
https://openalex.org/W2089845074,0144-8420,Q2
https://openalex.org/W2089862284,0040-6031,Q1
https://openalex.org/W2089872072,1348-6535,Q2
https://openalex.org/W2089872202,0921-4526,Q2
https://openalex.org/W2089876787,0011-748X,Q4
https://openalex.org/W2089889416,0034-6748,Q1
https://openalex.org/W2089920137,0169-4332,-
https://openalex.org/W2089924165,0003-6951,Q1
https://openalex.org/W2089937542,1530-437X,Q2
https://openalex.org/W2089964184,1674-4926,-
https://openalex.org/W2089974762,0043-1648,Q1
https://openalex.org/W2089989696,1003-6326,Q3
https://openalex.org/W2090001837,0925-9635,Q1
https://openalex.org/W2090018472,1745-2473,Q1
https://openalex.org/W2090022466,0040-6090,Q2
https://openalex.org/W2090059862,0921-5107,Q2
https://openalex.org/W2090084036,0142-727X,Q1
https://openalex.org/W2090094419,1350-4487,Q2
https://openalex.org/W2090117287,0169-4332,-
https://openalex.org/W2090134031,1424-8220,Q2
https://openalex.org/W2090141609,0892-7057,Q3
https://openalex.org/W2090152295,1434-6001,Q1
https://openalex.org/W2090173722,0146-9592,Q1
https://openalex.org/W2090186503,0031-8949,Q3
https://openalex.org/W2090198621,0921-4526,Q2
https://openalex.org/W2090204370,0015-0193,Q3
https://openalex.org/W2090208318,0921-5093,Q1
https://openalex.org/W2090209597,0021-4922,Q2
https://openalex.org/W2090215996,1862-6254,Q1
https://openalex.org/W2090216664,0040-6090,Q2
https://openalex.org/W2090223322,0029-5493,Q2
https://openalex.org/W2090225290,0003-6951,Q1
https://openalex.org/W2090238086,0030-4026,Q4
https://openalex.org/W2090241670,0920-5071,Q2
https://openalex.org/W2090245215,0304-3843,Q3
https://openalex.org/W2090246611,0167-9317,Q2
https://openalex.org/W2090247309,0169-4332,-
https://openalex.org/W2090298300,1557-1939,Q3
https://openalex.org/W2090345368,1003-6326,Q3
https://openalex.org/W2090347308,1674-1056,Q3
https://openalex.org/W2090353699,1674-1056,Q3
https://openalex.org/W2090359177,0030-4018,Q1
https://openalex.org/W2090376217,0169-4332,-
https://openalex.org/W2090402456,0170-0839,Q2
https://openalex.org/W2090418190,0263-2241,Q3
https://openalex.org/W2090427120,0360-3199,Q1
https://openalex.org/W2090437829,0921-5093,Q1
https://openalex.org/W2090470385,0957-0233,Q1
https://openalex.org/W2090490693,0146-9592,Q1
https://openalex.org/W2090506633,0038-1101,Q2
https://openalex.org/W2090510228,0924-4247,Q1
https://openalex.org/W2090535771,1098-0121,Q1
https://openalex.org/W2090557949,0946-2171,Q1
https://openalex.org/W2090565205,1387-974X,Q3
https://openalex.org/W2090665639,0167-9317,Q2
https://openalex.org/W2090698613,0021-8979,Q1
https://openalex.org/W2090700778,0038-1098,Q1
https://openalex.org/W2090754358,0169-4332,-
https://openalex.org/W2090839864,0168-9002,Q1
https://openalex.org/W2090855274,0167-9317,Q2
https://openalex.org/W2090855276,0043-1648,Q1
https://openalex.org/W2090880658,1572-9575,Q3
https://openalex.org/W2090899803,1350-4495,Q2
https://openalex.org/W2090908593,0895-2477,Q3
https://openalex.org/W2090923962,0003-6951,Q1
https://openalex.org/W2090932254,0921-5107,Q2
https://openalex.org/W2090963192,0040-6090,Q2
https://openalex.org/W2090964988,0022-4073,Q1
https://openalex.org/W2090966913,0969-8043,Q2
https://openalex.org/W2090973120,1094-4087,Q1
https://openalex.org/W2090979334,1073-5623,Q1
https://openalex.org/W2090985618,0927-0256,Q2
https://openalex.org/W2091014389,1388-6150,Q2
https://openalex.org/W2091036607,1063-7710,Q3
https://openalex.org/W2091051676,0003-682X,Q1
https://openalex.org/W2091057279,0969-8043,Q2
https://openalex.org/W2091087574,0921-5093,Q1
https://openalex.org/W2091099157,0020-7403,Q2
https://openalex.org/W2091111624,0361-5235,Q2
https://openalex.org/W2091125363,0921-4526,Q2
https://openalex.org/W2091132712,0141-3910,Q1
https://openalex.org/W2091137818,0927-7757,-
https://openalex.org/W2091156811,0921-5107,Q2
https://openalex.org/W2091172241,0021-4922,Q2
https://openalex.org/W2091201082,1062-8738,Q4
https://openalex.org/W2091209345,0018-9499,Q2
https://openalex.org/W2091225142,0301-679X,Q1
https://openalex.org/W2091234478,1040-2004,Q3
https://openalex.org/W2091266235,1098-4402,Q1
https://openalex.org/W2091274735,0030-4026,Q4
https://openalex.org/W2091298285,1073-9149,Q3
https://openalex.org/W2091309630,0003-6951,Q1
https://openalex.org/W2091315745,0263-2241,Q3
https://openalex.org/W2091325377,0735-1933,Q1
https://openalex.org/W2091329183,0022-3093,Q2
https://openalex.org/W2091330429,1003-6326,Q3
https://openalex.org/W2091332289,0921-5093,Q1
https://openalex.org/W2091378071,0020-7403,Q2
https://openalex.org/W2091382478,0003-6951,Q1
https://openalex.org/W2091429145,0969-8043,Q2
https://openalex.org/W2091459598,1350-4177,Q1
https://openalex.org/W2091461103,0895-2477,Q3
https://openalex.org/W2091471741,0257-8972,Q1
https://openalex.org/W2091478390,1068-820X,Q4
https://openalex.org/W2091497874,0167-9317,Q2
https://openalex.org/W2091499939,0022-2313,Q1
https://openalex.org/W2091509598,0142-2421,Q2
https://openalex.org/W2091535012,0021-8979,Q1
https://openalex.org/W2091537812,0933-5137,Q3
https://openalex.org/W2091542248,0921-5093,Q1
https://openalex.org/W2091559431,1866-6892,Q3
https://openalex.org/W2091578556,1094-4087,Q1
https://openalex.org/W2091586478,0029-5493,Q2
https://openalex.org/W2091652218,1003-6326,Q3
https://openalex.org/W2091682809,0168-583X,Q2
https://openalex.org/W2091699834,0969-8043,Q2
https://openalex.org/W2091722256,0969-8043,Q2
https://openalex.org/W2091744404,0957-0233,Q1
https://openalex.org/W2091751070,0921-5107,Q2
https://openalex.org/W2091757095,0267-0844,Q3
https://openalex.org/W2091786403,0267-0836,Q2
https://openalex.org/W2091813809,0301-679X,Q1
https://openalex.org/W2091828773,1094-4087,Q1
https://openalex.org/W2091845168,0920-5071,Q2
https://openalex.org/W2091852740,0925-4005,Q1
https://openalex.org/W2091871734,0143-8166,Q2
https://openalex.org/W2091880602,0030-3992,Q2
https://openalex.org/W2091882294,0257-8972,Q1
https://openalex.org/W2091890521,1862-5282,Q3
https://openalex.org/W2091925017,0031-8949,Q3
https://openalex.org/W2091926112,0013-4651,Q1
https://openalex.org/W2091952175,0969-806X,Q2
https://openalex.org/W2091955149,0146-9592,Q1
https://openalex.org/W2091986816,0895-2477,Q3
https://openalex.org/W2091991608,0167-9317,Q2
https://openalex.org/W2091995175,1050-2947,Q1
https://openalex.org/W2092005820,1293-2558,Q2
https://openalex.org/W2092007963,0925-4005,Q1
https://openalex.org/W2092010911,0001-4966,Q1
https://openalex.org/W2092024231,0034-6748,Q1
https://openalex.org/W2092025395,0256-307X,Q2
https://openalex.org/W2092030253,0031-921X,-
https://openalex.org/W2092034067,0003-6951,Q1
https://openalex.org/W2092041354,1598-9623,Q2
https://openalex.org/W2092056777,0042-207X,Q2
https://openalex.org/W2092075789,0040-6090,Q2
https://openalex.org/W2092107136,1094-4087,Q1
https://openalex.org/W2092108226,0078-5466,Q4
https://openalex.org/W2092134372,0022-0248,Q1
https://openalex.org/W2092139726,0043-1648,Q1
https://openalex.org/W2092144351,0264-9381,Q1
https://openalex.org/W2092217319,0927-0256,Q2
https://openalex.org/W2092227938,0301-679X,Q1
https://openalex.org/W2092228117,0009-2614,Q1
https://openalex.org/W2092232592,0921-5093,Q1
https://openalex.org/W2092234934,1388-6150,Q2
https://openalex.org/W2092257439,0969-8043,Q2
https://openalex.org/W2092276911,0895-2477,Q3
https://openalex.org/W2092280267,1293-2558,Q2
https://openalex.org/W2092291692,0360-3199,Q1
https://openalex.org/W2092326351,0038-1101,Q2
https://openalex.org/W2092332677,0142-2421,Q2
https://openalex.org/W2092336257,0038-1098,Q1
https://openalex.org/W2092353758,1098-0121,Q1
https://openalex.org/W2092354174,0928-4931,Q2
https://openalex.org/W2092368563,0022-0248,Q1
https://openalex.org/W2092403670,1063-7826,Q3
https://openalex.org/W2092416188,0021-4922,Q2
https://openalex.org/W2092423328,1350-4487,Q2
https://openalex.org/W2092451602,0921-4526,Q2
https://openalex.org/W2092463532,0038-0938,Q1
https://openalex.org/W2092518610,0042-207X,Q2
https://openalex.org/W2092532985,0168-9002,Q1
https://openalex.org/W2092567665,0029-5515,Q1
https://openalex.org/W2092571359,1094-4087,Q1
https://openalex.org/W2092586975,0928-4931,Q2
https://openalex.org/W2092623460,1094-4087,Q1
https://openalex.org/W2092626631,0021-4922,Q2
https://openalex.org/W2092628581,0168-9002,Q1
https://openalex.org/W2092641860,0003-6951,Q1
https://openalex.org/W2092656564,1567-1739,Q2
https://openalex.org/W2092696469,0963-0252,Q1
https://openalex.org/W2092701174,0040-6090,Q2
https://openalex.org/W2092737346,0043-1648,Q1
https://openalex.org/W2092752693,0167-577X,Q1
https://openalex.org/W2092763115,0022-3727,Q1
https://openalex.org/W2092765959,0146-9592,Q1
https://openalex.org/W2092778420,0169-4332,-
https://openalex.org/W2092817933,0031-8949,Q3
https://openalex.org/W2092825019,0167-577X,Q1
https://openalex.org/W2092832915,0304-8853,Q2
https://openalex.org/W2092847083,0304-3991,Q1
https://openalex.org/W2092854971,0953-2048,Q1
https://openalex.org/W2092873750,0267-0836,Q2
https://openalex.org/W2092902431,0257-8972,Q1
https://openalex.org/W2092912515,0949-1775,Q2
https://openalex.org/W2092923295,0741-3335,Q1
https://openalex.org/W2092927620,0168-9002,Q1
https://openalex.org/W2092929563,0043-1648,Q1
https://openalex.org/W2092948245,1094-4087,Q1
https://openalex.org/W2092956940,1438-1656,Q1
https://openalex.org/W2092957339,1751-8768,Q3
https://openalex.org/W2092973871,0021-8979,Q1
https://openalex.org/W2092997015,1387-1811,Q1
https://openalex.org/W2093001273,1062-8738,Q4
https://openalex.org/W2093013163,1674-1056,Q3
https://openalex.org/W2093024009,0141-3910,Q1
https://openalex.org/W2093076260,1094-4087,Q1
https://openalex.org/W2093078896,0040-6090,Q2
https://openalex.org/W2093085369,0167-9317,Q2
https://openalex.org/W2093087746,0167-9317,Q2
https://openalex.org/W2093091321,1612-2011,Q1
https://openalex.org/W2093120892,0020-7403,Q2
https://openalex.org/W2093137944,0018-926X,Q1
https://openalex.org/W2093143343,0968-4328,-
https://openalex.org/W2093161352,0043-1648,Q1
https://openalex.org/W2093164364,0743-7463,Q1
https://openalex.org/W2093188259,0920-5071,Q2
https://openalex.org/W2093190801,0947-7047,Q2
https://openalex.org/W2093208169,1567-1739,Q2
https://openalex.org/W2093234293,0921-5093,Q1
https://openalex.org/W2093247642,0043-1648,Q1
https://openalex.org/W2093259751,1951-6355,Q2
https://openalex.org/W2093264561,0263-2241,Q3
https://openalex.org/W2093270661,0304-8853,Q2
https://openalex.org/W2093272601,0920-5071,Q2
https://openalex.org/W2093280499,1003-6326,Q3
https://openalex.org/W2093305878,1094-4087,Q1
https://openalex.org/W2093330855,1388-6150,Q2
https://openalex.org/W2093368795,0168-9002,Q1
https://openalex.org/W2093449568,0042-207X,Q2
https://openalex.org/W2093470728,0021-8979,Q1
https://openalex.org/W2093481051,0040-6090,Q2
https://openalex.org/W2093486718,0964-1726,Q1
https://openalex.org/W2093497915,0170-0839,Q2
https://openalex.org/W2093515752,0021-8979,Q1
https://openalex.org/W2093542841,0921-4526,Q2
https://openalex.org/W2093567330,1748-0221,Q1
https://openalex.org/W2093594019,0267-0836,Q2
https://openalex.org/W2093603794,0030-4026,Q4
https://openalex.org/W2093604425,0168-9002,Q1
https://openalex.org/W2093612530,0168-9002,Q1
https://openalex.org/W2093615049,0022-3727,Q1
https://openalex.org/W2093622699,0925-3467,Q1
https://openalex.org/W2093708140,0021-4922,Q2
https://openalex.org/W2093735396,0169-4332,-
https://openalex.org/W2093770717,0920-5071,Q2
https://openalex.org/W2093778868,0360-3199,Q1
https://openalex.org/W2093780589,0013-4651,Q1
https://openalex.org/W2093785462,0924-4247,Q1
https://openalex.org/W2093805370,0010-2180,Q1
https://openalex.org/W2093805575,1340-6000,Q3
https://openalex.org/W2093825561,0021-8979,Q1
https://openalex.org/W2093832848,0740-3224,Q1
https://openalex.org/W2093879168,0921-5093,Q1
https://openalex.org/W2093901029,0030-3992,Q2
https://openalex.org/W2093906125,0144-8420,Q2
https://openalex.org/W2093925982,0925-3467,Q1
https://openalex.org/W2093933289,1044-8632,-
https://openalex.org/W2093949845,0960-0779,-
https://openalex.org/W2093954330,0896-8446,Q1
https://openalex.org/W2093967208,1073-5623,Q1
https://openalex.org/W2093968969,0167-9317,Q2
https://openalex.org/W2093970821,0921-4526,Q2
https://openalex.org/W2093982091,0001-4966,Q1
https://openalex.org/W2093997935,0040-6090,Q2
https://openalex.org/W2094015665,0030-3992,Q2
https://openalex.org/W2094023377,0950-0340,Q2
https://openalex.org/W2094029792,0360-3199,Q1
https://openalex.org/W2094034215,0167-8442,Q2
https://openalex.org/W2094048338,1063-7826,Q3
https://openalex.org/W2094061162,0304-3886,Q2
https://openalex.org/W2094079735,0042-207X,Q2
https://openalex.org/W2094094296,1054-660X,Q3
https://openalex.org/W2094107699,0142-2421,Q2
https://openalex.org/W2094117632,0885-3010,Q1
https://openalex.org/W2094117689,0584-8547,Q1
https://openalex.org/W2094132767,0042-207X,Q2
https://openalex.org/W2094136445,0921-4534,Q3
https://openalex.org/W2094141817,0263-2241,Q3
https://openalex.org/W2094142928,0927-7765,Q2
https://openalex.org/W2094155012,1517-7076,-
https://openalex.org/W2094159942,0256-307X,Q2
https://openalex.org/W2094177780,1094-4087,Q1
https://openalex.org/W2094212580,0020-7608,Q2
https://openalex.org/W2094238511,0003-7028,Q2
https://openalex.org/W2094297183,1063-7834,Q4
https://openalex.org/W2094312619,0257-8972,Q1
https://openalex.org/W2094328372,0022-3131,Q3
https://openalex.org/W2094330246,0041-624X,Q1
https://openalex.org/W2094340306,0921-5093,Q1
https://openalex.org/W2094371541,0895-2477,Q3
https://openalex.org/W2094389177,0920-5071,Q2
https://openalex.org/W2094400151,0003-6951,Q1
https://openalex.org/W2094408718,0168-9002,Q1
https://openalex.org/W2094423628,0168-9002,Q1
https://openalex.org/W2094479507,0040-6090,Q2
https://openalex.org/W2094481511,1996-1944,-
https://openalex.org/W2094499633,0010-4655,Q1
https://openalex.org/W2094500117,0010-2180,Q1
https://openalex.org/W2094510105,0921-5093,Q1
https://openalex.org/W2094545973,1388-6150,Q2
https://openalex.org/W2094550990,0031-9007,Q1
https://openalex.org/W2094552090,1003-6326,Q3
https://openalex.org/W2094553608,0021-4922,Q2
https://openalex.org/W2094556518,0304-3886,Q2
https://openalex.org/W2094568966,0020-2967,Q2
https://openalex.org/W2094591597,0022-3727,Q1
https://openalex.org/W2094602403,0925-4005,Q1
https://openalex.org/W2094603341,0570-4928,Q1
https://openalex.org/W2094605533,0167-9317,Q2
https://openalex.org/W2094622782,1369-8001,Q2
https://openalex.org/W2094624311,0031-9007,Q1
https://openalex.org/W2094642155,0022-2313,Q1
https://openalex.org/W2094651205,0038-0938,Q1
https://openalex.org/W2094651467,0001-4966,Q1
https://openalex.org/W2094672786,0273-1177,-
https://openalex.org/W2094699915,0953-2048,Q1
https://openalex.org/W2094735457,0921-4526,Q2
https://openalex.org/W2094740919,0301-634X,Q1
https://openalex.org/W2094754750,0921-4526,Q2
https://openalex.org/W2094763171,0029-5493,Q2
https://openalex.org/W2094764680,0733-8724,Q1
https://openalex.org/W2094804629,0003-7028,Q2
https://openalex.org/W2094815572,0168-9002,Q1
https://openalex.org/W2094832375,0167-577X,Q1
https://openalex.org/W2094852027,0015-4628,Q3
https://openalex.org/W2094867819,0957-0233,Q1
https://openalex.org/W2094882263,0925-3467,Q1
https://openalex.org/W2094906919,0257-8972,Q1
https://openalex.org/W2094947400,0963-8695,Q2
https://openalex.org/W2094966319,0167-9317,Q2
https://openalex.org/W2094966889,1023-8883,Q2
https://openalex.org/W2094976967,1386-1425,Q2
https://openalex.org/W2094986205,0020-7608,Q2
https://openalex.org/W2095034059,1017-9909,Q3
https://openalex.org/W2095036366,1862-6300,Q2
https://openalex.org/W2095057672,0304-8853,Q2
https://openalex.org/W2095067530,0021-9606,Q1
https://openalex.org/W2095075347,0921-5093,Q1
https://openalex.org/W2095081236,0141-3910,Q1
https://openalex.org/W2095092410,1517-7076,-
https://openalex.org/W2095105126,0022-3115,Q2
https://openalex.org/W2095106419,0960-3409,Q4
https://openalex.org/W2095118123,0022-4596,Q1
https://openalex.org/W2095121804,1094-4087,Q1
https://openalex.org/W2095137737,0018-9197,Q1
https://openalex.org/W2095155024,0743-7463,Q1
https://openalex.org/W2095156923,0895-7959,Q2
https://openalex.org/W2095157653,0026-2714,Q2
https://openalex.org/W2095161953,0969-8043,Q2
https://openalex.org/W2095174608,0021-9037,Q4
https://openalex.org/W2095180956,0969-806X,Q2
https://openalex.org/W2095194294,0924-4247,Q1
https://openalex.org/W2095211513,1350-4495,Q2
https://openalex.org/W2095273702,0022-3115,Q2
https://openalex.org/W2095282013,0003-6951,Q1
https://openalex.org/W2095310399,0021-8979,Q1
https://openalex.org/W2095316126,1063-7745,Q4
https://openalex.org/W2095355025,0034-6748,Q1
https://openalex.org/W2095376827,0003-7028,Q2
https://openalex.org/W2095392100,0254-0584,Q2
https://openalex.org/W2095401693,0168-9002,Q1
https://openalex.org/W2095466742,1388-6150,Q2
https://openalex.org/W2095516968,0257-8972,Q1
https://openalex.org/W2095524305,0191-5665,Q3
https://openalex.org/W2095534909,0025-5408,Q2
https://openalex.org/W2095541026,0257-8972,Q1
https://openalex.org/W2095553137,0003-6951,Q1
https://openalex.org/W2095585152,1094-4087,Q1
https://openalex.org/W2095650929,1041-1135,Q1
https://openalex.org/W2095750813,1992-2248,Q4
https://openalex.org/W2095779368,0141-3910,Q1
https://openalex.org/W2095790226,0733-8724,Q1
https://openalex.org/W2095802907,1051-8223,Q3
https://openalex.org/W2095830355,0018-9456,Q2
https://openalex.org/W2095897268,1041-1135,Q1
https://openalex.org/W2095901395,0043-1648,Q1
https://openalex.org/W2095909851,1077-260X,Q1
https://openalex.org/W2095926886,0029-5493,Q2
https://openalex.org/W2095998041,0002-9505,Q2
https://openalex.org/W2096001616,1001-0521,Q3
https://openalex.org/W2096026727,0030-4018,Q1
https://openalex.org/W2096051970,1041-1135,Q1
https://openalex.org/W2096054751,0013-4651,Q1
https://openalex.org/W2096062822,0740-3224,Q1
https://openalex.org/W2096090658,1051-8223,Q3
https://openalex.org/W2096126427,0018-926X,Q1
https://openalex.org/W2096188958,1051-8223,Q3
https://openalex.org/W2096248092,1051-8223,Q3
https://openalex.org/W2096267881,0733-8724,Q1
https://openalex.org/W2096286143,1530-437X,Q2
https://openalex.org/W2096302606,0018-9480,Q1
https://openalex.org/W2096303276,0361-5235,Q2
https://openalex.org/W2096336477,1051-8223,Q3
https://openalex.org/W2096416457,0103-9733,Q3
https://openalex.org/W2096438814,0895-2477,Q3
https://openalex.org/W2096469037,0733-8724,Q1
https://openalex.org/W2096475004,1424-8220,Q2
https://openalex.org/W2096476515,0022-3115,Q2
https://openalex.org/W2096479859,1530-437X,Q2
https://openalex.org/W2096490790,0992-7689,Q2
https://openalex.org/W2096499321,1748-0221,Q1
https://openalex.org/W2096519250,1992-2248,Q4
https://openalex.org/W2096535703,0018-926X,Q1
https://openalex.org/W2096551113,1531-1309,Q1
https://openalex.org/W2096629680,1226-1750,Q3
https://openalex.org/W2096641384,1017-9909,Q3
https://openalex.org/W2096646696,0018-9456,Q2
https://openalex.org/W2096660816,1551-319X,Q1
https://openalex.org/W2096663697,1022-1352,Q1
https://openalex.org/W2096721841,1063-7737,Q3
https://openalex.org/W2096836779,0370-1972,Q2
https://openalex.org/W2096894528,0022-3093,Q2
https://openalex.org/W2096918924,1051-8223,Q3
https://openalex.org/W2096929475,0267-0836,Q2
https://openalex.org/W2096970872,0029-5922,Q4
https://openalex.org/W2096974486,0018-9456,Q2
https://openalex.org/W2096994476,1003-6326,Q3
https://openalex.org/W2097017469,1063-7850,Q4
https://openalex.org/W2097037748,1051-8223,Q3
https://openalex.org/W2097105186,1083-3668,Q1
https://openalex.org/W2097140175,0040-6090,Q2
https://openalex.org/W2097142346,0026-2714,Q2
https://openalex.org/W2097143687,0010-4655,Q1
https://openalex.org/W2097184953,0043-1648,Q1
https://openalex.org/W2097208189,0029-5515,Q1
https://openalex.org/W2097303694,0449-3060,Q2
https://openalex.org/W2097421090,0018-926X,Q1
https://openalex.org/W2097446166,1531-1309,Q1
https://openalex.org/W2097491653,0733-8724,Q1
https://openalex.org/W2097560160,1531-1309,Q1
https://openalex.org/W2097563251,1531-1309,Q1
https://openalex.org/W2097670828,0004-6361,Q1
https://openalex.org/W2097772002,1530-437X,Q2
https://openalex.org/W2097820353,1041-1135,Q1
https://openalex.org/W2097884956,0169-4332,-
https://openalex.org/W2097897678,0018-926X,Q1
https://openalex.org/W2097934490,0733-8724,Q1
https://openalex.org/W2097943401,1516-1439,Q3
https://openalex.org/W2097984477,1567-1739,Q2
https://openalex.org/W2098036396,1992-2248,Q4
https://openalex.org/W2098080008,1424-8220,Q2
https://openalex.org/W2098094257,1431-9276,Q3
https://openalex.org/W2098120902,1041-1135,Q1
https://openalex.org/W2098229530,1051-8223,Q3
https://openalex.org/W2098318280,1041-1135,Q1
https://openalex.org/W2098323815,1041-1135,Q1
https://openalex.org/W2098332116,0375-9601,Q2
https://openalex.org/W2098349625,0030-3992,Q2
https://openalex.org/W2098385910,0040-6090,Q2
https://openalex.org/W2098392051,0018-926X,Q1
https://openalex.org/W2098397735,0018-9456,Q2
https://openalex.org/W2098425961,0740-3224,Q1
https://openalex.org/W2098448302,0924-4247,Q1
https://openalex.org/W2098507809,0170-0839,Q2
https://openalex.org/W2098685111,0167-9317,Q2
https://openalex.org/W2098695553,1051-8223,Q3
https://openalex.org/W2098758049,0895-2477,Q3
https://openalex.org/W2098764989,0018-9456,Q2
https://openalex.org/W2098795502,1530-437X,Q2
https://openalex.org/W2098814062,0018-926X,Q1
https://openalex.org/W2098847293,0004-6361,Q1
https://openalex.org/W2098860029,1041-1135,Q1
https://openalex.org/W2098879092,1063-7818,Q2
https://openalex.org/W2098973446,0142-2421,Q2
https://openalex.org/W2098982421,1051-8223,Q3
https://openalex.org/W2098994289,1862-6300,Q2
https://openalex.org/W2098997740,1388-6150,Q2
https://openalex.org/W2099037460,0304-3886,Q2
https://openalex.org/W2099042149,1531-1309,Q1
https://openalex.org/W2099050807,1951-6355,Q2
https://openalex.org/W2099061993,1073-5623,Q1
https://openalex.org/W2099131211,1556-276X,Q1
https://openalex.org/W2099144427,1045-9243,Q2
https://openalex.org/W2099173828,1094-4087,Q1
https://openalex.org/W2099214123,0021-4922,Q2
https://openalex.org/W2099240369,1041-1135,Q1
https://openalex.org/W2099250175,1041-1135,Q1
https://openalex.org/W2099271640,1350-4487,Q2
https://openalex.org/W2099278416,0146-9592,Q1
https://openalex.org/W2099386129,0011-2275,Q3
https://openalex.org/W2099447773,0142-2421,Q2
https://openalex.org/W2099494768,0733-8724,Q1
https://openalex.org/W2099503270,0887-6266,Q1
https://openalex.org/W2099582823,1531-1309,Q1
https://openalex.org/W2099681815,1531-1309,Q1
https://openalex.org/W2099684315,1041-1135,Q1
https://openalex.org/W2099693185,0043-1648,Q1
https://openalex.org/W2099704883,0169-4332,-
https://openalex.org/W2099803660,1051-8223,Q3
https://openalex.org/W2099809278,0038-1101,Q2
https://openalex.org/W2099831216,0003-3804,Q2
https://openalex.org/W2099943150,1041-1135,Q1
https://openalex.org/W2099998138,0022-3093,Q2
https://openalex.org/W2100060676,0360-3199,Q1
https://openalex.org/W2100084386,0733-8724,Q1
https://openalex.org/W2100207848,1094-4087,Q1
https://openalex.org/W2100233835,0093-3813,Q2
https://openalex.org/W2100234092,1388-6150,Q2
https://openalex.org/W2100436350,1531-1309,Q1
https://openalex.org/W2100600481,0146-9592,Q1
https://openalex.org/W2100601283,0022-0248,Q1
https://openalex.org/W2100663885,1041-1135,Q1
https://openalex.org/W2100705738,0167-9317,Q2
https://openalex.org/W2100741651,0022-4596,Q1
https://openalex.org/W2100759763,1051-8223,Q3
https://openalex.org/W2100806298,0927-7757,-
https://openalex.org/W2100844102,0078-5466,Q4
https://openalex.org/W2100879808,0018-926X,Q1
https://openalex.org/W2100891155,0018-9456,Q2
https://openalex.org/W2100969994,0733-8724,Q1
https://openalex.org/W2101030425,0301-679X,Q1
https://openalex.org/W2101045631,0885-3010,Q1
https://openalex.org/W2101071388,1996-1944,-
https://openalex.org/W2101076964,1077-260X,Q1
https://openalex.org/W2101124212,1041-1135,Q1
https://openalex.org/W2101129954,0021-8979,Q1
https://openalex.org/W2101163418,0168-9002,Q1
https://openalex.org/W2101191886,1424-8220,Q2
https://openalex.org/W2101198023,1862-6300,Q2
https://openalex.org/W2101203174,0022-4596,Q1
https://openalex.org/W2101208948,0263-2241,Q3
https://openalex.org/W2101258731,0937-9347,Q2
https://openalex.org/W2101302167,1749-4885,Q1
https://openalex.org/W2101363943,0026-2714,Q2
https://openalex.org/W2101414262,1530-437X,Q2
https://openalex.org/W2101441217,0035-8711,Q1
https://openalex.org/W2101477698,1041-1135,Q1
https://openalex.org/W2101480250,1063-7834,Q4
https://openalex.org/W2101487821,1612-8850,Q2
https://openalex.org/W2101490726,0168-583X,Q2
https://openalex.org/W2101508136,0170-0839,Q2
https://openalex.org/W2101573662,0925-4005,Q1
https://openalex.org/W2101602162,0018-9499,Q2
https://openalex.org/W2101617792,1424-8220,Q2
https://openalex.org/W2101643056,0018-9456,Q2
https://openalex.org/W2101700557,1362-1718,Q1
https://openalex.org/W2101710279,0018-926X,Q1
https://openalex.org/W2101772783,1051-8223,Q3
https://openalex.org/W2101779743,1996-1944,-
https://openalex.org/W2101786501,0018-9480,Q1
https://openalex.org/W2101812365,1992-1950,Q4
https://openalex.org/W2101871529,1996-1944,-
https://openalex.org/W2101898312,0018-9456,Q2
https://openalex.org/W2101947945,0032-5899,Q3
https://openalex.org/W2101954970,1045-9243,Q2
https://openalex.org/W2102013265,0093-3813,Q2
https://openalex.org/W2102031973,0301-5629,Q1
https://openalex.org/W2102046347,0301-679X,Q1
https://openalex.org/W2102066158,0018-9480,Q1
https://openalex.org/W2102087828,1531-1309,Q1
https://openalex.org/W2102097517,0379-7112,Q2
https://openalex.org/W2102175474,1348-6535,Q2
https://openalex.org/W2102179125,0733-8724,Q1
https://openalex.org/W2102186908,0947-076X,Q4
https://openalex.org/W2102190322,0018-926X,Q1
https://openalex.org/W2102221710,0020-7608,Q2
https://openalex.org/W2102292638,0894-6507,Q2
https://openalex.org/W2102332550,1083-3668,Q1
https://openalex.org/W2102343145,0093-3813,Q2
https://openalex.org/W2102442712,0018-9456,Q2
https://openalex.org/W2102482803,1051-8223,Q3
https://openalex.org/W2102503820,1094-4087,Q1
https://openalex.org/W2102551631,0003-6951,Q1
https://openalex.org/W2102556024,0013-4651,Q1
https://openalex.org/W2102592307,1388-6150,Q2
https://openalex.org/W2102633794,0143-0807,Q3
https://openalex.org/W2102693142,0168-9002,Q1
https://openalex.org/W2102694275,0018-9456,Q2
https://openalex.org/W2102723485,1530-437X,Q2
https://openalex.org/W2102801474,1932-5150,Q3
https://openalex.org/W2102803723,1077-260X,Q1
https://openalex.org/W2102844621,1616-301X,Q1
https://openalex.org/W2102848379,0167-9317,Q2
https://openalex.org/W2102870330,0146-9592,Q1
https://openalex.org/W2102879249,0360-3016,Q1
https://openalex.org/W2102893099,0018-9499,Q2
https://openalex.org/W2102923184,1051-8223,Q3
https://openalex.org/W2102933343,0146-9592,Q1
https://openalex.org/W2102994661,0013-4651,Q1
https://openalex.org/W2102995450,0018-9456,Q2
https://openalex.org/W2103081921,0093-3813,Q2
https://openalex.org/W2103100540,0026-2714,Q2
https://openalex.org/W2103117930,1556-276X,Q1
https://openalex.org/W2103158001,0393-0440,Q2
https://openalex.org/W2103229647,1551-319X,Q1
https://openalex.org/W2103254695,0018-926X,Q1
https://openalex.org/W2103266730,0938-1287,Q2
https://openalex.org/W2103273879,1530-437X,Q2
https://openalex.org/W2103280819,0268-1242,Q2
https://openalex.org/W2103332347,0168-9002,Q1
https://openalex.org/W2103395352,1068-1302,Q3
https://openalex.org/W2103396004,0733-8724,Q1
https://openalex.org/W2103405668,1531-1309,Q1
https://openalex.org/W2103408691,1348-6535,Q2
https://openalex.org/W2103428703,1022-1360,Q2
https://openalex.org/W2103443070,0018-9480,Q1
https://openalex.org/W2103575581,1469-0667,Q2
https://openalex.org/W2103598880,0093-3813,Q2
https://openalex.org/W2103599849,0033-7587,Q1
https://openalex.org/W2103617188,0022-3093,Q2
https://openalex.org/W2103621063,0018-9499,Q2
https://openalex.org/W2103672555,0306-8919,Q2
https://openalex.org/W2103771983,0018-9499,Q2
https://openalex.org/W2103872184,0957-0233,Q1
https://openalex.org/W2104027228,0018-9499,Q2
https://openalex.org/W2104027887,1810-2328,Q3
https://openalex.org/W2104057687,0019-0578,Q2
https://openalex.org/W2104061151,1556-276X,Q1
https://openalex.org/W2104075792,1751-8822,Q3
https://openalex.org/W2104121865,1752-8933,Q4
https://openalex.org/W2104177486,1051-8223,Q3
https://openalex.org/W2104199697,0004-6361,Q1
https://openalex.org/W2104211666,0031-9120,Q3
https://openalex.org/W2104310062,1041-1135,Q1
https://openalex.org/W2104338903,1526-9914,Q1
https://openalex.org/W2104367485,0018-9456,Q2
https://openalex.org/W2104403665,0018-9480,Q1
https://openalex.org/W2104433630,1359-6462,Q1
https://openalex.org/W2104450338,1051-8223,Q3
https://openalex.org/W2104533107,1094-4087,Q1
https://openalex.org/W2104791835,0021-8979,Q1
https://openalex.org/W2104804037,1463-9076,Q1
https://openalex.org/W2104810752,1565-1339,Q1
https://openalex.org/W2104836822,0033-7587,Q1
https://openalex.org/W2104836867,0144-8420,Q2
https://openalex.org/W2104847968,1944-8201,Q1
https://openalex.org/W2104855535,0018-9499,Q2
https://openalex.org/W2104881703,1567-1739,Q2
https://openalex.org/W2104885484,0018-9375,Q2
https://openalex.org/W2104927879,0894-6507,Q2
https://openalex.org/W2104929749,1992-2248,Q4
https://openalex.org/W2105007456,0018-9456,Q2
https://openalex.org/W2105033564,1051-8223,Q3
https://openalex.org/W2105047618,0004-6361,Q1
https://openalex.org/W2105072004,1536-5379,Q2
https://openalex.org/W2105073746,1051-8223,Q3
https://openalex.org/W2105152928,0004-6361,Q1
https://openalex.org/W2105171045,1350-4177,Q1
https://openalex.org/W2105176625,1433-7266,Q4
https://openalex.org/W2105184990,0091-3286,Q2
https://openalex.org/W2105215815,0361-5235,Q2
https://openalex.org/W2105221069,0103-9733,Q3
https://openalex.org/W2105233540,0168-9002,Q1
https://openalex.org/W2105241610,1516-1439,Q3
https://openalex.org/W2105353163,1051-8223,Q3
https://openalex.org/W2105365449,0169-4332,-
https://openalex.org/W2105430445,0146-9592,Q1
https://openalex.org/W2105482359,0018-926X,Q1
https://openalex.org/W2105502557,0937-9347,Q2
https://openalex.org/W2105524720,1041-1135,Q1
https://openalex.org/W2105573609,0018-9499,Q2
https://openalex.org/W2105686567,1051-8223,Q3
https://openalex.org/W2105765498,1556-276X,Q1
https://openalex.org/W2105834552,0022-3093,Q2
https://openalex.org/W2105917307,1051-8223,Q3
https://openalex.org/W2105926618,1051-8223,Q3
https://openalex.org/W2105931234,1674-4926,-
https://openalex.org/W2106027709,0264-9381,Q1
https://openalex.org/W2106103963,1094-4087,Q1
https://openalex.org/W2106289635,0892-7057,Q3
https://openalex.org/W2106312179,0733-8724,Q1
https://openalex.org/W2106315617,1531-1309,Q1
https://openalex.org/W2106360377,1530-437X,Q2
https://openalex.org/W2106376162,1051-8223,Q3
https://openalex.org/W2106384963,0093-3813,Q2
https://openalex.org/W2106390595,1041-1135,Q1
https://openalex.org/W2106439876,0093-3813,Q2
https://openalex.org/W2106452961,0933-5137,Q3
https://openalex.org/W2106466774,0010-3616,Q1
https://openalex.org/W2106567234,1531-1309,Q1
https://openalex.org/W2106596027,1748-3387,Q1
https://openalex.org/W2106614086,0928-4931,Q2
https://openalex.org/W2106712461,0022-3727,Q1
https://openalex.org/W2106726538,0018-9480,Q1
https://openalex.org/W2106739799,1862-6300,Q2
https://openalex.org/W2106801809,0733-8724,Q1
https://openalex.org/W2106804219,1367-2630,Q1
https://openalex.org/W2106844850,1045-9243,Q2
https://openalex.org/W2106908109,0018-9499,Q2
https://openalex.org/W2106912297,0018-9480,Q1
https://openalex.org/W2106919090,0925-9635,Q1
https://openalex.org/W2107092196,0018-9480,Q1
https://openalex.org/W2107232715,1041-1135,Q1
https://openalex.org/W2107258754,0860-8229,Q3
https://openalex.org/W2107324308,0168-9002,Q1
https://openalex.org/W2107384596,0018-9456,Q2
https://openalex.org/W2107469826,0018-9480,Q1
https://openalex.org/W2107515012,0146-9592,Q1
https://openalex.org/W2107519195,1071-0922,Q2
https://openalex.org/W2107536015,1551-319X,Q1
https://openalex.org/W2107623313,0018-926X,Q1
https://openalex.org/W2107626537,1388-6150,Q2
https://openalex.org/W2107653342,1556-276X,Q1
https://openalex.org/W2107671876,1364-503X,Q2
https://openalex.org/W2107707644,1051-8223,Q3
https://openalex.org/W2107715510,1559-9612,Q3
https://openalex.org/W2107718052,0103-9733,Q3
https://openalex.org/W2107740417,0018-926X,Q1
https://openalex.org/W2107795361,1063-7729,Q3
https://openalex.org/W2107841033,0018-9499,Q2
https://openalex.org/W2107845634,1041-1135,Q1
https://openalex.org/W2107869423,1071-0922,Q2
https://openalex.org/W2108027139,0093-3813,Q2
https://openalex.org/W2108090523,1530-437X,Q2
https://openalex.org/W2108109495,0146-9592,Q1
https://openalex.org/W2108140490,0167-8442,Q2
https://openalex.org/W2108152829,1041-1135,Q1
https://openalex.org/W2108183908,0018-9375,Q2
https://openalex.org/W2108228886,0093-3813,Q2
https://openalex.org/W2108257763,0018-9456,Q2
https://openalex.org/W2108258334,0146-9592,Q1
https://openalex.org/W2108278376,0946-2171,Q1
https://openalex.org/W2108353514,1051-8223,Q3
https://openalex.org/W2108420113,0093-3813,Q2
https://openalex.org/W2108421067,0304-8853,Q2
https://openalex.org/W2108446742,0301-679X,Q1
https://openalex.org/W2108464329,1530-437X,Q2
https://openalex.org/W2108475826,0018-9480,Q1
https://openalex.org/W2108483546,1051-8223,Q3
https://openalex.org/W2108575660,1051-8223,Q3
https://openalex.org/W2108616058,0733-8724,Q1
https://openalex.org/W2108633872,1528-7483,Q1
https://openalex.org/W2108644682,0925-4005,Q1
https://openalex.org/W2108652474,0014-3057,Q1
https://openalex.org/W2108678947,0078-5466,Q4
https://openalex.org/W2108725413,0011-2275,Q3
https://openalex.org/W2108736277,1932-5150,Q3
https://openalex.org/W2108737159,0018-9499,Q2
https://openalex.org/W2108747729,1051-8223,Q3
https://openalex.org/W2108754201,0733-8724,Q1
https://openalex.org/W2108798954,0093-3813,Q2
https://openalex.org/W2108862906,1530-437X,Q2
https://openalex.org/W2108906373,0168-9002,Q1
https://openalex.org/W2108912325,0093-3813,Q2
https://openalex.org/W2108942883,1556-276X,Q1
https://openalex.org/W2108953022,0142-2421,Q2
https://openalex.org/W2108967257,0018-926X,Q1
https://openalex.org/W2108980885,0020-7608,Q2
https://openalex.org/W2108985411,1531-1309,Q1
https://openalex.org/W2109006095,0018-9499,Q2
https://openalex.org/W2109008081,1051-8223,Q3
https://openalex.org/W2109063347,0146-9592,Q1
https://openalex.org/W2109070602,0018-9456,Q2
https://openalex.org/W2109097758,1011-1344,Q2
https://openalex.org/W2109205467,1059-910X,Q1
https://openalex.org/W2109253080,0938-0108,Q3
https://openalex.org/W2109332612,1003-6326,Q3
https://openalex.org/W2109389766,0018-9456,Q2
https://openalex.org/W2109400479,1051-8223,Q3
https://openalex.org/W2109437219,0030-4026,Q4
https://openalex.org/W2109462013,0018-9480,Q1
https://openalex.org/W2109557735,0018-9499,Q2
https://openalex.org/W2109577848,0933-5137,Q3
https://openalex.org/W2109606300,1388-6150,Q2
https://openalex.org/W2109607717,0733-8724,Q1
https://openalex.org/W2109624346,0946-2171,Q1
https://openalex.org/W2109664941,0018-9456,Q2
https://openalex.org/W2109666451,1424-8220,Q2
https://openalex.org/W2109789418,1041-1135,Q1
https://openalex.org/W2109805410,1932-5150,Q3
https://openalex.org/W2109852284,1516-1439,Q3
https://openalex.org/W2109877128,1364-503X,Q2
https://openalex.org/W2109889281,0301-679X,Q1
https://openalex.org/W2109897848,1476-1122,Q1
https://openalex.org/W2109905181,1051-8223,Q3
https://openalex.org/W2110006595,0093-3813,Q2
https://openalex.org/W2110011862,0018-9456,Q2
https://openalex.org/W2110215048,0885-3010,Q1
https://openalex.org/W2110276289,0733-8724,Q1
https://openalex.org/W2110305364,1041-1135,Q1
https://openalex.org/W2110309704,1932-5150,Q3
https://openalex.org/W2110335636,0733-8724,Q1
https://openalex.org/W2110353790,0168-9002,Q1
https://openalex.org/W2110373887,0038-1101,Q2
https://openalex.org/W2110382562,0018-9375,Q2
https://openalex.org/W2110451101,0167-9317,Q2
https://openalex.org/W2110562006,1862-5282,Q3
https://openalex.org/W2110577360,1041-1135,Q1
https://openalex.org/W2110599323,0017-9310,Q1
https://openalex.org/W2110608235,1051-8223,Q3
https://openalex.org/W2110630093,0004-6361,Q1
https://openalex.org/W2110646505,1077-260X,Q1
https://openalex.org/W2110684359,0029-5922,Q4
https://openalex.org/W2110694776,1516-1439,Q3
https://openalex.org/W2110713767,0733-8724,Q1
https://openalex.org/W2110715384,0043-1648,Q1
https://openalex.org/W2110721183,1041-1135,Q1
https://openalex.org/W2110761239,1687-725X,-
https://openalex.org/W2110762164,1531-1309,Q1
https://openalex.org/W2110829128,0379-7112,Q2
https://openalex.org/W2110835851,0925-4005,Q1
https://openalex.org/W2110849570,1051-8223,Q3
https://openalex.org/W2110856447,1932-5150,Q3
https://openalex.org/W2110875666,0038-6308,Q1
https://openalex.org/W2110880013,0018-9375,Q2
https://openalex.org/W2110939572,1050-2947,Q1
https://openalex.org/W2110970017,0146-9592,Q1
https://openalex.org/W2110983635,0018-9456,Q2
https://openalex.org/W2111046016,0167-9317,Q2
https://openalex.org/W2111075646,0167-9317,Q2
https://openalex.org/W2111135517,0018-9499,Q2
https://openalex.org/W2111138496,0167-9317,Q2
https://openalex.org/W2111178672,1531-1309,Q1
https://openalex.org/W2111217315,0934-0866,Q3
https://openalex.org/W2111225264,0256-307X,Q2
https://openalex.org/W2111353020,0018-9456,Q2
https://openalex.org/W2111405033,0167-9317,Q2
https://openalex.org/W2111433252,1051-8223,Q3
https://openalex.org/W2111443845,1516-1439,Q3
https://openalex.org/W2111457544,1535-3508,Q1
https://openalex.org/W2111470681,1051-8223,Q3
https://openalex.org/W2111531065,0885-3010,Q1
https://openalex.org/W2111671858,1041-1135,Q1
https://openalex.org/W2111690874,0195-928X,Q3
https://openalex.org/W2111730315,1051-8223,Q3
https://openalex.org/W2111762143,1051-8223,Q3
https://openalex.org/W2111829908,1531-1309,Q1
https://openalex.org/W2111837804,1051-8223,Q3
https://openalex.org/W2111851474,0892-7057,Q3
https://openalex.org/W2111880689,0733-8724,Q1
https://openalex.org/W2112006459,0100-4670,Q3
https://openalex.org/W2112048257,0039-6028,Q1
https://openalex.org/W2112089816,1051-8223,Q3
https://openalex.org/W2112100339,0927-7757,-
https://openalex.org/W2112133318,1388-6150,Q2
https://openalex.org/W2112165322,1438-1656,Q1
https://openalex.org/W2112201236,0925-4005,Q1
https://openalex.org/W2112227276,1476-1122,Q1
https://openalex.org/W2112231687,0018-9480,Q1
https://openalex.org/W2112240446,0895-2477,Q3
https://openalex.org/W2112301630,0031-9007,Q1
https://openalex.org/W2112329783,1674-4527,-
https://openalex.org/W2112370451,1051-8223,Q3
https://openalex.org/W2112387402,1749-4885,Q1
https://openalex.org/W2112547511,0042-207X,Q2
https://openalex.org/W2112553586,0018-9456,Q2
https://openalex.org/W2112566088,0010-5082,Q3
https://openalex.org/W2112594863,1566-1199,Q1
https://openalex.org/W2112598148,0018-9480,Q1
https://openalex.org/W2112601688,1464-4193,Q2
https://openalex.org/W2112637772,0144-8420,Q2
https://openalex.org/W2112647642,0018-9456,Q2
https://openalex.org/W2112662646,0018-926X,Q1
https://openalex.org/W2112664833,0149-5739,Q2
https://openalex.org/W2112682872,0304-8853,Q2
https://openalex.org/W2112728827,0018-9480,Q1
https://openalex.org/W2112760548,0018-9480,Q1
https://openalex.org/W2112762620,1068-820X,Q4
https://openalex.org/W2112816903,0733-8724,Q1
https://openalex.org/W2112820625,0885-7156,Q3
https://openalex.org/W2112905133,0733-8724,Q1
https://openalex.org/W2112971451,1094-4087,Q1
https://openalex.org/W2113001322,0018-9456,Q2
https://openalex.org/W2113070864,1362-1718,Q1
https://openalex.org/W2113076394,0167-9317,Q2
https://openalex.org/W2113192564,0022-3093,Q2
https://openalex.org/W2113214314,0042-207X,Q2
https://openalex.org/W2113256566,1063-7869,Q2
https://openalex.org/W2113281851,0895-2477,Q3
https://openalex.org/W2113336171,0013-4651,Q1
https://openalex.org/W2113426518,1077-260X,Q1
https://openalex.org/W2113451137,1051-8223,Q3
https://openalex.org/W2113504749,0018-9480,Q1
https://openalex.org/W2113539128,1071-0922,Q2
https://openalex.org/W2113547120,1530-437X,Q2
https://openalex.org/W2113638741,0018-9480,Q1
https://openalex.org/W2113647116,0021-8944,Q3
https://openalex.org/W2113739713,1530-437X,Q2
https://openalex.org/W2113772617,1003-6326,Q3
https://openalex.org/W2113809716,1051-8223,Q3
https://openalex.org/W2113824722,0018-9480,Q1
https://openalex.org/W2113839441,0040-6090,Q2
https://openalex.org/W2114029244,0733-8724,Q1
https://openalex.org/W2114047648,0168-583X,Q2
https://openalex.org/W2114080383,0018-9499,Q2
https://openalex.org/W2114122415,1530-437X,Q2
https://openalex.org/W2114124918,0018-9480,Q1
https://openalex.org/W2114126205,0267-8292,Q2
https://openalex.org/W2114141175,1388-6150,Q2
https://openalex.org/W2114168090,0018-926X,Q1
https://openalex.org/W2114193800,1431-9276,Q3
https://openalex.org/W2114270191,0093-3813,Q2
https://openalex.org/W2114309708,0018-9499,Q2
https://openalex.org/W2114316545,0254-0584,Q2
https://openalex.org/W2114345191,0013-4651,Q1
https://openalex.org/W2114366518,0733-8724,Q1
https://openalex.org/W2114379011,1041-1135,Q1
https://openalex.org/W2114412493,0018-926X,Q1
https://openalex.org/W2114434484,1364-503X,Q2
https://openalex.org/W2114522668,0992-7689,Q2
https://openalex.org/W2114569351,1424-8220,Q2
https://openalex.org/W2114582092,0004-6361,Q1
https://openalex.org/W2114629086,0091-3286,Q2
https://openalex.org/W2114632495,0018-926X,Q1
https://openalex.org/W2114644014,0146-9592,Q1
https://openalex.org/W2114707069,0885-3010,Q1
https://openalex.org/W2114754834,0938-0108,Q3
https://openalex.org/W2114763182,0232-1300,Q3
https://openalex.org/W2114776802,0895-2477,Q3
https://openalex.org/W2114870415,1424-8220,Q2
https://openalex.org/W2114938360,1364-503X,Q2
https://openalex.org/W2114973756,0091-3286,Q2
https://openalex.org/W2114976314,1051-8223,Q3
https://openalex.org/W2114976779,1094-4087,Q1
https://openalex.org/W2115003588,0018-9456,Q2
https://openalex.org/W2115022808,0035-8711,Q1
https://openalex.org/W2115051434,0379-7112,Q2
https://openalex.org/W2115060966,0018-926X,Q1
https://openalex.org/W2115078851,0963-0252,Q1
https://openalex.org/W2115101377,0018-9197,Q1
https://openalex.org/W2115130269,1526-9914,Q1
https://openalex.org/W2115146484,0957-4522,Q2
https://openalex.org/W2115197262,1003-6326,Q3
https://openalex.org/W2115244831,0018-926X,Q1
https://openalex.org/W2115270190,0030-4018,Q1
https://openalex.org/W2115300308,0263-2241,Q3
https://openalex.org/W2115317135,1530-437X,Q2
https://openalex.org/W2115347834,1077-260X,Q1
https://openalex.org/W2115364517,1041-1135,Q1
https://openalex.org/W2115399164,0733-8724,Q1
https://openalex.org/W2115476602,0894-6507,Q2
https://openalex.org/W2115516240,0013-4651,Q1
https://openalex.org/W2115516668,0018-9499,Q2
https://openalex.org/W2115627423,0733-8724,Q1
https://openalex.org/W2115630936,0304-3843,Q3
https://openalex.org/W2115665554,1992-1950,Q4
https://openalex.org/W2115669285,0924-4247,Q1
https://openalex.org/W2115706701,0018-926X,Q1
https://openalex.org/W2115756742,0003-6951,Q1
https://openalex.org/W2115767697,1041-1135,Q1
https://openalex.org/W2115808493,0733-8724,Q1
https://openalex.org/W2115815421,1041-1135,Q1
https://openalex.org/W2115835458,1556-276X,Q1
https://openalex.org/W2115851701,0304-3843,Q3
https://openalex.org/W2115882644,0143-0807,Q3
https://openalex.org/W2115886592,1041-1135,Q1
https://openalex.org/W2115945518,0895-2477,Q3
https://openalex.org/W2115953080,1424-8220,Q2
https://openalex.org/W2115997634,0026-2714,Q2
https://openalex.org/W2116014149,0927-6505,Q1
https://openalex.org/W2116025889,0003-6951,Q1
https://openalex.org/W2116038151,0733-8724,Q1
https://openalex.org/W2116103260,1041-1135,Q1
https://openalex.org/W2116138376,1094-4087,Q1
https://openalex.org/W2116174408,0018-9456,Q2
https://openalex.org/W2116184862,0022-3727,Q1
https://openalex.org/W2116188051,1350-6501,Q2
https://openalex.org/W2116212804,1051-8223,Q3
https://openalex.org/W2116237184,1546-542X,Q2
https://openalex.org/W2116328920,1388-6150,Q2
https://openalex.org/W2116493431,0949-1775,Q2
https://openalex.org/W2116590770,1996-1944,-
https://openalex.org/W2116716880,0018-9456,Q2
https://openalex.org/W2116796862,0038-1101,Q2
https://openalex.org/W2116804400,1226-4776,Q2
https://openalex.org/W2116900521,1226-4776,Q2
https://openalex.org/W2116927148,1041-1135,Q1
https://openalex.org/W2117013576,0018-926X,Q1
https://openalex.org/W2117055958,0361-5235,Q2
https://openalex.org/W2117087694,0018-9456,Q2
https://openalex.org/W2117099109,1051-8223,Q3
https://openalex.org/W2117107102,1992-2248,Q4
https://openalex.org/W2117110572,0927-6505,Q1
https://openalex.org/W2117189068,1050-2947,Q1
https://openalex.org/W2117231742,1526-9914,Q1
https://openalex.org/W2117286146,1041-1135,Q1
https://openalex.org/W2117311319,1094-4087,Q1
https://openalex.org/W2117359466,1424-8220,Q2
https://openalex.org/W2117412487,0018-9480,Q1
https://openalex.org/W2117441547,0142-2421,Q2
https://openalex.org/W2117444423,0018-926X,Q1
https://openalex.org/W2117500922,0218-3013,Q2
https://openalex.org/W2117525750,0022-3727,Q1
https://openalex.org/W2117551645,0004-6361,Q1
https://openalex.org/W2117576032,0733-8724,Q1
https://openalex.org/W2117578017,0018-9499,Q2
https://openalex.org/W2117608490,0301-679X,Q1
https://openalex.org/W2117609606,1569-8025,Q3
https://openalex.org/W2117662239,0169-4243,Q2
https://openalex.org/W2117718268,1388-6150,Q2
https://openalex.org/W2117785604,1063-7745,Q4
https://openalex.org/W2117872881,1051-8223,Q3
https://openalex.org/W2117911580,0733-8724,Q1
https://openalex.org/W2117960438,1051-8223,Q3
https://openalex.org/W2118050792,1992-2248,Q4
https://openalex.org/W2118060903,1041-1135,Q1
https://openalex.org/W2118086666,0018-9499,Q2
https://openalex.org/W2118131457,1530-437X,Q2
https://openalex.org/W2118150819,0895-2477,Q3
https://openalex.org/W2118155869,1388-6150,Q2
https://openalex.org/W2118205116,1041-1135,Q1
https://openalex.org/W2118216551,1094-6969,Q2
https://openalex.org/W2118352801,0019-1035,Q1
https://openalex.org/W2118407485,0018-926X,Q1
https://openalex.org/W2118561358,0361-5235,Q2
https://openalex.org/W2118711001,1751-8822,Q3
https://openalex.org/W2118784291,0925-4005,Q1
https://openalex.org/W2118844037,1041-1135,Q1
https://openalex.org/W2118936005,0146-9592,Q1
https://openalex.org/W2118956359,0018-9456,Q2
https://openalex.org/W2119019122,0022-2313,Q1
https://openalex.org/W2119040038,1531-1309,Q1
https://openalex.org/W2119118763,1051-8223,Q3
https://openalex.org/W2119126849,0953-2048,Q1
https://openalex.org/W2119160864,0733-8724,Q1
https://openalex.org/W2119184530,1932-5150,Q3
https://openalex.org/W2119288572,1094-4087,Q1
https://openalex.org/W2119299231,0040-6090,Q2
https://openalex.org/W2119325510,0018-9456,Q2
https://openalex.org/W2119328118,1051-8223,Q3
https://openalex.org/W2119336234,1992-2248,Q4
https://openalex.org/W2119357669,1041-1135,Q1
https://openalex.org/W2119394851,0304-8853,Q2
https://openalex.org/W2119401730,0018-926X,Q1
https://openalex.org/W2119487854,0093-3813,Q2
https://openalex.org/W2119509448,1748-0221,Q1
https://openalex.org/W2119515911,1388-6150,Q2
https://openalex.org/W2119588682,0018-9499,Q2
https://openalex.org/W2119688704,1041-1135,Q1
https://openalex.org/W2119732367,1051-8223,Q3
https://openalex.org/W2119768867,1041-1135,Q1
https://openalex.org/W2119824031,1041-1135,Q1
https://openalex.org/W2119831055,0177-7963,Q3
https://openalex.org/W2119899274,1424-8220,Q2
https://openalex.org/W2119908692,0018-9456,Q2
https://openalex.org/W2120067191,1424-8220,Q2
https://openalex.org/W2120073678,0921-4526,Q2
https://openalex.org/W2120082031,0018-9456,Q2
https://openalex.org/W2120111259,0018-9456,Q2
https://openalex.org/W2120116823,0018-926X,Q1
https://openalex.org/W2120120947,0003-682X,Q1
https://openalex.org/W2120135503,1527-3342,Q3
https://openalex.org/W2120148138,0169-4332,-
https://openalex.org/W2120190513,0169-4332,-
https://openalex.org/W2120195624,1531-1309,Q1
https://openalex.org/W2120240042,0361-5235,Q2
https://openalex.org/W2120271266,1516-1439,Q3
https://openalex.org/W2120322972,1744-683X,Q1
https://openalex.org/W2120356803,0018-9456,Q2
https://openalex.org/W2120365727,1045-9243,Q2
https://openalex.org/W2120385324,0733-8724,Q1
https://openalex.org/W2120466026,1463-9076,Q1
https://openalex.org/W2120506582,0018-926X,Q1
https://openalex.org/W2120510962,1992-1950,Q4
https://openalex.org/W2120629415,1531-1309,Q1
https://openalex.org/W2120706196,0018-926X,Q1
https://openalex.org/W2120849961,0168-9002,Q1
https://openalex.org/W2120872475,1051-8223,Q3
https://openalex.org/W2120961911,0026-0673,Q4
https://openalex.org/W2120970762,0029-5493,Q2
https://openalex.org/W2121049504,1388-6150,Q2
https://openalex.org/W2121104634,1041-1135,Q1
https://openalex.org/W2121104741,1226-4776,Q2
https://openalex.org/W2121119097,0733-8724,Q1
https://openalex.org/W2121120713,0018-9499,Q2
https://openalex.org/W2121165250,0042-207X,Q2
https://openalex.org/W2121201235,1531-1309,Q1
https://openalex.org/W2121203635,0018-9375,Q2
https://openalex.org/W2121234186,1286-0042,Q2
https://openalex.org/W2121264346,0924-2716,Q1
https://openalex.org/W2121293083,1286-0042,Q2
https://openalex.org/W2121319939,1542-1406,Q3
https://openalex.org/W2121360478,0020-7608,Q2
https://openalex.org/W2121426111,1041-1135,Q1
https://openalex.org/W2121429943,0217-9792,Q3
https://openalex.org/W2121495005,0733-8724,Q1
https://openalex.org/W2121515158,1077-260X,Q1
https://openalex.org/W2121531126,1385-3449,Q2
https://openalex.org/W2121570954,1531-1309,Q1
https://openalex.org/W2121608917,1424-8220,Q2
https://openalex.org/W2121610214,1530-437X,Q2
https://openalex.org/W2121649839,0093-3813,Q2
https://openalex.org/W2121754093,0169-4332,-
https://openalex.org/W2121821374,1041-1135,Q1
https://openalex.org/W2121835323,0267-8292,Q2
https://openalex.org/W2121867628,0733-8724,Q1
https://openalex.org/W2121871313,1362-1718,Q1
https://openalex.org/W2121937859,0018-9456,Q2
https://openalex.org/W2122080959,0895-2477,Q3
https://openalex.org/W2122084944,0144-8420,Q2
https://openalex.org/W2122094961,0091-3286,Q2
https://openalex.org/W2122107572,0018-9480,Q1
https://openalex.org/W2122167510,0043-1648,Q1
https://openalex.org/W2122208001,1063-7869,Q2
https://openalex.org/W2122220789,0263-6174,Q3
https://openalex.org/W2122354577,0018-9499,Q2
https://openalex.org/W2122369163,1051-8223,Q3
https://openalex.org/W2122374338,0921-4534,Q3
https://openalex.org/W2122402493,0946-7076,Q2
https://openalex.org/W2122404896,0018-9456,Q2
https://openalex.org/W2122409131,0167-2738,Q1
https://openalex.org/W2122438237,1862-6300,Q2
https://openalex.org/W2122443902,1041-1135,Q1
https://openalex.org/W2122531790,0018-9499,Q2
https://openalex.org/W2122550913,1041-1135,Q1
https://openalex.org/W2122577159,0011-748X,Q4
https://openalex.org/W2122623965,0895-2477,Q3
https://openalex.org/W2122672770,0091-3286,Q2
https://openalex.org/W2122699740,0043-1648,Q1
https://openalex.org/W2122740253,1041-1135,Q1
https://openalex.org/W2122769735,0733-8724,Q1
https://openalex.org/W2122814521,1051-8223,Q3
https://openalex.org/W2122883339,1077-260X,Q1
https://openalex.org/W2122896427,0018-9480,Q1
https://openalex.org/W2122914471,1884-4049,-
https://openalex.org/W2122964209,0018-9499,Q2
https://openalex.org/W2122964338,1094-4087,Q1
https://openalex.org/W2122980080,1022-1360,Q2
https://openalex.org/W2122997067,1531-1309,Q1
https://openalex.org/W2123003273,1051-8223,Q3
https://openalex.org/W2123038316,0018-9456,Q2
https://openalex.org/W2123045985,1424-8220,Q2
https://openalex.org/W2123056770,1932-5150,Q3
https://openalex.org/W2123068486,0733-8724,Q1
https://openalex.org/W2123097061,1388-6150,Q2
https://openalex.org/W2123129992,1612-2011,Q1
https://openalex.org/W2123173641,1051-8223,Q3
https://openalex.org/W2123180838,0091-3286,Q2
https://openalex.org/W2123203183,1051-8223,Q3
https://openalex.org/W2123244626,0894-6507,Q2
https://openalex.org/W2123275010,0894-6507,Q2
https://openalex.org/W2123290903,0743-7463,Q1
https://openalex.org/W2123296061,0018-926X,Q1
https://openalex.org/W2123388442,0018-9480,Q1
https://openalex.org/W2123404315,1063-7818,Q2
https://openalex.org/W2123411047,1286-0042,Q2
https://openalex.org/W2123455524,1051-8223,Q3
https://openalex.org/W2123462559,0013-4651,Q1
https://openalex.org/W2123488594,0304-3886,Q2
https://openalex.org/W2123492997,0018-9456,Q2
https://openalex.org/W2123497713,0018-9456,Q2
https://openalex.org/W2123506550,1992-1950,Q4
https://openalex.org/W2123531213,0169-4332,-
https://openalex.org/W2123545135,1051-8223,Q3
https://openalex.org/W2123594611,0022-3093,Q2
https://openalex.org/W2123623965,0018-9456,Q2
https://openalex.org/W2123676615,0018-9456,Q2
https://openalex.org/W2123682307,0018-9499,Q2
https://openalex.org/W2123691768,1531-1309,Q1
https://openalex.org/W2123692454,1094-4087,Q1
https://openalex.org/W2123692685,1051-8223,Q3
https://openalex.org/W2123702951,1932-5150,Q3
https://openalex.org/W2123705507,1530-437X,Q2
https://openalex.org/W2123790150,1350-4177,Q1
https://openalex.org/W2123832962,0033-068X,Q2
https://openalex.org/W2123915135,1674-2001,Q3
https://openalex.org/W2123934125,0040-6090,Q2
https://openalex.org/W2124042829,0018-926X,Q1
https://openalex.org/W2124087691,0957-0233,Q1
https://openalex.org/W2124111812,0733-8724,Q1
https://openalex.org/W2124158976,1226-4776,Q2
https://openalex.org/W2124255018,0146-9592,Q1
https://openalex.org/W2124274012,0885-3010,Q1
https://openalex.org/W2124274472,0018-9480,Q1
https://openalex.org/W2124296952,0029-5493,Q2
https://openalex.org/W2124405962,1531-1309,Q1
https://openalex.org/W2124459678,0167-9317,Q2
https://openalex.org/W2124472320,1612-2011,Q1
https://openalex.org/W2124501547,1068-1302,Q3
https://openalex.org/W2124520587,1071-0922,Q2
https://openalex.org/W2124554407,0018-9456,Q2
https://openalex.org/W2124566640,0022-2313,Q1
https://openalex.org/W2124577838,0167-577X,Q1
https://openalex.org/W2124581733,1051-8223,Q3
https://openalex.org/W2124691279,1530-6984,Q1
https://openalex.org/W2124741583,0093-3813,Q2
https://openalex.org/W2124778166,1098-4402,Q1
https://openalex.org/W2124815234,0043-1648,Q1
https://openalex.org/W2124827999,0360-3199,Q1
https://openalex.org/W2124870898,1536-1055,Q2
https://openalex.org/W2124919311,1094-4087,Q1
https://openalex.org/W2124949144,1041-1135,Q1
https://openalex.org/W2125050510,1094-4087,Q1
https://openalex.org/W2125051613,1051-8223,Q3
https://openalex.org/W2125123282,0146-9592,Q1
https://openalex.org/W2125209972,0018-9499,Q2
https://openalex.org/W2125353728,0018-9499,Q2
https://openalex.org/W2125376059,1432-8488,Q2
https://openalex.org/W2125415506,0885-3010,Q1
https://openalex.org/W2125449168,1612-8850,Q2
https://openalex.org/W2125462087,0141-3910,Q1
https://openalex.org/W2125492204,0741-3335,Q1
https://openalex.org/W2125522745,0144-8420,Q2
https://openalex.org/W2125584450,0360-3199,Q1
https://openalex.org/W2125612734,1362-1718,Q1
https://openalex.org/W2125620996,1041-1135,Q1
https://openalex.org/W2125640795,0895-2477,Q3
https://openalex.org/W2125672657,1051-8223,Q3
https://openalex.org/W2125673002,0018-926X,Q1
https://openalex.org/W2125690282,0167-9295,Q3
https://openalex.org/W2125704396,1531-1309,Q1
https://openalex.org/W2125730391,1059-910X,Q1
https://openalex.org/W2125778842,1531-1309,Q1
https://openalex.org/W2125824283,0885-3010,Q1
https://openalex.org/W2125870718,1041-1135,Q1
https://openalex.org/W2125875069,0924-4247,Q1
https://openalex.org/W2126027783,1051-8223,Q3
https://openalex.org/W2126119739,0004-6361,Q1
https://openalex.org/W2126157816,1051-8223,Q3
https://openalex.org/W2126162826,1041-1135,Q1
https://openalex.org/W2126316318,0733-8724,Q1
https://openalex.org/W2126326301,0733-8724,Q1
https://openalex.org/W2126364127,0733-8724,Q1
https://openalex.org/W2126385121,0018-9456,Q2
https://openalex.org/W2126393949,0004-6361,Q1
https://openalex.org/W2126429017,1226-1750,Q3
https://openalex.org/W2126510004,0002-9505,Q2
https://openalex.org/W2126523001,1041-1135,Q1
https://openalex.org/W2126687521,0018-9480,Q1
https://openalex.org/W2126710405,1674-4926,-
https://openalex.org/W2126731846,1531-1309,Q1
https://openalex.org/W2126760445,0002-9505,Q2
https://openalex.org/W2126794874,0018-9456,Q2
https://openalex.org/W2126884885,0946-7076,Q2
https://openalex.org/W2126890902,1051-8223,Q3
https://openalex.org/W2126921868,0031-9104,Q3
https://openalex.org/W2126925929,0304-8853,Q2
https://openalex.org/W2126954794,1041-1135,Q1
https://openalex.org/W2127024582,1226-4776,Q2
https://openalex.org/W2127071520,0026-0673,Q4
https://openalex.org/W2127177678,1077-260X,Q1
https://openalex.org/W2127184871,0018-9499,Q2
https://openalex.org/W2127228456,1051-8223,Q3
https://openalex.org/W2127282700,1551-319X,Q1
https://openalex.org/W2127354272,0925-4005,Q1
https://openalex.org/W2127379973,1051-8223,Q3
https://openalex.org/W2127394451,1530-437X,Q2
https://openalex.org/W2127396961,1051-8223,Q3
https://openalex.org/W2127453214,0029-5493,Q2
https://openalex.org/W2127464636,1424-8220,Q2
https://openalex.org/W2127498637,0273-1177,-
https://openalex.org/W2127529976,1041-1135,Q1
https://openalex.org/W2127555349,0168-9002,Q1
https://openalex.org/W2127586549,0887-6266,Q1
https://openalex.org/W2127637706,0033-7587,Q1
https://openalex.org/W2127656555,1051-8223,Q3
https://openalex.org/W2127657457,0031-9120,Q3
https://openalex.org/W2127702194,0964-1726,Q1
https://openalex.org/W2127724373,1064-2269,Q4
https://openalex.org/W2127725924,0169-4332,-
https://openalex.org/W2127873775,1424-8220,Q2
https://openalex.org/W2127900942,0022-3093,Q2
https://openalex.org/W2128004948,0022-460X,Q1
https://openalex.org/W2128064402,0029-5450,Q2
https://openalex.org/W2128088887,0168-9002,Q1
https://openalex.org/W2128159194,0018-9480,Q1
https://openalex.org/W2128220357,1041-1135,Q1
https://openalex.org/W2128234576,0031-8949,Q3
https://openalex.org/W2128260561,1041-1135,Q1
https://openalex.org/W2128300536,0018-9499,Q2
https://openalex.org/W2128366968,1424-8220,Q2
https://openalex.org/W2128382768,1530-437X,Q2
https://openalex.org/W2128386592,1051-8223,Q3
https://openalex.org/W2128387312,0038-6308,Q1
https://openalex.org/W2128398427,0033-068X,Q2
https://openalex.org/W2128401319,0038-1101,Q2
https://openalex.org/W2128447924,0043-1648,Q1
https://openalex.org/W2128484690,0169-4243,Q2
https://openalex.org/W2128640000,1992-1950,Q4
https://openalex.org/W2128664006,1530-437X,Q2
https://openalex.org/W2128785070,0146-9592,Q1
https://openalex.org/W2128807657,1041-1135,Q1
https://openalex.org/W2128831139,0018-9499,Q2
https://openalex.org/W2128840114,1051-8223,Q3
https://openalex.org/W2128841942,1110-662X,Q3
https://openalex.org/W2128908355,1077-260X,Q1
https://openalex.org/W2128922329,0921-5107,Q2
https://openalex.org/W2128960304,1749-4885,Q1
https://openalex.org/W2128971306,1045-9243,Q2
https://openalex.org/W2129027823,0733-8724,Q1
https://openalex.org/W2129062053,1556-276X,Q1
https://openalex.org/W2129068390,1351-010X,Q2
https://openalex.org/W2129071403,1077-260X,Q1
https://openalex.org/W2129084155,0018-926X,Q1
https://openalex.org/W2129089672,0167-6636,Q1
https://openalex.org/W2129199799,0733-8724,Q1
https://openalex.org/W2129210730,1041-1135,Q1
https://openalex.org/W2129253122,1350-4177,Q1
https://openalex.org/W2129260461,0031-9007,Q1
https://openalex.org/W2129301562,0733-8724,Q1
https://openalex.org/W2129316675,1424-8220,Q2
https://openalex.org/W2129329967,1388-6150,Q2
https://openalex.org/W2129331482,0146-9592,Q1
https://openalex.org/W2129389558,0022-460X,Q1
https://openalex.org/W2129390304,0924-2716,Q1
https://openalex.org/W2129404079,0924-4247,Q1
https://openalex.org/W2129420396,1041-1135,Q1
https://openalex.org/W2129553486,0015-9018,Q2
https://openalex.org/W2129599442,1937-6472,Q2
https://openalex.org/W2129620354,0018-9456,Q2
https://openalex.org/W2129655587,0018-9375,Q2
https://openalex.org/W2129751005,1531-1309,Q1
https://openalex.org/W2129761021,0361-5235,Q2
https://openalex.org/W2129794015,1992-2248,Q4
https://openalex.org/W2129813832,1041-1135,Q1
https://openalex.org/W2129884014,0091-3286,Q2
https://openalex.org/W2129884123,0018-9456,Q2
https://openalex.org/W2129890926,1530-437X,Q2
https://openalex.org/W2129902388,0093-3813,Q2
https://openalex.org/W2129940694,0733-8724,Q1
https://openalex.org/W2129950958,1051-8223,Q3
https://openalex.org/W2130102196,0895-2477,Q3
https://openalex.org/W2130118374,1751-8768,Q3
https://openalex.org/W2130154861,0004-6361,Q1
https://openalex.org/W2130182514,1751-8113,Q2
https://openalex.org/W2130193307,1051-8223,Q3
https://openalex.org/W2130342624,0733-8724,Q1
https://openalex.org/W2130342743,0733-8724,Q1
https://openalex.org/W2130397818,1062-7995,Q1
https://openalex.org/W2130433401,1041-1135,Q1
https://openalex.org/W2130445304,0146-9592,Q1
https://openalex.org/W2130446522,0733-8724,Q1
https://openalex.org/W2130449942,0018-9456,Q2
https://openalex.org/W2130451930,0168-9002,Q1
https://openalex.org/W2130477757,0018-926X,Q1
https://openalex.org/W2130518399,1051-8223,Q3
https://openalex.org/W2130526245,0217-9792,Q3
https://openalex.org/W2130532675,1439-4235,Q1
https://openalex.org/W2130540959,0895-2477,Q3
https://openalex.org/W2130555093,0018-9375,Q2
https://openalex.org/W2130731542,1051-8223,Q3
https://openalex.org/W2130742557,1530-437X,Q2
https://openalex.org/W2130758317,0168-9002,Q1
https://openalex.org/W2130805709,1094-4087,Q1
https://openalex.org/W2130815179,0018-9499,Q2
https://openalex.org/W2130860919,1094-4087,Q1
https://openalex.org/W2130868027,1530-437X,Q2
https://openalex.org/W2130877686,0143-8166,Q2
https://openalex.org/W2130878651,0360-3016,Q1
https://openalex.org/W2130897401,0733-8724,Q1
https://openalex.org/W2130901204,0894-6507,Q2
https://openalex.org/W2130948728,0018-9456,Q2
https://openalex.org/W2130974392,1424-8220,Q2
https://openalex.org/W2131055394,1051-8223,Q3
https://openalex.org/W2131071837,1556-276X,Q1
https://openalex.org/W2131207603,1531-1309,Q1
https://openalex.org/W2131377695,0946-7076,Q2
https://openalex.org/W2131412319,1051-8223,Q3
https://openalex.org/W2131427140,1527-3342,Q3
https://openalex.org/W2131479811,0257-8972,Q1
https://openalex.org/W2131520116,1478-6435,Q1
https://openalex.org/W2131524264,0018-9499,Q2
https://openalex.org/W2131560474,1364-5021,Q2
https://openalex.org/W2131562074,0018-9480,Q1
https://openalex.org/W2131645519,1364-503X,Q2
https://openalex.org/W2131652658,0895-2477,Q3
https://openalex.org/W2131666699,0361-5235,Q2
https://openalex.org/W2131701499,1226-4776,Q2
https://openalex.org/W2131728069,1530-437X,Q2
https://openalex.org/W2131749457,0020-7608,Q2
https://openalex.org/W2131764465,1051-8223,Q3
https://openalex.org/W2131953418,1531-1309,Q1
https://openalex.org/W2132056716,0018-926X,Q1
https://openalex.org/W2132076204,0301-679X,Q1
https://openalex.org/W2132083009,0168-9002,Q1
https://openalex.org/W2132095738,0018-9499,Q2
https://openalex.org/W2132110293,1051-8223,Q3
https://openalex.org/W2132111002,1934-2608,Q2
https://openalex.org/W2132193000,1559-9612,Q3
https://openalex.org/W2132345019,0018-9480,Q1
https://openalex.org/W2132378894,0018-9456,Q2
https://openalex.org/W2132394228,0733-8724,Q1
https://openalex.org/W2132458445,0022-0434,Q1
https://openalex.org/W2132489092,0018-9456,Q2
https://openalex.org/W2132528492,1022-1360,Q2
https://openalex.org/W2132552826,0169-4332,-
https://openalex.org/W2132573105,0004-637X,Q1
https://openalex.org/W2132577067,0018-9499,Q2
https://openalex.org/W2132620026,0018-9499,Q2
https://openalex.org/W2132661607,1531-1309,Q1
https://openalex.org/W2132722006,1041-1135,Q1
https://openalex.org/W2132734977,1045-9243,Q2
https://openalex.org/W2132812921,1350-4495,Q2
https://openalex.org/W2132813743,0018-9499,Q2
https://openalex.org/W2132830896,0026-8976,Q2
https://openalex.org/W2132870508,1041-1135,Q1
https://openalex.org/W2132904884,1350-6501,Q2
https://openalex.org/W2132924665,0167-9317,Q2
https://openalex.org/W2132985685,1350-6501,Q2
https://openalex.org/W2133020726,0018-926X,Q1
https://openalex.org/W2133068134,0018-9499,Q2
https://openalex.org/W2133139819,1062-8738,Q4
https://openalex.org/W2133157858,1424-8220,Q2
https://openalex.org/W2133175345,0038-0946,Q3
https://openalex.org/W2133184497,0033-068X,Q2
https://openalex.org/W2133221990,1094-4087,Q1
https://openalex.org/W2133239784,1051-8223,Q3
https://openalex.org/W2133244928,0021-8979,Q1
https://openalex.org/W2133252460,0146-9592,Q1
https://openalex.org/W2133273459,0733-8724,Q1
https://openalex.org/W2133293547,0022-1120,Q1
https://openalex.org/W2133295795,0885-3010,Q1
https://openalex.org/W2133309872,0093-3813,Q2
https://openalex.org/W2133329380,0733-8724,Q1
https://openalex.org/W2133372251,0885-3010,Q1
https://openalex.org/W2133399079,0030-3992,Q2
https://openalex.org/W2133463560,0895-2477,Q3
https://openalex.org/W2133469329,1041-1135,Q1
https://openalex.org/W2133539595,0018-9499,Q2
https://openalex.org/W2133547102,0946-7076,Q2
https://openalex.org/W2133567427,1530-437X,Q2
https://openalex.org/W2133568042,1063-7826,Q3
https://openalex.org/W2133595055,0020-7608,Q2
https://openalex.org/W2133649993,0030-4018,Q1
https://openalex.org/W2133696786,0733-8724,Q1
https://openalex.org/W2133700736,1051-8223,Q3
https://openalex.org/W2133716606,0733-8724,Q1
https://openalex.org/W2133865602,0010-4655,Q1
https://openalex.org/W2133907537,1051-8223,Q3
https://openalex.org/W2133975887,1051-8223,Q3
https://openalex.org/W2134013455,0360-3016,Q1
https://openalex.org/W2134056303,1424-8220,Q2
https://openalex.org/W2134058958,0860-8229,Q3
https://openalex.org/W2134083859,0029-5493,Q2
https://openalex.org/W2134084264,1362-1718,Q1
https://openalex.org/W2134097851,0263-6174,Q3
https://openalex.org/W2134109714,1386-9477,Q2
https://openalex.org/W2134131335,0018-9375,Q2
https://openalex.org/W2134165553,1041-1135,Q1
https://openalex.org/W2134190752,0093-3813,Q2
https://openalex.org/W2134357263,0021-8979,Q1
https://openalex.org/W2134357295,0093-3813,Q2
https://openalex.org/W2134370133,1932-5150,Q3
https://openalex.org/W2134370873,0004-6361,Q1
https://openalex.org/W2134420552,1051-8223,Q3
https://openalex.org/W2134423778,0946-7076,Q2
https://openalex.org/W2134498406,0925-4005,Q1
https://openalex.org/W2134506516,1041-1135,Q1
https://openalex.org/W2134568748,0018-926X,Q1
https://openalex.org/W2134688512,0895-2477,Q3
https://openalex.org/W2134734961,0368-2048,Q1
https://openalex.org/W2134742251,0735-1933,Q1
https://openalex.org/W2134753781,1438-1656,Q1
https://openalex.org/W2134763911,0129-1831,Q2
https://openalex.org/W2134768518,0018-926X,Q1
https://openalex.org/W2134773677,1041-1135,Q1
https://openalex.org/W2134847546,1051-8223,Q3
https://openalex.org/W2134862053,1551-319X,Q1
https://openalex.org/W2134901852,0167-577X,Q1
https://openalex.org/W2134902842,0734-2101,Q2
https://openalex.org/W2134926873,0137-5075,Q3
https://openalex.org/W2134930270,0304-4289,Q4
https://openalex.org/W2134968054,1350-4487,Q2
https://openalex.org/W2134991448,0735-1933,Q1
https://openalex.org/W2135037665,0267-8292,Q2
https://openalex.org/W2135074260,0733-8724,Q1
https://openalex.org/W2135080830,0004-6361,Q1
https://openalex.org/W2135096397,1531-1309,Q1
https://openalex.org/W2135258428,1992-2248,Q4
https://openalex.org/W2135327238,0895-2477,Q3
https://openalex.org/W2135341490,1077-260X,Q1
https://openalex.org/W2135350404,0267-8292,Q2
https://openalex.org/W2135392428,1041-1135,Q1
https://openalex.org/W2135402833,0043-1648,Q1
https://openalex.org/W2135474427,0018-926X,Q1
https://openalex.org/W2135512638,0042-207X,Q2
https://openalex.org/W2135524814,1041-1135,Q1
https://openalex.org/W2135616992,1748-3387,Q1
https://openalex.org/W2135631077,1051-8223,Q3
https://openalex.org/W2135668906,1041-1135,Q1
https://openalex.org/W2135752447,0026-2714,Q2
https://openalex.org/W2135772952,0167-577X,Q1
https://openalex.org/W2135795659,0030-400X,Q4
https://openalex.org/W2135805724,0018-9499,Q2
https://openalex.org/W2135847627,0018-9456,Q2
https://openalex.org/W2135912534,0885-3010,Q1
https://openalex.org/W2135993165,0018-9499,Q2
https://openalex.org/W2136142875,1388-6150,Q2
https://openalex.org/W2136152200,1051-8223,Q3
https://openalex.org/W2136165175,0946-2171,Q1
https://openalex.org/W2136296740,1094-4087,Q1
https://openalex.org/W2136308201,1041-1135,Q1
https://openalex.org/W2136316104,0018-9480,Q1
https://openalex.org/W2136358119,0733-8724,Q1
https://openalex.org/W2136439085,1041-1135,Q1
https://openalex.org/W2136452002,0033-068X,Q2
https://openalex.org/W2136501769,1051-8223,Q3
https://openalex.org/W2136648471,0043-1648,Q1
https://openalex.org/W2136745859,1051-8223,Q3
https://openalex.org/W2136750600,0015-0193,Q3
https://openalex.org/W2136800101,1388-6150,Q2
https://openalex.org/W2136839726,1051-8223,Q3
https://openalex.org/W2136895682,0018-9499,Q2
https://openalex.org/W2137059129,1051-8223,Q3
https://openalex.org/W2137096915,0142-2421,Q2
https://openalex.org/W2137178042,1051-8223,Q3
https://openalex.org/W2137227356,1546-542X,Q2
https://openalex.org/W2137342538,0018-9456,Q2
https://openalex.org/W2137403845,1051-8223,Q3
https://openalex.org/W2137481100,0038-1101,Q2
https://openalex.org/W2137489005,1530-437X,Q2
https://openalex.org/W2137500529,0257-8972,Q1
https://openalex.org/W2137576540,0883-7694,Q1
https://openalex.org/W2137605265,0043-1648,Q1
https://openalex.org/W2137638980,0895-2477,Q3
https://openalex.org/W2137666970,0018-9456,Q2
https://openalex.org/W2137671277,1077-260X,Q1
https://openalex.org/W2137682329,0301-5629,Q1
https://openalex.org/W2137738850,0733-8724,Q1
https://openalex.org/W2137772868,1531-1309,Q1
https://openalex.org/W2137775097,0146-9592,Q1
https://openalex.org/W2137789785,0031-9007,Q1
https://openalex.org/W2137882826,1551-319X,Q1
https://openalex.org/W2137896980,0295-5075,Q1
https://openalex.org/W2137919827,1531-1309,Q1
https://openalex.org/W2137930544,1041-1135,Q1
https://openalex.org/W2138021594,0146-9592,Q1
https://openalex.org/W2138045161,1003-6326,Q3
https://openalex.org/W2138051012,1068-3755,Q4
https://openalex.org/W2138070187,1051-8223,Q3
https://openalex.org/W2138078321,1041-1135,Q1
https://openalex.org/W2138103234,0018-9480,Q1
https://openalex.org/W2138126754,1041-1135,Q1
https://openalex.org/W2138247521,1530-437X,Q2
https://openalex.org/W2138249949,0093-3813,Q2
https://openalex.org/W2138373244,1862-5282,Q3
https://openalex.org/W2138425354,0863-1042,Q2
https://openalex.org/W2138500195,0018-926X,Q1
https://openalex.org/W2138532302,0168-9002,Q1
https://openalex.org/W2138558661,1530-437X,Q2
https://openalex.org/W2138599467,1051-8223,Q3
https://openalex.org/W2138603719,1992-2248,Q4
https://openalex.org/W2138667064,1041-1135,Q1
https://openalex.org/W2138724264,0043-1648,Q1
https://openalex.org/W2138739255,1527-3342,Q3
https://openalex.org/W2138817539,0360-3199,Q1
https://openalex.org/W2138833443,0733-8724,Q1
https://openalex.org/W2138951655,0379-7112,Q2
https://openalex.org/W2138970015,1527-3342,Q3
https://openalex.org/W2139003008,0925-9635,Q1
https://openalex.org/W2139029296,0018-9499,Q2
https://openalex.org/W2139045907,0093-3813,Q2
https://openalex.org/W2139125849,1077-260X,Q1
https://openalex.org/W2139218254,1094-4087,Q1
https://openalex.org/W2139241360,0040-6090,Q2
https://openalex.org/W2139317568,0022-3727,Q1
https://openalex.org/W2139323425,0103-9733,Q3
https://openalex.org/W2139328043,0733-8724,Q1
https://openalex.org/W2139377898,1051-8223,Q3
https://openalex.org/W2139379034,0031-8655,-
https://openalex.org/W2139511412,0018-9456,Q2
https://openalex.org/W2139523156,0169-4332,-
https://openalex.org/W2139633204,1045-9243,Q2
https://openalex.org/W2139681022,0091-3286,Q2
https://openalex.org/W2139692614,0013-4651,Q1
https://openalex.org/W2139758946,0018-926X,Q1
https://openalex.org/W2139763674,0018-9456,Q2
https://openalex.org/W2139765011,0040-6090,Q2
https://openalex.org/W2139844201,1051-8223,Q3
https://openalex.org/W2139886278,1290-0729,Q1
https://openalex.org/W2139891004,0018-9499,Q2
https://openalex.org/W2139899518,0022-2348,Q3
https://openalex.org/W2139900240,1937-6472,Q2
https://openalex.org/W2139922976,1932-5150,Q3
https://openalex.org/W2140018182,1862-6300,Q2
https://openalex.org/W2140038295,1098-0121,Q1
https://openalex.org/W2140055513,1674-1056,Q3
https://openalex.org/W2140056494,0146-9592,Q1
https://openalex.org/W2140061070,1094-4087,Q1
https://openalex.org/W2140084212,0022-3727,Q1
https://openalex.org/W2140122176,0167-9317,Q2
https://openalex.org/W2140138832,1041-1135,Q1
https://openalex.org/W2140157823,0018-9499,Q2
https://openalex.org/W2140437902,0004-6361,Q1
https://openalex.org/W2140467282,0020-7608,Q2
https://openalex.org/W2140481146,1070-664X,Q1
https://openalex.org/W2140493051,1286-0042,Q2
https://openalex.org/W2140494395,0141-3910,Q1
https://openalex.org/W2140508012,1051-8223,Q3
https://openalex.org/W2140529877,1992-2248,Q4
https://openalex.org/W2140545470,0360-3016,Q1
https://openalex.org/W2140595307,1041-1135,Q1
https://openalex.org/W2140605166,1077-260X,Q1
https://openalex.org/W2140612963,1051-8223,Q3
https://openalex.org/W2140665085,0169-4332,-
https://openalex.org/W2140715458,0992-7689,Q2
https://openalex.org/W2140719948,0733-8724,Q1
https://openalex.org/W2140769117,0375-9474,Q1
https://openalex.org/W2140785222,0093-3813,Q2
https://openalex.org/W2140850240,1094-4087,Q1
https://openalex.org/W2140961798,0733-8724,Q1
https://openalex.org/W2140973403,1862-5282,Q3
https://openalex.org/W2140993580,0895-2477,Q3
https://openalex.org/W2141008816,1531-1309,Q1
https://openalex.org/W2141013966,1041-1135,Q1
https://openalex.org/W2141078052,1063-7397,Q4
https://openalex.org/W2141233602,0018-9480,Q1
https://openalex.org/W2141243858,0146-9592,Q1
https://openalex.org/W2141253195,0018-9456,Q2
https://openalex.org/W2141298609,1992-1950,Q4
https://openalex.org/W2141318029,0895-2477,Q3
https://openalex.org/W2141336294,0263-0346,Q1
https://openalex.org/W2141348604,0304-3886,Q2
https://openalex.org/W2141379093,1992-1950,Q4
https://openalex.org/W2141380987,0141-3910,Q1
https://openalex.org/W2141405106,1051-8223,Q3
https://openalex.org/W2141437885,1531-1309,Q1
https://openalex.org/W2141468309,1992-1950,Q4
https://openalex.org/W2141492286,1531-1309,Q1
https://openalex.org/W2141516276,0350-820X,Q3
https://openalex.org/W2141519182,0895-2477,Q3
https://openalex.org/W2141529262,1051-8223,Q3
https://openalex.org/W2141584806,0018-926X,Q1
https://openalex.org/W2141600165,0003-682X,Q1
https://openalex.org/W2141620998,0169-4332,-
https://openalex.org/W2141642422,0734-2101,Q2
https://openalex.org/W2141658273,0031-8949,Q3
https://openalex.org/W2141659390,0018-926X,Q1
https://openalex.org/W2141685909,0885-3010,Q1
https://openalex.org/W2141749632,1077-260X,Q1
https://openalex.org/W2141776582,0264-9381,Q1
https://openalex.org/W2141804745,0957-4522,Q2
https://openalex.org/W2141821722,0360-3016,Q1
https://openalex.org/W2141834844,1068-1302,Q3
https://openalex.org/W2141856606,1551-319X,Q1
https://openalex.org/W2141866009,0018-9480,Q1
https://openalex.org/W2141936110,1094-6969,Q2
https://openalex.org/W2141966815,0026-2714,Q2
https://openalex.org/W2141968872,0449-3060,Q2
https://openalex.org/W2141989937,0144-8420,Q2
https://openalex.org/W2141992944,1063-7834,Q4
https://openalex.org/W2141995502,0885-7156,Q3
https://openalex.org/W2142050551,1556-276X,Q1
https://openalex.org/W2142139608,1530-437X,Q2
https://openalex.org/W2142140683,0093-3813,Q2
https://openalex.org/W2142157961,0022-1120,Q1
https://openalex.org/W2142209297,0252-9602,Q3
https://openalex.org/W2142218414,0921-4526,Q2
https://openalex.org/W2142291035,0167-577X,Q1
https://openalex.org/W2142306160,0892-7057,Q3
https://openalex.org/W2142338728,0946-2171,Q1
https://openalex.org/W2142361981,1530-437X,Q2
https://openalex.org/W2142395396,0895-2477,Q3
https://openalex.org/W2142421204,1438-1656,Q1
https://openalex.org/W2142438367,1531-1309,Q1
https://openalex.org/W2142441786,1531-1309,Q1
https://openalex.org/W2142459106,0860-8229,Q3
https://openalex.org/W2142459140,1350-6501,Q2
https://openalex.org/W2142559789,1051-8223,Q3
https://openalex.org/W2142638718,0018-9499,Q2
https://openalex.org/W2142655799,1226-1750,Q3
https://openalex.org/W2142668692,0022-0248,Q1
https://openalex.org/W2142732517,0018-9456,Q2
https://openalex.org/W2142767891,1674-1056,Q3
https://openalex.org/W2142817280,1348-6535,Q2
https://openalex.org/W2142893162,1531-1309,Q1
https://openalex.org/W2142937603,1558-7916,Q1
https://openalex.org/W2142989996,1073-5623,Q1
https://openalex.org/W2143027666,0018-926X,Q1
https://openalex.org/W2143064824,1094-4087,Q1
https://openalex.org/W2143105820,0018-926X,Q1
https://openalex.org/W2143116603,0018-9480,Q1
https://openalex.org/W2143203487,0167-9317,Q2
https://openalex.org/W2143254487,0938-1287,Q2
https://openalex.org/W2143283725,0733-8724,Q1
https://openalex.org/W2143288690,1041-1135,Q1
https://openalex.org/W2143294591,0093-3813,Q2
https://openalex.org/W2143302829,0018-9499,Q2
https://openalex.org/W2143426735,1350-4487,Q2
https://openalex.org/W2143442205,1051-8223,Q3
https://openalex.org/W2143492009,1051-8223,Q3
https://openalex.org/W2143545745,0018-9480,Q1
https://openalex.org/W2143547653,1041-1135,Q1
https://openalex.org/W2143585755,0142-3312,Q3
https://openalex.org/W2143601164,1051-8223,Q3
https://openalex.org/W2143667991,1461-3484,Q2
https://openalex.org/W2143670541,0895-2477,Q3
https://openalex.org/W2143700551,0350-820X,Q3
https://openalex.org/W2143701211,0031-9007,Q1
https://openalex.org/W2143762271,1041-1135,Q1
https://openalex.org/W2143813037,0025-5408,Q2
https://openalex.org/W2143821908,1516-1439,Q3
https://openalex.org/W2143890699,1094-4087,Q1
https://openalex.org/W2144021497,1438-1656,Q1
https://openalex.org/W2144131411,0018-9456,Q2
https://openalex.org/W2144224926,0078-5466,Q4
https://openalex.org/W2144228799,0040-6090,Q2
https://openalex.org/W2144237291,0142-2421,Q2
https://openalex.org/W2144280738,1527-3342,Q3
https://openalex.org/W2144324993,1226-4776,Q2
https://openalex.org/W2144327418,0894-6507,Q2
https://openalex.org/W2144359921,1438-1656,Q1
https://openalex.org/W2144369234,0018-926X,Q1
https://openalex.org/W2144435195,0018-926X,Q1
https://openalex.org/W2144472578,0895-2477,Q3
https://openalex.org/W2144580398,0093-3813,Q2
https://openalex.org/W2144586468,0035-8711,Q1
https://openalex.org/W2144611999,1350-6501,Q2
https://openalex.org/W2144626430,1992-2248,Q4
https://openalex.org/W2144641737,0043-1648,Q1
https://openalex.org/W2144659120,1424-8220,Q2
https://openalex.org/W2144674008,1041-1135,Q1
https://openalex.org/W2144757389,1424-8220,Q2
https://openalex.org/W2144923660,0018-9480,Q1
https://openalex.org/W2144923787,0018-9480,Q1
https://openalex.org/W2144928230,1424-8220,Q2
https://openalex.org/W2144993611,0921-5093,Q1
https://openalex.org/W2145067112,1478-6435,Q1
https://openalex.org/W2145117400,1051-8223,Q3
https://openalex.org/W2145135094,1051-8223,Q3
https://openalex.org/W2145139054,1077-260X,Q1
https://openalex.org/W2145171261,0304-3843,Q3
https://openalex.org/W2145174307,1051-8223,Q3
https://openalex.org/W2145192825,1530-437X,Q2
https://openalex.org/W2145212252,1071-0922,Q2
https://openalex.org/W2145255383,0030-4018,Q1
https://openalex.org/W2145265361,1041-1135,Q1
https://openalex.org/W2145286292,0018-926X,Q1
https://openalex.org/W2145362906,0301-679X,Q1
https://openalex.org/W2145394300,0370-1972,Q2
https://openalex.org/W2145444165,0379-6779,Q2
https://openalex.org/W2145445828,1476-1122,Q1
https://openalex.org/W2145471149,1556-276X,Q1
https://openalex.org/W2145480641,0018-9480,Q1
https://openalex.org/W2145499042,0022-3115,Q2
https://openalex.org/W2145615349,0733-8724,Q1
https://openalex.org/W2145651903,0017-9310,Q1
https://openalex.org/W2145666921,0004-6361,Q1
https://openalex.org/W2145675868,0921-4534,Q3
https://openalex.org/W2145680387,0146-9592,Q1
https://openalex.org/W2145688823,0733-8724,Q1
https://openalex.org/W2145735750,0733-8724,Q1
https://openalex.org/W2145819284,1040-0400,Q3
https://openalex.org/W2145861450,1748-0221,Q1
https://openalex.org/W2145908973,0350-820X,Q3
https://openalex.org/W2145923849,1051-8223,Q3
https://openalex.org/W2145950669,0018-9456,Q2
https://openalex.org/W2145976935,1531-1309,Q1
https://openalex.org/W2146034882,0892-7057,Q3
https://openalex.org/W2146121167,1530-437X,Q2
https://openalex.org/W2146245944,1051-8223,Q3
https://openalex.org/W2146306260,1051-8223,Q3
https://openalex.org/W2146322256,1530-437X,Q2
https://openalex.org/W2146344928,0018-9456,Q2
https://openalex.org/W2146391269,1516-1439,Q3
https://openalex.org/W2146458540,0022-1120,Q1
https://openalex.org/W2146464854,0043-1648,Q1
https://openalex.org/W2146465028,0301-679X,Q1
https://openalex.org/W2146555292,0142-2421,Q2
https://openalex.org/W2146575875,0146-9592,Q1
https://openalex.org/W2146601273,1463-9076,Q1
https://openalex.org/W2146779191,0992-7689,Q2
https://openalex.org/W2146931889,0146-9592,Q1
https://openalex.org/W2146965568,1530-437X,Q2
https://openalex.org/W2146991372,1029-8479,Q1
https://openalex.org/W2146997156,1051-8223,Q3
https://openalex.org/W2147027649,1051-8223,Q3
https://openalex.org/W2147162443,1530-437X,Q2
https://openalex.org/W2147195389,0894-6507,Q2
https://openalex.org/W2147213299,0018-9456,Q2
https://openalex.org/W2147232480,0018-926X,Q1
https://openalex.org/W2147259676,1424-8220,Q2
https://openalex.org/W2147380155,0018-926X,Q1
https://openalex.org/W2147443395,0379-7112,Q2
https://openalex.org/W2147444752,0937-9347,Q2
https://openalex.org/W2147452645,1992-1950,Q4
https://openalex.org/W2147467878,1003-6326,Q3
https://openalex.org/W2147557378,0925-4005,Q1
https://openalex.org/W2147572111,0018-926X,Q1
https://openalex.org/W2147595946,1996-1944,-
https://openalex.org/W2147611462,0078-5466,Q4
https://openalex.org/W2147712767,0379-6779,Q2
https://openalex.org/W2147755069,1051-8223,Q3
https://openalex.org/W2147810287,0360-3016,Q1
https://openalex.org/W2147812921,0950-0839,Q1
https://openalex.org/W2147818712,0146-9592,Q1
https://openalex.org/W2147840959,1431-9276,Q3
https://openalex.org/W2147882834,1041-1135,Q1
https://openalex.org/W2147913059,1063-7826,Q3
https://openalex.org/W2147914297,0254-0584,Q2
https://openalex.org/W2147934707,1530-437X,Q2
https://openalex.org/W2148032811,1226-4776,Q2
https://openalex.org/W2148075884,1530-437X,Q2
https://openalex.org/W2148107516,0091-3286,Q2
https://openalex.org/W2148110777,0035-8711,Q1
https://openalex.org/W2148124477,0743-7463,Q1
https://openalex.org/W2148196487,0018-9456,Q2
https://openalex.org/W2148313508,0167-577X,Q1
https://openalex.org/W2148406953,0018-9480,Q1
https://openalex.org/W2148456319,0018-926X,Q1
https://openalex.org/W2148492750,0018-9499,Q2
https://openalex.org/W2148543507,1041-1135,Q1
https://openalex.org/W2148696912,0895-2477,Q3
https://openalex.org/W2148698362,0733-8724,Q1
https://openalex.org/W2148710454,1226-4776,Q2
https://openalex.org/W2148818967,0894-6507,Q2
https://openalex.org/W2149006886,1932-5150,Q3
https://openalex.org/W2149043141,0018-9456,Q2
https://openalex.org/W2149046346,0004-6361,Q1
https://openalex.org/W2149057274,1062-7995,Q1
https://openalex.org/W2149083227,0022-3093,Q2
https://openalex.org/W2149089506,0733-8724,Q1
https://openalex.org/W2149093729,0254-0584,Q2
https://openalex.org/W2149187852,0449-3060,Q2
https://openalex.org/W2149199537,0025-6455,Q3
https://openalex.org/W2149301758,1531-1309,Q1
https://openalex.org/W2149302746,1041-1135,Q1
https://openalex.org/W2149388905,0043-1648,Q1
https://openalex.org/W2149437461,1992-1950,Q4
https://openalex.org/W2149445069,0885-3010,Q1
https://openalex.org/W2149561826,0029-5515,Q1
https://openalex.org/W2149632377,1051-8223,Q3
https://openalex.org/W2149641812,0733-8724,Q1
https://openalex.org/W2149703290,0018-9480,Q1
https://openalex.org/W2149708490,1051-8223,Q3
https://openalex.org/W2149711710,1531-1309,Q1
https://openalex.org/W2149820335,0103-9733,Q3
https://openalex.org/W2149864924,0360-3199,Q1
https://openalex.org/W2149865165,0018-9480,Q1
https://openalex.org/W2149866405,0885-3010,Q1
https://openalex.org/W2149892546,1051-8223,Q3
https://openalex.org/W2149984991,0167-2738,Q1
https://openalex.org/W2150077969,0146-9592,Q1
https://openalex.org/W2150107807,0733-8724,Q1
https://openalex.org/W2150110934,0029-5515,Q1
https://openalex.org/W2150228425,1041-1135,Q1
https://openalex.org/W2150288351,0018-9499,Q2
https://openalex.org/W2150318936,0093-3813,Q2
https://openalex.org/W2150435330,0894-6507,Q2
https://openalex.org/W2150507778,0146-9592,Q1
https://openalex.org/W2150547705,0734-2101,Q2
https://openalex.org/W2150563443,0167-577X,Q1
https://openalex.org/W2150598506,0018-9456,Q2
https://openalex.org/W2150614933,1051-8223,Q3
https://openalex.org/W2150647576,0168-9002,Q1
https://openalex.org/W2150654739,0304-8853,Q2
https://openalex.org/W2150691332,1077-260X,Q1
https://openalex.org/W2150709991,1051-8223,Q3
https://openalex.org/W2150744866,1424-8220,Q2
https://openalex.org/W2150808153,0273-1177,-
https://openalex.org/W2150817054,1388-6150,Q2
https://openalex.org/W2150870069,1051-8223,Q3
https://openalex.org/W2150871256,0885-3010,Q1
https://openalex.org/W2150900085,0168-9002,Q1
https://openalex.org/W2150928013,1029-8479,Q1
https://openalex.org/W2150961655,1041-1135,Q1
https://openalex.org/W2150979342,1546-542X,Q2
https://openalex.org/W2151032270,1094-4087,Q1
https://openalex.org/W2151069072,1051-8223,Q3
https://openalex.org/W2151090520,1226-1750,Q3
https://openalex.org/W2151098469,0018-9456,Q2
https://openalex.org/W2151117236,1862-6300,Q2
https://openalex.org/W2151181593,0368-2048,Q1
https://openalex.org/W2151350320,0946-7076,Q2
https://openalex.org/W2151371486,1068-1302,Q3
https://openalex.org/W2151381187,1530-437X,Q2
https://openalex.org/W2151489956,0030-4026,Q4
https://openalex.org/W2151573827,1077-260X,Q1
https://openalex.org/W2151589392,1551-319X,Q1
https://openalex.org/W2151599528,1530-6984,Q1
https://openalex.org/W2151602425,0018-926X,Q1
https://openalex.org/W2151698592,1992-2248,Q4
https://openalex.org/W2151714721,1077-260X,Q1
https://openalex.org/W2151739645,1530-437X,Q2
https://openalex.org/W2151766157,0018-926X,Q1
https://openalex.org/W2151767165,0021-8979,Q1
https://openalex.org/W2151793992,0018-926X,Q1
https://openalex.org/W2151810269,0018-9456,Q2
https://openalex.org/W2151847417,0018-9499,Q2
https://openalex.org/W2151858259,1066-7857,Q4
https://openalex.org/W2151889015,1071-2836,Q3
https://openalex.org/W2151950366,0031-8655,-
https://openalex.org/W2151954810,1527-3342,Q3
https://openalex.org/W2151967732,0921-4526,Q2
https://openalex.org/W2152036562,0254-0584,Q2
https://openalex.org/W2152168530,1388-6150,Q2
https://openalex.org/W2152188645,0018-926X,Q1
https://openalex.org/W2152196898,0093-3813,Q2
https://openalex.org/W2152241065,0733-8724,Q1
https://openalex.org/W2152298294,1063-7818,Q2
https://openalex.org/W2152315062,1598-9623,Q2
https://openalex.org/W2152340005,1531-1309,Q1
https://openalex.org/W2152386832,1041-1135,Q1
https://openalex.org/W2152471935,1054-660X,Q3
https://openalex.org/W2152504358,1045-9243,Q2
https://openalex.org/W2152536583,0093-3813,Q2
https://openalex.org/W2152560421,1556-276X,Q1
https://openalex.org/W2152572856,0733-8724,Q1
https://openalex.org/W2152607426,0733-8724,Q1
https://openalex.org/W2152610199,0925-4005,Q1
https://openalex.org/W2152631642,0946-7076,Q2
https://openalex.org/W2152637304,1527-3342,Q3
https://openalex.org/W2152677754,1727-7191,Q3
https://openalex.org/W2152684229,0018-9456,Q2
https://openalex.org/W2152736287,1041-1135,Q1
https://openalex.org/W2152842013,1098-4402,Q1
https://openalex.org/W2152891193,1992-2248,Q4
https://openalex.org/W2152983061,1531-1309,Q1
https://openalex.org/W2153001256,1992-2248,Q4
https://openalex.org/W2153002175,0093-3813,Q2
https://openalex.org/W2153021522,1051-8223,Q3
https://openalex.org/W2153154387,0885-3010,Q1
https://openalex.org/W2153207098,1001-0521,Q3
https://openalex.org/W2153252356,0091-3286,Q2
https://openalex.org/W2153269503,0167-9317,Q2
https://openalex.org/W2153349315,0167-2738,Q1
https://openalex.org/W2153369606,1041-1135,Q1
https://openalex.org/W2153431708,1531-1309,Q1
https://openalex.org/W2153435079,0093-3813,Q2
https://openalex.org/W2153466180,0018-9456,Q2
https://openalex.org/W2153537189,1551-319X,Q1
https://openalex.org/W2153567467,0361-5235,Q2
https://openalex.org/W2153615712,1862-6254,Q1
https://openalex.org/W2153761472,1937-8726,Q3
https://openalex.org/W2153840635,0743-7463,Q1
https://openalex.org/W2153894473,1051-8223,Q3
https://openalex.org/W2153907945,0018-9480,Q1
https://openalex.org/W2153947160,1547-7037,Q3
https://openalex.org/W2153953637,0936-7195,-
https://openalex.org/W2153957381,1530-437X,Q2
https://openalex.org/W2154093511,1350-4177,Q1
https://openalex.org/W2154124391,1992-2248,Q4
https://openalex.org/W2154208167,0004-6361,Q1
https://openalex.org/W2154243287,0142-2421,Q2
https://openalex.org/W2154244148,0733-8724,Q1
https://openalex.org/W2154275311,0733-8724,Q1
https://openalex.org/W2154330149,1040-2004,Q3
https://openalex.org/W2154359907,1350-6501,Q2
https://openalex.org/W2154418204,1051-8223,Q3
https://openalex.org/W2154430264,1051-8223,Q3
https://openalex.org/W2154439756,0257-8972,Q1
https://openalex.org/W2154484674,1516-1439,Q3
https://openalex.org/W2154511527,0301-679X,Q1
https://openalex.org/W2154514763,1992-2248,Q4
https://openalex.org/W2154530561,1402-9251,Q3
https://openalex.org/W2154568639,0921-4526,Q2
https://openalex.org/W2154691998,1530-437X,Q2
https://openalex.org/W2154735034,0018-9456,Q2
https://openalex.org/W2154747374,0263-2241,Q3
https://openalex.org/W2154763079,0733-8724,Q1
https://openalex.org/W2154827929,0022-2313,Q1
https://openalex.org/W2154853361,1530-437X,Q2
https://openalex.org/W2154889952,0035-001X,Q4
https://openalex.org/W2154916921,0969-806X,Q2
https://openalex.org/W2154950674,1531-1309,Q1
https://openalex.org/W2154956887,0304-3886,Q2
https://openalex.org/W2155035564,1350-4177,Q1
https://openalex.org/W2155038591,0141-3910,Q1
https://openalex.org/W2155042916,1884-4049,-
https://openalex.org/W2155149528,0093-3813,Q2
https://openalex.org/W2155191931,1051-8223,Q3
https://openalex.org/W2155258488,0350-820X,Q3
https://openalex.org/W2155322825,1041-1135,Q1
https://openalex.org/W2155340892,0925-4005,Q1
https://openalex.org/W2155366050,1083-3668,Q1
https://openalex.org/W2155369929,1051-8223,Q3
https://openalex.org/W2155416628,0350-820X,Q3
https://openalex.org/W2155417772,0928-4931,Q2
https://openalex.org/W2155464752,0018-926X,Q1
https://openalex.org/W2155485868,1051-8223,Q3
https://openalex.org/W2155562662,0093-3813,Q2
https://openalex.org/W2155577549,1051-8223,Q3
https://openalex.org/W2155640107,0167-577X,Q1
https://openalex.org/W2155669845,0018-9456,Q2
https://openalex.org/W2155733266,0018-9456,Q2
https://openalex.org/W2155736702,1531-1309,Q1
https://openalex.org/W2155750104,1531-1309,Q1
https://openalex.org/W2155754234,0022-2488,Q2
https://openalex.org/W2155768560,1531-1309,Q1
https://openalex.org/W2155781222,0018-9499,Q2
https://openalex.org/W2155786927,0018-9480,Q1
https://openalex.org/W2155832562,0254-0584,Q2
https://openalex.org/W2155853995,1530-437X,Q2
https://openalex.org/W2155865461,1530-437X,Q2
https://openalex.org/W2155873437,1527-3342,Q3
https://openalex.org/W2155881957,0018-9480,Q1
https://openalex.org/W2155936993,1286-0042,Q2
https://openalex.org/W2156002823,0018-9456,Q2
https://openalex.org/W2156091744,1041-1135,Q1
https://openalex.org/W2156093630,0257-8972,Q1
https://openalex.org/W2156124852,1424-8220,Q2
https://openalex.org/W2156170592,0091-3286,Q2
https://openalex.org/W2156173416,1551-319X,Q1
https://openalex.org/W2156207307,0022-3697,Q2
https://openalex.org/W2156284144,0003-6951,Q1
https://openalex.org/W2156455213,1226-4776,Q2
https://openalex.org/W2156459256,1022-1360,Q2
https://openalex.org/W2156486121,1094-4087,Q1
https://openalex.org/W2156486140,1041-1135,Q1
https://openalex.org/W2156496937,0018-926X,Q1
https://openalex.org/W2156550549,1071-0922,Q2
https://openalex.org/W2156580010,1424-8220,Q2
https://openalex.org/W2156853958,0093-3813,Q2
https://openalex.org/W2156941351,0018-9456,Q2
https://openalex.org/W2156958736,0018-9456,Q2
https://openalex.org/W2157028773,0013-4651,Q1
https://openalex.org/W2157048625,1556-276X,Q1
https://openalex.org/W2157062383,0018-9456,Q2
https://openalex.org/W2157089595,0733-8724,Q1
https://openalex.org/W2157108466,1051-8223,Q3
https://openalex.org/W2157142238,0018-9456,Q2
https://openalex.org/W2157251714,1051-8223,Q3
https://openalex.org/W2157268167,1041-1135,Q1
https://openalex.org/W2157371093,0029-5515,Q1
https://openalex.org/W2157381649,1041-1135,Q1
https://openalex.org/W2157401993,0733-8724,Q1
https://openalex.org/W2157437505,1051-8223,Q3
https://openalex.org/W2157453712,1992-1950,Q4
https://openalex.org/W2157504036,1752-8933,Q4
https://openalex.org/W2157510715,0018-9499,Q2
https://openalex.org/W2157679435,0170-0839,Q2
https://openalex.org/W2157680216,0733-8724,Q1
https://openalex.org/W2157683703,0018-9456,Q2
https://openalex.org/W2157762040,1862-5282,Q3
https://openalex.org/W2157876232,1051-8223,Q3
https://openalex.org/W2157899221,0038-0938,Q1
https://openalex.org/W2157943743,1077-260X,Q1
https://openalex.org/W2157999953,0003-6951,Q1
https://openalex.org/W2158136906,1340-6000,Q3
https://openalex.org/W2158160038,1041-1135,Q1
https://openalex.org/W2158170180,0146-9592,Q1
https://openalex.org/W2158193814,0018-926X,Q1
https://openalex.org/W2158226051,0947-7411,Q2
https://openalex.org/W2158284621,0018-926X,Q1
https://openalex.org/W2158316267,1063-7737,Q3
https://openalex.org/W2158325186,0010-4655,Q1
https://openalex.org/W2158344135,0267-8292,Q2
https://openalex.org/W2158345846,0043-1648,Q1
https://openalex.org/W2158354128,1531-1309,Q1
https://openalex.org/W2158390012,0018-926X,Q1
https://openalex.org/W2158409549,0018-9499,Q2
https://openalex.org/W2158413028,1992-1950,Q4
https://openalex.org/W2158483414,1612-2011,Q1
https://openalex.org/W2158525810,1051-8223,Q3
https://openalex.org/W2158631166,1530-437X,Q2
https://openalex.org/W2158658548,0018-9456,Q2
https://openalex.org/W2158667642,0018-926X,Q1
https://openalex.org/W2158708185,1434-6028,Q2
https://openalex.org/W2158775328,1286-0042,Q2
https://openalex.org/W2158791846,1388-6150,Q2
https://openalex.org/W2158818945,1531-1309,Q1
https://openalex.org/W2158845814,0040-6090,Q2
https://openalex.org/W2158911620,0887-8722,Q2
https://openalex.org/W2158929484,0733-8724,Q1
https://openalex.org/W2159082119,0093-3813,Q2
https://openalex.org/W2159085819,1041-1135,Q1
https://openalex.org/W2159089208,1531-1309,Q1
https://openalex.org/W2159101239,0030-4018,Q1
https://openalex.org/W2159122071,0018-926X,Q1
https://openalex.org/W2159168707,1077-260X,Q1
https://openalex.org/W2159205855,0146-9592,Q1
https://openalex.org/W2159230779,1051-8223,Q3
https://openalex.org/W2159257138,1051-8223,Q3
https://openalex.org/W2159323954,0887-6266,Q1
https://openalex.org/W2159352565,1932-5150,Q3
https://openalex.org/W2159369641,1098-4402,Q1
https://openalex.org/W2159395738,1051-8223,Q3
https://openalex.org/W2159438815,1531-1309,Q1
https://openalex.org/W2159550987,0025-5408,Q2
https://openalex.org/W2159582793,1530-437X,Q2
https://openalex.org/W2159644212,0932-3414,Q4
https://openalex.org/W2159672022,0360-3016,Q1
https://openalex.org/W2159690160,0022-2313,Q1
https://openalex.org/W2159696131,1607-324X,Q3
https://openalex.org/W2159709015,0733-8724,Q1
https://openalex.org/W2159729094,1536-1055,Q2
https://openalex.org/W2159787372,0018-9499,Q2
https://openalex.org/W2159838744,1556-276X,Q1
https://openalex.org/W2159847957,1424-8220,Q2
https://openalex.org/W2159878490,1041-1135,Q1
https://openalex.org/W2159889897,1051-8223,Q3
https://openalex.org/W2159899910,0018-9456,Q2
https://openalex.org/W2159926042,1530-437X,Q2
https://openalex.org/W2159958725,1051-8223,Q3
https://openalex.org/W2159986849,0733-8724,Q1
https://openalex.org/W2160058589,1077-260X,Q1
https://openalex.org/W2160076638,0257-8972,Q1
https://openalex.org/W2160091135,0232-1300,Q3
https://openalex.org/W2160180031,1045-9243,Q2
https://openalex.org/W2160225526,0003-7028,Q2
https://openalex.org/W2160226841,1424-8220,Q2
https://openalex.org/W2160267667,0144-8420,Q2
https://openalex.org/W2160284352,0018-9375,Q2
https://openalex.org/W2160284940,1051-8223,Q3
https://openalex.org/W2160327936,0146-9592,Q1
https://openalex.org/W2160401753,1516-1439,Q3
https://openalex.org/W2160421475,0040-6090,Q2
https://openalex.org/W2160503200,0885-3010,Q1
https://openalex.org/W2160515177,0301-679X,Q1
https://openalex.org/W2160534045,0018-926X,Q1
https://openalex.org/W2160626848,1063-7850,Q4
https://openalex.org/W2160827045,1051-8223,Q3
https://openalex.org/W2160834936,0093-3813,Q2
https://openalex.org/W2160836647,0733-8724,Q1
https://openalex.org/W2160880992,0040-6090,Q2
https://openalex.org/W2160910594,2391-5471,Q3
https://openalex.org/W2160980024,1751-8822,Q3
https://openalex.org/W2161044934,1810-6528,Q2
https://openalex.org/W2161051163,0167-8442,Q2
https://openalex.org/W2161053862,0031-921X,-
https://openalex.org/W2161083071,0142-2421,Q2
https://openalex.org/W2161091631,0018-9375,Q2
https://openalex.org/W2161163637,1551-319X,Q1
https://openalex.org/W2161211711,0306-8919,Q2
https://openalex.org/W2161467220,0093-3813,Q2
https://openalex.org/W2161499381,0018-9499,Q2
https://openalex.org/W2161528691,0040-6090,Q2
https://openalex.org/W2161537495,1438-1656,Q1
https://openalex.org/W2161561938,1094-6969,Q2
https://openalex.org/W2161567524,1530-437X,Q2
https://openalex.org/W2161574925,1051-8223,Q3
https://openalex.org/W2161604255,1350-4177,Q1
https://openalex.org/W2161623001,1944-8201,Q1
https://openalex.org/W2161649509,1556-276X,Q1
https://openalex.org/W2161675760,1041-1135,Q1
https://openalex.org/W2161719944,0146-9592,Q1
https://openalex.org/W2161725943,1051-8223,Q3
https://openalex.org/W2161770061,0168-9002,Q1
https://openalex.org/W2161770737,0021-8979,Q1
https://openalex.org/W2161883367,1388-6150,Q2
https://openalex.org/W2161952544,1077-260X,Q1
https://openalex.org/W2161971426,1051-8223,Q3
https://openalex.org/W2161991185,0018-9456,Q2
https://openalex.org/W2162003351,1386-1425,Q2
https://openalex.org/W2162004435,1073-5623,Q1
https://openalex.org/W2162033823,1051-8223,Q3
https://openalex.org/W2162149508,0733-8724,Q1
https://openalex.org/W2162219220,1073-5615,Q1
https://openalex.org/W2162231295,0093-3813,Q2
https://openalex.org/W2162241409,1063-7710,Q3
https://openalex.org/W2162244759,0018-926X,Q1
https://openalex.org/W2162258520,1546-542X,Q2
https://openalex.org/W2162306025,1064-8887,Q3
https://openalex.org/W2162322319,0894-6507,Q2
https://openalex.org/W2162360449,0895-2477,Q3
https://openalex.org/W2162399951,1424-8220,Q2
https://openalex.org/W2162430531,0018-9375,Q2
https://openalex.org/W2162458218,1045-9243,Q2
https://openalex.org/W2162481591,0018-9480,Q1
https://openalex.org/W2162531383,0169-4332,-
https://openalex.org/W2162544201,0168-9002,Q1
https://openalex.org/W2162551623,1937-6472,Q2
https://openalex.org/W2162590892,0925-4005,Q1
https://openalex.org/W2162633430,1531-1309,Q1
https://openalex.org/W2162682519,1612-8850,Q2
https://openalex.org/W2162701844,1041-1135,Q1
https://openalex.org/W2162722995,0263-2241,Q3
https://openalex.org/W2162789939,0885-3010,Q1
https://openalex.org/W2162798627,1041-1135,Q1
https://openalex.org/W2162851326,1041-1135,Q1
https://openalex.org/W2162858342,1041-1135,Q1
https://openalex.org/W2162873089,1098-0121,Q1
https://openalex.org/W2162873534,0370-1972,Q2
https://openalex.org/W2162878435,1424-8220,Q2
https://openalex.org/W2162895661,1880-6821,Q2
https://openalex.org/W2162914479,1094-4087,Q1
https://openalex.org/W2163038606,0142-727X,Q1
https://openalex.org/W2163083551,1932-5150,Q3
https://openalex.org/W2163120335,0018-926X,Q1
https://openalex.org/W2163187149,1388-6150,Q2
https://openalex.org/W2163242466,1051-8223,Q3
https://openalex.org/W2163339134,0018-9456,Q2
https://openalex.org/W2163419984,0950-0340,Q2
https://openalex.org/W2163431639,0018-9480,Q1
https://openalex.org/W2163437883,1612-2011,Q1
https://openalex.org/W2163451018,1041-1135,Q1
https://openalex.org/W2163495020,1530-437X,Q2
https://openalex.org/W2163510041,1531-1309,Q1
https://openalex.org/W2163528810,0921-5107,Q2
https://openalex.org/W2163627645,1598-9623,Q2
https://openalex.org/W2163693713,0268-1242,Q2
https://openalex.org/W2163744332,0031-9120,Q3
https://openalex.org/W2163755236,1424-8220,Q2
https://openalex.org/W2163805997,0584-8547,Q1
https://openalex.org/W2163843644,0091-3286,Q2
https://openalex.org/W2163900007,0042-207X,Q2
https://openalex.org/W2163903773,0018-9456,Q2
https://openalex.org/W2163915713,1051-8223,Q3
https://openalex.org/W2163923623,0018-9480,Q1
https://openalex.org/W2163997701,1041-1135,Q1
https://openalex.org/W2163998477,1388-0764,Q1
https://openalex.org/W2164039763,0018-9499,Q2
https://openalex.org/W2164101244,1094-4087,Q1
https://openalex.org/W2164125681,1530-437X,Q2
https://openalex.org/W2164258537,1996-1944,-
https://openalex.org/W2164263263,1424-8220,Q2
https://openalex.org/W2164323457,1041-1135,Q1
https://openalex.org/W2164457222,1041-1135,Q1
https://openalex.org/W2164460308,0925-4005,Q1
https://openalex.org/W2164462576,0018-9480,Q1
https://openalex.org/W2164510356,0038-1101,Q2
https://openalex.org/W2164588373,1558-7916,Q1
https://openalex.org/W2164649563,0018-9456,Q2
https://openalex.org/W2164677127,1937-8726,Q3
https://openalex.org/W2164707575,1051-8223,Q3
https://openalex.org/W2164739541,0167-2738,Q1
https://openalex.org/W2164741390,1051-8223,Q3
https://openalex.org/W2164799987,1424-8220,Q2
https://openalex.org/W2164889230,0894-6507,Q2
https://openalex.org/W2164892141,1383-5416,Q4
https://openalex.org/W2164935846,1546-542X,Q2
https://openalex.org/W2164945552,0018-9456,Q2
https://openalex.org/W2164964600,1051-8223,Q3
https://openalex.org/W2164965194,1531-1309,Q1
https://openalex.org/W2165056648,1061-933X,Q3
https://openalex.org/W2165131446,0020-7608,Q2
https://openalex.org/W2165151393,0022-0434,Q1
https://openalex.org/W2165157674,0018-9480,Q1
https://openalex.org/W2165201038,1286-0042,Q2
https://openalex.org/W2165221700,0992-7689,Q2
https://openalex.org/W2165272410,0018-9456,Q2
https://openalex.org/W2165278031,1041-1135,Q1
https://openalex.org/W2165293072,0167-577X,Q1
https://openalex.org/W2165316101,0003-6951,Q1
https://openalex.org/W2165333905,0038-0946,Q3
https://openalex.org/W2165337142,1992-2248,Q4
https://openalex.org/W2165460200,1051-8223,Q3
https://openalex.org/W2165477693,1041-1135,Q1
https://openalex.org/W2165495263,0018-9499,Q2
https://openalex.org/W2165513594,1535-3508,Q1
https://openalex.org/W2165607520,0146-9592,Q1
https://openalex.org/W2165665966,0146-9592,Q1
https://openalex.org/W2165672376,1862-6300,Q2
https://openalex.org/W2165683854,0031-9007,Q1
https://openalex.org/W2165723399,0018-9499,Q2
https://openalex.org/W2165751916,0018-9456,Q2
https://openalex.org/W2165871719,1041-1135,Q1
https://openalex.org/W2165904924,1466-8033,Q1
https://openalex.org/W2166000597,0043-1648,Q1
https://openalex.org/W2166001216,0921-5093,Q1
https://openalex.org/W2166005022,1476-1122,Q1
https://openalex.org/W2166014071,1531-1309,Q1
https://openalex.org/W2166029976,0093-3813,Q2
https://openalex.org/W2166057711,0934-0866,Q3
https://openalex.org/W2166186512,1936-0851,Q1
https://openalex.org/W2166222720,0145-7632,Q2
https://openalex.org/W2166236022,1531-1309,Q1
https://openalex.org/W2166307813,1434-6044,Q1
https://openalex.org/W2166368755,0018-9480,Q1
https://openalex.org/W2166401821,0100-4670,Q3
https://openalex.org/W2166451914,1062-7995,Q1
https://openalex.org/W2166452657,0169-4332,-
https://openalex.org/W2166540597,0947-7411,Q2
https://openalex.org/W2166550792,1386-1425,Q2
https://openalex.org/W2166564037,0018-9456,Q2
https://openalex.org/W2166566996,0018-9499,Q2
https://openalex.org/W2166599603,0267-0836,Q2
https://openalex.org/W2166653158,1071-0922,Q2
https://openalex.org/W2166707439,0733-8724,Q1
https://openalex.org/W2166717423,1286-0042,Q2
https://openalex.org/W2166721839,1424-8220,Q2
https://openalex.org/W2166748092,1348-6535,Q2
https://openalex.org/W2166775424,1546-542X,Q2
https://openalex.org/W2166877017,1051-8223,Q3
https://openalex.org/W2166928119,1862-6300,Q2
https://openalex.org/W2166973641,1757-482X,-
https://openalex.org/W2167023163,0169-4332,-
https://openalex.org/W2167052594,0018-9499,Q2
https://openalex.org/W2167077800,1388-6150,Q2
https://openalex.org/W2167087193,0018-9499,Q2
https://openalex.org/W2167110111,1059-910X,Q1
https://openalex.org/W2167146058,1077-260X,Q1
https://openalex.org/W2167178305,0018-9499,Q2
https://openalex.org/W2167212912,1094-4087,Q1
https://openalex.org/W2167252695,0091-3286,Q2
https://openalex.org/W2167298350,0041-624X,Q1
https://openalex.org/W2167326434,0034-6748,Q1
https://openalex.org/W2167345286,1041-1135,Q1
https://openalex.org/W2167386364,0004-6361,Q1
https://openalex.org/W2167389078,1531-1309,Q1
https://openalex.org/W2167401124,0018-9499,Q2
https://openalex.org/W2167418053,0018-9456,Q2
https://openalex.org/W2167481674,0031-8655,-
https://openalex.org/W2167496383,1098-0121,Q1
https://openalex.org/W2167504808,1385-3449,Q2
https://openalex.org/W2167663727,1531-1309,Q1
https://openalex.org/W2167725315,1051-8223,Q3
https://openalex.org/W2167782826,1051-8223,Q3
https://openalex.org/W2167835651,1424-8220,Q2
https://openalex.org/W2167856209,0733-8724,Q1
https://openalex.org/W2167867915,1932-1058,Q2
https://openalex.org/W2168048013,1226-4776,Q2
https://openalex.org/W2168071694,0021-9614,Q1
https://openalex.org/W2168091584,0018-9456,Q2
https://openalex.org/W2168170069,0001-4966,Q1
https://openalex.org/W2168191924,0169-4332,-
https://openalex.org/W2168223220,0018-9456,Q2
https://openalex.org/W2168294108,0018-9480,Q1
https://openalex.org/W2168399469,0169-4332,-
https://openalex.org/W2168460696,1041-1135,Q1
https://openalex.org/W2168518747,1041-1135,Q1
https://openalex.org/W2168560371,1531-1309,Q1
https://openalex.org/W2168562463,0018-9499,Q2
https://openalex.org/W2168611394,0170-0839,Q2
https://openalex.org/W2168630414,0018-9480,Q1
https://openalex.org/W2168633201,1041-1135,Q1
https://openalex.org/W2168794541,0733-8724,Q1
https://openalex.org/W2168807905,1063-7737,Q3
https://openalex.org/W2168808734,0733-8724,Q1
https://openalex.org/W2168809952,0733-8724,Q1
https://openalex.org/W2168840606,0093-3813,Q2
https://openalex.org/W2168847361,0924-4247,Q1
https://openalex.org/W2168856782,1003-6326,Q3
https://openalex.org/W2168859305,1439-4235,Q1
https://openalex.org/W2168859587,1041-1135,Q1
https://openalex.org/W2168925398,0018-9499,Q2
https://openalex.org/W2168928836,0004-6337,Q2
https://openalex.org/W2168956578,0924-4247,Q1
https://openalex.org/W2168974644,1041-1135,Q1
https://openalex.org/W2168979442,0741-3335,Q1
https://openalex.org/W2169033934,1054-660X,Q3
https://openalex.org/W2169042043,0018-9480,Q1
https://openalex.org/W2169062903,1463-9076,Q1
https://openalex.org/W2169091958,0883-7694,Q1
https://openalex.org/W2169118340,0018-926X,Q1
https://openalex.org/W2169178048,1388-6150,Q2
https://openalex.org/W2169277608,0018-926X,Q1
https://openalex.org/W2169287347,1424-8220,Q2
https://openalex.org/W2169312769,0040-6090,Q2
https://openalex.org/W2169355023,0038-0946,Q3
https://openalex.org/W2169409353,0168-9002,Q1
https://openalex.org/W2169550494,1059-910X,Q1
https://openalex.org/W2169553174,0969-806X,Q2
https://openalex.org/W2169676524,0924-4247,Q1
https://openalex.org/W2169684514,0093-3813,Q2
https://openalex.org/W2169697358,1531-1309,Q1
https://openalex.org/W2169725883,0733-8724,Q1
https://openalex.org/W2169751930,0257-8972,Q1
https://openalex.org/W2169763913,0934-0866,Q3
https://openalex.org/W2169764990,1041-1135,Q1
https://openalex.org/W2169891898,0018-9375,Q2
https://openalex.org/W2169898319,0167-2738,Q1
https://openalex.org/W2170013638,0093-3813,Q2
https://openalex.org/W2170020240,1041-1135,Q1
https://openalex.org/W2170052854,0031-918X,Q3
https://openalex.org/W2170061751,0018-926X,Q1
https://openalex.org/W2170081908,0093-3813,Q2
https://openalex.org/W2170109988,0042-207X,Q2
https://openalex.org/W2170216350,1041-1135,Q1
https://openalex.org/W2170223642,0143-0807,Q3
https://openalex.org/W2170262938,1041-1135,Q1
https://openalex.org/W2170321766,0895-2477,Q3
https://openalex.org/W2170352018,0018-9499,Q2
https://openalex.org/W2170384907,0894-6507,Q2
https://openalex.org/W2170480993,1616-301X,Q1
https://openalex.org/W2170575076,1286-0042,Q2
https://openalex.org/W2170578312,0141-3910,Q1
https://openalex.org/W2170627422,0924-4247,Q1
https://openalex.org/W2170682736,0304-3843,Q3
https://openalex.org/W2170706470,0043-1648,Q1
https://openalex.org/W2170727948,1051-8223,Q3
https://openalex.org/W2170794096,1041-1135,Q1
https://openalex.org/W2170837412,1063-7761,Q3
https://openalex.org/W2170846400,1051-8223,Q3
https://openalex.org/W2170858312,0264-9381,Q1
https://openalex.org/W2170931107,0892-7057,Q3
https://openalex.org/W2171037490,1992-2248,Q4
https://openalex.org/W2171043287,1531-1309,Q1
https://openalex.org/W2171055661,0030-4018,Q1
https://openalex.org/W2171106362,0146-9592,Q1
https://openalex.org/W2171116808,0144-8420,Q2
https://openalex.org/W2171137177,0021-4922,Q2
https://openalex.org/W2171214533,1431-9276,Q3
https://openalex.org/W2171278539,0895-2477,Q3
https://openalex.org/W2171302652,1077-260X,Q1
https://openalex.org/W2171361968,0093-3813,Q2
https://openalex.org/W2171376220,0003-6951,Q1
https://openalex.org/W2171409597,1531-1309,Q1
https://openalex.org/W2171498049,0733-8724,Q1
https://openalex.org/W2171519583,1041-1135,Q1
https://openalex.org/W2171580538,0733-8724,Q1
https://openalex.org/W2171606660,1041-1135,Q1
https://openalex.org/W2171652487,0924-4247,Q1
https://openalex.org/W2171725967,0921-4526,Q2
https://openalex.org/W2171770560,0921-5093,Q1
https://openalex.org/W2171828751,1051-8223,Q3
https://openalex.org/W2171895284,1041-1135,Q1
https://openalex.org/W2171911746,1530-437X,Q2
https://openalex.org/W2171913109,0022-460X,Q1
https://openalex.org/W2171936259,1424-8220,Q2
https://openalex.org/W2171958450,0018-9499,Q2
https://openalex.org/W2172024023,0925-4005,Q1
https://openalex.org/W2172032689,1041-1135,Q1
https://openalex.org/W2172041045,1051-8223,Q3
https://openalex.org/W2172095840,1041-1135,Q1
https://openalex.org/W2172105101,0947-7411,Q2
https://openalex.org/W2172150048,1992-2248,Q4
https://openalex.org/W2172181090,1530-437X,Q2
https://openalex.org/W2173263651,1565-1339,Q1
https://openalex.org/W2176203128,0173-4911,Q4
https://openalex.org/W2176595629,1362-1718,Q1
https://openalex.org/W2176705293,0960-3409,Q4
https://openalex.org/W2177043276,1362-1718,Q1
https://openalex.org/W2177638380,1992-2248,Q4
https://openalex.org/W2177715174,0031-9015,Q1
https://openalex.org/W2180603328,0954-3899,Q1
https://openalex.org/W2182133946,1992-2248,Q4
https://openalex.org/W2184186226,1992-1950,Q4
https://openalex.org/W2186089098,1535-3508,Q1
https://openalex.org/W2188193613,1992-1950,Q4
https://openalex.org/W2200984664,0013-4651,Q1
https://openalex.org/W2205715059,1536-1055,Q2
https://openalex.org/W2206544443,1098-4402,Q1
https://openalex.org/W2207463939,1674-1056,Q3
https://openalex.org/W2208373281,1531-1309,Q1
https://openalex.org/W2213818730,0304-8853,Q2
https://openalex.org/W2215816634,1003-6326,Q3
https://openalex.org/W2221932405,1026-3098,-
https://openalex.org/W2223637837,1350-4487,Q2
https://openalex.org/W2223662164,0375-9474,Q1
https://openalex.org/W2224127550,0022-3115,Q2
https://openalex.org/W2225178000,1536-1055,Q2
https://openalex.org/W2225241631,1359-6462,Q1
https://openalex.org/W2225544771,1026-3098,-
https://openalex.org/W2226519586,1536-1055,Q2
https://openalex.org/W2228781910,0168-9002,Q1
https://openalex.org/W2230613922,0029-5450,Q2
https://openalex.org/W2231086635,1536-1055,Q2
https://openalex.org/W2236008526,0792-1241,Q4
https://openalex.org/W2242928097,1094-4087,Q1
https://openalex.org/W2243685606,1026-3098,-
https://openalex.org/W2247724164,1434-6044,Q1
https://openalex.org/W2249031103,1536-1055,Q2
https://openalex.org/W2254698166,1026-3098,-
https://openalex.org/W2256112883,1003-6326,Q3
https://openalex.org/W225731453,0078-5466,Q4
https://openalex.org/W2260720532,1098-4402,Q1
https://openalex.org/W2261365009,1536-1055,Q2
https://openalex.org/W2264585159,1674-4926,-
https://openalex.org/W2265991327,1026-3098,-
https://openalex.org/W2273019262,0256-307X,Q2
https://openalex.org/W2273416542,1536-1055,Q2
https://openalex.org/W2273522490,1026-3098,-
https://openalex.org/W2273690151,0334-6455,Q3
https://openalex.org/W2278057464,1565-1339,Q1
https://openalex.org/W2283934359,1536-1055,Q2
https://openalex.org/W2284731106,1550-2716,Q3
https://openalex.org/W2286263528,1063-7788,Q3
https://openalex.org/W2286550214,1044-5803,Q2
https://openalex.org/W2297392251,1026-3098,-
https://openalex.org/W2299150640,1026-3098,-
https://openalex.org/W2300394537,1536-1055,Q2
https://openalex.org/W2303298029,0029-5450,Q2
https://openalex.org/W2304245922,1536-1055,Q2
https://openalex.org/W2306187055,1026-3098,-
https://openalex.org/W2311404117,1536-1055,Q2
https://openalex.org/W2312292818,0921-4526,Q2
https://openalex.org/W2312780292,1565-1339,Q1
https://openalex.org/W2313384906,0168-583X,Q2
https://openalex.org/W2315073229,0044-2968,Q2
https://openalex.org/W2315120134,0025-5408,Q2
https://openalex.org/W2315726808,1565-1339,Q1
https://openalex.org/W2317690357,1070-9762,Q4
https://openalex.org/W2317861645,1727-7191,Q3
https://openalex.org/W2318169958,1565-1339,Q1
https://openalex.org/W2318371750,1533-4880,Q2
https://openalex.org/W2319509105,1565-1339,Q1
https://openalex.org/W2320339203,1565-1339,Q1
https://openalex.org/W2320390002,0932-3414,Q4
https://openalex.org/W2320792429,1528-7483,Q1
https://openalex.org/W2322913379,0334-6455,Q3
https://openalex.org/W2326080858,0022-2313,Q1
https://openalex.org/W2327175626,1607-324X,Q3
https://openalex.org/W2327256493,1565-1339,Q1
https://openalex.org/W2328009061,0932-3902,Q3
https://openalex.org/W2332622562,1098-4402,Q1
https://openalex.org/W2332754802,0792-1241,Q4
https://openalex.org/W2333445837,1098-0121,Q1
https://openalex.org/W2333965539,0930-486X,Q3
https://openalex.org/W2335226919,1431-9276,Q3
https://openalex.org/W2339383918,1003-6326,Q3
https://openalex.org/W2348062829,1004-0609,Q4
https://openalex.org/W2350947217,1993-5013,Q4
https://openalex.org/W2351331751,1001-0521,Q3
https://openalex.org/W2353015348,1063-7737,Q3
https://openalex.org/W2355010352,1001-0521,Q3
https://openalex.org/W2355641389,1001-0521,Q3
https://openalex.org/W2356222056,1001-0521,Q3
https://openalex.org/W2359102778,1003-6326,Q3
https://openalex.org/W2366048890,1003-6326,Q3
https://openalex.org/W2377858705,1001-0521,Q3
https://openalex.org/W2394675867,1001-0521,Q3
https://openalex.org/W24008763,1992-2248,Q4
https://openalex.org/W2416568968,0031-8388,Q2
https://openalex.org/W2433919680,1063-7826,Q3
https://openalex.org/W2434413685,1598-9623,Q2
https://openalex.org/W2436219792,1528-7483,Q1
https://openalex.org/W2460394984,1063-7842,Q4
https://openalex.org/W2462225484,0021-9037,Q4
https://openalex.org/W2463002707,1073-5615,Q1
https://openalex.org/W2463075497,1059-9630,Q2
https://openalex.org/W2463595955,0928-0707,Q2
https://openalex.org/W2464048707,1087-6596,Q4
https://openalex.org/W2465193750,1536-1055,Q2
https://openalex.org/W2467426139,1068-1302,Q3
https://openalex.org/W2467938886,1536-1055,Q2
https://openalex.org/W2468936194,1557-1939,Q3
https://openalex.org/W2470127363,1063-7788,Q3
https://openalex.org/W2473332758,0928-0707,Q2
https://openalex.org/W2473512003,0170-0839,Q2
https://openalex.org/W2474441208,1598-9623,Q2
https://openalex.org/W2476498818,0168-9002,Q1
https://openalex.org/W2483260866,1536-1055,Q2
https://openalex.org/W2488529726,0957-4522,Q2
https://openalex.org/W2489289313,1536-1055,Q2
https://openalex.org/W2491816604,1063-7842,Q4
https://openalex.org/W2511712984,0021-1575,Q3
https://openalex.org/W2514537791,1536-1055,Q2
https://openalex.org/W2518437617,1536-1365,Q2
https://openalex.org/W2523170872,0021-1575,Q3
https://openalex.org/W2537761169,0306-8919,Q2
https://openalex.org/W25382978,0019-5596,Q3
https://openalex.org/W2543916461,0306-8919,Q2
https://openalex.org/W256362093,1536-1055,Q2
https://openalex.org/W2565294506,0093-3813,Q2
https://openalex.org/W2571084440,0021-1575,Q3
https://openalex.org/W2572124110,0378-3812,Q1
https://openalex.org/W2606758331,0387-5016,Q4
https://openalex.org/W2609299238,0021-1575,Q3
https://openalex.org/W2614286053,0031-9007,Q1
https://openalex.org/W261929246,0018-9499,Q2
https://openalex.org/W2622415565,0387-5016,Q4
https://openalex.org/W2624729146,0038-1101,Q2
https://openalex.org/W2625444524,0038-1101,Q2
https://openalex.org/W2625783829,0038-1101,Q2
https://openalex.org/W267564839,0587-4246,Q3
https://openalex.org/W271981868,0029-5450,Q2
https://openalex.org/W2731491186,0029-5450,Q2
https://openalex.org/W2732168526,0883-7694,Q1
https://openalex.org/W2739909465,1992-1950,Q4
https://openalex.org/W2750082807,1003-6326,Q3
https://openalex.org/W2773810700,0030-400X,Q4
https://openalex.org/W2804777916,0029-5493,Q2
https://openalex.org/W281242405,0895-3996,Q2
https://openalex.org/W2950540487,0374-4884,Q2
https://openalex.org/W2952865645,1293-2558,Q2
https://openalex.org/W2963210773,1387-1811,Q1
https://openalex.org/W2963294045,0167-577X,Q1
https://openalex.org/W2963581051,1607-324X,Q3
https://openalex.org/W2963901417,0375-9687,Q3
https://openalex.org/W2963905927,1536-1365,Q2
https://openalex.org/W2964069246,0031-9007,Q1
https://openalex.org/W2964233184,1546-1955,Q3
https://openalex.org/W2983042670,0018-9456,Q2
https://openalex.org/W2984508353,0018-9456,Q2
https://openalex.org/W2985346138,0018-9456,Q2
https://openalex.org/W2985346616,0018-9456,Q2
https://openalex.org/W2985679826,0018-9456,Q2
https://openalex.org/W2985832853,0018-9456,Q2
https://openalex.org/W2986661939,0018-9456,Q2
https://openalex.org/W2986972359,0018-9456,Q2
https://openalex.org/W2987113785,0018-9456,Q2
https://openalex.org/W2988257314,0018-9456,Q2
https://openalex.org/W2990711181,1674-1056,Q3
https://openalex.org/W2994126136,1992-2248,Q4
https://openalex.org/W2999688786,0168-9002,Q1
https://openalex.org/W3000656940,1992-1950,Q4
https://openalex.org/W3003193740,0167-9317,Q2
https://openalex.org/W3004457402,0379-6779,Q2
https://openalex.org/W3009653135,0021-1575,Q3
https://openalex.org/W3011287754,1674-1056,Q3
https://openalex.org/W3022109938,0168-9002,Q1
https://openalex.org/W3022540027,0925-4005,Q1
https://openalex.org/W3022639435,0021-8979,Q1
https://openalex.org/W3023439363,0930-486X,Q3
https://openalex.org/W3029957406,1674-1056,Q3
https://openalex.org/W3038049795,0370-1573,Q1
https://openalex.org/W306583806,0078-5466,Q4
https://openalex.org/W3084491034,0021-8979,Q1
https://openalex.org/W3094529508,1992-2248,Q4
https://openalex.org/W3097344664,1992-2248,Q4
https://openalex.org/W3098211366,0031-9015,Q1
https://openalex.org/W3098241586,0034-6748,Q1
https://openalex.org/W3098449817,1323-3580,Q2
https://openalex.org/W3098483518,0004-637X,Q1
https://openalex.org/W3098506063,0295-5075,Q1
https://openalex.org/W3098675730,0004-6337,Q2
https://openalex.org/W3099189608,0957-0233,Q1
https://openalex.org/W3099427684,0004-6280,Q1
https://openalex.org/W3099497495,0954-3899,Q1
https://openalex.org/W3099507805,0002-9505,Q2
https://openalex.org/W3099562375,0004-6361,Q1
https://openalex.org/W3099589862,0146-9592,Q1
https://openalex.org/W3099606932,0033-068X,Q2
https://openalex.org/W3100218358,1041-1135,Q1
https://openalex.org/W3100825213,0004-6361,Q1
https://openalex.org/W3101334041,0021-9606,Q1
https://openalex.org/W3101446105,1387-6473,Q2
https://openalex.org/W3101597492,0217-751X,Q2
https://openalex.org/W3101711657,0035-8711,Q1
https://openalex.org/W3101726141,0004-6280,Q1
https://openalex.org/W3101958321,1029-8479,Q1
https://openalex.org/W3102176764,1748-0221,Q1
https://openalex.org/W3102603521,0002-9505,Q2
https://openalex.org/W3102741277,0001-7701,Q1
https://openalex.org/W3102785608,0004-637X,Q1
https://openalex.org/W3103208946,0004-6280,Q1
https://openalex.org/W3103218562,0143-0807,Q3
https://openalex.org/W3103265536,0004-6361,Q1
https://openalex.org/W3103576267,0004-6280,Q1
https://openalex.org/W3103627342,0003-6951,Q1
https://openalex.org/W3103635592,0004-6280,Q1
https://openalex.org/W3103725700,1745-3933,-
https://openalex.org/W3103771291,0004-6361,Q1
https://openalex.org/W3104573724,0004-6337,Q2
https://openalex.org/W3104716766,0218-2718,Q2
https://openalex.org/W3104727009,1094-4087,Q1
https://openalex.org/W3105191067,0033-068X,Q2
https://openalex.org/W3105540610,0018-9499,Q2
https://openalex.org/W3105913772,0004-637X,Q1
https://openalex.org/W3106226396,0295-5075,Q1
https://openalex.org/W3106399248,0031-9015,Q1
https://openalex.org/W3106474655,1434-6044,Q1
https://openalex.org/W3121744826,0004-6361,Q1
https://openalex.org/W3122375368,1992-1950,Q4
https://openalex.org/W3123067016,0018-9499,Q2
https://openalex.org/W3123690409,0375-9687,Q3
https://openalex.org/W3123855633,1062-8738,Q4
https://openalex.org/W3124033765,0004-637X,Q1
https://openalex.org/W3124107056,0004-6361,Q1
https://openalex.org/W3125625660,0003-6951,Q1
https://openalex.org/W3132953465,0038-6308,Q1
https://openalex.org/W3183110793,1029-8479,Q1
https://openalex.org/W332068852,1536-1055,Q2
https://openalex.org/W333680633,0078-5466,Q4
https://openalex.org/W33456720,0029-5450,Q2
https://openalex.org/W346060129,0860-8229,Q3
https://openalex.org/W37258847,0029-5450,Q2
https://openalex.org/W39435971,0029-5450,Q2
https://openalex.org/W407613457,0387-5016,Q4
https://openalex.org/W4205182410,0022-4073,Q1
https://openalex.org/W4229959739,0020-7608,Q2
https://openalex.org/W4230941535,1070-9622,Q3
https://openalex.org/W4231187192,1749-4885,Q1
https://openalex.org/W4232351765,1070-9622,Q3
https://openalex.org/W4233297469,1070-9622,Q3
https://openalex.org/W4234129302,0232-1300,Q3
https://openalex.org/W4234769389,0950-0340,Q2
https://openalex.org/W4237798696,0022-3131,Q3
https://openalex.org/W4237914653,1951-6355,Q2
https://openalex.org/W4238624118,1070-9622,Q3
https://openalex.org/W4239185151,0010-5082,Q3
https://openalex.org/W4239614037,0022-3131,Q3
https://openalex.org/W4240154439,0047-2689,Q1
https://openalex.org/W4240729717,0003-6951,Q1
https://openalex.org/W4240777122,1070-9622,Q3
https://openalex.org/W4241506217,0964-1726,Q1
https://openalex.org/W4241616417,0022-3131,Q3
https://openalex.org/W4242487218,0167-8442,Q2
https://openalex.org/W4243962428,0267-0844,Q3
https://openalex.org/W4245620572,1070-9622,Q3
https://openalex.org/W4245641872,1070-9622,Q3
https://openalex.org/W4245983997,0022-4073,Q1
https://openalex.org/W4245990202,0925-3467,Q1
https://openalex.org/W4246126534,1386-1425,Q2
https://openalex.org/W4246325652,1745-2473,Q1
https://openalex.org/W4247988504,0022-1481,Q1
https://openalex.org/W4250006366,0029-5515,Q1
https://openalex.org/W4250575444,0021-8979,Q1
https://openalex.org/W4250921397,0735-1933,Q1
https://openalex.org/W4250954628,0169-4243,Q2
https://openalex.org/W4251196115,0733-8724,Q1
https://openalex.org/W4252277450,1094-4087,Q1
https://openalex.org/W4252537810,0921-4526,Q2
https://openalex.org/W4254228629,0933-5137,Q3
https://openalex.org/W4254521898,0022-0248,Q1
https://openalex.org/W4254593309,0963-8695,Q2
https://openalex.org/W4298277770,0375-9601,Q2
https://openalex.org/W4300109962,0040-6090,Q2
https://openalex.org/W4300161883,0003-3804,Q2
https://openalex.org/W4300193050,0167-9317,Q2
https://openalex.org/W4300286897,1094-4087,Q1
https://openalex.org/W4300636318,0004-6361,Q1
https://openalex.org/W4300996940,0167-9317,Q2
https://openalex.org/W4301522067,0514-5163,Q3
https://openalex.org/W4301893846,0733-8724,Q1
https://openalex.org/W4376849494,1062-7995,Q1
https://openalex.org/W49014043,0029-5450,Q2
https://openalex.org/W51432927,0167-577X,Q1
https://openalex.org/W5180611,0587-4246,Q3
https://openalex.org/W571369999,0034-6748,Q1
https://openalex.org/W58114142,0587-4246,Q3
https://openalex.org/W60847893,1536-1055,Q2
https://openalex.org/W63842145,1536-1365,Q2
https://openalex.org/W752518055,0587-4246,Q3
https://openalex.org/W768040246,0587-4246,Q3
https://openalex.org/W795441156,0587-4246,Q3
https://openalex.org/W812482298,0587-4246,Q3
https://openalex.org/W815701220,0587-4246,Q3
https://openalex.org/W819564326,0587-4246,Q3
https://openalex.org/W822665575,0860-8229,Q3
https://openalex.org/W836555410,0587-4246,Q3
https://openalex.org/W857219788,0587-4246,Q3
https://openalex.org/W86228630,0587-4246,Q3
https://openalex.org/W86413225,0029-5450,Q2
https://openalex.org/W874474336,0860-8229,Q3
https://openalex.org/W892217253,0587-4246,Q3
https://openalex.org/W899063451,0587-4246,Q3
https://openalex.org/W918310599,1536-1055,Q2
https://openalex.org/W92056692,0018-9499,Q2
https://openalex.org/W921400893,0587-4246,Q3
https://openalex.org/W92321048,0387-5016,Q4
https://openalex.org/W937024499,0587-4246,Q3
https://openalex.org/W94594660,0925-4005,Q1
https://openalex.org/W950035881,0587-4246,Q3
https://openalex.org/W982768434,0860-8229,Q3
