focal_id,issn_clean,SJR Best Quartile
https://openalex.org/W1033266092,0015-4725,Q3
https://openalex.org/W105278568,0253-2964,Q3
https://openalex.org/W124764201,0021-9673,Q1
https://openalex.org/W126678270,0253-2964,Q3
https://openalex.org/W133928413,0011-9164,Q1
https://openalex.org/W133948679,0022-0248,Q1
https://openalex.org/W147758813,0003-150X,Q2
https://openalex.org/W1481865419,0011-1643,Q2
https://openalex.org/W1481931124,1566-7367,Q1
https://openalex.org/W1482023416,0910-6340,Q2
https://openalex.org/W1485178467,1226-3907,Q4
https://openalex.org/W1485630019,0327-0793,Q3
https://openalex.org/W1488647847,1060-3271,Q2
https://openalex.org/W1489448924,0022-2313,Q1
https://openalex.org/W1494473657,0253-2964,Q3
https://openalex.org/W1497986159,0021-8995,Q2
https://openalex.org/W1498774104,0925-3467,-
https://openalex.org/W150234866,1307-6167,-
https://openalex.org/W1504087240,0022-2313,Q1
https://openalex.org/W1506548672,0253-2964,Q3
https://openalex.org/W1510476511,0022-152X,Q3
https://openalex.org/W1512489345,1388-6150,Q3
https://openalex.org/W1513555481,1002-0721,Q3
https://openalex.org/W1513763149,1566-7367,Q1
https://openalex.org/W1518079683,1307-6167,-
https://openalex.org/W1518262072,0009-5893,Q2
https://openalex.org/W1519230828,0163-3864,Q1
https://openalex.org/W1520750324,0021-8561,Q1
https://openalex.org/W1522789940,0001-9704,Q4
https://openalex.org/W1523454872,0022-2313,Q1
https://openalex.org/W152668036,1010-6030,Q1
https://openalex.org/W1539609497,0927-7757,-
https://openalex.org/W1541068430,1472-3581,Q1
https://openalex.org/W1542151379,1542-1406,Q2
https://openalex.org/W1542252541,1434-1948,Q1
https://openalex.org/W1543112032,0163-3864,Q1
https://openalex.org/W1544285315,0169-4332,-
https://openalex.org/W1550601699,0001-9704,Q4
https://openalex.org/W1551333210,1472-3581,Q1
https://openalex.org/W1556299386,1472-3581,Q1
https://openalex.org/W1556895356,1522-7235,Q2
https://openalex.org/W1556936090,0362-4803,Q3
https://openalex.org/W1559295213,1001-8417,Q3
https://openalex.org/W1562511342,1542-1406,Q2
https://openalex.org/W1564450438,1060-3271,Q2
https://openalex.org/W1566510640,0021-9673,Q1
https://openalex.org/W1570007461,1643-1049,Q4
https://openalex.org/W1578239160,0020-1669,Q1
https://openalex.org/W1584284561,1002-0721,Q3
https://openalex.org/W1585890446,1472-3581,Q1
https://openalex.org/W1586035223,0022-2313,Q1
https://openalex.org/W1590523095,0013-4651,Q1
https://openalex.org/W1592635221,1000-3304,Q3
https://openalex.org/W1594649457,0038-1098,Q1
https://openalex.org/W15969979,0253-2964,Q3
https://openalex.org/W1599668184,0142-5463,Q2
https://openalex.org/W1603831831,0021-9584,Q3
https://openalex.org/W1606278800,1472-3581,Q1
https://openalex.org/W1609811288,0957-4484,Q1
https://openalex.org/W1616385150,1598-5032,Q2
https://openalex.org/W1624998233,0253-2964,Q3
https://openalex.org/W1634840934,0253-2964,Q3
https://openalex.org/W1640192501,0022-4073,Q2
https://openalex.org/W1642237550,0022-4596,Q1
https://openalex.org/W1656153697,0021-9606,Q1
https://openalex.org/W1659716027,0038-1098,Q1
https://openalex.org/W1679038860,0236-5731,Q3
https://openalex.org/W1700020254,0793-0283,Q4
https://openalex.org/W1700461405,1099-0690,Q1
https://openalex.org/W171369964,0003-2670,Q1
https://openalex.org/W1715864491,1307-6167,-
https://openalex.org/W1719362820,0015-4725,Q3
https://openalex.org/W1735749366,0039-9140,Q1
https://openalex.org/W1749258668,1388-6150,Q3
https://openalex.org/W1755384488,0169-4332,-
https://openalex.org/W1763647135,1472-3581,Q1
https://openalex.org/W1765845256,1099-0062,Q1
https://openalex.org/W1776262918,0334-6455,Q3
https://openalex.org/W1777008144,1388-6150,Q3
https://openalex.org/W1785341832,0009-2614,Q1
https://openalex.org/W1795720206,1388-6150,Q3
https://openalex.org/W1810863740,1472-3581,Q1
https://openalex.org/W1811329619,1388-6150,Q3
https://openalex.org/W1812326103,1388-6150,Q3
https://openalex.org/W1812926816,0584-8547,Q1
https://openalex.org/W1830541475,1388-6150,Q3
https://openalex.org/W1845717606,0352-9568,Q3
https://openalex.org/W1852357009,1951-6355,Q3
https://openalex.org/W1856825999,1472-3581,Q1
https://openalex.org/W1867887671,0145-8892,Q2
https://openalex.org/W1868617675,1951-6355,Q3
https://openalex.org/W1868971041,0377-0486,Q1
https://openalex.org/W187385320,1307-6167,-
https://openalex.org/W1878697132,1388-6150,Q3
https://openalex.org/W1886015294,1388-6150,Q3
https://openalex.org/W1896761706,0352-9568,Q3
https://openalex.org/W1902735294,0013-4651,Q1
https://openalex.org/W1904191008,0015-4725,Q3
https://openalex.org/W1931186447,0887-624X,Q1
https://openalex.org/W1931308180,0327-0793,Q3
https://openalex.org/W1934702467,0145-8892,Q2
https://openalex.org/W1949922525,0044-2313,Q3
https://openalex.org/W1949955622,1424-8220,Q3
https://openalex.org/W1953096340,1076-5174,Q1
https://openalex.org/W1953854867,0142-2421,Q2
https://openalex.org/W1955564769,1307-6167,-
https://openalex.org/W1961674104,0013-4651,Q1
https://openalex.org/W1963486767,0009-2509,Q1
https://openalex.org/W1963491342,0378-7753,Q1
https://openalex.org/W1963539591,0022-0248,Q1
https://openalex.org/W1963554147,1350-4177,-
https://openalex.org/W1963574351,0022-3263,Q1
https://openalex.org/W1963608973,0040-4039,Q1
https://openalex.org/W1963609465,0011-9164,Q1
https://openalex.org/W1963619892,0173-0835,Q1
https://openalex.org/W1963630353,0968-0896,Q1
https://openalex.org/W1963635099,1359-7345,Q1
https://openalex.org/W1963640980,0021-9517,Q1
https://openalex.org/W1963659040,0257-8972,Q1
https://openalex.org/W1963673961,0003-2670,Q1
https://openalex.org/W1963681945,0927-7765,Q2
https://openalex.org/W1963684328,0232-1300,Q2
https://openalex.org/W1963685367,0925-4005,-
https://openalex.org/W1963689241,0920-5861,Q1
https://openalex.org/W1963724025,0039-9140,Q1
https://openalex.org/W1963742267,1091-6466,Q2
https://openalex.org/W1963782086,1022-5528,Q1
https://openalex.org/W1963786711,0022-0248,Q1
https://openalex.org/W1963792362,1099-0690,Q1
https://openalex.org/W1963808039,0925-4005,-
https://openalex.org/W1963818864,0910-6340,Q2
https://openalex.org/W1963820780,0011-9164,Q1
https://openalex.org/W1963823375,1438-7697,Q1
https://openalex.org/W1963823630,0039-7911,Q3
https://openalex.org/W1963840324,0022-3697,Q2
https://openalex.org/W1963870927,0916-8451,Q3
https://openalex.org/W1963885647,1083-6160,Q2
https://openalex.org/W1963911546,0951-4198,Q1
https://openalex.org/W1963918522,0003-2719,Q2
https://openalex.org/W1963927793,0032-3861,Q1
https://openalex.org/W1963933194,0009-3130,-
https://openalex.org/W1963960601,0022-0248,Q1
https://openalex.org/W1963968832,1066-5285,Q3
https://openalex.org/W1963999697,1385-8947,Q1
https://openalex.org/W1964007642,1022-5528,Q1
https://openalex.org/W1964021292,0223-5234,Q2
https://openalex.org/W1964027932,0040-4020,Q1
https://openalex.org/W1964064120,0021-8561,Q1
https://openalex.org/W1964079640,0968-0896,Q1
https://openalex.org/W1964087853,0966-9795,Q1
https://openalex.org/W1964138015,0011-9164,Q1
https://openalex.org/W1964162197,0308-8146,Q1
https://openalex.org/W1964164153,1383-5866,Q1
https://openalex.org/W1964179733,0721-3115,Q2
https://openalex.org/W1964192462,0916-8451,Q3
https://openalex.org/W1964195077,0022-152X,Q3
https://openalex.org/W1964195972,0308-8146,Q1
https://openalex.org/W1964200875,0011-9164,Q1
https://openalex.org/W1964231571,1448-2517,Q1
https://openalex.org/W1964233307,1757-6180,-
https://openalex.org/W1964238158,0011-9164,Q1
https://openalex.org/W1964265790,1061-933X,Q4
https://openalex.org/W1964272752,0167-7322,Q2
https://openalex.org/W1964329954,0020-1693,Q2
https://openalex.org/W1964335302,0016-2361,Q1
https://openalex.org/W1964339335,0960-894X,Q1
https://openalex.org/W1964365194,0378-7753,Q1
https://openalex.org/W1964373601,0169-7439,Q2
https://openalex.org/W1964391435,1420-3049,Q2
https://openalex.org/W1964396179,0236-5731,Q3
https://openalex.org/W1964413127,0021-8995,Q2
https://openalex.org/W1964416405,0584-8547,Q1
https://openalex.org/W1964419862,0888-5885,Q1
https://openalex.org/W1964422665,0958-0344,Q2
https://openalex.org/W1964428135,0013-4686,Q1
https://openalex.org/W1964444396,0021-9568,Q1
https://openalex.org/W1964482325,0169-4332,-
https://openalex.org/W1964484784,1070-4280,Q4
https://openalex.org/W1964485243,0366-7022,Q2
https://openalex.org/W1964495872,1386-1425,Q2
https://openalex.org/W1964496257,1388-6150,Q3
https://openalex.org/W1964514956,0960-894X,Q1
https://openalex.org/W1964526044,0022-2313,Q1
https://openalex.org/W1964557217,0011-9164,Q1
https://openalex.org/W1964557429,0022-3263,Q1
https://openalex.org/W1964559497,0731-7085,Q1
https://openalex.org/W1964562655,0236-5731,Q3
https://openalex.org/W1964566506,0021-8995,Q2
https://openalex.org/W1964574583,0020-1693,Q2
https://openalex.org/W1964578437,0142-5463,Q2
https://openalex.org/W1964587718,1478-6419,Q3
https://openalex.org/W1964600766,0014-3057,Q1
https://openalex.org/W1964617798,0009-2363,Q2
https://openalex.org/W1964624097,0030-4018,Q2
https://openalex.org/W1964642121,0021-8561,Q1
https://openalex.org/W1964646267,1535-3893,Q1
https://openalex.org/W1964646889,0003-2654,Q1
https://openalex.org/W1964651159,1523-7052,Q1
https://openalex.org/W1964653026,0021-8995,Q2
https://openalex.org/W1964661883,0011-9164,Q1
https://openalex.org/W1964678030,0268-2575,Q2
https://openalex.org/W1964682992,0960-894X,Q1
https://openalex.org/W1964717033,1520-5207,Q1
https://openalex.org/W1964750591,0925-4005,-
https://openalex.org/W1964750772,0013-4651,Q1
https://openalex.org/W1964764234,1432-8488,Q2
https://openalex.org/W1964773524,0721-3115,Q2
https://openalex.org/W1964776014,0003-2654,Q1
https://openalex.org/W1964789771,0308-8146,Q1
https://openalex.org/W1964805951,0022-3263,Q1
https://openalex.org/W1964808322,1229-9197,Q3
https://openalex.org/W1964848564,1022-1352,Q1
https://openalex.org/W1964864244,1001-0521,Q3
https://openalex.org/W1964875017,1076-5174,Q1
https://openalex.org/W1964902865,0003-2670,Q1
https://openalex.org/W1964929214,0009-5893,Q2
https://openalex.org/W1964931027,0040-4039,Q1
https://openalex.org/W1964933749,0039-7911,Q3
https://openalex.org/W1964940775,0013-936X,Q1
https://openalex.org/W1964981393,0002-7863,Q1
https://openalex.org/W1964999039,1477-0520,Q1
https://openalex.org/W1965005101,0040-4039,Q1
https://openalex.org/W1965006288,0932-0776,Q2
https://openalex.org/W1965008784,0021-9517,Q1
https://openalex.org/W1965015107,0040-4039,Q1
https://openalex.org/W1965030487,0045-6535,Q1
https://openalex.org/W1965059545,0144-8617,Q1
https://openalex.org/W1965061103,0030-4018,Q2
https://openalex.org/W1965062187,0098-6445,Q2
https://openalex.org/W1965093204,0925-4005,-
https://openalex.org/W1965105862,0223-5234,Q2
https://openalex.org/W1965112276,1522-7235,Q2
https://openalex.org/W1965123282,0914-9244,Q3
https://openalex.org/W1965123780,1932-7447,Q1
https://openalex.org/W1965128040,1000-3304,Q3
https://openalex.org/W1965140095,0960-894X,Q1
https://openalex.org/W1965146773,1388-6150,Q3
https://openalex.org/W1965170711,0928-0707,Q1
https://openalex.org/W1965182202,1615-9306,Q1
https://openalex.org/W1965212047,0163-3864,Q1
https://openalex.org/W1965225276,0032-3861,Q1
https://openalex.org/W1965227346,1932-7447,Q1
https://openalex.org/W1965236107,0021-8561,Q1
https://openalex.org/W1965239058,1936-9751,Q3
https://openalex.org/W1965242281,1388-2481,Q1
https://openalex.org/W1965249240,0002-7863,Q1
https://openalex.org/W1965263185,0022-152X,Q3
https://openalex.org/W1965287253,0959-9428,Q1
https://openalex.org/W1965341888,0022-2313,Q1
https://openalex.org/W1965344911,0039-9140,Q1
https://openalex.org/W1965356447,0036-0236,Q4
https://openalex.org/W1965359781,1477-0520,Q1
https://openalex.org/W1965360359,0009-5893,Q2
https://openalex.org/W1965365132,0378-7753,Q1
https://openalex.org/W1965372082,0021-8561,Q1
https://openalex.org/W1965405850,0013-4686,Q1
https://openalex.org/W1965435938,0378-7753,Q1
https://openalex.org/W1965497361,1001-604X,Q3
https://openalex.org/W1965524559,0002-7863,Q1
https://openalex.org/W1965537857,0142-5463,Q2
https://openalex.org/W1965541865,0223-5234,Q2
https://openalex.org/W1965541921,0144-8617,Q1
https://openalex.org/W1965562468,1022-9760,Q2
https://openalex.org/W1965567175,0032-0943,Q2
https://openalex.org/W1965585826,1388-6150,Q3
https://openalex.org/W1965613483,1386-1425,Q2
https://openalex.org/W1965658545,0040-4039,Q1
https://openalex.org/W1965661439,1388-6150,Q3
https://openalex.org/W1965664115,0277-5387,Q2
https://openalex.org/W1965673276,1004-9541,Q2
https://openalex.org/W1965693023,0002-7863,Q1
https://openalex.org/W1965694893,0009-2665,Q1
https://openalex.org/W1965698165,0008-6215,Q2
https://openalex.org/W1965704989,1348-6535,Q2
https://openalex.org/W1965742471,0366-7022,Q2
https://openalex.org/W1965758525,1735-207X,Q2
https://openalex.org/W1965768639,0925-4005,-
https://openalex.org/W1965769936,0925-9635,Q1
https://openalex.org/W1965772289,0731-7085,Q1
https://openalex.org/W1965787707,1002-0721,Q3
https://openalex.org/W1965794319,0169-4332,-
https://openalex.org/W1965807173,0916-8451,Q3
https://openalex.org/W1965814040,0960-894X,Q1
https://openalex.org/W1965817761,0003-2719,Q2
https://openalex.org/W1965834235,0010-5082,Q2
https://openalex.org/W1965852996,0968-0896,Q1
https://openalex.org/W1965894933,0922-6168,Q2
https://openalex.org/W1965903383,0009-3122,Q4
https://openalex.org/W1965923292,0021-8995,Q2
https://openalex.org/W1965924279,0022-3263,Q1
https://openalex.org/W1965927283,0731-7085,Q1
https://openalex.org/W1966008514,0268-005X,Q1
https://openalex.org/W1966015777,0253-6269,Q3
https://openalex.org/W1966019126,0022-2852,Q2
https://openalex.org/W1966025694,1070-3632,Q3
https://openalex.org/W1966026874,0079-6700,Q1
https://openalex.org/W1966043638,0021-9584,Q3
https://openalex.org/W1966072671,1388-6150,Q3
https://openalex.org/W1966077503,0003-2670,Q1
https://openalex.org/W1966092081,0022-2313,Q1
https://openalex.org/W1966105334,0020-1685,Q3
https://openalex.org/W1966112868,0195-928X,-
https://openalex.org/W1966130601,0916-8451,Q3
https://openalex.org/W1966148271,0269-3879,Q2
https://openalex.org/W1966162600,0737-3937,Q3
https://openalex.org/W1966201334,1042-7163,Q2
https://openalex.org/W1966202467,1340-3443,-
https://openalex.org/W1966208635,0021-8561,Q1
https://openalex.org/W1966216598,0022-3263,Q1
https://openalex.org/W1966267792,1788-618X,Q2
https://openalex.org/W1966280423,0008-6223,Q1
https://openalex.org/W1966281257,0959-9428,Q1
https://openalex.org/W1966309601,0022-3263,Q1
https://openalex.org/W1966352260,1523-7052,Q1
https://openalex.org/W1966388124,0352-5139,Q3
https://openalex.org/W1966415422,0018-1439,Q4
https://openalex.org/W1966425216,0022-3697,Q2
https://openalex.org/W1966429896,0968-0896,Q1
https://openalex.org/W1966454526,0920-5861,Q1
https://openalex.org/W1966456689,1549-9596,Q1
https://openalex.org/W1966460053,1433-7851,Q1
https://openalex.org/W1966461963,1673-3495,Q4
https://openalex.org/W1966466061,1420-3049,Q2
https://openalex.org/W1966467619,0030-4018,Q2
https://openalex.org/W1966497208,0255-2701,Q1
https://openalex.org/W1966501256,1359-7345,Q1
https://openalex.org/W1966502893,1422-0067,Q3
https://openalex.org/W1966519089,0236-5731,Q3
https://openalex.org/W1966584542,0956-5663,Q1
https://openalex.org/W1966622851,0308-8146,Q1
https://openalex.org/W1966681447,0018-019X,Q2
https://openalex.org/W1966703700,0167-2738,Q1
https://openalex.org/W1966704573,1385-8947,Q1
https://openalex.org/W1966707160,0173-0835,Q1
https://openalex.org/W1966719597,0920-5861,Q1
https://openalex.org/W1966719812,0040-4039,Q1
https://openalex.org/W1966725567,0022-3263,Q1
https://openalex.org/W1966734540,0013-4686,Q1
https://openalex.org/W1966738181,0899-0042,Q2
https://openalex.org/W1966750333,1932-7447,Q1
https://openalex.org/W1966772837,0924-2031,Q3
https://openalex.org/W1966775454,0257-8972,Q1
https://openalex.org/W1966782983,0883-7694,Q1
https://openalex.org/W1966785114,0022-2313,Q1
https://openalex.org/W1966788803,1862-5282,Q3
https://openalex.org/W1966792241,0928-0707,Q1
https://openalex.org/W1966796451,0003-2670,Q1
https://openalex.org/W1966806520,1066-5285,Q3
https://openalex.org/W1966824311,0021-8995,Q2
https://openalex.org/W1966873642,1388-6150,Q3
https://openalex.org/W1966877897,1598-5032,Q2
https://openalex.org/W1966896127,0021-9673,Q1
https://openalex.org/W1966900284,0003-7028,Q3
https://openalex.org/W1966901255,1387-1811,Q1
https://openalex.org/W1966901934,0018-1439,Q4
https://openalex.org/W1966905686,1523-7052,Q1
https://openalex.org/W1966922317,0223-5234,Q2
https://openalex.org/W1966933539,1612-1872,Q2
https://openalex.org/W1966983005,0011-9164,Q1
https://openalex.org/W1967003682,1001-604X,Q3
https://openalex.org/W1967045317,0163-3864,Q1
https://openalex.org/W1967058612,0008-6223,Q1
https://openalex.org/W1967087242,0021-8995,Q2
https://openalex.org/W1967088373,0308-8146,Q1
https://openalex.org/W1967099836,0925-9635,Q1
https://openalex.org/W1967120323,0257-8972,Q1
https://openalex.org/W1967124865,0366-6352,Q3
https://openalex.org/W1967136376,0021-9568,Q1
https://openalex.org/W1967149408,1387-1811,Q1
https://openalex.org/W1967153117,0016-2361,Q1
https://openalex.org/W1967172952,0948-5023,Q2
https://openalex.org/W1967173722,1042-7163,Q2
https://openalex.org/W1967218181,1070-4280,Q4
https://openalex.org/W1967220476,1070-4280,Q4
https://openalex.org/W1967232141,1463-9076,Q1
https://openalex.org/W1967254340,0959-9428,Q1
https://openalex.org/W1967256748,0021-8561,Q1
https://openalex.org/W1967260331,0040-4020,Q1
https://openalex.org/W1967291053,1061-9348,Q4
https://openalex.org/W1967314994,0272-8397,Q2
https://openalex.org/W1967334572,1359-7345,Q1
https://openalex.org/W1967360525,0013-4651,Q1
https://openalex.org/W1967362468,0022-3263,Q1
https://openalex.org/W1967362557,0927-0256,Q1
https://openalex.org/W1967377132,0003-2719,Q2
https://openalex.org/W1967475324,0584-8547,Q1
https://openalex.org/W1967494893,0040-4039,Q1
https://openalex.org/W1967497513,0040-4039,Q1
https://openalex.org/W1967517860,0169-4332,-
https://openalex.org/W1967540521,0144-8617,Q1
https://openalex.org/W1967553472,0886-9383,Q2
https://openalex.org/W1967628748,0021-9592,Q2
https://openalex.org/W1967630348,0960-894X,Q1
https://openalex.org/W1967631885,0169-4243,Q2
https://openalex.org/W1967635402,0142-2421,Q2
https://openalex.org/W1967723624,0021-9673,Q1
https://openalex.org/W1967724721,0009-5893,Q2
https://openalex.org/W1967743788,0232-1300,Q2
https://openalex.org/W1967768777,1542-1406,Q2
https://openalex.org/W1967782042,1001-8417,Q3
https://openalex.org/W1967795695,0040-4020,Q1
https://openalex.org/W1967815298,0009-2363,Q2
https://openalex.org/W1967828978,0022-3263,Q1
https://openalex.org/W1967837565,0223-5234,Q2
https://openalex.org/W1967880584,0024-9297,Q1
https://openalex.org/W1967901144,1387-1811,Q1
https://openalex.org/W1967905705,0925-4005,-
https://openalex.org/W1967931438,0968-0896,Q1
https://openalex.org/W1967931457,0016-2361,Q1
https://openalex.org/W1967931897,1229-9197,Q3
https://openalex.org/W1967943856,1466-8564,Q1
https://openalex.org/W1967954335,1099-0690,Q1
https://openalex.org/W1967957186,0020-1685,Q3
https://openalex.org/W1967963849,0018-019X,Q2
https://openalex.org/W1967969973,1054-2523,Q4
https://openalex.org/W1967973302,1388-6150,Q3
https://openalex.org/W1967977204,0965-5441,Q3
https://openalex.org/W1968040269,0020-1693,Q2
https://openalex.org/W1968071371,0021-9568,Q1
https://openalex.org/W1968085769,0169-4332,-
https://openalex.org/W1968130919,0306-0012,Q1
https://openalex.org/W1968143815,1348-6535,Q2
https://openalex.org/W1968163593,0959-9428,Q1
https://openalex.org/W1968167502,1364-7830,Q1
https://openalex.org/W1968189297,0169-4332,-
https://openalex.org/W1968202049,0925-9635,Q1
https://openalex.org/W1968205611,0002-7863,Q1
https://openalex.org/W1968209747,1520-5207,Q1
https://openalex.org/W1968265733,0013-936X,Q1
https://openalex.org/W1968267368,1932-7447,Q1
https://openalex.org/W1968294289,0021-8995,Q2
https://openalex.org/W1968311163,0236-5731,Q3
https://openalex.org/W1968317488,0378-7753,Q1
https://openalex.org/W1968318134,1424-8220,Q3
https://openalex.org/W1968336527,0022-152X,Q3
https://openalex.org/W1968355476,0002-7863,Q1
https://openalex.org/W1968381662,0169-4332,-
https://openalex.org/W1968390772,1388-6150,Q3
https://openalex.org/W1968404870,0920-5861,Q1
https://openalex.org/W1968411058,0892-6875,Q1
https://openalex.org/W1968421762,0003-2670,Q1
https://openalex.org/W1968423735,0584-8547,Q1
https://openalex.org/W1968432633,1070-4272,Q4
https://openalex.org/W1968466177,1001-8417,Q3
https://openalex.org/W1968481896,0026-265X,Q2
https://openalex.org/W1968486156,0008-6215,Q2
https://openalex.org/W1968536948,1083-6160,Q2
https://openalex.org/W1968572653,0021-8995,Q2
https://openalex.org/W1968574761,0011-9164,Q1
https://openalex.org/W1968580205,0021-8995,Q2
https://openalex.org/W1968593634,1383-5866,Q1
https://openalex.org/W1968617068,0236-5731,Q3
https://openalex.org/W1968632897,0236-5731,Q3
https://openalex.org/W1968639407,0009-5893,Q2
https://openalex.org/W1968639884,1359-7345,Q1
https://openalex.org/W1968640440,0267-9477,Q1
https://openalex.org/W1968648958,1066-5285,Q3
https://openalex.org/W1968659044,0021-891X,Q2
https://openalex.org/W1968659740,1528-7483,Q1
https://openalex.org/W1968664212,0001-4842,Q1
https://openalex.org/W1968666395,1422-0067,Q3
https://openalex.org/W1968687513,1054-2523,Q4
https://openalex.org/W1968704949,0170-0839,Q2
https://openalex.org/W1968730327,0169-4332,-
https://openalex.org/W1968744949,0039-9140,Q1
https://openalex.org/W1968763546,0223-5234,Q2
https://openalex.org/W1968789962,1607-6729,Q3
https://openalex.org/W1968817258,1522-7235,Q2
https://openalex.org/W1968848873,0925-4005,-
https://openalex.org/W1968878716,1751-7192,Q3
https://openalex.org/W1968949623,0013-4686,Q1
https://openalex.org/W1968993726,0021-9568,Q1
https://openalex.org/W1969029459,0169-4332,-
https://openalex.org/W1969034407,0223-5234,Q2
https://openalex.org/W1969068492,0163-3864,Q1
https://openalex.org/W1969068567,1570-0232,Q1
https://openalex.org/W1969075870,1383-5866,Q1
https://openalex.org/W1969085784,0169-4332,-
https://openalex.org/W1969086916,0021-9673,Q1
https://openalex.org/W1969134611,0257-8972,Q1
https://openalex.org/W1969146137,0364-5916,Q1
https://openalex.org/W1969147804,0957-4166,Q1
https://openalex.org/W1969162267,0021-8995,Q2
https://openalex.org/W1969163400,0022-4073,Q2
https://openalex.org/W1969180048,0014-3057,Q1
https://openalex.org/W1969216604,1990-7923,Q4
https://openalex.org/W1969234569,0170-0839,Q2
https://openalex.org/W1969268861,0040-4039,Q1
https://openalex.org/W1969269933,0968-0896,Q1
https://openalex.org/W1969274923,0021-9673,Q1
https://openalex.org/W1969284470,0021-8995,Q2
https://openalex.org/W1969294321,0959-9428,Q1
https://openalex.org/W1969306106,0144-8617,Q1
https://openalex.org/W1969315394,0040-4039,Q1
https://openalex.org/W1969316293,1002-0721,Q3
https://openalex.org/W1969322927,0022-3263,Q1
https://openalex.org/W1969347123,0959-8103,-
https://openalex.org/W1969347893,0032-3861,Q1
https://openalex.org/W1969376033,0960-894X,Q1
https://openalex.org/W1969382438,1001-0521,Q3
https://openalex.org/W1969386858,0013-936X,Q1
https://openalex.org/W1969440782,0021-9606,Q1
https://openalex.org/W1969470230,0022-1139,Q2
https://openalex.org/W1969472330,0040-4039,Q1
https://openalex.org/W1969473490,0956-5663,Q1
https://openalex.org/W1969481554,1478-6419,Q3
https://openalex.org/W1969481752,1001-8417,Q3
https://openalex.org/W1969502858,1043-1802,Q1
https://openalex.org/W1969504456,1001-0521,Q3
https://openalex.org/W1969523866,0012-5008,Q3
https://openalex.org/W1969524390,0039-9140,Q1
https://openalex.org/W1969527026,0040-6031,Q2
https://openalex.org/W1969530407,0022-152X,Q3
https://openalex.org/W1969533263,0013-4686,Q1
https://openalex.org/W1969570261,1932-7447,Q1
https://openalex.org/W1969622207,1383-5866,Q1
https://openalex.org/W1969635738,0968-0896,Q1
https://openalex.org/W1969643312,0916-8451,Q3
https://openalex.org/W1969647815,0032-3888,Q2
https://openalex.org/W1969649289,1386-1425,Q2
https://openalex.org/W1969679266,0257-8972,Q1
https://openalex.org/W1969682610,1004-9541,Q2
https://openalex.org/W1969713772,0022-3263,Q1
https://openalex.org/W1969714807,0223-5234,Q2
https://openalex.org/W1969714932,1083-6160,Q2
https://openalex.org/W1969728672,1001-8417,Q3
https://openalex.org/W1969729079,1004-9541,Q2
https://openalex.org/W1969731834,0009-3122,Q4
https://openalex.org/W1969740544,1522-7235,Q2
https://openalex.org/W1969745158,0002-7863,Q1
https://openalex.org/W1969745808,1388-2481,Q1
https://openalex.org/W1969752704,0016-2361,Q1
https://openalex.org/W1969767096,0925-3467,-
https://openalex.org/W1969805517,0966-9795,Q1
https://openalex.org/W1969826274,0300-9440,Q2
https://openalex.org/W1969845691,0960-894X,Q1
https://openalex.org/W1969857429,0011-9164,Q1
https://openalex.org/W1969895628,0021-8561,Q1
https://openalex.org/W1969906299,0011-9164,Q1
https://openalex.org/W1969912794,0957-4484,Q1
https://openalex.org/W1969925309,0020-7608,Q2
https://openalex.org/W1969932792,0016-2361,Q1
https://openalex.org/W1969950692,0385-5414,Q2
https://openalex.org/W1969960116,0927-7765,Q2
https://openalex.org/W1969961819,0022-2860,Q3
https://openalex.org/W1969965132,1023-1935,Q4
https://openalex.org/W1970008647,1348-6535,Q2
https://openalex.org/W1970012906,0892-6875,Q1
https://openalex.org/W1970037267,1040-0400,Q3
https://openalex.org/W1970041959,0040-4039,Q1
https://openalex.org/W1970081028,0956-5663,Q1
https://openalex.org/W1970092981,0036-021X,Q2
https://openalex.org/W1970108485,0378-7753,Q1
https://openalex.org/W1970141765,0011-9164,Q1
https://openalex.org/W1970164099,0040-4039,Q1
https://openalex.org/W1970187559,1598-5032,Q2
https://openalex.org/W1970248081,0021-8995,Q2
https://openalex.org/W1970280794,0011-9164,Q1
https://openalex.org/W1970282397,0959-8103,-
https://openalex.org/W1970287205,0925-4005,-
https://openalex.org/W1970311247,0030-4018,Q2
https://openalex.org/W1970312118,1040-0397,Q2
https://openalex.org/W1970365395,1001-8417,Q3
https://openalex.org/W1970370718,0960-894X,Q1
https://openalex.org/W1970372239,0968-0896,Q1
https://openalex.org/W1970374576,0021-9517,Q1
https://openalex.org/W1970383302,1340-3443,-
https://openalex.org/W1970390857,0939-4451,Q2
https://openalex.org/W1970401234,0013-4686,Q1
https://openalex.org/W1970403491,0021-8561,Q1
https://openalex.org/W1970412782,0947-8396,Q1
https://openalex.org/W1970425424,1424-8220,Q3
https://openalex.org/W1970454687,0257-8972,Q1
https://openalex.org/W1970476254,0023-1584,Q3
https://openalex.org/W1970486977,0021-9606,Q1
https://openalex.org/W1970507166,1434-1948,Q1
https://openalex.org/W1970523261,1570-0232,Q1
https://openalex.org/W1970526515,0960-894X,Q1
https://openalex.org/W1970545088,1420-3049,Q2
https://openalex.org/W1970559110,1876-214X,-
https://openalex.org/W1970617280,0236-5731,Q3
https://openalex.org/W1970636873,0021-9673,Q1
https://openalex.org/W1970646919,1002-0721,Q3
https://openalex.org/W1970660168,0009-2509,Q1
https://openalex.org/W1970660805,1612-1872,Q2
https://openalex.org/W1970671865,0018-019X,Q2
https://openalex.org/W1970686489,0010-5082,Q2
https://openalex.org/W1970697243,0009-5893,Q2
https://openalex.org/W1970720656,0730-6679,Q3
https://openalex.org/W1970727343,1001-8417,Q3
https://openalex.org/W1970728619,1876-1070,Q2
https://openalex.org/W1970734148,0009-5893,Q2
https://openalex.org/W1970744926,1616-301X,Q1
https://openalex.org/W1970748534,0925-4005,-
https://openalex.org/W1970758494,0021-891X,Q2
https://openalex.org/W1970770263,1522-7235,Q2
https://openalex.org/W1970797157,0277-5387,Q2
https://openalex.org/W1970801243,0003-2700,Q1
https://openalex.org/W1970802637,1535-3893,Q1
https://openalex.org/W1970805165,0009-3130,-
https://openalex.org/W1970807589,0925-4005,-
https://openalex.org/W1970831892,0960-894X,Q1
https://openalex.org/W1970835462,0170-0839,Q2
https://openalex.org/W1970839118,0366-7022,Q2
https://openalex.org/W1970862792,0016-2361,Q1
https://openalex.org/W1970865796,1091-6466,Q2
https://openalex.org/W1970880669,0040-5795,Q4
https://openalex.org/W1970907005,0009-2363,Q2
https://openalex.org/W1970989855,1523-7052,Q1
https://openalex.org/W1971003852,0920-5861,Q1
https://openalex.org/W1971003907,1386-1425,Q2
https://openalex.org/W1971026592,0021-9568,Q1
https://openalex.org/W1971034798,0925-4005,-
https://openalex.org/W1971061704,0003-2670,Q1
https://openalex.org/W1971062851,1615-4150,Q1
https://openalex.org/W1971077706,1348-6535,Q2
https://openalex.org/W1971105927,0013-4651,Q1
https://openalex.org/W1971129370,0960-894X,Q1
https://openalex.org/W1971129375,1570-0232,Q1
https://openalex.org/W1971134531,0021-8561,Q1
https://openalex.org/W1971153461,0013-936X,Q1
https://openalex.org/W1971169563,1359-7345,Q1
https://openalex.org/W1971174865,0253-6269,Q3
https://openalex.org/W1971189930,0378-7753,Q1
https://openalex.org/W1971191015,0013-4686,Q1
https://openalex.org/W1971204742,1473-0189,Q1
https://openalex.org/W1971241752,0236-5731,Q3
https://openalex.org/W1971246623,0882-5734,Q2
https://openalex.org/W1971248530,1388-6150,Q3
https://openalex.org/W1971283644,1618-2642,Q1
https://openalex.org/W1971323061,0957-4484,Q1
https://openalex.org/W1971331015,1082-6076,Q3
https://openalex.org/W1971345542,0018-1439,Q4
https://openalex.org/W1971354083,0960-894X,Q1
https://openalex.org/W1971357540,1002-0721,Q3
https://openalex.org/W1971371634,1566-1199,Q1
https://openalex.org/W1971376913,1074-1542,Q3
https://openalex.org/W1971391477,0933-4173,Q3
https://openalex.org/W1971393662,0959-9428,Q1
https://openalex.org/W1971416592,1476-1122,Q1
https://openalex.org/W1971419320,0257-8972,Q1
https://openalex.org/W1971432127,0257-8972,Q1
https://openalex.org/W1971448184,0223-5234,Q2
https://openalex.org/W1971468233,1615-9306,Q1
https://openalex.org/W1971499688,0916-8451,Q3
https://openalex.org/W1971506588,0009-3122,Q4
https://openalex.org/W1971522918,0040-4039,Q1
https://openalex.org/W1971530627,0020-1685,Q3
https://openalex.org/W1971537651,0377-0486,Q1
https://openalex.org/W1971560849,0009-2665,Q1
https://openalex.org/W1971579352,1567-5394,Q2
https://openalex.org/W1971581944,0888-5885,Q1
https://openalex.org/W1971585136,0916-8451,Q3
https://openalex.org/W1971593492,0002-7863,Q1
https://openalex.org/W1971599089,1598-5032,Q2
https://openalex.org/W1971607677,0021-8995,Q2
https://openalex.org/W1971693278,0888-5885,Q1
https://openalex.org/W1971711278,0253-6269,Q3
https://openalex.org/W1971720051,0169-4332,-
https://openalex.org/W1971781741,1932-7447,Q1
https://openalex.org/W1971782683,0272-4324,Q1
https://openalex.org/W1971789958,0169-7439,Q2
https://openalex.org/W1971800767,1348-6535,Q2
https://openalex.org/W1971823118,0008-6223,Q1
https://openalex.org/W1971835423,1862-5282,Q3
https://openalex.org/W1971841686,0236-5731,Q3
https://openalex.org/W1971909009,0149-6395,Q2
https://openalex.org/W1971954770,0169-4332,-
https://openalex.org/W1971954943,0163-3864,Q1
https://openalex.org/W1971961545,1383-5866,Q1
https://openalex.org/W1971963985,0378-7753,Q1
https://openalex.org/W1971966367,0040-4039,Q1
https://openalex.org/W1971986041,1477-9226,Q2
https://openalex.org/W1972050373,1862-5282,Q3
https://openalex.org/W1972084915,0300-9440,Q2
https://openalex.org/W1972085414,0377-0486,Q1
https://openalex.org/W1972121271,0040-4039,Q1
https://openalex.org/W1972122899,0968-0896,Q1
https://openalex.org/W1972123868,0163-3864,Q1
https://openalex.org/W1972132925,1359-7345,Q1
https://openalex.org/W1972134373,0040-4039,Q1
https://openalex.org/W1972139200,0003-2670,Q1
https://openalex.org/W1972147578,0888-5885,Q1
https://openalex.org/W1972167418,0960-894X,Q1
https://openalex.org/W1972198475,1002-0721,Q3
https://openalex.org/W1972220091,0016-2361,Q1
https://openalex.org/W1972227594,0256-7679,Q4
https://openalex.org/W1972233353,1082-6076,Q3
https://openalex.org/W1972254111,1862-5282,Q3
https://openalex.org/W1972261506,1359-7345,Q1
https://openalex.org/W1972286519,0039-9140,Q1
https://openalex.org/W1972292854,0022-2313,Q1
https://openalex.org/W1972301539,0022-2313,Q1
https://openalex.org/W1972305145,1788-618X,Q2
https://openalex.org/W1972310932,0223-5234,Q2
https://openalex.org/W1972319266,0163-3864,Q1
https://openalex.org/W1972330268,0022-3697,Q2
https://openalex.org/W1972379595,0022-2313,Q1
https://openalex.org/W1972381552,0308-8146,Q1
https://openalex.org/W1972402170,0039-7911,Q3
https://openalex.org/W1972411063,0020-7608,Q2
https://openalex.org/W1972419554,0163-3864,Q1
https://openalex.org/W1972431961,0039-9140,Q1
https://openalex.org/W1972442146,0195-928X,-
https://openalex.org/W1972448158,1022-1352,Q1
https://openalex.org/W1972481580,0949-8257,Q1
https://openalex.org/W1972486172,0960-894X,Q1
https://openalex.org/W1972535116,1990-7923,Q4
https://openalex.org/W1972543419,1871-5532,Q4
https://openalex.org/W1972559807,1381-5148,Q1
https://openalex.org/W1972561188,0021-9592,Q2
https://openalex.org/W1972582642,1388-2481,Q1
https://openalex.org/W1972604990,0223-5234,Q2
https://openalex.org/W1972617149,1759-9660,-
https://openalex.org/W1972617936,1083-6160,Q2
https://openalex.org/W1972620647,0236-5731,Q3
https://openalex.org/W1972642330,0743-7463,Q1
https://openalex.org/W1972676459,0003-2670,Q1
https://openalex.org/W1972676767,0968-0896,Q1
https://openalex.org/W1972696410,1054-2523,Q4
https://openalex.org/W1972709540,0165-2370,Q1
https://openalex.org/W1972722419,0928-0707,Q1
https://openalex.org/W1972728432,1386-1425,Q2
https://openalex.org/W1972743076,0223-5234,Q2
https://openalex.org/W1972752480,1466-8033,Q1
https://openalex.org/W1972763807,1001-8417,Q3
https://openalex.org/W1972772520,0165-9936,Q1
https://openalex.org/W1972773608,0920-654X,Q2
https://openalex.org/W1972786315,0022-3697,Q2
https://openalex.org/W1972807408,0009-2363,Q2
https://openalex.org/W1972815089,0009-2509,Q1
https://openalex.org/W1972835217,1348-6535,Q2
https://openalex.org/W1972835474,1381-5148,Q1
https://openalex.org/W1972839997,1385-8947,Q1
https://openalex.org/W1972853029,0960-894X,Q1
https://openalex.org/W1972878032,1229-9197,Q3
https://openalex.org/W1972892844,0021-9606,Q1
https://openalex.org/W1972920628,0045-6535,Q1
https://openalex.org/W1972944111,0925-4005,-
https://openalex.org/W1972948582,0236-5731,Q3
https://openalex.org/W1972953300,0009-2673,Q1
https://openalex.org/W1972953478,0040-4020,Q1
https://openalex.org/W1973011455,0253-3820,Q4
https://openalex.org/W1973019668,0925-4005,-
https://openalex.org/W1973038824,0022-2313,Q1
https://openalex.org/W1973039912,0011-9164,Q1
https://openalex.org/W1973040979,0169-4332,-
https://openalex.org/W1973047791,1083-6160,Q2
https://openalex.org/W1973078455,0038-1098,Q1
https://openalex.org/W1973092747,1424-8220,Q3
https://openalex.org/W1973093689,1862-5282,Q3
https://openalex.org/W1973105828,1388-0764,Q1
https://openalex.org/W1973106793,1083-6160,Q2
https://openalex.org/W1973123513,0009-2363,Q2
https://openalex.org/W1973134689,0040-4039,Q1
https://openalex.org/W1973152174,0040-4039,Q1
https://openalex.org/W1973178821,0003-2700,Q1
https://openalex.org/W1973184623,0142-5463,Q2
https://openalex.org/W1973187203,0920-5861,Q1
https://openalex.org/W1973197544,1089-5639,Q1
https://openalex.org/W1973203579,1359-7345,Q1
https://openalex.org/W1973238329,1040-0400,Q3
https://openalex.org/W1973255446,1386-1425,Q2
https://openalex.org/W1973258087,0223-5234,Q2
https://openalex.org/W1973282126,1558-3716,Q1
https://openalex.org/W1973291917,1990-7923,Q4
https://openalex.org/W1973298710,0011-9164,Q1
https://openalex.org/W1973321026,1570-0232,Q1
https://openalex.org/W1973332245,0021-9673,Q1
https://openalex.org/W1973335154,0920-5861,Q1
https://openalex.org/W1973346329,0032-3888,Q2
https://openalex.org/W1973373322,0927-7757,-
https://openalex.org/W1973374735,0377-0486,Q1
https://openalex.org/W1973389240,0732-8303,Q3
https://openalex.org/W1973391166,0011-9164,Q1
https://openalex.org/W1973406358,0236-5731,Q3
https://openalex.org/W1973421564,0021-8995,Q2
https://openalex.org/W1973422187,0021-8995,Q2
https://openalex.org/W1973437455,1083-6160,Q2
https://openalex.org/W1973465080,0045-6535,Q1
https://openalex.org/W1973467538,0030-4018,Q2
https://openalex.org/W1973467696,0144-8617,Q1
https://openalex.org/W1973470996,0927-7757,-
https://openalex.org/W1973473783,0020-7608,Q2
https://openalex.org/W1973501329,0002-7863,Q1
https://openalex.org/W1973569110,0022-3263,Q1
https://openalex.org/W1973594295,1388-2481,Q1
https://openalex.org/W1973626933,0956-5663,Q1
https://openalex.org/W1973666000,0022-3697,Q2
https://openalex.org/W1973676864,0009-2509,Q1
https://openalex.org/W1973681303,1570-0232,Q1
https://openalex.org/W1973729147,0927-7757,-
https://openalex.org/W1973748066,1388-6150,Q3
https://openalex.org/W1973782069,1572-6657,Q2
https://openalex.org/W1973784430,1229-9197,Q3
https://openalex.org/W1973787619,0021-8995,Q2
https://openalex.org/W1973789470,0022-3263,Q1
https://openalex.org/W1973805110,1053-0509,Q2
https://openalex.org/W1973835919,0021-8995,Q2
https://openalex.org/W1973841153,0003-2654,Q1
https://openalex.org/W1973868143,1383-5866,Q1
https://openalex.org/W1973873156,0223-5234,Q2
https://openalex.org/W1973893658,0163-4984,Q3
https://openalex.org/W1973911704,1570-0232,Q1
https://openalex.org/W1973937308,0003-2670,Q1
https://openalex.org/W1973955096,0925-4005,-
https://openalex.org/W1973980700,1572-6657,Q2
https://openalex.org/W1973990937,1570-0232,Q1
https://openalex.org/W1973997177,0022-0248,Q1
https://openalex.org/W1974022888,0039-9140,Q1
https://openalex.org/W1974023183,0169-4332,-
https://openalex.org/W1974049682,0925-3467,-
https://openalex.org/W1974077627,1388-2481,Q1
https://openalex.org/W1974086414,0960-894X,Q1
https://openalex.org/W1974093844,0039-7911,Q3
https://openalex.org/W1974123162,0162-0134,Q1
https://openalex.org/W1974143824,1387-7003,Q2
https://openalex.org/W1974144486,0013-4686,Q1
https://openalex.org/W1974190629,1570-0232,Q1
https://openalex.org/W1974204543,0014-3057,Q1
https://openalex.org/W1974210041,0968-0896,Q1
https://openalex.org/W1974215447,1473-0189,Q1
https://openalex.org/W1974281396,1388-6150,Q3
https://openalex.org/W1974302121,0173-0835,Q1
https://openalex.org/W1974350367,0016-2361,Q1
https://openalex.org/W1974362203,1432-8488,Q2
https://openalex.org/W1974366736,0013-936X,Q1
https://openalex.org/W1974368732,1083-6160,Q2
https://openalex.org/W1974392824,0009-2363,Q2
https://openalex.org/W1974403321,1348-6535,Q2
https://openalex.org/W1974421111,1566-1199,Q1
https://openalex.org/W1974427858,1089-5639,Q1
https://openalex.org/W1974435762,0021-8561,Q1
https://openalex.org/W1974455535,0021-8561,Q1
https://openalex.org/W1974475739,1350-4177,-
https://openalex.org/W1974500086,0030-4018,Q2
https://openalex.org/W1974517822,1345-8957,Q2
https://openalex.org/W1974524034,0021-8995,Q2
https://openalex.org/W1974529465,1348-6535,Q2
https://openalex.org/W1974561860,0308-8146,Q1
https://openalex.org/W1974564801,0731-7085,Q1
https://openalex.org/W1974598566,1028-6020,Q3
https://openalex.org/W1974632557,0378-7753,Q1
https://openalex.org/W1974633649,0040-4039,Q1
https://openalex.org/W1974637087,0925-3467,-
https://openalex.org/W1974642178,0731-7085,Q1
https://openalex.org/W1974643625,1070-4280,Q4
https://openalex.org/W1974648806,1082-6076,Q3
https://openalex.org/W1974665246,0308-8146,Q1
https://openalex.org/W1974667253,0960-894X,Q1
https://openalex.org/W1974678198,0376-7388,Q1
https://openalex.org/W1974694396,1420-3049,Q2
https://openalex.org/W1974703201,1420-3049,Q2
https://openalex.org/W1974707949,0236-5731,Q3
https://openalex.org/W1974710277,0925-3467,-
https://openalex.org/W1974739967,0021-9673,Q1
https://openalex.org/W1974763688,1658-3655,-
https://openalex.org/W1974784837,1478-6419,Q3
https://openalex.org/W1974805723,1076-5174,Q1
https://openalex.org/W1974806894,1070-3632,Q3
https://openalex.org/W1974830796,0967-0335,Q3
https://openalex.org/W1974855180,1872-5813,Q3
https://openalex.org/W1974892950,0951-4198,Q1
https://openalex.org/W1974922900,0010-2180,Q1
https://openalex.org/W1974943864,0169-4332,-
https://openalex.org/W1974948472,1359-7345,Q1
https://openalex.org/W1974952064,0010-938X,Q1
https://openalex.org/W1974956965,0163-3864,Q1
https://openalex.org/W1974966614,1001-0521,Q3
https://openalex.org/W1974967016,0022-3263,Q1
https://openalex.org/W1974978189,0003-2700,Q1
https://openalex.org/W1974987492,1060-1325,Q2
https://openalex.org/W1975008560,1478-6419,Q3
https://openalex.org/W1975044051,1063-455X,Q4
https://openalex.org/W1975069833,0378-7753,Q1
https://openalex.org/W1975084333,1383-5866,Q1
https://openalex.org/W1975121877,1990-7923,Q4
https://openalex.org/W1975137307,0009-5893,Q2
https://openalex.org/W1975155817,0010-938X,Q1
https://openalex.org/W1975159777,1388-0764,Q1
https://openalex.org/W1975160092,1070-3632,Q3
https://openalex.org/W1975172664,0165-9936,Q1
https://openalex.org/W1975174047,1385-8947,Q1
https://openalex.org/W1975210654,0021-8995,Q2
https://openalex.org/W1975211742,1359-7345,Q1
https://openalex.org/W1975267145,0039-9140,Q1
https://openalex.org/W1975271158,0039-7911,Q3
https://openalex.org/W1975292748,1359-7345,Q1
https://openalex.org/W1975294454,0016-2361,Q1
https://openalex.org/W1975319404,1478-6419,Q3
https://openalex.org/W1975333988,1001-8417,Q3
https://openalex.org/W1975343053,0925-4005,-
https://openalex.org/W1975362301,0366-7022,Q2
https://openalex.org/W1975371784,0011-9164,Q1
https://openalex.org/W1975372151,0163-3864,Q1
https://openalex.org/W1975378414,0362-4803,Q3
https://openalex.org/W1975385289,1463-9076,Q1
https://openalex.org/W1975464607,0009-5893,Q2
https://openalex.org/W1975481554,0021-8561,Q1
https://openalex.org/W1975494869,1340-3443,-
https://openalex.org/W1975497441,0026-265X,Q2
https://openalex.org/W1975509138,1477-9226,Q2
https://openalex.org/W1975515490,0142-9418,Q2
https://openalex.org/W1975536997,1144-0546,Q1
https://openalex.org/W1975558030,1383-5866,Q1
https://openalex.org/W1975579925,1002-0721,Q3
https://openalex.org/W1975587184,0300-9440,Q2
https://openalex.org/W1975590364,0968-0896,Q1
https://openalex.org/W1975593550,0892-6875,Q1
https://openalex.org/W1975610119,1570-0232,Q1
https://openalex.org/W1975611044,0016-2361,Q1
https://openalex.org/W1975633498,1011-372X,Q1
https://openalex.org/W1975635285,0009-2363,Q2
https://openalex.org/W1975656815,0960-894X,Q1
https://openalex.org/W1975664380,0032-3888,Q2
https://openalex.org/W1975672429,1065-7258,Q2
https://openalex.org/W1975704268,0030-4018,Q2
https://openalex.org/W1975727383,0916-8451,Q3
https://openalex.org/W1975751351,0366-6352,Q3
https://openalex.org/W1975768951,0223-5234,Q2
https://openalex.org/W1975770593,1381-1991,Q2
https://openalex.org/W1975777565,1023-1935,Q4
https://openalex.org/W1975789722,0040-4039,Q1
https://openalex.org/W1975828630,0013-4651,Q1
https://openalex.org/W1975845248,0163-4984,Q3
https://openalex.org/W1975851723,1944-0057,Q1
https://openalex.org/W1975867958,0142-2421,Q2
https://openalex.org/W1975873113,0366-7022,Q2
https://openalex.org/W1975876125,0300-9440,Q2
https://openalex.org/W1975892390,0045-6535,Q1
https://openalex.org/W1975916486,0960-894X,Q1
https://openalex.org/W1975923364,0927-7765,Q2
https://openalex.org/W1975926845,0022-1139,Q2
https://openalex.org/W1975936873,0272-8397,Q2
https://openalex.org/W1975943147,0910-6340,Q2
https://openalex.org/W1975964617,0021-9037,Q4
https://openalex.org/W1975969131,0925-4005,-
https://openalex.org/W1975998587,0021-9568,Q1
https://openalex.org/W1975999353,0016-2361,Q1
https://openalex.org/W1976004046,0022-0248,Q1
https://openalex.org/W1976012227,0104-1428,Q4
https://openalex.org/W1976017803,0009-3122,Q4
https://openalex.org/W1976024470,0169-4332,-
https://openalex.org/W1976029031,1478-422X,Q2
https://openalex.org/W1976033779,0378-7753,Q1
https://openalex.org/W1976048869,1932-7447,Q1
https://openalex.org/W1976054155,1523-7052,Q1
https://openalex.org/W1976079469,0009-5893,Q2
https://openalex.org/W1976087426,0731-7085,Q1
https://openalex.org/W1976099436,0021-9606,Q1
https://openalex.org/W1976111272,1466-8564,Q1
https://openalex.org/W1976115634,1387-7003,Q2
https://openalex.org/W1976132088,0008-6223,Q1
https://openalex.org/W1976153911,0142-2421,Q2
https://openalex.org/W1976154674,0022-3263,Q1
https://openalex.org/W1976157005,1424-8220,Q3
https://openalex.org/W1976181232,1388-6150,Q3
https://openalex.org/W1976199242,0897-4756,Q1
https://openalex.org/W1976201060,0002-7863,Q1
https://openalex.org/W1976214635,0352-5139,Q3
https://openalex.org/W1976215211,1011-372X,Q1
https://openalex.org/W1976218407,0040-4039,Q1
https://openalex.org/W1976249087,1876-1070,Q2
https://openalex.org/W1976264246,1083-6160,Q2
https://openalex.org/W1976267580,1478-6419,Q3
https://openalex.org/W1976272963,1523-7052,Q1
https://openalex.org/W1976303305,1432-8488,Q2
https://openalex.org/W1976316173,1872-5813,Q3
https://openalex.org/W1976330649,1860-5397,Q3
https://openalex.org/W1976370185,1066-3622,Q4
https://openalex.org/W1976394121,0003-2670,Q1
https://openalex.org/W1976396083,0040-5795,Q4
https://openalex.org/W1976402378,0021-9673,Q1
https://openalex.org/W1976429430,1422-0067,Q3
https://openalex.org/W1976451056,0016-2361,Q1
https://openalex.org/W1976453691,0932-3414,Q3
https://openalex.org/W1976488238,0972-060X,Q4
https://openalex.org/W1976488988,0306-7319,Q2
https://openalex.org/W1976500717,0021-8995,Q2
https://openalex.org/W1976554966,0002-7863,Q1
https://openalex.org/W1976563781,0144-8617,Q1
https://openalex.org/W1976599400,0927-7765,Q2
https://openalex.org/W1976621934,1070-3632,Q3
https://openalex.org/W1976629817,0960-894X,Q1
https://openalex.org/W1976662168,0170-0839,Q2
https://openalex.org/W1976683175,0040-4020,Q1
https://openalex.org/W1976689391,0003-2700,Q1
https://openalex.org/W1976695911,0009-5893,Q2
https://openalex.org/W1976698344,1523-7052,Q1
https://openalex.org/W1976701341,1088-4246,Q2
https://openalex.org/W1976724786,1566-7367,Q1
https://openalex.org/W1976740947,0003-2700,Q1
https://openalex.org/W1976743737,0040-4039,Q1
https://openalex.org/W1976743875,0223-5234,Q2
https://openalex.org/W1976753696,1876-1070,Q2
https://openalex.org/W1976757559,0039-9140,Q1
https://openalex.org/W1976761364,1747-0277,-
https://openalex.org/W1976767066,0003-2700,Q1
https://openalex.org/W1976772313,0888-5885,Q1
https://openalex.org/W1976779650,1388-6150,Q3
https://openalex.org/W1976783173,0914-9244,Q3
https://openalex.org/W1976784467,0022-3263,Q1
https://openalex.org/W1976784962,0044-2968,Q2
https://openalex.org/W1976807255,1618-2642,Q1
https://openalex.org/W1976819923,0003-2670,Q1
https://openalex.org/W1976822450,1755-4330,-
https://openalex.org/W1976839717,1552-5031,Q3
https://openalex.org/W1976868737,1083-6160,Q2
https://openalex.org/W1976896934,1388-0764,Q1
https://openalex.org/W1976905748,1570-0232,Q1
https://openalex.org/W1976906425,1735-207X,Q2
https://openalex.org/W1976946528,0039-9140,Q1
https://openalex.org/W1976959066,0022-3697,Q2
https://openalex.org/W1976960923,0022-3263,Q1
https://openalex.org/W1976982994,0033-4545,Q1
https://openalex.org/W1976985590,1876-1070,Q2
https://openalex.org/W1976987798,1570-0232,Q1
https://openalex.org/W1977008282,1520-4766,-
https://openalex.org/W1977015983,1000-324X,Q4
https://openalex.org/W1977018348,1932-7447,Q1
https://openalex.org/W1977023332,0925-4005,-
https://openalex.org/W1977053996,0021-8995,Q2
https://openalex.org/W1977103621,0022-2348,Q2
https://openalex.org/W1977131801,1474-905X,Q2
https://openalex.org/W1977197417,0257-8972,Q1
https://openalex.org/W1977267490,0142-2421,Q2
https://openalex.org/W1977269201,1615-9306,Q1
https://openalex.org/W1977284835,0928-0707,Q1
https://openalex.org/W1977300300,0013-936X,Q1
https://openalex.org/W1977307851,0039-7911,Q3
https://openalex.org/W1977312654,1070-4272,Q4
https://openalex.org/W1977320533,1061-9348,Q4
https://openalex.org/W1977320855,1023-1935,Q4
https://openalex.org/W1977327051,0014-3057,Q1
https://openalex.org/W1977333017,0018-019X,Q2
https://openalex.org/W1977342474,0378-3812,Q1
https://openalex.org/W1977357529,0951-4198,Q1
https://openalex.org/W1977379893,0040-6031,Q2
https://openalex.org/W1977419190,0376-7388,Q1
https://openalex.org/W1977423666,0021-9673,Q1
https://openalex.org/W1977433464,0014-3057,Q1
https://openalex.org/W1977467908,0939-4451,Q2
https://openalex.org/W1977532788,1424-8220,Q3
https://openalex.org/W1977532900,0018-019X,Q2
https://openalex.org/W1977537902,0009-2614,Q1
https://openalex.org/W1977547559,0362-4803,Q3
https://openalex.org/W1977645446,0255-2701,Q1
https://openalex.org/W1977674539,0272-8397,Q2
https://openalex.org/W1977689409,0959-9428,Q1
https://openalex.org/W1977710157,0924-2031,Q3
https://openalex.org/W1977738241,0888-5885,Q1
https://openalex.org/W1977757350,0008-6223,Q1
https://openalex.org/W1977761367,1022-5528,Q1
https://openalex.org/W1977792572,0960-894X,Q1
https://openalex.org/W1977814158,0003-2670,Q1
https://openalex.org/W1977823364,0916-8451,Q3
https://openalex.org/W1977832412,0047-2689,Q1
https://openalex.org/W1977832932,1860-7179,Q1
https://openalex.org/W1977900774,1535-3893,Q1
https://openalex.org/W1977906763,1528-0691,Q1
https://openalex.org/W1977909718,0888-5885,Q1
https://openalex.org/W1977915060,0892-6875,Q1
https://openalex.org/W1977935480,1385-8947,Q1
https://openalex.org/W1977958943,0003-7028,Q3
https://openalex.org/W1977968596,0888-5885,Q1
https://openalex.org/W1977977124,0195-928X,-
https://openalex.org/W1977979471,0965-5441,Q3
https://openalex.org/W1977986618,0014-3057,Q1
https://openalex.org/W1978023451,0378-7753,Q1
https://openalex.org/W1978029912,1002-0721,Q3
https://openalex.org/W1978049010,0263-6174,Q3
https://openalex.org/W1978079863,0010-938X,Q1
https://openalex.org/W1978085967,0144-8617,Q1
https://openalex.org/W1978098293,0039-9140,Q1
https://openalex.org/W1978119076,1022-5528,Q1
https://openalex.org/W1978133304,0022-3697,Q2
https://openalex.org/W1978169785,0277-5387,Q2
https://openalex.org/W1978182731,1233-2356,Q3
https://openalex.org/W1978187599,0003-2700,Q1
https://openalex.org/W1978206003,0033-8230,Q3
https://openalex.org/W1978207749,1040-0400,Q3
https://openalex.org/W1978210731,0009-2673,Q1
https://openalex.org/W1978234958,0888-5885,Q1
https://openalex.org/W1978272516,0021-1575,Q3
https://openalex.org/W1978282187,1022-1360,Q3
https://openalex.org/W1978296924,0021-891X,Q2
https://openalex.org/W1978303713,0914-9244,Q3
https://openalex.org/W1978324538,0022-2860,Q3
https://openalex.org/W1978378012,0257-8972,Q1
https://openalex.org/W1978383083,0968-0896,Q1
https://openalex.org/W1978385404,1520-5207,Q1
https://openalex.org/W1978428165,0003-2670,Q1
https://openalex.org/W1978456284,0013-4686,Q1
https://openalex.org/W1978465832,0001-4842,Q1
https://openalex.org/W1978466549,0040-4020,Q1
https://openalex.org/W1978483173,1028-6020,Q3
https://openalex.org/W1978494792,0021-8995,Q2
https://openalex.org/W1978503591,0965-5441,Q3
https://openalex.org/W1978518370,1618-2642,Q1
https://openalex.org/W1978537897,0743-7463,Q1
https://openalex.org/W1978551555,0032-3861,Q1
https://openalex.org/W1978564772,0040-4039,Q1
https://openalex.org/W1978568229,1420-3049,Q2
https://openalex.org/W1978597103,1944-8201,-
https://openalex.org/W1978630009,0272-8397,Q2
https://openalex.org/W1978633811,0888-5885,Q1
https://openalex.org/W1978638484,1348-6535,Q2
https://openalex.org/W1978656374,0022-2313,Q1
https://openalex.org/W1978684668,0022-2313,Q1
https://openalex.org/W1978693151,0009-3122,Q4
https://openalex.org/W1978694145,0169-4332,-
https://openalex.org/W1978694954,0016-2361,Q1
https://openalex.org/W1978784487,0223-5234,Q2
https://openalex.org/W1978788182,0368-2048,Q2
https://openalex.org/W1978805848,1424-8220,Q3
https://openalex.org/W1978807229,0966-9795,Q1
https://openalex.org/W1978815351,0016-2361,Q1
https://openalex.org/W1978816392,0920-5861,Q1
https://openalex.org/W1978856978,0024-9297,Q1
https://openalex.org/W1978887204,0011-9164,Q1
https://openalex.org/W1978907154,0277-5387,Q2
https://openalex.org/W1978912196,0269-3879,Q2
https://openalex.org/W1978921290,1388-2481,Q1
https://openalex.org/W1978943077,0022-3263,Q1
https://openalex.org/W1978961455,0021-8561,Q1
https://openalex.org/W1978975683,0022-1139,Q2
https://openalex.org/W1978988860,0049-8246,Q3
https://openalex.org/W1979006213,0925-9635,Q1
https://openalex.org/W1979022468,1570-0232,Q1
https://openalex.org/W1979025404,0040-4020,Q1
https://openalex.org/W1979086729,0268-005X,Q1
https://openalex.org/W1979089934,1618-2642,Q1
https://openalex.org/W1979097550,0021-9673,Q1
https://openalex.org/W1979108592,0011-9164,Q1
https://openalex.org/W1979113329,0928-0707,Q1
https://openalex.org/W1979115649,0039-128X,Q2
https://openalex.org/W1979117464,1348-6535,Q2
https://openalex.org/W1979127810,0584-8547,Q1
https://openalex.org/W1979136037,1028-6020,Q3
https://openalex.org/W1979140228,0927-7765,Q2
https://openalex.org/W1979157371,1011-372X,Q1
https://openalex.org/W1979166440,0256-1115,Q2
https://openalex.org/W1979225210,0013-936X,Q1
https://openalex.org/W1979235497,0021-8995,Q2
https://openalex.org/W1979251534,0040-4039,Q1
https://openalex.org/W1979256030,0039-9140,Q1
https://openalex.org/W1979256663,0897-4756,Q1
https://openalex.org/W1979262031,0169-4243,Q2
https://openalex.org/W1979271142,0003-2700,Q1
https://openalex.org/W1979296327,0378-7753,Q1
https://openalex.org/W1979309632,0021-8995,Q2
https://openalex.org/W1979336836,0361-2317,Q2
https://openalex.org/W1979345805,0956-5663,Q1
https://openalex.org/W1979356951,0036-0244,Q4
https://openalex.org/W1979360892,1229-9197,Q3
https://openalex.org/W1979363372,0236-5731,Q3
https://openalex.org/W1979401668,1944-0057,Q1
https://openalex.org/W1979405976,1520-5207,Q1
https://openalex.org/W1979415258,0013-936X,Q1
https://openalex.org/W1979426547,0301-0104,Q2
https://openalex.org/W1979432608,0008-4042,Q2
https://openalex.org/W1979435256,0236-5731,Q3
https://openalex.org/W1979444680,1070-4280,Q4
https://openalex.org/W1979453236,1466-8033,Q1
https://openalex.org/W1979476746,0163-3864,Q1
https://openalex.org/W1979481901,0236-5731,Q3
https://openalex.org/W1979497849,1002-0721,Q3
https://openalex.org/W1979512439,0967-0335,Q3
https://openalex.org/W1979515795,0169-7439,Q2
https://openalex.org/W1979529649,0959-9428,Q1
https://openalex.org/W1979536077,0887-6266,Q1
https://openalex.org/W1979543636,1001-8417,Q3
https://openalex.org/W1979553655,0040-4039,Q1
https://openalex.org/W1979560603,0376-7388,Q1
https://openalex.org/W1979563687,0022-3263,Q1
https://openalex.org/W1979571796,0021-8995,Q2
https://openalex.org/W1979584341,0003-2700,Q1
https://openalex.org/W1979593916,0232-1300,Q2
https://openalex.org/W1979594300,0306-0012,Q1
https://openalex.org/W1979603250,0887-624X,Q1
https://openalex.org/W1979611819,0010-938X,Q1
https://openalex.org/W1979613065,1612-1872,Q2
https://openalex.org/W1979635218,0378-7753,Q1
https://openalex.org/W1979637310,1385-8947,Q1
https://openalex.org/W1979640682,0236-5731,Q3
https://openalex.org/W1979656632,1386-1425,Q2
https://openalex.org/W1979669758,0021-8995,Q2
https://openalex.org/W1979682960,1070-4280,Q4
https://openalex.org/W1979689007,1387-7003,Q2
https://openalex.org/W1979689903,0010-938X,Q1
https://openalex.org/W1979699529,0021-8995,Q2
https://openalex.org/W1979705111,0163-3864,Q1
https://openalex.org/W1979714423,1424-8220,Q3
https://openalex.org/W1979723115,0026-3672,Q2
https://openalex.org/W1979730862,0040-4039,Q1
https://openalex.org/W1979740590,0308-8146,Q1
https://openalex.org/W1979745724,0144-8617,Q1
https://openalex.org/W1979767826,0021-8561,Q1
https://openalex.org/W1979795624,0142-2421,Q2
https://openalex.org/W1979802682,0269-3879,Q2
https://openalex.org/W1979833926,0040-4039,Q1
https://openalex.org/W1979840704,0257-8972,Q1
https://openalex.org/W1979843062,1463-9076,Q1
https://openalex.org/W1979847090,0001-4842,Q1
https://openalex.org/W1979851982,0925-3467,-
https://openalex.org/W1979857241,1063-7745,Q3
https://openalex.org/W1979868403,0169-4332,-
https://openalex.org/W1979881937,0169-4332,-
https://openalex.org/W1979896444,0888-5885,Q1
https://openalex.org/W1979898306,0163-3864,Q1
https://openalex.org/W1979909124,0144-8617,Q1
https://openalex.org/W1979929602,1388-6150,Q3
https://openalex.org/W1979931710,0277-5387,Q2
https://openalex.org/W1979931820,1042-7163,Q2
https://openalex.org/W1979946478,0020-7608,Q2
https://openalex.org/W1980016258,0011-9164,Q1
https://openalex.org/W1980024468,0003-2670,Q1
https://openalex.org/W1980031829,0022-3263,Q1
https://openalex.org/W1980039004,1612-1872,Q2
https://openalex.org/W1980053812,0009-2363,Q2
https://openalex.org/W1980097100,1229-9197,Q3
https://openalex.org/W1980149967,0020-1669,Q1
https://openalex.org/W1980199346,0223-5234,Q2
https://openalex.org/W1980205025,0308-8146,Q1
https://openalex.org/W1980246592,0236-5731,Q3
https://openalex.org/W1980257784,0257-8972,Q1
https://openalex.org/W1980270094,0003-2700,Q1
https://openalex.org/W1980285086,0340-4285,Q3
https://openalex.org/W1980312856,0049-8246,Q3
https://openalex.org/W1980338258,0960-894X,Q1
https://openalex.org/W1980391638,0009-5893,Q2
https://openalex.org/W1980403400,0749-1581,Q2
https://openalex.org/W1980404251,1388-6150,Q3
https://openalex.org/W1980438237,1523-7052,Q1
https://openalex.org/W1980448980,0022-2860,Q3
https://openalex.org/W1980473877,0009-3122,Q4
https://openalex.org/W1980495999,0361-2317,Q2
https://openalex.org/W1980545820,0167-2738,Q1
https://openalex.org/W1980559798,0731-7085,Q1
https://openalex.org/W1980577291,0003-2670,Q1
https://openalex.org/W1980597790,1520-5207,Q1
https://openalex.org/W1980600272,0021-9568,Q1
https://openalex.org/W1980604115,1748-6041,Q2
https://openalex.org/W1980610455,1420-3049,Q2
https://openalex.org/W1980631783,1523-7052,Q1
https://openalex.org/W1980640524,0032-3861,Q1
https://openalex.org/W1980675701,1528-7483,Q1
https://openalex.org/W1980695336,0022-152X,Q3
https://openalex.org/W1980726204,0003-2700,Q1
https://openalex.org/W1980755124,0039-9140,Q1
https://openalex.org/W1980769955,1091-6466,Q2
https://openalex.org/W1980770700,1367-5931,Q1
https://openalex.org/W1980773891,1022-1360,Q3
https://openalex.org/W1980778382,0888-5885,Q1
https://openalex.org/W1980780326,0040-6031,Q2
https://openalex.org/W1980792158,1082-6076,Q3
https://openalex.org/W1980821565,0020-1685,Q3
https://openalex.org/W1980860811,0014-3057,Q1
https://openalex.org/W1980867661,1054-2523,Q4
https://openalex.org/W1980889824,0927-7757,-
https://openalex.org/W1980891662,0378-7753,Q1
https://openalex.org/W1980892514,0892-6875,Q1
https://openalex.org/W1980905072,0959-9428,Q1
https://openalex.org/W1980924993,0021-8561,Q1
https://openalex.org/W1980928165,0040-6031,Q2
https://openalex.org/W1980937401,0032-3861,Q1
https://openalex.org/W1980951070,1478-6419,Q3
https://openalex.org/W1980961550,1747-5198,Q3
https://openalex.org/W1980980243,0957-4166,Q1
https://openalex.org/W1980985224,0968-0896,Q1
https://openalex.org/W1980986890,1004-9541,Q2
https://openalex.org/W1980997719,0947-6539,Q1
https://openalex.org/W1980999077,0009-2614,Q1
https://openalex.org/W1981040917,0960-894X,Q1
https://openalex.org/W1981042840,0268-005X,Q1
https://openalex.org/W1981043819,0731-7085,Q1
https://openalex.org/W1981051502,0039-7911,Q3
https://openalex.org/W1981059885,0003-2670,Q1
https://openalex.org/W1981064254,1068-1620,Q4
https://openalex.org/W1981096957,1612-1872,Q2
https://openalex.org/W1981104251,1523-7052,Q1
https://openalex.org/W1981120200,0022-3697,Q2
https://openalex.org/W1981122664,1002-0721,Q3
https://openalex.org/W1981130369,0021-9673,Q1
https://openalex.org/W1981131826,0951-4198,Q1
https://openalex.org/W1981135961,0020-1693,Q2
https://openalex.org/W1981165646,0009-2363,Q2
https://openalex.org/W1981177474,0021-1575,Q3
https://openalex.org/W1981178478,0957-4166,Q1
https://openalex.org/W1981182541,0173-0835,Q1
https://openalex.org/W1981216568,0956-5663,Q1
https://openalex.org/W1981225680,1422-0067,Q3
https://openalex.org/W1981229647,0013-4686,Q1
https://openalex.org/W1981233308,0039-7911,Q3
https://openalex.org/W1981253191,0956-5663,Q1
https://openalex.org/W1981277298,0972-060X,Q4
https://openalex.org/W1981317142,0036-021X,Q2
https://openalex.org/W1981321574,0003-021X,Q2
https://openalex.org/W1981330692,0021-8995,Q2
https://openalex.org/W1981333194,1932-7447,Q1
https://openalex.org/W1981333432,1387-3806,Q2
https://openalex.org/W1981344608,0003-2719,Q2
https://openalex.org/W1981368786,1022-5528,Q1
https://openalex.org/W1981403308,0721-3115,Q2
https://openalex.org/W1981405902,0008-6223,Q1
https://openalex.org/W1981431987,0006-3525,Q1
https://openalex.org/W1981440335,0888-5885,Q1
https://openalex.org/W1981442261,1424-8220,Q3
https://openalex.org/W1981477988,1068-1620,Q4
https://openalex.org/W1981483535,0267-8292,Q2
https://openalex.org/W1981497065,0024-9297,Q1
https://openalex.org/W1981497916,1001-8417,Q3
https://openalex.org/W1981525377,0236-5731,Q3
https://openalex.org/W1981543215,0308-8146,Q1
https://openalex.org/W1981551180,1528-7483,Q1
https://openalex.org/W1981561437,0968-0896,Q1
https://openalex.org/W1981574273,1089-5639,Q1
https://openalex.org/W1981579671,1099-0062,Q1
https://openalex.org/W1981606444,0008-6223,Q1
https://openalex.org/W1981631328,0009-3122,Q4
https://openalex.org/W1981648352,0960-894X,Q1
https://openalex.org/W1981652830,0014-3057,Q1
https://openalex.org/W1981655884,0021-8995,Q2
https://openalex.org/W1981677485,0021-9673,Q1
https://openalex.org/W1981688012,0366-7022,Q2
https://openalex.org/W1981690966,0022-152X,Q3
https://openalex.org/W1981703842,0032-3888,Q2
https://openalex.org/W1981710551,0169-4332,-
https://openalex.org/W1981731139,0013-4651,Q1
https://openalex.org/W1981733626,0032-3888,Q2
https://openalex.org/W1981771064,1477-9226,Q2
https://openalex.org/W1981788846,0013-936X,Q1
https://openalex.org/W1981822129,0957-4166,Q1
https://openalex.org/W1981849860,0145-8892,Q2
https://openalex.org/W1981855776,1387-3806,Q2
https://openalex.org/W1981864081,0003-021X,Q2
https://openalex.org/W1981880458,0011-9164,Q1
https://openalex.org/W1981894609,0167-2738,Q1
https://openalex.org/W1981896812,0020-1669,Q1
https://openalex.org/W1981902384,0167-2738,Q1
https://openalex.org/W1981907216,0960-894X,Q1
https://openalex.org/W1981936210,0022-328X,Q2
https://openalex.org/W1981988103,0960-894X,Q1
https://openalex.org/W1982008815,0966-9795,Q1
https://openalex.org/W1982016181,0011-9164,Q1
https://openalex.org/W1982023384,0009-2509,Q1
https://openalex.org/W1982089763,0960-894X,Q1
https://openalex.org/W1982104099,1082-6076,Q3
https://openalex.org/W1982109407,0257-8972,Q1
https://openalex.org/W1982174878,1473-0189,Q1
https://openalex.org/W1982181201,1385-8947,Q1
https://openalex.org/W1982181553,0013-936X,Q1
https://openalex.org/W1982183707,0010-5082,Q2
https://openalex.org/W1982197967,0021-891X,Q2
https://openalex.org/W1982207561,0169-4332,-
https://openalex.org/W1982208744,0910-6340,Q2
https://openalex.org/W1982214291,0145-8892,Q2
https://openalex.org/W1982232104,0022-152X,Q3
https://openalex.org/W1982234981,1388-2481,Q1
https://openalex.org/W1982255188,0022-3697,Q2
https://openalex.org/W1982263760,0040-5760,Q3
https://openalex.org/W1982273000,0942-9352,Q3
https://openalex.org/W1982278965,0021-8561,Q1
https://openalex.org/W1982286555,0011-9164,Q1
https://openalex.org/W1982291211,0379-7112,Q1
https://openalex.org/W1982293194,1566-7367,Q1
https://openalex.org/W1982299845,1566-7367,Q1
https://openalex.org/W1982304840,0927-7765,Q2
https://openalex.org/W1982307879,1083-6160,Q2
https://openalex.org/W1982308167,0040-4039,Q1
https://openalex.org/W1982332164,1001-8417,Q3
https://openalex.org/W1982372809,0021-8995,Q2
https://openalex.org/W1982391407,0959-8103,-
https://openalex.org/W1982392643,1074-1542,Q3
https://openalex.org/W1982436046,1542-1406,Q2
https://openalex.org/W1982438714,0888-5885,Q1
https://openalex.org/W1982453466,1388-2481,Q1
https://openalex.org/W1982456812,1420-3049,Q2
https://openalex.org/W1982461808,0038-7010,Q3
https://openalex.org/W1982474971,0960-894X,Q1
https://openalex.org/W1982476514,0011-9164,Q1
https://openalex.org/W1982482266,0173-0835,Q1
https://openalex.org/W1982563781,1350-4177,-
https://openalex.org/W1982569818,0003-2670,Q1
https://openalex.org/W1982582158,0013-936X,Q1
https://openalex.org/W1982584906,0144-8617,Q1
https://openalex.org/W1982591251,1348-6535,Q2
https://openalex.org/W1982592169,1001-604X,Q3
https://openalex.org/W1982594509,0011-9164,Q1
https://openalex.org/W1982605070,0022-0248,Q1
https://openalex.org/W1982613416,1570-0232,Q1
https://openalex.org/W1982623941,1388-2481,Q1
https://openalex.org/W1982636026,1674-0068,Q4
https://openalex.org/W1982638378,0731-7085,Q1
https://openalex.org/W1982670918,0009-2363,Q2
https://openalex.org/W1982701793,1566-1199,Q1
https://openalex.org/W1982726439,0008-6215,Q2
https://openalex.org/W1982744757,0021-8995,Q2
https://openalex.org/W1982747212,0026-265X,Q2
https://openalex.org/W1982748510,1388-6150,Q3
https://openalex.org/W1982750879,1570-0232,Q1
https://openalex.org/W1982756067,0966-0844,-
https://openalex.org/W1982760302,0308-8146,Q1
https://openalex.org/W1982788942,0173-0835,Q1
https://openalex.org/W1982795444,0363-9045,Q3
https://openalex.org/W1982808658,1381-5148,Q1
https://openalex.org/W1982822702,0925-4005,-
https://openalex.org/W1982827123,0009-3122,Q4
https://openalex.org/W1982828452,1932-7447,Q1
https://openalex.org/W1982847693,0021-9568,Q1
https://openalex.org/W1982867180,1004-9541,Q2
https://openalex.org/W1982867547,0009-2363,Q2
https://openalex.org/W1982869401,0910-6340,Q2
https://openalex.org/W1982878449,1540-7489,Q1
https://openalex.org/W1982886260,1001-8417,Q3
https://openalex.org/W1982893503,0910-6340,Q2
https://openalex.org/W1982917282,0022-2860,Q3
https://openalex.org/W1982921152,1386-1425,Q2
https://openalex.org/W1982922574,0949-1775,Q2
https://openalex.org/W1982985064,0011-9164,Q1
https://openalex.org/W1982985695,1001-604X,Q3
https://openalex.org/W1983007306,1618-2642,Q1
https://openalex.org/W1983046170,0169-4332,-
https://openalex.org/W1983068215,0022-2313,Q1
https://openalex.org/W1983074243,0021-8995,Q2
https://openalex.org/W1983085314,1944-0057,Q1
https://openalex.org/W1983097378,1570-0232,Q1
https://openalex.org/W1983098810,0888-5885,Q1
https://openalex.org/W1983102640,1387-7003,Q2
https://openalex.org/W1983107863,1001-8417,Q3
https://openalex.org/W1983108648,0956-5663,Q1
https://openalex.org/W1983157021,0308-8146,Q1
https://openalex.org/W1983197044,0022-152X,Q3
https://openalex.org/W1983198594,0269-3879,Q2
https://openalex.org/W1983199750,0022-3263,Q1
https://openalex.org/W1983217729,0040-4039,Q1
https://openalex.org/W1983253161,0142-9418,Q2
https://openalex.org/W1983261906,0021-9568,Q1
https://openalex.org/W1983300116,0036-0244,Q4
https://openalex.org/W1983324389,1070-4280,Q4
https://openalex.org/W1983339481,0021-8995,Q2
https://openalex.org/W1983367361,0011-9164,Q1
https://openalex.org/W1983386721,1385-8947,Q1
https://openalex.org/W1983388239,1735-207X,Q2
https://openalex.org/W1983395102,0731-7085,Q1
https://openalex.org/W1983401256,1570-0232,Q1
https://openalex.org/W1983411354,0009-2509,Q1
https://openalex.org/W1983414960,1040-0400,Q3
https://openalex.org/W1983429937,0022-3697,Q2
https://openalex.org/W1983431449,0010-5082,Q2
https://openalex.org/W1983464521,0021-1575,Q3
https://openalex.org/W1983494429,0167-7322,Q2
https://openalex.org/W1983509923,0010-938X,Q1
https://openalex.org/W1983517597,0925-4005,-
https://openalex.org/W1983559728,0377-0486,Q1
https://openalex.org/W1983564972,0039-7911,Q3
https://openalex.org/W1983576129,0009-5893,Q2
https://openalex.org/W1983576276,0256-1115,Q2
https://openalex.org/W1983577972,1293-2558,Q1
https://openalex.org/W1983590376,1001-8417,Q3
https://openalex.org/W1983625237,1292-8941,Q1
https://openalex.org/W1983651062,0888-5885,Q1
https://openalex.org/W1983680897,0300-9440,Q2
https://openalex.org/W1983684349,0960-894X,Q1
https://openalex.org/W1983690848,0013-4686,Q1
https://openalex.org/W1983697609,0008-6215,Q2
https://openalex.org/W1983776595,0021-9606,Q1
https://openalex.org/W1983782903,0267-9477,Q1
https://openalex.org/W1983785742,0933-4173,Q3
https://openalex.org/W1983789829,1063-4576,-
https://openalex.org/W1983806063,0960-894X,Q1
https://openalex.org/W1983822502,0223-5234,Q2
https://openalex.org/W1983838553,0013-4686,Q1
https://openalex.org/W1983868691,0003-2670,Q1
https://openalex.org/W1983873506,0144-8617,Q1
https://openalex.org/W1983908683,0040-4039,Q1
https://openalex.org/W1983928423,0731-7085,Q1
https://openalex.org/W1983932441,0010-938X,Q1
https://openalex.org/W1983957774,0021-8995,Q2
https://openalex.org/W1984004350,1385-8947,Q1
https://openalex.org/W1984046138,1028-6020,Q3
https://openalex.org/W1984061368,1083-6160,Q2
https://openalex.org/W1984061415,1028-6020,Q3
https://openalex.org/W1984086517,0013-4651,Q1
https://openalex.org/W1984092422,1618-2642,Q1
https://openalex.org/W1984093848,1566-7367,Q1
https://openalex.org/W1984116826,0040-4039,Q1
https://openalex.org/W1984132727,1044-0305,Q1
https://openalex.org/W1984190646,1438-2377,Q1
https://openalex.org/W1984192982,0173-0835,Q1
https://openalex.org/W1984194893,0011-9164,Q1
https://openalex.org/W1984218773,0236-5731,Q3
https://openalex.org/W1984224083,0960-894X,Q1
https://openalex.org/W1984255161,0892-6875,Q1
https://openalex.org/W1984307270,0021-9568,Q1
https://openalex.org/W1984313880,0009-2363,Q2
https://openalex.org/W1984322709,0036-021X,Q2
https://openalex.org/W1984356561,0098-6445,Q2
https://openalex.org/W1984367237,0957-4484,Q1
https://openalex.org/W1984373758,0952-3480,Q1
https://openalex.org/W1984390819,0956-5663,Q1
https://openalex.org/W1984399151,1520-5207,Q1
https://openalex.org/W1984402122,0169-4332,-
https://openalex.org/W1984403462,0021-8995,Q2
https://openalex.org/W1984443949,0021-8561,Q1
https://openalex.org/W1984445612,0040-4039,Q1
https://openalex.org/W1984459039,0144-8617,Q1
https://openalex.org/W1984459115,0026-3672,Q2
https://openalex.org/W1984472299,0011-9164,Q1
https://openalex.org/W1984475781,0142-9418,Q2
https://openalex.org/W1984513601,0236-5731,Q3
https://openalex.org/W1984527431,0925-9635,Q1
https://openalex.org/W1984529095,0013-936X,Q1
https://openalex.org/W1984534858,0021-8561,Q1
https://openalex.org/W1984538653,0021-8995,Q2
https://openalex.org/W1984548958,0016-2361,Q1
https://openalex.org/W1984551852,0925-4005,-
https://openalex.org/W1984553288,0947-8396,Q1
https://openalex.org/W1984559167,1022-1360,Q3
https://openalex.org/W1984559387,0021-9568,Q1
https://openalex.org/W1984562814,0163-3864,Q1
https://openalex.org/W1984579302,0040-4039,Q1
https://openalex.org/W1984595575,0951-4198,Q1
https://openalex.org/W1984601551,0927-0256,Q1
https://openalex.org/W1984605030,1001-0521,Q3
https://openalex.org/W1984646360,0257-8972,Q1
https://openalex.org/W1984668537,0022-3263,Q1
https://openalex.org/W1984680406,0018-019X,Q2
https://openalex.org/W1984700517,1936-9751,Q3
https://openalex.org/W1984703641,0167-2738,Q1
https://openalex.org/W1984718390,0002-7863,Q1
https://openalex.org/W1984749947,0223-5234,Q2
https://openalex.org/W1984803934,1004-9541,Q2
https://openalex.org/W1984810131,0897-4756,Q1
https://openalex.org/W1984814187,0169-4332,-
https://openalex.org/W1984831269,0003-7028,Q3
https://openalex.org/W1984900076,0021-9673,Q1
https://openalex.org/W1984926303,0223-5234,Q2
https://openalex.org/W1984954002,1572-6657,Q2
https://openalex.org/W1984971965,0960-894X,Q1
https://openalex.org/W1984989130,0169-4332,-
https://openalex.org/W1984994615,0378-7753,Q1
https://openalex.org/W1985012541,1340-3443,-
https://openalex.org/W1985013794,0378-7753,Q1
https://openalex.org/W1985033729,1063-455X,Q4
https://openalex.org/W1985043634,0002-7863,Q1
https://openalex.org/W1985053324,0011-9164,Q1
https://openalex.org/W1985053964,0008-6223,Q1
https://openalex.org/W1985066185,0040-6031,Q2
https://openalex.org/W1985068093,0021-8995,Q2
https://openalex.org/W1985078176,1001-8417,Q3
https://openalex.org/W1985091543,0022-0248,Q1
https://openalex.org/W1985094415,1523-7052,Q1
https://openalex.org/W1985108123,0960-894X,Q1
https://openalex.org/W1985113336,1990-7923,Q4
https://openalex.org/W1985117115,0892-6875,Q1
https://openalex.org/W1985122547,0169-4332,-
https://openalex.org/W1985143663,0104-1428,Q4
https://openalex.org/W1985148056,1091-6466,Q2
https://openalex.org/W1985154787,0049-8246,Q3
https://openalex.org/W1985165790,1523-7052,Q1
https://openalex.org/W1985167261,0925-4005,-
https://openalex.org/W1985181730,1566-7367,Q1
https://openalex.org/W1985201116,0022-4596,Q1
https://openalex.org/W1985210684,0022-3263,Q1
https://openalex.org/W1985218999,0002-7863,Q1
https://openalex.org/W1985243989,1001-8417,Q3
https://openalex.org/W1985262921,0731-7085,Q1
https://openalex.org/W1985292506,1229-9197,Q3
https://openalex.org/W1985297232,1340-3443,-
https://openalex.org/W1985304693,0021-8561,Q1
https://openalex.org/W1985311175,0916-8451,Q3
https://openalex.org/W1985331514,0928-0707,Q1
https://openalex.org/W1985341036,0749-1581,Q2
https://openalex.org/W1985345416,1872-5813,Q3
https://openalex.org/W1985391350,0916-8451,Q3
https://openalex.org/W1985407437,0010-938X,Q1
https://openalex.org/W1985423493,0039-7911,Q3
https://openalex.org/W1985430424,0009-2363,Q2
https://openalex.org/W1985465998,0167-2738,Q1
https://openalex.org/W1985484655,1570-0232,Q1
https://openalex.org/W1985485969,1070-4280,Q4
https://openalex.org/W1985493451,0009-3122,Q4
https://openalex.org/W1985502580,0169-4332,-
https://openalex.org/W1985533281,0021-8995,Q2
https://openalex.org/W1985538990,1523-7052,Q1
https://openalex.org/W1985553743,0259-9791,Q2
https://openalex.org/W1985556812,0303-402X,Q2
https://openalex.org/W1985566646,0022-3697,Q2
https://openalex.org/W1985567208,1097-3958,Q3
https://openalex.org/W1985598161,0272-4324,Q1
https://openalex.org/W1985606905,1542-1406,Q2
https://openalex.org/W1985614089,0008-6215,Q2
https://openalex.org/W1985637613,0272-8397,Q2
https://openalex.org/W1985647197,1083-6160,Q2
https://openalex.org/W1985647580,0040-4039,Q1
https://openalex.org/W1985650882,0968-0896,Q1
https://openalex.org/W1985687486,0378-7753,Q1
https://openalex.org/W1985713106,0021-891X,Q2
https://openalex.org/W1985713220,0011-9164,Q1
https://openalex.org/W1985715470,0009-2509,Q1
https://openalex.org/W1985732369,0021-9673,Q1
https://openalex.org/W1985744106,1066-5285,Q3
https://openalex.org/W1985759591,0352-5139,Q3
https://openalex.org/W1985772254,0039-9140,Q1
https://openalex.org/W1985825838,1942-7603,-
https://openalex.org/W1985837534,1438-7697,Q1
https://openalex.org/W1985848981,0960-894X,Q1
https://openalex.org/W1985849925,0040-4039,Q1
https://openalex.org/W1985861326,0960-894X,Q1
https://openalex.org/W1985869079,0030-4948,Q3
https://openalex.org/W1985869133,0002-7863,Q1
https://openalex.org/W1985875605,0737-3937,Q3
https://openalex.org/W1985883755,1478-6419,Q3
https://openalex.org/W1985916232,0021-8995,Q2
https://openalex.org/W1985921318,0002-7863,Q1
https://openalex.org/W1985946445,0169-4332,-
https://openalex.org/W1985951863,0142-9418,Q2
https://openalex.org/W1985955827,0040-4039,Q1
https://openalex.org/W1985962568,0169-4332,-
https://openalex.org/W1985974839,0021-9568,Q1
https://openalex.org/W1985985868,0039-7911,Q3
https://openalex.org/W1985987259,1951-6355,Q3
https://openalex.org/W1985993977,0021-8464,Q2
https://openalex.org/W1986015269,0144-8617,Q1
https://openalex.org/W1986040610,0956-5663,Q1
https://openalex.org/W1986064994,0009-2665,Q1
https://openalex.org/W1986082651,0011-9164,Q1
https://openalex.org/W1986102653,0021-8995,Q2
https://openalex.org/W1986103157,0236-5731,Q3
https://openalex.org/W1986108665,0268-2605,Q2
https://openalex.org/W1986120972,0021-891X,Q2
https://openalex.org/W1986138310,0045-6535,Q1
https://openalex.org/W1986143909,1089-5639,Q1
https://openalex.org/W1986152923,0927-7765,Q2
https://openalex.org/W1986163849,0009-2363,Q2
https://openalex.org/W1986188180,0011-9164,Q1
https://openalex.org/W1986192761,0958-0344,Q2
https://openalex.org/W1986193233,1944-0057,Q1
https://openalex.org/W1986204515,0368-2048,Q2
https://openalex.org/W1986227194,0914-9244,Q3
https://openalex.org/W1986241251,0009-2363,Q2
https://openalex.org/W1986257061,1932-7447,Q1
https://openalex.org/W1986264150,1598-5032,Q2
https://openalex.org/W1986267050,0021-8995,Q2
https://openalex.org/W1986267642,0032-0943,Q2
https://openalex.org/W1986268321,0012-5008,Q3
https://openalex.org/W1986275247,0927-7765,Q2
https://openalex.org/W1986278633,1089-5639,Q1
https://openalex.org/W1986299653,0039-9140,Q1
https://openalex.org/W1986299809,1022-1360,Q3
https://openalex.org/W1986307167,1658-3655,-
https://openalex.org/W1986317961,0303-402X,Q2
https://openalex.org/W1986357900,1566-7367,Q1
https://openalex.org/W1986374260,0013-4686,Q1
https://openalex.org/W1986390656,1542-1406,Q2
https://openalex.org/W1986396178,1001-0521,Q3
https://openalex.org/W1986400291,1420-3049,Q2
https://openalex.org/W1986401444,0584-8547,Q1
https://openalex.org/W1986415079,1340-3443,-
https://openalex.org/W1986432836,0269-3879,Q2
https://openalex.org/W1986436022,0022-152X,Q3
https://openalex.org/W1986439187,1566-1199,Q1
https://openalex.org/W1986541184,0013-936X,Q1
https://openalex.org/W1986541321,1386-1425,Q2
https://openalex.org/W1986549678,0010-938X,Q1
https://openalex.org/W1986554137,0306-0012,Q1
https://openalex.org/W1986641096,0253-6269,Q3
https://openalex.org/W1986673194,0022-152X,Q3
https://openalex.org/W1986680797,1420-3049,Q2
https://openalex.org/W1986756329,1091-6466,Q2
https://openalex.org/W1986785108,0378-7753,Q1
https://openalex.org/W1986831676,0022-2313,Q1
https://openalex.org/W1986849434,0013-936X,Q1
https://openalex.org/W1986853688,0731-7085,Q1
https://openalex.org/W1986867565,0040-4039,Q1
https://openalex.org/W1986872735,0022-3697,Q2
https://openalex.org/W1986873216,1293-2558,Q1
https://openalex.org/W1986889741,0169-4332,-
https://openalex.org/W1986890972,1070-4280,Q4
https://openalex.org/W1986895776,0308-8146,Q1
https://openalex.org/W1986898119,0022-3263,Q1
https://openalex.org/W1986947032,0022-3263,Q1
https://openalex.org/W1986974478,0960-894X,Q1
https://openalex.org/W1986984659,0032-3888,Q2
https://openalex.org/W1986993286,1936-9751,Q3
https://openalex.org/W1986999610,0022-2860,Q3
https://openalex.org/W1987023300,0378-7753,Q1
https://openalex.org/W1987035854,0163-4984,Q3
https://openalex.org/W1987045403,0257-8972,Q1
https://openalex.org/W1987049267,0743-7463,Q1
https://openalex.org/W1987058151,0968-0896,Q1
https://openalex.org/W1987075583,0009-2509,Q1
https://openalex.org/W1987094292,0378-3812,Q1
https://openalex.org/W1987115525,0269-3879,Q2
https://openalex.org/W1987151401,0167-2738,Q1
https://openalex.org/W1987153909,0352-5139,Q3
https://openalex.org/W1987193093,0016-2361,Q1
https://openalex.org/W1987197363,1023-666X,Q4
https://openalex.org/W1987206567,0018-019X,Q2
https://openalex.org/W1987211713,0021-9673,Q1
https://openalex.org/W1987213996,1388-6150,Q3
https://openalex.org/W1987225071,0925-4005,-
https://openalex.org/W1987229881,0170-0839,Q2
https://openalex.org/W1987232439,0169-4332,-
https://openalex.org/W1987268982,0378-7753,Q1
https://openalex.org/W1987289742,1022-1360,Q3
https://openalex.org/W1987298894,1359-7345,Q1
https://openalex.org/W1987318969,0968-0896,Q1
https://openalex.org/W1987321479,0021-8995,Q2
https://openalex.org/W1987332461,0011-9164,Q1
https://openalex.org/W1987500941,1233-2356,Q3
https://openalex.org/W1987524737,0011-9164,Q1
https://openalex.org/W1987529264,1229-9197,Q3
https://openalex.org/W1987537129,0009-3130,-
https://openalex.org/W1987545859,1293-2558,Q1
https://openalex.org/W1987552003,0731-7085,Q1
https://openalex.org/W1987594387,0039-7911,Q3
https://openalex.org/W1987612799,0144-8617,Q1
https://openalex.org/W1987615362,0927-0256,Q1
https://openalex.org/W1987621081,0193-2691,Q3
https://openalex.org/W1987625783,0009-5893,Q2
https://openalex.org/W1987626032,1075-2617,Q2
https://openalex.org/W1987632972,0306-0012,Q1
https://openalex.org/W1987641177,0930-7516,Q2
https://openalex.org/W1987643028,0009-3122,Q4
https://openalex.org/W1987643159,0378-7753,Q1
https://openalex.org/W1987697988,0003-2719,Q2
https://openalex.org/W1987706858,0965-5441,Q3
https://openalex.org/W1987715165,1424-8220,Q3
https://openalex.org/W1987719853,0949-1775,Q2
https://openalex.org/W1987721141,0947-8396,Q1
https://openalex.org/W1987739682,0142-9418,Q2
https://openalex.org/W1987787531,1523-7052,Q1
https://openalex.org/W1987791579,0022-0248,Q1
https://openalex.org/W1987827650,0925-4005,-
https://openalex.org/W1987868461,0032-3888,Q2
https://openalex.org/W1987877174,0968-0896,Q1
https://openalex.org/W1987899162,0966-9795,Q1
https://openalex.org/W1987940564,1438-2377,Q1
https://openalex.org/W1987961373,0257-8972,Q1
https://openalex.org/W1987967061,1388-2481,Q1
https://openalex.org/W1987981158,1420-3049,Q2
https://openalex.org/W1987991302,0169-4332,-
https://openalex.org/W1988004986,0947-8396,Q1
https://openalex.org/W1988017207,1054-2523,Q4
https://openalex.org/W1988049109,0960-894X,Q1
https://openalex.org/W1988060410,0040-4039,Q1
https://openalex.org/W1988069405,1022-9760,Q2
https://openalex.org/W1988125114,1942-7603,-
https://openalex.org/W1988128599,0039-7911,Q3
https://openalex.org/W1988131389,0960-894X,Q1
https://openalex.org/W1988145903,0925-4005,-
https://openalex.org/W1988166675,1099-0062,Q1
https://openalex.org/W1988167632,1388-2481,Q1
https://openalex.org/W1988196126,0009-2363,Q2
https://openalex.org/W1988210333,1001-8417,Q3
https://openalex.org/W1988236244,0040-4039,Q1
https://openalex.org/W1988276805,0927-0256,Q1
https://openalex.org/W1988277494,1091-6466,Q2
https://openalex.org/W1988289549,1387-3806,Q2
https://openalex.org/W1988317925,0269-3879,Q2
https://openalex.org/W1988327428,0947-8396,Q1
https://openalex.org/W1988329555,0731-7085,Q1
https://openalex.org/W1988334684,1388-6150,Q3
https://openalex.org/W1988346900,0013-4686,Q1
https://openalex.org/W1988347140,1070-4280,Q4
https://openalex.org/W1988364253,0021-8995,Q2
https://openalex.org/W1988370392,0253-6269,Q3
https://openalex.org/W1988385647,1001-8417,Q3
https://openalex.org/W1988394739,0022-3263,Q1
https://openalex.org/W1988420731,0236-5731,Q3
https://openalex.org/W1988427063,0300-9440,Q2
https://openalex.org/W1988446206,0888-5885,Q1
https://openalex.org/W1988460820,1388-6150,Q3
https://openalex.org/W1988474458,0009-5893,Q2
https://openalex.org/W1988498499,1001-0521,Q3
https://openalex.org/W1988503669,0002-7863,Q1
https://openalex.org/W1988510788,1070-3632,Q3
https://openalex.org/W1988541565,1293-2558,Q1
https://openalex.org/W1988556105,0039-7911,Q3
https://openalex.org/W1988557488,1070-4280,Q4
https://openalex.org/W1988560306,0021-8995,Q2
https://openalex.org/W1988576883,0011-9164,Q1
https://openalex.org/W1988582806,0169-4332,-
https://openalex.org/W1988584047,1522-7235,Q2
https://openalex.org/W1988591296,0009-2363,Q2
https://openalex.org/W1988609242,0009-2509,Q1
https://openalex.org/W1988644387,0009-3130,-
https://openalex.org/W1988644997,1350-4177,-
https://openalex.org/W1988648854,1872-5813,Q3
https://openalex.org/W1988680492,0039-9140,Q1
https://openalex.org/W1988689785,1083-6160,Q2
https://openalex.org/W1988691116,0011-9164,Q1
https://openalex.org/W1988716453,1755-4330,-
https://openalex.org/W1988741205,1002-0721,Q3
https://openalex.org/W1988788879,0020-1669,Q1
https://openalex.org/W1988803909,1040-0397,Q2
https://openalex.org/W1988805519,0308-8146,Q1
https://openalex.org/W1988832330,0257-8972,Q1
https://openalex.org/W1988868689,0731-7085,Q1
https://openalex.org/W1988885586,0170-0839,Q2
https://openalex.org/W1988894118,1040-0397,Q2
https://openalex.org/W1988903737,1477-0520,Q1
https://openalex.org/W1988915742,0049-8246,Q3
https://openalex.org/W1988919400,0040-4039,Q1
https://openalex.org/W1988925517,0021-9517,Q1
https://openalex.org/W1988936070,0957-4484,Q1
https://openalex.org/W1988946271,0022-0248,Q1
https://openalex.org/W1988964241,0897-4756,Q1
https://openalex.org/W1988966573,1566-7367,Q1
https://openalex.org/W1988988152,1522-7235,Q2
https://openalex.org/W1988990096,0009-3130,-
https://openalex.org/W1989044205,0277-5387,Q2
https://openalex.org/W1989082033,0009-3130,-
https://openalex.org/W1989092588,0925-3467,-
https://openalex.org/W1989133473,0925-4005,-
https://openalex.org/W1989157027,1439-4227,Q1
https://openalex.org/W1989162873,0173-0835,Q1
https://openalex.org/W1989168672,0967-0335,Q3
https://openalex.org/W1989192848,0040-4020,Q1
https://openalex.org/W1989206572,1422-0067,Q3
https://openalex.org/W1989206781,1388-2481,Q1
https://openalex.org/W1989215855,0009-2363,Q2
https://openalex.org/W1989246560,1385-8947,Q1
https://openalex.org/W1989256815,1570-0232,Q1
https://openalex.org/W1989277921,0021-8995,Q2
https://openalex.org/W1989287225,1359-7345,Q1
https://openalex.org/W1989311034,0749-1581,Q2
https://openalex.org/W1989312622,0379-7112,Q1
https://openalex.org/W1989330359,0022-152X,Q3
https://openalex.org/W1989331015,0960-894X,Q1
https://openalex.org/W1989334135,0011-9164,Q1
https://openalex.org/W1989346448,0009-3130,-
https://openalex.org/W1989365306,0021-9568,Q1
https://openalex.org/W1989397163,0049-8246,Q3
https://openalex.org/W1989405921,1618-2642,Q1
https://openalex.org/W1989417954,0030-4018,Q2
https://openalex.org/W1989433848,0011-9164,Q1
https://openalex.org/W1989437740,0223-5234,Q2
https://openalex.org/W1989461279,0040-4039,Q1
https://openalex.org/W1989463140,0925-4005,-
https://openalex.org/W1989467166,0008-6215,Q2
https://openalex.org/W1989473009,0003-7028,Q3
https://openalex.org/W1989475802,0012-5008,Q3
https://openalex.org/W1989478833,0956-5663,Q1
https://openalex.org/W1989559271,0024-9297,Q1
https://openalex.org/W1989606074,0010-2202,Q1
https://openalex.org/W1989607706,0170-0839,Q2
https://openalex.org/W1989621764,1523-7052,Q1
https://openalex.org/W1989642272,0960-894X,Q1
https://openalex.org/W1989662146,0010-2180,Q1
https://openalex.org/W1989686611,1528-7483,Q1
https://openalex.org/W1989691119,0021-8561,Q1
https://openalex.org/W1989731134,0951-4198,Q1
https://openalex.org/W1989747307,1001-8417,Q3
https://openalex.org/W1989766034,0032-3888,Q2
https://openalex.org/W1989799711,0195-928X,-
https://openalex.org/W1989803310,1022-1360,Q3
https://openalex.org/W1989808859,0010-938X,Q1
https://openalex.org/W1989811082,0039-9140,Q1
https://openalex.org/W1989816733,0022-3263,Q1
https://openalex.org/W1989820705,0018-019X,Q2
https://openalex.org/W1989822331,0584-8547,Q1
https://openalex.org/W1989832600,0142-9418,Q2
https://openalex.org/W1989883464,1932-7447,Q1
https://openalex.org/W1989884802,0039-9140,Q1
https://openalex.org/W1989892618,1001-8417,Q3
https://openalex.org/W1989896845,1099-0690,Q1
https://openalex.org/W1989914092,0257-8972,Q1
https://openalex.org/W1989921482,0033-4545,Q1
https://openalex.org/W1989922018,0916-8451,Q3
https://openalex.org/W1989924241,1359-7345,Q1
https://openalex.org/W1989942696,0040-4039,Q1
https://openalex.org/W1989944936,0011-9164,Q1
https://openalex.org/W1989965763,0021-9568,Q1
https://openalex.org/W1989994723,0925-3467,-
https://openalex.org/W1990015089,0013-4651,Q1
https://openalex.org/W1990037749,0930-486X,Q3
https://openalex.org/W1990048740,0954-0083,Q3
https://openalex.org/W1990052311,0022-152X,Q3
https://openalex.org/W1990085957,1755-4330,-
https://openalex.org/W1990096200,1091-6466,Q2
https://openalex.org/W1990099196,0002-7863,Q1
https://openalex.org/W1990113126,0922-6168,Q2
https://openalex.org/W1990119350,0144-8617,Q1
https://openalex.org/W1990150673,1424-8220,Q3
https://openalex.org/W1990157415,1467-7873,Q2
https://openalex.org/W1990182641,1381-1991,Q2
https://openalex.org/W1990186884,0013-4651,Q1
https://openalex.org/W1990195883,0038-1098,Q1
https://openalex.org/W1990218675,0008-6215,Q2
https://openalex.org/W1990242543,0003-2700,Q1
https://openalex.org/W1990244043,0003-2670,Q1
https://openalex.org/W1990249557,1420-3049,Q2
https://openalex.org/W1990254669,0022-0248,Q1
https://openalex.org/W1990255219,1070-4280,Q4
https://openalex.org/W1990257592,0149-6395,Q2
https://openalex.org/W1990260220,0924-2031,Q3
https://openalex.org/W1990289399,0163-3864,Q1
https://openalex.org/W1990291674,0308-8146,Q1
https://openalex.org/W1990291681,0960-894X,Q1
https://openalex.org/W1990293840,0021-8561,Q1
https://openalex.org/W1990297541,0925-4005,-
https://openalex.org/W1990300191,0044-2313,Q3
https://openalex.org/W1990307000,0929-8673,-
https://openalex.org/W1990321289,1002-0721,Q3
https://openalex.org/W1990322475,0236-5731,Q3
https://openalex.org/W1990324528,0009-5893,Q2
https://openalex.org/W1990340038,1385-8947,Q1
https://openalex.org/W1990346266,0009-3130,-
https://openalex.org/W1990392909,1388-6150,Q3
https://openalex.org/W1990410443,0939-4451,Q2
https://openalex.org/W1990418643,1319-6103,-
https://openalex.org/W1990435918,0013-4686,Q1
https://openalex.org/W1990442414,1942-7603,-
https://openalex.org/W1990469638,0040-4020,Q1
https://openalex.org/W1990477945,1066-5285,Q3
https://openalex.org/W1990540492,1535-3893,Q1
https://openalex.org/W1990543827,0232-1300,Q2
https://openalex.org/W1990550356,1473-0189,Q1
https://openalex.org/W1990571856,0947-8396,Q1
https://openalex.org/W1990609640,0009-2363,Q2
https://openalex.org/W1990610243,0009-5893,Q2
https://openalex.org/W1990670211,1387-1811,Q1
https://openalex.org/W1990673274,1424-8220,Q3
https://openalex.org/W1990695698,0021-8995,Q2
https://openalex.org/W1990697359,0267-9477,Q1
https://openalex.org/W1990760653,1388-0764,Q1
https://openalex.org/W1990785376,0021-9568,Q1
https://openalex.org/W1990795003,1388-6150,Q3
https://openalex.org/W1990819566,1001-8417,Q3
https://openalex.org/W1990842556,0011-9164,Q1
https://openalex.org/W1990850400,1028-6020,Q3
https://openalex.org/W1990890722,1530-6984,Q1
https://openalex.org/W1990894391,0376-7388,Q1
https://openalex.org/W1990907393,0040-4039,Q1
https://openalex.org/W1990909260,0972-060X,Q4
https://openalex.org/W1990963807,1001-0521,Q3
https://openalex.org/W1991018132,1091-6466,Q2
https://openalex.org/W1991020096,0009-5893,Q2
https://openalex.org/W1991028088,1618-2642,Q1
https://openalex.org/W1991048382,0925-4005,-
https://openalex.org/W1991062690,0276-7333,Q1
https://openalex.org/W1991066371,0169-4332,-
https://openalex.org/W1991087858,1070-4280,Q4
https://openalex.org/W1991095621,0914-9244,Q3
https://openalex.org/W1991100162,1022-1352,Q1
https://openalex.org/W1991101812,1385-8947,Q1
https://openalex.org/W1991119588,1082-6076,Q3
https://openalex.org/W1991125782,1340-3443,-
https://openalex.org/W1991141314,0040-4020,Q1
https://openalex.org/W1991162014,0232-1300,Q2
https://openalex.org/W1991171713,0032-3861,Q1
https://openalex.org/W1991171738,0916-8451,Q3
https://openalex.org/W1991179012,0022-3263,Q1
https://openalex.org/W1991186384,1385-8947,Q1
https://openalex.org/W1991194466,1932-7447,Q1
https://openalex.org/W1991195727,0882-7508,Q2
https://openalex.org/W1991220079,1359-7345,Q1
https://openalex.org/W1991228239,1566-7367,Q1
https://openalex.org/W1991236181,0308-8146,Q1
https://openalex.org/W1991239393,0914-9244,Q3
https://openalex.org/W1991259665,0002-7863,Q1
https://openalex.org/W1991265290,1932-7447,Q1
https://openalex.org/W1991283928,1345-8957,Q2
https://openalex.org/W1991326027,0169-4332,-
https://openalex.org/W1991339933,0920-5861,Q1
https://openalex.org/W1991354334,1570-0232,Q1
https://openalex.org/W1991393788,0009-2363,Q2
https://openalex.org/W1991413771,0021-8995,Q2
https://openalex.org/W1991443938,0957-4166,Q1
https://openalex.org/W1991446267,0011-9164,Q1
https://openalex.org/W1991458079,1359-7345,Q1
https://openalex.org/W1991516486,0011-9164,Q1
https://openalex.org/W1991521220,0002-7863,Q1
https://openalex.org/W1991534495,0002-7863,Q1
https://openalex.org/W1991537046,0009-5893,Q2
https://openalex.org/W1991548813,1099-0690,Q1
https://openalex.org/W1991569351,0003-2700,Q1
https://openalex.org/W1991572741,0960-894X,Q1
https://openalex.org/W1991599860,0003-2700,Q1
https://openalex.org/W1991651255,0021-8561,Q1
https://openalex.org/W1991653423,0959-8103,-
https://openalex.org/W1991653848,1570-0232,Q1
https://openalex.org/W1991670608,1099-0690,Q1
https://openalex.org/W1991677908,1061-9348,Q4
https://openalex.org/W1991688602,0144-8617,Q1
https://openalex.org/W1991717755,1011-372X,Q1
https://openalex.org/W1991745079,0039-9140,Q1
https://openalex.org/W1991765712,1388-6150,Q3
https://openalex.org/W1991767366,0308-8146,Q1
https://openalex.org/W1991797921,0021-1575,Q3
https://openalex.org/W1991805142,0011-9164,Q1
https://openalex.org/W1991857184,0008-6215,Q2
https://openalex.org/W1991869263,0039-9140,Q1
https://openalex.org/W1991876709,0003-2670,Q1
https://openalex.org/W1991912299,1942-7603,-
https://openalex.org/W1991940179,0021-9568,Q1
https://openalex.org/W1991962521,0009-3130,-
https://openalex.org/W1992071228,1420-3049,Q2
https://openalex.org/W1992074672,0040-4039,Q1
https://openalex.org/W1992087291,0024-9297,Q1
https://openalex.org/W1992126930,0897-4756,Q1
https://openalex.org/W1992127586,1438-2377,Q1
https://openalex.org/W1992131799,0378-7753,Q1
https://openalex.org/W1992170593,1004-9541,Q2
https://openalex.org/W1992190622,1570-0232,Q1
https://openalex.org/W1992201281,0972-060X,Q4
https://openalex.org/W1992241916,0020-7608,Q2
https://openalex.org/W1992244640,1523-7052,Q1
https://openalex.org/W1992251104,1523-7052,Q1
https://openalex.org/W1992251583,0021-8561,Q1
https://openalex.org/W1992262795,0253-3820,Q4
https://openalex.org/W1992267718,1932-7447,Q1
https://openalex.org/W1992278348,1520-5207,Q1
https://openalex.org/W1992293334,0011-9164,Q1
https://openalex.org/W1992309626,0916-8451,Q3
https://openalex.org/W1992339876,0002-7863,Q1
https://openalex.org/W1992374383,0011-9164,Q1
https://openalex.org/W1992389969,0956-5663,Q1
https://openalex.org/W1992404739,1040-0397,Q2
https://openalex.org/W1992408676,1420-3049,Q2
https://openalex.org/W1992410008,1040-0397,Q2
https://openalex.org/W1992444900,0232-1300,Q2
https://openalex.org/W1992454168,1420-3049,Q2
https://openalex.org/W1992464873,0022-3263,Q1
https://openalex.org/W1992480144,0253-2964,Q3
https://openalex.org/W1992488465,0009-2509,Q1
https://openalex.org/W1992536599,1388-6150,Q3
https://openalex.org/W1992538141,1528-7483,Q1
https://openalex.org/W1992545730,0021-8995,Q2
https://openalex.org/W1992581860,1615-9306,Q1
https://openalex.org/W1992594135,0021-9592,Q2
https://openalex.org/W1992613431,0272-8397,Q2
https://openalex.org/W1992614921,1070-4280,Q4
https://openalex.org/W1992629514,0163-3864,Q1
https://openalex.org/W1992641838,0009-3130,-
https://openalex.org/W1992642670,1424-8220,Q3
https://openalex.org/W1992674293,1528-7483,Q1
https://openalex.org/W1992679710,1420-3049,Q2
https://openalex.org/W1992681766,1359-7345,Q1
https://openalex.org/W1992687239,0731-7085,Q1
https://openalex.org/W1992688059,1066-5285,Q3
https://openalex.org/W1992702898,0169-4332,-
https://openalex.org/W1992716763,0022-0248,Q1
https://openalex.org/W1992724571,0165-2370,Q1
https://openalex.org/W1992736494,0169-4332,-
https://openalex.org/W1992754478,0882-7508,Q2
https://openalex.org/W1992780560,0956-5663,Q1
https://openalex.org/W1992792176,0036-021X,Q2
https://openalex.org/W1992793694,1469-0667,Q3
https://openalex.org/W1992794514,0022-2348,Q2
https://openalex.org/W1992817686,1063-4576,-
https://openalex.org/W1992829816,0020-1669,Q1
https://openalex.org/W1992846454,1070-3632,Q3
https://openalex.org/W1992853392,1345-8957,Q2
https://openalex.org/W1992853890,0927-7757,-
https://openalex.org/W1992882445,0039-9140,Q1
https://openalex.org/W1992883043,0022-3263,Q1
https://openalex.org/W1992899342,0267-9477,Q1
https://openalex.org/W1992906923,0020-7608,Q2
https://openalex.org/W1992950853,0006-3525,Q1
https://openalex.org/W1992959003,0927-7765,Q2
https://openalex.org/W1992961870,0036-0236,Q4
https://openalex.org/W1992966196,0013-4651,Q1
https://openalex.org/W1992966231,1872-5813,Q3
https://openalex.org/W1992978934,1932-7447,Q1
https://openalex.org/W1992989761,0011-9164,Q1
https://openalex.org/W1992999764,1387-7003,Q2
https://openalex.org/W1993006303,0947-8396,Q1
https://openalex.org/W1993013940,0010-938X,Q1
https://openalex.org/W1993034996,0013-936X,Q1
https://openalex.org/W1993053707,0925-4005,-
https://openalex.org/W1993057794,0016-2361,Q1
https://openalex.org/W1993061449,1040-7278,Q2
https://openalex.org/W1993077547,0021-8995,Q2
https://openalex.org/W1993087755,1477-9226,Q2
https://openalex.org/W1993106229,0149-6395,Q2
https://openalex.org/W1993108361,0167-7322,Q2
https://openalex.org/W1993125955,1385-8947,Q1
https://openalex.org/W1993128207,0269-3879,Q2
https://openalex.org/W1993129200,0040-4020,Q1
https://openalex.org/W1993130851,0039-7911,Q3
https://openalex.org/W1993168177,1570-0232,Q1
https://openalex.org/W1993182753,1420-3049,Q2
https://openalex.org/W1993218468,1523-7052,Q1
https://openalex.org/W1993229728,0003-2700,Q1
https://openalex.org/W1993274907,0169-4332,-
https://openalex.org/W1993301034,0011-9164,Q1
https://openalex.org/W1993304114,0236-5731,Q3
https://openalex.org/W1993312971,0956-5663,Q1
https://openalex.org/W1993318456,1082-6076,Q3
https://openalex.org/W1993325299,1951-6355,Q3
https://openalex.org/W1993351078,0021-891X,Q2
https://openalex.org/W1993352480,1028-6020,Q3
https://openalex.org/W1993370257,0002-7863,Q1
https://openalex.org/W1993385929,0169-4332,-
https://openalex.org/W1993390494,0022-0248,Q1
https://openalex.org/W1993403420,0022-4766,Q3
https://openalex.org/W1993421688,0163-3864,Q1
https://openalex.org/W1993434943,1385-8947,Q1
https://openalex.org/W1993436550,0169-4332,-
https://openalex.org/W1993441246,1944-0057,Q1
https://openalex.org/W1993454761,0731-7085,Q1
https://openalex.org/W1993469183,0040-4020,Q1
https://openalex.org/W1993469956,0040-6031,Q2
https://openalex.org/W1993480275,0032-3861,Q1
https://openalex.org/W1993496786,0022-3697,Q2
https://openalex.org/W1993506000,0169-4332,-
https://openalex.org/W1993507612,1424-8220,Q3
https://openalex.org/W1993522657,0103-5053,Q2
https://openalex.org/W1993525284,0011-9164,Q1
https://openalex.org/W1993526024,0045-6535,Q1
https://openalex.org/W1993532060,0040-4039,Q1
https://openalex.org/W1993533674,1023-1935,Q4
https://openalex.org/W1993545510,0001-4842,Q1
https://openalex.org/W1993548631,1229-9197,Q3
https://openalex.org/W1993556968,0378-7753,Q1
https://openalex.org/W1993567948,1570-0232,Q1
https://openalex.org/W1993580086,1942-7603,-
https://openalex.org/W1993584816,0022-2860,Q3
https://openalex.org/W1993608717,0032-0943,Q2
https://openalex.org/W1993614377,0925-3467,-
https://openalex.org/W1993620210,0013-4686,Q1
https://openalex.org/W1993632340,1054-2523,Q4
https://openalex.org/W1993657183,0731-7085,Q1
https://openalex.org/W1993664016,1433-7851,Q1
https://openalex.org/W1993665479,0957-4484,Q1
https://openalex.org/W1993666598,1615-9306,Q1
https://openalex.org/W1993669163,1002-0721,Q3
https://openalex.org/W1993673319,1070-4280,Q4
https://openalex.org/W1993707497,0960-894X,Q1
https://openalex.org/W1993708532,0040-4039,Q1
https://openalex.org/W1993717082,0165-2370,Q1
https://openalex.org/W1993722909,1615-9306,Q1
https://openalex.org/W1993739354,1424-8220,Q3
https://openalex.org/W1993745998,1044-0305,Q1
https://openalex.org/W1993753358,1010-6030,Q1
https://openalex.org/W1993759642,0003-2719,Q2
https://openalex.org/W1993761782,0916-8451,Q3
https://openalex.org/W1993766767,0013-936X,Q1
https://openalex.org/W1993793092,0888-5885,Q1
https://openalex.org/W1993799048,0352-5139,Q3
https://openalex.org/W1993811121,0009-3122,Q4
https://openalex.org/W1993835073,0021-9606,Q1
https://openalex.org/W1993838244,0040-5795,Q4
https://openalex.org/W1993845101,0011-9164,Q1
https://openalex.org/W1993865231,0378-7753,Q1
https://openalex.org/W1993867915,0385-5414,Q2
https://openalex.org/W1993916100,0009-5893,Q2
https://openalex.org/W1993956423,0039-7911,Q3
https://openalex.org/W1993958942,0142-5463,Q2
https://openalex.org/W1993990466,0223-5234,Q2
https://openalex.org/W1993996997,0888-5885,Q1
https://openalex.org/W1994004787,0925-3467,-
https://openalex.org/W1994010871,0039-9140,Q1
https://openalex.org/W1994011737,1040-0397,Q2
https://openalex.org/W1994054242,1566-7367,Q1
https://openalex.org/W1994058985,0927-7757,-
https://openalex.org/W1994083242,1477-0520,Q1
https://openalex.org/W1994105892,0039-9140,Q1
https://openalex.org/W1994117542,0003-2670,Q1
https://openalex.org/W1994125652,0366-7022,Q2
https://openalex.org/W1994155771,0036-0244,Q4
https://openalex.org/W1994185637,1293-2558,Q1
https://openalex.org/W1994203614,0308-8146,Q1
https://openalex.org/W1994220337,0021-8995,Q2
https://openalex.org/W1994244404,1388-6150,Q3
https://openalex.org/W1994257261,1388-2481,Q1
https://openalex.org/W1994257708,0914-9244,Q3
https://openalex.org/W1994261701,1759-9660,-
https://openalex.org/W1994288161,1359-7345,Q1
https://openalex.org/W1994290937,1424-8220,Q3
https://openalex.org/W1994303315,1386-1425,Q2
https://openalex.org/W1994304306,1755-4330,-
https://openalex.org/W1994318942,0011-9164,Q1
https://openalex.org/W1994328718,0932-0784,Q3
https://openalex.org/W1994370556,1424-8220,Q3
https://openalex.org/W1994401810,0003-2700,Q1
https://openalex.org/W1994401915,0956-5663,Q1
https://openalex.org/W1994408022,1022-5528,Q1
https://openalex.org/W1994449659,0300-9440,Q2
https://openalex.org/W1994482944,0257-8972,Q1
https://openalex.org/W1994520165,0021-8995,Q2
https://openalex.org/W1994549175,0887-624X,Q1
https://openalex.org/W1994557386,0030-4018,Q2
https://openalex.org/W1994587209,0011-9164,Q1
https://openalex.org/W1994597627,0039-9140,Q1
https://openalex.org/W1994599417,0013-4651,Q1
https://openalex.org/W1994599709,0169-4332,-
https://openalex.org/W1994614526,0095-8972,Q3
https://openalex.org/W1994615114,0021-8995,Q2
https://openalex.org/W1994629219,0960-894X,Q1
https://openalex.org/W1994657571,0009-4293,Q2
https://openalex.org/W1994666023,1083-6160,Q2
https://openalex.org/W1994687233,0040-4039,Q1
https://openalex.org/W1994698330,1520-4766,-
https://openalex.org/W1994699916,0170-0839,Q2
https://openalex.org/W1994702523,0030-4018,Q2
https://openalex.org/W1994748621,0022-2313,Q1
https://openalex.org/W1994776787,1001-8417,Q3
https://openalex.org/W1994779285,1004-9541,Q2
https://openalex.org/W1994796246,1385-8947,Q1
https://openalex.org/W1994826600,0308-8146,Q1
https://openalex.org/W1994827917,0021-8561,Q1
https://openalex.org/W1994837803,1876-1070,Q2
https://openalex.org/W1994854267,0039-9140,Q1
https://openalex.org/W1994892179,0163-3864,Q1
https://openalex.org/W1994912539,0921-9668,Q1
https://openalex.org/W1994915557,0022-3263,Q1
https://openalex.org/W1994917665,0371-9553,Q3
https://openalex.org/W1994926103,0144-8617,Q1
https://openalex.org/W1994926445,1388-2481,Q1
https://openalex.org/W1994931275,0018-1439,Q4
https://openalex.org/W1994942839,0049-8246,Q3
https://openalex.org/W1994945991,0956-5663,Q1
https://openalex.org/W1994954625,1040-0400,Q3
https://openalex.org/W1994956634,1618-2642,Q1
https://openalex.org/W1994958801,0959-9428,Q1
https://openalex.org/W1994994562,0021-9673,Q1
https://openalex.org/W1995018247,0040-4039,Q1
https://openalex.org/W1995073151,0193-2691,Q3
https://openalex.org/W1995090177,0927-7757,-
https://openalex.org/W1995102200,1061-933X,Q4
https://openalex.org/W1995127891,0163-3864,Q1
https://openalex.org/W1995131201,1001-8417,Q3
https://openalex.org/W1995135099,1388-0764,Q1
https://openalex.org/W1995138763,0008-6215,Q2
https://openalex.org/W1995148461,0149-6395,Q2
https://openalex.org/W1995154522,0021-9584,Q3
https://openalex.org/W1995184366,1566-7367,Q1
https://openalex.org/W1995191133,0163-3864,Q1
https://openalex.org/W1995234710,0385-5414,Q2
https://openalex.org/W1995244580,0021-8995,Q2
https://openalex.org/W1995279674,0892-6875,Q1
https://openalex.org/W1995287457,0927-7765,Q2
https://openalex.org/W1995287504,0018-019X,Q2
https://openalex.org/W1995287604,0960-894X,Q1
https://openalex.org/W1995363773,1001-8417,Q3
https://openalex.org/W1995372121,0091-4037,Q3
https://openalex.org/W1995407700,1932-7447,Q1
https://openalex.org/W1995411734,1000-324X,Q4
https://openalex.org/W1995416168,0010-938X,Q1
https://openalex.org/W1995416477,0009-3122,Q4
https://openalex.org/W1995426382,0236-5731,Q3
https://openalex.org/W1995442783,0002-7863,Q1
https://openalex.org/W1995461476,1023-1935,Q4
https://openalex.org/W1995495043,0743-7463,Q1
https://openalex.org/W1995504725,1002-0721,Q3
https://openalex.org/W1995507276,0024-9297,Q1
https://openalex.org/W1995530211,0038-1098,Q1
https://openalex.org/W1995550250,1864-063X,Q2
https://openalex.org/W1995576253,0022-0248,Q1
https://openalex.org/W1995579582,0020-7608,Q2
https://openalex.org/W1995596552,0039-9140,Q1
https://openalex.org/W1995617486,0039-7911,Q3
https://openalex.org/W1995646448,1520-5207,Q1
https://openalex.org/W1995652924,0960-894X,Q1
https://openalex.org/W1995670395,0049-8246,Q3
https://openalex.org/W1995671262,1229-9197,Q3
https://openalex.org/W1995673160,0011-9164,Q1
https://openalex.org/W1995688174,0308-8146,Q1
https://openalex.org/W1995697171,1063-455X,Q4
https://openalex.org/W1995749789,0011-9164,Q1
https://openalex.org/W1995751096,0144-8617,Q1
https://openalex.org/W1995813667,0022-4596,Q1
https://openalex.org/W1995821620,1570-0232,Q1
https://openalex.org/W1995844515,0144-8617,Q1
https://openalex.org/W1995847407,0223-5234,Q2
https://openalex.org/W1995853633,1618-2642,Q1
https://openalex.org/W1995913815,0173-0835,Q1
https://openalex.org/W1995920928,1420-3049,Q2
https://openalex.org/W1995930798,0144-8617,Q1
https://openalex.org/W1995935626,1567-5394,Q2
https://openalex.org/W1995946556,0934-0866,Q2
https://openalex.org/W1996006178,1022-9760,Q2
https://openalex.org/W1996010063,0743-7463,Q1
https://openalex.org/W1996030175,0368-2048,Q2
https://openalex.org/W1996036755,0306-0012,Q1
https://openalex.org/W1996077630,1348-6535,Q2
https://openalex.org/W1996077939,0040-4020,Q1
https://openalex.org/W1996079118,1023-1935,Q4
https://openalex.org/W1996083359,0968-0896,Q1
https://openalex.org/W1996109009,0003-2700,Q1
https://openalex.org/W1996120774,0303-402X,Q2
https://openalex.org/W1996121257,0020-1669,Q1
https://openalex.org/W1996131166,0021-9568,Q1
https://openalex.org/W1996136897,0024-9297,Q1
https://openalex.org/W1996155724,1388-6150,Q3
https://openalex.org/W1996159827,0340-4285,Q3
https://openalex.org/W1996161042,0972-060X,Q4
https://openalex.org/W1996166156,0925-4005,-
https://openalex.org/W1996170999,0308-8146,Q1
https://openalex.org/W1996179938,0011-9164,Q1
https://openalex.org/W1996199078,0366-7022,Q2
https://openalex.org/W1996202013,0021-9517,Q1
https://openalex.org/W1996209339,0167-2738,Q1
https://openalex.org/W1996213015,0957-4166,Q1
https://openalex.org/W1996273801,0743-7463,Q1
https://openalex.org/W1996314460,0960-894X,Q1
https://openalex.org/W1996325321,0956-5663,Q1
https://openalex.org/W1996329867,0257-8972,Q1
https://openalex.org/W1996338145,0020-1685,Q3
https://openalex.org/W1996340193,1735-207X,Q2
https://openalex.org/W1996344967,1388-2481,Q1
https://openalex.org/W1996355416,0022-152X,Q3
https://openalex.org/W1996361991,0011-9164,Q1
https://openalex.org/W1996371794,0021-9568,Q1
https://openalex.org/W1996380501,1387-7003,Q2
https://openalex.org/W1996388776,0376-7388,Q1
https://openalex.org/W1996391616,0960-894X,Q1
https://openalex.org/W1996406102,0032-3861,Q1
https://openalex.org/W1996408844,0925-4005,-
https://openalex.org/W1996414404,0916-8451,Q3
https://openalex.org/W1996415176,0731-7085,Q1
https://openalex.org/W1996433591,0009-2509,Q1
https://openalex.org/W1996440709,0737-3937,Q3
https://openalex.org/W1996448661,0040-4020,Q1
https://openalex.org/W1996458959,0925-9635,Q1
https://openalex.org/W1996459704,0303-402X,Q2
https://openalex.org/W1996467350,0378-7753,Q1
https://openalex.org/W1996467977,0003-2700,Q1
https://openalex.org/W1996501305,0925-9635,Q1
https://openalex.org/W1996515039,0163-3864,Q1
https://openalex.org/W1996582429,0956-5663,Q1
https://openalex.org/W1996586191,0169-4332,-
https://openalex.org/W1996588080,0002-7863,Q1
https://openalex.org/W1996613472,0021-9568,Q1
https://openalex.org/W1996659036,1066-5285,Q3
https://openalex.org/W1996663625,0040-4020,Q1
https://openalex.org/W1996668525,0888-5885,Q1
https://openalex.org/W1996694413,0010-938X,Q1
https://openalex.org/W1996707627,0011-9164,Q1
https://openalex.org/W1996709946,0930-486X,Q3
https://openalex.org/W1996712048,0236-5731,Q3
https://openalex.org/W1996717522,0003-2700,Q1
https://openalex.org/W1996718359,0009-2363,Q2
https://openalex.org/W1996733027,0021-9568,Q1
https://openalex.org/W1996736094,0011-9164,Q1
https://openalex.org/W1996758272,0378-7753,Q1
https://openalex.org/W1996776580,0256-1115,Q2
https://openalex.org/W1996834637,0009-5893,Q2
https://openalex.org/W1996835175,0257-8972,Q1
https://openalex.org/W1996838556,0724-8741,Q1
https://openalex.org/W1996839121,1040-0397,Q2
https://openalex.org/W1996844016,1432-8488,Q2
https://openalex.org/W1996876293,0927-7765,Q2
https://openalex.org/W1996883159,0009-3122,Q4
https://openalex.org/W1996890631,0947-8396,Q1
https://openalex.org/W1996892620,1473-0189,Q1
https://openalex.org/W1996893833,0045-6535,Q1
https://openalex.org/W1996898233,0925-3467,-
https://openalex.org/W1996917733,0003-2700,Q1
https://openalex.org/W1996926460,0255-2701,Q1
https://openalex.org/W1996926635,1022-5528,Q1
https://openalex.org/W1996930323,0009-2363,Q2
https://openalex.org/W1996946226,0927-7757,-
https://openalex.org/W1996959392,0959-8103,-
https://openalex.org/W1996983494,0308-8146,Q1
https://openalex.org/W1997011246,0022-2313,Q1
https://openalex.org/W1997041421,0010-5082,Q2
https://openalex.org/W1997042123,1542-1406,Q2
https://openalex.org/W1997042388,0014-3057,Q1
https://openalex.org/W1997052589,0379-7112,Q1
https://openalex.org/W1997061397,1570-0232,Q1
https://openalex.org/W1997076589,1618-2642,Q1
https://openalex.org/W1997097814,0039-9140,Q1
https://openalex.org/W1997120317,1070-4280,Q4
https://openalex.org/W1997146075,1359-7345,Q1
https://openalex.org/W1997157889,0169-4332,-
https://openalex.org/W1997193909,1944-0057,Q1
https://openalex.org/W1997218259,1477-9226,Q2
https://openalex.org/W1997237022,0040-4039,Q1
https://openalex.org/W1997243935,0925-4005,-
https://openalex.org/W1997276145,0011-9164,Q1
https://openalex.org/W1997278159,0972-060X,Q4
https://openalex.org/W1997284984,1936-9751,Q3
https://openalex.org/W1997285258,1528-7483,Q1
https://openalex.org/W1997289610,1359-7345,Q1
https://openalex.org/W1997293923,0277-3813,Q2
https://openalex.org/W1997421276,0927-7757,-
https://openalex.org/W1997426007,1389-5567,Q1
https://openalex.org/W1997436052,0036-0244,Q4
https://openalex.org/W1997437236,0916-8451,Q3
https://openalex.org/W1997459353,0749-1581,Q2
https://openalex.org/W1997466573,1438-7492,Q1
https://openalex.org/W1997474746,1082-6076,Q3
https://openalex.org/W1997491114,0021-9673,Q1
https://openalex.org/W1997509893,1434-1948,Q1
https://openalex.org/W1997543858,1432-8488,Q2
https://openalex.org/W1997579620,0024-4201,Q2
https://openalex.org/W1997586756,0033-8230,Q3
https://openalex.org/W1997602375,0743-7463,Q1
https://openalex.org/W1997610876,0011-9164,Q1
https://openalex.org/W1997619935,1387-3806,Q2
https://openalex.org/W1997625396,0021-9517,Q1
https://openalex.org/W1997656613,0040-4039,Q1
https://openalex.org/W1997658655,0306-7319,Q2
https://openalex.org/W1997711094,0022-2313,Q1
https://openalex.org/W1997719487,0144-8617,Q1
https://openalex.org/W1997726350,0021-8995,Q2
https://openalex.org/W1997739619,1070-3284,Q4
https://openalex.org/W1997739895,0920-5861,Q1
https://openalex.org/W1997772828,0009-2363,Q2
https://openalex.org/W1997775740,0002-7863,Q1
https://openalex.org/W1997791656,1350-4177,-
https://openalex.org/W1997795523,0925-9635,Q1
https://openalex.org/W1997817863,0013-4651,Q1
https://openalex.org/W1997824286,0032-3888,Q2
https://openalex.org/W1997848980,0277-3813,Q2
https://openalex.org/W1997857531,1477-0520,Q1
https://openalex.org/W1997863511,1612-1872,Q2
https://openalex.org/W1997874691,0040-4020,Q1
https://openalex.org/W1997890271,0946-672X,Q3
https://openalex.org/W1997920873,0013-4651,Q1
https://openalex.org/W1997936781,1229-9197,Q3
https://openalex.org/W1997941206,0256-1115,Q2
https://openalex.org/W1997945053,0002-7863,Q1
https://openalex.org/W1997956755,0003-7028,Q3
https://openalex.org/W1997959602,0021-8995,Q2
https://openalex.org/W1997963828,0142-2421,Q2
https://openalex.org/W1997964261,0269-3879,Q2
https://openalex.org/W1997972552,1520-5207,Q1
https://openalex.org/W1997975781,0939-4451,Q2
https://openalex.org/W1998020747,0022-0248,Q1
https://openalex.org/W1998032682,0021-891X,Q2
https://openalex.org/W1998040788,0957-4484,Q1
https://openalex.org/W1998041243,0009-2614,Q1
https://openalex.org/W1998050694,0021-9517,Q1
https://openalex.org/W1998054935,0731-7085,Q1
https://openalex.org/W1998094011,1028-6020,Q3
https://openalex.org/W1998098819,0011-9164,Q1
https://openalex.org/W1998101947,0009-2614,Q1
https://openalex.org/W1998119278,0928-0707,Q1
https://openalex.org/W1998122227,0022-3263,Q1
https://openalex.org/W1998124998,0016-2361,Q1
https://openalex.org/W1998125760,1350-4177,-
https://openalex.org/W1998144833,1388-2481,Q1
https://openalex.org/W1998154556,0040-4039,Q1
https://openalex.org/W1998181085,1383-5866,Q1
https://openalex.org/W1998200928,0223-5234,Q2
https://openalex.org/W1998218717,0959-8103,-
https://openalex.org/W1998224712,0009-2363,Q2
https://openalex.org/W1998232150,0169-4332,-
https://openalex.org/W1998248015,1022-5528,Q1
https://openalex.org/W1998249471,0022-0248,Q1
https://openalex.org/W1998270227,0039-7911,Q3
https://openalex.org/W1998272871,0021-8995,Q2
https://openalex.org/W1998294407,1083-5601,Q3
https://openalex.org/W1998329625,0011-9164,Q1
https://openalex.org/W1998372457,1229-9197,Q3
https://openalex.org/W1998407388,0030-4018,Q2
https://openalex.org/W1998409077,0021-9568,Q1
https://openalex.org/W1998451482,0022-1139,Q2
https://openalex.org/W1998471762,1422-0067,Q3
https://openalex.org/W1998473683,1546-1955,Q2
https://openalex.org/W1998474374,1388-6150,Q3
https://openalex.org/W1998492920,0959-9436,Q2
https://openalex.org/W1998547035,0002-7863,Q1
https://openalex.org/W1998554080,1011-372X,Q1
https://openalex.org/W1998561353,0022-4596,Q1
https://openalex.org/W1998576577,0020-1685,Q3
https://openalex.org/W1998584218,0039-9140,Q1
https://openalex.org/W1998593703,0888-5885,Q1
https://openalex.org/W1998595344,1099-0690,Q1
https://openalex.org/W1998605262,1293-2558,Q1
https://openalex.org/W1998625286,0003-2670,Q1
https://openalex.org/W1998641414,0009-5893,Q2
https://openalex.org/W1998647113,0272-8397,Q2
https://openalex.org/W1998649023,0040-4039,Q1
https://openalex.org/W1998658669,0021-8561,Q1
https://openalex.org/W1998664862,0925-4005,-
https://openalex.org/W1998676262,0033-4545,Q1
https://openalex.org/W1998688899,0021-1575,Q3
https://openalex.org/W1998710420,1063-7745,Q3
https://openalex.org/W1998720792,0045-6535,Q1
https://openalex.org/W1998745784,0925-4005,-
https://openalex.org/W1998745841,0269-3879,Q2
https://openalex.org/W1998747897,0167-2738,Q1
https://openalex.org/W1998831406,0021-9517,Q1
https://openalex.org/W1998831948,1618-2642,Q1
https://openalex.org/W1998847122,0039-9140,Q1
https://openalex.org/W1998865984,0040-4020,Q1
https://openalex.org/W1998878148,0040-4020,Q1
https://openalex.org/W1998878276,0914-9244,Q3
https://openalex.org/W1998880579,1040-0397,Q2
https://openalex.org/W1998976814,0968-0896,Q1
https://openalex.org/W1999005707,0167-2738,Q1
https://openalex.org/W1999016681,1424-8220,Q3
https://openalex.org/W1999017294,0925-4005,-
https://openalex.org/W1999037614,1424-8220,Q3
https://openalex.org/W1999049951,1386-1425,Q2
https://openalex.org/W1999051822,1348-6535,Q2
https://openalex.org/W1999056539,0169-4332,-
https://openalex.org/W1999072202,0927-7757,-
https://openalex.org/W1999078120,0922-6168,Q2
https://openalex.org/W1999078764,0308-0501,Q2
https://openalex.org/W1999079714,0308-8146,Q1
https://openalex.org/W1999082957,0040-4039,Q1
https://openalex.org/W1999090657,1348-6535,Q2
https://openalex.org/W1999098787,1523-7052,Q1
https://openalex.org/W1999119525,0010-938X,Q1
https://openalex.org/W1999133083,0010-938X,Q1
https://openalex.org/W1999133837,0925-4005,-
https://openalex.org/W1999143227,0022-152X,Q3
https://openalex.org/W1999163742,1001-0521,Q3
https://openalex.org/W1999175549,1070-4280,Q4
https://openalex.org/W1999178884,1176-9114,Q2
https://openalex.org/W1999187955,0022-0248,Q1
https://openalex.org/W1999188021,0033-8230,Q3
https://openalex.org/W1999200107,0036-0236,Q4
https://openalex.org/W1999212665,0232-1300,Q2
https://openalex.org/W1999270202,0236-5731,Q3
https://openalex.org/W1999278114,1023-1935,Q4
https://openalex.org/W1999278370,0039-9140,Q1
https://openalex.org/W1999303641,0040-4039,Q1
https://openalex.org/W1999305782,0169-4332,-
https://openalex.org/W1999318009,1530-6984,Q1
https://openalex.org/W1999331727,0173-0835,Q1
https://openalex.org/W1999357655,0743-7463,Q1
https://openalex.org/W1999360095,0036-021X,Q2
https://openalex.org/W1999379647,0039-9140,Q1
https://openalex.org/W1999430345,0378-3812,Q1
https://openalex.org/W1999462932,0040-4039,Q1
https://openalex.org/W1999476414,0308-8146,Q1
https://openalex.org/W1999483116,0095-8972,Q3
https://openalex.org/W1999494338,1350-4177,-
https://openalex.org/W1999513565,1350-4177,-
https://openalex.org/W1999520678,0366-6352,Q3
https://openalex.org/W1999538341,0013-4651,Q1
https://openalex.org/W1999546976,0910-6340,Q2
https://openalex.org/W1999547284,0032-3861,Q1
https://openalex.org/W1999552679,0039-7911,Q3
https://openalex.org/W1999557677,0040-4039,Q1
https://openalex.org/W1999562952,0378-7753,Q1
https://openalex.org/W1999568147,0888-5885,Q1
https://openalex.org/W1999568919,0236-5731,Q3
https://openalex.org/W1999581210,0009-2363,Q2
https://openalex.org/W1999586369,0887-6266,Q1
https://openalex.org/W1999610518,0010-2180,Q1
https://openalex.org/W1999612989,0016-2361,Q1
https://openalex.org/W1999615818,0003-2719,Q2
https://openalex.org/W1999617530,1388-6150,Q3
https://openalex.org/W1999618538,0888-5885,Q1
https://openalex.org/W1999625314,0378-7753,Q1
https://openalex.org/W1999635217,0003-2670,Q1
https://openalex.org/W1999674889,0003-2700,Q1
https://openalex.org/W1999680479,0002-7863,Q1
https://openalex.org/W1999701816,0013-4686,Q1
https://openalex.org/W1999702445,0142-2421,Q2
https://openalex.org/W1999740579,0095-9782,Q2
https://openalex.org/W1999740726,0021-8995,Q2
https://openalex.org/W1999741545,0040-4039,Q1
https://openalex.org/W1999753836,1570-0232,Q1
https://openalex.org/W1999760584,0003-7028,Q3
https://openalex.org/W1999770041,1422-0067,Q3
https://openalex.org/W1999784575,0036-021X,Q2
https://openalex.org/W1999792108,0257-8972,Q1
https://openalex.org/W1999795728,0032-3861,Q1
https://openalex.org/W1999799435,0925-4005,-
https://openalex.org/W1999823471,0932-0784,Q3
https://openalex.org/W1999824982,0039-9140,Q1
https://openalex.org/W1999830306,1099-0062,Q1
https://openalex.org/W1999833769,1612-1872,Q2
https://openalex.org/W1999836055,0169-4332,-
https://openalex.org/W1999845206,0236-5731,Q3
https://openalex.org/W1999857085,1089-5639,Q1
https://openalex.org/W1999887453,0009-5893,Q2
https://openalex.org/W1999891330,0257-8972,Q1
https://openalex.org/W1999904339,0916-8451,Q3
https://openalex.org/W1999905728,0032-0943,Q2
https://openalex.org/W1999929636,0009-2363,Q2
https://openalex.org/W1999951460,1566-7367,Q1
https://openalex.org/W1999952309,0009-2673,Q1
https://openalex.org/W1999955721,1385-8947,Q1
https://openalex.org/W1999957113,0223-5234,Q2
https://openalex.org/W1999976975,0011-9164,Q1
https://openalex.org/W1999981634,0910-6340,Q2
https://openalex.org/W2000001297,0170-0839,Q2
https://openalex.org/W2000034653,1383-5866,Q1
https://openalex.org/W2000063210,0045-6535,Q1
https://openalex.org/W2000085431,0022-0248,Q1
https://openalex.org/W2000090167,1751-7192,Q3
https://openalex.org/W2000099843,0731-7085,Q1
https://openalex.org/W2000112763,0377-0486,Q1
https://openalex.org/W2000149403,1385-8947,Q1
https://openalex.org/W2000167819,1385-8947,Q1
https://openalex.org/W2000168626,1001-8417,Q3
https://openalex.org/W2000169745,1747-5198,Q3
https://openalex.org/W2000195903,0957-4166,Q1
https://openalex.org/W2000213183,0009-2363,Q2
https://openalex.org/W2000219922,0163-3864,Q1
https://openalex.org/W2000243171,1359-7345,Q1
https://openalex.org/W2000257707,0308-8146,Q1
https://openalex.org/W2000283353,1344-3542,Q3
https://openalex.org/W2000291898,0308-8146,Q1
https://openalex.org/W2000320743,0009-2363,Q2
https://openalex.org/W2000339749,0272-8397,Q2
https://openalex.org/W2000343393,1359-7345,Q1
https://openalex.org/W2000348030,1387-3806,Q2
https://openalex.org/W2000354154,0300-9440,Q2
https://openalex.org/W2000369921,1388-2481,Q1
https://openalex.org/W2000377581,0030-4018,Q2
https://openalex.org/W2000381634,0016-2361,Q1
https://openalex.org/W2000397268,0951-4198,Q1
https://openalex.org/W2000427501,0308-8146,Q1
https://openalex.org/W2000435975,0002-7863,Q1
https://openalex.org/W2000451548,0947-6539,Q1
https://openalex.org/W2000493862,0039-9140,Q1
https://openalex.org/W2000496938,0020-1685,Q3
https://openalex.org/W2000509413,0036-0244,Q4
https://openalex.org/W2000514224,0022-0248,Q1
https://openalex.org/W2000543130,1658-3655,-
https://openalex.org/W2000546411,0003-2670,Q1
https://openalex.org/W2000559958,0236-5731,Q3
https://openalex.org/W2000584751,0022-4596,Q1
https://openalex.org/W2000588216,0021-9568,Q1
https://openalex.org/W2000599677,0021-9673,Q1
https://openalex.org/W2000602040,1345-8957,Q2
https://openalex.org/W2000617141,0959-9428,Q1
https://openalex.org/W2000637274,0020-1693,Q2
https://openalex.org/W2000653990,1520-4766,-
https://openalex.org/W2000678326,0223-5234,Q2
https://openalex.org/W2000711970,0927-7757,-
https://openalex.org/W2000713474,0040-6031,Q2
https://openalex.org/W2000721882,2090-9071,-
https://openalex.org/W2000740463,0269-3879,Q2
https://openalex.org/W2000746206,0013-936X,Q1
https://openalex.org/W2000780991,0144-8617,Q1
https://openalex.org/W2000819694,0914-9244,Q3
https://openalex.org/W2000834383,1011-372X,Q1
https://openalex.org/W2000837290,0022-3263,Q1
https://openalex.org/W2000842962,0022-3263,Q1
https://openalex.org/W2000878071,1022-5528,Q1
https://openalex.org/W2000892076,0009-2614,Q1
https://openalex.org/W2000909391,1741-5993,Q2
https://openalex.org/W2000933557,0236-5731,Q3
https://openalex.org/W2000937818,1385-8947,Q1
https://openalex.org/W2000959974,0022-0248,Q1
https://openalex.org/W2000965090,0008-6223,Q1
https://openalex.org/W2000965186,0021-8995,Q2
https://openalex.org/W2000981978,0957-4166,Q1
https://openalex.org/W2000998101,0039-7911,Q3
https://openalex.org/W2000998143,0378-7753,Q1
https://openalex.org/W2001006524,0021-8464,Q2
https://openalex.org/W2001081232,0002-7863,Q1
https://openalex.org/W2001091868,0021-9673,Q1
https://openalex.org/W2001106291,1340-3443,-
https://openalex.org/W2001122544,0916-8451,Q3
https://openalex.org/W2001132792,1598-5032,Q2
https://openalex.org/W2001143903,1523-7052,Q1
https://openalex.org/W2001147226,1385-8947,Q1
https://openalex.org/W2001166793,1070-4272,Q4
https://openalex.org/W2001204463,0167-2738,Q1
https://openalex.org/W2001223848,0021-8995,Q2
https://openalex.org/W2001232700,0960-894X,Q1
https://openalex.org/W2001237595,0032-3861,Q1
https://openalex.org/W2001275558,0032-3861,Q1
https://openalex.org/W2001280240,0960-894X,Q1
https://openalex.org/W2001283055,0002-7863,Q1
https://openalex.org/W2001310220,0957-4484,Q1
https://openalex.org/W2001321694,1383-5866,Q1
https://openalex.org/W2001329276,1420-3049,Q2
https://openalex.org/W2001344072,0968-0896,Q1
https://openalex.org/W2001371426,0012-5016,Q4
https://openalex.org/W2001376165,0009-5893,Q2
https://openalex.org/W2001378048,0169-4332,-
https://openalex.org/W2001386166,0009-3130,-
https://openalex.org/W2001421248,0022-3263,Q1
https://openalex.org/W2001421779,0223-5234,Q2
https://openalex.org/W2001431036,1359-7345,Q1
https://openalex.org/W2001437215,1383-5866,Q1
https://openalex.org/W2001469908,0021-9673,Q1
https://openalex.org/W2001473077,1612-1872,Q2
https://openalex.org/W2001475671,0163-3864,Q1
https://openalex.org/W2001493121,0036-0244,Q4
https://openalex.org/W2001537481,0022-3263,Q1
https://openalex.org/W2001572414,0016-2361,Q1
https://openalex.org/W2001597241,0026-9247,Q2
https://openalex.org/W2001605329,0169-4332,-
https://openalex.org/W2001617556,0933-4173,Q3
https://openalex.org/W2001628363,0922-6168,Q2
https://openalex.org/W2001631148,1759-9660,-
https://openalex.org/W2001642051,0960-894X,Q1
https://openalex.org/W2001657039,0045-6535,Q1
https://openalex.org/W2001662437,0022-0248,Q1
https://openalex.org/W2001700053,1068-1620,Q4
https://openalex.org/W2001711342,1385-8947,Q1
https://openalex.org/W2001718367,0959-9436,Q2
https://openalex.org/W2001731920,0002-7863,Q1
https://openalex.org/W2001748333,0021-9673,Q1
https://openalex.org/W2001765834,0378-7753,Q1
https://openalex.org/W2001769830,0167-2738,Q1
https://openalex.org/W2001777123,1010-6030,Q1
https://openalex.org/W2001784989,1530-6984,Q1
https://openalex.org/W2001846129,0021-8995,Q2
https://openalex.org/W2001870414,0378-7753,Q1
https://openalex.org/W2001901621,0968-0896,Q1
https://openalex.org/W2001901909,1932-7447,Q1
https://openalex.org/W2001909593,1478-6419,Q3
https://openalex.org/W2001910846,0170-0839,Q2
https://openalex.org/W2001920505,0144-8617,Q1
https://openalex.org/W2001924362,0016-2361,Q1
https://openalex.org/W2001925668,0167-2738,Q1
https://openalex.org/W2001959319,1062-3701,Q2
https://openalex.org/W2001963529,0378-7753,Q1
https://openalex.org/W2001964754,0040-4020,Q1
https://openalex.org/W2002003473,1000-324X,Q4
https://openalex.org/W2002025018,0020-1685,Q3
https://openalex.org/W2002029003,1523-7052,Q1
https://openalex.org/W2002064512,0927-0256,Q1
https://openalex.org/W2002083659,0257-8972,Q1
https://openalex.org/W2002086386,0003-2700,Q1
https://openalex.org/W2002109626,0173-0835,Q1
https://openalex.org/W2002121519,1099-0690,Q1
https://openalex.org/W2002126348,1438-2377,Q1
https://openalex.org/W2002131587,0040-6031,Q2
https://openalex.org/W2002156127,1359-7345,Q1
https://openalex.org/W2002156326,0030-4018,Q2
https://openalex.org/W2002181256,1293-2558,Q1
https://openalex.org/W2002201631,0920-5861,Q1
https://openalex.org/W2002205991,0009-2363,Q2
https://openalex.org/W2002215059,0010-938X,Q1
https://openalex.org/W2002216162,0021-9673,Q1
https://openalex.org/W2002227584,1088-4246,Q2
https://openalex.org/W2002232622,0040-4039,Q1
https://openalex.org/W2002252629,0021-8995,Q2
https://openalex.org/W2002253895,0040-6031,Q2
https://openalex.org/W2002254972,0924-2031,Q3
https://openalex.org/W2002279144,0223-5234,Q2
https://openalex.org/W2002307393,0021-8995,Q2
https://openalex.org/W2002310128,0888-5885,Q1
https://openalex.org/W2002312805,0378-7753,Q1
https://openalex.org/W2002362539,0929-8673,-
https://openalex.org/W2002369899,1099-0062,Q1
https://openalex.org/W2002371472,1932-7447,Q1
https://openalex.org/W2002375617,1381-5148,Q1
https://openalex.org/W2002376404,1385-8947,Q1
https://openalex.org/W2002410812,1520-4766,-
https://openalex.org/W2002417051,0169-4332,-
https://openalex.org/W2002424101,1788-618X,Q2
https://openalex.org/W2002435158,0021-8561,Q1
https://openalex.org/W2002454214,0916-8451,Q3
https://openalex.org/W2002467641,0013-4651,Q1
https://openalex.org/W2002470395,0022-3263,Q1
https://openalex.org/W2002471054,1319-6103,-
https://openalex.org/W2002471273,0009-3130,-
https://openalex.org/W2002485591,0897-4756,Q1
https://openalex.org/W2002498759,0367-598X,Q4
https://openalex.org/W2002502814,0352-5139,Q3
https://openalex.org/W2002514547,0257-8972,Q1
https://openalex.org/W2002518312,0916-8451,Q3
https://openalex.org/W2002532772,0378-7753,Q1
https://openalex.org/W2002548105,0016-2361,Q1
https://openalex.org/W2002566209,0163-3864,Q1
https://openalex.org/W2002582158,0026-3672,Q2
https://openalex.org/W2002592782,0257-8972,Q1
https://openalex.org/W2002601788,0039-9140,Q1
https://openalex.org/W2002633608,1383-5866,Q1
https://openalex.org/W2002646601,0956-5663,Q1
https://openalex.org/W2002646835,0236-5731,Q3
https://openalex.org/W2002648254,0366-7022,Q2
https://openalex.org/W2002661004,1066-5285,Q3
https://openalex.org/W2002663105,0257-8972,Q1
https://openalex.org/W2002694116,1478-6419,Q3
https://openalex.org/W2002700022,0957-4484,Q1
https://openalex.org/W2002727919,0026-265X,Q2
https://openalex.org/W2002742052,0001-4842,Q1
https://openalex.org/W2002743239,0306-7319,Q2
https://openalex.org/W2002752027,0267-9477,Q1
https://openalex.org/W2002756740,0003-2670,Q1
https://openalex.org/W2002762299,0009-0352,Q2
https://openalex.org/W2002784627,0021-8995,Q2
https://openalex.org/W2002854533,0039-9140,Q1
https://openalex.org/W2002862538,0163-4984,Q3
https://openalex.org/W2002876591,1388-6150,Q3
https://openalex.org/W2002899769,1387-7003,Q2
https://openalex.org/W2002938733,0308-8146,Q1
https://openalex.org/W2002938888,0018-1439,Q4
https://openalex.org/W2002948180,0144-8617,Q1
https://openalex.org/W2002955253,0032-3861,Q1
https://openalex.org/W2002959659,0169-4332,-
https://openalex.org/W2002969961,1083-6160,Q2
https://openalex.org/W2002987445,0022-0248,Q1
https://openalex.org/W2003008229,0927-0256,Q1
https://openalex.org/W2003009818,0584-8547,Q1
https://openalex.org/W2003045269,0040-4020,Q1
https://openalex.org/W2003092136,0011-9164,Q1
https://openalex.org/W2003102486,1438-2377,Q1
https://openalex.org/W2003103528,0020-7608,Q2
https://openalex.org/W2003120313,1082-6076,Q3
https://openalex.org/W2003182770,0584-8547,Q1
https://openalex.org/W2003187678,0002-7863,Q1
https://openalex.org/W2003190282,0039-9140,Q1
https://openalex.org/W2003233078,0021-9673,Q1
https://openalex.org/W2003247284,0020-1685,Q3
https://openalex.org/W2003256457,0033-8230,Q3
https://openalex.org/W2003261927,1385-8947,Q1
https://openalex.org/W2003271687,0916-8451,Q3
https://openalex.org/W2003271904,1011-372X,Q1
https://openalex.org/W2003276480,0749-1581,Q2
https://openalex.org/W2003281950,0956-5663,Q1
https://openalex.org/W2003287850,0165-2370,Q1
https://openalex.org/W2003320733,0021-8995,Q2
https://openalex.org/W2003331855,1387-1811,Q1
https://openalex.org/W2003340439,1542-1406,Q2
https://openalex.org/W2003341255,0947-8396,Q1
https://openalex.org/W2003343426,1348-6535,Q2
https://openalex.org/W2003348922,0743-7463,Q1
https://openalex.org/W2003353773,1570-0232,Q1
https://openalex.org/W2003370929,1477-9226,Q2
https://openalex.org/W2003381636,1083-6160,Q2
https://openalex.org/W2003430628,0021-8995,Q2
https://openalex.org/W2003434581,0008-6223,Q1
https://openalex.org/W2003441296,0021-8995,Q2
https://openalex.org/W2003473645,1944-0057,Q1
https://openalex.org/W2003478798,0023-1584,Q3
https://openalex.org/W2003497934,0731-7085,Q1
https://openalex.org/W2003507098,0021-9673,Q1
https://openalex.org/W2003637261,0045-2068,Q2
https://openalex.org/W2003638037,0009-2509,Q1
https://openalex.org/W2003647794,1388-6150,Q3
https://openalex.org/W2003649180,1381-5148,Q1
https://openalex.org/W2003691784,0916-8451,Q3
https://openalex.org/W2003701002,1570-0232,Q1
https://openalex.org/W2003704393,0021-9568,Q1
https://openalex.org/W2003711968,0040-4020,Q1
https://openalex.org/W2003715271,1359-7345,Q1
https://openalex.org/W2003723029,0925-3467,-
https://openalex.org/W2003728701,0749-1581,Q2
https://openalex.org/W2003767859,0173-0835,Q1
https://openalex.org/W2003768543,0021-8561,Q1
https://openalex.org/W2003776570,1566-7367,Q1
https://openalex.org/W2003790292,0173-0835,Q1
https://openalex.org/W2003794610,0008-6223,Q1
https://openalex.org/W2003809837,0142-9418,Q2
https://openalex.org/W2003835305,0039-9140,Q1
https://openalex.org/W2003859914,0022-2348,Q2
https://openalex.org/W2003878385,0030-4018,Q2
https://openalex.org/W2003893848,0892-6875,Q1
https://openalex.org/W2003895319,0021-8995,Q2
https://openalex.org/W2003895477,1022-9760,Q2
https://openalex.org/W2003914004,0163-3864,Q1
https://openalex.org/W2003923594,0044-2313,Q3
https://openalex.org/W2003949305,0192-8651,Q1
https://openalex.org/W2003956150,0892-6875,Q1
https://openalex.org/W2003957386,0009-2363,Q2
https://openalex.org/W2003975860,0018-019X,Q2
https://openalex.org/W2003981662,0003-2700,Q1
https://openalex.org/W2003997149,1523-7052,Q1
https://openalex.org/W2004068818,0968-0896,Q1
https://openalex.org/W2004076951,0144-8617,Q1
https://openalex.org/W2004093783,0144-8617,Q1
https://openalex.org/W2004111684,0032-3888,Q2
https://openalex.org/W2004132666,0013-936X,Q1
https://openalex.org/W2004135354,1422-0067,Q3
https://openalex.org/W2004161198,0021-8995,Q2
https://openalex.org/W2004188027,1350-4177,-
https://openalex.org/W2004189012,1932-7447,Q1
https://openalex.org/W2004203762,0011-9164,Q1
https://openalex.org/W2004206486,0232-1300,Q2
https://openalex.org/W2004220454,0030-4018,Q2
https://openalex.org/W2004222831,0011-9164,Q1
https://openalex.org/W2004226897,0958-0344,Q2
https://openalex.org/W2004231785,0308-8146,Q1
https://openalex.org/W2004256791,0001-4842,Q1
https://openalex.org/W2004272946,0968-0896,Q1
https://openalex.org/W2004279038,0021-9673,Q1
https://openalex.org/W2004288510,1359-7345,Q1
https://openalex.org/W2004289526,0960-894X,Q1
https://openalex.org/W2004342228,0091-4037,Q3
https://openalex.org/W2004342482,1523-7052,Q1
https://openalex.org/W2004343828,0888-5885,Q1
https://openalex.org/W2004358842,0308-8146,Q1
https://openalex.org/W2004368494,0023-1584,Q3
https://openalex.org/W2004405747,0925-9635,Q1
https://openalex.org/W2004417178,1022-1336,Q1
https://openalex.org/W2004438348,1570-0232,Q1
https://openalex.org/W2004445885,1233-2356,Q3
https://openalex.org/W2004472476,1004-9541,Q2
https://openalex.org/W2004486762,0021-8561,Q1
https://openalex.org/W2004509263,0002-7863,Q1
https://openalex.org/W2004526874,0924-2031,Q3
https://openalex.org/W2004533785,1054-2523,Q4
https://openalex.org/W2004553317,0960-894X,Q1
https://openalex.org/W2004558306,0956-5663,Q1
https://openalex.org/W2004568034,0036-0244,Q4
https://openalex.org/W2004570841,0170-0839,Q2
https://openalex.org/W2004573671,1542-1406,Q2
https://openalex.org/W2004586848,0036-0236,Q4
https://openalex.org/W2004617830,0014-3057,Q1
https://openalex.org/W2004624430,1615-9306,Q1
https://openalex.org/W2004636270,0144-8617,Q1
https://openalex.org/W2004647332,0960-894X,Q1
https://openalex.org/W2004663537,0888-5885,Q1
https://openalex.org/W2004669372,0927-7757,-
https://openalex.org/W2004674804,1466-8564,Q1
https://openalex.org/W2004675654,1566-1199,Q1
https://openalex.org/W2004683554,1070-4280,Q4
https://openalex.org/W2004688743,0002-7863,Q1
https://openalex.org/W2004703495,1099-0690,Q1
https://openalex.org/W2004725910,1023-1935,Q4
https://openalex.org/W2004741406,1386-1425,Q2
https://openalex.org/W2004754169,1474-905X,Q2
https://openalex.org/W2004772927,1871-5532,Q4
https://openalex.org/W2004774615,0888-5885,Q1
https://openalex.org/W2004798045,0003-2700,Q1
https://openalex.org/W2004806459,0269-3879,Q2
https://openalex.org/W2004826197,1528-7483,Q1
https://openalex.org/W2004833708,1004-9541,Q2
https://openalex.org/W2004835581,0256-1115,Q2
https://openalex.org/W2004841312,1570-0232,Q1
https://openalex.org/W2004843347,1520-5207,Q1
https://openalex.org/W2004861394,0960-894X,Q1
https://openalex.org/W2004874892,0008-6215,Q2
https://openalex.org/W2004877326,0308-8146,Q1
https://openalex.org/W2004879342,0011-9164,Q1
https://openalex.org/W2004881969,1751-7192,Q3
https://openalex.org/W2004882066,0925-4005,-
https://openalex.org/W2004894097,0276-7333,Q1
https://openalex.org/W2004899121,1229-9197,Q3
https://openalex.org/W2004904295,1088-4246,Q2
https://openalex.org/W2004922498,1618-2642,Q1
https://openalex.org/W2004933774,0928-0707,Q1
https://openalex.org/W2004936374,0047-2689,Q1
https://openalex.org/W2004953427,0731-7085,Q1
https://openalex.org/W2004961755,2090-9071,-
https://openalex.org/W2004968902,0743-7463,Q1
https://openalex.org/W2004971735,0743-7463,Q1
https://openalex.org/W2004984783,1570-0232,Q1
https://openalex.org/W2004988255,0951-4198,Q1
https://openalex.org/W2005017848,0011-9164,Q1
https://openalex.org/W2005020553,1070-4280,Q4
https://openalex.org/W2005031294,0003-2654,Q1
https://openalex.org/W2005039615,0925-4005,-
https://openalex.org/W2005042976,0003-2670,Q1
https://openalex.org/W2005062389,1070-4280,Q4
https://openalex.org/W2005064601,0003-2670,Q1
https://openalex.org/W2005065036,0925-4005,-
https://openalex.org/W2005067772,0003-2700,Q1
https://openalex.org/W2005078402,0049-8246,Q3
https://openalex.org/W2005080661,0026-3672,Q2
https://openalex.org/W2005094276,0927-0256,Q1
https://openalex.org/W2005103077,1388-2481,Q1
https://openalex.org/W2005117107,1388-2481,Q1
https://openalex.org/W2005127058,0927-7757,-
https://openalex.org/W2005154187,0960-894X,Q1
https://openalex.org/W2005169733,0256-1115,Q2
https://openalex.org/W2005170577,0920-5861,Q1
https://openalex.org/W2005178600,0888-5885,Q1
https://openalex.org/W2005189111,0021-9606,Q1
https://openalex.org/W2005193791,0960-894X,Q1
https://openalex.org/W2005231685,0021-8561,Q1
https://openalex.org/W2005255059,1523-7052,Q1
https://openalex.org/W2005258351,1466-8033,Q1
https://openalex.org/W2005275682,1010-6030,Q1
https://openalex.org/W2005293893,0377-0486,Q1
https://openalex.org/W2005298824,1387-1811,Q1
https://openalex.org/W2005316669,0378-7753,Q1
https://openalex.org/W2005347015,1066-5285,Q3
https://openalex.org/W2005360774,2070-2051,Q4
https://openalex.org/W2005361733,0021-8995,Q2
https://openalex.org/W2005362051,1944-8201,-
https://openalex.org/W2005376716,0257-8972,Q1
https://openalex.org/W2005385120,0910-6340,Q2
https://openalex.org/W2005385766,0003-2670,Q1
https://openalex.org/W2005391389,1061-9348,Q4
https://openalex.org/W2005392652,1066-5285,Q3
https://openalex.org/W2005399547,0009-3122,Q4
https://openalex.org/W2005403718,0033-4545,Q1
https://openalex.org/W2005404429,0039-9140,Q1
https://openalex.org/W2005414921,1932-7447,Q1
https://openalex.org/W2005453333,1383-5866,Q1
https://openalex.org/W2005456914,1932-7447,Q1
https://openalex.org/W2005459808,1932-7447,Q1
https://openalex.org/W2005463280,0003-2700,Q1
https://openalex.org/W2005466001,0959-9428,Q1
https://openalex.org/W2005473384,0169-4332,-
https://openalex.org/W2005486983,0021-9673,Q1
https://openalex.org/W2005488030,0959-9428,Q1
https://openalex.org/W2005492978,0038-9056,Q3
https://openalex.org/W2005502935,0022-2313,Q1
https://openalex.org/W2005514791,0269-3879,Q2
https://openalex.org/W2005538263,0021-8561,Q1
https://openalex.org/W2005552449,1386-1425,Q2
https://openalex.org/W2005560055,0004-9425,Q1
https://openalex.org/W2005560185,0011-9164,Q1
https://openalex.org/W2005612163,0930-7516,Q2
https://openalex.org/W2005621481,0960-894X,Q1
https://openalex.org/W2005628047,0376-7388,Q1
https://openalex.org/W2005655700,1385-8947,Q1
https://openalex.org/W2005669983,1566-1199,Q1
https://openalex.org/W2005675623,1350-4177,-
https://openalex.org/W2005688239,0169-4332,-
https://openalex.org/W2005694373,1566-7367,Q1
https://openalex.org/W2005699861,1612-1872,Q2
https://openalex.org/W2005712663,0920-5861,Q1
https://openalex.org/W2005719079,1233-2356,Q3
https://openalex.org/W2005843816,0899-0042,Q2
https://openalex.org/W2005858219,1099-0690,Q1
https://openalex.org/W2005858840,1385-8947,Q1
https://openalex.org/W2005871399,0966-9795,Q1
https://openalex.org/W2005874671,0022-1139,Q2
https://openalex.org/W2005897264,0584-8547,Q1
https://openalex.org/W2005900195,0267-8292,Q2
https://openalex.org/W2005902174,0960-894X,Q1
https://openalex.org/W2005906056,0304-3843,Q4
https://openalex.org/W2005940835,0003-2670,Q1
https://openalex.org/W2005956386,0377-0486,Q1
https://openalex.org/W2005965445,1381-1991,Q2
https://openalex.org/W2005978924,0020-1693,Q2
https://openalex.org/W2005990885,0009-3122,Q4
https://openalex.org/W2006032520,0021-8995,Q2
https://openalex.org/W2006076193,0003-2670,Q1
https://openalex.org/W2006083402,0021-9568,Q1
https://openalex.org/W2006088230,0022-3697,Q2
https://openalex.org/W2006088626,0013-936X,Q1
https://openalex.org/W2006093551,1570-0232,Q1
https://openalex.org/W2006140975,0021-8995,Q2
https://openalex.org/W2006147145,0023-1584,Q3
https://openalex.org/W2006167893,0036-0244,Q4
https://openalex.org/W2006180749,0916-8451,Q3
https://openalex.org/W2006182318,1469-0667,Q3
https://openalex.org/W2006183342,0039-9140,Q1
https://openalex.org/W2006197519,1044-0305,Q1
https://openalex.org/W2006221324,0022-2313,Q1
https://openalex.org/W2006227670,0020-1693,Q2
https://openalex.org/W2006243941,0378-7753,Q1
https://openalex.org/W2006251946,0013-936X,Q1
https://openalex.org/W2006253622,1359-7345,Q1
https://openalex.org/W2006253672,1350-4177,-
https://openalex.org/W2006272312,1359-7345,Q1
https://openalex.org/W2006272655,0272-8397,Q2
https://openalex.org/W2006272926,0223-5234,Q2
https://openalex.org/W2006285980,1022-9760,Q2
https://openalex.org/W2006296234,1469-0667,Q3
https://openalex.org/W2006308853,0888-5885,Q1
https://openalex.org/W2006324487,1082-6076,Q3
https://openalex.org/W2006331860,0960-894X,Q1
https://openalex.org/W2006358887,0013-4686,Q1
https://openalex.org/W2006370358,0003-2670,Q1
https://openalex.org/W2006372056,1350-4177,-
https://openalex.org/W2006382043,0960-894X,Q1
https://openalex.org/W2006382530,0022-3263,Q1
https://openalex.org/W2006404457,1566-7367,Q1
https://openalex.org/W2006424485,0253-3820,Q4
https://openalex.org/W2006431917,1028-6020,Q3
https://openalex.org/W2006437774,0021-8995,Q2
https://openalex.org/W2006440938,1054-2523,Q4
https://openalex.org/W2006448160,0142-9418,Q2
https://openalex.org/W2006449512,0009-3122,Q4
https://openalex.org/W2006454623,0308-8146,Q1
https://openalex.org/W2006482639,0223-5234,Q2
https://openalex.org/W2006494723,0021-891X,Q2
https://openalex.org/W2006497868,0232-1300,Q2
https://openalex.org/W2006567947,0193-2691,Q3
https://openalex.org/W2006587274,0039-9140,Q1
https://openalex.org/W2006589231,0173-0835,Q1
https://openalex.org/W2006591210,0011-9164,Q1
https://openalex.org/W2006607311,0352-5139,Q3
https://openalex.org/W2006666461,0002-7863,Q1
https://openalex.org/W2006670077,0223-5234,Q2
https://openalex.org/W2006705971,0887-6266,Q1
https://openalex.org/W2006707739,0009-3122,Q4
https://openalex.org/W2006760583,0144-8617,Q1
https://openalex.org/W2006831092,0888-5885,Q1
https://openalex.org/W2006860462,0021-8995,Q2
https://openalex.org/W2006865747,0039-9140,Q1
https://openalex.org/W2006880278,0040-4039,Q1
https://openalex.org/W2006882687,0272-8397,Q2
https://openalex.org/W2006884419,1001-8417,Q3
https://openalex.org/W2006898942,1091-6466,Q2
https://openalex.org/W2006909113,1011-372X,Q1
https://openalex.org/W2006915115,0173-0835,Q1
https://openalex.org/W2006922129,0009-0352,Q2
https://openalex.org/W2006923126,1350-4177,-
https://openalex.org/W2006926197,0910-6340,Q2
https://openalex.org/W2006960863,0947-8396,Q1
https://openalex.org/W2006971740,1570-0232,Q1
https://openalex.org/W2006978089,0888-5885,Q1
https://openalex.org/W2006983954,0032-3861,Q1
https://openalex.org/W2006986937,0169-4332,-
https://openalex.org/W2007018493,0039-9140,Q1
https://openalex.org/W2007024422,0040-4039,Q1
https://openalex.org/W2007028032,0142-2421,Q2
https://openalex.org/W2007046324,0039-9140,Q1
https://openalex.org/W2007129392,0377-0486,Q1
https://openalex.org/W2007151799,0039-7911,Q3
https://openalex.org/W2007156940,0021-891X,Q2
https://openalex.org/W2007172678,1340-3443,-
https://openalex.org/W2007172727,1386-1425,Q2
https://openalex.org/W2007184287,0003-7028,Q3
https://openalex.org/W2007211831,0236-5731,Q3
https://openalex.org/W2007214432,0039-7911,Q3
https://openalex.org/W2007239969,0022-2348,Q2
https://openalex.org/W2007240063,0169-4332,-
https://openalex.org/W2007242655,1010-6030,Q1
https://openalex.org/W2007256498,1385-8947,Q1
https://openalex.org/W2007259273,0016-2361,Q1
https://openalex.org/W2007267605,0925-4005,-
https://openalex.org/W2007269428,0021-8995,Q2
https://openalex.org/W2007283621,1420-3049,Q2
https://openalex.org/W2007284091,0011-9164,Q1
https://openalex.org/W2007303140,0009-2363,Q2
https://openalex.org/W2007333418,0308-8146,Q1
https://openalex.org/W2007336931,0916-8451,Q3
https://openalex.org/W2007342174,0163-3864,Q1
https://openalex.org/W2007344664,0022-3263,Q1
https://openalex.org/W2007345159,0021-8995,Q2
https://openalex.org/W2007350813,0144-8617,Q1
https://openalex.org/W2007357084,0021-8995,Q2
https://openalex.org/W2007358463,1293-2558,Q1
https://openalex.org/W2007381041,0040-4039,Q1
https://openalex.org/W2007388526,0026-265X,Q2
https://openalex.org/W2007398478,0002-7863,Q1
https://openalex.org/W2007432361,0002-7863,Q1
https://openalex.org/W2007458736,0021-8561,Q1
https://openalex.org/W2007464935,0002-7863,Q1
https://openalex.org/W2007465179,0308-8146,Q1
https://openalex.org/W2007468483,0163-3864,Q1
https://openalex.org/W2007470855,0009-2673,Q1
https://openalex.org/W2007491897,0013-936X,Q1
https://openalex.org/W2007509185,1359-7345,Q1
https://openalex.org/W2007509323,0253-3820,Q4
https://openalex.org/W2007515981,0020-7608,Q2
https://openalex.org/W2007531178,0731-7085,Q1
https://openalex.org/W2007547275,0040-4020,Q1
https://openalex.org/W2007551480,0022-2313,Q1
https://openalex.org/W2007558554,0927-0256,Q1
https://openalex.org/W2007572130,0039-9140,Q1
https://openalex.org/W2007583410,0308-8146,Q1
https://openalex.org/W2007599963,1748-6041,Q2
https://openalex.org/W2007604121,1359-7345,Q1
https://openalex.org/W2007605063,0039-9140,Q1
https://openalex.org/W2007615462,1466-8033,Q1
https://openalex.org/W2007624191,0040-4039,Q1
https://openalex.org/W2007625963,1478-422X,Q2
https://openalex.org/W2007645055,0020-1693,Q2
https://openalex.org/W2007662848,0040-4039,Q1
https://openalex.org/W2007671391,1388-6150,Q3
https://openalex.org/W2007681749,1387-7003,Q2
https://openalex.org/W2007708647,1388-2481,Q1
https://openalex.org/W2007713375,0021-8995,Q2
https://openalex.org/W2007744536,0170-0839,Q2
https://openalex.org/W2007761988,0888-5885,Q1
https://openalex.org/W2007763846,0002-7863,Q1
https://openalex.org/W2007764414,0030-4018,Q2
https://openalex.org/W2007803237,0731-7085,Q1
https://openalex.org/W2007816459,0022-0248,Q1
https://openalex.org/W2007823271,0223-5234,Q2
https://openalex.org/W2007829965,0013-4686,Q1
https://openalex.org/W2007836711,1083-6160,Q2
https://openalex.org/W2007851089,1040-0397,Q2
https://openalex.org/W2007882314,0039-7911,Q3
https://openalex.org/W2007885560,1042-7163,Q2
https://openalex.org/W2007969377,0021-8561,Q1
https://openalex.org/W2007970380,0925-4005,-
https://openalex.org/W2007981858,1422-0067,Q3
https://openalex.org/W2007993543,0002-7863,Q1
https://openalex.org/W2008000297,1860-5397,Q3
https://openalex.org/W2008008316,0021-9584,Q3
https://openalex.org/W2008029656,1040-0397,Q2
https://openalex.org/W2008049654,0257-8972,Q1
https://openalex.org/W2008075309,0031-9104,Q3
https://openalex.org/W2008087353,1350-4177,-
https://openalex.org/W2008089261,1350-4177,-
https://openalex.org/W2008094807,0020-1685,Q3
https://openalex.org/W2008127297,0021-9568,Q1
https://openalex.org/W2008153196,1388-6150,Q3
https://openalex.org/W2008158030,1422-0067,Q3
https://openalex.org/W2008175720,1388-6150,Q3
https://openalex.org/W2008216757,0011-9164,Q1
https://openalex.org/W2008218966,0022-3263,Q1
https://openalex.org/W2008233331,0144-8617,Q1
https://openalex.org/W2008253261,0163-4984,Q3
https://openalex.org/W2008267005,1385-8947,Q1
https://openalex.org/W2008279007,0009-5893,Q2
https://openalex.org/W2008294808,0002-7863,Q1
https://openalex.org/W2008298556,1523-7052,Q1
https://openalex.org/W2008312371,0030-4948,Q3
https://openalex.org/W2008318111,0003-2700,Q1
https://openalex.org/W2008342009,1523-7052,Q1
https://openalex.org/W2008343630,0009-2363,Q2
https://openalex.org/W2008355429,0020-1669,Q1
https://openalex.org/W2008358246,0269-3879,Q2
https://openalex.org/W2008366849,0223-5234,Q2
https://openalex.org/W2008386869,0960-894X,Q1
https://openalex.org/W2008403451,0002-7863,Q1
https://openalex.org/W2008407957,0257-8972,Q1
https://openalex.org/W2008445561,1755-4330,-
https://openalex.org/W2008473882,0040-4039,Q1
https://openalex.org/W2008478671,1570-0232,Q1
https://openalex.org/W2008497496,0023-1584,Q3
https://openalex.org/W2008502625,0021-8995,Q2
https://openalex.org/W2008534456,1570-0232,Q1
https://openalex.org/W2008539500,0009-3122,Q4
https://openalex.org/W2008547187,0169-4332,-
https://openalex.org/W2008560340,0003-2700,Q1
https://openalex.org/W2008575923,0022-3263,Q1
https://openalex.org/W2008591460,0038-1098,Q1
https://openalex.org/W2008597952,0942-9352,Q3
https://openalex.org/W2008616177,0012-5008,Q3
https://openalex.org/W2008660284,0014-3057,Q1
https://openalex.org/W2008673776,0008-6223,Q1
https://openalex.org/W2008682980,0731-7085,Q1
https://openalex.org/W2008686988,0377-0486,Q1
https://openalex.org/W2008692450,0378-7753,Q1
https://openalex.org/W2008697664,0193-2691,Q3
https://openalex.org/W2008698687,0910-6340,Q2
https://openalex.org/W2008700771,0163-4984,Q3
https://openalex.org/W2008704783,0011-9164,Q1
https://openalex.org/W2008708852,0957-4484,Q1
https://openalex.org/W2008726811,1040-0397,Q2
https://openalex.org/W2008728957,0257-8972,Q1
https://openalex.org/W2008743351,0223-5234,Q2
https://openalex.org/W2008750085,0914-9244,Q3
https://openalex.org/W2008794118,0957-4166,Q1
https://openalex.org/W2008794906,1420-3049,Q2
https://openalex.org/W2008800413,0002-7863,Q1
https://openalex.org/W2008807782,0022-0248,Q1
https://openalex.org/W2008824703,1944-0057,Q1
https://openalex.org/W2008835788,0731-7085,Q1
https://openalex.org/W2008880439,1002-0721,Q3
https://openalex.org/W2008887474,0021-8561,Q1
https://openalex.org/W2008889389,0026-9247,Q2
https://openalex.org/W2008904240,1615-9306,Q1
https://openalex.org/W2008928947,0920-5861,Q1
https://openalex.org/W2008939546,0257-8972,Q1
https://openalex.org/W2008956441,1061-9348,Q4
https://openalex.org/W2008977989,0010-938X,Q1
https://openalex.org/W2008985315,1070-4280,Q4
https://openalex.org/W2008986995,0924-2031,Q3
https://openalex.org/W2008995928,0002-7863,Q1
https://openalex.org/W2009024232,1022-1360,Q3
https://openalex.org/W2009037839,1566-7367,Q1
https://openalex.org/W2009045091,1229-9197,Q3
https://openalex.org/W2009045233,0013-4686,Q1
https://openalex.org/W2009064978,0011-9164,Q1
https://openalex.org/W2009074647,1530-6984,Q1
https://openalex.org/W2009085322,0032-0943,Q2
https://openalex.org/W2009093719,0021-8995,Q2
https://openalex.org/W2009124132,0927-7765,Q2
https://openalex.org/W2009125850,1535-3893,Q1
https://openalex.org/W2009142198,1345-8957,Q2
https://openalex.org/W2009206894,0045-6535,Q1
https://openalex.org/W2009216826,0022-152X,Q3
https://openalex.org/W2009249281,0149-6395,Q2
https://openalex.org/W2009253270,0021-8995,Q2
https://openalex.org/W2009261940,0040-4039,Q1
https://openalex.org/W2009271777,0169-4332,-
https://openalex.org/W2009290309,1388-2481,Q1
https://openalex.org/W2009291082,0721-3115,Q2
https://openalex.org/W2009316125,0040-4020,Q1
https://openalex.org/W2009331238,0957-4484,Q1
https://openalex.org/W2009341306,0040-4020,Q1
https://openalex.org/W2009353438,0040-4039,Q1
https://openalex.org/W2009361087,0223-5234,Q2
https://openalex.org/W2009364416,0743-7463,Q1
https://openalex.org/W2009376334,0925-9635,Q1
https://openalex.org/W2009389492,1615-9306,Q1
https://openalex.org/W2009391622,0021-8995,Q2
https://openalex.org/W2009414394,0021-9673,Q1
https://openalex.org/W2009435915,0021-9673,Q1
https://openalex.org/W2009447427,0267-9477,Q1
https://openalex.org/W2009455352,1570-0232,Q1
https://openalex.org/W2009471915,1388-2481,Q1
https://openalex.org/W2009483611,0002-7863,Q1
https://openalex.org/W2009527669,0026-3672,Q2
https://openalex.org/W2009562525,0003-2700,Q1
https://openalex.org/W2009582663,0362-4803,Q3
https://openalex.org/W2009596243,0169-4332,-
https://openalex.org/W2009604380,1520-5207,Q1
https://openalex.org/W2009619212,0144-8617,Q1
https://openalex.org/W2009625545,0914-9244,Q3
https://openalex.org/W2009638941,0925-4005,-
https://openalex.org/W2009648964,0236-5731,Q3
https://openalex.org/W2009671248,0257-8972,Q1
https://openalex.org/W2009718023,1023-1935,Q4
https://openalex.org/W2009722759,0236-5731,Q3
https://openalex.org/W2009748470,1383-5866,Q1
https://openalex.org/W2009755534,0021-9592,Q2
https://openalex.org/W2009776286,1478-6419,Q3
https://openalex.org/W2009803234,1477-9226,Q2
https://openalex.org/W2009804295,0013-936X,Q1
https://openalex.org/W2009862116,0011-9164,Q1
https://openalex.org/W2009866477,0170-0839,Q2
https://openalex.org/W2009883374,0257-8972,Q1
https://openalex.org/W2009890516,0927-7765,Q2
https://openalex.org/W2009939350,0022-0248,Q1
https://openalex.org/W2009956751,1420-3049,Q2
https://openalex.org/W2009994680,1476-1122,Q1
https://openalex.org/W2010001567,0021-8995,Q2
https://openalex.org/W2010016289,0169-4332,-
https://openalex.org/W2010019495,1570-0232,Q1
https://openalex.org/W2010019633,0960-894X,Q1
https://openalex.org/W2010042898,0366-7022,Q2
https://openalex.org/W2010047443,1523-7052,Q1
https://openalex.org/W2010082648,0022-2852,Q2
https://openalex.org/W2010107476,0022-3263,Q1
https://openalex.org/W2010109933,0223-5234,Q2
https://openalex.org/W2010150009,1422-0067,Q3
https://openalex.org/W2010157360,1936-9751,Q3
https://openalex.org/W2010167901,0009-3130,-
https://openalex.org/W2010168531,1383-5866,Q1
https://openalex.org/W2010172056,0927-7757,-
https://openalex.org/W2010193150,0142-5463,Q2
https://openalex.org/W2010202944,0010-938X,Q1
https://openalex.org/W2010232549,1340-3443,-
https://openalex.org/W2010241124,0968-0896,Q1
https://openalex.org/W2010261759,0892-6875,Q1
https://openalex.org/W2010286078,1066-3622,Q4
https://openalex.org/W2010307108,0737-3937,Q3
https://openalex.org/W2010309532,0021-8561,Q1
https://openalex.org/W2010322410,0968-0896,Q1
https://openalex.org/W2010326826,0928-0707,Q1
https://openalex.org/W2010337242,0011-9164,Q1
https://openalex.org/W2010355956,0954-0083,Q3
https://openalex.org/W2010363650,0026-3672,Q2
https://openalex.org/W2010378519,0957-4484,Q1
https://openalex.org/W2010429165,0032-3888,Q2
https://openalex.org/W2010454428,1388-2481,Q1
https://openalex.org/W2010473912,1388-6150,Q3
https://openalex.org/W2010475927,1862-5282,Q3
https://openalex.org/W2010493996,0021-9673,Q1
https://openalex.org/W2010501742,1528-7483,Q1
https://openalex.org/W2010527040,0009-3130,-
https://openalex.org/W2010532236,1615-9306,Q1
https://openalex.org/W2010532540,0743-7463,Q1
https://openalex.org/W2010543344,0960-894X,Q1
https://openalex.org/W2010544789,0003-2719,Q2
https://openalex.org/W2010554745,0010-938X,Q1
https://openalex.org/W2010560617,0253-6269,Q3
https://openalex.org/W2010578439,0957-4166,Q1
https://openalex.org/W2010588744,0925-4005,-
https://openalex.org/W2010608885,0366-6352,Q3
https://openalex.org/W2010621583,0095-8972,Q3
https://openalex.org/W2010627448,0960-894X,Q1
https://openalex.org/W2010651391,1023-1935,Q4
https://openalex.org/W2010676423,0236-5731,Q3
https://openalex.org/W2010710261,0003-2700,Q1
https://openalex.org/W2010722802,0960-894X,Q1
https://openalex.org/W2010772535,0040-4020,Q1
https://openalex.org/W2010773322,1566-7367,Q1
https://openalex.org/W2010775130,0169-4332,-
https://openalex.org/W2010780117,1388-2481,Q1
https://openalex.org/W2010784822,1054-2523,Q4
https://openalex.org/W2010788753,0236-5731,Q3
https://openalex.org/W2010798473,0026-265X,Q2
https://openalex.org/W2010799164,0021-9614,Q2
https://openalex.org/W2010800895,0378-7753,Q1
https://openalex.org/W2010801186,0020-7608,Q2
https://openalex.org/W2010806312,0030-4018,Q2
https://openalex.org/W2010822414,1422-0067,Q3
https://openalex.org/W2010859462,1478-6419,Q3
https://openalex.org/W2010877080,0169-4332,-
https://openalex.org/W2010890885,1054-2523,Q4
https://openalex.org/W2010925377,0308-8146,Q1
https://openalex.org/W2010928066,0009-2363,Q2
https://openalex.org/W2010956760,0925-4005,-
https://openalex.org/W2010980707,0928-0707,Q1
https://openalex.org/W2010980959,0916-8451,Q3
https://openalex.org/W2010990824,0966-0844,-
https://openalex.org/W2011047101,1022-5528,Q1
https://openalex.org/W2011049682,0016-2361,Q1
https://openalex.org/W2011050812,0268-005X,Q1
https://openalex.org/W2011058141,1520-4766,-
https://openalex.org/W2011088815,0011-9164,Q1
https://openalex.org/W2011094034,0920-5861,Q1
https://openalex.org/W2011117754,0887-6266,Q1
https://openalex.org/W2011121045,0022-2313,Q1
https://openalex.org/W2011153522,1523-7052,Q1
https://openalex.org/W2011167561,1022-5528,Q1
https://openalex.org/W2011170329,1054-2523,Q4
https://openalex.org/W2011171605,0731-7085,Q1
https://openalex.org/W2011211079,0927-7757,-
https://openalex.org/W2011231965,0957-4484,Q1
https://openalex.org/W2011235232,0021-8995,Q2
https://openalex.org/W2011247526,0021-891X,Q2
https://openalex.org/W2011265361,1478-6419,Q3
https://openalex.org/W2011305437,1388-0764,Q1
https://openalex.org/W2011320613,0959-8103,-
https://openalex.org/W2011342510,1570-0232,Q1
https://openalex.org/W2011353848,0020-7608,Q2
https://openalex.org/W2011359763,0003-2654,Q1
https://openalex.org/W2011360727,0032-3888,Q2
https://openalex.org/W2011372829,0032-3861,Q1
https://openalex.org/W2011391605,0022-0248,Q1
https://openalex.org/W2011398021,0020-7608,Q2
https://openalex.org/W2011419333,0948-1907,Q1
https://openalex.org/W2011455582,0304-3843,Q4
https://openalex.org/W2011458706,1386-1425,Q2
https://openalex.org/W2011505395,1932-7447,Q1
https://openalex.org/W2011506058,0040-4039,Q1
https://openalex.org/W2011509471,0144-8617,Q1
https://openalex.org/W2011527100,0968-0896,Q1
https://openalex.org/W2011539140,0169-4332,-
https://openalex.org/W2011547462,1572-6657,Q2
https://openalex.org/W2011592716,1383-5866,Q1
https://openalex.org/W2011611275,0030-4018,Q2
https://openalex.org/W2011611299,0009-5893,Q2
https://openalex.org/W2011617811,0009-5893,Q2
https://openalex.org/W2011623528,0584-8547,Q1
https://openalex.org/W2011626405,0040-4039,Q1
https://openalex.org/W2011657538,0022-2860,Q3
https://openalex.org/W2011674914,0956-5663,Q1
https://openalex.org/W2011690486,0021-9568,Q1
https://openalex.org/W2011717256,1424-8220,Q3
https://openalex.org/W2011741433,0040-4020,Q1
https://openalex.org/W2011768642,0020-1685,Q3
https://openalex.org/W2011784224,0040-4020,Q1
https://openalex.org/W2011833312,0022-2313,Q1
https://openalex.org/W2011836781,0095-8972,Q3
https://openalex.org/W2011893269,1002-0721,Q3
https://openalex.org/W2011896091,1099-0690,Q1
https://openalex.org/W2011900278,0039-9140,Q1
https://openalex.org/W2011911677,0010-938X,Q1
https://openalex.org/W2011919148,0021-9673,Q1
https://openalex.org/W2011952142,0304-3843,Q4
https://openalex.org/W2011959421,1944-8201,-
https://openalex.org/W2011989345,1386-1425,Q2
https://openalex.org/W2012030325,1387-7003,Q2
https://openalex.org/W2012043242,0960-894X,Q1
https://openalex.org/W2012093593,0928-0707,Q1
https://openalex.org/W2012107300,0091-4037,Q3
https://openalex.org/W2012118898,1099-0690,Q1
https://openalex.org/W2012124358,0021-8995,Q2
https://openalex.org/W2012126441,1478-6419,Q3
https://openalex.org/W2012135136,0021-8995,Q2
https://openalex.org/W2012146958,0011-9164,Q1
https://openalex.org/W2012151711,0030-4018,Q2
https://openalex.org/W2012155730,0039-7911,Q3
https://openalex.org/W2012156987,0009-2509,Q1
https://openalex.org/W2012187247,0011-9164,Q1
https://openalex.org/W2012187545,0193-2691,Q3
https://openalex.org/W2012191498,0011-9164,Q1
https://openalex.org/W2012214771,1566-7367,Q1
https://openalex.org/W2012230273,0951-4198,Q1
https://openalex.org/W2012232001,0010-938X,Q1
https://openalex.org/W2012243846,0021-891X,Q2
https://openalex.org/W2012245623,0300-9440,Q2
https://openalex.org/W2012269828,0731-7085,Q1
https://openalex.org/W2012284610,0167-2738,Q1
https://openalex.org/W2012315673,0020-1685,Q3
https://openalex.org/W2012319320,1424-8220,Q3
https://openalex.org/W2012349512,1615-9306,Q1
https://openalex.org/W2012351732,0959-9428,Q1
https://openalex.org/W2012358846,0165-9936,Q1
https://openalex.org/W2012361496,0021-8995,Q2
https://openalex.org/W2012390905,0308-8146,Q1
https://openalex.org/W2012422054,0003-021X,Q2
https://openalex.org/W2012424014,0045-6535,Q1
https://openalex.org/W2012438585,1070-3632,Q3
https://openalex.org/W2012460060,0236-5731,Q3
https://openalex.org/W2012462385,0731-7085,Q1
https://openalex.org/W2012484293,0003-2670,Q1
https://openalex.org/W2012530367,0301-4622,Q2
https://openalex.org/W2012536461,0925-4005,-
https://openalex.org/W2012608061,0892-6875,Q1
https://openalex.org/W2012649502,0173-0835,Q1
https://openalex.org/W2012659132,0232-1300,Q2
https://openalex.org/W2012671010,0731-7085,Q1
https://openalex.org/W2012709155,1386-1425,Q2
https://openalex.org/W2012785773,0003-2670,Q1
https://openalex.org/W2012813690,0021-1575,Q3
https://openalex.org/W2012836916,0030-4018,Q2
https://openalex.org/W2012852739,1083-6160,Q2
https://openalex.org/W2012903001,1011-372X,Q1
https://openalex.org/W2012908907,0169-4332,-
https://openalex.org/W2012909417,0021-9568,Q1
https://openalex.org/W2012919573,1420-3049,Q2
https://openalex.org/W2012922462,1788-618X,Q2
https://openalex.org/W2012930156,0004-9425,Q1
https://openalex.org/W2012963252,0021-8995,Q2
https://openalex.org/W2012980686,1340-3443,-
https://openalex.org/W2012990574,0255-2701,Q1
https://openalex.org/W2012995889,0584-8547,Q1
https://openalex.org/W2013003641,0021-8995,Q2
https://openalex.org/W2013046242,1612-1872,Q2
https://openalex.org/W2013047296,1066-5285,Q3
https://openalex.org/W2013077763,0888-5885,Q1
https://openalex.org/W2013079929,0731-7085,Q1
https://openalex.org/W2013089268,1040-0397,Q2
https://openalex.org/W2013103034,0022-2313,Q1
https://openalex.org/W2013137905,0947-8396,Q1
https://openalex.org/W2013143289,0920-5861,Q1
https://openalex.org/W2013145801,0236-5731,Q3
https://openalex.org/W2013148822,0169-4243,Q2
https://openalex.org/W2013157456,0010-938X,Q1
https://openalex.org/W2013159052,0223-5234,Q2
https://openalex.org/W2013159850,0022-3697,Q2
https://openalex.org/W2013184738,0927-7765,Q2
https://openalex.org/W2013198656,0925-4005,-
https://openalex.org/W2013215999,0927-0256,Q1
https://openalex.org/W2013231932,0276-7333,Q1
https://openalex.org/W2013294038,1359-7345,Q1
https://openalex.org/W2013361152,1001-8417,Q3
https://openalex.org/W2013375914,0163-3864,Q1
https://openalex.org/W2013384131,0957-4484,Q1
https://openalex.org/W2013406888,0236-5731,Q3
https://openalex.org/W2013412154,0930-7516,Q2
https://openalex.org/W2013428478,0021-9568,Q1
https://openalex.org/W2013434564,0934-0866,Q2
https://openalex.org/W2013461991,1860-5397,Q3
https://openalex.org/W2013462417,0163-4984,Q3
https://openalex.org/W2013465094,1054-2523,Q4
https://openalex.org/W2013486921,1089-5639,Q1
https://openalex.org/W2013503116,0378-7753,Q1
https://openalex.org/W2013505196,1741-5993,Q2
https://openalex.org/W2013508989,1061-9348,Q4
https://openalex.org/W2013514753,0020-1685,Q3
https://openalex.org/W2013529568,0009-3130,-
https://openalex.org/W2013539845,0927-7765,Q2
https://openalex.org/W2013540659,1385-8947,Q1
https://openalex.org/W2013557266,1388-0764,Q1
https://openalex.org/W2013568229,0169-4332,-
https://openalex.org/W2013593403,0731-7085,Q1
https://openalex.org/W2013615315,0021-8995,Q2
https://openalex.org/W2013617284,0925-4005,-
https://openalex.org/W2013635399,0253-3820,Q4
https://openalex.org/W2013637813,1424-8220,Q3
https://openalex.org/W2013642419,1091-6466,Q2
https://openalex.org/W2013642790,0049-8246,Q3
https://openalex.org/W2013656422,0022-0248,Q1
https://openalex.org/W2013657186,0731-7085,Q1
https://openalex.org/W2013673003,0169-4332,-
https://openalex.org/W2013678916,0731-7085,Q1
https://openalex.org/W2013720776,0163-4984,Q3
https://openalex.org/W2013737954,1061-9348,Q4
https://openalex.org/W2013768079,0142-9418,Q2
https://openalex.org/W2013776291,1530-6984,Q1
https://openalex.org/W2013798804,0308-8146,Q1
https://openalex.org/W2013845962,0011-9164,Q1
https://openalex.org/W2013852697,0013-936X,Q1
https://openalex.org/W2013882522,1735-207X,Q2
https://openalex.org/W2013892204,0021-8995,Q2
https://openalex.org/W2013943401,1523-7052,Q1
https://openalex.org/W2013946586,0003-2654,Q1
https://openalex.org/W2013956338,0887-6266,Q1
https://openalex.org/W2013963908,0308-8146,Q1
https://openalex.org/W2013979860,1345-8957,Q2
https://openalex.org/W2013990065,0379-7112,Q1
https://openalex.org/W2014011950,1612-1872,Q2
https://openalex.org/W2014049277,0377-0486,Q1
https://openalex.org/W2014085486,1022-5528,Q1
https://openalex.org/W2014099253,0888-5885,Q1
https://openalex.org/W2014100777,0927-7765,Q2
https://openalex.org/W2014108871,0927-0256,Q1
https://openalex.org/W2014111092,0008-6215,Q2
https://openalex.org/W2014114876,0731-7085,Q1
https://openalex.org/W2014159738,0003-2670,Q1
https://openalex.org/W2014162484,1359-7345,Q1
https://openalex.org/W2014190797,1385-8947,Q1
https://openalex.org/W2014193491,1296-2074,Q2
https://openalex.org/W2014215311,1477-9226,Q2
https://openalex.org/W2014239570,0933-4173,Q3
https://openalex.org/W2014240073,0257-8972,Q1
https://openalex.org/W2014269754,0010-8545,Q1
https://openalex.org/W2014291731,1566-1199,Q1
https://openalex.org/W2014301353,1023-1935,Q4
https://openalex.org/W2014305755,1385-8947,Q1
https://openalex.org/W2014323162,0040-4039,Q1
https://openalex.org/W2014338071,1359-7345,Q1
https://openalex.org/W2014344865,1011-372X,Q1
https://openalex.org/W2014346244,1082-6076,Q3
https://openalex.org/W2014378781,0925-4005,-
https://openalex.org/W2014418982,0011-9164,Q1
https://openalex.org/W2014420150,0021-8995,Q2
https://openalex.org/W2014458538,0009-2363,Q2
https://openalex.org/W2014477254,0040-4039,Q1
https://openalex.org/W2014509600,1438-7697,Q1
https://openalex.org/W2014511870,0045-6535,Q1
https://openalex.org/W2014517916,1388-6150,Q3
https://openalex.org/W2014549684,1386-1425,Q2
https://openalex.org/W2014554335,0039-128X,Q2
https://openalex.org/W2014558048,0379-7112,Q1
https://openalex.org/W2014564898,0968-0896,Q1
https://openalex.org/W2014590405,1598-5032,Q2
https://openalex.org/W2014592988,1319-6103,-
https://openalex.org/W2014597710,0939-4451,Q2
https://openalex.org/W2014632350,0731-7085,Q1
https://openalex.org/W2014643361,1022-5528,Q1
https://openalex.org/W2014651137,0272-8397,Q2
https://openalex.org/W2014666548,0721-3115,Q2
https://openalex.org/W2014671550,0002-7863,Q1
https://openalex.org/W2014700713,1002-0721,Q3
https://openalex.org/W2014705248,1387-1811,Q1
https://openalex.org/W2014710660,1477-0520,Q1
https://openalex.org/W2014717574,1523-7052,Q1
https://openalex.org/W2014747330,0011-9164,Q1
https://openalex.org/W2014759090,0040-4039,Q1
https://openalex.org/W2014785887,0022-2313,Q1
https://openalex.org/W2014791972,1040-0397,Q2
https://openalex.org/W2014792258,0009-3122,Q4
https://openalex.org/W2014795430,1061-933X,Q4
https://openalex.org/W2014857231,1348-6535,Q2
https://openalex.org/W2014896367,1520-5207,Q1
https://openalex.org/W2014905388,0162-0134,Q1
https://openalex.org/W2014909174,1070-4280,Q4
https://openalex.org/W2014922680,0167-2738,Q1
https://openalex.org/W2014940685,0021-8561,Q1
https://openalex.org/W2014958367,1229-9197,Q3
https://openalex.org/W2014961489,0253-6269,Q3
https://openalex.org/W2014970483,0021-9673,Q1
https://openalex.org/W2014980305,0223-5234,Q2
https://openalex.org/W2014981696,0960-894X,Q1
https://openalex.org/W2014982957,1388-2481,Q1
https://openalex.org/W2014995405,1872-5813,Q3
https://openalex.org/W2014999513,0040-4039,Q1
https://openalex.org/W2015014726,1542-1406,Q2
https://openalex.org/W2015018372,0009-2363,Q2
https://openalex.org/W2015026112,1555-614X,Q3
https://openalex.org/W2015033219,0927-7765,Q2
https://openalex.org/W2015043526,0018-019X,Q2
https://openalex.org/W2015043531,0009-3130,-
https://openalex.org/W2015046788,1862-5282,Q3
https://openalex.org/W2015059351,0255-2701,Q1
https://openalex.org/W2015112680,0167-7322,Q2
https://openalex.org/W2015119203,1061-9348,Q4
https://openalex.org/W2015136117,0142-9418,Q2
https://openalex.org/W2015167134,0960-894X,Q1
https://openalex.org/W2015202320,1381-1991,Q2
https://openalex.org/W2015215277,0883-7694,Q1
https://openalex.org/W2015220671,1074-1542,Q3
https://openalex.org/W2015227158,0308-8146,Q1
https://openalex.org/W2015228659,0236-5731,Q3
https://openalex.org/W2015233091,1420-3049,Q2
https://openalex.org/W2015237329,0925-3467,-
https://openalex.org/W2015244438,0257-8972,Q1
https://openalex.org/W2015246334,0003-2700,Q1
https://openalex.org/W2015253331,0167-2738,Q1
https://openalex.org/W2015259869,0040-6031,Q2
https://openalex.org/W2015260507,0927-7765,Q2
https://openalex.org/W2015270091,1478-422X,Q2
https://openalex.org/W2015275546,0022-3697,Q2
https://openalex.org/W201529753,1523-7052,Q1
https://openalex.org/W2015340862,0887-624X,Q1
https://openalex.org/W2015365116,1001-0521,Q3
https://openalex.org/W2015377497,0731-7085,Q1
https://openalex.org/W2015377958,0377-0486,Q1
https://openalex.org/W2015385308,0272-8397,Q2
https://openalex.org/W2015415008,1388-2481,Q1
https://openalex.org/W2015433096,0927-7765,Q2
https://openalex.org/W2015465303,0308-8146,Q1
https://openalex.org/W2015469115,0040-4039,Q1
https://openalex.org/W2015483772,0003-2670,Q1
https://openalex.org/W2015487320,0957-4484,Q1
https://openalex.org/W2015488368,0925-4005,-
https://openalex.org/W2015504202,0009-5893,Q2
https://openalex.org/W2015549375,0021-8995,Q2
https://openalex.org/W2015551862,0925-4005,-
https://openalex.org/W2015577073,0002-7863,Q1
https://openalex.org/W2015595126,0020-1693,Q2
https://openalex.org/W2015605758,0009-2509,Q1
https://openalex.org/W2015618104,1340-3443,-
https://openalex.org/W2015628086,0049-8246,Q3
https://openalex.org/W2015631365,0009-3130,-
https://openalex.org/W2015705106,1054-2523,Q4
https://openalex.org/W2015714576,0021-8561,Q1
https://openalex.org/W2015715362,0021-8561,Q1
https://openalex.org/W2015725133,0010-938X,Q1
https://openalex.org/W2015742066,0925-4005,-
https://openalex.org/W2015790210,0268-2575,Q2
https://openalex.org/W2015802145,0021-9568,Q1
https://openalex.org/W2015842439,0011-9164,Q1
https://openalex.org/W2015843111,0195-928X,-
https://openalex.org/W2015858588,0378-7753,Q1
https://openalex.org/W2015875328,0169-4332,-
https://openalex.org/W2015879166,0011-9164,Q1
https://openalex.org/W2015882110,0013-936X,Q1
https://openalex.org/W2015884204,0040-5795,Q4
https://openalex.org/W2015887649,1466-8033,Q1
https://openalex.org/W2015899174,0021-8995,Q2
https://openalex.org/W2015918797,0253-6269,Q3
https://openalex.org/W2015938039,0026-3672,Q2
https://openalex.org/W2015940150,0003-2700,Q1
https://openalex.org/W2015943515,0253-3820,Q4
https://openalex.org/W2015973523,0731-7085,Q1
https://openalex.org/W2015976563,1932-7447,Q1
https://openalex.org/W2015981556,0960-894X,Q1
https://openalex.org/W2015988951,1420-3049,Q2
https://openalex.org/W2015993124,0167-2738,Q1
https://openalex.org/W2015998895,0036-0236,Q4
https://openalex.org/W2016020803,1424-8220,Q3
https://openalex.org/W2016036631,1570-9639,Q1
https://openalex.org/W2016045200,0022-0248,Q1
https://openalex.org/W2016049252,0145-8892,Q2
https://openalex.org/W2016051871,0040-4039,Q1
https://openalex.org/W2016055747,0016-2361,Q1
https://openalex.org/W2016058673,0022-4596,Q1
https://openalex.org/W2016096739,0169-4332,-
https://openalex.org/W2016167251,1478-6419,Q3
https://openalex.org/W2016173463,0009-2673,Q1
https://openalex.org/W2016202049,1388-6150,Q3
https://openalex.org/W2016205093,0022-2348,Q2
https://openalex.org/W2016258718,0888-5885,Q1
https://openalex.org/W2016284685,0020-1685,Q3
https://openalex.org/W2016286997,0009-4536,Q3
https://openalex.org/W2016302319,0032-0943,Q2
https://openalex.org/W2016319773,0920-5861,Q1
https://openalex.org/W2016334415,0925-4005,-
https://openalex.org/W2016360422,1872-5813,Q3
https://openalex.org/W2016389642,1528-7483,Q1
https://openalex.org/W2016409488,1422-0067,Q3
https://openalex.org/W2016431626,0959-9428,Q1
https://openalex.org/W2016445523,0021-9037,Q4
https://openalex.org/W2016468493,1388-6150,Q3
https://openalex.org/W2016473878,0959-9428,Q1
https://openalex.org/W2016502353,1438-7697,Q1
https://openalex.org/W2016503235,0936-5214,Q1
https://openalex.org/W2016543030,0910-6340,Q2
https://openalex.org/W2016550182,0011-9164,Q1
https://openalex.org/W2016554598,0039-7911,Q3
https://openalex.org/W2016556526,0021-8995,Q2
https://openalex.org/W2016570974,0888-5885,Q1
https://openalex.org/W2016585136,0045-6535,Q1
https://openalex.org/W2016596174,0939-4451,Q2
https://openalex.org/W2016610714,0040-4020,Q1
https://openalex.org/W2016614496,0960-894X,Q1
https://openalex.org/W2016624608,0039-128X,Q2
https://openalex.org/W2016696873,1615-9306,Q1
https://openalex.org/W2016703423,0376-7388,Q1
https://openalex.org/W2016708248,0021-9673,Q1
https://openalex.org/W2016716135,0949-1775,Q2
https://openalex.org/W2016757141,0957-4166,Q1
https://openalex.org/W2016782100,0916-8451,Q3
https://openalex.org/W2016802940,1002-0721,Q3
https://openalex.org/W2016818427,0933-4173,Q3
https://openalex.org/W2016824825,0743-7463,Q1
https://openalex.org/W2016829827,0011-9164,Q1
https://openalex.org/W2016837317,1000-324X,Q4
https://openalex.org/W2016846659,1523-7052,Q1
https://openalex.org/W2016886324,0014-3057,Q1
https://openalex.org/W2016888921,0016-2361,Q1
https://openalex.org/W2016904068,0008-6215,Q2
https://openalex.org/W2016913524,0095-8972,Q3
https://openalex.org/W2016918522,0003-2700,Q1
https://openalex.org/W2016930259,0022-3263,Q1
https://openalex.org/W2016941190,0928-0707,Q1
https://openalex.org/W2016945578,1063-7745,Q3
https://openalex.org/W2016952872,0022-0248,Q1
https://openalex.org/W2016956375,0009-2665,Q1
https://openalex.org/W2016961534,1878-5352,-
https://openalex.org/W2016970694,1070-4280,Q4
https://openalex.org/W2016978264,0011-9164,Q1
https://openalex.org/W2016979486,1942-7603,-
https://openalex.org/W2016984115,0920-5861,Q1
https://openalex.org/W2016990534,0894-3214,Q1
https://openalex.org/W2016992970,0020-1669,Q1
https://openalex.org/W2017016752,0163-3864,Q1
https://openalex.org/W2017043908,0011-9164,Q1
https://openalex.org/W2017044581,0009-2614,Q1
https://openalex.org/W2017057826,0928-0707,Q1
https://openalex.org/W2017100164,0958-2118,Q3
https://openalex.org/W2017144325,1876-1070,Q2
https://openalex.org/W2017157368,0163-3864,Q1
https://openalex.org/W2017167420,0026-265X,Q2
https://openalex.org/W2017182462,1028-6020,Q3
https://openalex.org/W2017200163,0013-4651,Q1
https://openalex.org/W2017204295,0011-9164,Q1
https://openalex.org/W2017224150,0021-9568,Q1
https://openalex.org/W2017252409,0009-3122,Q4
https://openalex.org/W2017258500,1755-4330,-
https://openalex.org/W2017263413,0021-8995,Q2
https://openalex.org/W2017276332,0914-9244,Q3
https://openalex.org/W2017292378,0144-8617,Q1
https://openalex.org/W2017323111,0724-8741,Q1
https://openalex.org/W2017327517,0223-5234,Q2
https://openalex.org/W2017346552,0022-3263,Q1
https://openalex.org/W2017357505,0026-3672,Q2
https://openalex.org/W2017360555,0300-9440,Q2
https://openalex.org/W2017362010,0003-2700,Q1
https://openalex.org/W2017367397,0195-928X,-
https://openalex.org/W2017367901,1523-7052,Q1
https://openalex.org/W2017369690,1229-9197,Q3
https://openalex.org/W2017374884,0167-2738,Q1
https://openalex.org/W2017425971,0002-7863,Q1
https://openalex.org/W2017438356,1023-666X,Q4
https://openalex.org/W2017456849,0253-6269,Q3
https://openalex.org/W2017475195,0169-4332,-
https://openalex.org/W2017488692,0021-9568,Q1
https://openalex.org/W2017492193,0011-9164,Q1
https://openalex.org/W2017499343,1001-8417,Q3
https://openalex.org/W2017511416,0032-3888,Q2
https://openalex.org/W2017552175,1433-7266,Q4
https://openalex.org/W2017560738,1293-2558,Q1
https://openalex.org/W2017570885,1350-4177,-
https://openalex.org/W2017593531,0018-1439,Q4
https://openalex.org/W2017612224,0253-2964,Q3
https://openalex.org/W2017613080,0731-7085,Q1
https://openalex.org/W2017630973,0910-6340,Q2
https://openalex.org/W2017636674,0149-6395,Q2
https://openalex.org/W2017679453,1063-7745,Q3
https://openalex.org/W2017679590,0031-9104,Q3
https://openalex.org/W2017685027,1061-9348,Q4
https://openalex.org/W2017695960,0173-0835,Q1
https://openalex.org/W2017713832,0010-938X,Q1
https://openalex.org/W2017733476,1070-4272,Q4
https://openalex.org/W2017735476,0003-2670,Q1
https://openalex.org/W2017784810,0165-9936,Q1
https://openalex.org/W2017788869,1567-5394,Q2
https://openalex.org/W2017809241,0960-894X,Q1
https://openalex.org/W2017825258,0022-2313,Q1
https://openalex.org/W2017857985,0022-0248,Q1
https://openalex.org/W2017870326,0883-7694,Q1
https://openalex.org/W2017874647,1383-5866,Q1
https://openalex.org/W2017875475,1001-8417,Q3
https://openalex.org/W2017880299,0009-3122,Q4
https://openalex.org/W2017880449,0960-894X,Q1
https://openalex.org/W2017888549,0308-8146,Q1
https://openalex.org/W2017909367,0933-4173,Q3
https://openalex.org/W2017919086,0897-4756,Q1
https://openalex.org/W2017923383,0016-2361,Q1
https://openalex.org/W2017928089,0021-9673,Q1
https://openalex.org/W2017961278,0039-9140,Q1
https://openalex.org/W2017973215,0925-3467,-
https://openalex.org/W2017992842,0022-152X,Q3
https://openalex.org/W2018019715,0925-4005,-
https://openalex.org/W2018028639,0016-2361,Q1
https://openalex.org/W2018061872,0914-9244,Q3
https://openalex.org/W2018071831,0095-8972,Q3
https://openalex.org/W2018129757,0022-2313,Q1
https://openalex.org/W2018129914,0032-3861,Q1
https://openalex.org/W2018148523,1388-6150,Q3
https://openalex.org/W2018159854,1040-0397,Q2
https://openalex.org/W2018166019,0013-4686,Q1
https://openalex.org/W2018173716,0163-4984,Q3
https://openalex.org/W2018177424,0009-3130,-
https://openalex.org/W2018189386,1011-372X,Q1
https://openalex.org/W2018197985,0366-7022,Q2
https://openalex.org/W2018199115,1001-8417,Q3
https://openalex.org/W2018213274,1083-6160,Q2
https://openalex.org/W2018239479,0002-7863,Q1
https://openalex.org/W2018250576,1598-5032,Q2
https://openalex.org/W2018271393,0002-7863,Q1
https://openalex.org/W2018278208,0306-0012,Q1
https://openalex.org/W2018291643,1001-8417,Q3
https://openalex.org/W2018303088,0960-894X,Q1
https://openalex.org/W2018305906,0009-2363,Q2
https://openalex.org/W2018319299,0169-4332,-
https://openalex.org/W2018348408,1061-933X,Q4
https://openalex.org/W2018353229,0018-019X,Q2
https://openalex.org/W2018378622,0308-8146,Q1
https://openalex.org/W2018383062,0925-4005,-
https://openalex.org/W2018397829,0016-2361,Q1
https://openalex.org/W2018398225,0009-2363,Q2
https://openalex.org/W2018408381,0011-9164,Q1
https://openalex.org/W2018408470,0377-0486,Q1
https://openalex.org/W2018412773,0894-3230,Q2
https://openalex.org/W2018413429,0167-2738,Q1
https://openalex.org/W2018425745,0045-6535,Q1
https://openalex.org/W2018446116,0960-894X,Q1
https://openalex.org/W2018488470,0966-9795,Q1
https://openalex.org/W2018512409,0223-5234,Q2
https://openalex.org/W2018535958,0142-9418,Q2
https://openalex.org/W2018590770,0968-0896,Q1
https://openalex.org/W2018593663,1523-7052,Q1
https://openalex.org/W2018602716,0257-8972,Q1
https://openalex.org/W2018605894,0960-894X,Q1
https://openalex.org/W2018636482,1387-1811,Q1
https://openalex.org/W2018637490,0021-9517,Q1
https://openalex.org/W2018645910,0933-4173,Q3
https://openalex.org/W2018699899,0022-3263,Q1
https://openalex.org/W2018700487,0021-1575,Q3
https://openalex.org/W2018728794,0003-2719,Q2
https://openalex.org/W2018733134,0030-4018,Q2
https://openalex.org/W2018746023,1089-5639,Q1
https://openalex.org/W2018761251,0030-4018,Q2
https://openalex.org/W2018769899,0032-3861,Q1
https://openalex.org/W2018773268,1011-372X,Q1
https://openalex.org/W2018780352,0020-1685,Q3
https://openalex.org/W2018787627,1385-8947,Q1
https://openalex.org/W2018813260,1099-0062,Q1
https://openalex.org/W2018830086,0947-8396,Q1
https://openalex.org/W2018836514,0267-9477,Q1
https://openalex.org/W2018865599,0362-4803,Q3
https://openalex.org/W2018892990,1023-1935,Q4
https://openalex.org/W2018901327,0023-1584,Q3
https://openalex.org/W2018910834,1001-8417,Q3
https://openalex.org/W2018948264,0016-2361,Q1
https://openalex.org/W2018959631,0378-7753,Q1
https://openalex.org/W2018963790,1522-7235,Q2
https://openalex.org/W2018978047,1420-3049,Q2
https://openalex.org/W2018999951,1473-0189,Q1
https://openalex.org/W2019029677,0960-894X,Q1
https://openalex.org/W2019037012,1476-1122,Q1
https://openalex.org/W2019047191,0021-9568,Q1
https://openalex.org/W2019065431,0002-7863,Q1
https://openalex.org/W2019080007,0925-4005,-
https://openalex.org/W2019082592,0236-5731,Q3
https://openalex.org/W2019096106,0026-3672,Q2
https://openalex.org/W2019098234,0257-8972,Q1
https://openalex.org/W2019106379,0959-8103,-
https://openalex.org/W2019108625,0009-2509,Q1
https://openalex.org/W2019117424,0257-8972,Q1
https://openalex.org/W2019127580,0021-8561,Q1
https://openalex.org/W2019139448,0021-891X,Q2
https://openalex.org/W2019174273,0924-2031,Q3
https://openalex.org/W2019229807,0021-8995,Q2
https://openalex.org/W2019242873,1386-1425,Q2
https://openalex.org/W2019245394,1756-5901,-
https://openalex.org/W2019263012,0095-9782,Q2
https://openalex.org/W2019277121,0257-8972,Q1
https://openalex.org/W2019277726,1932-1058,Q2
https://openalex.org/W2019280552,0957-4484,Q1
https://openalex.org/W2019291610,0888-5885,Q1
https://openalex.org/W2019298487,1388-6150,Q3
https://openalex.org/W2019314525,0021-8995,Q2
https://openalex.org/W2019322689,1359-7345,Q1
https://openalex.org/W2019372357,1542-1406,Q2
https://openalex.org/W2019391766,0022-0248,Q1
https://openalex.org/W2019402080,0003-2700,Q1
https://openalex.org/W2019417872,0968-0896,Q1
https://openalex.org/W2019427170,0169-4243,Q2
https://openalex.org/W2019434413,0257-8972,Q1
https://openalex.org/W2019455521,0253-6269,Q3
https://openalex.org/W2019463959,0927-7765,Q2
https://openalex.org/W2019490140,1023-1935,Q4
https://openalex.org/W2019490890,0010-5082,Q2
https://openalex.org/W2019508118,0021-9037,Q4
https://openalex.org/W2019547562,0367-598X,Q4
https://openalex.org/W2019573860,0022-0248,Q1
https://openalex.org/W2019575238,0142-9418,Q2
https://openalex.org/W2019588833,0022-0248,Q1
https://openalex.org/W2019683592,1319-6103,-
https://openalex.org/W2019685571,0236-5731,Q3
https://openalex.org/W2019707551,0731-7085,Q1
https://openalex.org/W2019725832,0930-486X,Q3
https://openalex.org/W2019726087,1420-3049,Q2
https://openalex.org/W2019731167,0910-6340,Q2
https://openalex.org/W2019741068,0003-2700,Q1
https://openalex.org/W2019750989,1535-9476,Q1
https://openalex.org/W2019759732,1535-3893,Q1
https://openalex.org/W2019769237,1001-8417,Q3
https://openalex.org/W2019794321,0009-5893,Q2
https://openalex.org/W2019815027,0039-9140,Q1
https://openalex.org/W2019821209,0892-6875,Q1
https://openalex.org/W2019913224,0968-0896,Q1
https://openalex.org/W2019930109,1572-6657,Q2
https://openalex.org/W2019951596,0022-2852,Q2
https://openalex.org/W2019954829,1386-1425,Q2
https://openalex.org/W2019955713,1381-5148,Q1
https://openalex.org/W2019976528,0960-894X,Q1
https://openalex.org/W2019991428,0009-3122,Q4
https://openalex.org/W2019995671,0916-8451,Q3
https://openalex.org/W2020002557,0022-0248,Q1
https://openalex.org/W2020006462,1420-3049,Q2
https://openalex.org/W2020008288,0018-019X,Q2
https://openalex.org/W2020014733,0257-8972,Q1
https://openalex.org/W2020038049,1673-3495,Q4
https://openalex.org/W2020040340,1420-3049,Q2
https://openalex.org/W2020061813,0040-4039,Q1
https://openalex.org/W2020077255,0039-9140,Q1
https://openalex.org/W2020088145,1478-6419,Q3
https://openalex.org/W2020097701,0163-3864,Q1
https://openalex.org/W2020098770,0366-6352,Q3
https://openalex.org/W2020108201,0920-5861,Q1
https://openalex.org/W2020145156,0910-6340,Q2
https://openalex.org/W2020206409,0236-5731,Q3
https://openalex.org/W2020219601,0001-8686,Q1
https://openalex.org/W2020228244,0584-8547,Q1
https://openalex.org/W2020246899,0916-8451,Q3
https://openalex.org/W2020254699,0014-3057,Q1
https://openalex.org/W2020279539,1091-6466,Q2
https://openalex.org/W2020293782,0002-7863,Q1
https://openalex.org/W2020302301,1542-1406,Q2
https://openalex.org/W2020307754,0167-7322,Q2
https://openalex.org/W2020316023,1570-0232,Q1
https://openalex.org/W2020331505,1936-9751,Q3
https://openalex.org/W2020339302,1054-2523,Q4
https://openalex.org/W2020352835,0236-5731,Q3
https://openalex.org/W2020378027,0236-5731,Q3
https://openalex.org/W2020401918,0371-9553,Q3
https://openalex.org/W2020404641,0142-2421,Q2
https://openalex.org/W2020418989,0039-7911,Q3
https://openalex.org/W2020427744,0253-6269,Q3
https://openalex.org/W2020434511,0960-894X,Q1
https://openalex.org/W2020479150,1523-7052,Q1
https://openalex.org/W2020505658,1229-9197,Q3
https://openalex.org/W2020507150,0223-5234,Q2
https://openalex.org/W2020516040,0927-7757,-
https://openalex.org/W2020521613,0021-8995,Q2
https://openalex.org/W2020552118,1473-0189,Q1
https://openalex.org/W2020553201,0959-8103,-
https://openalex.org/W2020570597,0013-936X,Q1
https://openalex.org/W2020585320,0021-8995,Q2
https://openalex.org/W2020611177,1229-9197,Q3
https://openalex.org/W2020621224,0376-7388,Q1
https://openalex.org/W2020627185,0040-6031,Q2
https://openalex.org/W2020631947,0010-938X,Q1
https://openalex.org/W2020635881,0022-1139,Q2
https://openalex.org/W2020646357,1520-5207,Q1
https://openalex.org/W2020657242,0956-5663,Q1
https://openalex.org/W2020665325,0021-9673,Q1
https://openalex.org/W2020684942,1381-1991,Q2
https://openalex.org/W2020685650,0008-6223,Q1
https://openalex.org/W2020686705,1388-6150,Q3
https://openalex.org/W2020692690,0142-9418,Q2
https://openalex.org/W2020734952,0255-2701,Q1
https://openalex.org/W2020737649,0032-3888,Q2
https://openalex.org/W2020747690,1438-7492,Q1
https://openalex.org/W2020751504,1001-604X,Q3
https://openalex.org/W2020764050,1011-372X,Q1
https://openalex.org/W2020764383,0927-7757,-
https://openalex.org/W2020779380,0008-4042,Q2
https://openalex.org/W2020797909,1383-5866,Q1
https://openalex.org/W2020803538,1420-3049,Q2
https://openalex.org/W2020821227,0010-938X,Q1
https://openalex.org/W2020835418,1010-6030,Q1
https://openalex.org/W2020908304,0257-8972,Q1
https://openalex.org/W2020930267,1022-9760,Q2
https://openalex.org/W2020933774,0142-9418,Q2
https://openalex.org/W2020935269,0378-7753,Q1
https://openalex.org/W2020943796,1070-4280,Q4
https://openalex.org/W2020948068,0039-9140,Q1
https://openalex.org/W2020967677,0960-894X,Q1
https://openalex.org/W2020969639,0277-5387,Q2
https://openalex.org/W2020982749,1932-7447,Q1
https://openalex.org/W2020986955,0021-9673,Q1
https://openalex.org/W2020991600,0731-7085,Q1
https://openalex.org/W2021000046,1735-207X,Q2
https://openalex.org/W2021000195,0959-9436,Q2
https://openalex.org/W2021004203,0268-2575,Q2
https://openalex.org/W2021015370,0020-1685,Q3
https://openalex.org/W2021063458,0306-7319,Q2
https://openalex.org/W2021064637,0883-7694,Q1
https://openalex.org/W2021064753,0022-0248,Q1
https://openalex.org/W2021075983,0169-4243,Q2
https://openalex.org/W2021082803,0721-3115,Q2
https://openalex.org/W2021091084,0925-3467,-
https://openalex.org/W2021093623,0925-4005,-
https://openalex.org/W2021093681,1001-8417,Q3
https://openalex.org/W2021114954,0040-4039,Q1
https://openalex.org/W2021186255,1011-372X,Q1
https://openalex.org/W2021191254,0957-4166,Q1
https://openalex.org/W2021199700,0022-2313,Q1
https://openalex.org/W2021224433,1530-6984,Q1
https://openalex.org/W2021232039,0039-128X,Q2
https://openalex.org/W2021257341,0011-9164,Q1
https://openalex.org/W2021260741,0223-5234,Q2
https://openalex.org/W2021268570,0737-3937,Q3
https://openalex.org/W2021281845,0888-5885,Q1
https://openalex.org/W2021282694,0927-7757,-
https://openalex.org/W2021315035,1028-6020,Q3
https://openalex.org/W2021321294,1022-1360,Q3
https://openalex.org/W2021323818,0021-8995,Q2
https://openalex.org/W2021378327,0169-4332,-
https://openalex.org/W2021391145,0021-9568,Q1
https://openalex.org/W2021394391,0925-4005,-
https://openalex.org/W2021420334,0888-5885,Q1
https://openalex.org/W2021457966,0170-0839,Q2
https://openalex.org/W2021462969,0236-5731,Q3
https://openalex.org/W2021465248,0267-9477,Q1
https://openalex.org/W2021481522,0013-936X,Q1
https://openalex.org/W2021496896,0743-7463,Q1
https://openalex.org/W2021503308,0968-0896,Q1
https://openalex.org/W2021507815,0960-894X,Q1
https://openalex.org/W2021509568,0927-7757,-
https://openalex.org/W2021531725,1932-7447,Q1
https://openalex.org/W2021549219,0021-8995,Q2
https://openalex.org/W2021553944,0032-3888,Q2
https://openalex.org/W2021557316,0022-2348,Q2
https://openalex.org/W2021597978,0022-152X,Q3
https://openalex.org/W2021612952,1520-4766,-
https://openalex.org/W2021617471,0361-2317,Q2
https://openalex.org/W2021652565,1566-7367,Q1
https://openalex.org/W2021659713,0021-8995,Q2
https://openalex.org/W2021675280,0016-2361,Q1
https://openalex.org/W2021679470,0021-9673,Q1
https://openalex.org/W2021680830,0021-1575,Q3
https://openalex.org/W2021685055,0103-5053,Q2
https://openalex.org/W2021692982,0257-8972,Q1
https://openalex.org/W2021706892,0021-8995,Q2
https://openalex.org/W2021720665,0968-0896,Q1
https://openalex.org/W2021722296,0378-7753,Q1
https://openalex.org/W2021733337,0144-8617,Q1
https://openalex.org/W2021751758,1000-324X,Q4
https://openalex.org/W2021752038,0021-9673,Q1
https://openalex.org/W2021807900,0378-7753,Q1
https://openalex.org/W2021809957,1388-6150,Q3
https://openalex.org/W2021815560,0032-3861,Q1
https://openalex.org/W2021817108,0040-5760,Q3
https://openalex.org/W2021867218,0916-8451,Q3
https://openalex.org/W2021871226,1083-5601,Q3
https://openalex.org/W2021872484,0039-9140,Q1
https://openalex.org/W2021879200,0163-3864,Q1
https://openalex.org/W2021892098,0013-4686,Q1
https://openalex.org/W2021894178,0040-4020,Q1
https://openalex.org/W2021906253,0009-2363,Q2
https://openalex.org/W2021937686,1990-7923,Q4
https://openalex.org/W2021945089,0011-9164,Q1
https://openalex.org/W2021956303,1383-5866,Q1
https://openalex.org/W2021967416,0959-9428,Q1
https://openalex.org/W2021968257,0003-021X,Q2
https://openalex.org/W2021991765,0002-7863,Q1
https://openalex.org/W2021996951,1747-0277,-
https://openalex.org/W2022017366,1432-8488,Q2
https://openalex.org/W2022019261,0163-3864,Q1
https://openalex.org/W2022023704,0958-0344,Q2
https://openalex.org/W2022036860,0032-3888,Q2
https://openalex.org/W2022038408,0011-9164,Q1
https://openalex.org/W2022041637,0749-1581,Q2
https://openalex.org/W2022046860,0920-5861,Q1
https://openalex.org/W2022112367,0960-894X,Q1
https://openalex.org/W2022122876,0910-6340,Q2
https://openalex.org/W2022125126,0044-2313,Q3
https://openalex.org/W2022154103,1066-5285,Q3
https://openalex.org/W2022154895,1788-618X,Q2
https://openalex.org/W2022173963,0009-5893,Q2
https://openalex.org/W2022177357,1350-4177,-
https://openalex.org/W2022181433,0020-1693,Q2
https://openalex.org/W2022189880,0960-894X,Q1
https://openalex.org/W2022210469,0013-4686,Q1
https://openalex.org/W2022215916,0378-7753,Q1
https://openalex.org/W2022264543,0011-9164,Q1
https://openalex.org/W2022272290,0169-4332,-
https://openalex.org/W2022322489,1350-4177,-
https://openalex.org/W2022344111,0721-3115,Q2
https://openalex.org/W2022364989,1386-1425,Q2
https://openalex.org/W2022383639,1432-8488,Q2
https://openalex.org/W2022400418,0300-9440,Q2
https://openalex.org/W2022473447,0013-4686,Q1
https://openalex.org/W2022476845,1473-0189,Q1
https://openalex.org/W2022500341,0721-3115,Q2
https://openalex.org/W2022507816,1422-8599,Q4
https://openalex.org/W2022533053,0957-4166,Q1
https://openalex.org/W2022543197,0021-891X,Q2
https://openalex.org/W2022559082,0022-152X,Q3
https://openalex.org/W2022592696,0013-936X,Q1
https://openalex.org/W2022602798,0039-9140,Q1
https://openalex.org/W2022609959,0009-2363,Q2
https://openalex.org/W2022624690,0022-0248,Q1
https://openalex.org/W2022643618,0163-3864,Q1
https://openalex.org/W2022643834,0925-4005,-
https://openalex.org/W2022650251,0032-3888,Q2
https://openalex.org/W2022662831,0277-5387,Q2
https://openalex.org/W2022714407,0960-894X,Q1
https://openalex.org/W2022717709,1381-1991,Q2
https://openalex.org/W2022726090,0366-7022,Q2
https://openalex.org/W2022728441,0013-4686,Q1
https://openalex.org/W2022749855,0022-0248,Q1
https://openalex.org/W2022764375,0021-8561,Q1
https://openalex.org/W2022787247,1433-7851,Q1
https://openalex.org/W2022813782,0144-8617,Q1
https://openalex.org/W2022814533,0376-7388,Q1
https://openalex.org/W2022831698,1002-0721,Q3
https://openalex.org/W2022831829,1070-3284,Q4
https://openalex.org/W2022841574,0956-5663,Q1
https://openalex.org/W2022849806,0021-891X,Q2
https://openalex.org/W2022869753,0011-9164,Q1
https://openalex.org/W2022903646,0010-938X,Q1
https://openalex.org/W2022968156,0257-8972,Q1
https://openalex.org/W2022977405,0010-938X,Q1
https://openalex.org/W2022981844,0039-7911,Q3
https://openalex.org/W2022982725,1044-0305,Q1
https://openalex.org/W2022988308,0916-8451,Q3
https://openalex.org/W2023013351,0011-9164,Q1
https://openalex.org/W2023016933,0142-2421,Q2
https://openalex.org/W2023034351,0039-9140,Q1
https://openalex.org/W2023036032,1054-2523,Q4
https://openalex.org/W2023044033,0009-2509,Q1
https://openalex.org/W2023060179,0015-0541,Q4
https://openalex.org/W2023069905,1359-7345,Q1
https://openalex.org/W2023073169,1002-0721,Q3
https://openalex.org/W2023104223,0039-9140,Q1
https://openalex.org/W2023112685,1386-4238,Q3
https://openalex.org/W2023121145,0026-3672,Q2
https://openalex.org/W2023122333,0253-6269,Q3
https://openalex.org/W2023125572,0030-4948,Q3
https://openalex.org/W2023129204,0010-2180,Q1
https://openalex.org/W2023170006,1004-9541,Q2
https://openalex.org/W2023180501,0956-5663,Q1
https://openalex.org/W2023194521,1385-8947,Q1
https://openalex.org/W2023237487,0920-5861,Q1
https://openalex.org/W2023243112,0009-5893,Q2
https://openalex.org/W2023328555,0011-9164,Q1
https://openalex.org/W2023361623,0021-8995,Q2
https://openalex.org/W2023370192,0030-4018,Q2
https://openalex.org/W2023386473,0223-5234,Q2
https://openalex.org/W2023389908,0022-0248,Q1
https://openalex.org/W2023418799,0039-9140,Q1
https://openalex.org/W2023454328,0960-894X,Q1
https://openalex.org/W2023546888,1478-6419,Q3
https://openalex.org/W2023558003,0377-0486,Q1
https://openalex.org/W2023558117,0030-4018,Q2
https://openalex.org/W2023559235,0039-9140,Q1
https://openalex.org/W2023585205,0888-5885,Q1
https://openalex.org/W2023592726,0378-7753,Q1
https://openalex.org/W2023606916,0079-6700,Q1
https://openalex.org/W2023614713,0030-4018,Q2
https://openalex.org/W2023643635,0925-4005,-
https://openalex.org/W2023663404,0379-7112,Q1
https://openalex.org/W2023693280,1293-2558,Q1
https://openalex.org/W2023694321,2090-9071,-
https://openalex.org/W2023698068,0922-6168,Q2
https://openalex.org/W2023702332,0040-4020,Q1
https://openalex.org/W2023720705,0925-3467,-
https://openalex.org/W2023731586,0021-8995,Q2
https://openalex.org/W2023746008,0020-1685,Q3
https://openalex.org/W2023750012,0011-9164,Q1
https://openalex.org/W2023752477,0003-2700,Q1
https://openalex.org/W2023765234,0960-894X,Q1
https://openalex.org/W2023794922,0306-7319,Q2
https://openalex.org/W2023816718,1615-9306,Q1
https://openalex.org/W2023821893,0012-5016,Q4
https://openalex.org/W2023827754,0959-9436,Q2
https://openalex.org/W2023833908,1066-5285,Q3
https://openalex.org/W2023867774,0039-9140,Q1
https://openalex.org/W2023894872,1061-9348,Q4
https://openalex.org/W2023903942,0022-2313,Q1
https://openalex.org/W2023913358,1091-6466,Q2
https://openalex.org/W2023925908,0004-9425,Q1
https://openalex.org/W2023926552,0173-0835,Q1
https://openalex.org/W2023987969,0009-5893,Q2
https://openalex.org/W2023996463,1001-0521,Q3
https://openalex.org/W2024006975,0169-4332,-
https://openalex.org/W2024014335,0927-0256,Q1
https://openalex.org/W2024036670,1523-7052,Q1
https://openalex.org/W2024053795,1076-5174,Q1
https://openalex.org/W2024058260,0223-5234,Q2
https://openalex.org/W2024144436,0269-3879,Q2
https://openalex.org/W2024145893,1747-5198,Q3
https://openalex.org/W2024145894,0366-7022,Q2
https://openalex.org/W2024216641,1618-2642,Q1
https://openalex.org/W2024216899,1473-0189,Q1
https://openalex.org/W2024230043,0002-7863,Q1
https://openalex.org/W2024241282,0009-2614,Q1
https://openalex.org/W2024304644,0021-8995,Q2
https://openalex.org/W2024310617,0916-8451,Q3
https://openalex.org/W2024314705,0013-4686,Q1
https://openalex.org/W2024320314,0925-4005,-
https://openalex.org/W2024327321,1615-9306,Q1
https://openalex.org/W2024394139,1002-0721,Q3
https://openalex.org/W2024424701,0018-019X,Q2
https://openalex.org/W2024437298,1735-207X,Q2
https://openalex.org/W2024460821,0036-021X,Q2
https://openalex.org/W2024470696,0022-2313,Q1
https://openalex.org/W2024490114,0021-9037,Q4
https://openalex.org/W2024494275,0916-8451,Q3
https://openalex.org/W2024494832,0030-4018,Q2
https://openalex.org/W2024522520,0040-4039,Q1
https://openalex.org/W2024533821,0888-5885,Q1
https://openalex.org/W2024557566,0026-3672,Q2
https://openalex.org/W2024566563,1345-8957,Q2
https://openalex.org/W2024590898,0169-4332,-
https://openalex.org/W2024602370,0022-3697,Q2
https://openalex.org/W2024617305,1438-7492,Q1
https://openalex.org/W2024649789,0960-894X,Q1
https://openalex.org/W2024669846,1002-0721,Q3
https://openalex.org/W2024696264,0972-060X,Q4
https://openalex.org/W2024707131,0040-4039,Q1
https://openalex.org/W2024709723,0010-2180,Q1
https://openalex.org/W2024712462,0008-6223,Q1
https://openalex.org/W2024739128,0163-4984,Q3
https://openalex.org/W2024740199,1387-1811,Q1
https://openalex.org/W2024749945,1388-6150,Q3
https://openalex.org/W2024760823,0011-9164,Q1
https://openalex.org/W2024801206,0009-2673,Q1
https://openalex.org/W2024808205,0030-4018,Q2
https://openalex.org/W2024855402,0010-938X,Q1
https://openalex.org/W2024865156,0165-2370,Q1
https://openalex.org/W2024873491,0011-9164,Q1
https://openalex.org/W2024890962,0957-4166,Q1
https://openalex.org/W2024900979,0002-7863,Q1
https://openalex.org/W2024901048,0014-3057,Q1
https://openalex.org/W2024920264,0170-0839,Q2
https://openalex.org/W2024997752,0032-3861,Q1
https://openalex.org/W2025009029,0929-8673,-
https://openalex.org/W2025012422,0018-019X,Q2
https://openalex.org/W2025035945,1348-6535,Q2
https://openalex.org/W2025038224,0253-3820,Q4
https://openalex.org/W2025038838,0013-4686,Q1
https://openalex.org/W2025040538,0003-2670,Q1
https://openalex.org/W2025092292,1044-0305,Q1
https://openalex.org/W2025115037,0276-7333,Q1
https://openalex.org/W2025125616,0002-7863,Q1
https://openalex.org/W2025133563,0930-486X,Q3
https://openalex.org/W2025169795,0009-5893,Q2
https://openalex.org/W2025173437,0018-019X,Q2
https://openalex.org/W2025185300,1063-4576,-
https://openalex.org/W2025192593,0040-4020,Q1
https://openalex.org/W2025209395,0223-5234,Q2
https://openalex.org/W2025217905,0925-4005,-
https://openalex.org/W2025230100,0968-0896,Q1
https://openalex.org/W2025234559,0003-2670,Q1
https://openalex.org/W2025235103,1233-2356,Q3
https://openalex.org/W2025236413,0170-0839,Q2
https://openalex.org/W2025238250,0897-4756,Q1
https://openalex.org/W2025239639,1990-7923,Q4
https://openalex.org/W2025251866,0223-5234,Q2
https://openalex.org/W2025265723,0960-894X,Q1
https://openalex.org/W2025274221,0956-5663,Q1
https://openalex.org/W2025279944,0009-2363,Q2
https://openalex.org/W2025286028,1520-4766,-
https://openalex.org/W2025320857,0308-8146,Q1
https://openalex.org/W2025328984,0039-9140,Q1
https://openalex.org/W2025377589,0951-4198,Q1
https://openalex.org/W2025390873,1011-372X,Q1
https://openalex.org/W2025407231,0960-894X,Q1
https://openalex.org/W2025413481,1420-3049,Q2
https://openalex.org/W2025453057,1066-3622,Q4
https://openalex.org/W2025471232,1359-7345,Q1
https://openalex.org/W2025476280,1673-3495,Q4
https://openalex.org/W2025491076,0169-7439,Q2
https://openalex.org/W2025584103,1424-8220,Q3
https://openalex.org/W2025590228,2070-2051,Q4
https://openalex.org/W2025599361,0022-152X,Q3
https://openalex.org/W2025640015,0957-4484,Q1
https://openalex.org/W2025661111,0144-8617,Q1
https://openalex.org/W2025663805,0021-9568,Q1
https://openalex.org/W2025673941,0236-5731,Q3
https://openalex.org/W2025677767,0927-7757,-
https://openalex.org/W2025685399,0385-5414,Q2
https://openalex.org/W2025694631,0257-8972,Q1
https://openalex.org/W2025711396,0300-9440,Q2
https://openalex.org/W2025752054,0163-4984,Q3
https://openalex.org/W2025756637,0011-9164,Q1
https://openalex.org/W2025757550,1466-8564,Q1
https://openalex.org/W2025782819,0021-8995,Q2
https://openalex.org/W2025793811,0021-9568,Q1
https://openalex.org/W2025818437,0731-7085,Q1
https://openalex.org/W2025826557,0022-3697,Q2
https://openalex.org/W2025836655,0011-9164,Q1
https://openalex.org/W2025841737,0003-2654,Q1
https://openalex.org/W2025884294,0003-2700,Q1
https://openalex.org/W2025895729,0039-9140,Q1
https://openalex.org/W2025940109,0011-9164,Q1
https://openalex.org/W2025949326,0947-8396,Q1
https://openalex.org/W2026005397,1043-1802,Q1
https://openalex.org/W2026028580,1010-6030,Q1
https://openalex.org/W2026032685,1388-6150,Q3
https://openalex.org/W2026077359,0947-8396,Q1
https://openalex.org/W2026087589,0169-4332,-
https://openalex.org/W2026104150,0003-2700,Q1
https://openalex.org/W2026119941,0039-9140,Q1
https://openalex.org/W2026145237,1054-2523,Q4
https://openalex.org/W2026147683,0888-5885,Q1
https://openalex.org/W2026149283,0925-4005,-
https://openalex.org/W2026165418,0026-3672,Q2
https://openalex.org/W2026166268,1528-7483,Q1
https://openalex.org/W2026168949,0308-8146,Q1
https://openalex.org/W2026178373,0003-2719,Q2
https://openalex.org/W2026178656,0009-2363,Q2
https://openalex.org/W2026202235,1063-455X,Q4
https://openalex.org/W2026232388,1001-8417,Q3
https://openalex.org/W2026234593,0039-7911,Q3
https://openalex.org/W2026238194,0232-1300,Q2
https://openalex.org/W2026238468,1932-7447,Q1
https://openalex.org/W2026247205,0011-9164,Q1
https://openalex.org/W2026268156,0956-5663,Q1
https://openalex.org/W2026355490,1570-0232,Q1
https://openalex.org/W2026374725,0749-1581,Q2
https://openalex.org/W2026388318,0013-4651,Q1
https://openalex.org/W2026399449,0167-2738,Q1
https://openalex.org/W2026401280,0003-2700,Q1
https://openalex.org/W2026429587,0021-9673,Q1
https://openalex.org/W2026457259,0003-2654,Q1
https://openalex.org/W2026500764,0040-4039,Q1
https://openalex.org/W2026517287,0003-2700,Q1
https://openalex.org/W2026520116,0378-7753,Q1
https://openalex.org/W2026534963,0366-7022,Q2
https://openalex.org/W2026542942,0040-4020,Q1
https://openalex.org/W2026550365,0032-3888,Q2
https://openalex.org/W2026562681,1381-5148,Q1
https://openalex.org/W2026584841,0956-5663,Q1
https://openalex.org/W2026585575,0009-4536,Q3
https://openalex.org/W2026603097,0308-8146,Q1
https://openalex.org/W2026609960,0236-5731,Q3
https://openalex.org/W2026611405,1023-666X,Q4
https://openalex.org/W2026622614,0920-5861,Q1
https://openalex.org/W2026623434,1083-5601,Q3
https://openalex.org/W2026630937,0960-894X,Q1
https://openalex.org/W2026634038,0003-2700,Q1
https://openalex.org/W2026640963,0968-0896,Q1
https://openalex.org/W2026700312,1348-6535,Q2
https://openalex.org/W2026715378,0169-4332,-
https://openalex.org/W2026729749,1466-8033,Q1
https://openalex.org/W2026756717,0167-2738,Q1
https://openalex.org/W2026768187,0927-7765,Q2
https://openalex.org/W2026790597,0022-3263,Q1
https://openalex.org/W2026790933,0142-5463,Q2
https://openalex.org/W2026809910,0163-3864,Q1
https://openalex.org/W2026844744,0010-938X,Q1
https://openalex.org/W2026853726,1615-9306,Q1
https://openalex.org/W2026889759,1566-7367,Q1
https://openalex.org/W2026903172,0732-8303,Q3
https://openalex.org/W2026925161,0265-0568,Q1
https://openalex.org/W2026938485,0038-1098,Q1
https://openalex.org/W2026943781,0049-8246,Q3
https://openalex.org/W2026949607,0149-6395,Q2
https://openalex.org/W2026950060,1473-0189,Q1
https://openalex.org/W2026956520,0232-1300,Q2
https://openalex.org/W2026967014,0959-8103,-
https://openalex.org/W2026967307,0257-8972,Q1
https://openalex.org/W2027015511,0925-3467,-
https://openalex.org/W2027032042,0040-4020,Q1
https://openalex.org/W2027036877,1463-9076,Q1
https://openalex.org/W2027038726,0253-6269,Q3
https://openalex.org/W2027041920,0927-0256,Q1
https://openalex.org/W2027058552,0013-4686,Q1
https://openalex.org/W2027068424,0039-7911,Q3
https://openalex.org/W2027076848,1083-6160,Q2
https://openalex.org/W2027088698,1424-8220,Q3
https://openalex.org/W2027092545,0009-2363,Q2
https://openalex.org/W2027105918,0032-3888,Q2
https://openalex.org/W2027135345,0956-5663,Q1
https://openalex.org/W2027141753,0731-7085,Q1
https://openalex.org/W2027183864,0927-0256,Q1
https://openalex.org/W2027186449,0930-7516,Q2
https://openalex.org/W2027194703,0091-4037,Q3
https://openalex.org/W2027210388,0003-021X,Q2
https://openalex.org/W2027226701,0040-4039,Q1
https://openalex.org/W2027235272,0022-152X,Q3
https://openalex.org/W2027252053,1348-6535,Q2
https://openalex.org/W2027281184,0892-6875,Q1
https://openalex.org/W2027283933,0256-1115,Q2
https://openalex.org/W2027300384,0040-4039,Q1
https://openalex.org/W2027338237,0045-6535,Q1
https://openalex.org/W2027341279,0921-9668,Q1
https://openalex.org/W2027353243,1385-8947,Q1
https://openalex.org/W2027376203,0378-7753,Q1
https://openalex.org/W2027379488,0269-3879,Q2
https://openalex.org/W2027425083,0236-5731,Q3
https://openalex.org/W2027454658,0731-7085,Q1
https://openalex.org/W2027487251,1944-0057,Q1
https://openalex.org/W2027500575,0724-8741,Q1
https://openalex.org/W2027513005,0144-8617,Q1
https://openalex.org/W2027558478,1061-933X,Q4
https://openalex.org/W2027580940,1618-2642,Q1
https://openalex.org/W2027670315,0039-7911,Q3
https://openalex.org/W2027719735,0040-4039,Q1
https://openalex.org/W2027749075,0022-152X,Q3
https://openalex.org/W2027752084,1041-2905,Q2
https://openalex.org/W2027759914,0011-9164,Q1
https://openalex.org/W2027769429,0954-0083,Q3
https://openalex.org/W2027775133,0009-3130,-
https://openalex.org/W2027818375,0300-9440,Q2
https://openalex.org/W2027826976,1070-4280,Q4
https://openalex.org/W2027830392,1089-5639,Q1
https://openalex.org/W2027837280,1612-1872,Q2
https://openalex.org/W2027837438,1424-8220,Q3
https://openalex.org/W2027840687,0888-5885,Q1
https://openalex.org/W2027843998,1385-8947,Q1
https://openalex.org/W2027860224,1082-6076,Q3
https://openalex.org/W2027886111,1083-6160,Q2
https://openalex.org/W2027895522,0009-3122,Q4
https://openalex.org/W2027949871,1932-7447,Q1
https://openalex.org/W2027974311,0300-9440,Q2
https://openalex.org/W2027997176,0257-8972,Q1
https://openalex.org/W2028000805,1348-6535,Q2
https://openalex.org/W2028026792,0366-7022,Q2
https://openalex.org/W2028049961,0022-152X,Q3
https://openalex.org/W2028063940,0023-1584,Q3
https://openalex.org/W2028077590,1388-6150,Q3
https://openalex.org/W2028080802,2090-9071,-
https://openalex.org/W2028093150,0920-5861,Q1
https://openalex.org/W2028124230,0022-2313,Q1
https://openalex.org/W2028126450,0253-3820,Q4
https://openalex.org/W2028129519,0040-6031,Q2
https://openalex.org/W2028152461,1083-6160,Q2
https://openalex.org/W2028154328,0009-2673,Q1
https://openalex.org/W2028160766,1319-6103,-
https://openalex.org/W2028161486,0925-4005,-
https://openalex.org/W2028171481,0731-7085,Q1
https://openalex.org/W2028199895,0022-0248,Q1
https://openalex.org/W2028204187,1932-7447,Q1
https://openalex.org/W2028227526,1083-6160,Q2
https://openalex.org/W2028228806,0378-7753,Q1
https://openalex.org/W2028234296,0021-8995,Q2
https://openalex.org/W2028243843,1001-8417,Q3
https://openalex.org/W2028247146,1944-0057,Q1
https://openalex.org/W2028252441,1388-6150,Q3
https://openalex.org/W2028257206,0968-0896,Q1
https://openalex.org/W2028279737,1383-5866,Q1
https://openalex.org/W2028286018,1932-7447,Q1
https://openalex.org/W2028337190,1061-9348,Q4
https://openalex.org/W2028386820,1083-6160,Q2
https://openalex.org/W2028407753,0916-8451,Q3
https://openalex.org/W2028412210,0020-1693,Q2
https://openalex.org/W2028412408,0021-9673,Q1
https://openalex.org/W2028417038,0169-4332,-
https://openalex.org/W2028419364,0236-5731,Q3
https://openalex.org/W2028421760,1367-5931,Q1
https://openalex.org/W2028423781,0272-8397,Q2
https://openalex.org/W2028458216,0927-7765,Q2
https://openalex.org/W2028463042,0267-9477,Q1
https://openalex.org/W2028486264,1060-1325,Q2
https://openalex.org/W2028487557,0036-0244,Q4
https://openalex.org/W2028514594,0003-2700,Q1
https://openalex.org/W2028538808,0896-8446,Q1
https://openalex.org/W2028550264,0894-3214,Q1
https://openalex.org/W2028558380,0021-9568,Q1
https://openalex.org/W2028558560,0743-7463,Q1
https://openalex.org/W2028575406,0022-3263,Q1
https://openalex.org/W2028584620,0022-3263,Q1
https://openalex.org/W2028587138,1097-3958,Q3
https://openalex.org/W2028601546,1433-7851,Q1
https://openalex.org/W2028612011,1477-9226,Q2
https://openalex.org/W2028614405,0022-0248,Q1
https://openalex.org/W2028615903,0142-5463,Q2
https://openalex.org/W2028624925,0888-5885,Q1
https://openalex.org/W2028644859,0002-7863,Q1
https://openalex.org/W2028647898,0169-4332,-
https://openalex.org/W2028676919,1523-7052,Q1
https://openalex.org/W2028702127,0195-928X,-
https://openalex.org/W2028704691,1070-4272,Q4
https://openalex.org/W2028714608,0169-4332,-
https://openalex.org/W2028718374,0040-6031,Q2
https://openalex.org/W2028724130,0022-152X,Q3
https://openalex.org/W2028750268,1001-0521,Q3
https://openalex.org/W2028751687,0013-936X,Q1
https://openalex.org/W2028758992,0223-5234,Q2
https://openalex.org/W2028771758,0021-8995,Q2
https://openalex.org/W2028774836,0021-8995,Q2
https://openalex.org/W2028781749,0020-1669,Q1
https://openalex.org/W2028789085,0010-5082,Q2
https://openalex.org/W2028795796,0257-8972,Q1
https://openalex.org/W2028824836,1566-7367,Q1
https://openalex.org/W2028844105,0022-0248,Q1
https://openalex.org/W2028846452,1344-3542,Q3
https://openalex.org/W2028847030,1091-6466,Q2
https://openalex.org/W2028853987,0724-8741,Q1
https://openalex.org/W2028877802,0009-5893,Q2
https://openalex.org/W2028878542,0011-9164,Q1
https://openalex.org/W2028895694,1022-9760,Q2
https://openalex.org/W2028904958,0022-2313,Q1
https://openalex.org/W2028907649,0021-8995,Q2
https://openalex.org/W2028915234,0272-8397,Q2
https://openalex.org/W2028932799,0022-152X,Q3
https://openalex.org/W2028939683,1386-1425,Q2
https://openalex.org/W2028996210,0920-5861,Q1
https://openalex.org/W2029020336,0003-2719,Q2
https://openalex.org/W2029026816,1229-9197,Q3
https://openalex.org/W2029071925,0308-8146,Q1
https://openalex.org/W2029092424,0942-9352,Q3
https://openalex.org/W2029095975,0003-7028,Q3
https://openalex.org/W2029099223,0020-1693,Q2
https://openalex.org/W2029115264,0020-1685,Q3
https://openalex.org/W2029155620,0011-9164,Q1
https://openalex.org/W2029165913,0267-8292,Q2
https://openalex.org/W2029173678,0022-3263,Q1
https://openalex.org/W2029191842,0040-6031,Q2
https://openalex.org/W2029200002,1598-5032,Q2
https://openalex.org/W2029205938,1387-7003,Q2
https://openalex.org/W2029207459,1618-2642,Q1
https://openalex.org/W2029227261,0947-8396,Q1
https://openalex.org/W2029266027,0376-7388,Q1
https://openalex.org/W2029277035,0892-6875,Q1
https://openalex.org/W2029278171,0030-4018,Q2
https://openalex.org/W2029285424,0036-0244,Q4
https://openalex.org/W2029308745,1463-9076,Q1
https://openalex.org/W2029315086,0169-4332,-
https://openalex.org/W2029322477,1296-2074,Q2
https://openalex.org/W2029334615,0003-2719,Q2
https://openalex.org/W2029360563,0009-3130,-
https://openalex.org/W2029365092,0268-2575,Q2
https://openalex.org/W2029390092,0960-894X,Q1
https://openalex.org/W2029400681,0013-4686,Q1
https://openalex.org/W2029405353,0925-4005,-
https://openalex.org/W2029420187,1476-1122,Q1
https://openalex.org/W2029423935,0925-4005,-
https://openalex.org/W2029432187,0021-9673,Q1
https://openalex.org/W2029435818,0169-4332,-
https://openalex.org/W2029444033,0021-9584,Q3
https://openalex.org/W2029461629,0091-4037,Q3
https://openalex.org/W2029477063,0040-6031,Q2
https://openalex.org/W2029490967,1432-8488,Q2
https://openalex.org/W2029499167,0039-7911,Q3
https://openalex.org/W2029504827,1099-0690,Q1
https://openalex.org/W2029532358,0039-9140,Q1
https://openalex.org/W2029533096,0888-5885,Q1
https://openalex.org/W2029540539,0003-2670,Q1
https://openalex.org/W2029543588,0011-9164,Q1
https://openalex.org/W2029546199,0003-2700,Q1
https://openalex.org/W2029558746,1424-8220,Q3
https://openalex.org/W2029585603,1424-8220,Q3
https://openalex.org/W2029610856,0009-3130,-
https://openalex.org/W2029649821,1388-6150,Q3
https://openalex.org/W2029663643,1359-7345,Q1
https://openalex.org/W2029665480,1567-5394,Q2
https://openalex.org/W2029740413,0960-894X,Q1
https://openalex.org/W2029759358,0022-2313,Q1
https://openalex.org/W2029798947,1070-4272,Q4
https://openalex.org/W2029815944,0040-4039,Q1
https://openalex.org/W2029832958,1615-9306,Q1
https://openalex.org/W2029841450,0910-6340,Q2
https://openalex.org/W2029864795,0144-8617,Q1
https://openalex.org/W2029913808,0021-9673,Q1
https://openalex.org/W2029937033,0925-4005,-
https://openalex.org/W2029940837,1944-0057,Q1
https://openalex.org/W2029945151,0016-2361,Q1
https://openalex.org/W2029961862,0030-4018,Q2
https://openalex.org/W2029988478,1523-7052,Q1
https://openalex.org/W2029995356,0013-936X,Q1
https://openalex.org/W2030001978,0003-2670,Q1
https://openalex.org/W2030006216,0040-4039,Q1
https://openalex.org/W2030015554,1528-7483,Q1
https://openalex.org/W2030024871,1598-5032,Q2
https://openalex.org/W2030025854,1388-6150,Q3
https://openalex.org/W2030026036,0024-9297,Q1
https://openalex.org/W2030034472,0379-7112,Q1
https://openalex.org/W2030035945,0737-3937,Q3
https://openalex.org/W2030042246,1876-1070,Q2
https://openalex.org/W2030078148,0927-7765,Q2
https://openalex.org/W2030098220,1040-0397,Q2
https://openalex.org/W2030141326,1932-7447,Q1
https://openalex.org/W2030149422,0040-4039,Q1
https://openalex.org/W2030155722,0169-4332,-
https://openalex.org/W2030161786,1082-6076,Q3
https://openalex.org/W2030166298,0021-9673,Q1
https://openalex.org/W2030175313,0024-9297,Q1
https://openalex.org/W2030184940,0927-7757,-
https://openalex.org/W2030187888,1385-8947,Q1
https://openalex.org/W2030194372,0021-8995,Q2
https://openalex.org/W2030204226,1001-0521,Q3
https://openalex.org/W2030212337,0960-894X,Q1
https://openalex.org/W2030223875,0036-0236,Q4
https://openalex.org/W2030256850,1615-9306,Q1
https://openalex.org/W2030259081,0888-5885,Q1
https://openalex.org/W2030299071,1523-7052,Q1
https://openalex.org/W2030336400,1359-7345,Q1
https://openalex.org/W2030337054,0009-5893,Q2
https://openalex.org/W2030337745,1001-8417,Q3
https://openalex.org/W2030370987,0022-3263,Q1
https://openalex.org/W2030372204,1388-2481,Q1
https://openalex.org/W2030374431,1066-5285,Q3
https://openalex.org/W2030396555,1070-3632,Q3
https://openalex.org/W2030417689,0169-4332,-
https://openalex.org/W2030419808,1478-6419,Q3
https://openalex.org/W2030454669,0916-8451,Q3
https://openalex.org/W2030500291,1570-0232,Q1
https://openalex.org/W2030509429,0378-7753,Q1
https://openalex.org/W2030579710,1023-1935,Q4
https://openalex.org/W2030583725,0009-3130,-
https://openalex.org/W2030652737,0257-8972,Q1
https://openalex.org/W2030655152,0236-5731,Q3
https://openalex.org/W2030656940,0039-9140,Q1
https://openalex.org/W2030688988,0951-4198,Q1
https://openalex.org/W2030704274,0040-4020,Q1
https://openalex.org/W2030713188,1381-1991,Q2
https://openalex.org/W2030722993,0916-8451,Q3
https://openalex.org/W2030734516,0947-8396,Q1
https://openalex.org/W2030737002,1932-7447,Q1
https://openalex.org/W2030740909,1523-7052,Q1
https://openalex.org/W2030744946,0232-1300,Q2
https://openalex.org/W2030769447,0170-0839,Q2
https://openalex.org/W2030813458,0013-936X,Q1
https://openalex.org/W2030819312,0003-2654,Q1
https://openalex.org/W2030846376,0009-3130,-
https://openalex.org/W2030849279,0002-7863,Q1
https://openalex.org/W2030865436,0002-7863,Q1
https://openalex.org/W2030873303,0021-9568,Q1
https://openalex.org/W2030890949,1570-0232,Q1
https://openalex.org/W2030933695,0267-8292,Q2
https://openalex.org/W2030934507,0003-2700,Q1
https://openalex.org/W2030935619,1293-2558,Q1
https://openalex.org/W2030936885,0040-4039,Q1
https://openalex.org/W2030965175,1523-7052,Q1
https://openalex.org/W2030969642,1340-3443,-
https://openalex.org/W2030980139,1070-4280,Q4
https://openalex.org/W2030984078,0009-2509,Q1
https://openalex.org/W2030986010,0040-4020,Q1
https://openalex.org/W2031016078,0003-2700,Q1
https://openalex.org/W2031018911,0016-2361,Q1
https://openalex.org/W2031028483,0169-4243,Q2
https://openalex.org/W2031031226,0021-8995,Q2
https://openalex.org/W2031039645,0300-9440,Q2
https://openalex.org/W2031046233,0021-8995,Q2
https://openalex.org/W2031064464,1528-7483,Q1
https://openalex.org/W2031075698,0018-1439,Q4
https://openalex.org/W2031098395,0032-3861,Q1
https://openalex.org/W2031100554,1477-0520,Q1
https://openalex.org/W2031107019,0371-9553,Q3
https://openalex.org/W2031137368,0016-2361,Q1
https://openalex.org/W2031151699,1022-5528,Q1
https://openalex.org/W2031201728,1388-6150,Q3
https://openalex.org/W2031212572,0024-9297,Q1
https://openalex.org/W2031220547,0022-1139,Q2
https://openalex.org/W2031225565,0002-7863,Q1
https://openalex.org/W2031233179,1872-5813,Q3
https://openalex.org/W2031233774,0269-3879,Q2
https://openalex.org/W2031248582,0039-128X,Q2
https://openalex.org/W2031255954,0011-9164,Q1
https://openalex.org/W2031269414,0022-3263,Q1
https://openalex.org/W2031271439,0927-7757,-
https://openalex.org/W2031284948,0021-9606,Q1
https://openalex.org/W2031286690,0003-2700,Q1
https://openalex.org/W2031321099,0925-3467,-
https://openalex.org/W2031386296,0968-0896,Q1
https://openalex.org/W2031425608,0366-7022,Q2
https://openalex.org/W2031427734,1054-2523,Q4
https://openalex.org/W2031434002,0960-894X,Q1
https://openalex.org/W2031437672,1432-8488,Q2
https://openalex.org/W2031438127,1386-1425,Q2
https://openalex.org/W2031438340,0009-2509,Q1
https://openalex.org/W2031439211,0021-8995,Q2
https://openalex.org/W2031466688,0021-9673,Q1
https://openalex.org/W2031484420,0021-9673,Q1
https://openalex.org/W2031496992,0352-5139,Q3
https://openalex.org/W2031497056,0378-7753,Q1
https://openalex.org/W2031520298,1612-1872,Q2
https://openalex.org/W2031524343,0960-894X,Q1
https://openalex.org/W2031525356,0731-7085,Q1
https://openalex.org/W2031525619,0169-4332,-
https://openalex.org/W2031527329,1041-2905,Q2
https://openalex.org/W2031549597,1618-2642,Q1
https://openalex.org/W2031551136,1066-5285,Q3
https://openalex.org/W2031602927,1040-0397,Q2
https://openalex.org/W2031659467,0011-9164,Q1
https://openalex.org/W2031677890,0232-1300,Q2
https://openalex.org/W2031692730,0968-0896,Q1
https://openalex.org/W2031741895,0008-6223,Q1
https://openalex.org/W2031744991,0236-5731,Q3
https://openalex.org/W2031755119,0927-7757,-
https://openalex.org/W2031758033,0011-9164,Q1
https://openalex.org/W2031771006,0169-4332,-
https://openalex.org/W2031791577,0022-3697,Q2
https://openalex.org/W2031794271,0011-9164,Q1
https://openalex.org/W2031824900,1388-6150,Q3
https://openalex.org/W2031824967,0022-0248,Q1
https://openalex.org/W2031831312,0385-5414,Q2
https://openalex.org/W2031860429,1570-0232,Q1
https://openalex.org/W2031886062,0024-4201,Q2
https://openalex.org/W2031902205,1387-1811,Q1
https://openalex.org/W2031908980,0169-4332,-
https://openalex.org/W2031928373,0916-8451,Q3
https://openalex.org/W2031929606,0960-894X,Q1
https://openalex.org/W2031938925,0021-8995,Q2
https://openalex.org/W2031945031,0236-5731,Q3
https://openalex.org/W2031949934,0378-7753,Q1
https://openalex.org/W2031989714,0308-8146,Q1
https://openalex.org/W2031992661,0022-3263,Q1
https://openalex.org/W2032011593,0011-9164,Q1
https://openalex.org/W2032036810,0308-8146,Q1
https://openalex.org/W2032095459,0022-1139,Q2
https://openalex.org/W2032102101,0003-2700,Q1
https://openalex.org/W2032115635,0003-2654,Q1
https://openalex.org/W2032115761,1520-4766,-
https://openalex.org/W2032121887,1001-604X,Q3
https://openalex.org/W2032136717,1099-0690,Q1
https://openalex.org/W2032139999,0011-9164,Q1
https://openalex.org/W2032145497,0385-5414,Q2
https://openalex.org/W2032156966,0039-128X,Q2
https://openalex.org/W2032164889,0925-4005,-
https://openalex.org/W2032174574,1099-0690,Q1
https://openalex.org/W2032198119,0022-3697,Q2
https://openalex.org/W2032216474,0003-2700,Q1
https://openalex.org/W2032227776,0020-7608,Q2
https://openalex.org/W2032227925,0039-9140,Q1
https://openalex.org/W2032228296,0021-9614,Q2
https://openalex.org/W2032245174,0378-7753,Q1
https://openalex.org/W2032245971,0022-3697,Q2
https://openalex.org/W2032246099,0968-0896,Q1
https://openalex.org/W2032260498,1386-1425,Q2
https://openalex.org/W2032261762,0022-152X,Q3
https://openalex.org/W2032273020,1066-5285,Q3
https://openalex.org/W2032276360,0300-9440,Q2
https://openalex.org/W2032282961,1878-5352,-
https://openalex.org/W2032308297,0010-2180,Q1
https://openalex.org/W2032316876,1388-6150,Q3
https://openalex.org/W2032359011,0162-0134,Q1
https://openalex.org/W2032368720,0009-3122,Q4
https://openalex.org/W2032384192,0960-894X,Q1
https://openalex.org/W2032387575,0173-0835,Q1
https://openalex.org/W2032405843,1478-422X,Q2
https://openalex.org/W2032428079,0021-9606,Q1
https://openalex.org/W2032438781,0031-8655,Q2
https://openalex.org/W2032445589,0743-7463,Q1
https://openalex.org/W2032447488,0925-4005,-
https://openalex.org/W2032467847,0011-9164,Q1
https://openalex.org/W2032505696,1572-6657,Q2
https://openalex.org/W2032519404,0272-8397,Q2
https://openalex.org/W2032525171,0223-5234,Q2
https://openalex.org/W2032526831,0257-8972,Q1
https://openalex.org/W2032532869,0947-6539,Q1
https://openalex.org/W2032552384,1381-5148,Q1
https://openalex.org/W2032558110,1473-0189,Q1
https://openalex.org/W2032603202,1359-7345,Q1
https://openalex.org/W2032619381,1566-1199,Q1
https://openalex.org/W2032674921,0021-8995,Q2
https://openalex.org/W2032678782,1023-1935,Q4
https://openalex.org/W2032689804,0040-4020,Q1
https://openalex.org/W2032705504,0925-4005,-
https://openalex.org/W2032723861,1433-7851,Q1
https://openalex.org/W2032734699,0731-7085,Q1
https://openalex.org/W2032746283,0378-7753,Q1
https://openalex.org/W2032778690,0003-2670,Q1
https://openalex.org/W2032793996,0169-4332,-
https://openalex.org/W2032799807,0888-5885,Q1
https://openalex.org/W2032808346,0021-8995,Q2
https://openalex.org/W2032810834,0257-8972,Q1
https://openalex.org/W2032813505,1424-8220,Q3
https://openalex.org/W2032817987,0021-9568,Q1
https://openalex.org/W2032831567,0169-4332,-
https://openalex.org/W2032840501,0916-8451,Q3
https://openalex.org/W2032841328,1385-8947,Q1
https://openalex.org/W2032869309,0039-7911,Q3
https://openalex.org/W2032882826,0021-8995,Q2
https://openalex.org/W2032904149,0362-4803,Q3
https://openalex.org/W2032936509,0013-4651,Q1
https://openalex.org/W2032938428,1022-5528,Q1
https://openalex.org/W2032942664,0731-7085,Q1
https://openalex.org/W2032947386,0366-7022,Q2
https://openalex.org/W2032966167,1385-8947,Q1
https://openalex.org/W2032986375,0040-6031,Q2
https://openalex.org/W2033000503,0020-1669,Q1
https://openalex.org/W2033010493,0259-9791,Q2
https://openalex.org/W2033037670,1386-1425,Q2
https://openalex.org/W2033044994,0927-7757,-
https://openalex.org/W2033081452,1091-6466,Q2
https://openalex.org/W2033092601,0021-9673,Q1
https://openalex.org/W2033098790,1420-3049,Q2
https://openalex.org/W2033107347,0142-2421,Q2
https://openalex.org/W2033120555,0009-2509,Q1
https://openalex.org/W2033187866,0927-7765,Q2
https://openalex.org/W2033193572,0045-6535,Q1
https://openalex.org/W2033206686,0040-6031,Q2
https://openalex.org/W2033255134,0968-0896,Q1
https://openalex.org/W2033256639,1061-9348,Q4
https://openalex.org/W2033260865,0257-8972,Q1
https://openalex.org/W2033266502,1618-2642,Q1
https://openalex.org/W2033274085,0009-5893,Q2
https://openalex.org/W2033275508,1566-7367,Q1
https://openalex.org/W2033285570,0165-2370,Q1
https://openalex.org/W2033304866,0163-4984,Q3
https://openalex.org/W2033309912,0009-2363,Q2
https://openalex.org/W2033334630,0009-3130,-
https://openalex.org/W2033382287,0022-1139,Q2
https://openalex.org/W2033386069,1566-7367,Q1
https://openalex.org/W2033415398,0925-3467,-
https://openalex.org/W2033419378,0095-8972,Q3
https://openalex.org/W2033446121,0009-3130,-
https://openalex.org/W2033459745,1070-4280,Q4
https://openalex.org/W2033483681,1385-8947,Q1
https://openalex.org/W2033492555,0021-8995,Q2
https://openalex.org/W2033515011,0959-8103,-
https://openalex.org/W2033531313,0253-6269,Q3
https://openalex.org/W2033534807,0021-891X,Q2
https://openalex.org/W2033561722,1383-5866,Q1
https://openalex.org/W2033562740,0011-9164,Q1
https://openalex.org/W2033589206,1000-324X,Q4
https://openalex.org/W2033596844,1028-6020,Q3
https://openalex.org/W2033605168,1420-3049,Q2
https://openalex.org/W2033607768,0024-9297,Q1
https://openalex.org/W2033620524,0731-7085,Q1
https://openalex.org/W2033641701,0925-4005,-
https://openalex.org/W2033678134,0021-8995,Q2
https://openalex.org/W2033703672,1345-8957,Q2
https://openalex.org/W2033725868,1424-8220,Q3
https://openalex.org/W2033743927,0024-9297,Q1
https://openalex.org/W2033747274,1509-8117,Q4
https://openalex.org/W2033793344,1387-1811,Q1
https://openalex.org/W2033796371,1598-5032,Q2
https://openalex.org/W2033813976,0040-6031,Q2
https://openalex.org/W2033832443,1001-0521,Q3
https://openalex.org/W2033839559,1944-8201,-
https://openalex.org/W2033847157,0960-894X,Q1
https://openalex.org/W2033874003,0021-8561,Q1
https://openalex.org/W2033880495,0924-2031,Q3
https://openalex.org/W2033900560,0022-2348,Q2
https://openalex.org/W2033903996,0040-4039,Q1
https://openalex.org/W2033921336,0021-891X,Q2
https://openalex.org/W2033929458,1932-7447,Q1
https://openalex.org/W2033943146,0929-5607,Q2
https://openalex.org/W2033954951,0949-1775,Q2
https://openalex.org/W2033985163,1876-1070,Q2
https://openalex.org/W2033992038,1424-8220,Q3
https://openalex.org/W2033993400,0947-8396,Q1
https://openalex.org/W2034002040,0257-8972,Q1
https://openalex.org/W2034031296,0024-9297,Q1
https://openalex.org/W2034034378,0040-4020,Q1
https://openalex.org/W2034049292,1144-0546,Q1
https://openalex.org/W2034073232,1478-6419,Q3
https://openalex.org/W2034082326,0049-8246,Q3
https://openalex.org/W2034092637,0021-8995,Q2
https://openalex.org/W2034130354,0731-7085,Q1
https://openalex.org/W2034173921,1004-9541,Q2
https://openalex.org/W2034208711,0021-8561,Q1
https://openalex.org/W2034274656,1523-7052,Q1
https://openalex.org/W2034284426,0040-4039,Q1
https://openalex.org/W2034307500,0039-7911,Q3
https://openalex.org/W2034317721,0022-2313,Q1
https://openalex.org/W2034336451,0957-4166,Q1
https://openalex.org/W2034342545,0972-060X,Q4
https://openalex.org/W2034357279,0257-8972,Q1
https://openalex.org/W2034385482,0169-4332,-
https://openalex.org/W2034387427,0039-9140,Q1
https://openalex.org/W2034391941,0303-402X,Q2
https://openalex.org/W2034392536,1061-9348,Q4
https://openalex.org/W2034406142,0030-4018,Q2
https://openalex.org/W2034412845,0236-5731,Q3
https://openalex.org/W2034413531,0925-4005,-
https://openalex.org/W2034456127,0169-4332,-
https://openalex.org/W2034456832,0040-4039,Q1
https://openalex.org/W2034493976,0022-2313,Q1
https://openalex.org/W2034515492,0009-0352,Q2
https://openalex.org/W2034517948,0379-7112,Q1
https://openalex.org/W2034550873,0021-9568,Q1
https://openalex.org/W2034554618,0146-4760,Q2
https://openalex.org/W2034565344,0306-7319,Q2
https://openalex.org/W2034568603,0020-1685,Q3
https://openalex.org/W2034574826,0257-8972,Q1
https://openalex.org/W2034592992,0021-9517,Q1
https://openalex.org/W2034604095,0378-7753,Q1
https://openalex.org/W2034606571,1359-0294,Q1
https://openalex.org/W2034621278,0378-7753,Q1
https://openalex.org/W2034632353,0021-9568,Q1
https://openalex.org/W2034652339,0040-4039,Q1
https://openalex.org/W2034677854,0040-4020,Q1
https://openalex.org/W2034690728,1932-7447,Q1
https://openalex.org/W2034710046,0009-5893,Q2
https://openalex.org/W2034711102,0960-894X,Q1
https://openalex.org/W2034723876,0045-6535,Q1
https://openalex.org/W2034724569,0022-2313,Q1
https://openalex.org/W2034742623,0236-5731,Q3
https://openalex.org/W2034765817,0377-0486,Q1
https://openalex.org/W2034797521,0960-894X,Q1
https://openalex.org/W2034807278,0584-8547,Q1
https://openalex.org/W2034817837,1615-4150,Q1
https://openalex.org/W2034819184,1476-1122,Q1
https://openalex.org/W2034824139,0021-9673,Q1
https://openalex.org/W2034866157,0364-5916,Q1
https://openalex.org/W2034907732,0887-624X,Q1
https://openalex.org/W2034928690,0020-1693,Q2
https://openalex.org/W2034944625,0169-4332,-
https://openalex.org/W2034945866,0957-4484,Q1
https://openalex.org/W2034948231,0888-5885,Q1
https://openalex.org/W2034970254,1388-6150,Q3
https://openalex.org/W2034986200,0010-938X,Q1
https://openalex.org/W2034995806,0888-5885,Q1
https://openalex.org/W2035030579,0257-8972,Q1
https://openalex.org/W2035033281,0021-9673,Q1
https://openalex.org/W2035044167,1932-7447,Q1
https://openalex.org/W2035085669,1751-7192,Q3
https://openalex.org/W2035098576,0957-4166,Q1
https://openalex.org/W2035108094,0011-9164,Q1
https://openalex.org/W2035120715,0378-7753,Q1
https://openalex.org/W2035145657,0378-7753,Q1
https://openalex.org/W2035194663,0584-8547,Q1
https://openalex.org/W2035211725,1388-2481,Q1
https://openalex.org/W2035221882,0300-9440,Q2
https://openalex.org/W2035230441,0169-4332,-
https://openalex.org/W2035286036,0016-2361,Q1
https://openalex.org/W2035316937,1566-7367,Q1
https://openalex.org/W2035335816,0022-0248,Q1
https://openalex.org/W2035338124,0009-5893,Q2
https://openalex.org/W2035347065,0049-8246,Q3
https://openalex.org/W2035352070,0959-9428,Q1
https://openalex.org/W2035352961,0376-7388,Q1
https://openalex.org/W2035402445,0223-5234,Q2
https://openalex.org/W2035404632,0920-5861,Q1
https://openalex.org/W2035404970,0731-7085,Q1
https://openalex.org/W2035412132,0021-8995,Q2
https://openalex.org/W2035453690,1432-8488,Q2
https://openalex.org/W2035454501,0888-5885,Q1
https://openalex.org/W2035461355,0947-8396,Q1
https://openalex.org/W2035500987,1099-0062,Q1
https://openalex.org/W2035501522,1598-5032,Q2
https://openalex.org/W2035507391,0040-4039,Q1
https://openalex.org/W2035528975,1070-4272,Q4
https://openalex.org/W2035542370,0021-8995,Q2
https://openalex.org/W2035573313,0022-4596,Q1
https://openalex.org/W2035584931,0169-4332,-
https://openalex.org/W2035586881,1010-6030,Q1
https://openalex.org/W2035622021,1388-6150,Q3
https://openalex.org/W2035624517,1099-0690,Q1
https://openalex.org/W2035626667,0003-2670,Q1
https://openalex.org/W2035628200,0259-9791,Q2
https://openalex.org/W2035641319,1001-8417,Q3
https://openalex.org/W2035654030,1350-4177,-
https://openalex.org/W2035664161,1432-8488,Q2
https://openalex.org/W2035691587,0257-8972,Q1
https://openalex.org/W2035740774,1612-1872,Q2
https://openalex.org/W2035745455,0021-8995,Q2
https://openalex.org/W2035747893,0009-2363,Q2
https://openalex.org/W2035748288,0020-1693,Q2
https://openalex.org/W2035768871,0040-6031,Q2
https://openalex.org/W2035778606,0169-4332,-
https://openalex.org/W2035781473,1566-7367,Q1
https://openalex.org/W2035789451,0968-0896,Q1
https://openalex.org/W2035790116,0223-5234,Q2
https://openalex.org/W2035793675,0036-0244,Q4
https://openalex.org/W2035798161,1566-7367,Q1
https://openalex.org/W2035800198,0960-894X,Q1
https://openalex.org/W2035810635,0021-891X,Q2
https://openalex.org/W2035820398,1618-2642,Q1
https://openalex.org/W2035837769,0008-6223,Q1
https://openalex.org/W2035847411,1387-3806,Q2
https://openalex.org/W2035847667,0021-8561,Q1
https://openalex.org/W2035865790,0968-0896,Q1
https://openalex.org/W2035877812,0009-2509,Q1
https://openalex.org/W2035882818,0021-9673,Q1
https://openalex.org/W2035906672,0011-9164,Q1
https://openalex.org/W2035917603,0308-8146,Q1
https://openalex.org/W2035918673,1523-7052,Q1
https://openalex.org/W2035923637,1229-9197,Q3
https://openalex.org/W2035925333,0927-7757,-
https://openalex.org/W2035941274,0022-2860,Q3
https://openalex.org/W2035942815,0958-0344,Q2
https://openalex.org/W2035944265,1089-5639,Q1
https://openalex.org/W2035959851,0927-7765,Q2
https://openalex.org/W2036006903,0925-3467,-
https://openalex.org/W2036018672,0378-7753,Q1
https://openalex.org/W2036022843,0021-8995,Q2
https://openalex.org/W2036047816,0021-8561,Q1
https://openalex.org/W2036065093,1615-4150,Q1
https://openalex.org/W2036076857,0724-8741,Q1
https://openalex.org/W2036084072,1432-8488,Q2
https://openalex.org/W2036094225,0009-3122,Q4
https://openalex.org/W2036097345,0022-152X,Q3
https://openalex.org/W2036110514,0022-0248,Q1
https://openalex.org/W2036146077,0925-4005,-
https://openalex.org/W2036170624,0039-9140,Q1
https://openalex.org/W2036241368,0256-1115,Q2
https://openalex.org/W2036242910,0021-8995,Q2
https://openalex.org/W2036261135,0956-5663,Q1
https://openalex.org/W2036268098,0009-3122,Q4
https://openalex.org/W2036289204,1070-4280,Q4
https://openalex.org/W2036292636,0308-8146,Q1
https://openalex.org/W2036316072,0269-3879,Q2
https://openalex.org/W2036317792,0925-4005,-
https://openalex.org/W2036324631,0968-0896,Q1
https://openalex.org/W2036327951,1083-6160,Q2
https://openalex.org/W2036336955,1383-5866,Q1
https://openalex.org/W2036343786,1070-3632,Q3
https://openalex.org/W2036351567,1070-3284,Q4
https://openalex.org/W2036362627,0039-9140,Q1
https://openalex.org/W2036386689,0223-5234,Q2
https://openalex.org/W2036392246,1359-7345,Q1
https://openalex.org/W2036401517,0013-936X,Q1
https://openalex.org/W2036428375,1566-1199,Q1
https://openalex.org/W2036448959,0149-6395,Q2
https://openalex.org/W2036452777,0021-8995,Q2
https://openalex.org/W2036463386,0003-2700,Q1
https://openalex.org/W2036485651,1091-6466,Q2
https://openalex.org/W2036506092,0223-5234,Q2
https://openalex.org/W2036518477,0308-8146,Q1
https://openalex.org/W2036549381,0039-9140,Q1
https://openalex.org/W2036564001,0011-9164,Q1
https://openalex.org/W2036566711,0899-0042,Q2
https://openalex.org/W2036575693,1432-2234,Q1
https://openalex.org/W2036577778,0378-7753,Q1
https://openalex.org/W2036605306,2070-2051,Q4
https://openalex.org/W2036618793,0021-8561,Q1
https://openalex.org/W2036622548,0021-9673,Q1
https://openalex.org/W2036637018,1004-9541,Q2
https://openalex.org/W2036642724,0021-9517,Q1
https://openalex.org/W2036674015,0013-936X,Q1
https://openalex.org/W2036715876,0022-3263,Q1
https://openalex.org/W2036719291,0525-1931,Q4
https://openalex.org/W2036740097,0960-894X,Q1
https://openalex.org/W2036741510,0144-8617,Q1
https://openalex.org/W2036765504,1383-5866,Q1
https://openalex.org/W2036802971,0040-4020,Q1
https://openalex.org/W2036807772,0021-8995,Q2
https://openalex.org/W2036815573,0030-4018,Q2
https://openalex.org/W2036825823,0887-624X,Q1
https://openalex.org/W2036832514,0011-9164,Q1
https://openalex.org/W2036848234,0039-9140,Q1
https://openalex.org/W2036853697,1359-7345,Q1
https://openalex.org/W2036927874,1549-9596,Q1
https://openalex.org/W2036941012,0887-624X,Q1
https://openalex.org/W2036942403,0897-4756,Q1
https://openalex.org/W2036988696,0195-928X,-
https://openalex.org/W2037017686,1386-1425,Q2
https://openalex.org/W2037021095,1359-7345,Q1
https://openalex.org/W2037030048,1572-6657,Q2
https://openalex.org/W2037074847,0021-8995,Q2
https://openalex.org/W2037097185,1385-8947,Q1
https://openalex.org/W2037106708,0916-8451,Q3
https://openalex.org/W2037115349,0013-936X,Q1
https://openalex.org/W2037139401,0910-6340,Q2
https://openalex.org/W2037146187,0032-3861,Q1
https://openalex.org/W2037149495,0306-0012,Q1
https://openalex.org/W2037168414,1022-9760,Q2
https://openalex.org/W2037203287,0021-9568,Q1
https://openalex.org/W2037215853,0039-7911,Q3
https://openalex.org/W2037235698,1573-3149,Q3
https://openalex.org/W2037268959,0236-5731,Q3
https://openalex.org/W2037270410,0378-7753,Q1
https://openalex.org/W2037283122,1566-7367,Q1
https://openalex.org/W2037294421,1860-7179,Q1
https://openalex.org/W2037320406,0024-9297,Q1
https://openalex.org/W2037415987,0022-152X,Q3
https://openalex.org/W2037431800,0968-0896,Q1
https://openalex.org/W2037448487,0163-4984,Q3
https://openalex.org/W2037450851,0040-4039,Q1
https://openalex.org/W2037463561,0737-3937,Q3
https://openalex.org/W2037463732,0020-1685,Q3
https://openalex.org/W2037472208,0022-3263,Q1
https://openalex.org/W2037499852,0925-4005,-
https://openalex.org/W2037515847,1091-6466,Q2
https://openalex.org/W2037537747,1566-7367,Q1
https://openalex.org/W2037539631,0032-3861,Q1
https://openalex.org/W2037541633,0021-8995,Q2
https://openalex.org/W2037553558,1463-9076,Q1
https://openalex.org/W2037577497,0253-6269,Q3
https://openalex.org/W2037601985,0003-7028,Q3
https://openalex.org/W2037606062,1477-0520,Q1
https://openalex.org/W2037616679,0888-5885,Q1
https://openalex.org/W2037617809,0003-2700,Q1
https://openalex.org/W2037626296,0223-5234,Q2
https://openalex.org/W2037633981,0960-894X,Q1
https://openalex.org/W2037639513,1388-2481,Q1
https://openalex.org/W2037643946,1463-9076,Q1
https://openalex.org/W2037672428,1350-4177,-
https://openalex.org/W2037673124,0036-021X,Q2
https://openalex.org/W2037675964,1478-6419,Q3
https://openalex.org/W2037677764,0009-3122,Q4
https://openalex.org/W2037678712,0920-5861,Q1
https://openalex.org/W2037711901,0030-4018,Q2
https://openalex.org/W2037723399,0021-9614,Q2
https://openalex.org/W2037760952,1001-0521,Q3
https://openalex.org/W2037789835,0022-2860,Q3
https://openalex.org/W2037791992,0947-8396,Q1
https://openalex.org/W2037797448,0022-3697,Q2
https://openalex.org/W2037807811,0268-2575,Q2
https://openalex.org/W2037824871,0165-2370,Q1
https://openalex.org/W2037856028,1755-4330,-
https://openalex.org/W2037860397,0022-152X,Q3
https://openalex.org/W2037904179,0223-5234,Q2
https://openalex.org/W2037912053,0949-1775,Q2
https://openalex.org/W2037923020,0022-152X,Q3
https://openalex.org/W2037924319,1385-2728,Q1
https://openalex.org/W2037932589,1061-9348,Q4
https://openalex.org/W2037988981,1530-6984,Q1
https://openalex.org/W2038009026,0021-8561,Q1
https://openalex.org/W2038009750,0308-8146,Q1
https://openalex.org/W2038019957,0956-5663,Q1
https://openalex.org/W2038045065,0268-005X,Q1
https://openalex.org/W2038109605,0268-2575,Q2
https://openalex.org/W2038127320,1936-9751,Q3
https://openalex.org/W2038140369,0377-0486,Q1
https://openalex.org/W2038141966,0960-894X,Q1
https://openalex.org/W2038152406,0951-4198,Q1
https://openalex.org/W2038156443,1001-604X,Q3
https://openalex.org/W2038165331,0927-7757,-
https://openalex.org/W2038168678,0257-8972,Q1
https://openalex.org/W2038188179,0366-7022,Q2
https://openalex.org/W2038190133,0011-9164,Q1
https://openalex.org/W2038207377,0169-4332,-
https://openalex.org/W2038220798,0036-0244,Q4
https://openalex.org/W2038233742,1070-4272,Q4
https://openalex.org/W2038236528,0040-4039,Q1
https://openalex.org/W2038238138,1061-933X,Q4
https://openalex.org/W2038242661,0956-5663,Q1
https://openalex.org/W2038244422,1613-6810,-
https://openalex.org/W2038254185,0257-8972,Q1
https://openalex.org/W2038272053,1598-5032,Q2
https://openalex.org/W2038304863,1876-1070,Q2
https://openalex.org/W2038315497,1099-0062,Q1
https://openalex.org/W2038317946,0732-8303,Q3
https://openalex.org/W2038318495,0308-8146,Q1
https://openalex.org/W2038332343,0040-4020,Q1
https://openalex.org/W2038348287,0039-7911,Q3
https://openalex.org/W2038351196,1439-4235,Q1
https://openalex.org/W2038353271,0022-3697,Q2
https://openalex.org/W2038368808,0032-3888,Q2
https://openalex.org/W2038382781,0949-1775,Q2
https://openalex.org/W2038391836,0022-2313,Q1
https://openalex.org/W2038402426,1420-3049,Q2
https://openalex.org/W2038406417,0927-7757,-
https://openalex.org/W2038425740,0022-3263,Q1
https://openalex.org/W2038439869,1388-6150,Q3
https://openalex.org/W2038486119,1387-1811,Q1
https://openalex.org/W2038521158,1566-7367,Q1
https://openalex.org/W2038534576,0960-894X,Q1
https://openalex.org/W2038540247,0920-5861,Q1
https://openalex.org/W2038562285,0376-7388,Q1
https://openalex.org/W2038611092,1439-4235,Q1
https://openalex.org/W2038623259,1615-9306,Q1
https://openalex.org/W2038633236,0009-3130,-
https://openalex.org/W2038642133,1572-6657,Q2
https://openalex.org/W2038674347,0032-0943,Q2
https://openalex.org/W2038692321,1040-0397,Q2
https://openalex.org/W2038706385,0142-2421,Q2
https://openalex.org/W2038712057,0223-5234,Q2
https://openalex.org/W2038720172,0038-9056,Q3
https://openalex.org/W2038721527,0927-0256,Q1
https://openalex.org/W2038738985,0268-2575,Q2
https://openalex.org/W2038743592,0965-5441,Q3
https://openalex.org/W2038751243,1344-3542,Q3
https://openalex.org/W2038757656,0011-9164,Q1
https://openalex.org/W2038795284,1388-6150,Q3
https://openalex.org/W2038805242,0039-9140,Q1
https://openalex.org/W2038816870,0024-9297,Q1
https://openalex.org/W2038850609,1144-0546,Q1
https://openalex.org/W2038869195,1572-6657,Q2
https://openalex.org/W2038886959,1741-5993,Q2
https://openalex.org/W2038892294,0013-4651,Q1
https://openalex.org/W2038946063,1293-2558,Q1
https://openalex.org/W2038965968,1615-9306,Q1
https://openalex.org/W2038974718,1002-0721,Q3
https://openalex.org/W2038993836,1348-6535,Q2
https://openalex.org/W2038996441,0968-0896,Q1
https://openalex.org/W2039023283,1099-0062,Q1
https://openalex.org/W2039043977,1001-604X,Q3
https://openalex.org/W2039059249,0022-0248,Q1
https://openalex.org/W2039062516,1386-1425,Q2
https://openalex.org/W2039093825,0144-8617,Q1
https://openalex.org/W2039103141,0003-2654,Q1
https://openalex.org/W2039111515,0269-3879,Q2
https://openalex.org/W2039126864,1091-6466,Q2
https://openalex.org/W2039141354,1388-2481,Q1
https://openalex.org/W2039172910,0236-5731,Q3
https://openalex.org/W2039174488,0032-3888,Q2
https://openalex.org/W2039184984,0013-936X,Q1
https://openalex.org/W2039224948,0008-6223,Q1
https://openalex.org/W2039261030,1878-5352,-
https://openalex.org/W2039293516,0021-8561,Q1
https://openalex.org/W2039297139,0003-2670,Q1
https://openalex.org/W2039306441,0022-152X,Q3
https://openalex.org/W2039321899,0253-2964,Q3
https://openalex.org/W2039329935,0021-9568,Q1
https://openalex.org/W2039334301,1788-618X,Q2
https://openalex.org/W2039349333,0308-8146,Q1
https://openalex.org/W2039375011,0888-5885,Q1
https://openalex.org/W2039390235,0193-2691,Q3
https://openalex.org/W2039404452,0008-6223,Q1
https://openalex.org/W2039412236,0026-9247,Q2
https://openalex.org/W2039415933,0960-894X,Q1
https://openalex.org/W2039432244,1944-0057,Q1
https://openalex.org/W2039451451,0966-0844,-
https://openalex.org/W2039460480,0032-3861,Q1
https://openalex.org/W2039466394,0009-5893,Q2
https://openalex.org/W2039469631,0731-7085,Q1
https://openalex.org/W2039501660,1022-1360,Q3
https://openalex.org/W2039508186,0269-3879,Q2
https://openalex.org/W2039537557,0888-5885,Q1
https://openalex.org/W2039562705,0223-5234,Q2
https://openalex.org/W2039565957,0378-7753,Q1
https://openalex.org/W2039603644,0008-6223,Q1
https://openalex.org/W2039681257,0008-6223,Q1
https://openalex.org/W2039686568,0040-4020,Q1
https://openalex.org/W2039687832,0959-8103,-
https://openalex.org/W2039692323,0040-4020,Q1
https://openalex.org/W2039751076,1054-2523,Q4
https://openalex.org/W2039755239,0003-021X,Q2
https://openalex.org/W2039817866,0892-6875,Q1
https://openalex.org/W2039823691,0091-4037,Q3
https://openalex.org/W2039850855,0003-2700,Q1
https://openalex.org/W2039852936,1523-7052,Q1
https://openalex.org/W2039861833,0968-0896,Q1
https://openalex.org/W2039867012,0930-7516,Q2
https://openalex.org/W2039867157,0195-928X,-
https://openalex.org/W2039871964,0022-328X,Q2
https://openalex.org/W2039879602,0960-894X,Q1
https://openalex.org/W2039900978,0040-4020,Q1
https://openalex.org/W2039901050,1388-6150,Q3
https://openalex.org/W2039901792,0257-8972,Q1
https://openalex.org/W2039908597,0257-8972,Q1
https://openalex.org/W2039924212,0731-7085,Q1
https://openalex.org/W2039940148,0960-894X,Q1
https://openalex.org/W2039948877,1570-0232,Q1
https://openalex.org/W2039988125,0920-5861,Q1
https://openalex.org/W2040006670,1350-4177,-
https://openalex.org/W2040008434,1319-6103,-
https://openalex.org/W2040010595,0009-3122,Q4
https://openalex.org/W2040022287,0163-3864,Q1
https://openalex.org/W2040053639,0737-3937,Q3
https://openalex.org/W2040072494,1066-3622,Q4
https://openalex.org/W2040130979,0256-1115,Q2
https://openalex.org/W2040198144,1432-2234,Q1
https://openalex.org/W2040204761,0013-936X,Q1
https://openalex.org/W2040219726,0377-0486,Q1
https://openalex.org/W2040234324,0376-7388,Q1
https://openalex.org/W2040254688,0022-2313,Q1
https://openalex.org/W2040254960,0368-2048,Q2
https://openalex.org/W2040261924,1549-9596,Q1
https://openalex.org/W2040270142,0010-2202,Q1
https://openalex.org/W2040273604,0023-1584,Q3
https://openalex.org/W2040275100,0021-9568,Q1
https://openalex.org/W2040276496,0255-2701,Q1
https://openalex.org/W2040285350,0169-4332,-
https://openalex.org/W2040294296,0308-8146,Q1
https://openalex.org/W2040331070,0731-7085,Q1
https://openalex.org/W2040333857,1474-905X,Q2
https://openalex.org/W2040367004,0920-5861,Q1
https://openalex.org/W2040369773,1438-7492,Q1
https://openalex.org/W2040383215,0223-5234,Q2
https://openalex.org/W2040420801,1478-6419,Q3
https://openalex.org/W2040428650,1388-2481,Q1
https://openalex.org/W2040435143,0032-3861,Q1
https://openalex.org/W2040456994,1082-6076,Q3
https://openalex.org/W2040470365,0049-8246,Q3
https://openalex.org/W2040482731,1932-7447,Q1
https://openalex.org/W2040501992,1932-7447,Q1
https://openalex.org/W2040521941,0022-152X,Q3
https://openalex.org/W2040535119,0022-3697,Q2
https://openalex.org/W2040555277,0960-894X,Q1
https://openalex.org/W2040555753,0009-5893,Q2
https://openalex.org/W2040556405,0002-7863,Q1
https://openalex.org/W2040578049,1466-8033,Q1
https://openalex.org/W2040652870,1388-2481,Q1
https://openalex.org/W2040671674,1523-7052,Q1
https://openalex.org/W2040672383,0170-0839,Q2
https://openalex.org/W2040693794,0920-5861,Q1
https://openalex.org/W2040694582,1420-3049,Q2
https://openalex.org/W2040699956,0378-7753,Q1
https://openalex.org/W2040747108,1618-2642,Q1
https://openalex.org/W2040754183,1476-1122,Q1
https://openalex.org/W2040782050,0021-8995,Q2
https://openalex.org/W2040786446,1070-4272,Q4
https://openalex.org/W2040795756,0236-5731,Q3
https://openalex.org/W2040833290,0960-894X,Q1
https://openalex.org/W2040834083,0960-894X,Q1
https://openalex.org/W2040844767,0016-2361,Q1
https://openalex.org/W2040849234,0308-8146,Q1
https://openalex.org/W2040857075,0021-8995,Q2
https://openalex.org/W2040861211,1943-0884,-
https://openalex.org/W2040864537,0008-6223,Q1
https://openalex.org/W2040882740,0888-5885,Q1
https://openalex.org/W2040894027,0925-4005,-
https://openalex.org/W2040898139,0584-8547,Q1
https://openalex.org/W2040909334,1424-8220,Q3
https://openalex.org/W2040929378,0022-3263,Q1
https://openalex.org/W2040962139,1053-0509,Q2
https://openalex.org/W2040964948,0003-2670,Q1
https://openalex.org/W2040970104,0021-891X,Q2
https://openalex.org/W2040988858,1523-7052,Q1
https://openalex.org/W2040990889,1144-0546,Q1
https://openalex.org/W2041005143,1463-9076,Q1
https://openalex.org/W2041015361,1744-683X,Q1
https://openalex.org/W2041044609,0040-4039,Q1
https://openalex.org/W2041056998,0021-9568,Q1
https://openalex.org/W2041080930,0195-928X,-
https://openalex.org/W2041093857,0169-4332,-
https://openalex.org/W2041099445,0036-0236,Q4
https://openalex.org/W2041118660,0033-8230,Q3
https://openalex.org/W2041123500,1438-7697,Q1
https://openalex.org/W2041127877,0021-8561,Q1
https://openalex.org/W2041157326,0026-265X,Q2
https://openalex.org/W2041170068,0002-7863,Q1
https://openalex.org/W2041183231,0022-3263,Q1
https://openalex.org/W2041212909,0002-7863,Q1
https://openalex.org/W2041215812,0003-2654,Q1
https://openalex.org/W2041241562,0144-8617,Q1
https://openalex.org/W2041250362,1083-6160,Q2
https://openalex.org/W2041262113,1099-0690,Q1
https://openalex.org/W2041272602,0378-3812,Q1
https://openalex.org/W2041286723,0170-0839,Q2
https://openalex.org/W2041357699,0021-1575,Q3
https://openalex.org/W2041378937,0376-7388,Q1
https://openalex.org/W2041410133,0169-4332,-
https://openalex.org/W2041454720,0013-936X,Q1
https://openalex.org/W2041457190,1099-0062,Q1
https://openalex.org/W2041504797,0011-9164,Q1
https://openalex.org/W2041506162,0960-894X,Q1
https://openalex.org/W2041515979,0022-3697,Q2
https://openalex.org/W2041516302,0927-0256,Q1
https://openalex.org/W2041540799,1002-0721,Q3
https://openalex.org/W2041568968,1011-372X,Q1
https://openalex.org/W2041578660,0009-2614,Q1
https://openalex.org/W2041592634,0039-9140,Q1
https://openalex.org/W2041618886,0193-2691,Q3
https://openalex.org/W2041622326,1757-6180,-
https://openalex.org/W2041634745,1387-7003,Q2
https://openalex.org/W2041640808,0968-0896,Q1
https://openalex.org/W2041646064,0169-4332,-
https://openalex.org/W2041660207,1598-5032,Q2
https://openalex.org/W2041673178,1001-8417,Q3
https://openalex.org/W2041693981,0223-5234,Q2
https://openalex.org/W2041704999,1011-372X,Q1
https://openalex.org/W2041744140,0272-8397,Q2
https://openalex.org/W2041773225,1070-3632,Q3
https://openalex.org/W2041776758,0009-2363,Q2
https://openalex.org/W2041845751,1083-6160,Q2
https://openalex.org/W2041847473,0018-1439,Q4
https://openalex.org/W2041861530,1023-666X,Q4
https://openalex.org/W2041875124,0040-4039,Q1
https://openalex.org/W2041887088,0003-2670,Q1
https://openalex.org/W2041888286,0010-5082,Q2
https://openalex.org/W2041889240,0021-8561,Q1
https://openalex.org/W2041898456,0959-8103,-
https://openalex.org/W2041903656,1882-2398,Q4
https://openalex.org/W2041950939,0960-894X,Q1
https://openalex.org/W2041967076,0021-9673,Q1
https://openalex.org/W2041967475,0021-8561,Q1
https://openalex.org/W2041994639,0960-894X,Q1
https://openalex.org/W2042023758,0009-5893,Q2
https://openalex.org/W2042038804,0960-894X,Q1
https://openalex.org/W2042041879,0011-9164,Q1
https://openalex.org/W2042060591,1229-9197,Q3
https://openalex.org/W2042063340,0022-4073,Q2
https://openalex.org/W2042067545,1615-9306,Q1
https://openalex.org/W2042070219,0040-4020,Q1
https://openalex.org/W2042095100,1535-3893,Q1
https://openalex.org/W2042106869,0300-9440,Q2
https://openalex.org/W2042154203,1788-618X,Q2
https://openalex.org/W2042165106,0920-5861,Q1
https://openalex.org/W2042188958,0378-7753,Q1
https://openalex.org/W2042220736,1004-9541,Q2
https://openalex.org/W2042242904,0163-3864,Q1
https://openalex.org/W2042251606,0928-0707,Q1
https://openalex.org/W2042265230,1523-7052,Q1
https://openalex.org/W2042295942,1862-5282,Q3
https://openalex.org/W2042313763,0011-9164,Q1
https://openalex.org/W2042314470,1089-5639,Q1
https://openalex.org/W2042362686,0163-4984,Q3
https://openalex.org/W2042367198,0021-8995,Q2
https://openalex.org/W2042370996,1385-8947,Q1
https://openalex.org/W2042374966,0193-2691,Q3
https://openalex.org/W2042378855,0236-5731,Q3
https://openalex.org/W2042410375,0268-005X,Q1
https://openalex.org/W2042413232,0956-5663,Q1
https://openalex.org/W2042425700,0003-2719,Q2
https://openalex.org/W2042471556,0022-0248,Q1
https://openalex.org/W2042475714,0956-5663,Q1
https://openalex.org/W2042485766,0021-9673,Q1
https://openalex.org/W2042492835,0036-0236,Q4
https://openalex.org/W2042536416,0888-5885,Q1
https://openalex.org/W2042547823,1424-8220,Q3
https://openalex.org/W2042578007,0968-0896,Q1
https://openalex.org/W2042596559,0960-894X,Q1
https://openalex.org/W2042599970,0300-9440,Q2
https://openalex.org/W2042630713,1477-9226,Q2
https://openalex.org/W2042681239,0021-9673,Q1
https://openalex.org/W2042693775,0960-894X,Q1
https://openalex.org/W2042702613,0897-4756,Q1
https://openalex.org/W2042728546,0193-2691,Q3
https://openalex.org/W2042728674,0009-3130,-
https://openalex.org/W2042753158,0378-3812,Q1
https://openalex.org/W2042753957,0236-5731,Q3
https://openalex.org/W2042780013,1566-7367,Q1
https://openalex.org/W2042809546,1522-7235,Q2
https://openalex.org/W2042810114,1523-7052,Q1
https://openalex.org/W2042812753,0038-1098,Q1
https://openalex.org/W2042826657,0257-8972,Q1
https://openalex.org/W2042838668,0038-1098,Q1
https://openalex.org/W2042877008,0968-0896,Q1
https://openalex.org/W2042895784,0039-128X,Q2
https://openalex.org/W2042910094,0013-4686,Q1
https://openalex.org/W2042917663,0022-2860,Q3
https://openalex.org/W2042937235,0021-8995,Q2
https://openalex.org/W2042988522,0011-9164,Q1
https://openalex.org/W2043008143,0960-894X,Q1
https://openalex.org/W2043026305,1070-4280,Q4
https://openalex.org/W2043052229,1478-422X,Q2
https://openalex.org/W2043096643,0960-894X,Q1
https://openalex.org/W2043101838,0022-0248,Q1
https://openalex.org/W2043124888,0021-8995,Q2
https://openalex.org/W2043126309,0022-2313,Q1
https://openalex.org/W2043135792,0957-4484,Q1
https://openalex.org/W2043143543,0930-7516,Q2
https://openalex.org/W2043161520,0021-8995,Q2
https://openalex.org/W2043178292,0011-9164,Q1
https://openalex.org/W2043197741,1612-1872,Q2
https://openalex.org/W2043198791,0308-8146,Q1
https://openalex.org/W2043201531,0957-4166,Q1
https://openalex.org/W2043210656,0016-2361,Q1
https://openalex.org/W2043220963,0169-4332,-
https://openalex.org/W2043264397,0039-9140,Q1
https://openalex.org/W2043338394,0009-2509,Q1
https://openalex.org/W2043387005,0011-9164,Q1
https://openalex.org/W2043421604,1066-5285,Q3
https://openalex.org/W2043463515,0003-2670,Q1
https://openalex.org/W2043465213,0013-936X,Q1
https://openalex.org/W2043469014,0169-4332,-
https://openalex.org/W2043493451,0030-4018,Q2
https://openalex.org/W2043495149,0308-8146,Q1
https://openalex.org/W2043533584,0011-9164,Q1
https://openalex.org/W2043550756,0018-1439,Q4
https://openalex.org/W2043555999,1001-0521,Q3
https://openalex.org/W2043557161,1387-7003,Q2
https://openalex.org/W2043576749,1570-0232,Q1
https://openalex.org/W2043589001,0009-2614,Q1
https://openalex.org/W2043605006,0308-8146,Q1
https://openalex.org/W2043615964,0021-8995,Q2
https://openalex.org/W2043621883,0002-7863,Q1
https://openalex.org/W2043629784,0039-9140,Q1
https://openalex.org/W2043644720,0022-152X,Q3
https://openalex.org/W2043654028,0163-3864,Q1
https://openalex.org/W2043662989,1386-2073,Q2
https://openalex.org/W2043686957,0013-936X,Q1
https://openalex.org/W2043687024,0021-9568,Q1
https://openalex.org/W2043703671,0008-6223,Q1
https://openalex.org/W2043734907,1388-2481,Q1
https://openalex.org/W2043738532,1088-4246,Q2
https://openalex.org/W2043790781,1002-0721,Q3
https://openalex.org/W2043792562,1063-7745,Q3
https://openalex.org/W2043797883,1528-7483,Q1
https://openalex.org/W2043807862,0010-5082,Q2
https://openalex.org/W2043809935,0011-9164,Q1
https://openalex.org/W2043818158,0013-4686,Q1
https://openalex.org/W2043844426,0236-5731,Q3
https://openalex.org/W2043852903,0040-4039,Q1
https://openalex.org/W2043869407,1061-9348,Q4
https://openalex.org/W2043883345,0009-5893,Q2
https://openalex.org/W2043883948,0960-894X,Q1
https://openalex.org/W2043897845,0021-8995,Q2
https://openalex.org/W2043910365,0352-5139,Q3
https://openalex.org/W2043920436,0142-9418,Q2
https://openalex.org/W2043930291,0026-265X,Q2
https://openalex.org/W2043935428,0021-1575,Q3
https://openalex.org/W2043946939,0009-2363,Q2
https://openalex.org/W2043959429,0024-9297,Q1
https://openalex.org/W2043964826,1944-0057,Q1
https://openalex.org/W2043975912,1359-7345,Q1
https://openalex.org/W2043986627,0009-2363,Q2
https://openalex.org/W2043990720,0016-2361,Q1
https://openalex.org/W2043997226,1944-0057,Q1
https://openalex.org/W2044008548,1044-0305,Q1
https://openalex.org/W2044048193,0378-7753,Q1
https://openalex.org/W2044058711,1876-1070,Q2
https://openalex.org/W2044067265,0002-7863,Q1
https://openalex.org/W2044073057,0308-8146,Q1
https://openalex.org/W2044077020,0021-9673,Q1
https://openalex.org/W2044086422,1070-3632,Q3
https://openalex.org/W2044096292,0002-7863,Q1
https://openalex.org/W2044112681,0022-0248,Q1
https://openalex.org/W2044114908,0009-3130,-
https://openalex.org/W2044148730,0009-3122,Q4
https://openalex.org/W2044167490,0040-6031,Q2
https://openalex.org/W2044234739,0013-4651,Q1
https://openalex.org/W2044249820,0009-5893,Q2
https://openalex.org/W2044283158,0022-3263,Q1
https://openalex.org/W2044295813,0040-4039,Q1
https://openalex.org/W2044304911,1744-683X,Q1
https://openalex.org/W2044330940,1082-6076,Q3
https://openalex.org/W2044336613,1070-4280,Q4
https://openalex.org/W2044360583,1477-0520,Q1
https://openalex.org/W2044374607,0021-8995,Q2
https://openalex.org/W2044376407,1530-6984,Q1
https://openalex.org/W2044386094,0378-7753,Q1
https://openalex.org/W2044414633,0011-9164,Q1
https://openalex.org/W2044438365,0032-3888,Q2
https://openalex.org/W2044446062,1061-9348,Q4
https://openalex.org/W2044465328,1070-4280,Q4
https://openalex.org/W2044475602,0013-4651,Q1
https://openalex.org/W2044477482,0142-9418,Q2
https://openalex.org/W2044513825,0009-3130,-
https://openalex.org/W2044519374,1088-4246,Q2
https://openalex.org/W2044520506,0169-4332,-
https://openalex.org/W2044540717,1424-8220,Q3
https://openalex.org/W2044544678,1002-0721,Q3
https://openalex.org/W2044546866,0016-2361,Q1
https://openalex.org/W2044568533,0022-0248,Q1
https://openalex.org/W2044570969,1083-6160,Q2
https://openalex.org/W2044571982,0169-4332,-
https://openalex.org/W2044599982,0731-7085,Q1
https://openalex.org/W2044603978,1932-7447,Q1
https://openalex.org/W2044631914,0378-7753,Q1
https://openalex.org/W2044635068,1061-9348,Q4
https://openalex.org/W2044643314,0011-9164,Q1
https://openalex.org/W2044648246,0925-4005,-
https://openalex.org/W2044690330,0016-2361,Q1
https://openalex.org/W2044709917,0308-8146,Q1
https://openalex.org/W2044715587,0021-9673,Q1
https://openalex.org/W2044721270,0010-938X,Q1
https://openalex.org/W2044735541,0010-938X,Q1
https://openalex.org/W2044735868,0009-2363,Q2
https://openalex.org/W2044744265,0032-3888,Q2
https://openalex.org/W2044746262,0928-0707,Q1
https://openalex.org/W2044776775,0008-6223,Q1
https://openalex.org/W2044779468,0930-7516,Q2
https://openalex.org/W2044781454,1387-7003,Q2
https://openalex.org/W2044787137,0023-1584,Q3
https://openalex.org/W2044787950,1388-6150,Q3
https://openalex.org/W2044793670,0142-9418,Q2
https://openalex.org/W2044795600,0169-4332,-
https://openalex.org/W2044814461,1523-7052,Q1
https://openalex.org/W2044829717,0960-894X,Q1
https://openalex.org/W2044878319,0960-894X,Q1
https://openalex.org/W2044900825,0013-4651,Q1
https://openalex.org/W2044904256,0169-4243,Q2
https://openalex.org/W2044911389,0925-9635,Q1
https://openalex.org/W2044927870,1570-0232,Q1
https://openalex.org/W2044933340,0163-3864,Q1
https://openalex.org/W2044998541,0743-7463,Q1
https://openalex.org/W2045003979,1070-3632,Q3
https://openalex.org/W2045010712,0968-0896,Q1
https://openalex.org/W2045043694,0021-8995,Q2
https://openalex.org/W2045045630,0223-5234,Q2
https://openalex.org/W2045078950,0021-8561,Q1
https://openalex.org/W2045132653,0045-6535,Q1
https://openalex.org/W2045132727,0009-2614,Q1
https://openalex.org/W2045152420,0300-9440,Q2
https://openalex.org/W2045160004,1862-5282,Q3
https://openalex.org/W2045165443,0013-4686,Q1
https://openalex.org/W2045171252,0032-3861,Q1
https://openalex.org/W2045178341,1070-4272,Q4
https://openalex.org/W2045186315,1042-7163,Q2
https://openalex.org/W2045195479,0379-7112,Q1
https://openalex.org/W2045226576,0376-7388,Q1
https://openalex.org/W2045234567,0017-3495,Q3
https://openalex.org/W2045247813,1348-6535,Q2
https://openalex.org/W2045285737,0013-4686,Q1
https://openalex.org/W2045300064,0170-0839,Q2
https://openalex.org/W2045319358,0021-8561,Q1
https://openalex.org/W2045328631,0142-2421,Q2
https://openalex.org/W2045336432,0011-9164,Q1
https://openalex.org/W2045372440,0002-7863,Q1
https://openalex.org/W2045372493,0169-4332,-
https://openalex.org/W2045396196,0002-7863,Q1
https://openalex.org/W2045398766,0030-4018,Q2
https://openalex.org/W2045403616,1385-8947,Q1
https://openalex.org/W2045404953,0020-7608,Q2
https://openalex.org/W2045414440,0257-8972,Q1
https://openalex.org/W2045417146,0003-2670,Q1
https://openalex.org/W2045419636,1000-324X,Q4
https://openalex.org/W2045427570,1598-5032,Q2
https://openalex.org/W2045440511,1788-618X,Q2
https://openalex.org/W2045446292,1463-9076,Q1
https://openalex.org/W2045456158,0021-8561,Q1
https://openalex.org/W2045483926,0021-891X,Q2
https://openalex.org/W2045494242,0277-3813,Q2
https://openalex.org/W2045496555,0022-2860,Q3
https://openalex.org/W2045519443,0253-2964,Q3
https://openalex.org/W2045536681,1010-6030,Q1
https://openalex.org/W2045571822,0960-894X,Q1
https://openalex.org/W2045572740,1042-7163,Q2
https://openalex.org/W2045576328,0223-5234,Q2
https://openalex.org/W2045592768,0021-8995,Q2
https://openalex.org/W2045604795,0925-3467,-
https://openalex.org/W2045604916,0013-936X,Q1
https://openalex.org/W2045618259,1002-0721,Q3
https://openalex.org/W2045633844,0163-3864,Q1
https://openalex.org/W2045659454,0257-8972,Q1
https://openalex.org/W2045682351,0968-0896,Q1
https://openalex.org/W2045694327,0021-8561,Q1
https://openalex.org/W2045722225,0960-894X,Q1
https://openalex.org/W2045732472,0003-2670,Q1
https://openalex.org/W2045769194,0002-7863,Q1
https://openalex.org/W2045774739,0039-9140,Q1
https://openalex.org/W2045774785,0021-9673,Q1
https://openalex.org/W2045791332,0098-6445,Q2
https://openalex.org/W2045808091,0914-9244,Q3
https://openalex.org/W2045816104,1340-3443,-
https://openalex.org/W2045821149,0038-1098,Q1
https://openalex.org/W2045831782,1615-9306,Q1
https://openalex.org/W2045837861,0021-8561,Q1
https://openalex.org/W2045848220,0888-5885,Q1
https://openalex.org/W2045880533,0039-7911,Q3
https://openalex.org/W2045911963,0584-8547,Q1
https://openalex.org/W2045926400,0011-9164,Q1
https://openalex.org/W2045929514,0009-5893,Q2
https://openalex.org/W2045936365,1367-5931,Q1
https://openalex.org/W2045946549,0888-5885,Q1
https://openalex.org/W2045948613,0253-3820,Q4
https://openalex.org/W2045956022,0009-2363,Q2
https://openalex.org/W2045958733,0385-5414,Q2
https://openalex.org/W2045974726,0142-5463,Q2
https://openalex.org/W2045988998,0008-6215,Q2
https://openalex.org/W2045996785,0925-3467,-
https://openalex.org/W2046041775,0959-8103,-
https://openalex.org/W2046043818,1618-7229,Q4
https://openalex.org/W2046047167,0021-9673,Q1
https://openalex.org/W2046081065,0045-6535,Q1
https://openalex.org/W2046092116,1517-7076,-
https://openalex.org/W2046092624,0925-4005,-
https://openalex.org/W2046105016,0011-9164,Q1
https://openalex.org/W2046130688,1066-5285,Q3
https://openalex.org/W2046146820,1542-1406,Q2
https://openalex.org/W2046149860,0040-4020,Q1
https://openalex.org/W2046150059,0040-4039,Q1
https://openalex.org/W2046311559,0925-3467,-
https://openalex.org/W2046324393,0016-2361,Q1
https://openalex.org/W2046344815,0016-2361,Q1
https://openalex.org/W2046355379,0352-5139,Q3
https://openalex.org/W2046468070,1385-8947,Q1
https://openalex.org/W2046470479,0300-9440,Q2
https://openalex.org/W2046504117,0173-0835,Q1
https://openalex.org/W2046504762,1293-2558,Q1
https://openalex.org/W2046507389,1618-2642,Q1
https://openalex.org/W2046510810,0002-7863,Q1
https://openalex.org/W2046532760,0022-2313,Q1
https://openalex.org/W2046537745,0022-2313,Q1
https://openalex.org/W2046542791,0253-6269,Q3
https://openalex.org/W2046566929,1053-0509,Q2
https://openalex.org/W2046567336,0253-3820,Q4
https://openalex.org/W2046569740,0223-5234,Q2
https://openalex.org/W2046581366,0377-0486,Q1
https://openalex.org/W2046582371,0167-2738,Q1
https://openalex.org/W2046590022,1932-7447,Q1
https://openalex.org/W2046615049,1022-9760,Q2
https://openalex.org/W2046627609,0169-4332,-
https://openalex.org/W2046631912,1478-6419,Q3
https://openalex.org/W2046668633,0378-7753,Q1
https://openalex.org/W2046668911,1469-0667,Q3
https://openalex.org/W2046672210,0039-9140,Q1
https://openalex.org/W2046679661,1433-7851,Q1
https://openalex.org/W2046704638,0030-4018,Q2
https://openalex.org/W2046712321,0010-938X,Q1
https://openalex.org/W2046754112,1082-6076,Q3
https://openalex.org/W2046756088,1420-3049,Q2
https://openalex.org/W2046767129,0922-6168,Q2
https://openalex.org/W2046785858,1432-8488,Q2
https://openalex.org/W2046803979,1089-5639,Q1
https://openalex.org/W2046854282,1022-1360,Q3
https://openalex.org/W2046866668,0916-8451,Q3
https://openalex.org/W2046868416,1388-2481,Q1
https://openalex.org/W2046875781,1385-8947,Q1
https://openalex.org/W2046880246,1001-8417,Q3
https://openalex.org/W2046881562,0039-9140,Q1
https://openalex.org/W2046920386,1385-2728,Q1
https://openalex.org/W2046936824,0039-9140,Q1
https://openalex.org/W2046955524,0272-8397,Q2
https://openalex.org/W2046971555,1932-7447,Q1
https://openalex.org/W2046985506,1350-4177,-
https://openalex.org/W2047004418,0959-9428,Q1
https://openalex.org/W2047008657,0308-8146,Q1
https://openalex.org/W2047009982,0269-3879,Q2
https://openalex.org/W2047022014,1359-0294,Q1
https://openalex.org/W2047033986,1359-7345,Q1
https://openalex.org/W2047045426,0960-894X,Q1
https://openalex.org/W2047050315,0303-402X,Q2
https://openalex.org/W2047069771,1523-7052,Q1
https://openalex.org/W2047077893,0236-5731,Q3
https://openalex.org/W2047079935,0899-0042,Q2
https://openalex.org/W2047085472,0013-4651,Q1
https://openalex.org/W2047085800,0016-2361,Q1
https://openalex.org/W2047094810,0960-894X,Q1
https://openalex.org/W2047100838,0584-8547,Q1
https://openalex.org/W2047115866,0223-5234,Q2
https://openalex.org/W2047149740,1748-6041,Q2
https://openalex.org/W2047182483,0173-0835,Q1
https://openalex.org/W2047186192,0009-3122,Q4
https://openalex.org/W2047235954,0016-2361,Q1
https://openalex.org/W2047245810,1549-9596,Q1
https://openalex.org/W2047263381,1359-7345,Q1
https://openalex.org/W2047267233,0039-9140,Q1
https://openalex.org/W2047273083,1566-7367,Q1
https://openalex.org/W2047279341,0020-1693,Q2
https://openalex.org/W2047291675,0030-4018,Q2
https://openalex.org/W2047302359,0022-4596,Q1
https://openalex.org/W2047308414,0021-9584,Q3
https://openalex.org/W2047316778,0223-5234,Q2
https://openalex.org/W2047327000,0021-9568,Q1
https://openalex.org/W2047340043,0003-2670,Q1
https://openalex.org/W2047349695,0525-1931,Q4
https://openalex.org/W2047355530,0032-3888,Q2
https://openalex.org/W2047367519,0011-9164,Q1
https://openalex.org/W2047406559,1387-3806,Q2
https://openalex.org/W2047429408,0014-3057,Q1
https://openalex.org/W2047436605,0011-9164,Q1
https://openalex.org/W2047439342,1061-9348,Q4
https://openalex.org/W2047460594,0030-4018,Q2
https://openalex.org/W2047469548,0009-5893,Q2
https://openalex.org/W2047471039,0040-4039,Q1
https://openalex.org/W2047476652,0030-4018,Q2
https://openalex.org/W2047481978,0013-4651,Q1
https://openalex.org/W2047487564,0013-936X,Q1
https://openalex.org/W2047488700,0584-8547,Q1
https://openalex.org/W2047512383,1054-2523,Q4
https://openalex.org/W2047541709,0049-8246,Q3
https://openalex.org/W2047568200,1385-8947,Q1
https://openalex.org/W2047571819,1088-4246,Q2
https://openalex.org/W2047589186,0378-7753,Q1
https://openalex.org/W2047589953,0040-4020,Q1
https://openalex.org/W2047590727,1618-2642,Q1
https://openalex.org/W2047597728,0949-1775,Q2
https://openalex.org/W2047630818,0021-8561,Q1
https://openalex.org/W2047660578,0038-1098,Q1
https://openalex.org/W2047668103,1522-7235,Q2
https://openalex.org/W2047673827,0368-2048,Q2
https://openalex.org/W2047709205,0267-9477,Q1
https://openalex.org/W2047713889,0731-7085,Q1
https://openalex.org/W2047733290,0223-5234,Q2
https://openalex.org/W2047737309,0032-3861,Q1
https://openalex.org/W2047775008,0022-0248,Q1
https://openalex.org/W2047818077,0003-2700,Q1
https://openalex.org/W2047833294,0016-2361,Q1
https://openalex.org/W2047835716,0257-8972,Q1
https://openalex.org/W2047863628,1872-5813,Q3
https://openalex.org/W2047864012,1022-9760,Q2
https://openalex.org/W2047864482,0163-4984,Q3
https://openalex.org/W2047867917,0022-3263,Q1
https://openalex.org/W2047874402,0021-9673,Q1
https://openalex.org/W2047885099,0269-3879,Q2
https://openalex.org/W2047886463,0011-9164,Q1
https://openalex.org/W2047947462,1388-6150,Q3
https://openalex.org/W2047963319,1345-8957,Q2
https://openalex.org/W2047974395,0020-7608,Q2
https://openalex.org/W2047976931,0011-9164,Q1
https://openalex.org/W2047982677,1424-8220,Q3
https://openalex.org/W2047994994,1744-683X,Q1
https://openalex.org/W2048046312,0144-8617,Q1
https://openalex.org/W2048071788,0920-5861,Q1
https://openalex.org/W2048091640,0011-9164,Q1
https://openalex.org/W2048105886,1616-301X,Q1
https://openalex.org/W2048145880,1422-8599,Q4
https://openalex.org/W2048151174,1420-3049,Q2
https://openalex.org/W2048159357,0223-5234,Q2
https://openalex.org/W2048188817,0003-2670,Q1
https://openalex.org/W2048191530,0236-5731,Q3
https://openalex.org/W2048249134,0169-4243,Q2
https://openalex.org/W2048265355,0584-8547,Q1
https://openalex.org/W2048283640,1424-8220,Q3
https://openalex.org/W2048289013,0002-7863,Q1
https://openalex.org/W2048347631,0095-8972,Q3
https://openalex.org/W2048354824,1062-3701,Q2
https://openalex.org/W2048359546,0018-019X,Q2
https://openalex.org/W2048372174,0040-4020,Q1
https://openalex.org/W2048417177,1082-6076,Q3
https://openalex.org/W2048434072,0021-8995,Q2
https://openalex.org/W2048488488,0021-8995,Q2
https://openalex.org/W2048591857,1388-6150,Q3
https://openalex.org/W2048638304,0040-5795,Q4
https://openalex.org/W2048664209,0030-4948,Q3
https://openalex.org/W2048695153,1001-8417,Q3
https://openalex.org/W2048718457,0743-7463,Q1
https://openalex.org/W2048779911,1570-0232,Q1
https://openalex.org/W2048793089,1747-5198,Q3
https://openalex.org/W2048808615,0011-9164,Q1
https://openalex.org/W2048819991,1990-7923,Q4
https://openalex.org/W2048821380,1025-6016,Q3
https://openalex.org/W2048839748,1028-6020,Q3
https://openalex.org/W2048844142,1099-0690,Q1
https://openalex.org/W2048847998,1570-0232,Q1
https://openalex.org/W2048866151,0018-019X,Q2
https://openalex.org/W2048874551,0888-5885,Q1
https://openalex.org/W2048899045,1001-0521,Q3
https://openalex.org/W2048907031,1755-4330,-
https://openalex.org/W2048910679,1099-0062,Q1
https://openalex.org/W2048938876,1082-6076,Q3
https://openalex.org/W2048965534,0925-4005,-
https://openalex.org/W2048979722,0146-4760,Q2
https://openalex.org/W2048994956,0039-7911,Q3
https://openalex.org/W2049021594,0022-2313,Q1
https://openalex.org/W2049022003,0236-5731,Q3
https://openalex.org/W2049035783,0731-7085,Q1
https://openalex.org/W2049043799,1359-7345,Q1
https://openalex.org/W2049098865,0949-1775,Q2
https://openalex.org/W2049118214,1070-3632,Q3
https://openalex.org/W2049124609,0016-2361,Q1
https://openalex.org/W2049131838,0253-6269,Q3
https://openalex.org/W2049136065,0016-2361,Q1
https://openalex.org/W2049139967,1070-4272,Q4
https://openalex.org/W2049160206,0008-6215,Q2
https://openalex.org/W2049169474,0925-4005,-
https://openalex.org/W2049227924,0008-6223,Q1
https://openalex.org/W2049265124,0236-5731,Q3
https://openalex.org/W2049268850,0022-2313,Q1
https://openalex.org/W2049277748,0020-1693,Q2
https://openalex.org/W2049296901,0011-9164,Q1
https://openalex.org/W2049299533,0020-1693,Q2
https://openalex.org/W2049305266,0897-4756,Q1
https://openalex.org/W2049318400,1066-3622,Q4
https://openalex.org/W2049320980,1022-1360,Q3
https://openalex.org/W2049359549,0378-7753,Q1
https://openalex.org/W2049424285,1478-6419,Q3
https://openalex.org/W2049429471,0956-5663,Q1
https://openalex.org/W2049430853,1359-7345,Q1
https://openalex.org/W2049468315,1070-4272,Q4
https://openalex.org/W2049475939,0300-9440,Q2
https://openalex.org/W2049491025,1420-3049,Q2
https://openalex.org/W2049495706,0003-2700,Q1
https://openalex.org/W2049505262,0021-8561,Q1
https://openalex.org/W2049511679,0927-7757,-
https://openalex.org/W2049513770,0040-4039,Q1
https://openalex.org/W2049522552,0039-9140,Q1
https://openalex.org/W2049523126,0925-3467,-
https://openalex.org/W2049526730,1040-0400,Q3
https://openalex.org/W2049534106,0040-4020,Q1
https://openalex.org/W2049545718,0021-9673,Q1
https://openalex.org/W2049546733,1388-2481,Q1
https://openalex.org/W2049548812,0091-4037,Q3
https://openalex.org/W2049567822,0040-4039,Q1
https://openalex.org/W2049578045,0009-2614,Q1
https://openalex.org/W2049601585,0022-3263,Q1
https://openalex.org/W2049604414,1463-9076,Q1
https://openalex.org/W2049605280,0957-4484,Q1
https://openalex.org/W2049608497,0011-9164,Q1
https://openalex.org/W2049618039,0002-7863,Q1
https://openalex.org/W2049652934,1424-8220,Q3
https://openalex.org/W2049654744,0013-936X,Q1
https://openalex.org/W2049665919,0020-1685,Q3
https://openalex.org/W2049675042,0003-2670,Q1
https://openalex.org/W2049682718,0366-7022,Q2
https://openalex.org/W2049688768,1572-6657,Q2
https://openalex.org/W2049741893,1613-6810,-
https://openalex.org/W2049744297,0020-7608,Q2
https://openalex.org/W2049750101,0021-8995,Q2
https://openalex.org/W2049804004,0039-9140,Q1
https://openalex.org/W2049822423,0925-3467,-
https://openalex.org/W2049835124,0016-2361,Q1
https://openalex.org/W2049836024,1438-7697,Q1
https://openalex.org/W2049839619,0009-2509,Q1
https://openalex.org/W2049840327,0021-8995,Q2
https://openalex.org/W2049843664,0920-5861,Q1
https://openalex.org/W2049857754,0040-4039,Q1
https://openalex.org/W2049859418,0009-2363,Q2
https://openalex.org/W2049863571,0947-8396,Q1
https://openalex.org/W2049866772,0584-8547,Q1
https://openalex.org/W2049874595,1319-6103,-
https://openalex.org/W2049879585,0021-8561,Q1
https://openalex.org/W2049881811,1011-372X,Q1
https://openalex.org/W2049893963,0888-5885,Q1
https://openalex.org/W2049911313,0892-6875,Q1
https://openalex.org/W2049927003,1386-1425,Q2
https://openalex.org/W2049966592,1010-6030,Q1
https://openalex.org/W2049990830,0009-3122,Q4
https://openalex.org/W2050009924,0003-2700,Q1
https://openalex.org/W2050011157,1089-5639,Q1
https://openalex.org/W2050012140,0022-152X,Q3
https://openalex.org/W2050019922,0013-4651,Q1
https://openalex.org/W2050028164,0968-0896,Q1
https://openalex.org/W2050032737,0045-6535,Q1
https://openalex.org/W2050034346,0022-3263,Q1
https://openalex.org/W2050046665,0731-7085,Q1
https://openalex.org/W2050054323,0366-6352,Q3
https://openalex.org/W2050069142,1570-0232,Q1
https://openalex.org/W2050069822,0021-8995,Q2
https://openalex.org/W2050073656,0385-5414,Q2
https://openalex.org/W2050099183,0013-936X,Q1
https://openalex.org/W2050100345,0039-7911,Q3
https://openalex.org/W2050142769,0257-8972,Q1
https://openalex.org/W2050162526,1070-4272,Q4
https://openalex.org/W2050171402,1088-4246,Q2
https://openalex.org/W2050175274,0009-5893,Q2
https://openalex.org/W2050208202,1523-7052,Q1
https://openalex.org/W2050224907,0308-8146,Q1
https://openalex.org/W2050284754,1043-1802,Q1
https://openalex.org/W2050310660,0020-1669,Q1
https://openalex.org/W2050349949,1002-0721,Q3
https://openalex.org/W2050356746,0091-4037,Q3
https://openalex.org/W2050382423,0743-7463,Q1
https://openalex.org/W2050396691,0257-8972,Q1
https://openalex.org/W2050396996,0009-3130,-
https://openalex.org/W2050409299,0039-9140,Q1
https://openalex.org/W2050446510,0021-8561,Q1
https://openalex.org/W2050452330,0040-6031,Q2
https://openalex.org/W2050453184,0169-4332,-
https://openalex.org/W2050481957,0021-9568,Q1
https://openalex.org/W2050490349,0026-265X,Q2
https://openalex.org/W2050491010,1615-9306,Q1
https://openalex.org/W2050504538,0009-2363,Q2
https://openalex.org/W2050521196,0017-3495,Q3
https://openalex.org/W2050528658,0743-7463,Q1
https://openalex.org/W2050553721,0022-152X,Q3
https://openalex.org/W2050623659,0268-005X,Q1
https://openalex.org/W2050625598,1359-7345,Q1
https://openalex.org/W2050630105,0040-4020,Q1
https://openalex.org/W2050699324,0888-5885,Q1
https://openalex.org/W2050699792,0927-0256,Q1
https://openalex.org/W2050706988,0960-894X,Q1
https://openalex.org/W2050718736,0039-9140,Q1
https://openalex.org/W2050773854,0022-2860,Q3
https://openalex.org/W2050783856,0032-3861,Q1
https://openalex.org/W2050784678,0002-7863,Q1
https://openalex.org/W2050794231,1522-7235,Q2
https://openalex.org/W2050799887,1066-5285,Q3
https://openalex.org/W2050809449,1041-2905,Q2
https://openalex.org/W2050827441,0030-4018,Q2
https://openalex.org/W2050845156,0957-4484,Q1
https://openalex.org/W2050884105,0011-9164,Q1
https://openalex.org/W2050885126,0039-7911,Q3
https://openalex.org/W2050893491,0959-9428,Q1
https://openalex.org/W2050906982,1022-1336,Q1
https://openalex.org/W2050908114,0956-5663,Q1
https://openalex.org/W2050911342,0144-8617,Q1
https://openalex.org/W2050914743,0013-4651,Q1
https://openalex.org/W2050917404,1388-6150,Q3
https://openalex.org/W2050919280,1089-5639,Q1
https://openalex.org/W2050927327,0018-019X,Q2
https://openalex.org/W2050939458,0021-9614,Q2
https://openalex.org/W2050943170,0003-2670,Q1
https://openalex.org/W2050951331,1060-1325,Q2
https://openalex.org/W2050990976,0253-3820,Q4
https://openalex.org/W2050992337,1011-372X,Q1
https://openalex.org/W2051009334,0255-2701,Q1
https://openalex.org/W2051009762,0032-3888,Q2
https://openalex.org/W2051029018,1041-2905,Q2
https://openalex.org/W2051054507,0276-7333,Q1
https://openalex.org/W2051058567,0036-0244,Q4
https://openalex.org/W2051099908,0167-2738,Q1
https://openalex.org/W2051100262,0026-3672,Q2
https://openalex.org/W2051100532,0173-0835,Q1
https://openalex.org/W2051132171,1001-8417,Q3
https://openalex.org/W2051137664,1002-0721,Q3
https://openalex.org/W2051190799,0925-4005,-
https://openalex.org/W2051228543,0144-8617,Q1
https://openalex.org/W2051232138,1520-5207,Q1
https://openalex.org/W2051232766,0165-2370,Q1
https://openalex.org/W2051240810,1469-0667,Q3
https://openalex.org/W2051317649,0925-4005,-
https://openalex.org/W2051353463,0011-9164,Q1
https://openalex.org/W2051359377,0040-4039,Q1
https://openalex.org/W2051359559,0306-7319,Q2
https://openalex.org/W2051389540,0376-7388,Q1
https://openalex.org/W2051436057,0022-0248,Q1
https://openalex.org/W2051447458,0737-3937,Q3
https://openalex.org/W2051451576,0024-9297,Q1
https://openalex.org/W2051466772,0163-3864,Q1
https://openalex.org/W2051472696,0960-894X,Q1
https://openalex.org/W2051505457,1388-6150,Q3
https://openalex.org/W2051505601,1860-5397,Q3
https://openalex.org/W2051513416,1542-1406,Q2
https://openalex.org/W2051525774,1523-7052,Q1
https://openalex.org/W2051527510,0011-9164,Q1
https://openalex.org/W2051529209,0378-7753,Q1
https://openalex.org/W2051529623,0308-0501,Q2
https://openalex.org/W2051534199,0040-6031,Q2
https://openalex.org/W2051557490,0378-7753,Q1
https://openalex.org/W2051563642,0039-9140,Q1
https://openalex.org/W2051602188,1520-4766,-
https://openalex.org/W2051603782,0011-9164,Q1
https://openalex.org/W2051614212,0169-4332,-
https://openalex.org/W2051616008,0039-9140,Q1
https://openalex.org/W2051636714,1044-0305,Q1
https://openalex.org/W2051683133,0011-9164,Q1
https://openalex.org/W2051685506,0021-8995,Q2
https://openalex.org/W2051686938,1319-6103,-
https://openalex.org/W2051744150,0021-8995,Q2
https://openalex.org/W2051745275,0021-8561,Q1
https://openalex.org/W2051772302,0925-4005,-
https://openalex.org/W2051772509,1083-6160,Q2
https://openalex.org/W2051790783,0010-938X,Q1
https://openalex.org/W2051810796,0011-9164,Q1
https://openalex.org/W2051812181,0144-8617,Q1
https://openalex.org/W2051812788,0236-5731,Q3
https://openalex.org/W2051837981,0731-7085,Q1
https://openalex.org/W2051857963,1755-4330,-
https://openalex.org/W2051859929,0021-9673,Q1
https://openalex.org/W2051934669,0022-0248,Q1
https://openalex.org/W2051947108,0377-0486,Q1
https://openalex.org/W2051950395,1867-3880,-
https://openalex.org/W2051962399,0378-7753,Q1
https://openalex.org/W2051967345,0010-938X,Q1
https://openalex.org/W2051975769,0170-0839,Q2
https://openalex.org/W2052055726,0957-4484,Q1
https://openalex.org/W2052075115,0169-4332,-
https://openalex.org/W2052084654,0016-2361,Q1
https://openalex.org/W2052086659,1089-5639,Q1
https://openalex.org/W2052107774,0910-6340,Q2
https://openalex.org/W2052108474,1091-6466,Q2
https://openalex.org/W2052128425,0013-4686,Q1
https://openalex.org/W2052131206,0968-0896,Q1
https://openalex.org/W2052144178,1066-5285,Q3
https://openalex.org/W2052147759,1022-9760,Q2
https://openalex.org/W2052172187,0925-9635,Q1
https://openalex.org/W2052196818,0925-4005,-
https://openalex.org/W2052210730,0968-0896,Q1
https://openalex.org/W2052215418,0032-3888,Q2
https://openalex.org/W2052265248,0376-7388,Q1
https://openalex.org/W2052275232,0026-265X,Q2
https://openalex.org/W2052277230,1477-0520,Q1
https://openalex.org/W2052281813,0026-3672,Q2
https://openalex.org/W2052313267,0009-2363,Q2
https://openalex.org/W2052317319,0960-894X,Q1
https://openalex.org/W2052322952,0169-4332,-
https://openalex.org/W2052346855,0021-8995,Q2
https://openalex.org/W2052381139,0144-8617,Q1
https://openalex.org/W2052387822,0169-4332,-
https://openalex.org/W2052422360,0003-2670,Q1
https://openalex.org/W2052424719,0039-7911,Q3
https://openalex.org/W2052461297,0020-1685,Q3
https://openalex.org/W2052493403,1570-0232,Q1
https://openalex.org/W2052528421,0003-2670,Q1
https://openalex.org/W2052537711,0960-894X,Q1
https://openalex.org/W2052569480,0011-9164,Q1
https://openalex.org/W2052575832,1523-7052,Q1
https://openalex.org/W2052583264,0165-2370,Q1
https://openalex.org/W2052598681,0925-3467,-
https://openalex.org/W2052600631,0960-894X,Q1
https://openalex.org/W2052606483,0039-128X,Q2
https://openalex.org/W2052637368,0170-0839,Q2
https://openalex.org/W2052667450,1932-1058,Q2
https://openalex.org/W2052670857,0020-1669,Q1
https://openalex.org/W2052683260,0914-9244,Q3
https://openalex.org/W2052684582,0009-5893,Q2
https://openalex.org/W2052695409,0011-9164,Q1
https://openalex.org/W2052710790,0095-8972,Q3
https://openalex.org/W2052728128,0003-2670,Q1
https://openalex.org/W2052731400,1523-7052,Q1
https://openalex.org/W2052750901,0377-0486,Q1
https://openalex.org/W2052755578,0021-8995,Q2
https://openalex.org/W2052757972,0957-4484,Q1
https://openalex.org/W2052765077,1735-207X,Q2
https://openalex.org/W2052767359,0021-8995,Q2
https://openalex.org/W2052775306,1570-0232,Q1
https://openalex.org/W2052781626,0366-7022,Q2
https://openalex.org/W2052785615,0932-0776,Q2
https://openalex.org/W2052792164,0040-5795,Q4
https://openalex.org/W2052808370,1319-6103,-
https://openalex.org/W2052809534,0022-3263,Q1
https://openalex.org/W2052833035,0267-9477,Q1
https://openalex.org/W2052853020,1099-0062,Q1
https://openalex.org/W2052871268,0021-8995,Q2
https://openalex.org/W2052880369,1615-9306,Q1
https://openalex.org/W2052892494,0003-2670,Q1
https://openalex.org/W2052896981,0960-894X,Q1
https://openalex.org/W2052898669,1942-7603,-
https://openalex.org/W2052902385,0968-0896,Q1
https://openalex.org/W2052905317,0022-0248,Q1
https://openalex.org/W2052906902,1229-9197,Q3
https://openalex.org/W2052911465,1478-6419,Q3
https://openalex.org/W2052924389,0021-8561,Q1
https://openalex.org/W2052931719,1530-6984,Q1
https://openalex.org/W2052934433,1872-5813,Q3
https://openalex.org/W2052941854,1001-8417,Q3
https://openalex.org/W2052948070,1070-4272,Q4
https://openalex.org/W2052948850,0195-928X,-
https://openalex.org/W2052949588,0032-3888,Q2
https://openalex.org/W2052963416,0022-4766,Q3
https://openalex.org/W2052973678,0022-0248,Q1
https://openalex.org/W2052993305,0960-894X,Q1
https://openalex.org/W2052993937,0021-9037,Q4
https://openalex.org/W2052995958,0300-9440,Q2
https://openalex.org/W2053001524,0032-0943,Q2
https://openalex.org/W2053011769,1083-5601,Q3
https://openalex.org/W2053014839,1520-4766,-
https://openalex.org/W2053015043,0173-0835,Q1
https://openalex.org/W2053018215,0011-9164,Q1
https://openalex.org/W2053019100,0032-3888,Q2
https://openalex.org/W2053044949,0173-0835,Q1
https://openalex.org/W2053060073,0022-152X,Q3
https://openalex.org/W2053113195,1070-4280,Q4
https://openalex.org/W2053117739,0002-7863,Q1
https://openalex.org/W2053118851,0163-3864,Q1
https://openalex.org/W2053118934,0376-7388,Q1
https://openalex.org/W2053161243,1788-618X,Q2
https://openalex.org/W2053170506,1099-0690,Q1
https://openalex.org/W2053194782,0040-4020,Q1
https://openalex.org/W2053202484,0022-0248,Q1
https://openalex.org/W2053208699,0947-8396,Q1
https://openalex.org/W2053213283,0960-894X,Q1
https://openalex.org/W2053215722,1424-8220,Q3
https://openalex.org/W2053225683,1388-6150,Q3
https://openalex.org/W2053251776,0040-6031,Q2
https://openalex.org/W2053255546,0021-8995,Q2
https://openalex.org/W2053270083,1388-6150,Q3
https://openalex.org/W2053273168,0966-9795,Q1
https://openalex.org/W2053304458,0022-3697,Q2
https://openalex.org/W2053308214,0021-8995,Q2
https://openalex.org/W2053310309,0011-9164,Q1
https://openalex.org/W2053360005,1044-0305,Q1
https://openalex.org/W2053364558,0003-2700,Q1
https://openalex.org/W2053367416,0026-265X,Q2
https://openalex.org/W2053367809,1082-6076,Q3
https://openalex.org/W2053392536,0956-5663,Q1
https://openalex.org/W2053396919,0020-1693,Q2
https://openalex.org/W2053398183,0009-2363,Q2
https://openalex.org/W2053402032,0959-9428,Q1
https://openalex.org/W2053408490,0003-2670,Q1
https://openalex.org/W2053439080,0026-3672,Q2
https://openalex.org/W2053459391,0956-5663,Q1
https://openalex.org/W2053472544,1615-9306,Q1
https://openalex.org/W2053507608,0011-9164,Q1
https://openalex.org/W2053528915,1618-2642,Q1
https://openalex.org/W2053541093,0036-0244,Q4
https://openalex.org/W2053601669,0303-402X,Q2
https://openalex.org/W2053627608,0011-9164,Q1
https://openalex.org/W2053637769,1053-0509,Q2
https://openalex.org/W2053638979,0927-7757,-
https://openalex.org/W2053653462,1528-7483,Q1
https://openalex.org/W2053657046,0378-7753,Q1
https://openalex.org/W2053657207,0021-9673,Q1
https://openalex.org/W2053661719,0968-0896,Q1
https://openalex.org/W2053681888,0011-9164,Q1
https://openalex.org/W2053706894,0960-894X,Q1
https://openalex.org/W2053740207,0927-7765,Q2
https://openalex.org/W2053741940,0925-9635,Q1
https://openalex.org/W2053744715,0039-9140,Q1
https://openalex.org/W2053746762,0223-5234,Q2
https://openalex.org/W2053764251,0256-1115,Q2
https://openalex.org/W2053814610,0011-9164,Q1
https://openalex.org/W2053820945,0957-4484,Q1
https://openalex.org/W2053833920,1478-422X,Q2
https://openalex.org/W2053837464,0736-6299,Q1
https://openalex.org/W2053849332,0033-8230,Q3
https://openalex.org/W2053866658,1011-372X,Q1
https://openalex.org/W2053867928,0385-5414,Q2
https://openalex.org/W2053881148,0039-7911,Q3
https://openalex.org/W2053883097,0966-9795,Q1
https://openalex.org/W2053905419,0163-3864,Q1
https://openalex.org/W2053912750,1573-4110,Q2
https://openalex.org/W2053913428,0022-0248,Q1
https://openalex.org/W2053930357,0142-5463,Q2
https://openalex.org/W2053964423,0896-8446,Q1
https://openalex.org/W2053964824,0040-4039,Q1
https://openalex.org/W2053972517,0914-9244,Q3
https://openalex.org/W2054001181,0013-936X,Q1
https://openalex.org/W2054007749,0163-3864,Q1
https://openalex.org/W2054031365,0223-5234,Q2
https://openalex.org/W2054074343,0040-5760,Q3
https://openalex.org/W2054083693,0021-9673,Q1
https://openalex.org/W2054106071,1388-2481,Q1
https://openalex.org/W2054113009,0366-7022,Q2
https://openalex.org/W2054124604,1388-6150,Q3
https://openalex.org/W2054134500,1570-0232,Q1
https://openalex.org/W2054138423,0021-9584,Q3
https://openalex.org/W2054145099,0032-3861,Q1
https://openalex.org/W2054164087,1936-9751,Q3
https://openalex.org/W2054170128,0303-402X,Q2
https://openalex.org/W2054175969,1520-4766,-
https://openalex.org/W2054179386,0045-6535,Q1
https://openalex.org/W2054205427,0022-0248,Q1
https://openalex.org/W2054209992,0021-8561,Q1
https://openalex.org/W2054221517,0749-1581,Q2
https://openalex.org/W2054231119,1053-0509,Q2
https://openalex.org/W2054263781,0095-8972,Q3
https://openalex.org/W2054290735,0223-5234,Q2
https://openalex.org/W2054337325,0039-9140,Q1
https://openalex.org/W2054416141,0022-2860,Q3
https://openalex.org/W2054417774,1433-7851,Q1
https://openalex.org/W2054425954,0022-1139,Q2
https://openalex.org/W2054431107,1001-8417,Q3
https://openalex.org/W2054464755,0021-9673,Q1
https://openalex.org/W2054464865,0016-2361,Q1
https://openalex.org/W2054466072,1523-7052,Q1
https://openalex.org/W2054507287,0173-0835,Q1
https://openalex.org/W2054515527,0927-7765,Q2
https://openalex.org/W2054517159,0012-5008,Q3
https://openalex.org/W2054540942,1477-9226,Q2
https://openalex.org/W2054574564,0022-3263,Q1
https://openalex.org/W2054599603,0378-7753,Q1
https://openalex.org/W2054625864,0009-2509,Q1
https://openalex.org/W2054632833,1388-6150,Q3
https://openalex.org/W2054633335,1070-4280,Q4
https://openalex.org/W2054633439,0021-9568,Q1
https://openalex.org/W2054636655,1509-8117,Q4
https://openalex.org/W2054675352,1083-6160,Q2
https://openalex.org/W2054685334,1463-9076,Q1
https://openalex.org/W2054705249,0236-5731,Q3
https://openalex.org/W2054728247,0011-9164,Q1
https://openalex.org/W2054733900,1747-0277,-
https://openalex.org/W2054740959,0888-5885,Q1
https://openalex.org/W2054758134,0002-7863,Q1
https://openalex.org/W2054760973,0021-9568,Q1
https://openalex.org/W2054770621,0040-4039,Q1
https://openalex.org/W2054831651,0749-1581,Q2
https://openalex.org/W2054833779,1522-7235,Q2
https://openalex.org/W2054848658,0163-4984,Q3
https://openalex.org/W2054889258,1010-6030,Q1
https://openalex.org/W2054911549,0021-8995,Q2
https://openalex.org/W2054949958,0026-265X,Q2
https://openalex.org/W2054955297,0045-6535,Q1
https://openalex.org/W2054969742,0376-7388,Q1
https://openalex.org/W2054999140,0013-936X,Q1
https://openalex.org/W2055009229,0032-3861,Q1
https://openalex.org/W2055036254,0009-2363,Q2
https://openalex.org/W2055048905,0009-4536,Q3
https://openalex.org/W2055055002,0022-0248,Q1
https://openalex.org/W2055060496,0169-4332,-
https://openalex.org/W2055075324,0144-8617,Q1
https://openalex.org/W2055085443,0966-9795,Q1
https://openalex.org/W2055156272,0011-9164,Q1
https://openalex.org/W2055174670,0956-5663,Q1
https://openalex.org/W2055181241,0966-9795,Q1
https://openalex.org/W2055188643,0952-3480,Q1
https://openalex.org/W2055190240,0021-8995,Q2
https://openalex.org/W2055204652,1388-2481,Q1
https://openalex.org/W2055241478,0009-3122,Q4
https://openalex.org/W2055282069,1076-5174,Q1
https://openalex.org/W2055308999,1350-4177,-
https://openalex.org/W2055313794,0032-3888,Q2
https://openalex.org/W2055316844,0300-9440,Q2
https://openalex.org/W2055323807,1478-6419,Q3
https://openalex.org/W2055328387,1083-6160,Q2
https://openalex.org/W2055344387,0253-6269,Q3
https://openalex.org/W2055346494,0021-8995,Q2
https://openalex.org/W2055346871,0968-0896,Q1
https://openalex.org/W2055348481,0036-0244,Q4
https://openalex.org/W2055364976,0927-0256,Q1
https://openalex.org/W2055374393,1387-1811,Q1
https://openalex.org/W2055419680,1383-5866,Q1
https://openalex.org/W2055424521,0925-4005,-
https://openalex.org/W2055445174,0021-8995,Q2
https://openalex.org/W2055452741,0022-2313,Q1
https://openalex.org/W2055477645,0040-4039,Q1
https://openalex.org/W2055486862,0021-8995,Q2
https://openalex.org/W2055500258,1383-5866,Q1
https://openalex.org/W2055506398,0039-9140,Q1
https://openalex.org/W2055542069,0010-5082,Q2
https://openalex.org/W2055551933,1359-7345,Q1
https://openalex.org/W2055566409,0169-4332,-
https://openalex.org/W2055599430,0021-8995,Q2
https://openalex.org/W2055610061,0024-9297,Q1
https://openalex.org/W2055691249,0957-4166,Q1
https://openalex.org/W2055700352,1063-7745,Q3
https://openalex.org/W2055728195,0011-9164,Q1
https://openalex.org/W2055749523,0003-2670,Q1
https://openalex.org/W2055783829,1070-4272,Q4
https://openalex.org/W2055793794,1473-0189,Q1
https://openalex.org/W2055801828,0020-1669,Q1
https://openalex.org/W2055809269,0257-8972,Q1
https://openalex.org/W2055815854,0011-9164,Q1
https://openalex.org/W2055830729,0269-3879,Q2
https://openalex.org/W2055833094,1001-0521,Q3
https://openalex.org/W2055855205,0257-8972,Q1
https://openalex.org/W2055859629,0020-7608,Q2
https://openalex.org/W2055879447,0538-8066,Q2
https://openalex.org/W2055882337,0149-6395,Q2
https://openalex.org/W2055904939,0163-3864,Q1
https://openalex.org/W2055918635,1434-1948,Q1
https://openalex.org/W2055922905,0011-9164,Q1
https://openalex.org/W2055926349,0144-8617,Q1
https://openalex.org/W2055926845,1001-8417,Q3
https://openalex.org/W2055944976,0045-6535,Q1
https://openalex.org/W2055955992,0020-1693,Q2
https://openalex.org/W2055956205,0039-9140,Q1
https://openalex.org/W2055957593,1466-8033,Q1
https://openalex.org/W2055958151,0947-8396,Q1
https://openalex.org/W2055959639,0021-8995,Q2
https://openalex.org/W2055961724,0269-3879,Q2
https://openalex.org/W2055961893,0731-7085,Q1
https://openalex.org/W2055970104,0149-6395,Q2
https://openalex.org/W2055975791,1388-6150,Q3
https://openalex.org/W2055983936,1042-7163,Q2
https://openalex.org/W2056019064,0223-5234,Q2
https://openalex.org/W2056040076,0013-4651,Q1
https://openalex.org/W2056047350,0021-9673,Q1
https://openalex.org/W2056049760,0009-2614,Q1
https://openalex.org/W2056055184,0163-3864,Q1
https://openalex.org/W2056060675,0947-8396,Q1
https://openalex.org/W2056089095,0013-4651,Q1
https://openalex.org/W2056105342,0039-7911,Q3
https://openalex.org/W2056105529,1001-8417,Q3
https://openalex.org/W2056129521,0899-0042,Q2
https://openalex.org/W2056131844,0021-9673,Q1
https://openalex.org/W2056147004,1615-9306,Q1
https://openalex.org/W2056160445,0731-7085,Q1
https://openalex.org/W2056163371,0006-3525,Q1
https://openalex.org/W2056174424,0009-3122,Q4
https://openalex.org/W2056184007,0009-3130,-
https://openalex.org/W2056205019,0002-7863,Q1
https://openalex.org/W2056211961,0888-5885,Q1
https://openalex.org/W2056217011,0960-894X,Q1
https://openalex.org/W2056226588,0378-7753,Q1
https://openalex.org/W2056237416,0925-4005,-
https://openalex.org/W2056260081,0011-9164,Q1
https://openalex.org/W2056334584,0008-6223,Q1
https://openalex.org/W2056336922,0232-1300,Q2
https://openalex.org/W2056337603,1011-372X,Q1
https://openalex.org/W2056376910,1477-9226,Q2
https://openalex.org/W2056397680,0749-1581,Q2
https://openalex.org/W2056404891,0040-4020,Q1
https://openalex.org/W2056421023,1022-5528,Q1
https://openalex.org/W2056423019,1022-1352,Q1
https://openalex.org/W2056431712,0009-4536,Q3
https://openalex.org/W2056434898,0169-4332,-
https://openalex.org/W2056446567,0022-2313,Q1
https://openalex.org/W2056499529,1566-7367,Q1
https://openalex.org/W2056512987,1478-6419,Q3
https://openalex.org/W2056530066,0731-7085,Q1
https://openalex.org/W2056547031,1089-5639,Q1
https://openalex.org/W2056563559,0011-9164,Q1
https://openalex.org/W2056578175,0257-8972,Q1
https://openalex.org/W2056616440,0011-9164,Q1
https://openalex.org/W2056658749,0308-8146,Q1
https://openalex.org/W2056671792,0012-5008,Q3
https://openalex.org/W2056676976,0003-2719,Q2
https://openalex.org/W2056714953,0022-328X,Q2
https://openalex.org/W2056720731,1082-6076,Q3
https://openalex.org/W2056758269,0018-019X,Q2
https://openalex.org/W2056800662,1359-7345,Q1
https://openalex.org/W2056831632,0584-8547,Q1
https://openalex.org/W2056836946,1523-7052,Q1
https://openalex.org/W2056840927,0584-8547,Q1
https://openalex.org/W2056843359,0030-4018,Q2
https://openalex.org/W2056844074,1002-0721,Q3
https://openalex.org/W2056860463,1388-2481,Q1
https://openalex.org/W2056877663,0003-2670,Q1
https://openalex.org/W2056883960,0960-894X,Q1
https://openalex.org/W2056957101,1936-9751,Q3
https://openalex.org/W2056961587,1424-8220,Q3
https://openalex.org/W2056964145,0223-5234,Q2
https://openalex.org/W2056978893,0366-7022,Q2
https://openalex.org/W2056980132,0163-3864,Q1
https://openalex.org/W2056989190,0040-4039,Q1
https://openalex.org/W2056989350,0009-5893,Q2
https://openalex.org/W2056998954,0170-0839,Q2
https://openalex.org/W2057007163,0253-6269,Q3
https://openalex.org/W2057027117,0925-4005,-
https://openalex.org/W2057047871,1345-8957,Q2
https://openalex.org/W2057057564,1110-662X,Q2
https://openalex.org/W2057065726,0011-9164,Q1
https://openalex.org/W2057092235,0039-9140,Q1
https://openalex.org/W2057112242,0731-7085,Q1
https://openalex.org/W2057137638,0910-6340,Q2
https://openalex.org/W2057149400,0004-9425,Q1
https://openalex.org/W2057168748,0011-9164,Q1
https://openalex.org/W2057206388,0257-8972,Q1
https://openalex.org/W2057229825,0009-2363,Q2
https://openalex.org/W2057243911,0036-021X,Q2
https://openalex.org/W2057261175,0144-8617,Q1
https://openalex.org/W2057261572,1381-5148,Q1
https://openalex.org/W2057269547,0026-265X,Q2
https://openalex.org/W2057277473,1144-0546,Q1
https://openalex.org/W2057284000,0040-6031,Q2
https://openalex.org/W2057285887,0142-9418,Q2
https://openalex.org/W2057297706,0378-7753,Q1
https://openalex.org/W2057313546,1862-5282,Q3
https://openalex.org/W2057327293,0002-7863,Q1
https://openalex.org/W2057328528,0009-2363,Q2
https://openalex.org/W2057358078,0584-8547,Q1
https://openalex.org/W2057365283,0888-5885,Q1
https://openalex.org/W2057371889,1477-9226,Q2
https://openalex.org/W2057421523,0003-2700,Q1
https://openalex.org/W2057441575,0014-3057,Q1
https://openalex.org/W2057457733,0924-2031,Q3
https://openalex.org/W2057468117,0021-8995,Q2
https://openalex.org/W2057479899,0040-4039,Q1
https://openalex.org/W2057484250,1520-5207,Q1
https://openalex.org/W2057489002,0021-9673,Q1
https://openalex.org/W2057497740,0010-938X,Q1
https://openalex.org/W2057513854,1422-0067,Q3
https://openalex.org/W2057519455,0030-4018,Q2
https://openalex.org/W2057549854,0927-0256,Q1
https://openalex.org/W2057601846,1388-6150,Q3
https://openalex.org/W2057611730,0010-938X,Q1
https://openalex.org/W2057640289,0021-9673,Q1
https://openalex.org/W2057669477,0021-891X,Q2
https://openalex.org/W2057682735,0928-0707,Q1
https://openalex.org/W2057683263,0011-9164,Q1
https://openalex.org/W2057696752,1424-8220,Q3
https://openalex.org/W2057718989,0036-0244,Q4
https://openalex.org/W2057720906,1089-5639,Q1
https://openalex.org/W2057721924,1383-5866,Q1
https://openalex.org/W2057722464,1070-4280,Q4
https://openalex.org/W2057783629,0040-4039,Q1
https://openalex.org/W2057805204,1612-1872,Q2
https://openalex.org/W2057808789,1002-0721,Q3
https://openalex.org/W2057820671,0021-8561,Q1
https://openalex.org/W2057825065,0730-6679,Q3
https://openalex.org/W2057837553,0002-7863,Q1
https://openalex.org/W2057857501,0731-7085,Q1
https://openalex.org/W2057899803,0013-4651,Q1
https://openalex.org/W2057938639,0946-672X,Q3
https://openalex.org/W2057959722,0003-2670,Q1
https://openalex.org/W2057962355,1385-8947,Q1
https://openalex.org/W2057963977,0040-4039,Q1
https://openalex.org/W2057989924,1476-1122,Q1
https://openalex.org/W2058017859,0022-152X,Q3
https://openalex.org/W2058041203,0003-2700,Q1
https://openalex.org/W2058084637,0021-8561,Q1
https://openalex.org/W2058087337,1028-6020,Q3
https://openalex.org/W2058131666,0009-2363,Q2
https://openalex.org/W2058143237,0223-5234,Q2
https://openalex.org/W2058145702,0958-0344,Q2
https://openalex.org/W2058157355,0956-5663,Q1
https://openalex.org/W2058167728,0021-8995,Q2
https://openalex.org/W2058200541,0257-8972,Q1
https://openalex.org/W2058221805,0008-6215,Q2
https://openalex.org/W2058228948,1386-1425,Q2
https://openalex.org/W2058243076,0306-0012,Q1
https://openalex.org/W2058257298,1388-6150,Q3
https://openalex.org/W2058266613,0144-8617,Q1
https://openalex.org/W2058273932,0003-2719,Q2
https://openalex.org/W2058286525,0030-4018,Q2
https://openalex.org/W2058317216,0268-2575,Q2
https://openalex.org/W2058320993,1876-1070,Q2
https://openalex.org/W2058325417,0013-936X,Q1
https://openalex.org/W2058331428,0021-9673,Q1
https://openalex.org/W2058348134,0144-8617,Q1
https://openalex.org/W2058356150,0925-4005,-
https://openalex.org/W2058356554,0256-1115,Q2
https://openalex.org/W2058380780,0276-7333,Q1
https://openalex.org/W2058387457,1566-7367,Q1
https://openalex.org/W2058414649,0308-8146,Q1
https://openalex.org/W2058421742,0014-3057,Q1
https://openalex.org/W2058442284,1477-9226,Q2
https://openalex.org/W2058452912,1065-7258,Q2
https://openalex.org/W2058453246,0021-9568,Q1
https://openalex.org/W2058512158,1570-0232,Q1
https://openalex.org/W2058604643,0039-9140,Q1
https://openalex.org/W2058644479,1388-6150,Q3
https://openalex.org/W2058651648,1432-8488,Q2
https://openalex.org/W2058656284,0957-4484,Q1
https://openalex.org/W2058735845,1388-6150,Q3
https://openalex.org/W2058778083,0169-4332,-
https://openalex.org/W2058783293,0036-0236,Q4
https://openalex.org/W2058789380,0022-0248,Q1
https://openalex.org/W2058790365,0968-0896,Q1
https://openalex.org/W2058793713,0011-9164,Q1
https://openalex.org/W2058842221,1424-8220,Q3
https://openalex.org/W2058881712,0366-7022,Q2
https://openalex.org/W2058884267,1570-0232,Q1
https://openalex.org/W2058885137,0259-9791,Q2
https://openalex.org/W2058889256,1383-5866,Q1
https://openalex.org/W2058891200,1383-5866,Q1
https://openalex.org/W2058893488,1424-8220,Q3
https://openalex.org/W2058905254,0011-9164,Q1
https://openalex.org/W2058918785,0009-3122,Q4
https://openalex.org/W2058945797,0040-4039,Q1
https://openalex.org/W2058959937,0021-8561,Q1
https://openalex.org/W2058984715,0253-6269,Q3
https://openalex.org/W2058985499,0269-3879,Q2
https://openalex.org/W2058992785,0008-6215,Q2
https://openalex.org/W2059017986,0009-2509,Q1
https://openalex.org/W2059027257,1615-9306,Q1
https://openalex.org/W2059027698,0008-6223,Q1
https://openalex.org/W2059035986,0162-0134,Q1
https://openalex.org/W2059054324,0040-4039,Q1
https://openalex.org/W2059065350,0934-0866,Q2
https://openalex.org/W2059091734,0033-8230,Q3
https://openalex.org/W2059095065,0167-7322,Q2
https://openalex.org/W2059099067,0925-4005,-
https://openalex.org/W2059103217,0040-4020,Q1
https://openalex.org/W2059143635,0163-4984,Q3
https://openalex.org/W2059156334,0021-9517,Q1
https://openalex.org/W2059158989,0008-6223,Q1
https://openalex.org/W2059178803,0040-4039,Q1
https://openalex.org/W2059249646,0020-7608,Q2
https://openalex.org/W2059271397,0021-8995,Q2
https://openalex.org/W2059272055,1439-4227,Q1
https://openalex.org/W2059281497,0013-936X,Q1
https://openalex.org/W2059309402,1876-1070,Q2
https://openalex.org/W2059319759,0223-5234,Q2
https://openalex.org/W2059359869,0008-6223,Q1
https://openalex.org/W2059365812,0013-936X,Q1
https://openalex.org/W2059379656,0195-928X,-
https://openalex.org/W2059388245,1091-6466,Q2
https://openalex.org/W2059395754,1473-0189,Q1
https://openalex.org/W2059403138,0361-2317,Q2
https://openalex.org/W2059423969,1388-6150,Q3
https://openalex.org/W2059457859,1340-3443,-
https://openalex.org/W2059459719,0170-0839,Q2
https://openalex.org/W2059468787,0968-0896,Q1
https://openalex.org/W2059476480,1082-6076,Q3
https://openalex.org/W2059482777,0021-8995,Q2
https://openalex.org/W2059482789,0960-894X,Q1
https://openalex.org/W2059500752,0040-4020,Q1
https://openalex.org/W2059512398,0040-4039,Q1
https://openalex.org/W2059523801,0040-4020,Q1
https://openalex.org/W2059566432,0021-8561,Q1
https://openalex.org/W2059585859,0169-4332,-
https://openalex.org/W2059606143,0013-4686,Q1
https://openalex.org/W2059620463,1618-2642,Q1
https://openalex.org/W2059626874,1359-7345,Q1
https://openalex.org/W2059628334,0022-0248,Q1
https://openalex.org/W2059632736,0267-9477,Q1
https://openalex.org/W2059644663,1066-5285,Q3
https://openalex.org/W2059651654,0223-5234,Q2
https://openalex.org/W2059726111,0006-3525,Q1
https://openalex.org/W2059728942,0169-4332,-
https://openalex.org/W2059738040,0570-4928,Q2
https://openalex.org/W2059741031,0010-938X,Q1
https://openalex.org/W2059759919,0163-3864,Q1
https://openalex.org/W2059816855,1022-9760,Q2
https://openalex.org/W2059875673,0049-8246,Q3
https://openalex.org/W2059924580,0008-6215,Q2
https://openalex.org/W2059926248,1359-7345,Q1
https://openalex.org/W2059927716,0039-7911,Q3
https://openalex.org/W2059930708,0021-8995,Q2
https://openalex.org/W2059942239,1871-5532,Q4
https://openalex.org/W2060047468,0003-2670,Q1
https://openalex.org/W2060068085,0949-1775,Q2
https://openalex.org/W2060074431,0954-0083,Q3
https://openalex.org/W2060127427,0021-8561,Q1
https://openalex.org/W2060160913,0003-2700,Q1
https://openalex.org/W2060164966,0011-9164,Q1
https://openalex.org/W2060173295,1473-0189,Q1
https://openalex.org/W2060174990,0002-7863,Q1
https://openalex.org/W2060192279,0039-7911,Q3
https://openalex.org/W2060193171,1001-8417,Q3
https://openalex.org/W2060197214,0236-5731,Q3
https://openalex.org/W2060197724,0021-9673,Q1
https://openalex.org/W2060227369,0308-8146,Q1
https://openalex.org/W2060254782,0925-4005,-
https://openalex.org/W2060269779,0003-2670,Q1
https://openalex.org/W2060278426,0257-8972,Q1
https://openalex.org/W2060317673,0002-7863,Q1
https://openalex.org/W2060320901,0378-7753,Q1
https://openalex.org/W2060335259,0013-936X,Q1
https://openalex.org/W2060350715,0257-8972,Q1
https://openalex.org/W2060354999,0002-7863,Q1
https://openalex.org/W2060358558,0010-938X,Q1
https://openalex.org/W2060363206,0039-9140,Q1
https://openalex.org/W2060379906,0011-9164,Q1
https://openalex.org/W2060396574,0022-3697,Q2
https://openalex.org/W2060402525,1002-0721,Q3
https://openalex.org/W2060420224,1570-0232,Q1
https://openalex.org/W2060434581,0040-4039,Q1
https://openalex.org/W2060436606,0163-3864,Q1
https://openalex.org/W2060443579,0306-0012,Q1
https://openalex.org/W2060443882,0011-9164,Q1
https://openalex.org/W2060463163,0960-894X,Q1
https://openalex.org/W2060469649,1424-8220,Q3
https://openalex.org/W2060496211,0223-5234,Q2
https://openalex.org/W2060507344,0894-3230,Q2
https://openalex.org/W2060514800,0925-3467,-
https://openalex.org/W2060538437,0002-7863,Q1
https://openalex.org/W2060574937,0910-6340,Q2
https://openalex.org/W2060585795,0958-0344,Q2
https://openalex.org/W2060588392,0039-128X,Q2
https://openalex.org/W2060626735,1097-3958,Q3
https://openalex.org/W2060627526,0039-7911,Q3
https://openalex.org/W2060634323,0929-5607,Q2
https://openalex.org/W2060639496,1070-4280,Q4
https://openalex.org/W2060654613,0267-9477,Q1
https://openalex.org/W2060728411,0021-8995,Q2
https://openalex.org/W2060765329,0892-6875,Q1
https://openalex.org/W2060782423,0743-7463,Q1
https://openalex.org/W2060798338,0149-6395,Q2
https://openalex.org/W2060807852,0020-1669,Q1
https://openalex.org/W2060812050,0378-7753,Q1
https://openalex.org/W2060817885,0883-7694,Q1
https://openalex.org/W2060828547,0002-7863,Q1
https://openalex.org/W2060837688,1741-5993,Q2
https://openalex.org/W2060843983,0277-5387,Q2
https://openalex.org/W2060845633,0040-5760,Q3
https://openalex.org/W2060864542,0026-265X,Q2
https://openalex.org/W2060871621,0013-936X,Q1
https://openalex.org/W2060884479,1001-604X,Q3
https://openalex.org/W2060885624,0009-3130,-
https://openalex.org/W2060896356,1424-8220,Q3
https://openalex.org/W2060907816,1612-1872,Q2
https://openalex.org/W2060909482,1388-2481,Q1
https://openalex.org/W2060936648,0011-9164,Q1
https://openalex.org/W2060971004,0925-3467,-
https://openalex.org/W2060980268,0022-3263,Q1
https://openalex.org/W2060984342,1424-8220,Q3
https://openalex.org/W2060994369,1522-7235,Q2
https://openalex.org/W2060994392,1420-3049,Q2
https://openalex.org/W2060996984,1951-6355,Q3
https://openalex.org/W2061002021,0003-2700,Q1
https://openalex.org/W2061030987,1001-8417,Q3
https://openalex.org/W2061058546,0021-8561,Q1
https://openalex.org/W2061064462,0021-9568,Q1
https://openalex.org/W2061104421,1438-2377,Q1
https://openalex.org/W2061107733,0257-8972,Q1
https://openalex.org/W2061132560,0022-152X,Q3
https://openalex.org/W2061141387,0300-9440,Q2
https://openalex.org/W2061154875,0257-8972,Q1
https://openalex.org/W2061166617,0916-8451,Q3
https://openalex.org/W2061177872,0022-0248,Q1
https://openalex.org/W2061179290,0169-4332,-
https://openalex.org/W2061182126,0236-5731,Q3
https://openalex.org/W2061211432,0003-2700,Q1
https://openalex.org/W2061221059,0956-5663,Q1
https://openalex.org/W2061248310,0023-1584,Q3
https://openalex.org/W2061256212,0163-3864,Q1
https://openalex.org/W2061265766,0144-8617,Q1
https://openalex.org/W2061287832,0956-5663,Q1
https://openalex.org/W2061297626,1386-1425,Q2
https://openalex.org/W2061310202,0960-894X,Q1
https://openalex.org/W2061318041,1951-6355,Q3
https://openalex.org/W2061350630,0040-4020,Q1
https://openalex.org/W2061371148,1861-471X,Q1
https://openalex.org/W2061375203,0731-7085,Q1
https://openalex.org/W2061377800,1748-6041,Q2
https://openalex.org/W2061379476,0040-4020,Q1
https://openalex.org/W2061381564,0021-8995,Q2
https://openalex.org/W2061392172,1028-6020,Q3
https://openalex.org/W2061414603,0949-8257,Q1
https://openalex.org/W2061431457,0163-4984,Q3
https://openalex.org/W2061477287,0021-8995,Q2
https://openalex.org/W2061478642,0960-894X,Q1
https://openalex.org/W2061499783,1477-0520,Q1
https://openalex.org/W2061507165,1422-0067,Q3
https://openalex.org/W2061519854,0021-9673,Q1
https://openalex.org/W2061530264,0013-4686,Q1
https://openalex.org/W2061555681,1612-1872,Q2
https://openalex.org/W2061568509,0960-894X,Q1
https://openalex.org/W2061587770,1618-2642,Q1
https://openalex.org/W2061588155,0002-7863,Q1
https://openalex.org/W2061607865,0960-894X,Q1
https://openalex.org/W2061623490,1520-5207,Q1
https://openalex.org/W2061633194,0167-2738,Q1
https://openalex.org/W2061634215,0914-9244,Q3
https://openalex.org/W2061634289,0016-2361,Q1
https://openalex.org/W2061637478,0144-8617,Q1
https://openalex.org/W2061641352,0011-9164,Q1
https://openalex.org/W2061673768,1070-3632,Q3
https://openalex.org/W2061703126,1083-6160,Q2
https://openalex.org/W2061734918,1364-7830,Q1
https://openalex.org/W2061735219,0022-3697,Q2
https://openalex.org/W2061740188,0040-4039,Q1
https://openalex.org/W2061751665,0039-7911,Q3
https://openalex.org/W2061771380,0378-7753,Q1
https://openalex.org/W2061773736,0032-0943,Q2
https://openalex.org/W2061803886,1023-1935,Q4
https://openalex.org/W2061812701,0013-936X,Q1
https://openalex.org/W2061819211,0021-9673,Q1
https://openalex.org/W2061820058,0169-4332,-
https://openalex.org/W2061821362,0010-938X,Q1
https://openalex.org/W2061834499,0300-9440,Q2
https://openalex.org/W2061869939,0959-8103,-
https://openalex.org/W2061871315,1788-618X,Q2
https://openalex.org/W2061875821,0022-3263,Q1
https://openalex.org/W2061889399,0169-4332,-
https://openalex.org/W2061910208,1089-5639,Q1
https://openalex.org/W2061910566,0040-4039,Q1
https://openalex.org/W2061913018,0169-4332,-
https://openalex.org/W2061921583,0960-894X,Q1
https://openalex.org/W2061942221,1876-1070,Q2
https://openalex.org/W2061945143,0002-7863,Q1
https://openalex.org/W2061946384,0925-3467,-
https://openalex.org/W2061949587,0269-3879,Q2
https://openalex.org/W2061956713,1340-3443,-
https://openalex.org/W2061999324,1344-3542,Q3
https://openalex.org/W2062016625,0003-2670,Q1
https://openalex.org/W2062022989,0022-3263,Q1
https://openalex.org/W2062025716,0013-936X,Q1
https://openalex.org/W2062061164,0946-672X,Q3
https://openalex.org/W2062071398,1864-063X,Q2
https://openalex.org/W2062090799,0040-4020,Q1
https://openalex.org/W2062095121,1386-1425,Q2
https://openalex.org/W2062095269,0021-8561,Q1
https://openalex.org/W2062118807,0023-1584,Q3
https://openalex.org/W2062148755,0253-6269,Q3
https://openalex.org/W2062151369,1388-6150,Q3
https://openalex.org/W2062156345,1066-5285,Q3
https://openalex.org/W2062157541,0925-9635,Q1
https://openalex.org/W2062168722,0169-4332,-
https://openalex.org/W2062176890,0378-3812,Q1
https://openalex.org/W2062182874,0257-8972,Q1
https://openalex.org/W2062183798,2070-2051,Q4
https://openalex.org/W2062208360,0009-5893,Q2
https://openalex.org/W2062226871,0956-5663,Q1
https://openalex.org/W2062230013,0040-4039,Q1
https://openalex.org/W2062230619,0010-938X,Q1
https://openalex.org/W2062244905,0026-265X,Q2
https://openalex.org/W2062251148,1618-2642,Q1
https://openalex.org/W2062270296,0584-8547,Q1
https://openalex.org/W2062309942,0146-4760,Q2
https://openalex.org/W2062313100,0018-019X,Q2
https://openalex.org/W2062369313,0022-0248,Q1
https://openalex.org/W2062375825,0269-3879,Q2
https://openalex.org/W2062378568,1523-7052,Q1
https://openalex.org/W2062387744,1359-7345,Q1
https://openalex.org/W2062447107,1422-0067,Q3
https://openalex.org/W2062454017,0022-2313,Q1
https://openalex.org/W2062473179,1613-6810,-
https://openalex.org/W2062536452,0170-0839,Q2
https://openalex.org/W2062545623,0163-3864,Q1
https://openalex.org/W2062555977,0257-8972,Q1
https://openalex.org/W2062572636,0144-8617,Q1
https://openalex.org/W2062575893,0022-2860,Q3
https://openalex.org/W2062581908,1528-7483,Q1
https://openalex.org/W2062582184,1000-324X,Q4
https://openalex.org/W2062608939,0020-7608,Q2
https://openalex.org/W2062610748,1424-8220,Q3
https://openalex.org/W2062629782,0731-7085,Q1
https://openalex.org/W2062640590,0022-3263,Q1
https://openalex.org/W2062643180,0022-2313,Q1
https://openalex.org/W2062655528,0021-9568,Q1
https://openalex.org/W2062666681,0169-4332,-
https://openalex.org/W2062754930,0300-9440,Q2
https://openalex.org/W2062778585,0002-7863,Q1
https://openalex.org/W2062803479,0169-4332,-
https://openalex.org/W2062806499,1573-4110,Q2
https://openalex.org/W2062815830,0957-4484,Q1
https://openalex.org/W2062819769,0044-2313,Q3
https://openalex.org/W2062821970,1319-6103,-
https://openalex.org/W2062831653,1438-7697,Q1
https://openalex.org/W2062849137,0928-0707,Q1
https://openalex.org/W2062869545,1053-0509,Q2
https://openalex.org/W2062872488,0026-3672,Q2
https://openalex.org/W2062891607,0947-8396,Q1
https://openalex.org/W2062979675,0003-7028,Q3
https://openalex.org/W2062992441,0032-3888,Q2
https://openalex.org/W2063046198,0008-6223,Q1
https://openalex.org/W2063049122,1348-6535,Q2
https://openalex.org/W2063054397,1388-6150,Q3
https://openalex.org/W2063095254,1091-6466,Q2
https://openalex.org/W2063099335,1944-0057,Q1
https://openalex.org/W2063099446,1438-2377,Q1
https://openalex.org/W2063114096,0257-8972,Q1
https://openalex.org/W2063155362,0960-894X,Q1
https://openalex.org/W2063190423,0925-9635,Q1
https://openalex.org/W2063194648,1420-3049,Q2
https://openalex.org/W2063199038,0013-936X,Q1
https://openalex.org/W2063201876,1932-7447,Q1
https://openalex.org/W2063207128,1359-7345,Q1
https://openalex.org/W2063236763,0011-9164,Q1
https://openalex.org/W2063259878,1350-4177,-
https://openalex.org/W2063274978,0169-4332,-
https://openalex.org/W2063284437,0039-9140,Q1
https://openalex.org/W2063294771,0044-2313,Q3
https://openalex.org/W2063307659,0011-9164,Q1
https://openalex.org/W2063309964,1385-8947,Q1
https://openalex.org/W2063341381,0022-2860,Q3
https://openalex.org/W2063351715,0022-2313,Q1
https://openalex.org/W2063381573,1528-7483,Q1
https://openalex.org/W2063383290,0584-8547,Q1
https://openalex.org/W2063392525,0169-7439,Q2
https://openalex.org/W2063400717,1944-0057,Q1
https://openalex.org/W2063412054,1044-0305,Q1
https://openalex.org/W2063423873,0925-3467,-
https://openalex.org/W2063431847,0009-0352,Q2
https://openalex.org/W2063443993,0022-4596,Q1
https://openalex.org/W2063500061,0021-9673,Q1
https://openalex.org/W2063500252,1293-2558,Q1
https://openalex.org/W2063502149,1520-5207,Q1
https://openalex.org/W2063514317,0269-3879,Q2
https://openalex.org/W2063514614,1083-6160,Q2
https://openalex.org/W2063531929,0925-4005,-
https://openalex.org/W2063548701,1388-2481,Q1
https://openalex.org/W2063614229,1091-6466,Q2
https://openalex.org/W2063615402,0020-7608,Q2
https://openalex.org/W2063643440,1388-6150,Q3
https://openalex.org/W2063675950,0960-894X,Q1
https://openalex.org/W2063676260,0163-4984,Q3
https://openalex.org/W2063700631,0371-9553,Q3
https://openalex.org/W2063749588,1951-6355,Q3
https://openalex.org/W2063752120,0352-5139,Q3
https://openalex.org/W2063767491,0223-5234,Q2
https://openalex.org/W2063771297,0269-3879,Q2
https://openalex.org/W2063773158,1744-683X,Q1
https://openalex.org/W2063778240,0269-3879,Q2
https://openalex.org/W2063780304,0163-3864,Q1
https://openalex.org/W2063787257,0016-2361,Q1
https://openalex.org/W2063815807,0016-2361,Q1
https://openalex.org/W2063818929,0308-8146,Q1
https://openalex.org/W2063820771,1388-2481,Q1
https://openalex.org/W2063858849,0933-4173,Q3
https://openalex.org/W2063860929,0036-0244,Q4
https://openalex.org/W2063888797,1099-0690,Q1
https://openalex.org/W2063889350,0306-0012,Q1
https://openalex.org/W2063902642,0169-4332,-
https://openalex.org/W2063980519,0011-9164,Q1
https://openalex.org/W2063980627,0009-5893,Q2
https://openalex.org/W2063982253,0957-4484,Q1
https://openalex.org/W2063987744,0960-894X,Q1
https://openalex.org/W2063995460,0144-8617,Q1
https://openalex.org/W2064006868,0021-8561,Q1
https://openalex.org/W2064019785,0040-4039,Q1
https://openalex.org/W2064028569,1951-6355,Q3
https://openalex.org/W2064066363,0009-3130,-
https://openalex.org/W2064091168,1319-6103,-
https://openalex.org/W2064091664,0268-2605,Q2
https://openalex.org/W2064092684,0022-2313,Q1
https://openalex.org/W2064097919,0968-0896,Q1
https://openalex.org/W2064123145,0021-8995,Q2
https://openalex.org/W2064144390,0022-328X,Q2
https://openalex.org/W2064146998,0232-1300,Q2
https://openalex.org/W2064163144,1748-6041,Q2
https://openalex.org/W2064194610,0921-9668,Q1
https://openalex.org/W2064203874,1028-6020,Q3
https://openalex.org/W2064212746,1747-0277,-
https://openalex.org/W2064214500,0021-8561,Q1
https://openalex.org/W2064216818,0959-8103,-
https://openalex.org/W2064228496,0165-2370,Q1
https://openalex.org/W2064230021,1062-3701,Q2
https://openalex.org/W2064240319,1044-0305,Q1
https://openalex.org/W2064245704,0095-9782,Q2
https://openalex.org/W2064247035,0003-2670,Q1
https://openalex.org/W2064248187,0236-5731,Q3
https://openalex.org/W2064276599,0020-7608,Q2
https://openalex.org/W2064283964,0269-3879,Q2
https://openalex.org/W2064288900,0366-7022,Q2
https://openalex.org/W2064291522,1040-0397,Q2
https://openalex.org/W2064333728,0959-8103,-
https://openalex.org/W2064375438,0367-598X,Q4
https://openalex.org/W2064375710,0040-4039,Q1
https://openalex.org/W2064383955,0022-3263,Q1
https://openalex.org/W2064393559,0013-936X,Q1
https://openalex.org/W2064395648,0743-7463,Q1
https://openalex.org/W2064418089,1951-6355,Q3
https://openalex.org/W2064423599,0021-9584,Q3
https://openalex.org/W2064426694,0173-0835,Q1
https://openalex.org/W2064433024,1293-2558,Q1
https://openalex.org/W2064443149,0163-3864,Q1
https://openalex.org/W2064443413,1747-0277,-
https://openalex.org/W2064445219,1388-6150,Q3
https://openalex.org/W2064485361,0169-4332,-
https://openalex.org/W2064522544,0001-4842,Q1
https://openalex.org/W2064537842,0377-0486,Q1
https://openalex.org/W2064547531,0163-3864,Q1
https://openalex.org/W2064574734,1054-2523,Q4
https://openalex.org/W2064615450,0003-2700,Q1
https://openalex.org/W2064653026,1022-9760,Q2
https://openalex.org/W2064656911,1388-6150,Q3
https://openalex.org/W2064658923,0951-4198,Q1
https://openalex.org/W2064673986,0009-2363,Q2
https://openalex.org/W2064686321,0040-4039,Q1
https://openalex.org/W2064690652,1424-8220,Q3
https://openalex.org/W2064728124,0021-9673,Q1
https://openalex.org/W2064746750,0010-5082,Q2
https://openalex.org/W2064748408,0300-9440,Q2
https://openalex.org/W2064749020,0170-0839,Q2
https://openalex.org/W2064757259,0003-2700,Q1
https://openalex.org/W2064766345,1944-0057,Q1
https://openalex.org/W2064804818,0925-4005,-
https://openalex.org/W2064823725,0003-2700,Q1
https://openalex.org/W2064841960,0169-4332,-
https://openalex.org/W2064863934,1542-1406,Q2
https://openalex.org/W2064864372,0951-4198,Q1
https://openalex.org/W2064884002,0024-9297,Q1
https://openalex.org/W2064910340,1432-8488,Q2
https://openalex.org/W2064930043,0927-7765,Q2
https://openalex.org/W2064932605,0021-9568,Q1
https://openalex.org/W2064951879,0021-8995,Q2
https://openalex.org/W2064954029,0021-9673,Q1
https://openalex.org/W2064987511,0022-4073,Q2
https://openalex.org/W2065016260,1350-4177,-
https://openalex.org/W2065018791,0002-7863,Q1
https://openalex.org/W2065024732,0163-4984,Q3
https://openalex.org/W2065033697,0916-8451,Q3
https://openalex.org/W2065055939,0930-7516,Q2
https://openalex.org/W2065094268,0165-2370,Q1
https://openalex.org/W2065122939,0888-5885,Q1
https://openalex.org/W2065123954,0267-9477,Q1
https://openalex.org/W2065128202,0910-6340,Q2
https://openalex.org/W2065142294,0968-0896,Q1
https://openalex.org/W2065145375,0957-4484,Q1
https://openalex.org/W2065147105,0008-6215,Q2
https://openalex.org/W2065177680,1385-8947,Q1
https://openalex.org/W2065192907,0968-0896,Q1
https://openalex.org/W2065205296,0021-9673,Q1
https://openalex.org/W2065218037,0730-6679,Q3
https://openalex.org/W2065219112,0010-938X,Q1
https://openalex.org/W2065220433,0011-9164,Q1
https://openalex.org/W2065230239,0724-8741,Q1
https://openalex.org/W2065231739,1615-9306,Q1
https://openalex.org/W2065269972,0003-2700,Q1
https://openalex.org/W2065282994,0959-8103,-
https://openalex.org/W2065290540,0040-4039,Q1
https://openalex.org/W2065310423,0033-8230,Q3
https://openalex.org/W2065311530,0002-7863,Q1
https://openalex.org/W2065316445,0737-3937,Q3
https://openalex.org/W2065321176,1872-5813,Q3
https://openalex.org/W2065326021,0022-3263,Q1
https://openalex.org/W2065351631,0362-4803,Q3
https://openalex.org/W2065365053,1932-7447,Q1
https://openalex.org/W2065400299,0022-0248,Q1
https://openalex.org/W2065402173,0021-9568,Q1
https://openalex.org/W2065411270,0169-4332,-
https://openalex.org/W2065420496,0030-4018,Q2
https://openalex.org/W2065479061,0731-7085,Q1
https://openalex.org/W2065494692,0040-4039,Q1
https://openalex.org/W2065506208,0267-8292,Q2
https://openalex.org/W2065534646,0925-4005,-
https://openalex.org/W2065550979,0040-4020,Q1
https://openalex.org/W2065551057,0149-6395,Q2
https://openalex.org/W2065576867,0036-0244,Q4
https://openalex.org/W2065578407,1523-7052,Q1
https://openalex.org/W2065603947,0003-2670,Q1
https://openalex.org/W2065648496,0173-0835,Q1
https://openalex.org/W2065650223,1070-3632,Q3
https://openalex.org/W2065659779,0031-9104,Q3
https://openalex.org/W2065681635,0009-3122,Q4
https://openalex.org/W2065691316,0049-8246,Q3
https://openalex.org/W2065737361,0011-9164,Q1
https://openalex.org/W2065753201,0255-2701,Q1
https://openalex.org/W2065758831,0927-7757,-
https://openalex.org/W2065760702,0021-8995,Q2
https://openalex.org/W2065768111,1473-0189,Q1
https://openalex.org/W2065774501,0169-4332,-
https://openalex.org/W2065784504,1388-0764,Q1
https://openalex.org/W2065804863,0022-4596,Q1
https://openalex.org/W2065815428,1618-2642,Q1
https://openalex.org/W2065824705,0925-3467,-
https://openalex.org/W2065827354,0257-8972,Q1
https://openalex.org/W2065863016,0026-265X,Q2
https://openalex.org/W2065863220,0163-3864,Q1
https://openalex.org/W2065900453,0308-8146,Q1
https://openalex.org/W2065919335,0011-9164,Q1
https://openalex.org/W2065922151,0731-7085,Q1
https://openalex.org/W2065928443,1420-3049,Q2
https://openalex.org/W2065943246,0013-4651,Q1
https://openalex.org/W2065945850,0731-7085,Q1
https://openalex.org/W2065974255,0169-4332,-
https://openalex.org/W2065983927,1040-0397,Q2
https://openalex.org/W2066009887,0743-7463,Q1
https://openalex.org/W2066014227,1385-8947,Q1
https://openalex.org/W2066025667,0013-4686,Q1
https://openalex.org/W2066030020,0378-3812,Q1
https://openalex.org/W2066064233,1616-301X,Q1
https://openalex.org/W2066070486,1388-2481,Q1
https://openalex.org/W2066088422,0925-3467,-
https://openalex.org/W2066102229,0968-0896,Q1
https://openalex.org/W2066118242,1340-3443,-
https://openalex.org/W2066118774,0968-0896,Q1
https://openalex.org/W2066119892,0011-9164,Q1
https://openalex.org/W2066121853,1388-6150,Q3
https://openalex.org/W2066152101,1383-5866,Q1
https://openalex.org/W2066155959,0236-5731,Q3
https://openalex.org/W2066160884,0002-7863,Q1
https://openalex.org/W2066163882,0888-5885,Q1
https://openalex.org/W2066184790,0040-4039,Q1
https://openalex.org/W2066216179,0011-9164,Q1
https://openalex.org/W2066222822,1002-0721,Q3
https://openalex.org/W2066251342,0009-2363,Q2
https://openalex.org/W2066261879,1432-8488,Q2
https://openalex.org/W2066268147,0039-9140,Q1
https://openalex.org/W2066277294,0021-8995,Q2
https://openalex.org/W2066280257,0257-8972,Q1
https://openalex.org/W2066304536,0011-9164,Q1
https://openalex.org/W2066322500,1523-7052,Q1
https://openalex.org/W2066326439,0040-4020,Q1
https://openalex.org/W2066327605,0045-6535,Q1
https://openalex.org/W2066356292,0022-0248,Q1
https://openalex.org/W2066375690,0366-7022,Q2
https://openalex.org/W2066378386,0167-2738,Q1
https://openalex.org/W2066379927,0376-7388,Q1
https://openalex.org/W2066390677,0960-894X,Q1
https://openalex.org/W2066400607,0010-938X,Q1
https://openalex.org/W2066427814,0040-6031,Q2
https://openalex.org/W2066432012,1540-7489,Q1
https://openalex.org/W2066454151,0013-4686,Q1
https://openalex.org/W2066494396,0032-3861,Q1
https://openalex.org/W2066530231,1002-0721,Q3
https://openalex.org/W2066530708,1432-8488,Q2
https://openalex.org/W2066532832,0036-0236,Q4
https://openalex.org/W2066532947,0039-7911,Q3
https://openalex.org/W2066539876,1002-0721,Q3
https://openalex.org/W2066544906,0009-3130,-
https://openalex.org/W2066558430,0003-2700,Q1
https://openalex.org/W2066564396,0928-0707,Q1
https://openalex.org/W2066582527,0892-6875,Q1
https://openalex.org/W2066592914,0040-4039,Q1
https://openalex.org/W2066622150,1028-6020,Q3
https://openalex.org/W2066641445,0308-8146,Q1
https://openalex.org/W2066644697,0013-4686,Q1
https://openalex.org/W2066660994,0021-9592,Q2
https://openalex.org/W2066668711,0366-6352,Q3
https://openalex.org/W2066685510,0927-7765,Q2
https://openalex.org/W2066726891,1004-9541,Q2
https://openalex.org/W2066727808,0010-2180,Q1
https://openalex.org/W2066728479,0021-8995,Q2
https://openalex.org/W2066735508,0040-4039,Q1
https://openalex.org/W2066753055,0021-8995,Q2
https://openalex.org/W2066762047,0193-2691,Q3
https://openalex.org/W2066777890,0253-6269,Q3
https://openalex.org/W2066797539,1573-4110,Q2
https://openalex.org/W2066854534,1233-2356,Q3
https://openalex.org/W2066855286,1001-8417,Q3
https://openalex.org/W2066863781,0169-4332,-
https://openalex.org/W2066865971,1070-4272,Q4
https://openalex.org/W2066868329,0916-8451,Q3
https://openalex.org/W2066882138,0892-6875,Q1
https://openalex.org/W2066899036,1477-9226,Q2
https://openalex.org/W2066913222,1788-618X,Q2
https://openalex.org/W2066921057,0743-7463,Q1
https://openalex.org/W2066926943,0925-3467,-
https://openalex.org/W2066929143,0008-6223,Q1
https://openalex.org/W2066930194,0942-9352,Q3
https://openalex.org/W2066945076,0173-0835,Q1
https://openalex.org/W2066979972,1872-5813,Q3
https://openalex.org/W2066991612,0009-2363,Q2
https://openalex.org/W2066991705,1476-1122,Q1
https://openalex.org/W2067005114,0040-4039,Q1
https://openalex.org/W2067025971,1567-5394,Q2
https://openalex.org/W2067103545,0169-4332,-
https://openalex.org/W2067110451,0022-3697,Q2
https://openalex.org/W2067121488,1385-8947,Q1
https://openalex.org/W2067139568,0021-8561,Q1
https://openalex.org/W2067158361,0040-4039,Q1
https://openalex.org/W2067238050,0011-9164,Q1
https://openalex.org/W2067296925,1463-9076,Q1
https://openalex.org/W2067303604,0013-4651,Q1
https://openalex.org/W2067308378,0256-1115,Q2
https://openalex.org/W2067313136,0743-7463,Q1
https://openalex.org/W2067319188,0888-5885,Q1
https://openalex.org/W2067322599,0268-2605,Q2
https://openalex.org/W2067322680,0003-7028,Q3
https://openalex.org/W2067326926,0039-9140,Q1
https://openalex.org/W2067329411,1076-5174,Q1
https://openalex.org/W2067389752,0956-5663,Q1
https://openalex.org/W2067408293,0022-152X,Q3
https://openalex.org/W2067445353,1473-0189,Q1
https://openalex.org/W2067448595,1070-4280,Q4
https://openalex.org/W2067496824,0169-4332,-
https://openalex.org/W2067569499,0039-7911,Q3
https://openalex.org/W2067578056,0045-6535,Q1
https://openalex.org/W2067607427,0104-1428,Q4
https://openalex.org/W2067652916,0366-6352,Q3
https://openalex.org/W2067686743,0169-4332,-
https://openalex.org/W2067694684,0030-4018,Q2
https://openalex.org/W2067701583,0378-7753,Q1
https://openalex.org/W2067701616,0142-2421,Q2
https://openalex.org/W2067707725,0916-8451,Q3
https://openalex.org/W2067723237,0039-7911,Q3
https://openalex.org/W2067774094,1876-1070,Q2
https://openalex.org/W2067796839,1063-455X,Q4
https://openalex.org/W2067811066,0927-0256,Q1
https://openalex.org/W2067832298,1867-3880,-
https://openalex.org/W2067853338,0021-9673,Q1
https://openalex.org/W2067892308,1757-6180,-
https://openalex.org/W2067894003,1387-1811,Q1
https://openalex.org/W2067898796,1386-1425,Q2
https://openalex.org/W2067951656,0030-4018,Q2
https://openalex.org/W2067952581,1381-5148,Q1
https://openalex.org/W2067954231,1424-8220,Q3
https://openalex.org/W2067957655,1618-2642,Q1
https://openalex.org/W2068001185,0888-5885,Q1
https://openalex.org/W2068047573,1466-8033,Q1
https://openalex.org/W2068060362,0030-4018,Q2
https://openalex.org/W2068066166,1229-9197,Q3
https://openalex.org/W2068067904,0021-9673,Q1
https://openalex.org/W2068080664,1420-3049,Q2
https://openalex.org/W2068090805,0022-2860,Q3
https://openalex.org/W2068109702,1542-1406,Q2
https://openalex.org/W2068110425,0960-894X,Q1
https://openalex.org/W2068161460,0040-4020,Q1
https://openalex.org/W2068171922,1028-6020,Q3
https://openalex.org/W2068178784,0916-8451,Q3
https://openalex.org/W2068197341,0022-0248,Q1
https://openalex.org/W2068201227,1388-6150,Q3
https://openalex.org/W2068220604,0022-0248,Q1
https://openalex.org/W2068273497,0362-4803,Q3
https://openalex.org/W2068280247,1558-3716,Q1
https://openalex.org/W2068285044,0169-4332,-
https://openalex.org/W2068288544,1040-0400,Q3
https://openalex.org/W2068290606,0163-3864,Q1
https://openalex.org/W2068339262,1350-4177,-
https://openalex.org/W2068350461,0957-4484,Q1
https://openalex.org/W2068368015,0021-8995,Q2
https://openalex.org/W2068368720,0021-9517,Q1
https://openalex.org/W2068377097,0925-4005,-
https://openalex.org/W2068379299,0022-0248,Q1
https://openalex.org/W2068395349,0009-2363,Q2
https://openalex.org/W2068399450,0013-4651,Q1
https://openalex.org/W2068415831,0013-4686,Q1
https://openalex.org/W2068429157,1082-6076,Q3
https://openalex.org/W2068438243,0925-4005,-
https://openalex.org/W2068440692,1520-4766,-
https://openalex.org/W2068527250,1091-6466,Q2
https://openalex.org/W2068555410,0010-938X,Q1
https://openalex.org/W2068578357,1061-9348,Q4
https://openalex.org/W2068614948,0022-3263,Q1
https://openalex.org/W2068626490,0021-8995,Q2
https://openalex.org/W2068660417,0040-4020,Q1
https://openalex.org/W2068686268,0032-3888,Q2
https://openalex.org/W2068703601,1876-1070,Q2
https://openalex.org/W2068711929,0927-7765,Q2
https://openalex.org/W2068717498,0021-9673,Q1
https://openalex.org/W2068718497,0013-936X,Q1
https://openalex.org/W2068723815,0021-9037,Q4
https://openalex.org/W2068733807,1229-9197,Q3
https://openalex.org/W2068777481,0016-2361,Q1
https://openalex.org/W2068830434,0269-3879,Q2
https://openalex.org/W2068838040,0011-9164,Q1
https://openalex.org/W2068842839,1520-5207,Q1
https://openalex.org/W2068884390,0385-5414,Q2
https://openalex.org/W2068888525,0001-4842,Q1
https://openalex.org/W2068911230,0236-5731,Q3
https://openalex.org/W2068932812,0022-0248,Q1
https://openalex.org/W2068985501,1082-6076,Q3
https://openalex.org/W2068990429,0026-3672,Q2
https://openalex.org/W2069020007,0039-7911,Q3
https://openalex.org/W2069075088,0379-7112,Q1
https://openalex.org/W2069122543,0003-2700,Q1
https://openalex.org/W2069125934,0925-4005,-
https://openalex.org/W2069126161,0024-9297,Q1
https://openalex.org/W2069148144,0968-0896,Q1
https://openalex.org/W2069173069,1359-7345,Q1
https://openalex.org/W2069175335,0731-7085,Q1
https://openalex.org/W2069183089,1432-8488,Q2
https://openalex.org/W2069184800,1570-0232,Q1
https://openalex.org/W2069191806,1002-0721,Q3
https://openalex.org/W2069195858,0013-936X,Q1
https://openalex.org/W2069211897,0888-5885,Q1
https://openalex.org/W2069230909,1070-4272,Q4
https://openalex.org/W2069230971,0002-7863,Q1
https://openalex.org/W2069236990,0958-0344,Q2
https://openalex.org/W2069248421,0308-8146,Q1
https://openalex.org/W2069257508,0021-9673,Q1
https://openalex.org/W2069266338,1615-4150,Q1
https://openalex.org/W2069268984,1070-4280,Q4
https://openalex.org/W2069285561,0036-0236,Q4
https://openalex.org/W2069312818,1001-8417,Q3
https://openalex.org/W2069327074,0920-5861,Q1
https://openalex.org/W2069400469,0030-4018,Q2
https://openalex.org/W2069406834,0163-3864,Q1
https://openalex.org/W2069430315,1083-6160,Q2
https://openalex.org/W2069445879,0236-5731,Q3
https://openalex.org/W2069472909,0010-2180,Q1
https://openalex.org/W2069478987,0022-2313,Q1
https://openalex.org/W2069482173,0957-4166,Q1
https://openalex.org/W2069504721,0306-7319,Q2
https://openalex.org/W2069513338,0040-4039,Q1
https://openalex.org/W2069521180,0009-3130,-
https://openalex.org/W2069534774,1002-0721,Q3
https://openalex.org/W2069543016,0021-9673,Q1
https://openalex.org/W2069559777,1083-6160,Q2
https://openalex.org/W2069565682,0269-3879,Q2
https://openalex.org/W2069585080,1004-9541,Q2
https://openalex.org/W2069590775,0039-7911,Q3
https://openalex.org/W2069608922,1066-5285,Q3
https://openalex.org/W2069612587,0272-8397,Q2
https://openalex.org/W2069631972,0013-936X,Q1
https://openalex.org/W2069633273,1566-7367,Q1
https://openalex.org/W2069679125,0253-6269,Q3
https://openalex.org/W2069702827,0888-5885,Q1
https://openalex.org/W2069708037,0040-4039,Q1
https://openalex.org/W2069725019,0888-5885,Q1
https://openalex.org/W2069728942,0003-2700,Q1
https://openalex.org/W2069757422,1022-1360,Q3
https://openalex.org/W2069757448,0021-9673,Q1
https://openalex.org/W2069774941,0927-7757,-
https://openalex.org/W2069808665,0888-5885,Q1
https://openalex.org/W2069815111,0014-3057,Q1
https://openalex.org/W2069828485,0011-9164,Q1
https://openalex.org/W2069836997,0040-4039,Q1
https://openalex.org/W2069854165,0960-894X,Q1
https://openalex.org/W2069860132,0894-3230,Q2
https://openalex.org/W2069863635,1000-324X,Q4
https://openalex.org/W2069878667,0016-2361,Q1
https://openalex.org/W2069905438,0253-6269,Q3
https://openalex.org/W2069908239,1735-207X,Q2
https://openalex.org/W2069928794,0026-9247,Q2
https://openalex.org/W2069941161,1001-8417,Q3
https://openalex.org/W2069994449,1091-6466,Q2
https://openalex.org/W2070035587,0003-2700,Q1
https://openalex.org/W2070049863,0040-4039,Q1
https://openalex.org/W2070096662,0002-7863,Q1
https://openalex.org/W2070139484,0920-5861,Q1
https://openalex.org/W2070144900,0960-894X,Q1
https://openalex.org/W2070145290,0013-936X,Q1
https://openalex.org/W2070155838,0920-5861,Q1
https://openalex.org/W2070159664,0013-936X,Q1
https://openalex.org/W2070170519,0021-9517,Q1
https://openalex.org/W2070194454,0034-8570,Q4
https://openalex.org/W2070217403,1091-6466,Q2
https://openalex.org/W2070223588,1477-9226,Q2
https://openalex.org/W2070239754,0039-128X,Q2
https://openalex.org/W2070239828,0169-4332,-
https://openalex.org/W2070240180,0040-4039,Q1
https://openalex.org/W2070245528,0887-624X,Q1
https://openalex.org/W2070268199,0144-8617,Q1
https://openalex.org/W2070275579,0362-4803,Q3
https://openalex.org/W2070291200,0960-894X,Q1
https://openalex.org/W2070301152,1028-6020,Q3
https://openalex.org/W2070340071,1477-9226,Q2
https://openalex.org/W2070342287,1473-0189,Q1
https://openalex.org/W2070372598,0267-9477,Q1
https://openalex.org/W2070381574,0223-5234,Q2
https://openalex.org/W2070430102,1229-9197,Q3
https://openalex.org/W2070439469,0020-1685,Q3
https://openalex.org/W2070449972,1022-9760,Q2
https://openalex.org/W2070462324,1566-7367,Q1
https://openalex.org/W2070465555,1066-5285,Q3
https://openalex.org/W2070469669,0003-2654,Q1
https://openalex.org/W2070471027,0223-5234,Q2
https://openalex.org/W2070484274,0022-2313,Q1
https://openalex.org/W2070502781,0256-1115,Q2
https://openalex.org/W2070504193,1618-2642,Q1
https://openalex.org/W2070526325,1990-7923,Q4
https://openalex.org/W2070538436,1359-7345,Q1
https://openalex.org/W2070553368,0022-0248,Q1
https://openalex.org/W2070612532,1350-4177,-
https://openalex.org/W2070632340,1066-5285,Q3
https://openalex.org/W2070647009,1612-1872,Q2
https://openalex.org/W2070681419,0038-1098,Q1
https://openalex.org/W2070706792,0925-3467,-
https://openalex.org/W2070709501,0039-7911,Q3
https://openalex.org/W2070712452,1229-9197,Q3
https://openalex.org/W2070722881,0002-7863,Q1
https://openalex.org/W2070730230,1388-6150,Q3
https://openalex.org/W2070745505,0925-4005,-
https://openalex.org/W2070752372,0920-5861,Q1
https://openalex.org/W2070756823,0169-4332,-
https://openalex.org/W2070769745,0960-894X,Q1
https://openalex.org/W2070770172,0968-0896,Q1
https://openalex.org/W2070776024,1022-1360,Q3
https://openalex.org/W2070776597,1463-9076,Q1
https://openalex.org/W2070797202,0038-9056,Q3
https://openalex.org/W2070808276,1386-1425,Q2
https://openalex.org/W2070809909,0001-4842,Q1
https://openalex.org/W2070831863,0378-7753,Q1
https://openalex.org/W2070849162,0169-4332,-
https://openalex.org/W2070861690,0956-5663,Q1
https://openalex.org/W2070869934,0193-2691,Q3
https://openalex.org/W2070884801,0379-7112,Q1
https://openalex.org/W2070886273,0957-4166,Q1
https://openalex.org/W2070887492,1229-9197,Q3
https://openalex.org/W2070897576,1477-0520,Q1
https://openalex.org/W2070902437,1359-7345,Q1
https://openalex.org/W2070935576,1001-8417,Q3
https://openalex.org/W2070937995,0914-9244,Q3
https://openalex.org/W2070956613,0968-0896,Q1
https://openalex.org/W2071003883,0039-9140,Q1
https://openalex.org/W2071027294,0036-0236,Q4
https://openalex.org/W2071027378,0018-1439,Q4
https://openalex.org/W2071091850,1359-7345,Q1
https://openalex.org/W2071094014,0022-3697,Q2
https://openalex.org/W2071122017,0378-7753,Q1
https://openalex.org/W2071135729,0009-2363,Q2
https://openalex.org/W2071146217,1002-0721,Q3
https://openalex.org/W2071146654,0009-2363,Q2
https://openalex.org/W2071157787,0959-9428,Q1
https://openalex.org/W2071176995,0021-9568,Q1
https://openalex.org/W2071191681,1385-8947,Q1
https://openalex.org/W2071207103,0300-9440,Q2
https://openalex.org/W2071213115,0021-9568,Q1
https://openalex.org/W2071268592,0236-5731,Q3
https://openalex.org/W2071272818,1433-7851,Q1
https://openalex.org/W2071287861,0021-9673,Q1
https://openalex.org/W2071293269,0363-9045,Q3
https://openalex.org/W2071301790,0039-9140,Q1
https://openalex.org/W2071314680,0308-8146,Q1
https://openalex.org/W2071325909,0378-7753,Q1
https://openalex.org/W2071350038,0038-1098,Q1
https://openalex.org/W2071363279,1061-9348,Q4
https://openalex.org/W2071365801,0023-1584,Q3
https://openalex.org/W2071376243,1520-5207,Q1
https://openalex.org/W2071381384,1420-3049,Q2
https://openalex.org/W2071413216,0013-4686,Q1
https://openalex.org/W2071421132,1022-9760,Q2
https://openalex.org/W2071426876,0021-891X,Q2
https://openalex.org/W2071436106,0956-5663,Q1
https://openalex.org/W2071437586,0914-9244,Q3
https://openalex.org/W2071454968,0306-7319,Q2
https://openalex.org/W2071464195,0003-2670,Q1
https://openalex.org/W2071481599,0009-5893,Q2
https://openalex.org/W2071484003,1082-6076,Q3
https://openalex.org/W2071514691,0039-7911,Q3
https://openalex.org/W2071519393,1091-6466,Q2
https://openalex.org/W2071552408,0011-9164,Q1
https://openalex.org/W2071557001,0960-894X,Q1
https://openalex.org/W2071563345,0920-5861,Q1
https://openalex.org/W2071571633,0256-1115,Q2
https://openalex.org/W2071581609,1570-0232,Q1
https://openalex.org/W2071600242,0003-2670,Q1
https://openalex.org/W2071614825,0022-3263,Q1
https://openalex.org/W2071633941,0021-9584,Q3
https://openalex.org/W2071643002,0021-8561,Q1
https://openalex.org/W2071650063,1618-2642,Q1
https://openalex.org/W2071654655,0888-5885,Q1
https://openalex.org/W2071655317,0021-9673,Q1
https://openalex.org/W2071673960,0021-9592,Q2
https://openalex.org/W2071685742,0927-0256,Q1
https://openalex.org/W2071689724,2070-2051,Q4
https://openalex.org/W2071692928,1022-1360,Q3
https://openalex.org/W2071715167,0021-9568,Q1
https://openalex.org/W2071716247,0009-2363,Q2
https://openalex.org/W2071719676,0032-3888,Q2
https://openalex.org/W2071729528,0040-4039,Q1
https://openalex.org/W2071750898,0002-7863,Q1
https://openalex.org/W2071752808,0268-005X,Q1
https://openalex.org/W2071754466,0003-021X,Q2
https://openalex.org/W2071763498,0022-3263,Q1
https://openalex.org/W2071788401,0257-8972,Q1
https://openalex.org/W2071790043,0308-8146,Q1
https://openalex.org/W2071796603,0731-7085,Q1
https://openalex.org/W2071806782,0951-4198,Q1
https://openalex.org/W2071849829,0021-1575,Q3
https://openalex.org/W2071899346,0144-8617,Q1
https://openalex.org/W2071905449,1433-7851,Q1
https://openalex.org/W2071916544,0169-4332,-
https://openalex.org/W2071958253,0039-9140,Q1
https://openalex.org/W2071964895,0039-9140,Q1
https://openalex.org/W2071993071,0163-3864,Q1
https://openalex.org/W2072029845,1618-2642,Q1
https://openalex.org/W2072036671,0304-3843,Q4
https://openalex.org/W2072076513,0049-8246,Q3
https://openalex.org/W2072083052,0169-4332,-
https://openalex.org/W2072088067,1944-0057,Q1
https://openalex.org/W2072098508,0009-2509,Q1
https://openalex.org/W2072103634,1520-5207,Q1
https://openalex.org/W2072105143,0308-8146,Q1
https://openalex.org/W2072121245,1066-3622,Q4
https://openalex.org/W2072148665,1022-1352,Q1
https://openalex.org/W2072157205,0009-2363,Q2
https://openalex.org/W2072186477,1466-8033,Q1
https://openalex.org/W2072193083,0008-6223,Q1
https://openalex.org/W2072201633,0920-5861,Q1
https://openalex.org/W2072219856,0308-0501,Q2
https://openalex.org/W2072252476,0169-4332,-
https://openalex.org/W2072254518,0145-8892,Q2
https://openalex.org/W2072271950,1438-2377,Q1
https://openalex.org/W2072297686,0021-9606,Q1
https://openalex.org/W2072301504,1570-0232,Q1
https://openalex.org/W2072314515,0888-5885,Q1
https://openalex.org/W2072318027,0016-2361,Q1
https://openalex.org/W2072353670,0269-3879,Q2
https://openalex.org/W2072360977,0011-9164,Q1
https://openalex.org/W2072364583,0960-894X,Q1
https://openalex.org/W2072376943,1747-0277,-
https://openalex.org/W2072378436,0003-2700,Q1
https://openalex.org/W2072385173,0022-3263,Q1
https://openalex.org/W2072386497,1344-3542,Q3
https://openalex.org/W2072398098,0956-5663,Q1
https://openalex.org/W2072404833,1022-5528,Q1
https://openalex.org/W2072470495,0021-8995,Q2
https://openalex.org/W2072475028,1535-3893,Q1
https://openalex.org/W2072516590,0021-8995,Q2
https://openalex.org/W2072534444,1438-7697,Q1
https://openalex.org/W2072552773,0921-9668,Q1
https://openalex.org/W2072561454,0009-4536,Q3
https://openalex.org/W2072567820,0376-7388,Q1
https://openalex.org/W2072578530,0010-938X,Q1
https://openalex.org/W2072585294,0162-0134,Q1
https://openalex.org/W2072589240,1093-3263,Q2
https://openalex.org/W2072610880,0256-1115,Q2
https://openalex.org/W2072627972,0959-8103,-
https://openalex.org/W2072632853,0003-021X,Q2
https://openalex.org/W2072646531,1091-6466,Q2
https://openalex.org/W2072648627,1383-5866,Q1
https://openalex.org/W2072662218,0030-4018,Q2
https://openalex.org/W2072662378,1385-8947,Q1
https://openalex.org/W2072663340,1022-5528,Q1
https://openalex.org/W2072669903,0232-1300,Q2
https://openalex.org/W2072690342,0163-3864,Q1
https://openalex.org/W2072696507,1615-9306,Q1
https://openalex.org/W2072707987,0009-3130,-
https://openalex.org/W2072716674,0022-328X,Q2
https://openalex.org/W2072723575,0376-7388,Q1
https://openalex.org/W2072761475,0957-4166,Q1
https://openalex.org/W2072767155,0236-5731,Q3
https://openalex.org/W2072842483,0272-4324,Q1
https://openalex.org/W2072847844,0163-4984,Q3
https://openalex.org/W2072866331,0036-0236,Q4
https://openalex.org/W2072882144,0952-3480,Q1
https://openalex.org/W2072899920,0040-4039,Q1
https://openalex.org/W2072904016,0011-9164,Q1
https://openalex.org/W2072913843,0960-894X,Q1
https://openalex.org/W2072916938,0378-7753,Q1
https://openalex.org/W2072933060,1054-2523,Q4
https://openalex.org/W2072944751,1523-7052,Q1
https://openalex.org/W2072968647,0223-5234,Q2
https://openalex.org/W2072972551,0010-8545,Q1
https://openalex.org/W2072984813,1520-5207,Q1
https://openalex.org/W2072985916,0925-9635,Q1
https://openalex.org/W2073025256,0002-7863,Q1
https://openalex.org/W2073036011,0267-9477,Q1
https://openalex.org/W2073042733,0009-5893,Q2
https://openalex.org/W2073055047,0910-6340,Q2
https://openalex.org/W2073060192,0040-4039,Q1
https://openalex.org/W2073062398,2090-9071,-
https://openalex.org/W2073104094,0013-4686,Q1
https://openalex.org/W2073116698,1083-5601,Q3
https://openalex.org/W2073134929,0968-0896,Q1
https://openalex.org/W2073147384,0731-7085,Q1
https://openalex.org/W2073162025,0039-9140,Q1
https://openalex.org/W2073176731,1070-4272,Q4
https://openalex.org/W2073179269,0039-9140,Q1
https://openalex.org/W2073190424,0021-9673,Q1
https://openalex.org/W2073190709,0144-8617,Q1
https://openalex.org/W2073194858,0020-1685,Q3
https://openalex.org/W2073230745,1528-7483,Q1
https://openalex.org/W2073250614,0013-936X,Q1
https://openalex.org/W2073251218,0011-9164,Q1
https://openalex.org/W2073252872,0163-3864,Q1
https://openalex.org/W2073280063,1570-0232,Q1
https://openalex.org/W2073288075,0022-0248,Q1
https://openalex.org/W2073292457,0920-5861,Q1
https://openalex.org/W2073294665,0022-3263,Q1
https://openalex.org/W2073303343,1044-0305,Q1
https://openalex.org/W2073328590,1345-8957,Q2
https://openalex.org/W2073329752,1388-6150,Q3
https://openalex.org/W2073361062,0253-6269,Q3
https://openalex.org/W2073390620,0011-9164,Q1
https://openalex.org/W2073392396,0010-2202,Q1
https://openalex.org/W2073395668,1001-8417,Q3
https://openalex.org/W2073438497,0009-5893,Q2
https://openalex.org/W2073468637,0009-2363,Q2
https://openalex.org/W2073475088,1944-0057,Q1
https://openalex.org/W2073475668,0922-6168,Q2
https://openalex.org/W2073499395,1420-3049,Q2
https://openalex.org/W2073511785,0010-938X,Q1
https://openalex.org/W2073515686,0003-2670,Q1
https://openalex.org/W2073525923,0022-2860,Q3
https://openalex.org/W2073536358,1535-3893,Q1
https://openalex.org/W2073551905,1876-1070,Q2
https://openalex.org/W2073557864,1570-0232,Q1
https://openalex.org/W2073580813,0021-8995,Q2
https://openalex.org/W2073631151,0022-3697,Q2
https://openalex.org/W2073633658,0272-8397,Q2
https://openalex.org/W2073648723,0003-021X,Q2
https://openalex.org/W2073651917,0253-3820,Q4
https://openalex.org/W2073681515,1319-6103,-
https://openalex.org/W2073690840,0021-8561,Q1
https://openalex.org/W2073720254,0022-0248,Q1
https://openalex.org/W2073720912,0045-6535,Q1
https://openalex.org/W2073735196,0021-9568,Q1
https://openalex.org/W2073738758,0003-2670,Q1
https://openalex.org/W2073742813,0957-4484,Q1
https://openalex.org/W2073760867,1932-7447,Q1
https://openalex.org/W2073769333,1388-6150,Q3
https://openalex.org/W2073774564,0039-9140,Q1
https://openalex.org/W2073784841,0259-9791,Q2
https://openalex.org/W2073821045,1022-9760,Q2
https://openalex.org/W2073822618,0888-5885,Q1
https://openalex.org/W2073858834,0163-3864,Q1
https://openalex.org/W2073862893,0916-8451,Q3
https://openalex.org/W2073864781,0021-891X,Q2
https://openalex.org/W2073867116,0257-8972,Q1
https://openalex.org/W2073878575,1388-2481,Q1
https://openalex.org/W2073890358,0947-8396,Q1
https://openalex.org/W2073909430,0956-5663,Q1
https://openalex.org/W2073910259,1144-0546,Q1
https://openalex.org/W2073940819,0013-4651,Q1
https://openalex.org/W2073942349,1002-0721,Q3
https://openalex.org/W2073958882,0968-0896,Q1
https://openalex.org/W2073960480,0257-8972,Q1
https://openalex.org/W2073963370,0922-6168,Q2
https://openalex.org/W2074005285,1350-4177,-
https://openalex.org/W2074005290,0021-8995,Q2
https://openalex.org/W2074008635,1478-6419,Q3
https://openalex.org/W2074015675,0223-5234,Q2
https://openalex.org/W2074037106,0021-8561,Q1
https://openalex.org/W2074049521,0925-3467,-
https://openalex.org/W2074082826,0163-3864,Q1
https://openalex.org/W2074106220,0920-5861,Q1
https://openalex.org/W2074125612,1386-1425,Q2
https://openalex.org/W2074142812,0173-0835,Q1
https://openalex.org/W2074182560,0009-3122,Q4
https://openalex.org/W2074226883,0009-2363,Q2
https://openalex.org/W2074229192,1023-1935,Q4
https://openalex.org/W2074230558,1566-7367,Q1
https://openalex.org/W2074242816,0021-8995,Q2
https://openalex.org/W2074252995,0968-0896,Q1
https://openalex.org/W2074279726,1598-5032,Q2
https://openalex.org/W2074285227,0960-894X,Q1
https://openalex.org/W2074333079,0013-936X,Q1
https://openalex.org/W2074345878,0947-8396,Q1
https://openalex.org/W2074356665,0008-6215,Q2
https://openalex.org/W2074406878,0008-6215,Q2
https://openalex.org/W2074415138,0032-3861,Q1
https://openalex.org/W2074421677,0033-8230,Q3
https://openalex.org/W2074436505,0925-3467,-
https://openalex.org/W2074439067,1611-3683,Q3
https://openalex.org/W2074486545,0040-4020,Q1
https://openalex.org/W2074487380,0039-9140,Q1
https://openalex.org/W2074496985,0167-2738,Q1
https://openalex.org/W2074516510,1359-7345,Q1
https://openalex.org/W2074518792,1570-0232,Q1
https://openalex.org/W2074540713,0236-5731,Q3
https://openalex.org/W2074543071,0743-7463,Q1
https://openalex.org/W2074547299,1476-1122,Q1
https://openalex.org/W2074550743,0021-9673,Q1
https://openalex.org/W2074565612,0039-9140,Q1
https://openalex.org/W2074568586,0039-9140,Q1
https://openalex.org/W2074580199,1359-7345,Q1
https://openalex.org/W2074580634,0022-2313,Q1
https://openalex.org/W2074605390,0921-9668,Q1
https://openalex.org/W2074625156,1043-1802,Q1
https://openalex.org/W2074630534,0379-7112,Q1
https://openalex.org/W2074642147,0366-7022,Q2
https://openalex.org/W2074647516,0163-3864,Q1
https://openalex.org/W2074688003,0968-0896,Q1
https://openalex.org/W2074689381,0223-5234,Q2
https://openalex.org/W2074740383,0376-7388,Q1
https://openalex.org/W2074741670,0011-9164,Q1
https://openalex.org/W2074746177,1074-1542,Q3
https://openalex.org/W2074751883,1523-7052,Q1
https://openalex.org/W2074772654,0377-0486,Q1
https://openalex.org/W2074781243,1028-6020,Q3
https://openalex.org/W2074784718,0232-1300,Q2
https://openalex.org/W2074813056,1089-5639,Q1
https://openalex.org/W2074823398,1359-7345,Q1
https://openalex.org/W2074855027,0269-3879,Q2
https://openalex.org/W2074861467,0272-4324,Q1
https://openalex.org/W2074877294,0731-7085,Q1
https://openalex.org/W2074889070,0170-0839,Q2
https://openalex.org/W2074889513,0038-9056,Q3
https://openalex.org/W2074893553,0195-928X,-
https://openalex.org/W2074900634,1042-3915,Q2
https://openalex.org/W2074917671,1990-7923,Q4
https://openalex.org/W2074923673,0021-8995,Q2
https://openalex.org/W2074942457,0731-7085,Q1
https://openalex.org/W2074950803,0021-9568,Q1
https://openalex.org/W2074953742,1099-0690,Q1
https://openalex.org/W2074957973,1066-3622,Q4
https://openalex.org/W2074980158,1083-6160,Q2
https://openalex.org/W2074993600,1387-1811,Q1
https://openalex.org/W2074995699,0021-891X,Q2
https://openalex.org/W2075002368,0144-8617,Q1
https://openalex.org/W2075023364,1060-1325,Q2
https://openalex.org/W2075053907,0030-4018,Q2
https://openalex.org/W2075072884,0277-5387,Q2
https://openalex.org/W2075080036,0011-9164,Q1
https://openalex.org/W2075111705,0009-0352,Q2
https://openalex.org/W2075132867,1022-1336,Q1
https://openalex.org/W2075144615,1618-2642,Q1
https://openalex.org/W2075165272,0021-891X,Q2
https://openalex.org/W2075202981,0022-2852,Q2
https://openalex.org/W2075203231,0163-3864,Q1
https://openalex.org/W2075217205,1615-9306,Q1
https://openalex.org/W2075221138,1070-4280,Q4
https://openalex.org/W2075254108,0960-894X,Q1
https://openalex.org/W2075270553,0003-2719,Q2
https://openalex.org/W2075273607,0169-4332,-
https://openalex.org/W2075280642,0947-8396,Q1
https://openalex.org/W2075283522,1424-8220,Q3
https://openalex.org/W2075317277,0960-894X,Q1
https://openalex.org/W2075317735,0040-4039,Q1
https://openalex.org/W2075331880,0223-5234,Q2
https://openalex.org/W2075360297,1422-0067,Q3
https://openalex.org/W2075363478,0947-8396,Q1
https://openalex.org/W2075365904,1420-3049,Q2
https://openalex.org/W2075369296,0925-9635,Q1
https://openalex.org/W2075394082,0960-894X,Q1
https://openalex.org/W2075400102,0257-8972,Q1
https://openalex.org/W2075427358,0236-5731,Q3
https://openalex.org/W2075465474,0040-4039,Q1
https://openalex.org/W2075467876,0021-9606,Q1
https://openalex.org/W2075469854,0743-7463,Q1
https://openalex.org/W2075478988,0308-8146,Q1
https://openalex.org/W2075482469,0378-7753,Q1
https://openalex.org/W2075500950,0016-2361,Q1
https://openalex.org/W2075514693,0367-598X,Q4
https://openalex.org/W2075516694,0925-4005,-
https://openalex.org/W2075519188,1473-0189,Q1
https://openalex.org/W2075529728,0236-5731,Q3
https://openalex.org/W2075551687,0022-3263,Q1
https://openalex.org/W2075568680,1420-3049,Q2
https://openalex.org/W2075577883,0308-8146,Q1
https://openalex.org/W2075579733,1735-207X,Q2
https://openalex.org/W2075582812,0032-3861,Q1
https://openalex.org/W2075625967,0021-9568,Q1
https://openalex.org/W2075637187,0149-6395,Q2
https://openalex.org/W2075652416,1523-7052,Q1
https://openalex.org/W2075658560,1432-8488,Q2
https://openalex.org/W2075659637,1932-7447,Q1
https://openalex.org/W2075720910,1520-5207,Q1
https://openalex.org/W2075727545,0009-3130,-
https://openalex.org/W2075743417,1478-422X,Q2
https://openalex.org/W2075748605,0009-2363,Q2
https://openalex.org/W2075753926,0972-060X,Q4
https://openalex.org/W2075760544,0960-894X,Q1
https://openalex.org/W2075773520,0038-9056,Q3
https://openalex.org/W2075782703,0003-2670,Q1
https://openalex.org/W2075789638,0743-7463,Q1
https://openalex.org/W2075817270,0040-4020,Q1
https://openalex.org/W2075826680,0040-4039,Q1
https://openalex.org/W2075832185,1385-8947,Q1
https://openalex.org/W2075841601,0308-8146,Q1
https://openalex.org/W2075872454,1424-8220,Q3
https://openalex.org/W2075872741,1788-618X,Q2
https://openalex.org/W2075879873,0269-3879,Q2
https://openalex.org/W2075897579,0376-7388,Q1
https://openalex.org/W2075911624,1420-3049,Q2
https://openalex.org/W2075927515,0018-019X,Q2
https://openalex.org/W2075932807,0010-938X,Q1
https://openalex.org/W2075940860,0021-8995,Q2
https://openalex.org/W2075996364,0308-8146,Q1
https://openalex.org/W2076044377,0308-8146,Q1
https://openalex.org/W2076074231,0257-8972,Q1
https://openalex.org/W2076082167,0277-5387,Q2
https://openalex.org/W2076149393,0003-2700,Q1
https://openalex.org/W2076162931,1570-0232,Q1
https://openalex.org/W2076172755,0022-0248,Q1
https://openalex.org/W2076176803,0257-8972,Q1
https://openalex.org/W2076193611,1477-0520,Q1
https://openalex.org/W2076197303,0021-8561,Q1
https://openalex.org/W2076197528,1387-1811,Q1
https://openalex.org/W2076210456,0021-9673,Q1
https://openalex.org/W2076221079,1860-5397,Q3
https://openalex.org/W2076221132,1566-7367,Q1
https://openalex.org/W2076239258,0947-8396,Q1
https://openalex.org/W2076250827,1083-6160,Q2
https://openalex.org/W2076279443,0013-4686,Q1
https://openalex.org/W2076286613,0144-8617,Q1
https://openalex.org/W2076296148,0022-152X,Q3
https://openalex.org/W2076310550,0009-3130,-
https://openalex.org/W2076337967,2090-9071,-
https://openalex.org/W2076352854,0169-4332,-
https://openalex.org/W2076359674,1383-5866,Q1
https://openalex.org/W2076408032,0002-7863,Q1
https://openalex.org/W2076446590,0173-0835,Q1
https://openalex.org/W2076458516,0044-2313,Q3
https://openalex.org/W2076474735,1001-604X,Q3
https://openalex.org/W2076480398,0011-9164,Q1
https://openalex.org/W2076496328,0100-4042,Q3
https://openalex.org/W2076504297,0022-0248,Q1
https://openalex.org/W2076504448,0163-3864,Q1
https://openalex.org/W2076504482,0743-7463,Q1
https://openalex.org/W2076522263,0021-9517,Q1
https://openalex.org/W2076553991,1000-324X,Q4
https://openalex.org/W2076568536,0257-8972,Q1
https://openalex.org/W2076588533,0011-9164,Q1
https://openalex.org/W2076591264,0022-3263,Q1
https://openalex.org/W2076603607,0968-0896,Q1
https://openalex.org/W2076603762,1944-0057,Q1
https://openalex.org/W2076637820,0257-8972,Q1
https://openalex.org/W2076645605,1424-8220,Q3
https://openalex.org/W2076652864,0888-5885,Q1
https://openalex.org/W2076671211,0038-1098,Q1
https://openalex.org/W2076677929,1359-7345,Q1
https://openalex.org/W2076698252,0021-8995,Q2
https://openalex.org/W2076731094,0144-8617,Q1
https://openalex.org/W2076735865,1082-6076,Q3
https://openalex.org/W2076751429,0039-7911,Q3
https://openalex.org/W2076762541,1099-0690,Q1
https://openalex.org/W2076779425,0010-938X,Q1
https://openalex.org/W2076786221,0925-3467,-
https://openalex.org/W2076790967,0003-2670,Q1
https://openalex.org/W2076814256,0257-8972,Q1
https://openalex.org/W2076832867,0926-2040,Q2
https://openalex.org/W2076835216,0020-1685,Q3
https://openalex.org/W2076866921,0366-7022,Q2
https://openalex.org/W2076882175,1388-6150,Q3
https://openalex.org/W2076887837,0960-894X,Q1
https://openalex.org/W2076908576,0021-8561,Q1
https://openalex.org/W2076940085,0925-3467,-
https://openalex.org/W2076968604,1478-6419,Q3
https://openalex.org/W2076977029,0021-9568,Q1
https://openalex.org/W2076977681,0897-4756,Q1
https://openalex.org/W2077002557,0925-4005,-
https://openalex.org/W2077010892,0144-8617,Q1
https://openalex.org/W2077015863,0021-9673,Q1
https://openalex.org/W2077048186,0925-9635,Q1
https://openalex.org/W2077072106,1293-2558,Q1
https://openalex.org/W2077080253,1083-6160,Q2
https://openalex.org/W2077084354,0888-5885,Q1
https://openalex.org/W2077090973,0030-4018,Q2
https://openalex.org/W2077121760,0010-938X,Q1
https://openalex.org/W2077135232,0021-8995,Q2
https://openalex.org/W2077138761,0276-7333,Q1
https://openalex.org/W2077145187,0743-7463,Q1
https://openalex.org/W2077148158,1438-7697,Q1
https://openalex.org/W2077154438,0021-9568,Q1
https://openalex.org/W2077159736,1520-4766,-
https://openalex.org/W2077164129,0236-5731,Q3
https://openalex.org/W2077167522,0920-5861,Q1
https://openalex.org/W2077177866,0021-8995,Q2
https://openalex.org/W2077178270,0920-5861,Q1
https://openalex.org/W2077181850,0253-2964,Q3
https://openalex.org/W2077189129,1359-7345,Q1
https://openalex.org/W2077191503,1535-3893,Q1
https://openalex.org/W2077219537,0925-4005,-
https://openalex.org/W2077248501,0039-7911,Q3
https://openalex.org/W2077261491,0002-7863,Q1
https://openalex.org/W2077282607,0021-8995,Q2
https://openalex.org/W2077309080,0013-4651,Q1
https://openalex.org/W2077328465,0003-7028,Q3
https://openalex.org/W2077330168,0045-6535,Q1
https://openalex.org/W2077344341,0021-9568,Q1
https://openalex.org/W2077344532,0002-7863,Q1
https://openalex.org/W2077362076,0376-7388,Q1
https://openalex.org/W2077373905,0927-7765,Q2
https://openalex.org/W2077381293,0040-4039,Q1
https://openalex.org/W2077391198,1570-0232,Q1
https://openalex.org/W2077411415,0892-6875,Q1
https://openalex.org/W2077414337,1424-8220,Q3
https://openalex.org/W2077418367,0731-7085,Q1
https://openalex.org/W2077423873,1570-0232,Q1
https://openalex.org/W2077435624,0361-2317,Q2
https://openalex.org/W2077442106,0236-5731,Q3
https://openalex.org/W2077452044,0030-4018,Q2
https://openalex.org/W2077463963,1570-0232,Q1
https://openalex.org/W2077464214,0960-894X,Q1
https://openalex.org/W2077468420,0039-7911,Q3
https://openalex.org/W2077489416,0925-4005,-
https://openalex.org/W2077512526,0910-6340,Q2
https://openalex.org/W2077525359,0030-4018,Q2
https://openalex.org/W2077529578,0009-0352,Q2
https://openalex.org/W2077531650,0013-936X,Q1
https://openalex.org/W2077540705,1615-9306,Q1
https://openalex.org/W2077570220,0972-060X,Q4
https://openalex.org/W2077576411,1612-1872,Q2
https://openalex.org/W2077577299,0002-7863,Q1
https://openalex.org/W2077587885,0920-5861,Q1
https://openalex.org/W2077588988,0010-938X,Q1
https://openalex.org/W2077594175,0021-9568,Q1
https://openalex.org/W2077598767,0021-9673,Q1
https://openalex.org/W2077600651,0045-6535,Q1
https://openalex.org/W2077616339,0022-2348,Q2
https://openalex.org/W2077644813,0021-8995,Q2
https://openalex.org/W2077695845,0021-8561,Q1
https://openalex.org/W2077727265,0584-8547,Q1
https://openalex.org/W2077749678,0009-5893,Q2
https://openalex.org/W2077755024,0021-8561,Q1
https://openalex.org/W2077784316,1022-1360,Q3
https://openalex.org/W2077793491,1350-4177,-
https://openalex.org/W2077801351,1759-9660,-
https://openalex.org/W2077804811,0960-894X,Q1
https://openalex.org/W2077810820,0009-2363,Q2
https://openalex.org/W2077852238,0021-8995,Q2
https://openalex.org/W2077852813,0959-9436,Q2
https://openalex.org/W2077894288,0377-0486,Q1
https://openalex.org/W2077908255,0910-6340,Q2
https://openalex.org/W2077910007,0966-9795,Q1
https://openalex.org/W2077914461,0016-2361,Q1
https://openalex.org/W2077947508,0167-2738,Q1
https://openalex.org/W2077982620,0308-8146,Q1
https://openalex.org/W2078022774,0144-8617,Q1
https://openalex.org/W2078030302,1523-7052,Q1
https://openalex.org/W2078070854,0021-9568,Q1
https://openalex.org/W2078090460,0021-8995,Q2
https://openalex.org/W2078103395,0036-0244,Q4
https://openalex.org/W2078108945,0009-3122,Q4
https://openalex.org/W2078109420,1566-1199,Q1
https://openalex.org/W2078125265,0011-9164,Q1
https://openalex.org/W2078126338,0888-5885,Q1
https://openalex.org/W2078132942,1348-6535,Q2
https://openalex.org/W2078145384,0925-4005,-
https://openalex.org/W2078148601,0032-3888,Q2
https://openalex.org/W2078170228,1070-4280,Q4
https://openalex.org/W2078177238,0022-3263,Q1
https://openalex.org/W2078202703,1070-3632,Q3
https://openalex.org/W2078206266,0300-9440,Q2
https://openalex.org/W2078239182,0021-8995,Q2
https://openalex.org/W2078253848,0011-9164,Q1
https://openalex.org/W2078265777,1755-4330,-
https://openalex.org/W2078279846,0236-5731,Q3
https://openalex.org/W2078306745,0010-5082,Q2
https://openalex.org/W2078308245,0009-4536,Q3
https://openalex.org/W2078315045,1061-9348,Q4
https://openalex.org/W2078335449,0011-9164,Q1
https://openalex.org/W2078366806,0144-8617,Q1
https://openalex.org/W2078398115,0914-9244,Q3
https://openalex.org/W2078405559,0308-8146,Q1
https://openalex.org/W2078409242,0960-894X,Q1
https://openalex.org/W2078430923,0013-4686,Q1
https://openalex.org/W2078466368,0223-5234,Q2
https://openalex.org/W2078474671,0308-8146,Q1
https://openalex.org/W2078476120,1348-6535,Q2
https://openalex.org/W2078506539,0040-6031,Q2
https://openalex.org/W2078516087,0010-2180,Q1
https://openalex.org/W2078532550,1542-1406,Q2
https://openalex.org/W2078543490,0925-4005,-
https://openalex.org/W2078583295,1061-9348,Q4
https://openalex.org/W2078586311,0257-8972,Q1
https://openalex.org/W2078599796,0030-4018,Q2
https://openalex.org/W2078644134,0379-7112,Q1
https://openalex.org/W2078652600,1070-3632,Q3
https://openalex.org/W2078687925,0049-8246,Q3
https://openalex.org/W2078710290,0223-5234,Q2
https://openalex.org/W2078731580,1040-7278,Q2
https://openalex.org/W2078772980,1741-5993,Q2
https://openalex.org/W2078798454,0009-2363,Q2
https://openalex.org/W2078818311,0040-4039,Q1
https://openalex.org/W2078831793,0040-6031,Q2
https://openalex.org/W2078845602,1022-9760,Q2
https://openalex.org/W2078850903,1388-2481,Q1
https://openalex.org/W2078858820,0045-6535,Q1
https://openalex.org/W2078881189,0010-5082,Q2
https://openalex.org/W2078883370,1002-0721,Q3
https://openalex.org/W2078908378,1388-6150,Q3
https://openalex.org/W2078930054,0378-7753,Q1
https://openalex.org/W2078938003,0040-4039,Q1
https://openalex.org/W2078966084,1439-4235,Q1
https://openalex.org/W2078980157,0925-4005,-
https://openalex.org/W2078987930,0040-4039,Q1
https://openalex.org/W2078988648,1066-5285,Q3
https://openalex.org/W2078988728,1010-6030,Q1
https://openalex.org/W2078999094,0743-7463,Q1
https://openalex.org/W2079015667,1385-8947,Q1
https://openalex.org/W2079020468,1319-6103,-
https://openalex.org/W2079034071,0957-4166,Q1
https://openalex.org/W2079039936,0030-4018,Q2
https://openalex.org/W2079046224,1788-618X,Q2
https://openalex.org/W2079072489,0169-4332,-
https://openalex.org/W2079081849,1099-0062,Q1
https://openalex.org/W2079104010,0020-1685,Q3
https://openalex.org/W2079105117,1860-5397,Q3
https://openalex.org/W2079141614,0956-5663,Q1
https://openalex.org/W2079152953,0959-9428,Q1
https://openalex.org/W2079162096,0256-1115,Q2
https://openalex.org/W2079171984,0021-8995,Q2
https://openalex.org/W2079174398,0910-6340,Q2
https://openalex.org/W2079193829,0021-8995,Q2
https://openalex.org/W2079206374,0743-7463,Q1
https://openalex.org/W2079215547,0272-4324,Q1
https://openalex.org/W2079254510,0020-1693,Q2
https://openalex.org/W2079255942,0253-6269,Q3
https://openalex.org/W2079259415,0163-3864,Q1
https://openalex.org/W2079277543,0947-8396,Q1
https://openalex.org/W2079282442,0021-9673,Q1
https://openalex.org/W2079293019,1542-1406,Q2
https://openalex.org/W2079294415,0021-8995,Q2
https://openalex.org/W2079348997,0916-8451,Q3
https://openalex.org/W2079391910,0377-0486,Q1
https://openalex.org/W2079427010,0300-9440,Q2
https://openalex.org/W2079430897,0010-5082,Q2
https://openalex.org/W2079458273,0378-7753,Q1
https://openalex.org/W2079474564,0036-021X,Q2
https://openalex.org/W2079479045,0016-2361,Q1
https://openalex.org/W2079481579,0026-3672,Q2
https://openalex.org/W2079499278,0009-5893,Q2
https://openalex.org/W2079500570,1424-8220,Q3
https://openalex.org/W2079543998,0039-9140,Q1
https://openalex.org/W2079557478,0040-4039,Q1
https://openalex.org/W2079567936,0021-8995,Q2
https://openalex.org/W2079575000,0040-4039,Q1
https://openalex.org/W2079586651,0013-4686,Q1
https://openalex.org/W2079598602,1089-5639,Q1
https://openalex.org/W2079602528,0024-9297,Q1
https://openalex.org/W2079611447,0378-7753,Q1
https://openalex.org/W2079627263,1386-1425,Q2
https://openalex.org/W2079644881,1066-5285,Q3
https://openalex.org/W2079670701,0951-4198,Q1
https://openalex.org/W2079695181,1293-2558,Q1
https://openalex.org/W2079707595,0910-6340,Q2
https://openalex.org/W2079708731,0968-0896,Q1
https://openalex.org/W2079732855,0020-1693,Q2
https://openalex.org/W2079739025,1083-6160,Q2
https://openalex.org/W2079770993,0942-9352,Q3
https://openalex.org/W2079771211,0927-7757,-
https://openalex.org/W2079795026,1755-4330,-
https://openalex.org/W2079798160,0731-7085,Q1
https://openalex.org/W2079801601,0013-936X,Q1
https://openalex.org/W2079811218,1528-7483,Q1
https://openalex.org/W2079816018,0039-7911,Q3
https://openalex.org/W2079829372,0927-7757,-
https://openalex.org/W2079837072,0021-8995,Q2
https://openalex.org/W2079840427,0013-936X,Q1
https://openalex.org/W2079848327,0731-7085,Q1
https://openalex.org/W2079861128,0002-7863,Q1
https://openalex.org/W2079868928,0003-2700,Q1
https://openalex.org/W2079869520,0169-4332,-
https://openalex.org/W2079871453,0910-6340,Q2
https://openalex.org/W2079901978,0968-0896,Q1
https://openalex.org/W2079918321,0013-936X,Q1
https://openalex.org/W2079928141,1572-3887,Q3
https://openalex.org/W2079949415,0169-4332,-
https://openalex.org/W2079960148,1759-9660,-
https://openalex.org/W2080017961,0011-9164,Q1
https://openalex.org/W2080031449,1751-7192,Q3
https://openalex.org/W2080050340,0887-6266,Q1
https://openalex.org/W2080058698,0968-0896,Q1
https://openalex.org/W2080063760,0968-0896,Q1
https://openalex.org/W2080092472,0927-7757,-
https://openalex.org/W2080093112,0022-3697,Q2
https://openalex.org/W2080105216,1022-1352,Q1
https://openalex.org/W2080110757,0743-7463,Q1
https://openalex.org/W2080116238,1001-8417,Q3
https://openalex.org/W2080143767,1862-5282,Q3
https://openalex.org/W2080151018,0021-8995,Q2
https://openalex.org/W2080154381,0009-2363,Q2
https://openalex.org/W2080158532,0049-8246,Q3
https://openalex.org/W2080165694,0892-6875,Q1
https://openalex.org/W2080181106,1381-5148,Q1
https://openalex.org/W2080198601,0022-0248,Q1
https://openalex.org/W2080199617,0731-7085,Q1
https://openalex.org/W2080217338,1359-7345,Q1
https://openalex.org/W2080221144,1002-0721,Q3
https://openalex.org/W2080222532,0013-4651,Q1
https://openalex.org/W2080224395,1002-0721,Q3
https://openalex.org/W2080233138,1001-8417,Q3
https://openalex.org/W2080234101,1463-9076,Q1
https://openalex.org/W2080284580,1747-0277,-
https://openalex.org/W2080286520,0010-938X,Q1
https://openalex.org/W2080308001,0022-0248,Q1
https://openalex.org/W2080320865,1028-6020,Q3
https://openalex.org/W2080342540,0021-891X,Q2
https://openalex.org/W2080359419,1570-0232,Q1
https://openalex.org/W2080447913,1616-301X,Q1
https://openalex.org/W2080475414,0897-4756,Q1
https://openalex.org/W2080478193,0040-4039,Q1
https://openalex.org/W2080504841,0021-8995,Q2
https://openalex.org/W2080508373,0011-9164,Q1
https://openalex.org/W2080552385,0009-4536,Q3
https://openalex.org/W2080552876,0040-4039,Q1
https://openalex.org/W2080564119,0009-2509,Q1
https://openalex.org/W2080589683,0951-4198,Q1
https://openalex.org/W2080593226,0002-7863,Q1
https://openalex.org/W2080610033,1359-7345,Q1
https://openalex.org/W2080664274,0013-4651,Q1
https://openalex.org/W2080689111,0731-7085,Q1
https://openalex.org/W2080689497,1618-2642,Q1
https://openalex.org/W2080689945,0013-4686,Q1
https://openalex.org/W2080694167,1473-0189,Q1
https://openalex.org/W2080736806,1566-1199,Q1
https://openalex.org/W2080737464,0021-9568,Q1
https://openalex.org/W2080749767,0236-5731,Q3
https://openalex.org/W2080756164,0731-7085,Q1
https://openalex.org/W2080780771,0008-6223,Q1
https://openalex.org/W2080816051,0002-7863,Q1
https://openalex.org/W2080851265,0300-9440,Q2
https://openalex.org/W2080907682,1523-7052,Q1
https://openalex.org/W2080932781,0003-021X,Q2
https://openalex.org/W2080933937,1388-6150,Q3
https://openalex.org/W2080941029,0924-2031,Q3
https://openalex.org/W2080941189,0888-5885,Q1
https://openalex.org/W2080948352,1340-3443,-
https://openalex.org/W2080948531,1070-4272,Q4
https://openalex.org/W2080955926,0013-936X,Q1
https://openalex.org/W2080959669,0144-8617,Q1
https://openalex.org/W2080974576,0011-9164,Q1
https://openalex.org/W2080974893,0927-0256,Q1
https://openalex.org/W2081003923,0091-4037,Q3
https://openalex.org/W2081011814,0013-936X,Q1
https://openalex.org/W2081012961,1542-1406,Q2
https://openalex.org/W2081014530,1944-0057,Q1
https://openalex.org/W2081045179,1097-3958,Q3
https://openalex.org/W2081051835,1229-9197,Q3
https://openalex.org/W2081117546,1520-4766,-
https://openalex.org/W2081124799,1381-5148,Q1
https://openalex.org/W2081125991,0253-3820,Q4
https://openalex.org/W2081141442,0021-8561,Q1
https://openalex.org/W2081148271,1520-4766,-
https://openalex.org/W2081150236,0010-938X,Q1
https://openalex.org/W2081171959,0013-4686,Q1
https://openalex.org/W2081182128,0020-1669,Q1
https://openalex.org/W2081183005,1359-7345,Q1
https://openalex.org/W2081233464,0956-5663,Q1
https://openalex.org/W2081259649,0008-6223,Q1
https://openalex.org/W2081284623,0018-1439,Q4
https://openalex.org/W2081321122,0169-4332,-
https://openalex.org/W2081332907,1061-9348,Q4
https://openalex.org/W2081343934,1093-3263,Q2
https://openalex.org/W2081367659,0021-8995,Q2
https://openalex.org/W2081390152,1523-7052,Q1
https://openalex.org/W2081391889,0021-9568,Q1
https://openalex.org/W2081393315,1345-8957,Q2
https://openalex.org/W2081409667,0021-8995,Q2
https://openalex.org/W2081442467,0920-5861,Q1
https://openalex.org/W2081444571,0021-9673,Q1
https://openalex.org/W2081451871,0169-4332,-
https://openalex.org/W2081462479,0036-0236,Q4
https://openalex.org/W2081500202,1387-1811,Q1
https://openalex.org/W2081503324,1388-6150,Q3
https://openalex.org/W2081513219,0030-4018,Q2
https://openalex.org/W2081521077,0925-4005,-
https://openalex.org/W2081532311,0236-5731,Q3
https://openalex.org/W2081538082,1088-4246,Q2
https://openalex.org/W2081544614,1359-7345,Q1
https://openalex.org/W2081564062,1083-5601,Q3
https://openalex.org/W2081566510,0957-4166,Q1
https://openalex.org/W2081568667,0021-9568,Q1
https://openalex.org/W2081578867,0009-2363,Q2
https://openalex.org/W2081606674,0021-9673,Q1
https://openalex.org/W2081606944,1359-7345,Q1
https://openalex.org/W2081619966,0022-152X,Q3
https://openalex.org/W2081621166,0003-2670,Q1
https://openalex.org/W2081656645,0032-3888,Q2
https://openalex.org/W2081658281,0927-0256,Q1
https://openalex.org/W2081660775,1386-1425,Q2
https://openalex.org/W2081664517,1747-5198,Q3
https://openalex.org/W2081705366,0021-8995,Q2
https://openalex.org/W2081784350,0013-4686,Q1
https://openalex.org/W2081801588,0308-8146,Q1
https://openalex.org/W2081808949,1040-0400,Q3
https://openalex.org/W2081814860,0303-402X,Q2
https://openalex.org/W2081820100,1387-1811,Q1
https://openalex.org/W2081842449,0039-7911,Q3
https://openalex.org/W2081895687,0173-0835,Q1
https://openalex.org/W2081899615,0009-5893,Q2
https://openalex.org/W2081903215,0169-4332,-
https://openalex.org/W2081910293,0021-8464,Q2
https://openalex.org/W2081912202,0223-5234,Q2
https://openalex.org/W2081912381,1002-0721,Q3
https://openalex.org/W2081949880,0956-5663,Q1
https://openalex.org/W2081962565,0022-0248,Q1
https://openalex.org/W2081974022,0009-2363,Q2
https://openalex.org/W2081977063,1530-6984,Q1
https://openalex.org/W2081986563,0016-2361,Q1
https://openalex.org/W2082003537,0013-936X,Q1
https://openalex.org/W2082007736,0930-7516,Q2
https://openalex.org/W2082010958,1022-1360,Q3
https://openalex.org/W2082028631,0039-9140,Q1
https://openalex.org/W2082055865,0300-9440,Q2
https://openalex.org/W2082089114,1944-0057,Q1
https://openalex.org/W2082125637,0960-894X,Q1
https://openalex.org/W2082134042,0003-2700,Q1
https://openalex.org/W2082145755,0022-0248,Q1
https://openalex.org/W2082171843,0022-2313,Q1
https://openalex.org/W2082172023,1386-1425,Q2
https://openalex.org/W2082179550,0308-8146,Q1
https://openalex.org/W2082184506,1615-9306,Q1
https://openalex.org/W2082208795,0966-9795,Q1
https://openalex.org/W2082213150,0960-894X,Q1
https://openalex.org/W2082213920,0308-8146,Q1
https://openalex.org/W2082242791,0277-5387,Q2
https://openalex.org/W2082271651,0010-938X,Q1
https://openalex.org/W2082292068,1070-4272,Q4
https://openalex.org/W2082310091,0022-3263,Q1
https://openalex.org/W2082310403,1233-2356,Q3
https://openalex.org/W2082317585,1658-3655,-
https://openalex.org/W2082318066,0002-7863,Q1
https://openalex.org/W2082322997,0236-5731,Q3
https://openalex.org/W2082355082,0022-3263,Q1
https://openalex.org/W2082355863,0888-5885,Q1
https://openalex.org/W2082364100,1570-0232,Q1
https://openalex.org/W2082375534,0144-8617,Q1
https://openalex.org/W2082390909,1523-7052,Q1
https://openalex.org/W2082415354,0371-9553,Q3
https://openalex.org/W2082431381,1022-9760,Q2
https://openalex.org/W2082454807,0013-936X,Q1
https://openalex.org/W2082468955,0040-4039,Q1
https://openalex.org/W2082473335,1612-1872,Q2
https://openalex.org/W2082487369,0930-7516,Q2
https://openalex.org/W2082506106,0896-8446,Q1
https://openalex.org/W2082506229,1932-1058,Q2
https://openalex.org/W2082542941,0268-005X,Q1
https://openalex.org/W2082545228,0928-0707,Q1
https://openalex.org/W2082560505,0011-9164,Q1
https://openalex.org/W2082588455,0163-3864,Q1
https://openalex.org/W2082638606,0016-2361,Q1
https://openalex.org/W2082639961,0009-5893,Q2
https://openalex.org/W2082669875,0026-9247,Q2
https://openalex.org/W2082684116,0584-8547,Q1
https://openalex.org/W2082694288,0021-8995,Q2
https://openalex.org/W2082705048,0142-9418,Q2
https://openalex.org/W2082706022,0925-4005,-
https://openalex.org/W2082707195,1028-6020,Q3
https://openalex.org/W2082724635,0011-9164,Q1
https://openalex.org/W2082764631,0957-4484,Q1
https://openalex.org/W2082786560,0021-8561,Q1
https://openalex.org/W2082810043,0003-2670,Q1
https://openalex.org/W2082812869,0022-0248,Q1
https://openalex.org/W2082841583,0223-5234,Q2
https://openalex.org/W2082844691,0040-4039,Q1
https://openalex.org/W2082859288,1388-6150,Q3
https://openalex.org/W2082873116,0011-9164,Q1
https://openalex.org/W2082880805,0920-5861,Q1
https://openalex.org/W2082904927,0030-4018,Q2
https://openalex.org/W2082907460,0045-6535,Q1
https://openalex.org/W2082908570,0021-8561,Q1
https://openalex.org/W2082929917,1386-1425,Q2
https://openalex.org/W2082931127,0009-3122,Q4
https://openalex.org/W2082940153,1296-2074,Q2
https://openalex.org/W2082946623,1385-772X,Q3
https://openalex.org/W2082948491,0021-9517,Q1
https://openalex.org/W2082964659,0223-5234,Q2
https://openalex.org/W2083000127,0169-4332,-
https://openalex.org/W2083014291,0942-9352,Q3
https://openalex.org/W2083016534,0040-6031,Q2
https://openalex.org/W2083020147,0169-4332,-
https://openalex.org/W2083032388,0002-7863,Q1
https://openalex.org/W2083032608,1022-5528,Q1
https://openalex.org/W2083057499,2070-2051,Q4
https://openalex.org/W2083074473,1099-0690,Q1
https://openalex.org/W2083079391,0956-5663,Q1
https://openalex.org/W2083081353,1381-5148,Q1
https://openalex.org/W2083082347,0026-265X,Q2
https://openalex.org/W2083089289,0032-3861,Q1
https://openalex.org/W2083102606,0257-8972,Q1
https://openalex.org/W2083103172,0925-4005,-
https://openalex.org/W2083110305,0021-9568,Q1
https://openalex.org/W2083110802,0040-4020,Q1
https://openalex.org/W2083113820,0731-7085,Q1
https://openalex.org/W2083140602,0003-2670,Q1
https://openalex.org/W2083140668,0924-2031,Q3
https://openalex.org/W2083142127,1477-9226,Q2
https://openalex.org/W2083172653,0021-8995,Q2
https://openalex.org/W2083175050,0022-3263,Q1
https://openalex.org/W2083180978,1572-6657,Q2
https://openalex.org/W2083195619,0011-9164,Q1
https://openalex.org/W2083199052,1570-0232,Q1
https://openalex.org/W2083199332,0378-7753,Q1
https://openalex.org/W2083199597,0002-7863,Q1
https://openalex.org/W2083230729,1348-6535,Q2
https://openalex.org/W2083230789,0144-8617,Q1
https://openalex.org/W2083250335,0731-7085,Q1
https://openalex.org/W2083267950,0036-0244,Q4
https://openalex.org/W2083282739,0039-9140,Q1
https://openalex.org/W2083283280,0021-9673,Q1
https://openalex.org/W2083285332,0169-4332,-
https://openalex.org/W2083290187,0731-7085,Q1
https://openalex.org/W2083293823,0018-019X,Q2
https://openalex.org/W2083313466,1091-6466,Q2
https://openalex.org/W2083315764,0169-4332,-
https://openalex.org/W2083371438,0040-4039,Q1
https://openalex.org/W2083421678,0731-7085,Q1
https://openalex.org/W2083422820,1477-0520,Q1
https://openalex.org/W2083426512,1478-6419,Q3
https://openalex.org/W2083428336,0897-4756,Q1
https://openalex.org/W2083435873,0888-5885,Q1
https://openalex.org/W2083465145,1068-1620,Q4
https://openalex.org/W2083465162,1083-6160,Q2
https://openalex.org/W2083470407,0008-6215,Q2
https://openalex.org/W2083496298,1229-9197,Q3
https://openalex.org/W2083499969,0022-1139,Q2
https://openalex.org/W2083503187,1040-8347,Q1
https://openalex.org/W2083504699,1359-7345,Q1
https://openalex.org/W2083504784,1432-8488,Q2
https://openalex.org/W2083507653,0896-8446,Q1
https://openalex.org/W2083513494,0039-9140,Q1
https://openalex.org/W2083524516,1385-8947,Q1
https://openalex.org/W2083533852,0003-2700,Q1
https://openalex.org/W2083554881,0308-8146,Q1
https://openalex.org/W2083571167,0731-7085,Q1
https://openalex.org/W2083571847,0021-8561,Q1
https://openalex.org/W2083641248,0040-4039,Q1
https://openalex.org/W2083641620,1070-3632,Q3
https://openalex.org/W2083653160,0040-4039,Q1
https://openalex.org/W2083659259,0958-0344,Q2
https://openalex.org/W2083659503,0040-4039,Q1
https://openalex.org/W2083660878,0038-1098,Q1
https://openalex.org/W2083727019,0267-9477,Q1
https://openalex.org/W2083727915,0026-265X,Q2
https://openalex.org/W2083732911,0013-936X,Q1
https://openalex.org/W2083760111,0021-8561,Q1
https://openalex.org/W2083763857,0223-5234,Q2
https://openalex.org/W2083788567,0021-8995,Q2
https://openalex.org/W2083793710,0040-6031,Q2
https://openalex.org/W2083796174,0927-7765,Q2
https://openalex.org/W2083813827,1061-9348,Q4
https://openalex.org/W2083855245,0170-0839,Q2
https://openalex.org/W2083859515,0009-3130,-
https://openalex.org/W2083878944,0039-7911,Q3
https://openalex.org/W2083945808,1388-6150,Q3
https://openalex.org/W2084004786,0021-9614,Q2
https://openalex.org/W2084031738,0040-4039,Q1
https://openalex.org/W2084078937,0009-4536,Q3
https://openalex.org/W2084136713,0011-9164,Q1
https://openalex.org/W2084147336,0169-4332,-
https://openalex.org/W2084179466,0169-4332,-
https://openalex.org/W2084182265,0009-2363,Q2
https://openalex.org/W2084185426,0040-4020,Q1
https://openalex.org/W2084193163,0020-1693,Q2
https://openalex.org/W2084198801,0170-0839,Q2
https://openalex.org/W2084227449,0232-1300,Q2
https://openalex.org/W2084246641,1612-1872,Q2
https://openalex.org/W2084247567,1520-4766,-
https://openalex.org/W2084298890,0022-3697,Q2
https://openalex.org/W2084339283,0039-9140,Q1
https://openalex.org/W2084346175,0009-2363,Q2
https://openalex.org/W2084352889,1083-6160,Q2
https://openalex.org/W2084375585,1229-9197,Q3
https://openalex.org/W2084414391,1068-1620,Q4
https://openalex.org/W2084425581,1424-8220,Q3
https://openalex.org/W2084441949,0378-7753,Q1
https://openalex.org/W2084449372,0300-9440,Q2
https://openalex.org/W2084455138,0018-1439,Q4
https://openalex.org/W2084468114,1083-6160,Q2
https://openalex.org/W2084473003,0957-4484,Q1
https://openalex.org/W2084485809,0972-060X,Q4
https://openalex.org/W2084491896,0003-2700,Q1
https://openalex.org/W2084512392,1386-1425,Q2
https://openalex.org/W2084516465,1523-7052,Q1
https://openalex.org/W2084517298,1520-5207,Q1
https://openalex.org/W2084558962,0255-2701,Q1
https://openalex.org/W2084567960,0960-894X,Q1
https://openalex.org/W2084581891,0009-2673,Q1
https://openalex.org/W2084589055,1091-6466,Q2
https://openalex.org/W2084611892,1054-2523,Q4
https://openalex.org/W2084638474,1387-7003,Q2
https://openalex.org/W2084641691,0163-3864,Q1
https://openalex.org/W2084644664,0144-8617,Q1
https://openalex.org/W2084672736,1570-0232,Q1
https://openalex.org/W2084673456,1082-6076,Q3
https://openalex.org/W2084676207,0009-2509,Q1
https://openalex.org/W2084694593,1229-9197,Q3
https://openalex.org/W2084712439,0257-8972,Q1
https://openalex.org/W2084725796,0011-9164,Q1
https://openalex.org/W2084733329,0169-4332,-
https://openalex.org/W2084752483,0009-2363,Q2
https://openalex.org/W2084780165,0366-7022,Q2
https://openalex.org/W2084784684,1054-2523,Q4
https://openalex.org/W2084803632,0002-7863,Q1
https://openalex.org/W2084831138,0267-9477,Q1
https://openalex.org/W2084844450,0378-7753,Q1
https://openalex.org/W2084883239,0002-7863,Q1
https://openalex.org/W2084902919,0039-7911,Q3
https://openalex.org/W2084903389,0169-4332,-
https://openalex.org/W2084921147,0023-1584,Q3
https://openalex.org/W2084931238,0366-7022,Q2
https://openalex.org/W2084936428,1520-5207,Q1
https://openalex.org/W2084937662,0960-894X,Q1
https://openalex.org/W2084971501,0960-894X,Q1
https://openalex.org/W2084994101,0253-6269,Q3
https://openalex.org/W2085005238,0169-4332,-
https://openalex.org/W2085008549,0011-9164,Q1
https://openalex.org/W2085027645,0038-1098,Q1
https://openalex.org/W2085038154,0010-938X,Q1
https://openalex.org/W2085042885,0022-1139,Q2
https://openalex.org/W2085044539,1788-618X,Q2
https://openalex.org/W2085066443,0003-2654,Q1
https://openalex.org/W2085082059,1478-6419,Q3
https://openalex.org/W2085133490,0022-152X,Q3
https://openalex.org/W2085139573,0021-9568,Q1
https://openalex.org/W2085144326,0255-2701,Q1
https://openalex.org/W2085148803,1862-5282,Q3
https://openalex.org/W2085189467,0026-8976,Q2
https://openalex.org/W2085194173,1386-1425,Q2
https://openalex.org/W2085209449,1002-0721,Q3
https://openalex.org/W2085232229,0020-7608,Q2
https://openalex.org/W2085235203,1615-9306,Q1
https://openalex.org/W2085255273,0927-7765,Q2
https://openalex.org/W2085261530,0925-3467,-
https://openalex.org/W2085279714,1022-1352,Q1
https://openalex.org/W2085288083,0942-9352,Q3
https://openalex.org/W2085321866,0016-2361,Q1
https://openalex.org/W2085326907,0724-8741,Q1
https://openalex.org/W2085330958,0022-0248,Q1
https://openalex.org/W2085350949,0011-9164,Q1
https://openalex.org/W2085413296,0003-2700,Q1
https://openalex.org/W2085429712,0169-4332,-
https://openalex.org/W2085430418,1061-9348,Q4
https://openalex.org/W2085470767,0021-9568,Q1
https://openalex.org/W2085524049,0167-2738,Q1
https://openalex.org/W2085548763,1433-7851,Q1
https://openalex.org/W2085554674,0910-6340,Q2
https://openalex.org/W2085560228,0308-8146,Q1
https://openalex.org/W2085567804,1438-2377,Q1
https://openalex.org/W2085592558,0731-7085,Q1
https://openalex.org/W2085592927,1063-7745,Q3
https://openalex.org/W2085596057,0223-5234,Q2
https://openalex.org/W2085609209,0743-7463,Q1
https://openalex.org/W2085626406,1618-2642,Q1
https://openalex.org/W2085648199,0377-0486,Q1
https://openalex.org/W2085660028,0743-7463,Q1
https://openalex.org/W2085680228,0011-9164,Q1
https://openalex.org/W2085684598,0169-4332,-
https://openalex.org/W2085694383,0888-5885,Q1
https://openalex.org/W2085696324,0013-4686,Q1
https://openalex.org/W2085716912,1478-6419,Q3
https://openalex.org/W2085721582,0021-8995,Q2
https://openalex.org/W2085724887,0253-6269,Q3
https://openalex.org/W2085728072,1350-4177,-
https://openalex.org/W2085730858,0020-7608,Q2
https://openalex.org/W2085741964,1477-9226,Q2
https://openalex.org/W2085746070,0960-894X,Q1
https://openalex.org/W2085750104,0223-5234,Q2
https://openalex.org/W2085752731,0968-0896,Q1
https://openalex.org/W2085776732,1744-683X,Q1
https://openalex.org/W2085789526,0957-4484,Q1
https://openalex.org/W2085814448,0010-938X,Q1
https://openalex.org/W2085830413,1082-6076,Q3
https://openalex.org/W2085833367,1542-1406,Q2
https://openalex.org/W2085842050,0163-3864,Q1
https://openalex.org/W2085843729,0167-2738,Q1
https://openalex.org/W2085847439,1473-0189,Q1
https://openalex.org/W2085851777,0169-4243,Q2
https://openalex.org/W2085863484,0916-8451,Q3
https://openalex.org/W2085871745,0910-6340,Q2
https://openalex.org/W2085916836,1386-1425,Q2
https://openalex.org/W2085963171,0039-9140,Q1
https://openalex.org/W2086044076,1345-8957,Q2
https://openalex.org/W2086049296,1001-8417,Q3
https://openalex.org/W2086082980,0958-0344,Q2
https://openalex.org/W2086120939,0267-9477,Q1
https://openalex.org/W2086135187,1083-6160,Q2
https://openalex.org/W2086151072,1348-6535,Q2
https://openalex.org/W2086178788,0257-8972,Q1
https://openalex.org/W2086198845,0026-265X,Q2
https://openalex.org/W2086199001,0236-5731,Q3
https://openalex.org/W2086221226,0144-8617,Q1
https://openalex.org/W2086225616,0022-328X,Q2
https://openalex.org/W2086244564,1066-5285,Q3
https://openalex.org/W2086257990,0163-4984,Q3
https://openalex.org/W2086292231,0009-3130,-
https://openalex.org/W2086323839,0021-8995,Q2
https://openalex.org/W2086344381,0144-8617,Q1
https://openalex.org/W2086376183,0930-486X,Q3
https://openalex.org/W2086411410,0308-8146,Q1
https://openalex.org/W2086422325,0021-9568,Q1
https://openalex.org/W2086430625,0163-4984,Q3
https://openalex.org/W2086476932,1388-6150,Q3
https://openalex.org/W2086480847,1618-2642,Q1
https://openalex.org/W2086512586,0144-8617,Q1
https://openalex.org/W2086538701,0032-3861,Q1
https://openalex.org/W2086583455,1054-2523,Q4
https://openalex.org/W2086589015,0040-4020,Q1
https://openalex.org/W2086599686,0925-4005,-
https://openalex.org/W2086604661,0966-9795,Q1
https://openalex.org/W2086606906,1432-8488,Q2
https://openalex.org/W2086619774,1002-0721,Q3
https://openalex.org/W2086641062,0030-4018,Q2
https://openalex.org/W2086643063,0009-3122,Q4
https://openalex.org/W2086648174,0167-2738,Q1
https://openalex.org/W2086653110,0045-6535,Q1
https://openalex.org/W2086675674,0045-6535,Q1
https://openalex.org/W2086677774,1229-9197,Q3
https://openalex.org/W2086696065,0026-3672,Q2
https://openalex.org/W2086696824,1570-0232,Q1
https://openalex.org/W2086709862,0921-9668,Q1
https://openalex.org/W2086733636,0888-5885,Q1
https://openalex.org/W2086772174,0930-7516,Q2
https://openalex.org/W2086773620,1001-8417,Q3
https://openalex.org/W2086790105,0003-021X,Q2
https://openalex.org/W2086822659,0045-6535,Q1
https://openalex.org/W2086825937,0008-6215,Q2
https://openalex.org/W2086834923,0960-894X,Q1
https://openalex.org/W2086857294,1001-8417,Q3
https://openalex.org/W2086880249,0743-7463,Q1
https://openalex.org/W2086913670,0173-0835,Q1
https://openalex.org/W2086929330,0022-4766,Q3
https://openalex.org/W2086944845,0002-7863,Q1
https://openalex.org/W2086978367,0163-3864,Q1
https://openalex.org/W2086981485,1434-1948,Q1
https://openalex.org/W2086981746,0925-4005,-
https://openalex.org/W2086982201,0049-8246,Q3
https://openalex.org/W2086985005,1478-6419,Q3
https://openalex.org/W2086986126,1535-3893,Q1
https://openalex.org/W2086998184,0968-0896,Q1
https://openalex.org/W2087019559,0010-938X,Q1
https://openalex.org/W2087023857,0036-0244,Q4
https://openalex.org/W2087029535,1070-3632,Q3
https://openalex.org/W2087035340,1530-6984,Q1
https://openalex.org/W2087051661,1348-6535,Q2
https://openalex.org/W2087071610,0169-4332,-
https://openalex.org/W2087086082,0960-894X,Q1
https://openalex.org/W2087099381,0021-9673,Q1
https://openalex.org/W2087116584,0169-4332,-
https://openalex.org/W2087133102,1615-9306,Q1
https://openalex.org/W2087153621,0376-7388,Q1
https://openalex.org/W2087189620,0163-3864,Q1
https://openalex.org/W2087201976,0256-1115,Q2
https://openalex.org/W2087219224,1752-8933,Q4
https://openalex.org/W2087228475,0003-2654,Q1
https://openalex.org/W2087245539,0267-9477,Q1
https://openalex.org/W2087286107,1748-6041,Q2
https://openalex.org/W2087291092,0039-9140,Q1
https://openalex.org/W2087341206,0144-8617,Q1
https://openalex.org/W2087345305,0910-6340,Q2
https://openalex.org/W2087346993,0960-894X,Q1
https://openalex.org/W2087347345,0022-4766,Q3
https://openalex.org/W2087357201,0026-3672,Q2
https://openalex.org/W2087358391,1752-153X,Q2
https://openalex.org/W2087361900,0925-9635,Q1
https://openalex.org/W2087380701,0002-7863,Q1
https://openalex.org/W2087390676,0366-7022,Q2
https://openalex.org/W2087396708,0743-7463,Q1
https://openalex.org/W2087411796,1359-7345,Q1
https://openalex.org/W2087416004,1432-8488,Q2
https://openalex.org/W2087437047,0021-8995,Q2
https://openalex.org/W2087467319,0032-3888,Q2
https://openalex.org/W2087467948,0040-6031,Q2
https://openalex.org/W2087503109,0960-894X,Q1
https://openalex.org/W2087514529,1473-0189,Q1
https://openalex.org/W2087517433,0269-3879,Q2
https://openalex.org/W2087522229,0914-9244,Q3
https://openalex.org/W2087534179,0957-4484,Q1
https://openalex.org/W2087554509,0925-9635,Q1
https://openalex.org/W2087558612,0022-4596,Q1
https://openalex.org/W2087578497,0009-2363,Q2
https://openalex.org/W2087587694,0040-4039,Q1
https://openalex.org/W2087614744,0021-9568,Q1
https://openalex.org/W2087620501,0040-4039,Q1
https://openalex.org/W2087622934,0021-8995,Q2
https://openalex.org/W2087644580,0724-8741,Q1
https://openalex.org/W2087649655,0022-328X,Q2
https://openalex.org/W2087657533,0236-5731,Q3
https://openalex.org/W2087692749,0002-7863,Q1
https://openalex.org/W2087692931,0957-4484,Q1
https://openalex.org/W2087700874,2070-2051,Q4
https://openalex.org/W2087701774,0039-9140,Q1
https://openalex.org/W2087719258,1383-5866,Q1
https://openalex.org/W2087735310,1070-4280,Q4
https://openalex.org/W2087738691,1615-4150,Q1
https://openalex.org/W2087739741,1615-9306,Q1
https://openalex.org/W2087759475,1420-3049,Q2
https://openalex.org/W2087765140,0022-3263,Q1
https://openalex.org/W2087826820,1383-5866,Q1
https://openalex.org/W2087850580,0021-8995,Q2
https://openalex.org/W2087855250,1388-2481,Q1
https://openalex.org/W2087879849,0743-7463,Q1
https://openalex.org/W2087934643,0367-598X,Q4
https://openalex.org/W2088000789,0011-9164,Q1
https://openalex.org/W2088002915,1000-324X,Q4
https://openalex.org/W2088046680,0724-8741,Q1
https://openalex.org/W2088066526,0011-9164,Q1
https://openalex.org/W2088074598,0306-7319,Q2
https://openalex.org/W2088082481,1348-6535,Q2
https://openalex.org/W2088092135,0749-1581,Q2
https://openalex.org/W2088096355,1359-7345,Q1
https://openalex.org/W2088098345,0010-938X,Q1
https://openalex.org/W2088107561,0378-7753,Q1
https://openalex.org/W2088114060,1570-0232,Q1
https://openalex.org/W2088116861,0036-021X,Q2
https://openalex.org/W2088120134,0167-2738,Q1
https://openalex.org/W2088126592,0277-5387,Q2
https://openalex.org/W2088152457,0308-8146,Q1
https://openalex.org/W2088178122,0049-8246,Q3
https://openalex.org/W2088196767,0022-3263,Q1
https://openalex.org/W2088210331,0012-5008,Q3
https://openalex.org/W2088210840,0022-2860,Q3
https://openalex.org/W2088228416,0253-6269,Q3
https://openalex.org/W2088246954,1001-0521,Q3
https://openalex.org/W2088253408,1570-0232,Q1
https://openalex.org/W2088263653,0013-4651,Q1
https://openalex.org/W2088284912,1293-2558,Q1
https://openalex.org/W2088304019,0009-5893,Q2
https://openalex.org/W2088309967,0013-4686,Q1
https://openalex.org/W2088310882,0009-3130,-
https://openalex.org/W2088325172,0022-2313,Q1
https://openalex.org/W2088332222,0021-9673,Q1
https://openalex.org/W2088345421,0003-2670,Q1
https://openalex.org/W2088349227,1520-5207,Q1
https://openalex.org/W2088360783,0038-1098,Q1
https://openalex.org/W2088395055,1388-0764,Q1
https://openalex.org/W2088403966,0960-894X,Q1
https://openalex.org/W2088406708,0925-9635,Q1
https://openalex.org/W2088419963,1348-6535,Q2
https://openalex.org/W2088424141,0010-5082,Q2
https://openalex.org/W2088427740,1528-7483,Q1
https://openalex.org/W2088438128,1612-1872,Q2
https://openalex.org/W2088445916,0002-7863,Q1
https://openalex.org/W2088448476,0039-9140,Q1
https://openalex.org/W2088450217,0021-9037,Q4
https://openalex.org/W2088451216,0021-8995,Q2
https://openalex.org/W2088457897,0040-6031,Q2
https://openalex.org/W2088460144,0040-4039,Q1
https://openalex.org/W2088468946,0039-9140,Q1
https://openalex.org/W2088480258,0257-8972,Q1
https://openalex.org/W2088485903,0149-6395,Q2
https://openalex.org/W2088492085,0018-019X,Q2
https://openalex.org/W2088500118,0376-7388,Q1
https://openalex.org/W2088519279,1068-1620,Q4
https://openalex.org/W2088554960,0003-021X,Q2
https://openalex.org/W2088555956,0169-4332,-
https://openalex.org/W2088561536,1004-9541,Q2
https://openalex.org/W2088571674,1385-8947,Q1
https://openalex.org/W2088574786,1063-7745,Q3
https://openalex.org/W2088580494,0169-4332,-
https://openalex.org/W2088601927,0032-3861,Q1
https://openalex.org/W2088690212,1099-0062,Q1
https://openalex.org/W2088705596,0008-6223,Q1
https://openalex.org/W2088711890,0020-7608,Q2
https://openalex.org/W2088735065,1083-6160,Q2
https://openalex.org/W2088746295,0002-7863,Q1
https://openalex.org/W2088777018,0011-9164,Q1
https://openalex.org/W2088778336,0960-894X,Q1
https://openalex.org/W2088790757,1542-1406,Q2
https://openalex.org/W2088835787,1438-2377,Q1
https://openalex.org/W2088837532,0003-2700,Q1
https://openalex.org/W2088837909,0021-8995,Q2
https://openalex.org/W2088849613,1612-1872,Q2
https://openalex.org/W2088875824,1615-9306,Q1
https://openalex.org/W2088887335,0022-152X,Q3
https://openalex.org/W2088905560,1387-7003,Q2
https://openalex.org/W2088923059,0882-5734,Q2
https://openalex.org/W2088942300,1473-0189,Q1
https://openalex.org/W2088943719,0910-6340,Q2
https://openalex.org/W2088947036,1388-6150,Q3
https://openalex.org/W2088958799,0047-2689,Q1
https://openalex.org/W2088965690,0012-5016,Q4
https://openalex.org/W2089034974,0236-5731,Q3
https://openalex.org/W2089037365,0045-6535,Q1
https://openalex.org/W2089037437,0020-1669,Q1
https://openalex.org/W2089037556,0916-8451,Q3
https://openalex.org/W2089046301,1386-1425,Q2
https://openalex.org/W2089057133,0030-4018,Q2
https://openalex.org/W2089067913,0888-5885,Q1
https://openalex.org/W2089068270,1229-9197,Q3
https://openalex.org/W2089074020,0144-8617,Q1
https://openalex.org/W2089085274,1528-7483,Q1
https://openalex.org/W2089108389,0002-7863,Q1
https://openalex.org/W2089126624,0011-9164,Q1
https://openalex.org/W2089166842,1422-0067,Q3
https://openalex.org/W2089181218,1010-6030,Q1
https://openalex.org/W2089217799,0009-5893,Q2
https://openalex.org/W2089233443,0031-8655,Q2
https://openalex.org/W2089242129,1618-2642,Q1
https://openalex.org/W2089302161,0009-2363,Q2
https://openalex.org/W2089308762,1523-7052,Q1
https://openalex.org/W2089311079,0376-7388,Q1
https://openalex.org/W2089318049,0008-6215,Q2
https://openalex.org/W2089346820,1523-7052,Q1
https://openalex.org/W2089359688,0927-7757,-
https://openalex.org/W2089370537,0011-9164,Q1
https://openalex.org/W2089376945,0009-2363,Q2
https://openalex.org/W2089408689,1388-2481,Q1
https://openalex.org/W2089420466,1520-5207,Q1
https://openalex.org/W2089471537,0098-6445,Q2
https://openalex.org/W2089524179,1388-0764,Q1
https://openalex.org/W2089530975,0193-2691,Q3
https://openalex.org/W2089531456,0022-3697,Q2
https://openalex.org/W2089532445,1001-0521,Q3
https://openalex.org/W2089543428,0927-7765,Q2
https://openalex.org/W2089548377,0039-9140,Q1
https://openalex.org/W2089554823,1944-0057,Q1
https://openalex.org/W2089582626,0169-4332,-
https://openalex.org/W2089591909,0009-2363,Q2
https://openalex.org/W2089597482,0039-7911,Q3
https://openalex.org/W2089600780,1438-7492,Q1
https://openalex.org/W2089611699,0960-894X,Q1
https://openalex.org/W2089622473,1001-604X,Q3
https://openalex.org/W2089630308,1022-9760,Q2
https://openalex.org/W2089650122,0021-8995,Q2
https://openalex.org/W2089659207,1066-3622,Q4
https://openalex.org/W2089664375,0960-894X,Q1
https://openalex.org/W2089672740,0257-8972,Q1
https://openalex.org/W2089673485,0011-9164,Q1
https://openalex.org/W2089684347,0039-7911,Q3
https://openalex.org/W2089701710,0036-0236,Q4
https://openalex.org/W2089720708,1001-8417,Q3
https://openalex.org/W2089729188,0010-2180,Q1
https://openalex.org/W2089749430,1535-3893,Q1
https://openalex.org/W2089763083,0022-152X,Q3
https://openalex.org/W2089768858,0008-6223,Q1
https://openalex.org/W2089769433,0268-2575,Q2
https://openalex.org/W2089772199,0021-8561,Q1
https://openalex.org/W2089784225,1001-8417,Q3
https://openalex.org/W2089807342,1070-4272,Q4
https://openalex.org/W2089816197,0021-8561,Q1
https://openalex.org/W2089830418,1383-5866,Q1
https://openalex.org/W2089856238,1359-7345,Q1
https://openalex.org/W2089862284,0040-6031,Q2
https://openalex.org/W2089872072,1348-6535,Q2
https://openalex.org/W2089892871,0956-5663,Q1
https://openalex.org/W2089911379,1747-5198,Q3
https://openalex.org/W2089920137,0169-4332,-
https://openalex.org/W2089928670,0016-2361,Q1
https://openalex.org/W2089930150,1383-5866,Q1
https://openalex.org/W2089966048,0308-8146,Q1
https://openalex.org/W2089979827,0267-9477,Q1
https://openalex.org/W2090001837,0925-9635,Q1
https://openalex.org/W2090041081,0022-4766,Q3
https://openalex.org/W2090043534,0013-4686,Q1
https://openalex.org/W2090086428,1385-8947,Q1
https://openalex.org/W2090090753,1618-2642,Q1
https://openalex.org/W2090098155,0376-7388,Q1
https://openalex.org/W2090098274,1004-9541,Q2
https://openalex.org/W2090116097,0036-0244,Q4
https://openalex.org/W2090117287,0169-4332,-
https://openalex.org/W2090134031,1424-8220,Q3
https://openalex.org/W2090139279,1674-0068,Q4
https://openalex.org/W2090164539,0013-936X,Q1
https://openalex.org/W2090184569,0960-894X,Q1
https://openalex.org/W2090186793,0003-2670,Q1
https://openalex.org/W2090208320,1066-5285,Q3
https://openalex.org/W2090224664,1359-7345,Q1
https://openalex.org/W2090243511,0163-3864,Q1
https://openalex.org/W2090245215,0304-3843,Q4
https://openalex.org/W2090247309,0169-4332,-
https://openalex.org/W2090253779,1388-2481,Q1
https://openalex.org/W2090296766,0965-5441,Q3
https://openalex.org/W2090298178,0967-0335,Q3
https://openalex.org/W2090329842,0023-1584,Q3
https://openalex.org/W2090355395,0004-9425,Q1
https://openalex.org/W2090358439,0910-6340,Q2
https://openalex.org/W2090359177,0030-4018,Q2
https://openalex.org/W2090376217,0169-4332,-
https://openalex.org/W2090379468,0011-9164,Q1
https://openalex.org/W2090386509,1876-1070,Q2
https://openalex.org/W2090402303,0277-5387,Q2
https://openalex.org/W2090402456,0170-0839,Q2
https://openalex.org/W2090422758,1070-3632,Q3
https://openalex.org/W2090437219,0957-4484,Q1
https://openalex.org/W2090447878,0009-3130,-
https://openalex.org/W2090467071,0032-3888,Q2
https://openalex.org/W2090471853,1566-7367,Q1
https://openalex.org/W2090472940,0009-3130,-
https://openalex.org/W2090503013,0968-0896,Q1
https://openalex.org/W2090506219,0236-5731,Q3
https://openalex.org/W2090525938,0142-9418,Q2
https://openalex.org/W2090627402,1572-6657,Q2
https://openalex.org/W2090629053,0724-8741,Q1
https://openalex.org/W2090678690,0960-894X,Q1
https://openalex.org/W2090700778,0038-1098,Q1
https://openalex.org/W2090705287,0024-9297,Q1
https://openalex.org/W2090719875,1735-207X,Q2
https://openalex.org/W2090754358,0169-4332,-
https://openalex.org/W2090755511,1001-8417,Q3
https://openalex.org/W2090780968,1385-8947,Q1
https://openalex.org/W2090794203,1011-372X,Q1
https://openalex.org/W2090802724,1755-4330,-
https://openalex.org/W2090806174,0030-4018,Q2
https://openalex.org/W2090808636,1420-3049,Q2
https://openalex.org/W2090820870,1420-3049,Q2
https://openalex.org/W2090844505,0021-8995,Q2
https://openalex.org/W2090915955,0011-9164,Q1
https://openalex.org/W2090928108,0173-0835,Q1
https://openalex.org/W2090931762,1066-5285,Q3
https://openalex.org/W2090940244,0039-9140,Q1
https://openalex.org/W2090950500,1598-5032,Q2
https://openalex.org/W2090951820,1083-6160,Q2
https://openalex.org/W2090953693,1022-5528,Q1
https://openalex.org/W2090964988,0022-4073,Q2
https://openalex.org/W2090985618,0927-0256,Q1
https://openalex.org/W2090991460,0011-9164,Q1
https://openalex.org/W2091014389,1388-6150,Q3
https://openalex.org/W2091078627,1936-9751,Q3
https://openalex.org/W2091084605,1747-5198,Q3
https://openalex.org/W2091106055,0272-8397,Q2
https://openalex.org/W2091137818,0927-7757,-
https://openalex.org/W2091142219,0223-5234,Q2
https://openalex.org/W2091160678,0021-9568,Q1
https://openalex.org/W2091170058,0308-8146,Q1
https://openalex.org/W2091227784,0013-936X,Q1
https://openalex.org/W2091261144,0032-3861,Q1
https://openalex.org/W2091278671,0021-8995,Q2
https://openalex.org/W2091307760,0040-4039,Q1
https://openalex.org/W2091326645,0968-0896,Q1
https://openalex.org/W2091391879,1932-7447,Q1
https://openalex.org/W2091397211,0010-938X,Q1
https://openalex.org/W2091415139,1001-8417,Q3
https://openalex.org/W2091429499,0956-5663,Q1
https://openalex.org/W2091457106,0308-8146,Q1
https://openalex.org/W2091459598,1350-4177,-
https://openalex.org/W2091471741,0257-8972,Q1
https://openalex.org/W2091486161,1424-8220,Q3
https://openalex.org/W2091493080,1566-7367,Q1
https://openalex.org/W2091499598,0376-7388,Q1
https://openalex.org/W2091499939,0022-2313,Q1
https://openalex.org/W2091509598,0142-2421,Q2
https://openalex.org/W2091533900,1523-7052,Q1
https://openalex.org/W2091571045,0009-5893,Q2
https://openalex.org/W2091584124,1000-324X,Q4
https://openalex.org/W2091590247,1932-7447,Q1
https://openalex.org/W2091601499,1388-2481,Q1
https://openalex.org/W2091602351,1478-6419,Q3
https://openalex.org/W2091604937,0896-8446,Q1
https://openalex.org/W2091614023,0039-7911,Q3
https://openalex.org/W2091616069,0165-2370,Q1
https://openalex.org/W2091650404,0968-0896,Q1
https://openalex.org/W2091655022,0165-2370,Q1
https://openalex.org/W2091669433,0026-265X,Q2
https://openalex.org/W2091681747,0142-9418,Q2
https://openalex.org/W2091683196,0009-3130,-
https://openalex.org/W2091684003,1359-7345,Q1
https://openalex.org/W2091744686,0008-6215,Q2
https://openalex.org/W2091769449,0040-5795,Q4
https://openalex.org/W2091769595,1385-8947,Q1
https://openalex.org/W2091770548,1557-1858,Q2
https://openalex.org/W2091790295,0026-3672,Q2
https://openalex.org/W2091803871,0236-5731,Q3
https://openalex.org/W2091852740,0925-4005,-
https://openalex.org/W2091854205,0016-2361,Q1
https://openalex.org/W2091861137,0013-936X,Q1
https://openalex.org/W2091882294,0257-8972,Q1
https://openalex.org/W2091886874,0163-4984,Q3
https://openalex.org/W2091890521,1862-5282,Q3
https://openalex.org/W2091909712,0377-0486,Q1
https://openalex.org/W2091926112,0013-4651,Q1
https://openalex.org/W2091933743,1478-6419,Q3
https://openalex.org/W2091934694,0022-4766,Q3
https://openalex.org/W2092005820,1293-2558,Q1
https://openalex.org/W2092007963,0925-4005,-
https://openalex.org/W2092010113,0163-4984,Q3
https://openalex.org/W2092047305,1099-0690,Q1
https://openalex.org/W2092059154,0016-2361,Q1
https://openalex.org/W2092060775,0888-5885,Q1
https://openalex.org/W2092071218,0966-9795,Q1
https://openalex.org/W2092093173,0255-2701,Q1
https://openalex.org/W2092100380,0021-8995,Q2
https://openalex.org/W2092134372,0022-0248,Q1
https://openalex.org/W2092138837,0021-9673,Q1
https://openalex.org/W2092165166,0040-4020,Q1
https://openalex.org/W2092180641,1876-1070,Q2
https://openalex.org/W2092211628,0899-0042,Q2
https://openalex.org/W2092217319,0927-0256,Q1
https://openalex.org/W2092228117,0009-2614,Q1
https://openalex.org/W2092234934,1388-6150,Q3
https://openalex.org/W2092238643,1748-6041,Q2
https://openalex.org/W2092272571,0731-7085,Q1
https://openalex.org/W2092280267,1293-2558,Q1
https://openalex.org/W2092299525,0009-2363,Q2
https://openalex.org/W2092314636,0731-7085,Q1
https://openalex.org/W2092322937,0021-9517,Q1
https://openalex.org/W2092332677,0142-2421,Q2
https://openalex.org/W2092336257,0038-1098,Q1
https://openalex.org/W2092368563,0022-0248,Q1
https://openalex.org/W2092378843,0023-1584,Q3
https://openalex.org/W2092381647,1070-3632,Q3
https://openalex.org/W2092393863,0223-5234,Q2
https://openalex.org/W2092404867,0142-9418,Q2
https://openalex.org/W2092408986,0032-3861,Q1
https://openalex.org/W2092428200,1990-7923,Q4
https://openalex.org/W2092445098,0022-1139,Q2
https://openalex.org/W2092462336,1383-5866,Q1
https://openalex.org/W2092478897,0032-3888,Q2
https://openalex.org/W2092484743,0036-0244,Q4
https://openalex.org/W2092513416,0040-5795,Q4
https://openalex.org/W2092516124,0947-8396,Q1
https://openalex.org/W2092520322,0888-5885,Q1
https://openalex.org/W2092536036,0892-6875,Q1
https://openalex.org/W2092569374,1872-5813,Q3
https://openalex.org/W2092572342,1598-5032,Q2
https://openalex.org/W2092573155,0888-5885,Q1
https://openalex.org/W2092595111,1099-0690,Q1
https://openalex.org/W2092601148,0223-5234,Q2
https://openalex.org/W2092625047,1109-4028,Q3
https://openalex.org/W2092629277,1757-6180,-
https://openalex.org/W2092640875,0003-2670,Q1
https://openalex.org/W2092640968,1028-6020,Q3
https://openalex.org/W2092665219,0925-4005,-
https://openalex.org/W2092694614,0377-0486,Q1
https://openalex.org/W2092697392,0163-3864,Q1
https://openalex.org/W2092728647,0024-9297,Q1
https://openalex.org/W2092733280,0376-7388,Q1
https://openalex.org/W2092733698,0039-9140,Q1
https://openalex.org/W2092778420,0169-4332,-
https://openalex.org/W2092798183,0021-8995,Q2
https://openalex.org/W2092800598,0009-3130,-
https://openalex.org/W2092828348,1002-0721,Q3
https://openalex.org/W2092829363,0378-7753,Q1
https://openalex.org/W2092841778,0021-8995,Q2
https://openalex.org/W2092877967,0003-2654,Q1
https://openalex.org/W2092902431,0257-8972,Q1
https://openalex.org/W2092912515,0949-1775,Q2
https://openalex.org/W2092964824,0016-2361,Q1
https://openalex.org/W2092969881,0036-021X,Q2
https://openalex.org/W2092974355,0960-894X,Q1
https://openalex.org/W2092988489,0721-3115,Q2
https://openalex.org/W2092997015,1387-1811,Q1
https://openalex.org/W2093009607,1618-2642,Q1
https://openalex.org/W2093037868,0223-5234,Q2
https://openalex.org/W2093073769,0272-8397,Q2
https://openalex.org/W2093076632,1566-7367,Q1
https://openalex.org/W2093148953,1932-7447,Q1
https://openalex.org/W2093164364,0743-7463,Q1
https://openalex.org/W2093178708,1478-6419,Q3
https://openalex.org/W2093180229,0956-5663,Q1
https://openalex.org/W2093186986,0009-2363,Q2
https://openalex.org/W2093188878,1932-7447,Q1
https://openalex.org/W2093189445,0021-8995,Q2
https://openalex.org/W2093200073,0021-8995,Q2
https://openalex.org/W2093202896,0223-5234,Q2
https://openalex.org/W2093235888,0300-9440,Q2
https://openalex.org/W2093236445,0276-7333,Q1
https://openalex.org/W2093253092,1001-8417,Q3
https://openalex.org/W2093256008,0021-8995,Q2
https://openalex.org/W2093259751,1951-6355,Q3
https://openalex.org/W2093287000,1028-6020,Q3
https://openalex.org/W2093316602,0011-9164,Q1
https://openalex.org/W2093330855,1388-6150,Q3
https://openalex.org/W2093344000,0098-6445,Q2
https://openalex.org/W2093352095,0040-4039,Q1
https://openalex.org/W2093364793,0731-7085,Q1
https://openalex.org/W2093384960,0721-3115,Q2
https://openalex.org/W2093402573,0021-9673,Q1
https://openalex.org/W2093404859,0013-936X,Q1
https://openalex.org/W2093417691,0960-894X,Q1
https://openalex.org/W2093422758,0039-9140,Q1
https://openalex.org/W2093428559,1478-6419,Q3
https://openalex.org/W2093437291,1388-2481,Q1
https://openalex.org/W2093442132,0021-8995,Q2
https://openalex.org/W2093455589,0009-2614,Q1
https://openalex.org/W2093468653,0956-5663,Q1
https://openalex.org/W2093477597,1570-0232,Q1
https://openalex.org/W2093477790,0003-2700,Q1
https://openalex.org/W2093483585,0308-8146,Q1
https://openalex.org/W2093497915,0170-0839,Q2
https://openalex.org/W2093504987,0026-9247,Q2
https://openalex.org/W2093523444,1011-372X,Q1
https://openalex.org/W2093536971,1383-5866,Q1
https://openalex.org/W2093562838,0731-7085,Q1
https://openalex.org/W2093566357,0049-8246,Q3
https://openalex.org/W2093622699,0925-3467,-
https://openalex.org/W2093625729,0011-9164,Q1
https://openalex.org/W2093676673,0038-9056,Q3
https://openalex.org/W2093715466,0731-7085,Q1
https://openalex.org/W2093734025,1570-0232,Q1
https://openalex.org/W2093735396,0169-4332,-
https://openalex.org/W2093747353,1083-6160,Q2
https://openalex.org/W2093780589,0013-4651,Q1
https://openalex.org/W2093791341,1083-6160,Q2
https://openalex.org/W2093805370,0010-2180,Q1
https://openalex.org/W2093828253,0011-9164,Q1
https://openalex.org/W2093838143,0002-7863,Q1
https://openalex.org/W2093842599,0040-4039,Q1
https://openalex.org/W2093846607,0960-894X,Q1
https://openalex.org/W2093877385,0888-5885,Q1
https://openalex.org/W2093887682,1944-0057,Q1
https://openalex.org/W2093919495,0011-9164,Q1
https://openalex.org/W2093925982,0925-3467,-
https://openalex.org/W2093951938,0142-9418,Q2
https://openalex.org/W2093954330,0896-8446,Q1
https://openalex.org/W2093986498,0032-0943,Q2
https://openalex.org/W2094014394,0956-5663,Q1
https://openalex.org/W2094019725,0009-5893,Q2
https://openalex.org/W2094047326,0253-6269,Q3
https://openalex.org/W2094052762,0011-9164,Q1
https://openalex.org/W2094056845,0009-2509,Q1
https://openalex.org/W2094094656,0021-8995,Q2
https://openalex.org/W2094100525,1022-5528,Q1
https://openalex.org/W2094107699,0142-2421,Q2
https://openalex.org/W2094117689,0584-8547,Q1
https://openalex.org/W2094142928,0927-7765,Q2
https://openalex.org/W2094146455,0003-021X,Q2
https://openalex.org/W2094155012,1517-7076,-
https://openalex.org/W2094167320,0731-7085,Q1
https://openalex.org/W2094195718,0040-4039,Q1
https://openalex.org/W2094212580,0020-7608,Q2
https://openalex.org/W2094231105,1523-7052,Q1
https://openalex.org/W2094234263,0892-6875,Q1
https://openalex.org/W2094238511,0003-7028,Q3
https://openalex.org/W2094238629,0300-9440,Q2
https://openalex.org/W2094282754,0011-9164,Q1
https://openalex.org/W2094291535,0021-8995,Q2
https://openalex.org/W2094296919,0958-0344,Q2
https://openalex.org/W2094312619,0257-8972,Q1
https://openalex.org/W2094315668,0009-3130,-
https://openalex.org/W2094359777,0277-5387,Q2
https://openalex.org/W2094370674,0011-9164,Q1
https://openalex.org/W2094379879,0255-2701,Q1
https://openalex.org/W2094411087,0169-4332,-
https://openalex.org/W2094418352,0957-4484,Q1
https://openalex.org/W2094441634,1572-6657,Q2
https://openalex.org/W2094456144,1478-6419,Q3
https://openalex.org/W2094465602,0376-7388,Q1
https://openalex.org/W2094500117,0010-2180,Q1
https://openalex.org/W2094500670,0960-894X,Q1
https://openalex.org/W2094513443,0010-938X,Q1
https://openalex.org/W2094531431,0022-3263,Q1
https://openalex.org/W2094539426,0899-0042,Q2
https://openalex.org/W2094545973,1388-6150,Q3
https://openalex.org/W2094560758,0009-2363,Q2
https://openalex.org/W2094569046,0267-9477,Q1
https://openalex.org/W2094574506,0008-6215,Q2
https://openalex.org/W2094597352,1420-3049,Q2
https://openalex.org/W2094602403,0925-4005,-
https://openalex.org/W2094603341,0570-4928,Q2
https://openalex.org/W2094603628,0193-2691,Q3
https://openalex.org/W2094604493,0022-2860,Q3
https://openalex.org/W2094619741,1091-6466,Q2
https://openalex.org/W2094622176,0269-3879,Q2
https://openalex.org/W2094642155,0022-2313,Q1
https://openalex.org/W2094643760,0091-4037,Q3
https://openalex.org/W2094647271,1520-4766,-
https://openalex.org/W2094665516,1028-6020,Q3
https://openalex.org/W2094704429,0032-3861,Q1
https://openalex.org/W2094725114,0026-3672,Q2
https://openalex.org/W2094751980,0021-8561,Q1
https://openalex.org/W2094768345,1381-1991,Q2
https://openalex.org/W2094772092,0039-9140,Q1
https://openalex.org/W2094774728,0163-4984,Q3
https://openalex.org/W2094776620,1570-9639,Q1
https://openalex.org/W2094795253,0952-3480,Q1
https://openalex.org/W2094800512,1932-7447,Q1
https://openalex.org/W2094801468,0039-7911,Q3
https://openalex.org/W2094804629,0003-7028,Q3
https://openalex.org/W2094825032,0021-8561,Q1
https://openalex.org/W2094838751,0888-5885,Q1
https://openalex.org/W2094844430,1176-9114,Q2
https://openalex.org/W2094846133,0965-5441,Q3
https://openalex.org/W2094874162,1319-6103,-
https://openalex.org/W2094882263,0925-3467,-
https://openalex.org/W2094906919,0257-8972,Q1
https://openalex.org/W2094914329,0003-2670,Q1
https://openalex.org/W2094916081,1388-6150,Q3
https://openalex.org/W2094918092,0039-7911,Q3
https://openalex.org/W2094919382,0009-5893,Q2
https://openalex.org/W2094934107,0920-5861,Q1
https://openalex.org/W2094951908,1041-2905,Q2
https://openalex.org/W2094976967,1386-1425,Q2
https://openalex.org/W2094977885,1383-5866,Q1
https://openalex.org/W2094982592,0040-4020,Q1
https://openalex.org/W2094986205,0020-7608,Q2
https://openalex.org/W2095012195,1477-9226,Q2
https://openalex.org/W2095020968,1566-7367,Q1
https://openalex.org/W2095039834,0022-3263,Q1
https://openalex.org/W2095042166,0021-8995,Q2
https://openalex.org/W2095056561,0021-8995,Q2
https://openalex.org/W2095062436,0022-3263,Q1
https://openalex.org/W2095067530,0021-9606,Q1
https://openalex.org/W2095087622,0009-2509,Q1
https://openalex.org/W2095092410,1517-7076,-
https://openalex.org/W2095117186,0021-8995,Q2
https://openalex.org/W2095118123,0022-4596,Q1
https://openalex.org/W2095145245,1061-9348,Q4
https://openalex.org/W2095150730,1099-0062,Q1
https://openalex.org/W2095155024,0743-7463,Q1
https://openalex.org/W2095174608,0021-9037,Q4
https://openalex.org/W2095203533,1615-9306,Q1
https://openalex.org/W2095251529,0892-6875,Q1
https://openalex.org/W2095254781,0163-3864,Q1
https://openalex.org/W2095257559,0366-6352,Q3
https://openalex.org/W2095261179,0142-9418,Q2
https://openalex.org/W2095289254,0308-8146,Q1
https://openalex.org/W2095293608,0013-936X,Q1
https://openalex.org/W2095301912,0021-9568,Q1
https://openalex.org/W2095303942,0003-2670,Q1
https://openalex.org/W2095308423,0003-2700,Q1
https://openalex.org/W2095316126,1063-7745,Q3
https://openalex.org/W2095327532,0044-2313,Q3
https://openalex.org/W2095331805,1944-0057,Q1
https://openalex.org/W2095333922,0724-8741,Q1
https://openalex.org/W2095361928,0039-7911,Q3
https://openalex.org/W2095376827,0003-7028,Q3
https://openalex.org/W2095381046,0003-2670,Q1
https://openalex.org/W2095422429,0002-7863,Q1
https://openalex.org/W2095434607,0385-5414,Q2
https://openalex.org/W2095456872,0026-265X,Q2
https://openalex.org/W2095463142,0009-5893,Q2
https://openalex.org/W2095466742,1388-6150,Q3
https://openalex.org/W2095467227,1477-0520,Q1
https://openalex.org/W2095472468,1618-2642,Q1
https://openalex.org/W2095478652,0933-4173,Q3
https://openalex.org/W2095479283,1860-5397,Q3
https://openalex.org/W2095495267,0039-9140,Q1
https://openalex.org/W2095514110,0008-6215,Q2
https://openalex.org/W2095516968,0257-8972,Q1
https://openalex.org/W2095541026,0257-8972,Q1
https://openalex.org/W2095546950,0269-3879,Q2
https://openalex.org/W2095556038,1618-2642,Q1
https://openalex.org/W2095569279,1420-3049,Q2
https://openalex.org/W2095780722,0045-6535,Q1
https://openalex.org/W2095805909,1477-0520,Q1
https://openalex.org/W2095936908,0033-4545,Q1
https://openalex.org/W2096001616,1001-0521,Q3
https://openalex.org/W2096006415,0887-624X,Q1
https://openalex.org/W2096026727,0030-4018,Q2
https://openalex.org/W2096050300,0892-6875,Q1
https://openalex.org/W2096054751,0013-4651,Q1
https://openalex.org/W2096094875,0039-9140,Q1
https://openalex.org/W2096168345,0142-2421,Q2
https://openalex.org/W2096329559,0021-9665,Q3
https://openalex.org/W2096389638,0887-624X,Q1
https://openalex.org/W2096428408,0033-4545,Q1
https://openalex.org/W2096435257,0932-0776,Q2
https://openalex.org/W2096475004,1424-8220,Q3
https://openalex.org/W2096488175,0008-6215,Q2
https://openalex.org/W2096528950,0933-4173,Q3
https://openalex.org/W2096542310,0272-8397,Q2
https://openalex.org/W2096579627,0021-9665,Q3
https://openalex.org/W2096611677,1876-214X,-
https://openalex.org/W2096663697,1022-1352,Q1
https://openalex.org/W2096717167,0256-1115,Q2
https://openalex.org/W2096903109,0960-894X,Q1
https://openalex.org/W2097039919,1618-2642,Q1
https://openalex.org/W2097051605,0039-7911,Q3
https://openalex.org/W2097055247,1385-8947,Q1
https://openalex.org/W2097125303,0306-0012,Q1
https://openalex.org/W2097147217,0021-891X,Q2
https://openalex.org/W2097234173,1735-207X,Q2
https://openalex.org/W2097236560,1744-683X,Q1
https://openalex.org/W2097285786,1040-0397,Q2
https://openalex.org/W2097294889,0968-0896,Q1
https://openalex.org/W2097338160,0021-8995,Q2
https://openalex.org/W2097373344,1523-7052,Q1
https://openalex.org/W2097570191,0363-9045,Q3
https://openalex.org/W2097600350,0363-9045,Q3
https://openalex.org/W2097670235,0003-2654,Q1
https://openalex.org/W2097776732,0021-8995,Q2
https://openalex.org/W2097862626,1567-5394,Q2
https://openalex.org/W2097884956,0169-4332,-
https://openalex.org/W2097928250,0040-4039,Q1
https://openalex.org/W2097977709,0021-8995,Q2
https://openalex.org/W2098080008,1424-8220,Q3
https://openalex.org/W2098143959,0267-9477,Q1
https://openalex.org/W2098145925,0223-5234,Q2
https://openalex.org/W2098208736,1022-1336,Q1
https://openalex.org/W2098224427,0021-8995,Q2
https://openalex.org/W2098398183,0308-8146,Q1
https://openalex.org/W2098507809,0170-0839,Q2
https://openalex.org/W2098548087,0361-2317,Q2
https://openalex.org/W2098617099,1359-7345,Q1
https://openalex.org/W2098660565,1748-6041,Q2
https://openalex.org/W2098760123,0145-8892,Q2
https://openalex.org/W2098802696,0269-3879,Q2
https://openalex.org/W2098832976,0378-7753,Q1
https://openalex.org/W2098895857,0040-4039,Q1
https://openalex.org/W2098970419,1757-6180,-
https://openalex.org/W2098973446,0142-2421,Q2
https://openalex.org/W2098997740,1388-6150,Q3
https://openalex.org/W2099018338,0352-5139,Q3
https://openalex.org/W2099050807,1951-6355,Q3
https://openalex.org/W2099063106,0253-6269,Q3
https://openalex.org/W2099146914,0268-2575,Q2
https://openalex.org/W2099185952,0021-8995,Q2
https://openalex.org/W2099226368,1615-9306,Q1
https://openalex.org/W2099263142,1099-0690,Q1
https://openalex.org/W2099290433,0259-9791,Q2
https://openalex.org/W2099447773,0142-2421,Q2
https://openalex.org/W2099477295,0256-1115,Q2
https://openalex.org/W2099488683,0951-4198,Q1
https://openalex.org/W2099503270,0887-6266,Q1
https://openalex.org/W2099527278,1420-3049,Q2
https://openalex.org/W2099588426,0033-4545,Q1
https://openalex.org/W2099704883,0169-4332,-
https://openalex.org/W2099720629,0016-2361,Q1
https://openalex.org/W2099734589,0951-4198,Q1
https://openalex.org/W2099738430,0021-8995,Q2
https://openalex.org/W2099777532,0022-152X,Q3
https://openalex.org/W2099795788,0269-3879,Q2
https://openalex.org/W2099833620,1066-5285,Q3
https://openalex.org/W2099894383,0021-8995,Q2
https://openalex.org/W2099913576,1040-0397,Q2
https://openalex.org/W2099938637,1477-0520,Q1
https://openalex.org/W2099959692,1551-7004,Q3
https://openalex.org/W2099997461,0269-3879,Q2
https://openalex.org/W2100216626,0951-4198,Q1
https://openalex.org/W2100234092,1388-6150,Q3
https://openalex.org/W2100256399,0146-4760,Q2
https://openalex.org/W2100349128,0103-5053,Q2
https://openalex.org/W2100360115,0021-8995,Q2
https://openalex.org/W2100401696,0951-4198,Q1
https://openalex.org/W2100445440,0021-9665,Q3
https://openalex.org/W2100513226,1570-0232,Q1
https://openalex.org/W2100513260,0223-5234,Q2
https://openalex.org/W2100601283,0022-0248,Q1
https://openalex.org/W2100741651,0022-4596,Q1
https://openalex.org/W2100787526,0040-4039,Q1
https://openalex.org/W2100806298,0927-7757,-
https://openalex.org/W2100819289,1359-7345,Q1
https://openalex.org/W2100847959,1359-7345,Q1
https://openalex.org/W2100850424,0040-4020,Q1
https://openalex.org/W2100876126,0193-2691,Q3
https://openalex.org/W2100941296,1422-0067,Q3
https://openalex.org/W2101033270,0377-0486,Q1
https://openalex.org/W2101120378,0968-0896,Q1
https://openalex.org/W2101127699,0957-4484,Q1
https://openalex.org/W2101174068,1473-0189,Q1
https://openalex.org/W2101191886,1424-8220,Q3
https://openalex.org/W2101203174,0022-4596,Q1
https://openalex.org/W2101236682,1476-9271,Q2
https://openalex.org/W2101278747,1523-7052,Q1
https://openalex.org/W2101508136,0170-0839,Q2
https://openalex.org/W2101540072,0032-3888,Q2
https://openalex.org/W2101552116,1757-6180,-
https://openalex.org/W2101573662,0925-4005,-
https://openalex.org/W2101617792,1424-8220,Q3
https://openalex.org/W2101630767,1944-0057,Q1
https://openalex.org/W2101670094,1054-2523,Q4
https://openalex.org/W2101853238,1615-9306,Q1
https://openalex.org/W2102097517,0379-7112,Q1
https://openalex.org/W2102175474,1348-6535,Q2
https://openalex.org/W2102205606,1615-9306,Q1
https://openalex.org/W2102214864,0376-7388,Q1
https://openalex.org/W2102221710,0020-7608,Q2
https://openalex.org/W2102241124,0103-5053,Q2
https://openalex.org/W2102426680,1385-2728,Q1
https://openalex.org/W2102531021,0267-9477,Q1
https://openalex.org/W2102552942,1359-7345,Q1
https://openalex.org/W2102556024,0013-4651,Q1
https://openalex.org/W2102592307,1388-6150,Q3
https://openalex.org/W2102631976,0146-4760,Q2
https://openalex.org/W2102725419,0892-6875,Q1
https://openalex.org/W2102732029,0003-2654,Q1
https://openalex.org/W2102844621,1616-301X,Q1
https://openalex.org/W2102976250,0256-1115,Q2
https://openalex.org/W2102994661,0013-4651,Q1
https://openalex.org/W2103059240,0020-1685,Q3
https://openalex.org/W2103143397,0959-9428,Q1
https://openalex.org/W2103258738,0004-9425,Q1
https://openalex.org/W2103290900,0039-9140,Q1
https://openalex.org/W2103291481,1099-0690,Q1
https://openalex.org/W2103354066,1573-3149,Q3
https://openalex.org/W2103408691,1348-6535,Q2
https://openalex.org/W2103420116,1070-4272,Q4
https://openalex.org/W2103424513,1752-153X,Q2
https://openalex.org/W2103428703,1022-1360,Q3
https://openalex.org/W2103478388,0039-7911,Q3
https://openalex.org/W2103522709,1359-7345,Q1
https://openalex.org/W2103528912,1618-2642,Q1
https://openalex.org/W2103548028,0144-8617,Q1
https://openalex.org/W2103564204,1612-1872,Q2
https://openalex.org/W2103575581,1469-0667,Q3
https://openalex.org/W2103669009,1040-0397,Q2
https://openalex.org/W2103910783,1022-9760,Q2
https://openalex.org/W2103917076,0032-3888,Q2
https://openalex.org/W2103926972,0021-8995,Q2
https://openalex.org/W2104000919,1523-7052,Q1
https://openalex.org/W2104089307,0021-8995,Q2
https://openalex.org/W2104121865,1752-8933,Q4
https://openalex.org/W2104229486,0193-2691,Q3
https://openalex.org/W2104246501,0887-6266,Q1
https://openalex.org/W2104406620,0009-2363,Q2
https://openalex.org/W2104506180,0737-3937,Q3
https://openalex.org/W2104554723,0142-9418,Q2
https://openalex.org/W2104678364,0009-4536,Q3
https://openalex.org/W2104735895,1099-0690,Q1
https://openalex.org/W2104804037,1463-9076,Q1
https://openalex.org/W2104811210,0306-7319,Q2
https://openalex.org/W2104823153,0269-3879,Q2
https://openalex.org/W2104847968,1944-8201,-
https://openalex.org/W2104874802,0144-8617,Q1
https://openalex.org/W2104902800,0039-7911,Q3
https://openalex.org/W2104924218,1359-7345,Q1
https://openalex.org/W2104983727,0009-3122,Q4
https://openalex.org/W2105109957,0016-2361,Q1
https://openalex.org/W2105170315,0947-6539,Q1
https://openalex.org/W2105171045,1350-4177,-
https://openalex.org/W2105176625,1433-7266,Q4
https://openalex.org/W2105365449,0169-4332,-
https://openalex.org/W2105380172,0011-9164,Q1
https://openalex.org/W2105425002,0933-4173,Q3
https://openalex.org/W2105426485,0146-4760,Q2
https://openalex.org/W2105428571,1615-9306,Q1
https://openalex.org/W2105463719,1359-7345,Q1
https://openalex.org/W2105471990,1618-2642,Q1
https://openalex.org/W2105489921,0957-4484,Q1
https://openalex.org/W2105546576,0001-4842,Q1
https://openalex.org/W2105604071,0011-9164,Q1
https://openalex.org/W2105637633,0256-1115,Q2
https://openalex.org/W2105668062,0192-8651,Q1
https://openalex.org/W2105728821,0026-265X,Q2
https://openalex.org/W2105735647,0930-7516,Q2
https://openalex.org/W2105797443,1472-3581,Q1
https://openalex.org/W2105816299,0256-1115,Q2
https://openalex.org/W2105854939,0044-2313,Q3
https://openalex.org/W2106051761,0959-9428,Q1
https://openalex.org/W2106181615,1070-3632,Q3
https://openalex.org/W2106249572,1433-7851,Q1
https://openalex.org/W2106281051,1385-8947,Q1
https://openalex.org/W2106286105,1041-2905,Q2
https://openalex.org/W2106300147,0721-3115,Q2
https://openalex.org/W2106407228,0951-4198,Q1
https://openalex.org/W2106428807,0223-5234,Q2
https://openalex.org/W2106529181,0033-4545,Q1
https://openalex.org/W2106558363,0022-3263,Q1
https://openalex.org/W2106583923,0149-6395,Q2
https://openalex.org/W2106587516,0268-005X,Q1
https://openalex.org/W2106634788,0362-4803,Q3
https://openalex.org/W2106767401,0163-4984,Q3
https://openalex.org/W2106791975,0021-9665,Q3
https://openalex.org/W2106919090,0925-9635,Q1
https://openalex.org/W2106949729,0146-4760,Q2
https://openalex.org/W2106955686,1042-7163,Q2
https://openalex.org/W2106974900,1478-6419,Q3
https://openalex.org/W2106992498,1433-7851,Q1
https://openalex.org/W2107082689,0236-5731,Q3
https://openalex.org/W2107095343,0956-5663,Q1
https://openalex.org/W2107178963,0933-4173,Q3
https://openalex.org/W2107245992,1478-6419,Q3
https://openalex.org/W2107430668,0039-9140,Q1
https://openalex.org/W2107450371,0267-9477,Q1
https://openalex.org/W2107513486,0170-0839,Q2
https://openalex.org/W2107563574,0003-2670,Q1
https://openalex.org/W2107626537,1388-6150,Q3
https://openalex.org/W2107872627,0236-5731,Q3
https://openalex.org/W2108011813,0021-8995,Q2
https://openalex.org/W2108174504,0377-0486,Q1
https://openalex.org/W2108278944,0253-2964,Q3
https://openalex.org/W2108294138,0021-8995,Q2
https://openalex.org/W2108295732,1942-7603,-
https://openalex.org/W2108344334,0306-0012,Q1
https://openalex.org/W2108417582,0146-4760,Q2
https://openalex.org/W2108449163,0040-4020,Q1
https://openalex.org/W2108461317,0021-9665,Q3
https://openalex.org/W2108488684,0308-0501,Q2
https://openalex.org/W2108492554,1001-8417,Q3
https://openalex.org/W2108566801,0352-5139,Q3
https://openalex.org/W2108597272,0306-0012,Q1
https://openalex.org/W2108611235,1054-2523,Q4
https://openalex.org/W2108614125,0366-7022,Q2
https://openalex.org/W2108633872,1528-7483,Q1
https://openalex.org/W2108644682,0925-4005,-
https://openalex.org/W2108652474,0014-3057,Q1
https://openalex.org/W2108748848,1433-7851,Q1
https://openalex.org/W2108777635,1433-7851,Q1
https://openalex.org/W2108813256,1757-6180,-
https://openalex.org/W2108895817,1433-7851,Q1
https://openalex.org/W2108904338,0951-4198,Q1
https://openalex.org/W2108929126,0021-8995,Q2
https://openalex.org/W2108953022,0142-2421,Q2
https://openalex.org/W2108974437,0040-4020,Q1
https://openalex.org/W2108980885,0020-7608,Q2
https://openalex.org/W2109084036,0269-3879,Q2
https://openalex.org/W2109144424,1296-2074,Q2
https://openalex.org/W2109169089,1001-604X,Q3
https://openalex.org/W2109201079,2090-9071,-
https://openalex.org/W2109205243,1615-9306,Q1
https://openalex.org/W2109230419,0327-0793,Q3
https://openalex.org/W2109240056,0040-4039,Q1
https://openalex.org/W2109314351,1028-6020,Q3
https://openalex.org/W2109412751,1477-9226,Q2
https://openalex.org/W2109478846,0022-3263,Q1
https://openalex.org/W2109492675,0013-4686,Q1
https://openalex.org/W2109508190,0022-152X,Q3
https://openalex.org/W2109557913,0959-8103,-
https://openalex.org/W2109606300,1388-6150,Q3
https://openalex.org/W2109646511,0021-9665,Q3
https://openalex.org/W2109666451,1424-8220,Q3
https://openalex.org/W2109677122,0308-8146,Q1
https://openalex.org/W2109681121,0021-8995,Q2
https://openalex.org/W2109720485,1088-4246,Q2
https://openalex.org/W2109842916,0009-5893,Q2
https://openalex.org/W2109872938,0021-9673,Q1
https://openalex.org/W2109897848,1476-1122,Q1
https://openalex.org/W2109950581,1473-0189,Q1
https://openalex.org/W2109966317,0363-9045,Q3
https://openalex.org/W2109975102,0013-936X,Q1
https://openalex.org/W2110031975,1042-7163,Q2
https://openalex.org/W2110057243,0022-328X,Q2
https://openalex.org/W2110222794,1433-7851,Q1
https://openalex.org/W2110454260,0730-6679,Q3
https://openalex.org/W2110562006,1862-5282,Q3
https://openalex.org/W2110676155,0021-8995,Q2
https://openalex.org/W2110694940,0193-2691,Q3
https://openalex.org/W2110785044,0003-2670,Q1
https://openalex.org/W2110829128,0379-7112,Q1
https://openalex.org/W2110835851,0925-4005,-
https://openalex.org/W2110836081,0009-4536,Q3
https://openalex.org/W2110965813,1613-6810,-
https://openalex.org/W2111104251,0022-152X,Q3
https://openalex.org/W2111194488,0892-6875,Q1
https://openalex.org/W2111202491,1612-1872,Q2
https://openalex.org/W2111217315,0934-0866,Q2
https://openalex.org/W2111336540,0021-9665,Q3
https://openalex.org/W2111397471,0009-4536,Q3
https://openalex.org/W2111420652,0306-7319,Q2
https://openalex.org/W2111445131,0930-7516,Q2
https://openalex.org/W2111445501,0021-8995,Q2
https://openalex.org/W2111500138,0253-2964,Q3
https://openalex.org/W2111647843,0018-019X,Q2
https://openalex.org/W2111669521,1615-9306,Q1
https://openalex.org/W2111690874,0195-928X,-
https://openalex.org/W2111699871,1747-0277,-
https://openalex.org/W2111704639,0018-019X,Q2
https://openalex.org/W2111751620,0021-8995,Q2
https://openalex.org/W2111774394,0308-8146,Q1
https://openalex.org/W2111829555,0308-0501,Q2
https://openalex.org/W2111830027,0021-8561,Q1
https://openalex.org/W2111885416,0040-4039,Q1
https://openalex.org/W2111979255,1473-0189,Q1
https://openalex.org/W2111981048,0021-8995,Q2
https://openalex.org/W2112006459,0100-4670,Q3
https://openalex.org/W2112100339,0927-7757,-
https://openalex.org/W2112133318,1388-6150,Q3
https://openalex.org/W2112149267,0959-9428,Q1
https://openalex.org/W2112159450,1522-7235,Q2
https://openalex.org/W2112201236,0925-4005,-
https://openalex.org/W2112227276,1476-1122,Q1
https://openalex.org/W2112323509,1420-3049,Q2
https://openalex.org/W2112356880,1089-5639,Q1
https://openalex.org/W2112418305,0925-2738,Q1
https://openalex.org/W2112463326,0021-8995,Q2
https://openalex.org/W2112531144,0011-9164,Q1
https://openalex.org/W2112545782,0021-9584,Q3
https://openalex.org/W2112566088,0010-5082,Q2
https://openalex.org/W2112594863,1566-1199,Q1
https://openalex.org/W2112694197,1420-3049,Q2
https://openalex.org/W2112697347,1040-0397,Q2
https://openalex.org/W2112773918,0021-8995,Q2
https://openalex.org/W2112782664,0103-5053,Q2
https://openalex.org/W2112793865,1735-207X,Q2
https://openalex.org/W2112960983,0021-9665,Q3
https://openalex.org/W2113035485,0951-4198,Q1
https://openalex.org/W2113095282,1083-5601,Q3
https://openalex.org/W2113275100,1381-1991,Q2
https://openalex.org/W2113293154,0022-3263,Q1
https://openalex.org/W2113303010,0737-3937,Q3
https://openalex.org/W2113336171,0013-4651,Q1
https://openalex.org/W2113518968,0377-0486,Q1
https://openalex.org/W2113585616,1296-2074,Q2
https://openalex.org/W2113609432,0306-0012,Q1
https://openalex.org/W2113639643,0256-1115,Q2
https://openalex.org/W2113747457,0951-4198,Q1
https://openalex.org/W2113782993,1612-1872,Q2
https://openalex.org/W2113811128,0021-9665,Q3
https://openalex.org/W2113811868,0021-9665,Q3
https://openalex.org/W2113812060,1878-5190,Q3
https://openalex.org/W2113873357,0016-2361,Q1
https://openalex.org/W2113923976,1040-0397,Q2
https://openalex.org/W2113925629,1473-0189,Q1
https://openalex.org/W2113950178,1359-0294,Q1
https://openalex.org/W2114062998,0268-2575,Q2
https://openalex.org/W2114114110,1433-7851,Q1
https://openalex.org/W2114120981,0253-6269,Q3
https://openalex.org/W2114126205,0267-8292,Q2
https://openalex.org/W2114141175,1388-6150,Q3
https://openalex.org/W2114221646,1618-2642,Q1
https://openalex.org/W2114282851,0888-5885,Q1
https://openalex.org/W2114345191,0013-4651,Q1
https://openalex.org/W2114356212,0021-8995,Q2
https://openalex.org/W2114388775,0021-8995,Q2
https://openalex.org/W2114417438,0021-955X,Q2
https://openalex.org/W2114463134,1474-905X,Q2
https://openalex.org/W2114503991,0011-9164,Q1
https://openalex.org/W2114569351,1424-8220,Q3
https://openalex.org/W2114591558,1433-7851,Q1
https://openalex.org/W2114616844,0269-3879,Q2
https://openalex.org/W2114628034,0253-2964,Q3
https://openalex.org/W2114763182,0232-1300,Q2
https://openalex.org/W2114797118,0011-9164,Q1
https://openalex.org/W2114870415,1424-8220,Q3
https://openalex.org/W2114906289,0016-2361,Q1
https://openalex.org/W2114915824,1176-9114,Q2
https://openalex.org/W2114938311,1386-2073,Q2
https://openalex.org/W2114998207,0032-3861,Q1
https://openalex.org/W2115012062,1613-6810,-
https://openalex.org/W2115038541,0272-8397,Q2
https://openalex.org/W2115044137,0026-265X,Q2
https://openalex.org/W2115051434,0379-7112,Q1
https://openalex.org/W2115197934,0925-4005,-
https://openalex.org/W2115270190,0030-4018,Q2
https://openalex.org/W2115278413,0277-3813,Q2
https://openalex.org/W2115280623,0026-265X,Q2
https://openalex.org/W2115373096,1229-9197,Q3
https://openalex.org/W2115479461,1422-8599,Q4
https://openalex.org/W2115509655,0049-8246,Q3
https://openalex.org/W2115516240,0013-4651,Q1
https://openalex.org/W2115522235,0352-5139,Q3
https://openalex.org/W2115630936,0304-3843,Q4
https://openalex.org/W2115715088,0039-9140,Q1
https://openalex.org/W2115808879,0021-8995,Q2
https://openalex.org/W2115818004,0947-6539,Q1
https://openalex.org/W2115824491,0039-7911,Q3
https://openalex.org/W2115851701,0304-3843,Q4
https://openalex.org/W2115881189,1001-604X,Q3
https://openalex.org/W2115911741,1448-2517,Q1
https://openalex.org/W2115953080,1424-8220,Q3
https://openalex.org/W2115954240,0002-7863,Q1
https://openalex.org/W2116047171,0021-8995,Q2
https://openalex.org/W2116061134,0045-6535,Q1
https://openalex.org/W2116092233,0021-8995,Q2
https://openalex.org/W2116116840,0040-4039,Q1
https://openalex.org/W2116119017,0021-9665,Q3
https://openalex.org/W2116211182,1296-2074,Q2
https://openalex.org/W2116252329,0256-1115,Q2
https://openalex.org/W2116280563,0003-2719,Q2
https://openalex.org/W2116328920,1388-6150,Q3
https://openalex.org/W2116423819,0308-8146,Q1
https://openalex.org/W2116447443,1001-604X,Q3
https://openalex.org/W2116493431,0949-1775,Q2
https://openalex.org/W2116546442,0378-7753,Q1
https://openalex.org/W2116620227,0306-7319,Q2
https://openalex.org/W2116669801,0002-7863,Q1
https://openalex.org/W2116685558,0269-3879,Q2
https://openalex.org/W2116822139,1359-7345,Q1
https://openalex.org/W2116851430,0956-5663,Q1
https://openalex.org/W2116932253,0020-1693,Q2
https://openalex.org/W2117001485,1359-7345,Q1
https://openalex.org/W2117005956,0933-4173,Q3
https://openalex.org/W2117024117,0008-6223,Q1
https://openalex.org/W2117040431,0165-2370,Q1
https://openalex.org/W2117142810,1433-7851,Q1
https://openalex.org/W2117151064,2042-4868,-
https://openalex.org/W2117250115,1022-9760,Q2
https://openalex.org/W2117266302,1477-9226,Q2
https://openalex.org/W2117359466,1424-8220,Q3
https://openalex.org/W2117391971,1061-9348,Q4
https://openalex.org/W2117412823,0011-9164,Q1
https://openalex.org/W2117441547,0142-2421,Q2
https://openalex.org/W2117473920,0021-9665,Q3
https://openalex.org/W2117662239,0169-4243,Q2
https://openalex.org/W2117718268,1388-6150,Q3
https://openalex.org/W2117747625,1615-9306,Q1
https://openalex.org/W2117785604,1063-7745,Q3
https://openalex.org/W2117849580,0146-4760,Q2
https://openalex.org/W2117960812,0163-4984,Q3
https://openalex.org/W2117961785,1572-6657,Q2
https://openalex.org/W2118045361,0021-9665,Q3
https://openalex.org/W2118083483,0021-8995,Q2
https://openalex.org/W2118107361,0737-3937,Q3
https://openalex.org/W2118155869,1388-6150,Q3
https://openalex.org/W2118190819,0032-3888,Q2
https://openalex.org/W2118209508,1388-2481,Q1
https://openalex.org/W2118259667,1359-7345,Q1
https://openalex.org/W2118286054,0269-3879,Q2
https://openalex.org/W2118428004,0146-4760,Q2
https://openalex.org/W2118497569,0947-6539,Q1
https://openalex.org/W2118524006,0256-1115,Q2
https://openalex.org/W2118526439,1043-1802,Q1
https://openalex.org/W2118598160,1473-0189,Q1
https://openalex.org/W2118603371,0003-021X,Q2
https://openalex.org/W2118632772,0223-5234,Q2
https://openalex.org/W2118708124,0256-1115,Q2
https://openalex.org/W2118784291,0925-4005,-
https://openalex.org/W2118831516,1433-7851,Q1
https://openalex.org/W2118896180,1420-3049,Q2
https://openalex.org/W2118921367,1099-0062,Q1
https://openalex.org/W2118925844,0002-7863,Q1
https://openalex.org/W2118936186,0236-5731,Q3
https://openalex.org/W2119019122,0022-2313,Q1
https://openalex.org/W2119173810,0021-9517,Q1
https://openalex.org/W2119277523,0219-6336,Q3
https://openalex.org/W2119357318,1523-7052,Q1
https://openalex.org/W2119515911,1388-6150,Q3
https://openalex.org/W2119558098,1757-6180,-
https://openalex.org/W2119619975,0021-8995,Q2
https://openalex.org/W2119620312,1523-7052,Q1
https://openalex.org/W2119653868,1747-0277,-
https://openalex.org/W2119715061,0016-2361,Q1
https://openalex.org/W2119891785,1567-5394,Q2
https://openalex.org/W2119895216,0236-5731,Q3
https://openalex.org/W2119899274,1424-8220,Q3
https://openalex.org/W2120031492,1082-6076,Q3
https://openalex.org/W2120067191,1424-8220,Q3
https://openalex.org/W2120148138,0169-4332,-
https://openalex.org/W2120158978,0972-060X,Q4
https://openalex.org/W2120167350,0103-5053,Q2
https://openalex.org/W2120190513,0169-4332,-
https://openalex.org/W2120199205,1089-5639,Q1
https://openalex.org/W2120218263,1091-6466,Q2
https://openalex.org/W2120227477,0947-6539,Q1
https://openalex.org/W2120232583,0272-8397,Q2
https://openalex.org/W2120320498,0377-0486,Q1
https://openalex.org/W2120322972,1744-683X,Q1
https://openalex.org/W2120324470,1388-2481,Q1
https://openalex.org/W2120342673,1598-5032,Q2
https://openalex.org/W2120380410,1438-7697,Q1
https://openalex.org/W2120380612,0098-6445,Q2
https://openalex.org/W2120411499,0947-8396,Q1
https://openalex.org/W2120466026,1463-9076,Q1
https://openalex.org/W2120537134,1473-0189,Q1
https://openalex.org/W2120537445,0951-4198,Q1
https://openalex.org/W2120609941,1359-7345,Q1
https://openalex.org/W2120633795,1040-0397,Q2
https://openalex.org/W2120662996,0009-2673,Q1
https://openalex.org/W2120677678,0378-7753,Q1
https://openalex.org/W2120683294,0030-770X,Q2
https://openalex.org/W2120700430,1066-3622,Q4
https://openalex.org/W2120706442,0021-9665,Q3
https://openalex.org/W2120745179,0003-2719,Q2
https://openalex.org/W2120789449,0947-8396,Q1
https://openalex.org/W2120845682,0018-019X,Q2
https://openalex.org/W2120862888,0024-9297,Q1
https://openalex.org/W2120916786,0378-7753,Q1
https://openalex.org/W2120979011,0308-8146,Q1
https://openalex.org/W2121002755,0308-8146,Q1
https://openalex.org/W2121013308,1673-3495,Q4
https://openalex.org/W2121049504,1388-6150,Q3
https://openalex.org/W2121055396,1615-9306,Q1
https://openalex.org/W2121180543,0039-7911,Q3
https://openalex.org/W2121275677,0223-5234,Q2
https://openalex.org/W2121310504,1535-3893,Q1
https://openalex.org/W2121317613,0959-8103,-
https://openalex.org/W2121319939,1542-1406,Q2
https://openalex.org/W2121360478,0020-7608,Q2
https://openalex.org/W2121405002,1099-0062,Q1
https://openalex.org/W2121608917,1424-8220,Q3
https://openalex.org/W2121657932,0223-5234,Q2
https://openalex.org/W2121672113,0951-4198,Q1
https://openalex.org/W2121708344,1615-9306,Q1
https://openalex.org/W2121736414,0020-1685,Q3
https://openalex.org/W2121740529,0272-8397,Q2
https://openalex.org/W2121754093,0169-4332,-
https://openalex.org/W2121835323,0267-8292,Q2
https://openalex.org/W2122058744,0011-9164,Q1
https://openalex.org/W2122081055,0021-955X,Q2
https://openalex.org/W2122174943,0256-1115,Q2
https://openalex.org/W2122216423,0018-019X,Q2
https://openalex.org/W2122220789,0263-6174,Q3
https://openalex.org/W2122292739,0049-8246,Q3
https://openalex.org/W2122364598,0951-4198,Q1
https://openalex.org/W2122409131,0167-2738,Q1
https://openalex.org/W2122490837,1523-7052,Q1
https://openalex.org/W2122562463,0021-9665,Q3
https://openalex.org/W2122580670,0032-3888,Q2
https://openalex.org/W2122674393,1615-4150,Q1
https://openalex.org/W2122709469,0378-7753,Q1
https://openalex.org/W2122727564,0731-7085,Q1
https://openalex.org/W2122798258,0039-7911,Q3
https://openalex.org/W2122812179,1296-2074,Q2
https://openalex.org/W2122816982,1752-153X,Q2
https://openalex.org/W2122933301,0193-2691,Q3
https://openalex.org/W2122980080,1022-1360,Q3
https://openalex.org/W2123031694,0272-8397,Q2
https://openalex.org/W2123045985,1424-8220,Q3
https://openalex.org/W2123061243,0146-4760,Q2
https://openalex.org/W2123070341,0021-8995,Q2
https://openalex.org/W2123088282,0021-9665,Q3
https://openalex.org/W2123096962,0256-1115,Q2
https://openalex.org/W2123097061,1388-6150,Q3
https://openalex.org/W2123101213,0040-4020,Q1
https://openalex.org/W2123161989,1752-153X,Q2
https://openalex.org/W2123208059,0003-2670,Q1
https://openalex.org/W2123250725,1477-0520,Q1
https://openalex.org/W2123290903,0743-7463,Q1
https://openalex.org/W2123347629,1420-3049,Q2
https://openalex.org/W2123462559,0013-4651,Q1
https://openalex.org/W2123531213,0169-4332,-
https://openalex.org/W2123632935,1028-6020,Q3
https://openalex.org/W2123639605,0377-0486,Q1
https://openalex.org/W2123732506,0910-6340,Q2
https://openalex.org/W2123790150,1350-4177,-
https://openalex.org/W2123842697,0256-1115,Q2
https://openalex.org/W2123901120,0021-8995,Q2
https://openalex.org/W2123916498,0195-928X,-
https://openalex.org/W2123922714,0930-7516,Q2
https://openalex.org/W2123968264,0021-8995,Q2
https://openalex.org/W2123987452,0193-2691,Q3
https://openalex.org/W2124071402,0930-7516,Q2
https://openalex.org/W2124427789,1386-1425,Q2
https://openalex.org/W2124512953,1551-7004,Q3
https://openalex.org/W2124566640,0022-2313,Q1
https://openalex.org/W2124582424,0236-5731,Q3
https://openalex.org/W2124690088,1752-153X,Q2
https://openalex.org/W2124691279,1530-6984,Q1
https://openalex.org/W2124703194,1862-5282,Q3
https://openalex.org/W2124796481,0011-9164,Q1
https://openalex.org/W2124881482,1615-9306,Q1
https://openalex.org/W2124932769,0021-8995,Q2
https://openalex.org/W2125002485,0308-8146,Q1
https://openalex.org/W2125067788,0036-0236,Q4
https://openalex.org/W2125084065,0308-8146,Q1
https://openalex.org/W2125134788,0010-938X,Q1
https://openalex.org/W2125187270,1296-2074,Q2
https://openalex.org/W2125203186,0954-0083,Q3
https://openalex.org/W2125217528,0968-0896,Q1
https://openalex.org/W2125368238,0376-7388,Q1
https://openalex.org/W2125376059,1432-8488,Q2
https://openalex.org/W2125399322,1422-0067,Q3
https://openalex.org/W2125406540,1788-618X,Q2
https://openalex.org/W2125456892,0009-4536,Q3
https://openalex.org/W2125537720,1439-4227,Q1
https://openalex.org/W2125575989,1535-3893,Q1
https://openalex.org/W2125600543,0378-7753,Q1
https://openalex.org/W2125612972,0363-9045,Q3
https://openalex.org/W2125673228,0021-8995,Q2
https://openalex.org/W2125716962,0020-1685,Q3
https://openalex.org/W2125835315,0144-8617,Q1
https://openalex.org/W2125848649,1438-7492,Q1
https://openalex.org/W2125871258,0947-6539,Q1
https://openalex.org/W2125873970,0272-8397,Q2
https://openalex.org/W2125911867,0882-5734,Q2
https://openalex.org/W2125929908,0011-9164,Q1
https://openalex.org/W2126017806,1028-6020,Q3
https://openalex.org/W2126039316,0021-8995,Q2
https://openalex.org/W2126155181,1070-3632,Q3
https://openalex.org/W2126226955,1296-2074,Q2
https://openalex.org/W2126269309,1478-6419,Q3
https://openalex.org/W2126313901,0308-8146,Q1
https://openalex.org/W2126383912,1089-5639,Q1
https://openalex.org/W2126454809,0363-9045,Q3
https://openalex.org/W2126541897,0731-7085,Q1
https://openalex.org/W2126547050,0021-8995,Q2
https://openalex.org/W2126576783,0003-2719,Q2
https://openalex.org/W2126603734,0920-5861,Q1
https://openalex.org/W2126868576,0021-8995,Q2
https://openalex.org/W2126897658,0011-9164,Q1
https://openalex.org/W2126921868,0031-9104,Q3
https://openalex.org/W2126929138,0009-5893,Q2
https://openalex.org/W2126942528,0036-0244,Q4
https://openalex.org/W2127134350,0021-8995,Q2
https://openalex.org/W2127154233,0954-0083,Q3
https://openalex.org/W2127169410,0930-7516,Q2
https://openalex.org/W2127184826,1060-1325,Q2
https://openalex.org/W2127195477,0039-9140,Q1
https://openalex.org/W2127206467,1618-2642,Q1
https://openalex.org/W2127354272,0925-4005,-
https://openalex.org/W2127419009,0045-6535,Q1
https://openalex.org/W2127454561,0021-8995,Q2
https://openalex.org/W2127455389,0236-5731,Q3
https://openalex.org/W2127464636,1424-8220,Q3
https://openalex.org/W2127468291,0887-624X,Q1
https://openalex.org/W2127483416,0021-8995,Q2
https://openalex.org/W2127586549,0887-6266,Q1
https://openalex.org/W2127646931,0021-8995,Q2
https://openalex.org/W2127725924,0169-4332,-
https://openalex.org/W2127803431,0009-5893,Q2
https://openalex.org/W2127808273,0022-2313,Q1
https://openalex.org/W2127873775,1424-8220,Q3
https://openalex.org/W2127883494,0021-9665,Q3
https://openalex.org/W2127884309,0378-7753,Q1
https://openalex.org/W2128041729,0036-0236,Q4
https://openalex.org/W2128073815,1478-6419,Q3
https://openalex.org/W2128074664,1735-207X,Q2
https://openalex.org/W2128091559,0253-2964,Q3
https://openalex.org/W2128096742,0951-4198,Q1
https://openalex.org/W2128147865,1477-0520,Q1
https://openalex.org/W2128166211,1615-9306,Q1
https://openalex.org/W2128172339,1061-9348,Q4
https://openalex.org/W2128268633,1066-5285,Q3
https://openalex.org/W2128340498,1433-7851,Q1
https://openalex.org/W2128348919,0959-9428,Q1
https://openalex.org/W2128366968,1424-8220,Q3
https://openalex.org/W2128372433,0011-9164,Q1
https://openalex.org/W2128388674,1613-6810,-
https://openalex.org/W2128445887,0749-1581,Q2
https://openalex.org/W2128469512,0921-9668,Q1
https://openalex.org/W2128484690,0169-4243,Q2
https://openalex.org/W2128532029,0003-2654,Q1
https://openalex.org/W2128547443,1043-1802,Q1
https://openalex.org/W2128664729,0951-4198,Q1
https://openalex.org/W2128730018,0959-9428,Q1
https://openalex.org/W2128757406,0021-8995,Q2
https://openalex.org/W2128780867,1359-7345,Q1
https://openalex.org/W2128841722,0916-8451,Q3
https://openalex.org/W2128841942,1110-662X,Q2
https://openalex.org/W2128844393,1477-0520,Q1
https://openalex.org/W2128845626,0933-4173,Q3
https://openalex.org/W2128906559,1523-7052,Q1
https://openalex.org/W2128931611,0376-7388,Q1
https://openalex.org/W2128960912,0887-6266,Q1
https://openalex.org/W2128970414,0361-5219,Q4
https://openalex.org/W2129032292,0951-4198,Q1
https://openalex.org/W2129127650,0960-894X,Q1
https://openalex.org/W2129253122,1350-4177,-
https://openalex.org/W2129289596,1477-0520,Q1
https://openalex.org/W2129316675,1424-8220,Q3
https://openalex.org/W2129329967,1388-6150,Q3
https://openalex.org/W2129365294,0009-3122,Q4
https://openalex.org/W2129379931,0146-4760,Q2
https://openalex.org/W2129393402,0306-7319,Q2
https://openalex.org/W2129396495,0022-3263,Q1
https://openalex.org/W2129418996,0021-8995,Q2
https://openalex.org/W2129502329,0930-7516,Q2
https://openalex.org/W2129525446,0016-2361,Q1
https://openalex.org/W2129558672,0888-5885,Q1
https://openalex.org/W2129565370,1478-422X,Q2
https://openalex.org/W2129581130,2090-9071,-
https://openalex.org/W2129609646,0173-0835,Q1
https://openalex.org/W2129615366,0959-9436,Q2
https://openalex.org/W2129634697,1385-8947,Q1
https://openalex.org/W2129665813,0021-8995,Q2
https://openalex.org/W2129678150,1433-7851,Q1
https://openalex.org/W2129728283,0146-4760,Q2
https://openalex.org/W2129742023,0954-0083,Q3
https://openalex.org/W2129748895,0039-7911,Q3
https://openalex.org/W2129804839,0947-6539,Q1
https://openalex.org/W2129992038,1615-9306,Q1
https://openalex.org/W2130021735,0363-9045,Q3
https://openalex.org/W2130206296,0223-5234,Q2
https://openalex.org/W2130237509,0039-128X,Q2
https://openalex.org/W2130318647,0021-8561,Q1
https://openalex.org/W2130505389,0916-8451,Q3
https://openalex.org/W2130521431,0352-5139,Q3
https://openalex.org/W2130532675,1439-4235,Q1
https://openalex.org/W2130627178,0362-4803,Q3
https://openalex.org/W2130679383,0930-7516,Q2
https://openalex.org/W2130693608,0032-3888,Q2
https://openalex.org/W2130945285,0308-8146,Q1
https://openalex.org/W2130974392,1424-8220,Q3
https://openalex.org/W2130984251,0933-4173,Q3
https://openalex.org/W2131001446,0039-7911,Q3
https://openalex.org/W2131063689,0269-3879,Q2
https://openalex.org/W2131137005,0021-8995,Q2
https://openalex.org/W2131176667,0002-7863,Q1
https://openalex.org/W2131200774,0024-9297,Q1
https://openalex.org/W2131219792,0951-4198,Q1
https://openalex.org/W2131295169,0352-5139,Q3
https://openalex.org/W2131333325,1099-0062,Q1
https://openalex.org/W2131348166,1082-6076,Q3
https://openalex.org/W2131479811,0257-8972,Q1
https://openalex.org/W2131513580,0011-9164,Q1
https://openalex.org/W2131539389,0009-5893,Q2
https://openalex.org/W2131653413,1522-7235,Q2
https://openalex.org/W2131699473,1735-207X,Q2
https://openalex.org/W2131700549,0021-8995,Q2
https://openalex.org/W2131735411,0256-1115,Q2
https://openalex.org/W2131749457,0020-7608,Q2
https://openalex.org/W2131753664,0223-5234,Q2
https://openalex.org/W2131768857,1420-3049,Q2
https://openalex.org/W2131840754,0324-5853,-
https://openalex.org/W2131914055,0008-6215,Q2
https://openalex.org/W2132003130,0026-265X,Q2
https://openalex.org/W2132018641,0009-4536,Q3
https://openalex.org/W2132047401,0009-2673,Q1
https://openalex.org/W2132108387,0958-0344,Q2
https://openalex.org/W2132215768,0013-4651,Q1
https://openalex.org/W2132311448,0959-9436,Q2
https://openalex.org/W2132321922,0959-9428,Q1
https://openalex.org/W2132338662,1433-7851,Q1
https://openalex.org/W2132349189,0724-8741,Q1
https://openalex.org/W2132521964,0021-9665,Q3
https://openalex.org/W2132528492,1022-1360,Q3
https://openalex.org/W2132552826,0169-4332,-
https://openalex.org/W2132654242,0882-5734,Q2
https://openalex.org/W2132740006,1932-7447,Q1
https://openalex.org/W2132799416,0142-9418,Q2
https://openalex.org/W2132812597,0033-4545,Q1
https://openalex.org/W2132816666,1040-0397,Q2
https://openalex.org/W2132823804,1618-2642,Q1
https://openalex.org/W2132830896,0026-8976,Q2
https://openalex.org/W2132853648,0933-4173,Q3
https://openalex.org/W2132958658,1099-0062,Q1
https://openalex.org/W2132994781,0039-9140,Q1
https://openalex.org/W2133157858,1424-8220,Q3
https://openalex.org/W2133176591,0951-4198,Q1
https://openalex.org/W2133237586,0039-9140,Q1
https://openalex.org/W2133350772,0016-2361,Q1
https://openalex.org/W2133427987,1066-5285,Q3
https://openalex.org/W2133589116,0929-8673,-
https://openalex.org/W2133595055,0020-7608,Q2
https://openalex.org/W2133649993,0030-4018,Q2
https://openalex.org/W2133653019,0959-9428,Q1
https://openalex.org/W2133673306,0269-3879,Q2
https://openalex.org/W2133675463,0145-8892,Q2
https://openalex.org/W2133706520,1144-0546,Q1
https://openalex.org/W2133824763,0021-8995,Q2
https://openalex.org/W2133853664,0049-8246,Q3
https://openalex.org/W2133891648,0378-7753,Q1
https://openalex.org/W2133892890,0021-8561,Q1
https://openalex.org/W2133940458,0146-4760,Q2
https://openalex.org/W2134014312,1570-0232,Q1
https://openalex.org/W2134056303,1424-8220,Q3
https://openalex.org/W2134097851,0263-6174,Q3
https://openalex.org/W2134101608,0009-3122,Q4
https://openalex.org/W2134158947,0021-8995,Q2
https://openalex.org/W2134182075,1618-2642,Q1
https://openalex.org/W2134308089,0958-0344,Q2
https://openalex.org/W2134423897,0009-4536,Q3
https://openalex.org/W2134450203,0929-8673,-
https://openalex.org/W2134460127,0173-0835,Q1
https://openalex.org/W2134498406,0925-4005,-
https://openalex.org/W2134507684,1615-9306,Q1
https://openalex.org/W2134571598,0021-891X,Q2
https://openalex.org/W2134616518,0169-4332,-
https://openalex.org/W2134688843,0223-5234,Q2
https://openalex.org/W2134734961,0368-2048,Q2
https://openalex.org/W2134829312,1735-207X,Q2
https://openalex.org/W2134967712,0192-8651,Q1
https://openalex.org/W2135014453,0259-9791,Q2
https://openalex.org/W2135016232,0308-8146,Q1
https://openalex.org/W2135018133,1433-7851,Q1
https://openalex.org/W2135037665,0267-8292,Q2
https://openalex.org/W2135179050,0253-2964,Q3
https://openalex.org/W2135180791,0022-2313,Q1
https://openalex.org/W2135236653,1551-7004,Q3
https://openalex.org/W2135268154,0914-9244,Q3
https://openalex.org/W2135282390,1477-9226,Q2
https://openalex.org/W2135291480,0957-4166,Q1
https://openalex.org/W2135350404,0267-8292,Q2
https://openalex.org/W2135389000,0366-7022,Q2
https://openalex.org/W2135500540,1523-7052,Q1
https://openalex.org/W2135521355,0103-5053,Q2
https://openalex.org/W2135561797,0897-4756,Q1
https://openalex.org/W2135568322,2070-2051,Q4
https://openalex.org/W2135649935,1385-8947,Q1
https://openalex.org/W2135655736,0021-8995,Q2
https://openalex.org/W2135714764,1433-7851,Q1
https://openalex.org/W2135764041,0146-4760,Q2
https://openalex.org/W2135808028,0045-6535,Q1
https://openalex.org/W2135867699,0009-5893,Q2
https://openalex.org/W2136142875,1388-6150,Q3
https://openalex.org/W2136166764,0039-7911,Q3
https://openalex.org/W2136178942,2090-9071,-
https://openalex.org/W2136333347,1028-6020,Q3
https://openalex.org/W2136394153,0039-7911,Q3
https://openalex.org/W2136403058,0256-1115,Q2
https://openalex.org/W2136574626,1613-6810,-
https://openalex.org/W2136621012,0378-7753,Q1
https://openalex.org/W2136648665,0033-4545,Q1
https://openalex.org/W2136652449,0731-7085,Q1
https://openalex.org/W2136676328,1296-2074,Q2
https://openalex.org/W2136676831,0538-8066,Q2
https://openalex.org/W2136695252,0021-9665,Q3
https://openalex.org/W2136715368,0253-6269,Q3
https://openalex.org/W2136725438,1422-0067,Q3
https://openalex.org/W2136736468,0223-5234,Q2
https://openalex.org/W2136756186,0144-8617,Q1
https://openalex.org/W2136800101,1388-6150,Q3
https://openalex.org/W2136924149,0957-4484,Q1
https://openalex.org/W2136937963,0039-9140,Q1
https://openalex.org/W2137001225,1434-1948,Q1
https://openalex.org/W2137035067,0021-9673,Q1
https://openalex.org/W2137061183,1615-9306,Q1
https://openalex.org/W2137096915,0142-2421,Q2
https://openalex.org/W2137120479,0032-3888,Q2
https://openalex.org/W2137225046,0011-9164,Q1
https://openalex.org/W2137230152,1001-604X,Q3
https://openalex.org/W2137267437,0272-8397,Q2
https://openalex.org/W2137300665,1434-1948,Q1
https://openalex.org/W2137318736,0256-1115,Q2
https://openalex.org/W2137343831,0165-9936,Q1
https://openalex.org/W2137449622,2042-4868,-
https://openalex.org/W2137500529,0257-8972,Q1
https://openalex.org/W2137501547,1478-6419,Q3
https://openalex.org/W2137576540,0883-7694,Q1
https://openalex.org/W2137579057,0033-4545,Q1
https://openalex.org/W2137647871,0939-4451,Q2
https://openalex.org/W2137669339,0269-3879,Q2
https://openalex.org/W2137711110,1383-5866,Q1
https://openalex.org/W2137713861,0011-9164,Q1
https://openalex.org/W2137805910,0021-8995,Q2
https://openalex.org/W2137962725,0009-2363,Q2
https://openalex.org/W2138009326,0021-8995,Q2
https://openalex.org/W2138010191,0103-5053,Q2
https://openalex.org/W2138063004,1420-3049,Q2
https://openalex.org/W2138071249,0010-8545,Q1
https://openalex.org/W2138096624,0933-4173,Q3
https://openalex.org/W2138098177,0049-8246,Q3
https://openalex.org/W2138105025,0021-8995,Q2
https://openalex.org/W2138115834,0300-9440,Q2
https://openalex.org/W2138288851,0721-3115,Q2
https://openalex.org/W2138291798,1433-7851,Q1
https://openalex.org/W2138324460,0146-4760,Q2
https://openalex.org/W2138333673,0021-8995,Q2
https://openalex.org/W2138341433,0011-9164,Q1
https://openalex.org/W2138352047,0363-9045,Q3
https://openalex.org/W2138373244,1862-5282,Q3
https://openalex.org/W2138378055,0362-4803,Q3
https://openalex.org/W2138395390,0887-624X,Q1
https://openalex.org/W2138423898,1099-0062,Q1
https://openalex.org/W2138462834,0887-624X,Q1
https://openalex.org/W2138512909,1070-3632,Q3
https://openalex.org/W2138556983,1109-4028,Q3
https://openalex.org/W2138564266,0256-1115,Q2
https://openalex.org/W2138594426,1296-2074,Q2
https://openalex.org/W2138694289,0959-9428,Q1
https://openalex.org/W2138722216,0039-9140,Q1
https://openalex.org/W2138793665,0002-7863,Q1
https://openalex.org/W2138800337,1615-9306,Q1
https://openalex.org/W2138834129,0021-8995,Q2
https://openalex.org/W2138940905,0021-8995,Q2
https://openalex.org/W2138951655,0379-7112,Q1
https://openalex.org/W2138981960,0011-9164,Q1
https://openalex.org/W2139003008,0925-9635,Q1
https://openalex.org/W2139062886,0267-9477,Q1
https://openalex.org/W2139084346,0916-8451,Q3
https://openalex.org/W2139095036,1477-9226,Q2
https://openalex.org/W2139133820,0947-6539,Q1
https://openalex.org/W2139167120,1433-7851,Q1
https://openalex.org/W2139188114,0103-5053,Q2
https://openalex.org/W2139287008,0306-0012,Q1
https://openalex.org/W2139314335,0021-8561,Q1
https://openalex.org/W2139335611,1296-2074,Q2
https://openalex.org/W2139340213,1876-1070,Q2
https://openalex.org/W2139379034,0031-8655,Q2
https://openalex.org/W2139431468,0352-5139,Q3
https://openalex.org/W2139448605,1615-9306,Q1
https://openalex.org/W2139486965,0021-8995,Q2
https://openalex.org/W2139523156,0169-4332,-
https://openalex.org/W2139603738,1359-7345,Q1
https://openalex.org/W2139622842,0144-8617,Q1
https://openalex.org/W2139652553,0016-2361,Q1
https://openalex.org/W2139672854,0008-6223,Q1
https://openalex.org/W2139692614,0013-4651,Q1
https://openalex.org/W2139699043,0100-4042,Q3
https://openalex.org/W2139719313,0009-2363,Q2
https://openalex.org/W2139799688,1002-0721,Q3
https://openalex.org/W2139827799,0021-8995,Q2
https://openalex.org/W2139835363,1735-207X,Q2
https://openalex.org/W2139847986,1296-2074,Q2
https://openalex.org/W2139899518,0022-2348,Q2
https://openalex.org/W2139908340,0009-4536,Q3
https://openalex.org/W2140118279,0894-3230,Q2
https://openalex.org/W2140136732,0960-894X,Q1
https://openalex.org/W2140162098,0009-4536,Q3
https://openalex.org/W2140269213,0308-8146,Q1
https://openalex.org/W2140310514,0362-4803,Q3
https://openalex.org/W2140413451,1932-7447,Q1
https://openalex.org/W2140464435,0013-936X,Q1
https://openalex.org/W2140467282,0020-7608,Q2
https://openalex.org/W2140490850,0021-8995,Q2
https://openalex.org/W2140507237,1420-3049,Q2
https://openalex.org/W2140523796,0306-0012,Q1
https://openalex.org/W2140563945,0269-3879,Q2
https://openalex.org/W2140587878,0009-5893,Q2
https://openalex.org/W2140595074,0146-4760,Q2
https://openalex.org/W2140665085,0169-4332,-
https://openalex.org/W2140816462,0040-4020,Q1
https://openalex.org/W2140856224,0951-4198,Q1
https://openalex.org/W2140957719,0021-8995,Q2
https://openalex.org/W2140973403,1862-5282,Q3
https://openalex.org/W2140989048,0947-8396,Q1
https://openalex.org/W2140997642,0021-9665,Q3
https://openalex.org/W2141043951,0223-5234,Q2
https://openalex.org/W2141144780,0002-7863,Q1
https://openalex.org/W2141175055,0039-9140,Q1
https://openalex.org/W2141214681,1752-153X,Q2
https://openalex.org/W2141321197,0165-2370,Q1
https://openalex.org/W2141373497,0095-8972,Q3
https://openalex.org/W2141417505,0269-3879,Q2
https://openalex.org/W2141421197,0040-4039,Q1
https://openalex.org/W2141486032,0308-8146,Q1
https://openalex.org/W2141488398,0021-9665,Q3
https://openalex.org/W2141561628,0721-3115,Q2
https://openalex.org/W2141587777,0091-4037,Q3
https://openalex.org/W2141590932,0033-4545,Q1
https://openalex.org/W2141591219,1433-7851,Q1
https://openalex.org/W2141618275,0021-9665,Q3
https://openalex.org/W2141620998,0169-4332,-
https://openalex.org/W2141682992,0021-8995,Q2
https://openalex.org/W2141689719,0930-7516,Q2
https://openalex.org/W2141820552,0951-4198,Q1
https://openalex.org/W2141835081,2070-2051,Q4
https://openalex.org/W2141872751,1076-5174,Q1
https://openalex.org/W2142034487,0040-4039,Q1
https://openalex.org/W2142036022,0308-8146,Q1
https://openalex.org/W2142103108,1615-9306,Q1
https://openalex.org/W2142125813,1420-3049,Q2
https://openalex.org/W2142138065,1615-9306,Q1
https://openalex.org/W2142141917,0947-8396,Q1
https://openalex.org/W2142162133,0009-4536,Q3
https://openalex.org/W2142346336,1438-7697,Q1
https://openalex.org/W2142356377,0008-6223,Q1
https://openalex.org/W2142357462,0036-021X,Q2
https://openalex.org/W2142370040,0959-8103,-
https://openalex.org/W2142376803,0887-624X,Q1
https://openalex.org/W2142377039,0958-0344,Q2
https://openalex.org/W2142478205,1028-6020,Q3
https://openalex.org/W2142540969,0378-7753,Q1
https://openalex.org/W2142541344,1570-0232,Q1
https://openalex.org/W2142610762,0021-8995,Q2
https://openalex.org/W2142659066,0377-0486,Q1
https://openalex.org/W2142666601,0021-8995,Q2
https://openalex.org/W2142668692,0022-0248,Q1
https://openalex.org/W2142811014,0021-8995,Q2
https://openalex.org/W2142814214,0146-4760,Q2
https://openalex.org/W2142817280,1348-6535,Q2
https://openalex.org/W2142842951,0021-8995,Q2
https://openalex.org/W2142849118,1388-2481,Q1
https://openalex.org/W2142886977,1041-2905,Q2
https://openalex.org/W2143007673,0032-3888,Q2
https://openalex.org/W2143057519,0887-624X,Q1
https://openalex.org/W2143207899,1083-5601,Q3
https://openalex.org/W2143229540,1099-0062,Q1
https://openalex.org/W2143326272,0011-9164,Q1
https://openalex.org/W2143362959,0022-2860,Q3
https://openalex.org/W2143368106,0193-2691,Q3
https://openalex.org/W2143459012,0146-4760,Q2
https://openalex.org/W2143551612,0021-8995,Q2
https://openalex.org/W2143667260,1615-9306,Q1
https://openalex.org/W2143686802,0146-4760,Q2
https://openalex.org/W2143698297,0003-2719,Q2
https://openalex.org/W2143765468,0377-0486,Q1
https://openalex.org/W2143783041,0308-8146,Q1
https://openalex.org/W2143894608,0376-7388,Q1
https://openalex.org/W2143915418,0892-6875,Q1
https://openalex.org/W2143923493,0272-8397,Q2
https://openalex.org/W2144000512,0146-4760,Q2
https://openalex.org/W2144002083,1472-3581,Q1
https://openalex.org/W2144131175,1099-0062,Q1
https://openalex.org/W2144237291,0142-2421,Q2
https://openalex.org/W2144248157,0958-0344,Q2
https://openalex.org/W2144328754,1083-5601,Q3
https://openalex.org/W2144439872,1387-7003,Q2
https://openalex.org/W2144466990,0001-4842,Q1
https://openalex.org/W2144487724,1433-7851,Q1
https://openalex.org/W2144558675,1386-1425,Q2
https://openalex.org/W2144572012,0009-4536,Q3
https://openalex.org/W2144600943,0022-3263,Q1
https://openalex.org/W2144659120,1424-8220,Q3
https://openalex.org/W2144682402,1615-9306,Q1
https://openalex.org/W2144757389,1424-8220,Q3
https://openalex.org/W2144791839,0737-3937,Q3
https://openalex.org/W2144852191,0021-8995,Q2
https://openalex.org/W2144884806,0039-9140,Q1
https://openalex.org/W2144928230,1424-8220,Q3
https://openalex.org/W2144931088,0095-9782,Q2
https://openalex.org/W2144939743,0947-8396,Q1
https://openalex.org/W2144953131,1088-4246,Q2
https://openalex.org/W2144980515,1522-7235,Q2
https://openalex.org/W2145005840,1385-8947,Q1
https://openalex.org/W2145074624,0011-9164,Q1
https://openalex.org/W2145094747,0021-9665,Q3
https://openalex.org/W2145154781,1552-5031,Q3
https://openalex.org/W2145160174,0308-8146,Q1
https://openalex.org/W2145171261,0304-3843,Q4
https://openalex.org/W2145191626,0016-2361,Q1
https://openalex.org/W2145195441,0103-5053,Q2
https://openalex.org/W2145255383,0030-4018,Q2
https://openalex.org/W2145260566,0095-8972,Q3
https://openalex.org/W2145316360,0951-4198,Q1
https://openalex.org/W2145401145,0193-2691,Q3
https://openalex.org/W2145445828,1476-1122,Q1
https://openalex.org/W2145524778,0021-8995,Q2
https://openalex.org/W2145574369,0008-6215,Q2
https://openalex.org/W2145654541,0009-5893,Q2
https://openalex.org/W2145715826,0022-3263,Q1
https://openalex.org/W2145819284,1040-0400,Q3
https://openalex.org/W2145855823,1144-0546,Q1
https://openalex.org/W2145877531,1099-0062,Q1
https://openalex.org/W2145884148,0256-1115,Q2
https://openalex.org/W2146032393,1359-7345,Q1
https://openalex.org/W2146080182,0039-7911,Q3
https://openalex.org/W2146081833,0036-0244,Q4
https://openalex.org/W2146115234,1860-5397,Q3
https://openalex.org/W2146128992,0951-4198,Q1
https://openalex.org/W2146223493,0173-0835,Q1
https://openalex.org/W2146236590,0008-6223,Q1
https://openalex.org/W2146262277,0039-7911,Q3
https://openalex.org/W2146388436,0267-9477,Q1
https://openalex.org/W2146459344,0021-8995,Q2
https://openalex.org/W2146513751,0009-4536,Q3
https://openalex.org/W2146535750,1388-6150,Q3
https://openalex.org/W2146555292,0142-2421,Q2
https://openalex.org/W2146572107,1752-153X,Q2
https://openalex.org/W2146601273,1463-9076,Q1
https://openalex.org/W2146673609,1433-7851,Q1
https://openalex.org/W2146758925,0960-894X,Q1
https://openalex.org/W2146803501,0039-9140,Q1
https://openalex.org/W2146845380,1615-9306,Q1
https://openalex.org/W2146885498,0256-1115,Q2
https://openalex.org/W2147009020,1420-3049,Q2
https://openalex.org/W2147067464,1433-7851,Q1
https://openalex.org/W2147145162,0039-7911,Q3
https://openalex.org/W2147211170,1615-9306,Q1
https://openalex.org/W2147236718,0039-7911,Q3
https://openalex.org/W2147251263,0021-8995,Q2
https://openalex.org/W2147259676,1424-8220,Q3
https://openalex.org/W2147297128,0173-0835,Q1
https://openalex.org/W2147377179,1099-0062,Q1
https://openalex.org/W2147379928,1420-3049,Q2
https://openalex.org/W2147408243,0146-4760,Q2
https://openalex.org/W2147423191,0021-8995,Q2
https://openalex.org/W2147443395,0379-7112,Q1
https://openalex.org/W2147491720,0223-5234,Q2
https://openalex.org/W2147557378,0925-4005,-
https://openalex.org/W2147563801,0308-8146,Q1
https://openalex.org/W2147582673,1759-9660,-
https://openalex.org/W2147597823,0011-9164,Q1
https://openalex.org/W2147642791,1433-7851,Q1
https://openalex.org/W2147753681,0256-1115,Q2
https://openalex.org/W2147838146,0145-8892,Q2
https://openalex.org/W2147844184,1615-9306,Q1
https://openalex.org/W2147884060,1433-7851,Q1
https://openalex.org/W2147908043,1359-7345,Q1
https://openalex.org/W2147957831,0939-4451,Q2
https://openalex.org/W2147977232,1615-4150,Q1
https://openalex.org/W2148124477,0743-7463,Q1
https://openalex.org/W2148180941,1082-6076,Q3
https://openalex.org/W2148274642,0021-9665,Q3
https://openalex.org/W2148364667,0951-4198,Q1
https://openalex.org/W2148418591,0269-3879,Q2
https://openalex.org/W2148445311,0040-4039,Q1
https://openalex.org/W2148519852,0193-2691,Q3
https://openalex.org/W2148557420,0236-5731,Q3
https://openalex.org/W2148585366,0149-6395,Q2
https://openalex.org/W2148590313,0721-3115,Q2
https://openalex.org/W2148669551,1473-0189,Q1
https://openalex.org/W2148673364,0272-8397,Q2
https://openalex.org/W2148683918,1438-7492,Q1
https://openalex.org/W2148685458,1075-2617,Q2
https://openalex.org/W2148699701,0032-3888,Q2
https://openalex.org/W2148779284,0960-894X,Q1
https://openalex.org/W2148794107,0951-4198,Q1
https://openalex.org/W2148859664,0267-9477,Q1
https://openalex.org/W2148893184,0103-5053,Q2
https://openalex.org/W2148905569,0103-5053,Q2
https://openalex.org/W2148917654,1944-0057,Q1
https://openalex.org/W2148989555,1089-5639,Q1
https://openalex.org/W2149008455,0968-0896,Q1
https://openalex.org/W2149215422,0009-2363,Q2
https://openalex.org/W2149223141,0268-2575,Q2
https://openalex.org/W2149308759,1422-0067,Q3
https://openalex.org/W2149314749,0960-894X,Q1
https://openalex.org/W2149350700,1433-7851,Q1
https://openalex.org/W2149504985,0049-8246,Q3
https://openalex.org/W2149534524,1176-9114,Q2
https://openalex.org/W2149597507,0378-7753,Q1
https://openalex.org/W2149693110,0256-1115,Q2
https://openalex.org/W2149846977,0930-7516,Q2
https://openalex.org/W2149961767,0925-9635,Q1
https://openalex.org/W2149984991,0167-2738,Q1
https://openalex.org/W2150036758,0363-9045,Q3
https://openalex.org/W2150038717,1598-5032,Q2
https://openalex.org/W2150042688,1359-7345,Q1
https://openalex.org/W2150317215,1359-7345,Q1
https://openalex.org/W2150497821,0959-9428,Q1
https://openalex.org/W2150535457,0947-6539,Q1
https://openalex.org/W2150627995,0030-770X,Q2
https://openalex.org/W2150686101,1942-7603,-
https://openalex.org/W2150702087,0256-1115,Q2
https://openalex.org/W2150744866,1424-8220,Q3
https://openalex.org/W2150812331,0036-0236,Q4
https://openalex.org/W2150817054,1388-6150,Q3
https://openalex.org/W2150850819,0003-2719,Q2
https://openalex.org/W2150933523,0021-8995,Q2
https://openalex.org/W2150954456,0269-3879,Q2
https://openalex.org/W2150990654,1300-0527,Q2
https://openalex.org/W2151145699,0004-9425,Q1
https://openalex.org/W2151165730,0021-8995,Q2
https://openalex.org/W2151181593,0368-2048,Q2
https://openalex.org/W2151208400,0006-3525,Q1
https://openalex.org/W2151286937,1867-3880,-
https://openalex.org/W2151330911,1028-6020,Q3
https://openalex.org/W2151367675,0011-9164,Q1
https://openalex.org/W2151407919,0021-9673,Q1
https://openalex.org/W2151421241,1478-6419,Q3
https://openalex.org/W2151538866,0021-9665,Q3
https://openalex.org/W2151567203,0267-9477,Q1
https://openalex.org/W2151585742,0306-0012,Q1
https://openalex.org/W2151599528,1530-6984,Q1
https://openalex.org/W2151763997,0933-4173,Q3
https://openalex.org/W2151867140,1066-5285,Q3
https://openalex.org/W2151885807,1942-7603,-
https://openalex.org/W2151943580,0003-2700,Q1
https://openalex.org/W2151950366,0031-8655,Q2
https://openalex.org/W2151969378,0040-4039,Q1
https://openalex.org/W2152133244,1735-207X,Q2
https://openalex.org/W2152139726,0223-5234,Q2
https://openalex.org/W2152168530,1388-6150,Q3
https://openalex.org/W2152241705,0306-0012,Q1
https://openalex.org/W2152263463,0021-8995,Q2
https://openalex.org/W2152315411,0269-3879,Q2
https://openalex.org/W2152414567,1340-3443,-
https://openalex.org/W2152571443,1474-905X,Q2
https://openalex.org/W2152610199,0925-4005,-
https://openalex.org/W2152623763,0959-8103,-
https://openalex.org/W2152707360,0378-3812,Q1
https://openalex.org/W2152749608,0039-9140,Q1
https://openalex.org/W2152757915,1385-8947,Q1
https://openalex.org/W2152771944,0173-0835,Q1
https://openalex.org/W2152921239,0145-8892,Q2
https://openalex.org/W2152956366,1433-7851,Q1
https://openalex.org/W2152960747,0169-4332,-
https://openalex.org/W2153025795,0236-5731,Q3
https://openalex.org/W2153087939,1615-9306,Q1
https://openalex.org/W2153137843,0032-3888,Q2
https://openalex.org/W2153207098,1001-0521,Q3
https://openalex.org/W2153271591,1420-3049,Q2
https://openalex.org/W2153310297,0920-5861,Q1
https://openalex.org/W2153349315,0167-2738,Q1
https://openalex.org/W2153382819,0165-2370,Q1
https://openalex.org/W2153394721,0363-9045,Q3
https://openalex.org/W2153466195,0021-8995,Q2
https://openalex.org/W2153518403,0003-2654,Q1
https://openalex.org/W2153539298,1433-7851,Q1
https://openalex.org/W2153693853,0002-7863,Q1
https://openalex.org/W2153763481,1612-1872,Q2
https://openalex.org/W2153782748,1359-7345,Q1
https://openalex.org/W2153817263,0021-8995,Q2
https://openalex.org/W2153825217,1070-4272,Q4
https://openalex.org/W2153840635,0743-7463,Q1
https://openalex.org/W2153883085,1099-0062,Q1
https://openalex.org/W2153890327,0256-1115,Q2
https://openalex.org/W2153932367,1359-7345,Q1
https://openalex.org/W2153942891,0039-7911,Q3
https://openalex.org/W2153994309,0352-5139,Q3
https://openalex.org/W2154005709,0308-8146,Q1
https://openalex.org/W2154030418,0146-4760,Q2
https://openalex.org/W2154033577,0021-8995,Q2
https://openalex.org/W2154073210,1422-0067,Q3
https://openalex.org/W2154093511,1350-4177,-
https://openalex.org/W2154229438,1860-5397,Q3
https://openalex.org/W2154243287,0142-2421,Q2
https://openalex.org/W2154270263,1359-6640,Q1
https://openalex.org/W2154356873,0002-7863,Q1
https://openalex.org/W2154427631,1735-207X,Q2
https://openalex.org/W2154439756,0257-8972,Q1
https://openalex.org/W2154513850,0947-8396,Q1
https://openalex.org/W2154528118,0021-8995,Q2
https://openalex.org/W2154630810,1296-2074,Q2
https://openalex.org/W2154672138,1359-7345,Q1
https://openalex.org/W2154749436,0173-0835,Q1
https://openalex.org/W2154758676,0721-3115,Q2
https://openalex.org/W2154827929,0022-2313,Q1
https://openalex.org/W2154833048,0021-8995,Q2
https://openalex.org/W2154840420,0033-4545,Q1
https://openalex.org/W2154890196,0737-3937,Q3
https://openalex.org/W2155003982,1099-0062,Q1
https://openalex.org/W2155035564,1350-4177,-
https://openalex.org/W2155055024,0021-8995,Q2
https://openalex.org/W2155137371,0022-3263,Q1
https://openalex.org/W2155297838,0022-152X,Q3
https://openalex.org/W2155340892,0925-4005,-
https://openalex.org/W2155365981,0308-8146,Q1
https://openalex.org/W2155370318,0267-9477,Q1
https://openalex.org/W2155452169,1438-7697,Q1
https://openalex.org/W2155550279,1001-604X,Q3
https://openalex.org/W2155607894,1296-2074,Q2
https://openalex.org/W2155619625,0232-1300,Q2
https://openalex.org/W2155636592,1613-6810,-
https://openalex.org/W2155760327,0958-0344,Q2
https://openalex.org/W2155891888,0021-8995,Q2
https://openalex.org/W2155928924,1448-2517,Q1
https://openalex.org/W2155964367,0959-9428,Q1
https://openalex.org/W2155967347,0721-3115,Q2
https://openalex.org/W2156027975,0959-8103,-
https://openalex.org/W2156041177,0948-5023,Q2
https://openalex.org/W2156055908,0009-5893,Q2
https://openalex.org/W2156084212,0021-9517,Q1
https://openalex.org/W2156093630,0257-8972,Q1
https://openalex.org/W2156124852,1424-8220,Q3
https://openalex.org/W2156207307,0022-3697,Q2
https://openalex.org/W2156291813,1042-7163,Q2
https://openalex.org/W2156323479,1615-4150,Q1
https://openalex.org/W2156326259,1359-7345,Q1
https://openalex.org/W2156332277,0256-1115,Q2
https://openalex.org/W2156334108,0376-7388,Q1
https://openalex.org/W2156459256,1022-1360,Q3
https://openalex.org/W2156580010,1424-8220,Q3
https://openalex.org/W2156606348,0377-0486,Q1
https://openalex.org/W2156755212,1359-7345,Q1
https://openalex.org/W2156772581,1042-3915,Q2
https://openalex.org/W2157028773,0013-4651,Q1
https://openalex.org/W2157105221,0947-8396,Q1
https://openalex.org/W2157139489,1735-207X,Q2
https://openalex.org/W2157402368,0003-2670,Q1
https://openalex.org/W2157457347,1433-7851,Q1
https://openalex.org/W2157504036,1752-8933,Q4
https://openalex.org/W2157509073,1942-7603,-
https://openalex.org/W2157629091,0959-9436,Q2
https://openalex.org/W2157634344,1076-5174,Q1
https://openalex.org/W2157679435,0170-0839,Q2
https://openalex.org/W2157735183,0269-3879,Q2
https://openalex.org/W2157762040,1862-5282,Q3
https://openalex.org/W2157887681,0103-5053,Q2
https://openalex.org/W2157904592,1422-0067,Q3
https://openalex.org/W2157940143,0958-0344,Q2
https://openalex.org/W2157986901,1598-5032,Q2
https://openalex.org/W2157994510,1735-207X,Q2
https://openalex.org/W2158002614,0021-8995,Q2
https://openalex.org/W2158091882,0947-6539,Q1
https://openalex.org/W2158117037,0306-7319,Q2
https://openalex.org/W2158202316,0920-5861,Q1
https://openalex.org/W2158320847,0256-1115,Q2
https://openalex.org/W2158322698,0236-5731,Q3
https://openalex.org/W2158343109,1570-0232,Q1
https://openalex.org/W2158344135,0267-8292,Q2
https://openalex.org/W2158345652,0265-2048,Q2
https://openalex.org/W2158355140,0103-5053,Q2
https://openalex.org/W2158459967,1296-2074,Q2
https://openalex.org/W2158467407,1083-5601,Q3
https://openalex.org/W2158481058,1944-0057,Q1
https://openalex.org/W2158536471,1735-207X,Q2
https://openalex.org/W2158684556,0947-6539,Q1
https://openalex.org/W2158791846,1388-6150,Q3
https://openalex.org/W2158821332,0256-1115,Q2
https://openalex.org/W2158828565,0040-4020,Q1
https://openalex.org/W2158842660,0958-0344,Q2
https://openalex.org/W2158924917,0021-8995,Q2
https://openalex.org/W2158949194,1060-1325,Q2
https://openalex.org/W2158969861,1388-6150,Q3
https://openalex.org/W2158998641,0378-7753,Q1
https://openalex.org/W2159035293,1478-6419,Q3
https://openalex.org/W2159101239,0030-4018,Q2
https://openalex.org/W2159127269,0009-4536,Q3
https://openalex.org/W2159140061,0021-8995,Q2
https://openalex.org/W2159151310,0039-7911,Q3
https://openalex.org/W2159249218,1473-0189,Q1
https://openalex.org/W2159253086,1860-5397,Q3
https://openalex.org/W2159320189,0236-5731,Q3
https://openalex.org/W2159323954,0887-6266,Q1
https://openalex.org/W2159385880,1044-0305,Q1
https://openalex.org/W2159396315,1932-7447,Q1
https://openalex.org/W2159603693,0956-5663,Q1
https://openalex.org/W2159639141,0269-3879,Q2
https://openalex.org/W2159644212,0932-3414,Q3
https://openalex.org/W2159672615,1756-5901,-
https://openalex.org/W2159690160,0022-2313,Q1
https://openalex.org/W2159766147,0749-1581,Q2
https://openalex.org/W2159812992,0947-6539,Q1
https://openalex.org/W2159829919,0030-770X,Q2
https://openalex.org/W2159847957,1424-8220,Q3
https://openalex.org/W2159970151,0958-0344,Q2
https://openalex.org/W2160076638,0257-8972,Q1
https://openalex.org/W2160091135,0232-1300,Q2
https://openalex.org/W2160225526,0003-7028,Q3
https://openalex.org/W2160226841,1424-8220,Q3
https://openalex.org/W2160311787,1082-6076,Q3
https://openalex.org/W2160331366,0003-2700,Q1
https://openalex.org/W2160345387,1758-2946,-
https://openalex.org/W2160583990,0306-7319,Q2
https://openalex.org/W2160584998,0951-4198,Q1
https://openalex.org/W2160592148,1758-2946,-
https://openalex.org/W2160685273,0914-9244,Q3
https://openalex.org/W2160738549,1747-0277,-
https://openalex.org/W2160752046,1022-5528,Q1
https://openalex.org/W2160773528,0022-152X,Q3
https://openalex.org/W2160905161,0920-5861,Q1
https://openalex.org/W2160956086,0039-7911,Q3
https://openalex.org/W2161026624,0253-3820,Q4
https://openalex.org/W2161034326,1478-6419,Q3
https://openalex.org/W2161083071,0142-2421,Q2
https://openalex.org/W2161200573,0026-3672,Q2
https://openalex.org/W2161373633,0022-152X,Q3
https://openalex.org/W2161577516,0021-8995,Q2
https://openalex.org/W2161604255,1350-4177,-
https://openalex.org/W2161611019,0003-2670,Q1
https://openalex.org/W2161623001,1944-8201,-
https://openalex.org/W2161669957,1612-1872,Q2
https://openalex.org/W2161682535,1420-3049,Q2
https://openalex.org/W2161734005,0021-8995,Q2
https://openalex.org/W2161763288,1759-9660,-
https://openalex.org/W2161776270,0100-4042,Q3
https://openalex.org/W2161823383,1001-604X,Q3
https://openalex.org/W2161828714,0021-8995,Q2
https://openalex.org/W2161855420,0009-2363,Q2
https://openalex.org/W2161865385,0003-2670,Q1
https://openalex.org/W2161878998,0040-4020,Q1
https://openalex.org/W2161883367,1388-6150,Q3
https://openalex.org/W2161923880,0951-4198,Q1
https://openalex.org/W2161983345,0011-9164,Q1
https://openalex.org/W2162003351,1386-1425,Q2
https://openalex.org/W2162028666,1083-5601,Q3
https://openalex.org/W2162181703,0145-8892,Q2
https://openalex.org/W2162222332,0253-2964,Q3
https://openalex.org/W2162353971,1042-3915,Q2
https://openalex.org/W2162380039,0036-0244,Q4
https://openalex.org/W2162390513,0004-9425,Q1
https://openalex.org/W2162399951,1424-8220,Q3
https://openalex.org/W2162439227,0003-2670,Q1
https://openalex.org/W2162521945,0022-4766,Q3
https://openalex.org/W2162531383,0169-4332,-
https://openalex.org/W2162559699,0947-6539,Q1
https://openalex.org/W2162590892,0925-4005,-
https://openalex.org/W2162631710,1099-0062,Q1
https://openalex.org/W2162676237,2090-9071,-
https://openalex.org/W2162732213,0268-2605,Q2
https://openalex.org/W2162789452,0737-3937,Q3
https://openalex.org/W2162804311,1612-1872,Q2
https://openalex.org/W2162878435,1424-8220,Q3
https://openalex.org/W2162915789,1028-6020,Q3
https://openalex.org/W2162974687,0538-8066,Q2
https://openalex.org/W2162991719,0039-7911,Q3
https://openalex.org/W2163125017,0040-4020,Q1
https://openalex.org/W2163187149,1388-6150,Q3
https://openalex.org/W2163405099,0887-624X,Q1
https://openalex.org/W2163406807,0011-9164,Q1
https://openalex.org/W2163467835,1359-7345,Q1
https://openalex.org/W2163573786,1862-832X,Q2
https://openalex.org/W2163633428,1615-9306,Q1
https://openalex.org/W2163689278,0021-9665,Q3
https://openalex.org/W2163755236,1424-8220,Q3
https://openalex.org/W2163777362,0009-3130,-
https://openalex.org/W2163805997,0584-8547,Q1
https://openalex.org/W2163935074,1615-9306,Q1
https://openalex.org/W2163998477,1388-0764,Q1
https://openalex.org/W2164085805,1054-2523,Q4
https://openalex.org/W2164089039,0103-5053,Q2
https://openalex.org/W2164133941,1433-7851,Q1
https://openalex.org/W2164211608,0256-1115,Q2
https://openalex.org/W2164263263,1424-8220,Q3
https://openalex.org/W2164358660,1612-1872,Q2
https://openalex.org/W2164460308,0925-4005,-
https://openalex.org/W2164480263,0256-1115,Q2
https://openalex.org/W2164488758,1570-0232,Q1
https://openalex.org/W2164739541,0167-2738,Q1
https://openalex.org/W2164786509,0957-4484,Q1
https://openalex.org/W2164788255,0894-3230,Q2
https://openalex.org/W2164799987,1424-8220,Q3
https://openalex.org/W2164822525,1735-207X,Q2
https://openalex.org/W2164824911,0021-8995,Q2
https://openalex.org/W2164830656,0049-8246,Q3
https://openalex.org/W2164924181,0306-0012,Q1
https://openalex.org/W2165056648,1061-933X,Q4
https://openalex.org/W2165131446,0020-7608,Q2
https://openalex.org/W2165252087,0888-5885,Q1
https://openalex.org/W2165280383,1613-6810,-
https://openalex.org/W2165287740,1383-5866,Q1
https://openalex.org/W2165381551,1477-0520,Q1
https://openalex.org/W2165443611,0044-2313,Q3
https://openalex.org/W2165510840,1099-0062,Q1
https://openalex.org/W2165543541,1936-9751,Q3
https://openalex.org/W2165567392,0749-1581,Q2
https://openalex.org/W2165742387,0256-1115,Q2
https://openalex.org/W2165808903,0002-7863,Q1
https://openalex.org/W2165904924,1466-8033,Q1
https://openalex.org/W2165911683,0236-5731,Q3
https://openalex.org/W2165953583,0959-8103,-
https://openalex.org/W2166005022,1476-1122,Q1
https://openalex.org/W2166009647,0269-3879,Q2
https://openalex.org/W2166030939,0958-0344,Q2
https://openalex.org/W2166057711,0934-0866,Q2
https://openalex.org/W2166083312,0721-3115,Q2
https://openalex.org/W2166129178,0363-9045,Q3
https://openalex.org/W2166148534,0009-2363,Q2
https://openalex.org/W2166159752,1478-6419,Q3
https://openalex.org/W2166171755,1083-5601,Q3
https://openalex.org/W2166248197,0717-9324,Q3
https://openalex.org/W2166262600,0026-9247,Q2
https://openalex.org/W2166401821,0100-4670,Q3
https://openalex.org/W2166452657,0169-4332,-
https://openalex.org/W2166518328,0377-0486,Q1
https://openalex.org/W2166550792,1386-1425,Q2
https://openalex.org/W2166565186,0236-5731,Q3
https://openalex.org/W2166580367,0013-936X,Q1
https://openalex.org/W2166612947,1001-604X,Q3
https://openalex.org/W2166632596,0933-4173,Q3
https://openalex.org/W2166668856,1438-7697,Q1
https://openalex.org/W2166703209,0887-624X,Q1
https://openalex.org/W2166721839,1424-8220,Q3
https://openalex.org/W2166748092,1348-6535,Q2
https://openalex.org/W2166761198,0933-4173,Q3
https://openalex.org/W2166766320,0003-2654,Q1
https://openalex.org/W2166846501,0947-6539,Q1
https://openalex.org/W2166880720,1478-6419,Q3
https://openalex.org/W2166908721,0021-8995,Q2
https://openalex.org/W2166913229,0049-8246,Q3
https://openalex.org/W2166923119,0022-1139,Q2
https://openalex.org/W2166934384,0013-936X,Q1
https://openalex.org/W2167011652,0011-9164,Q1
https://openalex.org/W2167023163,0169-4332,-
https://openalex.org/W2167077800,1388-6150,Q3
https://openalex.org/W2167118827,1618-2642,Q1
https://openalex.org/W2167197718,0009-4536,Q3
https://openalex.org/W2167238030,0165-2370,Q1
https://openalex.org/W2167378345,0269-3879,Q2
https://openalex.org/W2167392424,0009-4536,Q3
https://openalex.org/W2167425503,0011-9164,Q1
https://openalex.org/W2167455120,1477-0520,Q1
https://openalex.org/W2167480934,1615-4150,Q1
https://openalex.org/W2167481674,0031-8655,Q2
https://openalex.org/W2167494888,1296-2074,Q2
https://openalex.org/W2167507330,1359-7345,Q1
https://openalex.org/W2167541320,1473-0189,Q1
https://openalex.org/W2167710717,0363-9045,Q3
https://openalex.org/W2167757158,1757-6180,-
https://openalex.org/W2167770629,0352-5139,Q3
https://openalex.org/W2167792383,0011-9164,Q1
https://openalex.org/W2167807610,0003-2654,Q1
https://openalex.org/W2167835651,1424-8220,Q3
https://openalex.org/W2167867915,1932-1058,Q2
https://openalex.org/W2168000836,0173-0835,Q1
https://openalex.org/W2168071694,0021-9614,Q2
https://openalex.org/W2168158124,0308-8146,Q1
https://openalex.org/W2168191924,0169-4332,-
https://openalex.org/W2168291899,0003-2654,Q1
https://openalex.org/W2168334121,0265-2048,Q2
https://openalex.org/W2168345467,0749-1581,Q2
https://openalex.org/W2168399469,0169-4332,-
https://openalex.org/W2168424530,0004-9425,Q1
https://openalex.org/W2168577893,0933-4173,Q3
https://openalex.org/W2168611394,0170-0839,Q2
https://openalex.org/W2168708138,0267-9477,Q1
https://openalex.org/W2168716991,0256-1115,Q2
https://openalex.org/W2168846252,0352-5139,Q3
https://openalex.org/W2168859305,1439-4235,Q1
https://openalex.org/W2168986414,1070-3632,Q3
https://openalex.org/W2169036329,0032-3861,Q1
https://openalex.org/W2169062903,1463-9076,Q1
https://openalex.org/W2169091958,0883-7694,Q1
https://openalex.org/W2169102867,0100-4042,Q3
https://openalex.org/W2169127402,0887-624X,Q1
https://openalex.org/W2169130852,0269-3879,Q2
https://openalex.org/W2169178048,1388-6150,Q3
https://openalex.org/W2169218345,0236-5731,Q3
https://openalex.org/W2169287347,1424-8220,Q3
https://openalex.org/W2169305592,1936-9751,Q3
https://openalex.org/W2169306936,0277-3813,Q2
https://openalex.org/W2169470779,0957-4484,Q1
https://openalex.org/W2169579380,0021-8995,Q2
https://openalex.org/W2169592524,0021-8995,Q2
https://openalex.org/W2169615544,0960-894X,Q1
https://openalex.org/W2169619370,0959-8103,-
https://openalex.org/W2169632962,0749-1581,Q2
https://openalex.org/W2169751930,0257-8972,Q1
https://openalex.org/W2169759427,1735-207X,Q2
https://openalex.org/W2169763913,0934-0866,Q2
https://openalex.org/W2169898319,0167-2738,Q1
https://openalex.org/W2169914141,1420-3049,Q2
https://openalex.org/W2169958873,0223-5234,Q2
https://openalex.org/W2170019298,1420-3049,Q2
https://openalex.org/W2170102802,1099-0690,Q1
https://openalex.org/W2170235386,1070-4272,Q4
https://openalex.org/W2170480993,1616-301X,Q1
https://openalex.org/W2170487593,0027-1314,Q4
https://openalex.org/W2170531919,0256-1115,Q2
https://openalex.org/W2170549062,0001-4842,Q1
https://openalex.org/W2170617884,0021-8995,Q2
https://openalex.org/W2170635036,0149-6395,Q2
https://openalex.org/W2170682736,0304-3843,Q4
https://openalex.org/W2170738039,1082-6076,Q3
https://openalex.org/W2170742355,0021-9568,Q1
https://openalex.org/W2170745018,0887-624X,Q1
https://openalex.org/W2170774080,1615-9306,Q1
https://openalex.org/W2170806807,1420-3049,Q2
https://openalex.org/W2170859554,1433-7851,Q1
https://openalex.org/W2170862574,1615-9306,Q1
https://openalex.org/W2170888858,0933-4173,Q3
https://openalex.org/W2170897623,0272-8397,Q2
https://openalex.org/W2170939303,0033-4545,Q1
https://openalex.org/W2170954004,0272-8397,Q2
https://openalex.org/W2171054411,0925-2738,Q1
https://openalex.org/W2171055661,0030-4018,Q2
https://openalex.org/W2171137639,0731-7085,Q1
https://openalex.org/W2171144024,1615-9306,Q1
https://openalex.org/W2171174547,0016-2361,Q1
https://openalex.org/W2171183148,1099-0690,Q1
https://openalex.org/W2171183174,0011-9164,Q1
https://openalex.org/W2171283480,0149-6395,Q2
https://openalex.org/W2171500656,1359-7345,Q1
https://openalex.org/W2171501028,0011-9164,Q1
https://openalex.org/W2171520981,1615-9306,Q1
https://openalex.org/W2171538955,0721-3115,Q2
https://openalex.org/W2171680347,0717-9324,Q3
https://openalex.org/W2171705924,1433-7851,Q1
https://openalex.org/W2171752701,0021-8995,Q2
https://openalex.org/W2171936259,1424-8220,Q3
https://openalex.org/W2171996147,0095-8972,Q3
https://openalex.org/W2172024023,0925-4005,-
https://openalex.org/W2172107999,0377-0486,Q1
https://openalex.org/W2172146743,1615-9306,Q1
https://openalex.org/W2172265612,1385-8947,Q1
https://openalex.org/W2172309931,0960-894X,Q1
https://openalex.org/W2173757929,0960-894X,Q1
https://openalex.org/W2173869014,0040-4039,Q1
https://openalex.org/W2178611321,1388-0764,Q1
https://openalex.org/W2178951255,1066-5285,Q3
https://openalex.org/W2179904522,0011-9164,Q1
https://openalex.org/W2181397979,2042-4868,-
https://openalex.org/W2188949719,1452-3981,Q2
https://openalex.org/W2189264834,0970-020X,Q4
https://openalex.org/W2200675994,1385-772X,Q3
https://openalex.org/W220078055,0021-9584,Q3
https://openalex.org/W2200984664,0013-4651,Q1
https://openalex.org/W2201144609,1385-772X,Q3
https://openalex.org/W2201883619,1307-6167,-
https://openalex.org/W220197915,0015-4725,Q3
https://openalex.org/W2203045974,0015-4725,Q3
https://openalex.org/W2207547377,1385-772X,Q3
https://openalex.org/W2213911292,1385-772X,Q3
https://openalex.org/W2218170474,1385-772X,Q3
https://openalex.org/W2221932405,1026-3098,-
https://openalex.org/W2225544771,1026-3098,-
https://openalex.org/W2236008526,0792-1241,Q4
https://openalex.org/W2243685606,1026-3098,-
https://openalex.org/W2254698166,1026-3098,-
https://openalex.org/W225638759,0253-2964,Q3
https://openalex.org/W2260184359,1026-3098,-
https://openalex.org/W226512610,0970-020X,Q4
https://openalex.org/W2265991327,1026-3098,-
https://openalex.org/W2272831060,1385-772X,Q3
https://openalex.org/W2273522490,1026-3098,-
https://openalex.org/W2273586164,0793-0283,Q4
https://openalex.org/W2273690151,0334-6455,Q3
https://openalex.org/W2274043498,0003-150X,Q2
https://openalex.org/W2278235512,1026-3098,-
https://openalex.org/W2278552205,1523-7052,Q1
https://openalex.org/W2279324319,0793-0135,Q4
https://openalex.org/W2293248968,1226-3907,Q4
https://openalex.org/W2297392251,1026-3098,-
https://openalex.org/W2297893592,0003-150X,Q2
https://openalex.org/W2298201197,1226-3907,Q4
https://openalex.org/W2299150640,1026-3098,-
https://openalex.org/W2306187055,1026-3098,-
https://openalex.org/W2312563327,0276-7333,Q1
https://openalex.org/W2312834870,0033-8230,Q3
https://openalex.org/W2313359709,0793-0283,Q4
https://openalex.org/W2314490707,0021-9568,Q1
https://openalex.org/W2315073229,0044-2968,Q2
https://openalex.org/W2316942549,0793-0283,Q4
https://openalex.org/W2317948709,0897-4756,Q1
https://openalex.org/W2318371750,1533-4880,Q2
https://openalex.org/W2319032878,0897-4756,Q1
https://openalex.org/W2319794559,0793-0135,Q4
https://openalex.org/W2319889474,1477-0520,Q1
https://openalex.org/W2320390002,0932-3414,Q3
https://openalex.org/W2320792429,1528-7483,Q1
https://openalex.org/W2322108934,0793-0283,Q4
https://openalex.org/W2322653562,1344-3542,Q3
https://openalex.org/W2322702925,1932-7447,Q1
https://openalex.org/W2322913379,0334-6455,Q3
https://openalex.org/W2324337798,0021-9568,Q1
https://openalex.org/W2326080858,0022-2313,Q1
https://openalex.org/W2326174429,1788-618X,Q2
https://openalex.org/W2327261252,1735-207X,Q2
https://openalex.org/W2327459259,1735-207X,Q2
https://openalex.org/W2327745783,0002-7863,Q1
https://openalex.org/W2329233378,1477-0520,Q1
https://openalex.org/W2329518947,1932-7447,Q1
https://openalex.org/W2329704931,0888-5885,Q1
https://openalex.org/W2330319806,1477-0520,Q1
https://openalex.org/W2331457069,0021-9665,Q3
https://openalex.org/W2332080296,0146-4760,Q2
https://openalex.org/W2332754802,0792-1241,Q4
https://openalex.org/W2333520234,0897-4756,Q1
https://openalex.org/W2333965539,0930-486X,Q3
https://openalex.org/W2334317448,1099-0062,Q1
https://openalex.org/W2334793810,1477-0520,Q1
https://openalex.org/W2343983048,1318-0207,Q2
https://openalex.org/W2351331751,1001-0521,Q3
https://openalex.org/W2351361823,1318-0207,Q2
https://openalex.org/W2355010352,1001-0521,Q3
https://openalex.org/W2355641389,1001-0521,Q3
https://openalex.org/W2356222056,1001-0521,Q3
https://openalex.org/W2356825784,0256-7679,Q4
https://openalex.org/W235917222,0253-2964,Q3
https://openalex.org/W2373215269,1099-0062,Q1
https://openalex.org/W2377858705,1001-0521,Q3
https://openalex.org/W2387932621,1226-3907,Q4
https://openalex.org/W2394675867,1001-0521,Q3
https://openalex.org/W2395658802,1099-0062,Q1
https://openalex.org/W2395865629,1226-3907,Q4
https://openalex.org/W2404972844,1099-0062,Q1
https://openalex.org/W2405326556,0970-020X,Q4
https://openalex.org/W240643258,0888-5885,Q1
https://openalex.org/W2407853908,1064-8208,Q3
https://openalex.org/W2417094443,1099-0062,Q1
https://openalex.org/W2436219792,1528-7483,Q1
https://openalex.org/W2460390787,1023-1935,Q4
https://openalex.org/W2460525592,1023-1935,Q4
https://openalex.org/W2460902327,0009-5893,Q2
https://openalex.org/W2461974765,0020-1685,Q3
https://openalex.org/W2462225484,0021-9037,Q4
https://openalex.org/W2462529703,1002-0721,Q3
https://openalex.org/W2463166130,0965-5441,Q3
https://openalex.org/W2463595955,0928-0707,Q1
https://openalex.org/W2465284647,1054-2523,Q4
https://openalex.org/W2467675269,0022-4766,Q3
https://openalex.org/W2467921595,0020-1685,Q3
https://openalex.org/W2468061576,0026-9247,Q2
https://openalex.org/W2468309071,0971-457X,Q3
https://openalex.org/W2468431894,0009-5893,Q2
https://openalex.org/W2468697832,1011-372X,Q1
https://openalex.org/W2470545426,0236-5731,Q3
https://openalex.org/W2472456746,2070-2051,Q4
https://openalex.org/W2473332758,0928-0707,Q1
https://openalex.org/W2473512003,0170-0839,Q2
https://openalex.org/W2473730009,1099-0062,Q1
https://openalex.org/W2473876652,0036-0236,Q4
https://openalex.org/W2474297120,0036-0236,Q4
https://openalex.org/W24812776,1307-6167,-
https://openalex.org/W2500812348,0040-4020,Q1
https://openalex.org/W2502622985,0376-4710,Q4
https://openalex.org/W2511712984,0021-1575,Q3
https://openalex.org/W2515125614,0262-4893,Q3
https://openalex.org/W2515682200,0971-457X,Q3
https://openalex.org/W2515927499,1064-8208,Q3
https://openalex.org/W2521211174,0743-7463,Q1
https://openalex.org/W2521872083,0888-5885,Q1
https://openalex.org/W2523170872,0021-1575,Q3
https://openalex.org/W2526192643,0011-1643,Q2
https://openalex.org/W2528653361,1477-7606,Q4
https://openalex.org/W2553478267,1005-281X,Q3
https://openalex.org/W255682612,0253-2964,Q3
https://openalex.org/W2557457830,1203-8407,Q3
https://openalex.org/W2566749195,2524-3462,-
https://openalex.org/W2571084440,0021-1575,Q3
https://openalex.org/W2572124110,0378-3812,Q1
https://openalex.org/W2597901599,2524-3462,-
https://openalex.org/W2609299238,0021-1575,Q3
https://openalex.org/W268070618,0253-2964,Q3
https://openalex.org/W269957076,1307-6167,-
https://openalex.org/W2732168526,0883-7694,Q1
https://openalex.org/W2790817088,0003-150X,Q2
https://openalex.org/W2917566289,1042-7163,Q2
https://openalex.org/W2917979702,0960-894X,Q1
https://openalex.org/W2949075678,0040-4020,Q1
https://openalex.org/W2949112025,0040-4020,Q1
https://openalex.org/W2949113229,0385-5414,Q2
https://openalex.org/W2949135077,0040-4020,Q1
https://openalex.org/W2949136998,1523-7052,Q1
https://openalex.org/W2949161732,0385-5414,Q2
https://openalex.org/W2949193355,0959-9436,Q2
https://openalex.org/W2949195846,0040-4039,Q1
https://openalex.org/W2949201302,0385-5414,Q2
https://openalex.org/W2949222206,0022-3263,Q1
https://openalex.org/W2949229224,0040-4039,Q1
https://openalex.org/W2949237610,1523-7052,Q1
https://openalex.org/W2949239631,1612-1872,Q2
https://openalex.org/W2949244225,0040-4039,Q1
https://openalex.org/W2949249751,0385-5414,Q2
https://openalex.org/W2949296897,0040-4039,Q1
https://openalex.org/W2949337062,0040-4039,Q1
https://openalex.org/W2949369108,0039-7911,Q3
https://openalex.org/W2949380394,0897-4756,Q1
https://openalex.org/W2949390868,1747-5198,Q3
https://openalex.org/W2949409985,0385-5414,Q2
https://openalex.org/W2949470416,0040-4039,Q1
https://openalex.org/W2949472930,0022-152X,Q3
https://openalex.org/W2949524716,1747-5198,Q3
https://openalex.org/W2949551814,0040-4039,Q1
https://openalex.org/W2949566357,0040-4039,Q1
https://openalex.org/W2949595543,0040-4039,Q1
https://openalex.org/W2949605679,0385-5414,Q2
https://openalex.org/W2949623758,0040-4039,Q1
https://openalex.org/W2949641950,0385-5414,Q2
https://openalex.org/W2949643131,0040-4039,Q1
https://openalex.org/W2949649024,0385-5414,Q2
https://openalex.org/W2949661139,0223-5234,Q2
https://openalex.org/W2949661570,0040-4020,Q1
https://openalex.org/W2949666439,0960-894X,Q1
https://openalex.org/W2949690069,1523-7052,Q1
https://openalex.org/W2949694611,0385-5414,Q2
https://openalex.org/W2949696438,0385-5414,Q2
https://openalex.org/W2949700856,0385-5414,Q2
https://openalex.org/W2949740285,1523-7052,Q1
https://openalex.org/W2949747570,0960-894X,Q1
https://openalex.org/W2949748076,0385-5414,Q2
https://openalex.org/W2949768488,0385-5414,Q2
https://openalex.org/W2949782506,0960-894X,Q1
https://openalex.org/W2949799411,0223-5234,Q2
https://openalex.org/W2949802596,0022-3263,Q1
https://openalex.org/W2949804583,0385-5414,Q2
https://openalex.org/W2949819213,1520-4766,-
https://openalex.org/W2949820094,0040-4039,Q1
https://openalex.org/W2949826706,0040-4020,Q1
https://openalex.org/W2949849914,0385-5414,Q2
https://openalex.org/W2949877757,1042-7163,Q2
https://openalex.org/W2949885329,0040-4039,Q1
https://openalex.org/W2949891870,0959-9436,Q2
https://openalex.org/W2949897161,0040-4039,Q1
https://openalex.org/W2949899938,0385-5414,Q2
https://openalex.org/W2949935500,0385-5414,Q2
https://openalex.org/W2949943286,0022-3263,Q1
https://openalex.org/W2949964102,0959-9436,Q2
https://openalex.org/W2949974143,0385-5414,Q2
https://openalex.org/W2949991861,0385-5414,Q2
https://openalex.org/W2950001281,0040-4039,Q1
https://openalex.org/W2950012224,0385-5414,Q2
https://openalex.org/W2950056527,0385-5414,Q2
https://openalex.org/W2950061103,0040-4039,Q1
https://openalex.org/W2950078841,0040-4039,Q1
https://openalex.org/W2950084671,0253-2964,Q3
https://openalex.org/W2950088626,0040-4020,Q1
https://openalex.org/W2950091851,0040-4020,Q1
https://openalex.org/W2950112378,1520-4766,-
https://openalex.org/W2950112859,0039-7911,Q3
https://openalex.org/W2950117959,0385-5414,Q2
https://openalex.org/W2950126643,0385-5414,Q2
https://openalex.org/W2950144443,0040-4039,Q1
https://openalex.org/W2950150186,0040-4020,Q1
https://openalex.org/W2950153576,0385-5414,Q2
https://openalex.org/W2950175710,1001-8417,Q3
https://openalex.org/W2950185764,0223-5234,Q2
https://openalex.org/W2950191329,0040-4039,Q1
https://openalex.org/W2950238866,0040-4039,Q1
https://openalex.org/W2950242906,0385-5414,Q2
https://openalex.org/W2950250285,0022-3263,Q1
https://openalex.org/W2950274028,0253-2964,Q3
https://openalex.org/W2950290163,1523-7052,Q1
https://openalex.org/W2950322391,0040-4039,Q1
https://openalex.org/W2950347022,0022-4596,Q1
https://openalex.org/W2950357007,0040-4020,Q1
https://openalex.org/W2950363921,0385-5414,Q2
https://openalex.org/W2950368789,1001-604X,Q3
https://openalex.org/W2950390305,0022-1139,Q2
https://openalex.org/W2950392672,0040-4039,Q1
https://openalex.org/W2950405291,0385-5414,Q2
https://openalex.org/W2950408230,0959-9436,Q2
https://openalex.org/W2950412105,1747-5198,Q3
https://openalex.org/W2950412283,0040-4039,Q1
https://openalex.org/W2950433960,0009-2363,Q2
https://openalex.org/W2950478128,1001-8417,Q3
https://openalex.org/W2950479700,0223-5234,Q2
https://openalex.org/W2950486784,0223-5234,Q2
https://openalex.org/W2950519468,0040-4020,Q1
https://openalex.org/W2950530443,0040-4020,Q1
https://openalex.org/W2950543431,0385-5414,Q2
https://openalex.org/W2950548574,0253-2964,Q3
https://openalex.org/W2950561691,0385-5414,Q2
https://openalex.org/W2950583974,0223-5234,Q2
https://openalex.org/W2950589467,0040-4039,Q1
https://openalex.org/W2950594895,0040-4020,Q1
https://openalex.org/W2950595114,1747-5198,Q3
https://openalex.org/W2950595573,0385-5414,Q2
https://openalex.org/W2950605062,1088-4246,Q2
https://openalex.org/W2950636414,0040-4039,Q1
https://openalex.org/W2950645804,1747-5198,Q3
https://openalex.org/W2950646476,0040-4020,Q1
https://openalex.org/W2950684813,1001-604X,Q3
https://openalex.org/W2950731922,0040-4039,Q1
https://openalex.org/W2950732567,1747-5198,Q3
https://openalex.org/W2950757701,0385-5414,Q2
https://openalex.org/W2950758824,0040-4039,Q1
https://openalex.org/W2950762822,0385-5414,Q2
https://openalex.org/W2950769405,0223-5234,Q2
https://openalex.org/W2950769707,0040-4020,Q1
https://openalex.org/W2950793094,1523-7052,Q1
https://openalex.org/W2950801751,0040-4039,Q1
https://openalex.org/W2950828341,0385-5414,Q2
https://openalex.org/W2950861980,0039-7911,Q3
https://openalex.org/W2950865055,0040-4020,Q1
https://openalex.org/W2950882689,0040-4039,Q1
https://openalex.org/W2950906762,0040-4039,Q1
https://openalex.org/W2950921978,0385-5414,Q2
https://openalex.org/W2950928052,0018-019X,Q2
https://openalex.org/W2950933325,0253-2964,Q3
https://openalex.org/W2950952384,1523-7052,Q1
https://openalex.org/W2950956041,0040-4039,Q1
https://openalex.org/W2950979944,0253-2964,Q3
https://openalex.org/W2951041413,0022-3263,Q1
https://openalex.org/W2951047975,0040-4039,Q1
https://openalex.org/W2951051685,0366-7022,Q2
https://openalex.org/W2951067728,1523-7052,Q1
https://openalex.org/W2951113910,0040-4020,Q1
https://openalex.org/W2951145506,0040-4020,Q1
https://openalex.org/W2951173220,0385-5414,Q2
https://openalex.org/W2951175711,1001-604X,Q3
https://openalex.org/W2951202312,0040-4039,Q1
https://openalex.org/W2951209606,1099-0690,Q1
https://openalex.org/W2951225275,1042-7163,Q2
https://openalex.org/W2951235748,0040-4039,Q1
https://openalex.org/W2951241686,0385-5414,Q2
https://openalex.org/W2951269027,0385-5414,Q2
https://openalex.org/W2951295703,0022-1139,Q2
https://openalex.org/W2951298110,1523-7052,Q1
https://openalex.org/W2951301899,0385-5414,Q2
https://openalex.org/W2951306957,0385-5414,Q2
https://openalex.org/W2951307978,0040-4039,Q1
https://openalex.org/W2951308457,0040-4020,Q1
https://openalex.org/W2951315985,0385-5414,Q2
https://openalex.org/W2951329270,0040-4020,Q1
https://openalex.org/W2951340840,0385-5414,Q2
https://openalex.org/W2951391434,0040-4020,Q1
https://openalex.org/W2951400352,1747-5198,Q3
https://openalex.org/W2951406134,0385-5414,Q2
https://openalex.org/W2951450857,0385-5414,Q2
https://openalex.org/W2951475141,1747-5198,Q3
https://openalex.org/W2951475769,1001-604X,Q3
https://openalex.org/W2951507180,1523-7052,Q1
https://openalex.org/W2951514052,0040-4039,Q1
https://openalex.org/W2951519607,0040-4039,Q1
https://openalex.org/W2951552631,0366-7022,Q2
https://openalex.org/W2951562148,1523-7052,Q1
https://openalex.org/W2951573993,0022-1139,Q2
https://openalex.org/W2951593259,0040-4039,Q1
https://openalex.org/W2951593395,0385-5414,Q2
https://openalex.org/W2951608247,1099-0690,Q1
https://openalex.org/W2951613281,1523-7052,Q1
https://openalex.org/W2951614232,0009-2363,Q2
https://openalex.org/W2951629109,0040-4039,Q1
https://openalex.org/W2951630733,1747-5198,Q3
https://openalex.org/W2951633520,0040-4039,Q1
https://openalex.org/W2951644565,0020-1669,Q1
https://openalex.org/W2951648065,1042-7163,Q2
https://openalex.org/W2951665024,1070-4280,Q4
https://openalex.org/W2951670898,0040-4039,Q1
https://openalex.org/W2951687075,0385-5414,Q2
https://openalex.org/W2951713875,0040-4039,Q1
https://openalex.org/W2951728857,0009-4293,Q2
https://openalex.org/W2951729748,1523-7052,Q1
https://openalex.org/W2951730734,0040-4039,Q1
https://openalex.org/W2951741933,0960-894X,Q1
https://openalex.org/W2951743042,0385-5414,Q2
https://openalex.org/W2951755043,0385-5414,Q2
https://openalex.org/W2951760371,0040-4039,Q1
https://openalex.org/W2951767132,0022-3263,Q1
https://openalex.org/W2951768116,0223-5234,Q2
https://openalex.org/W2951775377,0223-5234,Q2
https://openalex.org/W2951779529,0040-4039,Q1
https://openalex.org/W2951791801,0385-5414,Q2
https://openalex.org/W2951802525,0040-4039,Q1
https://openalex.org/W2951804719,1523-7052,Q1
https://openalex.org/W2951814785,0385-5414,Q2
https://openalex.org/W2951851179,1001-8417,Q3
https://openalex.org/W2951882690,0040-4039,Q1
https://openalex.org/W2951883372,0040-4020,Q1
https://openalex.org/W2951895084,0018-019X,Q2
https://openalex.org/W2951899673,0040-4039,Q1
https://openalex.org/W2951916196,0040-4039,Q1
https://openalex.org/W2951945547,0385-5414,Q2
https://openalex.org/W2951945673,0040-4039,Q1
https://openalex.org/W2951963752,0040-4039,Q1
https://openalex.org/W2951975309,0040-4039,Q1
https://openalex.org/W2951975933,0040-4020,Q1
https://openalex.org/W2952021899,0932-0776,Q2
https://openalex.org/W2952033922,0040-4039,Q1
https://openalex.org/W2952037546,0040-4039,Q1
https://openalex.org/W2952047883,0022-152X,Q3
https://openalex.org/W2952058748,0040-4039,Q1
https://openalex.org/W2952089100,0366-7022,Q2
https://openalex.org/W2952155450,1523-7052,Q1
https://openalex.org/W2952161948,0385-5414,Q2
https://openalex.org/W2952183166,0040-4039,Q1
https://openalex.org/W2952209711,0040-4039,Q1
https://openalex.org/W2952227408,0040-4020,Q1
https://openalex.org/W2952236380,0385-5414,Q2
https://openalex.org/W2952238711,0002-7863,Q1
https://openalex.org/W2952260939,0040-4039,Q1
https://openalex.org/W2952292135,1001-604X,Q3
https://openalex.org/W2952296019,0022-3263,Q1
https://openalex.org/W2952305746,0040-4039,Q1
https://openalex.org/W2952347725,0366-7022,Q2
https://openalex.org/W2952406893,0253-2964,Q3
https://openalex.org/W2952427375,0040-4039,Q1
https://openalex.org/W2952437039,0920-5861,Q1
https://openalex.org/W2952465502,0253-2964,Q3
https://openalex.org/W2952474109,0385-5414,Q2
https://openalex.org/W2952490763,0385-5414,Q2
https://openalex.org/W2952504138,0957-4166,Q1
https://openalex.org/W2952504235,0022-3263,Q1
https://openalex.org/W2952508868,0385-5414,Q2
https://openalex.org/W2952532158,0040-4039,Q1
https://openalex.org/W2952553061,0040-4020,Q1
https://openalex.org/W2952566692,0385-5414,Q2
https://openalex.org/W2952570109,0223-5234,Q2
https://openalex.org/W2952577011,0040-4039,Q1
https://openalex.org/W2952593411,0385-5414,Q2
https://openalex.org/W2952603039,0040-4039,Q1
https://openalex.org/W2952603619,0385-5414,Q2
https://openalex.org/W2952617282,0040-4039,Q1
https://openalex.org/W2952630300,0366-7022,Q2
https://openalex.org/W2952639328,1523-7052,Q1
https://openalex.org/W2952644755,0385-5414,Q2
https://openalex.org/W2952661300,1066-5285,Q3
https://openalex.org/W2952668988,1088-4246,Q2
https://openalex.org/W2952686416,0022-3263,Q1
https://openalex.org/W2952701595,0040-4020,Q1
https://openalex.org/W2952724196,0959-9436,Q2
https://openalex.org/W2952737044,1523-7052,Q1
https://openalex.org/W2952739806,0385-5414,Q2
https://openalex.org/W2952740296,0366-7022,Q2
https://openalex.org/W2952781595,0018-019X,Q2
https://openalex.org/W2952842576,1612-1872,Q2
https://openalex.org/W2952860754,0040-4039,Q1
https://openalex.org/W2952865645,1293-2558,Q1
https://openalex.org/W2952902634,0040-4039,Q1
https://openalex.org/W2952902888,0385-5414,Q2
https://openalex.org/W2952929465,0385-5414,Q2
https://openalex.org/W2952930267,0366-7022,Q2
https://openalex.org/W2952931300,0385-5414,Q2
https://openalex.org/W2952936214,0040-4039,Q1
https://openalex.org/W2952965217,1001-8417,Q3
https://openalex.org/W2952990447,0959-9436,Q2
https://openalex.org/W2952996047,0022-152X,Q3
https://openalex.org/W2953003114,0385-5414,Q2
https://openalex.org/W2953022034,0040-4020,Q1
https://openalex.org/W2953024506,0040-4039,Q1
https://openalex.org/W2953032013,0385-5414,Q2
https://openalex.org/W2953057884,0223-5234,Q2
https://openalex.org/W2953079765,0040-4020,Q1
https://openalex.org/W2953080005,0040-4020,Q1
https://openalex.org/W2953109277,0040-4039,Q1
https://openalex.org/W2953145940,0044-2313,Q3
https://openalex.org/W2953173186,0385-5414,Q2
https://openalex.org/W2953203208,0253-2964,Q3
https://openalex.org/W2953207408,1523-7052,Q1
https://openalex.org/W2953210202,0040-4039,Q1
https://openalex.org/W2953225506,0040-4039,Q1
https://openalex.org/W2953264109,0039-7911,Q3
https://openalex.org/W2953273312,0385-5414,Q2
https://openalex.org/W2953275379,0040-4039,Q1
https://openalex.org/W2953284470,0385-5414,Q2
https://openalex.org/W2953293290,0932-0776,Q2
https://openalex.org/W2953305676,0385-5414,Q2
https://openalex.org/W2953344628,0040-4039,Q1
https://openalex.org/W2953358487,0040-4039,Q1
https://openalex.org/W2953370101,1042-7163,Q2
https://openalex.org/W2955039351,0033-4545,Q1
https://openalex.org/W2963210773,1387-1811,Q1
https://openalex.org/W2964233184,1546-1955,Q2
https://openalex.org/W300440252,0253-2964,Q3
https://openalex.org/W3009653135,0021-1575,Q3
https://openalex.org/W3022540027,0925-4005,-
https://openalex.org/W3023435578,0897-4756,Q1
https://openalex.org/W3023439363,0930-486X,Q3
https://openalex.org/W3023577299,0095-8972,Q3
https://openalex.org/W306462901,0002-7863,Q1
https://openalex.org/W3101334041,0021-9606,Q1
https://openalex.org/W3102901846,0960-894X,Q1
https://openalex.org/W3105693743,0377-0486,Q1
https://openalex.org/W3143414446,1001-8417,Q3
https://openalex.org/W3188181254,1618-2642,Q1
https://openalex.org/W318954732,0253-2964,Q3
https://openalex.org/W3192530020,0018-1439,Q4
https://openalex.org/W330510616,0022-328X,Q2
https://openalex.org/W33232321,0253-2964,Q3
https://openalex.org/W349070905,0253-2964,Q3
https://openalex.org/W3780576,1300-0527,Q2
https://openalex.org/W40628388,0253-2964,Q3
https://openalex.org/W4205182410,0022-4073,Q2
https://openalex.org/W4211213857,0010-8545,Q1
https://openalex.org/W4229537936,0173-0835,Q1
https://openalex.org/W4229959739,0020-7608,Q2
https://openalex.org/W4230522349,0960-894X,Q1
https://openalex.org/W4230698207,0069-3030,Q2
https://openalex.org/W4231131635,0966-9795,Q1
https://openalex.org/W4232455396,0731-7085,Q1
https://openalex.org/W4232970860,1936-9751,Q3
https://openalex.org/W4234113638,1755-4330,-
https://openalex.org/W4234129302,0232-1300,Q2
https://openalex.org/W4234371743,0069-3030,Q2
https://openalex.org/W4236630441,0011-9164,Q1
https://openalex.org/W4236746417,0947-8396,Q1
https://openalex.org/W4237278299,0009-3122,Q4
https://openalex.org/W4237914653,1951-6355,Q3
https://openalex.org/W4238902578,0960-894X,Q1
https://openalex.org/W4239185151,0010-5082,Q2
https://openalex.org/W4240154439,0047-2689,Q1
https://openalex.org/W4240167095,0882-5734,Q2
https://openalex.org/W4240822653,1612-1872,Q2
https://openalex.org/W4242253708,1388-6150,Q3
https://openalex.org/W4243817369,0021-9568,Q1
https://openalex.org/W4244888652,0069-3030,Q2
https://openalex.org/W4245049659,1091-6466,Q2
https://openalex.org/W4245691092,0040-4020,Q1
https://openalex.org/W4245983997,0022-4073,Q2
https://openalex.org/W4245990202,0925-3467,-
https://openalex.org/W4246126534,1386-1425,Q2
https://openalex.org/W4246843377,0013-936X,Q1
https://openalex.org/W4247556016,1932-7447,Q1
https://openalex.org/W4250457354,1755-4330,-
https://openalex.org/W4250954628,0169-4243,Q2
https://openalex.org/W4251814650,0371-9553,Q3
https://openalex.org/W4252052433,0021-8995,Q2
https://openalex.org/W4252293723,0960-894X,Q1
https://openalex.org/W4254521898,0022-0248,Q1
https://openalex.org/W4256160029,0712-4813,Q4
https://openalex.org/W4256603424,0045-6535,Q1
https://openalex.org/W4297813240,0009-2509,Q1
https://openalex.org/W4300436996,0165-2370,Q1
https://openalex.org/W4302160370,0954-0083,Q3
https://openalex.org/W434141330,1011-372X,Q1
https://openalex.org/W437697613,0003-150X,Q2
https://openalex.org/W4382132982,1452-3981,Q2
https://openalex.org/W4382133101,1452-3981,Q2
https://openalex.org/W4382133192,1452-3981,Q2
https://openalex.org/W4382133326,1452-3981,Q2
https://openalex.org/W4382133492,1452-3981,Q2
https://openalex.org/W4382133727,1452-3981,Q2
https://openalex.org/W4382133821,1452-3981,Q2
https://openalex.org/W4382133834,1452-3981,Q2
https://openalex.org/W4382133970,1452-3981,Q2
https://openalex.org/W4382134046,1452-3981,Q2
https://openalex.org/W4382134206,1452-3981,Q2
https://openalex.org/W4382134247,1452-3981,Q2
https://openalex.org/W4382134251,1452-3981,Q2
https://openalex.org/W4382134356,1452-3981,Q2
https://openalex.org/W4382134424,1452-3981,Q2
https://openalex.org/W4382134431,1452-3981,Q2
https://openalex.org/W4382134493,1452-3981,Q2
https://openalex.org/W4382134513,1452-3981,Q2
https://openalex.org/W4382134548,1452-3981,Q2
https://openalex.org/W4382134558,1452-3981,Q2
https://openalex.org/W4382134624,1452-3981,Q2
https://openalex.org/W4382134625,1452-3981,Q2
https://openalex.org/W4382134648,1452-3981,Q2
https://openalex.org/W4382134675,1452-3981,Q2
https://openalex.org/W4382134695,1452-3981,Q2
https://openalex.org/W4382134697,1452-3981,Q2
https://openalex.org/W4382134732,1452-3981,Q2
https://openalex.org/W4382134968,1452-3981,Q2
https://openalex.org/W4382134990,1452-3981,Q2
https://openalex.org/W4382135005,1452-3981,Q2
https://openalex.org/W4382135097,1452-3981,Q2
https://openalex.org/W4382135102,1452-3981,Q2
https://openalex.org/W4382135144,1452-3981,Q2
https://openalex.org/W4382135220,1452-3981,Q2
https://openalex.org/W4382135327,1452-3981,Q2
https://openalex.org/W4382135503,1452-3981,Q2
https://openalex.org/W4382135541,1452-3981,Q2
https://openalex.org/W4382135774,1452-3981,Q2
https://openalex.org/W4382135819,1452-3981,Q2
https://openalex.org/W4382315546,1452-3981,Q2
https://openalex.org/W4382315643,1452-3981,Q2
https://openalex.org/W4391074656,1452-3981,Q2
https://openalex.org/W4391074724,1452-3981,Q2
https://openalex.org/W4824495,1203-8407,Q3
https://openalex.org/W584352541,0003-150X,Q2
https://openalex.org/W592670852,0015-4725,Q3
https://openalex.org/W627276109,0253-2964,Q3
https://openalex.org/W68796360,0253-2964,Q3
https://openalex.org/W75294333,0364-5916,Q1
https://openalex.org/W797876959,1551-7004,Q3
https://openalex.org/W853978413,0253-2964,Q3
https://openalex.org/W856475670,1643-1049,Q4
https://openalex.org/W86772136,0011-9164,Q1
https://openalex.org/W86974135,0011-9164,Q1
https://openalex.org/W921222606,0003-150X,Q2
https://openalex.org/W94594660,0925-4005,-
https://openalex.org/W979860872,1385-8947,Q1
