work_id,n_authors,n_affiliations,n_countries,countries,is_international
https://openalex.org/W1005578502,4,4,1,PL,0
https://openalex.org/W1011142006,4,4,1,RS,0
https://openalex.org/W1017588164,3,3,0,,0
https://openalex.org/W1042179458,7,7,1,PL,0
https://openalex.org/W105800485,3,3,2,"ES,MX",1
https://openalex.org/W109431997,5,5,2,"CH,NL",1
https://openalex.org/W111365004,3,3,1,JP,0
https://openalex.org/W115992965,3,3,1,PL,0
https://openalex.org/W1175018801,5,10,1,PL,0
https://openalex.org/W125909158,15,15,1,US,0
https://openalex.org/W128818868,3,3,2,"GR,JP",1
https://openalex.org/W12929161,2,2,0,,0
https://openalex.org/W133948679,9,18,1,JP,0
https://openalex.org/W140937643,21,21,1,US,0
https://openalex.org/W1415547035,5,5,1,CN,0
https://openalex.org/W1417478003,2,2,1,DE,0
https://openalex.org/W1420488851,5,5,1,TR,0
https://openalex.org/W143565109,5,5,2,"FI,LT",1
https://openalex.org/W1441098579,4,4,0,,0
https://openalex.org/W144946662,4,4,1,KR,0
https://openalex.org/W1466963278,7,14,1,RS,0
https://openalex.org/W146845849,3,3,1,US,0
https://openalex.org/W1480454019,6,6,1,CN,0
https://openalex.org/W1483252296,8,26,1,RU,0
https://openalex.org/W1484455705,3,3,1,PL,0
https://openalex.org/W1486142288,4,7,1,CN,0
https://openalex.org/W1488167964,4,4,1,CN,0
https://openalex.org/W1489448924,3,3,1,CN,0
https://openalex.org/W1489625288,4,4,1,IN,0
https://openalex.org/W1490314205,2,6,1,US,0
https://openalex.org/W1493061353,7,8,2,"JP,US",1
https://openalex.org/W1494263711,5,5,1,CN,0
https://openalex.org/W1496819532,4,12,1,CN,0
https://openalex.org/W1496898759,3,3,1,KR,0
https://openalex.org/W1497884672,4,5,1,CN,0
https://openalex.org/W1498047089,8,9,1,CN,0
https://openalex.org/W1498774104,6,6,2,"FI,PL",1
https://openalex.org/W1501176605,3,3,1,TW,0
https://openalex.org/W1501637986,4,4,1,PL,0
https://openalex.org/W1501995686,1,1,0,,0
https://openalex.org/W1504087240,4,4,1,CN,0
https://openalex.org/W1505143187,1,1,0,,0
https://openalex.org/W1507016526,2,2,1,RU,0
https://openalex.org/W1509503550,5,10,1,CN,0
https://openalex.org/W1509844601,1,1,0,,0
https://openalex.org/W1510289569,4,4,1,CN,0
https://openalex.org/W1512489345,4,4,1,ES,0
https://openalex.org/W1512846118,3,3,1,CN,0
https://openalex.org/W1516560948,2,4,2,"CN,PL",1
https://openalex.org/W1518620676,4,4,2,"DE,UA",1
https://openalex.org/W1521674872,6,6,2,"ES,IT",1
https://openalex.org/W1523454872,6,6,1,IN,0
https://openalex.org/W1524690763,9,13,1,FR,0
https://openalex.org/W1526929534,6,10,1,JP,0
https://openalex.org/W1527430644,3,3,1,IR,0
https://openalex.org/W1532898910,6,7,1,CN,0
https://openalex.org/W1533656860,5,5,1,UA,0
https://openalex.org/W1533928670,3,6,1,IT,0
https://openalex.org/W1533959845,3,3,0,,0
https://openalex.org/W1535151679,2,2,0,,0
https://openalex.org/W1537927273,2,2,1,JP,0
https://openalex.org/W1538044848,1,1,0,,0
https://openalex.org/W1539301963,1,1,0,,0
https://openalex.org/W1539609497,3,4,2,"CN,SD",1
https://openalex.org/W1541521834,3,3,2,"BR,TW",1
https://openalex.org/W1541754416,9,13,1,JP,0
https://openalex.org/W1541932972,4,5,1,JP,0
https://openalex.org/W1542151379,4,4,1,KR,0
https://openalex.org/W154351914,6,8,1,JP,0
https://openalex.org/W1544138514,3,3,1,IN,0
https://openalex.org/W1544285315,6,6,1,CN,0
https://openalex.org/W1544304211,7,7,3,"AU,ES,JP",1
https://openalex.org/W1544830013,2,2,1,PL,0
https://openalex.org/W1548108393,6,6,1,CN,0
https://openalex.org/W1548754161,5,5,1,TN,0
https://openalex.org/W1550482028,3,5,1,JP,0
https://openalex.org/W1550489443,2,2,0,,0
https://openalex.org/W1551237677,5,8,1,BR,0
https://openalex.org/W1552545514,5,7,1,CN,0
https://openalex.org/W1554248833,6,6,2,"BG,RS",1
https://openalex.org/W1556902581,6,24,1,US,0
https://openalex.org/W1557312069,2,3,1,PL,0
https://openalex.org/W1557603030,3,3,1,PL,0
https://openalex.org/W1558526312,5,5,1,CN,0
https://openalex.org/W1559673264,6,7,1,IN,0
https://openalex.org/W1560059797,4,4,2,"AT,HU",1
https://openalex.org/W1560648273,4,4,1,DE,0
https://openalex.org/W1561203763,6,6,1,CN,0
https://openalex.org/W1561654101,2,2,1,IR,0
https://openalex.org/W1562207100,6,6,1,US,0
https://openalex.org/W1562594736,6,6,1,IN,0
https://openalex.org/W1562672127,2,2,0,,0
https://openalex.org/W1564453743,6,6,2,"PR,US",1
https://openalex.org/W1564803258,1,1,0,,0
https://openalex.org/W1565273295,1,1,0,,0
https://openalex.org/W1565399132,2,2,1,PL,0
https://openalex.org/W1565710999,5,5,1,CN,0
https://openalex.org/W1567919424,4,4,1,CN,0
https://openalex.org/W1570198085,7,8,1,CN,0
https://openalex.org/W1572313609,8,8,1,US,0
https://openalex.org/W15738874,9,9,0,,0
https://openalex.org/W1574339191,2,2,1,PL,0
https://openalex.org/W1574850172,1,1,0,,0
https://openalex.org/W1576483547,5,5,1,IN,0
https://openalex.org/W1579244981,4,4,1,PL,0
https://openalex.org/W1579351536,4,6,1,PL,0
https://openalex.org/W1580396595,4,4,1,KR,0
https://openalex.org/W1581168185,5,5,1,CN,0
https://openalex.org/W1582329445,5,5,1,ES,0
https://openalex.org/W1582705217,6,6,1,CN,0
https://openalex.org/W1582817607,5,5,1,PL,0
https://openalex.org/W1584225608,15,30,1,JP,0
https://openalex.org/W1586035223,5,6,2,"CL,CO",1
https://openalex.org/W1586526926,1,1,0,,0
https://openalex.org/W1586773782,6,6,1,US,0
https://openalex.org/W1590018462,2,2,1,GB,0
https://openalex.org/W1590523095,5,5,2,"TW,US",1
https://openalex.org/W1593003929,6,7,1,US,0
https://openalex.org/W1593036044,3,3,1,CN,0
https://openalex.org/W1593515855,1,1,0,,0
https://openalex.org/W1594649457,3,3,1,PL,0
https://openalex.org/W1596715715,5,5,1,KR,0
https://openalex.org/W1601733472,13,13,1,PL,0
https://openalex.org/W1605377274,4,4,1,KR,0
https://openalex.org/W1612334056,9,9,1,PL,0
https://openalex.org/W1612579852,3,3,1,CA,0
https://openalex.org/W1612674666,2,3,1,JP,0
https://openalex.org/W1613406160,1,1,0,,0
https://openalex.org/W1614647758,3,3,1,SE,0
https://openalex.org/W1614820573,4,4,1,JP,0
https://openalex.org/W1614899578,2,2,2,"CN,US",1
https://openalex.org/W1620408735,3,3,1,JP,0
https://openalex.org/W1620977602,4,10,2,"CN,US",1
https://openalex.org/W1621405555,6,7,1,US,0
https://openalex.org/W1622268284,4,4,1,JP,0
https://openalex.org/W1623641571,6,11,2,"CN,US",1
https://openalex.org/W1623904748,4,4,1,CZ,0
https://openalex.org/W1624926262,6,6,1,KR,0
https://openalex.org/W1625195519,3,3,1,PL,0
https://openalex.org/W162848594,1,1,0,,0
https://openalex.org/W1629819329,8,11,2,"CN,FR",1
https://openalex.org/W1630013656,6,6,1,KR,0
https://openalex.org/W1630602622,6,9,1,CN,0
https://openalex.org/W1630627026,3,3,1,CY,0
https://openalex.org/W1632220588,11,12,2,"GB,IT",1
https://openalex.org/W1632266336,2,2,1,US,0
https://openalex.org/W1632800215,7,8,2,"BE,US",1
https://openalex.org/W1633068019,3,3,2,"FR,IT",1
https://openalex.org/W1634516571,6,6,2,"SG,US",1
https://openalex.org/W1638978606,4,4,1,ES,0
https://openalex.org/W1640192501,4,4,1,US,0
https://openalex.org/W1641471087,1,1,0,,0
https://openalex.org/W1642237550,3,3,1,BE,0
https://openalex.org/W1642368633,3,3,2,"JP,KR",1
https://openalex.org/W1642944405,7,7,1,RS,0
https://openalex.org/W1643518547,3,3,1,AU,0
https://openalex.org/W1647327494,6,6,1,JP,0
https://openalex.org/W1647782536,1,1,0,,0
https://openalex.org/W1648234502,6,6,1,US,0
https://openalex.org/W1648445905,8,8,1,US,0
https://openalex.org/W1648964872,3,3,1,IN,0
https://openalex.org/W1651639953,1,1,0,,0
https://openalex.org/W1652035893,2,2,1,IS,0
https://openalex.org/W1652369647,2,3,1,US,0
https://openalex.org/W1653731432,4,4,1,JP,0
https://openalex.org/W1656153697,5,10,1,JP,0
https://openalex.org/W1656177700,6,6,1,RU,0
https://openalex.org/W1658079013,6,6,2,"CN,KR",1
https://openalex.org/W1659716027,2,2,1,CN,0
https://openalex.org/W1661915293,2,2,1,RU,0
https://openalex.org/W1664126540,1,1,0,,0
https://openalex.org/W1664155291,3,3,1,KR,0
https://openalex.org/W1665242726,3,3,1,US,0
https://openalex.org/W1666403264,5,5,2,"MD,RO",1
https://openalex.org/W1666958094,4,4,1,IL,0
https://openalex.org/W1672602954,4,6,1,PL,0
https://openalex.org/W1673770095,3,3,1,US,0
https://openalex.org/W1674820199,2,2,1,TR,0
https://openalex.org/W1676490735,4,4,1,CN,0
https://openalex.org/W1676968779,2,2,1,PL,0
https://openalex.org/W1676990260,7,7,1,KR,0
https://openalex.org/W1677123219,6,6,1,TW,0
https://openalex.org/W1677178400,4,4,1,RO,0
https://openalex.org/W1680247738,5,7,1,JP,0
https://openalex.org/W1680988116,4,8,1,PL,0
https://openalex.org/W168286875,2,2,0,,0
https://openalex.org/W1689087203,3,3,1,GB,0
https://openalex.org/W1703841598,7,10,2,"IN,US",1
https://openalex.org/W1733050585,110,155,4,"AT,BE,FR,NL",1
https://openalex.org/W1735323273,3,3,1,US,0
https://openalex.org/W1749258668,5,5,0,,0
https://openalex.org/W1749432595,4,8,1,CN,0
https://openalex.org/W1749775190,5,6,2,"EG,YE",1
https://openalex.org/W1755384488,2,2,1,IN,0
https://openalex.org/W1776262918,3,3,1,JP,0
https://openalex.org/W1777008144,3,3,1,BR,0
https://openalex.org/W1777692122,14,14,1,US,0
https://openalex.org/W1778822350,6,6,1,BE,0
https://openalex.org/W1785341832,8,8,2,"CH,ES",1
https://openalex.org/W1795720206,1,1,0,,0
https://openalex.org/W1796826213,9,18,1,CN,0
https://openalex.org/W1812326103,4,5,2,"CN,TW",1
https://openalex.org/W1812926816,4,4,1,IT,0
https://openalex.org/W1815358618,7,7,3,"DE,FR,JP",1
https://openalex.org/W1819934384,5,12,1,CN,0
https://openalex.org/W1820095037,4,20,1,FR,0
https://openalex.org/W1825790251,2,2,0,,0
https://openalex.org/W1828302973,6,6,1,KR,0
https://openalex.org/W1830541475,3,3,1,CZ,0
https://openalex.org/W1846697502,2,2,1,GB,0
https://openalex.org/W1847130095,4,4,0,,0
https://openalex.org/W1847157271,2,2,1,NG,0
https://openalex.org/W1852357009,3,3,1,GB,0
https://openalex.org/W1866395342,5,9,1,US,0
https://openalex.org/W1866450186,15,15,1,US,0
https://openalex.org/W1867966642,2,2,1,DE,0
https://openalex.org/W1868617675,11,15,5,"FR,IT,KR,SE,US",1
https://openalex.org/W1872233672,2,2,1,US,0
https://openalex.org/W1878697132,4,4,1,IT,0
https://openalex.org/W1886015294,6,6,2,"DE,US",1
https://openalex.org/W1888372799,6,6,1,CN,0
https://openalex.org/W1892992985,3,3,1,PL,0
https://openalex.org/W1894300216,10,11,2,"GB,US",1
https://openalex.org/W1894785202,1,1,0,,0
https://openalex.org/W1896562561,2,2,1,IT,0
https://openalex.org/W1897220524,2,5,2,"NL,US",1
https://openalex.org/W1902735294,3,3,1,KR,0
https://openalex.org/W1904916506,3,3,1,MX,0
https://openalex.org/W1909043345,6,6,1,KR,0
https://openalex.org/W1921382275,1,1,0,,0
https://openalex.org/W1922197742,10,10,2,"DE,FR",1
https://openalex.org/W1923191753,3,3,1,CO,0
https://openalex.org/W1923204568,3,3,0,,0
https://openalex.org/W1925621430,2,2,1,TW,0
https://openalex.org/W1928146348,3,4,1,CN,0
https://openalex.org/W1940339653,3,4,1,IT,0
https://openalex.org/W1945399017,9,11,4,"PL,RS,RU,SI",1
https://openalex.org/W1953854867,3,3,1,SK,0
https://openalex.org/W1955208985,4,4,1,US,0
https://openalex.org/W1960330107,1,1,0,,0
https://openalex.org/W1960986188,2,2,1,US,0
https://openalex.org/W1961674104,7,7,4,"CA,IT,SI,UA",1
https://openalex.org/W1963502918,4,4,1,IN,0
https://openalex.org/W1963507713,2,2,1,JP,0
https://openalex.org/W1963554147,4,4,1,IN,0
https://openalex.org/W1963579838,4,4,1,CN,0
https://openalex.org/W1963582088,3,3,1,CA,0
https://openalex.org/W1963599876,5,5,1,JP,0
https://openalex.org/W1963650686,2,2,1,JP,0
https://openalex.org/W1963656833,5,6,1,CN,0
https://openalex.org/W1963663469,8,8,1,DE,0
https://openalex.org/W1963677204,4,4,1,CN,0
https://openalex.org/W1963681945,5,5,1,JP,0
https://openalex.org/W1963684328,3,6,1,CN,0
https://openalex.org/W1963685367,7,7,1,CN,0
https://openalex.org/W1963687201,7,8,1,CN,0
https://openalex.org/W1963692557,4,4,1,CN,0
https://openalex.org/W1963709520,2,2,1,IR,0
https://openalex.org/W1963743835,8,8,1,DE,0
https://openalex.org/W1963767955,4,4,2,"SG,TR",1
https://openalex.org/W1963771604,19,38,1,FR,0
https://openalex.org/W1963786711,2,2,1,IN,0
https://openalex.org/W1963793956,6,6,1,CN,0
https://openalex.org/W1963802813,2,2,1,RU,0
https://openalex.org/W1963808039,6,6,1,KR,0
https://openalex.org/W1963819339,5,5,1,US,0
https://openalex.org/W1963831968,9,9,1,CN,0
https://openalex.org/W1963866068,3,3,1,CN,0
https://openalex.org/W1963947330,2,2,1,TR,0
https://openalex.org/W1963951991,4,4,1,JP,0
https://openalex.org/W1963956770,11,11,3,"FR,GB,JP",1
https://openalex.org/W1963960601,4,7,2,"FR,SN",1
https://openalex.org/W1964010041,7,7,1,KR,0
https://openalex.org/W1964010237,2,2,1,IT,0
https://openalex.org/W1964034549,4,4,1,MX,0
https://openalex.org/W1964094979,6,6,1,DE,0
https://openalex.org/W1964109793,10,10,1,CH,0
https://openalex.org/W1964115162,6,6,1,SE,0
https://openalex.org/W1964133559,4,4,1,MY,0
https://openalex.org/W1964265790,1,1,0,,0
https://openalex.org/W1964272752,4,4,1,IN,0
https://openalex.org/W1964288511,5,5,1,CN,0
https://openalex.org/W1964294758,18,19,1,FR,0
https://openalex.org/W1964310332,7,7,1,FR,0
https://openalex.org/W1964318496,5,5,1,JP,0
https://openalex.org/W1964319578,3,3,1,JP,0
https://openalex.org/W1964329085,1,2,0,,0
https://openalex.org/W1964367110,4,4,1,JP,0
https://openalex.org/W1964375517,2,3,1,CN,0
https://openalex.org/W1964393567,12,12,1,DE,0
https://openalex.org/W1964416405,3,3,1,CZ,0
https://openalex.org/W1964452100,2,2,1,HK,0
https://openalex.org/W1964465909,3,3,1,JP,0
https://openalex.org/W1964471821,3,3,1,TN,0
https://openalex.org/W1964482325,3,3,1,MY,0
https://openalex.org/W1964495872,2,2,1,US,0
https://openalex.org/W1964496257,6,6,1,CZ,0
https://openalex.org/W1964510142,4,4,1,KR,0
https://openalex.org/W1964526044,5,6,1,KR,0
https://openalex.org/W1964537424,4,4,1,CZ,0
https://openalex.org/W1964566490,2,4,1,FR,0
https://openalex.org/W1964571781,1,1,0,,0
https://openalex.org/W1964575191,7,7,2,"KR,US",1
https://openalex.org/W1964580009,1,1,0,,0
https://openalex.org/W1964587769,9,9,1,DE,0
https://openalex.org/W1964589291,4,4,2,"NO,SK",1
https://openalex.org/W1964600766,3,3,1,EG,0
https://openalex.org/W1964651603,2,2,1,FI,0
https://openalex.org/W1964703976,8,8,1,IN,0
https://openalex.org/W1964713412,6,6,1,CA,0
https://openalex.org/W1964719940,6,6,1,UA,0
https://openalex.org/W1964738798,6,7,2,"GB,TR",1
https://openalex.org/W1964739271,2,2,1,CN,0
https://openalex.org/W1964750591,6,6,1,CN,0
https://openalex.org/W1964750772,7,7,1,US,0
https://openalex.org/W1964758863,4,4,1,IR,0
https://openalex.org/W1964764234,3,3,1,TW,0
https://openalex.org/W1964770275,7,7,1,US,0
https://openalex.org/W1964780849,7,7,1,JP,0
https://openalex.org/W1964848564,3,3,1,JP,0
https://openalex.org/W1964853914,1,1,0,,0
https://openalex.org/W1964864244,5,5,1,CN,0
https://openalex.org/W1964911679,3,3,1,IR,0
https://openalex.org/W1964934215,5,5,1,TW,0
https://openalex.org/W1964938643,5,6,1,CN,0
https://openalex.org/W1964959731,3,3,1,CN,0
https://openalex.org/W1964973452,5,5,1,CN,0
https://openalex.org/W1964981320,3,3,1,ES,0
https://openalex.org/W1964991707,3,3,1,CH,0
https://openalex.org/W1964997784,3,6,1,US,0
https://openalex.org/W1964999781,1,1,0,,0
https://openalex.org/W1965009221,7,7,2,"GB,US",1
https://openalex.org/W1965022419,3,3,1,US,0
https://openalex.org/W1965048618,3,3,1,IN,0
https://openalex.org/W1965061103,3,7,2,"CN,SG",1
https://openalex.org/W1965093204,9,9,2,"ES,FR",1
https://openalex.org/W1965094114,3,3,0,,0
https://openalex.org/W1965117988,4,4,1,IN,0
https://openalex.org/W1965120232,6,7,2,"CN,US",1
https://openalex.org/W1965133470,13,16,1,DE,0
https://openalex.org/W1965146773,3,3,1,TW,0
https://openalex.org/W1965162350,4,4,2,"CH,IN",1
https://openalex.org/W1965170711,4,8,1,FR,0
https://openalex.org/W1965171780,4,4,1,RU,0
https://openalex.org/W1965174107,3,5,2,"CN,KR",1
https://openalex.org/W1965280336,1,1,0,,0
https://openalex.org/W1965285902,4,4,1,JP,0
https://openalex.org/W1965323639,5,5,2,"GB,US",1
https://openalex.org/W1965338723,6,6,1,CN,0
https://openalex.org/W1965341888,4,4,1,CN,0
https://openalex.org/W1965355972,8,8,3,"CZ,RU,UA",1
https://openalex.org/W1965407608,5,5,1,US,0
https://openalex.org/W1965427114,4,4,1,US,0
https://openalex.org/W1965427297,10,10,1,JP,0
https://openalex.org/W1965429592,3,3,1,TW,0
https://openalex.org/W1965449833,4,4,2,"CL,DE",1
https://openalex.org/W1965451542,1,1,0,,0
https://openalex.org/W1965500795,6,6,2,"GB,SE",1
https://openalex.org/W1965508165,5,5,1,KR,0
https://openalex.org/W1965515207,11,11,3,"FR,RU,US",1
https://openalex.org/W1965537807,2,2,1,MY,0
https://openalex.org/W1965542764,5,6,1,JP,0
https://openalex.org/W1965542887,5,6,3,"GB,RU,SE",1
https://openalex.org/W1965560040,2,2,1,JP,0
https://openalex.org/W1965561024,5,7,1,US,0
https://openalex.org/W1965585826,4,10,2,"BR,FR",1
https://openalex.org/W1965592007,5,5,1,CN,0
https://openalex.org/W1965613483,3,3,1,CN,0
https://openalex.org/W1965622551,5,5,1,CN,0
https://openalex.org/W1965661439,4,4,1,PK,0
https://openalex.org/W1965684330,1,1,0,,0
https://openalex.org/W1965692680,3,3,1,DE,0
https://openalex.org/W1965704989,3,6,1,JP,0
https://openalex.org/W1965731577,6,8,1,CN,0
https://openalex.org/W1965739972,4,5,1,SG,0
https://openalex.org/W1965747506,2,2,1,JP,0
https://openalex.org/W1965752359,4,4,1,IN,0
https://openalex.org/W1965768639,5,9,1,TR,0
https://openalex.org/W1965769936,5,5,1,BR,0
https://openalex.org/W1965793656,3,3,1,IR,0
https://openalex.org/W1965834235,2,2,1,RU,0
https://openalex.org/W1965884564,7,7,1,US,0
https://openalex.org/W1965910192,3,4,1,GR,0
https://openalex.org/W1965914996,6,6,2,"DE,RU",1
https://openalex.org/W1965915995,16,32,1,FR,0
https://openalex.org/W1965920536,6,8,2,"FR,IN",1
https://openalex.org/W1965945764,6,8,2,"PL,RU",1
https://openalex.org/W1965967157,7,9,1,JP,0
https://openalex.org/W1965976424,7,8,2,"GB,RO",1
https://openalex.org/W1966019126,4,4,2,"JO,US",1
https://openalex.org/W1966026874,2,2,1,US,0
https://openalex.org/W1966038139,3,3,1,ES,0
https://openalex.org/W1966055154,3,3,1,US,0
https://openalex.org/W1966061808,3,3,1,US,0
https://openalex.org/W1966072671,5,5,1,BR,0
https://openalex.org/W1966079781,6,7,1,CN,0
https://openalex.org/W1966082188,2,2,1,TW,0
https://openalex.org/W1966091464,6,9,2,"CN,TR",1
https://openalex.org/W1966092081,3,3,1,IN,0
https://openalex.org/W1966112868,6,6,1,CZ,0
https://openalex.org/W1966118715,3,3,1,CN,0
https://openalex.org/W1966172920,4,4,1,TW,0
https://openalex.org/W1966188814,3,3,2,"AU,IE",1
https://openalex.org/W1966197693,10,10,0,,0
https://openalex.org/W1966198572,4,6,1,NL,0
https://openalex.org/W1966221529,2,2,1,JP,0
https://openalex.org/W1966228263,5,7,1,CN,0
https://openalex.org/W1966251111,2,2,1,IN,0
https://openalex.org/W1966292766,4,4,1,JP,0
https://openalex.org/W1966302239,4,6,1,CN,0
https://openalex.org/W1966347926,5,15,1,FR,0
https://openalex.org/W1966350826,6,12,1,RU,0
https://openalex.org/W1966425216,4,4,1,JP,0
https://openalex.org/W1966430485,3,3,1,CN,0
https://openalex.org/W1966433811,10,10,1,IT,0
https://openalex.org/W1966457158,3,3,1,RU,0
https://openalex.org/W1966467619,5,5,1,KR,0
https://openalex.org/W1966470407,20,20,2,"JP,SI",1
https://openalex.org/W1966475265,4,8,1,IN,0
https://openalex.org/W1966491593,5,5,1,AT,0
https://openalex.org/W1966494280,4,7,1,US,0
https://openalex.org/W1966497695,3,3,1,NL,0
https://openalex.org/W1966523981,3,3,1,IT,0
https://openalex.org/W1966565835,5,5,1,SE,0
https://openalex.org/W1966601998,5,5,1,JP,0
https://openalex.org/W1966634117,19,26,2,"CH,IT",1
https://openalex.org/W1966646595,4,4,3,"AU,GB,NO",1
https://openalex.org/W1966658943,2,3,2,"CN,US",1
https://openalex.org/W1966703700,2,2,1,CN,0
https://openalex.org/W1966705200,2,2,2,"IN,JP",1
https://openalex.org/W1966715811,1,2,0,,0
https://openalex.org/W1966752893,3,3,1,HR,0
https://openalex.org/W1966775454,4,4,1,IT,0
https://openalex.org/W1966782983,5,5,0,,0
https://openalex.org/W1966785114,9,13,2,"CN,ES",1
https://openalex.org/W1966788803,5,5,2,"CZ,DE",1
https://openalex.org/W1966792045,7,7,0,,0
https://openalex.org/W1966792241,4,4,1,IR,0
https://openalex.org/W1966801977,5,7,2,"CN,NO",1
https://openalex.org/W1966873642,3,3,1,CN,0
https://openalex.org/W1966889561,1,1,0,,0
https://openalex.org/W1966900284,3,9,1,JP,0
https://openalex.org/W1966901255,9,9,2,"CN,JP",1
https://openalex.org/W1966906652,2,2,1,IN,0
https://openalex.org/W1966952630,3,5,1,US,0
https://openalex.org/W1966966902,5,5,2,"CN,GB",1
https://openalex.org/W1967014342,6,6,1,SE,0
https://openalex.org/W1967023785,2,2,1,CN,0
https://openalex.org/W1967025743,5,5,1,TW,0
https://openalex.org/W1967035025,5,5,2,"CN,JP",1
https://openalex.org/W1967039512,13,13,1,US,0
https://openalex.org/W1967042278,6,6,1,KR,0
https://openalex.org/W1967099836,6,6,1,CN,0
https://openalex.org/W1967105304,3,3,1,IN,0
https://openalex.org/W1967116092,5,5,1,CN,0
https://openalex.org/W1967120323,7,13,1,CN,0
https://openalex.org/W1967131371,1,1,0,,0
https://openalex.org/W1967149408,8,8,1,CA,0
https://openalex.org/W1967152347,4,4,1,IL,0
https://openalex.org/W1967153826,3,3,1,KR,0
https://openalex.org/W1967232141,2,2,2,"BE,NL",1
https://openalex.org/W1967283183,2,2,1,ES,0
https://openalex.org/W1967321944,6,6,1,KR,0
https://openalex.org/W1967329965,4,4,1,JP,0
https://openalex.org/W1967333070,9,9,1,CN,0
https://openalex.org/W1967360525,3,3,1,DE,0
https://openalex.org/W1967362557,5,5,1,CN,0
https://openalex.org/W1967408580,3,3,1,US,0
https://openalex.org/W1967411186,5,5,1,CN,0
https://openalex.org/W1967427126,3,3,1,EG,0
https://openalex.org/W1967460895,3,3,1,PL,0
https://openalex.org/W1967475324,4,5,2,"CA,IT",1
https://openalex.org/W1967490571,3,3,1,TW,0
https://openalex.org/W1967517860,4,4,1,CN,0
https://openalex.org/W1967539629,2,2,1,EC,0
https://openalex.org/W1967567364,4,4,2,"ES,FR",1
https://openalex.org/W1967574562,47,50,6,"DE,ES,FI,FR,GB,NL",1
https://openalex.org/W1967628516,5,5,0,,0
https://openalex.org/W1967631885,3,3,1,CN,0
https://openalex.org/W1967635402,2,2,1,CZ,0
https://openalex.org/W1967666470,3,3,1,CN,0
https://openalex.org/W1967669703,5,5,1,RO,0
https://openalex.org/W1967700552,1,1,0,,0
https://openalex.org/W1967701398,1,1,0,,0
https://openalex.org/W1967714983,5,10,1,CN,0
https://openalex.org/W1967743788,5,5,1,IN,0
https://openalex.org/W1967753006,2,3,1,CN,0
https://openalex.org/W1967759277,3,4,3,"FR,GB,KR",1
https://openalex.org/W1967768777,3,3,1,IQ,0
https://openalex.org/W1967770664,5,5,1,IN,0
https://openalex.org/W1967776612,8,8,1,CZ,0
https://openalex.org/W1967790282,4,4,1,IT,0
https://openalex.org/W1967798143,9,9,2,"CN,SG",1
https://openalex.org/W1967849031,5,5,1,TW,0
https://openalex.org/W1967853585,4,4,1,RU,0
https://openalex.org/W1967864206,4,4,1,CN,0
https://openalex.org/W1967865444,3,3,1,IR,0
https://openalex.org/W1967870608,5,5,1,CN,0
https://openalex.org/W1967901144,4,4,1,JP,0
https://openalex.org/W1967905705,5,5,1,IN,0
https://openalex.org/W1967913931,4,4,1,NZ,0
https://openalex.org/W1967940756,3,3,1,TW,0
https://openalex.org/W1967941022,3,3,1,HU,0
https://openalex.org/W1967950654,5,5,2,"FR,SK",1
https://openalex.org/W1967973302,2,2,1,IN,0
https://openalex.org/W1968004670,8,8,1,MX,0
https://openalex.org/W1968027183,3,3,1,CN,0
https://openalex.org/W1968046148,3,3,1,SE,0
https://openalex.org/W1968071736,5,5,1,CN,0
https://openalex.org/W1968085769,5,5,2,"ID,JP",1
https://openalex.org/W1968102521,4,4,1,KR,0
https://openalex.org/W1968127699,5,5,1,KR,0
https://openalex.org/W1968143815,3,3,1,JP,0
https://openalex.org/W1968145392,3,4,2,"CN,HK",1
https://openalex.org/W1968160380,2,2,1,EG,0
https://openalex.org/W1968167502,4,4,2,"DK,US",1
https://openalex.org/W1968189297,5,5,1,CN,0
https://openalex.org/W1968202049,7,7,1,KR,0
https://openalex.org/W1968212920,12,21,3,"CZ,IT,PL",1
https://openalex.org/W1968217184,5,5,2,"FI,NL",1
https://openalex.org/W1968224480,2,2,2,"CN,SE",1
https://openalex.org/W1968229698,1,1,0,,0
https://openalex.org/W1968284894,2,2,1,TR,0
https://openalex.org/W1968318134,7,7,1,CN,0
https://openalex.org/W1968346792,4,4,1,CN,0
https://openalex.org/W1968375185,3,3,1,VE,0
https://openalex.org/W1968381662,5,5,1,CN,0
https://openalex.org/W1968390772,2,2,1,BR,0
https://openalex.org/W1968397388,6,6,1,RU,0
https://openalex.org/W1968406102,7,7,1,JP,0
https://openalex.org/W1968423735,6,8,1,BR,0
https://openalex.org/W1968435763,1,1,0,,0
https://openalex.org/W1968437648,2,2,1,CA,0
https://openalex.org/W1968444860,11,11,3,"BR,PT,RU",1
https://openalex.org/W1968491718,2,2,1,DE,0
https://openalex.org/W1968515388,6,12,1,IE,0
https://openalex.org/W1968525924,8,8,1,DE,0
https://openalex.org/W1968532959,5,5,1,TW,0
https://openalex.org/W1968538154,2,2,1,KR,0
https://openalex.org/W1968555230,8,8,1,TW,0
https://openalex.org/W1968572931,4,4,1,CN,0
https://openalex.org/W1968604524,7,14,1,CN,0
https://openalex.org/W1968608755,5,5,1,RU,0
https://openalex.org/W1968622792,3,3,1,US,0
https://openalex.org/W1968659740,5,15,1,IN,0
https://openalex.org/W1968664718,10,10,2,"GB,SK",1
https://openalex.org/W1968672646,4,4,1,TW,0
https://openalex.org/W1968704949,3,3,1,CN,0
https://openalex.org/W1968707865,6,6,1,RU,0
https://openalex.org/W1968720792,4,4,1,US,0
https://openalex.org/W1968730327,2,2,1,CN,0
https://openalex.org/W1968792677,4,4,1,GB,0
https://openalex.org/W1968807486,2,2,0,,0
https://openalex.org/W1968816444,3,3,1,TJ,0
https://openalex.org/W1968848873,6,7,1,CN,0
https://openalex.org/W1968848953,2,2,1,UA,0
https://openalex.org/W1968849796,8,8,2,"CZ,SK",1
https://openalex.org/W1968871631,1,1,0,,0
https://openalex.org/W1968881008,4,4,2,"RS,US",1
https://openalex.org/W1968889349,2,2,1,IR,0
https://openalex.org/W1968900854,6,6,1,US,0
https://openalex.org/W1968929719,2,2,1,IR,0
https://openalex.org/W1968953572,5,5,2,"KR,US",1
https://openalex.org/W1968959615,5,6,2,"DK,IT",1
https://openalex.org/W1968968370,7,8,3,"FR,PL,UA",1
https://openalex.org/W1968969143,3,3,2,"JP,PL",1
https://openalex.org/W1968987125,8,10,2,"CN,JP",1
https://openalex.org/W1969025685,2,2,1,TW,0
https://openalex.org/W1969029459,1,1,0,,0
https://openalex.org/W1969029921,3,3,1,CN,0
https://openalex.org/W1969056789,2,3,1,US,0
https://openalex.org/W1969085464,1,1,0,,0
https://openalex.org/W1969085784,4,4,1,SA,0
https://openalex.org/W1969088835,5,5,2,"CA,JP",1
https://openalex.org/W1969091702,6,10,1,JP,0
https://openalex.org/W1969096120,2,2,1,FR,0
https://openalex.org/W1969134611,4,4,1,CN,0
https://openalex.org/W1969147200,3,3,1,US,0
https://openalex.org/W1969162473,5,19,1,FR,0
https://openalex.org/W1969163400,4,7,1,PK,0
https://openalex.org/W1969180048,8,9,1,CN,0
https://openalex.org/W1969184753,7,7,1,TW,0
https://openalex.org/W1969189558,6,6,1,DE,0
https://openalex.org/W1969193536,3,4,1,DE,0
https://openalex.org/W1969218530,7,7,1,US,0
https://openalex.org/W1969234569,4,4,1,IT,0
https://openalex.org/W1969287582,4,4,1,SG,0
https://openalex.org/W1969302278,2,2,1,CN,0
https://openalex.org/W1969303262,5,5,2,"CH,PT",1
https://openalex.org/W1969309829,3,3,1,CA,0
https://openalex.org/W1969320080,4,4,1,TW,0
https://openalex.org/W1969382438,4,5,1,CN,0
https://openalex.org/W1969399858,6,7,2,"CN,DE",1
https://openalex.org/W1969420035,2,2,1,IR,0
https://openalex.org/W1969423607,5,5,1,JP,0
https://openalex.org/W1969440416,5,5,1,JP,0
https://openalex.org/W1969440782,1,1,0,,0
https://openalex.org/W1969497599,5,8,2,"FR,RU",1
https://openalex.org/W1969504456,4,4,1,CN,0
https://openalex.org/W1969527026,7,7,1,CN,0
https://openalex.org/W1969530042,4,4,1,KR,0
https://openalex.org/W1969550590,6,6,1,JP,0
https://openalex.org/W1969555949,4,4,1,IN,0
https://openalex.org/W1969569899,4,5,1,CN,0
https://openalex.org/W1969621123,4,4,2,"JP,SI",1
https://openalex.org/W1969640291,2,2,1,JP,0
https://openalex.org/W1969649289,4,4,1,IN,0
https://openalex.org/W1969679266,4,4,2,"EE,ES",1
https://openalex.org/W1969682316,6,7,3,"GB,GR,TR",1
https://openalex.org/W1969700384,4,4,1,KR,0
https://openalex.org/W1969705987,6,6,1,RU,0
https://openalex.org/W1969746418,2,2,1,KR,0
https://openalex.org/W1969767096,4,12,1,FR,0
https://openalex.org/W1969781669,8,8,1,RU,0
https://openalex.org/W1969792038,5,5,1,CN,0
https://openalex.org/W1969792746,4,4,2,"BR,IT",1
https://openalex.org/W1969793929,3,3,2,"GB,US",1
https://openalex.org/W1969812701,4,4,2,"KR,RU",1
https://openalex.org/W1969829885,2,2,1,JP,0
https://openalex.org/W1969831981,4,4,1,BR,0
https://openalex.org/W1969835578,4,12,2,"RU,US",1
https://openalex.org/W1969863792,8,8,2,"MY,ZA",1
https://openalex.org/W1969878177,8,8,1,JP,0
https://openalex.org/W1969884653,5,5,1,CN,0
https://openalex.org/W1969918489,6,6,1,US,0
https://openalex.org/W1969925309,2,4,1,FR,0
https://openalex.org/W1969926890,5,5,2,"SG,TW",1
https://openalex.org/W1969957368,5,10,1,CN,0
https://openalex.org/W1969960116,3,3,1,CH,0
https://openalex.org/W1970008647,6,6,2,"IN,KR",1
https://openalex.org/W1970037267,6,6,1,MX,0
https://openalex.org/W1970088892,2,2,1,SG,0
https://openalex.org/W1970105537,2,2,1,US,0
https://openalex.org/W1970117319,3,3,2,"AT,HU",1
https://openalex.org/W1970125584,2,2,1,HU,0
https://openalex.org/W1970136295,11,11,1,JP,0
https://openalex.org/W1970238247,2,2,1,JP,0
https://openalex.org/W1970266485,4,5,1,IN,0
https://openalex.org/W1970274514,9,10,3,"IT,JP,US",1
https://openalex.org/W1970277707,4,12,1,CN,0
https://openalex.org/W1970287205,7,7,1,IT,0
https://openalex.org/W1970296731,2,4,1,FR,0
https://openalex.org/W1970311247,4,4,1,CN,0
https://openalex.org/W1970311750,2,2,1,US,0
https://openalex.org/W1970347834,7,7,1,CN,0
https://openalex.org/W1970349845,2,2,1,CN,0
https://openalex.org/W1970359312,6,7,1,TW,0
https://openalex.org/W1970374408,5,6,2,"AU,CN",1
https://openalex.org/W1970389563,2,2,1,CN,0
https://openalex.org/W1970391787,4,4,1,PT,0
https://openalex.org/W1970421842,4,5,1,US,0
https://openalex.org/W1970425424,3,6,1,TR,0
https://openalex.org/W1970425441,3,3,1,GB,0
https://openalex.org/W1970454687,4,5,1,CN,0
https://openalex.org/W1970459210,3,6,1,HK,0
https://openalex.org/W1970483105,13,13,1,US,0
https://openalex.org/W1970486977,3,3,1,US,0
https://openalex.org/W1970513370,4,4,1,MA,0
https://openalex.org/W1970550331,6,6,1,RU,0
https://openalex.org/W1970551516,5,5,2,"RU,US",1
https://openalex.org/W1970566448,1,2,0,,0
https://openalex.org/W1970567886,6,6,1,IN,0
https://openalex.org/W1970569425,3,3,1,IR,0
https://openalex.org/W1970609158,3,3,1,RU,0
https://openalex.org/W1970619002,1,1,0,,0
https://openalex.org/W1970628513,5,5,1,US,0
https://openalex.org/W1970671756,4,4,2,"JP,US",1
https://openalex.org/W1970686489,2,2,1,RU,0
https://openalex.org/W1970699209,5,5,1,RU,0
https://openalex.org/W1970703911,8,8,1,CN,0
https://openalex.org/W1970707766,5,5,1,JP,0
https://openalex.org/W1970719606,3,3,1,BR,0
https://openalex.org/W1970744926,6,6,1,US,0
https://openalex.org/W1970748534,6,6,1,CN,0
https://openalex.org/W1970749942,2,2,1,IR,0
https://openalex.org/W1970778678,7,7,0,,0
https://openalex.org/W1970782496,6,6,1,JP,0
https://openalex.org/W1970789316,17,24,7,"AT,CZ,DK,ES,FR,GR,IT",1
https://openalex.org/W1970790028,3,3,1,IN,0
https://openalex.org/W1970807589,5,5,2,"IN,KR",1
https://openalex.org/W1970818565,4,4,2,"JO,KW",1
https://openalex.org/W1970835462,6,6,1,VE,0
https://openalex.org/W1970844765,3,5,1,RU,0
https://openalex.org/W1970874682,3,4,1,DE,0
https://openalex.org/W1970878849,7,7,1,CN,0
https://openalex.org/W1970900528,2,2,1,DE,0
https://openalex.org/W1970902078,8,16,2,"JP,US",1
https://openalex.org/W1970928897,6,6,1,SG,0
https://openalex.org/W1970930615,3,3,2,"IN,JP",1
https://openalex.org/W1970931450,28,28,1,JP,0
https://openalex.org/W1970945086,4,4,1,MX,0
https://openalex.org/W1970947208,1,2,0,,0
https://openalex.org/W1970963094,4,4,1,DE,0
https://openalex.org/W1970970853,2,2,1,TH,0
https://openalex.org/W1971003907,5,5,0,,0
https://openalex.org/W1971034798,3,3,1,DE,0
https://openalex.org/W1971043168,4,4,1,TW,0
https://openalex.org/W1971057583,2,2,1,JP,0
https://openalex.org/W1971057793,1,1,0,,0
https://openalex.org/W1971071334,3,3,0,,0
https://openalex.org/W1971074733,3,3,1,JP,0
https://openalex.org/W1971077706,4,4,1,JP,0
https://openalex.org/W1971081014,2,2,1,MY,0
https://openalex.org/W1971082721,3,3,1,IN,0
https://openalex.org/W1971094754,3,3,1,IN,0
https://openalex.org/W1971105834,4,4,1,CN,0
https://openalex.org/W1971105927,5,5,1,JP,0
https://openalex.org/W1971117057,1,1,0,,0
https://openalex.org/W1971157344,4,4,1,TW,0
https://openalex.org/W1971220086,4,4,1,IT,0
https://openalex.org/W1971229266,5,5,1,DE,0
https://openalex.org/W1971231354,6,6,1,RU,0
https://openalex.org/W1971248530,3,4,1,HU,0
https://openalex.org/W1971282930,5,5,1,MY,0
https://openalex.org/W1971287641,11,25,3,"ES,IN,KR",1
https://openalex.org/W1971352066,4,8,1,IT,0
https://openalex.org/W1971371634,6,6,1,KR,0
https://openalex.org/W1971376913,3,3,1,CN,0
https://openalex.org/W1971416592,5,9,1,US,0
https://openalex.org/W1971419320,7,7,1,IL,0
https://openalex.org/W1971426069,3,3,1,HK,0
https://openalex.org/W1971432127,10,10,2,"EE,SE",1
https://openalex.org/W1971445151,3,3,1,JP,0
https://openalex.org/W1971491625,5,5,1,US,0
https://openalex.org/W1971503902,2,4,1,US,0
https://openalex.org/W1971524650,6,6,1,US,0
https://openalex.org/W1971525482,4,4,1,CN,0
https://openalex.org/W1971527982,6,6,1,NL,0
https://openalex.org/W1971543350,3,3,1,JP,0
https://openalex.org/W1971566511,4,4,1,US,0
https://openalex.org/W1971592504,2,2,1,KR,0
https://openalex.org/W1971643137,5,5,1,TW,0
https://openalex.org/W1971657417,1,1,0,,0
https://openalex.org/W1971659266,7,7,2,"CN,KR",1
https://openalex.org/W1971684137,1,1,0,,0
https://openalex.org/W1971690882,6,6,1,US,0
https://openalex.org/W1971702003,7,7,1,NO,0
https://openalex.org/W1971710097,3,3,2,"CZ,SK",1
https://openalex.org/W1971719272,6,12,2,"HU,US",1
https://openalex.org/W1971720051,1,1,0,,0
https://openalex.org/W1971730588,3,3,1,CN,0
https://openalex.org/W1971732276,5,5,1,CN,0
https://openalex.org/W1971758945,4,4,2,"AT,AU",1
https://openalex.org/W1971765209,11,21,1,FR,0
https://openalex.org/W1971782262,6,6,1,CN,0
https://openalex.org/W1971782683,1,1,0,,0
https://openalex.org/W1971791799,2,2,1,US,0
https://openalex.org/W1971794343,6,7,2,"MX,US",1
https://openalex.org/W1971796810,5,8,1,PL,0
https://openalex.org/W1971799809,4,4,1,IR,0
https://openalex.org/W1971800767,6,6,1,JP,0
https://openalex.org/W1971827553,2,2,1,RU,0
https://openalex.org/W1971835423,2,2,1,GB,0
https://openalex.org/W1971856819,10,10,1,CN,0
https://openalex.org/W1971858868,19,19,3,"JP,MM,VN",1
https://openalex.org/W1971898531,7,7,2,"BG,DE",1
https://openalex.org/W1971914896,2,3,1,AU,0
https://openalex.org/W1971954753,3,3,1,IN,0
https://openalex.org/W1971974644,3,3,1,CN,0
https://openalex.org/W1971995772,1,1,0,,0
https://openalex.org/W1972019349,4,5,1,CN,0
https://openalex.org/W1972027048,4,6,1,KR,0
https://openalex.org/W1972028765,5,5,1,JP,0
https://openalex.org/W1972035807,5,5,1,IT,0
https://openalex.org/W1972047115,7,9,2,"DE,RU",1
https://openalex.org/W1972047742,4,4,1,EE,0
https://openalex.org/W1972050373,3,3,1,FR,0
https://openalex.org/W1972101292,5,5,1,RU,0
https://openalex.org/W1972124496,5,15,1,CN,0
https://openalex.org/W1972152245,4,5,1,CN,0
https://openalex.org/W1972156525,4,4,1,US,0
https://openalex.org/W1972198608,5,5,1,IN,0
https://openalex.org/W1972214659,6,6,1,CN,0
https://openalex.org/W1972223445,3,3,1,DE,0
https://openalex.org/W1972225964,4,4,1,CN,0
https://openalex.org/W1972235025,2,2,1,US,0
https://openalex.org/W1972241305,5,8,2,"FR,US",1
https://openalex.org/W1972254111,3,3,1,JP,0
https://openalex.org/W1972285504,2,2,1,JP,0
https://openalex.org/W1972292854,10,20,1,CN,0
https://openalex.org/W1972304941,5,5,1,CN,0
https://openalex.org/W1972307768,2,3,1,AR,0
https://openalex.org/W1972330268,4,4,1,TW,0
https://openalex.org/W1972367215,15,15,1,KR,0
https://openalex.org/W1972379595,6,6,1,RU,0
https://openalex.org/W1972411039,5,5,1,CN,0
https://openalex.org/W1972425322,27,28,5,"CH,FR,IT,RO,US",1
https://openalex.org/W1972442146,4,8,2,"EG,US",1
https://openalex.org/W1972447776,3,3,1,KR,0
https://openalex.org/W1972448158,2,2,1,JP,0
https://openalex.org/W1972461768,4,4,0,,0
https://openalex.org/W1972463697,5,11,2,"DZ,FR",1
https://openalex.org/W1972472065,12,24,1,DE,0
https://openalex.org/W1972480648,6,6,1,KR,0
https://openalex.org/W1972539705,2,2,1,SA,0
https://openalex.org/W1972552640,4,4,1,RU,0
https://openalex.org/W1972563478,2,3,1,FR,0
https://openalex.org/W1972572607,2,6,1,CA,0
https://openalex.org/W1972583497,6,6,1,DK,0
https://openalex.org/W1972596834,3,6,1,BR,0
https://openalex.org/W1972635081,2,2,1,RU,0
https://openalex.org/W1972642330,6,6,2,"KR,US",1
https://openalex.org/W1972650102,6,6,1,JP,0
https://openalex.org/W1972672449,4,4,1,BR,0
https://openalex.org/W1972680926,1,1,0,,0
https://openalex.org/W1972712155,3,3,1,RU,0
https://openalex.org/W1972722419,3,3,2,"CN,SG",1
https://openalex.org/W1972728432,3,3,1,IR,0
https://openalex.org/W1972752480,4,4,1,CN,0
https://openalex.org/W1972762790,3,6,1,CN,0
https://openalex.org/W1972786319,9,9,2,"JP,TR",1
https://openalex.org/W1972822467,2,3,1,JP,0
https://openalex.org/W1972829177,6,6,1,HR,0
https://openalex.org/W1972835217,5,5,1,JP,0
https://openalex.org/W1972852404,3,3,1,IN,0
https://openalex.org/W1972884348,5,5,1,CN,0
https://openalex.org/W1972892801,3,3,1,IR,0
https://openalex.org/W1972892844,1,1,0,,0
https://openalex.org/W1972937615,4,4,1,KR,0
https://openalex.org/W1972941289,4,4,1,TW,0
https://openalex.org/W1972944111,2,2,1,JP,0
https://openalex.org/W1972964406,8,13,1,FR,0
https://openalex.org/W1972995117,1,1,0,,0
https://openalex.org/W1973019668,6,6,1,JP,0
https://openalex.org/W1973038824,5,5,1,DE,0
https://openalex.org/W1973040979,8,14,1,BR,0
https://openalex.org/W1973044341,9,13,1,JP,0
https://openalex.org/W1973078455,4,4,1,CN,0
https://openalex.org/W1973085310,4,4,1,CN,0
https://openalex.org/W1973092747,3,3,1,JP,0
https://openalex.org/W1973093689,5,5,3,"CZ,DE,SK",1
https://openalex.org/W1973105828,2,2,1,KR,0
https://openalex.org/W1973144953,7,7,2,"IN,KR",1
https://openalex.org/W1973181081,4,4,1,ES,0
https://openalex.org/W1973181610,4,4,1,KR,0
https://openalex.org/W1973193160,5,6,1,TH,0
https://openalex.org/W1973199007,6,6,1,CN,0
https://openalex.org/W1973214781,7,13,1,US,0
https://openalex.org/W1973226860,8,14,1,JP,0
https://openalex.org/W1973228999,5,5,2,"GB,MX",1
https://openalex.org/W1973238329,6,6,1,CN,0
https://openalex.org/W1973249199,10,14,2,"AU,US",1
https://openalex.org/W1973255446,5,5,1,IR,0
https://openalex.org/W1973266364,3,3,1,IN,0
https://openalex.org/W1973269101,8,8,1,CN,0
https://openalex.org/W1973276023,7,11,3,"CH,DE,RU",1
https://openalex.org/W1973295638,4,4,1,IT,0
https://openalex.org/W1973300510,5,5,1,IN,0
https://openalex.org/W1973301002,4,4,1,IT,0
https://openalex.org/W1973331675,4,4,1,NL,0
https://openalex.org/W1973373322,6,6,1,CN,0
https://openalex.org/W1973386102,3,3,1,CA,0
https://openalex.org/W1973405668,5,5,1,JP,0
https://openalex.org/W1973413395,3,3,1,US,0
https://openalex.org/W1973427041,3,3,1,US,0
https://openalex.org/W1973434054,2,2,0,,0
https://openalex.org/W1973442527,4,4,1,JP,0
https://openalex.org/W1973464375,6,10,1,CN,0
https://openalex.org/W1973466525,3,3,1,DE,0
https://openalex.org/W1973467538,8,8,1,CN,0
https://openalex.org/W1973469543,3,3,1,JP,0
https://openalex.org/W1973470996,3,3,1,FR,0
https://openalex.org/W1973473783,9,9,1,US,0
https://openalex.org/W1973483933,2,2,1,UA,0
https://openalex.org/W1973517534,5,5,1,JP,0
https://openalex.org/W1973538442,7,7,1,US,0
https://openalex.org/W1973574000,7,8,1,US,0
https://openalex.org/W1973598663,2,4,1,IT,0
https://openalex.org/W1973618862,4,12,2,"CH,FR",1
https://openalex.org/W1973625866,1,1,0,,0
https://openalex.org/W1973639662,4,4,1,SE,0
https://openalex.org/W1973640290,6,6,1,CN,0
https://openalex.org/W1973663676,11,18,1,CH,0
https://openalex.org/W1973666000,7,33,1,FR,0
https://openalex.org/W1973673107,5,5,1,TW,0
https://openalex.org/W1973704546,5,5,2,"GB,NO",1
https://openalex.org/W1973724050,3,3,1,IR,0
https://openalex.org/W1973729147,2,2,1,GB,0
https://openalex.org/W1973744976,5,5,1,IN,0
https://openalex.org/W1973748066,9,9,1,RO,0
https://openalex.org/W1973761047,5,5,2,"GB,JP",1
https://openalex.org/W1973765594,4,4,1,JP,0
https://openalex.org/W1973780920,3,3,1,CN,0
https://openalex.org/W1973783051,6,6,1,CZ,0
https://openalex.org/W1973803189,4,6,1,US,0
https://openalex.org/W1973813182,4,4,1,ES,0
https://openalex.org/W1973813765,3,3,1,CN,0
https://openalex.org/W1973814751,3,3,1,CN,0
https://openalex.org/W1973818053,6,6,2,"IN,US",1
https://openalex.org/W1973843202,4,4,1,KR,0
https://openalex.org/W1973872768,9,9,1,US,0
https://openalex.org/W1973876731,3,3,0,,0
https://openalex.org/W1973883363,6,6,1,US,0
https://openalex.org/W1973897614,7,7,2,"NO,SE",1
https://openalex.org/W1973901217,5,5,1,CH,0
https://openalex.org/W1973927573,2,2,0,,0
https://openalex.org/W1973930964,2,2,1,US,0
https://openalex.org/W1973955096,4,4,1,TW,0
https://openalex.org/W1973976654,3,3,1,TW,0
https://openalex.org/W1973997177,10,10,1,JP,0
https://openalex.org/W1974007321,3,3,1,HR,0
https://openalex.org/W1974009878,2,2,1,AR,0
https://openalex.org/W1974021360,6,6,1,US,0
https://openalex.org/W1974023183,1,1,0,,0
https://openalex.org/W1974038097,6,6,1,DZ,0
https://openalex.org/W1974045639,1,1,0,,0
https://openalex.org/W1974045931,6,6,1,RU,0
https://openalex.org/W1974046249,3,3,2,"CN,HK",1
https://openalex.org/W1974049682,3,3,1,ES,0
https://openalex.org/W1974098174,7,22,2,"FR,PL",1
https://openalex.org/W1974110462,6,6,2,"DE,ES",1
https://openalex.org/W1974133862,1,1,0,,0
https://openalex.org/W1974140108,5,5,0,,0
https://openalex.org/W1974142623,6,6,1,DE,0
https://openalex.org/W1974149098,5,5,1,TW,0
https://openalex.org/W1974172697,4,5,1,CN,0
https://openalex.org/W1974186973,4,4,1,CN,0
https://openalex.org/W1974203785,2,2,1,US,0
https://openalex.org/W1974204543,2,2,1,JP,0
https://openalex.org/W1974281396,5,5,1,BR,0
https://openalex.org/W1974291638,2,2,1,US,0
https://openalex.org/W1974295157,3,3,1,TW,0
https://openalex.org/W1974310120,3,3,1,IN,0
https://openalex.org/W1974322542,4,4,2,"CA,CN",1
https://openalex.org/W1974332063,3,5,2,"CA,CN",1
https://openalex.org/W1974336318,11,11,2,"DE,ES",1
https://openalex.org/W1974348027,6,6,1,PL,0
https://openalex.org/W1974362203,3,3,1,IN,0
https://openalex.org/W1974379531,1,1,0,,0
https://openalex.org/W1974379918,6,6,1,KR,0
https://openalex.org/W1974401529,4,4,1,RO,0
https://openalex.org/W1974403321,2,2,1,JP,0
https://openalex.org/W1974405663,3,3,1,GB,0
https://openalex.org/W1974412107,4,4,2,"CN,US",1
https://openalex.org/W1974472980,4,4,1,KR,0
https://openalex.org/W1974475739,4,8,1,CN,0
https://openalex.org/W1974498253,4,4,1,US,0
https://openalex.org/W1974500086,3,3,1,CN,0
https://openalex.org/W1974500168,12,12,1,US,0
https://openalex.org/W1974529465,2,2,1,JP,0
https://openalex.org/W1974539112,4,4,2,"CL,VE",1
https://openalex.org/W1974539673,6,6,2,"MX,US",1
https://openalex.org/W1974551908,9,10,1,KR,0
https://openalex.org/W1974569256,5,12,2,"FR,US",1
https://openalex.org/W1974613448,7,7,1,DE,0
https://openalex.org/W1974633300,3,3,1,JP,0
https://openalex.org/W1974637087,8,9,2,"CO,IT",1
https://openalex.org/W1974652244,4,4,1,PL,0
https://openalex.org/W1974674603,8,9,1,IT,0
https://openalex.org/W1974676302,3,5,3,"IT,TR,US",1
https://openalex.org/W1974677207,2,2,1,NL,0
https://openalex.org/W1974686278,7,7,2,"IE,US",1
https://openalex.org/W1974710277,2,3,1,PL,0
https://openalex.org/W1974725859,4,4,1,CN,0
https://openalex.org/W1974732488,4,7,1,FR,0
https://openalex.org/W1974763688,2,2,2,"GB,SA",1
https://openalex.org/W1974782607,5,5,1,CN,0
https://openalex.org/W1974786102,5,5,1,TW,0
https://openalex.org/W1974786602,4,5,1,US,0
https://openalex.org/W1974800388,5,5,1,CN,0
https://openalex.org/W1974868282,2,2,0,,0
https://openalex.org/W1974868911,4,8,2,"DE,FR",1
https://openalex.org/W1974869055,4,8,1,FR,0
https://openalex.org/W1974869101,2,2,1,AT,0
https://openalex.org/W1974872076,5,5,1,CN,0
https://openalex.org/W1974884679,5,5,1,DE,0
https://openalex.org/W1974922900,3,3,1,DE,0
https://openalex.org/W1974925531,2,8,2,"FR,GB",1
https://openalex.org/W1974940145,3,3,1,CN,0
https://openalex.org/W1974943864,4,4,1,RO,0
https://openalex.org/W1974966614,5,6,1,CN,0
https://openalex.org/W1974968049,1,1,0,,0
https://openalex.org/W1974972976,3,3,1,IN,0
https://openalex.org/W1974983676,7,14,2,"CN,CZ",1
https://openalex.org/W1975015449,3,3,0,,0
https://openalex.org/W1975030409,2,2,1,US,0
https://openalex.org/W1975030843,4,4,1,DE,0
https://openalex.org/W1975033150,3,3,1,JP,0
https://openalex.org/W1975064940,2,2,1,HU,0
https://openalex.org/W1975118976,9,9,2,"FR,IT",1
https://openalex.org/W1975132030,7,7,1,JP,0
https://openalex.org/W1975144000,3,6,1,PL,0
https://openalex.org/W1975154697,5,5,1,US,0
https://openalex.org/W1975159777,6,6,4,"FI,FR,GB,US",1
https://openalex.org/W1975172958,4,4,2,"CN,US",1
https://openalex.org/W1975214424,8,8,2,"CN,DE",1
https://openalex.org/W1975235755,3,3,1,KR,0
https://openalex.org/W1975284893,3,3,1,KR,0
https://openalex.org/W1975288095,5,5,1,FR,0
https://openalex.org/W1975318664,1,1,0,,0
https://openalex.org/W1975331273,5,5,1,CN,0
https://openalex.org/W1975343053,11,12,1,CN,0
https://openalex.org/W1975345202,7,7,1,DE,0
https://openalex.org/W1975385289,3,3,1,JP,0
https://openalex.org/W1975394934,5,10,1,CN,0
https://openalex.org/W1975400628,2,2,1,CA,0
https://openalex.org/W1975402685,1,1,0,,0
https://openalex.org/W1975415506,5,6,1,KR,0
https://openalex.org/W1975439467,4,4,1,BG,0
https://openalex.org/W1975501698,4,4,1,DE,0
https://openalex.org/W1975512388,3,3,1,UA,0
https://openalex.org/W1975514102,7,7,2,"CN,HK",1
https://openalex.org/W1975538234,4,4,1,IT,0
https://openalex.org/W1975551781,5,5,2,"IE,US",1
https://openalex.org/W1975593559,4,4,1,IN,0
https://openalex.org/W1975611207,5,5,1,DE,0
https://openalex.org/W1975628884,2,2,1,CN,0
https://openalex.org/W1975647856,6,6,1,JP,0
https://openalex.org/W1975672169,7,7,1,SK,0
https://openalex.org/W1975692254,11,11,2,"KR,US",1
https://openalex.org/W1975704268,3,3,2,"CN,GB",1
https://openalex.org/W1975712353,11,11,3,"KR,TW,US",1
https://openalex.org/W1975714394,10,10,1,JP,0
https://openalex.org/W1975828112,7,7,1,CN,0
https://openalex.org/W1975828630,4,4,0,,0
https://openalex.org/W1975865187,2,2,1,PL,0
https://openalex.org/W1975869004,4,4,1,CN,0
https://openalex.org/W1975922951,2,2,1,JP,0
https://openalex.org/W1975923364,2,4,1,BG,0
https://openalex.org/W1975925020,6,10,2,"CH,ES",1
https://openalex.org/W1975964617,5,5,0,,0
https://openalex.org/W1975969131,2,2,1,TW,0
https://openalex.org/W1975975302,2,2,1,GB,0
https://openalex.org/W1975975418,4,4,1,JP,0
https://openalex.org/W1975981780,3,3,1,KR,0
https://openalex.org/W1975983552,3,4,2,"NL,US",1
https://openalex.org/W1975985228,2,2,1,IR,0
https://openalex.org/W1975993228,3,3,1,JP,0
https://openalex.org/W1976004046,5,5,1,JP,0
https://openalex.org/W1976022315,3,3,2,"DE,ES",1
https://openalex.org/W1976024470,5,5,1,JP,0
https://openalex.org/W1976033607,6,6,0,,0
https://openalex.org/W1976056020,3,3,1,CN,0
https://openalex.org/W1976056196,1,1,0,,0
https://openalex.org/W1976057703,4,4,1,TW,0
https://openalex.org/W1976084904,3,6,2,"GB,IT",1
https://openalex.org/W1976086473,2,2,2,"ES,PR",1
https://openalex.org/W1976099436,2,2,1,JP,0
https://openalex.org/W1976116767,5,5,1,IN,0
https://openalex.org/W1976132494,6,6,1,MX,0
https://openalex.org/W1976145022,3,9,1,FR,0
https://openalex.org/W1976153911,2,2,1,GB,0
https://openalex.org/W1976157005,4,4,2,"AT,DE",1
https://openalex.org/W1976177806,4,4,1,KR,0
https://openalex.org/W1976181232,2,2,1,PL,0
https://openalex.org/W1976299786,6,7,2,"FR,MX",1
https://openalex.org/W1976303305,5,5,1,KR,0
https://openalex.org/W1976373290,5,5,2,"KR,US",1
https://openalex.org/W1976384109,4,8,1,CN,0
https://openalex.org/W1976390395,5,5,1,CN,0
https://openalex.org/W1976399625,4,4,1,JP,0
https://openalex.org/W1976439692,3,3,2,"CN,HK",1
https://openalex.org/W1976453691,5,5,1,EG,0
https://openalex.org/W1976481715,2,2,1,KR,0
https://openalex.org/W1976497308,8,8,2,"CN,US",1
https://openalex.org/W1976504006,3,3,2,"FR,LT",1
https://openalex.org/W1976541699,6,12,2,"FR,GR",1
https://openalex.org/W1976547997,7,7,1,CN,0
https://openalex.org/W1976566465,5,5,1,CN,0
https://openalex.org/W1976599400,6,7,1,CN,0
https://openalex.org/W1976605625,3,4,2,"FR,RU",1
https://openalex.org/W1976613718,2,2,1,EE,0
https://openalex.org/W1976614225,5,5,1,AT,0
https://openalex.org/W1976620510,5,7,1,GR,0
https://openalex.org/W1976640896,7,8,1,FR,0
https://openalex.org/W1976662168,4,6,2,"SA,SK",1
https://openalex.org/W1976665317,5,5,1,CN,0
https://openalex.org/W1976680192,9,9,1,GB,0
https://openalex.org/W1976688871,3,3,1,JP,0
https://openalex.org/W1976695910,5,5,1,CN,0
https://openalex.org/W1976709848,3,3,1,JP,0
https://openalex.org/W1976710432,3,3,1,KR,0
https://openalex.org/W1976728879,7,7,2,"JP,TH",1
https://openalex.org/W1976740349,4,4,2,"IN,KR",1
https://openalex.org/W1976771378,6,6,2,"TW,US",1
https://openalex.org/W1976773451,6,6,1,JP,0
https://openalex.org/W1976775902,2,2,1,IN,0
https://openalex.org/W1976777681,2,2,1,TW,0
https://openalex.org/W1976779719,5,5,1,JP,0
https://openalex.org/W1976784962,1,1,0,,0
https://openalex.org/W1976810005,6,8,1,JP,0
https://openalex.org/W1976822787,10,10,2,"FR,IT",1
https://openalex.org/W1976824433,4,4,1,CN,0
https://openalex.org/W1976851751,3,3,1,BD,0
https://openalex.org/W1976896934,4,4,1,IR,0
https://openalex.org/W1976958878,4,4,1,US,0
https://openalex.org/W1976959066,3,3,1,CN,0
https://openalex.org/W1977020085,3,3,1,HK,0
https://openalex.org/W1977022960,4,4,1,JP,0
https://openalex.org/W1977023332,3,3,1,TW,0
https://openalex.org/W1977026174,7,7,2,"TW,US",1
https://openalex.org/W1977036081,4,4,1,ZA,0
https://openalex.org/W1977055571,3,5,1,FR,0
https://openalex.org/W1977055733,25,61,1,FR,0
https://openalex.org/W1977102614,13,13,1,UA,0
https://openalex.org/W1977103621,5,5,1,CN,0
https://openalex.org/W1977183222,2,2,1,IN,0
https://openalex.org/W1977197417,5,9,1,FR,0
https://openalex.org/W1977225917,3,3,1,IR,0
https://openalex.org/W1977256379,11,25,1,FR,0
https://openalex.org/W1977263762,5,6,2,"DE,RU",1
https://openalex.org/W1977267490,5,5,1,CN,0
https://openalex.org/W1977284770,5,5,1,US,0
https://openalex.org/W1977342474,8,8,1,CN,0
https://openalex.org/W1977357445,3,3,1,CN,0
https://openalex.org/W1977379893,4,4,1,CN,0
https://openalex.org/W1977385816,7,7,1,CZ,0
https://openalex.org/W1977394075,5,5,1,JP,0
https://openalex.org/W1977395058,1,2,0,,0
https://openalex.org/W1977423751,1,1,0,,0
https://openalex.org/W1977425055,3,3,1,DE,0
https://openalex.org/W1977433464,3,3,1,MY,0
https://openalex.org/W1977453710,1,2,0,,0
https://openalex.org/W1977497066,4,4,1,JP,0
https://openalex.org/W1977514134,3,3,1,AR,0
https://openalex.org/W1977532788,6,12,1,US,0
https://openalex.org/W1977537902,4,4,1,US,0
https://openalex.org/W1977542731,8,8,0,,0
https://openalex.org/W1977551098,3,3,1,IN,0
https://openalex.org/W1977565662,3,4,1,CN,0
https://openalex.org/W1977578120,3,3,1,JP,0
https://openalex.org/W1977581774,4,4,1,JP,0
https://openalex.org/W1977600801,4,4,1,US,0
https://openalex.org/W1977627071,9,9,1,CA,0
https://openalex.org/W1977693960,3,3,1,GB,0
https://openalex.org/W1977712060,5,5,1,MX,0
https://openalex.org/W1977717550,9,9,1,JP,0
https://openalex.org/W1977725796,5,6,2,"BY,KR",1
https://openalex.org/W1977738525,6,6,1,SG,0
https://openalex.org/W1977767674,2,2,0,,0
https://openalex.org/W1977769559,1,1,0,,0
https://openalex.org/W1977785741,2,2,1,JP,0
https://openalex.org/W1977803167,1,1,0,,0
https://openalex.org/W1977815151,1,1,0,,0
https://openalex.org/W1977832412,5,5,2,"CZ,US",1
https://openalex.org/W1977841869,3,3,1,KR,0
https://openalex.org/W1977848346,2,2,1,UA,0
https://openalex.org/W1977880122,4,8,1,US,0
https://openalex.org/W1977889990,2,2,1,CN,0
https://openalex.org/W1977906831,1,1,0,,0
https://openalex.org/W1977909133,2,2,1,CN,0
https://openalex.org/W1977915313,4,12,1,FR,0
https://openalex.org/W1977936566,2,2,1,JP,0
https://openalex.org/W1977958943,6,6,0,,0
https://openalex.org/W1977982559,4,4,1,CN,0
https://openalex.org/W1977986618,4,4,1,CN,0
https://openalex.org/W1977998265,2,2,1,IN,0
https://openalex.org/W1978005140,3,3,1,US,0
https://openalex.org/W1978029481,4,4,1,FR,0
https://openalex.org/W1978032655,10,13,2,"JP,SI",1
https://openalex.org/W1978049010,5,10,1,CN,0
https://openalex.org/W1978063456,2,2,1,US,0
https://openalex.org/W1978094812,7,7,1,CZ,0
https://openalex.org/W1978105301,6,8,3,"CH,CN,HK",1
https://openalex.org/W1978110045,5,5,1,CN,0
https://openalex.org/W1978128406,6,6,2,"BE,US",1
https://openalex.org/W1978133304,5,10,1,FR,0
https://openalex.org/W1978144747,12,12,1,JP,0
https://openalex.org/W1978163042,9,9,2,"CH,IT",1
https://openalex.org/W1978192611,6,6,1,RU,0
https://openalex.org/W1978205148,6,7,1,BE,0
https://openalex.org/W1978207749,1,1,0,,0
https://openalex.org/W1978226495,9,14,3,"JP,RU,SE",1
https://openalex.org/W1978262992,1,2,0,,0
https://openalex.org/W1978269022,2,2,1,IN,0
https://openalex.org/W1978272516,6,7,1,JP,0
https://openalex.org/W1978276800,6,6,1,NL,0
https://openalex.org/W1978282187,4,6,1,US,0
https://openalex.org/W1978285339,3,3,1,AU,0
https://openalex.org/W1978304706,5,5,1,PK,0
https://openalex.org/W1978323532,12,12,1,UA,0
https://openalex.org/W1978324274,5,5,1,ES,0
https://openalex.org/W1978349489,5,5,1,JP,0
https://openalex.org/W1978377928,4,4,1,CN,0
https://openalex.org/W1978378012,4,4,1,JP,0
https://openalex.org/W1978384244,3,3,1,CN,0
https://openalex.org/W1978391213,2,2,1,RU,0
https://openalex.org/W1978407749,6,6,1,CN,0
https://openalex.org/W1978440333,3,3,1,KR,0
https://openalex.org/W1978444409,4,4,0,,0
https://openalex.org/W1978447579,4,4,1,US,0
https://openalex.org/W1978466754,3,3,2,"LT,UA",1
https://openalex.org/W1978477620,4,4,1,RU,0
https://openalex.org/W1978519875,6,6,1,CN,0
https://openalex.org/W1978537897,4,4,1,JP,0
https://openalex.org/W1978597103,11,11,2,"JP,US",1
https://openalex.org/W1978638484,6,6,1,JP,0
https://openalex.org/W1978656374,6,6,1,KR,0
https://openalex.org/W1978671862,4,4,1,IR,0
https://openalex.org/W1978684668,1,1,0,,0
https://openalex.org/W1978694145,4,4,1,TW,0
https://openalex.org/W1978730556,9,16,1,CN,0
https://openalex.org/W1978738076,7,7,1,RU,0
https://openalex.org/W1978782301,10,10,2,"FR,NO",1
https://openalex.org/W1978788182,1,1,0,,0
https://openalex.org/W1978790116,9,9,1,US,0
https://openalex.org/W1978805848,5,5,1,US,0
https://openalex.org/W1978809079,5,5,1,IT,0
https://openalex.org/W1978817991,8,8,1,TW,0
https://openalex.org/W1978823656,5,7,1,BE,0
https://openalex.org/W1978830002,2,2,1,HU,0
https://openalex.org/W1978833078,2,2,1,CN,0
https://openalex.org/W1978924022,3,3,1,CN,0
https://openalex.org/W1978963413,6,6,1,CN,0
https://openalex.org/W1978964093,5,5,1,US,0
https://openalex.org/W1978997042,2,2,1,ES,0
https://openalex.org/W1979006213,4,4,1,JP,0
https://openalex.org/W1979031160,6,6,1,CN,0
https://openalex.org/W1979056121,3,3,1,TR,0
https://openalex.org/W1979057079,9,9,1,KR,0
https://openalex.org/W1979060063,1,1,0,,0
https://openalex.org/W1979068758,7,7,1,KR,0
https://openalex.org/W1979107336,5,6,2,"CN,US",1
https://openalex.org/W1979112686,8,8,1,AT,0
https://openalex.org/W1979113329,2,2,1,JP,0
https://openalex.org/W1979117464,2,2,1,JP,0
https://openalex.org/W1979125264,3,3,1,PL,0
https://openalex.org/W1979127810,2,2,1,CZ,0
https://openalex.org/W1979135957,8,8,1,IT,0
https://openalex.org/W1979140228,5,7,2,"DE,UA",1
https://openalex.org/W1979161199,8,8,1,US,0
https://openalex.org/W1979165821,2,2,1,KR,0
https://openalex.org/W1979186657,5,5,2,"BE,FR",1
https://openalex.org/W1979199999,4,4,1,KR,0
https://openalex.org/W1979230671,3,3,1,TR,0
https://openalex.org/W1979231830,13,13,1,RU,0
https://openalex.org/W1979233322,3,3,2,"TW,US",1
https://openalex.org/W1979245058,7,7,3,"DE,FR,RU",1
https://openalex.org/W1979262031,1,2,0,,0
https://openalex.org/W1979272089,2,2,2,"DE,US",1
https://openalex.org/W1979284010,9,15,2,"ES,FR",1
https://openalex.org/W1979285817,3,3,1,BR,0
https://openalex.org/W1979294765,6,7,2,"CH,GR",1
https://openalex.org/W1979310335,3,3,1,BR,0
https://openalex.org/W1979321458,3,3,2,"BR,CU",1
https://openalex.org/W1979321485,4,4,1,JP,0
https://openalex.org/W1979329887,2,2,1,DE,0
https://openalex.org/W1979335543,5,10,1,CN,0
https://openalex.org/W1979419980,3,3,1,JP,0
https://openalex.org/W1979425880,3,3,2,"CH,IT",1
https://openalex.org/W1979426547,1,1,0,,0
https://openalex.org/W1979427203,4,4,1,KR,0
https://openalex.org/W1979433630,4,4,1,US,0
https://openalex.org/W1979447746,7,8,1,DK,0
https://openalex.org/W1979450606,5,5,1,CN,0
https://openalex.org/W1979453236,5,5,1,DE,0
https://openalex.org/W1979470398,5,5,1,CN,0
https://openalex.org/W1979474679,7,10,1,US,0
https://openalex.org/W1979483570,2,2,1,CA,0
https://openalex.org/W1979529549,3,3,2,"CN,GB",1
https://openalex.org/W1979565095,1,1,0,,0
https://openalex.org/W1979586178,4,4,2,"IN,US",1
https://openalex.org/W1979593916,2,2,1,IN,0
https://openalex.org/W1979606455,3,3,1,TW,0
https://openalex.org/W1979613305,4,4,1,PL,0
https://openalex.org/W1979618833,5,5,0,,0
https://openalex.org/W1979655428,6,6,1,CN,0
https://openalex.org/W1979656632,6,6,1,ES,0
https://openalex.org/W1979680590,3,3,1,CN,0
https://openalex.org/W1979685015,3,3,1,JP,0
https://openalex.org/W1979686843,5,6,1,JP,0
https://openalex.org/W1979697379,5,5,1,US,0
https://openalex.org/W1979711696,1,1,0,,0
https://openalex.org/W1979712792,7,7,4,"DK,FI,NO,SE",1
https://openalex.org/W1979712937,2,2,1,IR,0
https://openalex.org/W1979713796,3,3,1,US,0
https://openalex.org/W1979714423,6,6,1,TH,0
https://openalex.org/W1979739589,7,12,2,"CN,JP",1
https://openalex.org/W1979788429,5,5,1,ZA,0
https://openalex.org/W1979796035,11,11,1,CN,0
https://openalex.org/W1979804119,3,3,1,CN,0
https://openalex.org/W1979819145,9,12,2,"PL,SK",1
https://openalex.org/W1979840704,5,5,2,"BG,GB",1
https://openalex.org/W1979843062,5,5,1,AU,0
https://openalex.org/W1979851982,9,9,1,UA,0
https://openalex.org/W1979857241,6,6,1,RU,0
https://openalex.org/W1979857383,3,3,1,JP,0
https://openalex.org/W1979863628,2,2,1,KR,0
https://openalex.org/W1979868403,6,6,1,CN,0
https://openalex.org/W1979881937,5,5,1,CN,0
https://openalex.org/W1979899186,2,3,1,CN,0
https://openalex.org/W1979900082,3,3,1,US,0
https://openalex.org/W1979909717,7,8,1,CN,0
https://openalex.org/W1979917753,7,7,1,JP,0
https://openalex.org/W1979929602,3,3,1,CA,0
https://openalex.org/W1979946478,1,1,0,,0
https://openalex.org/W1979947906,2,2,2,"KR,LT",1
https://openalex.org/W1979993529,6,12,1,CN,0
https://openalex.org/W1980019342,8,8,2,"FR,IL",1
https://openalex.org/W1980024840,7,8,1,CN,0
https://openalex.org/W1980026953,1,1,0,,0
https://openalex.org/W1980033408,2,2,1,CN,0
https://openalex.org/W1980034908,3,3,1,US,0
https://openalex.org/W1980045215,4,4,1,PL,0
https://openalex.org/W1980078076,3,3,1,RU,0
https://openalex.org/W1980078357,5,5,2,"KR,PH",1
https://openalex.org/W1980084659,3,4,1,AU,0
https://openalex.org/W1980085824,2,2,1,AU,0
https://openalex.org/W1980093389,3,3,1,RU,0
https://openalex.org/W1980103290,7,7,2,"DE,JP",1
https://openalex.org/W1980118670,3,6,1,CN,0
https://openalex.org/W1980136953,4,4,1,IN,0
https://openalex.org/W1980177636,5,5,2,"DE,KR",1
https://openalex.org/W1980177791,3,3,1,TW,0
https://openalex.org/W1980185874,3,3,1,US,0
https://openalex.org/W1980236888,4,5,1,CN,0
https://openalex.org/W1980247323,5,5,2,"CN,SG",1
https://openalex.org/W1980254683,4,5,1,CN,0
https://openalex.org/W1980257784,4,4,1,TW,0
https://openalex.org/W1980262418,6,6,1,CN,0
https://openalex.org/W1980269044,4,4,1,ES,0
https://openalex.org/W1980271528,6,6,1,CN,0
https://openalex.org/W1980279518,5,5,1,KR,0
https://openalex.org/W1980298426,2,2,1,CN,0
https://openalex.org/W1980350457,3,3,1,JP,0
https://openalex.org/W1980353747,7,21,1,US,0
https://openalex.org/W1980358127,7,7,0,,0
https://openalex.org/W1980378228,3,3,1,CN,0
https://openalex.org/W1980385836,4,4,1,US,0
https://openalex.org/W1980404034,6,6,1,US,0
https://openalex.org/W1980404251,4,4,1,RU,0
https://openalex.org/W1980420689,5,5,1,US,0
https://openalex.org/W1980444961,4,4,1,CN,0
https://openalex.org/W1980512471,3,3,1,JP,0
https://openalex.org/W1980520315,9,9,2,"CN,KR",1
https://openalex.org/W1980545820,8,8,1,GB,0
https://openalex.org/W1980599526,2,2,1,CA,0
https://openalex.org/W1980609087,2,2,1,FR,0
https://openalex.org/W1980643651,1,1,0,,0
https://openalex.org/W1980652621,3,3,1,IT,0
https://openalex.org/W1980675701,5,5,1,IT,0
https://openalex.org/W1980685023,5,5,0,,0
https://openalex.org/W1980701612,7,14,1,US,0
https://openalex.org/W1980702192,8,9,1,CN,0
https://openalex.org/W1980715122,3,3,1,IE,0
https://openalex.org/W1980720305,6,7,1,JP,0
https://openalex.org/W1980735951,6,6,1,CN,0
https://openalex.org/W1980751950,7,7,1,CN,0
https://openalex.org/W1980773891,2,2,1,IN,0
https://openalex.org/W1980780326,1,4,0,,0
https://openalex.org/W1980808284,8,11,1,US,0
https://openalex.org/W1980808409,8,13,2,"CN,TW",1
https://openalex.org/W1980827053,7,7,1,ES,0
https://openalex.org/W1980846053,5,5,1,JP,0
https://openalex.org/W1980859699,3,3,1,KR,0
https://openalex.org/W1980860811,2,2,1,PL,0
https://openalex.org/W1980905712,1,1,0,,0
https://openalex.org/W1980928165,6,6,1,CN,0
https://openalex.org/W1980937502,4,4,1,IN,0
https://openalex.org/W1980947001,5,6,2,"CL,ES",1
https://openalex.org/W1980974281,2,2,1,US,0
https://openalex.org/W1980976524,5,5,2,"GB,IN",1
https://openalex.org/W1980980763,3,3,1,CN,0
https://openalex.org/W1980990497,3,3,1,RU,0
https://openalex.org/W1980999077,1,1,0,,0
https://openalex.org/W1981044052,10,11,1,KR,0
https://openalex.org/W1981102223,3,3,1,BR,0
https://openalex.org/W1981120200,7,7,3,"KR,US,ZA",1
https://openalex.org/W1981139778,6,10,2,"FR,JP",1
https://openalex.org/W1981168217,5,5,1,JP,0
https://openalex.org/W1981177474,4,4,0,,0
https://openalex.org/W1981300040,11,11,1,CH,0
https://openalex.org/W1981307177,2,2,1,TR,0
https://openalex.org/W1981320208,11,15,3,"AU,IL,PL",1
https://openalex.org/W1981333432,2,4,1,CA,0
https://openalex.org/W1981334237,8,22,2,"CZ,JP",1
https://openalex.org/W1981339021,5,10,1,CN,0
https://openalex.org/W1981342102,2,2,1,GB,0
https://openalex.org/W1981354697,1,1,0,,0
https://openalex.org/W1981369310,6,12,2,"CN,FR",1
https://openalex.org/W1981374465,2,2,1,US,0
https://openalex.org/W1981379450,4,4,2,"JP,KR",1
https://openalex.org/W1981382111,2,2,1,US,0
https://openalex.org/W1981390624,6,6,1,OM,0
https://openalex.org/W1981442261,4,5,1,JP,0
https://openalex.org/W1981445533,6,6,1,JP,0
https://openalex.org/W1981464461,5,5,1,AU,0
https://openalex.org/W1981468520,5,5,1,US,0
https://openalex.org/W1981476872,4,11,1,CN,0
https://openalex.org/W1981483535,5,5,1,CN,0
https://openalex.org/W1981486700,8,10,1,US,0
https://openalex.org/W1981495316,3,3,1,US,0
https://openalex.org/W1981520508,1,3,0,,0
https://openalex.org/W1981551180,2,6,1,PL,0
https://openalex.org/W1981583519,5,5,1,IN,0
https://openalex.org/W1981598801,1,1,0,,0
https://openalex.org/W1981601572,5,5,0,,0
https://openalex.org/W1981605168,8,8,3,"BE,DE,FR",1
https://openalex.org/W1981613881,6,6,2,"CZ,SK",1
https://openalex.org/W1981614808,7,8,1,DE,0
https://openalex.org/W1981624014,4,4,1,ES,0
https://openalex.org/W1981626772,5,7,1,UA,0
https://openalex.org/W1981652830,5,10,1,CN,0
https://openalex.org/W1981664373,1,1,0,,0
https://openalex.org/W1981693109,5,5,1,JP,0
https://openalex.org/W1981710551,7,19,2,"FR,HU",1
https://openalex.org/W1981721034,9,10,2,"ES,MC",1
https://openalex.org/W1981726556,3,3,1,IN,0
https://openalex.org/W1981731139,2,2,1,TW,0
https://openalex.org/W1981745713,5,7,1,US,0
https://openalex.org/W1981752196,4,4,1,CN,0
https://openalex.org/W1981812667,13,13,2,"AU,US",1
https://openalex.org/W1981823958,27,27,1,RU,0
https://openalex.org/W1981855776,7,7,1,RS,0
https://openalex.org/W1981885907,8,8,1,US,0
https://openalex.org/W1981894609,3,3,1,NO,0
https://openalex.org/W1981901041,6,6,1,CN,0
https://openalex.org/W1981902384,4,4,1,DE,0
https://openalex.org/W1981939339,1,2,0,,0
https://openalex.org/W1981959407,5,6,2,"AU,GB",1
https://openalex.org/W1981960741,5,9,2,"CN,PL",1
https://openalex.org/W1982011965,4,8,2,"CA,FR",1
https://openalex.org/W1982057447,4,4,1,IN,0
https://openalex.org/W1982077017,3,3,1,CN,0
https://openalex.org/W1982109407,2,5,1,FR,0
https://openalex.org/W1982129535,4,5,1,NL,0
https://openalex.org/W1982137797,5,5,2,"CN,JP",1
https://openalex.org/W1982144655,3,3,1,JP,0
https://openalex.org/W1982154004,8,8,1,CN,0
https://openalex.org/W1982156963,2,3,1,TW,0
https://openalex.org/W1982172876,3,3,1,TW,0
https://openalex.org/W1982183707,3,3,1,RU,0
https://openalex.org/W1982207561,5,5,1,UA,0
https://openalex.org/W1982216843,3,3,1,TW,0
https://openalex.org/W1982225898,17,29,2,"ES,FR",1
https://openalex.org/W1982229936,4,4,1,BE,0
https://openalex.org/W1982238689,1,1,0,,0
https://openalex.org/W1982255188,9,9,2,"GB,TW",1
https://openalex.org/W1982291211,4,4,2,"AT,CH",1
https://openalex.org/W1982304840,3,3,1,TH,0
https://openalex.org/W1982322701,3,3,2,"AU,TW",1
https://openalex.org/W1982381289,4,4,1,JP,0
https://openalex.org/W1982382104,5,5,1,JP,0
https://openalex.org/W1982390674,4,4,1,TW,0
https://openalex.org/W1982392437,2,2,1,CN,0
https://openalex.org/W1982392643,3,3,1,CN,0
https://openalex.org/W1982402111,5,5,1,NL,0
https://openalex.org/W1982406990,4,4,1,CN,0
https://openalex.org/W1982412350,3,3,1,CN,0
https://openalex.org/W1982425998,7,7,2,"BR,CA",1
https://openalex.org/W1982436046,2,4,1,JP,0
https://openalex.org/W1982436856,2,2,1,CN,0
https://openalex.org/W1982461808,5,5,1,BR,0
https://openalex.org/W1982477744,5,5,1,GB,0
https://openalex.org/W1982482289,3,3,1,US,0
https://openalex.org/W1982561866,9,10,2,"AU,KR",1
https://openalex.org/W1982563781,4,4,1,ES,0
https://openalex.org/W1982564610,5,5,1,JP,0
https://openalex.org/W1982591251,3,3,1,JP,0
https://openalex.org/W1982605070,6,6,1,IN,0
https://openalex.org/W1982606248,4,4,1,KR,0
https://openalex.org/W1982611025,3,3,1,US,0
https://openalex.org/W1982631483,2,2,2,"CH,JP",1
https://openalex.org/W1982632557,4,4,1,SG,0
https://openalex.org/W1982660092,4,4,1,EG,0
https://openalex.org/W1982672350,3,3,1,CZ,0
https://openalex.org/W1982701793,5,5,1,KR,0
https://openalex.org/W1982735182,3,3,1,JP,0
https://openalex.org/W1982748510,6,6,1,CN,0
https://openalex.org/W1982753219,4,4,1,JP,0
https://openalex.org/W1982770763,4,5,1,TW,0
https://openalex.org/W1982780419,2,2,1,JP,0
https://openalex.org/W1982794604,5,5,1,TW,0
https://openalex.org/W1982804915,3,3,1,US,0
https://openalex.org/W1982821330,24,24,2,"DE,IT",1
https://openalex.org/W1982822702,2,2,1,CN,0
https://openalex.org/W1982843134,8,24,2,"DE,FR",1
https://openalex.org/W1982843598,5,5,2,"KR,VN",1
https://openalex.org/W1982878168,2,2,2,"CH,NZ",1
https://openalex.org/W1982902114,3,3,1,IN,0
https://openalex.org/W1982915055,3,4,1,TH,0
https://openalex.org/W1982921152,5,5,4,"AT,EG,GB,NZ",1
https://openalex.org/W1982922574,9,9,6,"CA,ES,GB,IT,NL,US",1
https://openalex.org/W1982923593,3,3,1,KR,0
https://openalex.org/W1982940042,4,4,1,KR,0
https://openalex.org/W1982984218,3,3,1,TW,0
https://openalex.org/W1982993649,12,12,1,CN,0
https://openalex.org/W1983004831,7,8,2,"RU,SE",1
https://openalex.org/W1983008792,4,4,1,KR,0
https://openalex.org/W1983013651,3,3,1,CN,0
https://openalex.org/W1983025034,4,4,1,CN,0
https://openalex.org/W1983029321,5,5,1,JP,0
https://openalex.org/W1983068215,5,5,1,CN,0
https://openalex.org/W1983077428,4,4,1,TW,0
https://openalex.org/W1983085827,7,12,3,"DE,FR,RU",1
https://openalex.org/W1983102695,3,3,1,TW,0
https://openalex.org/W1983111278,2,2,1,JP,0
https://openalex.org/W1983129818,2,3,1,JP,0
https://openalex.org/W1983149632,3,3,1,NZ,0
https://openalex.org/W1983175820,11,13,1,CN,0
https://openalex.org/W1983192846,5,7,1,SE,0
https://openalex.org/W1983214969,5,5,1,DE,0
https://openalex.org/W1983244822,2,2,1,DE,0
https://openalex.org/W1983287452,12,20,2,"CZ,KR",1
https://openalex.org/W1983307449,5,5,1,CN,0
https://openalex.org/W1983341094,5,5,1,KR,0
https://openalex.org/W1983344594,3,3,0,,0
https://openalex.org/W1983362104,7,22,2,"DE,FR",1
https://openalex.org/W1983375490,7,9,1,CN,0
https://openalex.org/W1983377979,4,4,1,TW,0
https://openalex.org/W1983383744,11,11,1,IE,0
https://openalex.org/W1983385719,2,4,2,"DE,TW",1
https://openalex.org/W1983388035,5,5,1,EG,0
https://openalex.org/W1983414960,2,2,1,PL,0
https://openalex.org/W1983429937,4,4,2,"IR,SG",1
https://openalex.org/W1983431449,2,2,1,RU,0
https://openalex.org/W1983439360,2,2,1,MY,0
https://openalex.org/W1983440472,3,3,1,ES,0
https://openalex.org/W1983461517,3,3,1,FR,0
https://openalex.org/W1983464521,6,6,0,,0
https://openalex.org/W1983493781,6,6,1,US,0
https://openalex.org/W1983494429,4,4,1,IN,0
https://openalex.org/W1983500583,6,7,1,JP,0
https://openalex.org/W1983506075,5,5,2,"GB,RU",1
https://openalex.org/W1983517597,7,7,1,JP,0
https://openalex.org/W1983531869,4,4,1,KR,0
https://openalex.org/W1983535260,2,4,1,CN,0
https://openalex.org/W1983537616,3,6,1,IT,0
https://openalex.org/W1983537675,3,3,1,US,0
https://openalex.org/W1983554608,4,4,1,CN,0
https://openalex.org/W1983577972,4,4,1,IN,0
https://openalex.org/W1983579017,3,5,1,CN,0
https://openalex.org/W1983580922,3,4,2,"DE,NL",1
https://openalex.org/W1983620530,3,3,1,TH,0
https://openalex.org/W1983625237,5,5,3,"FR,GB,US",1
https://openalex.org/W1983629200,6,6,1,US,0
https://openalex.org/W1983658837,4,4,1,IT,0
https://openalex.org/W1983662095,1,2,0,,0
https://openalex.org/W1983757291,1,2,0,,0
https://openalex.org/W1983776595,2,2,1,US,0
https://openalex.org/W1983779371,4,4,2,"JP,KR",1
https://openalex.org/W1983810766,5,6,1,TW,0
https://openalex.org/W1983820632,6,6,1,CN,0
https://openalex.org/W1983915666,5,5,0,,0
https://openalex.org/W1983916987,3,3,1,CN,0
https://openalex.org/W1983927884,2,2,1,IR,0
https://openalex.org/W1983996772,3,5,4,"DE,PL,SE,UA",1
https://openalex.org/W1984029553,4,4,1,BE,0
https://openalex.org/W1984086517,6,7,1,TW,0
https://openalex.org/W1984103681,6,6,1,US,0
https://openalex.org/W1984105429,3,3,3,"GB,RU,US",1
https://openalex.org/W1984138338,5,5,2,"DE,JP",1
https://openalex.org/W1984199547,3,3,1,GB,0
https://openalex.org/W1984208154,2,2,0,,0
https://openalex.org/W1984220761,5,5,1,CN,0
https://openalex.org/W1984225680,6,9,2,"JP,PL",1
https://openalex.org/W1984234856,4,4,1,CN,0
https://openalex.org/W1984253463,3,3,1,US,0
https://openalex.org/W1984286220,3,3,1,TR,0
https://openalex.org/W1984307682,4,4,1,AR,0
https://openalex.org/W1984318354,3,3,1,TR,0
https://openalex.org/W1984332608,3,3,1,IN,0
https://openalex.org/W1984372052,6,12,1,BR,0
https://openalex.org/W1984402122,5,5,1,KR,0
https://openalex.org/W1984416794,7,7,2,"DE,RU",1
https://openalex.org/W1984420373,6,6,1,CN,0
https://openalex.org/W1984439769,8,8,1,US,0
https://openalex.org/W1984460380,5,5,1,EE,0
https://openalex.org/W1984481413,7,7,1,US,0
https://openalex.org/W1984509380,4,4,1,JP,0
https://openalex.org/W1984527431,6,18,1,FR,0
https://openalex.org/W1984547524,4,4,1,ES,0
https://openalex.org/W1984551852,6,7,1,US,0
https://openalex.org/W1984559167,3,5,1,VE,0
https://openalex.org/W1984572498,9,9,1,FI,0
https://openalex.org/W1984573024,7,7,1,JP,0
https://openalex.org/W1984578447,3,3,1,IN,0
https://openalex.org/W1984583606,15,21,2,"DE,PL",1
https://openalex.org/W1984594417,4,4,2,"ES,IR",1
https://openalex.org/W1984601551,1,1,0,,0
https://openalex.org/W1984605030,2,2,1,CN,0
https://openalex.org/W1984629013,6,8,1,JP,0
https://openalex.org/W1984646360,9,13,1,PT,0
https://openalex.org/W1984668196,2,2,1,TW,0
https://openalex.org/W1984687005,6,6,1,CN,0
https://openalex.org/W1984696032,2,3,2,"FR,RO",1
https://openalex.org/W1984703641,4,5,2,"FR,IT",1
https://openalex.org/W1984710266,3,4,2,"FI,RU",1
https://openalex.org/W1984714912,9,9,1,CN,0
https://openalex.org/W1984723648,5,9,1,CN,0
https://openalex.org/W1984738639,9,9,1,BE,0
https://openalex.org/W1984767497,6,6,1,GB,0
https://openalex.org/W1984774213,2,4,1,IN,0
https://openalex.org/W1984777464,2,2,1,VN,0
https://openalex.org/W1984799608,2,2,2,"JP,US",1
https://openalex.org/W1984803779,6,6,1,US,0
https://openalex.org/W1984809795,3,6,1,CN,0
https://openalex.org/W1984809801,6,6,1,CN,0
https://openalex.org/W1984814187,5,5,1,CN,0
https://openalex.org/W1984815786,4,4,1,KR,0
https://openalex.org/W1984816379,3,3,1,ES,0
https://openalex.org/W1984831269,4,8,2,"AT,US",1
https://openalex.org/W1984853050,4,4,2,"AT,DE",1
https://openalex.org/W1984854898,4,4,1,JP,0
https://openalex.org/W1984892686,1,1,0,,0
https://openalex.org/W1984935365,2,2,1,CN,0
https://openalex.org/W1984940118,2,2,1,NG,0
https://openalex.org/W1984989130,3,3,1,RS,0
https://openalex.org/W1984999150,3,3,0,,0
https://openalex.org/W1985026660,5,5,1,PK,0
https://openalex.org/W1985040303,3,3,1,IR,0
https://openalex.org/W1985048129,11,11,1,KR,0
https://openalex.org/W1985055369,4,8,1,US,0
https://openalex.org/W1985066185,4,4,2,"CA,CN",1
https://openalex.org/W1985077849,3,4,1,JP,0
https://openalex.org/W1985091543,3,3,1,JP,0
https://openalex.org/W1985116754,3,3,1,RU,0
https://openalex.org/W1985122547,3,3,1,TR,0
https://openalex.org/W1985134171,5,10,1,CN,0
https://openalex.org/W1985149688,3,3,1,IL,0
https://openalex.org/W1985167261,3,3,1,IT,0
https://openalex.org/W1985176224,2,2,1,RU,0
https://openalex.org/W1985201116,6,6,1,IT,0
https://openalex.org/W1985253240,9,9,1,JP,0
https://openalex.org/W1985257404,5,5,1,TR,0
https://openalex.org/W1985267615,4,5,1,TW,0
https://openalex.org/W1985276176,6,6,1,CN,0
https://openalex.org/W1985294275,5,5,1,GB,0
https://openalex.org/W1985312875,4,4,1,CH,0
https://openalex.org/W1985314330,5,8,2,"BE,BG",1
https://openalex.org/W1985322419,5,5,1,TW,0
https://openalex.org/W1985331514,1,1,0,,0
https://openalex.org/W1985345186,4,4,1,IR,0
https://openalex.org/W1985345435,6,13,2,"CN,TW",1
https://openalex.org/W1985350295,4,4,1,TJ,0
https://openalex.org/W1985351834,5,5,1,HK,0
https://openalex.org/W1985356323,6,6,1,CN,0
https://openalex.org/W1985376356,1,1,0,,0
https://openalex.org/W1985382377,3,3,2,"AZ,TR",1
https://openalex.org/W1985384054,1,1,0,,0
https://openalex.org/W1985389961,63,63,1,IT,0
https://openalex.org/W1985392219,5,9,1,JP,0
https://openalex.org/W1985399867,2,2,1,NL,0
https://openalex.org/W1985401991,3,3,2,"CN,DE",1
https://openalex.org/W1985465998,2,3,2,"EE,SE",1
https://openalex.org/W1985481870,5,5,1,FR,0
https://openalex.org/W1985520937,3,3,0,,0
https://openalex.org/W1985526912,5,5,1,TW,0
https://openalex.org/W1985550669,4,4,1,RU,0
https://openalex.org/W1985566646,6,6,1,TW,0
https://openalex.org/W1985569778,7,7,1,KR,0
https://openalex.org/W1985593771,3,3,1,CN,0
https://openalex.org/W1985598161,1,1,0,,0
https://openalex.org/W1985602470,4,4,1,SG,0
https://openalex.org/W1985606905,2,2,1,KR,0
https://openalex.org/W1985614162,3,7,1,AR,0
https://openalex.org/W1985624112,2,2,1,US,0
https://openalex.org/W1985629521,3,3,1,IN,0
https://openalex.org/W1985643172,14,14,1,JP,0
https://openalex.org/W1985663287,6,6,2,"CN,NZ",1
https://openalex.org/W1985673290,6,6,1,CN,0
https://openalex.org/W1985678911,5,6,1,KR,0
https://openalex.org/W1985744767,8,9,2,"JP,RO",1
https://openalex.org/W1985770587,6,7,2,"IN,JP",1
https://openalex.org/W1985778736,2,2,1,ES,0
https://openalex.org/W1985808863,4,6,1,US,0
https://openalex.org/W1985823225,3,3,0,,0
https://openalex.org/W1985832669,4,4,1,JP,0
https://openalex.org/W1985855732,6,12,1,CN,0
https://openalex.org/W1985856344,3,3,1,CN,0
https://openalex.org/W1985877632,7,7,1,CN,0
https://openalex.org/W1985960484,10,38,1,FR,0
https://openalex.org/W1985962568,5,5,1,CN,0
https://openalex.org/W1985987259,1,1,0,,0
https://openalex.org/W1985993977,1,1,0,,0
https://openalex.org/W1985997837,4,4,1,US,0
https://openalex.org/W1986011142,4,4,1,CN,0
https://openalex.org/W1986032436,3,3,1,CN,0
https://openalex.org/W1986047335,2,2,1,DE,0
https://openalex.org/W1986049831,2,2,1,IR,0
https://openalex.org/W1986059084,4,7,1,IT,0
https://openalex.org/W1986143840,3,3,1,US,0
https://openalex.org/W1986145515,2,4,1,JP,0
https://openalex.org/W1986152923,2,2,1,KR,0
https://openalex.org/W1986157354,2,2,1,RO,0
https://openalex.org/W1986164259,3,3,1,CN,0
https://openalex.org/W1986183280,7,7,2,"AU,ZA",1
https://openalex.org/W1986204515,3,3,2,"CA,US",1
https://openalex.org/W1986214775,5,5,0,,0
https://openalex.org/W1986258125,3,3,1,KR,0
https://openalex.org/W1986264670,4,7,1,CN,0
https://openalex.org/W1986275247,5,5,1,IN,0
https://openalex.org/W1986299809,3,3,2,"IN,US",1
https://openalex.org/W1986307167,2,2,1,EG,0
https://openalex.org/W1986310450,7,7,1,KR,0
https://openalex.org/W1986321589,2,2,1,JP,0
https://openalex.org/W1986326715,3,3,1,US,0
https://openalex.org/W1986336099,2,2,1,BR,0
https://openalex.org/W1986344575,43,44,1,JP,0
https://openalex.org/W1986362599,2,2,1,IN,0
https://openalex.org/W1986375217,1,1,0,,0
https://openalex.org/W1986379124,2,2,1,DE,0
https://openalex.org/W1986390656,5,5,1,BE,0
https://openalex.org/W1986396178,4,5,1,CN,0
https://openalex.org/W1986401444,2,2,1,JP,0
https://openalex.org/W1986406156,4,20,1,FR,0
https://openalex.org/W1986439187,6,6,1,KR,0
https://openalex.org/W1986492028,6,6,1,KR,0
https://openalex.org/W1986501437,3,3,1,AT,0
https://openalex.org/W1986536388,3,3,1,IN,0
https://openalex.org/W1986541321,2,5,2,"CN,NG",1
https://openalex.org/W1986582845,2,2,1,US,0
https://openalex.org/W1986597637,3,3,2,"CN,KR",1
https://openalex.org/W1986615801,4,4,2,"GB,US",1
https://openalex.org/W1986648120,2,2,1,EG,0
https://openalex.org/W1986674624,3,3,1,MY,0
https://openalex.org/W1986687499,1,1,0,,0
https://openalex.org/W1986709603,4,4,1,JP,0
https://openalex.org/W1986718826,21,23,2,"IT,US",1
https://openalex.org/W1986732942,4,4,1,US,0
https://openalex.org/W1986750415,4,4,1,GB,0
https://openalex.org/W1986753069,4,4,1,US,0
https://openalex.org/W1986761637,5,5,1,KR,0
https://openalex.org/W1986783343,6,11,1,JP,0
https://openalex.org/W1986786244,3,3,1,TW,0
https://openalex.org/W1986798021,4,8,1,FR,0
https://openalex.org/W1986814442,5,5,1,CZ,0
https://openalex.org/W1986821532,2,2,1,CN,0
https://openalex.org/W1986831676,4,7,2,"FR,IT",1
https://openalex.org/W1986872735,5,5,1,SG,0
https://openalex.org/W1986873216,7,7,2,"JP,UA",1
https://openalex.org/W1986881428,2,2,1,US,0
https://openalex.org/W1986881995,7,7,1,JP,0
https://openalex.org/W1986889741,4,4,1,PK,0
https://openalex.org/W1986906831,2,2,1,CH,0
https://openalex.org/W1986933668,5,10,1,CN,0
https://openalex.org/W1986959313,1,1,0,,0
https://openalex.org/W1986961904,4,4,1,IE,0
https://openalex.org/W1986987749,5,5,2,"JP,VN",1
https://openalex.org/W1987043016,3,4,1,AU,0
https://openalex.org/W1987059772,2,2,2,"GB,US",1
https://openalex.org/W1987066896,8,8,1,DE,0
https://openalex.org/W1987110774,4,4,1,JP,0
https://openalex.org/W1987136683,2,3,1,IR,0
https://openalex.org/W1987139914,10,11,3,"CZ,FR,JP",1
https://openalex.org/W1987151401,2,2,1,TW,0
https://openalex.org/W1987153286,2,2,1,KR,0
https://openalex.org/W1987170183,2,2,1,KR,0
https://openalex.org/W1987170634,1,1,0,,0
https://openalex.org/W1987171387,1,1,0,,0
https://openalex.org/W1987172394,5,9,1,GH,0
https://openalex.org/W1987208406,2,2,1,US,0
https://openalex.org/W1987213996,5,5,2,"RU,TW",1
https://openalex.org/W1987214821,7,7,4,"ES,GB,IE,KZ",1
https://openalex.org/W1987225071,5,6,2,"LT,US",1
https://openalex.org/W1987229881,3,4,1,CN,0
https://openalex.org/W1987230233,3,4,2,"CN,US",1
https://openalex.org/W1987232439,4,4,1,IR,0
https://openalex.org/W1987237978,2,2,1,FI,0
https://openalex.org/W1987274367,5,5,1,KR,0
https://openalex.org/W1987281665,4,4,1,RU,0
https://openalex.org/W1987286127,5,5,1,KR,0
https://openalex.org/W1987289742,13,13,1,MX,0
https://openalex.org/W1987316440,6,6,1,UA,0
https://openalex.org/W1987349967,4,4,2,"CN,HK",1
https://openalex.org/W1987403229,5,5,1,DE,0
https://openalex.org/W1987409199,3,3,1,GB,0
https://openalex.org/W1987415117,3,3,1,US,0
https://openalex.org/W1987428804,2,3,1,IT,0
https://openalex.org/W1987502638,1,1,0,,0
https://openalex.org/W1987504074,5,8,2,"CA,CN",1
https://openalex.org/W1987517593,4,4,1,FR,0
https://openalex.org/W1987530407,3,3,1,SG,0
https://openalex.org/W1987542980,5,5,2,"UA,US",1
https://openalex.org/W1987545859,5,11,1,FR,0
https://openalex.org/W1987559214,5,5,1,GB,0
https://openalex.org/W1987566822,4,4,2,"CN,US",1
https://openalex.org/W1987614392,1,1,0,,0
https://openalex.org/W1987615362,3,5,2,"CN,US",1
https://openalex.org/W1987620987,4,4,1,US,0
https://openalex.org/W1987662947,6,6,1,CN,0
https://openalex.org/W1987665254,4,4,1,IN,0
https://openalex.org/W1987715165,3,5,1,ES,0
https://openalex.org/W1987715418,6,6,1,SE,0
https://openalex.org/W1987719853,5,5,1,ZA,0
https://openalex.org/W1987764374,6,6,1,US,0
https://openalex.org/W1987780096,3,3,1,DE,0
https://openalex.org/W1987788845,1,1,0,,0
https://openalex.org/W1987790021,4,4,1,IN,0
https://openalex.org/W1987791579,6,10,2,"FR,SN",1
https://openalex.org/W1987827650,5,5,2,"GB,IT",1
https://openalex.org/W1987831947,1,1,0,,0
https://openalex.org/W1987856617,7,7,1,JP,0
https://openalex.org/W1987870301,5,6,1,FR,0
https://openalex.org/W1987908408,15,15,2,"DE,NL",1
https://openalex.org/W1987930444,4,5,2,"GB,US",1
https://openalex.org/W1987957221,7,8,3,"DE,FI,IT",1
https://openalex.org/W1987963648,7,7,1,CN,0
https://openalex.org/W1987991302,3,3,2,"CN,HK",1
https://openalex.org/W1987997726,7,7,1,KR,0
https://openalex.org/W1988020605,4,4,1,KR,0
https://openalex.org/W1988042393,3,4,1,CN,0
https://openalex.org/W1988045088,3,3,1,US,0
https://openalex.org/W1988055883,17,28,1,IT,0
https://openalex.org/W1988070600,5,11,1,FR,0
https://openalex.org/W1988085157,1,1,0,,0
https://openalex.org/W1988093219,4,4,1,IR,0
https://openalex.org/W1988139072,5,6,1,CA,0
https://openalex.org/W1988145903,7,7,1,TW,0
https://openalex.org/W1988174852,3,3,0,,0
https://openalex.org/W1988215493,5,5,1,KR,0
https://openalex.org/W1988237304,4,4,1,CN,0
https://openalex.org/W1988237687,3,3,1,TW,0
https://openalex.org/W1988263972,6,6,1,KR,0
https://openalex.org/W1988276805,6,6,1,CN,0
https://openalex.org/W1988286168,4,4,1,BE,0
https://openalex.org/W1988289549,6,7,2,"AU,US",1
https://openalex.org/W1988318857,4,7,1,US,0
https://openalex.org/W1988330685,38,38,2,"BE,US",1
https://openalex.org/W1988333070,3,5,1,DK,0
https://openalex.org/W1988334684,3,3,1,US,0
https://openalex.org/W1988378614,5,5,1,JP,0
https://openalex.org/W1988428609,10,15,1,RU,0
https://openalex.org/W1988460820,1,1,0,,0
https://openalex.org/W1988470419,3,3,1,KR,0
https://openalex.org/W1988489665,2,2,1,TR,0
https://openalex.org/W1988498499,5,5,0,,0
https://openalex.org/W1988523194,4,5,1,TW,0
https://openalex.org/W1988532385,4,4,1,RO,0
https://openalex.org/W1988535491,8,8,1,RU,0
https://openalex.org/W1988541565,4,4,1,DE,0
https://openalex.org/W1988553777,10,12,1,CN,0
https://openalex.org/W1988561655,7,9,1,US,0
https://openalex.org/W1988568476,4,4,1,US,0
https://openalex.org/W1988582806,5,5,1,ES,0
https://openalex.org/W1988600221,11,11,1,US,0
https://openalex.org/W1988603945,3,3,2,"IL,US",1
https://openalex.org/W1988630777,1,1,0,,0
https://openalex.org/W1988642730,10,18,1,FR,0
https://openalex.org/W1988644997,3,3,1,IN,0
https://openalex.org/W1988729195,2,2,1,DE,0
https://openalex.org/W1988757684,5,5,1,US,0
https://openalex.org/W1988771603,5,5,1,CO,0
https://openalex.org/W1988777697,3,3,1,US,0
https://openalex.org/W1988780403,6,6,1,RU,0
https://openalex.org/W1988792968,3,3,1,KR,0
https://openalex.org/W1988802483,3,3,1,TR,0
https://openalex.org/W1988832330,2,2,1,JP,0
https://openalex.org/W1988885586,4,4,1,CN,0
https://openalex.org/W1988913428,8,8,1,DE,0
https://openalex.org/W1988940298,9,9,2,"TW,US",1
https://openalex.org/W1988946271,9,13,3,"DE,FR,IT",1
https://openalex.org/W1989069686,4,4,1,US,0
https://openalex.org/W1989092588,6,6,1,CN,0
https://openalex.org/W1989102230,3,3,1,CA,0
https://openalex.org/W1989133473,7,7,2,"CN,US",1
https://openalex.org/W1989135802,3,3,1,EG,0
https://openalex.org/W1989195008,7,13,1,DE,0
https://openalex.org/W1989228338,3,3,1,SE,0
https://openalex.org/W1989254193,5,5,1,US,0
https://openalex.org/W1989258631,3,3,1,CN,0
https://openalex.org/W1989266856,4,8,1,JP,0
https://openalex.org/W1989283227,3,3,1,FR,0
https://openalex.org/W1989307495,5,5,1,ES,0
https://openalex.org/W1989307501,4,4,1,IL,0
https://openalex.org/W1989307669,3,3,1,DE,0
https://openalex.org/W1989312622,1,1,0,,0
https://openalex.org/W1989313251,2,2,1,US,0
https://openalex.org/W1989314935,5,5,2,"AU,FR",1
https://openalex.org/W1989330719,3,5,1,JP,0
https://openalex.org/W1989333950,3,4,1,CN,0
https://openalex.org/W1989336225,2,2,1,IR,0
https://openalex.org/W1989345231,4,4,1,CN,0
https://openalex.org/W1989350741,11,13,1,TW,0
https://openalex.org/W1989386346,6,10,2,"FR,NL",1
https://openalex.org/W1989417954,6,6,1,CN,0
https://openalex.org/W1989441520,4,4,1,CN,0
https://openalex.org/W1989444813,2,2,1,TW,0
https://openalex.org/W1989463140,5,5,1,JP,0
https://openalex.org/W1989483085,3,3,2,"GB,TR",1
https://openalex.org/W1989503534,7,15,1,RU,0
https://openalex.org/W1989574087,5,5,2,"IT,US",1
https://openalex.org/W1989579479,10,22,1,CN,0
https://openalex.org/W1989592820,3,3,1,CN,0
https://openalex.org/W1989606074,2,2,1,PL,0
https://openalex.org/W1989607706,3,3,1,TR,0
https://openalex.org/W1989612970,5,5,1,TW,0
https://openalex.org/W1989662146,4,4,1,TW,0
https://openalex.org/W1989664255,2,2,1,CA,0
https://openalex.org/W1989665134,2,2,1,DZ,0
https://openalex.org/W1989669530,1,1,0,,0
https://openalex.org/W1989686611,2,4,1,ES,0
https://openalex.org/W1989687433,4,4,1,GB,0
https://openalex.org/W1989696166,4,4,1,KR,0
https://openalex.org/W1989697096,6,6,2,"FR,TR",1
https://openalex.org/W1989699633,3,3,1,JP,0
https://openalex.org/W1989799711,2,2,1,DE,0
https://openalex.org/W1989803310,4,6,2,"MX,PY",1
https://openalex.org/W1989815901,6,7,1,BE,0
https://openalex.org/W1989822331,5,6,1,DE,0
https://openalex.org/W1989850145,2,2,1,KR,0
https://openalex.org/W1989864631,6,6,2,"DE,GR",1
https://openalex.org/W1989893129,10,10,1,US,0
https://openalex.org/W1989902714,26,49,2,"BE,FR",1
https://openalex.org/W1989914092,4,4,2,"GB,RO",1
https://openalex.org/W1989964993,7,7,0,,0
https://openalex.org/W1989994723,3,3,1,IN,0
https://openalex.org/W1990002858,3,3,1,JP,0
https://openalex.org/W1990015089,10,34,3,"BE,CH,FR",1
https://openalex.org/W1990037749,1,1,0,,0
https://openalex.org/W1990042247,9,11,2,"JP,KR",1
https://openalex.org/W1990047154,3,3,1,DE,0
https://openalex.org/W1990052528,5,5,1,US,0
https://openalex.org/W1990054129,3,4,1,CN,0
https://openalex.org/W1990072502,7,7,1,BR,0
https://openalex.org/W1990082622,3,5,1,DE,0
https://openalex.org/W1990088335,6,7,1,JP,0
https://openalex.org/W1990100314,2,2,1,GB,0
https://openalex.org/W1990101872,2,2,1,US,0
https://openalex.org/W1990150673,4,5,1,TW,0
https://openalex.org/W1990157274,3,3,1,KR,0
https://openalex.org/W1990158547,5,5,1,KR,0
https://openalex.org/W1990186884,8,8,1,KR,0
https://openalex.org/W1990190282,4,5,2,"AU,SI",1
https://openalex.org/W1990195883,7,8,3,"IT,LV,UA",1
https://openalex.org/W1990207173,2,2,1,CN,0
https://openalex.org/W1990213013,6,6,1,PL,0
https://openalex.org/W1990235206,2,2,1,JP,0
https://openalex.org/W1990245281,7,7,1,DE,0
https://openalex.org/W1990254669,5,5,1,CN,0
https://openalex.org/W1990255042,3,3,1,TW,0
https://openalex.org/W1990297541,3,3,1,CN,0
https://openalex.org/W1990346083,5,5,1,JP,0
https://openalex.org/W1990392909,2,2,1,US,0
https://openalex.org/W1990398145,1,1,0,,0
https://openalex.org/W1990433772,3,3,1,BE,0
https://openalex.org/W1990469063,2,2,1,SI,0
https://openalex.org/W1990510120,10,10,1,JP,0
https://openalex.org/W1990519986,2,2,1,HU,0
https://openalex.org/W1990526334,5,6,2,"CN,KR",1
https://openalex.org/W1990534082,3,3,1,JP,0
https://openalex.org/W1990543827,5,5,1,CN,0
https://openalex.org/W1990562132,7,7,1,DE,0
https://openalex.org/W1990624713,20,20,2,"AT,JP",1
https://openalex.org/W1990631122,5,6,1,CN,0
https://openalex.org/W1990637551,6,12,1,CN,0
https://openalex.org/W1990648662,1,1,0,,0
https://openalex.org/W1990670211,3,3,1,CN,0
https://openalex.org/W1990673274,2,2,0,,0
https://openalex.org/W1990748866,5,5,1,CN,0
https://openalex.org/W1990760653,3,4,1,BR,0
https://openalex.org/W1990774832,6,11,1,FR,0
https://openalex.org/W1990776134,3,3,1,CA,0
https://openalex.org/W1990788658,3,4,2,"CN,JP",1
https://openalex.org/W1990795003,4,4,1,GR,0
https://openalex.org/W1990808365,4,4,1,CN,0
https://openalex.org/W1990818443,2,2,1,GB,0
https://openalex.org/W1990819209,5,8,1,US,0
https://openalex.org/W1990822508,3,3,0,,0
https://openalex.org/W1990825449,2,2,1,JP,0
https://openalex.org/W1990826828,3,4,1,MX,0
https://openalex.org/W1990853552,5,5,1,SI,0
https://openalex.org/W1990858500,3,3,1,MA,0
https://openalex.org/W1990890175,6,10,1,CN,0
https://openalex.org/W1990890722,4,4,1,IL,0
https://openalex.org/W1990955486,4,8,2,"IN,JP",1
https://openalex.org/W1990963807,4,4,1,CN,0
https://openalex.org/W1991028291,4,5,1,CN,0
https://openalex.org/W1991048382,6,6,2,"DK,PL",1
https://openalex.org/W1991052625,4,4,1,CN,0
https://openalex.org/W1991066371,4,4,1,CN,0
https://openalex.org/W1991087794,2,2,1,FR,0
https://openalex.org/W1991115089,19,26,1,JP,0
https://openalex.org/W1991147281,7,15,2,"GR,RU",1
https://openalex.org/W1991148079,6,6,1,DK,0
https://openalex.org/W1991162014,5,5,1,DE,0
https://openalex.org/W1991162900,7,8,1,CN,0
https://openalex.org/W1991178389,1,1,0,,0
https://openalex.org/W1991243059,3,3,0,,0
https://openalex.org/W1991270453,2,2,1,CN,0
https://openalex.org/W1991285841,3,3,1,JP,0
https://openalex.org/W1991319846,2,4,1,CA,0
https://openalex.org/W1991326027,4,4,1,CN,0
https://openalex.org/W1991343740,3,3,1,MX,0
https://openalex.org/W1991372337,7,42,1,JP,0
https://openalex.org/W1991376258,7,7,1,ES,0
https://openalex.org/W1991405642,2,2,1,SA,0
https://openalex.org/W1991429428,9,9,1,GB,0
https://openalex.org/W1991471944,8,24,2,"JP,PL",1
https://openalex.org/W1991472747,5,5,1,SK,0
https://openalex.org/W1991531623,4,7,1,IL,0
https://openalex.org/W1991549558,9,10,2,"RU,US",1
https://openalex.org/W1991554226,1,1,0,,0
https://openalex.org/W1991583208,7,9,1,TH,0
https://openalex.org/W1991586428,2,2,1,US,0
https://openalex.org/W1991605000,12,12,0,,0
https://openalex.org/W1991609244,6,7,3,"CN,DE,US",1
https://openalex.org/W1991623870,3,3,1,JP,0
https://openalex.org/W1991626017,4,4,0,,0
https://openalex.org/W1991633396,1,1,0,,0
https://openalex.org/W1991640149,3,3,2,"CN,GB",1
https://openalex.org/W1991645031,3,12,1,FR,0
https://openalex.org/W1991650860,3,3,1,JP,0
https://openalex.org/W1991653214,4,4,2,"JP,MY",1
https://openalex.org/W1991659711,4,4,1,IR,0
https://openalex.org/W1991677612,4,5,1,KR,0
https://openalex.org/W1991677778,3,4,1,GB,0
https://openalex.org/W1991677941,3,3,1,RS,0
https://openalex.org/W1991685721,2,2,1,US,0
https://openalex.org/W1991737200,5,5,1,SK,0
https://openalex.org/W1991749842,4,4,1,US,0
https://openalex.org/W1991765712,5,5,1,CN,0
https://openalex.org/W1991771314,4,4,1,CN,0
https://openalex.org/W1991783672,3,3,1,US,0
https://openalex.org/W1991794932,2,2,2,"NO,SE",1
https://openalex.org/W1991797921,5,10,1,JP,0
https://openalex.org/W1991801465,4,4,1,TW,0
https://openalex.org/W1991806455,5,5,1,SG,0
https://openalex.org/W1991838770,8,8,1,IL,0
https://openalex.org/W1991838952,9,9,2,"DZ,FR",1
https://openalex.org/W1991839199,4,4,1,CN,0
https://openalex.org/W1991847976,4,4,1,JP,0
https://openalex.org/W1991851134,4,4,0,,0
https://openalex.org/W1991857607,6,6,1,KR,0
https://openalex.org/W1991862036,2,2,1,US,0
https://openalex.org/W1991871473,11,11,2,"DE,US",1
https://openalex.org/W1991927802,3,3,1,JP,0
https://openalex.org/W1991937318,6,6,1,CN,0
https://openalex.org/W1992012398,7,7,2,"CN,CZ",1
https://openalex.org/W1992025178,6,6,0,,0
https://openalex.org/W1992037096,4,4,1,ZA,0
https://openalex.org/W1992047691,4,6,1,US,0
https://openalex.org/W1992094585,3,3,1,SE,0
https://openalex.org/W1992098450,9,10,3,"HK,JP,US",1
https://openalex.org/W1992106447,1,1,0,,0
https://openalex.org/W1992157546,6,12,1,CN,0
https://openalex.org/W1992170312,4,5,1,ES,0
https://openalex.org/W1992210320,5,10,1,IT,0
https://openalex.org/W1992210851,5,5,1,CN,0
https://openalex.org/W1992216944,3,3,1,AU,0
https://openalex.org/W1992241916,2,2,1,US,0
https://openalex.org/W1992268604,2,2,1,JP,0
https://openalex.org/W1992271235,3,3,1,US,0
https://openalex.org/W1992303688,4,4,1,MY,0
https://openalex.org/W1992309935,3,3,1,US,0
https://openalex.org/W1992320664,5,5,3,"PL,RO,RU",1
https://openalex.org/W1992321934,6,7,1,JP,0
https://openalex.org/W1992360192,6,6,1,CN,0
https://openalex.org/W1992373560,2,2,1,IN,0
https://openalex.org/W1992375594,5,7,2,"CN,DE",1
https://openalex.org/W1992382583,3,3,1,KR,0
https://openalex.org/W1992408027,1,1,0,,0
https://openalex.org/W1992409341,6,9,1,CN,0
https://openalex.org/W1992424932,2,2,1,IN,0
https://openalex.org/W1992444900,4,5,1,PL,0
https://openalex.org/W1992476359,4,5,2,"GR,RS",1
https://openalex.org/W1992485057,1,1,0,,0
https://openalex.org/W1992509662,6,6,1,JP,0
https://openalex.org/W1992515454,5,6,3,"CN,HK,US",1
https://openalex.org/W1992525698,1,1,0,,0
https://openalex.org/W1992530712,8,9,2,"FR,US",1
https://openalex.org/W1992536599,7,8,2,"CN,HK",1
https://openalex.org/W1992538141,2,2,1,US,0
https://openalex.org/W1992546329,2,2,1,US,0
https://openalex.org/W1992580824,3,3,1,JP,0
https://openalex.org/W1992613050,5,5,1,PL,0
https://openalex.org/W1992640131,3,3,1,DK,0
https://openalex.org/W1992642670,2,2,1,KR,0
https://openalex.org/W1992654246,1,1,0,,0
https://openalex.org/W1992674293,5,5,1,IT,0
https://openalex.org/W1992679967,3,4,2,"EG,SA",1
https://openalex.org/W1992683567,7,7,1,RU,0
https://openalex.org/W1992686694,3,3,1,JP,0
https://openalex.org/W1992694197,4,4,2,"BR,DE",1
https://openalex.org/W1992694278,3,3,1,CN,0
https://openalex.org/W1992702898,5,5,2,"IN,KR",1
https://openalex.org/W1992705629,1,1,0,,0
https://openalex.org/W1992716763,6,22,1,US,0
https://openalex.org/W1992736494,5,5,1,CN,0
https://openalex.org/W1992753734,6,6,1,DE,0
https://openalex.org/W1992794514,5,5,1,CN,0
https://openalex.org/W1992798051,1,1,0,,0
https://openalex.org/W1992800025,11,11,1,JP,0
https://openalex.org/W1992835172,9,11,1,DE,0
https://openalex.org/W1992846368,5,5,1,ES,0
https://openalex.org/W1992853890,2,2,1,CN,0
https://openalex.org/W1992870781,6,6,1,CN,0
https://openalex.org/W1992886950,6,6,1,JP,0
https://openalex.org/W1992902781,7,7,1,KR,0
https://openalex.org/W1992906923,1,2,0,,0
https://openalex.org/W1992956408,16,20,2,"JP,US",1
https://openalex.org/W1992957786,3,3,1,JP,0
https://openalex.org/W1992959003,4,4,2,"GH,JP",1
https://openalex.org/W1992961824,5,6,2,"FR,IT",1
https://openalex.org/W1992966196,4,4,1,JP,0
https://openalex.org/W1992979495,3,10,1,FR,0
https://openalex.org/W1992981813,4,4,2,"AU,CN",1
https://openalex.org/W1992985511,3,3,1,CN,0
https://openalex.org/W1993022815,4,6,3,"CA,DE,SK",1
https://openalex.org/W1993053707,3,3,1,CN,0
https://openalex.org/W1993057876,5,5,2,"MX,US",1
https://openalex.org/W1993061449,1,1,0,,0
https://openalex.org/W1993070163,3,3,1,CN,0
https://openalex.org/W1993103894,1,1,0,,0
https://openalex.org/W1993108361,3,6,1,RU,0
https://openalex.org/W1993162651,5,5,1,CN,0
https://openalex.org/W1993162948,5,5,1,KR,0
https://openalex.org/W1993169097,9,9,2,"JP,KR",1
https://openalex.org/W1993183253,6,6,2,"DE,US",1
https://openalex.org/W1993185047,4,4,1,TW,0
https://openalex.org/W1993196856,5,5,1,IT,0
https://openalex.org/W1993214062,4,4,1,IR,0
https://openalex.org/W1993229866,7,7,3,"CN,DE,PL",1
https://openalex.org/W1993234059,9,15,1,ES,0
https://openalex.org/W1993243775,3,3,1,CN,0
https://openalex.org/W1993244851,4,4,1,CN,0
https://openalex.org/W1993250423,3,3,1,KR,0
https://openalex.org/W1993259385,4,4,1,CN,0
https://openalex.org/W1993262467,8,8,2,"DE,FI",1
https://openalex.org/W1993265479,6,7,1,LV,0
https://openalex.org/W1993274907,5,5,1,TW,0
https://openalex.org/W1993301194,3,3,1,TW,0
https://openalex.org/W1993330425,4,4,1,KR,0
https://openalex.org/W1993356827,4,12,1,CN,0
https://openalex.org/W1993385929,4,4,1,CN,0
https://openalex.org/W1993390402,14,29,2,"ES,IT",1
https://openalex.org/W1993390494,5,5,1,US,0
https://openalex.org/W1993400099,2,2,1,CA,0
https://openalex.org/W1993425612,5,5,1,CN,0
https://openalex.org/W1993436550,7,7,1,KR,0
https://openalex.org/W1993445107,3,4,1,CN,0
https://openalex.org/W1993469956,4,4,1,KR,0
https://openalex.org/W1993474527,4,4,2,"CN,JP",1
https://openalex.org/W1993492783,1,1,0,,0
https://openalex.org/W1993496786,4,4,1,CN,0
https://openalex.org/W1993506000,3,3,1,HK,0
https://openalex.org/W1993507612,2,2,1,CN,0
https://openalex.org/W1993517607,2,3,1,US,0
https://openalex.org/W1993598083,4,4,1,KR,0
https://openalex.org/W1993601563,2,2,1,CA,0
https://openalex.org/W1993611609,3,7,1,CN,0
https://openalex.org/W1993614377,5,5,1,CN,0
https://openalex.org/W1993619240,4,7,1,PT,0
https://openalex.org/W1993624448,3,3,1,TH,0
https://openalex.org/W1993641903,3,4,2,"RU,US",1
https://openalex.org/W1993712048,2,2,1,CN,0
https://openalex.org/W1993718929,5,17,1,FR,0
https://openalex.org/W1993731627,4,4,2,"DE,US",1
https://openalex.org/W1993739354,4,4,1,GR,0
https://openalex.org/W1993743108,5,5,2,"CN,SG",1
https://openalex.org/W1993746246,1,1,0,,0
https://openalex.org/W1993753358,4,4,1,CZ,0
https://openalex.org/W1993760787,6,6,1,CN,0
https://openalex.org/W1993778349,8,8,1,IT,0
https://openalex.org/W1993781690,2,2,1,FR,0
https://openalex.org/W1993815223,4,4,1,IN,0
https://openalex.org/W1993819239,3,3,1,US,0
https://openalex.org/W1993846763,4,4,1,DE,0
https://openalex.org/W1993865524,6,6,2,"DE,US",1
https://openalex.org/W1993994680,4,4,1,IL,0
https://openalex.org/W1994004787,4,4,1,GB,0
https://openalex.org/W1994019941,1,1,0,,0
https://openalex.org/W1994028266,3,3,1,JP,0
https://openalex.org/W1994050917,5,5,1,CN,0
https://openalex.org/W1994058985,2,8,1,FR,0
https://openalex.org/W1994062476,5,5,1,IN,0
https://openalex.org/W1994095376,12,12,1,JP,0
https://openalex.org/W1994125003,3,3,1,US,0
https://openalex.org/W1994184305,8,8,1,JP,0
https://openalex.org/W1994204569,4,4,1,KR,0
https://openalex.org/W1994232444,4,6,1,CN,0
https://openalex.org/W1994239142,8,8,1,DE,0
https://openalex.org/W1994244404,3,3,1,BR,0
https://openalex.org/W1994264117,2,2,1,JP,0
https://openalex.org/W1994279814,4,5,2,"CN,HK",1
https://openalex.org/W1994285184,6,6,1,JP,0
https://openalex.org/W1994290937,5,5,1,MX,0
https://openalex.org/W1994303315,3,3,1,CN,0
https://openalex.org/W1994317903,5,5,1,ES,0
https://openalex.org/W1994328718,2,2,1,PK,0
https://openalex.org/W1994348877,3,3,1,CN,0
https://openalex.org/W1994359917,1,1,0,,0
https://openalex.org/W1994370556,1,1,0,,0
https://openalex.org/W1994393995,4,4,1,CN,0
https://openalex.org/W1994394311,4,4,1,DE,0
https://openalex.org/W1994410932,5,5,1,CN,0
https://openalex.org/W1994417635,6,7,1,CN,0
https://openalex.org/W1994445102,3,3,0,,0
https://openalex.org/W1994474757,2,2,1,US,0
https://openalex.org/W1994478010,4,4,1,JP,0
https://openalex.org/W1994482944,7,14,1,JP,0
https://openalex.org/W1994490681,5,5,2,"BE,US",1
https://openalex.org/W1994553279,5,5,2,"CN,HK",1
https://openalex.org/W1994557386,2,2,1,US,0
https://openalex.org/W1994568509,4,4,1,AR,0
https://openalex.org/W1994589737,3,3,1,NL,0
https://openalex.org/W1994599417,4,4,2,"DK,US",1
https://openalex.org/W1994599709,6,6,1,CN,0
https://openalex.org/W1994638462,8,8,1,CN,0
https://openalex.org/W1994648083,5,6,1,JP,0
https://openalex.org/W1994663676,1,1,0,,0
https://openalex.org/W1994679815,4,4,1,RS,0
https://openalex.org/W1994684420,6,6,1,CN,0
https://openalex.org/W1994690403,1,1,0,,0
https://openalex.org/W1994693563,2,2,0,,0
https://openalex.org/W1994699916,6,6,2,"LK,UA",1
https://openalex.org/W1994702523,4,4,1,MY,0
https://openalex.org/W1994715989,2,2,1,CN,0
https://openalex.org/W1994729446,2,2,1,FR,0
https://openalex.org/W1994748621,6,10,1,CN,0
https://openalex.org/W1994749824,1,1,0,,0
https://openalex.org/W1994750310,2,2,1,CN,0
https://openalex.org/W1994771519,3,3,1,DE,0
https://openalex.org/W1994791298,2,2,1,US,0
https://openalex.org/W1994792249,7,7,0,,0
https://openalex.org/W1994814430,5,5,1,RU,0
https://openalex.org/W1994832045,3,3,1,KR,0
https://openalex.org/W1994861620,5,5,0,,0
https://openalex.org/W1994868407,5,6,1,NL,0
https://openalex.org/W1994886779,1,1,0,,0
https://openalex.org/W1994949095,6,6,1,CN,0
https://openalex.org/W1994954625,2,2,1,US,0
https://openalex.org/W1994959202,4,4,1,CN,0
https://openalex.org/W1994975807,3,3,1,TJ,0
https://openalex.org/W1994999126,6,7,1,CN,0
https://openalex.org/W1994999856,1,1,0,,0
https://openalex.org/W1995026478,10,19,1,CN,0
https://openalex.org/W1995048151,2,2,1,IR,0
https://openalex.org/W1995066389,6,6,1,TW,0
https://openalex.org/W1995073972,5,5,1,CN,0
https://openalex.org/W1995075837,5,5,1,KR,0
https://openalex.org/W1995082896,4,4,1,GB,0
https://openalex.org/W1995090177,4,4,1,JP,0
https://openalex.org/W1995102200,5,7,1,RU,0
https://openalex.org/W1995107137,3,3,1,CZ,0
https://openalex.org/W1995117468,5,6,1,US,0
https://openalex.org/W1995135099,6,6,1,DE,0
https://openalex.org/W1995152514,4,4,1,CN,0
https://openalex.org/W1995156927,5,5,1,IL,0
https://openalex.org/W1995287457,3,4,1,IL,0
https://openalex.org/W1995290852,3,3,1,SG,0
https://openalex.org/W1995314814,3,3,2,"EG,US",1
https://openalex.org/W1995337056,5,5,1,CN,0
https://openalex.org/W1995338083,4,8,3,"FR,IL,IN",1
https://openalex.org/W1995371899,4,4,1,KR,0
https://openalex.org/W1995374858,3,3,1,CN,0
https://openalex.org/W1995400487,6,6,1,FR,0
https://openalex.org/W1995409078,4,4,1,PL,0
https://openalex.org/W1995466343,2,2,1,RU,0
https://openalex.org/W1995466790,4,4,1,CN,0
https://openalex.org/W1995469089,11,11,1,CN,0
https://openalex.org/W1995479100,4,4,1,TJ,0
https://openalex.org/W1995483247,5,5,1,JP,0
https://openalex.org/W1995495043,3,4,1,FR,0
https://openalex.org/W1995505907,4,4,2,"GB,IN",1
https://openalex.org/W1995523944,6,6,1,TR,0
https://openalex.org/W1995530211,2,2,1,CU,0
https://openalex.org/W1995536506,9,9,1,KR,0
https://openalex.org/W1995550250,2,2,1,LV,0
https://openalex.org/W1995566188,6,6,1,CN,0
https://openalex.org/W1995576253,7,7,1,GB,0
https://openalex.org/W1995579582,2,2,1,MX,0
https://openalex.org/W1995620516,9,9,1,US,0
https://openalex.org/W1995647892,5,5,1,CN,0
https://openalex.org/W1995663456,4,4,2,"BR,FR",1
https://openalex.org/W1995664555,3,3,1,EG,0
https://openalex.org/W1995701417,2,2,1,IR,0
https://openalex.org/W1995731463,1,1,0,,0
https://openalex.org/W1995775028,3,3,1,CN,0
https://openalex.org/W1995799350,4,4,1,CN,0
https://openalex.org/W1995813667,6,6,1,IT,0
https://openalex.org/W1995927764,6,7,1,JP,0
https://openalex.org/W1995932882,4,4,1,IN,0
https://openalex.org/W1995935623,6,9,3,"FR,ID,JP",1
https://openalex.org/W1995941866,2,4,1,JP,0
https://openalex.org/W1995946556,5,5,1,US,0
https://openalex.org/W1995948019,2,4,1,DZ,0
https://openalex.org/W1995973270,4,4,1,US,0
https://openalex.org/W1995974506,4,6,2,"CH,FR",1
https://openalex.org/W1995992754,2,2,0,,0
https://openalex.org/W1996008890,6,6,1,CN,0
https://openalex.org/W1996010063,10,10,2,"KR,US",1
https://openalex.org/W1996018588,5,5,1,US,0
https://openalex.org/W1996023523,4,4,1,JP,0
https://openalex.org/W1996030175,4,4,1,TR,0
https://openalex.org/W1996033788,1,1,0,,0
https://openalex.org/W1996038614,6,6,1,CN,0
https://openalex.org/W1996077630,3,3,2,"CN,JP",1
https://openalex.org/W1996098060,5,5,1,CN,0
https://openalex.org/W1996103881,6,6,1,BR,0
https://openalex.org/W1996139473,2,2,1,CN,0
https://openalex.org/W1996142529,4,4,1,SG,0
https://openalex.org/W1996143666,3,3,1,US,0
https://openalex.org/W1996152548,6,11,3,"CZ,FR,GB",1
https://openalex.org/W1996155724,3,3,1,PL,0
https://openalex.org/W1996166156,12,21,1,ES,0
https://openalex.org/W1996172298,6,12,2,"DE,FR",1
https://openalex.org/W1996199890,4,4,1,SG,0
https://openalex.org/W1996209339,5,5,1,CN,0
https://openalex.org/W1996239464,4,5,1,SG,0
https://openalex.org/W1996262658,5,5,1,US,0
https://openalex.org/W1996263112,6,6,1,TW,0
https://openalex.org/W1996267348,4,4,1,RU,0
https://openalex.org/W1996270085,5,5,2,"IT,US",1
https://openalex.org/W1996273801,5,5,1,CN,0
https://openalex.org/W1996294151,8,11,1,US,0
https://openalex.org/W1996297665,4,4,1,IN,0
https://openalex.org/W1996302129,3,3,1,UA,0
https://openalex.org/W1996322896,2,2,2,"GB,US",1
https://openalex.org/W1996329867,3,4,2,"FR,PT",1
https://openalex.org/W1996354184,5,5,1,GB,0
https://openalex.org/W1996370299,4,4,2,"GB,NL",1
https://openalex.org/W1996408844,5,6,2,"CN,DE",1
https://openalex.org/W1996421176,3,3,1,IT,0
https://openalex.org/W1996434507,3,3,1,FR,0
https://openalex.org/W1996446224,4,4,1,TW,0
https://openalex.org/W1996457359,2,2,1,TJ,0
https://openalex.org/W1996458959,4,8,1,FR,0
https://openalex.org/W1996499023,5,6,2,"CN,GB",1
https://openalex.org/W1996501305,2,2,1,RO,0
https://openalex.org/W1996516790,9,10,2,"CA,US",1
https://openalex.org/W1996574557,3,3,1,CN,0
https://openalex.org/W1996576935,3,3,1,TW,0
https://openalex.org/W1996578811,5,9,2,"IN,JP",1
https://openalex.org/W1996586191,7,14,1,CN,0
https://openalex.org/W1996615444,4,4,2,"AE,IN",1
https://openalex.org/W1996631952,1,1,0,,0
https://openalex.org/W1996636382,3,3,1,IN,0
https://openalex.org/W1996638147,9,9,2,"RU,UA",1
https://openalex.org/W1996653189,4,4,1,KR,0
https://openalex.org/W1996663422,3,3,1,US,0
https://openalex.org/W1996709946,4,4,0,,0
https://openalex.org/W1996713468,7,7,1,FR,0
https://openalex.org/W1996746479,3,3,1,DE,0
https://openalex.org/W1996773184,8,32,1,FR,0
https://openalex.org/W1996779831,5,5,1,CN,0
https://openalex.org/W1996811820,2,2,0,,0
https://openalex.org/W1996835175,6,7,1,PL,0
https://openalex.org/W1996844016,7,7,1,KR,0
https://openalex.org/W1996851133,3,3,1,BY,0
https://openalex.org/W1996874221,4,4,1,CN,0
https://openalex.org/W1996876293,2,2,1,LY,0
https://openalex.org/W1996895221,6,6,3,"BE,DE,SE",1
https://openalex.org/W1996898233,6,14,1,CN,0
https://openalex.org/W1996905413,5,6,1,FR,0
https://openalex.org/W1996926998,7,7,2,"DE,FR",1
https://openalex.org/W1996930403,4,7,2,"CA,CN",1
https://openalex.org/W1996941662,4,8,1,ES,0
https://openalex.org/W1996946226,4,4,3,"BG,DE,JP",1
https://openalex.org/W1996962083,2,2,0,,0
https://openalex.org/W1996970507,1,1,0,,0
https://openalex.org/W1996972674,9,9,1,KR,0
https://openalex.org/W1996975631,3,3,1,GB,0
https://openalex.org/W1996995803,3,3,1,RU,0
https://openalex.org/W1997011246,5,5,1,CN,0
https://openalex.org/W1997041421,6,6,2,"KZ,RU",1
https://openalex.org/W1997042123,5,5,1,KR,0
https://openalex.org/W1997042388,4,4,1,CN,0
https://openalex.org/W1997050880,2,2,1,MY,0
https://openalex.org/W1997052589,2,2,1,CN,0
https://openalex.org/W1997080018,3,3,1,US,0
https://openalex.org/W1997086841,6,6,1,CN,0
https://openalex.org/W1997093987,6,6,1,TW,0
https://openalex.org/W1997115560,2,2,1,RU,0
https://openalex.org/W1997124965,5,5,1,CN,0
https://openalex.org/W1997142230,3,3,2,"JP,KR",1
https://openalex.org/W1997151514,5,10,1,FR,0
https://openalex.org/W1997157386,2,4,2,"RS,UA",1
https://openalex.org/W1997157889,6,7,1,CN,0
https://openalex.org/W1997176416,44,170,2,"DE,FR",1
https://openalex.org/W1997181934,2,2,1,RU,0
https://openalex.org/W1997196142,3,3,1,JP,0
https://openalex.org/W1997242233,5,5,1,CN,0
https://openalex.org/W1997243935,5,5,1,ES,0
https://openalex.org/W1997245195,4,5,2,"DE,FR",1
https://openalex.org/W1997257442,6,6,1,GB,0
https://openalex.org/W1997285258,7,21,1,CN,0
https://openalex.org/W1997302382,4,4,1,TW,0
https://openalex.org/W1997312784,2,2,1,CH,0
https://openalex.org/W1997357210,6,6,1,CN,0
https://openalex.org/W1997420406,1,2,0,,0
https://openalex.org/W1997421276,2,2,1,TR,0
https://openalex.org/W1997462540,4,5,1,CN,0
https://openalex.org/W1997479687,3,5,1,US,0
https://openalex.org/W1997536118,2,2,1,JP,0
https://openalex.org/W1997539319,4,5,1,US,0
https://openalex.org/W1997543858,1,1,0,,0
https://openalex.org/W1997547750,4,4,1,RU,0
https://openalex.org/W1997565011,2,2,1,IN,0
https://openalex.org/W1997576680,5,5,1,CN,0
https://openalex.org/W1997581358,3,3,1,IN,0
https://openalex.org/W1997593006,2,2,1,IT,0
https://openalex.org/W1997595838,3,3,1,IN,0
https://openalex.org/W1997597617,1,1,0,,0
https://openalex.org/W1997602375,5,5,1,IL,0
https://openalex.org/W1997604314,6,12,1,CN,0
https://openalex.org/W1997612149,6,6,2,"ES,US",1
https://openalex.org/W1997617413,7,7,1,JP,0
https://openalex.org/W1997619935,4,4,1,IT,0
https://openalex.org/W1997622640,4,4,1,TR,0
https://openalex.org/W1997628205,10,10,1,CN,0
https://openalex.org/W1997630302,2,2,1,PL,0
https://openalex.org/W1997644029,5,5,1,TW,0
https://openalex.org/W1997662143,4,7,2,"FR,LB",1
https://openalex.org/W1997677726,3,3,2,"BR,US",1
https://openalex.org/W1997686289,5,5,1,CN,0
https://openalex.org/W1997693438,4,4,2,"IN,JP",1
https://openalex.org/W1997694985,5,5,1,GB,0
https://openalex.org/W1997698445,2,2,1,PL,0
https://openalex.org/W1997711094,6,7,1,IN,0
https://openalex.org/W1997719063,6,6,1,CN,0
https://openalex.org/W1997724337,5,7,1,CN,0
https://openalex.org/W1997725877,3,3,1,IL,0
https://openalex.org/W1997779312,3,3,1,CN,0
https://openalex.org/W1997788293,33,33,3,"CA,SE,US",1
https://openalex.org/W1997791419,5,5,2,"CH,JP",1
https://openalex.org/W1997791656,8,8,1,CN,0
https://openalex.org/W1997795523,4,4,1,US,0
https://openalex.org/W1997810985,3,3,1,GB,0
https://openalex.org/W1997813744,3,6,1,JP,0
https://openalex.org/W1997817863,4,4,1,DE,0
https://openalex.org/W1997822632,1,2,0,,0
https://openalex.org/W1997829938,4,5,2,"CN,US",1
https://openalex.org/W1997848008,2,2,1,EG,0
https://openalex.org/W1997851339,3,3,1,JP,0
https://openalex.org/W1997859464,3,3,1,ES,0
https://openalex.org/W1997875414,9,11,2,"CH,DE",1
https://openalex.org/W1997881757,4,4,1,US,0
https://openalex.org/W1997883434,4,6,1,GR,0
https://openalex.org/W1997883746,7,23,1,FR,0
https://openalex.org/W1997892626,7,7,1,JP,0
https://openalex.org/W1997901861,1,1,0,,0
https://openalex.org/W1997912535,3,3,1,US,0
https://openalex.org/W1997920873,2,2,1,TW,0
https://openalex.org/W1997926702,6,6,1,JP,0
https://openalex.org/W1997941235,6,7,1,JP,0
https://openalex.org/W1997956755,4,8,2,"CN,US",1
https://openalex.org/W1997978357,2,2,1,IN,0
https://openalex.org/W1998020747,9,17,1,CN,0
https://openalex.org/W1998029608,2,2,1,US,0
https://openalex.org/W1998035565,2,4,1,FR,0
https://openalex.org/W1998040078,7,7,1,KR,0
https://openalex.org/W1998041243,4,4,1,IN,0
https://openalex.org/W1998062470,8,8,1,US,0
https://openalex.org/W1998070354,7,7,1,RU,0
https://openalex.org/W1998089903,3,3,1,AU,0
https://openalex.org/W1998110148,4,4,1,IT,0
https://openalex.org/W1998119278,4,4,1,CN,0
https://openalex.org/W1998125760,8,8,1,JP,0
https://openalex.org/W1998170860,2,2,1,BG,0
https://openalex.org/W1998172581,7,7,1,KR,0
https://openalex.org/W1998175470,3,3,1,FI,0
https://openalex.org/W1998194534,5,5,1,KR,0
https://openalex.org/W1998209699,4,4,1,RO,0
https://openalex.org/W1998211328,11,13,4,"CA,DE,FI,US",1
https://openalex.org/W1998217661,3,3,1,IL,0
https://openalex.org/W1998230841,2,2,1,GB,0
https://openalex.org/W1998232150,7,7,1,CN,0
https://openalex.org/W1998249471,5,6,1,US,0
https://openalex.org/W1998256600,2,2,1,RO,0
https://openalex.org/W1998267331,8,8,1,DE,0
https://openalex.org/W1998273054,3,3,1,IN,0
https://openalex.org/W1998281600,2,2,1,US,0
https://openalex.org/W1998324792,7,14,2,"GB,US",1
https://openalex.org/W1998331914,2,2,1,ES,0
https://openalex.org/W1998347249,2,2,1,RU,0
https://openalex.org/W1998352151,3,4,2,"FR,NL",1
https://openalex.org/W1998353251,2,2,1,CN,0
https://openalex.org/W1998376928,2,2,1,PL,0
https://openalex.org/W1998403955,4,4,1,CN,0
https://openalex.org/W1998407388,2,2,1,CN,0
https://openalex.org/W1998436453,2,2,1,US,0
https://openalex.org/W1998439442,4,5,2,"CN,GB",1
https://openalex.org/W1998458641,6,6,1,JP,0
https://openalex.org/W1998474374,2,2,1,UA,0
https://openalex.org/W1998474606,3,3,1,IR,0
https://openalex.org/W1998481168,3,3,1,GB,0
https://openalex.org/W1998528378,3,3,1,TR,0
https://openalex.org/W1998533236,19,32,2,"FR,IT",1
https://openalex.org/W1998554136,2,2,1,DE,0
https://openalex.org/W1998561353,4,4,1,DE,0
https://openalex.org/W1998562106,5,5,1,MY,0
https://openalex.org/W1998605262,6,6,1,BR,0
https://openalex.org/W1998609679,3,3,1,AU,0
https://openalex.org/W1998617746,5,5,2,"KR,TW",1
https://openalex.org/W1998623024,7,7,0,,0
https://openalex.org/W1998633661,3,3,1,KR,0
https://openalex.org/W1998642415,1,1,0,,0
https://openalex.org/W1998642539,1,1,0,,0
https://openalex.org/W1998652191,4,4,1,DE,0
https://openalex.org/W1998655975,4,4,1,CN,0
https://openalex.org/W1998664862,2,2,1,JP,0
https://openalex.org/W1998684115,6,6,1,KR,0
https://openalex.org/W1998687215,4,4,1,CN,0
https://openalex.org/W1998688899,3,3,1,JP,0
https://openalex.org/W1998694927,5,5,1,BR,0
https://openalex.org/W1998710420,5,5,1,RU,0
https://openalex.org/W1998715840,6,6,1,FI,0
https://openalex.org/W1998745784,4,12,1,FR,0
https://openalex.org/W1998747897,4,4,1,JP,0
https://openalex.org/W1998856297,4,4,1,IN,0
https://openalex.org/W1998876226,5,5,1,CN,0
https://openalex.org/W1998878961,7,7,1,KR,0
https://openalex.org/W1998902041,3,3,1,DE,0
https://openalex.org/W1998942849,5,7,1,KR,0
https://openalex.org/W1998951782,2,2,1,RU,0
https://openalex.org/W1998956667,2,2,1,DE,0
https://openalex.org/W1998977019,5,5,1,KR,0
https://openalex.org/W1999005707,4,4,1,CN,0
https://openalex.org/W1999012862,7,7,1,MA,0
https://openalex.org/W1999016681,5,8,1,US,0
https://openalex.org/W1999017294,6,6,1,TW,0
https://openalex.org/W1999037614,2,3,2,"IR,UA",1
https://openalex.org/W1999049951,6,7,1,CN,0
https://openalex.org/W1999051822,3,3,1,JP,0
https://openalex.org/W1999056539,3,3,1,TW,0
https://openalex.org/W1999072202,3,9,1,FR,0
https://openalex.org/W1999090657,5,5,1,JP,0
https://openalex.org/W1999095999,7,7,0,,0
https://openalex.org/W1999133837,4,4,1,RO,0
https://openalex.org/W1999163742,4,4,1,CN,0
https://openalex.org/W1999169965,3,3,1,CA,0
https://openalex.org/W1999178539,5,5,0,,0
https://openalex.org/W1999203088,4,5,1,TW,0
https://openalex.org/W1999207995,4,4,1,CN,0
https://openalex.org/W1999211584,3,3,1,US,0
https://openalex.org/W1999212665,3,3,1,DE,0
https://openalex.org/W1999239864,4,4,1,JP,0
https://openalex.org/W1999255300,3,8,1,FR,0
https://openalex.org/W1999292148,2,2,1,US,0
https://openalex.org/W1999305782,7,8,2,"AU,CN",1
https://openalex.org/W1999313097,3,3,1,US,0
https://openalex.org/W1999318009,4,4,1,US,0
https://openalex.org/W1999339210,1,3,0,,0
https://openalex.org/W1999350443,5,13,1,CN,0
https://openalex.org/W1999357655,3,3,1,GB,0
https://openalex.org/W1999364501,2,2,1,CN,0
https://openalex.org/W1999366181,4,4,1,IN,0
https://openalex.org/W1999371918,5,5,1,CN,0
https://openalex.org/W1999385807,5,5,1,CN,0
https://openalex.org/W1999397189,5,5,1,CN,0
https://openalex.org/W1999417082,6,6,1,MX,0
https://openalex.org/W1999420811,5,5,2,"IL,RU",1
https://openalex.org/W1999430345,2,3,1,TR,0
https://openalex.org/W1999513565,6,6,1,IN,0
https://openalex.org/W1999527584,3,3,1,IT,0
https://openalex.org/W1999538341,9,9,1,BE,0
https://openalex.org/W1999541550,2,2,1,US,0
https://openalex.org/W1999586369,5,7,3,"CO,MX,PY",1
https://openalex.org/W1999610518,5,5,1,CN,0
https://openalex.org/W1999617530,2,2,1,BR,0
https://openalex.org/W1999620523,2,2,0,,0
https://openalex.org/W1999638634,5,5,1,CN,0
https://openalex.org/W1999659262,2,2,1,US,0
https://openalex.org/W1999674872,13,14,2,"KR,US",1
https://openalex.org/W1999689355,4,5,1,CN,0
https://openalex.org/W1999702445,7,7,1,US,0
https://openalex.org/W1999704957,3,3,1,CN,0
https://openalex.org/W1999710642,9,12,1,CN,0
https://openalex.org/W1999740930,3,4,2,"GB,RU",1
https://openalex.org/W1999760584,2,2,1,DK,0
https://openalex.org/W1999787848,3,3,1,AZ,0
https://openalex.org/W1999791368,4,4,1,US,0
https://openalex.org/W1999798885,4,6,3,"DE,GB,US",1
https://openalex.org/W1999799435,8,10,2,"CN,US",1
https://openalex.org/W1999823471,2,2,1,TR,0
https://openalex.org/W1999823487,2,2,1,US,0
https://openalex.org/W1999836055,5,5,1,IN,0
https://openalex.org/W1999855151,4,5,1,RU,0
https://openalex.org/W1999858346,2,2,1,CN,0
https://openalex.org/W1999882834,6,6,1,BR,0
https://openalex.org/W1999891210,3,3,1,CA,0
https://openalex.org/W1999892015,4,4,1,JP,0
https://openalex.org/W1999901661,6,38,1,FR,0
https://openalex.org/W1999982422,4,4,1,DE,0
https://openalex.org/W2000000772,4,4,1,PL,0
https://openalex.org/W2000001297,5,5,1,CN,0
https://openalex.org/W2000002814,4,5,1,CN,0
https://openalex.org/W2000032573,4,4,1,CA,0
https://openalex.org/W2000050244,2,2,1,CA,0
https://openalex.org/W2000085431,7,7,1,PL,0
https://openalex.org/W2000089381,5,7,1,US,0
https://openalex.org/W2000128717,5,5,1,CN,0
https://openalex.org/W2000158157,3,3,1,IR,0
https://openalex.org/W2000162750,4,4,1,KR,0
https://openalex.org/W2000191364,5,5,1,RU,0
https://openalex.org/W2000227092,8,8,1,FR,0
https://openalex.org/W2000284266,2,2,1,GB,0
https://openalex.org/W2000289357,4,4,1,US,0
https://openalex.org/W2000304035,4,4,1,DE,0
https://openalex.org/W2000329193,10,11,1,TR,0
https://openalex.org/W2000348030,1,1,0,,0
https://openalex.org/W2000377581,6,6,1,CN,0
https://openalex.org/W2000385961,3,3,1,KR,0
https://openalex.org/W2000421330,7,10,2,"AU,SE",1
https://openalex.org/W2000438253,5,5,1,BE,0
https://openalex.org/W2000438601,9,9,1,JP,0
https://openalex.org/W2000452556,5,5,1,KR,0
https://openalex.org/W2000494746,5,5,1,PL,0
https://openalex.org/W2000514224,6,6,1,US,0
https://openalex.org/W2000543130,2,2,1,SA,0
https://openalex.org/W2000584751,7,7,1,CN,0
https://openalex.org/W2000597520,4,4,1,JP,0
https://openalex.org/W2000611539,7,18,2,"CN,HK",1
https://openalex.org/W2000635086,3,3,1,DE,0
https://openalex.org/W2000657506,7,7,1,KR,0
https://openalex.org/W2000667136,5,5,2,"JP,LT",1
https://openalex.org/W2000711970,7,8,1,CN,0
https://openalex.org/W2000713474,5,5,1,ES,0
https://openalex.org/W2000731896,3,3,1,TW,0
https://openalex.org/W2000732731,1,1,0,,0
https://openalex.org/W2000762555,5,5,1,CA,0
https://openalex.org/W2000785334,3,3,1,TW,0
https://openalex.org/W2000802281,4,9,1,AR,0
https://openalex.org/W2000852835,4,4,1,US,0
https://openalex.org/W2000864488,4,4,1,RU,0
https://openalex.org/W2000868170,4,4,1,KR,0
https://openalex.org/W2000892076,2,2,1,HK,0
https://openalex.org/W2000909045,24,27,4,"DE,GB,IL,US",1
https://openalex.org/W2000949388,4,4,1,KR,0
https://openalex.org/W2000959974,2,3,2,"CN,JP",1
https://openalex.org/W2000975908,4,4,2,"CN,JP",1
https://openalex.org/W2000983389,3,3,2,"DE,US",1
https://openalex.org/W2001006524,4,4,1,ES,0
https://openalex.org/W2001014390,5,5,1,CH,0
https://openalex.org/W2001049362,4,4,1,CZ,0
https://openalex.org/W2001063923,3,3,1,JP,0
https://openalex.org/W2001107992,6,6,1,KR,0
https://openalex.org/W2001111829,4,4,1,CN,0
https://openalex.org/W2001166847,3,3,1,US,0
https://openalex.org/W2001183709,5,8,3,"IT,MK,US",1
https://openalex.org/W2001204463,3,3,1,CN,0
https://openalex.org/W2001223538,2,2,1,IT,0
https://openalex.org/W2001248423,4,4,1,JP,0
https://openalex.org/W2001269769,20,21,1,RU,0
https://openalex.org/W2001290555,3,3,1,JP,0
https://openalex.org/W2001323010,3,3,1,CN,0
https://openalex.org/W2001330287,7,7,1,CN,0
https://openalex.org/W2001358583,4,4,1,CN,0
https://openalex.org/W2001367115,4,4,1,IN,0
https://openalex.org/W2001378048,4,4,1,CA,0
https://openalex.org/W2001378594,5,10,1,CN,0
https://openalex.org/W2001396912,3,4,1,RU,0
https://openalex.org/W2001417669,2,2,0,,0
https://openalex.org/W2001435154,2,2,1,CN,0
https://openalex.org/W2001441703,3,3,1,CN,0
https://openalex.org/W2001463823,4,4,2,"RU,US",1
https://openalex.org/W2001467088,6,9,1,PT,0
https://openalex.org/W2001487157,11,11,3,"CH,DE,SE",1
https://openalex.org/W2001507462,8,8,1,JP,0
https://openalex.org/W2001524297,3,3,1,CZ,0
https://openalex.org/W2001569760,4,4,1,IN,0
https://openalex.org/W2001573288,5,5,1,GB,0
https://openalex.org/W2001583974,5,5,1,CN,0
https://openalex.org/W2001587110,2,2,1,JP,0
https://openalex.org/W2001605329,10,10,1,JP,0
https://openalex.org/W2001655886,5,6,4,"AT,GB,US,ZA",1
https://openalex.org/W2001661204,2,2,1,KR,0
https://openalex.org/W2001662437,9,9,2,"BY,RU",1
https://openalex.org/W2001671788,2,2,1,US,0
https://openalex.org/W2001694839,4,4,1,CH,0
https://openalex.org/W2001695663,5,5,1,RU,0
https://openalex.org/W2001769830,8,8,1,CN,0
https://openalex.org/W2001777123,5,5,1,ES,0
https://openalex.org/W2001784989,6,24,2,"BE,FR",1
https://openalex.org/W2001788812,1,1,0,,0
https://openalex.org/W2001800423,4,6,2,"NO,SE",1
https://openalex.org/W2001811513,12,23,2,"CH,DE",1
https://openalex.org/W2001822403,1,1,0,,0
https://openalex.org/W2001834894,6,6,1,JP,0
https://openalex.org/W2001862237,3,3,1,AU,0
https://openalex.org/W2001895916,7,7,2,"RU,TJ",1
https://openalex.org/W2001898234,2,2,1,KR,0
https://openalex.org/W2001904322,5,5,1,DE,0
https://openalex.org/W2001907738,4,4,1,SE,0
https://openalex.org/W2001910846,5,5,1,CN,0
https://openalex.org/W2001920350,3,3,1,TH,0
https://openalex.org/W2001925668,7,14,1,JP,0
https://openalex.org/W2001935458,4,4,1,BR,0
https://openalex.org/W2001959319,3,3,0,,0
https://openalex.org/W2001971656,7,7,1,TW,0
https://openalex.org/W2001992722,6,11,2,"CN,US",1
https://openalex.org/W2002003092,2,2,1,TW,0
https://openalex.org/W2002020985,6,6,0,,0
https://openalex.org/W2002030156,8,8,1,KR,0
https://openalex.org/W2002032379,10,10,3,"DE,FR,PT",1
https://openalex.org/W2002064512,4,4,1,IR,0
https://openalex.org/W2002082435,3,3,1,CA,0
https://openalex.org/W2002094342,7,11,3,"DE,FR,RU",1
https://openalex.org/W2002131587,2,2,1,IN,0
https://openalex.org/W2002141020,3,5,1,FR,0
https://openalex.org/W2002149124,4,4,1,US,0
https://openalex.org/W2002156326,2,2,1,TW,0
https://openalex.org/W2002165952,8,8,2,"CN,GB",1
https://openalex.org/W2002170751,7,7,1,KR,0
https://openalex.org/W2002181256,7,11,1,CN,0
https://openalex.org/W2002248849,9,9,1,CN,0
https://openalex.org/W2002253895,4,4,1,PL,0
https://openalex.org/W2002259996,8,14,1,CN,0
https://openalex.org/W2002281664,5,6,2,"CZ,JP",1
https://openalex.org/W2002285981,6,6,2,"CA,JP",1
https://openalex.org/W2002353962,2,2,1,US,0
https://openalex.org/W2002360873,1,1,0,,0
https://openalex.org/W2002374979,6,6,1,CN,0
https://openalex.org/W2002390039,3,3,1,SI,0
https://openalex.org/W2002412102,5,7,4,"AT,DE,PK,PL",1
https://openalex.org/W2002417051,7,7,1,HU,0
https://openalex.org/W2002424356,3,3,1,IN,0
https://openalex.org/W2002451594,7,7,1,CN,0
https://openalex.org/W2002455152,3,4,2,"DE,RU",1
https://openalex.org/W2002465589,9,11,2,"BE,GB",1
https://openalex.org/W2002467641,4,4,1,KR,0
https://openalex.org/W2002474798,9,9,1,CN,0
https://openalex.org/W2002513729,3,3,1,JP,0
https://openalex.org/W2002514547,7,13,2,"DK,FR",1
https://openalex.org/W2002531702,3,3,1,KR,0
https://openalex.org/W2002589556,3,3,1,US,0
https://openalex.org/W2002590892,2,4,1,US,0
https://openalex.org/W2002592782,1,1,0,,0
https://openalex.org/W2002596067,2,2,1,DE,0
https://openalex.org/W2002596694,2,2,1,SE,0
https://openalex.org/W2002596866,2,2,1,BE,0
https://openalex.org/W2002606863,2,2,1,TW,0
https://openalex.org/W2002617257,4,4,1,RU,0
https://openalex.org/W2002663105,3,3,1,KR,0
https://openalex.org/W2002668088,8,12,1,CN,0
https://openalex.org/W2002699242,5,5,2,"SG,US",1
https://openalex.org/W2002706848,8,8,3,"BR,IT,PE",1
https://openalex.org/W2002711659,2,2,1,IN,0
https://openalex.org/W2002738439,3,3,1,CN,0
https://openalex.org/W2002738629,5,5,1,CN,0
https://openalex.org/W2002751785,2,3,2,"IR,JP",1
https://openalex.org/W2002789964,5,10,1,DZ,0
https://openalex.org/W2002794610,5,8,2,"CN,KR",1
https://openalex.org/W2002830749,7,7,1,CN,0
https://openalex.org/W2002833053,1,1,0,,0
https://openalex.org/W2002837317,3,3,2,"CN,US",1
https://openalex.org/W2002876591,7,7,1,JP,0
https://openalex.org/W2002929071,5,5,1,CN,0
https://openalex.org/W2002950029,5,5,1,DE,0
https://openalex.org/W2002959659,5,5,1,DE,0
https://openalex.org/W2002963674,12,23,1,CN,0
https://openalex.org/W2002985255,4,6,1,US,0
https://openalex.org/W2002987445,5,5,1,SE,0
https://openalex.org/W2002989960,2,2,1,US,0
https://openalex.org/W2003009818,3,3,1,JP,0
https://openalex.org/W2003037996,6,6,1,CN,0
https://openalex.org/W2003053786,4,4,1,JP,0
https://openalex.org/W2003086032,6,6,1,CZ,0
https://openalex.org/W2003103528,1,2,0,,0
https://openalex.org/W2003110243,12,12,3,"DE,SG,US",1
https://openalex.org/W2003125970,1,1,0,,0
https://openalex.org/W2003156696,5,21,1,FR,0
https://openalex.org/W2003182770,2,4,1,CN,0
https://openalex.org/W2003183188,4,4,2,"BY,CZ",1
https://openalex.org/W2003208231,10,20,1,CN,0
https://openalex.org/W2003218378,3,3,1,US,0
https://openalex.org/W2003230301,4,4,2,"GB,US",1
https://openalex.org/W2003268153,3,3,1,RU,0
https://openalex.org/W2003307423,2,2,1,IR,0
https://openalex.org/W2003319905,2,2,1,CN,0
https://openalex.org/W2003331855,4,4,2,"FR,VE",1
https://openalex.org/W2003334634,9,9,3,"BE,ES,JP",1
https://openalex.org/W2003340439,5,5,1,KR,0
https://openalex.org/W2003343426,5,6,1,JP,0
https://openalex.org/W2003348922,2,2,1,JP,0
https://openalex.org/W2003401886,3,4,1,US,0
https://openalex.org/W2003409101,12,12,2,"CA,GB",1
https://openalex.org/W2003457364,9,18,1,CN,0
https://openalex.org/W2003460714,2,2,0,,0
https://openalex.org/W2003462521,2,2,1,TH,0
https://openalex.org/W2003516312,7,8,1,CN,0
https://openalex.org/W2003523947,5,5,1,CN,0
https://openalex.org/W2003531629,10,15,3,"CH,FR,RU",1
https://openalex.org/W2003556220,4,4,1,ES,0
https://openalex.org/W2003582536,6,18,1,FR,0
https://openalex.org/W2003611449,5,10,1,RU,0
https://openalex.org/W2003621360,5,5,1,PT,0
https://openalex.org/W2003630536,2,2,1,TH,0
https://openalex.org/W2003636395,9,12,3,"BR,FR,IN",1
https://openalex.org/W2003647794,3,3,1,BR,0
https://openalex.org/W2003656614,2,2,1,IR,0
https://openalex.org/W2003676989,4,4,2,"JP,PL",1
https://openalex.org/W2003690080,7,7,1,CH,0
https://openalex.org/W2003690495,1,1,0,,0
https://openalex.org/W2003701414,2,3,2,"CN,IT",1
https://openalex.org/W2003701443,6,6,1,US,0
https://openalex.org/W2003723029,1,1,0,,0
https://openalex.org/W2003746497,3,7,1,CN,0
https://openalex.org/W2003783770,4,4,1,DE,0
https://openalex.org/W2003786096,4,4,1,CN,0
https://openalex.org/W2003814315,1,1,0,,0
https://openalex.org/W2003828306,3,3,1,JP,0
https://openalex.org/W2003859914,3,3,1,CN,0
https://openalex.org/W2003878385,7,7,1,BE,0
https://openalex.org/W2003885009,5,5,1,CN,0
https://openalex.org/W2003895001,1,1,0,,0
https://openalex.org/W2003908660,4,4,1,KR,0
https://openalex.org/W2003933936,4,4,1,FR,0
https://openalex.org/W2003943149,3,3,1,TR,0
https://openalex.org/W2003945813,12,12,1,GB,0
https://openalex.org/W2003979480,2,2,1,CN,0
https://openalex.org/W2003991379,1,1,0,,0
https://openalex.org/W2004012797,6,6,1,IN,0
https://openalex.org/W2004048525,3,3,1,CN,0
https://openalex.org/W2004090330,3,6,1,CN,0
https://openalex.org/W2004118899,5,5,1,JP,0
https://openalex.org/W2004143067,3,6,1,DE,0
https://openalex.org/W2004149856,4,4,1,KR,0
https://openalex.org/W2004153571,4,4,1,US,0
https://openalex.org/W2004188027,5,5,1,CN,0
https://openalex.org/W2004191766,4,4,1,JO,0
https://openalex.org/W2004201051,2,2,1,AR,0
https://openalex.org/W2004206486,2,2,1,DE,0
https://openalex.org/W2004210281,3,3,1,US,0
https://openalex.org/W2004220454,7,14,1,CN,0
https://openalex.org/W2004253313,7,7,1,CN,0
https://openalex.org/W2004261605,2,2,1,CN,0
https://openalex.org/W2004284521,3,3,1,AU,0
https://openalex.org/W2004299301,11,51,1,FR,0
https://openalex.org/W2004306243,8,14,2,"CN,GB",1
https://openalex.org/W2004318494,1,1,0,,0
https://openalex.org/W2004357475,5,5,1,US,0
https://openalex.org/W2004365022,3,3,1,PT,0
https://openalex.org/W2004369685,4,4,1,KR,0
https://openalex.org/W2004397289,5,5,1,JP,0
https://openalex.org/W2004405747,3,3,1,JP,0
https://openalex.org/W2004412509,6,7,1,KR,0
https://openalex.org/W2004468227,3,3,1,FR,0
https://openalex.org/W2004477752,4,8,1,GB,0
https://openalex.org/W2004531422,2,2,1,KR,0
https://openalex.org/W2004560833,4,9,1,CN,0
https://openalex.org/W2004570841,5,7,2,"BR,US",1
https://openalex.org/W2004573671,7,10,3,"HK,RU,UA",1
https://openalex.org/W2004613311,8,8,1,CN,0
https://openalex.org/W2004617830,3,3,1,US,0
https://openalex.org/W2004628887,5,6,1,CN,0
https://openalex.org/W2004633768,2,2,1,CN,0
https://openalex.org/W2004642818,8,9,1,DE,0
https://openalex.org/W2004669372,2,2,1,CN,0
https://openalex.org/W2004675654,4,4,1,KR,0
https://openalex.org/W2004679897,7,7,1,US,0
https://openalex.org/W2004684658,4,4,1,US,0
https://openalex.org/W2004684943,4,4,2,"PL,RU",1
https://openalex.org/W2004703910,2,2,1,GB,0
https://openalex.org/W2004741406,5,5,1,TW,0
https://openalex.org/W2004771128,2,2,1,IL,0
https://openalex.org/W2004813206,4,4,1,PL,0
https://openalex.org/W2004816902,3,3,1,CN,0
https://openalex.org/W2004821395,2,2,1,JP,0
https://openalex.org/W2004823213,6,6,1,JP,0
https://openalex.org/W2004826197,4,4,1,CN,0
https://openalex.org/W2004882066,3,3,1,DE,0
https://openalex.org/W2004933774,8,8,1,KR,0
https://openalex.org/W2004936374,4,4,1,US,0
https://openalex.org/W2004937526,5,5,1,IT,0
https://openalex.org/W2004954883,4,4,1,CN,0
https://openalex.org/W2004968064,3,3,1,CN,0
https://openalex.org/W2004971735,4,4,1,US,0
https://openalex.org/W2004986623,4,4,1,CZ,0
https://openalex.org/W2004989635,4,4,1,CN,0
https://openalex.org/W2004990962,6,7,2,"ID,JP",1
https://openalex.org/W2005007470,6,6,1,US,0
https://openalex.org/W2005007528,2,3,2,"JP,US",1
https://openalex.org/W2005038104,6,6,1,KR,0
https://openalex.org/W2005039615,5,5,1,JP,0
https://openalex.org/W2005042347,9,9,8,"AU,CY,DE,ES,FR,GB,HU,SG",1
https://openalex.org/W2005049392,3,3,1,JP,0
https://openalex.org/W2005057378,4,4,1,IR,0
https://openalex.org/W2005065036,5,5,2,"CH,DE",1
https://openalex.org/W2005066841,6,11,1,AU,0
https://openalex.org/W2005073755,8,8,1,GB,0
https://openalex.org/W2005077059,2,2,1,JP,0
https://openalex.org/W2005084551,6,6,0,,0
https://openalex.org/W2005085054,5,5,1,TW,0
https://openalex.org/W2005087021,2,2,1,KW,0
https://openalex.org/W2005094276,3,6,1,IT,0
https://openalex.org/W2005114922,4,4,1,CN,0
https://openalex.org/W2005127058,8,13,1,CN,0
https://openalex.org/W2005152766,7,7,1,IN,0
https://openalex.org/W2005164744,5,5,1,SE,0
https://openalex.org/W2005164768,2,2,1,IN,0
https://openalex.org/W2005189111,3,3,1,CA,0
https://openalex.org/W2005200413,6,16,2,"CN,FR",1
https://openalex.org/W2005203473,8,11,2,"CN,GB",1
https://openalex.org/W2005210361,26,26,1,JP,0
https://openalex.org/W2005224932,8,8,2,"BG,RU",1
https://openalex.org/W2005229357,1,1,0,,0
https://openalex.org/W2005238771,4,6,1,RU,0
https://openalex.org/W2005248308,1,1,0,,0
https://openalex.org/W2005258351,8,8,1,CN,0
https://openalex.org/W2005275117,6,6,1,IN,0
https://openalex.org/W2005275682,3,4,1,CN,0
https://openalex.org/W2005298824,7,7,1,SG,0
https://openalex.org/W2005300316,9,9,1,IT,0
https://openalex.org/W2005362051,4,4,2,"CH,RO",1
https://openalex.org/W2005370080,7,7,2,"FR,PL",1
https://openalex.org/W2005376716,3,3,1,JP,0
https://openalex.org/W2005388549,1,1,0,,0
https://openalex.org/W2005390882,3,3,1,CN,0
https://openalex.org/W2005394360,6,7,1,KR,0
https://openalex.org/W2005424882,5,5,1,AR,0
https://openalex.org/W2005433025,6,6,1,PL,0
https://openalex.org/W2005441874,3,4,1,KR,0
https://openalex.org/W2005469670,2,2,1,US,0
https://openalex.org/W2005473384,5,5,1,US,0
https://openalex.org/W2005481894,5,7,1,TW,0
https://openalex.org/W2005483262,4,4,1,PL,0
https://openalex.org/W2005494397,7,7,2,"BE,ES",1
https://openalex.org/W2005502935,6,6,1,KR,0
https://openalex.org/W2005503886,1,1,0,,0
https://openalex.org/W2005507481,3,5,1,SE,0
https://openalex.org/W2005510925,1,1,0,,0
https://openalex.org/W2005524224,1,1,0,,0
https://openalex.org/W2005533764,6,6,2,"KR,US",1
https://openalex.org/W2005539419,7,8,4,"CH,DE,ES,IN",1
https://openalex.org/W2005552449,3,3,1,TR,0
https://openalex.org/W2005563047,2,2,1,PK,0
https://openalex.org/W2005572965,9,10,1,US,0
https://openalex.org/W2005614329,4,4,1,IN,0
https://openalex.org/W2005645842,16,16,2,"RU,US",1
https://openalex.org/W2005659047,5,5,1,JP,0
https://openalex.org/W2005669983,8,8,1,FI,0
https://openalex.org/W2005672034,3,12,1,FR,0
https://openalex.org/W2005675623,5,5,1,CN,0
https://openalex.org/W2005688239,5,5,1,JP,0
https://openalex.org/W2005702740,5,7,2,"FR,IT",1
https://openalex.org/W2005731813,5,6,2,"IE,US",1
https://openalex.org/W2005745566,3,3,1,GB,0
https://openalex.org/W2005786202,2,2,0,,0
https://openalex.org/W2005818758,3,3,1,JP,0
https://openalex.org/W2005897264,2,2,1,US,0
https://openalex.org/W2005900195,3,3,1,CN,0
https://openalex.org/W2005906056,4,4,1,GB,0
https://openalex.org/W2005931972,7,14,1,FR,0
https://openalex.org/W2005946391,3,3,1,GB,0
https://openalex.org/W2006011521,4,4,1,CN,0
https://openalex.org/W2006012060,4,4,1,US,0
https://openalex.org/W2006050215,3,3,1,KR,0
https://openalex.org/W2006083786,4,4,1,CN,0
https://openalex.org/W2006085263,4,6,1,ES,0
https://openalex.org/W2006102442,3,3,0,,0
https://openalex.org/W2006112037,7,7,1,CN,0
https://openalex.org/W2006125763,4,4,2,"DZ,TR",1
https://openalex.org/W2006129586,3,3,1,SG,0
https://openalex.org/W2006134079,10,10,1,JP,0
https://openalex.org/W2006136318,5,5,1,US,0
https://openalex.org/W2006155053,4,4,1,GB,0
https://openalex.org/W2006164545,9,9,1,RU,0
https://openalex.org/W2006181502,4,4,1,US,0
https://openalex.org/W2006182318,2,2,1,RU,0
https://openalex.org/W2006182754,8,9,1,JP,0
https://openalex.org/W2006219144,2,2,1,CH,0
https://openalex.org/W2006221324,4,4,1,CN,0
https://openalex.org/W2006235164,7,11,1,JP,0
https://openalex.org/W2006239964,4,4,1,KR,0
https://openalex.org/W2006253672,1,1,0,,0
https://openalex.org/W2006261316,6,6,1,TW,0
https://openalex.org/W2006292299,1,1,0,,0
https://openalex.org/W2006294771,6,6,1,DE,0
https://openalex.org/W2006296234,6,6,1,BE,0
https://openalex.org/W2006303942,12,20,2,"DE,US",1
https://openalex.org/W2006337939,2,2,2,"EG,ES",1
https://openalex.org/W2006364266,1,1,0,,0
https://openalex.org/W2006364899,5,5,1,CN,0
https://openalex.org/W2006370285,7,9,1,CA,0
https://openalex.org/W2006372056,2,3,1,IR,0
https://openalex.org/W2006375593,7,8,1,CN,0
https://openalex.org/W2006383476,5,5,1,BY,0
https://openalex.org/W2006384242,4,4,1,RU,0
https://openalex.org/W2006398760,1,1,0,,0
https://openalex.org/W2006423174,3,3,1,KR,0
https://openalex.org/W2006425140,6,6,2,"HR,IT",1
https://openalex.org/W2006440823,5,5,1,US,0
https://openalex.org/W2006450640,12,12,2,"IN,JP",1
https://openalex.org/W2006451586,7,7,0,,0
https://openalex.org/W2006461134,2,2,1,US,0
https://openalex.org/W2006474805,4,4,2,"ES,RU",1
https://openalex.org/W2006494004,4,4,1,CN,0
https://openalex.org/W2006497868,5,9,3,"CH,DZ,FR",1
https://openalex.org/W2006509495,5,5,1,GB,0
https://openalex.org/W2006529684,4,4,1,GB,0
https://openalex.org/W2006604353,4,4,1,TW,0
https://openalex.org/W2006651919,6,6,1,EE,0
https://openalex.org/W2006653688,1,2,0,,0
https://openalex.org/W2006670812,2,3,1,RU,0
https://openalex.org/W2006687413,4,4,1,US,0
https://openalex.org/W2006705971,3,5,2,"BG,CZ",1
https://openalex.org/W2006708156,10,16,1,SK,0
https://openalex.org/W2006728232,3,3,1,US,0
https://openalex.org/W2006728239,2,2,1,GB,0
https://openalex.org/W2006772523,6,6,1,KR,0
https://openalex.org/W2006782735,2,2,1,CN,0
https://openalex.org/W2006822159,3,3,1,CN,0
https://openalex.org/W2006844463,5,5,1,CN,0
https://openalex.org/W2006852995,1,1,0,,0
https://openalex.org/W2006853419,3,9,1,AR,0
https://openalex.org/W2006867401,1,1,0,,0
https://openalex.org/W2006923126,5,5,1,AU,0
https://openalex.org/W2006948252,5,5,1,GB,0
https://openalex.org/W2006968694,6,8,1,CN,0
https://openalex.org/W2006980240,3,3,1,CN,0
https://openalex.org/W2006986937,5,5,1,US,0
https://openalex.org/W2007028032,5,5,1,CN,0
https://openalex.org/W2007032782,6,12,1,CN,0
https://openalex.org/W2007051620,1,1,0,,0
https://openalex.org/W2007103955,3,3,1,MX,0
https://openalex.org/W2007105081,7,7,1,RU,0
https://openalex.org/W2007146362,1,1,0,,0
https://openalex.org/W2007172727,3,3,1,CN,0
https://openalex.org/W2007184287,2,2,1,HR,0
https://openalex.org/W2007211592,4,4,1,RU,0
https://openalex.org/W2007238197,5,6,2,"CN,JP",1
https://openalex.org/W2007239969,4,4,2,"IT,SE",1
https://openalex.org/W2007240063,6,6,1,CN,0
https://openalex.org/W2007242655,3,3,1,US,0
https://openalex.org/W2007256107,5,5,1,CN,0
https://openalex.org/W2007260293,7,14,1,CN,0
https://openalex.org/W2007267605,4,4,1,FR,0
https://openalex.org/W2007276118,6,6,1,JP,0
https://openalex.org/W2007313055,4,4,1,US,0
https://openalex.org/W2007319416,3,3,1,SG,0
https://openalex.org/W2007330213,3,3,1,CN,0
https://openalex.org/W2007336597,9,9,1,JP,0
https://openalex.org/W2007342072,3,3,0,,0
https://openalex.org/W2007358463,4,4,1,FR,0
https://openalex.org/W2007369776,3,3,1,JP,0
https://openalex.org/W2007372420,3,3,1,HK,0
https://openalex.org/W2007386010,1,1,0,,0
https://openalex.org/W2007403817,5,5,1,IN,0
https://openalex.org/W2007408387,3,3,1,TW,0
https://openalex.org/W2007433685,1,1,0,,0
https://openalex.org/W2007444973,5,10,1,CN,0
https://openalex.org/W2007509780,3,6,1,CN,0
https://openalex.org/W2007515981,1,1,0,,0
https://openalex.org/W2007522630,5,5,1,BY,0
https://openalex.org/W2007544314,3,3,1,LY,0
https://openalex.org/W2007548206,6,8,1,TW,0
https://openalex.org/W2007558554,2,2,2,"CH,DE",1
https://openalex.org/W2007575254,3,3,1,PT,0
https://openalex.org/W2007596359,3,3,1,US,0
https://openalex.org/W2007604922,2,2,1,US,0
https://openalex.org/W2007615462,4,4,1,CN,0
https://openalex.org/W2007615801,4,4,1,ES,0
https://openalex.org/W2007665427,7,7,2,"KR,US",1
https://openalex.org/W2007671391,4,4,1,BR,0
https://openalex.org/W2007689932,9,9,1,JP,0
https://openalex.org/W2007692335,3,3,1,IT,0
https://openalex.org/W2007701388,6,6,3,"HR,KR,TW",1
https://openalex.org/W2007718890,8,8,1,KR,0
https://openalex.org/W2007746182,3,3,1,IN,0
https://openalex.org/W2007757793,6,6,1,US,0
https://openalex.org/W2007764414,5,10,1,CN,0
https://openalex.org/W2007796799,2,2,1,US,0
https://openalex.org/W2007816459,6,6,2,"IT,UA",1
https://openalex.org/W2007816953,5,5,1,CZ,0
https://openalex.org/W2007820126,1,2,0,,0
https://openalex.org/W2007842101,2,2,0,,0
https://openalex.org/W2007849764,2,2,1,JP,0
https://openalex.org/W2007871761,2,2,1,GB,0
https://openalex.org/W2007872981,2,2,1,RU,0
https://openalex.org/W2007881318,3,5,2,"CN,SG",1
https://openalex.org/W2007944198,4,4,1,KR,0
https://openalex.org/W2007951464,5,5,2,"ES,MX",1
https://openalex.org/W2007956934,2,2,1,RO,0
https://openalex.org/W2007970380,8,8,2,"AU,US",1
https://openalex.org/W2007974234,6,6,2,"SE,VN",1
https://openalex.org/W2008013324,2,2,1,IT,0
https://openalex.org/W2008014540,1,1,0,,0
https://openalex.org/W2008014558,3,3,1,RU,0
https://openalex.org/W2008021586,2,2,1,GB,0
https://openalex.org/W2008042239,3,3,1,CN,0
https://openalex.org/W2008042868,3,3,1,DE,0
https://openalex.org/W2008044338,2,2,1,IR,0
https://openalex.org/W2008046311,1,1,0,,0
https://openalex.org/W2008049654,3,3,1,GB,0
https://openalex.org/W2008074288,6,6,1,KR,0
https://openalex.org/W2008075309,4,6,2,"DZ,FR",1
https://openalex.org/W2008087353,4,4,1,CN,0
https://openalex.org/W2008089261,3,3,1,JP,0
https://openalex.org/W2008101850,2,3,2,"CH,CN",1
https://openalex.org/W2008110116,2,2,1,GB,0
https://openalex.org/W2008129552,25,37,1,AR,0
https://openalex.org/W2008153196,4,4,1,JP,0
https://openalex.org/W2008175231,17,44,1,FR,0
https://openalex.org/W2008175720,5,5,1,IT,0
https://openalex.org/W2008186275,5,5,2,"KR,US",1
https://openalex.org/W2008192592,3,4,1,GB,0
https://openalex.org/W2008198267,5,5,1,KR,0
https://openalex.org/W2008207847,2,2,1,RU,0
https://openalex.org/W2008229114,3,3,1,CN,0
https://openalex.org/W2008281615,2,2,1,JP,0
https://openalex.org/W2008330997,2,2,1,IN,0
https://openalex.org/W2008339448,5,5,2,"HU,UA",1
https://openalex.org/W2008352752,6,6,1,KR,0
https://openalex.org/W2008363599,5,5,1,CN,0
https://openalex.org/W2008375141,5,5,1,DE,0
https://openalex.org/W2008404097,4,5,1,CN,0
https://openalex.org/W2008407957,4,7,1,TH,0
https://openalex.org/W2008407986,4,4,1,CN,0
https://openalex.org/W2008468488,3,3,1,US,0
https://openalex.org/W2008486039,2,2,0,,0
https://openalex.org/W2008496150,3,3,1,PL,0
https://openalex.org/W2008527556,1,1,0,,0
https://openalex.org/W2008540350,4,4,1,CZ,0
https://openalex.org/W2008547187,9,9,2,"DE,IN",1
https://openalex.org/W2008558726,3,3,1,DE,0
https://openalex.org/W2008591460,7,8,1,CN,0
https://openalex.org/W2008621366,3,3,2,"DE,US",1
https://openalex.org/W2008639592,3,6,1,CN,0
https://openalex.org/W2008642443,4,4,1,CN,0
https://openalex.org/W2008658410,3,3,1,GB,0
https://openalex.org/W2008660284,4,8,1,NL,0
https://openalex.org/W2008694861,6,6,1,AT,0
https://openalex.org/W2008712427,2,2,1,KR,0
https://openalex.org/W2008727124,8,9,1,US,0
https://openalex.org/W2008728957,1,1,0,,0
https://openalex.org/W2008794757,4,4,1,ES,0
https://openalex.org/W2008802021,6,7,2,"CN,HK",1
https://openalex.org/W2008807782,2,2,1,KR,0
https://openalex.org/W2008839545,3,3,0,,0
https://openalex.org/W2008891289,3,5,1,CN,0
https://openalex.org/W2008891566,5,11,3,"AT,CH,DE",1
https://openalex.org/W2008910658,3,4,2,"DE,US",1
https://openalex.org/W2008925086,8,15,1,US,0
https://openalex.org/W2008939546,7,7,1,ES,0
https://openalex.org/W2008966538,4,4,1,RU,0
https://openalex.org/W2009013123,2,5,1,FR,0
https://openalex.org/W2009021296,3,3,1,JP,0
https://openalex.org/W2009024232,5,5,1,MX,0
https://openalex.org/W2009055723,3,3,1,AU,0
https://openalex.org/W2009058853,7,7,2,"BR,ES",1
https://openalex.org/W2009066114,4,5,2,"JP,PL",1
https://openalex.org/W2009074647,5,10,1,US,0
https://openalex.org/W2009110332,3,3,1,TR,0
https://openalex.org/W2009124132,5,5,1,IN,0
https://openalex.org/W2009198903,6,6,1,CN,0
https://openalex.org/W2009217288,5,14,1,FR,0
https://openalex.org/W2009240443,4,4,1,DE,0
https://openalex.org/W2009247306,6,7,1,IT,0
https://openalex.org/W2009250942,3,3,1,CN,0
https://openalex.org/W2009255461,6,7,1,CN,0
https://openalex.org/W2009271777,4,4,1,CN,0
https://openalex.org/W2009276652,5,6,1,GR,0
https://openalex.org/W2009288526,4,4,1,CN,0
https://openalex.org/W2009334329,5,5,1,CN,0
https://openalex.org/W2009344421,8,8,3,"CA,DE,FR",1
https://openalex.org/W2009364416,5,5,1,KR,0
https://openalex.org/W2009376334,5,5,1,KR,0
https://openalex.org/W2009384306,4,5,2,"FR,LB",1
https://openalex.org/W2009404863,8,8,1,JP,0
https://openalex.org/W2009410477,6,6,1,CN,0
https://openalex.org/W2009420591,5,8,1,BE,0
https://openalex.org/W2009474514,5,5,1,CN,0
https://openalex.org/W2009484330,3,3,1,US,0
https://openalex.org/W2009486646,7,7,1,CZ,0
https://openalex.org/W2009522440,4,4,1,GB,0
https://openalex.org/W2009533405,1,1,0,,0
https://openalex.org/W2009555151,4,4,1,JP,0
https://openalex.org/W2009555773,2,2,2,"DE,US",1
https://openalex.org/W2009574502,3,4,1,CN,0
https://openalex.org/W2009591776,6,6,2,"DE,US",1
https://openalex.org/W2009596243,5,6,1,CN,0
https://openalex.org/W2009604537,4,4,1,US,0
https://openalex.org/W2009620863,6,6,1,CN,0
https://openalex.org/W2009632223,9,9,2,"BY,PL",1
https://openalex.org/W2009638941,6,12,1,CN,0
https://openalex.org/W2009639229,4,5,1,TH,0
https://openalex.org/W2009669344,2,2,1,TJ,0
https://openalex.org/W2009670900,2,2,1,MY,0
https://openalex.org/W2009671248,4,4,1,IN,0
https://openalex.org/W2009706784,1,1,0,,0
https://openalex.org/W2009717555,1,1,0,,0
https://openalex.org/W2009755037,5,5,1,CN,0
https://openalex.org/W2009765621,3,3,1,RU,0
https://openalex.org/W2009767808,15,15,0,,0
https://openalex.org/W2009776794,3,5,1,CN,0
https://openalex.org/W2009802283,3,3,1,US,0
https://openalex.org/W2009817995,1,1,0,,0
https://openalex.org/W2009828825,1,1,0,,0
https://openalex.org/W2009843125,5,5,1,KR,0
https://openalex.org/W2009866477,3,3,1,CN,0
https://openalex.org/W2009883374,3,3,0,,0
https://openalex.org/W2009890516,6,6,1,HU,0
https://openalex.org/W2009897540,5,6,2,"DE,US",1
https://openalex.org/W2009913151,3,3,1,TW,0
https://openalex.org/W2009939350,7,7,1,US,0
https://openalex.org/W2009985641,3,3,1,IN,0
https://openalex.org/W2009988392,1,1,0,,0
https://openalex.org/W2009990369,4,4,1,DE,0
https://openalex.org/W2009992977,3,3,1,DE,0
https://openalex.org/W2009994680,6,6,3,"JP,KR,US",1
https://openalex.org/W2010010112,7,8,2,"JP,RU",1
https://openalex.org/W2010016289,8,8,1,RO,0
https://openalex.org/W2010032137,5,6,2,"AU,IR",1
https://openalex.org/W2010035231,6,6,1,CN,0
https://openalex.org/W2010048716,4,4,2,"RU,TJ",1
https://openalex.org/W2010051520,4,4,1,DE,0
https://openalex.org/W2010082648,3,4,1,US,0
https://openalex.org/W2010087982,5,5,1,TW,0
https://openalex.org/W2010088297,10,10,1,US,0
https://openalex.org/W2010113064,2,2,1,CA,0
https://openalex.org/W2010120078,3,3,1,US,0
https://openalex.org/W2010128008,11,11,1,JP,0
https://openalex.org/W2010189020,6,6,1,JP,0
https://openalex.org/W2010225260,8,8,1,IN,0
https://openalex.org/W2010232297,2,2,1,IN,0
https://openalex.org/W2010258664,2,2,1,MX,0
https://openalex.org/W2010259590,2,2,1,KR,0
https://openalex.org/W2010299729,2,3,1,CN,0
https://openalex.org/W2010319837,5,6,1,JP,0
https://openalex.org/W2010326826,2,2,1,DK,0
https://openalex.org/W2010339802,5,5,1,KR,0
https://openalex.org/W2010355153,5,5,1,IN,0
https://openalex.org/W2010361913,4,11,2,"BE,IT",1
https://openalex.org/W2010363102,2,2,0,,0
https://openalex.org/W2010366935,11,12,3,"FR,RU,US",1
https://openalex.org/W2010393666,5,5,2,"CH,IT",1
https://openalex.org/W2010407262,5,5,1,IN,0
https://openalex.org/W2010473912,5,5,3,"AU,DE,SE",1
https://openalex.org/W2010475927,2,2,1,CZ,0
https://openalex.org/W2010489688,6,6,1,ES,0
https://openalex.org/W2010501742,3,6,2,"IN,SG",1
https://openalex.org/W2010532071,11,11,2,"ES,FR",1
https://openalex.org/W2010532540,6,13,1,NL,0
https://openalex.org/W2010538032,2,2,2,"DE,NL",1
https://openalex.org/W2010553966,6,6,3,"DE,DK,PL",1
https://openalex.org/W2010588744,4,4,1,ES,0
https://openalex.org/W2010617349,9,11,1,FR,0
https://openalex.org/W2010627077,1,1,0,,0
https://openalex.org/W2010735420,3,3,1,RU,0
https://openalex.org/W2010737260,5,5,1,JP,0
https://openalex.org/W2010752748,6,6,3,"GB,IE,US",1
https://openalex.org/W2010775470,4,5,1,JP,0
https://openalex.org/W2010785286,5,9,1,FI,0
https://openalex.org/W2010799164,8,8,1,CN,0
https://openalex.org/W2010801186,2,2,1,US,0
https://openalex.org/W2010806312,4,5,1,CN,0
https://openalex.org/W2010807412,5,10,2,"FR,UY",1
https://openalex.org/W2010819998,5,5,1,DE,0
https://openalex.org/W2010862910,4,4,1,US,0
https://openalex.org/W2010877080,3,3,1,JP,0
https://openalex.org/W2010888627,6,8,3,"CA,GB,US",1
https://openalex.org/W2010897157,3,3,1,KR,0
https://openalex.org/W2010925227,8,8,1,KR,0
https://openalex.org/W2010927684,5,5,1,JP,0
https://openalex.org/W2010931494,9,18,2,"CN,HR",1
https://openalex.org/W2010956760,3,3,1,IR,0
https://openalex.org/W2010980707,5,6,2,"IN,MY",1
https://openalex.org/W2010984457,3,3,1,EG,0
https://openalex.org/W2011017887,3,3,2,"GB,KR",1
https://openalex.org/W2011033400,4,4,1,US,0
https://openalex.org/W2011040542,3,3,2,"GB,PR",1
https://openalex.org/W2011045816,5,5,1,KR,0
https://openalex.org/W2011085135,1,1,0,,0
https://openalex.org/W2011088395,3,3,1,IN,0
https://openalex.org/W2011091578,13,13,0,,0
https://openalex.org/W2011098701,3,6,1,DE,0
https://openalex.org/W2011108841,3,3,1,CN,0
https://openalex.org/W2011117754,3,3,1,JP,0
https://openalex.org/W2011121045,1,3,0,,0
https://openalex.org/W2011184870,1,1,0,,0
https://openalex.org/W2011185074,2,2,1,US,0
https://openalex.org/W2011189527,4,4,1,DE,0
https://openalex.org/W2011211079,4,4,1,CN,0
https://openalex.org/W2011219149,6,7,1,CN,0
https://openalex.org/W2011271998,4,4,1,JP,0
https://openalex.org/W2011301126,3,3,1,SG,0
https://openalex.org/W2011305437,5,10,1,FR,0
https://openalex.org/W2011336551,4,4,2,"AU,US",1
https://openalex.org/W2011364483,3,3,2,"CA,SG",1
https://openalex.org/W2011366368,2,2,1,DK,0
https://openalex.org/W2011383587,5,6,2,"FR,US",1
https://openalex.org/W2011391605,3,3,1,AU,0
https://openalex.org/W2011398021,3,3,1,US,0
https://openalex.org/W2011419333,9,9,2,"IL,RU",1
https://openalex.org/W2011451886,2,2,1,CA,0
https://openalex.org/W2011455582,3,3,3,"ES,RO,US",1
https://openalex.org/W2011458706,5,5,1,HR,0
https://openalex.org/W2011482985,5,6,1,CN,0
https://openalex.org/W2011533029,6,6,1,PT,0
https://openalex.org/W2011539140,9,14,3,"CO,ES,MX",1
https://openalex.org/W2011556955,7,7,2,"DE,GB",1
https://openalex.org/W2011579277,8,8,2,"KR,US",1
https://openalex.org/W2011589668,5,5,1,ES,0
https://openalex.org/W2011591486,3,3,1,KR,0
https://openalex.org/W2011609926,1,1,0,,0
https://openalex.org/W2011611275,2,2,1,CN,0
https://openalex.org/W2011623528,5,5,1,PT,0
https://openalex.org/W2011623688,2,2,1,EG,0
https://openalex.org/W2011624797,5,5,1,MY,0
https://openalex.org/W2011645021,2,2,1,IN,0
https://openalex.org/W2011645504,6,6,2,"JP,US",1
https://openalex.org/W2011646636,2,2,2,"PL,US",1
https://openalex.org/W2011684535,3,3,1,KR,0
https://openalex.org/W2011687375,6,7,2,"FR,HK",1
https://openalex.org/W2011688605,5,5,1,DE,0
https://openalex.org/W2011715457,1,1,0,,0
https://openalex.org/W2011717256,3,3,1,CN,0
https://openalex.org/W2011737431,6,10,1,US,0
https://openalex.org/W2011746392,9,18,1,CN,0
https://openalex.org/W2011769270,4,4,0,,0
https://openalex.org/W2011772592,6,8,2,"CN,JP",1
https://openalex.org/W2011778387,1,1,0,,0
https://openalex.org/W2011780665,5,5,1,CN,0
https://openalex.org/W2011812206,3,3,0,,0
https://openalex.org/W2011820493,4,4,1,DE,0
https://openalex.org/W2011831091,4,4,1,JP,0
https://openalex.org/W2011831104,5,5,1,DE,0
https://openalex.org/W2011833312,3,6,1,NZ,0
https://openalex.org/W2011837984,4,4,2,"DE,SI",1
https://openalex.org/W2011844414,5,5,1,HK,0
https://openalex.org/W2011880898,3,3,1,PL,0
https://openalex.org/W2011881368,6,9,1,CN,0
https://openalex.org/W2011883758,2,2,2,"DE,RU",1
https://openalex.org/W2011899224,4,4,1,KR,0
https://openalex.org/W2011899667,3,4,1,FR,0
https://openalex.org/W2011913462,9,18,2,"CH,IT",1
https://openalex.org/W2011939556,4,4,1,TH,0
https://openalex.org/W2011952142,3,3,1,BE,0
https://openalex.org/W2011956039,5,5,1,JP,0
https://openalex.org/W2011959421,3,3,1,MX,0
https://openalex.org/W2011963350,3,3,1,CN,0
https://openalex.org/W2011966883,2,2,1,IN,0
https://openalex.org/W2011975107,4,4,1,JP,0
https://openalex.org/W2011980078,1,1,0,,0
https://openalex.org/W2011986012,7,7,1,KR,0
https://openalex.org/W2011989345,2,2,1,IN,0
https://openalex.org/W2011992367,3,6,1,CN,0
https://openalex.org/W2012013838,3,3,2,"IN,JP",1
https://openalex.org/W2012051792,3,3,1,FR,0
https://openalex.org/W2012052396,3,3,1,JP,0
https://openalex.org/W2012072575,6,6,1,KR,0
https://openalex.org/W2012080604,4,4,1,MY,0
https://openalex.org/W2012093593,4,4,1,IN,0
https://openalex.org/W2012101515,4,4,1,LV,0
https://openalex.org/W2012151711,5,11,1,FR,0
https://openalex.org/W2012154798,3,3,1,US,0
https://openalex.org/W2012164130,8,8,1,JP,0
https://openalex.org/W2012193033,3,3,1,PL,0
https://openalex.org/W2012212135,5,5,2,"IN,PK",1
https://openalex.org/W2012232639,7,7,1,JP,0
https://openalex.org/W2012256223,4,4,1,DE,0
https://openalex.org/W2012259987,5,5,1,MY,0
https://openalex.org/W2012284610,1,2,0,,0
https://openalex.org/W2012296082,4,4,1,EE,0
https://openalex.org/W2012299071,2,2,1,IN,0
https://openalex.org/W2012319320,3,3,1,US,0
https://openalex.org/W2012327749,2,2,1,IN,0
https://openalex.org/W2012355949,4,4,1,JP,0
https://openalex.org/W2012376890,6,6,1,CN,0
https://openalex.org/W2012410271,7,7,1,CN,0
https://openalex.org/W2012412113,15,15,1,RU,0
https://openalex.org/W2012436175,5,5,0,,0
https://openalex.org/W2012449038,3,3,1,TW,0
https://openalex.org/W2012507816,1,1,0,,0
https://openalex.org/W2012536461,2,2,1,US,0
https://openalex.org/W2012541030,5,6,1,ES,0
https://openalex.org/W2012557280,2,2,1,TW,0
https://openalex.org/W2012563831,3,3,1,IR,0
https://openalex.org/W2012570315,2,2,0,,0
https://openalex.org/W2012578352,2,2,1,SG,0
https://openalex.org/W2012591646,4,4,1,IN,0
https://openalex.org/W2012603609,2,2,1,CN,0
https://openalex.org/W2012621897,4,5,3,"FR,GB,US",1
https://openalex.org/W2012627055,2,2,1,RU,0
https://openalex.org/W2012627266,3,3,1,IR,0
https://openalex.org/W2012659132,2,2,1,IN,0
https://openalex.org/W2012671772,8,8,2,"CZ,PL",1
https://openalex.org/W2012684879,2,2,1,US,0
https://openalex.org/W2012687238,5,7,1,CN,0
https://openalex.org/W2012694881,7,12,3,"CH,SE,US",1
https://openalex.org/W2012719588,2,2,1,RU,0
https://openalex.org/W2012750032,7,7,1,CN,0
https://openalex.org/W2012759122,5,5,1,TW,0
https://openalex.org/W2012766145,3,3,1,IN,0
https://openalex.org/W2012775599,5,5,2,"CN,US",1
https://openalex.org/W2012798113,6,6,1,KR,0
https://openalex.org/W2012813690,4,4,1,JP,0
https://openalex.org/W2012836916,3,3,1,TW,0
https://openalex.org/W2012839919,2,2,1,KR,0
https://openalex.org/W2012852378,7,7,1,CN,0
https://openalex.org/W2012865114,4,7,1,US,0
https://openalex.org/W2012867962,2,3,1,US,0
https://openalex.org/W2012874752,4,4,1,CN,0
https://openalex.org/W2012908907,3,3,1,PL,0
https://openalex.org/W2012912619,5,5,1,US,0
https://openalex.org/W2012913725,6,6,1,CN,0
https://openalex.org/W2012948113,2,2,1,KR,0
https://openalex.org/W2012958373,5,5,1,TW,0
https://openalex.org/W2012985886,5,5,2,"CA,CN",1
https://openalex.org/W2012995889,2,3,1,CZ,0
https://openalex.org/W2013008164,4,4,1,TW,0
https://openalex.org/W2013055983,4,4,0,,0
https://openalex.org/W2013058087,6,6,1,KR,0
https://openalex.org/W2013069951,4,4,1,CN,0
https://openalex.org/W2013090773,1,1,0,,0
https://openalex.org/W2013103034,7,7,1,EE,0
https://openalex.org/W2013126888,4,4,1,JP,0
https://openalex.org/W2013148822,2,2,2,"BD,GB",1
https://openalex.org/W2013182444,3,6,1,AT,0
https://openalex.org/W2013184738,7,7,1,CN,0
https://openalex.org/W2013198656,6,6,1,CN,0
https://openalex.org/W2013202279,5,7,3,"DZ,FR,RO",1
https://openalex.org/W2013257974,4,4,1,IR,0
https://openalex.org/W2013301420,6,8,1,CN,0
https://openalex.org/W2013409475,12,12,2,"JP,US",1
https://openalex.org/W2013423815,3,3,0,,0
https://openalex.org/W2013428944,5,5,1,JP,0
https://openalex.org/W2013434564,2,2,1,GB,0
https://openalex.org/W2013460317,2,2,1,KR,0
https://openalex.org/W2013474007,5,5,1,CN,0
https://openalex.org/W2013485983,4,4,1,CA,0
https://openalex.org/W2013497393,5,5,1,CN,0
https://openalex.org/W2013505597,4,4,1,DE,0
https://openalex.org/W2013508241,3,3,1,PT,0
https://openalex.org/W2013510408,2,2,1,TW,0
https://openalex.org/W2013520267,5,20,1,TW,0
https://openalex.org/W2013523697,6,6,1,KR,0
https://openalex.org/W2013539845,3,3,1,TW,0
https://openalex.org/W2013557266,3,3,1,IR,0
https://openalex.org/W2013560006,5,6,3,"PL,RO,RU",1
https://openalex.org/W2013568229,7,7,1,CN,0
https://openalex.org/W2013580990,3,3,1,MY,0
https://openalex.org/W2013590026,3,3,1,LV,0
https://openalex.org/W2013602552,1,1,0,,0
https://openalex.org/W2013617284,4,4,1,US,0
https://openalex.org/W2013624942,4,4,1,CN,0
https://openalex.org/W2013632743,4,6,1,BR,0
https://openalex.org/W2013634743,7,7,1,US,0
https://openalex.org/W2013635136,5,5,1,CN,0
https://openalex.org/W2013637813,6,7,2,"CN,JP",1
https://openalex.org/W2013639048,1,1,0,,0
https://openalex.org/W2013655579,2,2,0,,0
https://openalex.org/W2013658519,3,3,1,PL,0
https://openalex.org/W2013663205,2,2,1,US,0
https://openalex.org/W2013672093,3,3,1,GB,0
https://openalex.org/W2013673003,3,3,1,IN,0
https://openalex.org/W2013697087,1,1,0,,0
https://openalex.org/W2013775788,3,3,2,"JP,KR",1
https://openalex.org/W2013775794,4,5,2,"CA,KR",1
https://openalex.org/W2013776291,15,45,1,KR,0
https://openalex.org/W2013805219,3,3,1,IR,0
https://openalex.org/W2013853613,3,3,1,IR,0
https://openalex.org/W2013865278,3,3,1,CN,0
https://openalex.org/W2013894643,5,5,1,KR,0
https://openalex.org/W2013911666,4,4,2,"BR,PT",1
https://openalex.org/W2013922619,4,4,1,KR,0
https://openalex.org/W2013956338,3,3,2,"CN,US",1
https://openalex.org/W2013972076,4,4,1,JP,0
https://openalex.org/W2013977785,7,7,1,CA,0
https://openalex.org/W2013987893,5,5,1,CN,0
https://openalex.org/W2013990065,4,4,2,"DK,SE",1
https://openalex.org/W2013990545,3,3,1,DE,0
https://openalex.org/W2014006247,6,10,1,CN,0
https://openalex.org/W2014016430,2,2,1,GR,0
https://openalex.org/W2014039413,4,4,1,AT,0
https://openalex.org/W2014069759,5,5,1,CN,0
https://openalex.org/W2014077728,2,2,1,JP,0
https://openalex.org/W2014085791,1,1,0,,0
https://openalex.org/W2014092030,4,4,0,,0
https://openalex.org/W2014100777,5,5,1,IT,0
https://openalex.org/W2014108871,3,3,1,AU,0
https://openalex.org/W2014127015,3,3,1,KR,0
https://openalex.org/W2014134471,2,2,1,GB,0
https://openalex.org/W2014143543,1,1,0,,0
https://openalex.org/W2014146530,4,8,1,JP,0
https://openalex.org/W2014164261,4,4,1,US,0
https://openalex.org/W2014179000,5,10,1,FR,0
https://openalex.org/W2014188871,7,7,2,"DE,IT",1
https://openalex.org/W2014194839,3,3,2,"PL,US",1
https://openalex.org/W2014206200,2,2,1,US,0
https://openalex.org/W2014240073,6,6,2,"IN,PK",1
https://openalex.org/W2014291731,5,5,2,"GB,IN",1
https://openalex.org/W2014295753,2,3,1,JP,0
https://openalex.org/W2014325291,5,6,1,PK,0
https://openalex.org/W2014331835,5,5,1,NO,0
https://openalex.org/W2014344157,3,6,1,RU,0
https://openalex.org/W2014350554,5,5,1,KR,0
https://openalex.org/W2014374141,4,4,1,CN,0
https://openalex.org/W2014378781,3,3,1,JP,0
https://openalex.org/W2014386024,3,3,1,CN,0
https://openalex.org/W2014389060,3,3,1,KR,0
https://openalex.org/W2014390013,8,8,2,"FR,IN",1
https://openalex.org/W2014398793,1,1,0,,0
https://openalex.org/W2014409718,1,1,0,,0
https://openalex.org/W2014416572,3,4,1,CN,0
https://openalex.org/W2014434807,6,17,2,"DE,FR",1
https://openalex.org/W2014435965,4,4,1,US,0
https://openalex.org/W2014443388,6,6,2,"IN,KR",1
https://openalex.org/W2014447472,2,2,1,GB,0
https://openalex.org/W2014451577,6,6,2,"DE,GR",1
https://openalex.org/W2014475264,2,2,1,GR,0
https://openalex.org/W2014511649,3,3,1,BR,0
https://openalex.org/W2014516823,3,4,2,"CA,MX",1
https://openalex.org/W2014517916,3,3,0,,0
https://openalex.org/W2014523629,1,1,0,,0
https://openalex.org/W2014538253,13,13,1,JP,0
https://openalex.org/W2014538784,4,8,1,FR,0
https://openalex.org/W2014549684,4,4,1,IN,0
https://openalex.org/W2014558048,5,5,1,JP,0
https://openalex.org/W2014571239,7,7,2,"BE,NO",1
https://openalex.org/W2014582038,9,12,1,US,0
https://openalex.org/W2014597802,2,2,1,PL,0
https://openalex.org/W2014613140,4,4,2,"CN,US",1
https://openalex.org/W2014648703,6,7,2,"CN,KR",1
https://openalex.org/W2014683939,1,1,0,,0
https://openalex.org/W2014701306,6,6,1,KR,0
https://openalex.org/W2014703024,4,4,1,JP,0
https://openalex.org/W2014722183,3,3,1,LT,0
https://openalex.org/W2014729109,2,2,1,PL,0
https://openalex.org/W2014756112,3,3,1,US,0
https://openalex.org/W2014760635,5,5,1,FR,0
https://openalex.org/W2014785887,6,6,2,"DZ,ES",1
https://openalex.org/W2014795430,4,4,1,RU,0
https://openalex.org/W2014824112,6,7,1,JP,0
https://openalex.org/W2014831932,3,3,1,RU,0
https://openalex.org/W2014849646,2,2,1,IN,0
https://openalex.org/W2014857231,6,7,4,"CZ,IT,SK,US",1
https://openalex.org/W2014859118,2,2,1,TW,0
https://openalex.org/W2014862167,5,5,1,AU,0
https://openalex.org/W2014866391,7,7,3,"FI,RU,US",1
https://openalex.org/W2014896440,7,8,2,"GB,US",1
https://openalex.org/W2014914361,4,4,1,DE,0
https://openalex.org/W2014922680,7,7,2,"ES,PT",1
https://openalex.org/W2014931750,6,6,1,CN,0
https://openalex.org/W2014956933,4,4,1,US,0
https://openalex.org/W2014970945,8,13,1,MX,0
https://openalex.org/W2015000656,5,5,1,RU,0
https://openalex.org/W2015011747,2,2,1,KR,0
https://openalex.org/W2015014726,7,7,2,"PL,SG",1
https://openalex.org/W2015023377,4,6,1,CN,0
https://openalex.org/W2015033219,5,5,1,CN,0
https://openalex.org/W2015102549,3,3,1,US,0
https://openalex.org/W2015116010,6,6,1,KR,0
https://openalex.org/W2015122066,9,11,1,RU,0
https://openalex.org/W2015126881,9,9,2,"JP,RU",1
https://openalex.org/W2015131041,3,5,1,CN,0
https://openalex.org/W2015152501,5,5,2,"KR,US",1
https://openalex.org/W2015154255,3,3,1,BY,0
https://openalex.org/W2015217642,3,6,1,CN,0
https://openalex.org/W2015220671,3,3,1,US,0
https://openalex.org/W2015237329,5,6,1,PL,0
https://openalex.org/W2015241561,1,1,0,,0
https://openalex.org/W2015244438,4,4,2,"CN,HK",1
https://openalex.org/W2015253331,3,3,1,DK,0
https://openalex.org/W2015259869,5,5,1,CN,0
https://openalex.org/W2015260507,5,5,1,JP,0
https://openalex.org/W2015263281,4,4,1,RU,0
https://openalex.org/W2015264777,2,2,0,,0
https://openalex.org/W2015269235,2,2,1,US,0
https://openalex.org/W2015275546,4,6,1,CN,0
https://openalex.org/W2015288961,4,4,1,CN,0
https://openalex.org/W2015299363,6,6,1,CN,0
https://openalex.org/W2015328047,3,5,3,"CA,SE,US",1
https://openalex.org/W2015329309,1,1,0,,0
https://openalex.org/W2015335998,14,14,1,RU,0
https://openalex.org/W2015349836,5,5,1,US,0
https://openalex.org/W2015361146,28,45,6,"ES,FR,IT,MX,PT,US",1
https://openalex.org/W2015365042,3,3,1,CN,0
https://openalex.org/W2015365116,5,6,1,CN,0
https://openalex.org/W2015383729,3,4,2,"CN,TW",1
https://openalex.org/W2015395513,4,5,1,CN,0
https://openalex.org/W2015433096,1,1,0,,0
https://openalex.org/W2015443277,4,5,1,IR,0
https://openalex.org/W2015447267,6,6,3,"BE,BG,PL",1
https://openalex.org/W2015456530,3,3,1,IN,0
https://openalex.org/W2015477081,2,2,1,CN,0
https://openalex.org/W2015488368,3,3,1,CN,0
https://openalex.org/W2015512880,5,6,2,"ES,MA",1
https://openalex.org/W2015513676,4,6,2,"BY,PL",1
https://openalex.org/W2015551862,2,6,1,FR,0
https://openalex.org/W2015554874,4,4,1,CN,0
https://openalex.org/W2015567756,3,3,1,GB,0
https://openalex.org/W2015605455,6,6,0,,0
https://openalex.org/W2015651083,6,6,0,,0
https://openalex.org/W2015694654,2,2,1,TW,0
https://openalex.org/W2015699282,5,10,2,"EG,US",1
https://openalex.org/W2015723629,2,2,1,IN,0
https://openalex.org/W2015737445,6,8,1,CN,0
https://openalex.org/W2015742066,9,9,1,DE,0
https://openalex.org/W2015757029,5,5,1,BR,0
https://openalex.org/W2015788664,7,7,1,HU,0
https://openalex.org/W2015819512,4,4,2,"CN,LT",1
https://openalex.org/W2015825831,4,4,1,CA,0
https://openalex.org/W2015825873,2,4,1,IR,0
https://openalex.org/W2015843111,6,6,1,AT,0
https://openalex.org/W2015844445,8,8,2,"KR,US",1
https://openalex.org/W2015851867,3,3,1,CN,0
https://openalex.org/W2015866813,3,3,2,"CN,DE",1
https://openalex.org/W2015875328,4,8,1,CN,0
https://openalex.org/W2015887649,7,7,1,CN,0
https://openalex.org/W2015895924,3,9,1,FR,0
https://openalex.org/W2015898555,6,6,1,US,0
https://openalex.org/W2015905043,5,5,2,"BE,GB",1
https://openalex.org/W2015929567,6,6,1,PT,0
https://openalex.org/W2015947360,10,10,1,JP,0
https://openalex.org/W2015965285,5,9,2,"TW,US",1
https://openalex.org/W2015974047,8,8,1,KR,0
https://openalex.org/W2015993124,4,4,1,JP,0
https://openalex.org/W2016003560,3,3,1,TR,0
https://openalex.org/W2016005563,5,10,1,FR,0
https://openalex.org/W2016010480,7,7,1,CN,0
https://openalex.org/W2016020803,6,6,1,CN,0
https://openalex.org/W2016026023,16,16,1,IT,0
https://openalex.org/W2016041393,10,10,1,JP,0
https://openalex.org/W2016045200,7,7,1,JP,0
https://openalex.org/W2016058673,9,25,1,FR,0
https://openalex.org/W2016062729,3,3,0,,0
https://openalex.org/W2016095895,4,4,1,CN,0
https://openalex.org/W2016096739,9,9,1,TW,0
https://openalex.org/W2016099302,4,4,1,TW,0
https://openalex.org/W2016123525,5,5,1,CH,0
https://openalex.org/W2016175957,6,7,3,"CZ,TR,US",1
https://openalex.org/W2016183035,2,5,1,US,0
https://openalex.org/W2016190172,4,4,1,JP,0
https://openalex.org/W2016202049,3,3,2,"PK,SA",1
https://openalex.org/W2016205093,4,4,1,CN,0
https://openalex.org/W2016209010,1,1,0,,0
https://openalex.org/W2016229243,3,3,1,CA,0
https://openalex.org/W2016233884,5,5,1,RU,0
https://openalex.org/W2016257066,1,1,0,,0
https://openalex.org/W2016278403,4,4,1,DE,0
https://openalex.org/W2016294675,4,4,0,,0
https://openalex.org/W2016305849,4,4,1,CN,0
https://openalex.org/W2016314002,3,3,1,JP,0
https://openalex.org/W2016334415,9,16,1,CN,0
https://openalex.org/W2016334671,6,10,1,CA,0
https://openalex.org/W2016346742,3,3,1,RS,0
https://openalex.org/W2016355215,14,15,1,DE,0
https://openalex.org/W2016380680,3,3,1,IT,0
https://openalex.org/W2016389642,1,2,0,,0
https://openalex.org/W2016406936,4,4,1,US,0
https://openalex.org/W2016424412,3,3,1,KR,0
https://openalex.org/W2016445523,3,3,0,,0
https://openalex.org/W2016447478,2,2,1,IN,0
https://openalex.org/W2016455768,3,3,1,CN,0
https://openalex.org/W2016462805,3,3,1,KR,0
https://openalex.org/W2016466157,6,6,1,CN,0
https://openalex.org/W2016468493,6,6,1,BR,0
https://openalex.org/W2016470427,3,3,1,US,0
https://openalex.org/W2016483706,1,1,0,,0
https://openalex.org/W2016496774,1,1,0,,0
https://openalex.org/W2016497304,5,15,1,FR,0
https://openalex.org/W2016506347,4,4,1,SG,0
https://openalex.org/W2016511745,7,7,1,US,0
https://openalex.org/W2016512526,9,16,1,CN,0
https://openalex.org/W2016526043,5,6,1,CN,0
https://openalex.org/W2016536902,6,6,1,FR,0
https://openalex.org/W2016608079,4,4,1,KR,0
https://openalex.org/W2016613371,2,2,1,US,0
https://openalex.org/W2016629284,4,4,2,"CN,US",1
https://openalex.org/W2016649370,230,444,5,"DE,FR,IE,IT,RU",1
https://openalex.org/W2016651785,5,5,1,US,0
https://openalex.org/W2016651860,3,3,1,GR,0
https://openalex.org/W2016662229,4,4,1,KR,0
https://openalex.org/W2016666915,8,8,1,US,0
https://openalex.org/W2016696705,7,7,1,KR,0
https://openalex.org/W2016698050,3,3,1,IN,0
https://openalex.org/W2016705016,3,3,1,TW,0
https://openalex.org/W2016706474,7,7,1,KR,0
https://openalex.org/W2016716135,3,3,1,SY,0
https://openalex.org/W2016808500,5,5,1,JP,0
https://openalex.org/W2016824825,2,2,1,GB,0
https://openalex.org/W2016830975,3,3,1,IT,0
https://openalex.org/W2016886324,4,4,1,TW,0
https://openalex.org/W2016913099,4,7,1,BG,0
https://openalex.org/W2016918827,1,1,0,,0
https://openalex.org/W2016931077,3,3,1,PL,0
https://openalex.org/W2016941190,5,5,1,TR,0
https://openalex.org/W2016945578,6,6,2,"DE,RU",1
https://openalex.org/W2016952872,5,9,1,CN,0
https://openalex.org/W2016955476,4,10,1,CN,0
https://openalex.org/W2016959837,1,1,0,,0
https://openalex.org/W2016976169,5,5,1,US,0
https://openalex.org/W2016990324,7,12,1,JP,0
https://openalex.org/W2016992499,3,3,1,KR,0
https://openalex.org/W2016993958,1,1,0,,0
https://openalex.org/W2017018884,6,6,1,GB,0
https://openalex.org/W2017044581,3,3,1,RU,0
https://openalex.org/W2017057826,4,5,1,CN,0
https://openalex.org/W2017147103,2,2,2,"GB,HK",1
https://openalex.org/W2017149299,3,3,1,CN,0
https://openalex.org/W2017173976,3,3,1,US,0
https://openalex.org/W2017200163,7,8,2,"CN,HK",1
https://openalex.org/W2017208205,2,2,1,JP,0
https://openalex.org/W2017212916,31,32,3,"DE,JP,US",1
https://openalex.org/W2017241647,5,6,1,US,0
https://openalex.org/W2017258203,6,6,1,ES,0
https://openalex.org/W2017313519,9,9,2,"AT,DK",1
https://openalex.org/W2017318343,2,4,1,GB,0
https://openalex.org/W2017328366,4,6,2,"GB,US",1
https://openalex.org/W2017342042,4,4,1,IE,0
https://openalex.org/W2017367397,5,5,2,"CN,GR",1
https://openalex.org/W2017379512,5,5,1,US,0
https://openalex.org/W2017411069,2,2,1,US,0
https://openalex.org/W2017420497,6,6,2,"DE,RU",1
https://openalex.org/W2017435098,10,10,1,US,0
https://openalex.org/W2017454364,3,4,1,IN,0
https://openalex.org/W2017456434,2,2,2,"GB,US",1
https://openalex.org/W2017475195,7,7,1,US,0
https://openalex.org/W2017511064,4,4,1,AU,0
https://openalex.org/W2017537597,2,2,1,KR,0
https://openalex.org/W2017552143,9,18,1,CN,0
https://openalex.org/W2017552175,3,6,2,"CM,DE",1
https://openalex.org/W2017560738,5,14,1,FR,0
https://openalex.org/W2017570885,3,6,1,AU,0
https://openalex.org/W2017579685,2,3,1,DE,0
https://openalex.org/W2017586813,2,3,1,TW,0
https://openalex.org/W2017586970,2,2,1,GB,0
https://openalex.org/W2017595826,2,2,1,CA,0
https://openalex.org/W2017607704,4,4,0,,0
https://openalex.org/W2017633193,3,3,1,RU,0
https://openalex.org/W2017642574,3,3,1,IN,0
https://openalex.org/W2017645826,5,5,1,CH,0
https://openalex.org/W2017679453,4,4,1,RU,0
https://openalex.org/W2017679590,2,2,2,"CZ,GR",1
https://openalex.org/W2017691344,2,2,1,GB,0
https://openalex.org/W2017698596,3,3,1,IN,0
https://openalex.org/W2017699755,5,5,1,IN,0
https://openalex.org/W2017702128,3,3,1,CN,0
https://openalex.org/W2017705128,5,10,1,US,0
https://openalex.org/W2017732698,6,6,1,JP,0
https://openalex.org/W2017755242,4,4,1,KR,0
https://openalex.org/W2017756742,5,7,1,IL,0
https://openalex.org/W2017772270,3,3,2,"CZ,US",1
https://openalex.org/W2017777000,2,2,1,BR,0
https://openalex.org/W2017810585,1,1,0,,0
https://openalex.org/W2017825258,7,7,1,CN,0
https://openalex.org/W2017839264,8,8,1,ES,0
https://openalex.org/W2017857830,3,3,1,CN,0
https://openalex.org/W2017857985,5,5,1,BE,0
https://openalex.org/W2017870326,3,3,0,,0
https://openalex.org/W2017939211,4,4,1,CN,0
https://openalex.org/W2017939850,4,4,1,KR,0
https://openalex.org/W2017950910,8,8,1,CN,0
https://openalex.org/W2017969175,5,5,1,CN,0
https://openalex.org/W2017973215,7,7,1,KR,0
https://openalex.org/W2018018900,2,2,1,CA,0
https://openalex.org/W2018019715,4,4,2,"DE,RU",1
https://openalex.org/W2018071083,3,3,1,CH,0
https://openalex.org/W2018079513,5,5,1,US,0
https://openalex.org/W2018129757,4,4,1,JP,0
https://openalex.org/W2018132617,5,6,2,"CN,FR",1
https://openalex.org/W2018146884,6,9,2,"DE,GB",1
https://openalex.org/W2018148523,5,5,2,"GB,HU",1
https://openalex.org/W2018181239,6,6,2,"DK,GB",1
https://openalex.org/W2018200748,3,3,1,CN,0
https://openalex.org/W2018234262,4,4,1,JP,0
https://openalex.org/W2018247434,1,1,0,,0
https://openalex.org/W2018308254,4,4,1,AU,0
https://openalex.org/W2018311550,5,5,1,CN,0
https://openalex.org/W2018319299,6,6,1,CN,0
https://openalex.org/W2018325891,2,2,1,RU,0
https://openalex.org/W2018348408,5,5,1,GB,0
https://openalex.org/W2018356730,3,3,1,JP,0
https://openalex.org/W2018407891,5,5,1,CN,0
https://openalex.org/W2018413429,4,5,1,JP,0
https://openalex.org/W2018482264,2,2,1,PL,0
https://openalex.org/W2018485539,7,7,1,JP,0
https://openalex.org/W2018531138,8,8,1,KR,0
https://openalex.org/W2018549514,4,4,1,EE,0
https://openalex.org/W2018602716,3,6,1,JP,0
https://openalex.org/W2018608721,5,5,1,CN,0
https://openalex.org/W2018631159,7,10,1,US,0
https://openalex.org/W2018634207,4,4,1,SE,0
https://openalex.org/W2018636482,6,6,1,KR,0
https://openalex.org/W2018649567,3,3,2,"TR,US",1
https://openalex.org/W2018672977,4,8,1,FR,0
https://openalex.org/W2018692042,5,5,1,DE,0
https://openalex.org/W2018700487,4,4,1,JP,0
https://openalex.org/W2018723171,3,3,1,RU,0
https://openalex.org/W2018726598,11,11,1,JP,0
https://openalex.org/W2018733134,7,10,2,"CN,DE",1
https://openalex.org/W2018761251,3,3,1,CN,0
https://openalex.org/W2018806473,5,5,1,KR,0
https://openalex.org/W2018838450,6,24,1,FR,0
https://openalex.org/W2018852153,3,3,2,"DZ,FR",1
https://openalex.org/W2018859228,1,1,0,,0
https://openalex.org/W2018864233,3,3,1,CN,0
https://openalex.org/W2018867417,6,9,2,"NL,UA",1
https://openalex.org/W2018891526,4,4,1,TR,0
https://openalex.org/W2018957943,1,1,0,,0
https://openalex.org/W2018961138,6,6,1,CN,0
https://openalex.org/W2018977070,4,4,1,BR,0
https://openalex.org/W2019001729,10,11,1,RU,0
https://openalex.org/W2019016491,2,2,1,GB,0
https://openalex.org/W2019037012,4,4,1,US,0
https://openalex.org/W2019058768,2,2,1,AE,0
https://openalex.org/W2019080007,4,4,1,CN,0
https://openalex.org/W2019084696,9,9,1,JP,0
https://openalex.org/W2019098234,5,20,1,FR,0
https://openalex.org/W2019099924,1,1,0,,0
https://openalex.org/W2019103891,4,4,1,CH,0
https://openalex.org/W2019117424,6,6,3,"ES,FR,RO",1
https://openalex.org/W2019133467,5,5,1,IN,0
https://openalex.org/W2019139014,1,3,0,,0
https://openalex.org/W2019146446,3,3,1,US,0
https://openalex.org/W2019204005,3,3,1,US,0
https://openalex.org/W2019222260,4,4,1,MY,0
https://openalex.org/W2019226415,2,2,1,IN,0
https://openalex.org/W2019242873,6,6,1,IN,0
https://openalex.org/W2019266316,6,12,1,CN,0
https://openalex.org/W2019277121,5,5,1,JP,0
https://openalex.org/W2019287320,3,3,1,SA,0
https://openalex.org/W2019298487,4,6,3,"FR,RO,RS",1
https://openalex.org/W2019305214,2,2,1,US,0
https://openalex.org/W2019309467,1,1,0,,0
https://openalex.org/W2019328433,4,5,2,"DE,RO",1
https://openalex.org/W2019372357,6,6,1,KR,0
https://openalex.org/W2019391766,5,5,1,JP,0
https://openalex.org/W2019412017,5,6,1,CN,0
https://openalex.org/W2019427170,5,5,1,CN,0
https://openalex.org/W2019434413,2,2,1,GB,0
https://openalex.org/W2019463959,11,11,1,CN,0
https://openalex.org/W2019476106,3,3,2,"IT,NL",1
https://openalex.org/W2019478257,2,2,1,GB,0
https://openalex.org/W2019490890,1,1,0,,0
https://openalex.org/W2019508118,2,2,1,RU,0
https://openalex.org/W2019509600,1,1,0,,0
https://openalex.org/W2019520596,8,16,1,CN,0
https://openalex.org/W2019564617,5,5,1,CN,0
https://openalex.org/W2019564638,5,5,2,"BE,GB",1
https://openalex.org/W2019573860,6,6,1,US,0
https://openalex.org/W2019588239,5,5,2,"AU,US",1
https://openalex.org/W2019588833,12,23,1,FR,0
https://openalex.org/W2019597754,2,2,1,TW,0
https://openalex.org/W2019600669,9,9,1,IT,0
https://openalex.org/W2019657146,10,15,1,DE,0
https://openalex.org/W2019691547,6,6,1,DE,0
https://openalex.org/W2019699062,1,1,0,,0
https://openalex.org/W2019717436,4,4,1,CN,0
https://openalex.org/W2019717559,6,6,1,CN,0
https://openalex.org/W2019724990,2,2,1,RU,0
https://openalex.org/W2019725832,4,4,0,,0
https://openalex.org/W2019728052,3,3,1,US,0
https://openalex.org/W2019745814,12,12,0,,0
https://openalex.org/W2019771026,4,4,1,DE,0
https://openalex.org/W2019792723,7,7,1,KR,0
https://openalex.org/W2019817911,4,4,1,FR,0
https://openalex.org/W2019832340,3,3,1,KR,0
https://openalex.org/W2019841498,5,7,1,KR,0
https://openalex.org/W2019867482,2,2,1,CN,0
https://openalex.org/W2019870549,7,7,1,CN,0
https://openalex.org/W2019884418,2,2,1,JP,0
https://openalex.org/W2019896256,4,4,0,,0
https://openalex.org/W2019907618,2,2,1,JP,0
https://openalex.org/W2019918083,2,2,1,DE,0
https://openalex.org/W2019942655,6,7,1,CN,0
https://openalex.org/W2019951596,2,2,1,US,0
https://openalex.org/W2019972985,3,3,1,AU,0
https://openalex.org/W2019991034,5,5,1,CN,0
https://openalex.org/W2020002557,8,16,2,"CN,FR",1
https://openalex.org/W2020012130,4,4,1,JP,0
https://openalex.org/W2020014733,6,12,1,FR,0
https://openalex.org/W2020038549,3,3,1,CN,0
https://openalex.org/W2020047015,4,4,1,RU,0
https://openalex.org/W2020049863,2,2,1,CN,0
https://openalex.org/W2020070549,11,13,4,"AU,FR,JP,US",1
https://openalex.org/W2020088565,3,3,2,"DE,MT",1
https://openalex.org/W2020130201,5,5,1,US,0
https://openalex.org/W2020166854,7,8,1,SI,0
https://openalex.org/W2020219601,1,1,0,,0
https://openalex.org/W2020228244,8,8,3,"BE,IT,NO",1
https://openalex.org/W2020254699,5,5,1,CN,0
https://openalex.org/W2020289615,2,2,2,"CN,SG",1
https://openalex.org/W2020302301,4,4,1,TW,0
https://openalex.org/W2020307412,7,7,1,IL,0
https://openalex.org/W2020307754,5,5,1,UA,0
https://openalex.org/W2020362078,11,11,1,CN,0
https://openalex.org/W2020389305,4,4,1,BR,0
https://openalex.org/W2020404641,4,4,1,CN,0
https://openalex.org/W2020419428,2,2,1,TJ,0
https://openalex.org/W2020433026,3,3,1,JP,0
https://openalex.org/W2020454608,9,9,1,US,0
https://openalex.org/W2020459420,5,5,1,BR,0
https://openalex.org/W2020481800,4,4,1,CN,0
https://openalex.org/W2020486428,7,14,2,"CN,TW",1
https://openalex.org/W2020491308,4,4,1,KR,0
https://openalex.org/W2020502641,5,5,1,BR,0
https://openalex.org/W2020516040,4,4,1,US,0
https://openalex.org/W2020534886,6,6,2,"CN,HK",1
https://openalex.org/W2020550206,8,8,1,JP,0
https://openalex.org/W2020605724,6,9,2,"AT,DE",1
https://openalex.org/W2020615236,8,14,1,CN,0
https://openalex.org/W2020627185,4,8,1,CN,0
https://openalex.org/W2020657213,4,4,1,KR,0
https://openalex.org/W2020663543,2,2,1,US,0
https://openalex.org/W2020686705,4,4,2,"CN,NL",1
https://openalex.org/W2020694867,4,4,1,IN,0
https://openalex.org/W2020721048,1,1,0,,0
https://openalex.org/W2020730517,5,5,1,CN,0
https://openalex.org/W2020736040,6,7,1,JP,0
https://openalex.org/W2020740225,4,5,2,"CN,GB",1
https://openalex.org/W2020746383,2,2,1,IN,0
https://openalex.org/W2020760617,3,3,1,HK,0
https://openalex.org/W2020764383,5,5,1,KR,0
https://openalex.org/W2020787246,3,3,1,KR,0
https://openalex.org/W2020800282,5,5,3,"CN,TW,US",1
https://openalex.org/W2020806464,4,8,1,DE,0
https://openalex.org/W2020807838,4,6,1,US,0
https://openalex.org/W2020824156,4,4,1,TW,0
https://openalex.org/W2020835418,3,3,1,US,0
https://openalex.org/W2020836673,3,4,1,CA,0
https://openalex.org/W2020842729,1,1,0,,0
https://openalex.org/W2020858106,4,4,0,,0
https://openalex.org/W2020884303,2,2,1,KR,0
https://openalex.org/W2020886029,6,6,1,RU,0
https://openalex.org/W2020908304,6,6,1,IR,0
https://openalex.org/W2020911019,8,16,1,CN,0
https://openalex.org/W2020978207,3,3,1,RO,0
https://openalex.org/W2020982301,6,6,1,DE,0
https://openalex.org/W2020983192,2,2,1,GB,0
https://openalex.org/W2021007323,39,39,1,DE,0
https://openalex.org/W2021028692,1,1,0,,0
https://openalex.org/W2021032555,3,3,1,CN,0
https://openalex.org/W2021035611,8,11,1,FR,0
https://openalex.org/W2021041039,6,7,2,"TW,US",1
https://openalex.org/W2021047637,2,2,0,,0
https://openalex.org/W2021050966,4,4,1,IN,0
https://openalex.org/W2021064637,2,2,0,,0
https://openalex.org/W2021064753,8,8,2,"JP,RU",1
https://openalex.org/W2021072420,2,2,1,AU,0
https://openalex.org/W2021074046,8,10,1,RU,0
https://openalex.org/W2021075983,3,3,2,"GB,PT",1
https://openalex.org/W2021093623,4,4,1,IN,0
https://openalex.org/W2021105842,4,8,1,PL,0
https://openalex.org/W2021114257,1,1,0,,0
https://openalex.org/W2021126674,8,8,1,US,0
https://openalex.org/W2021155641,7,8,1,CN,0
https://openalex.org/W2021169594,4,6,2,"CN,HK",1
https://openalex.org/W2021199700,4,4,1,JP,0
https://openalex.org/W2021202093,3,3,1,CH,0
https://openalex.org/W2021206124,5,5,1,GB,0
https://openalex.org/W2021207072,7,9,2,"ES,FI",1
https://openalex.org/W2021211798,3,3,1,CZ,0
https://openalex.org/W2021221072,4,4,2,"MX,US",1
https://openalex.org/W2021224657,3,3,1,KR,0
https://openalex.org/W2021239755,4,9,1,SG,0
https://openalex.org/W2021279138,5,5,1,CN,0
https://openalex.org/W2021282694,3,3,1,US,0
https://openalex.org/W2021287421,4,4,1,PL,0
https://openalex.org/W2021305497,9,9,2,"FI,JP",1
https://openalex.org/W2021316513,2,4,2,"BG,FR",1
https://openalex.org/W2021317322,6,6,1,CN,0
https://openalex.org/W2021321294,3,4,1,IR,0
https://openalex.org/W2021344486,3,3,2,"CN,SG",1
https://openalex.org/W2021350423,3,3,1,US,0
https://openalex.org/W2021354714,4,4,1,IR,0
https://openalex.org/W2021374489,3,3,1,JP,0
https://openalex.org/W2021378327,6,8,1,FR,0
https://openalex.org/W2021394391,4,4,1,CN,0
https://openalex.org/W2021395215,1,1,0,,0
https://openalex.org/W2021448315,3,3,1,CN,0
https://openalex.org/W2021459851,4,4,1,IT,0
https://openalex.org/W2021496896,4,8,1,FR,0
https://openalex.org/W2021497376,3,3,1,PK,0
https://openalex.org/W2021509568,3,3,1,CZ,0
https://openalex.org/W2021535734,9,11,1,IT,0
https://openalex.org/W2021557316,3,8,1,CN,0
https://openalex.org/W2021577227,1,1,0,,0
https://openalex.org/W2021612406,3,4,1,DE,0
https://openalex.org/W2021620065,7,7,1,CN,0
https://openalex.org/W2021622785,5,5,1,TW,0
https://openalex.org/W2021645153,4,4,1,CN,0
https://openalex.org/W2021647841,5,19,2,"FR,GR",1
https://openalex.org/W2021675792,3,6,2,"NL,US",1
https://openalex.org/W2021680830,6,6,1,US,0
https://openalex.org/W2021762720,2,2,1,DE,0
https://openalex.org/W2021776794,3,3,1,US,0
https://openalex.org/W2021783155,5,5,1,CN,0
https://openalex.org/W2021787779,9,9,1,RU,0
https://openalex.org/W2021809957,3,3,1,RO,0
https://openalex.org/W2021818072,5,10,1,CN,0
https://openalex.org/W2021850639,6,10,3,"BY,IN,UA",1
https://openalex.org/W2021861658,1,1,0,,0
https://openalex.org/W2021874070,1,1,0,,0
https://openalex.org/W2021909120,3,3,0,,0
https://openalex.org/W2021938446,11,14,3,"DE,FR,RU",1
https://openalex.org/W2021949054,5,6,1,KR,0
https://openalex.org/W2021980824,7,8,2,"KR,US",1
https://openalex.org/W2021992844,5,6,2,"CN,JP",1
https://openalex.org/W2022005750,3,3,1,TH,0
https://openalex.org/W2022017366,5,5,1,MX,0
https://openalex.org/W2022030787,3,3,1,DE,0
https://openalex.org/W2022047889,3,3,1,KR,0
https://openalex.org/W2022070289,6,6,1,JP,0
https://openalex.org/W2022088144,5,5,0,,0
https://openalex.org/W2022092981,3,3,1,CN,0
https://openalex.org/W2022098172,5,5,1,CN,0
https://openalex.org/W2022101811,4,4,1,CN,0
https://openalex.org/W2022127182,2,2,1,IR,0
https://openalex.org/W2022136187,5,5,1,JP,0
https://openalex.org/W2022177357,4,4,0,,0
https://openalex.org/W2022183977,8,8,1,JP,0
https://openalex.org/W2022194671,8,8,1,IN,0
https://openalex.org/W2022241994,3,6,1,RU,0
https://openalex.org/W2022255014,5,5,1,JP,0
https://openalex.org/W2022257058,3,3,1,AR,0
https://openalex.org/W2022322489,4,5,2,"CN,HK",1
https://openalex.org/W2022336321,5,5,1,CN,0
https://openalex.org/W2022356702,4,4,1,RU,0
https://openalex.org/W2022359489,3,3,1,JP,0
https://openalex.org/W2022364989,3,3,1,IN,0
https://openalex.org/W2022383324,9,10,1,KR,0
https://openalex.org/W2022383639,3,3,1,IN,0
https://openalex.org/W2022384433,7,7,1,JP,0
https://openalex.org/W2022422541,3,3,1,US,0
https://openalex.org/W2022427491,1,1,0,,0
https://openalex.org/W2022428851,5,5,1,IN,0
https://openalex.org/W2022477488,3,3,1,SI,0
https://openalex.org/W2022486011,6,8,2,"CA,DE",1
https://openalex.org/W2022492680,4,4,1,RU,0
https://openalex.org/W2022499051,6,6,1,DE,0
https://openalex.org/W2022514580,1,2,0,,0
https://openalex.org/W2022537459,2,2,1,JP,0
https://openalex.org/W2022577452,4,4,1,CN,0
https://openalex.org/W2022582121,3,3,1,IT,0
https://openalex.org/W2022585961,5,5,1,KR,0
https://openalex.org/W2022607905,4,4,1,PL,0
https://openalex.org/W2022613707,1,1,0,,0
https://openalex.org/W2022621866,8,8,2,"EG,ES",1
https://openalex.org/W2022624690,7,9,1,JP,0
https://openalex.org/W2022633550,8,15,2,"CN,TW",1
https://openalex.org/W2022633662,3,3,1,GB,0
https://openalex.org/W2022641563,1,1,0,,0
https://openalex.org/W2022643834,6,6,1,KR,0
https://openalex.org/W2022663895,1,1,0,,0
https://openalex.org/W2022670222,13,17,2,"AU,DK",1
https://openalex.org/W2022692767,5,5,2,"CZ,ES",1
https://openalex.org/W2022702208,2,2,2,"GB,NL",1
https://openalex.org/W2022749855,7,7,1,DE,0
https://openalex.org/W2022786696,3,4,1,DE,0
https://openalex.org/W2022828191,18,19,1,JP,0
https://openalex.org/W2022830350,1,2,0,,0
https://openalex.org/W2022843200,10,10,1,RU,0
https://openalex.org/W2022854312,4,5,1,IN,0
https://openalex.org/W2022856310,3,3,1,CN,0
https://openalex.org/W2022875635,2,2,1,HR,0
https://openalex.org/W2022900179,3,3,1,UA,0
https://openalex.org/W2022934930,4,4,1,SE,0
https://openalex.org/W2022940064,4,4,1,CN,0
https://openalex.org/W2022956344,8,8,1,CN,0
https://openalex.org/W2022968156,3,3,1,IN,0
https://openalex.org/W2022982252,4,4,1,TR,0
https://openalex.org/W2022985344,5,5,1,CN,0
https://openalex.org/W2023002676,4,4,1,JP,0
https://openalex.org/W2023016933,4,4,1,GB,0
https://openalex.org/W2023026951,6,6,1,FR,0
https://openalex.org/W2023044636,2,2,1,DE,0
https://openalex.org/W2023048101,3,3,1,US,0
https://openalex.org/W2023087903,5,15,1,FR,0
https://openalex.org/W2023088474,3,3,1,IN,0
https://openalex.org/W2023129204,4,4,1,US,0
https://openalex.org/W2023163774,3,4,2,"FR,SG",1
https://openalex.org/W2023174607,4,4,1,TW,0
https://openalex.org/W2023185920,7,18,2,"FR,RU",1
https://openalex.org/W2023211003,2,2,1,KR,0
https://openalex.org/W2023220113,3,5,1,AT,0
https://openalex.org/W2023235500,6,6,1,US,0
https://openalex.org/W2023287669,2,4,1,US,0
https://openalex.org/W2023288665,5,5,2,"RU,TJ",1
https://openalex.org/W2023370192,5,5,1,US,0
https://openalex.org/W2023373180,6,6,1,JP,0
https://openalex.org/W2023380480,7,7,1,CN,0
https://openalex.org/W2023389908,13,13,1,US,0
https://openalex.org/W2023407706,2,2,1,JP,0
https://openalex.org/W2023442615,12,37,1,CN,0
https://openalex.org/W2023452852,5,5,1,CN,0
https://openalex.org/W2023460093,3,3,1,CN,0
https://openalex.org/W2023463166,6,6,2,"CN,KR",1
https://openalex.org/W2023467229,5,5,1,JP,0
https://openalex.org/W2023474227,4,4,1,CN,0
https://openalex.org/W2023475737,6,6,1,BR,0
https://openalex.org/W2023558117,7,7,2,"DE,GR",1
https://openalex.org/W2023569981,3,3,1,US,0
https://openalex.org/W2023584807,5,5,1,US,0
https://openalex.org/W2023589331,4,4,1,TW,0
https://openalex.org/W2023594634,3,3,1,TR,0
https://openalex.org/W2023605854,7,7,2,"BE,IT",1
https://openalex.org/W2023606916,4,8,1,AU,0
https://openalex.org/W2023608090,8,8,2,"NO,SE",1
https://openalex.org/W2023613869,5,5,1,JP,0
https://openalex.org/W2023614713,8,24,1,CN,0
https://openalex.org/W2023637428,2,2,1,IN,0
https://openalex.org/W2023640546,14,17,4,"FR,GB,IT,JP",1
https://openalex.org/W2023641562,2,4,1,FR,0
https://openalex.org/W2023643635,4,4,1,GB,0
https://openalex.org/W2023663404,5,5,1,CN,0
https://openalex.org/W2023693280,6,6,1,CN,0
https://openalex.org/W2023720705,8,11,3,"AM,EE,RU",1
https://openalex.org/W2023761509,2,2,1,US,0
https://openalex.org/W2023765423,5,5,1,JP,0
https://openalex.org/W2023777736,2,2,1,TH,0
https://openalex.org/W2023781153,1,1,0,,0
https://openalex.org/W2023806777,2,2,1,CN,0
https://openalex.org/W2023809432,5,6,1,CN,0
https://openalex.org/W2023810300,1,1,0,,0
https://openalex.org/W2023816352,4,4,1,SE,0
https://openalex.org/W2023866752,4,8,1,CN,0
https://openalex.org/W2023895639,8,16,1,CN,0
https://openalex.org/W2023903942,5,5,1,PL,0
https://openalex.org/W2023996463,4,4,1,CN,0
https://openalex.org/W2023996701,3,3,1,IR,0
https://openalex.org/W2024006975,5,5,1,EE,0
https://openalex.org/W2024014335,3,5,1,IT,0
https://openalex.org/W2024016482,1,1,0,,0
https://openalex.org/W2024050343,3,3,1,AR,0
https://openalex.org/W2024054634,5,5,1,DE,0
https://openalex.org/W2024055693,7,7,1,CN,0
https://openalex.org/W2024084359,4,4,1,BR,0
https://openalex.org/W2024092862,3,3,1,DE,0
https://openalex.org/W2024102016,2,2,1,TN,0
https://openalex.org/W2024106159,4,7,1,IR,0
https://openalex.org/W2024111851,6,6,1,NL,0
https://openalex.org/W2024118150,3,4,2,"GB,IR",1
https://openalex.org/W2024148301,5,10,1,JP,0
https://openalex.org/W2024160578,2,2,1,GB,0
https://openalex.org/W2024160974,2,2,0,,0
https://openalex.org/W2024248491,2,2,1,TW,0
https://openalex.org/W2024262234,5,5,1,CN,0
https://openalex.org/W2024285058,3,3,1,CN,0
https://openalex.org/W2024301407,4,4,1,US,0
https://openalex.org/W2024320314,4,4,1,IN,0
https://openalex.org/W2024338152,3,3,2,"CN,JP",1
https://openalex.org/W2024368190,5,5,1,US,0
https://openalex.org/W2024376583,1,1,0,,0
https://openalex.org/W2024387085,4,4,1,CN,0
https://openalex.org/W2024405829,4,4,1,CN,0
https://openalex.org/W2024417968,6,6,1,RU,0
https://openalex.org/W2024428132,2,2,1,JP,0
https://openalex.org/W2024438139,2,2,1,TR,0
https://openalex.org/W2024454194,2,2,1,GB,0
https://openalex.org/W2024456171,3,3,1,RU,0
https://openalex.org/W2024459334,5,5,2,"TW,US",1
https://openalex.org/W2024464175,6,6,1,DE,0
https://openalex.org/W2024466805,9,12,2,"CA,US",1
https://openalex.org/W2024470696,4,4,1,CO,0
https://openalex.org/W2024490114,3,3,1,BY,0
https://openalex.org/W2024494832,4,5,2,"MX,RU",1
https://openalex.org/W2024505341,4,4,0,,0
https://openalex.org/W2024506074,4,4,1,RU,0
https://openalex.org/W2024522798,2,2,1,DK,0
https://openalex.org/W2024585390,5,5,1,GB,0
https://openalex.org/W2024586572,2,2,0,,0
https://openalex.org/W2024587703,6,6,2,"FR,MX",1
https://openalex.org/W2024590898,6,6,1,CN,0
https://openalex.org/W2024602370,5,5,1,CN,0
https://openalex.org/W2024618813,3,5,3,"AT,DE,NP",1
https://openalex.org/W2024619641,5,5,0,,0
https://openalex.org/W2024655556,4,4,1,TW,0
https://openalex.org/W2024662106,2,3,1,CN,0
https://openalex.org/W2024669077,4,4,1,IN,0
https://openalex.org/W2024707364,4,12,1,FR,0
https://openalex.org/W2024709723,4,4,1,IN,0
https://openalex.org/W2024740199,5,5,1,KR,0
https://openalex.org/W2024747107,7,12,1,ES,0
https://openalex.org/W2024764101,6,6,1,PL,0
https://openalex.org/W2024773820,2,4,1,JP,0
https://openalex.org/W2024796708,3,5,1,CN,0
https://openalex.org/W2024808205,2,2,1,CN,0
https://openalex.org/W2024811702,5,5,1,JP,0
https://openalex.org/W2024816347,3,3,1,DE,0
https://openalex.org/W2024841902,7,7,1,CN,0
https://openalex.org/W2024843887,2,2,1,SG,0
https://openalex.org/W2024869172,3,3,1,CN,0
https://openalex.org/W2024870324,2,4,1,IL,0
https://openalex.org/W2024873019,4,4,1,CN,0
https://openalex.org/W2024886292,3,3,0,,0
https://openalex.org/W2024891654,4,4,0,,0
https://openalex.org/W2024901048,4,4,1,JP,0
https://openalex.org/W2024904089,5,6,2,"CO,US",1
https://openalex.org/W2024949972,1,1,0,,0
https://openalex.org/W2024980098,3,3,1,TW,0
https://openalex.org/W2024981332,3,3,1,US,0
https://openalex.org/W2024982324,2,2,1,UA,0
https://openalex.org/W2024990485,8,8,1,JP,0
https://openalex.org/W2025004885,7,7,1,CN,0
https://openalex.org/W2025035945,2,2,1,KR,0
https://openalex.org/W2025087769,3,4,1,IN,0
https://openalex.org/W2025100942,5,5,1,JP,0
https://openalex.org/W2025110587,5,5,1,KR,0
https://openalex.org/W2025122868,5,5,2,"BD,HK",1
https://openalex.org/W2025130144,5,5,1,ES,0
https://openalex.org/W2025133563,4,4,0,,0
https://openalex.org/W2025217905,2,2,1,KR,0
https://openalex.org/W2025236413,3,3,1,TR,0
https://openalex.org/W2025310634,2,4,1,AR,0
https://openalex.org/W2025332224,1,1,0,,0
https://openalex.org/W2025333149,7,8,1,KR,0
https://openalex.org/W2025334682,5,10,1,IN,0
https://openalex.org/W2025340851,7,12,1,JP,0
https://openalex.org/W2025371205,5,5,1,CN,0
https://openalex.org/W2025445857,3,3,2,"CN,JP",1
https://openalex.org/W2025448173,6,7,3,"CH,RU,US",1
https://openalex.org/W2025474656,2,2,1,CN,0
https://openalex.org/W2025480584,1,1,0,,0
https://openalex.org/W2025499607,4,4,2,"MX,US",1
https://openalex.org/W2025525732,3,3,1,KR,0
https://openalex.org/W2025528063,4,4,1,DE,0
https://openalex.org/W2025573994,3,3,1,US,0
https://openalex.org/W2025584103,7,11,1,ES,0
https://openalex.org/W2025617620,7,7,2,"KR,US",1
https://openalex.org/W2025660839,6,12,1,TW,0
https://openalex.org/W2025665389,3,3,1,CN,0
https://openalex.org/W2025673524,4,5,1,JP,0
https://openalex.org/W2025694631,2,2,1,CN,0
https://openalex.org/W2025724510,8,8,1,KR,0
https://openalex.org/W2025739328,4,8,2,"RU,TJ",1
https://openalex.org/W2025766571,5,5,2,"KR,SA",1
https://openalex.org/W2025812518,4,4,1,VN,0
https://openalex.org/W2025826557,5,11,1,FR,0
https://openalex.org/W2025833709,2,3,1,NG,0
https://openalex.org/W2025880772,2,2,1,RU,0
https://openalex.org/W2025881847,1,1,0,,0
https://openalex.org/W2025884013,6,9,3,"DE,FR,RU",1
https://openalex.org/W2025944202,4,4,2,"CZ,SK",1
https://openalex.org/W2025974817,5,13,1,FR,0
https://openalex.org/W2025976209,3,3,1,NZ,0
https://openalex.org/W2025980100,3,3,1,JP,0
https://openalex.org/W2026028580,4,4,1,CN,0
https://openalex.org/W2026032685,3,3,1,MA,0
https://openalex.org/W2026036214,5,7,2,"DE,JP",1
https://openalex.org/W2026045177,7,7,4,"CA,CN,IT,KR",1
https://openalex.org/W2026061715,3,3,1,JP,0
https://openalex.org/W2026068725,5,5,1,IN,0
https://openalex.org/W2026078266,4,4,1,KR,0
https://openalex.org/W2026087589,3,4,1,FR,0
https://openalex.org/W2026149283,5,5,1,CN,0
https://openalex.org/W2026166268,3,3,1,CN,0
https://openalex.org/W2026234811,5,8,1,CZ,0
https://openalex.org/W2026238194,4,4,1,TR,0
https://openalex.org/W2026276445,3,3,1,GR,0
https://openalex.org/W2026277968,3,3,1,US,0
https://openalex.org/W2026280512,4,4,1,MY,0
https://openalex.org/W2026315895,8,8,1,SK,0
https://openalex.org/W2026341143,7,7,1,RU,0
https://openalex.org/W2026354424,3,3,1,KR,0
https://openalex.org/W2026390387,4,5,1,IN,0
https://openalex.org/W2026392368,4,4,1,GB,0
https://openalex.org/W2026399449,6,9,1,CN,0
https://openalex.org/W2026406360,3,3,1,FR,0
https://openalex.org/W2026431811,5,5,1,US,0
https://openalex.org/W2026457756,3,3,1,CN,0
https://openalex.org/W2026480733,3,6,1,UA,0
https://openalex.org/W2026504051,5,5,1,TW,0
https://openalex.org/W2026521324,3,3,1,IR,0
https://openalex.org/W2026563911,5,5,2,"DE,US",1
https://openalex.org/W2026565653,4,4,2,"DE,GB",1
https://openalex.org/W2026597770,3,3,1,JP,0
https://openalex.org/W2026598188,5,5,1,CN,0
https://openalex.org/W2026599556,1,1,0,,0
https://openalex.org/W2026636824,5,5,1,ES,0
https://openalex.org/W2026688771,6,6,1,PL,0
https://openalex.org/W2026690991,9,9,1,CZ,0
https://openalex.org/W2026700312,2,2,1,JP,0
https://openalex.org/W2026709919,4,4,1,CN,0
https://openalex.org/W2026711529,7,7,1,CN,0
https://openalex.org/W2026715378,5,5,1,JP,0
https://openalex.org/W2026739210,2,2,1,MY,0
https://openalex.org/W2026756717,3,3,1,JP,0
https://openalex.org/W2026759383,6,6,1,JP,0
https://openalex.org/W2026768187,5,5,1,CN,0
https://openalex.org/W2026790915,1,1,0,,0
https://openalex.org/W2026829447,1,1,0,,0
https://openalex.org/W2026831239,4,4,1,KR,0
https://openalex.org/W2026832449,3,3,1,KR,0
https://openalex.org/W2026882619,5,5,2,"BE,US",1
https://openalex.org/W2026935509,5,6,2,"CA,CN",1
https://openalex.org/W2026946419,5,10,1,US,0
https://openalex.org/W2026949761,8,8,1,DE,0
https://openalex.org/W2026956520,4,4,1,RO,0
https://openalex.org/W2026967307,3,3,1,HK,0
https://openalex.org/W2026987949,4,4,1,CN,0
https://openalex.org/W2026991975,2,2,1,TW,0
https://openalex.org/W2027000084,5,5,1,IR,0
https://openalex.org/W2027007392,4,5,2,"ES,FR",1
https://openalex.org/W2027015511,5,6,2,"FR,TN",1
https://openalex.org/W2027036877,3,7,1,US,0
https://openalex.org/W2027041920,2,2,1,CN,0
https://openalex.org/W2027061560,3,4,1,FR,0
https://openalex.org/W2027063995,3,3,1,CN,0
https://openalex.org/W2027092474,1,1,0,,0
https://openalex.org/W2027098681,5,5,1,KR,0
https://openalex.org/W2027166303,2,2,1,TJ,0
https://openalex.org/W2027174511,5,5,1,RU,0
https://openalex.org/W2027196485,13,14,3,"FR,GB,JP",1
https://openalex.org/W2027217984,4,4,1,US,0
https://openalex.org/W2027221724,4,5,3,"SK,UA,US",1
https://openalex.org/W2027222075,3,4,2,"TR,US",1
https://openalex.org/W2027222679,11,12,4,"BE,DE,JP,RU",1
https://openalex.org/W2027224865,6,9,1,JP,0
https://openalex.org/W2027239278,4,4,1,CN,0
https://openalex.org/W2027252053,4,4,1,JP,0
https://openalex.org/W2027290489,6,6,1,CN,0
https://openalex.org/W2027316614,3,3,1,US,0
https://openalex.org/W2027324637,4,4,2,"DE,US",1
https://openalex.org/W2027430225,9,14,2,"DE,RU",1
https://openalex.org/W2027458674,2,2,1,KR,0
https://openalex.org/W2027465062,5,5,1,TW,0
https://openalex.org/W2027475537,5,10,1,US,0
https://openalex.org/W2027486422,5,7,2,"FR,IT",1
https://openalex.org/W2027490130,2,2,1,IN,0
https://openalex.org/W2027537655,4,4,1,IN,0
https://openalex.org/W2027538752,5,6,3,"FR,GR,IT",1
https://openalex.org/W2027540071,1,1,0,,0
https://openalex.org/W2027558478,3,3,2,"BY,DE",1
https://openalex.org/W2027589874,3,3,1,CN,0
https://openalex.org/W2027617457,3,3,1,SE,0
https://openalex.org/W2027639959,5,5,2,"DE,SK",1
https://openalex.org/W2027655100,2,2,1,US,0
https://openalex.org/W2027675171,5,5,1,IR,0
https://openalex.org/W2027692341,26,26,1,RU,0
https://openalex.org/W2027714430,6,6,1,CN,0
https://openalex.org/W2027729783,4,4,1,CN,0
https://openalex.org/W2027748670,5,6,1,CN,0
https://openalex.org/W2027749481,5,5,2,"CA,CN",1
https://openalex.org/W2027758534,4,4,1,BR,0
https://openalex.org/W2027759666,3,3,2,"CA,US",1
https://openalex.org/W2027764144,5,10,1,CN,0
https://openalex.org/W2027808293,23,23,2,"AU,GB",1
https://openalex.org/W2027837438,3,3,1,CN,0
https://openalex.org/W2027845032,4,4,1,SE,0
https://openalex.org/W2027851480,6,6,1,US,0
https://openalex.org/W2027880305,1,1,0,,0
https://openalex.org/W2027889179,3,3,1,MX,0
https://openalex.org/W2027898037,6,6,2,"CZ,DE",1
https://openalex.org/W2027915811,5,10,1,CN,0
https://openalex.org/W2027927125,3,3,1,US,0
https://openalex.org/W2027943789,5,5,1,CN,0
https://openalex.org/W2027972988,3,3,0,,0
https://openalex.org/W2027989450,3,3,1,MX,0
https://openalex.org/W2028000805,2,3,1,JP,0
https://openalex.org/W2028013103,1,1,0,,0
https://openalex.org/W2028016024,5,5,1,US,0
https://openalex.org/W2028017378,2,2,1,NO,0
https://openalex.org/W2028067440,7,8,1,CN,0
https://openalex.org/W2028077590,5,5,1,US,0
https://openalex.org/W2028084060,3,5,1,JP,0
https://openalex.org/W2028096758,3,3,1,SA,0
https://openalex.org/W2028107717,1,1,0,,0
https://openalex.org/W2028114782,2,2,1,RU,0
https://openalex.org/W2028124230,4,7,1,US,0
https://openalex.org/W2028129519,2,2,1,EG,0
https://openalex.org/W2028130766,1,1,0,,0
https://openalex.org/W2028159562,6,6,1,FR,0
https://openalex.org/W2028199895,4,4,1,JP,0
https://openalex.org/W2028213396,7,7,1,JP,0
https://openalex.org/W2028216185,4,6,1,FR,0
https://openalex.org/W2028252441,2,2,1,TH,0
https://openalex.org/W2028276195,12,12,1,US,0
https://openalex.org/W2028285180,5,11,1,AR,0
https://openalex.org/W2028292106,3,3,0,,0
https://openalex.org/W2028294627,2,3,2,"GB,MY",1
https://openalex.org/W2028328392,4,5,1,BR,0
https://openalex.org/W2028357902,5,5,1,CN,0
https://openalex.org/W2028374576,5,6,2,"AU,FR",1
https://openalex.org/W2028385387,2,2,1,DE,0
https://openalex.org/W2028389107,4,4,1,KR,0
https://openalex.org/W2028415660,4,4,2,"NL,US",1
https://openalex.org/W2028417038,5,5,1,TR,0
https://openalex.org/W2028458216,9,9,1,JP,0
https://openalex.org/W2028463294,6,6,1,RU,0
https://openalex.org/W2028465941,5,5,1,KR,0
https://openalex.org/W2028471668,2,2,1,US,0
https://openalex.org/W2028502764,5,5,1,IN,0
https://openalex.org/W2028514056,3,4,1,US,0
https://openalex.org/W2028538808,5,5,1,FR,0
https://openalex.org/W2028540312,8,8,1,SG,0
https://openalex.org/W2028558560,6,6,1,JP,0
https://openalex.org/W2028558675,4,4,1,CN,0
https://openalex.org/W2028558752,3,3,1,US,0
https://openalex.org/W2028562608,6,9,3,"CI,DZ,FR",1
https://openalex.org/W2028596212,1,1,0,,0
https://openalex.org/W2028636379,7,7,1,FR,0
https://openalex.org/W2028647898,4,4,1,CN,0
https://openalex.org/W2028652524,4,4,2,"JP,US",1
https://openalex.org/W2028656718,2,2,1,CN,0
https://openalex.org/W2028700216,7,7,2,"JP,KR",1
https://openalex.org/W2028703756,7,9,1,KR,0
https://openalex.org/W2028709447,6,7,2,"DE,RU",1
https://openalex.org/W2028714608,3,5,1,CN,0
https://openalex.org/W2028718374,1,1,0,,0
https://openalex.org/W2028750268,5,5,1,CN,0
https://openalex.org/W2028762324,3,3,1,CA,0
https://openalex.org/W2028789085,2,2,1,RU,0
https://openalex.org/W2028816223,3,3,1,CN,0
https://openalex.org/W2028818406,2,2,1,AE,0
https://openalex.org/W2028844105,6,6,1,JP,0
https://openalex.org/W2028904958,4,4,0,,0
https://openalex.org/W2028921879,4,4,1,PL,0
https://openalex.org/W2028925610,4,6,2,"FR,IN",1
https://openalex.org/W2028934045,4,4,2,"CN,SG",1
https://openalex.org/W2028939683,4,7,1,CN,0
https://openalex.org/W2028956443,6,12,1,CN,0
https://openalex.org/W2028972327,4,4,1,TJ,0
https://openalex.org/W2028972747,2,2,1,US,0
https://openalex.org/W2029004325,6,6,1,CN,0
https://openalex.org/W2029035388,3,3,1,EG,0
https://openalex.org/W2029048984,3,3,1,TW,0
https://openalex.org/W2029095975,3,3,1,GB,0
https://openalex.org/W2029127306,11,11,1,JP,0
https://openalex.org/W2029129965,3,3,1,CN,0
https://openalex.org/W2029152163,2,4,1,CA,0
https://openalex.org/W2029165913,2,2,1,PL,0
https://openalex.org/W2029173383,2,3,1,CN,0
https://openalex.org/W2029180323,1,2,0,,0
https://openalex.org/W2029191842,3,3,2,"PL,US",1
https://openalex.org/W2029195254,10,12,1,ES,0
https://openalex.org/W2029220733,5,5,1,LV,0
https://openalex.org/W2029236905,4,4,1,CN,0
https://openalex.org/W2029243321,5,5,1,FR,0
https://openalex.org/W2029278171,3,3,1,CN,0
https://openalex.org/W2029281935,6,6,1,TW,0
https://openalex.org/W2029288460,1,1,0,,0
https://openalex.org/W2029300250,1,1,0,,0
https://openalex.org/W2029315086,5,7,1,IN,0
https://openalex.org/W2029401946,4,4,1,US,0
https://openalex.org/W2029403035,3,4,1,US,0
https://openalex.org/W2029405353,3,3,1,FR,0
https://openalex.org/W2029415494,5,5,2,"TW,US",1
https://openalex.org/W2029420187,2,2,1,CH,0
https://openalex.org/W2029423935,5,6,1,CN,0
https://openalex.org/W2029426929,3,4,2,"CA,DE",1
https://openalex.org/W2029435818,5,5,1,JP,0
https://openalex.org/W2029437260,8,8,1,FI,0
https://openalex.org/W2029477063,4,4,1,ZA,0
https://openalex.org/W2029490967,2,4,1,FR,0
https://openalex.org/W2029499212,3,3,0,,0
https://openalex.org/W2029521115,3,3,1,FI,0
https://openalex.org/W2029558746,2,2,1,IT,0
https://openalex.org/W2029585603,6,8,3,"ES,IT,JP",1
https://openalex.org/W2029637426,3,3,2,"NL,US",1
https://openalex.org/W2029676158,3,3,1,CN,0
https://openalex.org/W2029731247,13,26,1,FR,0
https://openalex.org/W2029732771,2,2,1,GB,0
https://openalex.org/W2029759358,6,6,1,JP,0
https://openalex.org/W2029784082,1,1,0,,0
https://openalex.org/W2029793023,3,3,1,KR,0
https://openalex.org/W2029855311,11,11,2,"BE,NL",1
https://openalex.org/W2029855545,2,2,1,KR,0
https://openalex.org/W2029892263,4,4,1,JP,0
https://openalex.org/W2029895590,12,16,1,KR,0
https://openalex.org/W2029912647,4,4,2,"CN,DE",1
https://openalex.org/W2029923154,3,3,1,US,0
https://openalex.org/W2029937033,6,6,1,TH,0
https://openalex.org/W2029961862,6,12,1,CN,0
https://openalex.org/W2029987725,2,2,1,CN,0
https://openalex.org/W2030008566,4,4,1,DE,0
https://openalex.org/W2030015554,7,7,1,CN,0
https://openalex.org/W2030017802,2,3,2,"CA,US",1
https://openalex.org/W2030025854,3,3,1,CN,0
https://openalex.org/W2030032471,5,5,1,GB,0
https://openalex.org/W2030045060,5,7,2,"ES,IT",1
https://openalex.org/W2030059301,4,4,1,CN,0
https://openalex.org/W2030077840,7,7,2,"KR,RU",1
https://openalex.org/W2030086424,2,2,1,JP,0
https://openalex.org/W2030089545,2,2,1,RU,0
https://openalex.org/W2030105906,5,5,1,RU,0
https://openalex.org/W2030135306,4,4,2,"DE,PL",1
https://openalex.org/W2030141864,6,6,1,TW,0
https://openalex.org/W2030150201,6,6,1,CN,0
https://openalex.org/W2030155722,3,3,1,CN,0
https://openalex.org/W2030156022,4,4,1,IN,0
https://openalex.org/W2030157609,3,3,0,,0
https://openalex.org/W2030167590,3,3,1,US,0
https://openalex.org/W2030184940,4,8,2,"CA,US",1
https://openalex.org/W2030204226,4,4,1,CN,0
https://openalex.org/W2030211731,3,4,1,US,0
https://openalex.org/W2030221695,4,4,1,ZA,0
https://openalex.org/W2030225268,1,1,0,,0
https://openalex.org/W2030233106,7,7,1,CN,0
https://openalex.org/W2030262418,5,10,1,IN,0
https://openalex.org/W2030315276,4,4,1,CN,0
https://openalex.org/W2030362392,6,6,1,CN,0
https://openalex.org/W2030375742,2,2,1,TW,0
https://openalex.org/W2030379716,1,1,0,,0
https://openalex.org/W2030383907,4,4,1,ES,0
https://openalex.org/W2030416039,10,11,1,KR,0
https://openalex.org/W2030435999,5,5,1,AU,0
https://openalex.org/W2030441999,4,4,1,ES,0
https://openalex.org/W2030465949,10,10,2,"AT,US",1
https://openalex.org/W2030475241,4,4,1,JP,0
https://openalex.org/W2030477029,4,4,1,RU,0
https://openalex.org/W2030494889,7,7,1,ES,0
https://openalex.org/W2030512129,2,2,1,IS,0
https://openalex.org/W2030562369,10,12,1,KR,0
https://openalex.org/W2030575985,3,3,1,ES,0
https://openalex.org/W2030652737,5,9,2,"CN,GB",1
https://openalex.org/W2030658378,5,5,2,"FR,TN",1
https://openalex.org/W2030683845,2,2,1,JP,0
https://openalex.org/W2030711743,2,4,1,US,0
https://openalex.org/W2030744946,7,22,1,CN,0
https://openalex.org/W2030769447,5,5,1,CN,0
https://openalex.org/W2030771524,8,8,1,US,0
https://openalex.org/W2030776074,8,8,1,CN,0
https://openalex.org/W2030795870,4,4,1,JP,0
https://openalex.org/W2030808346,5,6,1,IT,0
https://openalex.org/W2030828049,3,3,1,TH,0
https://openalex.org/W2030838689,5,5,1,CN,0
https://openalex.org/W2030844809,2,2,1,CZ,0
https://openalex.org/W2030880477,3,3,1,IT,0
https://openalex.org/W2030893527,4,4,0,,0
https://openalex.org/W2030896599,7,14,1,IT,0
https://openalex.org/W2030900955,6,6,2,"HK,SG",1
https://openalex.org/W2030902046,2,2,1,CN,0
https://openalex.org/W2030908240,7,13,1,DE,0
https://openalex.org/W2030909360,5,5,1,CN,0
https://openalex.org/W2030935619,5,5,1,CN,0
https://openalex.org/W2030946013,3,3,1,MY,0
https://openalex.org/W2030963750,3,3,1,GB,0
https://openalex.org/W2030975381,2,2,1,IN,0
https://openalex.org/W2030979479,3,3,1,US,0
https://openalex.org/W2030989523,5,5,1,KR,0
https://openalex.org/W2031020833,3,3,1,DK,0
https://openalex.org/W2031022904,3,3,1,IN,0
https://openalex.org/W2031028483,5,5,1,IL,0
https://openalex.org/W2031048856,9,9,0,,0
https://openalex.org/W2031049081,3,3,1,CN,0
https://openalex.org/W2031051277,3,3,1,AR,0
https://openalex.org/W2031056654,3,3,1,CN,0
https://openalex.org/W2031064464,11,12,2,"AU,CN",1
https://openalex.org/W2031065490,7,7,2,"JP,KR",1
https://openalex.org/W2031130866,4,4,1,CN,0
https://openalex.org/W2031140297,2,2,1,AU,0
https://openalex.org/W2031165799,3,3,1,CN,0
https://openalex.org/W2031197080,2,2,1,US,0
https://openalex.org/W2031201728,3,3,1,CZ,0
https://openalex.org/W2031206317,2,2,1,CN,0
https://openalex.org/W2031233297,1,1,0,,0
https://openalex.org/W2031240352,9,9,1,TW,0
https://openalex.org/W2031246268,4,4,1,CA,0
https://openalex.org/W2031271439,3,3,1,CN,0
https://openalex.org/W2031281790,2,2,1,IN,0
https://openalex.org/W2031284948,3,3,2,"AU,DE",1
https://openalex.org/W2031292602,6,8,3,"AU,KR,US",1
https://openalex.org/W2031295318,5,5,1,US,0
https://openalex.org/W2031302268,2,2,1,CN,0
https://openalex.org/W2031321099,4,4,2,"DE,FR",1
https://openalex.org/W2031323351,7,7,1,TH,0
https://openalex.org/W2031351428,3,3,1,US,0
https://openalex.org/W2031404609,4,4,1,CN,0
https://openalex.org/W2031437672,4,8,3,"DE,FR,RU",1
https://openalex.org/W2031438127,7,7,2,"DE,IT",1
https://openalex.org/W2031469937,3,3,0,,0
https://openalex.org/W2031477055,5,5,1,US,0
https://openalex.org/W2031485911,5,5,2,"DE,US",1
https://openalex.org/W2031502214,3,3,1,HK,0
https://openalex.org/W2031520324,4,4,1,CN,0
https://openalex.org/W2031521721,10,10,1,US,0
https://openalex.org/W2031523029,11,11,1,CN,0
https://openalex.org/W2031525619,4,4,1,ES,0
https://openalex.org/W2031525961,3,3,2,"CN,SG",1
https://openalex.org/W2031526145,3,3,1,TW,0
https://openalex.org/W2031529452,6,6,1,IN,0
https://openalex.org/W2031543749,2,2,1,JP,0
https://openalex.org/W2031594777,5,5,1,CN,0
https://openalex.org/W2031600211,6,6,1,BE,0
https://openalex.org/W2031609520,1,1,0,,0
https://openalex.org/W2031637779,2,2,0,,0
https://openalex.org/W2031639692,3,3,1,CN,0
https://openalex.org/W2031645597,5,5,2,"JP,KR",1
https://openalex.org/W2031663233,5,5,1,CN,0
https://openalex.org/W2031677890,6,6,1,CN,0
https://openalex.org/W2031679768,4,4,2,"FR,TN",1
https://openalex.org/W2031746073,8,8,1,KR,0
https://openalex.org/W2031755119,5,5,1,TW,0
https://openalex.org/W2031771006,4,4,1,CN,0
https://openalex.org/W2031791577,3,3,1,CN,0
https://openalex.org/W2031805653,1,1,0,,0
https://openalex.org/W2031811062,1,1,0,,0
https://openalex.org/W2031824900,3,3,1,BR,0
https://openalex.org/W2031824967,7,7,1,JP,0
https://openalex.org/W2031833666,8,11,2,"IN,US",1
https://openalex.org/W2031873349,11,14,2,"DK,SE",1
https://openalex.org/W2031887109,2,4,1,DE,0
https://openalex.org/W2031895528,4,4,1,CN,0
https://openalex.org/W2031895709,10,15,5,"CZ,EE,FR,LT,UA",1
https://openalex.org/W2031897122,2,2,1,RU,0
https://openalex.org/W2031902205,5,5,1,CN,0
https://openalex.org/W2031908980,6,13,1,CN,0
https://openalex.org/W2031939112,2,2,1,EG,0
https://openalex.org/W2031953901,10,20,1,FR,0
https://openalex.org/W2031960933,6,6,1,CN,0
https://openalex.org/W2031994923,4,4,1,KR,0
https://openalex.org/W2032007143,2,4,1,CN,0
https://openalex.org/W2032018422,4,4,1,MY,0
https://openalex.org/W2032019313,3,3,1,CN,0
https://openalex.org/W2032030279,9,9,1,CN,0
https://openalex.org/W2032055556,2,2,1,KR,0
https://openalex.org/W2032078594,5,5,1,KR,0
https://openalex.org/W2032107282,6,16,3,"BE,FR,IT",1
https://openalex.org/W2032115239,2,2,0,,0
https://openalex.org/W2032159039,4,4,1,SE,0
https://openalex.org/W2032164889,6,6,1,IT,0
https://openalex.org/W2032186569,7,7,1,RU,0
https://openalex.org/W2032193301,6,6,1,CN,0
https://openalex.org/W2032197370,11,11,1,US,0
https://openalex.org/W2032198119,4,6,1,CN,0
https://openalex.org/W2032208753,5,5,1,LT,0
https://openalex.org/W2032218954,5,7,1,TW,0
https://openalex.org/W2032227776,2,2,1,US,0
https://openalex.org/W2032228296,2,2,1,JP,0
https://openalex.org/W2032245971,4,4,1,MY,0
https://openalex.org/W2032249955,1,1,0,,0
https://openalex.org/W2032260498,2,2,1,TR,0
https://openalex.org/W2032266857,3,3,1,CN,0
https://openalex.org/W2032267196,3,3,1,MX,0
https://openalex.org/W2032279785,6,6,1,JP,0
https://openalex.org/W2032308297,3,3,1,US,0
https://openalex.org/W2032335122,2,2,2,"CN,FR",1
https://openalex.org/W2032370647,5,5,1,CN,0
https://openalex.org/W2032399284,4,4,1,CN,0
https://openalex.org/W2032414587,2,3,1,JP,0
https://openalex.org/W2032428079,4,4,2,"SE,US",1
https://openalex.org/W2032438781,4,4,1,US,0
https://openalex.org/W2032445589,4,8,1,JP,0
https://openalex.org/W2032447488,2,2,1,CN,0
https://openalex.org/W2032474665,8,8,1,CN,0
https://openalex.org/W2032482833,5,5,1,CN,0
https://openalex.org/W2032513871,13,14,2,"DE,FR",1
https://openalex.org/W2032520631,4,6,1,DE,0
https://openalex.org/W2032526831,4,4,3,"DE,JP,TR",1
https://openalex.org/W2032561846,3,3,1,IN,0
https://openalex.org/W2032566815,2,2,1,IN,0
https://openalex.org/W2032583804,3,3,1,IN,0
https://openalex.org/W2032584774,5,5,1,CN,0
https://openalex.org/W2032592530,3,3,1,CN,0
https://openalex.org/W2032594687,3,3,1,NL,0
https://openalex.org/W2032674194,7,7,1,DE,0
https://openalex.org/W2032674717,4,4,1,CN,0
https://openalex.org/W2032683363,2,3,2,"GB,NL",1
https://openalex.org/W2032685912,2,2,1,RU,0
https://openalex.org/W2032696477,4,4,1,JP,0
https://openalex.org/W2032698597,2,3,1,CN,0
https://openalex.org/W2032705504,3,3,1,US,0
https://openalex.org/W2032718316,2,2,1,CN,0
https://openalex.org/W2032752049,5,5,2,"CN,US",1
https://openalex.org/W2032782675,8,8,1,KR,0
https://openalex.org/W2032793996,4,4,1,CN,0
https://openalex.org/W2032803333,2,2,1,TW,0
https://openalex.org/W2032810492,6,6,1,PL,0
https://openalex.org/W2032810834,3,6,1,DE,0
https://openalex.org/W2032812687,4,4,1,CN,0
https://openalex.org/W2032813505,3,6,1,IT,0
https://openalex.org/W2032831567,3,3,1,EG,0
https://openalex.org/W2032845491,7,7,1,PT,0
https://openalex.org/W2032905308,7,7,2,"CA,KR",1
https://openalex.org/W2032933998,4,4,1,US,0
https://openalex.org/W2032936509,3,3,1,AU,0
https://openalex.org/W2032972823,4,4,1,CN,0
https://openalex.org/W2032986375,9,9,3,"BE,BG,TR",1
https://openalex.org/W2032987397,2,2,1,ES,0
https://openalex.org/W2033037670,5,5,1,CN,0
https://openalex.org/W2033040773,3,3,1,CN,0
https://openalex.org/W2033044994,4,6,1,HU,0
https://openalex.org/W2033083161,14,14,1,JP,0
https://openalex.org/W2033107347,3,3,1,GB,0
https://openalex.org/W2033109345,3,3,1,CN,0
https://openalex.org/W2033112859,5,7,1,AT,0
https://openalex.org/W2033117733,25,25,5,"CH,DE,FR,IT,RU",1
https://openalex.org/W2033127513,6,6,3,"IN,KR,US",1
https://openalex.org/W2033129337,4,4,1,KR,0
https://openalex.org/W2033180671,4,6,1,JP,0
https://openalex.org/W2033187866,8,8,1,CN,0
https://openalex.org/W2033206686,4,14,2,"BE,FR",1
https://openalex.org/W2033211887,6,6,1,CN,0
https://openalex.org/W2033260865,4,4,1,IN,0
https://openalex.org/W2033266578,3,3,0,,0
https://openalex.org/W2033281142,6,7,1,CN,0
https://openalex.org/W2033297777,6,6,0,,0
https://openalex.org/W2033305543,7,7,1,RU,0
https://openalex.org/W2033319400,7,10,1,RU,0
https://openalex.org/W2033336118,3,4,2,"DE,PL",1
https://openalex.org/W2033351141,5,6,1,KR,0
https://openalex.org/W2033353782,6,6,1,DE,0
https://openalex.org/W2033361592,4,4,1,JP,0
https://openalex.org/W2033415398,5,5,1,DE,0
https://openalex.org/W2033463643,4,4,1,CN,0
https://openalex.org/W2033505136,3,3,1,CN,0
https://openalex.org/W2033522982,3,3,1,GB,0
https://openalex.org/W2033540627,12,12,1,JP,0
https://openalex.org/W2033554812,4,4,2,"HK,US",1
https://openalex.org/W2033586210,4,4,1,KR,0
https://openalex.org/W2033593124,6,9,1,AU,0
https://openalex.org/W2033627307,9,9,1,US,0
https://openalex.org/W2033627682,5,10,2,"CN,US",1
https://openalex.org/W2033641246,1,1,0,,0
https://openalex.org/W2033641701,3,3,1,IN,0
https://openalex.org/W2033643905,4,11,2,"FR,NL",1
https://openalex.org/W2033674997,6,6,1,NL,0
https://openalex.org/W2033685478,5,5,3,"DE,GB,KR",1
https://openalex.org/W2033725868,4,5,1,US,0
https://openalex.org/W2033732364,7,7,2,"ES,IT",1
https://openalex.org/W2033775630,9,9,1,JP,0
https://openalex.org/W2033793344,4,6,1,SG,0
https://openalex.org/W2033807860,5,5,1,KR,0
https://openalex.org/W2033813976,3,3,1,US,0
https://openalex.org/W2033832443,2,2,0,,0
https://openalex.org/W2033840020,3,6,1,DE,0
https://openalex.org/W2033897534,1,1,0,,0
https://openalex.org/W2033900560,5,5,1,CN,0
https://openalex.org/W2033907975,9,10,2,"JP,RU",1
https://openalex.org/W2033923767,10,10,1,JP,0
https://openalex.org/W2033943146,2,2,1,PL,0
https://openalex.org/W2033954951,1,1,0,,0
https://openalex.org/W2033957016,2,2,1,RU,0
https://openalex.org/W2033961633,4,4,1,IR,0
https://openalex.org/W2033964106,4,10,2,"CA,FR",1
https://openalex.org/W2033976643,4,4,1,PH,0
https://openalex.org/W2033991181,3,3,1,RU,0
https://openalex.org/W2033992038,5,10,1,FR,0
https://openalex.org/W2034002040,1,1,0,,0
https://openalex.org/W2034021427,6,6,1,CN,0
https://openalex.org/W2034024937,9,10,3,"CN,MN,PL",1
https://openalex.org/W2034031943,1,1,0,,0
https://openalex.org/W2034034972,5,5,1,BR,0
https://openalex.org/W2034057955,3,3,2,"IN,US",1
https://openalex.org/W2034084564,3,3,1,CN,0
https://openalex.org/W2034102325,7,7,1,IN,0
https://openalex.org/W2034144918,5,5,1,IN,0
https://openalex.org/W2034157752,4,4,1,RU,0
https://openalex.org/W2034243792,3,3,0,,0
https://openalex.org/W2034261890,6,6,2,"BY,RU",1
https://openalex.org/W2034282504,2,2,1,IT,0
https://openalex.org/W2034317721,2,2,1,TW,0
https://openalex.org/W2034329878,4,4,1,ES,0
https://openalex.org/W2034334653,7,7,2,"DE,KR",1
https://openalex.org/W2034338607,3,4,3,"GB,US,ZA",1
https://openalex.org/W2034350807,5,8,1,BR,0
https://openalex.org/W2034353588,5,5,2,"IL,IT",1
https://openalex.org/W2034357279,2,4,1,US,0
https://openalex.org/W2034367785,1,1,0,,0
https://openalex.org/W2034379555,4,4,1,TW,0
https://openalex.org/W2034385482,4,4,1,CN,0
https://openalex.org/W2034406142,6,16,1,FR,0
https://openalex.org/W2034413531,7,7,1,JP,0
https://openalex.org/W2034426425,1,1,0,,0
https://openalex.org/W2034452628,4,4,1,SG,0
https://openalex.org/W2034456127,3,3,1,KR,0
https://openalex.org/W2034457133,11,11,1,RU,0
https://openalex.org/W2034457938,5,5,1,CN,0
https://openalex.org/W2034459385,6,8,2,"DE,US",1
https://openalex.org/W2034475473,3,5,1,CN,0
https://openalex.org/W2034475684,7,10,2,"DE,RU",1
https://openalex.org/W2034481404,4,4,1,KR,0
https://openalex.org/W2034489691,7,7,1,JP,0
https://openalex.org/W2034493858,4,4,1,RO,0
https://openalex.org/W2034493976,4,4,1,CN,0
https://openalex.org/W2034502275,2,2,1,US,0
https://openalex.org/W2034517948,4,4,1,FR,0
https://openalex.org/W2034520346,6,6,1,CN,0
https://openalex.org/W2034574826,5,5,1,US,0
https://openalex.org/W2034606571,1,1,0,,0
https://openalex.org/W2034614240,5,5,1,IN,0
https://openalex.org/W2034635625,8,8,2,"RU,TJ",1
https://openalex.org/W2034636390,9,9,2,"RU,US",1
https://openalex.org/W2034637461,1,1,0,,0
https://openalex.org/W2034671145,16,16,1,DE,0
https://openalex.org/W2034678145,4,4,1,CN,0
https://openalex.org/W2034699668,3,3,1,CN,0
https://openalex.org/W2034701084,2,2,1,BR,0
https://openalex.org/W2034724569,5,5,1,CN,0
https://openalex.org/W2034768432,4,4,1,IN,0
https://openalex.org/W2034774801,8,9,1,KR,0
https://openalex.org/W2034799619,2,2,1,CN,0
https://openalex.org/W2034807278,6,6,2,"BE,DE",1
https://openalex.org/W2034819184,2,2,2,"CH,IL",1
https://openalex.org/W2034891642,3,3,1,KR,0
https://openalex.org/W2034926133,3,3,1,IT,0
https://openalex.org/W2034937129,2,3,2,"CH,DE",1
https://openalex.org/W2034941157,5,5,1,CA,0
https://openalex.org/W2034944625,7,7,1,CN,0
https://openalex.org/W2034964327,4,10,1,CN,0
https://openalex.org/W2034973965,10,10,2,"GB,US",1
https://openalex.org/W2034982002,3,3,1,LT,0
https://openalex.org/W2035030579,5,5,1,TR,0
https://openalex.org/W2035094488,3,3,1,AR,0
https://openalex.org/W2035127509,3,3,1,FR,0
https://openalex.org/W2035142878,9,9,1,CN,0
https://openalex.org/W2035161465,5,14,2,"DE,FR",1
https://openalex.org/W2035167128,3,3,1,DK,0
https://openalex.org/W2035194663,2,2,1,US,0
https://openalex.org/W2035205408,12,12,1,KR,0
https://openalex.org/W2035230441,3,3,1,CN,0
https://openalex.org/W2035243897,3,3,1,CN,0
https://openalex.org/W2035256691,1,1,0,,0
https://openalex.org/W2035256808,5,6,2,"FR,KR",1
https://openalex.org/W2035282000,5,5,1,PL,0
https://openalex.org/W2035322679,3,3,1,CH,0
https://openalex.org/W2035335816,3,3,1,TW,0
https://openalex.org/W2035412192,4,4,1,KR,0
https://openalex.org/W2035453690,5,5,1,CN,0
https://openalex.org/W2035459702,2,2,1,CN,0
https://openalex.org/W2035470715,3,4,1,JP,0
https://openalex.org/W2035545477,5,5,2,"IN,US",1
https://openalex.org/W2035573313,4,4,1,CN,0
https://openalex.org/W2035575604,5,5,1,CH,0
https://openalex.org/W2035581331,3,3,1,JP,0
https://openalex.org/W2035584931,5,5,1,CN,0
https://openalex.org/W2035586881,7,7,2,"GB,TR",1
https://openalex.org/W2035589250,6,6,1,US,0
https://openalex.org/W2035613267,6,6,1,US,0
https://openalex.org/W2035615610,5,5,1,CN,0
https://openalex.org/W2035622021,1,1,0,,0
https://openalex.org/W2035626268,5,5,1,CN,0
https://openalex.org/W2035644360,7,7,1,HK,0
https://openalex.org/W2035648337,2,2,1,IN,0
https://openalex.org/W2035649307,5,5,1,US,0
https://openalex.org/W2035654030,5,5,1,ES,0
https://openalex.org/W2035654684,15,17,1,FR,0
https://openalex.org/W2035664161,4,4,0,,0
https://openalex.org/W2035680597,3,3,1,US,0
https://openalex.org/W2035682780,4,4,1,US,0
https://openalex.org/W2035691587,4,4,1,SE,0
https://openalex.org/W2035695694,1,1,0,,0
https://openalex.org/W2035742484,3,3,1,CN,0
https://openalex.org/W2035767762,3,3,1,GB,0
https://openalex.org/W2035768871,5,5,1,JP,0
https://openalex.org/W2035778606,7,7,2,"AU,CN",1
https://openalex.org/W2035795020,5,5,1,KR,0
https://openalex.org/W2035823078,4,4,1,US,0
https://openalex.org/W2035832726,3,3,2,"MY,RO",1
https://openalex.org/W2035841794,2,4,2,"IL,US",1
https://openalex.org/W2035845898,3,3,1,CN,0
https://openalex.org/W2035847411,1,1,0,,0
https://openalex.org/W2035863077,4,4,1,JP,0
https://openalex.org/W2035867513,3,3,1,AU,0
https://openalex.org/W2035870730,5,5,2,"HK,US",1
https://openalex.org/W2035879165,3,3,1,DE,0
https://openalex.org/W2035925333,6,6,1,CN,0
https://openalex.org/W2035936650,5,5,1,SE,0
https://openalex.org/W2035942801,6,6,1,US,0
https://openalex.org/W2035956863,4,4,1,IT,0
https://openalex.org/W2035959851,8,8,1,JP,0
https://openalex.org/W2035981782,6,8,1,CN,0
https://openalex.org/W2036003016,2,2,1,KR,0
https://openalex.org/W2036006903,2,2,1,CN,0
https://openalex.org/W2036027238,2,2,1,IR,0
https://openalex.org/W2036084072,1,1,0,,0
https://openalex.org/W2036106055,5,5,2,"CA,DE",1
https://openalex.org/W2036107445,2,2,1,IL,0
https://openalex.org/W2036110313,6,6,1,CN,0
https://openalex.org/W2036110514,2,2,1,JP,0
https://openalex.org/W2036139885,2,2,1,JP,0
https://openalex.org/W2036146077,1,1,0,,0
https://openalex.org/W2036156942,3,3,1,JP,0
https://openalex.org/W2036170553,6,6,1,RU,0
https://openalex.org/W2036189655,3,3,0,,0
https://openalex.org/W2036214317,4,4,1,AT,0
https://openalex.org/W2036227007,3,3,1,TR,0
https://openalex.org/W2036228856,4,4,0,,0
https://openalex.org/W2036237930,2,2,1,GR,0
https://openalex.org/W2036242963,5,11,1,CN,0
https://openalex.org/W2036284692,3,9,2,"FR,IT",1
https://openalex.org/W2036287264,7,19,1,FR,0
https://openalex.org/W2036289355,2,2,1,IN,0
https://openalex.org/W2036300387,9,9,1,JP,0
https://openalex.org/W2036303075,2,2,1,IR,0
https://openalex.org/W2036310086,4,4,1,CN,0
https://openalex.org/W2036317792,5,5,1,US,0
https://openalex.org/W2036368664,4,4,1,JP,0
https://openalex.org/W2036377975,5,5,1,US,0
https://openalex.org/W2036399919,4,4,1,ES,0
https://openalex.org/W2036416780,4,4,1,JP,0
https://openalex.org/W2036418122,3,3,1,JP,0
https://openalex.org/W2036428375,8,8,1,KR,0
https://openalex.org/W2036434076,4,4,1,KR,0
https://openalex.org/W2036442879,4,4,1,JP,0
https://openalex.org/W2036480251,4,4,1,CN,0
https://openalex.org/W2036504005,7,9,1,JP,0
https://openalex.org/W2036521516,6,10,2,"GB,US",1
https://openalex.org/W2036551735,1,1,0,,0
https://openalex.org/W2036574162,1,2,0,,0
https://openalex.org/W2036578679,7,7,1,KR,0
https://openalex.org/W2036633393,4,4,1,ES,0
https://openalex.org/W2036659098,10,10,3,"GB,NL,US",1
https://openalex.org/W2036661445,3,3,1,AU,0
https://openalex.org/W2036665846,2,2,1,JP,0
https://openalex.org/W2036668571,3,3,1,JP,0
https://openalex.org/W2036679854,2,2,1,TW,0
https://openalex.org/W2036704213,2,2,1,KR,0
https://openalex.org/W2036720874,9,16,1,FR,0
https://openalex.org/W2036721923,6,6,3,"GB,IT,RU",1
https://openalex.org/W2036737845,2,2,1,CN,0
https://openalex.org/W2036757997,1,1,0,,0
https://openalex.org/W2036794045,4,4,1,JP,0
https://openalex.org/W2036815573,4,5,2,"CN,SG",1
https://openalex.org/W2036841831,6,6,1,FR,0
https://openalex.org/W2036895350,1,1,0,,0
https://openalex.org/W2036907921,6,7,2,"CN,SG",1
https://openalex.org/W2036968634,8,9,2,"DE,UA",1
https://openalex.org/W2036971244,1,1,0,,0
https://openalex.org/W2036983894,2,2,1,DE,0
https://openalex.org/W2036987384,3,3,1,IN,0
https://openalex.org/W2036988696,4,4,1,MX,0
https://openalex.org/W2037017686,1,1,0,,0
https://openalex.org/W2037076316,6,6,1,US,0
https://openalex.org/W2037094333,5,5,1,FR,0
https://openalex.org/W2037101269,5,5,1,TN,0
https://openalex.org/W2037110805,3,3,2,"AU,KR",1
https://openalex.org/W2037131297,3,3,1,PL,0
https://openalex.org/W2037146310,3,5,2,"TW,US",1
https://openalex.org/W2037151260,4,4,1,CN,0
https://openalex.org/W2037162792,5,5,1,CN,0
https://openalex.org/W2037167257,3,3,1,RU,0
https://openalex.org/W2037171378,5,10,1,US,0
https://openalex.org/W2037190624,4,4,1,EG,0
https://openalex.org/W2037199163,3,3,1,AT,0
https://openalex.org/W2037217603,1,2,0,,0
https://openalex.org/W2037226174,7,7,2,"CN,JP",1
https://openalex.org/W2037236329,1,1,0,,0
https://openalex.org/W2037239551,3,3,1,JP,0
https://openalex.org/W2037240366,3,5,1,CN,0
https://openalex.org/W2037256285,6,19,1,SG,0
https://openalex.org/W2037257585,11,12,1,JP,0
https://openalex.org/W2037277154,1,1,0,,0
https://openalex.org/W2037282458,5,9,2,"CN,FR",1
https://openalex.org/W2037284901,3,3,2,"RU,TJ",1
https://openalex.org/W2037305191,3,3,2,"PL,SE",1
https://openalex.org/W2037348106,5,5,1,CN,0
https://openalex.org/W2037361799,3,3,1,JP,0
https://openalex.org/W2037361952,3,3,1,RU,0
https://openalex.org/W2037370513,9,9,1,US,0
https://openalex.org/W2037385650,4,4,1,CN,0
https://openalex.org/W2037388743,1,1,0,,0
https://openalex.org/W2037401020,3,3,2,"HU,RU",1
https://openalex.org/W2037401046,5,5,1,US,0
https://openalex.org/W2037401228,5,5,1,RU,0
https://openalex.org/W2037402928,3,3,1,CN,0
https://openalex.org/W2037406939,2,2,1,RS,0
https://openalex.org/W2037417348,4,4,1,CN,0
https://openalex.org/W2037458669,4,4,1,TW,0
https://openalex.org/W2037464423,2,3,1,KR,0
https://openalex.org/W2037499852,6,6,1,RU,0
https://openalex.org/W2037517127,1,1,0,,0
https://openalex.org/W2037524201,4,4,1,CN,0
https://openalex.org/W2037524897,8,9,1,JP,0
https://openalex.org/W2037553558,7,7,3,"DE,DK,IN",1
https://openalex.org/W2037600632,10,10,1,JP,0
https://openalex.org/W2037601985,6,12,1,US,0
https://openalex.org/W2037643946,5,5,1,CN,0
https://openalex.org/W2037645250,2,2,1,IT,0
https://openalex.org/W2037653847,5,5,0,,0
https://openalex.org/W2037664290,2,2,1,US,0
https://openalex.org/W2037672428,4,4,1,FR,0
https://openalex.org/W2037694662,7,7,1,IN,0
https://openalex.org/W2037711901,2,3,1,CN,0
https://openalex.org/W2037723399,6,6,1,DE,0
https://openalex.org/W2037737051,4,4,1,CZ,0
https://openalex.org/W2037751409,3,3,1,KR,0
https://openalex.org/W2037754772,5,5,1,IN,0
https://openalex.org/W2037755092,2,2,1,CA,0
https://openalex.org/W2037760952,5,5,1,CN,0
https://openalex.org/W2037787803,10,10,1,DE,0
https://openalex.org/W2037791793,5,6,1,JP,0
https://openalex.org/W2037805936,3,3,0,,0
https://openalex.org/W2037820657,7,7,1,RU,0
https://openalex.org/W2037850790,3,3,1,KR,0
https://openalex.org/W2037866712,4,4,1,GB,0
https://openalex.org/W2037880782,1,2,0,,0
https://openalex.org/W2037899872,4,8,1,US,0
https://openalex.org/W2037912053,2,2,1,DE,0
https://openalex.org/W2037928928,5,5,1,US,0
https://openalex.org/W2037988981,4,4,1,US,0
https://openalex.org/W2037999773,6,14,1,CN,0
https://openalex.org/W2038009897,2,3,1,TW,0
https://openalex.org/W2038027214,4,4,1,BE,0
https://openalex.org/W2038038886,3,3,1,TW,0
https://openalex.org/W2038049754,6,6,1,US,0
https://openalex.org/W2038065447,15,22,2,"BE,RU",1
https://openalex.org/W2038073572,3,3,1,CN,0
https://openalex.org/W2038113781,1,1,0,,0
https://openalex.org/W2038130846,3,3,1,IQ,0
https://openalex.org/W2038143034,5,5,1,CN,0
https://openalex.org/W2038145155,10,13,3,"FR,PL,UA",1
https://openalex.org/W2038165331,3,3,1,CN,0
https://openalex.org/W2038168678,12,14,2,"DE,PL",1
https://openalex.org/W2038170265,7,7,0,,0
https://openalex.org/W2038207377,3,3,2,"KR,US",1
https://openalex.org/W2038212094,4,4,0,,0
https://openalex.org/W2038216093,2,4,1,FR,0
https://openalex.org/W2038236667,1,1,0,,0
https://openalex.org/W2038238138,4,5,3,"HU,SK,UA",1
https://openalex.org/W2038253340,3,3,1,US,0
https://openalex.org/W2038254185,4,4,1,CN,0
https://openalex.org/W2038258555,5,5,1,KR,0
https://openalex.org/W2038318848,5,10,1,CN,0
https://openalex.org/W2038353271,3,3,1,TH,0
https://openalex.org/W2038367132,3,3,1,BR,0
https://openalex.org/W2038375948,2,2,1,IT,0
https://openalex.org/W2038381072,6,10,2,"FR,RU",1
https://openalex.org/W2038382781,3,3,1,IT,0
https://openalex.org/W2038391836,6,6,1,IN,0
https://openalex.org/W2038406417,3,3,1,KR,0
https://openalex.org/W2038414845,6,6,1,CN,0
https://openalex.org/W2038439869,6,6,1,TW,0
https://openalex.org/W2038478568,1,1,0,,0
https://openalex.org/W2038486119,3,7,1,FR,0
https://openalex.org/W2038497974,4,16,1,FR,0
https://openalex.org/W2038547602,6,11,2,"CN,FR",1
https://openalex.org/W2038549932,5,5,1,US,0
https://openalex.org/W2038557323,4,7,1,DE,0
https://openalex.org/W2038561379,6,8,2,"DE,ZA",1
https://openalex.org/W2038593738,6,7,1,KR,0
https://openalex.org/W2038604589,2,5,3,"BE,ES,GB",1
https://openalex.org/W2038611092,6,6,1,TW,0
https://openalex.org/W2038622843,2,2,1,KR,0
https://openalex.org/W2038676934,3,3,1,US,0
https://openalex.org/W2038680598,6,8,1,JP,0
https://openalex.org/W2038706385,4,4,1,DE,0
https://openalex.org/W2038707564,5,5,2,"JP,NZ",1
https://openalex.org/W2038719372,4,4,1,TW,0
https://openalex.org/W2038721527,4,4,1,DZ,0
https://openalex.org/W2038725326,2,2,1,CN,0
https://openalex.org/W2038725788,5,5,1,GB,0
https://openalex.org/W2038727258,6,6,1,CN,0
https://openalex.org/W2038758995,4,4,1,IN,0
https://openalex.org/W2038760994,2,2,1,SE,0
https://openalex.org/W2038761782,2,2,1,CN,0
https://openalex.org/W2038768528,7,13,1,CN,0
https://openalex.org/W2038786933,3,3,1,TW,0
https://openalex.org/W2038795284,4,4,1,US,0
https://openalex.org/W2038812635,3,3,1,SE,0
https://openalex.org/W2038812739,3,3,1,TR,0
https://openalex.org/W2038814280,5,5,1,CN,0
https://openalex.org/W2038818069,3,3,1,AU,0
https://openalex.org/W2038819151,4,4,1,RU,0
https://openalex.org/W2038820485,3,3,1,IR,0
https://openalex.org/W2038832007,5,5,0,,0
https://openalex.org/W2038857561,3,3,1,CN,0
https://openalex.org/W2038858226,1,1,0,,0
https://openalex.org/W2038869170,5,5,0,,0
https://openalex.org/W2038873026,3,3,1,TH,0
https://openalex.org/W2038892294,3,3,1,US,0
https://openalex.org/W2038908898,8,8,1,JP,0
https://openalex.org/W2038922518,2,2,1,TW,0
https://openalex.org/W2038944397,5,10,1,AU,0
https://openalex.org/W2038946063,5,5,1,RU,0
https://openalex.org/W2038955745,3,3,2,"DE,US",1
https://openalex.org/W2038956462,5,5,1,MY,0
https://openalex.org/W2038993836,3,3,1,MX,0
https://openalex.org/W2039009778,4,4,1,TW,0
https://openalex.org/W2039012504,4,4,1,KR,0
https://openalex.org/W2039030595,8,16,1,UA,0
https://openalex.org/W2039038362,3,3,1,AT,0
https://openalex.org/W2039043232,1,1,0,,0
https://openalex.org/W2039053909,4,4,1,RU,0
https://openalex.org/W2039059249,5,5,1,CN,0
https://openalex.org/W2039062516,3,4,1,JP,0
https://openalex.org/W2039076275,1,1,0,,0
https://openalex.org/W2039124273,5,6,1,CN,0
https://openalex.org/W2039179162,8,8,1,CZ,0
https://openalex.org/W2039189112,6,6,2,"BY,RU",1
https://openalex.org/W2039207947,3,3,1,US,0
https://openalex.org/W2039227923,8,8,1,US,0
https://openalex.org/W2039279623,4,4,1,CN,0
https://openalex.org/W2039284046,4,4,1,RS,0
https://openalex.org/W2039287243,6,6,1,KR,0
https://openalex.org/W2039310590,7,7,2,"AU,FR",1
https://openalex.org/W2039327116,4,4,1,US,0
https://openalex.org/W2039353196,3,3,1,CN,0
https://openalex.org/W2039391207,2,2,1,IN,0
https://openalex.org/W2039419545,3,4,2,"FI,US",1
https://openalex.org/W2039422196,3,3,1,CA,0
https://openalex.org/W2039484008,6,6,1,BR,0
https://openalex.org/W2039501660,4,4,1,PL,0
https://openalex.org/W2039503022,5,5,1,MX,0
https://openalex.org/W2039539323,3,3,1,US,0
https://openalex.org/W2039544604,2,2,0,,0
https://openalex.org/W2039602571,5,5,1,KR,0
https://openalex.org/W2039610318,2,2,1,CN,0
https://openalex.org/W2039655854,6,6,2,"CN,GB",1
https://openalex.org/W2039663461,1,1,0,,0
https://openalex.org/W2039699618,4,4,1,CN,0
https://openalex.org/W2039706783,1,2,0,,0
https://openalex.org/W2039722295,6,6,1,BE,0
https://openalex.org/W2039725079,4,4,1,NO,0
https://openalex.org/W2039745150,4,4,1,RU,0
https://openalex.org/W2039763445,23,49,2,"GB,US",1
https://openalex.org/W2039787812,1,1,0,,0
https://openalex.org/W2039797992,4,4,1,KR,0
https://openalex.org/W2039806910,3,3,1,US,0
https://openalex.org/W2039808263,3,3,1,KR,0
https://openalex.org/W2039815022,5,5,1,JP,0
https://openalex.org/W2039829051,4,4,1,GB,0
https://openalex.org/W2039831050,3,3,1,AT,0
https://openalex.org/W2039845749,1,1,0,,0
https://openalex.org/W2039854777,2,2,1,IT,0
https://openalex.org/W2039867157,4,4,2,"DE,MX",1
https://openalex.org/W2039892328,8,8,1,IT,0
https://openalex.org/W2039901050,3,3,1,PL,0
https://openalex.org/W2039901792,4,5,1,CN,0
https://openalex.org/W2039906370,1,1,0,,0
https://openalex.org/W2039908597,3,4,1,JP,0
https://openalex.org/W2039928002,3,3,1,CN,0
https://openalex.org/W2039959438,2,4,1,US,0
https://openalex.org/W2039961532,5,5,1,CN,0
https://openalex.org/W2039973486,5,5,1,US,0
https://openalex.org/W2039985706,5,8,2,"FR,TN",1
https://openalex.org/W2040006670,6,12,1,CN,0
https://openalex.org/W2040007603,4,4,1,IN,0
https://openalex.org/W2040008545,2,2,1,RU,0
https://openalex.org/W2040028912,6,9,2,"FR,VE",1
https://openalex.org/W2040034431,2,2,1,US,0
https://openalex.org/W2040052762,5,5,2,"CN,US",1
https://openalex.org/W2040057611,6,9,1,GB,0
https://openalex.org/W2040068884,1,2,0,,0
https://openalex.org/W2040083284,1,1,0,,0
https://openalex.org/W2040127118,5,5,1,RO,0
https://openalex.org/W2040152783,2,2,2,"FR,GB",1
https://openalex.org/W2040175923,2,2,1,KR,0
https://openalex.org/W2040191795,7,7,0,,0
https://openalex.org/W2040196498,1,1,0,,0
https://openalex.org/W2040209908,5,5,1,ZA,0
https://openalex.org/W2040216253,5,7,1,CN,0
https://openalex.org/W2040250750,1,2,0,,0
https://openalex.org/W2040254688,4,5,1,JP,0
https://openalex.org/W2040254960,5,5,1,CN,0
https://openalex.org/W2040270142,4,4,1,US,0
https://openalex.org/W2040271797,7,7,1,PL,0
https://openalex.org/W2040285350,3,3,1,KR,0
https://openalex.org/W2040289264,5,7,1,RU,0
https://openalex.org/W2040314223,5,7,1,CN,0
https://openalex.org/W2040340617,4,4,1,ES,0
https://openalex.org/W2040350417,4,4,1,MY,0
https://openalex.org/W2040364320,3,5,1,IR,0
https://openalex.org/W2040399122,6,6,1,DE,0
https://openalex.org/W2040400854,9,9,2,"DE,HU",1
https://openalex.org/W2040402986,5,5,1,US,0
https://openalex.org/W2040404200,3,3,1,MY,0
https://openalex.org/W2040495151,4,4,2,"GB,IR",1
https://openalex.org/W2040509264,6,6,1,KR,0
https://openalex.org/W2040535119,3,3,1,IN,0
https://openalex.org/W2040538574,4,4,1,PL,0
https://openalex.org/W2040549190,4,4,1,KR,0
https://openalex.org/W2040551173,8,8,1,US,0
https://openalex.org/W2040564036,6,6,1,KR,0
https://openalex.org/W2040571783,7,9,2,"DE,RU",1
https://openalex.org/W2040578049,9,9,1,CN,0
https://openalex.org/W2040597198,4,4,1,JP,0
https://openalex.org/W2040606042,3,3,1,IN,0
https://openalex.org/W2040615913,3,4,1,DE,0
https://openalex.org/W2040631776,5,5,1,JP,0
https://openalex.org/W2040652633,12,15,1,JP,0
https://openalex.org/W2040658888,3,3,1,RU,0
https://openalex.org/W2040697905,2,2,1,ES,0
https://openalex.org/W2040707876,4,4,1,CN,0
https://openalex.org/W2040722750,2,2,1,US,0
https://openalex.org/W2040749992,2,3,2,"BR,CO",1
https://openalex.org/W2040754183,1,2,0,,0
https://openalex.org/W2040755635,1,1,0,,0
https://openalex.org/W2040763844,2,2,1,CN,0
https://openalex.org/W2040794530,2,2,1,IR,0
https://openalex.org/W2040802127,5,10,1,CN,0
https://openalex.org/W2040809458,3,3,1,NL,0
https://openalex.org/W2040842613,4,4,1,ES,0
https://openalex.org/W2040846439,6,6,1,US,0
https://openalex.org/W2040853983,1,1,0,,0
https://openalex.org/W2040861211,2,2,1,IR,0
https://openalex.org/W2040866680,1,1,0,,0
https://openalex.org/W2040883353,4,4,1,KR,0
https://openalex.org/W2040894027,6,6,1,SE,0
https://openalex.org/W2040898139,7,7,1,FR,0
https://openalex.org/W2040909334,6,6,1,IT,0
https://openalex.org/W2040912382,5,5,1,CN,0
https://openalex.org/W2040976180,5,13,2,"JP,KR",1
https://openalex.org/W2040977080,1,1,0,,0
https://openalex.org/W2040998786,7,7,1,DE,0
https://openalex.org/W2041005143,5,7,2,"RS,US",1
https://openalex.org/W2041015361,8,8,1,CN,0
https://openalex.org/W2041016588,3,3,1,KR,0
https://openalex.org/W2041016792,2,2,1,JP,0
https://openalex.org/W2041032695,4,4,0,,0
https://openalex.org/W2041040731,4,5,1,US,0
https://openalex.org/W2041079112,5,5,3,"DE,ES,FR",1
https://openalex.org/W2041080930,6,6,1,ES,0
https://openalex.org/W2041093857,4,4,1,IN,0
https://openalex.org/W2041105342,1,1,0,,0
https://openalex.org/W2041161366,2,2,1,US,0
https://openalex.org/W2041162109,5,5,1,CN,0
https://openalex.org/W2041162369,1,2,0,,0
https://openalex.org/W2041173974,7,7,1,US,0
https://openalex.org/W2041174445,1,1,0,,0
https://openalex.org/W2041203517,5,5,1,MY,0
https://openalex.org/W2041221170,4,4,1,CN,0
https://openalex.org/W2041286723,6,6,2,"FR,RO",1
https://openalex.org/W2041327707,3,3,2,"NG,US",1
https://openalex.org/W2041328635,1,2,0,,0
https://openalex.org/W2041357699,4,4,1,JP,0
https://openalex.org/W2041385366,4,4,1,ES,0
https://openalex.org/W2041404272,2,2,1,IT,0
https://openalex.org/W2041410133,5,5,1,IR,0
https://openalex.org/W2041414739,6,24,1,FR,0
https://openalex.org/W2041429244,8,14,1,RU,0
https://openalex.org/W2041493037,9,10,2,"FR,NO",1
https://openalex.org/W2041497081,2,2,1,CN,0
https://openalex.org/W2041516302,3,3,1,IR,0
https://openalex.org/W2041549827,4,4,1,KR,0
https://openalex.org/W2041554354,6,6,1,TW,0
https://openalex.org/W2041560616,5,6,1,JP,0
https://openalex.org/W2041578660,2,2,1,US,0
https://openalex.org/W2041584220,5,5,2,"CN,KR",1
https://openalex.org/W2041646057,18,20,1,IT,0
https://openalex.org/W2041646064,3,3,1,CN,0
https://openalex.org/W2041659477,2,2,1,CN,0
https://openalex.org/W2041663960,2,2,1,RU,0
https://openalex.org/W2041665275,3,3,1,TW,0
https://openalex.org/W2041670251,9,15,4,"CH,ES,FR,NL",1
https://openalex.org/W2041739649,7,12,1,CN,0
https://openalex.org/W2041747182,4,4,1,CN,0
https://openalex.org/W2041771246,7,7,1,JP,0
https://openalex.org/W2041775754,2,2,1,JP,0
https://openalex.org/W2041806366,4,5,2,"CN,HK",1
https://openalex.org/W2041818479,4,10,1,FR,0
https://openalex.org/W2041854519,6,7,1,TW,0
https://openalex.org/W2041882116,3,3,0,,0
https://openalex.org/W2041884332,3,3,1,US,0
https://openalex.org/W2041888286,3,3,1,RU,0
https://openalex.org/W2041896672,6,11,2,"DE,FR",1
https://openalex.org/W2041899569,2,5,1,FR,0
https://openalex.org/W2041903656,1,1,0,,0
https://openalex.org/W2041919645,5,5,2,"CN,PK",1
https://openalex.org/W2041922524,4,4,1,NO,0
https://openalex.org/W2041933043,8,8,1,CN,0
https://openalex.org/W2041933620,6,7,2,"AT,HU",1
https://openalex.org/W2041954458,6,6,1,CN,0
https://openalex.org/W2041970305,8,14,2,"DE,IT",1
https://openalex.org/W2042063340,1,1,0,,0
https://openalex.org/W2042077251,2,2,1,IR,0
https://openalex.org/W2042083620,11,11,1,SK,0
https://openalex.org/W2042094679,2,2,1,IR,0
https://openalex.org/W2042097693,4,4,1,PK,0
https://openalex.org/W2042104662,5,5,1,FR,0
https://openalex.org/W2042173388,8,8,1,GR,0
https://openalex.org/W2042223913,4,4,1,EG,0
https://openalex.org/W2042232005,7,7,1,KR,0
https://openalex.org/W2042251606,2,2,1,TR,0
https://openalex.org/W2042295942,4,4,2,"DE,TR",1
https://openalex.org/W2042304898,1,1,0,,0
https://openalex.org/W2042331205,5,5,1,KR,0
https://openalex.org/W2042360624,7,8,2,"JP,KR",1
https://openalex.org/W2042396060,1,1,0,,0
https://openalex.org/W2042400071,6,6,2,"CN,SG",1
https://openalex.org/W2042426995,14,14,3,"AT,CN,SG",1
https://openalex.org/W2042454234,3,3,2,"DE,RU",1
https://openalex.org/W2042456717,5,5,1,US,0
https://openalex.org/W2042468614,1,1,0,,0
https://openalex.org/W2042471556,2,2,1,US,0
https://openalex.org/W2042473347,2,2,0,,0
https://openalex.org/W2042510227,7,7,1,GR,0
https://openalex.org/W2042525122,3,3,2,"FR,TJ",1
https://openalex.org/W2042547238,6,6,1,KR,0
https://openalex.org/W2042547823,2,2,1,IT,0
https://openalex.org/W2042548091,2,2,1,DE,0
https://openalex.org/W2042552670,7,7,2,"KR,US",1
https://openalex.org/W2042554386,2,2,1,TW,0
https://openalex.org/W2042559154,4,4,1,KR,0
https://openalex.org/W2042657245,5,6,3,"AT,DE,FR",1
https://openalex.org/W2042667144,2,2,1,TW,0
https://openalex.org/W2042670685,3,3,1,TW,0
https://openalex.org/W2042681275,5,5,0,,0
https://openalex.org/W2042700112,6,7,1,CN,0
https://openalex.org/W2042704978,5,5,1,TW,0
https://openalex.org/W2042705185,3,3,1,US,0
https://openalex.org/W2042738216,4,4,1,IN,0
https://openalex.org/W2042751667,2,2,1,PL,0
https://openalex.org/W2042753158,1,1,0,,0
https://openalex.org/W2042770462,5,5,0,,0
https://openalex.org/W2042795444,5,10,1,HK,0
https://openalex.org/W2042812753,5,5,1,IN,0
https://openalex.org/W2042819775,4,4,1,CN,0
https://openalex.org/W2042820451,2,2,1,IN,0
https://openalex.org/W2042822146,1,1,0,,0
https://openalex.org/W2042826657,3,3,1,GR,0
https://openalex.org/W2042827469,4,4,1,CA,0
https://openalex.org/W2042838668,5,5,2,"IN,JP",1
https://openalex.org/W2042840838,3,4,1,SG,0
https://openalex.org/W2042866612,6,6,1,TW,0
https://openalex.org/W2042893865,3,3,2,"MY,SG",1
https://openalex.org/W2042897711,3,3,2,"IN,US",1
https://openalex.org/W2042913121,2,2,1,DE,0
https://openalex.org/W2042950743,13,13,2,"CN,US",1
https://openalex.org/W2042982193,7,7,1,FR,0
https://openalex.org/W2043067831,2,2,1,GB,0
https://openalex.org/W2043072315,3,3,1,CN,0
https://openalex.org/W2043076738,3,4,2,"CN,TW",1
https://openalex.org/W2043101838,8,8,1,JP,0
https://openalex.org/W2043120565,3,3,1,CH,0
https://openalex.org/W2043126309,4,4,1,JP,0
https://openalex.org/W2043132155,3,3,1,TW,0
https://openalex.org/W2043152248,5,5,0,,0
https://openalex.org/W2043155611,2,2,1,SE,0
https://openalex.org/W2043177535,1,1,0,,0
https://openalex.org/W2043207061,3,3,1,AU,0
https://openalex.org/W2043213470,5,5,1,KR,0
https://openalex.org/W2043220963,5,5,1,CN,0
https://openalex.org/W2043243254,8,8,1,CN,0
https://openalex.org/W2043257882,2,2,1,IL,0
https://openalex.org/W2043272176,2,2,1,SG,0
https://openalex.org/W2043278456,6,6,1,CN,0
https://openalex.org/W2043324447,7,7,1,IN,0
https://openalex.org/W2043337652,3,3,1,RO,0
https://openalex.org/W2043377616,7,7,3,"BY,DE,UA",1
https://openalex.org/W2043378837,1,1,0,,0
https://openalex.org/W2043398000,3,3,1,FR,0
https://openalex.org/W2043399853,5,5,1,JP,0
https://openalex.org/W2043402666,3,4,2,"DK,GR",1
https://openalex.org/W2043437934,3,3,1,CN,0
https://openalex.org/W2043461005,4,4,1,RU,0
https://openalex.org/W2043466039,1,1,0,,0
https://openalex.org/W2043469014,5,5,2,"JP,RU",1
https://openalex.org/W2043487561,3,3,1,IN,0
https://openalex.org/W2043490568,3,4,2,"HK,US",1
https://openalex.org/W2043493451,4,9,1,CN,0
https://openalex.org/W2043529283,1,1,0,,0
https://openalex.org/W2043541113,2,2,1,TH,0
https://openalex.org/W2043542793,4,4,1,DZ,0
https://openalex.org/W2043555999,4,4,0,,0
https://openalex.org/W2043589001,4,7,1,CZ,0
https://openalex.org/W2043610817,3,3,1,DE,0
https://openalex.org/W2043639063,6,6,2,"KR,US",1
https://openalex.org/W2043661404,5,8,1,CN,0
https://openalex.org/W2043661703,3,3,1,IR,0
https://openalex.org/W2043696557,4,4,1,FR,0
https://openalex.org/W2043698830,3,3,1,PL,0
https://openalex.org/W2043711375,3,6,1,DE,0
https://openalex.org/W2043729374,3,3,1,KR,0
https://openalex.org/W2043734905,3,3,1,KR,0
https://openalex.org/W2043740904,2,2,1,PL,0
https://openalex.org/W2043787963,7,7,1,KR,0
https://openalex.org/W2043792562,3,3,1,RU,0
https://openalex.org/W2043797883,2,2,1,CN,0
https://openalex.org/W2043807862,2,2,1,RU,0
https://openalex.org/W2043821188,2,4,1,SK,0
https://openalex.org/W2043848732,9,9,2,"IT,LV",1
https://openalex.org/W2043857644,5,5,1,RU,0
https://openalex.org/W2043877042,4,4,1,CN,0
https://openalex.org/W2043882527,2,2,1,GB,0
https://openalex.org/W2043886141,4,4,1,JP,0
https://openalex.org/W2043888032,3,3,1,RU,0
https://openalex.org/W2043888773,6,6,1,KR,0
https://openalex.org/W2043935428,4,4,0,,0
https://openalex.org/W2043949675,2,2,2,"GB,SG",1
https://openalex.org/W2043951727,7,7,1,JP,0
https://openalex.org/W2044017640,6,9,1,US,0
https://openalex.org/W2044032659,2,2,1,US,0
https://openalex.org/W2044035992,4,4,2,"KR,US",1
https://openalex.org/W2044038476,2,2,1,CZ,0
https://openalex.org/W2044064387,9,9,1,KR,0
https://openalex.org/W2044107704,1,1,0,,0
https://openalex.org/W2044112681,4,4,1,CN,0
https://openalex.org/W2044115897,7,14,1,US,0
https://openalex.org/W2044147936,3,3,1,ZA,0
https://openalex.org/W2044151164,3,4,1,JP,0
https://openalex.org/W2044167490,1,1,0,,0
https://openalex.org/W2044193969,1,1,0,,0
https://openalex.org/W2044196015,2,3,1,CN,0
https://openalex.org/W2044205351,1,1,0,,0
https://openalex.org/W2044234739,5,5,2,"DE,TW",1
https://openalex.org/W2044247926,6,8,1,CN,0
https://openalex.org/W2044304911,3,3,1,CN,0
https://openalex.org/W2044358376,2,2,1,AU,0
https://openalex.org/W2044376407,3,6,1,US,0
https://openalex.org/W2044378661,5,5,1,SK,0
https://openalex.org/W2044392225,1,1,0,,0
https://openalex.org/W2044410121,3,3,1,US,0
https://openalex.org/W2044410614,3,3,1,DE,0
https://openalex.org/W2044412221,2,2,1,RU,0
https://openalex.org/W2044460885,2,2,1,TR,0
https://openalex.org/W2044466921,5,6,1,CN,0
https://openalex.org/W2044472460,4,4,1,JP,0
https://openalex.org/W2044475602,7,7,1,JP,0
https://openalex.org/W2044506223,7,7,1,ES,0
https://openalex.org/W2044507012,3,3,1,CN,0
https://openalex.org/W2044520506,2,2,1,GB,0
https://openalex.org/W2044522137,15,30,1,JP,0
https://openalex.org/W2044525234,6,6,1,CN,0
https://openalex.org/W2044527505,1,1,0,,0
https://openalex.org/W2044568533,7,7,2,"FI,IE",1
https://openalex.org/W2044571982,4,4,2,"DZ,MY",1
https://openalex.org/W2044572502,6,6,1,CN,0
https://openalex.org/W2044595017,8,16,2,"CN,HK",1
https://openalex.org/W2044603261,7,7,1,BE,0
https://openalex.org/W2044630891,3,3,3,"ID,MY,YE",1
https://openalex.org/W2044648246,4,7,1,CN,0
https://openalex.org/W2044664807,4,4,1,JP,0
https://openalex.org/W2044682456,7,8,1,CN,0
https://openalex.org/W2044686695,3,3,1,KR,0
https://openalex.org/W2044688736,2,2,1,IR,0
https://openalex.org/W2044689625,4,4,1,GB,0
https://openalex.org/W2044691884,6,6,2,"RU,TJ",1
https://openalex.org/W2044707402,10,33,2,"CH,FR",1
https://openalex.org/W2044729912,3,3,0,,0
https://openalex.org/W2044746262,3,3,1,TW,0
https://openalex.org/W2044795600,4,4,1,MY,0
https://openalex.org/W2044827610,2,2,1,DE,0
https://openalex.org/W2044833613,3,4,1,MY,0
https://openalex.org/W2044855492,3,3,1,JP,0
https://openalex.org/W2044874445,3,8,2,"FR,TN",1
https://openalex.org/W2044900825,2,2,1,US,0
https://openalex.org/W2044904256,1,1,0,,0
https://openalex.org/W2044911389,12,13,2,"IT,RU",1
https://openalex.org/W2044911547,4,8,1,US,0
https://openalex.org/W2044912511,10,10,1,IT,0
https://openalex.org/W2044914718,4,6,3,"CA,CH,US",1
https://openalex.org/W2044929116,3,3,2,"FR,IL",1
https://openalex.org/W2044942853,3,3,1,DE,0
https://openalex.org/W2044954352,3,5,3,"DE,JP,SK",1
https://openalex.org/W2044955168,10,10,1,KR,0
https://openalex.org/W2044962338,2,2,0,,0
https://openalex.org/W2044964496,12,12,1,JP,0
https://openalex.org/W2044995614,3,3,1,JP,0
https://openalex.org/W2044997185,3,12,1,FR,0
https://openalex.org/W2044998541,2,2,1,US,0
https://openalex.org/W2044999970,6,7,1,JP,0
https://openalex.org/W2045003324,6,8,2,"CN,NL",1
https://openalex.org/W2045005462,2,3,2,"DE,GB",1
https://openalex.org/W2045059793,8,8,1,KR,0
https://openalex.org/W2045064598,4,4,2,"RU,TJ",1
https://openalex.org/W2045070703,4,4,1,BE,0
https://openalex.org/W2045072609,3,3,1,PL,0
https://openalex.org/W2045091674,10,10,1,KR,0
https://openalex.org/W2045094842,7,7,1,KR,0
https://openalex.org/W2045108205,4,4,1,IT,0
https://openalex.org/W2045109992,1,1,0,,0
https://openalex.org/W2045132727,5,11,1,CN,0
https://openalex.org/W2045146562,3,3,1,CN,0
https://openalex.org/W2045160004,3,3,1,CZ,0
https://openalex.org/W2045195479,4,4,1,TW,0
https://openalex.org/W2045199740,2,2,1,BD,0
https://openalex.org/W2045200771,4,8,1,CN,0
https://openalex.org/W2045231386,3,8,2,"RU,US",1
https://openalex.org/W2045247813,5,5,1,JP,0
https://openalex.org/W2045283877,6,6,1,RU,0
https://openalex.org/W2045299124,3,3,1,BR,0
https://openalex.org/W2045300064,2,3,1,CN,0
https://openalex.org/W2045303175,6,12,1,US,0
https://openalex.org/W2045328631,5,5,1,CN,0
https://openalex.org/W2045335129,6,8,1,DE,0
https://openalex.org/W2045372493,10,10,1,KR,0
https://openalex.org/W2045373542,3,3,1,JP,0
https://openalex.org/W2045374707,2,2,1,FI,0
https://openalex.org/W2045381510,5,5,2,"CA,CN",1
https://openalex.org/W2045394384,5,5,1,TH,0
https://openalex.org/W2045396596,8,40,1,FR,0
https://openalex.org/W2045398766,3,3,1,IN,0
https://openalex.org/W2045401770,3,3,1,JP,0
https://openalex.org/W2045404953,1,2,0,,0
https://openalex.org/W2045414440,2,2,0,,0
https://openalex.org/W2045416904,4,4,1,JP,0
https://openalex.org/W2045421496,10,10,1,DE,0
https://openalex.org/W2045429069,2,2,1,ES,0
https://openalex.org/W2045446292,6,7,2,"DE,IL",1
https://openalex.org/W2045462871,2,2,1,IN,0
https://openalex.org/W2045494482,10,18,2,"CN,PK",1
https://openalex.org/W2045505135,2,2,1,US,0
https://openalex.org/W2045505556,2,2,1,GB,0
https://openalex.org/W2045536681,2,2,1,US,0
https://openalex.org/W2045545113,6,6,1,US,0
https://openalex.org/W2045572917,4,4,1,CN,0
https://openalex.org/W2045600294,7,8,1,CN,0
https://openalex.org/W2045603156,8,8,1,CN,0
https://openalex.org/W2045604795,5,8,1,CN,0
https://openalex.org/W2045616877,2,2,0,,0
https://openalex.org/W2045617974,4,4,1,JP,0
https://openalex.org/W2045659454,1,1,0,,0
https://openalex.org/W2045665761,2,2,1,US,0
https://openalex.org/W2045684682,2,2,1,CN,0
https://openalex.org/W2045696266,5,5,1,RU,0
https://openalex.org/W2045739373,5,5,1,EG,0
https://openalex.org/W2045753116,1,1,0,,0
https://openalex.org/W2045762777,1,1,0,,0
https://openalex.org/W2045798565,3,4,1,CN,0
https://openalex.org/W2045801563,3,3,1,BR,0
https://openalex.org/W2045821149,2,2,1,MD,0
https://openalex.org/W2045835502,10,18,4,"ES,IT,JP,SG",1
https://openalex.org/W2045842445,4,4,1,IN,0
https://openalex.org/W2045842491,2,2,1,CN,0
https://openalex.org/W2045858159,6,10,3,"GB,JP,US",1
https://openalex.org/W2045862857,10,10,1,DE,0
https://openalex.org/W2045863953,3,3,1,US,0
https://openalex.org/W2045865084,3,3,1,JP,0
https://openalex.org/W2045868460,5,8,2,"BR,IN",1
https://openalex.org/W2045886278,7,7,1,JP,0
https://openalex.org/W2045911963,4,4,1,SY,0
https://openalex.org/W2045943980,6,6,0,,0
https://openalex.org/W2045946383,2,2,1,DE,0
https://openalex.org/W2045963013,8,8,1,CH,0
https://openalex.org/W2045996785,5,5,2,"PL,UA",1
https://openalex.org/W2046050835,4,4,1,CN,0
https://openalex.org/W2046077257,8,8,1,LV,0
https://openalex.org/W2046080057,5,5,1,IN,0
https://openalex.org/W2046092116,3,3,1,BR,0
https://openalex.org/W2046092624,7,7,1,JP,0
https://openalex.org/W2046108429,1,1,0,,0
https://openalex.org/W2046132184,6,8,1,CN,0
https://openalex.org/W2046136379,2,2,1,CN,0
https://openalex.org/W2046146820,2,2,1,KR,0
https://openalex.org/W2046150062,7,7,1,JP,0
https://openalex.org/W2046160662,2,2,1,JP,0
https://openalex.org/W2046181156,3,7,2,"DE,SA",1
https://openalex.org/W2046181975,7,7,1,KR,0
https://openalex.org/W2046195131,3,3,1,KR,0
https://openalex.org/W2046210570,2,2,1,IT,0
https://openalex.org/W2046221746,5,5,1,KR,0
https://openalex.org/W2046235887,1,1,0,,0
https://openalex.org/W2046287181,3,3,1,TW,0
https://openalex.org/W2046294922,8,11,3,"PL,SK,UA",1
https://openalex.org/W2046311559,2,2,1,IN,0
https://openalex.org/W2046315720,3,3,1,PL,0
https://openalex.org/W2046334781,5,5,1,JP,0
https://openalex.org/W2046351591,4,4,2,"RU,US",1
https://openalex.org/W2046364465,3,3,1,US,0
https://openalex.org/W2046368684,2,2,1,KR,0
https://openalex.org/W2046389179,9,9,1,CN,0
https://openalex.org/W2046453026,5,5,1,CN,0
https://openalex.org/W2046471425,7,7,1,US,0
https://openalex.org/W2046479623,7,8,4,"CH,GB,LY,TR",1
https://openalex.org/W2046504762,5,5,1,RU,0
https://openalex.org/W2046521271,2,2,1,SE,0
https://openalex.org/W2046532760,7,7,1,CN,0
https://openalex.org/W2046537745,5,5,1,CN,0
https://openalex.org/W2046560778,4,4,1,IT,0
https://openalex.org/W2046578549,5,5,1,GB,0
https://openalex.org/W2046578782,1,1,0,,0
https://openalex.org/W2046582371,4,4,1,CN,0
https://openalex.org/W2046594247,3,3,1,US,0
https://openalex.org/W2046596976,70,71,7,"BG,CH,CO,FI,IT,PL,US",1
https://openalex.org/W2046600433,4,7,2,"CN,US",1
https://openalex.org/W2046609325,6,6,1,US,0
https://openalex.org/W2046627609,2,2,1,JP,0
https://openalex.org/W2046653113,4,4,1,FI,0
https://openalex.org/W2046657556,4,4,1,US,0
https://openalex.org/W2046668911,3,3,1,IN,0
https://openalex.org/W2046672696,9,9,1,BE,0
https://openalex.org/W2046696809,3,4,1,ES,0
https://openalex.org/W2046699156,3,3,1,US,0
https://openalex.org/W2046701180,6,6,1,TW,0
https://openalex.org/W2046704638,1,1,0,,0
https://openalex.org/W2046785184,3,3,1,CN,0
https://openalex.org/W2046785858,4,4,1,TR,0
https://openalex.org/W2046823035,4,4,1,MX,0
https://openalex.org/W2046854282,6,7,3,"IR,JP,KR",1
https://openalex.org/W2046861442,3,3,1,TH,0
https://openalex.org/W2046873418,4,5,2,"CN,US",1
https://openalex.org/W2046883289,2,2,1,PL,0
https://openalex.org/W2046886473,4,4,1,TW,0
https://openalex.org/W2046897561,2,2,0,,0
https://openalex.org/W2046919352,5,5,1,DE,0
https://openalex.org/W2046924196,3,3,1,RU,0
https://openalex.org/W2046934835,5,7,2,"BR,FR",1
https://openalex.org/W2046935111,3,3,1,KR,0
https://openalex.org/W2046951295,1,1,0,,0
https://openalex.org/W2046956790,4,8,1,DE,0
https://openalex.org/W2046960980,4,5,1,CN,0
https://openalex.org/W2046966625,4,4,1,IT,0
https://openalex.org/W2046968671,4,4,1,AT,0
https://openalex.org/W2046985506,5,5,1,IR,0
https://openalex.org/W2047001246,5,5,1,FR,0
https://openalex.org/W2047005365,3,3,1,AU,0
https://openalex.org/W2047019412,4,4,1,RU,0
https://openalex.org/W2047022014,1,1,0,,0
https://openalex.org/W2047052482,1,1,0,,0
https://openalex.org/W2047083685,7,8,2,"GR,SK",1
https://openalex.org/W2047085472,3,3,1,KR,0
https://openalex.org/W2047092004,4,8,1,DE,0
https://openalex.org/W2047100838,3,3,2,"ES,IT",1
https://openalex.org/W2047121914,4,4,1,KR,0
https://openalex.org/W2047133666,4,4,1,DE,0
https://openalex.org/W2047140575,2,2,1,KR,0
https://openalex.org/W2047152154,2,2,2,"UA,US",1
https://openalex.org/W2047186772,4,4,1,BE,0
https://openalex.org/W2047211709,3,3,1,TW,0
https://openalex.org/W2047231482,5,6,2,"RO,US",1
https://openalex.org/W2047244393,5,5,1,SG,0
https://openalex.org/W2047244442,6,8,1,DE,0
https://openalex.org/W2047291675,4,4,2,"SG,US",1
https://openalex.org/W2047302359,5,5,1,JP,0
https://openalex.org/W2047308316,4,4,1,DZ,0
https://openalex.org/W2047311498,8,8,1,CN,0
https://openalex.org/W2047360081,3,3,1,CN,0
https://openalex.org/W2047396899,5,5,1,DE,0
https://openalex.org/W2047406559,1,1,0,,0
https://openalex.org/W2047418053,4,4,1,TW,0
https://openalex.org/W2047429297,3,3,1,TW,0
https://openalex.org/W2047429408,6,6,1,SG,0
https://openalex.org/W2047429742,2,2,1,HK,0
https://openalex.org/W2047460594,2,2,1,IE,0
https://openalex.org/W2047468351,5,5,2,"CN,DE",1
https://openalex.org/W2047476652,4,4,2,"CN,DE",1
https://openalex.org/W2047481978,3,3,1,KR,0
https://openalex.org/W2047482184,2,2,1,JP,0
https://openalex.org/W2047485696,5,5,1,IN,0
https://openalex.org/W2047488700,4,4,1,BR,0
https://openalex.org/W2047537877,8,8,1,JP,0
https://openalex.org/W2047538979,2,2,0,,0
https://openalex.org/W2047593996,1,1,0,,0
https://openalex.org/W2047597728,25,28,1,TH,0
https://openalex.org/W2047652035,8,8,1,IT,0
https://openalex.org/W2047658846,2,4,1,US,0
https://openalex.org/W2047660578,5,6,2,"GB,IN",1
https://openalex.org/W2047673827,4,4,1,US,0
https://openalex.org/W2047689558,2,2,1,FR,0
https://openalex.org/W2047689853,1,1,0,,0
https://openalex.org/W2047696270,5,5,1,CN,0
https://openalex.org/W2047728676,3,3,1,GR,0
https://openalex.org/W2047737946,5,5,1,KR,0
https://openalex.org/W2047776022,2,4,1,CN,0
https://openalex.org/W2047787566,4,4,1,KR,0
https://openalex.org/W2047808356,5,5,1,CN,0
https://openalex.org/W2047835716,5,5,1,IN,0
https://openalex.org/W2047844182,7,8,2,"FR,PL",1
https://openalex.org/W2047894880,2,2,1,TW,0
https://openalex.org/W2047895879,6,7,2,"FR,US",1
https://openalex.org/W2047896941,4,6,1,CN,0
https://openalex.org/W2047905350,2,2,0,,0
https://openalex.org/W2047910298,3,3,1,FR,0
https://openalex.org/W2047947462,3,3,1,IN,0
https://openalex.org/W2047948510,3,3,1,GB,0
https://openalex.org/W2047974395,1,1,0,,0
https://openalex.org/W2047976037,3,3,1,US,0
https://openalex.org/W2047982677,5,5,1,TW,0
https://openalex.org/W2047985488,4,4,1,KR,0
https://openalex.org/W2047994994,6,18,2,"FR,MX",1
https://openalex.org/W2048004322,4,4,1,AR,0
https://openalex.org/W2048021698,5,5,1,DE,0
https://openalex.org/W2048040651,15,15,1,US,0
https://openalex.org/W2048049151,5,5,1,GB,0
https://openalex.org/W2048105886,4,9,1,JP,0
https://openalex.org/W2048130369,11,11,1,KR,0
https://openalex.org/W2048147438,1,1,0,,0
https://openalex.org/W2048187450,1,3,0,,0
https://openalex.org/W2048190943,4,4,1,CN,0
https://openalex.org/W2048198649,4,4,1,GB,0
https://openalex.org/W2048211323,4,4,1,CN,0
https://openalex.org/W2048245871,5,5,2,"CN,IT",1
https://openalex.org/W2048249134,2,2,1,KR,0
https://openalex.org/W2048265355,3,3,1,JP,0
https://openalex.org/W2048279968,4,4,1,DE,0
https://openalex.org/W2048283640,3,3,1,ES,0
https://openalex.org/W2048305947,8,9,1,CN,0
https://openalex.org/W2048307230,5,6,1,PL,0
https://openalex.org/W2048307911,6,6,1,JP,0
https://openalex.org/W2048318794,7,11,2,"CZ,FI",1
https://openalex.org/W2048329049,4,4,1,CN,0
https://openalex.org/W2048333834,3,3,1,US,0
https://openalex.org/W2048336899,1,1,0,,0
https://openalex.org/W2048342952,6,6,1,CN,0
https://openalex.org/W2048354824,2,2,0,,0
https://openalex.org/W2048434502,2,2,2,"GB,RS",1
https://openalex.org/W2048462089,7,7,2,"CN,SG",1
https://openalex.org/W2048476781,1,1,0,,0
https://openalex.org/W2048491501,2,2,0,,0
https://openalex.org/W2048499613,3,3,1,IN,0
https://openalex.org/W2048526314,4,20,1,FR,0
https://openalex.org/W2048569207,3,3,1,IT,0
https://openalex.org/W2048591857,2,2,1,PL,0
https://openalex.org/W2048594093,2,2,0,,0
https://openalex.org/W2048604694,4,4,2,"AU,IN",1
https://openalex.org/W2048605972,2,2,1,DZ,0
https://openalex.org/W2048640637,3,3,1,SE,0
https://openalex.org/W2048672002,4,5,1,TW,0
https://openalex.org/W2048697547,3,3,1,JP,0
https://openalex.org/W2048711057,2,2,1,JP,0
https://openalex.org/W2048718457,7,14,1,GB,0
https://openalex.org/W2048723392,5,8,1,CN,0
https://openalex.org/W2048749801,3,3,1,ES,0
https://openalex.org/W2048761164,2,2,1,TW,0
https://openalex.org/W2048766182,4,4,1,US,0
https://openalex.org/W2048786526,2,3,2,"JP,US",1
https://openalex.org/W2048801364,4,6,2,"RS,RU",1
https://openalex.org/W2048817328,5,8,2,"CH,US",1
https://openalex.org/W2048820812,5,5,1,FR,0
https://openalex.org/W2048841074,4,4,1,HK,0
https://openalex.org/W2048878206,2,2,1,JP,0
https://openalex.org/W2048891858,5,5,1,CN,0
https://openalex.org/W2048899045,3,3,1,CN,0
https://openalex.org/W2048931252,5,8,2,"IT,SK",1
https://openalex.org/W2048941829,8,8,3,"DE,FR,US",1
https://openalex.org/W2048952113,7,9,1,CN,0
https://openalex.org/W2048953010,6,9,1,CN,0
https://openalex.org/W2048960432,5,5,1,TW,0
https://openalex.org/W2048965534,3,3,1,IT,0
https://openalex.org/W2049021594,5,5,1,CN,0
https://openalex.org/W2049033512,3,3,1,CN,0
https://openalex.org/W2049054551,4,8,2,"FR,IT",1
https://openalex.org/W2049059284,3,3,1,SE,0
https://openalex.org/W2049070956,5,6,1,CN,0
https://openalex.org/W2049077338,4,5,1,US,0
https://openalex.org/W2049099208,3,3,2,"MX,PT",1
https://openalex.org/W2049143586,6,6,1,DE,0
https://openalex.org/W2049151198,4,4,1,JP,0
https://openalex.org/W2049151268,5,5,1,BR,0
https://openalex.org/W2049157720,6,18,1,NL,0
https://openalex.org/W2049169474,7,7,1,DE,0
https://openalex.org/W2049170394,1,1,0,,0
https://openalex.org/W2049185254,3,3,1,KR,0
https://openalex.org/W2049251767,3,3,1,IN,0
https://openalex.org/W2049253076,6,6,1,JP,0
https://openalex.org/W2049266020,2,2,1,US,0
https://openalex.org/W2049287444,7,7,1,JP,0
https://openalex.org/W2049320980,4,4,1,NL,0
https://openalex.org/W2049349713,6,6,2,"CN,GB",1
https://openalex.org/W2049373495,3,3,1,CN,0
https://openalex.org/W2049395171,3,6,1,CN,0
https://openalex.org/W2049416908,1,1,0,,0
https://openalex.org/W2049423746,3,3,1,RU,0
https://openalex.org/W2049431206,5,5,1,DE,0
https://openalex.org/W2049441158,3,3,1,GB,0
https://openalex.org/W2049509398,5,11,1,FR,0
https://openalex.org/W2049511679,2,2,1,US,0
https://openalex.org/W2049519210,2,2,1,GB,0
https://openalex.org/W2049523126,9,9,2,"ES,SE",1
https://openalex.org/W2049526730,2,2,1,CA,0
https://openalex.org/W2049578045,9,17,1,CN,0
https://openalex.org/W2049598094,3,3,1,TR,0
https://openalex.org/W2049604414,3,3,1,GB,0
https://openalex.org/W2049652934,4,4,1,KR,0
https://openalex.org/W2049668652,7,9,2,"CN,FR",1
https://openalex.org/W2049682131,4,5,2,"CN,JP",1
https://openalex.org/W2049696309,3,3,1,US,0
https://openalex.org/W2049719814,5,5,1,CN,0
https://openalex.org/W2049744297,1,1,0,,0
https://openalex.org/W2049774148,4,4,1,US,0
https://openalex.org/W2049818989,4,4,2,"CZ,GB",1
https://openalex.org/W2049822423,5,5,2,"HU,PL",1
https://openalex.org/W2049837563,3,3,1,US,0
https://openalex.org/W2049866772,9,9,1,IT,0
https://openalex.org/W2049877687,21,42,1,CN,0
https://openalex.org/W2049877864,7,11,3,"AU,KR,US",1
https://openalex.org/W2049922601,3,3,1,PR,0
https://openalex.org/W2049927003,7,10,2,"CA,IN",1
https://openalex.org/W2049949177,6,7,1,JP,0
https://openalex.org/W2049958734,5,5,1,IT,0
https://openalex.org/W2049966592,6,6,1,PT,0
https://openalex.org/W2049986013,5,5,1,CN,0
https://openalex.org/W2049986527,3,3,1,TW,0
https://openalex.org/W2049987679,6,7,1,CN,0
https://openalex.org/W2049994921,2,2,1,US,0
https://openalex.org/W2050000385,4,4,1,ES,0
https://openalex.org/W2050092583,2,2,1,AU,0
https://openalex.org/W2050103228,7,9,1,RU,0
https://openalex.org/W2050141691,3,3,1,JP,0
https://openalex.org/W2050142769,3,3,1,PL,0
https://openalex.org/W2050220806,4,4,0,,0
https://openalex.org/W2050227307,14,14,1,GB,0
https://openalex.org/W2050232104,4,4,1,KR,0
https://openalex.org/W2050239250,12,12,2,"GB,JP",1
https://openalex.org/W2050263245,8,13,1,CN,0
https://openalex.org/W2050271873,3,4,1,CA,0
https://openalex.org/W2050285311,4,4,2,"AU,CN",1
https://openalex.org/W2050288197,3,3,1,JP,0
https://openalex.org/W2050288816,3,3,1,HK,0
https://openalex.org/W2050320577,3,3,1,JP,0
https://openalex.org/W2050361685,3,3,1,IN,0
https://openalex.org/W2050366138,2,2,1,US,0
https://openalex.org/W2050369401,4,4,1,NO,0
https://openalex.org/W2050396537,6,6,1,TW,0
https://openalex.org/W2050396691,2,2,1,TW,0
https://openalex.org/W2050431783,3,3,2,"AT,US",1
https://openalex.org/W2050433879,4,4,1,JP,0
https://openalex.org/W2050448821,6,6,1,NL,0
https://openalex.org/W2050452330,4,4,1,BR,0
https://openalex.org/W2050453184,4,4,2,"IT,RO",1
https://openalex.org/W2050459399,3,3,1,CN,0
https://openalex.org/W2050484770,5,5,1,US,0
https://openalex.org/W2050493879,5,5,1,HR,0
https://openalex.org/W2050497874,8,21,1,FR,0
https://openalex.org/W2050528658,3,3,1,CA,0
https://openalex.org/W2050529587,3,3,2,"CN,GB",1
https://openalex.org/W2050552348,4,4,1,RU,0
https://openalex.org/W2050571363,4,4,1,TR,0
https://openalex.org/W2050602125,17,33,1,FR,0
https://openalex.org/W2050608699,4,4,1,BR,0
https://openalex.org/W2050626157,2,2,1,CA,0
https://openalex.org/W2050640079,3,3,2,"IR,US",1
https://openalex.org/W2050664812,3,3,1,PT,0
https://openalex.org/W2050688859,5,5,1,CO,0
https://openalex.org/W2050692324,4,5,2,"EG,RU",1
https://openalex.org/W2050693046,5,5,1,JP,0
https://openalex.org/W2050699792,4,4,1,MY,0
https://openalex.org/W2050729083,9,19,2,"CH,FR",1
https://openalex.org/W2050757548,4,6,2,"BE,US",1
https://openalex.org/W2050814530,4,4,1,KR,0
https://openalex.org/W2050814986,2,4,1,CN,0
https://openalex.org/W2050820257,8,8,1,DE,0
https://openalex.org/W2050827441,2,4,1,CN,0
https://openalex.org/W2050853925,8,8,1,SE,0
https://openalex.org/W2050856781,4,4,1,NZ,0
https://openalex.org/W2050867124,8,8,0,,0
https://openalex.org/W2050881382,3,3,1,RU,0
https://openalex.org/W2050897644,1,1,0,,0
https://openalex.org/W2050914743,8,8,2,"IT,US",1
https://openalex.org/W2050917404,6,6,2,"IN,TW",1
https://openalex.org/W2050926197,2,2,1,IN,0
https://openalex.org/W2050936917,5,10,1,US,0
https://openalex.org/W2050959325,6,9,2,"CA,FR",1
https://openalex.org/W2050984075,4,5,2,"CN,US",1
https://openalex.org/W2050987149,4,5,2,"MY,PK",1
https://openalex.org/W2050987342,3,3,2,"BE,DZ",1
https://openalex.org/W2050992845,2,2,1,AT,0
https://openalex.org/W2051004889,2,2,1,AU,0
https://openalex.org/W2051009597,3,3,2,"GB,MY",1
https://openalex.org/W2051030082,6,6,1,CN,0
https://openalex.org/W2051088081,4,4,1,CN,0
https://openalex.org/W2051093349,15,22,6,"CH,CZ,FI,IT,RU,US",1
https://openalex.org/W2051095557,6,6,1,CZ,0
https://openalex.org/W2051099908,3,3,1,DK,0
https://openalex.org/W2051150832,5,5,2,"HK,RU",1
https://openalex.org/W2051152523,4,4,1,RU,0
https://openalex.org/W2051171724,4,4,1,MY,0
https://openalex.org/W2051190799,7,15,1,CN,0
https://openalex.org/W2051240810,5,8,1,RU,0
https://openalex.org/W2051256319,2,2,1,CH,0
https://openalex.org/W2051264511,2,2,1,RU,0
https://openalex.org/W2051295162,4,4,1,KR,0
https://openalex.org/W2051296373,5,5,1,JP,0
https://openalex.org/W2051303862,3,3,1,CN,0
https://openalex.org/W2051311280,1,1,0,,0
https://openalex.org/W2051317649,4,4,1,CN,0
https://openalex.org/W2051339856,8,8,1,CN,0
https://openalex.org/W2051357772,1,1,0,,0
https://openalex.org/W2051366043,9,9,1,TW,0
https://openalex.org/W2051384463,4,8,1,CN,0
https://openalex.org/W2051395219,3,3,0,,0
https://openalex.org/W2051399826,3,7,1,UA,0
https://openalex.org/W2051436057,5,5,2,"JP,US",1
https://openalex.org/W2051439777,9,10,2,"AR,ES",1
https://openalex.org/W2051441360,3,3,1,JP,0
https://openalex.org/W2051469949,3,3,2,"ES,US",1
https://openalex.org/W2051499039,6,6,2,"CN,SG",1
https://openalex.org/W2051505457,1,1,0,,0
https://openalex.org/W2051511292,2,2,1,IR,0
https://openalex.org/W2051513098,3,3,1,US,0
https://openalex.org/W2051526822,5,5,1,JP,0
https://openalex.org/W2051529650,3,3,1,UA,0
https://openalex.org/W2051534199,3,3,1,DE,0
https://openalex.org/W2051564761,6,6,2,"JP,US",1
https://openalex.org/W2051566303,6,6,1,JP,0
https://openalex.org/W2051571939,8,8,1,TW,0
https://openalex.org/W2051611406,3,3,1,CN,0
https://openalex.org/W2051614212,6,13,1,FR,0
https://openalex.org/W2051636636,5,5,1,FR,0
https://openalex.org/W2051639669,3,3,1,JP,0
https://openalex.org/W2051646846,6,6,1,US,0
https://openalex.org/W2051650184,2,2,1,TR,0
https://openalex.org/W2051666323,4,4,1,ES,0
https://openalex.org/W2051671737,10,10,1,CN,0
https://openalex.org/W2051675581,5,5,2,"AU,KR",1
https://openalex.org/W2051689909,6,6,1,GB,0
https://openalex.org/W2051693627,4,4,1,CN,0
https://openalex.org/W2051696844,3,3,1,VN,0
https://openalex.org/W2051715733,4,4,1,GB,0
https://openalex.org/W2051721756,6,6,1,IE,0
https://openalex.org/W2051727096,12,12,2,"PL,ZA",1
https://openalex.org/W2051747197,8,24,1,CN,0
https://openalex.org/W2051764764,6,8,1,JP,0
https://openalex.org/W2051765119,4,4,1,CN,0
https://openalex.org/W2051772302,4,4,1,TH,0
https://openalex.org/W2051819658,5,5,1,CN,0
https://openalex.org/W2051823000,2,2,1,DE,0
https://openalex.org/W2051861302,4,4,1,IN,0
https://openalex.org/W2051875694,7,7,1,KR,0
https://openalex.org/W2051880272,3,3,1,CN,0
https://openalex.org/W2051891604,2,2,1,IN,0
https://openalex.org/W2051901075,3,3,1,DE,0
https://openalex.org/W2051901207,4,4,1,CN,0
https://openalex.org/W2051931796,8,17,1,FR,0
https://openalex.org/W2051934669,4,4,1,BR,0
https://openalex.org/W2051958841,4,4,2,"ES,SE",1
https://openalex.org/W2051975769,6,6,1,CN,0
https://openalex.org/W2051991606,4,4,1,TW,0
https://openalex.org/W2052005749,4,4,1,JP,0
https://openalex.org/W2052024389,36,36,2,"DE,US",1
https://openalex.org/W2052032340,3,3,1,IN,0
https://openalex.org/W2052037724,5,5,1,CN,0
https://openalex.org/W2052039917,4,4,1,DE,0
https://openalex.org/W2052057201,6,6,2,"AU,IL",1
https://openalex.org/W2052075115,3,3,1,CN,0
https://openalex.org/W2052084076,7,7,1,JP,0
https://openalex.org/W2052085469,4,4,0,,0
https://openalex.org/W2052100469,5,5,1,FI,0
https://openalex.org/W2052103393,2,2,1,IN,0
https://openalex.org/W2052136254,2,2,1,KR,0
https://openalex.org/W2052136761,6,6,1,CN,0
https://openalex.org/W2052140334,3,3,1,CN,0
https://openalex.org/W2052172187,5,8,2,"AM,RU",1
https://openalex.org/W2052173419,2,2,1,SE,0
https://openalex.org/W2052180463,5,9,1,FR,0
https://openalex.org/W2052182500,5,5,1,GB,0
https://openalex.org/W2052187759,25,96,1,FR,0
https://openalex.org/W2052189309,7,7,1,DE,0
https://openalex.org/W2052196818,7,7,1,KR,0
https://openalex.org/W2052205706,4,4,1,IN,0
https://openalex.org/W2052221849,5,5,1,CN,0
https://openalex.org/W2052230102,4,5,1,ZA,0
https://openalex.org/W2052267973,4,4,1,CN,0
https://openalex.org/W2052311415,4,4,1,MX,0
https://openalex.org/W2052320072,1,1,0,,0
https://openalex.org/W2052322073,1,1,0,,0
https://openalex.org/W2052322952,6,6,1,CN,0
https://openalex.org/W2052335655,4,5,1,CN,0
https://openalex.org/W2052347652,4,4,1,IN,0
https://openalex.org/W2052359371,5,5,1,DE,0
https://openalex.org/W2052367870,5,6,2,"FR,GB",1
https://openalex.org/W2052387822,6,6,1,JP,0
https://openalex.org/W2052400685,3,3,1,FR,0
https://openalex.org/W2052409410,7,7,1,JP,0
https://openalex.org/W2052409684,3,3,1,JP,0
https://openalex.org/W2052435543,3,3,1,PL,0
https://openalex.org/W2052447277,1,1,0,,0
https://openalex.org/W2052458672,5,5,1,DE,0
https://openalex.org/W2052460437,4,4,1,UA,0
https://openalex.org/W2052471582,3,3,1,CN,0
https://openalex.org/W2052474897,3,3,2,"DZ,FR",1
https://openalex.org/W2052488815,4,5,1,SG,0
https://openalex.org/W2052497155,8,8,2,"ES,PL",1
https://openalex.org/W2052513788,2,2,1,CA,0
https://openalex.org/W2052551783,2,2,1,US,0
https://openalex.org/W2052575118,6,6,1,JP,0
https://openalex.org/W2052598681,2,6,1,FR,0
https://openalex.org/W2052616732,5,5,1,CN,0
https://openalex.org/W2052619457,8,8,1,KR,0
https://openalex.org/W2052637368,6,6,2,"BE,US",1
https://openalex.org/W2052652518,7,15,3,"DE,ES,FR",1
https://openalex.org/W2052663361,6,6,1,CN,0
https://openalex.org/W2052667450,3,3,1,US,0
https://openalex.org/W2052690499,3,3,1,HK,0
https://openalex.org/W2052704503,4,4,1,GB,0
https://openalex.org/W2052786261,7,7,1,US,0
https://openalex.org/W2052826235,4,4,1,DZ,0
https://openalex.org/W2052847125,6,6,1,US,0
https://openalex.org/W2052865530,2,2,1,AU,0
https://openalex.org/W2052876140,2,2,0,,0
https://openalex.org/W2052905317,8,9,5,"AU,CZ,DE,HU,JO",1
https://openalex.org/W2052916822,8,8,1,TW,0
https://openalex.org/W2052922452,3,3,1,IN,0
https://openalex.org/W2052925857,5,6,2,"EG,SA",1
https://openalex.org/W2052931719,11,33,2,"CN,US",1
https://openalex.org/W2052948850,4,4,1,RU,0
https://openalex.org/W2052973678,8,8,1,JP,0
https://openalex.org/W2052993937,5,5,1,UZ,0
https://openalex.org/W2053007766,6,17,2,"CN,HK",1
https://openalex.org/W2053009299,6,6,1,CN,0
https://openalex.org/W2053019674,5,5,1,IN,0
https://openalex.org/W2053039487,2,2,1,TR,0
https://openalex.org/W2053059903,8,15,2,"FR,RU",1
https://openalex.org/W2053060209,4,6,2,"BE,US",1
https://openalex.org/W2053075644,7,7,1,US,0
https://openalex.org/W2053086464,6,6,1,US,0
https://openalex.org/W2053113190,2,3,1,KR,0
https://openalex.org/W2053125665,2,2,1,PL,0
https://openalex.org/W2053131855,3,3,2,"AU,CN",1
https://openalex.org/W2053145263,8,12,1,GR,0
https://openalex.org/W2053146358,2,2,1,GR,0
https://openalex.org/W2053155068,1,1,0,,0
https://openalex.org/W2053199755,5,5,1,BR,0
https://openalex.org/W2053202484,4,4,0,,0
https://openalex.org/W2053206703,3,3,1,CN,0
https://openalex.org/W2053215722,6,7,1,CN,0
https://openalex.org/W2053225683,2,2,1,OM,0
https://openalex.org/W2053231175,3,3,0,,0
https://openalex.org/W2053251776,5,5,1,CN,0
https://openalex.org/W2053253042,4,4,1,TR,0
https://openalex.org/W2053257777,2,2,1,RU,0
https://openalex.org/W2053270083,6,6,1,TW,0
https://openalex.org/W2053272120,2,2,1,IL,0
https://openalex.org/W2053290999,4,4,1,TW,0
https://openalex.org/W2053304458,5,5,1,CN,0
https://openalex.org/W2053310277,5,5,1,MY,0
https://openalex.org/W2053314634,4,4,2,"FR,TN",1
https://openalex.org/W2053319448,5,5,0,,0
https://openalex.org/W2053319706,4,4,1,RU,0
https://openalex.org/W2053338420,2,2,2,"GB,US",1
https://openalex.org/W2053353601,3,6,2,"CN,DE",1
https://openalex.org/W2053366142,4,4,1,MX,0
https://openalex.org/W2053375059,5,7,2,"FR,JP",1
https://openalex.org/W2053376760,5,6,1,JP,0
https://openalex.org/W2053409327,9,9,1,JP,0
https://openalex.org/W2053419817,4,4,1,CN,0
https://openalex.org/W2053440580,2,4,1,PL,0
https://openalex.org/W2053495969,5,5,1,CN,0
https://openalex.org/W2053501222,5,5,1,CN,0
https://openalex.org/W2053505742,3,6,1,US,0
https://openalex.org/W2053529493,5,5,2,"TR,US",1
https://openalex.org/W2053553616,11,11,10,"CZ,DE,ES,FR,GB,IT,LT,MT,NL,PL",1
https://openalex.org/W2053610314,2,2,1,GB,0
https://openalex.org/W2053638979,2,2,1,CN,0
https://openalex.org/W2053653462,4,4,1,US,0
https://openalex.org/W2053656481,8,24,1,CN,0
https://openalex.org/W2053657902,6,6,2,"FR,IL",1
https://openalex.org/W2053696499,4,4,1,DE,0
https://openalex.org/W2053712853,3,3,1,KR,0
https://openalex.org/W2053723348,4,7,1,US,0
https://openalex.org/W2053740207,8,8,1,IN,0
https://openalex.org/W2053741940,4,4,1,JP,0
https://openalex.org/W2053798351,3,3,1,IN,0
https://openalex.org/W2053800620,5,6,2,"GB,IQ",1
https://openalex.org/W2053801130,2,2,2,"GB,US",1
https://openalex.org/W2053804197,14,14,0,,0
https://openalex.org/W2053823839,1,1,0,,0
https://openalex.org/W2053841120,1,1,0,,0
https://openalex.org/W2053856827,4,4,1,US,0
https://openalex.org/W2053898768,5,7,2,"FR,US",1
https://openalex.org/W2053908027,5,8,3,"AR,IT,US",1
https://openalex.org/W2053913428,5,5,1,KR,0
https://openalex.org/W2053922224,5,5,1,IN,0
https://openalex.org/W2053962158,2,2,1,TW,0
https://openalex.org/W2053963295,13,13,1,JP,0
https://openalex.org/W2053964423,2,2,1,TR,0
https://openalex.org/W2053968637,3,3,1,JP,0
https://openalex.org/W2053982619,4,6,2,"CN,JP",1
https://openalex.org/W2054011611,5,5,1,CH,0
https://openalex.org/W2054058647,1,1,0,,0
https://openalex.org/W2054061473,3,3,1,RO,0
https://openalex.org/W2054098152,5,5,1,GB,0
https://openalex.org/W2054124604,6,7,1,BR,0
https://openalex.org/W2054161369,3,3,2,"IT,JP",1
https://openalex.org/W2054205427,11,11,1,FR,0
https://openalex.org/W2054239557,4,4,1,PL,0
https://openalex.org/W2054249029,2,2,1,US,0
https://openalex.org/W2054280315,3,3,1,JP,0
https://openalex.org/W2054297551,4,4,1,FR,0
https://openalex.org/W2054317314,1,1,0,,0
https://openalex.org/W2054344859,4,4,2,"JP,US",1
https://openalex.org/W2054356667,8,8,1,FR,0
https://openalex.org/W2054404809,4,4,1,IR,0
https://openalex.org/W2054412418,4,4,1,US,0
https://openalex.org/W2054418747,2,2,1,CA,0
https://openalex.org/W2054433910,3,3,1,KR,0
https://openalex.org/W2054435408,3,3,1,JP,0
https://openalex.org/W2054484871,4,4,1,RU,0
https://openalex.org/W2054498162,4,4,1,TW,0
https://openalex.org/W2054510999,4,4,1,RU,0
https://openalex.org/W2054515527,4,4,1,JP,0
https://openalex.org/W2054523667,3,3,1,TR,0
https://openalex.org/W2054525479,6,6,1,RU,0
https://openalex.org/W2054538603,2,2,1,CN,0
https://openalex.org/W2054606986,4,4,1,BE,0
https://openalex.org/W2054608735,10,10,1,CN,0
https://openalex.org/W2054672170,1,1,0,,0
https://openalex.org/W2054685334,6,6,1,JP,0
https://openalex.org/W2054688732,3,3,1,KR,0
https://openalex.org/W2054712697,5,5,1,CN,0
https://openalex.org/W2054727545,5,6,1,CN,0
https://openalex.org/W2054760353,4,4,1,CN,0
https://openalex.org/W2054776697,2,2,1,JP,0
https://openalex.org/W2054794126,8,8,2,"CA,DE",1
https://openalex.org/W2054887377,5,5,1,TW,0
https://openalex.org/W2054906558,4,6,2,"DZ,FR",1
https://openalex.org/W2054957331,5,5,1,US,0
https://openalex.org/W2054957536,6,6,1,JP,0
https://openalex.org/W2054982125,3,3,1,CZ,0
https://openalex.org/W2054987488,5,5,1,CN,0
https://openalex.org/W2055013093,6,6,1,CN,0
https://openalex.org/W2055038454,3,9,1,FR,0
https://openalex.org/W2055055002,8,8,1,US,0
https://openalex.org/W2055060496,3,4,1,CN,0
https://openalex.org/W2055065097,6,6,1,SI,0
https://openalex.org/W2055073299,7,7,1,KR,0
https://openalex.org/W2055085782,6,6,1,BE,0
https://openalex.org/W2055124100,3,3,1,US,0
https://openalex.org/W2055132460,6,6,1,CN,0
https://openalex.org/W2055164777,5,15,1,FR,0
https://openalex.org/W2055166285,15,15,1,JP,0
https://openalex.org/W2055179482,5,5,1,GB,0
https://openalex.org/W2055220898,4,4,1,CZ,0
https://openalex.org/W2055222736,3,3,1,CN,0
https://openalex.org/W2055225568,2,2,1,FR,0
https://openalex.org/W2055242283,4,4,2,"ES,GB",1
https://openalex.org/W2055271178,7,7,2,"CN,US",1
https://openalex.org/W2055275835,3,4,1,CN,0
https://openalex.org/W2055302403,6,6,1,PL,0
https://openalex.org/W2055305766,6,14,1,CN,0
https://openalex.org/W2055356046,8,15,1,FR,0
https://openalex.org/W2055356595,4,4,1,IN,0
https://openalex.org/W2055360417,6,6,1,US,0
https://openalex.org/W2055374393,3,5,2,"CN,GB",1
https://openalex.org/W2055375718,7,14,1,SG,0
https://openalex.org/W2055381204,2,2,1,CN,0
https://openalex.org/W2055392745,4,5,1,PT,0
https://openalex.org/W2055403305,4,4,1,NL,0
https://openalex.org/W2055413364,5,5,1,CN,0
https://openalex.org/W2055424521,6,7,1,US,0
https://openalex.org/W2055450579,6,8,2,"IN,PL",1
https://openalex.org/W2055451169,4,6,1,IS,0
https://openalex.org/W2055452741,1,1,0,,0
https://openalex.org/W2055468683,3,5,1,JP,0
https://openalex.org/W2055478189,3,3,1,CN,0
https://openalex.org/W2055497831,11,12,1,JP,0
https://openalex.org/W2055542069,2,2,1,RU,0
https://openalex.org/W2055560542,4,6,2,"CN,US",1
https://openalex.org/W2055566409,5,10,1,CN,0
https://openalex.org/W2055579827,3,3,1,JP,0
https://openalex.org/W2055593700,3,3,1,TR,0
https://openalex.org/W2055604393,3,4,1,DE,0
https://openalex.org/W2055608534,4,4,1,BR,0
https://openalex.org/W2055616738,3,3,1,JP,0
https://openalex.org/W2055620319,4,4,1,PT,0
https://openalex.org/W2055626255,6,6,1,KR,0
https://openalex.org/W2055644137,5,5,1,CN,0
https://openalex.org/W2055645063,1,1,0,,0
https://openalex.org/W2055665769,6,7,1,CN,0
https://openalex.org/W2055669733,6,6,1,JP,0
https://openalex.org/W2055686371,2,2,1,KR,0
https://openalex.org/W2055699419,4,4,1,ES,0
https://openalex.org/W2055700352,5,5,2,"RU,TJ",1
https://openalex.org/W2055713032,9,9,2,"FR,RU",1
https://openalex.org/W2055758414,5,5,2,"CN,US",1
https://openalex.org/W2055766185,4,4,1,CN,0
https://openalex.org/W2055809269,6,6,1,CN,0
https://openalex.org/W2055823328,3,3,2,"AU,CL",1
https://openalex.org/W2055833094,6,7,1,CN,0
https://openalex.org/W2055834108,2,2,1,IN,0
https://openalex.org/W2055840105,2,2,1,IN,0
https://openalex.org/W2055855205,5,8,1,US,0
https://openalex.org/W2055859629,3,3,2,"FR,US",1
https://openalex.org/W2055860941,8,17,1,CN,0
https://openalex.org/W2055862331,3,3,1,CH,0
https://openalex.org/W2055887402,3,3,1,US,0
https://openalex.org/W2055896598,7,8,1,CN,0
https://openalex.org/W2055898540,1,1,0,,0
https://openalex.org/W2055902001,2,2,1,IN,0
https://openalex.org/W2055957593,1,1,0,,0
https://openalex.org/W2055975791,1,1,0,,0
https://openalex.org/W2055984769,4,4,1,RU,0
https://openalex.org/W2056022452,3,3,1,RO,0
https://openalex.org/W2056038036,10,10,1,JP,0
https://openalex.org/W2056049760,5,5,1,NL,0
https://openalex.org/W2056055764,2,2,1,BY,0
https://openalex.org/W2056070099,4,4,1,CN,0
https://openalex.org/W2056070504,6,6,2,"IN,US",1
https://openalex.org/W2056092157,6,6,1,CN,0
https://openalex.org/W2056095525,9,9,1,HK,0
https://openalex.org/W2056131429,7,8,2,"CN,ES",1
https://openalex.org/W2056193398,3,3,1,US,0
https://openalex.org/W2056213172,4,4,1,DE,0
https://openalex.org/W2056223370,9,27,1,FR,0
https://openalex.org/W2056237416,3,3,1,IN,0
https://openalex.org/W2056273369,5,5,1,BR,0
https://openalex.org/W2056320504,1,1,0,,0
https://openalex.org/W2056346512,1,1,0,,0
https://openalex.org/W2056397950,8,8,1,CN,0
https://openalex.org/W2056413513,10,15,3,"DE,FR,RU",1
https://openalex.org/W2056420886,2,2,1,TH,0
https://openalex.org/W2056423019,4,5,2,"AU,DE",1
https://openalex.org/W2056429503,2,2,1,US,0
https://openalex.org/W2056434898,3,3,2,"DE,DZ",1
https://openalex.org/W2056440060,4,4,1,UA,0
https://openalex.org/W2056446567,5,5,1,CN,0
https://openalex.org/W2056453516,4,4,3,"IN,IT,US",1
https://openalex.org/W2056465515,6,6,1,CN,0
https://openalex.org/W2056476589,5,5,1,TW,0
https://openalex.org/W2056481949,7,7,2,"TW,US",1
https://openalex.org/W2056519444,5,5,1,GB,0
https://openalex.org/W2056535374,5,5,1,CN,0
https://openalex.org/W2056567687,5,5,1,JP,0
https://openalex.org/W2056578175,3,3,1,TW,0
https://openalex.org/W2056587349,10,11,2,"KR,US",1
https://openalex.org/W2056617527,6,6,1,JP,0
https://openalex.org/W2056638470,3,3,1,US,0
https://openalex.org/W2056675885,3,3,2,"CZ,TW",1
https://openalex.org/W2056688812,6,6,1,CN,0
https://openalex.org/W2056692998,3,3,1,US,0
https://openalex.org/W2056698981,3,3,1,US,0
https://openalex.org/W2056718674,2,2,1,BE,0
https://openalex.org/W2056720354,4,5,2,"DE,FR",1
https://openalex.org/W2056729952,2,2,2,"JP,US",1
https://openalex.org/W2056771780,8,8,1,JP,0
https://openalex.org/W2056778501,6,6,3,"AU,IT,US",1
https://openalex.org/W2056779411,6,6,1,KR,0
https://openalex.org/W2056791202,3,3,1,TH,0
https://openalex.org/W2056827097,4,4,1,FR,0
https://openalex.org/W2056831632,7,7,2,"ES,PT",1
https://openalex.org/W2056840927,12,23,1,CN,0
https://openalex.org/W2056843359,5,5,1,CN,0
https://openalex.org/W2056846547,2,2,1,OM,0
https://openalex.org/W2056857712,8,25,1,CN,0
https://openalex.org/W2056861061,7,8,1,CN,0
https://openalex.org/W2056874474,3,3,1,IN,0
https://openalex.org/W2056880005,1,1,0,,0
https://openalex.org/W2056881071,6,6,1,CN,0
https://openalex.org/W2056918901,6,7,2,"JP,US",1
https://openalex.org/W2056948894,3,4,2,"NL,PL",1
https://openalex.org/W2056953384,3,3,1,TW,0
https://openalex.org/W2056961587,6,6,1,CN,0
https://openalex.org/W2056998954,3,3,2,"RO,TH",1
https://openalex.org/W2057021211,4,4,1,US,0
https://openalex.org/W2057025074,8,8,1,CN,0
https://openalex.org/W2057027117,1,1,0,,0
https://openalex.org/W2057047268,3,3,1,KR,0
https://openalex.org/W2057057564,1,1,0,,0
https://openalex.org/W2057149097,4,7,1,SE,0
https://openalex.org/W2057159447,3,3,3,"GB,JP,RS",1
https://openalex.org/W2057185139,2,2,1,KR,0
https://openalex.org/W2057192974,10,11,2,"CN,JP",1
https://openalex.org/W2057206388,4,4,1,IQ,0
https://openalex.org/W2057208657,4,4,1,TW,0
https://openalex.org/W2057233863,3,3,1,PL,0
https://openalex.org/W2057242477,3,3,0,,0
https://openalex.org/W2057252602,10,11,2,"AU,CN",1
https://openalex.org/W2057265432,5,5,1,MA,0
https://openalex.org/W2057279156,4,4,2,"CN,US",1
https://openalex.org/W2057284000,4,4,2,"DE,RU",1
https://openalex.org/W2057313546,5,5,1,AT,0
https://openalex.org/W2057358078,1,1,0,,0
https://openalex.org/W2057382571,3,3,1,CN,0
https://openalex.org/W2057426059,2,2,1,SE,0
https://openalex.org/W2057430371,4,4,1,CN,0
https://openalex.org/W2057441575,3,3,1,IN,0
https://openalex.org/W2057483544,1,1,0,,0
https://openalex.org/W2057488286,1,1,0,,0
https://openalex.org/W2057497754,5,10,1,CN,0
https://openalex.org/W2057519455,1,1,0,,0
https://openalex.org/W2057549854,3,3,1,US,0
https://openalex.org/W2057573515,5,5,1,AU,0
https://openalex.org/W2057601846,2,2,1,JP,0
https://openalex.org/W2057606453,2,2,1,CZ,0
https://openalex.org/W2057608779,3,3,1,FR,0
https://openalex.org/W2057618744,3,3,1,US,0
https://openalex.org/W2057626950,7,7,2,"DE,RU",1
https://openalex.org/W2057634220,9,10,1,CN,0
https://openalex.org/W2057659450,1,1,0,,0
https://openalex.org/W2057682735,4,5,2,"IN,JP",1
https://openalex.org/W2057696752,3,5,1,US,0
https://openalex.org/W2057734842,2,2,1,IN,0
https://openalex.org/W2057746486,3,3,1,CN,0
https://openalex.org/W2057748907,6,6,2,"IT,RU",1
https://openalex.org/W2057758767,4,16,1,FR,0
https://openalex.org/W2057769093,6,6,1,ES,0
https://openalex.org/W2057787833,6,6,1,CN,0
https://openalex.org/W2057878422,5,9,3,"CN,SE,US",1
https://openalex.org/W2057899803,6,6,2,"IL,US",1
https://openalex.org/W2057902635,4,4,1,CN,0
https://openalex.org/W2057915895,5,6,1,CN,0
https://openalex.org/W2057925694,7,7,3,"FR,IT,RO",1
https://openalex.org/W2057942868,2,2,1,TR,0
https://openalex.org/W2057952842,4,4,1,US,0
https://openalex.org/W2057959784,2,2,1,CN,0
https://openalex.org/W2057985167,5,10,1,DK,0
https://openalex.org/W2057989924,1,1,0,,0
https://openalex.org/W2058009119,8,8,2,"IT,US",1
https://openalex.org/W2058055956,1,1,0,,0
https://openalex.org/W2058065238,1,1,0,,0
https://openalex.org/W2058073626,1,1,0,,0
https://openalex.org/W2058074466,2,2,1,HU,0
https://openalex.org/W2058084879,3,3,1,JP,0
https://openalex.org/W2058111437,7,18,1,FR,0
https://openalex.org/W2058125736,4,5,1,US,0
https://openalex.org/W2058144491,4,4,1,TW,0
https://openalex.org/W2058200541,5,21,1,FR,0
https://openalex.org/W2058214689,5,5,1,KR,0
https://openalex.org/W2058221085,5,10,2,"CN,DE",1
https://openalex.org/W2058228948,5,6,2,"IN,JP",1
https://openalex.org/W2058234339,2,2,1,TR,0
https://openalex.org/W2058236013,1,1,0,,0
https://openalex.org/W2058256644,7,7,1,KR,0
https://openalex.org/W2058257298,4,4,1,CN,0
https://openalex.org/W2058262751,10,12,1,TW,0
https://openalex.org/W2058286525,4,6,1,US,0
https://openalex.org/W2058286838,10,13,2,"KR,US",1
https://openalex.org/W2058308359,2,2,1,SY,0
https://openalex.org/W2058317512,4,4,1,US,0
https://openalex.org/W2058329417,3,3,1,RU,0
https://openalex.org/W2058342878,6,7,3,"CA,GB,US",1
https://openalex.org/W2058356150,9,13,1,US,0
https://openalex.org/W2058384785,10,10,1,JP,0
https://openalex.org/W2058386651,2,2,1,BE,0
https://openalex.org/W2058421742,4,4,1,HR,0
https://openalex.org/W2058426014,10,16,1,IT,0
https://openalex.org/W2058426506,4,4,1,BR,0
https://openalex.org/W2058437336,6,7,1,CN,0
https://openalex.org/W2058465139,4,5,1,CN,0
https://openalex.org/W2058485845,6,6,1,CN,0
https://openalex.org/W2058497986,3,3,1,IR,0
https://openalex.org/W2058513175,5,7,1,JP,0
https://openalex.org/W2058517036,6,7,2,"DE,JP",1
https://openalex.org/W2058520761,1,1,0,,0
https://openalex.org/W2058574940,3,3,1,RU,0
https://openalex.org/W2058595060,2,2,2,"US,ZA",1
https://openalex.org/W2058597428,4,5,1,BR,0
https://openalex.org/W2058605939,3,3,1,RU,0
https://openalex.org/W2058641711,3,3,1,CN,0
https://openalex.org/W2058644479,2,2,1,JP,0
https://openalex.org/W2058649880,7,7,1,KR,0
https://openalex.org/W2058651648,5,5,1,FR,0
https://openalex.org/W2058670645,5,5,1,FI,0
https://openalex.org/W2058706741,2,3,2,"NL,SI",1
https://openalex.org/W2058712722,7,7,2,"FR,IT",1
https://openalex.org/W2058713292,2,2,1,IN,0
https://openalex.org/W2058727696,1,1,0,,0
https://openalex.org/W2058727928,6,6,2,"AU,IL",1
https://openalex.org/W2058735845,3,3,1,JP,0
https://openalex.org/W2058748061,3,7,1,FR,0
https://openalex.org/W2058756881,5,5,1,KR,0
https://openalex.org/W2058768022,4,4,2,"MX,US",1
https://openalex.org/W2058778083,4,4,2,"IN,JP",1
https://openalex.org/W2058789380,3,4,1,CN,0
https://openalex.org/W2058813178,6,6,2,"FR,US",1
https://openalex.org/W2058821308,2,2,1,CN,0
https://openalex.org/W2058842221,4,4,1,TW,0
https://openalex.org/W2058885379,1,1,0,,0
https://openalex.org/W2058893488,5,5,1,KR,0
https://openalex.org/W2058897034,3,3,1,IT,0
https://openalex.org/W2058932050,4,4,1,CN,0
https://openalex.org/W2058962955,3,3,1,DE,0
https://openalex.org/W2058971340,3,3,0,,0
https://openalex.org/W2058977882,6,6,1,KR,0
https://openalex.org/W2059013417,2,2,1,TW,0
https://openalex.org/W2059024703,2,2,1,IN,0
https://openalex.org/W2059047016,7,7,1,IT,0
https://openalex.org/W2059064614,3,3,1,IN,0
https://openalex.org/W2059065350,6,6,1,DE,0
https://openalex.org/W2059075924,6,6,1,DE,0
https://openalex.org/W2059095065,5,5,1,ES,0
https://openalex.org/W2059099067,6,6,2,"CH,DE",1
https://openalex.org/W2059199993,5,5,1,JP,0
https://openalex.org/W2059225820,4,6,1,IT,0
https://openalex.org/W2059238870,5,5,1,CN,0
https://openalex.org/W2059242013,4,4,1,KR,0
https://openalex.org/W2059249646,3,3,2,"DK,US",1
https://openalex.org/W2059258688,4,5,1,CN,0
https://openalex.org/W2059282498,3,3,1,JP,0
https://openalex.org/W2059342960,4,6,1,CN,0
https://openalex.org/W2059351788,4,4,1,RU,0
https://openalex.org/W2059354965,5,5,1,SG,0
https://openalex.org/W2059369291,4,4,1,TW,0
https://openalex.org/W2059379656,6,6,1,MY,0
https://openalex.org/W2059382880,7,10,3,"DE,GR,IT",1
https://openalex.org/W2059407095,5,5,1,JP,0
https://openalex.org/W2059409411,16,20,3,"BE,JP,TW",1
https://openalex.org/W2059423969,4,8,2,"CN,FR",1
https://openalex.org/W2059430501,4,5,2,"CN,US",1
https://openalex.org/W2059438525,5,6,2,"CN,US",1
https://openalex.org/W2059439381,5,5,1,KR,0
https://openalex.org/W2059449137,2,2,1,IN,0
https://openalex.org/W2059459719,3,3,1,CN,0
https://openalex.org/W2059483986,3,3,2,"BE,RO",1
https://openalex.org/W2059532898,3,3,1,DE,0
https://openalex.org/W2059572708,3,5,1,BR,0
https://openalex.org/W2059585269,8,12,2,"CN,HK",1
https://openalex.org/W2059585859,8,9,1,CN,0
https://openalex.org/W2059587742,5,5,1,CN,0
https://openalex.org/W2059590783,5,6,2,"TW,US",1
https://openalex.org/W2059597247,7,8,1,CN,0
https://openalex.org/W2059628334,4,4,1,JP,0
https://openalex.org/W2059630687,5,5,1,KR,0
https://openalex.org/W2059631481,6,8,1,IN,0
https://openalex.org/W2059639360,2,2,1,GB,0
https://openalex.org/W2059647589,2,2,1,US,0
https://openalex.org/W2059652894,1,1,0,,0
https://openalex.org/W2059666208,4,4,1,CN,0
https://openalex.org/W2059670896,3,3,1,IR,0
https://openalex.org/W2059679081,7,12,1,US,0
https://openalex.org/W2059713792,3,3,1,JP,0
https://openalex.org/W2059714459,4,4,1,DE,0
https://openalex.org/W2059715250,1,1,0,,0
https://openalex.org/W2059728942,10,10,1,IN,0
https://openalex.org/W2059743359,6,6,1,CN,0
https://openalex.org/W2059747007,4,4,1,JP,0
https://openalex.org/W2059756492,5,8,3,"AU,IT,US",1
https://openalex.org/W2059765945,16,16,1,RU,0
https://openalex.org/W2059778805,8,8,1,KR,0
https://openalex.org/W2059784847,7,8,1,CH,0
https://openalex.org/W2059785720,3,6,1,CN,0
https://openalex.org/W2059794598,4,4,1,IL,0
https://openalex.org/W2059801845,2,4,1,CN,0
https://openalex.org/W2059814516,5,10,1,CN,0
https://openalex.org/W2059817274,7,7,1,US,0
https://openalex.org/W2059833339,3,3,1,BR,0
https://openalex.org/W2059833498,5,5,1,CN,0
https://openalex.org/W2059848157,7,7,2,"DE,NL",1
https://openalex.org/W2059856203,3,6,1,CN,0
https://openalex.org/W2059863008,2,2,1,US,0
https://openalex.org/W2059876895,6,9,2,"CH,FR",1
https://openalex.org/W2059885388,2,2,1,DE,0
https://openalex.org/W2059894398,2,3,1,CN,0
https://openalex.org/W2059904171,7,7,3,"KR,RU,US",1
https://openalex.org/W2059921542,6,6,0,,0
https://openalex.org/W2059926029,6,7,2,"FR,JP",1
https://openalex.org/W2059967440,4,4,1,AT,0
https://openalex.org/W2060024961,2,2,1,US,0
https://openalex.org/W2060038096,6,6,1,JP,0
https://openalex.org/W2060056252,3,3,1,MY,0
https://openalex.org/W2060063156,3,3,1,US,0
https://openalex.org/W2060066802,4,4,1,IN,0
https://openalex.org/W2060067779,3,3,1,CN,0
https://openalex.org/W2060070155,3,3,0,,0
https://openalex.org/W2060086321,3,4,1,US,0
https://openalex.org/W2060095090,2,2,1,CA,0
https://openalex.org/W2060097115,5,9,1,FR,0
https://openalex.org/W2060100912,8,8,1,TW,0
https://openalex.org/W2060144078,4,4,2,"DE,PL",1
https://openalex.org/W2060188929,5,5,2,"ES,PT",1
https://openalex.org/W2060214662,8,8,1,GB,0
https://openalex.org/W2060247302,3,5,2,"ES,IT",1
https://openalex.org/W2060253568,5,5,1,CN,0
https://openalex.org/W2060254782,3,3,1,CN,0
https://openalex.org/W2060255570,10,10,1,JP,0
https://openalex.org/W2060267537,3,3,1,US,0
https://openalex.org/W2060278426,4,4,1,DE,0
https://openalex.org/W2060291707,2,3,1,CA,0
https://openalex.org/W2060294425,5,5,1,JP,0
https://openalex.org/W2060311655,11,11,1,CN,0
https://openalex.org/W2060312913,9,15,2,"ES,IE",1
https://openalex.org/W2060335835,3,3,1,IR,0
https://openalex.org/W2060339946,7,7,1,KR,0
https://openalex.org/W2060350715,3,3,1,IN,0
https://openalex.org/W2060359761,6,6,2,"CA,JP",1
https://openalex.org/W2060366184,3,3,1,IN,0
https://openalex.org/W2060396574,5,5,1,CN,0
https://openalex.org/W2060411209,7,8,1,RO,0
https://openalex.org/W2060469649,2,2,1,US,0
https://openalex.org/W2060554072,17,19,2,"BE,NL",1
https://openalex.org/W2060568375,4,4,1,DK,0
https://openalex.org/W2060616443,1,1,0,,0
https://openalex.org/W2060621643,3,3,1,GB,0
https://openalex.org/W2060634323,4,4,2,"TW,US",1
https://openalex.org/W2060639662,2,2,1,AU,0
https://openalex.org/W2060754151,3,6,1,RU,0
https://openalex.org/W2060782423,6,8,1,TW,0
https://openalex.org/W2060817885,3,3,0,,0
https://openalex.org/W2060896356,2,2,2,"CN,US",1
https://openalex.org/W2060937770,3,3,1,RU,0
https://openalex.org/W2060942122,1,1,0,,0
https://openalex.org/W2060949621,5,5,2,"KR,US",1
https://openalex.org/W2060952860,5,5,1,KR,0
https://openalex.org/W2060953192,4,4,1,JP,0
https://openalex.org/W2060953613,9,9,2,"DE,NL",1
https://openalex.org/W2060968998,3,3,1,KR,0
https://openalex.org/W2060971004,4,4,1,GB,0
https://openalex.org/W2060984342,3,3,1,ES,0
https://openalex.org/W2060996984,3,3,2,"EG,US",1
https://openalex.org/W2061025206,3,3,3,"DE,IL,UA",1
https://openalex.org/W2061035498,10,10,1,KR,0
https://openalex.org/W2061052927,2,2,1,CN,0
https://openalex.org/W2061065039,6,8,2,"CN,US",1
https://openalex.org/W2061103517,3,3,1,JP,0
https://openalex.org/W2061107733,5,5,1,JP,0
https://openalex.org/W2061119860,6,6,1,CN,0
https://openalex.org/W2061131567,4,4,1,DE,0
https://openalex.org/W2061154875,6,7,2,"CZ,PT",1
https://openalex.org/W2061164861,3,3,1,DE,0
https://openalex.org/W2061177872,11,11,1,JP,0
https://openalex.org/W2061179290,4,4,0,,0
https://openalex.org/W2061194774,3,3,1,DE,0
https://openalex.org/W2061201625,3,3,1,US,0
https://openalex.org/W2061216910,3,3,1,KR,0
https://openalex.org/W2061217231,5,5,1,TW,0
https://openalex.org/W2061247536,3,3,1,US,0
https://openalex.org/W2061258400,6,6,1,CN,0
https://openalex.org/W2061272596,8,8,2,"IT,RU",1
https://openalex.org/W2061289544,2,2,1,CN,0
https://openalex.org/W2061297626,5,5,1,CN,0
https://openalex.org/W2061318041,3,3,1,US,0
https://openalex.org/W2061319838,2,2,1,TW,0
https://openalex.org/W2061323138,17,32,4,"CH,FR,GB,JP",1
https://openalex.org/W2061345200,6,6,1,US,0
https://openalex.org/W2061351471,2,3,1,IT,0
https://openalex.org/W2061358082,1,1,0,,0
https://openalex.org/W2061358347,6,10,1,FR,0
https://openalex.org/W2061406737,3,3,1,PL,0
https://openalex.org/W2061467495,3,3,1,CN,0
https://openalex.org/W2061515462,2,3,1,SI,0
https://openalex.org/W2061515941,6,6,2,"CN,GB",1
https://openalex.org/W2061521169,9,9,1,DE,0
https://openalex.org/W2061554613,4,4,1,GB,0
https://openalex.org/W2061581943,4,4,1,CN,0
https://openalex.org/W2061599988,1,1,0,,0
https://openalex.org/W2061633194,4,5,1,JP,0
https://openalex.org/W2061674319,1,1,0,,0
https://openalex.org/W2061685188,3,5,1,CN,0
https://openalex.org/W2061688648,5,5,1,KR,0
https://openalex.org/W2061688733,6,8,1,US,0
https://openalex.org/W2061710361,7,8,1,FR,0
https://openalex.org/W2061711364,3,3,1,US,0
https://openalex.org/W2061734918,2,2,1,US,0
https://openalex.org/W2061735219,4,5,1,TW,0
https://openalex.org/W2061737966,4,4,1,KR,0
https://openalex.org/W2061804339,4,4,1,CN,0
https://openalex.org/W2061820058,4,4,1,EG,0
https://openalex.org/W2061829082,15,21,3,"DE,ES,FR",1
https://openalex.org/W2061845986,7,14,1,ES,0
https://openalex.org/W2061878498,5,5,1,DE,0
https://openalex.org/W2061889399,11,11,2,"RO,US",1
https://openalex.org/W2061907183,4,4,1,DE,0
https://openalex.org/W2061913018,4,4,1,CN,0
https://openalex.org/W2061934708,6,22,1,FR,0
https://openalex.org/W2061946384,7,7,1,RU,0
https://openalex.org/W2061961997,2,2,1,TW,0
https://openalex.org/W2062002669,3,3,2,"RU,US",1
https://openalex.org/W2062012234,3,3,1,US,0
https://openalex.org/W2062071398,4,8,1,US,0
https://openalex.org/W2062075964,4,4,1,RU,0
https://openalex.org/W2062083050,1,1,0,,0
https://openalex.org/W2062095121,4,4,1,MY,0
https://openalex.org/W2062123367,2,2,1,EG,0
https://openalex.org/W2062136894,3,3,1,CN,0
https://openalex.org/W2062139290,2,2,1,SG,0
https://openalex.org/W2062151369,3,3,1,CZ,0
https://openalex.org/W2062156098,4,6,1,CN,0
https://openalex.org/W2062157541,3,4,1,SG,0
https://openalex.org/W2062166435,3,3,2,"ES,US",1
https://openalex.org/W2062168722,7,7,2,"ES,GB",1
https://openalex.org/W2062178710,3,3,0,,0
https://openalex.org/W2062182874,4,4,2,"CU,GB",1
https://openalex.org/W2062186733,1,1,0,,0
https://openalex.org/W2062270296,5,5,1,BR,0
https://openalex.org/W2062273967,4,4,1,CN,0
https://openalex.org/W2062303366,6,6,1,CN,0
https://openalex.org/W2062311267,3,4,1,CN,0
https://openalex.org/W2062339561,4,5,3,"CH,GB,US",1
https://openalex.org/W2062369313,5,5,1,JP,0
https://openalex.org/W2062391186,4,4,1,KR,0
https://openalex.org/W2062403587,1,1,0,,0
https://openalex.org/W2062454017,8,9,1,DE,0
https://openalex.org/W2062457457,3,3,1,KR,0
https://openalex.org/W2062492964,2,2,1,US,0
https://openalex.org/W2062516807,9,9,1,ES,0
https://openalex.org/W2062536452,6,7,1,CN,0
https://openalex.org/W2062555309,3,3,1,JP,0
https://openalex.org/W2062555977,6,6,1,US,0
https://openalex.org/W2062581908,8,40,2,"JP,KR",1
https://openalex.org/W2062582295,5,5,1,TW,0
https://openalex.org/W2062600975,2,2,1,KR,0
https://openalex.org/W2062608939,2,2,1,US,0
https://openalex.org/W2062610748,2,2,1,SI,0
https://openalex.org/W2062618323,4,5,1,US,0
https://openalex.org/W2062640901,4,4,1,DE,0
https://openalex.org/W2062643180,8,8,2,"DE,TN",1
https://openalex.org/W2062666681,4,5,2,"CN,US",1
https://openalex.org/W2062682074,4,4,1,CA,0
https://openalex.org/W2062712646,2,2,0,,0
https://openalex.org/W2062720878,2,2,1,CN,0
https://openalex.org/W2062724857,1,1,0,,0
https://openalex.org/W2062750363,1,1,0,,0
https://openalex.org/W2062796202,6,6,1,CH,0
https://openalex.org/W2062797682,2,2,1,CN,0
https://openalex.org/W2062803479,3,3,1,CN,0
https://openalex.org/W2062834074,7,8,1,CN,0
https://openalex.org/W2062840241,21,21,5,"BE,FR,JP,NL,US",1
https://openalex.org/W2062849137,3,3,1,IN,0
https://openalex.org/W2062853589,7,7,1,JP,0
https://openalex.org/W2062860694,4,4,1,IR,0
https://openalex.org/W2062861518,7,8,2,"KR,US",1
https://openalex.org/W2062864638,4,7,1,PL,0
https://openalex.org/W2062889099,4,4,1,CN,0
https://openalex.org/W2062917324,4,4,1,DE,0
https://openalex.org/W2062920411,1,1,0,,0
https://openalex.org/W2062929444,4,8,1,BR,0
https://openalex.org/W2062949741,6,12,1,CN,0
https://openalex.org/W2062958165,5,5,1,KR,0
https://openalex.org/W2062960253,6,6,1,GB,0
https://openalex.org/W2062979675,3,6,1,NZ,0
https://openalex.org/W2062982653,5,5,2,"JP,KR",1
https://openalex.org/W2062992182,3,3,1,TW,0
https://openalex.org/W2062992878,5,6,1,CN,0
https://openalex.org/W2062994334,7,9,1,KR,0
https://openalex.org/W2063009303,4,4,2,"IN,US",1
https://openalex.org/W2063016329,3,3,1,IN,0
https://openalex.org/W2063026624,7,7,1,CN,0
https://openalex.org/W2063027757,6,6,1,CN,0
https://openalex.org/W2063049122,6,6,1,KR,0
https://openalex.org/W2063054397,5,5,1,PK,0
https://openalex.org/W2063114096,1,1,0,,0
https://openalex.org/W2063139385,6,6,2,"JP,US",1
https://openalex.org/W2063158310,9,9,2,"KR,US",1
https://openalex.org/W2063190423,2,2,1,GB,0
https://openalex.org/W2063208211,6,6,2,"DE,FR",1
https://openalex.org/W2063230823,6,7,2,"LT,US",1
https://openalex.org/W2063247984,23,28,6,"DE,ES,FR,GB,JP,US",1
https://openalex.org/W2063256803,4,4,1,IE,0
https://openalex.org/W2063259383,7,7,1,US,0
https://openalex.org/W2063259878,4,4,1,FI,0
https://openalex.org/W2063274978,4,4,2,"FR,RU",1
https://openalex.org/W2063277795,2,2,2,"RU,US",1
https://openalex.org/W2063278583,5,5,1,IT,0
https://openalex.org/W2063283259,1,1,0,,0
https://openalex.org/W2063288466,7,7,1,AU,0
https://openalex.org/W2063299647,4,7,1,NL,0
https://openalex.org/W2063300508,7,7,2,"CN,JP",1
https://openalex.org/W2063313035,4,4,0,,0
https://openalex.org/W2063329147,2,2,1,US,0
https://openalex.org/W2063350695,5,5,1,FI,0
https://openalex.org/W2063351564,4,4,1,US,0
https://openalex.org/W2063351715,4,4,1,CN,0
https://openalex.org/W2063362151,2,2,1,CN,0
https://openalex.org/W2063371608,4,4,1,CN,0
https://openalex.org/W2063381573,5,25,1,FR,0
https://openalex.org/W2063383290,4,4,1,BR,0
https://openalex.org/W2063383450,7,7,1,TW,0
https://openalex.org/W2063395309,4,4,1,CN,0
https://openalex.org/W2063397007,5,5,1,CN,0
https://openalex.org/W2063404029,1,1,0,,0
https://openalex.org/W2063405968,6,6,2,"DK,GB",1
https://openalex.org/W2063413791,4,4,1,US,0
https://openalex.org/W2063414703,5,5,1,TW,0
https://openalex.org/W2063418208,1,1,0,,0
https://openalex.org/W2063423873,4,4,1,PL,0
https://openalex.org/W2063428289,3,3,1,CN,0
https://openalex.org/W2063434401,6,6,1,CN,0
https://openalex.org/W2063443993,4,5,1,CN,0
https://openalex.org/W2063452672,3,3,1,TH,0
https://openalex.org/W2063467157,2,4,1,PT,0
https://openalex.org/W2063484577,2,2,1,KR,0
https://openalex.org/W2063494982,1,2,0,,0
https://openalex.org/W2063529899,3,3,1,US,0
https://openalex.org/W2063531929,6,6,1,HK,0
https://openalex.org/W2063558632,4,4,2,"FR,SE",1
https://openalex.org/W2063575144,6,6,1,CN,0
https://openalex.org/W2063575191,5,5,1,ES,0
https://openalex.org/W2063578098,2,4,1,CN,0
https://openalex.org/W2063583375,7,7,1,JP,0
https://openalex.org/W2063592120,4,4,1,ES,0
https://openalex.org/W2063615402,1,1,0,,0
https://openalex.org/W2063643440,4,4,1,BR,0
https://openalex.org/W2063653993,5,5,1,EE,0
https://openalex.org/W2063664064,7,7,3,"CA,DE,FR",1
https://openalex.org/W2063685754,3,3,1,NZ,0
https://openalex.org/W2063717063,4,5,1,CN,0
https://openalex.org/W2063720911,9,9,2,"ES,SE",1
https://openalex.org/W2063735737,4,4,1,IT,0
https://openalex.org/W2063746099,5,5,1,IT,0
https://openalex.org/W2063749588,3,3,2,"CN,US",1
https://openalex.org/W2063773158,2,2,1,GB,0
https://openalex.org/W2063813291,3,3,2,"MY,RO",1
https://openalex.org/W2063815212,3,3,1,US,0
https://openalex.org/W2063821048,4,4,1,KR,0
https://openalex.org/W2063864766,5,15,1,FR,0
https://openalex.org/W2063869288,3,3,1,KR,0
https://openalex.org/W2063882146,6,10,2,"MW,ZA",1
https://openalex.org/W2063902642,8,8,1,JP,0
https://openalex.org/W2063914147,4,6,1,CN,0
https://openalex.org/W2063920462,3,3,1,US,0
https://openalex.org/W2063982705,1,1,0,,0
https://openalex.org/W2064028569,1,1,0,,0
https://openalex.org/W2064030704,18,18,2,"KR,US",1
https://openalex.org/W2064073058,3,3,1,CN,0
https://openalex.org/W2064084593,7,7,1,CN,0
https://openalex.org/W2064090989,3,3,1,KR,0
https://openalex.org/W2064111869,3,3,1,US,0
https://openalex.org/W2064127751,6,6,0,,0
https://openalex.org/W2064146998,4,4,1,IN,0
https://openalex.org/W2064148878,5,5,2,"TW,US",1
https://openalex.org/W2064226163,2,2,1,US,0
https://openalex.org/W2064230021,1,1,0,,0
https://openalex.org/W2064246144,5,5,0,,0
https://openalex.org/W2064272340,9,9,4,"BY,CA,GB,US",1
https://openalex.org/W2064276599,1,1,0,,0
https://openalex.org/W2064282347,4,4,1,JP,0
https://openalex.org/W2064300395,4,4,1,CN,0
https://openalex.org/W2064315775,4,5,2,"CN,DE",1
https://openalex.org/W2064322009,6,6,1,CN,0
https://openalex.org/W2064324943,1,1,0,,0
https://openalex.org/W2064325042,6,6,1,TW,0
https://openalex.org/W2064356941,3,3,2,"DE,US",1
https://openalex.org/W2064392472,5,5,1,JP,0
https://openalex.org/W2064395648,2,2,1,US,0
https://openalex.org/W2064405561,8,8,2,"BE,KR",1
https://openalex.org/W2064418089,3,9,1,FR,0
https://openalex.org/W2064433024,5,5,1,IN,0
https://openalex.org/W2064445219,3,3,1,GB,0
https://openalex.org/W2064453707,3,3,1,CN,0
https://openalex.org/W2064469361,2,2,1,CN,0
https://openalex.org/W2064478086,3,6,1,CN,0
https://openalex.org/W2064485361,4,4,1,JP,0
https://openalex.org/W2064504769,3,3,1,CN,0
https://openalex.org/W2064508484,5,6,2,"EG,SA",1
https://openalex.org/W2064509740,8,8,2,"CH,DE",1
https://openalex.org/W2064510059,2,2,0,,0
https://openalex.org/W2064546915,2,2,1,RU,0
https://openalex.org/W2064546972,1,2,0,,0
https://openalex.org/W2064550737,5,5,1,JP,0
https://openalex.org/W2064587895,4,5,1,DE,0
https://openalex.org/W2064597923,4,4,1,RU,0
https://openalex.org/W2064647203,4,16,1,FR,0
https://openalex.org/W2064654191,5,5,1,US,0
https://openalex.org/W2064656911,2,2,1,AU,0
https://openalex.org/W2064690652,3,3,1,CN,0
https://openalex.org/W2064742319,5,5,1,US,0
https://openalex.org/W2064746750,9,9,1,RU,0
https://openalex.org/W2064749020,5,5,1,IT,0
https://openalex.org/W2064767292,5,5,1,KR,0
https://openalex.org/W2064781196,4,4,1,CN,0
https://openalex.org/W2064804818,6,7,2,"AU,IE",1
https://openalex.org/W2064805644,4,4,1,PL,0
https://openalex.org/W2064809311,6,10,1,CN,0
https://openalex.org/W2064841960,2,2,1,JP,0
https://openalex.org/W2064847708,3,3,1,TW,0
https://openalex.org/W2064863934,4,4,1,KR,0
https://openalex.org/W2064883419,4,4,1,HK,0
https://openalex.org/W2064899011,1,1,0,,0
https://openalex.org/W2064910340,3,3,1,CN,0
https://openalex.org/W2064913483,10,10,3,"ES,FR,IT",1
https://openalex.org/W2064930043,8,13,1,CN,0
https://openalex.org/W2064954449,7,7,2,"DE,UA",1
https://openalex.org/W2064987511,5,5,4,"CA,DE,GB,US",1
https://openalex.org/W2065016260,5,5,1,IR,0
https://openalex.org/W2065028649,5,5,1,US,0
https://openalex.org/W2065032564,6,7,1,US,0
https://openalex.org/W2065035978,5,5,1,BR,0
https://openalex.org/W2065044823,14,15,4,"AR,BR,ES,FR",1
https://openalex.org/W2065058499,8,8,1,JP,0
https://openalex.org/W2065073126,7,7,1,JP,0
https://openalex.org/W2065087692,5,5,1,CN,0
https://openalex.org/W2065092971,3,3,1,RU,0
https://openalex.org/W2065107235,5,5,1,JP,0
https://openalex.org/W2065116178,3,3,1,IN,0
https://openalex.org/W2065125225,4,5,1,CN,0
https://openalex.org/W2065187284,3,5,1,CN,0
https://openalex.org/W2065192554,8,8,1,KR,0
https://openalex.org/W2065218604,3,3,1,CN,0
https://openalex.org/W2065222945,3,6,1,CN,0
https://openalex.org/W2065239354,3,3,1,BE,0
https://openalex.org/W2065257127,5,5,1,JP,0
https://openalex.org/W2065302890,19,20,1,JP,0
https://openalex.org/W2065321135,3,3,2,"TW,US",1
https://openalex.org/W2065338282,5,5,1,MY,0
https://openalex.org/W2065355782,4,4,1,MY,0
https://openalex.org/W2065375040,3,3,1,JP,0
https://openalex.org/W2065394465,3,5,1,PL,0
https://openalex.org/W2065400299,5,10,1,CN,0
https://openalex.org/W2065411270,7,7,3,"CN,DE,US",1
https://openalex.org/W2065417965,4,4,1,GB,0
https://openalex.org/W2065420496,8,8,2,"CN,SG",1
https://openalex.org/W2065423456,2,2,1,GB,0
https://openalex.org/W2065436452,4,8,1,CN,0
https://openalex.org/W2065444188,4,4,1,DK,0
https://openalex.org/W2065465611,5,5,1,US,0
https://openalex.org/W2065488869,2,2,1,CA,0
https://openalex.org/W2065499639,3,3,1,FI,0
https://openalex.org/W2065502957,4,4,1,TW,0
https://openalex.org/W2065506208,7,7,1,CN,0
https://openalex.org/W2065516625,3,6,1,FR,0
https://openalex.org/W2065529712,5,6,2,"BR,CO",1
https://openalex.org/W2065534646,7,7,1,KR,0
https://openalex.org/W2065539291,5,5,2,"DE,IT",1
https://openalex.org/W2065565022,5,5,1,DE,0
https://openalex.org/W2065580860,8,8,1,KR,0
https://openalex.org/W2065632032,6,6,1,US,0
https://openalex.org/W2065636556,5,22,1,FR,0
https://openalex.org/W2065659779,6,6,1,IN,0
https://openalex.org/W2065676811,3,3,1,IN,0
https://openalex.org/W2065677628,6,7,1,CN,0
https://openalex.org/W2065698022,7,7,1,DE,0
https://openalex.org/W2065698532,7,28,1,FR,0
https://openalex.org/W2065700660,7,7,1,CN,0
https://openalex.org/W2065707783,3,3,1,IN,0
https://openalex.org/W2065712716,12,12,1,CN,0
https://openalex.org/W2065745878,9,9,1,IT,0
https://openalex.org/W2065746927,2,2,1,CN,0
https://openalex.org/W2065748148,3,3,1,CA,0
https://openalex.org/W2065758831,8,8,1,CN,0
https://openalex.org/W2065774501,6,6,1,PK,0
https://openalex.org/W2065781078,2,2,1,GB,0
https://openalex.org/W2065784504,6,6,2,"IE,US",1
https://openalex.org/W2065804863,8,8,3,"BE,FR,US",1
https://openalex.org/W2065816430,2,2,1,CN,0
https://openalex.org/W2065827354,6,6,2,"BG,GB",1
https://openalex.org/W2065838372,3,3,1,JP,0
https://openalex.org/W2065839206,3,3,1,IN,0
https://openalex.org/W2065849446,9,11,1,JP,0
https://openalex.org/W2065881074,4,4,1,CN,0
https://openalex.org/W2065887999,3,3,2,"JP,KR",1
https://openalex.org/W2065902775,5,5,2,"JP,US",1
https://openalex.org/W2065910002,4,4,1,CA,0
https://openalex.org/W2065943246,5,5,1,TW,0
https://openalex.org/W2065974255,4,4,1,KR,0
https://openalex.org/W2065975590,2,2,1,JP,0
https://openalex.org/W2065980206,14,14,1,US,0
https://openalex.org/W2066005330,4,4,1,US,0
https://openalex.org/W2066009034,4,8,2,"DZ,FR",1
https://openalex.org/W2066019958,2,2,1,CN,0
https://openalex.org/W2066030020,7,7,1,ES,0
https://openalex.org/W2066032301,1,1,0,,0
https://openalex.org/W2066046850,5,5,1,JP,0
https://openalex.org/W2066057940,7,7,2,"AU,CH",1
https://openalex.org/W2066064233,5,6,2,"TW,US",1
https://openalex.org/W2066085360,7,7,1,JP,0
https://openalex.org/W2066102846,2,2,1,IN,0
https://openalex.org/W2066103542,4,5,1,BR,0
https://openalex.org/W2066121853,4,4,1,BR,0
https://openalex.org/W2066133031,10,11,1,JP,0
https://openalex.org/W2066169327,6,6,1,CN,0
https://openalex.org/W2066180187,6,6,2,"CN,DE",1
https://openalex.org/W2066212516,4,4,1,TW,0
https://openalex.org/W2066213865,3,3,0,,0
https://openalex.org/W2066216993,4,8,1,CN,0
https://openalex.org/W2066240681,5,5,4,"AU,FR,IN,PL",1
https://openalex.org/W2066241721,1,1,0,,0
https://openalex.org/W2066244061,1,1,0,,0
https://openalex.org/W2066258211,3,3,1,CN,0
https://openalex.org/W2066261879,5,5,1,CN,0
https://openalex.org/W2066263575,3,3,1,KR,0
https://openalex.org/W2066277176,16,16,1,JP,0
https://openalex.org/W2066280257,8,29,2,"DE,GR",1
https://openalex.org/W2066297200,7,7,2,"CN,TW",1
https://openalex.org/W2066317305,9,9,1,RS,0
https://openalex.org/W2066319937,5,10,1,CN,0
https://openalex.org/W2066350619,3,4,2,"DE,IT",1
https://openalex.org/W2066353536,9,27,3,"CN,HK,US",1
https://openalex.org/W2066356292,8,20,1,FR,0
https://openalex.org/W2066373584,5,6,1,TW,0
https://openalex.org/W2066417548,2,2,1,JP,0
https://openalex.org/W2066427814,2,2,1,IN,0
https://openalex.org/W2066464393,2,2,1,AU,0
https://openalex.org/W2066471339,3,5,1,US,0
https://openalex.org/W2066530708,2,2,1,US,0
https://openalex.org/W2066535113,7,7,1,FR,0
https://openalex.org/W2066540572,2,2,1,JP,0
https://openalex.org/W2066558935,4,4,1,GB,0
https://openalex.org/W2066564396,6,6,1,CN,0
https://openalex.org/W2066572252,3,3,0,,0
https://openalex.org/W2066596534,6,6,1,TW,0
https://openalex.org/W2066655190,2,2,1,US,0
https://openalex.org/W2066685510,3,3,1,IN,0
https://openalex.org/W2066727808,4,4,1,TW,0
https://openalex.org/W2066733044,3,3,1,JP,0
https://openalex.org/W2066739245,8,14,2,"CN,GB",1
https://openalex.org/W2066746909,2,2,1,GB,0
https://openalex.org/W2066789633,5,6,1,GB,0
https://openalex.org/W2066825939,4,5,2,"DE,IN",1
https://openalex.org/W2066864530,5,14,3,"BE,CH,FR",1
https://openalex.org/W2066873177,2,2,1,TW,0
https://openalex.org/W2066895255,3,3,1,AU,0
https://openalex.org/W2066896725,6,6,3,"BE,IT,RO",1
https://openalex.org/W2066907048,6,7,1,CN,0
https://openalex.org/W2066914257,2,2,1,IR,0
https://openalex.org/W2066918089,4,4,3,"DZ,GB,US",1
https://openalex.org/W2066921057,3,3,1,JP,0
https://openalex.org/W2066926943,6,6,1,CN,0
https://openalex.org/W2066936736,5,6,1,CN,0
https://openalex.org/W2066963621,2,2,1,KR,0
https://openalex.org/W2066967375,5,6,1,SG,0
https://openalex.org/W2066982908,5,5,2,"RU,US",1
https://openalex.org/W2067019454,4,4,1,US,0
https://openalex.org/W2067034393,2,2,1,US,0
https://openalex.org/W2067075332,1,1,0,,0
https://openalex.org/W2067082423,3,6,1,RU,0
https://openalex.org/W2067103545,5,8,1,HU,0
https://openalex.org/W2067110451,6,12,1,FR,0
https://openalex.org/W2067134333,4,4,1,IN,0
https://openalex.org/W2067151438,1,1,0,,0
https://openalex.org/W2067155642,2,2,1,IR,0
https://openalex.org/W2067164276,4,5,1,AU,0
https://openalex.org/W2067192168,3,3,1,MY,0
https://openalex.org/W2067219327,1,1,0,,0
https://openalex.org/W2067225284,1,1,0,,0
https://openalex.org/W2067242266,6,6,1,CN,0
https://openalex.org/W2067273229,3,3,1,TR,0
https://openalex.org/W2067313136,11,22,2,"DZ,FR",1
https://openalex.org/W2067314870,7,7,1,JP,0
https://openalex.org/W2067322680,2,2,1,JP,0
https://openalex.org/W2067322886,7,10,1,CN,0
https://openalex.org/W2067326962,3,3,2,"BE,EG",1
https://openalex.org/W2067365109,2,3,1,IR,0
https://openalex.org/W2067394496,1,1,0,,0
https://openalex.org/W2067405082,3,3,1,GB,0
https://openalex.org/W2067407730,2,2,1,CA,0
https://openalex.org/W2067412256,3,3,2,"NZ,US",1
https://openalex.org/W2067425234,3,3,1,RU,0
https://openalex.org/W2067453763,10,19,4,"BE,DE,GB,NL",1
https://openalex.org/W2067480043,2,2,1,IN,0
https://openalex.org/W2067496824,8,8,1,DE,0
https://openalex.org/W2067508817,2,2,1,JP,0
https://openalex.org/W2067552755,6,13,1,DE,0
https://openalex.org/W2067575738,4,5,1,VE,0
https://openalex.org/W2067589632,5,6,1,CN,0
https://openalex.org/W2067633513,2,2,0,,0
https://openalex.org/W2067640621,7,7,1,UA,0
https://openalex.org/W2067665302,2,2,1,GB,0
https://openalex.org/W2067686743,4,9,1,CN,0
https://openalex.org/W2067694684,3,3,1,TW,0
https://openalex.org/W2067701616,3,6,1,CN,0
https://openalex.org/W2067757618,2,4,1,DE,0
https://openalex.org/W2067780789,2,2,1,GB,0
https://openalex.org/W2067807654,5,5,1,CA,0
https://openalex.org/W2067811066,3,3,1,DE,0
https://openalex.org/W2067882330,8,8,1,CN,0
https://openalex.org/W2067894003,4,4,1,KR,0
https://openalex.org/W2067898796,3,3,1,RO,0
https://openalex.org/W2067908494,2,2,1,KR,0
https://openalex.org/W2067934084,2,2,1,US,0
https://openalex.org/W2067944625,7,7,1,GB,0
https://openalex.org/W2067951656,7,7,1,CN,0
https://openalex.org/W2067954231,5,15,1,US,0
https://openalex.org/W2068015128,4,4,1,HK,0
https://openalex.org/W2068033719,6,6,1,CN,0
https://openalex.org/W2068045770,4,4,0,,0
https://openalex.org/W2068047573,3,3,1,US,0
https://openalex.org/W2068060362,7,7,2,"CN,GB",1
https://openalex.org/W2068068089,2,2,1,TW,0
https://openalex.org/W2068070269,8,8,1,KR,0
https://openalex.org/W2068074971,4,4,1,CN,0
https://openalex.org/W2068082337,1,1,0,,0
https://openalex.org/W2068089950,1,1,0,,0
https://openalex.org/W2068115049,6,9,3,"DE,IT,KR",1
https://openalex.org/W2068146217,4,4,2,"NO,US",1
https://openalex.org/W2068160413,5,5,1,IN,0
https://openalex.org/W2068197341,8,16,1,CN,0
https://openalex.org/W2068201227,5,5,1,CN,0
https://openalex.org/W2068205773,4,7,1,FR,0
https://openalex.org/W2068220604,5,5,1,JP,0
https://openalex.org/W2068220782,4,6,2,"IL,SE",1
https://openalex.org/W2068285044,5,10,1,CN,0
https://openalex.org/W2068288544,1,1,0,,0
https://openalex.org/W2068289203,6,6,1,CN,0
https://openalex.org/W2068312653,3,3,1,SG,0
https://openalex.org/W2068315551,1,1,0,,0
https://openalex.org/W2068339058,7,7,2,"TR,US",1
https://openalex.org/W2068339262,4,4,1,IN,0
https://openalex.org/W2068361786,9,9,1,KR,0
https://openalex.org/W2068377097,4,5,1,CN,0
https://openalex.org/W2068379299,6,6,1,KR,0
https://openalex.org/W2068397483,2,4,1,DE,0
https://openalex.org/W2068399450,2,2,1,US,0
https://openalex.org/W2068401013,5,5,1,IN,0
https://openalex.org/W2068438243,2,2,1,GB,0
https://openalex.org/W2068462626,4,4,1,TR,0
https://openalex.org/W2068473412,7,7,1,JP,0
https://openalex.org/W2068529528,6,6,1,KR,0
https://openalex.org/W2068536456,2,2,1,CN,0
https://openalex.org/W2068549050,7,7,2,"BE,NL",1
https://openalex.org/W2068557239,1,1,0,,0
https://openalex.org/W2068578883,7,7,3,"CZ,FR,PL",1
https://openalex.org/W2068643116,5,5,1,US,0
https://openalex.org/W2068698734,2,2,1,GB,0
https://openalex.org/W2068711929,6,8,2,"CH,DE",1
https://openalex.org/W2068723815,2,2,1,RU,0
https://openalex.org/W2068728816,5,5,2,"JP,US",1
https://openalex.org/W2068771603,1,1,0,,0
https://openalex.org/W2068785469,4,4,2,"KR,US",1
https://openalex.org/W2068794821,3,3,1,BR,0
https://openalex.org/W2068814899,8,10,2,"IT,US",1
https://openalex.org/W2068851545,9,9,1,JP,0
https://openalex.org/W2068862622,5,5,1,RU,0
https://openalex.org/W2068932812,2,2,1,US,0
https://openalex.org/W2068939819,3,3,1,DE,0
https://openalex.org/W2068943818,3,3,1,IN,0
https://openalex.org/W2068962867,5,6,1,CN,0
https://openalex.org/W2068989899,4,4,1,CN,0
https://openalex.org/W2068991925,5,5,1,CA,0
https://openalex.org/W2068993186,2,2,1,PL,0
https://openalex.org/W2068998158,5,5,1,KR,0
https://openalex.org/W2069008316,3,3,2,"CA,CH",1
https://openalex.org/W2069058029,7,8,2,"CN,SG",1
https://openalex.org/W2069075088,4,4,1,ES,0
https://openalex.org/W2069088169,9,9,1,US,0
https://openalex.org/W2069089164,4,4,0,,0
https://openalex.org/W2069103103,5,5,1,KR,0
https://openalex.org/W2069110562,4,5,1,JP,0
https://openalex.org/W2069125934,5,5,1,JP,0
https://openalex.org/W2069131868,7,7,1,RU,0
https://openalex.org/W2069157832,1,1,0,,0
https://openalex.org/W2069174446,4,4,1,FI,0
https://openalex.org/W2069183089,2,2,1,CA,0
https://openalex.org/W2069185191,4,5,1,CA,0
https://openalex.org/W2069215070,4,4,1,KR,0
https://openalex.org/W2069234591,1,1,0,,0
https://openalex.org/W2069248065,2,2,2,"DE,US",1
https://openalex.org/W2069278276,4,4,1,DE,0
https://openalex.org/W2069299060,5,10,1,CN,0
https://openalex.org/W2069317112,6,6,1,GB,0
https://openalex.org/W2069379165,6,12,1,CN,0
https://openalex.org/W2069400469,2,6,1,FR,0
https://openalex.org/W2069427186,6,6,1,CN,0
https://openalex.org/W2069440382,5,9,1,DE,0
https://openalex.org/W2069472909,2,2,1,IN,0
https://openalex.org/W2069478987,3,6,1,IN,0
https://openalex.org/W2069485186,12,31,1,FR,0
https://openalex.org/W2069490090,3,3,0,,0
https://openalex.org/W2069533275,5,5,1,JP,0
https://openalex.org/W2069553347,5,5,1,JP,0
https://openalex.org/W2069560763,3,3,1,RU,0
https://openalex.org/W2069562036,4,4,1,SE,0
https://openalex.org/W2069584762,6,6,1,CN,0
https://openalex.org/W2069589785,1,1,0,,0
https://openalex.org/W2069628152,11,11,1,FR,0
https://openalex.org/W2069628535,4,12,1,FR,0
https://openalex.org/W2069635499,3,3,1,IN,0
https://openalex.org/W2069670063,8,9,1,US,0
https://openalex.org/W2069670134,9,9,1,US,0
https://openalex.org/W2069679116,3,3,1,US,0
https://openalex.org/W2069709848,4,4,1,IT,0
https://openalex.org/W2069720230,3,3,1,EG,0
https://openalex.org/W2069750289,3,3,1,KR,0
https://openalex.org/W2069753136,5,6,3,"CN,IN,NP",1
https://openalex.org/W2069757422,6,6,1,RU,0
https://openalex.org/W2069774941,3,3,1,US,0
https://openalex.org/W2069815111,3,5,1,CN,0
https://openalex.org/W2069819479,4,4,3,"FR,GB,JO",1
https://openalex.org/W2069822079,4,4,1,TW,0
https://openalex.org/W2069837906,4,4,1,KR,0
https://openalex.org/W2069851428,2,2,1,KR,0
https://openalex.org/W2069872047,5,5,1,CN,0
https://openalex.org/W2069893617,3,3,1,RO,0
https://openalex.org/W2069906476,3,6,1,US,0
https://openalex.org/W2069965478,4,4,1,UZ,0
https://openalex.org/W2069976070,6,7,4,"FI,GB,RU,TW",1
https://openalex.org/W2069990520,4,4,1,CN,0
https://openalex.org/W2070000153,7,8,2,"DE,US",1
https://openalex.org/W2070008564,4,6,1,CN,0
https://openalex.org/W2070110501,5,10,1,US,0
https://openalex.org/W2070113329,3,3,1,MY,0
https://openalex.org/W2070117743,5,5,1,SI,0
https://openalex.org/W2070129204,2,2,1,ES,0
https://openalex.org/W2070136987,5,5,1,JP,0
https://openalex.org/W2070159207,1,1,0,,0
https://openalex.org/W2070168260,9,9,1,DE,0
https://openalex.org/W2070194454,5,5,1,ES,0
https://openalex.org/W2070197044,6,6,1,KR,0
https://openalex.org/W2070202575,8,14,1,RU,0
https://openalex.org/W2070224192,5,5,1,KR,0
https://openalex.org/W2070227552,6,6,0,,0
https://openalex.org/W2070228886,3,3,1,TW,0
https://openalex.org/W2070228981,4,4,1,US,0
https://openalex.org/W2070239828,4,5,1,CN,0
https://openalex.org/W2070240172,13,13,2,"IT,RU",1
https://openalex.org/W2070278691,6,6,1,CN,0
https://openalex.org/W2070308576,2,2,1,RU,0
https://openalex.org/W2070314810,2,2,0,,0
https://openalex.org/W2070334941,5,5,1,CN,0
https://openalex.org/W2070354067,6,6,1,TW,0
https://openalex.org/W2070360101,3,4,1,CN,0
https://openalex.org/W2070394876,2,2,1,CA,0
https://openalex.org/W2070397603,6,6,1,CN,0
https://openalex.org/W2070421439,7,7,0,,0
https://openalex.org/W2070437418,2,2,1,US,0
https://openalex.org/W2070446649,7,7,1,RU,0
https://openalex.org/W2070483026,3,3,1,GB,0
https://openalex.org/W2070484274,5,5,1,IN,0
https://openalex.org/W2070525160,4,4,1,CN,0
https://openalex.org/W2070542949,2,3,1,TW,0
https://openalex.org/W2070553368,2,2,1,RU,0
https://openalex.org/W2070582647,3,3,1,CA,0
https://openalex.org/W2070598884,4,4,3,"GB,UA,US",1
https://openalex.org/W2070612532,4,4,0,,0
https://openalex.org/W2070619347,3,3,1,CN,0
https://openalex.org/W2070632249,5,5,2,"DE,FR",1
https://openalex.org/W2070649265,8,8,1,TW,0
https://openalex.org/W2070653774,9,9,3,"IL,LT,US",1
https://openalex.org/W2070654541,2,2,1,US,0
https://openalex.org/W2070658909,3,3,2,"JP,KR",1
https://openalex.org/W2070676697,3,3,1,CN,0
https://openalex.org/W2070681419,4,4,2,"JP,KR",1
https://openalex.org/W2070696054,7,7,1,RU,0
https://openalex.org/W2070702158,3,6,1,FR,0
https://openalex.org/W2070706792,8,22,1,CN,0
https://openalex.org/W2070730230,6,6,2,"IT,ZA",1
https://openalex.org/W2070742381,8,8,1,UA,0
https://openalex.org/W2070745505,3,3,1,JP,0
https://openalex.org/W2070756823,4,4,1,PK,0
https://openalex.org/W2070768879,11,11,3,"CA,GB,IE",1
https://openalex.org/W2070773071,13,41,3,"GB,IT,SE",1
https://openalex.org/W2070776024,2,2,1,IT,0
https://openalex.org/W2070776597,5,15,1,FR,0
https://openalex.org/W2070784372,7,7,1,RU,0
https://openalex.org/W2070792458,6,6,1,MX,0
https://openalex.org/W2070801166,2,2,1,IN,0
https://openalex.org/W2070805446,9,9,3,"KR,TW,US",1
https://openalex.org/W2070808276,4,4,1,CN,0
https://openalex.org/W2070808800,6,6,2,"CZ,IT",1
https://openalex.org/W2070818042,2,2,1,CN,0
https://openalex.org/W2070830089,7,7,1,US,0
https://openalex.org/W2070855062,3,3,1,US,0
https://openalex.org/W2070864608,5,6,1,CN,0
https://openalex.org/W2070884801,3,4,1,CN,0
https://openalex.org/W2070884825,6,6,3,"RU,UA,US",1
https://openalex.org/W2070884848,9,9,1,KR,0
https://openalex.org/W2070889998,5,5,1,FI,0
https://openalex.org/W2070898193,2,2,1,US,0
https://openalex.org/W2070900824,3,3,1,US,0
https://openalex.org/W2070909066,3,3,1,US,0
https://openalex.org/W2070912882,4,4,1,CN,0
https://openalex.org/W2070926279,8,8,2,"IT,SI",1
https://openalex.org/W2070928889,4,4,2,"EC,RU",1
https://openalex.org/W2070946037,11,39,1,FR,0
https://openalex.org/W2070960316,6,6,1,TW,0
https://openalex.org/W2070963446,5,5,2,"DE,KR",1
https://openalex.org/W2071016742,3,3,1,DE,0
https://openalex.org/W2071027629,3,10,1,AR,0
https://openalex.org/W2071032033,10,10,1,TW,0
https://openalex.org/W2071047421,8,8,1,US,0
https://openalex.org/W2071066925,4,4,1,CN,0
https://openalex.org/W2071079800,7,7,1,CN,0
https://openalex.org/W2071081190,4,4,1,TW,0
https://openalex.org/W2071094014,3,3,1,TW,0
https://openalex.org/W2071094885,7,7,2,"CN,JP",1
https://openalex.org/W2071098425,6,8,2,"CN,JP",1
https://openalex.org/W2071140237,4,4,2,"CN,FR",1
https://openalex.org/W2071149400,7,9,1,BR,0
https://openalex.org/W2071182831,4,4,1,CN,0
https://openalex.org/W2071190244,3,3,1,US,0
https://openalex.org/W2071191063,6,6,2,"KR,US",1
https://openalex.org/W2071200249,4,4,2,"AU,MY",1
https://openalex.org/W2071236087,6,8,2,"BR,BY",1
https://openalex.org/W2071244953,4,4,2,"CH,DE",1
https://openalex.org/W2071264390,2,4,1,SE,0
https://openalex.org/W2071269109,1,1,0,,0
https://openalex.org/W2071282712,2,2,1,IR,0
https://openalex.org/W2071291172,2,2,1,TW,0
https://openalex.org/W2071293198,2,2,1,CN,0
https://openalex.org/W2071303760,1,1,0,,0
https://openalex.org/W2071350038,5,6,2,"GB,IN",1
https://openalex.org/W2071364438,5,6,1,CN,0
https://openalex.org/W2071407167,10,10,1,CH,0
https://openalex.org/W2071422708,1,1,0,,0
https://openalex.org/W2071427611,2,3,1,GB,0
https://openalex.org/W2071429949,3,3,1,IT,0
https://openalex.org/W2071442925,4,6,1,JP,0
https://openalex.org/W2071445802,9,9,1,KR,0
https://openalex.org/W2071446860,6,6,1,DE,0
https://openalex.org/W2071446984,5,5,1,CN,0
https://openalex.org/W2071463632,3,6,2,"DE,US",1
https://openalex.org/W2071474547,2,2,1,CN,0
https://openalex.org/W2071482575,4,4,2,"TW,US",1
https://openalex.org/W2071483569,4,4,1,DE,0
https://openalex.org/W2071485469,8,8,2,"CN,JP",1
https://openalex.org/W2071485530,4,4,1,EG,0
https://openalex.org/W2071518400,3,3,1,CN,0
https://openalex.org/W2071553177,5,5,1,DE,0
https://openalex.org/W2071574100,3,5,1,US,0
https://openalex.org/W2071611946,6,6,1,RU,0
https://openalex.org/W2071641855,2,3,3,"DE,HU,US",1
https://openalex.org/W2071647234,5,5,1,RU,0
https://openalex.org/W2071661343,3,3,1,AR,0
https://openalex.org/W2071685742,4,5,1,NL,0
https://openalex.org/W2071692928,3,6,1,IT,0
https://openalex.org/W2071694352,7,7,1,CN,0
https://openalex.org/W2071719691,2,2,1,IT,0
https://openalex.org/W2071741862,4,4,1,GB,0
https://openalex.org/W2071771140,3,3,1,RU,0
https://openalex.org/W2071788401,6,6,1,IN,0
https://openalex.org/W2071802031,3,5,2,"AR,US",1
https://openalex.org/W2071806371,2,2,1,PK,0
https://openalex.org/W2071825326,2,3,1,JP,0
https://openalex.org/W2071834674,4,4,1,IR,0
https://openalex.org/W2071844812,6,6,1,DE,0
https://openalex.org/W2071849829,4,8,1,JP,0
https://openalex.org/W2071910217,4,7,1,FR,0
https://openalex.org/W2071916544,7,7,1,GR,0
https://openalex.org/W2071927179,6,6,1,IT,0
https://openalex.org/W2071981069,7,9,1,JP,0
https://openalex.org/W2071996563,5,5,1,KR,0
https://openalex.org/W2072036671,4,4,1,TJ,0
https://openalex.org/W2072044574,1,1,0,,0
https://openalex.org/W2072069412,4,4,1,CN,0
https://openalex.org/W2072081206,4,5,1,CN,0
https://openalex.org/W2072083052,4,4,1,CN,0
https://openalex.org/W2072089519,2,2,1,CN,0
https://openalex.org/W2072124786,5,5,2,"PR,US",1
https://openalex.org/W2072148665,4,5,1,US,0
https://openalex.org/W2072155053,3,3,1,IT,0
https://openalex.org/W2072170762,5,5,2,"ES,MA",1
https://openalex.org/W2072176078,3,3,1,US,0
https://openalex.org/W2072186477,2,2,0,,0
https://openalex.org/W2072252476,8,8,1,JP,0
https://openalex.org/W2072261117,3,3,1,CN,0
https://openalex.org/W2072297686,5,5,2,"GB,US",1
https://openalex.org/W2072333972,6,6,1,TW,0
https://openalex.org/W2072355027,5,5,1,CN,0
https://openalex.org/W2072361559,3,3,2,"DE,IT",1
https://openalex.org/W2072402289,3,3,1,SG,0
https://openalex.org/W2072412224,8,10,2,"TW,US",1
https://openalex.org/W2072415377,1,1,0,,0
https://openalex.org/W2072432938,4,4,1,GB,0
https://openalex.org/W2072458369,4,5,2,"AU,US",1
https://openalex.org/W2072469554,3,3,1,CN,0
https://openalex.org/W2072480714,4,4,1,RS,0
https://openalex.org/W2072487207,4,4,1,NL,0
https://openalex.org/W2072491374,8,8,2,"GR,RO",1
https://openalex.org/W2072494856,1,1,0,,0
https://openalex.org/W2072509960,4,8,1,UA,0
https://openalex.org/W2072512176,1,1,0,,0
https://openalex.org/W2072514985,4,5,1,CN,0
https://openalex.org/W2072534478,2,4,1,CN,0
https://openalex.org/W2072546625,6,15,2,"FR,US",1
https://openalex.org/W2072598812,4,4,1,FR,0
https://openalex.org/W2072616939,1,1,0,,0
https://openalex.org/W2072624112,1,1,0,,0
https://openalex.org/W2072662218,6,6,1,BY,0
https://openalex.org/W2072669903,5,5,1,US,0
https://openalex.org/W2072691441,3,3,1,BE,0
https://openalex.org/W2072697810,2,2,1,CA,0
https://openalex.org/W2072702109,2,2,1,TR,0
https://openalex.org/W2072723603,5,5,1,KR,0
https://openalex.org/W2072741967,5,7,1,DE,0
https://openalex.org/W2072746946,8,8,2,"AU,ES",1
https://openalex.org/W2072749140,14,14,1,US,0
https://openalex.org/W2072803907,5,5,1,IN,0
https://openalex.org/W2072816166,6,6,1,JP,0
https://openalex.org/W2072831896,5,5,1,KR,0
https://openalex.org/W2072842483,5,8,3,"HK,RO,SK",1
https://openalex.org/W2072846530,8,8,1,JP,0
https://openalex.org/W2072874410,6,7,1,TW,0
https://openalex.org/W2072889347,5,5,1,IN,0
https://openalex.org/W2072891688,3,3,1,MD,0
https://openalex.org/W2072936024,10,10,2,"GB,US",1
https://openalex.org/W2072954467,3,3,1,CN,0
https://openalex.org/W2072956155,4,4,1,CN,0
https://openalex.org/W2072972813,6,7,2,"IN,JP",1
https://openalex.org/W2072974726,5,5,1,DE,0
https://openalex.org/W2072985916,4,4,2,"DE,RU",1
https://openalex.org/W2072988862,4,4,1,RU,0
https://openalex.org/W2072989997,3,4,1,CN,0
https://openalex.org/W2072993411,1,1,0,,0
https://openalex.org/W2073029988,5,5,1,US,0
https://openalex.org/W2073105112,4,4,1,RU,0
https://openalex.org/W2073110874,2,2,1,CN,0
https://openalex.org/W2073116635,3,4,1,CN,0
https://openalex.org/W2073150301,5,5,1,JP,0
https://openalex.org/W2073207512,6,6,1,NZ,0
https://openalex.org/W2073208048,5,8,1,PL,0
https://openalex.org/W2073218813,5,6,3,"FR,IN,KR",1
https://openalex.org/W2073230745,6,6,1,CN,0
https://openalex.org/W2073258280,3,3,1,TW,0
https://openalex.org/W2073264806,3,3,1,IN,0
https://openalex.org/W2073281803,8,8,1,JP,0
https://openalex.org/W2073288075,3,3,1,US,0
https://openalex.org/W2073309235,2,2,1,KR,0
https://openalex.org/W2073313964,5,5,1,CN,0
https://openalex.org/W2073329752,6,6,1,US,0
https://openalex.org/W2073342611,3,3,1,CN,0
https://openalex.org/W2073351282,6,6,2,"IL,US",1
https://openalex.org/W2073360360,2,4,1,US,0
https://openalex.org/W2073369910,8,14,1,SE,0
https://openalex.org/W2073375918,4,4,1,CN,0
https://openalex.org/W2073392396,3,3,1,US,0
https://openalex.org/W2073444776,8,8,1,CN,0
https://openalex.org/W2073448481,8,18,1,FR,0
https://openalex.org/W2073479628,8,8,1,CN,0
https://openalex.org/W2073496802,2,2,1,US,0
https://openalex.org/W2073524914,3,3,1,US,0
https://openalex.org/W2073529003,4,4,1,RU,0
https://openalex.org/W2073548040,6,6,1,KR,0
https://openalex.org/W2073622334,3,3,1,PK,0
https://openalex.org/W2073624579,2,2,1,DZ,0
https://openalex.org/W2073631151,3,3,1,KR,0
https://openalex.org/W2073633945,1,1,0,,0
https://openalex.org/W2073652488,5,5,1,CN,0
https://openalex.org/W2073660644,6,6,2,"GB,MX",1
https://openalex.org/W2073664064,4,4,1,FR,0
https://openalex.org/W2073665159,10,10,1,US,0
https://openalex.org/W2073720254,4,4,2,"DE,US",1
https://openalex.org/W2073722974,3,3,1,MY,0
https://openalex.org/W2073744625,4,4,1,JP,0
https://openalex.org/W2073748074,4,4,1,RU,0
https://openalex.org/W2073760301,3,3,1,TH,0
https://openalex.org/W2073761158,4,4,2,"TW,US",1
https://openalex.org/W2073769333,4,4,1,BR,0
https://openalex.org/W2073769601,6,6,1,JP,0
https://openalex.org/W2073804561,3,5,1,CH,0
https://openalex.org/W2073810352,3,3,1,IN,0
https://openalex.org/W2073834820,2,2,2,"CN,JP",1
https://openalex.org/W2073867116,2,2,2,"IT,US",1
https://openalex.org/W2073915648,4,9,1,CN,0
https://openalex.org/W2073934963,6,6,2,"CA,GB",1
https://openalex.org/W2073940819,4,4,1,CN,0
https://openalex.org/W2073960480,2,2,1,IR,0
https://openalex.org/W2073964398,3,3,1,KR,0
https://openalex.org/W2073968517,8,8,5,"CA,CH,JP,RU,US",1
https://openalex.org/W2074002227,6,6,1,RU,0
https://openalex.org/W2074005285,6,7,1,CN,0
https://openalex.org/W2074017093,3,3,1,IN,0
https://openalex.org/W2074048403,2,2,1,DE,0
https://openalex.org/W2074049521,4,4,1,US,0
https://openalex.org/W2074098529,3,3,2,"CN,SG",1
https://openalex.org/W2074099177,5,5,1,KR,0
https://openalex.org/W2074112099,8,11,1,JP,0
https://openalex.org/W2074120950,6,6,1,CN,0
https://openalex.org/W2074125612,5,8,1,IN,0
https://openalex.org/W2074144260,12,12,1,JP,0
https://openalex.org/W2074153542,10,10,3,"HU,IT,VE",1
https://openalex.org/W2074155051,7,7,1,KR,0
https://openalex.org/W2074210088,6,6,1,JP,0
https://openalex.org/W2074211936,6,10,1,CN,0
https://openalex.org/W2074231584,5,6,1,CN,0
https://openalex.org/W2074254906,3,3,2,"CN,DE",1
https://openalex.org/W2074280781,5,5,1,PT,0
https://openalex.org/W2074289143,7,7,1,CA,0
https://openalex.org/W2074291915,5,5,2,"GB,US",1
https://openalex.org/W2074295341,5,5,1,CN,0
https://openalex.org/W2074295711,3,3,1,TR,0
https://openalex.org/W2074302746,5,5,1,CN,0
https://openalex.org/W2074311027,2,3,2,"US,ZA",1
https://openalex.org/W2074315056,6,6,0,,0
https://openalex.org/W2074368324,4,4,1,CN,0
https://openalex.org/W2074375658,2,2,1,GB,0
https://openalex.org/W2074419573,9,9,2,"ES,FR",1
https://openalex.org/W2074431345,1,1,0,,0
https://openalex.org/W2074436505,1,1,0,,0
https://openalex.org/W2074439067,6,8,1,CN,0
https://openalex.org/W2074483262,4,4,1,CN,0
https://openalex.org/W2074496985,1,1,0,,0
https://openalex.org/W2074522799,1,1,0,,0
https://openalex.org/W2074534158,8,8,1,US,0
https://openalex.org/W2074543071,2,2,1,ES,0
https://openalex.org/W2074547299,2,2,0,,0
https://openalex.org/W2074580634,6,6,1,US,0
https://openalex.org/W2074589870,3,3,1,KR,0
https://openalex.org/W2074594302,7,7,1,DE,0
https://openalex.org/W2074603238,4,4,1,CN,0
https://openalex.org/W2074624285,14,14,1,US,0
https://openalex.org/W2074627023,3,3,1,TH,0
https://openalex.org/W2074630534,5,10,2,"FR,GB",1
https://openalex.org/W2074648176,10,12,1,JP,0
https://openalex.org/W2074651614,7,9,3,"DE,GB,US",1
https://openalex.org/W2074699424,5,5,2,"RS,SI",1
https://openalex.org/W2074701550,3,3,1,TW,0
https://openalex.org/W2074702302,6,6,2,"JP,KR",1
https://openalex.org/W2074710230,4,4,2,"HK,MO",1
https://openalex.org/W2074725615,9,9,2,"DE,RU",1
https://openalex.org/W2074746177,5,5,2,"CO,ES",1
https://openalex.org/W2074784718,5,6,2,"DZ,FR",1
https://openalex.org/W2074815198,3,3,1,IR,0
https://openalex.org/W2074824880,4,5,1,CN,0
https://openalex.org/W2074831435,1,1,0,,0
https://openalex.org/W2074861467,4,12,1,FR,0
https://openalex.org/W2074864153,5,8,1,TW,0
https://openalex.org/W2074877246,4,4,1,GB,0
https://openalex.org/W2074889070,6,6,1,TR,0
https://openalex.org/W2074893553,2,2,1,PL,0
https://openalex.org/W2074907433,4,7,1,CA,0
https://openalex.org/W2074930266,3,3,1,KR,0
https://openalex.org/W2074935153,4,4,1,TW,0
https://openalex.org/W2074950652,8,8,1,RU,0
https://openalex.org/W2074993600,5,5,2,"KR,US",1
https://openalex.org/W2074998485,3,3,1,SI,0
https://openalex.org/W2075008305,5,5,1,US,0
https://openalex.org/W2075009290,4,4,2,"JP,KR",1
https://openalex.org/W2075024567,4,4,1,FI,0
https://openalex.org/W2075045931,1,1,0,,0
https://openalex.org/W2075053907,4,4,1,IN,0
https://openalex.org/W2075078430,6,18,1,FR,0
https://openalex.org/W2075115794,5,5,1,ES,0
https://openalex.org/W2075119751,2,3,1,RU,0
https://openalex.org/W2075124091,4,4,1,JP,0
https://openalex.org/W2075127404,2,2,1,BE,0
https://openalex.org/W2075136681,1,1,0,,0
https://openalex.org/W2075140444,5,5,1,CN,0
https://openalex.org/W2075143946,3,3,1,IN,0
https://openalex.org/W2075159148,3,3,1,CN,0
https://openalex.org/W2075202981,4,4,1,JP,0
https://openalex.org/W2075206213,6,6,1,US,0
https://openalex.org/W2075219794,5,5,0,,0
https://openalex.org/W2075238941,2,2,1,IR,0
https://openalex.org/W2075273607,5,10,1,CN,0
https://openalex.org/W2075283522,3,3,1,CN,0
https://openalex.org/W2075291913,6,6,1,KR,0
https://openalex.org/W2075321829,3,3,2,"JP,US",1
https://openalex.org/W2075325223,1,1,0,,0
https://openalex.org/W2075369296,7,7,1,RU,0
https://openalex.org/W2075400102,5,7,3,"CN,DE,FR",1
https://openalex.org/W2075412867,2,2,1,US,0
https://openalex.org/W2075430916,4,4,1,CN,0
https://openalex.org/W2075434692,6,6,1,KR,0
https://openalex.org/W2075467876,2,2,0,,0
https://openalex.org/W2075469854,3,3,1,FR,0
https://openalex.org/W2075470870,6,6,2,"DE,US",1
https://openalex.org/W2075471544,1,1,0,,0
https://openalex.org/W2075513136,3,3,1,PK,0
https://openalex.org/W2075516694,6,6,2,"IT,LT",1
https://openalex.org/W2075539269,5,5,1,CN,0
https://openalex.org/W2075545832,1,3,0,,0
https://openalex.org/W2075564527,4,4,1,CN,0
https://openalex.org/W2075567419,6,6,1,SE,0
https://openalex.org/W2075621106,6,6,1,TW,0
https://openalex.org/W2075650387,3,3,1,GB,0
https://openalex.org/W2075650787,9,9,2,"ES,GR",1
https://openalex.org/W2075669109,5,5,1,CN,0
https://openalex.org/W2075708673,2,2,1,CN,0
https://openalex.org/W2075719806,3,3,1,IN,0
https://openalex.org/W2075733621,4,4,1,IN,0
https://openalex.org/W2075778473,9,17,2,"CN,GB",1
https://openalex.org/W2075789638,9,9,2,"JP,KR",1
https://openalex.org/W2075797726,6,9,1,JP,0
https://openalex.org/W2075807139,3,3,1,IE,0
https://openalex.org/W2075813393,3,3,1,RU,0
https://openalex.org/W2075852227,5,5,1,TR,0
https://openalex.org/W2075869845,4,4,1,CN,0
https://openalex.org/W2075872454,5,5,1,TH,0
https://openalex.org/W2075902092,4,4,1,KR,0
https://openalex.org/W2075912112,2,2,1,TR,0
https://openalex.org/W2075913387,5,5,1,CN,0
https://openalex.org/W2075967769,6,6,1,RU,0
https://openalex.org/W2076004640,1,1,0,,0
https://openalex.org/W2076068463,1,1,0,,0
https://openalex.org/W2076074231,6,6,1,MX,0
https://openalex.org/W2076085929,4,6,1,AR,0
https://openalex.org/W2076102298,1,1,0,,0
https://openalex.org/W2076109266,3,3,1,GB,0
https://openalex.org/W2076112311,3,3,1,US,0
https://openalex.org/W2076162384,2,2,1,TW,0
https://openalex.org/W2076172755,3,3,1,US,0
https://openalex.org/W2076173444,4,4,1,JP,0
https://openalex.org/W2076176803,7,25,2,"DE,GR",1
https://openalex.org/W2076190637,1,2,0,,0
https://openalex.org/W2076191410,8,8,1,US,0
https://openalex.org/W2076197528,4,5,2,"CN,IR",1
https://openalex.org/W2076205911,5,5,1,JP,0
https://openalex.org/W2076216336,7,7,1,DE,0
https://openalex.org/W2076245998,3,3,1,PL,0
https://openalex.org/W2076278166,3,3,1,AU,0
https://openalex.org/W2076280646,6,6,1,US,0
https://openalex.org/W2076287576,4,4,1,US,0
https://openalex.org/W2076305696,4,4,1,CN,0
https://openalex.org/W2076308693,1,1,0,,0
https://openalex.org/W2076314509,6,13,2,"CN,US",1
https://openalex.org/W2076319323,1,1,0,,0
https://openalex.org/W2076334307,6,6,1,FR,0
https://openalex.org/W2076341350,6,15,2,"CA,FR",1
https://openalex.org/W2076344130,4,4,1,TJ,0
https://openalex.org/W2076348983,11,11,3,"DE,FR,US",1
https://openalex.org/W2076352854,4,4,1,CN,0
https://openalex.org/W2076395098,3,4,2,"AU,SI",1
https://openalex.org/W2076404642,5,5,1,US,0
https://openalex.org/W2076412948,4,4,1,TW,0
https://openalex.org/W2076454837,6,9,1,CN,0
https://openalex.org/W2076463267,4,5,1,PK,0
https://openalex.org/W2076496423,4,4,1,US,0
https://openalex.org/W2076497147,4,4,1,JP,0
https://openalex.org/W2076498049,6,6,1,TW,0
https://openalex.org/W2076504297,8,9,1,US,0
https://openalex.org/W2076536656,4,4,1,KR,0
https://openalex.org/W2076540094,4,5,1,CN,0
https://openalex.org/W2076545237,3,4,2,"ES,FR",1
https://openalex.org/W2076561001,3,3,1,JP,0
https://openalex.org/W2076568536,5,6,2,"PT,US",1
https://openalex.org/W2076622417,2,2,1,IE,0
https://openalex.org/W2076637820,4,4,1,IN,0
https://openalex.org/W2076645605,4,4,1,RS,0
https://openalex.org/W2076671211,5,10,1,US,0
https://openalex.org/W2076683907,2,2,1,US,0
https://openalex.org/W2076708863,6,8,1,FR,0
https://openalex.org/W2076713067,8,8,1,US,0
https://openalex.org/W2076733408,7,7,2,"CN,US",1
https://openalex.org/W2076734986,215,261,8,"CY,DE,ES,FR,IT,PL,RU,SK",1
https://openalex.org/W2076739034,14,14,1,CN,0
https://openalex.org/W2076768569,2,2,1,CN,0
https://openalex.org/W2076786221,3,6,2,"CN,SG",1
https://openalex.org/W2076808045,7,8,1,CN,0
https://openalex.org/W2076814256,5,5,2,"CN,DE",1
https://openalex.org/W2076832867,5,5,1,SE,0
https://openalex.org/W2076854309,8,8,1,JP,0
https://openalex.org/W2076860547,1,1,0,,0
https://openalex.org/W2076863564,7,7,1,FI,0
https://openalex.org/W2076870514,4,5,1,KR,0
https://openalex.org/W2076882175,2,2,1,BR,0
https://openalex.org/W2076895554,4,4,1,UA,0
https://openalex.org/W2076904705,2,2,1,PL,0
https://openalex.org/W2076909773,2,2,1,GB,0
https://openalex.org/W2076910999,3,3,1,CN,0
https://openalex.org/W2076930080,4,5,2,"CH,RU",1
https://openalex.org/W2076940085,3,3,1,KR,0
https://openalex.org/W2076988334,4,4,2,"GB,PL",1
https://openalex.org/W2077002557,7,7,1,SG,0
https://openalex.org/W2077010444,3,3,1,CH,0
https://openalex.org/W2077011572,6,6,2,"KZ,RU",1
https://openalex.org/W2077015327,1,1,0,,0
https://openalex.org/W2077036696,5,5,2,"JP,US",1
https://openalex.org/W2077039779,6,6,1,UA,0
https://openalex.org/W2077045834,5,5,1,CN,0
https://openalex.org/W2077048186,6,6,1,US,0
https://openalex.org/W2077072106,8,10,3,"DZ,ES,FR",1
https://openalex.org/W2077079258,4,4,1,DE,0
https://openalex.org/W2077090973,5,5,1,TW,0
https://openalex.org/W2077145187,5,15,1,BR,0
https://openalex.org/W2077146735,11,11,1,US,0
https://openalex.org/W2077158426,4,4,1,DE,0
https://openalex.org/W2077167817,4,8,1,FR,0
https://openalex.org/W2077219537,6,6,1,TW,0
https://openalex.org/W2077246639,5,5,1,CA,0
https://openalex.org/W2077258257,1,1,0,,0
https://openalex.org/W2077290314,3,3,1,IN,0
https://openalex.org/W2077302426,4,4,1,CN,0
https://openalex.org/W2077309080,11,12,1,US,0
https://openalex.org/W2077328465,1,1,0,,0
https://openalex.org/W2077344458,2,2,1,KR,0
https://openalex.org/W2077350739,2,2,1,CN,0
https://openalex.org/W2077393108,4,4,2,"CN,SG",1
https://openalex.org/W2077414337,6,6,1,TR,0
https://openalex.org/W2077435397,3,3,1,RU,0
https://openalex.org/W2077489416,4,4,1,CN,0
https://openalex.org/W2077504310,6,6,2,"KR,US",1
https://openalex.org/W2077519892,3,3,1,CN,0
https://openalex.org/W2077525359,4,4,1,CN,0
https://openalex.org/W2077554345,4,4,1,IL,0
https://openalex.org/W2077592659,7,13,2,"DE,HK",1
https://openalex.org/W2077616339,5,7,1,CN,0
https://openalex.org/W2077628087,2,4,1,IN,0
https://openalex.org/W2077647309,5,5,1,JP,0
https://openalex.org/W2077674781,3,3,1,GB,0
https://openalex.org/W2077675530,4,4,1,CN,0
https://openalex.org/W2077689189,6,6,1,CN,0
https://openalex.org/W2077698242,4,4,1,US,0
https://openalex.org/W2077727265,4,10,1,CN,0
https://openalex.org/W2077760690,1,1,0,,0
https://openalex.org/W2077784316,5,5,1,NL,0
https://openalex.org/W2077793491,5,6,2,"CN,US",1
https://openalex.org/W2077805819,2,2,1,IE,0
https://openalex.org/W2077820660,14,15,2,"CH,IR",1
https://openalex.org/W2077821602,4,4,1,US,0
https://openalex.org/W2077854333,4,4,2,"AT,IN",1
https://openalex.org/W2077922205,3,4,1,CN,0
https://openalex.org/W2077923029,3,3,1,TW,0
https://openalex.org/W2077947508,7,7,0,,0
https://openalex.org/W2077993542,4,4,1,US,0
https://openalex.org/W2077995371,13,29,2,"FR,GB",1
https://openalex.org/W2078055622,5,5,1,JP,0
https://openalex.org/W2078055816,4,4,1,JP,0
https://openalex.org/W2078076092,4,7,1,IN,0
https://openalex.org/W2078096999,4,4,2,"CH,DE",1
https://openalex.org/W2078101336,3,3,1,CO,0
https://openalex.org/W2078109420,7,7,1,DE,0
https://openalex.org/W2078132942,4,8,2,"AU,CN",1
https://openalex.org/W2078138815,2,2,1,JP,0
https://openalex.org/W2078145384,5,5,0,,0
https://openalex.org/W2078223549,11,11,1,CA,0
https://openalex.org/W2078235079,6,6,2,"ES,RU",1
https://openalex.org/W2078265256,3,3,1,TH,0
https://openalex.org/W2078276015,4,4,1,KR,0
https://openalex.org/W2078306745,1,1,0,,0
https://openalex.org/W2078335059,3,3,1,US,0
https://openalex.org/W2078349741,14,14,1,JP,0
https://openalex.org/W2078365172,9,9,1,US,0
https://openalex.org/W2078374890,3,3,1,US,0
https://openalex.org/W2078386526,5,5,1,RU,0
https://openalex.org/W2078418547,3,5,3,"FR,IT,US",1
https://openalex.org/W2078469875,4,4,1,TW,0
https://openalex.org/W2078481013,2,2,1,IN,0
https://openalex.org/W2078491576,3,3,1,TW,0
https://openalex.org/W2078506539,2,2,1,IN,0
https://openalex.org/W2078508151,7,7,2,"ES,IL",1
https://openalex.org/W2078516087,2,2,1,RU,0
https://openalex.org/W2078532550,2,2,2,"CH,DE",1
https://openalex.org/W2078543490,2,2,0,,0
https://openalex.org/W2078551304,3,3,2,"SG,US",1
https://openalex.org/W2078583435,3,3,1,DE,0
https://openalex.org/W2078583945,5,5,1,CN,0
https://openalex.org/W2078586311,4,4,2,"CA,US",1
https://openalex.org/W2078591020,4,4,1,CN,0
https://openalex.org/W2078599796,1,2,0,,0
https://openalex.org/W2078605494,2,2,1,CA,0
https://openalex.org/W2078623874,4,4,1,TW,0
https://openalex.org/W2078637863,2,2,0,,0
https://openalex.org/W2078641000,3,3,1,JO,0
https://openalex.org/W2078644134,3,3,1,GB,0
https://openalex.org/W2078650540,7,7,1,DE,0
https://openalex.org/W2078651384,2,2,1,US,0
https://openalex.org/W2078666476,4,4,1,KR,0
https://openalex.org/W2078708044,5,5,1,JP,0
https://openalex.org/W2078710274,7,7,2,"TW,US",1
https://openalex.org/W2078712041,3,3,1,JP,0
https://openalex.org/W2078713170,3,3,1,US,0
https://openalex.org/W2078731580,4,4,1,IR,0
https://openalex.org/W2078779787,2,2,1,JP,0
https://openalex.org/W2078791167,6,7,1,BE,0
https://openalex.org/W2078803479,18,18,2,"IT,US",1
https://openalex.org/W2078804610,7,12,1,CN,0
https://openalex.org/W2078814740,2,4,3,"AU,HK,PL",1
https://openalex.org/W2078819738,3,3,1,CN,0
https://openalex.org/W2078822560,15,15,1,CN,0
https://openalex.org/W2078828734,7,9,2,"CN,TW",1
https://openalex.org/W2078831793,3,4,1,CN,0
https://openalex.org/W2078842469,3,3,1,CN,0
https://openalex.org/W2078881189,5,5,1,RU,0
https://openalex.org/W2078908378,3,3,2,"RO,SI",1
https://openalex.org/W2078916691,3,3,2,"CN,MK",1
https://openalex.org/W2078926781,8,8,2,"BD,VN",1
https://openalex.org/W2078946419,4,4,1,NL,0
https://openalex.org/W2078966084,3,3,1,BE,0
https://openalex.org/W2078975082,3,3,1,BY,0
https://openalex.org/W2078975116,3,5,1,BR,0
https://openalex.org/W2078980157,4,4,1,JP,0
https://openalex.org/W2078983036,5,6,1,CN,0
https://openalex.org/W2078988728,3,3,1,IN,0
https://openalex.org/W2078999094,3,6,1,KR,0
https://openalex.org/W2079009444,6,6,1,IT,0
https://openalex.org/W2079012488,2,2,1,JP,0
https://openalex.org/W2079038170,5,5,1,KR,0
https://openalex.org/W2079039936,1,2,0,,0
https://openalex.org/W2079049966,1,1,0,,0
https://openalex.org/W2079053560,3,3,1,NL,0
https://openalex.org/W2079072489,6,8,1,CN,0
https://openalex.org/W2079080846,6,7,1,CN,0
https://openalex.org/W2079084316,3,3,2,"MY,US",1
https://openalex.org/W2079085963,4,4,1,RU,0
https://openalex.org/W2079093241,4,6,1,CN,0
https://openalex.org/W2079149763,4,4,1,KR,0
https://openalex.org/W2079167784,6,7,4,"AU,DE,GB,US",1
https://openalex.org/W2079171958,4,5,3,"FR,GB,US",1
https://openalex.org/W2079206374,6,6,1,US,0
https://openalex.org/W2079215547,5,5,1,KR,0
https://openalex.org/W2079237969,5,5,1,CA,0
https://openalex.org/W2079240616,12,12,1,RU,0
https://openalex.org/W2079254586,3,3,1,GB,0
https://openalex.org/W2079263069,5,5,1,JP,0
https://openalex.org/W2079266939,2,2,1,AU,0
https://openalex.org/W2079291745,5,5,1,JP,0
https://openalex.org/W2079293019,4,8,1,HK,0
https://openalex.org/W2079315597,1,1,0,,0
https://openalex.org/W2079339066,9,9,1,US,0
https://openalex.org/W2079343477,4,4,2,"KR,US",1
https://openalex.org/W2079360647,1,1,0,,0
https://openalex.org/W2079360893,9,9,1,RU,0
https://openalex.org/W2079372430,3,3,1,KR,0
https://openalex.org/W2079421853,6,6,1,RU,0
https://openalex.org/W2079429280,2,2,1,US,0
https://openalex.org/W2079430897,3,4,1,RU,0
https://openalex.org/W2079441221,4,4,1,CZ,0
https://openalex.org/W2079445638,4,4,1,IN,0
https://openalex.org/W2079460523,2,4,1,IT,0
https://openalex.org/W2079465897,2,3,2,"EG,GB",1
https://openalex.org/W2079500570,4,4,1,ES,0
https://openalex.org/W2079508143,7,7,1,TW,0
https://openalex.org/W2079522364,1,2,0,,0
https://openalex.org/W2079522727,9,12,3,"CN,JP,US",1
https://openalex.org/W2079550442,1,1,0,,0
https://openalex.org/W2079567419,5,5,2,"ID,MY",1
https://openalex.org/W2079579772,3,5,1,CN,0
https://openalex.org/W2079608841,8,8,1,IN,0
https://openalex.org/W2079625753,7,8,2,"CN,US",1
https://openalex.org/W2079627263,9,10,2,"CN,US",1
https://openalex.org/W2079661121,5,5,1,SG,0
https://openalex.org/W2079662975,10,13,2,"CN,US",1
https://openalex.org/W2079676347,5,5,1,DE,0
https://openalex.org/W2079695181,3,9,1,FR,0
https://openalex.org/W2079702723,5,5,1,JP,0
https://openalex.org/W2079733162,3,6,3,"IT,RU,US",1
https://openalex.org/W2079755801,5,5,1,CN,0
https://openalex.org/W2079771211,4,6,1,RU,0
https://openalex.org/W2079793972,5,5,1,KR,0
https://openalex.org/W2079803330,2,2,1,CA,0
https://openalex.org/W2079811218,3,6,2,"AU,IE",1
https://openalex.org/W2079829372,8,14,1,CN,0
https://openalex.org/W2079832640,6,6,1,US,0
https://openalex.org/W2079840305,2,2,1,US,0
https://openalex.org/W2079849778,2,2,1,RU,0
https://openalex.org/W2079869520,4,4,1,BR,0
https://openalex.org/W2079929047,6,9,1,SG,0
https://openalex.org/W2079933970,5,5,1,TW,0
https://openalex.org/W2079941943,3,3,1,IN,0
https://openalex.org/W2079947224,4,4,1,CN,0
https://openalex.org/W2079948031,7,8,1,JP,0
https://openalex.org/W2079949415,3,3,1,JP,0
https://openalex.org/W2080003224,5,5,1,CN,0
https://openalex.org/W2080050340,5,5,1,CN,0
https://openalex.org/W2080073055,2,3,2,"PK,RU",1
https://openalex.org/W2080090672,6,12,1,CN,0
https://openalex.org/W2080092472,9,9,1,CN,0
https://openalex.org/W2080105216,3,6,1,FR,0
https://openalex.org/W2080110757,2,2,1,US,0
https://openalex.org/W2080143767,3,3,2,"JP,PL",1
https://openalex.org/W2080149021,5,7,2,"BR,US",1
https://openalex.org/W2080155465,4,4,2,"CN,US",1
https://openalex.org/W2080173732,1,1,0,,0
https://openalex.org/W2080198601,5,5,1,UA,0
https://openalex.org/W2080207692,4,4,1,JP,0
https://openalex.org/W2080210414,5,5,1,US,0
https://openalex.org/W2080213655,5,5,1,BR,0
https://openalex.org/W2080222532,2,2,1,US,0
https://openalex.org/W2080234101,4,4,2,"AU,CN",1
https://openalex.org/W2080260460,6,6,1,CN,0
https://openalex.org/W2080278677,4,4,1,IN,0
https://openalex.org/W2080282302,5,7,1,JP,0
https://openalex.org/W2080291618,5,5,1,US,0
https://openalex.org/W2080308001,8,8,1,US,0
https://openalex.org/W2080308198,145,152,3,"DE,ES,JP",1
https://openalex.org/W2080331706,3,3,1,US,0
https://openalex.org/W2080334701,8,8,1,CN,0
https://openalex.org/W2080336047,3,3,1,US,0
https://openalex.org/W2080337425,6,9,1,AU,0
https://openalex.org/W2080341157,4,4,1,US,0
https://openalex.org/W2080344609,8,8,1,US,0
https://openalex.org/W2080358622,2,2,0,,0
https://openalex.org/W2080406992,3,6,1,PT,0
https://openalex.org/W2080421363,2,2,1,CN,0
https://openalex.org/W2080424159,3,6,1,US,0
https://openalex.org/W2080427412,5,5,1,BR,0
https://openalex.org/W2080436702,5,5,1,IL,0
https://openalex.org/W2080447913,2,2,1,US,0
https://openalex.org/W2080451064,3,3,1,US,0
https://openalex.org/W2080453161,4,4,1,FR,0
https://openalex.org/W2080456731,3,3,1,IT,0
https://openalex.org/W2080479095,5,8,2,"FR,MX",1
https://openalex.org/W2080515595,5,5,1,US,0
https://openalex.org/W2080541948,4,4,1,BE,0
https://openalex.org/W2080557085,5,5,2,"BG,JP",1
https://openalex.org/W2080567190,25,25,4,"CH,GB,TW,US",1
https://openalex.org/W2080577078,7,7,1,CN,0
https://openalex.org/W2080605200,6,7,1,CN,0
https://openalex.org/W2080614502,5,6,1,US,0
https://openalex.org/W2080626300,8,8,1,JP,0
https://openalex.org/W2080664274,4,4,1,TW,0
https://openalex.org/W2080667877,3,3,1,TW,0
https://openalex.org/W2080718856,9,9,2,"DE,RU",1
https://openalex.org/W2080733656,8,15,1,JP,0
https://openalex.org/W2080736806,3,4,1,US,0
https://openalex.org/W2080792348,15,15,1,KR,0
https://openalex.org/W2080836096,4,4,1,KR,0
https://openalex.org/W2080845845,3,3,1,GB,0
https://openalex.org/W2080902280,3,3,1,CN,0
https://openalex.org/W2080933937,2,2,1,CA,0
https://openalex.org/W2080963553,5,5,1,US,0
https://openalex.org/W2080974012,1,1,0,,0
https://openalex.org/W2080974893,3,3,1,DE,0
https://openalex.org/W2081010805,8,16,1,CN,0
https://openalex.org/W2081012961,5,5,1,KR,0
https://openalex.org/W2081040505,2,2,1,IT,0
https://openalex.org/W2081062071,4,4,1,CN,0
https://openalex.org/W2081066622,6,6,1,CN,0
https://openalex.org/W2081084669,9,16,2,"FR,HU",1
https://openalex.org/W2081091713,1,1,0,,0
https://openalex.org/W2081133071,3,3,1,US,0
https://openalex.org/W2081166812,4,4,1,JP,0
https://openalex.org/W2081196870,6,7,2,"AU,CN",1
https://openalex.org/W2081228938,4,4,1,CN,0
https://openalex.org/W2081237536,5,5,1,CN,0
https://openalex.org/W2081271706,4,4,1,DE,0
https://openalex.org/W2081281047,8,8,1,US,0
https://openalex.org/W2081290874,8,8,1,JP,0
https://openalex.org/W2081291612,4,4,1,US,0
https://openalex.org/W2081294794,3,3,1,TW,0
https://openalex.org/W2081321122,6,6,1,KR,0
https://openalex.org/W2081331608,2,3,2,"EG,US",1
https://openalex.org/W2081333568,5,5,1,CN,0
https://openalex.org/W2081364660,3,3,1,CN,0
https://openalex.org/W2081366910,2,3,1,US,0
https://openalex.org/W2081440059,6,6,0,,0
https://openalex.org/W2081451871,2,2,1,FR,0
https://openalex.org/W2081481032,6,7,1,US,0
https://openalex.org/W2081489276,6,6,1,BE,0
https://openalex.org/W2081496249,2,2,1,CN,0
https://openalex.org/W2081500202,3,3,1,TR,0
https://openalex.org/W2081503324,3,3,1,PL,0
https://openalex.org/W2081506733,7,7,3,"CA,CH,GB",1
https://openalex.org/W2081513219,2,2,1,JP,0
https://openalex.org/W2081514885,5,5,1,CN,0
https://openalex.org/W2081521077,4,7,2,"CN,IE",1
https://openalex.org/W2081521310,2,2,1,CN,0
https://openalex.org/W2081552447,2,2,1,DE,0
https://openalex.org/W2081553347,2,2,1,IN,0
https://openalex.org/W2081568569,4,4,1,KR,0
https://openalex.org/W2081603624,2,2,1,RU,0
https://openalex.org/W2081609034,2,2,1,CA,0
https://openalex.org/W2081628683,5,5,1,KR,0
https://openalex.org/W2081656481,4,4,1,TW,0
https://openalex.org/W2081658281,4,4,1,DZ,0
https://openalex.org/W2081660775,6,6,2,"GB,IN",1
https://openalex.org/W2081665658,1,1,0,,0
https://openalex.org/W2081677403,2,2,1,GB,0
https://openalex.org/W2081683543,14,14,1,US,0
https://openalex.org/W2081712884,4,5,1,CN,0
https://openalex.org/W2081766634,3,3,1,IN,0
https://openalex.org/W2081768362,1,2,0,,0
https://openalex.org/W2081808949,1,1,0,,0
https://openalex.org/W2081829390,3,3,2,"IN,SE",1
https://openalex.org/W2081849638,3,3,1,TW,0
https://openalex.org/W2081903215,4,4,1,TR,0
https://openalex.org/W2081910293,1,1,0,,0
https://openalex.org/W2081916593,5,5,1,US,0
https://openalex.org/W2081951847,2,2,1,US,0
https://openalex.org/W2081951959,5,5,1,CN,0
https://openalex.org/W2081962565,6,6,1,PL,0
https://openalex.org/W2081977063,10,10,1,US,0
https://openalex.org/W2081989356,13,13,1,CN,0
https://openalex.org/W2081998371,9,10,1,SE,0
https://openalex.org/W2082005828,4,4,1,CN,0
https://openalex.org/W2082010958,11,11,2,"AU,NZ",1
https://openalex.org/W2082032984,2,2,1,AZ,0
https://openalex.org/W2082033338,2,2,1,RU,0
https://openalex.org/W2082036382,6,6,2,"KR,US",1
https://openalex.org/W2082039000,3,3,1,US,0
https://openalex.org/W2082043565,1,2,0,,0
https://openalex.org/W2082046817,6,7,3,"CN,HK,KR",1
https://openalex.org/W2082087390,2,2,1,SE,0
https://openalex.org/W2082145755,3,3,1,JP,0
https://openalex.org/W2082151843,2,2,2,"CN,PK",1
https://openalex.org/W2082155586,4,4,1,CN,0
https://openalex.org/W2082170940,11,22,1,CN,0
https://openalex.org/W2082171843,9,9,1,FR,0
https://openalex.org/W2082172023,3,3,1,EG,0
https://openalex.org/W2082185756,2,2,1,US,0
https://openalex.org/W2082197238,7,7,1,US,0
https://openalex.org/W2082212641,3,6,1,CN,0
https://openalex.org/W2082275273,3,3,1,RU,0
https://openalex.org/W2082300383,4,4,1,CN,0
https://openalex.org/W2082317585,2,2,1,EG,0
https://openalex.org/W2082352856,3,3,1,IN,0
https://openalex.org/W2082454233,4,4,2,"CU,MX",1
https://openalex.org/W2082463659,5,10,1,CN,0
https://openalex.org/W2082489870,4,4,0,,0
https://openalex.org/W2082494124,1,1,0,,0
https://openalex.org/W2082506106,2,2,1,SE,0
https://openalex.org/W2082506229,3,3,1,US,0
https://openalex.org/W2082514808,5,5,1,GB,0
https://openalex.org/W2082534489,4,4,1,CN,0
https://openalex.org/W2082552326,4,6,2,"ES,GB",1
https://openalex.org/W2082574710,6,24,1,FR,0
https://openalex.org/W2082581049,1,1,0,,0
https://openalex.org/W2082595193,4,4,1,MX,0
https://openalex.org/W2082607691,5,5,1,SE,0
https://openalex.org/W2082611235,5,7,2,"FR,LU",1
https://openalex.org/W2082676912,2,2,1,CN,0
https://openalex.org/W2082680733,3,5,2,"GB,PL",1
https://openalex.org/W2082684116,2,3,1,DE,0
https://openalex.org/W2082706022,1,1,0,,0
https://openalex.org/W2082714952,3,6,1,DE,0
https://openalex.org/W2082717496,2,2,1,US,0
https://openalex.org/W2082737942,4,4,1,CN,0
https://openalex.org/W2082757646,4,4,1,ES,0
https://openalex.org/W2082793319,9,10,2,"GB,US",1
https://openalex.org/W2082800420,5,5,1,KR,0
https://openalex.org/W2082812869,4,4,1,IR,0
https://openalex.org/W2082814586,2,2,1,IN,0
https://openalex.org/W2082830588,6,7,1,CN,0
https://openalex.org/W2082859288,3,4,1,BR,0
https://openalex.org/W2082865148,3,3,1,US,0
https://openalex.org/W2082873996,3,3,1,RU,0
https://openalex.org/W2082904927,2,3,1,AR,0
https://openalex.org/W2082906073,2,2,1,JP,0
https://openalex.org/W2082911420,4,4,2,"GB,MY",1
https://openalex.org/W2082929917,4,4,1,DE,0
https://openalex.org/W2082964985,7,8,1,CZ,0
https://openalex.org/W2082990184,6,6,1,CN,0
https://openalex.org/W2083000127,5,5,1,CN,0
https://openalex.org/W2083016534,5,5,1,BR,0
https://openalex.org/W2083020147,8,10,2,"DK,SK",1
https://openalex.org/W2083033962,5,5,1,CN,0
https://openalex.org/W2083063388,2,2,2,"SG,US",1
https://openalex.org/W2083065239,6,6,1,JP,0
https://openalex.org/W2083102606,8,8,1,TH,0
https://openalex.org/W2083103172,5,6,1,ES,0
https://openalex.org/W2083107784,2,2,1,CN,0
https://openalex.org/W2083111434,3,3,1,CN,0
https://openalex.org/W2083113034,4,4,1,TW,0
https://openalex.org/W2083113068,3,3,1,PL,0
https://openalex.org/W2083128798,2,2,1,GB,0
https://openalex.org/W2083155141,2,2,0,,0
https://openalex.org/W2083158697,3,3,1,IN,0
https://openalex.org/W2083166359,3,3,1,CN,0
https://openalex.org/W2083174389,1,1,0,,0
https://openalex.org/W2083217178,41,45,4,"DE,GB,IL,US",1
https://openalex.org/W2083222485,4,6,1,CN,0
https://openalex.org/W2083230729,4,4,1,TW,0
https://openalex.org/W2083256591,2,2,1,US,0
https://openalex.org/W2083260984,2,2,1,TW,0
https://openalex.org/W2083274075,3,3,1,JP,0
https://openalex.org/W2083361732,7,8,2,"GB,PL",1
https://openalex.org/W2083371187,5,5,1,BR,0
https://openalex.org/W2083380692,2,2,1,CN,0
https://openalex.org/W2083381229,3,3,1,JP,0
https://openalex.org/W2083443883,1,1,0,,0
https://openalex.org/W2083448299,5,5,1,TW,0
https://openalex.org/W2083457688,4,4,1,KR,0
https://openalex.org/W2083467776,4,4,1,CN,0
https://openalex.org/W2083504784,4,6,1,CN,0
https://openalex.org/W2083507653,8,14,1,FR,0
https://openalex.org/W2083518657,1,1,0,,0
https://openalex.org/W2083585959,8,8,2,"DE,IT",1
https://openalex.org/W2083630325,5,5,1,RU,0
https://openalex.org/W2083657684,3,3,1,PL,0
https://openalex.org/W2083660878,3,3,1,BR,0
https://openalex.org/W2083702492,6,6,1,JP,0
https://openalex.org/W2083742235,7,7,1,CN,0
https://openalex.org/W2083745991,5,5,1,CN,0
https://openalex.org/W2083769024,4,6,3,"AT,HR,PL",1
https://openalex.org/W2083793710,3,5,1,FR,0
https://openalex.org/W2083799334,2,2,1,JP,0
https://openalex.org/W2083823347,3,3,1,TW,0
https://openalex.org/W2083839013,3,3,1,JP,0
https://openalex.org/W2083850497,12,13,4,"CH,FR,GB,US",1
https://openalex.org/W2083866865,4,4,1,CN,0
https://openalex.org/W2083876566,11,11,1,US,0
https://openalex.org/W2083889491,8,8,1,IN,0
https://openalex.org/W2083913170,6,6,0,,0
https://openalex.org/W2083923816,2,2,1,CA,0
https://openalex.org/W2083936548,2,2,1,CN,0
https://openalex.org/W2083945808,7,7,1,JP,0
https://openalex.org/W2083955415,13,13,1,RU,0
https://openalex.org/W2083963782,7,7,1,CN,0
https://openalex.org/W2084003479,11,11,1,JP,0
https://openalex.org/W2084004786,2,2,1,AM,0
https://openalex.org/W2084021776,5,5,1,CN,0
https://openalex.org/W2084047293,5,5,1,CZ,0
https://openalex.org/W2084062516,6,9,2,"BE,FR",1
https://openalex.org/W2084082521,4,4,1,US,0
https://openalex.org/W2084085904,3,6,1,CN,0
https://openalex.org/W2084091418,6,7,1,CN,0
https://openalex.org/W2084147336,2,3,1,DE,0
https://openalex.org/W2084174029,4,4,1,KR,0
https://openalex.org/W2084174617,4,17,1,FR,0
https://openalex.org/W2084179466,9,9,1,JP,0
https://openalex.org/W2084196468,3,3,1,ZA,0
https://openalex.org/W2084198801,5,5,1,JP,0
https://openalex.org/W2084227449,3,3,1,JO,0
https://openalex.org/W2084235527,1,1,0,,0
https://openalex.org/W2084259991,6,16,1,FR,0
https://openalex.org/W2084277943,4,4,1,BE,0
https://openalex.org/W2084298890,3,3,1,DE,0
https://openalex.org/W2084306590,1,1,0,,0
https://openalex.org/W2084307080,3,3,0,,0
https://openalex.org/W2084311494,4,7,2,"IT,PL",1
https://openalex.org/W2084319301,9,27,1,FR,0
https://openalex.org/W2084343681,4,4,1,IT,0
https://openalex.org/W2084368962,3,3,1,JP,0
https://openalex.org/W2084382659,2,2,1,IN,0
https://openalex.org/W2084393614,4,4,1,US,0
https://openalex.org/W2084397304,3,4,2,"CN,JP",1
https://openalex.org/W2084425560,3,3,1,BR,0
https://openalex.org/W2084425581,5,5,1,ES,0
https://openalex.org/W2084440551,4,5,1,CN,0
https://openalex.org/W2084504114,3,3,2,"GR,IN",1
https://openalex.org/W2084512392,4,9,1,CN,0
https://openalex.org/W2084538696,10,10,1,JP,0
https://openalex.org/W2084581819,2,2,1,IN,0
https://openalex.org/W2084589271,6,6,1,CN,0
https://openalex.org/W2084597509,11,12,1,CN,0
https://openalex.org/W2084602984,4,5,2,"CA,JO",1
https://openalex.org/W2084609676,7,7,3,"CH,FR,JP",1
https://openalex.org/W2084634600,6,6,1,CZ,0
https://openalex.org/W2084655580,4,4,1,DE,0
https://openalex.org/W2084712439,2,2,1,TW,0
https://openalex.org/W2084717830,4,4,1,KR,0
https://openalex.org/W2084733329,6,7,2,"DE,US",1
https://openalex.org/W2084745262,4,4,1,US,0
https://openalex.org/W2084822008,1,1,0,,0
https://openalex.org/W2084824297,5,8,2,"CN,TH",1
https://openalex.org/W2084825046,2,2,1,US,0
https://openalex.org/W2084834949,8,8,1,TW,0
https://openalex.org/W2084836138,4,4,1,RO,0
https://openalex.org/W2084856320,3,3,2,"CN,JP",1
https://openalex.org/W2084868158,7,8,3,"CN,JP,US",1
https://openalex.org/W2084879881,4,4,2,"DE,PL",1
https://openalex.org/W2084888896,4,5,1,TW,0
https://openalex.org/W2084893652,8,8,1,US,0
https://openalex.org/W2084897586,3,3,1,ES,0
https://openalex.org/W2084898358,5,5,1,CN,0
https://openalex.org/W2084899620,5,5,1,JP,0
https://openalex.org/W2084903389,7,7,0,,0
https://openalex.org/W2084906386,5,5,1,US,0
https://openalex.org/W2084914409,4,4,1,FR,0
https://openalex.org/W2084920329,5,5,2,"IT,US",1
https://openalex.org/W2084957122,5,5,1,KR,0
https://openalex.org/W2084966632,4,5,1,UA,0
https://openalex.org/W2084973866,9,9,2,"IN,JP",1
https://openalex.org/W2084977176,10,24,3,"ES,FR,PT",1
https://openalex.org/W2085005238,4,4,0,,0
https://openalex.org/W2085027645,3,3,1,PL,0
https://openalex.org/W2085030090,2,2,1,CN,0
https://openalex.org/W2085060163,6,6,1,JP,0
https://openalex.org/W2085100047,2,2,1,PT,0
https://openalex.org/W2085130846,3,3,0,,0
https://openalex.org/W2085148803,5,5,1,CZ,0
https://openalex.org/W2085173665,6,12,1,HU,0
https://openalex.org/W2085189467,1,1,0,,0
https://openalex.org/W2085194173,2,2,1,US,0
https://openalex.org/W2085205644,4,4,1,CN,0
https://openalex.org/W2085232229,1,2,0,,0
https://openalex.org/W2085255273,7,8,1,ES,0
https://openalex.org/W2085260338,3,3,1,US,0
https://openalex.org/W2085261530,5,5,1,IT,0
https://openalex.org/W2085272272,2,2,1,IN,0
https://openalex.org/W2085278336,2,2,1,IT,0
https://openalex.org/W2085279714,5,7,2,"DE,GB",1
https://openalex.org/W2085289643,2,2,0,,0
https://openalex.org/W2085303922,2,2,1,JP,0
https://openalex.org/W2085330958,6,6,2,"CZ,US",1
https://openalex.org/W2085437691,4,4,1,JP,0
https://openalex.org/W2085487156,2,2,1,IN,0
https://openalex.org/W2085498951,7,10,1,US,0
https://openalex.org/W2085524049,6,6,1,CN,0
https://openalex.org/W2085576448,5,5,1,FR,0
https://openalex.org/W2085592927,3,3,1,TJ,0
https://openalex.org/W2085620541,3,3,1,BE,0
https://openalex.org/W2085648084,3,3,1,NL,0
https://openalex.org/W2085650571,5,5,1,US,0
https://openalex.org/W2085660028,7,7,1,US,0
https://openalex.org/W2085684598,1,2,0,,0
https://openalex.org/W2085692599,5,8,1,CN,0
https://openalex.org/W2085709684,2,2,1,JP,0
https://openalex.org/W2085728072,4,4,1,JP,0
https://openalex.org/W2085728166,1,1,0,,0
https://openalex.org/W2085730858,2,2,1,CA,0
https://openalex.org/W2085733963,7,7,1,DE,0
https://openalex.org/W2085797746,5,5,0,,0
https://openalex.org/W2085805348,5,5,2,"CN,TW",1
https://openalex.org/W2085817295,5,5,1,LU,0
https://openalex.org/W2085828233,7,7,2,"PL,UA",1
https://openalex.org/W2085833367,3,3,1,CN,0
https://openalex.org/W2085843729,2,2,1,KR,0
https://openalex.org/W2085881939,3,3,1,JP,0
https://openalex.org/W2085916836,6,6,1,PK,0
https://openalex.org/W2085928520,7,7,1,JP,0
https://openalex.org/W2085932894,3,3,1,TW,0
https://openalex.org/W2085959394,6,6,3,"CN,TW,US",1
https://openalex.org/W2085997545,4,4,1,JP,0
https://openalex.org/W2086052438,2,2,2,"AR,MX",1
https://openalex.org/W2086078807,7,7,1,US,0
https://openalex.org/W2086092216,1,1,0,,0
https://openalex.org/W2086097685,6,6,2,"IN,SE",1
https://openalex.org/W2086099247,5,5,1,KR,0
https://openalex.org/W2086103856,5,5,1,CN,0
https://openalex.org/W2086131948,5,13,1,CN,0
https://openalex.org/W2086133068,1,1,0,,0
https://openalex.org/W2086150104,6,7,1,CN,0
https://openalex.org/W2086151072,3,3,1,JP,0
https://openalex.org/W2086156754,2,2,1,CN,0
https://openalex.org/W2086178788,1,1,0,,0
https://openalex.org/W2086187881,2,2,1,TW,0
https://openalex.org/W2086207026,7,10,2,"AR,US",1
https://openalex.org/W2086222404,2,2,1,CN,0
https://openalex.org/W2086242509,6,7,2,"KR,US",1
https://openalex.org/W2086246838,6,10,3,"CA,FR,GB",1
https://openalex.org/W2086267276,4,4,1,CN,0
https://openalex.org/W2086289831,5,5,1,CN,0
https://openalex.org/W2086301060,4,4,1,US,0
https://openalex.org/W2086345313,7,7,1,RU,0
https://openalex.org/W2086347843,4,5,1,NO,0
https://openalex.org/W2086361294,3,3,1,CN,0
https://openalex.org/W2086376183,8,8,0,,0
https://openalex.org/W2086424025,5,5,1,JP,0
https://openalex.org/W2086427277,1,1,0,,0
https://openalex.org/W2086476932,5,7,2,"AU,FR",1
https://openalex.org/W2086479663,5,5,1,IN,0
https://openalex.org/W2086497571,3,5,1,US,0
https://openalex.org/W2086499707,5,10,1,SG,0
https://openalex.org/W2086521553,4,7,3,"HK,IN,TW",1
https://openalex.org/W2086589270,7,7,1,CN,0
https://openalex.org/W2086599686,4,4,1,US,0
https://openalex.org/W2086601352,1,1,0,,0
https://openalex.org/W2086606906,8,8,1,CN,0
https://openalex.org/W2086614540,4,4,1,JP,0
https://openalex.org/W2086622520,2,2,1,CN,0
https://openalex.org/W2086641062,3,4,1,CN,0
https://openalex.org/W2086648174,3,3,1,AU,0
https://openalex.org/W2086665723,3,3,2,"GB,IR",1
https://openalex.org/W2086708471,5,6,1,CA,0
https://openalex.org/W2086710768,6,6,2,"GR,US",1
https://openalex.org/W2086718745,4,4,1,BR,0
https://openalex.org/W2086741573,4,4,0,,0
https://openalex.org/W2086758552,5,5,2,"RU,US",1
https://openalex.org/W2086801732,4,4,1,IE,0
https://openalex.org/W2086810607,7,8,1,CN,0
https://openalex.org/W2086815731,5,5,1,CN,0
https://openalex.org/W2086826900,3,3,1,SA,0
https://openalex.org/W2086840062,4,5,1,CN,0
https://openalex.org/W2086856888,6,6,1,CA,0
https://openalex.org/W2086861249,1,1,0,,0
https://openalex.org/W2086861689,3,3,1,JP,0
https://openalex.org/W2086873238,1,1,0,,0
https://openalex.org/W2086880249,7,10,2,"FR,IL",1
https://openalex.org/W2086904949,7,21,1,FR,0
https://openalex.org/W2086927668,5,5,1,ES,0
https://openalex.org/W2086940583,6,6,1,US,0
https://openalex.org/W2086969905,9,13,1,RU,0
https://openalex.org/W2086970249,6,6,1,MX,0
https://openalex.org/W2086981746,2,2,1,BE,0
https://openalex.org/W2087010689,2,2,1,KR,0
https://openalex.org/W2087035340,4,4,1,US,0
https://openalex.org/W2087040550,6,6,1,JP,0
https://openalex.org/W2087051661,9,9,1,JP,0
https://openalex.org/W2087071610,8,8,2,"IN,US",1
https://openalex.org/W2087081574,4,4,1,CN,0
https://openalex.org/W2087082908,3,3,1,RU,0
https://openalex.org/W2087092349,1,1,0,,0
https://openalex.org/W2087092905,4,4,1,US,0
https://openalex.org/W2087116584,7,14,1,JP,0
https://openalex.org/W2087121355,7,9,2,"DE,US",1
https://openalex.org/W2087128979,3,6,1,FR,0
https://openalex.org/W2087153483,3,6,1,TR,0
https://openalex.org/W2087175345,1,1,0,,0
https://openalex.org/W2087202587,1,1,0,,0
https://openalex.org/W2087219224,1,1,0,,0
https://openalex.org/W2087219288,4,4,1,CN,0
https://openalex.org/W2087219719,10,10,1,RU,0
https://openalex.org/W2087285891,4,5,1,SE,0
https://openalex.org/W2087354264,9,12,3,"DE,GB,RU",1
https://openalex.org/W2087361900,6,9,1,US,0
https://openalex.org/W2087396708,5,5,1,CN,0
https://openalex.org/W2087406018,4,4,1,US,0
https://openalex.org/W2087416004,5,5,1,CN,0
https://openalex.org/W2087436229,3,3,1,DE,0
https://openalex.org/W2087455844,4,8,1,KR,0
https://openalex.org/W2087459653,1,1,0,,0
https://openalex.org/W2087467948,4,4,1,AT,0
https://openalex.org/W2087481249,3,3,1,DK,0
https://openalex.org/W2087482504,2,2,1,AT,0
https://openalex.org/W2087500595,4,4,1,RU,0
https://openalex.org/W2087518718,5,5,1,TR,0
https://openalex.org/W2087524408,5,10,1,CN,0
https://openalex.org/W2087554509,5,5,1,US,0
https://openalex.org/W2087558583,8,8,1,US,0
https://openalex.org/W2087558612,5,5,1,NO,0
https://openalex.org/W2087563954,8,8,1,US,0
https://openalex.org/W2087567112,2,2,2,"DE,IN",1
https://openalex.org/W2087574266,3,3,1,JP,0
https://openalex.org/W2087576064,7,27,1,FR,0
https://openalex.org/W2087585584,4,4,1,IN,0
https://openalex.org/W2087594029,1,1,0,,0
https://openalex.org/W2087607675,4,4,1,CN,0
https://openalex.org/W2087618461,4,4,1,RU,0
https://openalex.org/W2087626958,4,4,2,"GB,RO",1
https://openalex.org/W2087657451,5,5,1,KR,0
https://openalex.org/W2087673415,1,1,0,,0
https://openalex.org/W2087678286,2,2,0,,0
https://openalex.org/W2087679070,3,3,1,TW,0
https://openalex.org/W2087689800,2,2,1,TW,0
https://openalex.org/W2087744294,9,14,1,CN,0
https://openalex.org/W2087782986,6,7,1,CN,0
https://openalex.org/W2087790208,3,3,1,KR,0
https://openalex.org/W2087807011,2,2,1,US,0
https://openalex.org/W2087827388,4,4,1,CN,0
https://openalex.org/W2087861819,9,24,1,FR,0
https://openalex.org/W2087899842,4,5,1,JP,0
https://openalex.org/W2087903376,3,3,1,GB,0
https://openalex.org/W2087975729,3,3,1,DE,0
https://openalex.org/W2087977820,4,4,1,TW,0
https://openalex.org/W2087978031,8,8,1,CN,0
https://openalex.org/W2087981034,5,5,2,"CN,HK",1
https://openalex.org/W2088013952,7,7,1,CN,0
https://openalex.org/W2088032337,6,6,1,KR,0
https://openalex.org/W2088069875,6,17,1,FR,0
https://openalex.org/W2088082481,5,5,1,KR,0
https://openalex.org/W2088095664,2,2,1,IT,0
https://openalex.org/W2088108542,3,3,1,IN,0
https://openalex.org/W2088120134,5,5,1,NO,0
https://openalex.org/W2088121236,3,3,1,CN,0
https://openalex.org/W2088126803,8,8,1,CN,0
https://openalex.org/W2088147786,5,7,1,FR,0
https://openalex.org/W2088149479,4,4,1,KR,0
https://openalex.org/W2088151264,6,16,1,FR,0
https://openalex.org/W2088165192,7,7,1,ES,0
https://openalex.org/W2088186381,3,3,1,US,0
https://openalex.org/W2088194976,3,3,1,IN,0
https://openalex.org/W2088212139,3,3,1,KR,0
https://openalex.org/W2088245375,6,8,2,"TW,US",1
https://openalex.org/W2088246954,5,6,1,CN,0
https://openalex.org/W2088261669,6,8,2,"DZ,US",1
https://openalex.org/W2088263653,3,3,1,US,0
https://openalex.org/W2088284912,6,10,1,CN,0
https://openalex.org/W2088320349,7,7,1,CN,0
https://openalex.org/W2088325172,5,5,1,KR,0
https://openalex.org/W2088329467,7,9,1,TW,0
https://openalex.org/W2088360783,3,3,1,KR,0
https://openalex.org/W2088367745,1,1,0,,0
https://openalex.org/W2088397944,3,3,2,"CN,JP",1
https://openalex.org/W2088401305,6,7,1,CN,0
https://openalex.org/W2088405884,6,9,4,"MX,RU,SK,US",1
https://openalex.org/W2088406708,4,4,1,IL,0
https://openalex.org/W2088408383,8,8,1,KR,0
https://openalex.org/W2088419963,3,3,1,JP,0
https://openalex.org/W2088424141,4,4,2,"BY,RU",1
https://openalex.org/W2088427740,4,12,2,"CN,JP",1
https://openalex.org/W2088439414,3,4,2,"CN,DE",1
https://openalex.org/W2088450217,8,8,1,BY,0
https://openalex.org/W2088451381,4,4,2,"GB,US",1
https://openalex.org/W2088468158,2,2,1,JP,0
https://openalex.org/W2088480258,3,3,1,JP,0
https://openalex.org/W2088485626,5,5,1,DE,0
https://openalex.org/W2088504974,3,3,1,IN,0
https://openalex.org/W2088513282,9,9,2,"KR,US",1
https://openalex.org/W2088550078,4,4,1,KR,0
https://openalex.org/W2088554132,1,1,0,,0
https://openalex.org/W2088555956,9,9,1,TW,0
https://openalex.org/W2088561910,3,3,1,KR,0
https://openalex.org/W2088562519,5,5,1,KR,0
https://openalex.org/W2088567491,4,4,1,IN,0
https://openalex.org/W2088574786,11,11,0,,0
https://openalex.org/W2088580494,2,2,1,GB,0
https://openalex.org/W2088584645,2,2,1,PK,0
https://openalex.org/W2088592358,6,6,1,KR,0
https://openalex.org/W2088635071,4,4,1,KR,0
https://openalex.org/W2088686244,3,3,1,RU,0
https://openalex.org/W2088711890,1,1,0,,0
https://openalex.org/W2088724847,6,6,1,CN,0
https://openalex.org/W2088729843,4,5,1,FR,0
https://openalex.org/W2088734253,3,3,0,,0
https://openalex.org/W2088740664,3,3,1,SG,0
https://openalex.org/W2088790757,7,7,1,KR,0
https://openalex.org/W2088796499,6,6,1,CN,0
https://openalex.org/W2088884283,8,10,1,CN,0
https://openalex.org/W2088890993,4,4,1,CN,0
https://openalex.org/W2088898337,4,4,1,CN,0
https://openalex.org/W2088946201,5,5,1,CN,0
https://openalex.org/W2088947036,6,6,1,AU,0
https://openalex.org/W2088947300,10,20,1,JP,0
https://openalex.org/W2088954082,5,5,1,US,0
https://openalex.org/W2088958799,2,2,1,US,0
https://openalex.org/W2088994175,2,2,1,TR,0
https://openalex.org/W2089010746,4,4,1,JP,0
https://openalex.org/W2089026839,5,5,1,KR,0
https://openalex.org/W2089044206,3,3,1,US,0
https://openalex.org/W2089046301,3,3,1,TR,0
https://openalex.org/W2089047749,4,6,1,CN,0
https://openalex.org/W2089057133,5,6,2,"CN,US",1
https://openalex.org/W2089063781,11,11,2,"GB,PE",1
https://openalex.org/W2089085274,7,7,1,CN,0
https://openalex.org/W2089094910,2,2,1,JP,0
https://openalex.org/W2089102082,3,3,1,CN,0
https://openalex.org/W2089118740,2,6,2,"FR,JP",1
https://openalex.org/W2089127032,4,4,1,CN,0
https://openalex.org/W2089131498,11,11,2,"CA,US",1
https://openalex.org/W2089181218,3,3,1,CA,0
https://openalex.org/W2089203163,4,4,1,JP,0
https://openalex.org/W2089215771,4,4,1,NO,0
https://openalex.org/W2089222707,2,2,2,"TW,US",1
https://openalex.org/W2089233443,2,3,1,US,0
https://openalex.org/W2089317613,2,2,1,CN,0
https://openalex.org/W2089359688,3,3,0,,0
https://openalex.org/W2089368016,1,1,0,,0
https://openalex.org/W2089398814,4,4,1,RU,0
https://openalex.org/W2089408291,5,5,1,KR,0
https://openalex.org/W2089418627,5,5,1,US,0
https://openalex.org/W2089422372,5,5,1,MY,0
https://openalex.org/W2089426372,4,4,1,PK,0
https://openalex.org/W2089436848,3,3,1,CN,0
https://openalex.org/W2089439045,3,3,1,PL,0
https://openalex.org/W2089441442,4,4,1,IR,0
https://openalex.org/W2089498527,5,5,1,US,0
https://openalex.org/W2089504652,1,1,0,,0
https://openalex.org/W2089520830,1,1,0,,0
https://openalex.org/W2089524179,3,3,1,CN,0
https://openalex.org/W2089531456,5,5,1,KR,0
https://openalex.org/W2089532445,4,5,1,CN,0
https://openalex.org/W2089535832,5,5,2,"IT,PL",1
https://openalex.org/W2089543428,3,3,1,IN,0
https://openalex.org/W2089549312,8,8,1,CN,0
https://openalex.org/W2089562429,3,4,3,"BE,GB,PK",1
https://openalex.org/W2089571709,3,3,1,RU,0
https://openalex.org/W2089572255,4,4,1,TW,0
https://openalex.org/W2089582626,6,7,1,JP,0
https://openalex.org/W2089629748,5,5,2,"US,ZA",1
https://openalex.org/W2089647498,5,5,2,"CH,JP",1
https://openalex.org/W2089652621,2,2,1,KR,0
https://openalex.org/W2089672740,6,6,1,CN,0
https://openalex.org/W2089688699,4,4,1,ES,0
https://openalex.org/W2089710594,2,2,0,,0
https://openalex.org/W2089715477,5,8,1,BE,0
https://openalex.org/W2089726677,1,3,0,,0
https://openalex.org/W2089729188,4,4,1,KR,0
https://openalex.org/W2089739328,5,5,1,CN,0
https://openalex.org/W2089749291,4,4,2,"CN,HK",1
https://openalex.org/W2089751460,3,4,2,"CA,CN",1
https://openalex.org/W2089756583,9,9,2,"KR,US",1
https://openalex.org/W2089763035,4,10,1,FR,0
https://openalex.org/W2089790747,3,3,1,IN,0
https://openalex.org/W2089793773,5,5,1,CN,0
https://openalex.org/W2089797726,3,3,1,RU,0
https://openalex.org/W2089816985,1,1,0,,0
https://openalex.org/W2089827792,5,5,1,KR,0
https://openalex.org/W2089843143,3,3,1,IN,0
https://openalex.org/W2089843732,8,8,1,CN,0
https://openalex.org/W2089845074,5,5,1,IT,0
https://openalex.org/W2089862284,3,3,0,,0
https://openalex.org/W2089872072,2,2,1,TR,0
https://openalex.org/W2089872202,2,2,1,EG,0
https://openalex.org/W2089876787,1,1,0,,0
https://openalex.org/W2089889416,3,5,1,FR,0
https://openalex.org/W2089920137,3,5,1,CN,0
https://openalex.org/W2089924165,3,3,1,SG,0
https://openalex.org/W2089937542,6,10,2,"CN,HK",1
https://openalex.org/W2089964184,8,22,1,CN,0
https://openalex.org/W2089974762,6,6,1,IN,0
https://openalex.org/W2089989696,4,4,1,CN,0
https://openalex.org/W2090001837,4,4,2,"DE,FR",1
https://openalex.org/W2090018472,1,1,0,,0
https://openalex.org/W2090022466,3,3,1,JP,0
https://openalex.org/W2090059862,5,5,1,TW,0
https://openalex.org/W2090084036,3,4,2,"EG,KR",1
https://openalex.org/W2090094419,3,3,1,IL,0
https://openalex.org/W2090117287,5,6,1,CN,0
https://openalex.org/W2090134031,5,5,1,CN,0
https://openalex.org/W2090141609,3,3,1,CN,0
https://openalex.org/W2090152295,15,15,3,"FR,IT,RU",1
https://openalex.org/W2090173722,11,11,2,"CN,JP",1
https://openalex.org/W2090186503,2,2,1,EG,0
https://openalex.org/W2090198621,5,5,1,IN,0
https://openalex.org/W2090204370,5,5,1,KR,0
https://openalex.org/W2090208318,4,4,1,CN,0
https://openalex.org/W2090209597,6,6,1,KR,0
https://openalex.org/W2090215996,3,3,1,KR,0
https://openalex.org/W2090216664,3,3,1,MY,0
https://openalex.org/W2090223322,3,3,1,US,0
https://openalex.org/W2090225290,5,5,1,TW,0
https://openalex.org/W2090238086,6,6,1,CN,0
https://openalex.org/W2090241670,3,3,1,CN,0
https://openalex.org/W2090245215,1,1,0,,0
https://openalex.org/W2090246611,6,6,3,"AT,BE,DE",1
https://openalex.org/W2090247309,2,2,1,IR,0
https://openalex.org/W2090298300,6,8,3,"CN,GB,RO",1
https://openalex.org/W2090345368,7,8,1,CN,0
https://openalex.org/W2090347308,5,5,0,,0
https://openalex.org/W2090353699,6,6,0,,0
https://openalex.org/W2090359177,4,8,1,HU,0
https://openalex.org/W2090376217,3,3,1,GB,0
https://openalex.org/W2090402456,4,4,1,CN,0
https://openalex.org/W2090418190,3,3,1,BR,0
https://openalex.org/W2090427120,5,5,1,CN,0
https://openalex.org/W2090437829,3,3,1,CN,0
https://openalex.org/W2090470385,7,7,1,AU,0
https://openalex.org/W2090490693,4,4,2,"AU,US",1
https://openalex.org/W2090506633,2,3,2,"GR,US",1
https://openalex.org/W2090510228,4,4,3,"FR,IL,US",1
https://openalex.org/W2090535771,2,3,2,"DE,RU",1
https://openalex.org/W2090557949,3,3,1,DE,0
https://openalex.org/W2090565205,4,4,1,CN,0
https://openalex.org/W2090665639,3,3,1,ES,0
https://openalex.org/W2090698613,1,1,0,,0
https://openalex.org/W2090700778,5,5,2,"KR,RU",1
https://openalex.org/W2090754358,3,3,1,BR,0
https://openalex.org/W2090839864,5,5,1,CH,0
https://openalex.org/W2090855274,4,4,1,RU,0
https://openalex.org/W2090855276,2,3,2,"BR,CO",1
https://openalex.org/W2090880658,1,1,0,,0
https://openalex.org/W2090899803,4,4,1,US,0
https://openalex.org/W2090908593,3,5,1,CN,0
https://openalex.org/W2090923962,4,4,1,DE,0
https://openalex.org/W2090932254,4,4,1,TW,0
https://openalex.org/W2090963192,5,7,2,"BE,JP",1
https://openalex.org/W2090964988,1,1,0,,0
https://openalex.org/W2090966913,4,8,1,IT,0
https://openalex.org/W2090973120,5,5,1,UA,0
https://openalex.org/W2090979334,2,2,1,US,0
https://openalex.org/W2090985618,3,3,1,DE,0
https://openalex.org/W2091014389,2,2,1,PL,0
https://openalex.org/W2091036607,1,1,0,,0
https://openalex.org/W2091051676,5,5,1,DE,0
https://openalex.org/W2091057279,5,5,1,JP,0
https://openalex.org/W2091087574,6,7,2,"BR,PT",1
https://openalex.org/W2091099157,2,2,1,IR,0
https://openalex.org/W2091111624,9,9,1,US,0
https://openalex.org/W2091125363,4,4,1,IN,0
https://openalex.org/W2091132712,4,4,1,US,0
https://openalex.org/W2091137818,4,4,1,TW,0
https://openalex.org/W2091156811,5,5,1,RO,0
https://openalex.org/W2091172241,2,2,1,JP,0
https://openalex.org/W2091201082,5,5,3,"GB,IT,RU",1
https://openalex.org/W2091209345,6,6,1,US,0
https://openalex.org/W2091225142,3,3,1,TR,0
https://openalex.org/W2091234478,5,5,1,US,0
https://openalex.org/W2091266235,3,3,3,"CH,DE,IR",1
https://openalex.org/W2091274735,5,10,1,CN,0
https://openalex.org/W2091298285,4,4,1,AR,0
https://openalex.org/W2091309630,5,5,1,US,0
https://openalex.org/W2091315745,3,3,1,GB,0
https://openalex.org/W2091325377,8,8,1,MY,0
https://openalex.org/W2091329183,6,7,1,CN,0
https://openalex.org/W2091330429,4,4,1,CN,0
https://openalex.org/W2091332289,7,8,1,CN,0
https://openalex.org/W2091378071,2,2,2,"BR,GB",1
https://openalex.org/W2091382478,3,6,1,DE,0
https://openalex.org/W2091429145,6,6,1,IT,0
https://openalex.org/W2091459598,2,2,1,IT,0
https://openalex.org/W2091461103,5,9,1,CN,0
https://openalex.org/W2091471741,4,4,1,SI,0
https://openalex.org/W2091478390,3,3,0,,0
https://openalex.org/W2091497874,4,4,1,KR,0
https://openalex.org/W2091499939,4,7,2,"CN,FR",1
https://openalex.org/W2091509598,4,4,1,CN,0
https://openalex.org/W2091535012,3,3,1,GB,0
https://openalex.org/W2091537812,4,4,1,KR,0
https://openalex.org/W2091542248,3,6,1,IN,0
https://openalex.org/W2091559431,5,6,2,"CN,US",1
https://openalex.org/W2091578556,3,3,1,TW,0
https://openalex.org/W2091586478,4,4,1,US,0
https://openalex.org/W2091652218,3,3,1,CN,0
https://openalex.org/W2091682809,4,4,1,US,0
https://openalex.org/W2091699834,3,3,1,GB,0
https://openalex.org/W2091722256,6,11,1,RU,0
https://openalex.org/W2091744404,3,3,1,US,0
https://openalex.org/W2091751070,4,4,1,RO,0
https://openalex.org/W2091757095,6,6,1,CN,0
https://openalex.org/W2091786403,5,5,1,US,0
https://openalex.org/W2091813809,4,4,2,"IN,US",1
https://openalex.org/W2091828773,6,6,1,US,0
https://openalex.org/W2091845168,2,3,2,"DK,JP",1
https://openalex.org/W2091852740,6,8,1,TH,0
https://openalex.org/W2091871734,9,9,1,CN,0
https://openalex.org/W2091880602,3,4,1,CN,0
https://openalex.org/W2091882294,4,4,1,CN,0
https://openalex.org/W2091890521,1,1,0,,0
https://openalex.org/W2091925017,1,1,0,,0
https://openalex.org/W2091926112,12,14,2,"DE,TW",1
https://openalex.org/W2091952175,4,4,1,CN,0
https://openalex.org/W2091955149,3,3,1,IN,0
https://openalex.org/W2091986816,3,3,1,KR,0
https://openalex.org/W2091991608,6,6,1,CN,0
https://openalex.org/W2091995175,5,10,4,"DE,ES,FR,GB",1
https://openalex.org/W2092005820,3,3,1,JP,0
https://openalex.org/W2092007963,4,4,1,JP,0
https://openalex.org/W2092010911,4,4,2,"CA,CN",1
https://openalex.org/W2092024231,2,2,1,FI,0
https://openalex.org/W2092025395,2,4,1,CN,0
https://openalex.org/W2092030253,1,1,0,,0
https://openalex.org/W2092034067,3,3,1,SG,0
https://openalex.org/W2092041354,6,6,1,KR,0
https://openalex.org/W2092056777,3,3,1,CN,0
https://openalex.org/W2092075789,6,6,1,KR,0
https://openalex.org/W2092107136,2,2,1,TW,0
https://openalex.org/W2092108226,8,8,1,PL,0
https://openalex.org/W2092134372,3,3,1,JP,0
https://openalex.org/W2092139726,4,4,1,US,0
https://openalex.org/W2092144351,4,7,1,PL,0
https://openalex.org/W2092217319,7,11,2,"DZ,FR",1
https://openalex.org/W2092227938,6,6,1,CN,0
https://openalex.org/W2092228117,7,7,1,TW,0
https://openalex.org/W2092232592,4,4,1,CZ,0
https://openalex.org/W2092234934,6,8,2,"BR,FR",1
https://openalex.org/W2092257439,4,4,1,MY,0
https://openalex.org/W2092276911,4,4,1,IN,0
https://openalex.org/W2092280267,6,7,2,"DE,UA",1
https://openalex.org/W2092291692,5,5,1,FR,0
https://openalex.org/W2092326351,1,1,0,,0
https://openalex.org/W2092332677,1,1,0,,0
https://openalex.org/W2092336257,5,5,1,IN,0
https://openalex.org/W2092353758,3,3,2,"DK,FR",1
https://openalex.org/W2092354174,5,7,2,"CN,SG",1
https://openalex.org/W2092368563,10,13,1,TW,0
https://openalex.org/W2092403670,5,5,1,RU,0
https://openalex.org/W2092416188,3,3,1,JP,0
https://openalex.org/W2092423328,5,5,1,DE,0
https://openalex.org/W2092451602,6,8,1,EG,0
https://openalex.org/W2092463532,2,2,1,RU,0
https://openalex.org/W2092518610,3,3,1,ES,0
https://openalex.org/W2092532985,4,4,1,CA,0
https://openalex.org/W2092567665,5,8,2,"DE,FR",1
https://openalex.org/W2092571359,7,7,1,US,0
https://openalex.org/W2092586975,8,15,2,"CN,US",1
https://openalex.org/W2092623460,6,6,2,"ES,MX",1
https://openalex.org/W2092626631,4,4,1,JP,0
https://openalex.org/W2092628581,3,3,1,UY,0
https://openalex.org/W2092641860,8,8,1,DE,0
https://openalex.org/W2092656564,8,8,1,KR,0
https://openalex.org/W2092696469,8,8,2,"IE,IT",1
https://openalex.org/W2092701174,3,3,1,TW,0
https://openalex.org/W2092737346,4,4,1,US,0
https://openalex.org/W2092752693,4,4,1,CH,0
https://openalex.org/W2092763115,10,21,1,CN,0
https://openalex.org/W2092765959,3,3,2,"DE,US",1
https://openalex.org/W2092778420,2,5,1,CN,0
https://openalex.org/W2092817933,4,5,3,"CA,DE,FR",1
https://openalex.org/W2092825019,7,7,1,CN,0
https://openalex.org/W2092832915,5,5,1,CN,0
https://openalex.org/W2092847083,5,5,1,KR,0
https://openalex.org/W2092854971,2,2,1,FR,0
https://openalex.org/W2092873750,5,5,1,IR,0
https://openalex.org/W2092902431,2,2,0,,0
https://openalex.org/W2092912515,3,3,1,SI,0
https://openalex.org/W2092923295,6,6,1,IN,0
https://openalex.org/W2092927620,8,8,1,KR,0
https://openalex.org/W2092929563,3,5,1,DE,0
https://openalex.org/W2092948245,6,6,1,DE,0
https://openalex.org/W2092956940,2,2,1,DE,0
https://openalex.org/W2092957339,5,10,1,GB,0
https://openalex.org/W2092973871,4,4,1,KR,0
https://openalex.org/W2092997015,3,3,1,MY,0
https://openalex.org/W2093001273,7,7,1,RU,0
https://openalex.org/W2093013163,8,9,1,TR,0
https://openalex.org/W2093024009,3,3,1,IN,0
https://openalex.org/W2093076260,5,5,1,CN,0
https://openalex.org/W2093078896,5,5,2,"CZ,GB",1
https://openalex.org/W2093085369,2,2,1,NZ,0
https://openalex.org/W2093087746,4,5,1,GR,0
https://openalex.org/W2093091321,4,4,1,MY,0
https://openalex.org/W2093120892,6,6,1,ES,0
https://openalex.org/W2093137944,7,7,2,"IT,NL",1
https://openalex.org/W2093143343,8,8,1,BR,0
https://openalex.org/W2093161352,5,5,1,MX,0
https://openalex.org/W2093164364,5,6,1,US,0
https://openalex.org/W2093188259,3,3,1,IR,0
https://openalex.org/W2093190801,7,7,1,CN,0
https://openalex.org/W2093208169,5,5,2,"DE,JP",1
https://openalex.org/W2093234293,4,4,1,US,0
https://openalex.org/W2093247642,6,6,1,MX,0
https://openalex.org/W2093259751,1,1,0,,0
https://openalex.org/W2093264561,4,4,1,MX,0
https://openalex.org/W2093270661,8,8,1,KR,0
https://openalex.org/W2093272601,7,7,1,TW,0
https://openalex.org/W2093280499,6,6,1,KR,0
https://openalex.org/W2093305878,6,6,1,CN,0
https://openalex.org/W2093330855,5,9,1,FR,0
https://openalex.org/W2093368795,8,9,1,JP,0
https://openalex.org/W2093449568,6,6,1,JP,0
https://openalex.org/W2093470728,9,15,1,CN,0
https://openalex.org/W2093481051,3,3,1,JP,0
https://openalex.org/W2093486718,5,5,1,KR,0
https://openalex.org/W2093497915,2,2,1,TH,0
https://openalex.org/W2093515752,2,2,1,US,0
https://openalex.org/W2093542841,2,2,1,IN,0
https://openalex.org/W2093567330,8,8,1,GR,0
https://openalex.org/W2093594019,6,6,0,,0
https://openalex.org/W2093603794,2,2,1,IN,0
https://openalex.org/W2093604425,7,13,2,"GB,JP",1
https://openalex.org/W2093612530,4,5,2,"CA,GB",1
https://openalex.org/W2093615049,2,2,1,KR,0
https://openalex.org/W2093622699,10,27,1,CN,0
https://openalex.org/W2093708140,5,5,0,,0
https://openalex.org/W2093735396,2,2,1,TH,0
https://openalex.org/W2093770717,3,3,2,"PK,US",1
https://openalex.org/W2093778868,2,4,1,CN,0
https://openalex.org/W2093780589,6,6,2,"KR,US",1
https://openalex.org/W2093785462,7,22,1,FR,0
https://openalex.org/W2093805370,1,1,0,,0
https://openalex.org/W2093805575,1,1,0,,0
https://openalex.org/W2093825561,3,6,1,CN,0
https://openalex.org/W2093832848,3,3,1,CN,0
https://openalex.org/W2093879168,3,3,2,"KR,TW",1
https://openalex.org/W2093901029,3,3,1,GB,0
https://openalex.org/W2093906125,1,1,0,,0
https://openalex.org/W2093925982,10,10,1,CN,0
https://openalex.org/W2093933289,3,3,1,CH,0
https://openalex.org/W2093949845,1,1,0,,0
https://openalex.org/W2093954330,2,4,1,TR,0
https://openalex.org/W2093967208,4,5,2,"DE,US",1
https://openalex.org/W2093968969,3,3,1,KR,0
https://openalex.org/W2093970821,5,5,1,BR,0
https://openalex.org/W2093982091,3,3,1,CA,0
https://openalex.org/W2093997935,9,12,1,BR,0
https://openalex.org/W2094015665,8,8,2,"MX,UA",1
https://openalex.org/W2094023377,4,4,0,,0
https://openalex.org/W2094029792,4,8,1,FR,0
https://openalex.org/W2094034215,5,5,1,UA,0
https://openalex.org/W2094048338,6,6,2,"FR,RU",1
https://openalex.org/W2094061162,4,4,1,CN,0
https://openalex.org/W2094079735,8,16,1,IT,0
https://openalex.org/W2094094296,6,6,2,"BR,MX",1
https://openalex.org/W2094107699,3,3,1,KR,0
https://openalex.org/W2094117632,2,2,1,US,0
https://openalex.org/W2094117689,2,2,1,US,0
https://openalex.org/W2094132767,1,1,0,,0
https://openalex.org/W2094136445,2,2,1,KR,0
https://openalex.org/W2094141817,1,1,0,,0
https://openalex.org/W2094142928,3,3,1,DE,0
https://openalex.org/W2094155012,3,3,1,MX,0
https://openalex.org/W2094159942,4,4,1,CN,0
https://openalex.org/W2094177780,4,4,2,"GB,US",1
https://openalex.org/W2094212580,3,4,1,US,0
https://openalex.org/W2094238511,3,3,1,US,0
https://openalex.org/W2094297183,5,5,1,RU,0
https://openalex.org/W2094312619,2,2,1,IN,0
https://openalex.org/W2094328372,4,4,1,KR,0
https://openalex.org/W2094330246,4,4,1,US,0
https://openalex.org/W2094340306,3,3,1,DE,0
https://openalex.org/W2094371541,3,3,2,"KR,US",1
https://openalex.org/W2094389177,3,3,1,CN,0
https://openalex.org/W2094400151,5,5,1,US,0
https://openalex.org/W2094408718,11,11,1,JP,0
https://openalex.org/W2094423628,1,1,0,,0
https://openalex.org/W2094479507,5,5,1,DE,0
https://openalex.org/W2094481511,3,3,1,BR,0
https://openalex.org/W2094499633,2,2,1,US,0
https://openalex.org/W2094500117,4,7,1,FR,0
https://openalex.org/W2094510105,3,3,1,MX,0
https://openalex.org/W2094545973,4,4,1,BR,0
https://openalex.org/W2094550990,2,2,1,US,0
https://openalex.org/W2094552090,5,5,1,CN,0
https://openalex.org/W2094553608,4,4,1,JP,0
https://openalex.org/W2094556518,4,7,1,US,0
https://openalex.org/W2094568966,4,4,0,,0
https://openalex.org/W2094591597,8,17,1,CN,0
https://openalex.org/W2094602403,3,3,1,IN,0
https://openalex.org/W2094603341,3,4,1,CA,0
https://openalex.org/W2094605533,3,3,1,RU,0
https://openalex.org/W2094622782,2,2,1,CN,0
https://openalex.org/W2094624311,3,3,1,CN,0
https://openalex.org/W2094642155,7,7,2,"MX,UA",1
https://openalex.org/W2094651205,5,5,1,IN,0
https://openalex.org/W2094651467,3,3,1,SE,0
https://openalex.org/W2094672786,3,3,1,US,0
https://openalex.org/W2094699915,5,5,1,JP,0
https://openalex.org/W2094735457,3,4,2,"FR,MX",1
https://openalex.org/W2094740919,5,5,2,"JP,TW",1
https://openalex.org/W2094754750,7,7,1,US,0
https://openalex.org/W2094763171,8,8,1,IN,0
https://openalex.org/W2094764680,4,5,1,CN,0
https://openalex.org/W2094804629,3,3,1,NL,0
https://openalex.org/W2094815572,6,7,2,"GB,IT",1
https://openalex.org/W2094832375,1,1,0,,0
https://openalex.org/W2094852027,3,3,0,,0
https://openalex.org/W2094867819,3,4,1,DE,0
https://openalex.org/W2094882263,6,6,2,"AU,RU",1
https://openalex.org/W2094906919,8,8,1,GR,0
https://openalex.org/W2094947400,4,4,1,BR,0
https://openalex.org/W2094966319,9,9,1,GB,0
https://openalex.org/W2094966889,5,5,1,CN,0
https://openalex.org/W2094976967,2,4,1,CN,0
https://openalex.org/W2094986205,2,2,1,IN,0
https://openalex.org/W2095034059,3,3,1,TW,0
https://openalex.org/W2095036366,12,12,1,JP,0
https://openalex.org/W2095057672,3,3,2,"IE,RO",1
https://openalex.org/W2095067530,2,2,1,HU,0
https://openalex.org/W2095075347,5,5,1,CN,0
https://openalex.org/W2095081236,4,4,1,JP,0
https://openalex.org/W2095092410,4,4,0,,0
https://openalex.org/W2095105126,5,5,1,US,0
https://openalex.org/W2095106419,5,13,1,FR,0
https://openalex.org/W2095118123,6,11,1,CN,0
https://openalex.org/W2095121804,7,7,1,TW,0
https://openalex.org/W2095137737,8,9,1,CN,0
https://openalex.org/W2095155024,2,2,1,US,0
https://openalex.org/W2095156923,2,6,1,FR,0
https://openalex.org/W2095157653,7,7,1,NL,0
https://openalex.org/W2095161953,8,8,1,IT,0
https://openalex.org/W2095174608,2,2,1,RU,0
https://openalex.org/W2095180956,4,8,1,BR,0
https://openalex.org/W2095194294,2,2,1,CN,0
https://openalex.org/W2095211513,9,9,1,US,0
https://openalex.org/W2095273702,20,24,2,"DE,RU",1
https://openalex.org/W2095282013,4,9,1,US,0
https://openalex.org/W2095310399,3,3,1,US,0
https://openalex.org/W2095316126,5,7,1,RU,0
https://openalex.org/W2095355025,5,5,1,US,0
https://openalex.org/W2095376827,7,28,2,"FR,LT",1
https://openalex.org/W2095392100,2,3,1,IN,0
https://openalex.org/W2095401693,6,6,1,ZA,0
https://openalex.org/W2095466742,5,10,1,IN,0
https://openalex.org/W2095516968,4,4,1,KR,0
https://openalex.org/W2095524305,1,1,0,,0
https://openalex.org/W2095534909,5,5,1,CN,0
https://openalex.org/W2095541026,2,2,1,GB,0
https://openalex.org/W2095553137,8,8,2,"TW,US",1
https://openalex.org/W2095585152,7,7,1,CN,0
https://openalex.org/W2095650929,7,7,2,"DE,IT",1
https://openalex.org/W2095750813,4,4,1,MY,0
https://openalex.org/W2095779368,4,4,1,CN,0
https://openalex.org/W2095790226,7,9,1,JP,0
https://openalex.org/W2095802907,9,9,1,KR,0
https://openalex.org/W2095830355,4,4,1,DE,0
https://openalex.org/W2095897268,7,7,1,BE,0
https://openalex.org/W2095901395,4,4,1,TW,0
https://openalex.org/W2095909851,10,10,2,"CA,GB",1
https://openalex.org/W2095926886,7,7,1,CN,0
https://openalex.org/W2095998041,1,1,0,,0
https://openalex.org/W2096001616,4,4,1,CN,0
https://openalex.org/W2096026727,4,4,1,IE,0
https://openalex.org/W2096051970,2,2,1,US,0
https://openalex.org/W2096054751,2,2,1,IN,0
https://openalex.org/W2096062822,4,4,1,CA,0
https://openalex.org/W2096090658,2,2,1,US,0
https://openalex.org/W2096126427,4,5,1,FR,0
https://openalex.org/W2096188958,6,6,1,KR,0
https://openalex.org/W2096248092,31,31,1,KR,0
https://openalex.org/W2096267881,4,6,3,"DE,GB,IT",1
https://openalex.org/W2096286143,3,3,1,GR,0
https://openalex.org/W2096302606,5,6,1,KR,0
https://openalex.org/W2096303276,5,5,1,CN,0
https://openalex.org/W2096336477,5,5,1,US,0
https://openalex.org/W2096416457,2,2,1,FR,0
https://openalex.org/W2096438814,2,2,1,TW,0
https://openalex.org/W2096469037,5,5,1,US,0
https://openalex.org/W2096475004,3,3,1,US,0
https://openalex.org/W2096476515,2,2,1,US,0
https://openalex.org/W2096479859,6,6,2,"DK,GB",1
https://openalex.org/W2096490790,5,7,2,"GR,RU",1
https://openalex.org/W2096499321,14,14,4,"BG,CH,IT,RU",1
https://openalex.org/W2096519250,6,6,0,,0
https://openalex.org/W2096535703,3,3,2,"CN,SG",1
https://openalex.org/W2096551113,4,4,1,KR,0
https://openalex.org/W2096629680,4,4,1,KR,0
https://openalex.org/W2096641384,1,1,0,,0
https://openalex.org/W2096646696,7,9,1,SE,0
https://openalex.org/W2096660816,2,2,1,TW,0
https://openalex.org/W2096663697,4,4,1,DE,0
https://openalex.org/W2096721841,3,3,1,RU,0
https://openalex.org/W2096836779,5,6,2,"CN,TW",1
https://openalex.org/W2096894528,4,4,1,IN,0
https://openalex.org/W2096918924,8,8,1,US,0
https://openalex.org/W2096929475,1,1,0,,0
https://openalex.org/W2096970872,2,2,1,PL,0
https://openalex.org/W2096974486,2,2,1,TW,0
https://openalex.org/W2096994476,8,8,1,KR,0
https://openalex.org/W2097017469,5,15,1,RU,0
https://openalex.org/W2097037748,5,5,1,GB,0
https://openalex.org/W2097105186,4,4,1,DE,0
https://openalex.org/W2097140175,4,4,1,KR,0
https://openalex.org/W2097142346,9,11,3,"DE,JP,US",1
https://openalex.org/W2097143687,2,2,1,PL,0
https://openalex.org/W2097184953,4,4,1,GB,0
https://openalex.org/W2097208189,1,1,0,,0
https://openalex.org/W2097303694,2,2,2,"GR,RS",1
https://openalex.org/W2097421090,2,2,2,"SG,US",1
https://openalex.org/W2097446166,3,3,2,"BD,CA",1
https://openalex.org/W2097491653,3,3,1,US,0
https://openalex.org/W2097560160,3,3,1,US,0
https://openalex.org/W2097563251,2,2,1,DE,0
https://openalex.org/W2097670828,4,4,1,JP,0
https://openalex.org/W2097772002,5,5,1,US,0
https://openalex.org/W2097820353,7,7,1,DE,0
https://openalex.org/W2097884956,4,5,1,CN,0
https://openalex.org/W2097897678,3,3,1,CN,0
https://openalex.org/W2097934490,4,5,2,"CZ,US",1
https://openalex.org/W2097943401,3,3,1,BR,0
https://openalex.org/W2097984477,4,4,1,KR,0
https://openalex.org/W2098036396,2,2,0,,0
https://openalex.org/W2098080008,4,4,1,KR,0
https://openalex.org/W2098094257,3,3,1,US,0
https://openalex.org/W2098120902,3,3,1,TW,0
https://openalex.org/W2098229530,8,8,1,US,0
https://openalex.org/W2098318280,3,3,1,JP,0
https://openalex.org/W2098323815,3,3,1,JP,0
https://openalex.org/W2098332116,3,3,1,CN,0
https://openalex.org/W2098349625,4,4,2,"AU,CN",1
https://openalex.org/W2098385910,3,4,1,US,0
https://openalex.org/W2098392051,3,3,1,SG,0
https://openalex.org/W2098397735,4,4,2,"IT,US",1
https://openalex.org/W2098425961,2,2,1,US,0
https://openalex.org/W2098448302,5,10,1,IN,0
https://openalex.org/W2098507809,5,5,1,CL,0
https://openalex.org/W2098685111,5,5,1,BR,0
https://openalex.org/W2098695553,4,4,1,JP,0
https://openalex.org/W2098758049,5,5,1,TW,0
https://openalex.org/W2098764989,2,2,1,IN,0
https://openalex.org/W2098795502,6,6,1,US,0
https://openalex.org/W2098814062,1,1,0,,0
https://openalex.org/W2098847293,2,4,1,HU,0
https://openalex.org/W2098860029,7,7,1,CN,0
https://openalex.org/W2098879092,4,5,2,"NL,RU",1
https://openalex.org/W2098973446,2,3,1,CN,0
https://openalex.org/W2098982421,11,11,1,JP,0
https://openalex.org/W2098994289,1,1,0,,0
https://openalex.org/W2098997740,2,2,1,TW,0
https://openalex.org/W2099037460,4,4,1,FR,0
https://openalex.org/W2099042149,5,5,1,FR,0
https://openalex.org/W2099050807,5,5,0,,0
https://openalex.org/W2099061993,4,4,1,JP,0
https://openalex.org/W2099131211,5,5,1,CN,0
https://openalex.org/W2099144427,2,2,1,US,0
https://openalex.org/W2099173828,6,8,2,"DE,JP",1
https://openalex.org/W2099214123,4,4,1,JP,0
https://openalex.org/W2099240369,15,26,4,"BE,FR,NL,US",1
https://openalex.org/W2099250175,5,5,1,JP,0
https://openalex.org/W2099271640,6,6,1,RU,0
https://openalex.org/W2099278416,2,2,1,JP,0
https://openalex.org/W2099386129,4,4,1,KR,0
https://openalex.org/W2099447773,5,5,1,PT,0
https://openalex.org/W2099494768,4,4,1,ES,0
https://openalex.org/W2099503270,3,3,1,CN,0
https://openalex.org/W2099582823,3,3,1,SG,0
https://openalex.org/W2099681815,3,3,2,"SG,US",1
https://openalex.org/W2099684315,5,5,1,CN,0
https://openalex.org/W2099693185,5,6,1,CA,0
https://openalex.org/W2099704883,3,3,1,IT,0
https://openalex.org/W2099803660,4,4,1,DE,0
https://openalex.org/W2099809278,4,4,2,"BE,GB",1
https://openalex.org/W2099831216,2,2,0,,0
https://openalex.org/W2099943150,6,6,1,JP,0
https://openalex.org/W2099998138,3,3,1,TH,0
https://openalex.org/W2100060676,7,7,2,"DZ,FR",1
https://openalex.org/W2100084386,3,3,1,FR,0
https://openalex.org/W2100207848,4,4,1,US,0
https://openalex.org/W2100233835,2,2,0,,0
https://openalex.org/W2100234092,4,4,2,"CZ,RU",1
https://openalex.org/W2100436350,2,2,1,KR,0
https://openalex.org/W2100600481,1,1,0,,0
https://openalex.org/W2100601283,12,14,2,"CA,GB",1
https://openalex.org/W2100663885,7,7,1,AU,0
https://openalex.org/W2100705738,3,5,2,"GB,JP",1
https://openalex.org/W2100741651,2,2,1,US,0
https://openalex.org/W2100759763,19,23,2,"JP,US",1
https://openalex.org/W2100806298,2,2,1,US,0
https://openalex.org/W2100844102,3,3,1,MY,0
https://openalex.org/W2100879808,3,3,2,"GB,MY",1
https://openalex.org/W2100891155,2,2,0,,0
https://openalex.org/W2100969994,9,9,3,"AT,GB,US",1
https://openalex.org/W2101030425,5,5,1,AT,0
https://openalex.org/W2101045631,6,6,1,IT,0
https://openalex.org/W2101071388,1,1,0,,0
https://openalex.org/W2101076964,5,5,1,US,0
https://openalex.org/W2101124212,10,11,2,"TW,US",1
https://openalex.org/W2101129954,2,2,1,US,0
https://openalex.org/W2101163418,4,6,2,"FI,US",1
https://openalex.org/W2101191886,3,3,1,KR,0
https://openalex.org/W2101198023,4,4,1,BD,0
https://openalex.org/W2101203174,2,2,1,US,0
https://openalex.org/W2101208948,3,3,1,CN,0
https://openalex.org/W2101258731,5,10,1,GB,0
https://openalex.org/W2101302167,4,4,1,US,0
https://openalex.org/W2101363943,9,31,2,"FR,GR",1
https://openalex.org/W2101414262,5,5,1,US,0
https://openalex.org/W2101441217,3,3,2,"AT,HU",1
https://openalex.org/W2101477698,3,3,3,"DE,JP,KR",1
https://openalex.org/W2101480250,3,3,2,"NZ,RU",1
https://openalex.org/W2101487821,7,7,0,,0
https://openalex.org/W2101490726,6,6,1,CN,0
https://openalex.org/W2101508136,3,3,1,KR,0
https://openalex.org/W2101573662,5,5,1,IT,0
https://openalex.org/W2101602162,3,3,1,US,0
https://openalex.org/W2101617792,4,4,1,IT,0
https://openalex.org/W2101643056,2,2,2,"GB,HK",1
https://openalex.org/W2101700557,4,4,1,CN,0
https://openalex.org/W2101710279,3,3,1,IR,0
https://openalex.org/W2101772783,7,7,1,KR,0
https://openalex.org/W2101779743,1,1,0,,0
https://openalex.org/W2101786501,4,5,1,KR,0
https://openalex.org/W2101812365,4,4,0,,0
https://openalex.org/W2101871529,2,2,1,JP,0
https://openalex.org/W2101898312,9,9,1,IT,0
https://openalex.org/W2101947945,6,6,2,"TR,US",1
https://openalex.org/W2101954970,2,2,1,SG,0
https://openalex.org/W2102013265,4,4,1,JP,0
https://openalex.org/W2102031973,5,5,1,US,0
https://openalex.org/W2102046347,6,6,2,"CN,CZ",1
https://openalex.org/W2102066158,4,4,1,KR,0
https://openalex.org/W2102087828,4,4,1,KR,0
https://openalex.org/W2102097517,1,1,0,,0
https://openalex.org/W2102175474,3,5,3,"AU,CN,KR",1
https://openalex.org/W2102179125,12,12,1,US,0
https://openalex.org/W2102186908,1,1,0,,0
https://openalex.org/W2102190322,5,5,3,"AU,GB,SE",1
https://openalex.org/W2102221710,4,7,3,"DE,FR,US",1
https://openalex.org/W2102292638,3,4,1,US,0
https://openalex.org/W2102332550,6,6,1,US,0
https://openalex.org/W2102343145,3,3,1,TW,0
https://openalex.org/W2102442712,3,3,1,SG,0
https://openalex.org/W2102482803,5,5,1,US,0
https://openalex.org/W2102503820,2,2,1,US,0
https://openalex.org/W2102551631,7,7,1,CH,0
https://openalex.org/W2102556024,3,3,1,MX,0
https://openalex.org/W2102592307,3,3,2,"AU,HU",1
https://openalex.org/W2102633794,1,1,0,,0
https://openalex.org/W2102693142,267,276,9,"BE,DE,FR,GB,JP,NL,NZ,SE,US",1
https://openalex.org/W2102694275,1,1,0,,0
https://openalex.org/W2102723485,5,6,1,US,0
https://openalex.org/W2102801474,1,1,0,,0
https://openalex.org/W2102803723,5,5,1,US,0
https://openalex.org/W2102844621,3,3,1,CA,0
https://openalex.org/W2102848379,7,7,1,GR,0
https://openalex.org/W2102870330,6,6,2,"BE,JP",1
https://openalex.org/W2102879249,5,8,1,GB,0
https://openalex.org/W2102893099,5,5,2,"BR,IT",1
https://openalex.org/W2102923184,4,4,1,JP,0
https://openalex.org/W2102933343,3,3,1,US,0
https://openalex.org/W2102994661,6,6,2,"BE,US",1
https://openalex.org/W2102995450,2,2,1,CN,0
https://openalex.org/W2103081921,7,7,2,"RU,US",1
https://openalex.org/W2103100540,4,4,2,"AT,CH",1
https://openalex.org/W2103117930,5,5,1,CN,0
https://openalex.org/W2103158001,1,1,0,,0
https://openalex.org/W2103229647,4,4,1,TW,0
https://openalex.org/W2103254695,3,3,1,SG,0
https://openalex.org/W2103266730,3,3,1,JP,0
https://openalex.org/W2103273879,3,3,1,IN,0
https://openalex.org/W2103280819,3,3,1,TW,0
https://openalex.org/W2103332347,6,16,3,"FR,GB,JP",1
https://openalex.org/W2103395352,7,7,0,,0
https://openalex.org/W2103396004,2,2,1,US,0
https://openalex.org/W2103405668,9,9,1,US,0
https://openalex.org/W2103408691,2,2,1,JP,0
https://openalex.org/W2103428703,4,4,1,IT,0
https://openalex.org/W2103443070,4,4,1,SG,0
https://openalex.org/W2103575581,3,6,1,CN,0
https://openalex.org/W2103598880,6,6,2,"IL,RU",1
https://openalex.org/W2103599849,2,3,1,DE,0
https://openalex.org/W2103617188,7,7,1,PL,0
https://openalex.org/W2103621063,5,5,1,US,0
https://openalex.org/W2103672555,6,6,1,CN,0
https://openalex.org/W2103771983,7,7,2,"CA,US",1
https://openalex.org/W2103872184,4,4,1,US,0
https://openalex.org/W2104027228,10,14,1,FR,0
https://openalex.org/W2104027887,2,2,1,RU,0
https://openalex.org/W2104057687,4,4,1,TW,0
https://openalex.org/W2104061151,6,6,1,CN,0
https://openalex.org/W2104075792,2,4,1,PL,0
https://openalex.org/W2104121865,3,3,1,SA,0
https://openalex.org/W2104177486,7,7,1,US,0
https://openalex.org/W2104199697,7,10,3,"BR,DE,DZ",1
https://openalex.org/W2104211666,1,1,0,,0
https://openalex.org/W2104310062,5,5,1,AU,0
https://openalex.org/W2104338903,4,4,1,IT,0
https://openalex.org/W2104367485,3,4,1,US,0
https://openalex.org/W2104403665,3,5,1,US,0
https://openalex.org/W2104433630,5,5,1,FI,0
https://openalex.org/W2104450338,3,3,1,RU,0
https://openalex.org/W2104533107,3,3,2,"AU,DE",1
https://openalex.org/W2104791835,4,5,2,"HK,SG",1
https://openalex.org/W2104804037,5,5,1,CH,0
https://openalex.org/W2104810752,1,1,0,,0
https://openalex.org/W2104836822,7,7,1,KR,0
https://openalex.org/W2104836867,1,2,0,,0
https://openalex.org/W2104847968,2,2,0,,0
https://openalex.org/W2104855535,4,4,1,FR,0
https://openalex.org/W2104881703,5,5,1,CN,0
https://openalex.org/W2104885484,7,7,2,"IE,US",1
https://openalex.org/W2104927879,9,9,2,"NL,US",1
https://openalex.org/W2104929749,3,3,0,,0
https://openalex.org/W2105007456,3,4,1,CN,0
https://openalex.org/W2105033564,2,2,1,CH,0
https://openalex.org/W2105047618,7,11,1,FR,0
https://openalex.org/W2105072004,3,3,1,TW,0
https://openalex.org/W2105073746,5,5,1,JP,0
https://openalex.org/W2105152928,6,9,3,"BE,DE,FR",1
https://openalex.org/W2105171045,4,4,2,"GB,MY",1
https://openalex.org/W2105176625,3,6,1,DE,0
https://openalex.org/W2105184990,5,5,1,BR,0
https://openalex.org/W2105215815,5,5,1,US,0
https://openalex.org/W2105221069,2,2,0,,0
https://openalex.org/W2105233540,42,74,4,"FR,GB,HU,IT",1
https://openalex.org/W2105241610,5,5,1,BR,0
https://openalex.org/W2105353163,2,2,1,FR,0
https://openalex.org/W2105365449,3,3,1,US,0
https://openalex.org/W2105430445,2,2,1,CN,0
https://openalex.org/W2105482359,2,2,1,HK,0
https://openalex.org/W2105502557,8,8,2,"NL,RU",1
https://openalex.org/W2105524720,6,6,2,"CN,IE",1
https://openalex.org/W2105573609,3,3,1,GB,0
https://openalex.org/W2105686567,9,12,1,JP,0
https://openalex.org/W2105765498,6,6,1,US,0
https://openalex.org/W2105834552,4,4,1,CN,0
https://openalex.org/W2105917307,5,8,1,US,0
https://openalex.org/W2105926618,10,10,1,JP,0
https://openalex.org/W2105931234,5,5,1,CN,0
https://openalex.org/W2106027709,7,7,3,"FR,GB,US",1
https://openalex.org/W2106103963,3,3,1,MX,0
https://openalex.org/W2106289635,4,4,1,IR,0
https://openalex.org/W2106312179,9,9,1,JP,0
https://openalex.org/W2106315617,3,3,1,KR,0
https://openalex.org/W2106360377,3,3,1,US,0
https://openalex.org/W2106376162,6,7,3,"CN,DE,JP",1
https://openalex.org/W2106384963,8,8,1,CN,0
https://openalex.org/W2106390595,5,6,1,TW,0
https://openalex.org/W2106439876,3,3,1,US,0
https://openalex.org/W2106452961,5,5,1,BR,0
https://openalex.org/W2106466774,1,1,0,,0
https://openalex.org/W2106567234,2,4,2,"CN,US",1
https://openalex.org/W2106596027,8,12,2,"CN,SG",1
https://openalex.org/W2106614086,4,4,1,US,0
https://openalex.org/W2106712461,5,6,1,CN,0
https://openalex.org/W2106726538,9,9,1,JP,0
https://openalex.org/W2106739799,3,5,1,CN,0
https://openalex.org/W2106801809,4,6,1,JP,0
https://openalex.org/W2106804219,1,1,0,,0
https://openalex.org/W2106844850,1,1,0,,0
https://openalex.org/W2106908109,5,5,1,US,0
https://openalex.org/W2106912297,2,2,1,DE,0
https://openalex.org/W2106919090,7,21,1,FR,0
https://openalex.org/W2107092196,2,2,1,US,0
https://openalex.org/W2107232715,2,2,1,US,0
https://openalex.org/W2107258754,1,1,0,,0
https://openalex.org/W2107324308,10,10,1,ES,0
https://openalex.org/W2107384596,3,3,1,ES,0
https://openalex.org/W2107469826,3,3,1,TW,0
https://openalex.org/W2107515012,2,2,1,GB,0
https://openalex.org/W2107519195,2,2,1,US,0
https://openalex.org/W2107536015,3,3,1,US,0
https://openalex.org/W2107623313,2,2,1,GB,0
https://openalex.org/W2107626537,2,2,1,PK,0
https://openalex.org/W2107653342,3,3,1,KR,0
https://openalex.org/W2107671876,3,6,2,"DE,US",1
https://openalex.org/W2107707644,5,6,1,BR,0
https://openalex.org/W2107715510,4,4,1,CH,0
https://openalex.org/W2107718052,1,1,0,,0
https://openalex.org/W2107740417,4,4,1,BE,0
https://openalex.org/W2107795361,3,3,2,"FR,SK",1
https://openalex.org/W2107841033,11,13,1,US,0
https://openalex.org/W2107845634,10,10,1,GB,0
https://openalex.org/W2107869423,2,2,1,US,0
https://openalex.org/W2108027139,4,4,1,US,0
https://openalex.org/W2108090523,3,3,1,US,0
https://openalex.org/W2108109495,2,2,1,KR,0
https://openalex.org/W2108140490,3,3,1,TW,0
https://openalex.org/W2108152829,6,6,1,DE,0
https://openalex.org/W2108183908,3,3,2,"IT,US",1
https://openalex.org/W2108228886,2,2,0,,0
https://openalex.org/W2108257763,4,4,1,CN,0
https://openalex.org/W2108258334,4,4,3,"CA,CZ,US",1
https://openalex.org/W2108278376,11,12,1,FR,0
https://openalex.org/W2108353514,15,15,1,JP,0
https://openalex.org/W2108420113,2,2,1,IR,0
https://openalex.org/W2108421067,3,3,1,US,0
https://openalex.org/W2108446742,2,2,2,"CA,NO",1
https://openalex.org/W2108464329,4,4,1,CA,0
https://openalex.org/W2108475826,5,5,1,US,0
https://openalex.org/W2108483546,6,6,1,US,0
https://openalex.org/W2108575660,8,8,2,"CH,US",1
https://openalex.org/W2108616058,6,6,2,"IT,SE",1
https://openalex.org/W2108633872,3,3,1,NL,0
https://openalex.org/W2108644682,7,8,3,"IN,KR,SA",1
https://openalex.org/W2108652474,6,6,3,"CH,DE,PT",1
https://openalex.org/W2108678947,3,3,1,TH,0
https://openalex.org/W2108725413,7,7,2,"GB,IT",1
https://openalex.org/W2108736277,3,3,1,US,0
https://openalex.org/W2108737159,5,5,1,US,0
https://openalex.org/W2108747729,5,5,1,RU,0
https://openalex.org/W2108754201,4,4,1,CN,0
https://openalex.org/W2108798954,1,1,0,,0
https://openalex.org/W2108862906,5,5,2,"CA,US",1
https://openalex.org/W2108906373,4,4,1,CZ,0
https://openalex.org/W2108912325,5,5,1,JP,0
https://openalex.org/W2108942883,1,1,0,,0
https://openalex.org/W2108953022,5,6,2,"AU,CA",1
https://openalex.org/W2108967257,2,2,1,TW,0
https://openalex.org/W2108980885,1,1,0,,0
https://openalex.org/W2108985411,3,3,1,KR,0
https://openalex.org/W2109006095,3,3,1,US,0
https://openalex.org/W2109008081,4,4,2,"JP,US",1
https://openalex.org/W2109063347,2,3,1,FR,0
https://openalex.org/W2109070602,3,3,1,US,0
https://openalex.org/W2109097758,3,3,1,NO,0
https://openalex.org/W2109205467,4,6,1,CN,0
https://openalex.org/W2109253080,6,6,2,"CN,FR",1
https://openalex.org/W2109332612,4,4,1,KR,0
https://openalex.org/W2109389766,1,1,0,,0
https://openalex.org/W2109400479,11,11,1,KR,0
https://openalex.org/W2109437219,6,7,1,CN,0
https://openalex.org/W2109462013,3,3,1,IT,0
https://openalex.org/W2109557735,5,5,1,US,0
https://openalex.org/W2109577848,4,4,1,DE,0
https://openalex.org/W2109606300,6,6,1,IN,0
https://openalex.org/W2109607717,4,4,1,JP,0
https://openalex.org/W2109624346,5,5,1,CN,0
https://openalex.org/W2109664941,5,5,1,ES,0
https://openalex.org/W2109666451,3,3,0,,0
https://openalex.org/W2109789418,5,5,1,US,0
https://openalex.org/W2109805410,1,1,0,,0
https://openalex.org/W2109852284,3,3,1,BR,0
https://openalex.org/W2109877128,4,7,2,"DE,IT",1
https://openalex.org/W2109889281,3,3,1,SE,0
https://openalex.org/W2109897848,9,11,4,"CA,FR,GB,US",1
https://openalex.org/W2109905181,5,5,1,US,0
https://openalex.org/W2110006595,28,29,2,"DE,RU",1
https://openalex.org/W2110011862,3,4,1,BR,0
https://openalex.org/W2110215048,3,3,1,US,0
https://openalex.org/W2110276289,6,6,1,JP,0
https://openalex.org/W2110305364,3,3,1,TW,0
https://openalex.org/W2110309704,1,1,0,,0
https://openalex.org/W2110335636,4,4,1,IE,0
https://openalex.org/W2110353790,7,7,1,NL,0
https://openalex.org/W2110373887,3,3,1,TW,0
https://openalex.org/W2110382562,3,5,1,FR,0
https://openalex.org/W2110451101,6,30,1,FR,0
https://openalex.org/W2110562006,2,2,1,DE,0
https://openalex.org/W2110577360,7,7,1,US,0
https://openalex.org/W2110599323,3,3,1,KR,0
https://openalex.org/W2110608235,6,6,1,JP,0
https://openalex.org/W2110630093,6,7,3,"BE,GB,US",1
https://openalex.org/W2110646505,7,7,1,US,0
https://openalex.org/W2110684359,9,9,1,BR,0
https://openalex.org/W2110694776,5,5,1,BR,0
https://openalex.org/W2110713767,3,3,1,CA,0
https://openalex.org/W2110715384,2,2,1,GB,0
https://openalex.org/W2110721183,4,8,2,"AU,HK",1
https://openalex.org/W2110761239,1,1,0,,0
https://openalex.org/W2110762164,2,2,1,CN,0
https://openalex.org/W2110829128,3,3,1,GB,0
https://openalex.org/W2110835851,5,8,2,"CN,HK",1
https://openalex.org/W2110849570,5,5,1,KR,0
https://openalex.org/W2110856447,5,5,1,JP,0
https://openalex.org/W2110875666,48,48,4,"CA,CH,SE,US",1
https://openalex.org/W2110880013,4,4,1,HK,0
https://openalex.org/W2110939572,4,5,1,US,0
https://openalex.org/W2110970017,4,4,3,"ES,MX,US",1
https://openalex.org/W2110983635,5,5,2,"IN,KR",1
https://openalex.org/W2111046016,3,3,1,TW,0
https://openalex.org/W2111075646,7,12,1,FR,0
https://openalex.org/W2111135517,11,14,2,"FR,US",1
https://openalex.org/W2111138496,10,10,1,DE,0
https://openalex.org/W2111178672,4,4,1,TW,0
https://openalex.org/W2111217315,3,3,1,GB,0
https://openalex.org/W2111225264,5,10,1,CN,0
https://openalex.org/W2111353020,2,2,1,TW,0
https://openalex.org/W2111405033,3,3,1,IN,0
https://openalex.org/W2111433252,3,3,1,CA,0
https://openalex.org/W2111443845,2,2,1,IN,0
https://openalex.org/W2111457544,11,11,1,US,0
https://openalex.org/W2111470681,5,5,1,GB,0
https://openalex.org/W2111531065,4,4,1,CN,0
https://openalex.org/W2111671858,6,6,2,"CN,FI",1
https://openalex.org/W2111690874,7,7,2,"CO,MX",1
https://openalex.org/W2111730315,7,7,2,"GB,JP",1
https://openalex.org/W2111762143,4,4,1,AT,0
https://openalex.org/W2111829908,3,3,1,TW,0
https://openalex.org/W2111837804,11,11,1,JP,0
https://openalex.org/W2111851474,2,2,1,PT,0
https://openalex.org/W2111880689,6,6,1,US,0
https://openalex.org/W2112006459,2,2,1,BR,0
https://openalex.org/W2112048257,5,6,2,"BR,DE",1
https://openalex.org/W2112089816,3,3,1,JP,0
https://openalex.org/W2112100339,3,3,2,"TH,US",1
https://openalex.org/W2112133318,3,3,1,PL,0
https://openalex.org/W2112165322,3,8,2,"FR,US",1
https://openalex.org/W2112201236,4,4,1,SG,0
https://openalex.org/W2112227276,12,12,1,US,0
https://openalex.org/W2112231687,4,6,1,US,0
https://openalex.org/W2112240446,4,4,2,"ID,MY",1
https://openalex.org/W2112301630,7,7,3,"DE,GB,NL",1
https://openalex.org/W2112329783,8,16,1,CN,0
https://openalex.org/W2112370451,6,6,1,PL,0
https://openalex.org/W2112387402,14,14,1,US,0
https://openalex.org/W2112547511,9,15,1,SK,0
https://openalex.org/W2112553586,1,1,0,,0
https://openalex.org/W2112566088,3,3,1,RU,0
https://openalex.org/W2112594863,4,4,1,US,0
https://openalex.org/W2112598148,2,2,1,GB,0
https://openalex.org/W2112601688,4,4,2,"BE,GB",1
https://openalex.org/W2112637772,4,4,1,IN,0
https://openalex.org/W2112647642,2,2,1,IE,0
https://openalex.org/W2112662646,6,7,1,US,0
https://openalex.org/W2112664833,1,1,0,,0
https://openalex.org/W2112682872,14,15,4,"CN,FR,JP,US",1
https://openalex.org/W2112728827,3,3,0,,0
https://openalex.org/W2112760548,5,5,1,US,0
https://openalex.org/W2112762620,4,4,1,UA,0
https://openalex.org/W2112816903,6,6,1,BE,0
https://openalex.org/W2112820625,3,3,1,JP,0
https://openalex.org/W2112905133,3,3,1,US,0
https://openalex.org/W2112971451,5,5,1,CN,0
https://openalex.org/W2113001322,4,5,1,US,0
https://openalex.org/W2113070864,4,4,1,CA,0
https://openalex.org/W2113076394,5,5,1,CH,0
https://openalex.org/W2113192564,4,5,1,CN,0
https://openalex.org/W2113214314,4,5,1,MX,0
https://openalex.org/W2113256566,4,4,1,RU,0
https://openalex.org/W2113281851,2,2,1,TW,0
https://openalex.org/W2113336171,4,4,2,"AU,TW",1
https://openalex.org/W2113426518,2,2,1,JP,0
https://openalex.org/W2113451137,4,4,1,US,0
https://openalex.org/W2113504749,4,4,1,TW,0
https://openalex.org/W2113539128,3,3,1,TW,0
https://openalex.org/W2113547120,2,3,1,US,0
https://openalex.org/W2113638741,4,5,1,US,0
https://openalex.org/W2113647116,2,2,1,RU,0
https://openalex.org/W2113739713,6,6,1,US,0
https://openalex.org/W2113772617,1,1,0,,0
https://openalex.org/W2113809716,4,4,1,JP,0
https://openalex.org/W2113824722,4,4,1,US,0
https://openalex.org/W2113839441,13,13,2,"BE,NL",1
https://openalex.org/W2114029244,9,14,1,FR,0
https://openalex.org/W2114047648,7,7,1,CN,0
https://openalex.org/W2114080383,8,8,1,US,0
https://openalex.org/W2114122415,2,2,1,BG,0
https://openalex.org/W2114124918,3,4,1,US,0
https://openalex.org/W2114126205,5,5,0,,0
https://openalex.org/W2114141175,5,5,1,BR,0
https://openalex.org/W2114168090,3,3,1,TW,0
https://openalex.org/W2114193800,11,11,0,,0
https://openalex.org/W2114270191,5,5,1,JP,0
https://openalex.org/W2114309708,21,21,3,"DE,HR,SI",1
https://openalex.org/W2114316545,3,3,1,SG,0
https://openalex.org/W2114345191,1,1,0,,0
https://openalex.org/W2114366518,6,6,1,DE,0
https://openalex.org/W2114379011,3,3,1,KR,0
https://openalex.org/W2114412493,3,4,1,US,0
https://openalex.org/W2114434484,2,2,1,US,0
https://openalex.org/W2114522668,3,4,2,"FR,PL",1
https://openalex.org/W2114569351,3,3,1,CO,0
https://openalex.org/W2114582092,4,4,2,"DE,IT",1
https://openalex.org/W2114629086,4,6,1,CN,0
https://openalex.org/W2114632495,2,2,1,TW,0
https://openalex.org/W2114644014,1,1,0,,0
https://openalex.org/W2114707069,1,1,0,,0
https://openalex.org/W2114754834,5,5,1,JP,0
https://openalex.org/W2114763182,4,4,1,IN,0
https://openalex.org/W2114776802,4,4,1,CN,0
https://openalex.org/W2114870415,4,4,0,,0
https://openalex.org/W2114938360,5,5,1,GB,0
https://openalex.org/W2114973756,1,1,0,,0
https://openalex.org/W2114976314,7,7,0,,0
https://openalex.org/W2114976779,2,2,1,SE,0
https://openalex.org/W2115003588,3,3,1,CA,0
https://openalex.org/W2115022808,2,2,1,US,0
https://openalex.org/W2115051434,2,2,1,CN,0
https://openalex.org/W2115060966,5,5,2,"GB,IT",1
https://openalex.org/W2115078851,3,3,0,,0
https://openalex.org/W2115101377,4,4,1,US,0
https://openalex.org/W2115130269,4,4,1,US,0
https://openalex.org/W2115146484,3,3,1,IN,0
https://openalex.org/W2115197262,3,3,1,JP,0
https://openalex.org/W2115244831,2,2,1,TW,0
https://openalex.org/W2115270190,2,2,1,FI,0
https://openalex.org/W2115300308,1,2,0,,0
https://openalex.org/W2115317135,7,7,1,AT,0
https://openalex.org/W2115347834,4,4,1,US,0
https://openalex.org/W2115364517,5,10,1,PT,0
https://openalex.org/W2115399164,2,2,1,JP,0
https://openalex.org/W2115476602,4,4,0,,0
https://openalex.org/W2115516240,5,5,1,CN,0
https://openalex.org/W2115516668,7,7,1,US,0
https://openalex.org/W2115627423,8,10,2,"AU,US",1
https://openalex.org/W2115630936,1,2,0,,0
https://openalex.org/W2115665554,8,8,0,,0
https://openalex.org/W2115669285,5,5,1,NL,0
https://openalex.org/W2115706701,2,2,1,HK,0
https://openalex.org/W2115756742,5,5,1,US,0
https://openalex.org/W2115767697,1,1,0,,0
https://openalex.org/W2115808493,6,6,1,CN,0
https://openalex.org/W2115815421,5,5,2,"DE,GB",1
https://openalex.org/W2115835458,3,3,2,"AM,AT",1
https://openalex.org/W2115851701,2,6,1,DE,0
https://openalex.org/W2115882644,1,1,0,,0
https://openalex.org/W2115886592,8,8,1,BE,0
https://openalex.org/W2115945518,1,1,0,,0
https://openalex.org/W2115953080,2,2,1,RS,0
https://openalex.org/W2115997634,11,14,3,"DE,FR,US",1
https://openalex.org/W2116014149,10,13,3,"GB,PT,RU",1
https://openalex.org/W2116025889,8,9,1,US,0
https://openalex.org/W2116038151,6,6,1,US,0
https://openalex.org/W2116103260,3,3,2,"AU,IT",1
https://openalex.org/W2116138376,2,2,1,JP,0
https://openalex.org/W2116174408,8,8,1,BR,0
https://openalex.org/W2116184862,4,8,1,SG,0
https://openalex.org/W2116188051,3,3,2,"IN,US",1
https://openalex.org/W2116212804,3,3,1,CA,0
https://openalex.org/W2116237184,2,3,2,"CA,US",1
https://openalex.org/W2116328920,4,4,1,TW,0
https://openalex.org/W2116493431,2,2,1,NL,0
https://openalex.org/W2116590770,1,2,0,,0
https://openalex.org/W2116716880,2,2,1,SE,0
https://openalex.org/W2116796862,2,2,1,CA,0
https://openalex.org/W2116804400,4,4,1,KR,0
https://openalex.org/W2116900521,9,9,1,KR,0
https://openalex.org/W2116927148,9,9,1,KR,0
https://openalex.org/W2117013576,4,4,1,FR,0
https://openalex.org/W2117055958,6,6,2,"CH,DE",1
https://openalex.org/W2117087694,2,2,1,JP,0
https://openalex.org/W2117099109,11,11,1,US,0
https://openalex.org/W2117107102,2,2,0,,0
https://openalex.org/W2117110572,48,49,2,"JP,KR",1
https://openalex.org/W2117189068,2,5,2,"RU,SK",1
https://openalex.org/W2117231742,4,4,1,US,0
https://openalex.org/W2117286146,6,6,1,US,0
https://openalex.org/W2117311319,2,2,1,JP,0
https://openalex.org/W2117359466,3,3,1,DE,0
https://openalex.org/W2117412487,5,5,1,DE,0
https://openalex.org/W2117441547,3,3,1,SE,0
https://openalex.org/W2117444423,2,2,1,CH,0
https://openalex.org/W2117500922,2,4,1,US,0
https://openalex.org/W2117525750,3,3,1,RU,0
https://openalex.org/W2117551645,4,4,2,"KR,PL",1
https://openalex.org/W2117576032,7,7,1,FR,0
https://openalex.org/W2117578017,3,3,1,US,0
https://openalex.org/W2117608490,3,3,1,JP,0
https://openalex.org/W2117609606,7,7,1,US,0
https://openalex.org/W2117662239,3,3,1,NL,0
https://openalex.org/W2117718268,6,6,1,DE,0
https://openalex.org/W2117785604,1,1,0,,0
https://openalex.org/W2117872881,4,7,1,US,0
https://openalex.org/W2117911580,6,6,1,TW,0
https://openalex.org/W2117960438,5,5,1,JP,0
https://openalex.org/W2118050792,1,1,0,,0
https://openalex.org/W2118060903,8,8,1,IT,0
https://openalex.org/W2118086666,2,3,2,"CN,US",1
https://openalex.org/W2118131457,3,3,0,,0
https://openalex.org/W2118150819,2,2,1,IR,0
https://openalex.org/W2118155869,6,6,1,CN,0
https://openalex.org/W2118205116,8,8,1,CN,0
https://openalex.org/W2118216551,4,4,2,"GB,US",1
https://openalex.org/W2118352801,2,2,1,US,0
https://openalex.org/W2118407485,5,5,1,ES,0
https://openalex.org/W2118561358,8,8,1,US,0
https://openalex.org/W2118711001,5,6,3,"AU,GB,US",1
https://openalex.org/W2118784291,3,3,1,JP,0
https://openalex.org/W2118844037,4,5,1,CA,0
https://openalex.org/W2118936005,2,2,1,JP,0
https://openalex.org/W2118956359,8,12,1,BE,0
https://openalex.org/W2119019122,4,4,1,GE,0
https://openalex.org/W2119040038,3,4,2,"IE,IT",1
https://openalex.org/W2119118763,6,6,1,JP,0
https://openalex.org/W2119126849,8,8,1,US,0
https://openalex.org/W2119160864,3,3,1,TW,0
https://openalex.org/W2119184530,8,8,3,"BE,NL,US",1
https://openalex.org/W2119288572,4,4,2,"FR,US",1
https://openalex.org/W2119299231,3,3,2,"TW,US",1
https://openalex.org/W2119325510,3,4,1,JP,0
https://openalex.org/W2119328118,7,7,0,,0
https://openalex.org/W2119336234,4,4,0,,0
https://openalex.org/W2119357669,5,5,1,US,0
https://openalex.org/W2119394851,4,4,1,CO,0
https://openalex.org/W2119401730,4,4,1,BE,0
https://openalex.org/W2119487854,2,2,1,IR,0
https://openalex.org/W2119509448,58,89,2,"IT,RO",1
https://openalex.org/W2119515911,4,4,1,CN,0
https://openalex.org/W2119588682,3,3,1,US,0
https://openalex.org/W2119688704,3,3,1,HK,0
https://openalex.org/W2119732367,10,10,1,KR,0
https://openalex.org/W2119768867,5,5,2,"DE,GR",1
https://openalex.org/W2119824031,5,5,1,US,0
https://openalex.org/W2119831055,3,3,1,GB,0
https://openalex.org/W2119899274,4,4,1,ES,0
https://openalex.org/W2119908692,2,3,1,BR,0
https://openalex.org/W2120067191,6,6,1,CA,0
https://openalex.org/W2120073678,2,2,0,,0
https://openalex.org/W2120082031,2,2,1,IT,0
https://openalex.org/W2120111259,4,4,1,TW,0
https://openalex.org/W2120116823,1,1,0,,0
https://openalex.org/W2120120947,6,6,1,JP,0
https://openalex.org/W2120135503,4,4,1,JP,0
https://openalex.org/W2120148138,1,1,0,,0
https://openalex.org/W2120190513,3,3,1,KR,0
https://openalex.org/W2120195624,3,3,1,TW,0
https://openalex.org/W2120240042,7,8,1,US,0
https://openalex.org/W2120271266,3,3,1,BR,0
https://openalex.org/W2120322972,8,10,1,CA,0
https://openalex.org/W2120356803,2,2,1,CA,0
https://openalex.org/W2120365727,2,2,1,TR,0
https://openalex.org/W2120385324,10,10,2,"GR,NL",1
https://openalex.org/W2120466026,11,11,1,DE,0
https://openalex.org/W2120506582,5,5,1,TW,0
https://openalex.org/W2120510962,2,2,0,,0
https://openalex.org/W2120629415,3,3,1,ES,0
https://openalex.org/W2120706196,5,5,1,IN,0
https://openalex.org/W2120849961,31,31,2,"IT,RU",1
https://openalex.org/W2120872475,3,3,1,DE,0
https://openalex.org/W2120961911,3,3,1,UA,0
https://openalex.org/W2120970762,4,4,2,"FR,US",1
https://openalex.org/W2121049504,3,3,1,ZA,0
https://openalex.org/W2121104634,8,9,1,KR,0
https://openalex.org/W2121104741,12,12,1,KR,0
https://openalex.org/W2121119097,9,9,1,JP,0
https://openalex.org/W2121120713,13,33,2,"FR,NL",1
https://openalex.org/W2121165250,7,7,1,CN,0
https://openalex.org/W2121201235,2,2,1,TW,0
https://openalex.org/W2121203635,8,8,1,CN,0
https://openalex.org/W2121234186,4,4,1,DZ,0
https://openalex.org/W2121264346,2,2,2,"DE,DK",1
https://openalex.org/W2121293083,3,4,1,PT,0
https://openalex.org/W2121319939,1,1,0,,0
https://openalex.org/W2121360478,2,4,1,US,0
https://openalex.org/W2121426111,6,7,2,"CN,HK",1
https://openalex.org/W2121429943,5,9,1,CN,0
https://openalex.org/W2121495005,4,8,1,IT,0
https://openalex.org/W2121515158,6,9,1,TW,0
https://openalex.org/W2121531126,4,5,3,"GB,IN,PT",1
https://openalex.org/W2121570954,3,3,1,TW,0
https://openalex.org/W2121608917,4,4,1,CN,0
https://openalex.org/W2121610214,2,2,1,US,0
https://openalex.org/W2121649839,1,1,0,,0
https://openalex.org/W2121754093,5,5,1,MA,0
https://openalex.org/W2121821374,4,4,1,CN,0
https://openalex.org/W2121835323,5,5,1,CN,0
https://openalex.org/W2121867628,10,10,1,JP,0
https://openalex.org/W2121871313,4,4,1,CN,0
https://openalex.org/W2121937859,4,4,1,ES,0
https://openalex.org/W2122080959,4,4,1,CN,0
https://openalex.org/W2122084944,3,3,1,IN,0
https://openalex.org/W2122094961,4,4,1,CN,0
https://openalex.org/W2122107572,2,3,1,US,0
https://openalex.org/W2122167510,5,5,1,JP,0
https://openalex.org/W2122208001,1,1,0,,0
https://openalex.org/W2122220789,2,2,1,EG,0
https://openalex.org/W2122354577,11,12,2,"CA,US",1
https://openalex.org/W2122369163,13,13,1,DE,0
https://openalex.org/W2122374338,5,5,1,GB,0
https://openalex.org/W2122402493,4,4,1,US,0
https://openalex.org/W2122404896,5,5,1,IT,0
https://openalex.org/W2122409131,5,5,1,US,0
https://openalex.org/W2122438237,7,7,1,JP,0
https://openalex.org/W2122443902,6,6,2,"DE,DK",1
https://openalex.org/W2122531790,5,5,1,US,0
https://openalex.org/W2122550913,4,4,1,GB,0
https://openalex.org/W2122577159,5,5,1,CN,0
https://openalex.org/W2122623965,6,6,1,IN,0
https://openalex.org/W2122672770,5,5,1,CN,0
https://openalex.org/W2122699740,5,5,1,GB,0
https://openalex.org/W2122740253,4,4,2,"DE,NL",1
https://openalex.org/W2122769735,5,5,1,TW,0
https://openalex.org/W2122814521,6,6,1,JP,0
https://openalex.org/W2122883339,3,3,1,TW,0
https://openalex.org/W2122896427,3,3,1,KR,0
https://openalex.org/W2122914471,2,2,1,KR,0
https://openalex.org/W2122964209,5,8,2,"GB,US",1
https://openalex.org/W2122964338,3,3,1,RU,0
https://openalex.org/W2122980080,7,7,0,,0
https://openalex.org/W2122997067,2,2,1,SG,0
https://openalex.org/W2123003273,6,6,1,CN,0
https://openalex.org/W2123038316,3,3,2,"AU,SA",1
https://openalex.org/W2123045985,5,5,1,DE,0
https://openalex.org/W2123056770,8,8,2,"DE,NL",1
https://openalex.org/W2123068486,1,1,0,,0
https://openalex.org/W2123097061,8,12,1,CN,0
https://openalex.org/W2123129992,6,6,1,CN,0
https://openalex.org/W2123173641,7,7,1,US,0
https://openalex.org/W2123180838,1,1,0,,0
https://openalex.org/W2123203183,7,7,1,JP,0
https://openalex.org/W2123244626,5,5,1,US,0
https://openalex.org/W2123275010,4,4,0,,0
https://openalex.org/W2123290903,2,4,1,SG,0
https://openalex.org/W2123296061,3,3,1,TW,0
https://openalex.org/W2123388442,3,3,1,IT,0
https://openalex.org/W2123404315,1,1,0,,0
https://openalex.org/W2123411047,5,13,2,"FR,IT",1
https://openalex.org/W2123455524,8,8,1,US,0
https://openalex.org/W2123462559,7,7,1,TW,0
https://openalex.org/W2123488594,5,5,2,"JP,SK",1
https://openalex.org/W2123492997,4,4,2,"ES,GR",1
https://openalex.org/W2123497713,4,4,1,ES,0
https://openalex.org/W2123506550,5,5,0,,0
https://openalex.org/W2123531213,7,7,1,KR,0
https://openalex.org/W2123545135,3,3,1,KR,0
https://openalex.org/W2123594611,4,4,1,CN,0
https://openalex.org/W2123623965,3,3,1,PT,0
https://openalex.org/W2123676615,3,6,1,SG,0
https://openalex.org/W2123682307,9,10,1,US,0
https://openalex.org/W2123691768,2,2,1,CN,0
https://openalex.org/W2123692454,3,3,1,CN,0
https://openalex.org/W2123692685,11,11,0,,0
https://openalex.org/W2123702951,5,5,2,"DE,NL",1
https://openalex.org/W2123705507,4,4,2,"CA,CN",1
https://openalex.org/W2123790150,3,3,1,GB,0
https://openalex.org/W2123832962,5,5,1,JP,0
https://openalex.org/W2123915135,9,9,1,CN,0
https://openalex.org/W2123934125,7,7,1,GB,0
https://openalex.org/W2124042829,5,5,2,"DK,US",1
https://openalex.org/W2124087691,6,7,1,TW,0
https://openalex.org/W2124111812,13,14,1,JP,0
https://openalex.org/W2124158976,3,3,1,KR,0
https://openalex.org/W2124255018,9,9,2,"BE,FR",1
https://openalex.org/W2124274012,3,3,1,IT,0
https://openalex.org/W2124274472,8,8,2,"CA,CH",1
https://openalex.org/W2124296952,1,2,0,,0
https://openalex.org/W2124405962,2,3,1,TW,0
https://openalex.org/W2124459678,5,5,1,KR,0
https://openalex.org/W2124472320,6,6,1,CN,0
https://openalex.org/W2124501547,2,2,0,,0
https://openalex.org/W2124520587,4,4,1,DE,0
https://openalex.org/W2124554407,3,3,1,PL,0
https://openalex.org/W2124566640,8,8,2,"JP,UA",1
https://openalex.org/W2124577838,4,5,1,TH,0
https://openalex.org/W2124581733,12,15,1,US,0
https://openalex.org/W2124691279,7,28,1,CN,0
https://openalex.org/W2124741583,5,5,1,US,0
https://openalex.org/W2124778166,3,3,1,CH,0
https://openalex.org/W2124815234,5,13,1,FR,0
https://openalex.org/W2124827999,1,1,0,,0
https://openalex.org/W2124870898,1,2,0,,0
https://openalex.org/W2124919311,2,2,1,US,0
https://openalex.org/W2124949144,7,7,1,GR,0
https://openalex.org/W2125050510,5,5,1,US,0
https://openalex.org/W2125051613,3,3,1,US,0
https://openalex.org/W2125123282,5,10,1,FR,0
https://openalex.org/W2125209972,12,12,1,CH,0
https://openalex.org/W2125353728,3,3,1,IT,0
https://openalex.org/W2125376059,6,6,1,CN,0
https://openalex.org/W2125415506,2,2,1,US,0
https://openalex.org/W2125449168,11,18,2,"CN,US",1
https://openalex.org/W2125462087,9,9,1,BR,0
https://openalex.org/W2125492204,4,5,2,"NL,RU",1
https://openalex.org/W2125522745,4,4,1,IN,0
https://openalex.org/W2125584450,4,5,1,US,0
https://openalex.org/W2125612734,8,8,3,"FR,GB,SE",1
https://openalex.org/W2125620996,4,4,1,CN,0
https://openalex.org/W2125640795,3,3,1,JP,0
https://openalex.org/W2125672657,8,8,1,US,0
https://openalex.org/W2125673002,3,6,1,KR,0
https://openalex.org/W2125690282,2,2,1,US,0
https://openalex.org/W2125704396,6,6,1,US,0
https://openalex.org/W2125730391,6,6,1,US,0
https://openalex.org/W2125778842,3,3,1,KR,0
https://openalex.org/W2125824283,2,2,1,CN,0
https://openalex.org/W2125870718,5,5,1,CN,0
https://openalex.org/W2125875069,5,5,1,CN,0
https://openalex.org/W2126027783,4,5,1,BR,0
https://openalex.org/W2126119739,2,2,2,"GB,RU",1
https://openalex.org/W2126157816,5,6,1,US,0
https://openalex.org/W2126162826,6,6,1,JP,0
https://openalex.org/W2126316318,3,3,1,CN,0
https://openalex.org/W2126326301,2,2,0,,0
https://openalex.org/W2126364127,5,5,1,JP,0
https://openalex.org/W2126385121,3,4,1,TW,0
https://openalex.org/W2126393949,2,2,1,BE,0
https://openalex.org/W2126429017,1,1,0,,0
https://openalex.org/W2126510004,4,5,2,"CA,FR",1
https://openalex.org/W2126523001,7,7,1,US,0
https://openalex.org/W2126687521,4,4,1,GB,0
https://openalex.org/W2126710405,6,6,1,CN,0
https://openalex.org/W2126731846,2,2,1,US,0
https://openalex.org/W2126760445,3,7,1,US,0
https://openalex.org/W2126794874,10,10,1,DE,0
https://openalex.org/W2126884885,4,4,1,US,0
https://openalex.org/W2126890902,4,4,1,RU,0
https://openalex.org/W2126921868,3,3,2,"IN,JP",1
https://openalex.org/W2126925929,5,7,3,"CN,GB,SG",1
https://openalex.org/W2126954794,5,8,2,"FR,PT",1
https://openalex.org/W2127024582,2,2,1,KR,0
https://openalex.org/W2127071520,4,4,1,RU,0
https://openalex.org/W2127177678,4,4,1,JP,0
https://openalex.org/W2127184871,1,1,0,,0
https://openalex.org/W2127228456,2,2,1,JP,0
https://openalex.org/W2127282700,4,4,1,US,0
https://openalex.org/W2127354272,3,3,1,TW,0
https://openalex.org/W2127379973,7,7,1,KR,0
https://openalex.org/W2127394451,4,4,1,AU,0
https://openalex.org/W2127396961,6,6,1,IN,0
https://openalex.org/W2127453214,4,4,1,US,0
https://openalex.org/W2127464636,3,3,1,ES,0
https://openalex.org/W2127498637,19,38,1,JP,0
https://openalex.org/W2127529976,9,9,2,"JP,NL",1
https://openalex.org/W2127555349,10,17,1,IT,0
https://openalex.org/W2127586549,6,6,1,US,0
https://openalex.org/W2127637706,12,23,1,FR,0
https://openalex.org/W2127656555,4,4,1,KR,0
https://openalex.org/W2127657457,2,2,1,US,0
https://openalex.org/W2127702194,2,2,2,"CA,US",1
https://openalex.org/W2127724373,3,3,0,,0
https://openalex.org/W2127725924,5,5,2,"IT,MX",1
https://openalex.org/W2127873775,5,5,1,DE,0
https://openalex.org/W2127900942,13,14,2,"FR,IT",1
https://openalex.org/W2128004948,3,4,2,"EG,KR",1
https://openalex.org/W2128064402,3,3,1,US,0
https://openalex.org/W2128088887,4,8,1,RU,0
https://openalex.org/W2128159194,5,5,1,CA,0
https://openalex.org/W2128220357,6,6,1,KR,0
https://openalex.org/W2128234576,12,25,5,"DE,FR,GB,RO,SE",1
https://openalex.org/W2128260561,3,3,1,JP,0
https://openalex.org/W2128300536,16,16,1,US,0
https://openalex.org/W2128366968,4,5,1,NL,0
https://openalex.org/W2128382768,4,4,1,GB,0
https://openalex.org/W2128386592,4,4,1,JP,0
https://openalex.org/W2128387312,23,23,2,"GB,US",1
https://openalex.org/W2128398427,5,9,5,"DE,FR,JP,KR,US",1
https://openalex.org/W2128401319,5,6,2,"BE,NL",1
https://openalex.org/W2128447924,3,5,1,FR,0
https://openalex.org/W2128484690,3,3,2,"GB,PT",1
https://openalex.org/W2128640000,3,3,1,TR,0
https://openalex.org/W2128664006,5,6,2,"CA,CN",1
https://openalex.org/W2128785070,2,2,1,KR,0
https://openalex.org/W2128807657,2,2,1,HK,0
https://openalex.org/W2128831139,4,4,1,IT,0
https://openalex.org/W2128840114,7,7,1,US,0
https://openalex.org/W2128841942,9,20,2,"BY,RU",1
https://openalex.org/W2128908355,8,8,1,TW,0
https://openalex.org/W2128922329,4,4,1,RO,0
https://openalex.org/W2128960304,1,1,0,,0
https://openalex.org/W2128971306,4,6,2,"CA,US",1
https://openalex.org/W2129027823,7,7,1,US,0
https://openalex.org/W2129062053,6,6,1,TW,0
https://openalex.org/W2129068390,2,2,1,JP,0
https://openalex.org/W2129071403,10,10,1,JP,0
https://openalex.org/W2129084155,8,8,2,"DE,FR",1
https://openalex.org/W2129089672,4,5,2,"DE,NL",1
https://openalex.org/W2129199799,7,7,1,US,0
https://openalex.org/W2129210730,6,6,1,CN,0
https://openalex.org/W2129253122,4,6,1,CN,0
https://openalex.org/W2129260461,8,11,3,"FR,NL,NO",1
https://openalex.org/W2129301562,8,10,2,"SG,US",1
https://openalex.org/W2129316675,6,6,1,US,0
https://openalex.org/W2129329967,3,4,1,PK,0
https://openalex.org/W2129331482,2,2,1,US,0
https://openalex.org/W2129389558,3,3,1,IN,0
https://openalex.org/W2129390304,9,9,3,"DE,IT,NL",1
https://openalex.org/W2129404079,3,3,1,JP,0
https://openalex.org/W2129420396,7,7,1,GB,0
https://openalex.org/W2129553486,4,4,0,,0
https://openalex.org/W2129599442,2,2,0,,0
https://openalex.org/W2129620354,7,9,2,"CA,LB",1
https://openalex.org/W2129655587,3,3,1,FR,0
https://openalex.org/W2129751005,2,2,1,TW,0
https://openalex.org/W2129761021,4,4,1,JP,0
https://openalex.org/W2129794015,1,1,0,,0
https://openalex.org/W2129813832,9,9,1,DK,0
https://openalex.org/W2129884014,1,1,0,,0
https://openalex.org/W2129884123,1,1,0,,0
https://openalex.org/W2129890926,4,4,1,CN,0
https://openalex.org/W2129902388,6,6,1,JP,0
https://openalex.org/W2129940694,3,3,1,DE,0
https://openalex.org/W2129950958,11,11,1,JP,0
https://openalex.org/W2130102196,4,4,1,CN,0
https://openalex.org/W2130118374,7,7,1,MY,0
https://openalex.org/W2130154861,8,8,5,"AT,KR,MX,RU,SE",1
https://openalex.org/W2130182514,1,1,0,,0
https://openalex.org/W2130193307,19,19,2,"CN,KR",1
https://openalex.org/W2130342624,2,2,1,IR,0
https://openalex.org/W2130342743,4,4,1,JP,0
https://openalex.org/W2130397818,8,8,1,ES,0
https://openalex.org/W2130433401,6,6,1,TW,0
https://openalex.org/W2130445304,2,2,1,US,0
https://openalex.org/W2130446522,9,9,1,JP,0
https://openalex.org/W2130449942,2,2,1,IT,0
https://openalex.org/W2130451930,3,3,1,PL,0
https://openalex.org/W2130477757,4,5,1,BE,0
https://openalex.org/W2130518399,9,22,1,FR,0
https://openalex.org/W2130526245,2,4,1,FR,0
https://openalex.org/W2130532675,5,5,2,"CA,US",1
https://openalex.org/W2130540959,5,5,2,"TW,US",1
https://openalex.org/W2130555093,3,3,1,IT,0
https://openalex.org/W2130731542,4,4,1,RU,0
https://openalex.org/W2130742557,5,5,1,US,0
https://openalex.org/W2130758317,5,5,1,DE,0
https://openalex.org/W2130805709,3,3,1,NL,0
https://openalex.org/W2130815179,5,5,2,"HK,US",1
https://openalex.org/W2130860919,5,5,3,"JP,KR,SG",1
https://openalex.org/W2130868027,2,2,1,IT,0
https://openalex.org/W2130877686,5,5,2,"CN,SG",1
https://openalex.org/W2130878651,10,11,1,US,0
https://openalex.org/W2130897401,4,4,1,JP,0
https://openalex.org/W2130901204,4,4,1,TW,0
https://openalex.org/W2130948728,2,2,1,HK,0
https://openalex.org/W2130974392,3,3,1,CN,0
https://openalex.org/W2131055394,4,4,2,"DE,US",1
https://openalex.org/W2131071837,7,7,2,"TW,US",1
https://openalex.org/W2131207603,6,6,1,TW,0
https://openalex.org/W2131377695,9,9,1,DE,0
https://openalex.org/W2131412319,7,7,1,GB,0
https://openalex.org/W2131427140,1,1,0,,0
https://openalex.org/W2131479811,2,2,1,US,0
https://openalex.org/W2131520116,3,3,1,JP,0
https://openalex.org/W2131524264,9,9,0,,0
https://openalex.org/W2131560474,2,3,1,CA,0
https://openalex.org/W2131562074,5,10,2,"AU,US",1
https://openalex.org/W2131645519,5,8,2,"GB,NZ",1
https://openalex.org/W2131652658,6,6,1,CN,0
https://openalex.org/W2131666699,3,4,2,"DE,US",1
https://openalex.org/W2131701499,5,5,1,KR,0
https://openalex.org/W2131728069,3,3,1,DE,0
https://openalex.org/W2131749457,4,4,1,SE,0
https://openalex.org/W2131764465,11,11,2,"GB,JP",1
https://openalex.org/W2131953418,1,1,0,,0
https://openalex.org/W2132056716,2,2,1,IR,0
https://openalex.org/W2132076204,6,14,1,CN,0
https://openalex.org/W2132083009,3,3,1,FI,0
https://openalex.org/W2132095738,6,6,1,US,0
https://openalex.org/W2132110293,5,5,1,IT,0
https://openalex.org/W2132111002,6,6,1,US,0
https://openalex.org/W2132193000,4,4,1,DE,0
https://openalex.org/W2132345019,3,3,1,IT,0
https://openalex.org/W2132378894,4,4,1,GB,0
https://openalex.org/W2132394228,4,5,1,DE,0
https://openalex.org/W2132458445,2,3,1,CN,0
https://openalex.org/W2132489092,3,3,1,GB,0
https://openalex.org/W2132528492,1,1,0,,0
https://openalex.org/W2132552826,2,3,1,IR,0
https://openalex.org/W2132573105,38,48,4,"AU,GB,TW,US",1
https://openalex.org/W2132577067,3,3,1,ES,0
https://openalex.org/W2132620026,2,2,1,US,0
https://openalex.org/W2132661607,3,3,1,DE,0
https://openalex.org/W2132722006,3,3,1,DE,0
https://openalex.org/W2132734977,4,4,1,US,0
https://openalex.org/W2132812921,13,13,1,US,0
https://openalex.org/W2132813743,9,13,1,JP,0
https://openalex.org/W2132830896,2,2,2,"JP,US",1
https://openalex.org/W2132870508,6,6,2,"CN,SG",1
https://openalex.org/W2132904884,5,5,1,CN,0
https://openalex.org/W2132924665,7,9,1,DE,0
https://openalex.org/W2132985685,3,3,1,GB,0
https://openalex.org/W2133020726,2,2,1,TW,0
https://openalex.org/W2133068134,8,8,1,IT,0
https://openalex.org/W2133139819,4,4,1,RU,0
https://openalex.org/W2133157858,4,4,2,"JP,KR",1
https://openalex.org/W2133175345,4,4,2,"RU,TJ",1
https://openalex.org/W2133184497,1,1,0,,0
https://openalex.org/W2133221990,2,2,1,BE,0
https://openalex.org/W2133239784,3,3,1,US,0
https://openalex.org/W2133244928,5,5,1,NL,0
https://openalex.org/W2133252460,2,2,0,,0
https://openalex.org/W2133273459,9,9,2,"DE,JP",1
https://openalex.org/W2133293547,2,2,1,US,0
https://openalex.org/W2133295795,9,25,2,"CN,FR",1
https://openalex.org/W2133309872,5,5,1,CN,0
https://openalex.org/W2133329380,12,13,1,JP,0
https://openalex.org/W2133372251,3,3,2,"JP,US",1
https://openalex.org/W2133399079,1,1,0,,0
https://openalex.org/W2133463560,4,4,1,CN,0
https://openalex.org/W2133469329,9,9,2,"SE,US",1
https://openalex.org/W2133539595,7,11,2,"DE,PL",1
https://openalex.org/W2133547102,5,5,1,SG,0
https://openalex.org/W2133567427,3,3,1,US,0
https://openalex.org/W2133568042,5,5,2,"AZ,RU",1
https://openalex.org/W2133595055,1,2,0,,0
https://openalex.org/W2133649993,2,2,1,TW,0
https://openalex.org/W2133696786,9,9,1,JP,0
https://openalex.org/W2133700736,6,6,2,"JP,US",1
https://openalex.org/W2133716606,9,9,1,JP,0
https://openalex.org/W2133865602,6,6,1,US,0
https://openalex.org/W2133907537,8,9,2,"GB,US",1
https://openalex.org/W2133975887,4,4,1,CN,0
https://openalex.org/W2134013455,9,9,1,US,0
https://openalex.org/W2134056303,4,5,2,"TW,US",1
https://openalex.org/W2134058958,1,1,0,,0
https://openalex.org/W2134083859,2,2,1,KR,0
https://openalex.org/W2134084264,4,4,1,CN,0
https://openalex.org/W2134097851,3,3,1,NG,0
https://openalex.org/W2134109714,8,10,1,PL,0
https://openalex.org/W2134131335,8,8,3,"FR,JP,US",1
https://openalex.org/W2134165553,7,7,1,US,0
https://openalex.org/W2134190752,4,4,1,US,0
https://openalex.org/W2134357263,12,15,2,"DE,IT",1
https://openalex.org/W2134357295,5,5,1,RU,0
https://openalex.org/W2134370133,2,2,1,US,0
https://openalex.org/W2134370873,5,6,3,"GB,IT,US",1
https://openalex.org/W2134420552,12,13,1,JP,0
https://openalex.org/W2134423778,2,2,1,US,0
https://openalex.org/W2134498406,4,4,1,GB,0
https://openalex.org/W2134506516,2,2,1,CA,0
https://openalex.org/W2134568748,3,3,1,GR,0
https://openalex.org/W2134688512,2,2,1,IN,0
https://openalex.org/W2134734961,7,7,1,GB,0
https://openalex.org/W2134742251,1,1,0,,0
https://openalex.org/W2134753781,3,3,2,"DE,GR",1
https://openalex.org/W2134763911,3,3,1,MX,0
https://openalex.org/W2134768518,6,6,2,"CN,US",1
https://openalex.org/W2134773677,6,6,1,HK,0
https://openalex.org/W2134847546,6,6,1,JP,0
https://openalex.org/W2134862053,4,5,1,TW,0
https://openalex.org/W2134901852,3,3,1,KR,0
https://openalex.org/W2134902842,4,4,1,US,0
https://openalex.org/W2134926873,5,5,1,PL,0
https://openalex.org/W2134930270,4,4,1,IN,0
https://openalex.org/W2134968054,8,9,1,US,0
https://openalex.org/W2134991448,2,2,1,TH,0
https://openalex.org/W2135037665,1,2,0,,0
https://openalex.org/W2135074260,6,6,1,CN,0
https://openalex.org/W2135080830,23,24,3,"ES,FR,IT",1
https://openalex.org/W2135096397,4,4,0,,0
https://openalex.org/W2135258428,2,2,0,,0
https://openalex.org/W2135327238,4,4,1,CN,0
https://openalex.org/W2135341490,14,14,2,"BE,FR",1
https://openalex.org/W2135350404,6,6,1,US,0
https://openalex.org/W2135392428,5,5,1,SG,0
https://openalex.org/W2135402833,7,7,1,MX,0
https://openalex.org/W2135474427,2,3,1,US,0
https://openalex.org/W2135512638,5,5,2,"IN,MX",1
https://openalex.org/W2135524814,3,3,1,US,0
https://openalex.org/W2135616992,14,14,3,"CH,DE,IT",1
https://openalex.org/W2135631077,2,2,2,"DE,PL",1
https://openalex.org/W2135668906,4,4,1,US,0
https://openalex.org/W2135752447,4,4,1,FR,0
https://openalex.org/W2135772952,6,6,1,MX,0
https://openalex.org/W2135795659,6,6,2,"BY,DE",1
https://openalex.org/W2135805724,3,3,1,US,0
https://openalex.org/W2135847627,7,7,1,IT,0
https://openalex.org/W2135912534,4,4,1,IT,0
https://openalex.org/W2135993165,13,13,1,IT,0
https://openalex.org/W2136142875,7,7,2,"IT,NL",1
https://openalex.org/W2136152200,6,6,2,"JP,TH",1
https://openalex.org/W2136165175,33,37,3,"DE,FR,US",1
https://openalex.org/W2136296740,2,2,1,US,0
https://openalex.org/W2136308201,11,11,1,JP,0
https://openalex.org/W2136316104,4,4,0,,0
https://openalex.org/W2136358119,2,2,1,IL,0
https://openalex.org/W2136439085,5,5,1,IT,0
https://openalex.org/W2136452002,2,2,1,JP,0
https://openalex.org/W2136501769,7,7,1,JP,0
https://openalex.org/W2136648471,3,3,1,TW,0
https://openalex.org/W2136745859,10,21,2,"FR,GB",1
https://openalex.org/W2136750600,3,3,1,TW,0
https://openalex.org/W2136800101,2,2,1,PL,0
https://openalex.org/W2136839726,6,6,1,JP,0
https://openalex.org/W2136895682,12,12,1,US,0
https://openalex.org/W2137059129,3,3,1,US,0
https://openalex.org/W2137096915,4,4,1,CN,0
https://openalex.org/W2137178042,7,7,1,JP,0
https://openalex.org/W2137227356,6,10,1,CN,0
https://openalex.org/W2137342538,2,2,1,SI,0
https://openalex.org/W2137403845,4,4,2,"CN,KR",1
https://openalex.org/W2137481100,3,3,1,KR,0
https://openalex.org/W2137489005,5,6,1,GB,0
https://openalex.org/W2137500529,3,3,2,"AU,MX",1
https://openalex.org/W2137576540,2,2,0,,0
https://openalex.org/W2137605265,6,6,1,IN,0
https://openalex.org/W2137638980,2,2,1,CN,0
https://openalex.org/W2137666970,3,5,1,AR,0
https://openalex.org/W2137671277,5,10,1,BE,0
https://openalex.org/W2137682329,4,5,1,GB,0
https://openalex.org/W2137738850,3,3,2,"DE,GB",1
https://openalex.org/W2137772868,3,3,1,KR,0
https://openalex.org/W2137775097,2,2,1,US,0
https://openalex.org/W2137789785,13,13,3,"DE,DK,NL",1
https://openalex.org/W2137882826,4,4,1,CN,0
https://openalex.org/W2137896980,4,6,3,"CA,DE,ES",1
https://openalex.org/W2137919827,3,4,2,"GB,US",1
https://openalex.org/W2137930544,7,9,1,BE,0
https://openalex.org/W2138021594,2,2,1,AT,0
https://openalex.org/W2138045161,2,2,1,CN,0
https://openalex.org/W2138051012,5,5,0,,0
https://openalex.org/W2138070187,5,5,3,"DE,GB,US",1
https://openalex.org/W2138078321,8,8,1,TW,0
https://openalex.org/W2138103234,7,7,1,JP,0
https://openalex.org/W2138126754,6,6,1,JP,0
https://openalex.org/W2138247521,7,7,2,"DE,ES",1
https://openalex.org/W2138249949,3,3,1,RU,0
https://openalex.org/W2138373244,3,3,1,DE,0
https://openalex.org/W2138425354,1,2,0,,0
https://openalex.org/W2138500195,4,4,1,KR,0
https://openalex.org/W2138532302,18,37,2,"FR,IT",1
https://openalex.org/W2138558661,3,3,1,IT,0
https://openalex.org/W2138599467,6,6,1,AU,0
https://openalex.org/W2138603719,3,3,0,,0
https://openalex.org/W2138667064,6,6,1,NL,0
https://openalex.org/W2138724264,4,4,1,US,0
https://openalex.org/W2138739255,3,4,2,"FR,US",1
https://openalex.org/W2138817539,5,5,1,US,0
https://openalex.org/W2138833443,4,4,1,US,0
https://openalex.org/W2138951655,3,3,1,TW,0
https://openalex.org/W2138970015,3,3,1,GB,0
https://openalex.org/W2139003008,7,13,1,CZ,0
https://openalex.org/W2139029296,1,1,0,,0
https://openalex.org/W2139045907,4,4,1,RO,0
https://openalex.org/W2139125849,4,4,1,US,0
https://openalex.org/W2139218254,2,2,1,DE,0
https://openalex.org/W2139241360,4,4,1,TW,0
https://openalex.org/W2139317568,6,6,1,SG,0
https://openalex.org/W2139323425,3,3,1,BR,0
https://openalex.org/W2139328043,5,5,2,"DE,NL",1
https://openalex.org/W2139377898,10,10,1,DK,0
https://openalex.org/W2139379034,3,3,1,US,0
https://openalex.org/W2139511412,3,3,2,"FR,US",1
https://openalex.org/W2139523156,2,3,1,CN,0
https://openalex.org/W2139633204,2,2,1,AR,0
https://openalex.org/W2139681022,1,1,0,,0
https://openalex.org/W2139692614,4,4,1,CA,0
https://openalex.org/W2139758946,2,2,1,US,0
https://openalex.org/W2139763674,2,3,1,NL,0
https://openalex.org/W2139765011,3,3,1,MY,0
https://openalex.org/W2139844201,9,9,3,"CN,JP,NL",1
https://openalex.org/W2139886278,3,3,1,IN,0
https://openalex.org/W2139891004,9,9,2,"AU,IT",1
https://openalex.org/W2139899518,3,3,1,CN,0
https://openalex.org/W2139900240,2,2,0,,0
https://openalex.org/W2139922976,7,7,1,US,0
https://openalex.org/W2140018182,9,9,1,DE,0
https://openalex.org/W2140038295,5,5,1,US,0
https://openalex.org/W2140055513,7,7,1,CN,0
https://openalex.org/W2140056494,4,5,1,FR,0
https://openalex.org/W2140061070,2,2,1,CA,0
https://openalex.org/W2140084212,2,2,1,US,0
https://openalex.org/W2140122176,6,6,1,KR,0
https://openalex.org/W2140138832,4,4,1,KR,0
https://openalex.org/W2140157823,6,8,2,"SE,US",1
https://openalex.org/W2140437902,3,3,1,SE,0
https://openalex.org/W2140467282,1,1,0,,0
https://openalex.org/W2140481146,22,44,1,JP,0
https://openalex.org/W2140493051,5,5,1,FR,0
https://openalex.org/W2140494395,5,5,1,IT,0
https://openalex.org/W2140508012,10,10,2,"GB,US",1
https://openalex.org/W2140529877,2,2,0,,0
https://openalex.org/W2140545470,11,11,1,BE,0
https://openalex.org/W2140595307,12,24,1,CN,0
https://openalex.org/W2140605166,1,1,0,,0
https://openalex.org/W2140612963,7,7,1,KR,0
https://openalex.org/W2140665085,8,8,1,KR,0
https://openalex.org/W2140715458,8,16,3,"CN,FR,US",1
https://openalex.org/W2140719948,8,8,3,"AU,NL,PT",1
https://openalex.org/W2140769117,1,1,0,,0
https://openalex.org/W2140785222,1,1,0,,0
https://openalex.org/W2140850240,4,4,1,KR,0
https://openalex.org/W2140961798,5,5,1,CN,0
https://openalex.org/W2140973403,1,1,0,,0
https://openalex.org/W2140993580,3,3,1,TW,0
https://openalex.org/W2141008816,3,3,1,KR,0
https://openalex.org/W2141013966,9,10,3,"DE,SE,US",1
https://openalex.org/W2141078052,7,7,1,RU,0
https://openalex.org/W2141233602,4,4,1,IT,0
https://openalex.org/W2141243858,4,4,1,US,0
https://openalex.org/W2141253195,3,3,1,JP,0
https://openalex.org/W2141298609,1,1,0,,0
https://openalex.org/W2141318029,8,8,1,IT,0
https://openalex.org/W2141336294,7,14,1,FR,0
https://openalex.org/W2141348604,3,3,1,CA,0
https://openalex.org/W2141379093,2,2,0,,0
https://openalex.org/W2141380987,3,3,1,GB,0
https://openalex.org/W2141405106,3,3,1,AT,0
https://openalex.org/W2141437885,4,5,1,ES,0
https://openalex.org/W2141468309,1,1,0,,0
https://openalex.org/W2141492286,2,2,1,TW,0
https://openalex.org/W2141516276,5,6,1,RS,0
https://openalex.org/W2141519182,4,4,2,"DZ,FR",1
https://openalex.org/W2141529262,5,5,1,KR,0
https://openalex.org/W2141584806,2,2,1,AU,0
https://openalex.org/W2141600165,2,2,1,SI,0
https://openalex.org/W2141620998,5,15,1,FR,0
https://openalex.org/W2141642422,2,2,1,US,0
https://openalex.org/W2141658273,4,4,1,US,0
https://openalex.org/W2141659390,3,3,1,BE,0
https://openalex.org/W2141685909,4,4,1,KR,0
https://openalex.org/W2141749632,6,6,2,"QA,US",1
https://openalex.org/W2141776582,2,2,1,CA,0
https://openalex.org/W2141804745,3,4,1,IN,0
https://openalex.org/W2141821722,12,12,1,JP,0
https://openalex.org/W2141834844,3,3,0,,0
https://openalex.org/W2141856606,5,5,1,TW,0
https://openalex.org/W2141866009,4,4,1,CA,0
https://openalex.org/W2141936110,3,3,2,"PT,RO",1
https://openalex.org/W2141966815,2,2,1,US,0
https://openalex.org/W2141968872,5,5,2,"DE,JP",1
https://openalex.org/W2141989937,1,1,0,,0
https://openalex.org/W2141992944,2,2,1,RU,0
https://openalex.org/W2141995502,2,2,1,GB,0
https://openalex.org/W2142050551,4,4,1,CN,0
https://openalex.org/W2142139608,5,7,1,US,0
https://openalex.org/W2142140683,5,5,1,US,0
https://openalex.org/W2142157961,2,2,1,US,0
https://openalex.org/W2142209297,1,1,0,,0
https://openalex.org/W2142218414,5,6,2,"JP,RU",1
https://openalex.org/W2142291035,5,5,1,MY,0
https://openalex.org/W2142306160,2,4,1,DE,0
https://openalex.org/W2142338728,7,7,1,DE,0
https://openalex.org/W2142361981,3,4,1,KR,0
https://openalex.org/W2142395396,9,9,2,"IN,MY",1
https://openalex.org/W2142421204,3,3,1,DE,0
https://openalex.org/W2142438367,4,5,1,CN,0
https://openalex.org/W2142441786,3,3,1,CN,0
https://openalex.org/W2142459106,2,2,0,,0
https://openalex.org/W2142459140,1,1,0,,0
https://openalex.org/W2142559789,4,5,1,JP,0
https://openalex.org/W2142638718,8,8,1,SE,0
https://openalex.org/W2142655799,3,3,1,KR,0
https://openalex.org/W2142668692,7,7,3,"DE,GB,NL",1
https://openalex.org/W2142732517,3,3,1,IT,0
https://openalex.org/W2142767891,3,6,1,CN,0
https://openalex.org/W2142817280,5,5,1,JP,0
https://openalex.org/W2142893162,4,4,1,KR,0
https://openalex.org/W2142937603,3,3,1,FI,0
https://openalex.org/W2142989996,2,2,1,SE,0
https://openalex.org/W2143027666,3,3,1,CA,0
https://openalex.org/W2143064824,2,2,1,JP,0
https://openalex.org/W2143105820,2,2,1,TW,0
https://openalex.org/W2143116603,3,3,1,SG,0
https://openalex.org/W2143203487,4,4,1,NL,0
https://openalex.org/W2143254487,2,2,2,"GB,JP",1
https://openalex.org/W2143283725,3,4,2,"CA,CN",1
https://openalex.org/W2143288690,7,7,1,JP,0
https://openalex.org/W2143294591,6,6,2,"KR,US",1
https://openalex.org/W2143302829,4,4,1,IN,0
https://openalex.org/W2143426735,5,5,2,"PL,US",1
https://openalex.org/W2143442205,4,4,1,DE,0
https://openalex.org/W2143492009,11,11,3,"AU,DE,NZ",1
https://openalex.org/W2143545745,6,30,1,FR,0
https://openalex.org/W2143547653,3,3,1,JP,0
https://openalex.org/W2143585755,2,3,2,"HK,US",1
https://openalex.org/W2143601164,5,5,1,US,0
https://openalex.org/W2143667991,4,8,1,JP,0
https://openalex.org/W2143670541,4,4,1,CN,0
https://openalex.org/W2143700551,6,6,1,CN,0
https://openalex.org/W2143701211,4,4,2,"JP,NL",1
https://openalex.org/W2143762271,9,9,1,TW,0
https://openalex.org/W2143813037,3,4,3,"CN,KR,US",1
https://openalex.org/W2143821908,2,2,1,BR,0
https://openalex.org/W2143890699,2,2,1,SI,0
https://openalex.org/W2144021497,4,4,1,IT,0
https://openalex.org/W2144131411,3,3,1,BR,0
https://openalex.org/W2144224926,4,4,1,PL,0
https://openalex.org/W2144228799,6,8,2,"FR,PT",1
https://openalex.org/W2144237291,5,5,1,CN,0
https://openalex.org/W2144280738,1,1,0,,0
https://openalex.org/W2144324993,9,9,1,KR,0
https://openalex.org/W2144327418,3,3,1,US,0
https://openalex.org/W2144359921,3,3,2,"JP,KR",1
https://openalex.org/W2144369234,2,2,2,"CA,EG",1
https://openalex.org/W2144435195,3,4,1,KR,0
https://openalex.org/W2144472578,4,6,2,"CA,US",1
https://openalex.org/W2144580398,7,10,1,RU,0
https://openalex.org/W2144586468,2,2,1,US,0
https://openalex.org/W2144611999,3,3,1,JP,0
https://openalex.org/W2144626430,4,4,0,,0
https://openalex.org/W2144641737,6,7,2,"JP,US",1
https://openalex.org/W2144659120,4,4,1,TW,0
https://openalex.org/W2144674008,11,11,1,CN,0
https://openalex.org/W2144757389,4,4,1,KR,0
https://openalex.org/W2144923660,4,4,1,US,0
https://openalex.org/W2144923787,2,2,1,US,0
https://openalex.org/W2144928230,4,6,3,"JP,MY,US",1
https://openalex.org/W2144993611,5,5,2,"CN,GB",1
https://openalex.org/W2145067112,5,5,1,US,0
https://openalex.org/W2145117400,4,4,1,KR,0
https://openalex.org/W2145135094,4,4,1,KR,0
https://openalex.org/W2145139054,5,5,1,HK,0
https://openalex.org/W2145171261,5,5,1,CZ,0
https://openalex.org/W2145174307,6,6,1,JP,0
https://openalex.org/W2145192825,4,5,1,US,0
https://openalex.org/W2145212252,1,1,0,,0
https://openalex.org/W2145255383,5,5,1,CN,0
https://openalex.org/W2145265361,7,13,2,"GB,PL",1
https://openalex.org/W2145286292,4,4,1,CH,0
https://openalex.org/W2145362906,6,6,1,NL,0
https://openalex.org/W2145394300,5,8,4,"FR,LV,PL,UA",1
https://openalex.org/W2145444165,5,6,3,"IN,KR,US",1
https://openalex.org/W2145445828,8,29,3,"FR,JP,US",1
https://openalex.org/W2145471149,4,4,1,CN,0
https://openalex.org/W2145480641,7,7,1,US,0
https://openalex.org/W2145499042,4,4,1,US,0
https://openalex.org/W2145615349,12,12,1,JP,0
https://openalex.org/W2145651903,1,1,0,,0
https://openalex.org/W2145666921,4,5,2,"DE,DZ",1
https://openalex.org/W2145675868,2,3,1,US,0
https://openalex.org/W2145680387,6,6,1,NL,0
https://openalex.org/W2145688823,3,3,1,JP,0
https://openalex.org/W2145735750,2,4,1,JP,0
https://openalex.org/W2145819284,3,3,2,"NO,US",1
https://openalex.org/W2145861450,1,1,0,,0
https://openalex.org/W2145908973,3,3,1,CN,0
https://openalex.org/W2145923849,4,4,1,KR,0
https://openalex.org/W2145950669,4,4,1,IT,0
https://openalex.org/W2145976935,3,3,1,KR,0
https://openalex.org/W2146034882,3,3,1,AU,0
https://openalex.org/W2146121167,4,4,1,TW,0
https://openalex.org/W2146245944,7,7,1,DE,0
https://openalex.org/W2146306260,4,5,1,US,0
https://openalex.org/W2146322256,3,3,1,US,0
https://openalex.org/W2146344928,3,3,1,ES,0
https://openalex.org/W2146391269,3,3,1,BR,0
https://openalex.org/W2146458540,2,3,2,"CY,FR",1
https://openalex.org/W2146464854,2,2,1,SE,0
https://openalex.org/W2146465028,5,6,2,"IN,US",1
https://openalex.org/W2146555292,1,1,0,,0
https://openalex.org/W2146575875,4,4,1,DE,0
https://openalex.org/W2146601273,9,9,1,JP,0
https://openalex.org/W2146779191,5,9,2,"CN,TW",1
https://openalex.org/W2146931889,7,12,2,"SG,US",1
https://openalex.org/W2146965568,2,2,1,US,0
https://openalex.org/W2146991372,50,61,6,"DE,IN,IT,KR,NL,US",1
https://openalex.org/W2146997156,6,6,2,"DE,JP",1
https://openalex.org/W2147027649,6,7,2,"CL,NL",1
https://openalex.org/W2147162443,2,2,1,TW,0
https://openalex.org/W2147195389,7,7,1,US,0
https://openalex.org/W2147213299,2,2,1,CN,0
https://openalex.org/W2147232480,3,3,1,TW,0
https://openalex.org/W2147259676,5,8,3,"DE,ES,US",1
https://openalex.org/W2147380155,5,5,1,SE,0
https://openalex.org/W2147443395,1,1,0,,0
https://openalex.org/W2147444752,4,6,1,JP,0
https://openalex.org/W2147452645,3,3,0,,0
https://openalex.org/W2147467878,8,8,1,KR,0
https://openalex.org/W2147557378,5,6,1,CN,0
https://openalex.org/W2147572111,2,2,1,US,0
https://openalex.org/W2147595946,5,6,2,"DE,RS",1
https://openalex.org/W2147611462,4,4,1,IN,0
https://openalex.org/W2147712767,4,4,1,CN,0
https://openalex.org/W2147755069,7,7,1,US,0
https://openalex.org/W2147810287,6,7,1,NO,0
https://openalex.org/W2147812921,6,7,1,CN,0
https://openalex.org/W2147818712,8,8,1,US,0
https://openalex.org/W2147840959,5,5,1,US,0
https://openalex.org/W2147882834,2,2,1,CA,0
https://openalex.org/W2147913059,8,14,1,RU,0
https://openalex.org/W2147914297,4,4,1,BR,0
https://openalex.org/W2147934707,3,3,1,TW,0
https://openalex.org/W2148032811,5,20,2,"KR,US",1
https://openalex.org/W2148075884,3,3,1,US,0
https://openalex.org/W2148107516,1,1,0,,0
https://openalex.org/W2148110777,4,7,1,AR,0
https://openalex.org/W2148124477,6,6,1,CN,0
https://openalex.org/W2148196487,6,8,3,"DZ,OM,US",1
https://openalex.org/W2148313508,7,7,1,US,0
https://openalex.org/W2148406953,2,2,1,UA,0
https://openalex.org/W2148456319,2,2,1,US,0
https://openalex.org/W2148492750,7,12,2,"KR,UA",1
https://openalex.org/W2148543507,5,5,1,JP,0
https://openalex.org/W2148696912,3,3,1,TW,0
https://openalex.org/W2148698362,3,3,1,JP,0
https://openalex.org/W2148710454,2,2,0,,0
https://openalex.org/W2148818967,3,4,1,US,0
https://openalex.org/W2149006886,1,1,0,,0
https://openalex.org/W2149043141,2,3,1,US,0
https://openalex.org/W2149046346,2,2,1,IT,0
https://openalex.org/W2149057274,3,3,1,AU,0
https://openalex.org/W2149083227,5,5,2,"IN,US",1
https://openalex.org/W2149089506,5,8,2,"AU,US",1
https://openalex.org/W2149093729,4,6,1,CN,0
https://openalex.org/W2149187852,4,4,1,JP,0
https://openalex.org/W2149199537,2,2,1,EE,0
https://openalex.org/W2149301758,4,4,1,CA,0
https://openalex.org/W2149302746,8,8,2,"GB,KR",1
https://openalex.org/W2149388905,2,2,1,SE,0
https://openalex.org/W2149437461,2,2,1,ZA,0
https://openalex.org/W2149445069,15,15,2,"FI,NL",1
https://openalex.org/W2149561826,7,7,1,US,0
https://openalex.org/W2149632377,6,6,1,GB,0
https://openalex.org/W2149641812,5,10,1,AU,0
https://openalex.org/W2149703290,3,3,2,"AU,US",1
https://openalex.org/W2149708490,8,8,1,JP,0
https://openalex.org/W2149711710,2,4,1,US,0
https://openalex.org/W2149820335,3,3,1,BR,0
https://openalex.org/W2149864924,3,3,1,CN,0
https://openalex.org/W2149865165,3,6,1,CA,0
https://openalex.org/W2149866405,4,5,1,US,0
https://openalex.org/W2149892546,6,6,1,GB,0
https://openalex.org/W2149984991,3,3,1,FR,0
https://openalex.org/W2150077969,7,7,1,GB,0
https://openalex.org/W2150107807,4,4,2,"GB,TN",1
https://openalex.org/W2150110934,1,1,0,,0
https://openalex.org/W2150228425,3,3,1,TW,0
https://openalex.org/W2150288351,7,7,1,KR,0
https://openalex.org/W2150318936,8,10,1,DE,0
https://openalex.org/W2150435330,5,5,1,JP,0
https://openalex.org/W2150507778,2,2,1,CA,0
https://openalex.org/W2150547705,4,4,1,JP,0
https://openalex.org/W2150563443,9,9,1,JP,0
https://openalex.org/W2150598506,2,2,1,TW,0
https://openalex.org/W2150614933,6,7,2,"RU,US",1
https://openalex.org/W2150647576,7,8,3,"IT,RU,SE",1
https://openalex.org/W2150654739,3,4,1,CZ,0
https://openalex.org/W2150691332,12,12,1,JP,0
https://openalex.org/W2150709991,4,4,1,FR,0
https://openalex.org/W2150744866,2,2,1,NL,0
https://openalex.org/W2150808153,9,9,2,"CH,SE",1
https://openalex.org/W2150817054,4,5,2,"AR,ES",1
https://openalex.org/W2150870069,6,6,2,"DE,RU",1
https://openalex.org/W2150871256,1,1,0,,0
https://openalex.org/W2150900085,2,3,1,IT,0
https://openalex.org/W2150928013,1,1,0,,0
https://openalex.org/W2150961655,5,5,1,GR,0
https://openalex.org/W2150979342,8,8,1,CN,0
https://openalex.org/W2151032270,2,2,1,TW,0
https://openalex.org/W2151069072,3,5,2,"SK,US",1
https://openalex.org/W2151090520,3,3,2,"KR,US",1
https://openalex.org/W2151098469,6,8,1,BE,0
https://openalex.org/W2151117236,3,3,0,,0
https://openalex.org/W2151181593,1,1,0,,0
https://openalex.org/W2151350320,2,2,1,MY,0
https://openalex.org/W2151371486,7,14,1,UA,0
https://openalex.org/W2151381187,5,5,1,US,0
https://openalex.org/W2151489956,6,6,1,CN,0
https://openalex.org/W2151573827,7,7,1,US,0
https://openalex.org/W2151589392,3,5,2,"ES,US",1
https://openalex.org/W2151599528,4,8,2,"CH,US",1
https://openalex.org/W2151602425,2,2,1,CA,0
https://openalex.org/W2151698592,1,1,0,,0
https://openalex.org/W2151714721,2,2,1,DE,0
https://openalex.org/W2151739645,7,7,1,MY,0
https://openalex.org/W2151766157,2,2,1,CA,0
https://openalex.org/W2151767165,4,7,1,CN,0
https://openalex.org/W2151793992,2,2,1,US,0
https://openalex.org/W2151810269,3,3,1,CA,0
https://openalex.org/W2151847417,3,3,1,DE,0
https://openalex.org/W2151858259,3,3,1,GB,0
https://openalex.org/W2151889015,2,2,2,"JP,RU",1
https://openalex.org/W2151950366,4,5,1,US,0
https://openalex.org/W2151954810,1,1,0,,0
https://openalex.org/W2151967732,4,4,1,KZ,0
https://openalex.org/W2152036562,3,3,0,,0
https://openalex.org/W2152168530,2,2,2,"CA,GH",1
https://openalex.org/W2152188645,2,2,1,TW,0
https://openalex.org/W2152196898,4,4,1,RO,0
https://openalex.org/W2152241065,6,11,2,"AU,MY",1
https://openalex.org/W2152298294,1,1,0,,0
https://openalex.org/W2152315062,6,6,1,KR,0
https://openalex.org/W2152340005,3,3,1,TW,0
https://openalex.org/W2152386832,7,7,1,FR,0
https://openalex.org/W2152471935,4,4,1,RU,0
https://openalex.org/W2152504358,3,3,3,"BE,FR,NL",1
https://openalex.org/W2152536583,4,5,1,JP,0
https://openalex.org/W2152560421,4,4,2,"JP,SA",1
https://openalex.org/W2152572856,1,1,0,,0
https://openalex.org/W2152607426,5,5,1,IE,0
https://openalex.org/W2152610199,5,5,1,US,0
https://openalex.org/W2152631642,6,12,1,CN,0
https://openalex.org/W2152637304,5,5,1,US,0
https://openalex.org/W2152677754,2,2,1,TW,0
https://openalex.org/W2152684229,3,3,1,SE,0
https://openalex.org/W2152736287,4,9,1,CN,0
https://openalex.org/W2152842013,1,2,0,,0
https://openalex.org/W2152891193,3,3,0,,0
https://openalex.org/W2152983061,3,3,1,TW,0
https://openalex.org/W2153001256,4,4,0,,0
https://openalex.org/W2153002175,4,5,1,US,0
https://openalex.org/W2153021522,6,6,1,CN,0
https://openalex.org/W2153154387,1,1,0,,0
https://openalex.org/W2153207098,2,2,1,CN,0
https://openalex.org/W2153252356,1,1,0,,0
https://openalex.org/W2153269503,4,4,1,CN,0
https://openalex.org/W2153349315,7,7,2,"CN,SG",1
https://openalex.org/W2153369606,3,3,1,IT,0
https://openalex.org/W2153431708,3,3,2,"CA,DE",1
https://openalex.org/W2153435079,5,5,1,RU,0
https://openalex.org/W2153466180,3,4,1,ES,0
https://openalex.org/W2153537189,7,7,0,,0
https://openalex.org/W2153567467,7,7,1,TW,0
https://openalex.org/W2153615712,12,12,2,"DE,FR",1
https://openalex.org/W2153761472,2,2,0,,0
https://openalex.org/W2153840635,6,8,3,"CH,DE,PL",1
https://openalex.org/W2153894473,5,5,1,US,0
https://openalex.org/W2153907945,3,3,1,CH,0
https://openalex.org/W2153947160,1,2,0,,0
https://openalex.org/W2153953637,2,3,2,"DE,FR",1
https://openalex.org/W2153957381,6,8,2,"CN,US",1
https://openalex.org/W2154093511,4,4,1,PT,0
https://openalex.org/W2154124391,8,8,0,,0
https://openalex.org/W2154208167,2,3,2,"FR,RU",1
https://openalex.org/W2154243287,3,3,1,GB,0
https://openalex.org/W2154244148,4,4,1,US,0
https://openalex.org/W2154275311,3,6,1,FR,0
https://openalex.org/W2154330149,3,3,1,TR,0
https://openalex.org/W2154359907,4,4,2,"CN,GB",1
https://openalex.org/W2154418204,9,9,2,"KR,US",1
https://openalex.org/W2154430264,30,37,1,US,0
https://openalex.org/W2154439756,5,6,2,"CN,HK",1
https://openalex.org/W2154484674,5,8,1,BR,0
https://openalex.org/W2154511527,3,3,1,KR,0
https://openalex.org/W2154514763,3,3,0,,0
https://openalex.org/W2154530561,1,1,0,,0
https://openalex.org/W2154568639,4,7,2,"FR,RU",1
https://openalex.org/W2154691998,9,9,1,US,0
https://openalex.org/W2154735034,3,3,1,IN,0
https://openalex.org/W2154747374,10,10,1,GR,0
https://openalex.org/W2154763079,8,9,2,"HK,TW",1
https://openalex.org/W2154827929,3,4,2,"FR,IR",1
https://openalex.org/W2154853361,1,1,0,,0
https://openalex.org/W2154889952,3,3,1,MX,0
https://openalex.org/W2154916921,5,5,0,,0
https://openalex.org/W2154950674,4,4,1,TW,0
https://openalex.org/W2154956887,1,1,0,,0
https://openalex.org/W2155035564,6,7,1,CN,0
https://openalex.org/W2155038591,1,1,0,,0
https://openalex.org/W2155042916,2,2,1,JP,0
https://openalex.org/W2155149528,6,14,1,US,0
https://openalex.org/W2155191931,4,4,0,,0
https://openalex.org/W2155258488,3,3,1,MY,0
https://openalex.org/W2155322825,6,7,1,TW,0
https://openalex.org/W2155340892,4,8,1,CN,0
https://openalex.org/W2155366050,5,5,3,"FI,JP,KR",1
https://openalex.org/W2155369929,4,4,2,"DE,US",1
https://openalex.org/W2155416628,2,3,2,"AU,ES",1
https://openalex.org/W2155417772,4,4,2,"CN,HK",1
https://openalex.org/W2155464752,6,8,3,"GB,IT,US",1
https://openalex.org/W2155485868,8,8,1,JP,0
https://openalex.org/W2155562662,6,6,1,UA,0
https://openalex.org/W2155577549,8,8,2,"DE,IR",1
https://openalex.org/W2155640107,3,3,1,KR,0
https://openalex.org/W2155669845,5,7,2,"CN,HK",1
https://openalex.org/W2155733266,6,7,1,CN,0
https://openalex.org/W2155736702,4,4,0,,0
https://openalex.org/W2155750104,3,3,1,FI,0
https://openalex.org/W2155754234,2,2,1,ES,0
https://openalex.org/W2155768560,2,2,1,HK,0
https://openalex.org/W2155781222,6,6,1,CA,0
https://openalex.org/W2155786927,3,3,1,CA,0
https://openalex.org/W2155832562,4,4,1,CN,0
https://openalex.org/W2155853995,3,3,1,US,0
https://openalex.org/W2155865461,3,3,1,JP,0
https://openalex.org/W2155873437,1,1,0,,0
https://openalex.org/W2155881957,4,5,2,"SG,US",1
https://openalex.org/W2155936993,4,4,1,GR,0
https://openalex.org/W2156002823,3,3,1,IT,0
https://openalex.org/W2156091744,4,4,1,CN,0
https://openalex.org/W2156093630,4,4,1,US,0
https://openalex.org/W2156124852,3,4,2,"PT,US",1
https://openalex.org/W2156170592,1,1,0,,0
https://openalex.org/W2156173416,5,7,1,TW,0
https://openalex.org/W2156207307,4,4,1,NL,0
https://openalex.org/W2156284144,11,11,2,"BE,RO",1
https://openalex.org/W2156455213,8,8,0,,0
https://openalex.org/W2156459256,5,6,1,IN,0
https://openalex.org/W2156486121,2,2,1,CA,0
https://openalex.org/W2156486140,6,6,1,US,0
https://openalex.org/W2156496937,2,2,1,CA,0
https://openalex.org/W2156550549,5,5,0,,0
https://openalex.org/W2156580010,5,5,2,"CN,DZ",1
https://openalex.org/W2156853958,4,4,1,CN,0
https://openalex.org/W2156941351,2,2,1,TW,0
https://openalex.org/W2156958736,3,3,1,AT,0
https://openalex.org/W2157028773,5,5,1,JP,0
https://openalex.org/W2157048625,3,4,2,"EG,FR",1
https://openalex.org/W2157062383,3,3,2,"BN,GB",1
https://openalex.org/W2157089595,7,7,1,US,0
https://openalex.org/W2157108466,12,12,2,"DK,US",1
https://openalex.org/W2157142238,5,5,2,"ES,FR",1
https://openalex.org/W2157251714,17,17,1,JP,0
https://openalex.org/W2157268167,10,10,1,CN,0
https://openalex.org/W2157371093,22,60,1,US,0
https://openalex.org/W2157381649,11,12,3,"IT,NL,US",1
https://openalex.org/W2157401993,10,10,1,US,0
https://openalex.org/W2157437505,7,7,0,,0
https://openalex.org/W2157453712,4,4,1,MY,0
https://openalex.org/W2157504036,6,6,2,"EG,US",1
https://openalex.org/W2157510715,5,6,2,"SE,US",1
https://openalex.org/W2157679435,4,4,2,"TH,US",1
https://openalex.org/W2157680216,8,8,2,"IT,JP",1
https://openalex.org/W2157683703,4,5,2,"CN,US",1
https://openalex.org/W2157762040,5,5,1,AT,0
https://openalex.org/W2157876232,5,5,1,DE,0
https://openalex.org/W2157899221,9,26,2,"FR,US",1
https://openalex.org/W2157943743,9,10,2,"DE,PL",1
https://openalex.org/W2157999953,5,11,2,"FR,RU",1
https://openalex.org/W2158136906,5,5,1,TW,0
https://openalex.org/W2158160038,7,13,2,"CN,SG",1
https://openalex.org/W2158170180,6,9,2,"BE,CH",1
https://openalex.org/W2158193814,2,2,1,TW,0
https://openalex.org/W2158226051,4,4,1,JO,0
https://openalex.org/W2158284621,2,2,1,KR,0
https://openalex.org/W2158316267,1,1,0,,0
https://openalex.org/W2158325186,2,2,2,"BE,US",1
https://openalex.org/W2158344135,7,7,1,JP,0
https://openalex.org/W2158345846,2,2,1,SE,0
https://openalex.org/W2158354128,3,4,2,"HU,US",1
https://openalex.org/W2158390012,3,3,1,TW,0
https://openalex.org/W2158409549,5,10,1,UA,0
https://openalex.org/W2158413028,3,3,0,,0
https://openalex.org/W2158483414,8,8,1,RU,0
https://openalex.org/W2158525810,14,14,1,US,0
https://openalex.org/W2158631166,3,3,1,PL,0
https://openalex.org/W2158658548,2,2,1,GB,0
https://openalex.org/W2158667642,5,5,1,IT,0
https://openalex.org/W2158708185,2,2,1,CN,0
https://openalex.org/W2158775328,4,4,1,IN,0
https://openalex.org/W2158791846,5,7,2,"AR,CO",1
https://openalex.org/W2158818945,4,4,1,TW,0
https://openalex.org/W2158845814,6,6,1,KR,0
https://openalex.org/W2158911620,3,3,1,CA,0
https://openalex.org/W2158929484,4,5,2,"DE,ES",1
https://openalex.org/W2159082119,2,3,1,PT,0
https://openalex.org/W2159085819,8,16,1,CN,0
https://openalex.org/W2159089208,4,4,1,TW,0
https://openalex.org/W2159101239,2,2,2,"CN,US",1
https://openalex.org/W2159122071,2,2,1,US,0
https://openalex.org/W2159168707,2,2,1,US,0
https://openalex.org/W2159205855,2,2,1,KR,0
https://openalex.org/W2159230779,8,8,1,KR,0
https://openalex.org/W2159257138,8,10,1,JP,0
https://openalex.org/W2159323954,4,4,1,JP,0
https://openalex.org/W2159352565,1,1,0,,0
https://openalex.org/W2159369641,4,4,1,RU,0
https://openalex.org/W2159395738,12,21,1,ES,0
https://openalex.org/W2159438815,3,3,1,CN,0
https://openalex.org/W2159550987,6,6,1,BR,0
https://openalex.org/W2159582793,5,5,1,AT,0
https://openalex.org/W2159644212,4,7,1,CN,0
https://openalex.org/W2159672022,4,5,2,"CN,US",1
https://openalex.org/W2159690160,2,4,1,DE,0
https://openalex.org/W2159696131,2,2,1,DE,0
https://openalex.org/W2159709015,2,2,0,,0
https://openalex.org/W2159729094,3,3,2,"FR,GB",1
https://openalex.org/W2159787372,2,2,1,US,0
https://openalex.org/W2159838744,6,6,1,CN,0
https://openalex.org/W2159847957,6,6,1,ES,0
https://openalex.org/W2159878490,2,2,1,US,0
https://openalex.org/W2159889897,1,1,0,,0
https://openalex.org/W2159899910,2,2,1,IT,0
https://openalex.org/W2159926042,2,3,1,SE,0
https://openalex.org/W2159958725,5,5,1,IT,0
https://openalex.org/W2159986849,6,6,1,US,0
https://openalex.org/W2160058589,8,18,1,SG,0
https://openalex.org/W2160076638,1,1,0,,0
https://openalex.org/W2160091135,7,10,1,CN,0
https://openalex.org/W2160180031,2,2,1,TR,0
https://openalex.org/W2160225526,2,4,2,"CN,US",1
https://openalex.org/W2160226841,7,7,1,IT,0
https://openalex.org/W2160267667,1,1,0,,0
https://openalex.org/W2160284352,4,4,1,GB,0
https://openalex.org/W2160284940,1,1,0,,0
https://openalex.org/W2160327936,3,3,1,CN,0
https://openalex.org/W2160401753,3,4,2,"CN,US",1
https://openalex.org/W2160421475,6,6,1,SG,0
https://openalex.org/W2160503200,3,3,1,TW,0
https://openalex.org/W2160515177,3,3,1,NL,0
https://openalex.org/W2160534045,4,4,0,,0
https://openalex.org/W2160626848,6,12,1,UA,0
https://openalex.org/W2160827045,20,20,1,CN,0
https://openalex.org/W2160834936,4,4,1,KR,0
https://openalex.org/W2160836647,13,13,1,KR,0
https://openalex.org/W2160880992,4,4,1,US,0
https://openalex.org/W2160910594,4,4,1,JP,0
https://openalex.org/W2160980024,3,3,1,CN,0
https://openalex.org/W2161044934,1,1,0,,0
https://openalex.org/W2161051163,4,4,2,"GR,US",1
https://openalex.org/W2161053862,1,1,0,,0
https://openalex.org/W2161083071,5,5,1,CN,0
https://openalex.org/W2161091631,3,3,1,CA,0
https://openalex.org/W2161163637,3,3,1,CN,0
https://openalex.org/W2161211711,7,7,2,"IT,US",1
https://openalex.org/W2161467220,3,3,1,CN,0
https://openalex.org/W2161499381,8,8,2,"JP,UA",1
https://openalex.org/W2161528691,6,6,1,GB,0
https://openalex.org/W2161537495,5,5,1,DE,0
https://openalex.org/W2161561938,3,3,1,PT,0
https://openalex.org/W2161567524,3,3,1,AU,0
https://openalex.org/W2161574925,3,3,0,,0
https://openalex.org/W2161604255,3,4,1,CN,0
https://openalex.org/W2161623001,1,1,0,,0
https://openalex.org/W2161649509,3,3,1,CA,0
https://openalex.org/W2161675760,5,5,1,JP,0
https://openalex.org/W2161719944,2,2,1,TW,0
https://openalex.org/W2161725943,15,15,3,"DE,FR,US",1
https://openalex.org/W2161770061,7,7,2,"FR,GB",1
https://openalex.org/W2161770737,2,2,1,IE,0
https://openalex.org/W2161883367,1,1,0,,0
https://openalex.org/W2161952544,7,7,1,JP,0
https://openalex.org/W2161971426,6,6,1,KR,0
https://openalex.org/W2161991185,2,2,1,KR,0
https://openalex.org/W2162003351,4,4,2,"SK,UA",1
https://openalex.org/W2162004435,4,4,1,US,0
https://openalex.org/W2162033823,1,1,0,,0
https://openalex.org/W2162149508,7,7,1,GB,0
https://openalex.org/W2162219220,3,4,1,US,0
https://openalex.org/W2162231295,5,9,1,IN,0
https://openalex.org/W2162241409,4,4,1,RU,0
https://openalex.org/W2162244759,2,2,2,"DE,US",1
https://openalex.org/W2162258520,5,5,1,JP,0
https://openalex.org/W2162306025,1,1,0,,0
https://openalex.org/W2162322319,11,15,2,"GB,US",1
https://openalex.org/W2162360449,2,2,1,CZ,0
https://openalex.org/W2162399951,3,3,2,"CA,CN",1
https://openalex.org/W2162430531,7,7,2,"KR,US",1
https://openalex.org/W2162458218,15,15,4,"GB,IT,SE,US",1
https://openalex.org/W2162481591,5,5,1,ES,0
https://openalex.org/W2162531383,6,9,1,MA,0
https://openalex.org/W2162544201,1,2,0,,0
https://openalex.org/W2162551623,4,4,0,,0
https://openalex.org/W2162590892,5,5,1,CN,0
https://openalex.org/W2162633430,2,2,1,SG,0
https://openalex.org/W2162682519,4,8,1,FR,0
https://openalex.org/W2162701844,3,3,1,IT,0
https://openalex.org/W2162722995,6,6,1,IT,0
https://openalex.org/W2162789939,4,4,1,JP,0
https://openalex.org/W2162798627,7,7,1,JP,0
https://openalex.org/W2162851326,3,3,1,SA,0
https://openalex.org/W2162858342,4,4,1,KR,0
https://openalex.org/W2162873089,9,9,1,CH,0
https://openalex.org/W2162873534,2,2,0,,0
https://openalex.org/W2162878435,4,4,1,ES,0
https://openalex.org/W2162895661,2,3,2,"AU,JP",1
https://openalex.org/W2162914479,2,2,1,HK,0
https://openalex.org/W2163038606,4,4,1,KR,0
https://openalex.org/W2163083551,1,1,0,,0
https://openalex.org/W2163120335,3,4,1,PT,0
https://openalex.org/W2163187149,4,4,2,"AU,HU",1
https://openalex.org/W2163242466,5,5,1,JP,0
https://openalex.org/W2163339134,1,1,0,,0
https://openalex.org/W2163419984,3,3,1,CA,0
https://openalex.org/W2163431639,4,4,3,"CA,ES,US",1
https://openalex.org/W2163437883,6,12,1,CN,0
https://openalex.org/W2163451018,7,8,2,"IT,JP",1
https://openalex.org/W2163495020,3,3,1,CA,0
https://openalex.org/W2163510041,4,4,1,US,0
https://openalex.org/W2163528810,2,2,1,IN,0
https://openalex.org/W2163627645,6,6,1,KR,0
https://openalex.org/W2163693713,6,6,1,PT,0
https://openalex.org/W2163744332,4,4,1,IT,0
https://openalex.org/W2163755236,5,5,0,,0
https://openalex.org/W2163805997,4,4,2,"AT,HU",1
https://openalex.org/W2163843644,1,1,0,,0
https://openalex.org/W2163900007,3,4,2,"JP,MX",1
https://openalex.org/W2163903773,3,3,1,CA,0
https://openalex.org/W2163915713,4,6,2,"SK,US",1
https://openalex.org/W2163923623,3,3,1,SG,0
https://openalex.org/W2163997701,5,5,1,DE,0
https://openalex.org/W2163998477,4,4,1,US,0
https://openalex.org/W2164039763,11,13,1,IT,0
https://openalex.org/W2164101244,2,2,0,,0
https://openalex.org/W2164125681,2,3,1,TW,0
https://openalex.org/W2164258537,4,4,1,KR,0
https://openalex.org/W2164263263,3,3,1,KR,0
https://openalex.org/W2164323457,3,3,1,KR,0
https://openalex.org/W2164457222,6,6,2,"GB,NO",1
https://openalex.org/W2164460308,3,3,1,US,0
https://openalex.org/W2164462576,1,1,0,,0
https://openalex.org/W2164510356,5,5,1,CN,0
https://openalex.org/W2164588373,4,4,1,US,0
https://openalex.org/W2164649563,3,3,1,BR,0
https://openalex.org/W2164677127,2,2,0,,0
https://openalex.org/W2164707575,10,11,1,JP,0
https://openalex.org/W2164739541,5,6,1,TW,0
https://openalex.org/W2164741390,4,4,1,RU,0
https://openalex.org/W2164799987,5,5,1,KR,0
https://openalex.org/W2164889230,4,4,1,DE,0
https://openalex.org/W2164892141,3,3,1,CN,0
https://openalex.org/W2164935846,11,11,1,TW,0
https://openalex.org/W2164945552,2,2,1,AU,0
https://openalex.org/W2164964600,24,26,1,CN,0
https://openalex.org/W2164965194,4,4,1,KR,0
https://openalex.org/W2165056648,3,3,1,CN,0
https://openalex.org/W2165131446,2,2,1,US,0
https://openalex.org/W2165151393,2,2,1,US,0
https://openalex.org/W2165157674,3,3,1,US,0
https://openalex.org/W2165201038,2,2,1,DZ,0
https://openalex.org/W2165221700,3,3,1,US,0
https://openalex.org/W2165272410,3,3,1,HK,0
https://openalex.org/W2165278031,5,5,1,DE,0
https://openalex.org/W2165293072,2,4,1,CN,0
https://openalex.org/W2165316101,9,9,1,CN,0
https://openalex.org/W2165333905,3,3,1,RU,0
https://openalex.org/W2165337142,1,1,0,,0
https://openalex.org/W2165460200,9,9,1,KR,0
https://openalex.org/W2165477693,7,7,1,GB,0
https://openalex.org/W2165495263,5,5,1,DE,0
https://openalex.org/W2165513594,8,56,1,US,0
https://openalex.org/W2165607520,2,2,1,JP,0
https://openalex.org/W2165665966,5,5,1,DE,0
https://openalex.org/W2165672376,2,2,2,"AU,DE",1
https://openalex.org/W2165683854,2,2,1,ES,0
https://openalex.org/W2165723399,8,9,2,"BR,US",1
https://openalex.org/W2165751916,8,8,1,US,0
https://openalex.org/W2165871719,5,5,1,KR,0
https://openalex.org/W2165904924,3,3,3,"IT,RU,US",1
https://openalex.org/W2166000597,2,2,1,GB,0
https://openalex.org/W2166001216,4,4,1,IN,0
https://openalex.org/W2166005022,4,4,2,"JP,US",1
https://openalex.org/W2166014071,6,6,1,FR,0
https://openalex.org/W2166029976,2,2,1,US,0
https://openalex.org/W2166057711,10,10,2,"DE,US",1
https://openalex.org/W2166186512,5,5,2,"CN,US",1
https://openalex.org/W2166222720,3,4,1,DE,0
https://openalex.org/W2166236022,3,3,1,TW,0
https://openalex.org/W2166307813,326,346,18,"BE,CA,DE,ES,GB,GR,IL,IN,IT,JP,KR,KZ,MY,NL,PL,RU,UA,US",1
https://openalex.org/W2166368755,1,1,0,,0
https://openalex.org/W2166401821,5,7,1,BR,0
https://openalex.org/W2166451914,1,2,0,,0
https://openalex.org/W2166452657,2,2,1,JP,0
https://openalex.org/W2166540597,2,2,1,BD,0
https://openalex.org/W2166550792,7,9,2,"CZ,PL",1
https://openalex.org/W2166564037,2,2,1,US,0
https://openalex.org/W2166566996,5,5,2,"DK,NO",1
https://openalex.org/W2166599603,2,2,1,CN,0
https://openalex.org/W2166653158,19,19,0,,0
https://openalex.org/W2166707439,2,2,1,JP,0
https://openalex.org/W2166717423,4,4,1,DZ,0
https://openalex.org/W2166721839,4,4,2,"JP,TW",1
https://openalex.org/W2166748092,7,10,2,"AU,KR",1
https://openalex.org/W2166775424,4,4,1,CN,0
https://openalex.org/W2166877017,9,9,1,JP,0
https://openalex.org/W2166928119,2,2,1,JP,0
https://openalex.org/W2166973641,1,1,0,,0
https://openalex.org/W2167023163,3,3,1,BE,0
https://openalex.org/W2167052594,8,8,2,"NO,US",1
https://openalex.org/W2167077800,5,5,1,CN,0
https://openalex.org/W2167087193,4,5,1,CA,0
https://openalex.org/W2167110111,11,11,3,"ES,GB,US",1
https://openalex.org/W2167146058,2,2,1,JP,0
https://openalex.org/W2167178305,6,6,1,US,0
https://openalex.org/W2167212912,4,9,2,"SG,US",1
https://openalex.org/W2167252695,1,1,0,,0
https://openalex.org/W2167298350,4,4,1,CZ,0
https://openalex.org/W2167326434,4,6,1,US,0
https://openalex.org/W2167345286,4,4,2,"MX,US",1
https://openalex.org/W2167386364,3,3,3,"FR,GE,US",1
https://openalex.org/W2167389078,5,5,1,CN,0
https://openalex.org/W2167401124,4,4,1,IT,0
https://openalex.org/W2167418053,2,2,1,IN,0
https://openalex.org/W2167481674,4,5,1,US,0
https://openalex.org/W2167496383,9,15,2,"FR,IT",1
https://openalex.org/W2167504808,5,5,1,CN,0
https://openalex.org/W2167663727,3,3,1,CA,0
https://openalex.org/W2167725315,9,9,0,,0
https://openalex.org/W2167782826,14,14,1,US,0
https://openalex.org/W2167835651,2,2,1,DZ,0
https://openalex.org/W2167856209,4,4,1,JP,0
https://openalex.org/W2167867915,9,36,2,"DE,US",1
https://openalex.org/W2168048013,4,4,1,KR,0
https://openalex.org/W2168071694,3,3,0,,0
https://openalex.org/W2168091584,3,4,1,US,0
https://openalex.org/W2168170069,1,2,0,,0
https://openalex.org/W2168191924,7,14,1,CN,0
https://openalex.org/W2168223220,3,3,1,NL,0
https://openalex.org/W2168294108,3,3,1,CA,0
https://openalex.org/W2168399469,6,7,1,TR,0
https://openalex.org/W2168460696,5,5,1,US,0
https://openalex.org/W2168518747,5,9,1,DE,0
https://openalex.org/W2168560371,4,4,1,TW,0
https://openalex.org/W2168562463,4,4,2,"CA,US",1
https://openalex.org/W2168611394,2,2,1,KR,0
https://openalex.org/W2168630414,5,5,2,"NL,SE",1
https://openalex.org/W2168633201,5,5,0,,0
https://openalex.org/W2168794541,7,10,2,"GB,IE",1
https://openalex.org/W2168807905,18,18,3,"CN,RU,US",1
https://openalex.org/W2168808734,3,5,1,US,0
https://openalex.org/W2168809952,4,4,1,US,0
https://openalex.org/W2168840606,5,5,1,US,0
https://openalex.org/W2168847361,4,4,1,FI,0
https://openalex.org/W2168856782,1,1,0,,0
https://openalex.org/W2168859305,18,33,2,"FR,IT",1
https://openalex.org/W2168859587,2,2,1,CA,0
https://openalex.org/W2168925398,4,4,2,"DE,US",1
https://openalex.org/W2168928836,1,1,0,,0
https://openalex.org/W2168956578,5,5,1,JP,0
https://openalex.org/W2168974644,5,6,2,"DE,NO",1
https://openalex.org/W2168979442,18,36,1,FR,0
https://openalex.org/W2169033934,3,3,1,CA,0
https://openalex.org/W2169042043,5,5,1,IT,0
https://openalex.org/W2169062903,3,3,1,IN,0
https://openalex.org/W2169091958,1,1,0,,0
https://openalex.org/W2169118340,2,2,1,GB,0
https://openalex.org/W2169178048,4,4,1,US,0
https://openalex.org/W2169277608,1,1,0,,0
https://openalex.org/W2169287347,5,9,2,"CN,US",1
https://openalex.org/W2169312769,4,4,1,JP,0
https://openalex.org/W2169355023,3,3,1,RU,0
https://openalex.org/W2169409353,10,10,1,US,0
https://openalex.org/W2169550494,4,6,2,"IT,PT",1
https://openalex.org/W2169553174,2,2,1,CZ,0
https://openalex.org/W2169676524,1,1,0,,0
https://openalex.org/W2169684514,2,3,2,"GB,MY",1
https://openalex.org/W2169697358,5,6,2,"GB,US",1
https://openalex.org/W2169725883,4,4,1,GB,0
https://openalex.org/W2169751930,3,3,1,NL,0
https://openalex.org/W2169763913,3,3,1,DE,0
https://openalex.org/W2169764990,4,4,1,CA,0
https://openalex.org/W2169891898,4,4,2,"IT,NL",1
https://openalex.org/W2169898319,4,4,1,JP,0
https://openalex.org/W2170013638,2,2,0,,0
https://openalex.org/W2170020240,5,5,1,US,0
https://openalex.org/W2170052854,4,4,1,RU,0
https://openalex.org/W2170061751,2,4,2,"IE,US",1
https://openalex.org/W2170081908,4,4,2,"JP,TH",1
https://openalex.org/W2170109988,9,9,0,,0
https://openalex.org/W2170216350,4,4,1,PL,0
https://openalex.org/W2170223642,5,5,1,FR,0
https://openalex.org/W2170262938,5,10,2,"AU,US",1
https://openalex.org/W2170321766,2,2,1,KR,0
https://openalex.org/W2170352018,2,2,1,US,0
https://openalex.org/W2170384907,2,3,2,"KR,US",1
https://openalex.org/W2170480993,7,7,2,"CN,US",1
https://openalex.org/W2170575076,7,7,1,FR,0
https://openalex.org/W2170578312,7,9,2,"CZ,SK",1
https://openalex.org/W2170627422,7,14,1,IN,0
https://openalex.org/W2170682736,1,2,0,,0
https://openalex.org/W2170706470,2,2,0,,0
https://openalex.org/W2170727948,11,11,1,JP,0
https://openalex.org/W2170794096,5,10,1,CN,0
https://openalex.org/W2170837412,2,2,1,RU,0
https://openalex.org/W2170846400,6,6,2,"JP,US",1
https://openalex.org/W2170858312,1,1,0,,0
https://openalex.org/W2170931107,3,3,1,IR,0
https://openalex.org/W2171037490,5,5,0,,0
https://openalex.org/W2171043287,3,3,1,TW,0
https://openalex.org/W2171055661,5,6,1,TW,0
https://openalex.org/W2171106362,5,5,1,US,0
https://openalex.org/W2171116808,4,4,1,BR,0
https://openalex.org/W2171137177,4,4,1,IN,0
https://openalex.org/W2171214533,5,5,1,ES,0
https://openalex.org/W2171278539,2,2,1,PL,0
https://openalex.org/W2171302652,2,2,1,JP,0
https://openalex.org/W2171361968,4,5,1,CN,0
https://openalex.org/W2171376220,7,7,1,US,0
https://openalex.org/W2171409597,4,4,1,TW,0
https://openalex.org/W2171498049,2,3,1,CA,0
https://openalex.org/W2171519583,4,4,2,"KR,US",1
https://openalex.org/W2171580538,2,2,1,GB,0
https://openalex.org/W2171606660,3,3,3,"JP,KR,SG",1
https://openalex.org/W2171652487,4,4,1,TW,0
https://openalex.org/W2171725967,5,5,1,ZA,0
https://openalex.org/W2171770560,7,7,1,KR,0
https://openalex.org/W2171828751,4,5,1,BR,0
https://openalex.org/W2171895284,7,7,1,KR,0
https://openalex.org/W2171911746,2,2,1,CN,0
https://openalex.org/W2171913109,2,2,1,IN,0
https://openalex.org/W2171936259,3,3,1,CN,0
https://openalex.org/W2171958450,2,2,1,JP,0
https://openalex.org/W2172024023,3,3,1,CN,0
https://openalex.org/W2172032689,8,8,1,IT,0
https://openalex.org/W2172041045,4,4,1,US,0
https://openalex.org/W2172095840,9,9,1,JP,0
https://openalex.org/W2172105101,1,1,0,,0
https://openalex.org/W2172150048,3,3,0,,0
https://openalex.org/W2172181090,2,2,1,CN,0
https://openalex.org/W2173263651,2,2,0,,0
https://openalex.org/W2176203128,4,4,0,,0
https://openalex.org/W2176595629,5,5,0,,0
https://openalex.org/W2176705293,8,8,1,SE,0
https://openalex.org/W2177043276,3,3,2,"GB,US",1
https://openalex.org/W2177638380,2,2,0,,0
https://openalex.org/W2177715174,7,7,2,"JP,US",1
https://openalex.org/W2180603328,7,10,2,"DE,RU",1
https://openalex.org/W2182133946,3,3,0,,0
https://openalex.org/W2184186226,4,4,0,,0
https://openalex.org/W2186089098,4,4,1,US,0
https://openalex.org/W2188193613,4,4,0,,0
https://openalex.org/W2200984664,4,4,1,HK,0
https://openalex.org/W2205715059,3,6,1,FR,0
https://openalex.org/W2206544443,2,2,1,US,0
https://openalex.org/W2207463939,13,13,0,,0
https://openalex.org/W2208373281,4,4,1,TW,0
https://openalex.org/W2213818730,5,5,0,,0
https://openalex.org/W2215816634,2,2,1,CN,0
https://openalex.org/W2221932405,2,2,1,IR,0
https://openalex.org/W2223637837,5,5,1,CH,0
https://openalex.org/W2223662164,2,2,1,YE,0
https://openalex.org/W2224127550,4,4,2,"CH,CZ",1
https://openalex.org/W2225178000,5,5,1,JP,0
https://openalex.org/W2225241631,4,4,2,"AU,BE",1
https://openalex.org/W2225544771,2,2,1,IR,0
https://openalex.org/W2226519586,16,21,4,"ES,FR,IT,SE",1
https://openalex.org/W2228781910,7,7,2,"CN,FR",1
https://openalex.org/W2230613922,7,7,1,IN,0
https://openalex.org/W2231086635,7,8,1,ES,0
https://openalex.org/W2236008526,5,5,1,IN,0
https://openalex.org/W2242928097,3,3,1,HK,0
https://openalex.org/W2243685606,3,3,1,IR,0
https://openalex.org/W2247724164,1,1,0,,0
https://openalex.org/W2249031103,4,8,1,FR,0
https://openalex.org/W2254698166,2,2,0,,0
https://openalex.org/W2256112883,7,7,1,CN,0
https://openalex.org/W225731453,4,4,0,,0
https://openalex.org/W2260720532,2,4,1,US,0
https://openalex.org/W2261365009,10,10,1,US,0
https://openalex.org/W2264585159,6,6,0,,0
https://openalex.org/W2265991327,4,4,1,IR,0
https://openalex.org/W2273019262,2,5,1,CN,0
https://openalex.org/W2273416542,3,3,0,,0
https://openalex.org/W2273522490,3,3,1,IR,0
https://openalex.org/W2273690151,5,5,2,"IT,SK",1
https://openalex.org/W2278057464,4,4,0,,0
https://openalex.org/W2283934359,7,8,1,US,0
https://openalex.org/W2284731106,4,6,1,NL,0
https://openalex.org/W2286263528,20,20,2,"RO,RU",1
https://openalex.org/W2286550214,5,5,1,CN,0
https://openalex.org/W2297392251,2,2,1,IR,0
https://openalex.org/W2299150640,2,2,2,"IR,RO",1
https://openalex.org/W2300394537,3,3,1,US,0
https://openalex.org/W2303298029,1,1,0,,0
https://openalex.org/W2304245922,13,13,1,US,0
https://openalex.org/W2306187055,3,3,1,IR,0
https://openalex.org/W2311404117,5,5,3,"FR,SE,US",1
https://openalex.org/W2312292818,5,5,1,JP,0
https://openalex.org/W2312780292,3,3,0,,0
https://openalex.org/W2313384906,10,12,3,"CA,JP,US",1
https://openalex.org/W2315073229,5,5,1,DE,0
https://openalex.org/W2315120134,4,4,1,GB,0
https://openalex.org/W2315726808,3,3,0,,0
https://openalex.org/W2317690357,8,14,1,RU,0
https://openalex.org/W2317861645,1,1,0,,0
https://openalex.org/W2318169958,3,3,0,,0
https://openalex.org/W2318371750,2,2,1,CN,0
https://openalex.org/W2319509105,2,2,0,,0
https://openalex.org/W2320339203,3,3,0,,0
https://openalex.org/W2320390002,3,3,0,,0
https://openalex.org/W2320792429,4,4,1,CN,0
https://openalex.org/W2322913379,4,4,1,TR,0
https://openalex.org/W2326080858,7,7,2,"JP,UA",1
https://openalex.org/W2327175626,4,7,1,UA,0
https://openalex.org/W2327256493,4,4,0,,0
https://openalex.org/W2328009061,2,2,0,,0
https://openalex.org/W2332622562,39,118,1,JP,0
https://openalex.org/W2332754802,6,7,3,"CA,IT,SN",1
https://openalex.org/W2333445837,9,10,1,JP,0
https://openalex.org/W2333965539,5,5,0,,0
https://openalex.org/W2335226919,3,3,1,US,0
https://openalex.org/W2339383918,3,3,1,CN,0
https://openalex.org/W2348062829,1,1,0,,0
https://openalex.org/W2350947217,6,6,1,CN,0
https://openalex.org/W2351331751,7,7,1,CN,0
https://openalex.org/W2353015348,1,1,0,,0
https://openalex.org/W2355010352,6,6,1,CN,0
https://openalex.org/W2355641389,3,3,1,CN,0
https://openalex.org/W2356222056,4,4,1,CN,0
https://openalex.org/W2359102778,6,6,1,CN,0
https://openalex.org/W2366048890,5,5,1,CN,0
https://openalex.org/W2377858705,4,4,1,CN,0
https://openalex.org/W2394675867,5,10,1,CN,0
https://openalex.org/W24008763,1,1,0,,0
https://openalex.org/W2416568968,1,1,0,,0
https://openalex.org/W2433919680,2,2,1,AZ,0
https://openalex.org/W2434413685,3,3,2,"CA,KR",1
https://openalex.org/W2436219792,5,15,1,CN,0
https://openalex.org/W2460394984,7,7,1,RU,0
https://openalex.org/W2462225484,2,5,1,RU,0
https://openalex.org/W2463002707,2,2,1,US,0
https://openalex.org/W2463075497,4,4,3,"DE,JP,TR",1
https://openalex.org/W2463595955,2,2,1,US,0
https://openalex.org/W2464048707,4,4,1,RU,0
https://openalex.org/W2465193750,7,7,1,FR,0
https://openalex.org/W2467426139,4,8,1,UA,0
https://openalex.org/W2467938886,6,6,1,JP,0
https://openalex.org/W2468936194,3,3,1,IR,0
https://openalex.org/W2470127363,7,8,2,"FR,RU",1
https://openalex.org/W2473332758,5,5,1,TW,0
https://openalex.org/W2473512003,4,4,1,CL,0
https://openalex.org/W2474441208,7,7,1,IN,0
https://openalex.org/W2476498818,15,15,0,,0
https://openalex.org/W2483260866,4,4,1,US,0
https://openalex.org/W2488529726,4,4,1,IN,0
https://openalex.org/W2489289313,5,5,1,RU,0
https://openalex.org/W2491816604,10,10,2,"RU,US",1
https://openalex.org/W2511712984,3,3,1,JP,0
https://openalex.org/W2514537791,2,2,1,US,0
https://openalex.org/W2518437617,3,3,1,BR,0
https://openalex.org/W2523170872,4,4,1,JP,0
https://openalex.org/W2537761169,5,5,1,JP,0
https://openalex.org/W25382978,5,5,0,,0
https://openalex.org/W2543916461,2,2,1,IN,0
https://openalex.org/W256362093,12,12,1,US,0
https://openalex.org/W2565294506,3,3,1,RU,0
https://openalex.org/W2571084440,6,6,1,JP,0
https://openalex.org/W2572124110,2,2,1,DE,0
https://openalex.org/W2606758331,2,2,1,JP,0
https://openalex.org/W2609299238,3,3,1,JP,0
https://openalex.org/W2614286053,19,38,1,US,0
https://openalex.org/W261929246,2,2,2,"PL,US",1
https://openalex.org/W2622415565,3,3,1,JP,0
https://openalex.org/W2624729146,4,4,1,IT,0
https://openalex.org/W2625444524,28,73,1,FR,0
https://openalex.org/W2625783829,11,13,1,JP,0
https://openalex.org/W267564839,7,7,1,PL,0
https://openalex.org/W271981868,6,6,1,IN,0
https://openalex.org/W2731491186,2,2,1,US,0
https://openalex.org/W2732168526,3,3,0,,0
https://openalex.org/W2739909465,4,4,1,TH,0
https://openalex.org/W2750082807,6,7,1,CN,0
https://openalex.org/W2773810700,7,12,1,RU,0
https://openalex.org/W2804777916,3,3,1,JP,0
https://openalex.org/W281242405,3,3,1,BE,0
https://openalex.org/W2950540487,1,1,0,,0
https://openalex.org/W2952865645,1,1,0,,0
https://openalex.org/W2963210773,2,2,1,DE,0
https://openalex.org/W2963294045,4,4,1,US,0
https://openalex.org/W2963581051,1,1,0,,0
https://openalex.org/W2963901417,5,5,1,JP,0
https://openalex.org/W2963905927,2,4,1,FR,0
https://openalex.org/W2964069246,5,5,3,"DE,FR,GB",1
https://openalex.org/W2964233184,2,3,2,"ES,US",1
https://openalex.org/W2983042670,3,3,1,HR,0
https://openalex.org/W2984508353,4,4,1,BR,0
https://openalex.org/W2985346138,3,5,1,PT,0
https://openalex.org/W2985346616,2,3,1,US,0
https://openalex.org/W2985679826,3,3,1,CN,0
https://openalex.org/W2985832853,3,3,2,"TR,US",1
https://openalex.org/W2986661939,3,3,1,HR,0
https://openalex.org/W2986972359,3,3,1,BR,0
https://openalex.org/W2987113785,3,3,1,IT,0
https://openalex.org/W2988257314,1,1,0,,0
https://openalex.org/W2990711181,3,3,1,CN,0
https://openalex.org/W2994126136,2,2,0,,0
https://openalex.org/W2999688786,11,11,1,DE,0
https://openalex.org/W3000656940,2,2,0,,0
https://openalex.org/W3003193740,2,2,1,KR,0
https://openalex.org/W3004457402,6,6,1,CN,0
https://openalex.org/W3009653135,7,7,0,,0
https://openalex.org/W3011287754,5,5,0,,0
https://openalex.org/W3022109938,14,14,4,"CA,GB,JP,RU",1
https://openalex.org/W3022540027,4,4,2,"ES,RU",1
https://openalex.org/W3022639435,9,12,1,CN,0
https://openalex.org/W3023439363,3,3,0,,0
https://openalex.org/W3029957406,4,4,1,CN,0
https://openalex.org/W3038049795,2,2,1,GB,0
https://openalex.org/W306583806,4,4,0,,0
https://openalex.org/W3084491034,9,9,1,JP,0
https://openalex.org/W3094529508,1,1,0,,0
https://openalex.org/W3097344664,1,1,0,,0
https://openalex.org/W3098211366,2,2,1,JP,0
https://openalex.org/W3098241586,9,9,1,DE,0
https://openalex.org/W3098449817,1,1,0,,0
https://openalex.org/W3098483518,3,4,3,"AU,PL,US",1
https://openalex.org/W3098506063,3,4,1,CN,0
https://openalex.org/W3098675730,7,14,4,"ES,FR,RO,SK",1
https://openalex.org/W3099189608,3,3,1,CA,0
https://openalex.org/W3099427684,8,8,2,"GB,US",1
https://openalex.org/W3099497495,11,14,4,"DE,ES,NO,RU",1
https://openalex.org/W3099507805,4,4,1,NO,0
https://openalex.org/W3099562375,7,18,4,"BE,CH,NL,PT",1
https://openalex.org/W3099589862,3,3,1,US,0
https://openalex.org/W3099606932,4,4,1,JP,0
https://openalex.org/W3100218358,4,4,1,US,0
https://openalex.org/W3100825213,1,1,0,,0
https://openalex.org/W3101334041,2,2,1,SE,0
https://openalex.org/W3101446105,8,8,2,"RS,RU",1
https://openalex.org/W3101597492,1,1,0,,0
https://openalex.org/W3101711657,3,4,1,CN,0
https://openalex.org/W3101726141,7,7,1,CA,0
https://openalex.org/W3101958321,4,6,3,"FR,GR,NL",1
https://openalex.org/W3102176764,12,12,3,"FR,IT,US",1
https://openalex.org/W3102603521,3,3,1,US,0
https://openalex.org/W3102741277,3,3,1,IT,0
https://openalex.org/W3102785608,2,2,1,US,0
https://openalex.org/W3103208946,2,2,1,US,0
https://openalex.org/W3103218562,2,3,2,"DZ,FR",1
https://openalex.org/W3103265536,8,12,5,"CL,FI,MX,RS,RU",1
https://openalex.org/W3103576267,1,1,0,,0
https://openalex.org/W3103627342,6,8,3,"AU,ES,RU",1
https://openalex.org/W3103635592,5,5,0,,0
https://openalex.org/W3103725700,8,8,1,GB,0
https://openalex.org/W3103771291,5,9,2,"AR,PL",1
https://openalex.org/W3104573724,8,16,4,"AT,FR,UA,US",1
https://openalex.org/W3104716766,1,1,0,,0
https://openalex.org/W3104727009,2,2,1,DE,0
https://openalex.org/W3105191067,3,3,1,JP,0
https://openalex.org/W3105540610,11,24,2,"JP,US",1
https://openalex.org/W3105913772,6,7,3,"CH,DE,US",1
https://openalex.org/W3106226396,6,15,2,"ES,FR",1
https://openalex.org/W3106399248,3,3,1,JP,0
https://openalex.org/W3106474655,3,5,2,"TW,US",1
https://openalex.org/W3121744826,4,4,2,"AU,SE",1
https://openalex.org/W3122375368,2,2,0,,0
https://openalex.org/W3123067016,8,12,2,"DE,IL",1
https://openalex.org/W3123690409,1,2,0,,0
https://openalex.org/W3123855633,20,20,4,"CN,DE,RU,US",1
https://openalex.org/W3124033765,7,14,1,US,0
https://openalex.org/W3124107056,4,4,2,"ES,GB",1
https://openalex.org/W3125625660,7,13,2,"FR,RU",1
https://openalex.org/W3132953465,2,2,1,NL,0
https://openalex.org/W3183110793,2,6,3,"FR,RU,US",1
https://openalex.org/W332068852,3,6,1,FR,0
https://openalex.org/W333680633,2,2,0,,0
https://openalex.org/W33456720,3,3,1,JP,0
https://openalex.org/W346060129,1,1,0,,0
https://openalex.org/W37258847,3,3,1,CA,0
https://openalex.org/W39435971,5,5,2,"CH,US",1
https://openalex.org/W407613457,2,2,1,JP,0
https://openalex.org/W4205182410,43,61,6,"BE,DE,FR,GB,RU,US",1
https://openalex.org/W4229959739,1,1,0,,0
https://openalex.org/W4230941535,2,3,1,SK,0
https://openalex.org/W4231187192,2,2,1,US,0
https://openalex.org/W4232351765,4,4,1,US,0
https://openalex.org/W4233297469,3,3,1,CA,0
https://openalex.org/W4234129302,4,4,1,IT,0
https://openalex.org/W4234769389,2,8,1,US,0
https://openalex.org/W4237798696,3,3,1,KR,0
https://openalex.org/W4237914653,1,1,0,,0
https://openalex.org/W4238624118,4,4,1,SG,0
https://openalex.org/W4239185151,6,6,1,JP,0
https://openalex.org/W4239614037,6,6,1,KR,0
https://openalex.org/W4240154439,3,6,1,PL,0
https://openalex.org/W4240729717,3,3,1,US,0
https://openalex.org/W4240777122,4,4,2,"MY,US",1
https://openalex.org/W4241506217,3,3,1,US,0
https://openalex.org/W4241616417,3,3,1,JP,0
https://openalex.org/W4242487218,2,2,1,GR,0
https://openalex.org/W4243962428,1,1,0,,0
https://openalex.org/W4245620572,3,3,1,GB,0
https://openalex.org/W4245641872,2,2,1,TR,0
https://openalex.org/W4245983997,1,1,0,,0
https://openalex.org/W4245990202,3,3,1,CN,0
https://openalex.org/W4246126534,3,3,2,"EE,FI",1
https://openalex.org/W4246325652,2,2,0,,0
https://openalex.org/W4247988504,2,2,1,CH,0
https://openalex.org/W4250006366,2,2,0,,0
https://openalex.org/W4250575444,3,3,1,US,0
https://openalex.org/W4250921397,4,4,0,,0
https://openalex.org/W4250954628,2,2,0,,0
https://openalex.org/W4251196115,1,1,0,,0
https://openalex.org/W4252277450,5,5,1,US,0
https://openalex.org/W4252537810,7,7,1,JP,0
https://openalex.org/W4254228629,4,4,1,DE,0
https://openalex.org/W4254521898,4,4,1,JP,0
https://openalex.org/W4254593309,3,8,2,"CN,FR",1
https://openalex.org/W4298277770,7,7,1,FR,0
https://openalex.org/W4300109962,7,7,1,FR,0
https://openalex.org/W4300161883,2,2,1,DE,0
https://openalex.org/W4300193050,6,9,1,FR,0
https://openalex.org/W4300286897,5,5,1,FR,0
https://openalex.org/W4300636318,2,2,1,CH,0
https://openalex.org/W4300996940,5,21,1,FR,0
https://openalex.org/W4301522067,4,4,0,,0
https://openalex.org/W4301893846,5,20,1,FR,0
https://openalex.org/W4376849494,4,5,4,"AU,DE,JP,US",1
https://openalex.org/W49014043,15,15,1,JP,0
https://openalex.org/W51432927,6,7,1,KR,0
https://openalex.org/W5180611,6,6,1,PL,0
https://openalex.org/W571369999,4,4,1,US,0
https://openalex.org/W58114142,5,10,1,FR,0
https://openalex.org/W60847893,9,9,2,"DE,RU",1
https://openalex.org/W63842145,2,3,2,"IT,MX",1
https://openalex.org/W752518055,8,8,2,"DE,RU",1
https://openalex.org/W768040246,2,2,1,PL,0
https://openalex.org/W795441156,3,3,1,RS,0
https://openalex.org/W812482298,3,3,1,PL,0
https://openalex.org/W815701220,6,6,1,IN,0
https://openalex.org/W819564326,6,6,1,PL,0
https://openalex.org/W822665575,2,2,1,PL,0
https://openalex.org/W836555410,4,7,1,PL,0
https://openalex.org/W857219788,3,3,1,KR,0
https://openalex.org/W86228630,5,5,2,"IT,PL",1
https://openalex.org/W86413225,7,7,1,TW,0
https://openalex.org/W874474336,1,1,0,,0
https://openalex.org/W892217253,2,2,1,PL,0
https://openalex.org/W899063451,6,6,2,"CA,PL",1
https://openalex.org/W918310599,5,5,1,JP,0
https://openalex.org/W92056692,7,7,2,"UA,US",1
https://openalex.org/W921400893,4,4,1,PL,0
https://openalex.org/W92321048,2,2,1,JP,0
https://openalex.org/W937024499,3,4,1,SK,0
https://openalex.org/W94594660,6,6,1,IN,0
https://openalex.org/W950035881,3,3,1,TR,0
https://openalex.org/W982768434,6,6,1,PL,0
